time,open,high,low,close,volume,open_oi,close_oi
2025-09-12 21:00:00,1309.0,1335.0,1309.0,1332.0,114.0,250.0,108.0
2025-09-12 22:00:00,1332.0,1336.0,1325.0,1327.0,78.0,108.0,155.0
2025-09-15 09:00:00,1327.0,1342.0,1322.0,1342.0,163.0,155.0,247.0
2025-09-15 10:00:00,1342.0,1343.0,1337.0,1343.0,81.0,247.0,318.0
2025-09-15 11:00:00,1343.0,1357.0,1343.0,1353.0,127.0,318.0,394.0
2025-09-15 13:00:00,1353.0,1358.0,1349.0,1357.0,161.0,394.0,529.0
2025-09-15 14:00:00,1357.0,1357.0,1350.0,1354.0,64.0,529.0,566.0
2025-09-15 21:00:00,1351.0,1387.0,1351.0,1385.0,754.0,566.0,975.0
2025-09-15 22:00:00,1385.0,1393.0,1383.0,1392.0,245.0,975.0,1015.0
2025-09-16 09:00:00,1392.0,1392.0,1378.0,1378.0,112.0,1015.0,1027.0
2025-09-16 10:00:00,1378.0,1382.0,1375.0,1375.0,85.0,1027.0,1035.0
2025-09-16 11:00:00,1375.0,1380.0,1375.0,1380.0,38.0,1035.0,1046.0
2025-09-16 13:00:00,1380.0,1386.0,1376.0,1385.0,62.0,1046.0,1086.0
2025-09-16 14:00:00,1385.0,1391.0,1383.0,1390.0,233.0,1086.0,1228.0
2025-09-16 21:00:00,1383.0,1395.0,1382.0,1390.0,380.0,1228.0,1506.0
2025-09-16 22:00:00,1390.0,1393.0,1389.0,1392.0,69.0,1506.0,1548.0
2025-09-17 09:00:00,1392.0,1393.0,1384.0,1388.0,201.0,1548.0,1563.0
2025-09-17 10:00:00,1388.0,1394.0,1386.0,1393.0,150.0,1563.0,1608.0
2025-09-17 11:00:00,1393.0,1400.0,1392.0,1397.0,125.0,1608.0,1673.0
2025-09-17 13:00:00,1398.0,1400.0,1393.0,1398.0,116.0,1673.0,1755.0
2025-09-17 14:00:00,1398.0,1398.0,1386.0,1393.0,222.0,1755.0,1833.0
2025-09-17 21:00:00,1394.0,1398.0,1390.0,1394.0,232.0,1833.0,1942.0
2025-09-17 22:00:00,1394.0,1398.0,1394.0,1397.0,89.0,1942.0,1975.0
2025-09-18 09:00:00,1397.0,1397.0,1382.0,1392.0,463.0,1975.0,2147.0
2025-09-18 10:00:00,1392.0,1395.0,1391.0,1393.0,136.0,2147.0,2243.0
2025-09-18 11:00:00,1393.0,1394.0,1386.0,1389.0,117.0,2243.0,2247.0
2025-09-18 13:00:00,1389.0,1393.0,1386.0,1387.0,76.0,2247.0,2259.0
2025-09-18 14:00:00,1387.0,1391.0,1384.0,1387.0,266.0,2259.0,2258.0
2025-09-18 21:00:00,1387.0,1394.0,1386.0,1394.0,541.0,2258.0,2444.0
2025-09-18 22:00:00,1394.0,1396.0,1390.0,1393.0,118.0,2444.0,2511.0
2025-09-19 09:00:00,1393.0,1400.0,1391.0,1399.0,270.0,2511.0,2641.0
2025-09-19 10:00:00,1399.0,1404.0,1394.0,1399.0,200.0,2641.0,2728.0
2025-09-19 11:00:00,1399.0,1402.0,1399.0,1400.0,33.0,2728.0,2734.0
2025-09-19 13:00:00,1400.0,1400.0,1394.0,1398.0,134.0,2734.0,2704.0
2025-09-19 14:00:00,1398.0,1407.0,1396.0,1405.0,361.0,2704.0,2866.0
2025-09-19 21:00:00,1405.0,1417.0,1405.0,1410.0,412.0,2866.0,3116.0
2025-09-19 22:00:00,1410.0,1413.0,1409.0,1412.0,244.0,3116.0,3234.0
2025-09-22 09:00:00,1412.0,1415.0,1405.0,1411.0,386.0,3234.0,3358.0
2025-09-22 10:00:00,1411.0,1412.0,1402.0,1405.0,190.0,3358.0,3346.0
2025-09-22 11:00:00,1405.0,1405.0,1392.0,1394.0,190.0,3346.0,3257.0
2025-09-22 13:00:00,1395.0,1401.0,1390.0,1397.0,120.0,3257.0,3232.0
2025-09-22 14:00:00,1397.0,1402.0,1390.0,1398.0,486.0,3232.0,3409.0
2025-09-22 21:00:00,1399.0,1399.0,1384.0,1385.0,629.0,3409.0,3431.0
2025-09-22 22:00:00,1385.0,1391.0,1382.0,1389.0,275.0,3431.0,3424.0
2025-09-23 09:00:00,1389.0,1393.0,1386.0,1388.0,226.0,3424.0,3513.0
2025-09-23 10:00:00,1388.0,1393.0,1383.0,1391.0,253.0,3513.0,3583.0
2025-09-23 11:00:00,1391.0,1392.0,1384.0,1386.0,135.0,3583.0,3565.0
2025-09-23 13:00:00,1386.0,1388.0,1382.0,1387.0,201.0,3565.0,3589.0
2025-09-23 14:00:00,1387.0,1393.0,1384.0,1389.0,325.0,3589.0,3723.0
2025-09-23 21:00:00,1390.0,1395.0,1388.0,1395.0,652.0,3723.0,4150.0
2025-09-23 22:00:00,1395.0,1395.0,1392.0,1393.0,91.0,4150.0,4116.0
2025-09-24 09:00:00,1393.0,1404.0,1389.0,1397.0,615.0,4116.0,4404.0
2025-09-24 10:00:00,1397.0,1403.0,1395.0,1401.0,97.0,4404.0,4451.0
2025-09-24 11:00:00,1401.0,1402.0,1397.0,1399.0,99.0,4451.0,4457.0
2025-09-24 13:00:00,1400.0,1429.0,1400.0,1422.0,1602.0,4457.0,5254.0
2025-09-24 14:00:00,1422.0,1440.0,1419.0,1424.0,1132.0,5254.0,5649.0
2025-09-24 21:00:00,1426.0,1442.0,1426.0,1432.0,821.0,5649.0,6049.0
2025-09-24 22:00:00,1432.0,1432.0,1427.0,1428.0,176.0,6049.0,5987.0
2025-09-25 09:00:00,1428.0,1434.0,1425.0,1425.0,373.0,5987.0,6069.0
2025-09-25 10:00:00,1425.0,1447.0,1425.0,1443.0,1137.0,6069.0,6740.0
2025-09-25 11:00:00,1443.0,1452.0,1443.0,1451.0,864.0,6740.0,7094.0
2025-09-25 13:00:00,1451.0,1451.0,1440.0,1447.0,392.0,7094.0,7124.0
2025-09-25 14:00:00,1447.0,1451.0,1445.0,1446.0,608.0,7124.0,7345.0
2025-09-25 21:00:00,1450.0,1455.0,1440.0,1445.0,637.0,7345.0,7555.0
2025-09-25 22:00:00,1445.0,1448.0,1443.0,1444.0,186.0,7555.0,7536.0
2025-09-26 09:00:00,1444.0,1445.0,1432.0,1435.0,514.0,7536.0,7373.0
2025-09-26 10:00:00,1435.0,1445.0,1434.0,1445.0,267.0,7373.0,7451.0
2025-09-26 11:00:00,1445.0,1447.0,1442.0,1444.0,158.0,7451.0,7464.0
2025-09-26 13:00:00,1444.0,1447.0,1438.0,1439.0,219.0,7464.0,7511.0
2025-09-26 14:00:00,1439.0,1441.0,1432.0,1436.0,588.0,7511.0,7561.0
2025-09-26 21:00:00,1430.0,1434.0,1413.0,1418.0,764.0,7561.0,7259.0
2025-09-26 22:00:00,1418.0,1421.0,1409.0,1415.0,607.0,7259.0,7136.0
2025-09-29 09:00:00,1415.0,1420.0,1412.0,1420.0,363.0,7136.0,7177.0
2025-09-29 10:00:00,1420.0,1421.0,1414.0,1416.0,93.0,7177.0,7181.0
2025-09-29 11:00:00,1416.0,1423.0,1415.0,1422.0,71.0,7181.0,7206.0
2025-09-29 13:00:00,1422.0,1426.0,1422.0,1422.0,144.0,7206.0,7272.0
2025-09-29 14:00:00,1422.0,1425.0,1417.0,1419.0,101.0,7272.0,7257.0
2025-09-29 21:00:00,1417.0,1425.0,1417.0,1422.0,161.0,7257.0,7256.0
2025-09-29 22:00:00,1422.0,1427.0,1420.0,1420.0,196.0,7256.0,7290.0
2025-09-30 09:00:00,1420.0,1420.0,1409.0,1418.0,254.0,7290.0,7250.0
2025-09-30 10:00:00,1418.0,1419.0,1409.0,1412.0,188.0,7250.0,7280.0
2025-09-30 11:00:00,1412.0,1413.0,1406.0,1409.0,133.0,7280.0,7281.0
2025-09-30 13:00:00,1409.0,1419.0,1409.0,1416.0,154.0,7281.0,7315.0
2025-09-30 14:00:00,1416.0,1416.0,1399.0,1399.0,387.0,7315.0,7349.0
2025-10-09 09:00:00,1401.0,1415.0,1395.0,1410.0,706.0,7349.0,7565.0
2025-10-09 10:00:00,1410.0,1413.0,1400.0,1402.0,162.0,7565.0,7617.0
2025-10-09 11:00:00,1402.0,1404.0,1395.0,1398.0,178.0,7617.0,7619.0
2025-10-09 13:00:00,1396.0,1404.0,1391.0,1398.0,268.0,7619.0,7639.0
2025-10-09 14:00:00,1398.0,1409.0,1398.0,1407.0,382.0,7639.0,7686.0
2025-10-09 21:00:00,1405.0,1431.0,1405.0,1417.0,1599.0,7686.0,8385.0
2025-10-09 22:00:00,1417.0,1423.0,1416.0,1420.0,163.0,8385.0,8405.0
2025-10-10 09:00:00,1420.0,1420.0,1406.0,1408.0,413.0,8405.0,8322.0
2025-10-10 10:00:00,1408.0,1413.0,1406.0,1408.0,222.0,8322.0,8330.0
2025-10-10 11:00:00,1408.0,1408.0,1403.0,1404.0,152.0,8330.0,8284.0
2025-10-10 13:00:00,1404.0,1408.0,1403.0,1408.0,101.0,8284.0,8316.0
2025-10-10 14:00:00,1408.0,1409.0,1401.0,1407.0,196.0,8316.0,8310.0
2025-10-10 21:00:00,1400.0,1400.0,1385.0,1389.0,991.0,8310.0,8195.0
2025-10-10 22:00:00,1389.0,1392.0,1384.0,1391.0,374.0,8195.0,8067.0
2025-10-13 09:00:00,1391.0,1394.0,1376.0,1388.0,520.0,8067.0,8079.0
2025-10-13 10:00:00,1388.0,1396.0,1386.0,1389.0,222.0,8079.0,8089.0
2025-10-13 11:00:00,1389.0,1393.0,1389.0,1390.0,102.0,8089.0,8133.0
2025-10-13 13:00:00,1390.0,1395.0,1390.0,1393.0,70.0,8133.0,8124.0
2025-10-13 14:00:00,1393.0,1400.0,1390.0,1392.0,374.0,8124.0,8190.0
2025-10-13 21:00:00,1391.0,1394.0,1381.0,1385.0,366.0,8190.0,8186.0
2025-10-13 22:00:00,1385.0,1385.0,1365.0,1369.0,758.0,8186.0,8058.0
2025-10-14 09:00:00,1369.0,1371.0,1362.0,1368.0,476.0,8058.0,8082.0
2025-10-14 10:00:00,1368.0,1372.0,1364.0,1365.0,222.0,8082.0,8125.0
2025-10-14 11:00:00,1365.0,1365.0,1354.0,1356.0,762.0,8125.0,8275.0
2025-10-14 13:00:00,1355.0,1360.0,1354.0,1354.0,411.0,8275.0,8330.0
2025-10-14 14:00:00,1354.0,1363.0,1354.0,1359.0,1016.0,8330.0,8934.0
2025-10-14 21:00:00,1363.0,1367.0,1352.0,1359.0,588.0,8934.0,9099.0
2025-10-14 22:00:00,1359.0,1360.0,1351.0,1353.0,283.0,9099.0,9107.0
2025-10-15 09:00:00,1353.0,1359.0,1353.0,1359.0,283.0,9107.0,9078.0
2025-10-15 10:00:00,1359.0,1360.0,1355.0,1356.0,96.0,9078.0,9083.0
2025-10-15 11:00:00,1356.0,1356.0,1349.0,1349.0,290.0,9083.0,9033.0
2025-10-15 13:00:00,1349.0,1358.0,1349.0,1354.0,310.0,9033.0,8996.0
2025-10-15 14:00:00,1354.0,1356.0,1350.0,1351.0,185.0,8996.0,9003.0
2025-10-15 21:00:00,1357.0,1360.0,1348.0,1351.0,343.0,9003.0,9062.0
2025-10-15 22:00:00,1351.0,1352.0,1343.0,1349.0,340.0,9062.0,9073.0
2025-10-16 09:00:00,1349.0,1358.0,1349.0,1355.0,538.0,9073.0,9094.0
2025-10-16 10:00:00,1355.0,1358.0,1354.0,1358.0,199.0,9094.0,9153.0
2025-10-16 11:00:00,1358.0,1358.0,1348.0,1351.0,130.0,9153.0,9113.0
2025-10-16 13:00:00,1351.0,1356.0,1348.0,1355.0,90.0,9113.0,9094.0
2025-10-16 14:00:00,1355.0,1360.0,1353.0,1360.0,306.0,9094.0,9293.0
2025-10-16 21:00:00,1357.0,1358.0,1346.0,1348.0,524.0,9293.0,9133.0
2025-10-16 22:00:00,1348.0,1348.0,1340.0,1346.0,231.0,9133.0,9135.0
2025-10-17 09:00:00,1343.0,1349.0,1342.0,1344.0,235.0,9135.0,9137.0
2025-10-17 10:00:00,1344.0,1344.0,1335.0,1339.0,440.0,9137.0,9045.0
2025-10-17 11:00:00,1339.0,1342.0,1337.0,1339.0,100.0,9045.0,9034.0
2025-10-17 13:00:00,1339.0,1339.0,1329.0,1332.0,378.0,9034.0,9097.0
2025-10-17 14:00:00,1332.0,1332.0,1319.0,1322.0,1114.0,9097.0,8970.0
2025-10-17 21:00:00,1321.0,1343.0,1321.0,1332.0,783.0,8970.0,8957.0
2025-10-17 22:00:00,1332.0,1336.0,1330.0,1332.0,230.0,8957.0,8920.0
2025-10-20 09:00:00,1330.0,1335.0,1326.0,1334.0,571.0,8920.0,8958.0
2025-10-20 10:00:00,1334.0,1338.0,1326.0,1326.0,186.0,8958.0,8970.0
2025-10-20 11:00:00,1326.0,1330.0,1325.0,1326.0,121.0,8970.0,8971.0
2025-10-20 13:00:00,1326.0,1330.0,1320.0,1321.0,344.0,8971.0,9064.0
2025-10-20 14:00:00,1321.0,1324.0,1317.0,1319.0,760.0,9064.0,8713.0
2025-10-20 21:00:00,1316.0,1323.0,1305.0,1309.0,858.0,8713.0,8598.0
2025-10-20 22:00:00,1309.0,1311.0,1305.0,1310.0,257.0,8598.0,8604.0
2025-10-21 09:00:00,1310.0,1318.0,1308.0,1314.0,412.0,8604.0,8668.0
2025-10-21 10:00:00,1314.0,1321.0,1311.0,1321.0,194.0,8668.0,8673.0
2025-10-21 11:00:00,1321.0,1332.0,1321.0,1331.0,484.0,8673.0,8695.0
2025-10-21 13:00:00,1332.0,1332.0,1324.0,1328.0,265.0,8695.0,8636.0
2025-10-21 14:00:00,1328.0,1329.0,1319.0,1322.0,243.0,8636.0,8618.0
2025-10-21 21:00:00,1320.0,1329.0,1314.0,1328.0,578.0,8618.0,8541.0
2025-10-21 22:00:00,1328.0,1329.0,1325.0,1327.0,89.0,8541.0,8517.0
2025-10-22 09:00:00,1327.0,1334.0,1324.0,1331.0,706.0,8517.0,8917.0
2025-10-22 10:00:00,1331.0,1336.0,1330.0,1331.0,382.0,8917.0,9142.0
2025-10-22 11:00:00,1331.0,1337.0,1331.0,1334.0,259.0,9142.0,9280.0
2025-10-22 13:00:00,1334.0,1335.0,1325.0,1329.0,183.0,9280.0,9260.0
2025-10-22 14:00:00,1329.0,1330.0,1326.0,1330.0,131.0,9260.0,9294.0
2025-10-22 21:00:00,1329.0,1336.0,1321.0,1322.0,520.0,9294.0,9243.0
2025-10-22 22:00:00,1322.0,1329.0,1321.0,1329.0,164.0,9243.0,9246.0
2025-10-23 09:00:00,1329.0,1330.0,1327.0,1327.0,128.0,9246.0,9282.0
2025-10-23 10:00:00,1327.0,1334.0,1327.0,1334.0,213.0,9282.0,9304.0
2025-10-23 11:00:00,1334.0,1334.0,1330.0,1333.0,54.0,9304.0,9305.0
2025-10-23 13:00:00,1334.0,1340.0,1331.0,1334.0,291.0,9305.0,9339.0
2025-10-23 14:00:00,1334.0,1347.0,1332.0,1343.0,566.0,9339.0,9469.0
2025-10-23 21:00:00,1348.0,1348.0,1330.0,1331.0,315.0,9469.0,9418.0
2025-10-23 22:00:00,1331.0,1335.0,1330.0,1335.0,167.0,9418.0,9434.0
2025-10-24 09:00:00,1335.0,1336.0,1330.0,1333.0,167.0,9434.0,9467.0
2025-10-24 10:00:00,1333.0,1333.0,1327.0,1331.0,192.0,9467.0,9380.0
2025-10-24 11:00:00,1331.0,1345.0,1330.0,1343.0,503.0,9380.0,9693.0
2025-10-24 13:00:00,1341.0,1344.0,1334.0,1335.0,229.0,9693.0,9742.0
2025-10-24 14:00:00,1335.0,1337.0,1327.0,1327.0,651.0,9742.0,9428.0
2025-10-24 21:00:00,1326.0,1337.0,1318.0,1328.0,802.0,9428.0,9240.0
2025-10-24 22:00:00,1328.0,1332.0,1322.0,1326.0,251.0,9240.0,9234.0
2025-10-27 09:00:00,1326.0,1329.0,1319.0,1319.0,385.0,9234.0,9212.0
2025-10-27 10:00:00,1319.0,1328.0,1319.0,1325.0,192.0,9212.0,9165.0
2025-10-27 11:00:00,1325.0,1332.0,1325.0,1328.0,144.0,9165.0,9220.0
2025-10-27 13:00:00,1328.0,1332.0,1324.0,1326.0,120.0,9220.0,9230.0
2025-10-27 14:00:00,1326.0,1334.0,1326.0,1334.0,201.0,9230.0,9296.0
2025-10-27 21:00:00,1335.0,1343.0,1333.0,1336.0,578.0,9296.0,9453.0
2025-10-27 22:00:00,1336.0,1338.0,1334.0,1337.0,254.0,9453.0,9306.0
2025-10-28 09:00:00,1337.0,1350.0,1335.0,1348.0,1566.0,9306.0,10183.0
2025-10-28 10:00:00,1348.0,1353.0,1336.0,1338.0,640.0,10183.0,10186.0
2025-10-28 11:00:00,1338.0,1349.0,1337.0,1347.0,231.0,10186.0,10293.0
2025-10-28 13:00:00,1346.0,1347.0,1340.0,1344.0,189.0,10293.0,10348.0
2025-10-28 14:00:00,1344.0,1346.0,1340.0,1343.0,332.0,10348.0,10397.0
2025-10-28 21:00:00,1339.0,1359.0,1339.0,1355.0,1213.0,10397.0,10957.0
2025-10-28 22:00:00,1355.0,1359.0,1352.0,1354.0,309.0,10957.0,11029.0
2025-10-29 09:00:00,1354.0,1356.0,1350.0,1352.0,315.0,11029.0,11123.0
2025-10-29 10:00:00,1352.0,1352.0,1345.0,1345.0,214.0,11123.0,11074.0
2025-10-29 11:00:00,1345.0,1350.0,1345.0,1349.0,79.0,11074.0,11050.0
2025-10-29 13:00:00,1349.0,1351.0,1346.0,1348.0,122.0,11050.0,11029.0
2025-10-29 14:00:00,1348.0,1359.0,1348.0,1357.0,664.0,11029.0,11033.0
2025-10-29 21:00:00,1352.0,1354.0,1338.0,1342.0,1727.0,11033.0,10514.0
2025-10-29 22:00:00,1342.0,1350.0,1342.0,1348.0,287.0,10514.0,10498.0
2025-10-30 09:00:00,1348.0,1350.0,1340.0,1341.0,318.0,10498.0,10527.0
2025-10-30 10:00:00,1341.0,1348.0,1340.0,1343.0,283.0,10527.0,10571.0
2025-10-30 11:00:00,1343.0,1346.0,1342.0,1346.0,161.0,10571.0,10569.0
2025-10-30 13:00:00,1342.0,1342.0,1328.0,1332.0,999.0,10569.0,10467.0
2025-10-30 14:00:00,1332.0,1333.0,1320.0,1327.0,754.0,10467.0,10352.0
2025-10-30 21:00:00,1325.0,1380.0,1322.0,1334.0,1777.0,10352.0,9957.0
2025-10-30 22:00:00,1334.0,1340.0,1333.0,1337.0,220.0,9957.0,9912.0
2025-10-31 09:00:00,1337.0,1339.0,1331.0,1334.0,355.0,9912.0,9890.0
2025-10-31 10:00:00,1334.0,1334.0,1322.0,1330.0,519.0,9890.0,9793.0
2025-10-31 11:00:00,1330.0,1332.0,1324.0,1327.0,291.0,9793.0,9835.0
2025-10-31 13:00:00,1327.0,1329.0,1322.0,1329.0,110.0,9835.0,9867.0
2025-10-31 14:00:00,1329.0,1332.0,1324.0,1328.0,1340.0,9867.0,10296.0
2025-10-31 21:00:00,1329.0,1339.0,1325.0,1328.0,1044.0,10296.0,10400.0
2025-10-31 22:00:00,1328.0,1328.0,1321.0,1323.0,449.0,10400.0,10436.0
2025-11-03 09:00:00,1323.0,1358.0,1323.0,1338.0,2128.0,10436.0,10608.0
2025-11-03 10:00:00,1338.0,1340.0,1334.0,1336.0,266.0,10608.0,10593.0
2025-11-03 11:00:00,1336.0,1337.0,1330.0,1333.0,256.0,10593.0,10615.0
2025-11-03 13:00:00,1333.0,1334.0,1325.0,1326.0,421.0,10615.0,10679.0
2025-11-03 14:00:00,1326.0,1331.0,1325.0,1330.0,355.0,10679.0,10654.0
2025-11-03 21:00:00,1328.0,1331.0,1322.0,1325.0,520.0,10654.0,10882.0
2025-11-03 22:00:00,1325.0,1326.0,1322.0,1324.0,142.0,10882.0,10911.0
2025-11-04 09:00:00,1324.0,1337.0,1322.0,1332.0,1616.0,10911.0,11428.0
2025-11-04 10:00:00,1332.0,1335.0,1328.0,1331.0,276.0,11428.0,11406.0
2025-11-04 11:00:00,1331.0,1335.0,1330.0,1330.0,139.0,11406.0,11366.0
2025-11-04 13:00:00,1329.0,1336.0,1327.0,1333.0,263.0,11366.0,11481.0
2025-11-04 14:00:00,1333.0,1333.0,1327.0,1330.0,590.0,11481.0,11659.0
2025-11-04 21:00:00,1336.0,1336.0,1328.0,1335.0,1049.0,11659.0,11891.0
2025-11-04 22:00:00,1335.0,1339.0,1332.0,1336.0,354.0,11891.0,11866.0
2025-11-05 09:00:00,1335.0,1338.0,1323.0,1330.0,810.0,11866.0,11680.0
2025-11-05 10:00:00,1330.0,1330.0,1315.0,1315.0,638.0,11680.0,11511.0
2025-11-05 11:00:00,1315.0,1319.0,1312.0,1315.0,544.0,11511.0,11508.0
2025-11-05 13:00:00,1316.0,1321.0,1316.0,1320.0,317.0,11508.0,11512.0
2025-11-05 14:00:00,1320.0,1322.0,1314.0,1321.0,424.0,11512.0,11493.0
2025-11-05 21:00:00,1324.0,1326.0,1314.0,1319.0,672.0,11493.0,11455.0
2025-11-05 22:00:00,1319.0,1321.0,1317.0,1319.0,76.0,11455.0,11446.0
2025-11-06 09:00:00,1319.0,1319.0,1304.0,1307.0,866.0,11446.0,11364.0
2025-11-06 10:00:00,1307.0,1318.0,1307.0,1311.0,465.0,11364.0,11352.0
2025-11-06 11:00:00,1311.0,1317.0,1311.0,1317.0,172.0,11352.0,11286.0
2025-11-06 13:00:00,1317.0,1320.0,1313.0,1316.0,310.0,11286.0,11258.0
2025-11-06 14:00:00,1316.0,1322.0,1313.0,1319.0,447.0,11258.0,11158.0
2025-11-06 21:00:00,1318.0,1322.0,1312.0,1320.0,383.0,11158.0,11172.0
2025-11-06 22:00:00,1320.0,1320.0,1317.0,1318.0,147.0,11172.0,11208.0
2025-11-07 09:00:00,1318.0,1320.0,1314.0,1316.0,223.0,11208.0,11187.0
2025-11-07 10:00:00,1316.0,1320.0,1316.0,1319.0,130.0,11187.0,11215.0
2025-11-07 11:00:00,1319.0,1320.0,1314.0,1315.0,148.0,11215.0,11186.0
2025-11-07 13:00:00,1315.0,1318.0,1313.0,1316.0,65.0,11186.0,11166.0
2025-11-07 14:00:00,1316.0,1318.0,1314.0,1315.0,148.0,11166.0,11135.0
2025-11-07 21:00:00,1311.0,1316.0,1307.0,1310.0,581.0,11135.0,11082.0
2025-11-07 22:00:00,1310.0,1313.0,1310.0,1312.0,148.0,11082.0,11056.0
2025-11-10 09:00:00,1312.0,1312.0,1293.0,1293.0,1750.0,11056.0,11352.0
2025-11-10 10:00:00,1293.0,1294.0,1282.0,1290.0,965.0,11352.0,11423.0
2025-11-10 11:00:00,1290.0,1293.0,1286.0,1293.0,213.0,11423.0,11422.0
2025-11-10 13:00:00,1293.0,1294.0,1285.0,1286.0,2110.0,11422.0,12017.0
2025-11-10 14:00:00,1286.0,1296.0,1285.0,1292.0,791.0,12017.0,12052.0
2025-11-10 21:00:00,1290.0,1292.0,1285.0,1287.0,983.0,12052.0,12533.0
2025-11-10 22:00:00,1287.0,1288.0,1283.0,1286.0,327.0,12533.0,12528.0
2025-11-11 09:00:00,1286.0,1289.0,1283.0,1283.0,245.0,12528.0,12551.0
2025-11-11 10:00:00,1283.0,1285.0,1270.0,1270.0,1501.0,12551.0,13232.0
2025-11-11 11:00:00,1270.0,1272.0,1266.0,1268.0,602.0,13232.0,13512.0
2025-11-11 13:00:00,1268.0,1269.0,1264.0,1267.0,305.0,13512.0,13552.0
2025-11-11 14:00:00,1267.0,1270.0,1260.0,1261.0,873.0,13552.0,13860.0
2025-11-11 21:00:00,1258.0,1268.0,1258.0,1260.0,1504.0,13860.0,14540.0
2025-11-11 22:00:00,1260.0,1262.0,1257.0,1258.0,936.0,14540.0,14673.0
2025-11-12 09:00:00,1258.0,1258.0,1247.0,1253.0,2277.0,14673.0,15959.0
2025-11-12 10:00:00,1253.0,1255.0,1238.0,1239.0,1174.0,15959.0,16717.0
2025-11-12 11:00:00,1239.0,1245.0,1235.0,1235.0,1916.0,16717.0,18042.0
2025-11-12 13:00:00,1236.0,1239.0,1235.0,1238.0,549.0,18042.0,18151.0
2025-11-12 14:00:00,1238.0,1241.0,1235.0,1240.0,736.0,18151.0,18328.0
2025-11-12 21:00:00,1240.0,1244.0,1236.0,1242.0,1477.0,18328.0,19121.0
2025-11-12 22:00:00,1242.0,1243.0,1234.0,1235.0,607.0,19121.0,19312.0
2025-11-13 09:00:00,1237.0,1239.0,1230.0,1234.0,1506.0,19312.0,19850.0
2025-11-13 10:00:00,1234.0,1244.0,1234.0,1239.0,414.0,19850.0,19756.0
2025-11-13 11:00:00,1239.0,1248.0,1239.0,1246.0,327.0,19756.0,19719.0
2025-11-13 13:00:00,1246.0,1248.0,1241.0,1241.0,417.0,19719.0,19653.0
2025-11-13 14:00:00,1241.0,1245.0,1240.0,1244.0,635.0,19653.0,19611.0
2025-11-13 21:00:00,1244.0,1246.0,1236.0,1243.0,475.0,19611.0,19620.0
2025-11-13 22:00:00,1243.0,1244.0,1239.0,1242.0,87.0,19620.0,19620.0
2025-11-14 09:00:00,1242.0,1245.0,1234.0,1244.0,1294.0,19620.0,19998.0
2025-11-14 10:00:00,1244.0,1245.0,1240.0,1240.0,366.0,19998.0,20190.0
2025-11-14 11:00:00,1240.0,1241.0,1237.0,1240.0,263.0,20190.0,20230.0
2025-11-14 13:00:00,1238.0,1239.0,1232.0,1238.0,528.0,20230.0,20380.0
2025-11-14 14:00:00,1238.0,1241.0,1236.0,1240.0,776.0,20380.0,20585.0
2025-11-14 21:00:00,1237.0,1241.0,1229.0,1231.0,921.0,20585.0,20472.0
2025-11-14 22:00:00,1231.0,1234.0,1228.0,1232.0,351.0,20472.0,20534.0
2025-11-17 09:00:00,1232.0,1238.0,1226.0,1231.0,808.0,20534.0,20658.0
2025-11-17 10:00:00,1231.0,1232.0,1229.0,1230.0,239.0,20658.0,20648.0
2025-11-17 11:00:00,1230.0,1241.0,1229.0,1237.0,295.0,20648.0,20714.0
2025-11-17 13:00:00,1239.0,1243.0,1237.0,1243.0,637.0,20714.0,21007.0
2025-11-17 14:00:00,1243.0,1244.0,1238.0,1242.0,657.0,21007.0,21122.0
2025-11-17 21:00:00,1241.0,1245.0,1238.0,1240.0,360.0,21122.0,21097.0
2025-11-17 22:00:00,1240.0,1244.0,1238.0,1240.0,241.0,21097.0,21028.0
2025-11-18 09:00:00,1240.0,1241.0,1234.0,1234.0,612.0,21028.0,20986.0
2025-11-18 10:00:00,1234.0,1243.0,1234.0,1240.0,414.0,20986.0,21063.0
2025-11-18 11:00:00,1240.0,1241.0,1238.0,1239.0,47.0,21063.0,21065.0
2025-11-18 13:00:00,1239.0,1239.0,1232.0,1233.0,326.0,21065.0,20997.0
2025-11-18 14:00:00,1233.0,1234.0,1228.0,1232.0,1360.0,20997.0,21773.0
2025-11-18 21:00:00,1236.0,1239.0,1231.0,1233.0,590.0,21773.0,21932.0
2025-11-18 22:00:00,1233.0,1236.0,1232.0,1235.0,324.0,21932.0,21995.0
2025-11-19 09:00:00,1234.0,1234.0,1228.0,1228.0,687.0,21995.0,22041.0
2025-11-19 10:00:00,1228.0,1234.0,1225.0,1231.0,486.0,22041.0,22077.0
2025-11-19 11:00:00,1231.0,1236.0,1231.0,1235.0,257.0,22077.0,22142.0
2025-11-19 13:00:00,1234.0,1236.0,1230.0,1231.0,225.0,22142.0,22133.0
2025-11-19 14:00:00,1231.0,1232.0,1223.0,1225.0,929.0,22133.0,21990.0
2025-11-19 21:00:00,1225.0,1227.0,1208.0,1209.0,1043.0,21990.0,22168.0
2025-11-19 22:00:00,1209.0,1210.0,1200.0,1201.0,699.0,22168.0,22294.0
2025-11-20 09:00:00,1202.0,1202.0,1191.0,1194.0,1778.0,22294.0,23017.0
2025-11-20 10:00:00,1194.0,1195.0,1187.0,1189.0,614.0,23017.0,23227.0
2025-11-20 11:00:00,1189.0,1208.0,1187.0,1207.0,981.0,23227.0,23192.0
2025-11-20 13:00:00,1207.0,1219.0,1194.0,1194.0,2095.0,23192.0,23325.0
2025-11-20 14:00:00,1194.0,1199.0,1194.0,1195.0,700.0,23325.0,23387.0
2025-11-20 21:00:00,1200.0,1202.0,1195.0,1199.0,737.0,23387.0,23558.0
2025-11-20 22:00:00,1199.0,1201.0,1193.0,1198.0,483.0,23558.0,23640.0
2025-11-21 09:00:00,1198.0,1200.0,1193.0,1198.0,904.0,23640.0,23846.0
2025-11-21 10:00:00,1198.0,1199.0,1194.0,1198.0,907.0,23846.0,24113.0
2025-11-21 11:00:00,1198.0,1200.0,1194.0,1195.0,261.0,24113.0,24122.0
2025-11-21 13:00:00,1195.0,1224.0,1194.0,1212.0,2007.0,24122.0,24461.0
2025-11-21 14:00:00,1212.0,1227.0,1210.0,1219.0,2809.0,24461.0,24593.0
2025-11-21 21:00:00,1220.0,1223.0,1213.0,1219.0,1470.0,24593.0,24888.0
2025-11-21 22:00:00,1219.0,1223.0,1218.0,1218.0,969.0,24888.0,24804.0
2025-11-24 09:00:00,1218.0,1233.0,1217.0,1221.0,2453.0,24804.0,24617.0
2025-11-24 10:00:00,1221.0,1224.0,1218.0,1222.0,439.0,24617.0,24697.0
2025-11-24 11:00:00,1222.0,1222.0,1219.0,1222.0,80.0,24697.0,24729.0
2025-11-24 13:00:00,1222.0,1241.0,1222.0,1237.0,4396.0,24729.0,26690.0
2025-11-24 14:00:00,1237.0,1246.0,1229.0,1232.0,4691.0,26690.0,28190.0
2025-11-24 21:00:00,1228.0,1235.0,1225.0,1231.0,1207.0,28190.0,28575.0
2025-11-24 22:00:00,1231.0,1236.0,1230.0,1233.0,318.0,28575.0,28580.0
2025-11-25 09:00:00,1233.0,1233.0,1226.0,1230.0,780.0,28580.0,28740.0
2025-11-25 10:00:00,1230.0,1237.0,1228.0,1229.0,1004.0,28740.0,28787.0
2025-11-25 11:00:00,1229.0,1235.0,1225.0,1234.0,1918.0,28787.0,28808.0
2025-11-25 13:00:00,1234.0,1245.0,1232.0,1233.0,1533.0,28808.0,29356.0
2025-11-25 14:00:00,1233.0,1233.0,1222.0,1223.0,4147.0,29356.0,31714.0
2025-11-25 21:00:00,1223.0,1227.0,1220.0,1226.0,2216.0,31714.0,33279.0
2025-11-25 22:00:00,1226.0,1226.0,1218.0,1218.0,685.0,33279.0,33425.0
2025-11-26 09:00:00,1218.0,1229.0,1218.0,1228.0,1270.0,33425.0,33934.0
2025-11-26 10:00:00,1228.0,1237.0,1225.0,1227.0,2555.0,33934.0,34611.0
2025-11-26 11:00:00,1227.0,1234.0,1218.0,1225.0,3043.0,34611.0,35820.0
2025-11-26 13:00:00,1224.0,1227.0,1221.0,1226.0,877.0,35820.0,35987.0
2025-11-26 14:00:00,1226.0,1232.0,1226.0,1228.0,2707.0,35987.0,36363.0
2025-11-26 21:00:00,1231.0,1233.0,1221.0,1223.0,2216.0,36363.0,37077.0
2025-11-26 22:00:00,1223.0,1223.0,1219.0,1221.0,1064.0,37077.0,37580.0
2025-11-27 09:00:00,1221.0,1222.0,1210.0,1214.0,4145.0,37580.0,40223.0
2025-11-27 10:00:00,1214.0,1222.0,1210.0,1217.0,2230.0,40223.0,40889.0
2025-11-27 11:00:00,1217.0,1218.0,1212.0,1213.0,457.0,40889.0,41022.0
2025-11-27 13:00:00,1214.0,1222.0,1214.0,1215.0,2155.0,41022.0,40670.0
2025-11-27 14:00:00,1215.0,1218.0,1212.0,1213.0,511.0,40670.0,40751.0
2025-11-27 21:00:00,1215.0,1221.0,1211.0,1219.0,999.0,40751.0,41033.0
2025-11-27 22:00:00,1219.0,1222.0,1218.0,1221.0,518.0,41033.0,40960.0
2025-11-28 09:00:00,1220.0,1221.0,1213.0,1216.0,1627.0,40960.0,41103.0
2025-11-28 10:00:00,1216.0,1223.0,1215.0,1222.0,1178.0,41103.0,41575.0
2025-11-28 11:00:00,1222.0,1226.0,1220.0,1223.0,1095.0,41575.0,42075.0
2025-11-28 13:00:00,1223.0,1223.0,1218.0,1219.0,1278.0,42075.0,42044.0
2025-11-28 14:00:00,1219.0,1225.0,1218.0,1223.0,3001.0,42044.0,43667.0
2025-11-28 21:00:00,1224.0,1224.0,1207.0,1210.0,3825.0,43667.0,45891.0
2025-11-28 22:00:00,1210.0,1215.0,1208.0,1215.0,1134.0,45891.0,45795.0
2025-12-01 09:00:00,1215.0,1227.0,1213.0,1223.0,5505.0,45795.0,46774.0
2025-12-01 10:00:00,1223.0,1223.0,1215.0,1217.0,1699.0,46774.0,47269.0
2025-12-01 11:00:00,1217.0,1220.0,1215.0,1217.0,1069.0,47269.0,48071.0
2025-12-01 13:00:00,1217.0,1218.0,1209.0,1209.0,1164.0,48071.0,48218.0
2025-12-01 14:00:00,1209.0,1216.0,1208.0,1214.0,865.0,48218.0,48310.0
2025-12-01 21:00:00,1215.0,1218.0,1211.0,1216.0,2054.0,48310.0,49250.0
2025-12-01 22:00:00,1216.0,1219.0,1216.0,1219.0,901.0,49250.0,49480.0
2025-12-02 09:00:00,1219.0,1219.0,1202.0,1206.0,5192.0,49480.0,52947.0
2025-12-02 10:00:00,1206.0,1208.0,1204.0,1207.0,661.0,52947.0,53189.0
2025-12-02 11:00:00,1207.0,1207.0,1201.0,1202.0,688.0,53189.0,53479.0
2025-12-02 13:00:00,1202.0,1203.0,1196.0,1196.0,1142.0,53479.0,53520.0
2025-12-02 14:00:00,1196.0,1199.0,1194.0,1195.0,885.0,53520.0,53698.0
2025-12-02 21:00:00,1198.0,1198.0,1179.0,1179.0,2534.0,53698.0,54045.0
2025-12-02 22:00:00,1179.0,1183.0,1178.0,1178.0,510.0,54045.0,54107.0
2025-12-03 09:00:00,1178.0,1190.0,1178.0,1186.0,2967.0,54107.0,55551.0
2025-12-03 10:00:00,1186.0,1188.0,1182.0,1187.0,455.0,55551.0,55666.0
2025-12-03 11:00:00,1187.0,1187.0,1182.0,1185.0,141.0,55666.0,55747.0
2025-12-03 13:00:00,1184.0,1188.0,1182.0,1184.0,393.0,55747.0,55926.0
2025-12-03 14:00:00,1184.0,1187.0,1176.0,1179.0,1654.0,55926.0,56137.0
2025-12-03 21:00:00,1184.0,1184.0,1172.0,1174.0,1838.0,56137.0,56800.0
2025-12-03 22:00:00,1174.0,1179.0,1174.0,1177.0,620.0,56800.0,56832.0
2025-12-04 09:00:00,1177.0,1185.0,1174.0,1182.0,1509.0,56832.0,57214.0
2025-12-04 10:00:00,1182.0,1186.0,1181.0,1182.0,687.0,57214.0,57436.0
2025-12-04 11:00:00,1182.0,1185.0,1179.0,1185.0,483.0,57436.0,57608.0
2025-12-04 13:00:00,1185.0,1186.0,1181.0,1181.0,693.0,57608.0,57952.0
2025-12-04 14:00:00,1181.0,1190.0,1181.0,1188.0,2401.0,57952.0,58028.0
2025-12-04 21:00:00,1187.0,1197.0,1187.0,1194.0,1564.0,58028.0,58114.0
2025-12-04 22:00:00,1194.0,1197.0,1189.0,1190.0,687.0,58114.0,58143.0
2025-12-05 09:00:00,1190.0,1190.0,1181.0,1182.0,1066.0,58143.0,58227.0
2025-12-05 10:00:00,1182.0,1189.0,1181.0,1183.0,1475.0,58227.0,58814.0
2025-12-05 11:00:00,1183.0,1184.0,1175.0,1178.0,2856.0,58814.0,60573.0
2025-12-05 13:00:00,1180.0,1183.0,1175.0,1183.0,660.0,60573.0,60910.0
2025-12-05 14:00:00,1183.0,1183.0,1175.0,1176.0,946.0,60910.0,60911.0
2025-12-05 21:00:00,1176.0,1188.0,1173.0,1180.0,1397.0,60911.0,61153.0
2025-12-05 22:00:00,1180.0,1183.0,1172.0,1180.0,1011.0,61153.0,61167.0
2025-12-08 09:00:00,1178.0,1180.0,1174.0,1176.0,1491.0,61167.0,61018.0
2025-12-08 10:00:00,1176.0,1176.0,1169.0,1169.0,937.0,61018.0,61058.0
2025-12-08 11:00:00,1169.0,1171.0,1165.0,1169.0,737.0,61058.0,61107.0
2025-12-08 13:00:00,1170.0,1174.0,1169.0,1169.0,898.0,61107.0,61717.0
2025-12-08 14:00:00,1169.0,1173.0,1167.0,1169.0,652.0,61717.0,61902.0
2025-12-08 21:00:00,1166.0,1169.0,1151.0,1152.0,2942.0,61902.0,62344.0
2025-12-08 22:00:00,1152.0,1153.0,1146.0,1151.0,1553.0,62344.0,62332.0
2025-12-09 09:00:00,1151.0,1153.0,1147.0,1149.0,1056.0,62332.0,62523.0
2025-12-09 10:00:00,1149.0,1153.0,1148.0,1149.0,1237.0,62523.0,63007.0
2025-12-09 11:00:00,1149.0,1150.0,1147.0,1149.0,889.0,63007.0,62744.0
2025-12-09 13:00:00,1149.0,1150.0,1142.0,1150.0,831.0,62744.0,62647.0
2025-12-09 14:00:00,1150.0,1150.0,1140.0,1143.0,1155.0,62647.0,62818.0
2025-12-09 21:00:00,1143.0,1143.0,1125.0,1134.0,9749.0,62818.0,63398.0
2025-12-09 22:00:00,1134.0,1140.0,1132.0,1137.0,1492.0,63398.0,63766.0
2025-12-10 09:00:00,1137.0,1138.0,1129.0,1131.0,3374.0,63766.0,62501.0
2025-12-10 10:00:00,1131.0,1136.0,1128.0,1132.0,1529.0,62501.0,62405.0
2025-12-10 11:00:00,1132.0,1136.0,1130.0,1133.0,431.0,62405.0,62436.0
2025-12-10 13:00:00,1135.0,1152.0,1133.0,1145.0,2887.0,62436.0,62806.0
2025-12-10 14:00:00,1145.0,1145.0,1132.0,1135.0,1599.0,62806.0,62859.0
2025-12-10 21:00:00,1138.0,1143.0,1128.0,1138.0,1678.0,62859.0,62846.0
2025-12-10 22:00:00,1138.0,1140.0,1136.0,1139.0,448.0,62846.0,62921.0
2025-12-11 09:00:00,1139.0,1144.0,1132.0,1135.0,2982.0,62921.0,63050.0
2025-12-11 10:00:00,1135.0,1139.0,1133.0,1135.0,492.0,63050.0,63123.0
2025-12-11 11:00:00,1135.0,1136.0,1133.0,1133.0,273.0,63123.0,63099.0
2025-12-11 13:00:00,1133.0,1135.0,1127.0,1128.0,1849.0,63099.0,62643.0
2025-12-11 14:00:00,1128.0,1131.0,1123.0,1126.0,2251.0,62643.0,62282.0
2025-12-11 21:00:00,1125.0,1129.0,1106.0,1113.0,2827.0,62282.0,62100.0
2025-12-11 22:00:00,1113.0,1116.0,1109.0,1109.0,977.0,62100.0,61862.0
2025-12-12 09:00:00,1110.0,1114.0,1107.0,1109.0,2420.0,61862.0,61785.0
2025-12-12 10:00:00,1109.0,1111.0,1105.0,1109.0,1003.0,61785.0,61317.0
2025-12-12 11:00:00,1109.0,1109.0,1104.0,1104.0,583.0,61317.0,61323.0
2025-12-12 13:00:00,1105.0,1107.0,1099.0,1101.0,2217.0,61323.0,61200.0
2025-12-12 14:00:00,1101.0,1103.0,1090.0,1092.0,3991.0,61200.0,60637.0
2025-12-12 21:00:00,1095.0,1121.0,1091.0,1115.0,6931.0,60637.0,61125.0
2025-12-12 22:00:00,1115.0,1124.0,1114.0,1119.0,1711.0,61125.0,60784.0
2025-12-15 09:00:00,1119.0,1125.0,1115.0,1121.0,2443.0,60784.0,60812.0
2025-12-15 10:00:00,1121.0,1124.0,1118.0,1122.0,817.0,60812.0,60983.0
2025-12-15 11:00:00,1122.0,1123.0,1120.0,1120.0,242.0,60983.0,61013.0
2025-12-15 13:00:00,1120.0,1121.0,1111.0,1112.0,1203.0,61013.0,60972.0
2025-12-15 14:00:00,1112.0,1117.0,1108.0,1115.0,1187.0,60972.0,60969.0
2025-12-15 21:00:00,1113.0,1119.0,1098.0,1100.0,4919.0,60969.0,62032.0
2025-12-15 22:00:00,1100.0,1102.0,1097.0,1098.0,2455.0,62032.0,62391.0
2025-12-16 09:00:00,1100.0,1104.0,1093.0,1100.0,4157.0,62391.0,63465.0
2025-12-16 10:00:00,1100.0,1110.0,1100.0,1108.0,2549.0,63465.0,63825.0
2025-12-16 11:00:00,1108.0,1111.0,1103.0,1109.0,2463.0,63825.0,63436.0
2025-12-16 13:00:00,1109.0,1113.0,1105.0,1107.0,2203.0,63436.0,63353.0
2025-12-16 14:00:00,1107.0,1121.0,1100.0,1117.0,4954.0,63353.0,62878.0
2025-12-16 21:00:00,1112.0,1120.0,1109.0,1117.0,3102.0,62878.0,63250.0
2025-12-16 22:00:00,1117.0,1118.0,1115.0,1115.0,2605.0,63250.0,61868.0
2025-12-17 09:00:00,1115.0,1117.0,1108.0,1112.0,3195.0,61868.0,61630.0
2025-12-17 10:00:00,1112.0,1125.0,1111.0,1125.0,2355.0,61630.0,61511.0
2025-12-17 11:00:00,1125.0,1125.0,1118.0,1119.0,1183.0,61511.0,61504.0
2025-12-17 13:00:00,1121.0,1128.0,1117.0,1118.0,8152.0,61504.0,58704.0
2025-12-17 14:00:00,1118.0,1123.0,1113.0,1120.0,5495.0,58704.0,56927.0
2025-12-17 21:00:00,1121.0,1168.0,1116.0,1166.0,23853.0,56927.0,53765.0
2025-12-17 22:00:00,1166.0,1172.0,1163.0,1164.0,8294.0,53765.0,53312.0
2025-12-18 09:00:00,1164.0,1164.0,1145.0,1147.0,11520.0,53312.0,51799.0
2025-12-18 10:00:00,1147.0,1151.0,1146.0,1148.0,1905.0,51799.0,51252.0
2025-12-18 11:00:00,1148.0,1153.0,1146.0,1153.0,1110.0,51252.0,51290.0
2025-12-18 13:00:00,1152.0,1154.0,1148.0,1152.0,1109.0,51290.0,51255.0
2025-12-18 14:00:00,1152.0,1162.0,1151.0,1156.0,4595.0,51255.0,52783.0
2025-12-18 21:00:00,1148.0,1154.0,1142.0,1144.0,4192.0,52783.0,52498.0
2025-12-18 22:00:00,1144.0,1147.0,1139.0,1144.0,1541.0,52498.0,52388.0
2025-12-19 09:00:00,1143.0,1153.0,1143.0,1144.0,3736.0,52388.0,52196.0
2025-12-19 10:00:00,1144.0,1148.0,1140.0,1142.0,1404.0,52196.0,52288.0
2025-12-19 11:00:00,1142.0,1143.0,1131.0,1138.0,3163.0,52288.0,52612.0
2025-12-19 13:00:00,1138.0,1140.0,1130.0,1131.0,1677.0,52612.0,52667.0
2025-12-19 14:00:00,1131.0,1139.0,1131.0,1138.0,1843.0,52667.0,52662.0
2025-12-19 21:00:00,1134.0,1137.0,1123.0,1131.0,4400.0,52662.0,52782.0
2025-12-19 22:00:00,1131.0,1136.0,1129.0,1134.0,1074.0,52782.0,52712.0
2025-12-22 09:00:00,1134.0,1135.0,1124.0,1125.0,5657.0,52712.0,53628.0
2025-12-22 10:00:00,1125.0,1128.0,1121.0,1122.0,2307.0,53628.0,53821.0
2025-12-22 11:00:00,1122.0,1128.0,1122.0,1126.0,1170.0,53821.0,53904.0
2025-12-22 13:00:00,1126.0,1130.0,1124.0,1126.0,1123.0,53904.0,54047.0
2025-12-22 14:00:00,1126.0,1132.0,1126.0,1131.0,2131.0,54047.0,54169.0
2025-12-22 21:00:00,1133.0,1141.0,1128.0,1136.0,5889.0,54169.0,55173.0
2025-12-22 22:00:00,1136.0,1136.0,1124.0,1127.0,1944.0,55173.0,55283.0
2025-12-23 09:00:00,1127.0,1127.0,1119.0,1124.0,2585.0,55283.0,55618.0
2025-12-23 10:00:00,1124.0,1127.0,1120.0,1125.0,967.0,55618.0,55532.0
2025-12-23 11:00:00,1125.0,1128.0,1123.0,1126.0,340.0,55532.0,55557.0
2025-12-23 13:00:00,1126.0,1129.0,1124.0,1124.0,562.0,55557.0,55543.0
2025-12-23 14:00:00,1124.0,1130.0,1123.0,1130.0,1544.0,55543.0,55558.0
2025-12-23 21:00:00,1134.0,1141.0,1128.0,1139.0,3749.0,55558.0,55139.0
2025-12-23 22:00:00,1139.0,1141.0,1134.0,1135.0,1803.0,55139.0,54904.0
2025-12-24 09:00:00,1135.0,1143.0,1131.0,1141.0,4320.0,54904.0,53989.0
2025-12-24 10:00:00,1141.0,1153.0,1141.0,1146.0,4860.0,53989.0,53184.0
2025-12-24 11:00:00,1146.0,1153.0,1145.0,1152.0,1491.0,53184.0,53168.0
2025-12-24 13:00:00,1152.0,1153.0,1146.0,1148.0,1103.0,53168.0,53116.0
2025-12-24 14:00:00,1148.0,1148.0,1142.0,1145.0,2088.0,53116.0,53119.0
2025-12-24 21:00:00,1147.0,1153.0,1144.0,1144.0,2625.0,53119.0,53153.0
2025-12-24 22:00:00,1144.0,1150.0,1144.0,1147.0,1033.0,53153.0,53099.0
2025-12-25 09:00:00,1147.0,1152.0,1143.0,1149.0,2168.0,53099.0,53105.0
2025-12-25 10:00:00,1149.0,1155.0,1147.0,1149.0,2207.0,53105.0,53507.0
2025-12-25 11:00:00,1149.0,1152.0,1148.0,1149.0,523.0,53507.0,53569.0
2025-12-25 13:00:00,1150.0,1150.0,1140.0,1143.0,1423.0,53569.0,53806.0
2025-12-25 14:00:00,1143.0,1150.0,1142.0,1147.0,1667.0,53806.0,53912.0
2025-12-25 21:00:00,1148.0,1156.0,1145.0,1149.0,2447.0,53912.0,54431.0
2025-12-25 22:00:00,1149.0,1151.0,1138.0,1139.0,2202.0,54431.0,54540.0
2025-12-26 09:00:00,1139.0,1140.0,1128.0,1134.0,4471.0,54540.0,54799.0
2025-12-26 10:00:00,1134.0,1151.0,1133.0,1151.0,2810.0,54799.0,54733.0
2025-12-26 11:00:00,1151.0,1154.0,1146.0,1147.0,1645.0,54733.0,55011.0
2025-12-26 13:00:00,1147.0,1151.0,1147.0,1149.0,1007.0,55011.0,55346.0
2025-12-26 14:00:00,1149.0,1169.0,1148.0,1160.0,6174.0,55346.0,55671.0
2025-12-26 21:00:00,1154.0,1161.0,1153.0,1156.0,2832.0,55671.0,55882.0
2025-12-26 22:00:00,1156.0,1156.0,1149.0,1153.0,2405.0,55882.0,55796.0
2025-12-29 09:00:00,1154.0,1170.0,1150.0,1154.0,7589.0,55796.0,56598.0
2025-12-29 10:00:00,1154.0,1162.0,1151.0,1160.0,2094.0,56598.0,56420.0
2025-12-29 11:00:00,1160.0,1163.0,1159.0,1160.0,1138.0,56420.0,56545.0
2025-12-29 13:00:00,1160.0,1164.0,1158.0,1158.0,1079.0,56545.0,56531.0
2025-12-29 14:00:00,1158.0,1163.0,1153.0,1158.0,3280.0,56531.0,56365.0
2025-12-29 21:00:00,1155.0,1161.0,1152.0,1155.0,2354.0,56365.0,56020.0
2025-12-29 22:00:00,1155.0,1161.0,1152.0,1161.0,997.0,56020.0,56186.0
2025-12-30 09:00:00,1161.0,1183.0,1159.0,1179.0,13165.0,56186.0,58020.0
2025-12-30 10:00:00,1179.0,1191.0,1179.0,1191.0,5708.0,58020.0,57734.0
2025-12-30 11:00:00,1191.0,1192.0,1183.0,1185.0,1840.0,57734.0,57579.0
2025-12-30 13:00:00,1185.0,1189.0,1183.0,1185.0,1123.0,57579.0,57426.0
2025-12-30 14:00:00,1185.0,1192.0,1185.0,1191.0,2520.0,57426.0,57677.0
2025-12-30 21:00:00,1196.0,1199.0,1187.0,1195.0,5953.0,57677.0,58242.0
2025-12-30 22:00:00,1195.0,1198.0,1192.0,1197.0,1678.0,58242.0,58320.0
2025-12-31 09:00:00,1197.0,1197.0,1184.0,1186.0,4489.0,58320.0,58347.0
2025-12-31 10:00:00,1186.0,1195.0,1185.0,1189.0,2705.0,58347.0,58891.0
2025-12-31 11:00:00,1189.0,1191.0,1185.0,1189.0,711.0,58891.0,58865.0
2025-12-31 13:00:00,1189.0,1189.0,1183.0,1187.0,1441.0,58865.0,58844.0
2025-12-31 14:00:00,1187.0,1196.0,1186.0,1191.0,4028.0,58844.0,58880.0
2026-01-05 09:00:00,1196.0,1197.0,1181.0,1188.0,5506.0,58880.0,60491.0
2026-01-05 10:00:00,1188.0,1197.0,1186.0,1187.0,3782.0,60491.0,61388.0
2026-01-05 11:00:00,1187.0,1195.0,1187.0,1192.0,1261.0,61388.0,61550.0
2026-01-05 13:00:00,1192.0,1198.0,1183.0,1185.0,4131.0,61550.0,62163.0
2026-01-05 14:00:00,1185.0,1185.0,1178.0,1183.0,4834.0,62163.0,62926.0
2026-01-05 21:00:00,1182.0,1189.0,1172.0,1176.0,8226.0,62926.0,63850.0
2026-01-05 22:00:00,1176.0,1177.0,1174.0,1177.0,1240.0,63850.0,63918.0
2026-01-06 09:00:00,1177.0,1190.0,1174.0,1187.0,7356.0,63918.0,65532.0
2026-01-06 10:00:00,1187.0,1192.0,1185.0,1189.0,4558.0,65532.0,66858.0
2026-01-06 11:00:00,1189.0,1193.0,1188.0,1191.0,1988.0,66858.0,67636.0
2026-01-06 13:00:00,1190.0,1192.0,1187.0,1189.0,2754.0,67636.0,68422.0
2026-01-06 14:00:00,1189.0,1195.0,1187.0,1194.0,3838.0,68422.0,69119.0
2026-01-06 21:00:00,1194.0,1232.0,1194.0,1228.0,22789.0,69119.0,74472.0
2026-01-06 22:00:00,1228.0,1235.0,1226.0,1231.0,5346.0,74472.0,73833.0
2026-01-07 09:00:00,1231.0,1232.0,1222.0,1225.0,6572.0,73833.0,74167.0
2026-01-07 10:00:00,1225.0,1227.0,1217.0,1226.0,3678.0,74167.0,74913.0
2026-01-07 11:00:00,1226.0,1243.0,1225.0,1242.0,5235.0,74913.0,75983.0
2026-01-07 13:00:00,1242.0,1243.0,1231.0,1242.0,6203.0,75983.0,77597.0
2026-01-07 14:00:00,1242.0,1269.0,1242.0,1253.0,17274.0,77597.0,79288.0
2026-01-07 21:00:00,1254.0,1258.0,1244.0,1252.0,12881.0,79288.0,79693.0
2026-01-07 22:00:00,1252.0,1259.0,1245.0,1249.0,4248.0,79693.0,79031.0
2026-01-08 09:00:00,1249.0,1261.0,1244.0,1259.0,7602.0,79031.0,79757.0
2026-01-08 10:00:00,1259.0,1265.0,1242.0,1251.0,12311.0,79757.0,82420.0
2026-01-08 11:00:00,1251.0,1251.0,1235.0,1242.0,10197.0,82420.0,84401.0
2026-01-08 13:00:00,1240.0,1242.0,1233.0,1239.0,8752.0,84401.0,86457.0
2026-01-08 14:00:00,1239.0,1252.0,1235.0,1249.0,18272.0,86457.0,89481.0
2026-01-08 21:00:00,1251.0,1254.0,1239.0,1241.0,10796.0,89481.0,91278.0
2026-01-08 22:00:00,1241.0,1242.0,1218.0,1222.0,13186.0,91278.0,90399.0
2026-01-09 09:00:00,1222.0,1232.0,1222.0,1229.0,7463.0,90399.0,91373.0
2026-01-09 10:00:00,1229.0,1237.0,1229.0,1234.0,5979.0,91373.0,91662.0
2026-01-09 11:00:00,1234.0,1235.0,1226.0,1232.0,3347.0,91662.0,93185.0
2026-01-09 13:00:00,1232.0,1239.0,1232.0,1234.0,5739.0,93185.0,95866.0
2026-01-09 14:00:00,1234.0,1239.0,1231.0,1238.0,8818.0,95866.0,100009.0
2026-01-09 21:00:00,1233.0,1238.0,1217.0,1220.0,13283.0,100009.0,102138.0
2026-01-09 22:00:00,1220.0,1226.0,1219.0,1224.0,3579.0,102138.0,102125.0
2026-01-12 09:00:00,1224.0,1232.0,1217.0,1224.0,11302.0,102125.0,102827.0
2026-01-12 10:00:00,1224.0,1234.0,1221.0,1231.0,5603.0,102827.0,103735.0
2026-01-12 11:00:00,1231.0,1237.0,1227.0,1233.0,3074.0,103735.0,104387.0
2026-01-12 13:00:00,1233.0,1240.0,1231.0,1234.0,3918.0,104387.0,105905.0
2026-01-12 14:00:00,1234.0,1244.0,1233.0,1241.0,8872.0,105905.0,107827.0
2026-01-12 21:00:00,1239.0,1242.0,1221.0,1225.0,10248.0,107827.0,109321.0
2026-01-12 22:00:00,1225.0,1227.0,1221.0,1226.0,4653.0,109321.0,111431.0
2026-01-13 09:00:00,1226.0,1238.0,1224.0,1229.0,12238.0,111431.0,115155.0
2026-01-13 10:00:00,1229.0,1232.0,1226.0,1232.0,3760.0,115155.0,117001.0
2026-01-13 11:00:00,1232.0,1234.0,1229.0,1229.0,3227.0,117001.0,118079.0
2026-01-13 13:00:00,1229.0,1229.0,1217.0,1219.0,8953.0,118079.0,120224.0
2026-01-13 14:00:00,1219.0,1219.0,1205.0,1208.0,13894.0,120224.0,122665.0
2026-01-13 21:00:00,1206.0,1210.0,1200.0,1204.0,8533.0,122665.0,123126.0
2026-01-13 22:00:00,1204.0,1208.0,1201.0,1206.0,3811.0,123126.0,123090.0
2026-01-14 09:00:00,1206.0,1209.0,1200.0,1206.0,6275.0,123090.0,123686.0
2026-01-14 10:00:00,1206.0,1209.0,1199.0,1206.0,5206.0,123686.0,125273.0
2026-01-14 11:00:00,1206.0,1211.0,1205.0,1208.0,3180.0,125273.0,126382.0
2026-01-14 13:00:00,1200.0,1208.0,1195.0,1199.0,7780.0,126382.0,127873.0
2026-01-14 14:00:00,1199.0,1215.0,1199.0,1211.0,10279.0,127873.0,131040.0
2026-01-14 21:00:00,1208.0,1214.0,1192.0,1200.0,8555.0,131040.0,131234.0
2026-01-14 22:00:00,1200.0,1208.0,1198.0,1203.0,3762.0,131234.0,132039.0
2026-01-15 09:00:00,1203.0,1210.0,1202.0,1202.0,6105.0,132039.0,132856.0
2026-01-15 10:00:00,1202.0,1205.0,1197.0,1198.0,2597.0,132856.0,133583.0
2026-01-15 11:00:00,1198.0,1200.0,1194.0,1197.0,3279.0,133583.0,134186.0
2026-01-15 13:00:00,1197.0,1202.0,1195.0,1196.0,2960.0,134186.0,134554.0
2026-01-15 14:00:00,1196.0,1201.0,1194.0,1196.0,3494.0,134554.0,134695.0
2026-01-15 21:00:00,1203.0,1217.0,1195.0,1199.0,9076.0,134695.0,135046.0
2026-01-15 22:00:00,1199.0,1200.0,1192.0,1195.0,3286.0,135046.0,134915.0
2026-01-16 09:00:00,1194.0,1227.0,1193.0,1213.0,19725.0,134915.0,138462.0
2026-01-16 10:00:00,1213.0,1215.0,1202.0,1206.0,8432.0,138462.0,140446.0
2026-01-16 11:00:00,1206.0,1211.0,1204.0,1208.0,2451.0,140446.0,141007.0
2026-01-16 13:00:00,1208.0,1219.0,1206.0,1207.0,6144.0,141007.0,142770.0
2026-01-16 14:00:00,1207.0,1213.0,1204.0,1209.0,5493.0,142770.0,143346.0
2026-01-16 21:00:00,1210.0,1218.0,1203.0,1215.0,10733.0,143346.0,144549.0
2026-01-16 22:00:00,1215.0,1221.0,1214.0,1215.0,4221.0,144549.0,144696.0
2026-01-19 09:00:00,1215.0,1216.0,1194.0,1200.0,11246.0,144696.0,145373.0
2026-01-19 10:00:00,1200.0,1202.0,1181.0,1183.0,9794.0,145373.0,146545.0
2026-01-19 11:00:00,1183.0,1185.0,1178.0,1181.0,7574.0,146545.0,146252.0
2026-01-19 13:00:00,1182.0,1185.0,1180.0,1183.0,2344.0,146252.0,145966.0
2026-01-19 14:00:00,1183.0,1185.0,1178.0,1180.0,3414.0,145966.0,145173.0
2026-01-19 21:00:00,1182.0,1182.0,1170.0,1174.0,6892.0,145173.0,144625.0
2026-01-19 22:00:00,1174.0,1176.0,1170.0,1173.0,3198.0,144625.0,144062.0
2026-01-20 09:00:00,1173.0,1180.0,1168.0,1173.0,4900.0,144062.0,144481.0
2026-01-20 10:00:00,1173.0,1177.0,1171.0,1174.0,4093.0,144481.0,144647.0
2026-01-20 11:00:00,1174.0,1175.0,1172.0,1174.0,1622.0,144647.0,144592.0
2026-01-20 13:00:00,1174.0,1179.0,1166.0,1174.0,3385.0,144592.0,144426.0
2026-01-20 14:00:00,1174.0,1179.0,1165.0,1165.0,6911.0,144426.0,144003.0
2026-01-20 21:00:00,1168.0,1168.0,1160.0,1164.0,5632.0,144003.0,144267.0
2026-01-20 22:00:00,1164.0,1168.0,1162.0,1165.0,2749.0,144267.0,144101.0
2026-01-21 09:00:00,1165.0,1165.0,1160.0,1164.0,2966.0,144101.0,144601.0
2026-01-21 10:00:00,1164.0,1164.0,1157.0,1162.0,2714.0,144601.0,145225.0
2026-01-21 11:00:00,1162.0,1162.0,1152.0,1155.0,3843.0,145225.0,146065.0
2026-01-21 13:00:00,1155.0,1160.0,1150.0,1151.0,3590.0,146065.0,146611.0
2026-01-21 14:00:00,1151.0,1154.0,1142.0,1146.0,8996.0,146611.0,147306.0
2026-01-21 21:00:00,1148.0,1164.0,1141.0,1159.0,13240.0,147306.0,148825.0
2026-01-21 22:00:00,1159.0,1160.0,1151.0,1154.0,3291.0,148825.0,149147.0
2026-01-22 09:00:00,1154.0,1161.0,1152.0,1157.0,5345.0,149147.0,149506.0
2026-01-22 10:00:00,1157.0,1157.0,1151.0,1157.0,2061.0,149506.0,149815.0
2026-01-22 11:00:00,1157.0,1162.0,1156.0,1159.0,3383.0,149815.0,149373.0
2026-01-22 13:00:00,1160.0,1163.0,1157.0,1161.0,2554.0,149373.0,149574.0
2026-01-22 14:00:00,1161.0,1163.0,1157.0,1161.0,2139.0,149574.0,149456.0
2026-01-22 21:00:00,1161.0,1165.0,1157.0,1158.0,5935.0,149456.0,149322.0
2026-01-22 22:00:00,1158.0,1167.0,1157.0,1166.0,4135.0,149322.0,149441.0
2026-01-23 09:00:00,1166.0,1177.0,1163.0,1174.0,8322.0,149441.0,150401.0
2026-01-23 10:00:00,1174.0,1178.0,1168.0,1170.0,3539.0,150401.0,150537.0
2026-01-23 11:00:00,1170.0,1173.0,1159.0,1160.0,2718.0,150537.0,150637.0
2026-01-23 13:00:00,1160.0,1167.0,1157.0,1164.0,4149.0,150637.0,151717.0
2026-01-23 14:00:00,1164.0,1175.0,1161.0,1170.0,6532.0,151717.0,152256.0
2026-01-23 21:00:00,1171.0,1178.0,1165.0,1177.0,8513.0,152256.0,152760.0
2026-01-23 22:00:00,1177.0,1181.0,1169.0,1171.0,4586.0,152760.0,152687.0
2026-01-26 09:00:00,1171.0,1185.0,1171.0,1178.0,8996.0,152687.0,152748.0
2026-01-26 10:00:00,1178.0,1192.0,1177.0,1182.0,5737.0,152748.0,152991.0
2026-01-26 11:00:00,1182.0,1190.0,1180.0,1186.0,2040.0,152991.0,152913.0
2026-01-26 13:00:00,1188.0,1188.0,1176.0,1185.0,4646.0,152913.0,153279.0
2026-01-26 14:00:00,1185.0,1190.0,1181.0,1189.0,4240.0,153279.0,153515.0
2026-01-26 21:00:00,1191.0,1193.0,1171.0,1176.0,10061.0,153515.0,155100.0
2026-01-26 22:00:00,1176.0,1178.0,1174.0,1176.0,1990.0,155100.0,155069.0
2026-01-27 09:00:00,1176.0,1185.0,1174.0,1175.0,5284.0,155069.0,154876.0
2026-01-27 10:00:00,1175.0,1181.0,1173.0,1180.0,2346.0,154876.0,155175.0
2026-01-27 11:00:00,1180.0,1180.0,1173.0,1173.0,1689.0,155175.0,155544.0
2026-01-27 13:00:00,1173.0,1175.0,1171.0,1173.0,1820.0,155544.0,155922.0
2026-01-27 14:00:00,1173.0,1176.0,1169.0,1172.0,4285.0,155922.0,156290.0
2026-01-27 21:00:00,1171.0,1176.0,1159.0,1172.0,8413.0,156290.0,157948.0
2026-01-27 22:00:00,1172.0,1177.0,1170.0,1173.0,3161.0,157948.0,158728.0
2026-01-28 09:00:00,1173.0,1180.0,1169.0,1174.0,3697.0,158728.0,158743.0
2026-01-28 10:00:00,1174.0,1180.0,1173.0,1175.0,3046.0,158743.0,159118.0
2026-01-28 11:00:00,1175.0,1182.0,1175.0,1182.0,1716.0,159118.0,159361.0
2026-01-28 13:00:00,1180.0,1182.0,1177.0,1179.0,2562.0,159361.0,159364.0
2026-01-28 14:00:00,1179.0,1181.0,1171.0,1173.0,4396.0,159364.0,159102.0
2026-01-28 21:00:00,1173.0,1178.0,1167.0,1175.0,5627.0,159102.0,160065.0
2026-01-28 22:00:00,1175.0,1184.0,1175.0,1182.0,5377.0,160065.0,160552.0
2026-01-29 09:00:00,1182.0,1185.0,1178.0,1183.0,3368.0,160552.0,160717.0
2026-01-29 10:00:00,1183.0,1189.0,1179.0,1188.0,3421.0,160717.0,161174.0
2026-01-29 11:00:00,1188.0,1191.0,1176.0,1179.0,4399.0,161174.0,160950.0
2026-01-29 13:00:00,1182.0,1189.0,1179.0,1186.0,3588.0,160950.0,160683.0
2026-01-29 14:00:00,1186.0,1190.0,1180.0,1189.0,4495.0,160683.0,160669.0
2026-01-29 21:00:00,1194.0,1197.0,1184.0,1186.0,9736.0,160669.0,161411.0
2026-01-29 22:00:00,1186.0,1193.0,1184.0,1188.0,3412.0,161411.0,161046.0
2026-01-30 09:00:00,1187.0,1187.0,1167.0,1172.0,10010.0,161046.0,160932.0
2026-01-30 10:00:00,1172.0,1174.0,1162.0,1171.0,7619.0,160932.0,162169.0
2026-01-30 11:00:00,1171.0,1171.0,1164.0,1168.0,1525.0,162169.0,162324.0
2026-01-30 13:00:00,1168.0,1174.0,1168.0,1171.0,1964.0,162324.0,162657.0
2026-01-30 14:00:00,1171.0,1172.0,1165.0,1167.0,3787.0,162657.0,162754.0
2026-01-30 21:00:00,1162.0,1193.0,1161.0,1186.0,12534.0,162754.0,161997.0
2026-01-30 22:00:00,1186.0,1189.0,1185.0,1188.0,4063.0,161997.0,161644.0
2026-02-02 09:00:00,1188.0,1188.0,1179.0,1186.0,7849.0,161644.0,161455.0
2026-02-02 10:00:00,1186.0,1187.0,1173.0,1173.0,4085.0,161455.0,161916.0
2026-02-02 11:00:00,1173.0,1177.0,1172.0,1173.0,2433.0,161916.0,161624.0
2026-02-02 13:00:00,1173.0,1173.0,1157.0,1161.0,7289.0,161624.0,160264.0
2026-02-02 14:00:00,1161.0,1166.0,1154.0,1164.0,6867.0,160264.0,160570.0
2026-02-02 21:00:00,1169.0,1189.0,1169.0,1185.0,11693.0,160570.0,160873.0
2026-02-02 22:00:00,1185.0,1186.0,1179.0,1181.0,2972.0,160873.0,160493.0
2026-02-03 09:00:00,1181.0,1186.0,1178.0,1183.0,4680.0,160493.0,160675.0
2026-02-03 10:00:00,1183.0,1184.0,1171.0,1177.0,4903.0,160675.0,160485.0
2026-02-03 11:00:00,1177.0,1178.0,1169.0,1172.0,2420.0,160485.0,160701.0
2026-02-03 13:00:00,1172.0,1173.0,1169.0,1171.0,1846.0,160701.0,160991.0
2026-02-03 14:00:00,1171.0,1177.0,1166.0,1176.0,4807.0,160991.0,161019.0
2026-02-03 21:00:00,1186.0,1214.0,1185.0,1199.0,25829.0,161019.0,163631.0
2026-02-03 22:00:00,1199.0,1201.0,1195.0,1197.0,3339.0,163631.0,163754.0
2026-02-04 09:00:00,1197.0,1208.0,1195.0,1201.0,14549.0,163754.0,167788.0
2026-02-04 10:00:00,1201.0,1208.0,1200.0,1205.0,5215.0,167788.0,168979.0
2026-02-04 11:00:00,1205.0,1218.0,1204.0,1214.0,6592.0,168979.0,169667.0
2026-02-04 13:00:00,1215.0,1218.0,1205.0,1209.0,4231.0,169667.0,168812.0
2026-02-04 14:00:00,1209.0,1211.0,1204.0,1210.0,5314.0,168812.0,167891.0
2026-02-04 21:00:00,1213.0,1213.0,1194.0,1198.0,15119.0,167891.0,167553.0
2026-02-04 22:00:00,1198.0,1205.0,1196.0,1202.0,3425.0,167553.0,167674.0
2026-02-05 09:00:00,1202.0,1206.0,1194.0,1196.0,5685.0,167674.0,167848.0
2026-02-05 10:00:00,1196.0,1198.0,1189.0,1190.0,5669.0,167848.0,167376.0
2026-02-05 11:00:00,1190.0,1192.0,1182.0,1188.0,6455.0,167376.0,166820.0
2026-02-05 13:00:00,1188.0,1190.0,1186.0,1186.0,2179.0,166820.0,166655.0
2026-02-05 14:00:00,1186.0,1191.0,1184.0,1189.0,5095.0,166655.0,166495.0
2026-02-05 21:00:00,1180.0,1184.0,1170.0,1175.0,11655.0,166495.0,167611.0
2026-02-05 22:00:00,1175.0,1176.0,1173.0,1174.0,1638.0,167611.0,167614.0
2026-02-06 09:00:00,1174.0,1179.0,1167.0,1173.0,7219.0,167614.0,168320.0
2026-02-06 10:00:00,1173.0,1182.0,1169.0,1169.0,6790.0,168320.0,170283.0
2026-02-06 11:00:00,1169.0,1174.0,1169.0,1173.0,2215.0,170283.0,170501.0
2026-02-06 13:00:00,1173.0,1177.0,1172.0,1177.0,2073.0,170501.0,170783.0
2026-02-06 14:00:00,1177.0,1178.0,1168.0,1171.0,4615.0,170783.0,171372.0
2026-02-06 21:00:00,1168.0,1172.0,1158.0,1159.0,7228.0,171372.0,171707.0
2026-02-06 22:00:00,1159.0,1162.0,1152.0,1157.0,7022.0,171707.0,170667.0
2026-02-09 09:00:00,1157.0,1169.0,1157.0,1163.0,9832.0,170667.0,169927.0
2026-02-09 10:00:00,1163.0,1173.0,1163.0,1171.0,6345.0,169927.0,170471.0
2026-02-09 11:00:00,1171.0,1175.0,1170.0,1174.0,2751.0,170471.0,171218.0
2026-02-09 13:00:00,1176.0,1189.0,1176.0,1177.0,9281.0,171218.0,173765.0
2026-02-09 14:00:00,1177.0,1178.0,1172.0,1174.0,4256.0,173765.0,174068.0
2026-02-09 21:00:00,1183.0,1183.0,1172.0,1176.0,7017.0,174068.0,174453.0
2026-02-09 22:00:00,1176.0,1177.0,1171.0,1173.0,1457.0,174453.0,174652.0
2026-02-10 09:00:00,1173.0,1174.0,1163.0,1172.0,5211.0,174652.0,174779.0
2026-02-10 10:00:00,1172.0,1174.0,1166.0,1168.0,3154.0,174779.0,174912.0
2026-02-10 11:00:00,1168.0,1169.0,1165.0,1167.0,1406.0,174912.0,175058.0
2026-02-10 13:00:00,1167.0,1169.0,1164.0,1165.0,1543.0,175058.0,175767.0
2026-02-10 14:00:00,1165.0,1168.0,1163.0,1163.0,3128.0,175767.0,176813.0
2026-02-10 21:00:00,1160.0,1165.0,1158.0,1163.0,4926.0,176813.0,177353.0
2026-02-10 22:00:00,1163.0,1167.0,1161.0,1166.0,4679.0,177353.0,178443.0
2026-02-11 09:00:00,1166.0,1167.0,1162.0,1166.0,6873.0,178443.0,181759.0
2026-02-11 10:00:00,1166.0,1171.0,1165.0,1169.0,2092.0,181759.0,182089.0
2026-02-11 11:00:00,1169.0,1172.0,1167.0,1169.0,2328.0,182089.0,182760.0
2026-02-11 13:00:00,1169.0,1178.0,1169.0,1173.0,3027.0,182760.0,183321.0
2026-02-11 14:00:00,1173.0,1174.0,1167.0,1168.0,3098.0,183321.0,183792.0
2026-02-11 21:00:00,1169.0,1169.0,1159.0,1162.0,9456.0,183792.0,185521.0
2026-02-11 22:00:00,1162.0,1164.0,1160.0,1162.0,3950.0,185521.0,186264.0
2026-02-12 09:00:00,1162.0,1169.0,1159.0,1166.0,3328.0,186264.0,186385.0
2026-02-12 10:00:00,1166.0,1171.0,1163.0,1164.0,4582.0,186385.0,188811.0
2026-02-12 11:00:00,1164.0,1170.0,1162.0,1165.0,3488.0,188811.0,190110.0
2026-02-12 13:00:00,1165.0,1167.0,1164.0,1165.0,1264.0,190110.0,190213.0
2026-02-12 14:00:00,1165.0,1167.0,1157.0,1159.0,8561.0,190213.0,191740.0
2026-02-12 21:00:00,1156.0,1161.0,1154.0,1160.0,3551.0,191740.0,191911.0
2026-02-12 22:00:00,1160.0,1161.0,1157.0,1158.0,1063.0,191911.0,191859.0
2026-02-13 09:00:00,1158.0,1158.0,1147.0,1152.0,5948.0,191859.0,192821.0
2026-02-13 10:00:00,1152.0,1156.0,1151.0,1154.0,2367.0,192821.0,192797.0
2026-02-13 11:00:00,1154.0,1155.0,1150.0,1151.0,1028.0,192797.0,192802.0
2026-02-13 13:00:00,1151.0,1153.0,1150.0,1150.0,890.0,192802.0,192994.0
2026-02-13 14:00:00,1150.0,1152.0,1138.0,1138.0,8706.0,192994.0,194199.0
2026-02-24 09:00:00,1145.0,1154.0,1128.0,1135.0,19526.0,194199.0,200776.0
2026-02-24 10:00:00,1135.0,1148.0,1133.0,1145.0,6302.0,200776.0,201457.0
2026-02-24 11:00:00,1145.0,1153.0,1145.0,1152.0,5248.0,201457.0,202902.0
2026-02-24 13:00:00,1151.0,1151.0,1146.0,1147.0,3413.0,202902.0,203810.0
2026-02-24 14:00:00,1147.0,1149.0,1144.0,1147.0,2964.0,203810.0,203806.0
2026-02-24 21:00:00,1145.0,1162.0,1145.0,1156.0,12630.0,203806.0,205815.0
2026-02-24 22:00:00,1156.0,1160.0,1155.0,1157.0,2737.0,205815.0,205755.0
2026-02-25 09:00:00,1157.0,1163.0,1156.0,1156.0,9501.0,205755.0,206561.0
2026-02-25 10:00:00,1156.0,1160.0,1152.0,1156.0,13773.0,206561.0,213791.0
2026-02-25 11:00:00,1156.0,1166.0,1156.0,1164.0,3537.0,213791.0,213845.0
2026-02-25 13:00:00,1164.0,1169.0,1162.0,1164.0,5821.0,213845.0,214594.0
2026-02-25 14:00:00,1164.0,1165.0,1158.0,1160.0,6130.0,214594.0,214414.0
2026-02-25 21:00:00,1161.0,1162.0,1153.0,1156.0,7934.0,214414.0,216668.0
2026-02-25 22:00:00,1156.0,1157.0,1153.0,1155.0,3457.0,216668.0,217450.0
2026-02-26 09:00:00,1155.0,1158.0,1153.0,1153.0,3706.0,217450.0,218484.0
2026-02-26 10:00:00,1153.0,1157.0,1149.0,1152.0,4139.0,218484.0,219692.0
2026-02-26 11:00:00,1152.0,1153.0,1149.0,1151.0,2441.0,219692.0,220678.0
2026-02-26 13:00:00,1151.0,1152.0,1148.0,1150.0,3649.0,220678.0,221428.0
2026-02-26 14:00:00,1150.0,1157.0,1145.0,1155.0,9012.0,221428.0,223053.0
2026-02-26 21:00:00,1150.0,1153.0,1144.0,1147.0,5928.0,223053.0,224045.0
2026-02-26 22:00:00,1147.0,1149.0,1145.0,1148.0,2726.0,224045.0,224168.0
2026-02-27 09:00:00,1148.0,1152.0,1145.0,1152.0,4931.0,224168.0,224549.0
2026-02-27 10:00:00,1152.0,1155.0,1150.0,1154.0,3209.0,224549.0,224920.0
2026-02-27 11:00:00,1154.0,1154.0,1149.0,1151.0,1082.0,224920.0,224917.0
2026-02-27 13:00:00,1151.0,1154.0,1150.0,1153.0,1330.0,224917.0,224999.0
2026-02-27 14:00:00,1153.0,1167.0,1150.0,1166.0,9982.0,224999.0,226994.0
2026-02-27 21:00:00,1172.0,1181.0,1155.0,1159.0,35521.0,226994.0,229101.0
2026-02-27 22:00:00,1159.0,1162.0,1156.0,1159.0,6703.0,229101.0,229189.0
2026-03-02 09:00:00,1159.0,1166.0,1146.0,1148.0,24612.0,229189.0,233299.0
2026-03-02 10:00:00,1148.0,1150.0,1145.0,1148.0,10679.0,233299.0,235206.0
2026-03-02 11:00:00,1148.0,1153.0,1145.0,1151.0,8599.0,235206.0,238465.0
2026-03-02 13:00:00,1151.0,1155.0,1150.0,1154.0,4724.0,238465.0,239040.0
2026-03-02 14:00:00,1154.0,1158.0,1152.0,1154.0,7110.0,239040.0,239979.0
2026-03-02 21:00:00,1152.0,1153.0,1146.0,1147.0,10465.0,239979.0,240632.0
2026-03-02 22:00:00,1147.0,1148.0,1140.0,1143.0,8288.0,240632.0,240641.0
2026-03-03 09:00:00,1143.0,1150.0,1142.0,1144.0,8635.0,240641.0,241665.0
2026-03-03 10:00:00,1144.0,1154.0,1141.0,1149.0,11072.0,241665.0,242320.0
2026-03-03 11:00:00,1149.0,1156.0,1149.0,1153.0,4800.0,242320.0,243601.0
2026-03-03 13:00:00,1153.0,1159.0,1151.0,1153.0,9645.0,243601.0,244136.0
2026-03-03 14:00:00,1153.0,1170.0,1150.0,1170.0,26294.0,244136.0,242983.0
2026-03-03 21:00:00,1173.0,1173.0,1162.0,1171.0,26783.0,242983.0,243610.0
2026-03-03 22:00:00,1171.0,1172.0,1163.0,1167.0,11808.0,243610.0,243137.0
2026-03-04 09:00:00,1167.0,1172.0,1162.0,1165.0,14336.0,243137.0,242018.0
2026-03-04 10:00:00,1165.0,1166.0,1155.0,1160.0,9385.0,242018.0,240925.0
2026-03-04 11:00:00,1160.0,1164.0,1159.0,1162.0,2919.0,240925.0,241167.0
2026-03-04 13:00:00,1162.0,1164.0,1159.0,1162.0,3221.0,241167.0,241658.0
2026-03-04 14:00:00,1162.0,1162.0,1156.0,1158.0,8061.0,241658.0,241354.0
2026-03-04 21:00:00,1157.0,1162.0,1156.0,1161.0,12558.0,241354.0,245113.0
2026-03-04 22:00:00,1161.0,1163.0,1156.0,1158.0,5564.0,245113.0,246026.0
2026-03-05 09:00:00,1158.0,1161.0,1153.0,1159.0,11148.0,246026.0,248029.0
2026-03-05 10:00:00,1159.0,1164.0,1156.0,1160.0,12336.0,248029.0,250084.0
2026-03-05 11:00:00,1160.0,1171.0,1159.0,1167.0,9330.0,250084.0,250927.0
2026-03-05 13:00:00,1167.0,1176.0,1164.0,1165.0,15788.0,250927.0,249512.0
2026-03-05 14:00:00,1165.0,1170.0,1159.0,1164.0,13827.0,249512.0,247816.0
2026-03-05 21:00:00,1166.0,1174.0,1163.0,1168.0,15191.0,247816.0,247761.0
2026-03-05 22:00:00,1168.0,1170.0,1165.0,1168.0,3295.0,247761.0,247576.0
2026-03-06 09:00:00,1168.0,1175.0,1162.0,1174.0,13095.0,247576.0,250062.0
2026-03-06 10:00:00,1174.0,1177.0,1171.0,1175.0,5997.0,250062.0,250678.0
2026-03-06 11:00:00,1175.0,1177.0,1173.0,1176.0,3809.0,250678.0,250805.0
2026-03-06 13:00:00,1176.0,1183.0,1174.0,1182.0,7556.0,250805.0,252314.0
2026-03-06 14:00:00,1182.0,1201.0,1180.0,1194.0,33807.0,252314.0,254818.0
2026-03-06 21:00:00,1202.0,1217.0,1196.0,1204.0,31541.0,254818.0,253192.0
2026-03-06 22:00:00,1204.0,1212.0,1203.0,1210.0,10633.0,253192.0,253278.0
2026-03-09 09:00:00,1210.0,1263.0,1210.0,1259.0,90303.0,253278.0,248768.0
2026-03-09 10:00:00,1259.0,1271.0,1251.0,1255.0,34016.0,248768.0,251309.0
2026-03-09 11:00:00,1255.0,1257.0,1239.0,1251.0,32885.0,251309.0,253402.0
2026-03-09 13:00:00,1241.0,1243.0,1203.0,1210.0,46037.0,253402.0,248178.0
2026-03-09 14:00:00,1210.0,1217.0,1201.0,1211.0,30908.0,248178.0,245573.0
2026-03-09 21:00:00,1208.0,1218.0,1197.0,1206.0,30189.0,245573.0,245281.0
2026-03-09 22:00:00,1206.0,1214.0,1205.0,1211.0,11503.0,245281.0,244772.0
2026-03-10 09:00:00,1211.0,1211.0,1175.0,1188.0,53896.0,244772.0,242173.0
2026-03-10 10:00:00,1188.0,1194.0,1184.0,1190.0,10656.0,242173.0,241642.0
2026-03-10 11:00:00,1190.0,1195.0,1188.0,1193.0,5989.0,241642.0,241132.0
2026-03-10 13:00:00,1193.0,1194.0,1188.0,1193.0,5067.0,241132.0,241266.0
2026-03-10 14:00:00,1193.0,1195.0,1189.0,1193.0,9384.0,241266.0,242475.0
2026-03-10 21:00:00,1197.0,1200.0,1189.0,1192.0,15182.0,242475.0,243023.0
2026-03-10 22:00:00,1192.0,1196.0,1190.0,1191.0,6962.0,243023.0,242193.0
2026-03-11 09:00:00,1191.0,1204.0,1188.0,1201.0,15871.0,242193.0,243018.0
2026-03-11 10:00:00,1201.0,1207.0,1201.0,1206.0,8542.0,243018.0,242888.0
2026-03-11 11:00:00,1206.0,1211.0,1205.0,1209.0,7167.0,242888.0,243047.0
2026-03-11 13:00:00,1209.0,1225.0,1209.0,1217.0,25818.0,243047.0,242855.0
2026-03-11 14:00:00,1217.0,1227.0,1215.0,1225.0,22780.0,242855.0,242707.0
2026-03-11 21:00:00,1241.0,1245.0,1224.0,1226.0,38792.0,242707.0,244592.0
2026-03-11 22:00:00,1226.0,1236.0,1225.0,1231.0,12748.0,244592.0,244615.0
2026-03-12 09:00:00,1231.0,1251.0,1231.0,1250.0,28129.0,244615.0,244995.0
2026-03-12 10:00:00,1250.0,1261.0,1236.0,1237.0,29660.0,244995.0,241279.0
2026-03-12 11:00:00,1237.0,1240.0,1231.0,1238.0,17787.0,241279.0,244098.0
2026-03-12 13:00:00,1237.0,1237.0,1226.0,1227.0,14520.0,244098.0,243591.0
2026-03-12 14:00:00,1227.0,1233.0,1224.0,1228.0,17830.0,243591.0,242496.0
2026-03-12 21:00:00,1233.0,1250.0,1230.0,1245.0,29645.0,242496.0,243679.0
2026-03-12 22:00:00,1245.0,1252.0,1242.0,1249.0,14937.0,243679.0,242528.0
2026-03-13 09:00:00,1249.0,1255.0,1243.0,1253.0,20467.0,242528.0,244610.0
2026-03-13 10:00:00,1253.0,1257.0,1250.0,1253.0,8775.0,244610.0,244399.0
2026-03-13 11:00:00,1253.0,1257.0,1249.0,1250.0,4795.0,244399.0,244400.0
2026-03-13 13:00:00,1250.0,1258.0,1244.0,1247.0,10619.0,244400.0,243207.0
2026-03-13 14:00:00,1247.0,1250.0,1242.0,1248.0,16770.0,243207.0,242046.0
2026-03-13 21:00:00,1245.0,1251.0,1223.0,1249.0,29564.0,242046.0,244149.0
2026-03-13 22:00:00,1249.0,1253.0,1247.0,1251.0,13712.0,244149.0,243996.0
2026-03-16 09:00:00,1251.0,1254.0,1242.0,1253.0,39522.0,243996.0,250156.0
2026-03-16 10:00:00,1253.0,1255.0,1233.0,1237.0,28834.0,250156.0,254849.0
2026-03-16 11:00:00,1237.0,1238.0,1232.0,1236.0,9714.0,254849.0,255474.0
2026-03-16 13:00:00,1237.0,1243.0,1234.0,1235.0,12529.0,255474.0,258103.0
2026-03-16 14:00:00,1235.0,1239.0,1231.0,1233.0,13675.0,258103.0,259134.0
2026-03-16 21:00:00,1228.0,1233.0,1212.0,1214.0,36845.0,259134.0,262712.0
2026-03-16 22:00:00,1214.0,1222.0,1213.0,1219.0,10457.0,262712.0,262485.0
2026-03-17 09:00:00,1219.0,1230.0,1218.0,1228.0,16976.0,262485.0,265158.0
2026-03-17 10:00:00,1228.0,1231.0,1223.0,1225.0,6743.0,265158.0,265829.0
2026-03-17 11:00:00,1225.0,1232.0,1222.0,1229.0,6335.0,265829.0,267193.0
2026-03-17 13:00:00,1227.0,1233.0,1226.0,1231.0,5476.0,267193.0,267449.0
2026-03-17 14:00:00,1231.0,1232.0,1220.0,1222.0,14513.0,267449.0,268566.0
2026-03-17 21:00:00,1222.0,1229.0,1219.0,1224.0,17842.0,268566.0,273153.0
2026-03-17 22:00:00,1224.0,1226.0,1220.0,1222.0,7958.0,273153.0,274784.0
2026-03-18 09:00:00,1222.0,1223.0,1200.0,1202.0,40424.0,274784.0,278691.0
2026-03-18 10:00:00,1202.0,1205.0,1192.0,1195.0,25431.0,278691.0,284532.0
2026-03-18 11:00:00,1195.0,1199.0,1192.0,1198.0,9968.0,284532.0,286792.0
2026-03-18 13:00:00,1197.0,1199.0,1195.0,1198.0,6670.0,286792.0,286619.0
2026-03-18 14:00:00,1198.0,1201.0,1193.0,1194.0,13889.0,286619.0,287029.0
2026-03-18 21:00:00,1203.0,1209.0,1195.0,1197.0,36039.0,287029.0,290583.0
2026-03-18 22:00:00,1197.0,1202.0,1196.0,1198.0,9648.0,290583.0,291990.0
2026-03-19 09:00:00,1198.0,1206.0,1191.0,1197.0,25654.0,291990.0,298521.0
2026-03-19 10:00:00,1197.0,1199.0,1183.0,1188.0,15411.0,298521.0,299113.0
2026-03-19 11:00:00,1188.0,1191.0,1184.0,1187.0,7982.0,299113.0,298974.0
2026-03-19 13:00:00,1188.0,1190.0,1185.0,1185.0,6293.0,298974.0,298805.0
2026-03-19 14:00:00,1185.0,1194.0,1179.0,1191.0,28226.0,298805.0,297927.0
2026-03-19 21:00:00,1187.0,1189.0,1180.0,1186.0,29541.0,297927.0,303007.0
2026-03-19 22:00:00,1186.0,1188.0,1183.0,1185.0,9242.0,303007.0,304698.0
2026-03-20 09:00:00,1185.0,1196.0,1181.0,1192.0,20095.0,304698.0,307952.0
2026-03-20 10:00:00,1192.0,1195.0,1188.0,1191.0,7471.0,307952.0,309130.0
2026-03-20 11:00:00,1191.0,1195.0,1190.0,1192.0,7094.0,309130.0,312095.0
2026-03-20 13:00:00,1192.0,1193.0,1187.0,1189.0,9838.0,312095.0,314103.0
2026-03-20 14:00:00,1189.0,1191.0,1180.0,1181.0,14811.0,314103.0,315246.0
2026-03-20 21:00:00,1177.0,1206.0,1170.0,1206.0,64385.0,315246.0,326494.0
2026-03-20 22:00:00,1206.0,1216.0,1199.0,1214.0,37447.0,326494.0,324559.0
2026-03-23 09:00:00,1214.0,1229.0,1207.0,1227.0,67922.0,324559.0,329185.0
2026-03-23 10:00:00,1227.0,1229.0,1216.0,1223.0,24692.0,329185.0,327881.0
2026-03-23 11:00:00,1223.0,1226.0,1221.0,1224.0,6662.0,327881.0,327352.0
2026-03-23 13:00:00,1224.0,1235.0,1221.0,1230.0,22021.0,327352.0,326830.0
2026-03-23 14:00:00,1230.0,1243.0,1227.0,1231.0,43196.0,326830.0,324813.0
2026-03-23 21:00:00,1215.0,1226.0,1205.0,1219.0,88260.0,324813.0,325030.0
2026-03-23 22:00:00,1219.0,1220.0,1213.0,1216.0,14240.0,325030.0,324843.0
2026-03-24 09:00:00,1216.0,1228.0,1216.0,1222.0,26370.0,324843.0,326781.0
2026-03-24 10:00:00,1222.0,1227.0,1220.0,1221.0,13457.0,326781.0,327773.0
2026-03-24 11:00:00,1221.0,1226.0,1221.0,1223.0,7723.0,327773.0,327260.0
2026-03-24 13:00:00,1223.0,1228.0,1222.0,1223.0,12239.0,327260.0,327512.0
2026-03-24 14:00:00,1223.0,1224.0,1213.0,1214.0,20922.0,327512.0,327319.0
2026-03-24 21:00:00,1217.0,1225.0,1215.0,1217.0,28641.0,327319.0,334199.0
2026-03-24 22:00:00,1217.0,1218.0,1210.0,1213.0,21910.0,334199.0,334830.0
2026-03-25 09:00:00,1213.0,1213.0,1195.0,1203.0,52425.0,334830.0,338040.0
2026-03-25 10:00:00,1203.0,1206.0,1200.0,1205.0,10660.0,338040.0,340475.0
2026-03-25 11:00:00,1205.0,1206.0,1200.0,1202.0,6615.0,340475.0,341596.0
2026-03-25 13:00:00,1202.0,1209.0,1201.0,1205.0,10853.0,341596.0,343526.0
2026-03-25 14:00:00,1205.0,1208.0,1202.0,1204.0,20234.0,343526.0,346330.0
2026-03-25 21:00:00,1202.0,1204.0,1190.0,1194.0,40318.0,346330.0,351194.0
2026-03-25 22:00:00,1194.0,1196.0,1192.0,1195.0,9127.0,351194.0,351811.0
2026-03-26 09:00:00,1195.0,1202.0,1188.0,1189.0,34195.0,351811.0,358864.0
2026-03-26 10:00:00,1189.0,1190.0,1182.0,1186.0,27920.0,358864.0,361093.0
2026-03-26 11:00:00,1186.0,1188.0,1184.0,1185.0,7215.0,361093.0,362337.0
2026-03-26 13:00:00,1184.0,1188.0,1182.0,1184.0,12755.0,362337.0,364194.0
2026-03-26 14:00:00,1184.0,1186.0,1174.0,1184.0,41562.0,364194.0,367435.0
2026-03-26 21:00:00,1186.0,1190.0,1175.0,1181.0,43788.0,367435.0,372111.0
2026-03-26 22:00:00,1181.0,1187.0,1178.0,1185.0,25897.0,372111.0,375105.0
2026-03-27 09:00:00,1185.0,1188.0,1179.0,1179.0,39037.0,375105.0,381895.0
2026-03-27 10:00:00,1179.0,1181.0,1172.0,1173.0,18122.0,381895.0,385367.0
2026-03-27 11:00:00,1173.0,1179.0,1172.0,1178.0,9466.0,385367.0,386041.0
2026-03-27 13:00:00,1178.0,1182.0,1174.0,1178.0,11020.0,386041.0,387509.0
2026-03-27 14:00:00,1178.0,1182.0,1175.0,1179.0,15797.0,387509.0,389603.0
2026-03-27 21:00:00,1185.0,1187.0,1176.0,1183.0,36000.0,389603.0,391643.0
2026-03-27 22:00:00,1183.0,1189.0,1181.0,1186.0,20942.0,391643.0,387505.0
2026-03-30 09:00:00,1186.0,1193.0,1183.0,1185.0,41868.0,387505.0,390298.0
2026-03-30 10:00:00,1185.0,1188.0,1180.0,1181.0,25573.0,390298.0,389217.0
2026-03-30 11:00:00,1181.0,1182.0,1178.0,1182.0,8424.0,389217.0,389245.0
2026-03-30 13:00:00,1181.0,1188.0,1181.0,1185.0,14260.0,389245.0,390675.0
2026-03-30 14:00:00,1185.0,1187.0,1179.0,1182.0,21055.0,390675.0,388731.0
2026-03-30 21:00:00,1179.0,1180.0,1166.0,1172.0,47385.0,388731.0,389918.0
2026-03-30 22:00:00,1172.0,1173.0,1170.0,1171.0,10251.0,389918.0,390644.0
2026-03-31 09:00:00,1171.0,1174.0,1156.0,1162.0,67941.0,390644.0,386955.0
2026-03-31 10:00:00,1162.0,1168.0,1157.0,1164.0,26167.0,386955.0,385668.0
2026-03-31 11:00:00,1164.0,1165.0,1155.0,1157.0,18678.0,385668.0,388548.0
2026-03-31 13:00:00,1157.0,1160.0,1157.0,1159.0,12703.0,388548.0,391015.0
2026-03-31 14:00:00,1159.0,1160.0,1150.0,1151.0,45075.0,391015.0,387502.0
2026-03-31 21:00:00,1153.0,1154.0,1130.0,1138.0,75522.0,387502.0,400180.0
2026-03-31 22:00:00,1138.0,1138.0,1135.0,1137.0,11740.0,400180.0,401763.0
2026-04-01 09:00:00,1137.0,1145.0,1135.0,1143.0,33493.0,401763.0,406030.0
2026-04-01 10:00:00,1143.0,1150.0,1140.0,1145.0,20614.0,406030.0,410976.0
2026-04-01 11:00:00,1145.0,1146.0,1140.0,1143.0,10829.0,410976.0,413977.0
2026-04-01 13:00:00,1143.0,1143.0,1131.0,1133.0,26266.0,413977.0,417376.0
2026-04-01 14:00:00,1133.0,1135.0,1130.0,1131.0,34988.0,417376.0,420728.0
2026-04-01 21:00:00,1135.0,1139.0,1130.0,1133.0,39644.0,420728.0,426332.0
2026-04-01 22:00:00,1133.0,1134.0,1124.0,1130.0,32275.0,426332.0,429500.0
2026-04-02 09:00:00,1130.0,1139.0,1128.0,1131.0,41243.0,429500.0,427752.0
2026-04-02 10:00:00,1131.0,1135.0,1129.0,1135.0,17587.0,427752.0,430377.0
2026-04-02 11:00:00,1135.0,1135.0,1131.0,1133.0,7445.0,430377.0,431040.0
2026-04-02 13:00:00,1133.0,1138.0,1132.0,1133.0,12953.0,431040.0,433187.0
2026-04-02 14:00:00,1133.0,1138.0,1125.0,1137.0,46976.0,433187.0,434195.0
2026-04-02 21:00:00,1139.0,1143.0,1125.0,1127.0,48321.0,434195.0,441016.0
2026-04-02 22:00:00,1127.0,1130.0,1121.0,1128.0,29837.0,441016.0,442109.0
2026-04-03 09:00:00,1128.0,1130.0,1124.0,1128.0,17964.0,442109.0,443274.0
2026-04-03 10:00:00,1128.0,1130.0,1124.0,1127.0,10375.0,443274.0,444032.0
2026-04-03 11:00:00,1127.0,1127.0,1123.0,1124.0,5235.0,444032.0,444904.0
2026-04-03 13:00:00,1124.0,1125.0,1120.0,1124.0,13513.0,444904.0,445949.0
2026-04-03 14:00:00,1124.0,1126.0,1118.0,1120.0,25191.0,445949.0,443195.0
2026-04-07 09:00:00,1119.0,1125.0,1112.0,1112.0,54001.0,443195.0,445433.0
2026-04-07 10:00:00,1112.0,1119.0,1103.0,1111.0,49735.0,445433.0,455202.0
2026-04-07 11:00:00,1111.0,1111.0,1107.0,1108.0,27180.0,455202.0,460322.0
2026-04-07 13:00:00,1107.0,1112.0,1099.0,1100.0,34532.0,460322.0,470667.0
2026-04-07 14:00:00,1100.0,1105.0,1093.0,1095.0,66979.0,470667.0,488829.0
2026-04-07 21:00:00,1097.0,1098.0,1087.0,1093.0,68513.0,488829.0,502127.0
2026-04-07 22:00:00,1093.0,1093.0,1090.0,1092.0,15580.0,502127.0,502839.0
2026-04-08 09:00:00,1092.0,1106.0,1085.0,1102.0,102098.0,502839.0,519783.0
2026-04-08 10:00:00,1102.0,1104.0,1097.0,1100.0,26078.0,519783.0,525199.0
2026-04-08 11:00:00,1100.0,1100.0,1095.0,1098.0,13050.0,525199.0,528511.0
2026-04-08 13:00:00,1098.0,1100.0,1096.0,1097.0,21216.0,528511.0,534122.0
2026-04-08 14:00:00,1097.0,1099.0,1093.0,1094.0,26937.0,534122.0,537279.0
2026-04-08 21:00:00,1091.0,1101.0,1091.0,1095.0,59540.0,537279.0,551927.0
2026-04-08 22:00:00,1095.0,1096.0,1090.0,1094.0,26244.0,551927.0,554617.0
2026-04-09 09:00:00,1094.0,1095.0,1089.0,1093.0,36846.0,554617.0,561473.0
2026-04-09 10:00:00,1093.0,1096.0,1090.0,1093.0,19049.0,561473.0,563921.0
2026-04-09 11:00:00,1093.0,1093.0,1091.0,1091.0,8808.0,563921.0,566290.0
2026-04-09 13:00:00,1091.0,1092.0,1089.0,1091.0,18331.0,566290.0,572563.0
2026-04-09 14:00:00,1091.0,1091.0,1080.0,1081.0,74235.0,572563.0,590203.0
2026-04-09 21:00:00,1082.0,1082.0,1069.0,1074.0,88396.0,590203.0,612777.0
2026-04-09 22:00:00,1074.0,1077.0,1073.0,1075.0,29900.0,612777.0,616000.0
2026-04-10 09:00:00,1075.0,1086.0,1072.0,1079.0,93171.0,616000.0,623963.0
2026-04-10 10:00:00,1079.0,1082.0,1075.0,1079.0,34951.0,623963.0,632833.0
2026-04-10 11:00:00,1079.0,1089.0,1078.0,1085.0,59917.0,632833.0,635365.0
2026-04-10 13:00:00,1085.0,1087.0,1082.0,1082.0,23049.0,635365.0,637720.0
2026-04-10 14:00:00,1082.0,1083.0,1071.0,1072.0,65870.0,637720.0,650728.0
2026-04-10 21:00:00,1074.0,1078.0,1070.0,1071.0,56275.0,650728.0,658196.0
2026-04-10 22:00:00,1071.0,1077.0,1070.0,1075.0,39712.0,658196.0,660836.0
2026-04-13 09:00:00,1075.0,1080.0,1066.0,1068.0,73483.0,660836.0,674541.0
2026-04-13 10:00:00,1068.0,1070.0,1063.0,1069.0,51101.0,674541.0,689873.0
2026-04-13 11:00:00,1069.0,1069.0,1064.0,1068.0,22706.0,689873.0,696337.0
2026-04-13 13:00:00,1068.0,1069.0,1066.0,1068.0,26128.0,696337.0,702935.0
2026-04-13 14:00:00,1068.0,1071.0,1061.0,1063.0,62182.0,702935.0,716678.0
2026-04-13 21:00:00,1063.0,1071.0,1062.0,1068.0,89780.0,716678.0,732712.0
2026-04-13 22:00:00,1068.0,1071.0,1067.0,1068.0,24150.0,732712.0,733456.0
2026-04-14 09:00:00,1068.0,1073.0,1065.0,1067.0,74488.0,733456.0,746905.0
2026-04-14 10:00:00,1067.0,1071.0,1066.0,1069.0,24736.0,746905.0,750465.0
2026-04-14 11:00:00,1069.0,1073.0,1068.0,1071.0,25733.0,750465.0,757305.0
2026-04-14 13:00:00,1071.0,1072.0,1067.0,1069.0,22572.0,757305.0,760058.0
2026-04-14 14:00:00,1069.0,1072.0,1068.0,1069.0,39396.0,760058.0,766259.0
2026-04-14 21:00:00,1068.0,1077.0,1066.0,1068.0,129542.0,766259.0,786003.0
2026-04-14 22:00:00,1068.0,1070.0,1066.0,1068.0,35256.0,786003.0,787497.0
2026-04-15 09:00:00,1068.0,1069.0,1063.0,1068.0,68790.0,787497.0,809421.0
2026-04-15 10:00:00,1068.0,1071.0,1066.0,1068.0,33907.0,809421.0,810721.0
2026-04-15 11:00:00,1068.0,1070.0,1065.0,1069.0,26262.0,810721.0,817515.0
2026-04-15 13:00:00,1069.0,1071.0,1067.0,1068.0,26417.0,817515.0,823322.0
2026-04-15 14:00:00,1068.0,1073.0,1065.0,1072.0,72489.0,823322.0,837476.0
2026-04-15 21:00:00,1072.0,1074.0,1063.0,1065.0,243516.0,837476.0,936497.0
2026-04-15 22:00:00,1065.0,1067.0,1063.0,1066.0,59283.0,936497.0,945215.0
2026-04-16 09:00:00,1066.0,1067.0,1056.0,1059.0,173460.0,945215.0,1004384.0
2026-04-16 10:00:00,1059.0,1062.0,1057.0,1058.0,48567.0,1004384.0,1019862.0
2026-04-16 11:00:00,1058.0,1059.0,1055.0,1057.0,32509.0,1019862.0,1030275.0
2026-04-16 13:00:00,1057.0,1059.0,1056.0,1056.0,36545.0,1030275.0,1042976.0
2026-04-16 14:00:00,1056.0,1063.0,1052.0,1062.0,139723.0,1042976.0,1063157.0
2026-04-16 21:00:00,1062.0,1064.0,1047.0,1050.0,276946.0,1063157.0,1183090.0
2026-04-16 22:00:00,1050.0,1052.0,1048.0,1051.0,80104.0,1183090.0,1205134.0
2026-04-17 09:00:00,1051.0,1061.0,1051.0,1057.0,164383.0,1205134.0,1210068.0
2026-04-17 10:00:00,1057.0,1080.0,1055.0,1080.0,234131.0,1210068.0,1200177.0
2026-04-17 11:00:00,1080.0,1085.0,1075.0,1078.0,283470.0,1200177.0,1181216.0
2026-04-17 13:00:00,1078.0,1082.0,1076.0,1077.0,92630.0,1181216.0,1186470.0
2026-04-17 14:00:00,1077.0,1081.0,1074.0,1078.0,173503.0,1186470.0,1182437.0
2026-04-17 21:00:00,1078.0,1090.0,1074.0,1081.0,347083.0,1182437.0,1196038.0
2026-04-17 22:00:00,1081.0,1081.0,1078.0,1080.0,62773.0,1196038.0,1187028.0
2026-04-20 09:00:00,1080.0,1083.0,1076.0,1082.0,127589.0,1187028.0,1204739.0
2026-04-20 10:00:00,1082.0,1084.0,1079.0,1082.0,63560.0,1204739.0,1208916.0
2026-04-20 11:00:00,1082.0,1093.0,1081.0,1091.0,117823.0,1208916.0,1207107.0
2026-04-20 13:00:00,1090.0,1094.0,1087.0,1090.0,100299.0,1207107.0,1212546.0
2026-04-20 14:00:00,1090.0,1093.0,1088.0,1091.0,112463.0,1212546.0,1216666.0
2026-04-20 21:00:00,1086.0,1094.0,1085.0,1090.0,170388.0,1216666.0,1235781.0
2026-04-20 22:00:00,1090.0,1092.0,1088.0,1090.0,52718.0,1235781.0,1230626.0
2026-04-21 09:00:00,1090.0,1091.0,1080.0,1084.0,171163.0,1230626.0,1240971.0
2026-04-21 10:00:00,1084.0,1086.0,1082.0,1086.0,49171.0,1240971.0,1245036.0
2026-04-21 11:00:00,1086.0,1087.0,1083.0,1085.0,38841.0,1245036.0,1245627.0
2026-04-21 13:00:00,1086.0,1086.0,1070.0,1074.0,222999.0,1245627.0,1271844.0
2026-04-21 14:00:00,1074.0,1078.0,1072.0,1077.0,126446.0,1271844.0,1272773.0
2026-04-21 21:00:00,1077.0,1081.0,1074.0,1079.0,147282.0,1272773.0,1287954.0
2026-04-21 22:00:00,1079.0,1081.0,1078.0,1079.0,59743.0,1287954.0,1282665.0
2026-04-22 09:00:00,1079.0,1086.0,1072.0,1083.0,166781.0,1282665.0,1292733.0
2026-04-22 10:00:00,1083.0,1089.0,1081.0,1086.0,126112.0,1292733.0,1284459.0
2026-04-22 11:00:00,1086.0,1089.0,1085.0,1087.0,60261.0,1284459.0,1284636.0
2026-04-22 13:00:00,1087.0,1088.0,1083.0,1085.0,63305.0,1284636.0,1282595.0
2026-04-22 14:00:00,1085.0,1089.0,1082.0,1088.0,105691.0,1282595.0,1274996.0
2026-04-22 21:00:00,1094.0,1104.0,1093.0,1103.0,401415.0,1274996.0,1285758.0
2026-04-22 22:00:00,1103.0,1103.0,1095.0,1098.0,127524.0,1285758.0,1272974.0
2026-04-23 09:00:00,1098.0,1098.0,1086.0,1089.0,165331.0,1272974.0,1266292.0
2026-04-23 10:00:00,1089.0,1092.0,1086.0,1089.0,67184.0,1266292.0,1271117.0
2026-04-23 11:00:00,1089.0,1089.0,1084.0,1087.0,64922.0,1271117.0,1266430.0
2026-04-23 13:00:00,1087.0,1092.0,1086.0,1091.0,49910.0,1266430.0,1269619.0
2026-04-23 14:00:00,1091.0,1091.0,1082.0,1084.0,128252.0,1269619.0,1264620.0
2026-04-23 21:00:00,1085.0,1090.0,1082.0,1088.0,134704.0,1264620.0,1272928.0
2026-04-23 22:00:00,1088.0,1089.0,1085.0,1087.0,49522.0,1272928.0,1268986.0
2026-04-24 09:00:00,1087.0,1092.0,1078.0,1081.0,176999.0,1268986.0,1263463.0
2026-04-24 10:00:00,1081.0,1088.0,1080.0,1085.0,78242.0,1263463.0,1262810.0
2026-04-24 11:00:00,1085.0,1086.0,1083.0,1084.0,32164.0,1262810.0,1261714.0
2026-04-24 13:00:00,1085.0,1085.0,1082.0,1084.0,26833.0,1261714.0,1263341.0
2026-04-24 14:00:00,1084.0,1084.0,1078.0,1079.0,98249.0,1263341.0,1254984.0
2026-04-24 21:00:00,1078.0,1090.0,1073.0,1084.0,260165.0,1254984.0,1270466.0
2026-04-24 22:00:00,1084.0,1085.0,1081.0,1084.0,58452.0,1270466.0,1261467.0
2026-04-27 09:00:00,1084.0,1084.0,1071.0,1080.0,278990.0,1261467.0,1293739.0
2026-04-27 10:00:00,1080.0,1081.0,1077.0,1078.0,48931.0,1293739.0,1295587.0
2026-04-27 11:00:00,1078.0,1080.0,1077.0,1078.0,26912.0,1295587.0,1294588.0
2026-04-27 13:00:00,1078.0,1081.0,1077.0,1077.0,46486.0,1294588.0,1299550.0
2026-04-27 14:00:00,1077.0,1077.0,1071.0,1073.0,136526.0,1299550.0,1309710.0
2026-04-27 21:00:00,1073.0,1076.0,1056.0,1058.0,370316.0,1309710.0,1362717.0
2026-04-27 22:00:00,1058.0,1061.0,1053.0,1056.0,153074.0,1362717.0,1380934.0
2026-04-28 09:00:00,1056.0,1059.0,1041.0,1041.0,388678.0,1380934.0,1455225.0
2026-04-28 10:00:00,1041.0,1045.0,1037.0,1041.0,207974.0,1455225.0,1485703.0
2026-04-28 11:00:00,1041.0,1045.0,1039.0,1043.0,90351.0,1485703.0,1498540.0
2026-04-28 13:00:00,1043.0,1046.0,1041.0,1043.0,89056.0,1498540.0,1502427.0
2026-04-28 14:00:00,1043.0,1045.0,1040.0,1042.0,153635.0,1502427.0,1503699.0
2026-04-28 21:00:00,1045.0,1045.0,1038.0,1044.0,214839.0,1503699.0,1522915.0
2026-04-28 22:00:00,1044.0,1045.0,1038.0,1039.0,91268.0,1522915.0,1511253.0
2026-04-29 09:00:00,1039.0,1042.0,1032.0,1038.0,223597.0,1511253.0,1524551.0
2026-04-29 10:00:00,1038.0,1042.0,1036.0,1038.0,117190.0,1524551.0,1524611.0
2026-04-29 11:00:00,1038.0,1041.0,1037.0,1039.0,38435.0,1524611.0,1522085.0
2026-04-29 13:00:00,1039.0,1041.0,1037.0,1038.0,38287.0,1522085.0,1522820.0
2026-04-29 14:00:00,1038.0,1041.0,1034.0,1036.0,137422.0,1522820.0,1523194.0
2026-04-29 21:00:00,1036.0,1039.0,1027.0,1032.0,232196.0,1523194.0,1554053.0
2026-04-29 22:00:00,1032.0,1032.0,1028.0,1029.0,62419.0,1554053.0,1544707.0
2026-04-30 09:00:00,1029.0,1042.0,1029.0,1038.0,215140.0,1544707.0,1514730.0
2026-04-30 10:00:00,1038.0,1049.0,1033.0,1048.0,214540.0,1514730.0,1499406.0
2026-04-30 11:00:00,1048.0,1057.0,1046.0,1055.0,260576.0,1499406.0,1465571.0
2026-04-30 13:00:00,1056.0,1059.0,1053.0,1056.0,184998.0,1465571.0,1435823.0
2026-04-30 14:00:00,1056.0,1058.0,1050.0,1057.0,237464.0,1435823.0,1371672.0
2026-05-06 09:00:00,1060.0,1068.0,1055.0,1067.0,344105.0,1371672.0,1372250.0
2026-05-06 10:00:00,1067.0,1073.0,1064.0,1064.0,182932.0,1372250.0,1365547.0
2026-05-06 11:00:00,1064.0,1066.0,1060.0,1064.0,74721.0,1365547.0,1359832.0
2026-05-06 13:00:00,1063.0,1066.0,1061.0,1064.0,61429.0,1359832.0,1365941.0
2026-05-06 14:00:00,1064.0,1071.0,1063.0,1067.0,167912.0,1365941.0,1372449.0
2026-05-06 21:00:00,1065.0,1067.0,1060.0,1064.0,195128.0,1372449.0,1384898.0
2026-05-06 22:00:00,1064.0,1066.0,1063.0,1065.0,51767.0,1384898.0,1376301.0
2026-05-07 09:00:00,1065.0,1072.0,1063.0,1063.0,198683.0,1376301.0,1372978.0
2026-05-07 10:00:00,1063.0,1071.0,1061.0,1069.0,115756.0,1372978.0,1372471.0
2026-05-07 11:00:00,1069.0,1075.0,1066.0,1073.0,107491.0,1372471.0,1367572.0
2026-05-07 13:00:00,1072.0,1077.0,1070.0,1074.0,102462.0,1367572.0,1370804.0
2026-05-07 14:00:00,1074.0,1084.0,1074.0,1078.0,299880.0,1370804.0,1358078.0
2026-05-07 21:00:00,1075.0,1079.0,1073.0,1076.0,184464.0,1358078.0,1358404.0
2026-05-07 22:00:00,1076.0,1077.0,1074.0,1076.0,54007.0,1358404.0,1349559.0
2026-05-08 09:00:00,1076.0,1079.0,1070.0,1074.0,152040.0,1349559.0,1349316.0
2026-05-08 10:00:00,1074.0,1075.0,1062.0,1064.0,215991.0,1349316.0,1333559.0
2026-05-08 11:00:00,1064.0,1066.0,1061.0,1063.0,77949.0,1333559.0,1335679.0
2026-05-08 13:00:00,1064.0,1065.0,1054.0,1055.0,157740.0,1335679.0,1345438.0
2026-05-08 14:00:00,1055.0,1057.0,1050.0,1055.0,243491.0,1345438.0,1348855.0
2026-05-08 21:00:00,1053.0,1063.0,1050.0,1058.0,222432.0,1348855.0,1343085.0
2026-05-08 22:00:00,1058.0,1060.0,1056.0,1057.0,70130.0,1343085.0,1335134.0
2026-05-11 09:00:00,1057.0,1066.0,1057.0,1065.0,190048.0,1335134.0,1333403.0
2026-05-11 10:00:00,1065.0,1071.0,1063.0,1071.0,152833.0,1333403.0,1338835.0
2026-05-11 11:00:00,1071.0,1075.0,1070.0,1072.0,108250.0,1338835.0,1333729.0
2026-05-11 13:00:00,1072.0,1073.0,1067.0,1070.0,62702.0,1333729.0,1333253.0
2026-05-11 14:00:00,1070.0,1073.0,1069.0,1070.0,100525.0,1333253.0,1318661.0
2026-05-11 21:00:00,1068.0,1071.0,1064.0,1068.0,194090.0,1318661.0,1323151.0
2026-05-11 22:00:00,1068.0,1071.0,1068.0,1070.0,56234.0,1323151.0,1325133.0
2026-05-12 09:00:00,1070.0,1074.0,1056.0,1058.0,240487.0,1325133.0,1331005.0
2026-05-12 10:00:00,1058.0,1058.0,1052.0,1052.0,172734.0,1331005.0,1346615.0
2026-05-12 11:00:00,1052.0,1055.0,1052.0,1055.0,40126.0,1346615.0,1347005.0
2026-05-12 13:00:00,1055.0,1056.0,1054.0,1055.0,47886.0,1347005.0,1345175.0
2026-05-12 14:00:00,1055.0,1059.0,1053.0,1056.0,144233.0,1345175.0,1337649.0
2026-05-12 21:00:00,1056.0,1064.0,1051.0,1063.0,212823.0,1337649.0,1332676.0
2026-05-12 22:00:00,1063.0,1068.0,1062.0,1068.0,148841.0,1332676.0,1319037.0
2026-05-13 09:00:00,1068.0,1074.0,1063.0,1065.0,225716.0,1319037.0,1324195.0
2026-05-13 10:00:00,1065.0,1067.0,1063.0,1066.0,61598.0,1324195.0,1325765.0
2026-05-13 11:00:00,1066.0,1068.0,1059.0,1062.0,73315.0,1325765.0,1323284.0
2026-05-13 13:00:00,1061.0,1063.0,1058.0,1061.0,63688.0,1323284.0,1325156.0
2026-05-13 14:00:00,1061.0,1070.0,1060.0,1066.0,203500.0,1325156.0,1334782.0
2026-05-13 21:00:00,1064.0,1068.0,1061.0,1061.0,154365.0,1334782.0,1333630.0
2026-05-13 22:00:00,1061.0,1062.0,1052.0,1053.0,245138.0,1333630.0,1353562.0
2026-05-14 09:00:00,1053.0,1055.0,1046.0,1050.0,231369.0,1353562.0,1361070.0
2026-05-14 10:00:00,1050.0,1055.0,1049.0,1050.0,71158.0,1361070.0,1368375.0
2026-05-14 11:00:00,1050.0,1051.0,1041.0,1049.0,186256.0,1368375.0,1399670.0
2026-05-14 13:00:00,1050.0,1055.0,1048.0,1050.0,105856.0,1399670.0,1380215.0
2026-05-14 14:00:00,1050.0,1052.0,1048.0,1051.0,107369.0,1380215.0,1373621.0
2026-05-14 21:00:00,1051.0,1054.0,1047.0,1052.0,154368.0,1373621.0,1378770.0
2026-05-14 22:00:00,1052.0,1055.0,1048.0,1050.0,82330.0,1378770.0,1369294.0
2026-05-15 09:00:00,1050.0,1055.0,1048.0,1049.0,101437.0,1369294.0,1362603.0
2026-05-15 10:00:00,1049.0,1051.0,1045.0,1050.0,88765.0,1362603.0,1365577.0
2026-05-15 11:00:00,1050.0,1051.0,1046.0,1046.0,29928.0,1365577.0,1363642.0
2026-05-15 13:00:00,1046.0,1046.0,1040.0,1043.0,115585.0,1363642.0,1381538.0
2026-05-15 14:00:00,1043.0,1043.0,1034.0,1037.0,229030.0,1381538.0,1408706.0
2026-05-15 21:00:00,1039.0,1043.0,1035.0,1042.0,154198.0,1408706.0,1411128.0
2026-05-15 22:00:00,1042.0,1042.0,1037.0,1039.0,48431.0,1411128.0,1407179.0
2026-05-18 09:00:00,1039.0,1039.0,1021.0,1033.0,366269.0,1407179.0,1468567.0
2026-05-18 10:00:00,1033.0,1045.0,1032.0,1043.0,286791.0,1468567.0,1422847.0
2026-05-18 11:00:00,1043.0,1045.0,1037.0,1040.0,75907.0,1422847.0,1413255.0
2026-05-18 13:00:00,1040.0,1045.0,1038.0,1044.0,69137.0,1413255.0,1419739.0
2026-05-18 14:00:00,1044.0,1044.0,1037.0,1038.0,103114.0,1419739.0,1414167.0
2026-05-18 21:00:00,1040.0,1042.0,1031.0,1033.0,168332.0,1414167.0,1440039.0
2026-05-18 22:00:00,1033.0,1034.0,1031.0,1033.0,73740.0,1440039.0,1442488.0
2026-05-19 09:00:00,1033.0,1033.0,1026.0,1027.0,154517.0,1442488.0,1476526.0
2026-05-19 10:00:00,1027.0,1028.0,1023.0,1024.0,96042.0,1476526.0,1507712.0
2026-05-19 11:00:00,1024.0,1025.0,1019.0,1022.0,119750.0,1507712.0,1535692.0
2026-05-19 13:00:00,1022.0,1027.0,1022.0,1025.0,68611.0,1535692.0,1546996.0
2026-05-19 14:00:00,1025.0,1027.0,1019.0,1021.0,157713.0,1546996.0,1575128.0
2026-05-19 21:00:00,1025.0,1025.0,1015.0,1023.0,265510.0,1575128.0,1602351.0
2026-05-19 22:00:00,1023.0,1027.0,1018.0,1020.0,131496.0,1602351.0,1597739.0
2026-05-20 09:00:00,1020.0,1021.0,1015.0,1017.0,135234.0,1597739.0,1610924.0
2026-05-20 10:00:00,1017.0,1017.0,1011.0,1015.0,128620.0,1610924.0,1622732.0
2026-05-20 11:00:00,1015.0,1016.0,1011.0,1012.0,37808.0,1622732.0,1627697.0
2026-05-20 13:00:00,1012.0,1015.0,1007.0,1015.0,119853.0,1627697.0,1632830.0
2026-05-20 14:00:00,1015.0,1016.0,1011.0,1013.0,122180.0,1632830.0,1625285.0
2026-05-20 21:00:00,1011.0,1018.0,1011.0,1015.0,148777.0,1625285.0,1633720.0
2026-05-20 22:00:00,1015.0,1016.0,1012.0,1013.0,58334.0,1633720.0,1633549.0
2026-05-21 09:00:00,1013.0,1035.0,1012.0,1027.0,424384.0,1633549.0,1590044.0
2026-05-21 10:00:00,1027.0,1040.0,1027.0,1037.0,305432.0,1590044.0,1588349.0
2026-05-21 11:00:00,1037.0,1039.0,1032.0,1035.0,105404.0,1588349.0,1575626.0
2026-05-21 13:00:00,1035.0,1035.0,1029.0,1030.0,118507.0,1575626.0,1585504.0
2026-05-21 14:00:00,1030.0,1035.0,1025.0,1028.0,220855.0,1585504.0,1556379.0
2026-05-21 21:00:00,1028.0,1033.0,1027.0,1030.0,175808.0,1556379.0,1558409.0
2026-05-21 22:00:00,1030.0,1032.0,1026.0,1029.0,77476.0,1558409.0,1547869.0
2026-05-22 09:00:00,1029.0,1033.0,1019.0,1024.0,211520.0,1547869.0,1540164.0
2026-05-22 10:00:00,1024.0,1024.0,1013.0,1014.0,131851.0,1540164.0,1553460.0
2026-05-22 11:00:00,1014.0,1021.0,1013.0,1018.0,97598.0,1553460.0,1547985.0
2026-05-22 13:00:00,1019.0,1020.0,1016.0,1019.0,48925.0,1547985.0,1548544.0
2026-05-22 14:00:00,1019.0,1021.0,1017.0,1020.0,95203.0,1548544.0,1533015.0
2026-05-22 21:00:00,1023.0,1023.0,1016.0,1019.0,135910.0,1533015.0,1548943.0
2026-05-22 22:00:00,1019.0,1020.0,1015.0,1019.0,79956.0,1548943.0,1547024.0
2026-05-25 09:00:00,1019.0,1057.0,1019.0,1034.0,604266.0,1547024.0,1487301.0
2026-05-25 10:00:00,1034.0,1039.0,1033.0,1038.0,99470.0,1487301.0,1495187.0
2026-05-25 11:00:00,1038.0,1038.0,1032.0,1034.0,60452.0,1495187.0,1488685.0
2026-05-25 13:00:00,1034.0,1040.0,1033.0,1039.0,66053.0,1488685.0,1493196.0
2026-05-25 14:00:00,1039.0,1046.0,1037.0,1044.0,193483.0,1493196.0,1479309.0
2026-05-25 21:00:00,1043.0,1046.0,1021.0,1023.0,399569.0,1479309.0,1507569.0
2026-05-25 22:00:00,1023.0,1027.0,1021.0,1025.0,131115.0,1507569.0,1508149.0
2026-05-26 09:00:00,1025.0,1030.0,1025.0,1029.0,145544.0,1508149.0,1500856.0
2026-05-26 10:00:00,1029.0,1029.0,1023.0,1023.0,73947.0,1500856.0,1503289.0
2026-05-26 11:00:00,1023.0,1027.0,1021.0,1025.0,44307.0,1503289.0,1504302.0
2026-05-26 13:00:00,1026.0,1031.0,1023.0,1025.0,69638.0,1504302.0,1495578.0
2026-05-26 14:00:00,1025.0,1026.0,1017.0,1023.0,219154.0,1495578.0,1522071.0
2026-05-26 21:00:00,1022.0,1029.0,1020.0,1027.0,176845.0,1522071.0,1520867.0
2026-05-26 22:00:00,1027.0,1037.0,1027.0,1030.0,264835.0,1520867.0,1493460.0
2026-05-27 09:00:00,1030.0,1035.0,1027.0,1034.0,125902.0,1493460.0,1495243.0
2026-05-27 10:00:00,1034.0,1038.0,1031.0,1035.0,110992.0,1495243.0,1483305.0
2026-05-27 11:00:00,1035.0,1041.0,1034.0,1038.0,111930.0,1483305.0,1477845.0
2026-05-27 13:00:00,1038.0,1043.0,1037.0,1038.0,135566.0,1477845.0,1461067.0
2026-05-27 14:00:00,1038.0,1039.0,1034.0,1037.0,114955.0,1461067.0,1439323.0
2026-05-27 21:00:00,1037.0,1042.0,1034.0,1039.0,181807.0,1439323.0,1443266.0
2026-05-27 22:00:00,1039.0,1041.0,1038.0,1041.0,55564.0,1443266.0,1429651.0
2026-05-28 09:00:00,1041.0,1041.0,1031.0,1036.0,167426.0,1429651.0,1429928.0
2026-05-28 10:00:00,1036.0,1037.0,1034.0,1036.0,39294.0,1429928.0,1424712.0
2026-05-28 11:00:00,1036.0,1040.0,1036.0,1038.0,35468.0,1424712.0,1424739.0
2026-05-28 13:00:00,1038.0,1040.0,1034.0,1038.0,51414.0,1424739.0,1427586.0
2026-05-28 14:00:00,1038.0,1043.0,1037.0,1038.0,114681.0,1427586.0,1426883.0
2026-05-28 21:00:00,1036.0,1046.0,1036.0,1045.0,201429.0,1426883.0,1429781.0
2026-05-28 22:00:00,1045.0,1049.0,1042.0,1045.0,177725.0,1429781.0,1408420.0
2026-05-29 09:00:00,1045.0,1051.0,1041.0,1050.0,200008.0,1408420.0,1400067.0
2026-05-29 10:00:00,1050.0,1055.0,1048.0,1050.0,173567.0,1400067.0,1392811.0
2026-05-29 11:00:00,1050.0,1051.0,1047.0,1049.0,66932.0,1392811.0,1387790.0
2026-05-29 13:00:00,1049.0,1052.0,1047.0,1048.0,51486.0,1387790.0,1382060.0
2026-05-29 14:00:00,1048.0,1062.0,1044.0,1057.0,281855.0,1382060.0,1371472.0
2026-05-29 21:00:00,1059.0,1065.0,1055.0,1056.0,242302.0,1371472.0,1355939.0
2026-05-29 22:00:00,1056.0,1058.0,1046.0,1051.0,246019.0,1355939.0,1324367.0
2026-06-01 09:00:00,1051.0,1056.0,1045.0,1056.0,237121.0,1324367.0,1337710.0
2026-06-01 10:00:00,1056.0,1060.0,1053.0,1058.0,142576.0,1337710.0,1340626.0
2026-06-01 11:00:00,1058.0,1059.0,1054.0,1056.0,40152.0,1340626.0,1336356.0
2026-06-01 13:00:00,1057.0,1061.0,1054.0,1059.0,78263.0,1336356.0,1344016.0
2026-06-01 14:00:00,1059.0,1060.0,1051.0,1056.0,126720.0,1344016.0,1329631.0
2026-06-01 21:00:00,1058.0,1058.0,1047.0,1050.0,194470.0,1329631.0,1337978.0
2026-06-01 22:00:00,1050.0,1053.0,1048.0,1053.0,57931.0,1337978.0,1326241.0
2026-06-02 09:00:00,1053.0,1053.0,1036.0,1039.0,268933.0,1326241.0,1344661.0
2026-06-02 10:00:00,1039.0,1042.0,1038.0,1040.0,89749.0,1344661.0,1349005.0
2026-06-02 11:00:00,1040.0,1042.0,1039.0,1041.0,38580.0,1349005.0,1345410.0
2026-06-02 13:00:00,1042.0,1047.0,1042.0,1045.0,81223.0,1345410.0,1335357.0
2026-06-02 14:00:00,1045.0,1046.0,1041.0,1043.0,94669.0,1335357.0,1319257.0
2026-06-02 21:00:00,1041.0,1049.0,1041.0,1049.0,153258.0,1319257.0,1330689.0
2026-06-02 22:00:00,1049.0,1054.0,1048.0,1051.0,136235.0,1330689.0,1322043.0
2026-06-03 09:00:00,1051.0,1053.0,1044.0,1047.0,149102.0,1322043.0,1306215.0
2026-06-03 10:00:00,1047.0,1048.0,1042.0,1047.0,66591.0,1306215.0,1303924.0
2026-06-03 11:00:00,1047.0,1049.0,1046.0,1047.0,27200.0,1303924.0,1304337.0
2026-06-03 13:00:00,1046.0,1049.0,1046.0,1048.0,26639.0,1304337.0,1304626.0
2026-06-03 14:00:00,1048.0,1050.0,1046.0,1049.0,71427.0,1304626.0,1302682.0
2026-06-03 21:00:00,1048.0,1052.0,1041.0,1046.0,218189.0,1302682.0,1307668.0
2026-06-03 22:00:00,1046.0,1047.0,1042.0,1043.0,97406.0,1307668.0,1308919.0
2026-06-04 09:00:00,1043.0,1043.0,1032.0,1033.0,229485.0,1308919.0,1319989.0
2026-06-04 10:00:00,1033.0,1034.0,1027.0,1029.0,135988.0,1319989.0,1340730.0
2026-06-04 11:00:00,1029.0,1031.0,1026.0,1030.0,66439.0,1340730.0,1344028.0
2026-06-04 13:00:00,1030.0,1032.0,1026.0,1029.0,64898.0,1344028.0,1350753.0
2026-06-04 14:00:00,1029.0,1035.0,1024.0,1031.0,183652.0,1350753.0,1336765.0
2026-06-04 21:00:00,1030.0,1034.0,1027.0,1031.0,170486.0,1336765.0,1349245.0
2026-06-04 22:00:00,1031.0,1032.0,1025.0,1025.0,89224.0,1349245.0,1354405.0
2026-06-05 09:00:00,1025.0,1027.0,1018.0,1020.0,198670.0,1354405.0,1385855.0
2026-06-05 10:00:00,1020.0,1021.0,1017.0,1017.0,82728.0,1385855.0,1403245.0
2026-06-05 11:00:00,1017.0,1018.0,1008.0,1014.0,207614.0,1403245.0,1465606.0
2026-06-05 13:00:00,1013.0,1014.0,1009.0,1012.0,85554.0,1465606.0,1489424.0
2026-06-05 14:00:00,1012.0,1013.0,1004.0,1010.0,243609.0,1489424.0,1511130.0
2026-06-05 21:00:00,1008.0,1010.0,1004.0,1008.0,226685.0,1511130.0,1541800.0
2026-06-05 22:00:00,1008.0,1012.0,1004.0,1011.0,145748.0,1541800.0,1538954.0
2026-06-08 09:00:00,1011.0,1012.0,1000.0,1000.0,311951.0,1538954.0,1563344.0
2026-06-08 10:00:00,1000.0,1005.0,1000.0,1003.0,125087.0,1563344.0,1575273.0
2026-06-08 11:00:00,1003.0,1004.0,1002.0,1003.0,32137.0,1575273.0,1574033.0
2026-06-08 13:00:00,1003.0,1009.0,1002.0,1007.0,106918.0,1574033.0,1583002.0
2026-06-08 14:00:00,1007.0,1012.0,1003.0,1004.0,163944.0,1583002.0,1580438.0
2026-06-08 21:00:00,1001.0,1004.0,996.0,998.0,313168.0,1580438.0,1631485.0
2026-06-08 22:00:00,998.0,1001.0,997.0,997.0,80321.0,1631485.0,1632262.0
2026-06-09 09:00:00,997.0,1004.0,993.0,996.0,249470.0,1632262.0,1667045.0
2026-06-09 10:00:00,996.0,1004.0,994.0,998.0,172561.0,1667045.0,1674003.0
2026-06-09 11:00:00,998.0,998.0,995.0,996.0,51945.0,1674003.0,1680483.0
2026-06-09 13:00:00,996.0,998.0,995.0,996.0,49190.0,1680483.0,1682504.0
2026-06-09 14:00:00,996.0,1000.0,993.0,995.0,184471.0,1682504.0,1689911.0
2026-06-09 21:00:00,994.0,997.0,989.0,993.0,245791.0,1689911.0,1714442.0
2026-06-09 22:00:00,993.0,994.0,988.0,989.0,144315.0,1714442.0,1737525.0
2026-06-10 09:00:00,989.0,992.0,983.0,991.0,328103.0,1737525.0,1763736.0
2026-06-10 10:00:00,991.0,999.0,990.0,994.0,249982.0,1763736.0,1740163.0
2026-06-10 11:00:00,994.0,995.0,990.0,992.0,73509.0,1740163.0,1726269.0
2026-06-10 13:00:00,992.0,994.0,991.0,992.0,49224.0,1726269.0,1725513.0
2026-06-10 14:00:00,992.0,994.0,989.0,989.0,153750.0,1725513.0,1721553.0
2026-06-10 21:00:00,990.0,995.0,987.0,989.0,302781.0,1721553.0,1783998.0
2026-06-10 22:00:00,989.0,992.0,988.0,990.0,75004.0,1783998.0,1780485.0
2026-06-11 09:00:00,990.0,991.0,982.0,987.0,273195.0,1780485.0,1828200.0
2026-06-11 10:00:00,987.0,987.0,982.0,985.0,92320.0,1828200.0,1840536.0
2026-06-11 11:00:00,985.0,994.0,984.0,993.0,202011.0,1840536.0,1818735.0
2026-06-11 13:00:00,993.0,998.0,990.0,991.0,154457.0,1818735.0,1802253.0
2026-06-11 14:00:00,991.0,994.0,990.0,991.0,147858.0,1802253.0,1795475.0
2026-06-11 21:00:00,989.0,992.0,987.0,990.0,199218.0,1795475.0,1826394.0
2026-06-11 22:00:00,990.0,990.0,987.0,987.0,57610.0,1826394.0,1827956.0
2026-06-12 09:00:00,987.0,993.0,984.0,992.0,236218.0,1827956.0,1843000.0
2026-06-12 10:00:00,992.0,992.0,989.0,990.0,65972.0,1843000.0,1848408.0
2026-06-12 11:00:00,990.0,995.0,989.0,993.0,83984.0,1848408.0,1834556.0
2026-06-12 13:00:00,993.0,993.0,987.0,987.0,90849.0,1834556.0,1846141.0
2026-06-12 14:00:00,987.0,988.0,983.0,987.0,178232.0,1846141.0,1853448.0
2026-06-12 21:00:00,988.0,1008.0,987.0,1006.0,714066.0,1853448.0,1800598.0
2026-06-12 22:00:00,1006.0,1010.0,1005.0,1008.0,237764.0,1800598.0,1761270.0
2026-06-15 09:00:00,1008.0,1010.0,999.0,1005.0,361909.0,1761270.0,1730961.0
2026-06-15 10:00:00,1005.0,1020.0,1004.0,1017.0,411919.0,1730961.0,1742099.0
2026-06-15 11:00:00,1017.0,1019.0,1012.0,1018.0,182138.0,1742099.0,1732869.0
2026-06-15 13:00:00,1018.0,1019.0,1012.0,1015.0,150048.0,1732869.0,1724986.0
2026-06-15 14:00:00,1015.0,1017.0,1012.0,1014.0,174274.0,1724986.0,1693791.0
2026-06-15 21:00:00,1015.0,1018.0,1009.0,1012.0,368620.0,1693791.0,1675923.0
2026-06-15 22:00:00,1012.0,1013.0,1009.0,1012.0,120598.0,1675923.0,1668140.0
2026-06-16 09:00:00,1012.0,1012.0,1003.0,1006.0,275537.0,1668140.0,1651009.0
2026-06-16 10:00:00,1006.0,1008.0,1004.0,1006.0,81671.0,1651009.0,1647903.0
2026-06-16 11:00:00,1006.0,1008.0,1005.0,1007.0,36306.0,1647903.0,1644156.0
2026-06-16 13:00:00,1007.0,1007.0,999.0,1002.0,184166.0,1644156.0,1646364.0
2026-06-16 14:00:00,1002.0,1005.0,1000.0,1004.0,158955.0,1646364.0,1636823.0
2026-06-16 21:00:00,1004.0,1015.0,1003.0,1011.0,356511.0,1636823.0,1649878.0
2026-06-16 22:00:00,1011.0,1011.0,1002.0,1004.0,198187.0,1649878.0,1656505.0
2026-06-17 09:00:00,1004.0,1007.0,1000.0,1007.0,156926.0,1656505.0,1674721.0
2026-06-17 10:00:00,1007.0,1007.0,1003.0,1004.0,57263.0,1674721.0,1669527.0
2026-06-17 11:00:00,1004.0,1005.0,1003.0,1004.0,24140.0,1669527.0,1667995.0
2026-06-17 13:00:00,1003.0,1005.0,1001.0,1004.0,56923.0,1667995.0,1670465.0
2026-06-17 14:00:00,1004.0,1005.0,994.0,996.0,292682.0,1670465.0,1685163.0
2026-06-17 21:00:00,994.0,996.0,988.0,989.0,376905.0,1685163.0,1733609.0
2026-06-17 22:00:00,989.0,991.0,987.0,988.0,115247.0,1733609.0,1731524.0
2026-06-18 09:00:00,988.0,994.0,987.0,990.0,208946.0,1731524.0,1717961.0
2026-06-18 10:00:00,990.0,992.0,983.0,986.0,155845.0,1717961.0,1721140.0
2026-06-18 11:00:00,986.0,988.0,984.0,985.0,56389.0,1721140.0,1719794.0
2026-06-18 13:00:00,985.0,987.0,978.0,978.0,185656.0,1719794.0,1735597.0
2026-06-18 14:00:00,978.0,983.0,975.0,978.0,343471.0,1735597.0,1744848.0
2026-06-22 09:00:00,976.0,985.0,975.0,981.0,348057.0,1744848.0,1773085.0
2026-06-22 10:00:00,981.0,981.0,975.0,977.0,94656.0,1773085.0,1783335.0
2026-06-22 11:00:00,977.0,979.0,973.0,977.0,69798.0,1783335.0,1793608.0
2026-06-22 13:00:00,977.0,981.0,977.0,978.0,77463.0,1793608.0,1795871.0
2026-06-22 14:00:00,978.0,979.0,974.0,977.0,148871.0,1795871.0,1801495.0
2026-06-22 21:00:00,975.0,977.0,964.0,967.0,427027.0,1801495.0,1888233.0
2026-06-22 22:00:00,967.0,972.0,966.0,969.0,150856.0,1888233.0,1863181.0
2026-06-23 09:00:00,969.0,979.0,969.0,973.0,324421.0,1863181.0,1854704.0
2026-06-23 10:00:00,973.0,973.0,968.0,968.0,119985.0,1854704.0,1856468.0
2026-06-23 11:00:00,968.0,970.0,965.0,965.0,62141.0,1856468.0,1858722.0
2026-06-23 13:00:00,965.0,967.0,963.0,964.0,118675.0,1858722.0,1875067.0
2026-06-23 14:00:00,964.0,968.0,962.0,967.0,149070.0,1875067.0,1863497.0
2026-06-23 21:00:00,967.0,970.0,965.0,968.0,185981.0,1863497.0,1873057.0
2026-06-23 22:00:00,968.0,973.0,968.0,969.0,147785.0,1873057.0,1862561.0
2026-06-24 09:00:00,969.0,972.0,968.0,971.0,125851.0,1862561.0,1867759.0
2026-06-24 10:00:00,971.0,983.0,969.0,981.0,404918.0,1867759.0,1824444.0
2026-06-24 11:00:00,981.0,982.0,977.0,978.0,82888.0,1824444.0,1812215.0
2026-06-24 13:00:00,978.0,980.0,974.0,975.0,76988.0,1812215.0,1812000.0
2026-06-24 14:00:00,975.0,977.0,972.0,973.0,154558.0,1812000.0,1804930.0
2026-06-24 21:00:00,975.0,982.0,973.0,981.0,323130.0,1804930.0,1812516.0
2026-06-24 22:00:00,981.0,981.0,975.0,975.0,88519.0,1812516.0,1803862.0
2026-06-25 09:00:00,975.0,982.0,972.0,978.0,211431.0,1803862.0,1795491.0
2026-06-25 10:00:00,978.0,980.0,973.0,978.0,98115.0,1795491.0,1789797.0
2026-06-25 11:00:00,978.0,979.0,976.0,978.0,35760.0,1789797.0,1789342.0
2026-06-25 13:00:00,978.0,979.0,970.0,974.0,136762.0,1789342.0,1787277.0
2026-06-25 14:00:00,974.0,976.0,971.0,975.0,130560.0,1787277.0,1772200.0
2026-06-25 21:00:00,975.0,978.0,971.0,973.0,187005.0,1772200.0,1784685.0
2026-06-25 22:00:00,973.0,973.0,970.0,971.0,88101.0,1784685.0,1792187.0
2026-06-26 09:00:00,971.0,977.0,958.0,975.0,647060.0,1792187.0,1832598.0
2026-06-26 10:00:00,975.0,975.0,966.0,968.0,132465.0,1832598.0,1819875.0
2026-06-26 11:00:00,968.0,972.0,968.0,970.0,49106.0,1819875.0,1820363.0
2026-06-26 13:00:00,970.0,972.0,969.0,970.0,50058.0,1820363.0,1819084.0
2026-06-26 14:00:00,970.0,975.0,965.0,968.0,217979.0,1819084.0,1806478.0
2026-06-26 21:00:00,970.0,976.0,966.0,973.0,255728.0,1806478.0,1827447.0
2026-06-26 22:00:00,973.0,977.0,973.0,976.0,137329.0,1827447.0,1808650.0
2026-06-29 09:00:00,976.0,977.0,968.0,970.0,226579.0,1808650.0,1827521.0
2026-06-29 10:00:00,970.0,972.0,967.0,969.0,83710.0,1827521.0,1825360.0
2026-06-29 11:00:00,969.0,977.0,968.0,975.0,99771.0,1825360.0,1822627.0
2026-06-29 13:00:00,975.0,977.0,971.0,976.0,72391.0,1822627.0,1820394.0
2026-06-29 14:00:00,976.0,980.0,974.0,978.0,207526.0,1820394.0,1798550.0
2026-06-29 21:00:00,979.0,980.0,965.0,965.0,400077.0,1798550.0,1859834.0
2026-06-29 22:00:00,965.0,968.0,964.0,966.0,126001.0,1859834.0,1850227.0
2026-06-30 09:00:00,966.0,972.0,966.0,967.0,152892.0,1850227.0,1839555.0
2026-06-30 10:00:00,967.0,979.0,967.0,977.0,264647.0,1839555.0,1805215.0
2026-06-30 11:00:00,977.0,978.0,974.0,975.0,73835.0,1805215.0,1789674.0
2026-06-30 13:00:00,975.0,976.0,972.0,974.0,67102.0,1789674.0,1785833.0
2026-06-30 14:00:00,974.0,975.0,970.0,975.0,160412.0,1785833.0,1774099.0
2026-06-30 21:00:00,972.0,972.0,964.0,964.0,365535.0,1774099.0,1842925.0
2026-06-30 22:00:00,964.0,967.0,962.0,964.0,149161.0,1842925.0,1863567.0
2026-07-01 09:00:00,964.0,964.0,956.0,961.0,317251.0,1863567.0,1911438.0
2026-07-01 10:00:00,961.0,964.0,958.0,962.0,107834.0,1911438.0,1923850.0
2026-07-01 11:00:00,962.0,967.0,961.0,964.0,97438.0,1923850.0,1900247.0
2026-07-01 13:00:00,964.0,970.0,964.0,967.0,161667.0,1900247.0,1873840.0
2026-07-01 14:00:00,967.0,968.0,960.0,961.0,174993.0,1873840.0,1874467.0
2026-07-01 21:00:00,960.0,966.0,959.0,963.0,234233.0,1874467.0,1888455.0
2026-07-01 22:00:00,963.0,964.0,961.0,961.0,62480.0,1888455.0,1878878.0
2026-07-02 09:00:00,961.0,963.0,959.0,962.0,113479.0,1878878.0,1888035.0
2026-07-02 10:00:00,962.0,963.0,957.0,959.0,146741.0,1888035.0,1929863.0
2026-07-02 11:00:00,959.0,961.0,958.0,960.0,38250.0,1929863.0,1927141.0
2026-07-02 13:00:00,960.0,972.0,959.0,968.0,224940.0,1927141.0,1891638.0
2026-07-02 14:00:00,968.0,971.0,965.0,966.0,220635.0,1891638.0,1855689.0
2026-07-02 21:00:00,965.0,969.0,963.0,968.0,157952.0,1855689.0,1873791.0
2026-07-02 22:00:00,968.0,969.0,965.0,967.0,81574.0,1873791.0,1869994.0
2026-07-03 09:00:00,967.0,972.0,962.0,969.0,221052.0,1869994.0,1874736.0
2026-07-03 10:00:00,969.0,979.0,969.0,975.0,401528.0,1874736.0,1852143.0
2026-07-03 11:00:00,975.0,978.0,974.0,977.0,63620.0,1852143.0,1842700.0
2026-07-03 13:00:00,977.0,979.0,975.0,976.0,87154.0,1842700.0,1844191.0
2026-07-03 14:00:00,976.0,977.0,971.0,973.0,146034.0,1844191.0,1820813.0
2026-07-03 21:00:00,977.0,982.0,975.0,979.0,318092.0,1820813.0,1822447.0
2026-07-03 22:00:00,979.0,982.0,977.0,981.0,126358.0,1822447.0,1799383.0
2026-07-06 09:00:00,981.0,982.0,973.0,976.0,230354.0,1799383.0,1784106.0
2026-07-06 10:00:00,976.0,978.0,970.0,973.0,162359.0,1784106.0,1800443.0
2026-07-06 11:00:00,973.0,974.0,970.0,973.0,46534.0,1800443.0,1797429.0
2026-07-06 13:00:00,973.0,974.0,972.0,973.0,36224.0,1797429.0,1794906.0
2026-07-06 14:00:00,973.0,974.0,964.0,967.0,265133.0,1794906.0,1810350.0
2026-07-06 21:00:00,966.0,966.0,957.0,958.0,438838.0,1810350.0,1905916.0
2026-07-06 22:00:00,958.0,960.0,956.0,959.0,170039.0,1905916.0,1932235.0
2026-07-07 09:00:00,959.0,959.0,953.0,958.0,225041.0,1932235.0,1975348.0
2026-07-07 10:00:00,958.0,959.0,955.0,956.0,72092.0,1975348.0,1981727.0
2026-07-07 11:00:00,956.0,957.0,954.0,955.0,38584.0,1981727.0,1987557.0
2026-07-07 13:00:00,955.0,955.0,952.0,954.0,145170.0,1987557.0,2003932.0
2026-07-07 14:00:00,954.0,956.0,951.0,952.0,170895.0,2003932.0,2009565.0
2026-07-07 21:00:00,954.0,958.0,951.0,955.0,248980.0,2009565.0,2031505.0
2026-07-07 22:00:00,955.0,955.0,952.0,953.0,70626.0,2031505.0,2030429.0
2026-07-08 09:00:00,953.0,959.0,951.0,958.0,206148.0,2030429.0,2022710.0
2026-07-08 10:00:00,958.0,960.0,956.0,959.0,128246.0,2022710.0,2013721.0
2026-07-08 11:00:00,959.0,964.0,958.0,962.0,156919.0,2013721.0,1983687.0
2026-07-08 13:00:00,963.0,966.0,962.0,965.0,175236.0,1983687.0,1942418.0
2026-07-08 14:00:00,965.0,966.0,962.0,962.0,210464.0,1942418.0,1897096.0
2026-07-08 21:00:00,963.0,964.0,954.0,954.0,284713.0,1897096.0,1928937.0
2026-07-08 22:00:00,954.0,957.0,953.0,957.0,93291.0,1928937.0,1929695.0
2026-07-09 09:00:00,957.0,957.0,949.0,954.0,254672.0,1929695.0,1964934.0
2026-07-09 10:00:00,954.0,958.0,952.0,955.0,117796.0,1964934.0,1955889.0
2026-07-09 11:00:00,955.0,958.0,954.0,956.0,73058.0,1955889.0,1945600.0
2026-07-09 13:00:00,956.0,957.0,954.0,956.0,57572.0,1945600.0,1939869.0
2026-07-09 14:00:00,956.0,958.0,953.0,957.0,125153.0,1939869.0,1930961.0
2026-07-09 21:00:00,956.0,961.0,954.0,956.0,208216.0,1930961.0,1939021.0
2026-07-09 22:00:00,956.0,957.0,954.0,955.0,57988.0,1939021.0,1932130.0
2026-07-10 09:00:00,955.0,958.0,952.0,956.0,136274.0,1932130.0,1939674.0
2026-07-10 10:00:00,956.0,969.0,956.0,967.0,394119.0,1939674.0,1880357.0
2026-07-10 11:00:00,967.0,972.0,967.0,971.0,173363.0,1880357.0,1867086.0
2026-07-10 13:00:00,971.0,974.0,967.0,968.0,164665.0,1867086.0,1845364.0
2026-07-10 14:00:00,968.0,969.0,964.0,965.0,158056.0,1845364.0,1827282.0
2026-07-10 21:00:00,965.0,967.0,957.0,960.0,277521.0,1827282.0,1839369.0
2026-07-10 22:00:00,960.0,962.0,959.0,962.0,79956.0,1839369.0,1836620.0
2026-07-13 09:00:00,962.0,967.0,959.0,961.0,229026.0,1836620.0,1836784.0
2026-07-13 10:00:00,961.0,963.0,958.0,959.0,87469.0,1836784.0,1842903.0
2026-07-13 11:00:00,959.0,960.0,956.0,957.0,80215.0,1842903.0,1847679.0
2026-07-13 13:00:00,956.0,957.0,954.0,955.0,119782.0,1847679.0,1872063.0
2026-07-13 14:00:00,955.0,958.0,950.0,952.0,303460.0,1872063.0,1940106.0
2026-07-13 21:00:00,954.0,956.0,950.0,953.0,211988.0,1940106.0,1968676.0
2026-07-13 22:00:00,953.0,953.0,950.0,952.0,71517.0,1968676.0,1968034.0
2026-07-14 09:00:00,952.0,954.0,950.0,951.0,180398.0,1968034.0,1965263.0
2026-07-14 10:00:00,951.0,952.0,944.0,949.0,243385.0,1965263.0,1990967.0
2026-07-14 11:00:00,949.0,955.0,948.0,953.0,141170.0,1990967.0,1958812.0
2026-07-14 13:00:00,954.0,955.0,948.0,950.0,93485.0,1958812.0,1953985.0
2026-07-14 14:00:00,950.0,953.0,948.0,951.0,124302.0,1953985.0,1956477.0
2026-07-14 21:00:00,950.0,953.0,946.0,947.0,217643.0,1956477.0,2009660.0
2026-07-14 22:00:00,947.0,948.0,946.0,947.0,71874.0,2009660.0,2014685.0
2026-07-15 09:00:00,947.0,950.0,944.0,949.0,172651.0,2014685.0,2044545.0
2026-07-15 10:00:00,949.0,951.0,945.0,950.0,89441.0,2044545.0,2038166.0
2026-07-15 11:00:00,950.0,958.0,949.0,950.0,252673.0,2038166.0,1982506.0
2026-07-15 13:00:00,950.0,954.0,950.0,950.0,76062.0,1982506.0,1972690.0
2026-07-15 14:00:00,950.0,951.0,946.0,949.0,176500.0,1972690.0,1966511.0
2026-07-15 21:00:00,949.0,952.0,947.0,950.0,142936.0,1966511.0,1984125.0
2026-07-15 22:00:00,950.0,951.0,947.0,948.0,59018.0,1984125.0,1988371.0
2026-07-16 09:00:00,948.0,948.0,935.0,937.0,527000.0,1988371.0,2078842.0
2026-07-16 10:00:00,937.0,938.0,934.0,937.0,121560.0,2078842.0,2095910.0
2026-07-16 11:00:00,937.0,937.0,934.0,936.0,65385.0,2095910.0,2102520.0
2026-07-16 13:00:00,935.0,938.0,933.0,934.0,126720.0,2102520.0,2114207.0
2026-07-16 14:00:00,934.0,935.0,927.0,929.0,416563.0,2114207.0,2097295.0
2026-07-16 21:00:00,931.0,931.0,922.0,925.0,359152.0,2097295.0,2134776.0
2026-07-16 22:00:00,925.0,927.0,923.0,924.0,128735.0,2134776.0,2129819.0
2026-07-17 09:00:00,924.0,929.0,915.0,925.0,597085.0,2129819.0,2094198.0
2026-07-17 10:00:00,925.0,926.0,911.0,912.0,265398.0,2094198.0,2117535.0
2026-07-17 11:00:00,912.0,915.0,909.0,913.0,168434.0,2117535.0,2127809.0
2026-07-17 13:00:00,912.0,914.0,907.0,912.0,211148.0,2127809.0,2130823.0
2026-07-17 14:00:00,912.0,912.0,899.0,900.0,433064.0,2130823.0,2094046.0
2026-07-17 21:00:00,902.0,906.0,900.0,905.0,347276.0,2094046.0,2108457.0
2026-07-17 22:00:00,905.0,905.0,902.0,905.0,104213.0,2108457.0,2088729.0
2026-07-20 09:00:00,905.0,908.0,897.0,904.0,383562.0,2088729.0,2091628.0
2026-07-20 10:00:00,904.0,905.0,899.0,901.0,127458.0,2091628.0,2087622.0
2026-07-20 11:00:00,901.0,905.0,901.0,902.0,61855.0,2087622.0,2081105.0
2026-07-20 13:00:00,902.0,904.0,893.0,894.0,258350.0,2081105.0,2070418.0
2026-07-20 14:00:00,894.0,898.0,889.0,890.0,342238.0,2070418.0,2059684.0
2026-07-20 21:00:00,891.0,900.0,891.0,896.0,346770.0,2059684.0,2044127.0
2026-07-20 22:00:00,896.0,898.0,895.0,896.0,93609.0,2044127.0,2037352.0
2026-07-21 09:00:00,896.0,904.0,894.0,895.0,318030.0,2037352.0,2036637.0
2026-07-21 10:00:00,895.0,902.0,895.0,899.0,114811.0,2036637.0,2028935.0
2026-07-21 11:00:00,899.0,903.0,899.0,902.0,63976.0,2028935.0,2027865.0
2026-07-21 13:00:00,901.0,908.0,900.0,906.0,172691.0,2027865.0,2031447.0
2026-07-21 14:00:00,906.0,910.0,903.0,904.0,299961.0,2031447.0,2010713.0
2026-07-21 21:00:00,908.0,908.0,903.0,906.0,279967.0,2010713.0,2009317.0
2026-07-21 22:00:00,906.0,907.0,903.0,904.0,83616.0,2009317.0,1998157.0
2026-07-22 09:00:00,904.0,906.0,900.0,900.0,251562.0,1998157.0,1992188.0
2026-07-22 10:00:00,900.0,915.0,900.0,913.0,314665.0,1992188.0,1982702.0
2026-07-22 11:00:00,913.0,918.0,909.0,914.0,223133.0,1982702.0,1952503.0
