time,open,high,low,close,volume,open_oi,close_oi
2025-09-12 21:00:00,761.0,762.5,757.0,761.0,186.0,0.0,181.0
2025-09-12 21:30:00,761.0,763.5,761.0,763.0,33.0,181.0,208.0
2025-09-12 22:00:00,763.0,764.5,762.5,763.5,21.0,208.0,223.0
2025-09-12 22:30:00,763.5,763.5,757.0,757.0,272.0,223.0,487.0
2025-09-15 09:00:00,757.0,759.0,754.0,754.0,218.0,487.0,621.0
2025-09-15 09:30:00,754.0,757.5,753.5,755.0,70.0,621.0,659.0
2025-09-15 10:00:00,755.0,756.0,752.5,753.0,49.0,659.0,697.0
2025-09-15 10:30:00,753.0,756.0,752.5,755.0,77.0,697.0,749.0
2025-09-15 11:00:00,755.0,760.0,755.0,758.0,52.0,749.0,743.0
2025-09-15 13:30:00,758.0,759.0,757.5,758.0,45.0,743.0,780.0
2025-09-15 14:00:00,758.0,758.5,753.0,754.5,81.0,780.0,847.0
2025-09-15 14:30:00,754.5,757.5,754.5,757.0,21.0,847.0,839.0
2025-09-15 21:00:00,753.5,769.5,753.5,769.0,265.0,839.0,745.0
2025-09-15 21:30:00,769.0,769.0,767.5,768.0,76.0,745.0,734.0
2025-09-15 22:00:00,768.0,768.5,767.5,768.5,20.0,734.0,741.0
2025-09-15 22:30:00,768.5,769.0,768.0,768.5,27.0,741.0,732.0
2025-09-16 09:00:00,768.5,770.0,763.5,764.0,144.0,732.0,820.0
2025-09-16 09:30:00,764.0,765.0,762.5,762.5,30.0,820.0,838.0
2025-09-16 10:00:00,762.5,764.5,762.5,764.5,15.0,838.0,843.0
2025-09-16 10:30:00,764.5,764.5,759.0,759.0,90.0,843.0,920.0
2025-09-16 11:00:00,759.0,762.5,758.5,761.5,32.0,920.0,923.0
2025-09-16 13:30:00,761.5,764.0,761.0,764.0,54.0,923.0,942.0
2025-09-16 14:00:00,764.0,764.5,762.5,763.5,63.0,942.0,993.0
2025-09-16 14:30:00,763.5,765.0,762.5,762.5,150.0,993.0,1072.0
2025-09-16 21:00:00,763.0,763.0,757.0,758.0,232.0,1072.0,1194.0
2025-09-16 21:30:00,758.0,760.0,758.0,759.5,23.0,1194.0,1198.0
2025-09-16 22:00:00,759.5,759.5,759.0,759.0,4.0,1198.0,1201.0
2025-09-16 22:30:00,759.0,759.5,759.0,759.5,9.0,1201.0,1207.0
2025-09-17 09:00:00,759.5,760.0,758.0,758.5,43.0,1207.0,1221.0
2025-09-17 09:30:00,758.5,761.0,758.5,761.0,30.0,1221.0,1214.0
2025-09-17 10:00:00,761.0,761.0,757.0,758.5,66.0,1214.0,1273.0
2025-09-17 10:30:00,760.0,763.0,760.0,763.0,99.0,1273.0,1271.0
2025-09-17 11:00:00,763.0,763.0,761.5,763.0,70.0,1271.0,1298.0
2025-09-17 13:30:00,763.0,765.5,762.5,764.0,77.0,1298.0,1298.0
2025-09-17 14:00:00,764.0,765.0,761.5,762.0,44.0,1298.0,1330.0
2025-09-17 14:30:00,762.0,764.0,762.0,763.5,63.0,1330.0,1361.0
2025-09-17 21:00:00,762.5,763.0,759.5,762.0,332.0,1361.0,1417.0
2025-09-17 21:30:00,762.0,764.0,760.5,762.5,75.0,1417.0,1465.0
2025-09-17 22:00:00,762.5,765.0,762.5,764.5,18.0,1465.0,1467.0
2025-09-17 22:30:00,764.5,768.0,764.0,767.0,150.0,1467.0,1548.0
2025-09-18 09:00:00,767.0,767.0,759.0,761.0,215.0,1548.0,1687.0
2025-09-18 09:30:00,761.0,762.0,760.0,762.0,98.0,1687.0,1761.0
2025-09-18 10:00:00,762.0,762.0,759.5,759.5,57.0,1761.0,1780.0
2025-09-18 10:30:00,759.5,760.0,757.0,759.0,120.0,1780.0,1861.0
2025-09-18 11:00:00,759.0,760.0,757.5,758.0,61.0,1861.0,1888.0
2025-09-18 13:30:00,758.0,761.5,758.0,759.5,54.0,1888.0,1899.0
2025-09-18 14:00:00,759.5,760.0,758.0,759.5,61.0,1899.0,1944.0
2025-09-18 14:30:00,759.5,759.5,757.0,759.0,80.0,1944.0,1989.0
2025-09-18 21:00:00,760.5,766.0,760.5,761.5,305.0,1989.0,2006.0
2025-09-18 21:30:00,761.5,762.5,760.0,760.5,57.0,2006.0,2024.0
2025-09-18 22:00:00,760.5,763.5,760.5,761.0,60.0,2024.0,2032.0
2025-09-18 22:30:00,761.0,761.0,757.0,759.0,125.0,2032.0,2112.0
2025-09-19 09:00:00,760.0,762.5,758.5,762.5,43.0,2112.0,2105.0
2025-09-19 09:30:00,762.5,762.5,761.5,761.5,81.0,2105.0,2158.0
2025-09-19 10:00:00,761.5,762.5,761.5,762.0,29.0,2158.0,2166.0
2025-09-19 10:30:00,763.0,765.0,763.0,764.0,126.0,2166.0,2148.0
2025-09-19 11:00:00,764.0,765.5,764.0,764.5,53.0,2148.0,2152.0
2025-09-19 13:30:00,764.5,765.5,763.0,763.0,298.0,2152.0,2310.0
2025-09-19 14:00:00,763.0,765.0,763.0,765.0,98.0,2310.0,2326.0
2025-09-19 14:30:00,765.0,767.5,763.5,764.0,100.0,2326.0,2342.0
2025-09-19 21:00:00,766.0,775.0,766.0,774.0,347.0,2342.0,2280.0
2025-09-19 21:30:00,774.0,774.0,770.0,770.0,129.0,2280.0,2358.0
2025-09-19 22:00:00,770.0,771.0,769.5,771.0,53.0,2358.0,2366.0
2025-09-19 22:30:00,771.0,772.0,770.0,771.5,66.0,2366.0,2383.0
2025-09-22 09:00:00,771.5,773.0,769.5,773.0,160.0,2383.0,2469.0
2025-09-22 09:30:00,773.0,773.5,770.0,770.0,54.0,2469.0,2483.0
2025-09-22 10:00:00,770.0,770.5,770.0,770.0,40.0,2483.0,2503.0
2025-09-22 10:30:00,770.0,770.5,767.0,767.5,167.0,2503.0,2601.0
2025-09-22 11:00:00,767.5,768.0,762.5,765.5,196.0,2601.0,2683.0
2025-09-22 13:30:00,765.5,766.5,764.0,765.0,83.0,2683.0,2715.0
2025-09-22 14:00:00,765.0,765.5,763.0,765.0,122.0,2715.0,2729.0
2025-09-22 14:30:00,765.0,766.0,765.0,766.0,42.0,2729.0,2741.0
2025-09-22 21:00:00,803.0,803.0,764.0,765.0,394.0,2741.0,2862.0
2025-09-22 21:30:00,765.0,765.0,764.5,765.0,34.0,2862.0,2880.0
2025-09-22 22:00:00,765.0,765.0,763.0,763.5,68.0,2880.0,2911.0
2025-09-22 22:30:00,763.5,765.0,762.5,765.0,32.0,2911.0,2925.0
2025-09-23 09:00:00,765.0,767.0,764.0,767.0,68.0,2925.0,2947.0
2025-09-23 09:30:00,767.0,767.0,763.5,764.5,65.0,2947.0,3005.0
2025-09-23 10:00:00,764.5,764.5,760.0,762.5,108.0,3005.0,3082.0
2025-09-23 10:30:00,762.0,762.0,758.0,758.5,178.0,3082.0,3209.0
2025-09-23 11:00:00,758.5,760.5,757.5,759.0,63.0,3209.0,3256.0
2025-09-23 13:30:00,759.0,759.5,756.5,757.0,81.0,3256.0,3306.0
2025-09-23 14:00:00,757.0,759.5,756.5,758.0,83.0,3306.0,3329.0
2025-09-23 14:30:00,758.0,760.0,758.0,760.0,91.0,3329.0,3294.0
2025-09-23 21:00:00,759.5,761.5,759.5,759.5,115.0,3294.0,3377.0
2025-09-23 21:30:00,759.5,760.5,759.5,760.5,3.0,3377.0,3376.0
2025-09-23 22:00:00,760.5,761.0,760.0,761.0,41.0,3376.0,3361.0
2025-09-23 22:30:00,761.0,761.0,760.5,760.5,14.0,3361.0,3369.0
2025-09-24 09:00:00,761.0,761.5,758.5,759.0,116.0,3369.0,3442.0
2025-09-24 09:30:00,759.0,760.5,759.0,760.0,58.0,3442.0,3474.0
2025-09-24 10:00:00,760.0,760.5,760.0,760.5,4.0,3474.0,3471.0
2025-09-24 10:30:00,760.5,761.5,759.5,761.0,41.0,3471.0,3464.0
2025-09-24 11:00:00,761.0,762.5,760.0,762.5,43.0,3464.0,3442.0
2025-09-24 13:30:00,762.5,766.0,762.5,764.0,263.0,3442.0,3372.0
2025-09-24 14:00:00,764.0,766.0,763.5,763.5,76.0,3372.0,3349.0
2025-09-24 14:30:00,763.5,764.5,762.0,762.0,73.0,3349.0,3385.0
2025-09-24 21:00:00,762.0,766.0,762.0,765.5,113.0,3385.0,3385.0
2025-09-24 21:30:00,765.5,765.5,765.0,765.0,6.0,3385.0,3388.0
2025-09-24 22:00:00,765.0,765.0,763.5,763.5,30.0,3388.0,3395.0
2025-09-24 22:30:00,763.5,764.0,763.5,763.5,26.0,3395.0,3410.0
2025-09-25 09:00:00,763.5,763.5,761.5,762.5,65.0,3410.0,3438.0
2025-09-25 09:30:00,762.5,763.5,762.0,762.0,87.0,3438.0,3489.0
2025-09-25 10:00:00,762.0,764.5,761.5,764.5,252.0,3489.0,3687.0
2025-09-25 10:30:00,765.0,767.0,764.5,767.0,171.0,3687.0,3662.0
2025-09-25 11:00:00,767.0,768.0,766.5,767.0,58.0,3662.0,3635.0
2025-09-25 13:30:00,767.0,767.5,765.5,766.0,52.0,3635.0,3636.0
2025-09-25 14:00:00,766.0,767.5,765.0,766.0,29.0,3636.0,3629.0
2025-09-25 14:30:00,766.0,766.5,765.0,765.0,22.0,3629.0,3626.0
2025-09-25 21:00:00,764.0,765.5,762.0,762.0,97.0,3626.0,3649.0
2025-09-25 21:30:00,762.0,763.0,762.0,762.0,16.0,3649.0,3649.0
2025-09-25 22:00:00,762.0,762.0,761.5,762.0,26.0,3649.0,3652.0
2025-09-25 22:30:00,762.0,763.0,762.0,763.0,7.0,3652.0,3655.0
2025-09-26 09:00:00,763.0,763.0,760.5,760.5,48.0,3655.0,3671.0
2025-09-26 09:30:00,760.5,760.5,758.0,758.5,197.0,3671.0,3767.0
2025-09-26 10:00:00,758.5,760.5,758.0,760.0,32.0,3767.0,3783.0
2025-09-26 10:30:00,760.0,760.5,758.5,759.5,98.0,3783.0,3763.0
2025-09-26 11:00:00,759.5,760.5,759.0,759.0,31.0,3763.0,3770.0
2025-09-26 13:30:00,759.0,761.0,758.5,758.5,79.0,3770.0,3772.0
2025-09-26 14:00:00,758.5,759.0,748.5,752.0,680.0,3772.0,4184.0
2025-09-26 14:30:00,752.0,752.5,750.0,750.5,237.0,4184.0,4243.0
2025-09-26 21:00:00,750.5,750.5,746.5,748.0,153.0,4243.0,4278.0
2025-09-26 21:30:00,748.0,749.0,747.0,748.5,80.0,4278.0,4299.0
2025-09-26 22:00:00,748.5,750.5,748.5,749.0,46.0,4299.0,4294.0
2025-09-26 22:30:00,749.0,750.5,748.0,748.0,56.0,4294.0,4284.0
2025-09-29 09:00:00,747.0,748.5,744.5,745.5,323.0,4284.0,4363.0
2025-09-29 09:30:00,745.5,745.5,743.0,743.0,98.0,4363.0,4402.0
2025-09-29 10:00:00,743.0,744.0,741.5,743.0,82.0,4402.0,4437.0
2025-09-29 10:30:00,743.0,745.0,742.0,743.0,97.0,4437.0,4434.0
2025-09-29 11:00:00,743.0,743.5,741.5,742.5,43.0,4434.0,4439.0
2025-09-29 13:30:00,742.5,746.5,742.5,746.5,124.0,4439.0,4372.0
2025-09-29 14:00:00,746.5,747.0,745.0,745.0,157.0,4372.0,4377.0
2025-09-29 14:30:00,745.0,745.0,742.5,743.0,77.0,4377.0,4400.0
2025-09-29 21:00:00,744.0,744.0,741.5,743.5,116.0,4400.0,4467.0
2025-09-29 21:30:00,743.5,745.0,743.5,744.0,48.0,4467.0,4489.0
2025-09-29 22:00:00,744.0,746.0,744.0,745.5,23.0,4489.0,4490.0
2025-09-29 22:30:00,745.5,745.5,744.0,744.0,15.0,4490.0,4497.0
2025-09-30 09:00:00,744.0,744.0,743.0,743.5,43.0,4497.0,4500.0
2025-09-30 09:30:00,743.5,744.0,742.0,742.5,103.0,4500.0,4518.0
2025-09-30 10:00:00,742.5,743.0,742.5,743.0,6.0,4518.0,4512.0
2025-09-30 10:30:00,743.0,743.0,741.5,741.5,129.0,4512.0,4533.0
2025-09-30 11:00:00,741.5,743.0,741.0,741.0,41.0,4533.0,4543.0
2025-09-30 13:30:00,741.0,742.0,739.5,742.0,195.0,4543.0,4605.0
2025-09-30 14:00:00,742.0,743.0,740.0,740.5,134.0,4605.0,4614.0
2025-09-30 14:30:00,740.5,741.0,740.0,740.5,76.0,4614.0,4622.0
2025-10-09 09:00:00,742.0,744.5,737.0,741.5,574.0,4622.0,4579.0
2025-10-09 09:30:00,741.5,746.0,740.5,745.0,200.0,4579.0,4546.0
2025-10-09 10:00:00,745.0,748.0,745.0,748.0,120.0,4546.0,4511.0
2025-10-09 10:30:00,748.0,751.0,747.0,749.5,244.0,4511.0,4390.0
2025-10-09 11:00:00,749.5,752.0,747.5,748.0,167.0,4390.0,4408.0
2025-10-09 13:30:00,748.0,751.5,748.0,751.5,105.0,4408.0,4365.0
2025-10-09 14:00:00,751.5,752.0,750.0,750.0,83.0,4365.0,4377.0
2025-10-09 14:30:00,750.0,752.0,750.0,750.5,52.0,4377.0,4396.0
2025-10-09 21:00:00,751.0,761.0,751.0,757.0,450.0,4396.0,4401.0
2025-10-09 21:30:00,757.0,757.5,754.0,755.0,89.0,4401.0,4432.0
2025-10-09 22:00:00,755.0,755.5,754.0,754.0,31.0,4432.0,4457.0
2025-10-09 22:30:00,754.0,757.0,754.0,757.0,23.0,4457.0,4446.0
2025-10-10 09:00:00,755.5,755.5,754.0,754.5,71.0,4446.0,4455.0
2025-10-10 09:30:00,754.5,755.0,751.5,752.0,291.0,4455.0,4519.0
2025-10-10 10:00:00,752.0,752.5,752.0,752.0,13.0,4519.0,4531.0
2025-10-10 10:30:00,752.0,755.0,752.0,753.0,69.0,4531.0,4519.0
2025-10-10 11:00:00,753.0,753.5,751.0,753.0,79.0,4519.0,4560.0
2025-10-10 13:30:00,753.0,754.0,751.5,752.0,83.0,4560.0,4577.0
2025-10-10 14:00:00,752.0,753.0,750.0,752.5,92.0,4577.0,4586.0
2025-10-10 14:30:00,752.5,753.5,751.0,753.0,239.0,4586.0,4637.0
2025-10-10 21:00:00,757.0,761.0,756.5,758.0,753.0,4637.0,4599.0
2025-10-10 21:30:00,758.0,760.0,758.0,759.0,64.0,4599.0,4614.0
2025-10-10 22:00:00,759.0,759.0,758.5,758.5,10.0,4614.0,4608.0
2025-10-10 22:30:00,758.5,759.5,758.0,758.0,86.0,4608.0,4579.0
2025-10-13 09:00:00,758.0,758.0,750.0,750.0,473.0,4579.0,4746.0
2025-10-13 09:30:00,750.0,755.5,750.0,752.0,172.0,4746.0,4700.0
2025-10-13 10:00:00,752.0,752.5,750.5,752.5,163.0,4700.0,4813.0
2025-10-13 10:30:00,752.5,756.5,752.5,753.0,283.0,4813.0,4800.0
2025-10-13 11:00:00,753.0,755.0,752.0,752.5,118.0,4800.0,4872.0
2025-10-13 13:30:00,754.0,755.5,753.0,755.0,63.0,4872.0,4869.0
2025-10-13 14:00:00,755.0,755.5,754.5,755.5,212.0,4869.0,4798.0
2025-10-13 14:30:00,755.5,759.5,755.5,759.0,173.0,4798.0,4703.0
2025-10-13 21:00:00,759.0,764.0,759.0,761.0,787.0,4703.0,5043.0
2025-10-13 21:30:00,761.0,761.0,760.0,760.5,285.0,5043.0,5092.0
2025-10-13 22:00:00,760.5,760.5,755.5,756.5,227.0,5092.0,5223.0
2025-10-13 22:30:00,756.5,757.5,756.0,756.5,45.0,5223.0,5218.0
2025-10-14 09:00:00,756.5,756.5,748.5,749.0,898.0,5218.0,5586.0
2025-10-14 09:30:00,749.0,749.5,739.0,740.5,1016.0,5586.0,6230.0
2025-10-14 10:00:00,740.5,743.0,740.5,742.5,60.0,6230.0,6239.0
2025-10-14 10:30:00,742.5,743.5,738.5,739.0,383.0,6239.0,6345.0
2025-10-14 11:00:00,739.0,739.0,731.5,734.5,595.0,6345.0,6644.0
2025-10-14 13:30:00,734.5,739.0,733.5,736.0,180.0,6644.0,6618.0
2025-10-14 14:00:00,736.0,738.5,735.0,738.0,169.0,6618.0,6716.0
2025-10-14 14:30:00,738.0,741.5,737.0,739.5,331.0,6716.0,6744.0
2025-10-14 21:00:00,740.0,740.5,737.5,738.5,248.0,6744.0,6671.0
2025-10-14 21:30:00,738.5,740.0,737.5,739.5,139.0,6671.0,6612.0
2025-10-14 22:00:00,739.5,741.5,739.5,741.0,54.0,6612.0,6627.0
2025-10-14 22:30:00,741.0,741.5,738.5,739.5,110.0,6627.0,6649.0
2025-10-15 09:00:00,739.5,742.5,739.5,741.5,229.0,6649.0,6661.0
2025-10-15 09:30:00,741.5,741.5,737.5,739.5,161.0,6661.0,6702.0
2025-10-15 10:00:00,739.5,743.0,739.5,740.5,240.0,6702.0,6589.0
2025-10-15 10:30:00,740.5,742.5,738.5,738.5,111.0,6589.0,6624.0
2025-10-15 11:00:00,738.5,738.5,732.0,732.5,350.0,6624.0,6761.0
2025-10-15 13:30:00,732.5,735.0,731.5,734.5,409.0,6761.0,6892.0
2025-10-15 14:00:00,734.5,734.5,732.5,733.0,112.0,6892.0,6929.0
2025-10-15 14:30:00,733.0,735.5,732.5,733.0,545.0,6929.0,7246.0
2025-10-15 21:00:00,734.0,736.5,731.5,731.5,163.0,7246.0,7291.0
2025-10-15 21:30:00,731.5,732.5,726.5,727.0,920.0,7291.0,7943.0
2025-10-15 22:00:00,727.0,729.0,727.0,727.5,64.0,7943.0,7971.0
2025-10-15 22:30:00,727.5,728.5,726.5,727.0,111.0,7971.0,8021.0
2025-10-16 09:00:00,727.0,730.0,726.5,729.5,197.0,8021.0,8051.0
2025-10-16 09:30:00,729.5,731.5,729.5,731.0,312.0,8051.0,7838.0
2025-10-16 10:00:00,731.0,733.5,731.0,731.0,124.0,7838.0,7812.0
2025-10-16 10:30:00,731.0,733.0,730.5,732.5,264.0,7812.0,7846.0
2025-10-16 11:00:00,732.5,732.5,725.0,726.0,433.0,7846.0,8157.0
2025-10-16 13:30:00,726.0,734.5,725.0,731.0,496.0,8157.0,8128.0
2025-10-16 14:00:00,731.0,732.5,730.5,731.5,69.0,8128.0,8147.0
2025-10-16 14:30:00,731.5,732.0,728.5,731.0,156.0,8147.0,8226.0
2025-10-16 21:00:00,731.5,734.5,728.0,728.0,363.0,8226.0,8397.0
2025-10-16 21:30:00,728.0,730.0,728.0,728.0,96.0,8397.0,8438.0
2025-10-16 22:00:00,728.0,730.5,728.0,730.0,62.0,8438.0,8445.0
2025-10-16 22:30:00,730.0,731.5,729.5,731.0,39.0,8445.0,8437.0
2025-10-17 09:00:00,731.0,732.5,728.5,732.0,344.0,8437.0,8646.0
2025-10-17 09:30:00,732.0,732.5,730.5,732.0,272.0,8646.0,8819.0
2025-10-17 10:00:00,732.0,732.0,730.0,732.0,170.0,8819.0,8925.0
2025-10-17 10:30:00,732.0,734.0,731.0,732.0,128.0,8925.0,8898.0
2025-10-17 11:00:00,732.0,732.0,728.5,729.0,270.0,8898.0,9061.0
2025-10-17 13:30:00,728.5,728.5,726.5,727.5,532.0,9061.0,9510.0
2025-10-17 14:00:00,727.5,728.0,726.0,726.0,161.0,9510.0,9581.0
2025-10-17 14:30:00,726.0,728.5,726.0,728.5,409.0,9581.0,9593.0
2025-10-17 21:00:00,729.0,732.5,723.0,726.0,1308.0,9593.0,9906.0
2025-10-17 21:30:00,726.0,731.0,725.5,729.0,245.0,9906.0,9877.0
2025-10-17 22:00:00,729.0,729.5,727.0,727.0,230.0,9877.0,10011.0
2025-10-17 22:30:00,727.0,727.5,724.0,726.0,442.0,10011.0,10217.0
2025-10-20 09:00:00,726.0,732.0,726.0,732.0,697.0,10217.0,10209.0
2025-10-20 09:30:00,732.0,732.0,729.0,730.5,192.0,10209.0,10221.0
2025-10-20 10:00:00,730.5,731.5,730.5,730.5,74.0,10221.0,10199.0
2025-10-20 10:30:00,730.5,730.5,728.0,728.0,115.0,10199.0,10265.0
2025-10-20 11:00:00,728.0,730.5,727.5,730.5,40.0,10265.0,10259.0
2025-10-20 13:30:00,729.0,730.0,726.0,726.0,279.0,10259.0,10405.0
2025-10-20 14:00:00,726.0,727.5,726.0,727.0,70.0,10405.0,10430.0
2025-10-20 14:30:00,727.0,727.5,726.5,727.5,407.0,10430.0,10662.0
2025-10-20 21:00:00,727.5,727.5,722.5,727.0,836.0,10662.0,11094.0
2025-10-20 21:30:00,727.0,728.0,726.0,727.0,223.0,11094.0,11140.0
2025-10-20 22:00:00,727.0,729.0,726.5,727.0,111.0,11140.0,11161.0
2025-10-20 22:30:00,727.0,728.5,727.0,728.0,49.0,11161.0,11129.0
2025-10-21 09:00:00,728.0,730.0,727.0,728.5,157.0,11129.0,11068.0
2025-10-21 09:30:00,728.5,730.0,728.0,729.5,101.0,11068.0,11085.0
2025-10-21 10:00:00,729.5,729.5,727.5,729.5,111.0,11085.0,11091.0
2025-10-21 10:30:00,729.5,732.0,729.5,731.0,266.0,11091.0,11081.0
2025-10-21 11:00:00,731.0,735.5,731.0,733.5,680.0,11081.0,10812.0
2025-10-21 13:30:00,733.5,734.5,731.0,731.0,94.0,10812.0,10836.0
2025-10-21 14:00:00,731.0,734.0,731.0,732.5,77.0,10836.0,10836.0
2025-10-21 14:30:00,732.5,732.5,728.5,729.5,489.0,10836.0,11100.0
2025-10-21 21:00:00,730.5,735.5,730.5,734.0,521.0,11100.0,10875.0
2025-10-21 21:30:00,734.0,734.0,731.5,731.5,95.0,10875.0,10908.0
2025-10-21 22:00:00,731.5,732.0,731.0,731.5,31.0,10908.0,10929.0
2025-10-21 22:30:00,731.5,732.5,730.5,732.0,63.0,10929.0,10950.0
2025-10-22 09:00:00,732.0,732.5,730.0,731.0,207.0,10950.0,10988.0
2025-10-22 09:30:00,731.0,733.0,731.0,733.0,54.0,10988.0,11010.0
2025-10-22 10:00:00,733.0,734.0,732.0,734.0,52.0,11010.0,11001.0
2025-10-22 10:30:00,734.0,734.5,732.0,733.0,199.0,11001.0,11030.0
2025-10-22 11:00:00,733.0,734.0,732.5,732.5,119.0,11030.0,10998.0
2025-10-22 13:30:00,732.5,734.0,732.0,733.5,73.0,10998.0,11021.0
2025-10-22 14:00:00,733.5,734.0,733.0,733.5,24.0,11021.0,11019.0
2025-10-22 14:30:00,733.5,734.0,731.0,731.0,258.0,11019.0,11098.0
2025-10-22 21:00:00,732.5,733.5,730.5,731.5,349.0,11098.0,11273.0
2025-10-22 21:30:00,731.5,731.5,727.5,729.0,663.0,11273.0,11667.0
2025-10-22 22:00:00,729.0,729.0,727.5,729.0,111.0,11667.0,11729.0
2025-10-22 22:30:00,729.0,730.0,728.5,729.5,64.0,11729.0,11744.0
2025-10-23 09:00:00,730.0,732.0,730.0,731.0,207.0,11744.0,11739.0
2025-10-23 09:30:00,731.0,732.5,730.5,731.5,335.0,11739.0,11955.0
2025-10-23 10:00:00,731.5,733.0,731.5,733.0,106.0,11955.0,11972.0
2025-10-23 10:30:00,733.0,736.0,732.5,734.5,319.0,11972.0,11926.0
2025-10-23 11:00:00,734.5,739.0,734.5,736.0,357.0,11926.0,11865.0
2025-10-23 13:30:00,736.0,737.5,734.0,734.5,205.0,11865.0,11908.0
2025-10-23 14:00:00,734.5,735.0,733.5,735.0,167.0,11908.0,12024.0
2025-10-23 14:30:00,735.0,735.0,733.5,735.0,212.0,12024.0,12092.0
2025-10-23 21:00:00,737.0,737.0,732.0,732.5,691.0,12092.0,12450.0
2025-10-23 21:30:00,732.5,735.5,732.0,734.5,293.0,12450.0,12541.0
2025-10-23 22:00:00,734.5,735.0,733.5,735.0,58.0,12541.0,12542.0
2025-10-23 22:30:00,735.0,735.0,734.5,735.0,28.0,12542.0,12547.0
2025-10-24 09:00:00,735.0,735.0,732.0,732.5,274.0,12547.0,12573.0
2025-10-24 09:30:00,732.5,733.0,729.0,729.0,410.0,12573.0,12917.0
2025-10-24 10:00:00,729.0,731.0,729.0,730.5,78.0,12917.0,12917.0
2025-10-24 10:30:00,730.5,730.5,725.5,726.0,830.0,12917.0,13513.0
2025-10-24 11:00:00,726.0,729.0,726.0,729.0,275.0,13513.0,13606.0
2025-10-24 13:30:00,729.0,730.5,728.0,729.5,704.0,13606.0,13639.0
2025-10-24 14:00:00,729.5,731.0,727.5,728.0,538.0,13639.0,14003.0
2025-10-24 14:30:00,728.0,730.5,727.5,730.0,290.0,14003.0,13932.0
2025-10-24 21:00:00,730.5,734.0,728.5,733.0,563.0,13932.0,13920.0
2025-10-24 21:30:00,733.0,734.0,732.5,732.5,340.0,13920.0,13826.0
2025-10-24 22:00:00,732.5,733.5,732.0,732.5,68.0,13826.0,13817.0
2025-10-24 22:30:00,732.5,733.0,731.5,731.5,38.0,13817.0,13806.0
2025-10-27 09:00:00,733.0,737.0,733.0,736.0,823.0,13806.0,13759.0
2025-10-27 09:30:00,736.0,736.5,732.0,732.5,317.0,13759.0,13825.0
2025-10-27 10:00:00,732.5,732.5,731.5,732.0,124.0,13825.0,13819.0
2025-10-27 10:30:00,732.0,733.0,730.5,731.5,289.0,13819.0,13949.0
2025-10-27 11:00:00,731.5,733.5,731.5,732.5,48.0,13949.0,13949.0
2025-10-27 13:30:00,732.5,736.0,732.5,735.0,490.0,13949.0,13935.0
2025-10-27 14:00:00,735.0,739.5,734.5,738.5,548.0,13935.0,13723.0
2025-10-27 14:30:00,738.5,743.0,738.5,742.5,873.0,13723.0,13572.0
2025-10-27 21:00:00,744.0,745.5,741.0,744.0,646.0,13572.0,13601.0
2025-10-27 21:30:00,744.0,746.0,744.0,745.5,174.0,13601.0,13598.0
2025-10-27 22:00:00,745.5,746.0,745.0,746.0,45.0,13598.0,13584.0
2025-10-27 22:30:00,746.0,746.0,745.0,746.0,232.0,13584.0,13659.0
2025-10-28 09:00:00,746.0,746.0,743.5,743.5,245.0,13659.0,13653.0
2025-10-28 09:30:00,743.5,743.5,741.5,743.0,157.0,13653.0,13677.0
2025-10-28 10:00:00,743.0,746.0,743.0,745.0,326.0,13677.0,13711.0
2025-10-28 10:30:00,745.0,746.0,743.5,744.0,516.0,13711.0,13941.0
2025-10-28 11:00:00,744.0,748.0,744.0,747.0,314.0,13941.0,14046.0
2025-10-28 13:30:00,747.0,747.5,744.5,747.5,227.0,14046.0,14152.0
2025-10-28 14:00:00,747.5,748.0,745.5,748.0,296.0,14152.0,14033.0
2025-10-28 14:30:00,748.0,750.0,747.0,747.0,403.0,14033.0,13918.0
2025-10-28 21:00:00,748.5,751.0,747.5,751.0,934.0,13918.0,13679.0
2025-10-28 21:30:00,751.0,755.0,750.5,754.5,551.0,13679.0,13569.0
2025-10-28 22:00:00,754.5,755.5,754.0,755.5,207.0,13569.0,13590.0
2025-10-28 22:30:00,755.5,756.0,754.0,755.5,271.0,13590.0,13690.0
2025-10-29 09:00:00,755.5,755.5,753.5,754.5,634.0,13690.0,14014.0
2025-10-29 09:30:00,754.5,755.0,753.0,754.5,300.0,14014.0,14196.0
2025-10-29 10:00:00,754.5,755.0,753.0,754.0,157.0,14196.0,14314.0
2025-10-29 10:30:00,754.0,755.5,753.5,755.0,155.0,14314.0,14296.0
2025-10-29 11:00:00,755.0,756.5,754.5,755.5,225.0,14296.0,14240.0
2025-10-29 13:30:00,755.5,758.5,755.0,756.5,424.0,14240.0,14389.0
2025-10-29 14:00:00,756.5,759.5,756.0,759.5,507.0,14389.0,14594.0
2025-10-29 14:30:00,759.5,762.5,759.0,760.0,576.0,14594.0,14627.0
2025-10-29 21:00:00,763.5,763.5,759.5,760.0,284.0,14627.0,14627.0
2025-10-29 21:30:00,760.0,761.0,759.5,760.5,58.0,14627.0,14645.0
2025-10-29 22:00:00,760.5,761.5,760.0,761.0,59.0,14645.0,14678.0
2025-10-29 22:30:00,761.0,762.5,761.0,762.0,105.0,14678.0,14719.0
2025-10-30 09:00:00,762.0,762.0,758.5,760.0,188.0,14719.0,14757.0
2025-10-30 09:30:00,760.0,761.0,759.5,760.5,149.0,14757.0,14752.0
2025-10-30 10:00:00,760.5,761.0,760.5,761.0,68.0,14752.0,14704.0
2025-10-30 10:30:00,761.0,763.5,760.5,763.0,306.0,14704.0,14613.0
2025-10-30 11:00:00,763.0,765.0,762.5,763.0,143.0,14613.0,14615.0
2025-10-30 13:30:00,757.0,759.5,754.0,756.5,613.0,14615.0,14841.0
2025-10-30 14:00:00,756.5,757.5,753.5,757.5,1005.0,14841.0,15391.0
2025-10-30 14:30:00,757.5,759.0,757.0,758.5,535.0,15391.0,15713.0
2025-10-30 21:00:00,755.0,755.5,750.5,751.0,1241.0,15713.0,15935.0
2025-10-30 21:30:00,751.0,752.5,749.5,752.0,906.0,15935.0,16529.0
2025-10-30 22:00:00,752.0,753.0,752.0,752.0,76.0,16529.0,16515.0
2025-10-30 22:30:00,752.0,753.0,751.0,753.0,122.0,16515.0,16543.0
2025-10-31 09:00:00,753.0,754.5,752.5,753.5,272.0,16543.0,16594.0
2025-10-31 09:30:00,753.5,755.0,752.5,755.0,85.0,16594.0,16624.0
2025-10-31 10:00:00,755.0,757.5,755.0,757.0,134.0,16624.0,16624.0
2025-10-31 10:30:00,756.5,758.5,755.0,757.5,248.0,16624.0,16652.0
2025-10-31 11:00:00,757.5,758.0,753.5,755.5,112.0,16652.0,16680.0
2025-10-31 13:30:00,755.5,755.5,752.0,753.0,106.0,16680.0,16702.0
2025-10-31 14:00:00,753.0,755.0,753.0,754.0,132.0,16702.0,16711.0
2025-10-31 14:30:00,754.0,756.0,753.0,755.0,504.0,16711.0,16901.0
2025-10-31 21:00:00,756.0,757.0,751.5,753.5,233.0,16901.0,16971.0
2025-10-31 21:30:00,753.5,754.0,752.5,753.0,389.0,16971.0,17219.0
2025-10-31 22:00:00,753.0,753.5,750.0,752.5,455.0,17219.0,17447.0
2025-10-31 22:30:00,752.5,755.5,752.0,754.5,122.0,17447.0,17388.0
2025-11-03 09:00:00,751.0,755.5,751.0,754.0,387.0,17388.0,17358.0
2025-11-03 09:30:00,754.0,754.5,752.0,752.0,116.0,17358.0,17367.0
2025-11-03 10:00:00,752.0,753.0,751.0,752.0,91.0,17367.0,17383.0
2025-11-03 10:30:00,751.0,752.5,743.5,744.5,979.0,17383.0,18010.0
2025-11-03 11:00:00,744.5,745.0,738.0,740.0,1135.0,18010.0,18713.0
2025-11-03 13:30:00,740.0,741.0,739.0,740.0,426.0,18713.0,18855.0
2025-11-03 14:00:00,740.0,742.0,740.0,741.5,521.0,18855.0,18824.0
2025-11-03 14:30:00,741.5,742.0,739.5,740.5,959.0,18824.0,18848.0
2025-11-03 21:00:00,740.5,741.5,739.0,741.0,673.0,18848.0,19136.0
2025-11-03 21:30:00,741.0,741.0,739.0,739.0,196.0,19136.0,19207.0
2025-11-03 22:00:00,739.0,742.0,739.0,742.0,115.0,19207.0,19252.0
2025-11-03 22:30:00,742.0,742.0,741.0,742.0,145.0,19252.0,19322.0
2025-11-04 09:00:00,740.5,741.5,739.0,739.0,1781.0,19322.0,19971.0
2025-11-04 09:30:00,739.0,740.5,736.5,736.5,334.0,19971.0,20159.0
2025-11-04 10:00:00,736.5,737.5,736.5,737.0,174.0,20159.0,20253.0
2025-11-04 10:30:00,737.0,738.0,735.5,736.0,562.0,20253.0,20632.0
2025-11-04 11:00:00,736.0,736.5,734.0,735.5,239.0,20632.0,20780.0
2025-11-04 13:30:00,735.5,735.5,733.0,733.5,679.0,20780.0,21087.0
2025-11-04 14:00:00,733.5,736.5,733.5,735.0,542.0,21087.0,21298.0
2025-11-04 14:30:00,735.0,736.5,733.0,735.5,909.0,21298.0,21633.0
2025-11-04 21:00:00,734.0,734.5,730.0,730.5,1590.0,21633.0,22474.0
2025-11-04 21:30:00,730.5,731.0,729.5,730.0,549.0,22474.0,22693.0
2025-11-04 22:00:00,730.0,731.0,729.0,729.5,626.0,22693.0,22644.0
2025-11-04 22:30:00,729.5,729.5,728.0,728.0,418.0,22644.0,22805.0
2025-11-05 09:00:00,728.0,729.5,726.0,729.5,768.0,22805.0,22881.0
2025-11-05 09:30:00,729.5,731.0,729.5,731.0,341.0,22881.0,22909.0
2025-11-05 10:00:00,731.0,732.5,731.0,732.5,213.0,22909.0,22895.0
2025-11-05 10:30:00,732.5,732.5,730.0,730.5,265.0,22895.0,22987.0
2025-11-05 11:00:00,730.5,734.5,730.0,732.5,269.0,22987.0,22995.0
2025-11-05 13:30:00,733.5,734.5,733.0,733.0,271.0,22995.0,23028.0
2025-11-05 14:00:00,733.0,734.0,732.5,733.5,429.0,23028.0,23151.0
2025-11-05 14:30:00,733.5,734.5,732.5,734.0,170.0,23151.0,23138.0
2025-11-05 21:00:00,733.0,735.0,732.0,734.5,386.0,23138.0,23167.0
2025-11-05 21:30:00,734.5,737.0,733.0,734.0,465.0,23167.0,23153.0
2025-11-05 22:00:00,734.0,734.0,732.5,733.0,113.0,23153.0,23190.0
2025-11-05 22:30:00,733.0,734.0,732.5,734.0,55.0,23190.0,23178.0
2025-11-06 09:00:00,734.0,734.0,730.0,730.5,813.0,23178.0,23440.0
2025-11-06 09:30:00,730.5,732.0,730.5,731.5,79.0,23440.0,23448.0
2025-11-06 10:00:00,731.5,732.0,731.0,731.0,129.0,23448.0,23465.0
2025-11-06 10:30:00,731.0,735.0,731.0,734.5,355.0,23465.0,23398.0
2025-11-06 11:00:00,734.5,735.0,733.5,734.5,62.0,23398.0,23374.0
2025-11-06 13:30:00,734.5,736.0,732.0,734.0,438.0,23374.0,23303.0
2025-11-06 14:00:00,734.0,737.0,734.0,735.5,451.0,23303.0,23202.0
2025-11-06 14:30:00,735.5,737.0,734.5,735.0,169.0,23202.0,23203.0
2025-11-06 21:00:00,736.5,736.5,727.0,728.5,1836.0,23203.0,23794.0
2025-11-06 21:30:00,728.5,732.5,728.0,729.5,652.0,23794.0,23870.0
2025-11-06 22:00:00,729.5,729.5,727.5,727.5,582.0,23870.0,24260.0
2025-11-06 22:30:00,727.5,729.0,727.5,728.0,406.0,24260.0,24375.0
2025-11-07 09:00:00,728.0,728.0,724.5,724.5,1904.0,24375.0,25589.0
2025-11-07 09:30:00,724.5,728.0,724.0,725.5,781.0,25589.0,25685.0
2025-11-07 10:00:00,725.5,726.0,725.0,725.0,28.0,25685.0,25699.0
2025-11-07 10:30:00,725.0,726.5,724.5,726.0,154.0,25699.0,25756.0
2025-11-07 11:00:00,726.0,726.0,723.5,724.5,540.0,25756.0,26145.0
2025-11-07 13:30:00,724.0,724.0,718.0,718.5,1690.0,26145.0,27123.0
2025-11-07 14:00:00,718.5,722.5,718.5,721.0,274.0,27123.0,27131.0
2025-11-07 14:30:00,721.0,722.0,720.0,722.0,573.0,27131.0,27228.0
2025-11-07 21:00:00,719.0,722.5,719.0,721.5,398.0,27228.0,27228.0
2025-11-07 21:30:00,721.5,723.5,721.0,722.0,238.0,27228.0,27291.0
2025-11-07 22:00:00,722.0,724.0,722.0,723.0,115.0,27291.0,27239.0
2025-11-07 22:30:00,723.0,723.0,721.5,722.5,173.0,27239.0,27280.0
2025-11-10 09:00:00,722.5,722.5,718.0,721.5,1361.0,27280.0,27706.0
2025-11-10 09:30:00,721.5,722.5,718.0,718.0,488.0,27706.0,27782.0
2025-11-10 10:00:00,718.0,718.5,716.0,716.0,285.0,27782.0,27982.0
2025-11-10 10:30:00,716.0,718.5,716.0,716.5,413.0,27982.0,28176.0
2025-11-10 11:00:00,716.5,718.5,716.0,718.0,211.0,28176.0,28237.0
2025-11-10 13:30:00,718.0,721.0,718.0,720.0,412.0,28237.0,28231.0
2025-11-10 14:00:00,720.0,724.0,719.5,723.0,547.0,28231.0,28186.0
2025-11-10 14:30:00,723.0,724.0,721.5,722.0,589.0,28186.0,28272.0
2025-11-10 21:00:00,724.0,724.0,720.5,721.0,288.0,28272.0,28275.0
2025-11-10 21:30:00,721.0,723.0,720.5,722.0,260.0,28275.0,28388.0
2025-11-10 22:00:00,722.0,722.0,720.0,720.5,413.0,28388.0,28547.0
2025-11-10 22:30:00,720.5,721.5,719.5,720.5,221.0,28547.0,28553.0
2025-11-11 09:00:00,720.5,721.5,720.0,721.0,471.0,28553.0,28733.0
2025-11-11 09:30:00,721.0,722.0,720.5,721.0,119.0,28733.0,28758.0
2025-11-11 10:00:00,721.0,723.0,721.0,722.5,96.0,28758.0,28717.0
2025-11-11 10:30:00,722.5,723.0,719.0,719.5,283.0,28717.0,28831.0
2025-11-11 11:00:00,719.5,721.5,718.5,720.5,241.0,28831.0,28843.0
2025-11-11 13:30:00,720.5,721.5,718.5,721.5,606.0,28843.0,28845.0
2025-11-11 14:00:00,721.5,721.5,718.0,719.5,399.0,28845.0,28902.0
2025-11-11 14:30:00,719.5,719.5,715.0,717.0,1370.0,28902.0,29259.0
2025-11-11 21:00:00,715.5,720.0,715.5,718.0,1974.0,29259.0,29409.0
2025-11-11 21:30:00,718.0,724.0,718.0,722.0,1414.0,29409.0,29280.0
2025-11-11 22:00:00,722.0,723.0,721.0,721.5,539.0,29280.0,29279.0
2025-11-11 22:30:00,721.5,724.0,721.5,724.0,480.0,29279.0,29189.0
2025-11-12 09:00:00,724.0,724.0,718.5,719.5,717.0,29189.0,29455.0
2025-11-12 09:30:00,719.5,724.0,719.5,723.5,365.0,29455.0,29294.0
2025-11-12 10:00:00,723.5,724.0,723.0,723.5,200.0,29294.0,29196.0
2025-11-12 10:30:00,723.5,723.5,722.0,722.0,158.0,29196.0,29257.0
2025-11-12 11:00:00,722.0,724.0,722.0,723.0,225.0,29257.0,29268.0
2025-11-12 13:30:00,723.0,728.5,723.0,727.0,910.0,29268.0,28950.0
2025-11-12 14:00:00,727.0,727.5,726.0,727.0,258.0,28950.0,28995.0
2025-11-12 14:30:00,727.0,727.5,724.5,724.5,886.0,28995.0,28880.0
2025-11-12 21:00:00,727.5,727.5,720.0,720.5,623.0,28880.0,29123.0
2025-11-12 21:30:00,720.5,721.5,720.0,721.5,194.0,29123.0,29195.0
2025-11-12 22:00:00,721.5,721.5,719.5,721.0,92.0,29195.0,29241.0
2025-11-12 22:30:00,721.0,721.0,720.0,720.5,77.0,29241.0,29249.0
2025-11-13 09:00:00,719.5,723.5,719.5,723.5,648.0,29249.0,29354.0
2025-11-13 09:30:00,723.5,724.5,722.5,723.0,124.0,29354.0,29282.0
2025-11-13 10:00:00,723.0,724.5,722.5,723.5,295.0,29282.0,29443.0
2025-11-13 10:30:00,723.5,726.5,723.5,725.5,318.0,29443.0,29428.0
2025-11-13 11:00:00,725.5,726.0,724.0,724.5,742.0,29428.0,29710.0
2025-11-13 13:30:00,724.0,725.0,722.0,724.5,565.0,29710.0,29880.0
2025-11-13 14:00:00,724.5,724.5,722.5,722.5,701.0,29880.0,30314.0
2025-11-13 14:30:00,722.5,724.0,721.5,723.0,662.0,30314.0,30651.0
2025-11-13 21:00:00,723.0,728.0,723.0,725.5,1669.0,30651.0,30730.0
2025-11-13 21:30:00,725.5,729.5,725.0,729.5,2449.0,30730.0,31390.0
2025-11-13 22:00:00,729.5,729.5,726.5,727.0,558.0,31390.0,31396.0
2025-11-13 22:30:00,727.0,727.5,726.0,726.5,610.0,31396.0,31530.0
2025-11-14 09:00:00,726.5,726.5,721.5,722.5,1542.0,31530.0,32128.0
2025-11-14 09:30:00,722.5,724.0,721.5,723.0,312.0,32128.0,32223.0
2025-11-14 10:00:00,723.0,723.0,721.0,722.0,595.0,32223.0,32541.0
2025-11-14 10:30:00,722.0,723.0,720.5,720.5,630.0,32541.0,32930.0
2025-11-14 11:00:00,720.5,721.0,719.0,720.0,1601.0,32930.0,33844.0
2025-11-14 13:30:00,720.0,722.0,720.0,722.0,861.0,33844.0,34013.0
2025-11-14 14:00:00,722.0,723.0,722.0,722.5,177.0,34013.0,34053.0
2025-11-14 14:30:00,722.5,723.0,721.0,721.5,612.0,34053.0,34101.0
2025-11-14 21:00:00,721.0,721.0,718.0,721.0,1183.0,34101.0,34419.0
2025-11-14 21:30:00,721.0,721.0,718.5,721.0,343.0,34419.0,34582.0
2025-11-14 22:00:00,721.0,723.0,720.5,722.5,529.0,34582.0,34707.0
2025-11-14 22:30:00,722.5,725.5,721.0,725.0,288.0,34707.0,34583.0
2025-11-17 09:00:00,725.0,730.5,725.0,729.0,2689.0,34583.0,35337.0
2025-11-17 09:30:00,729.0,729.5,727.5,728.0,295.0,35337.0,35344.0
2025-11-17 10:00:00,728.0,729.0,727.0,728.5,181.0,35344.0,35335.0
2025-11-17 10:30:00,727.5,728.0,725.0,728.0,772.0,35335.0,35483.0
2025-11-17 11:00:00,728.0,731.5,727.5,730.5,480.0,35483.0,35305.0
2025-11-17 13:30:00,730.5,733.5,730.5,733.5,1439.0,35305.0,35141.0
2025-11-17 14:00:00,733.5,734.0,731.0,732.5,615.0,35141.0,35222.0
2025-11-17 14:30:00,732.5,734.0,731.5,732.0,453.0,35222.0,35235.0
2025-11-17 21:00:00,735.0,735.0,728.0,729.0,2154.0,35235.0,35543.0
2025-11-17 21:30:00,729.0,730.5,728.5,728.5,470.0,35543.0,35514.0
2025-11-17 22:00:00,728.5,729.0,726.5,727.0,407.0,35514.0,35784.0
2025-11-17 22:30:00,727.0,728.0,727.0,727.0,149.0,35784.0,35807.0
2025-11-18 09:00:00,727.0,727.5,726.5,727.5,269.0,35807.0,35908.0
2025-11-18 09:30:00,727.5,728.0,726.0,727.0,184.0,35908.0,35929.0
2025-11-18 10:00:00,727.0,728.5,727.0,728.5,218.0,35929.0,35959.0
2025-11-18 10:30:00,728.5,729.5,727.0,728.5,513.0,35959.0,36247.0
2025-11-18 11:00:00,728.5,729.5,727.5,728.5,252.0,36247.0,36343.0
2025-11-18 13:30:00,728.5,730.0,728.0,728.0,202.0,36343.0,36363.0
2025-11-18 14:00:00,728.0,731.5,727.5,731.0,272.0,36363.0,36378.0
2025-11-18 14:30:00,731.0,734.0,730.0,734.0,1522.0,36378.0,36553.0
2025-11-18 21:00:00,732.0,734.0,728.5,730.0,1211.0,36553.0,36723.0
2025-11-18 21:30:00,730.0,730.0,728.5,728.5,221.0,36723.0,36849.0
2025-11-18 22:00:00,728.5,729.5,728.0,729.5,777.0,36849.0,37411.0
2025-11-18 22:30:00,729.5,730.0,728.0,729.0,151.0,37411.0,37465.0
2025-11-19 09:00:00,729.0,731.5,729.0,731.0,556.0,37465.0,37519.0
2025-11-19 09:30:00,731.0,731.5,729.5,731.0,234.0,37519.0,37539.0
2025-11-19 10:00:00,731.0,732.0,730.5,732.0,132.0,37539.0,37491.0
2025-11-19 10:30:00,732.0,733.5,731.5,733.0,468.0,37491.0,37580.0
2025-11-19 11:00:00,733.0,733.5,732.0,732.0,813.0,37580.0,37620.0
2025-11-19 13:30:00,732.0,734.0,731.5,734.0,948.0,37620.0,37693.0
2025-11-19 14:00:00,734.0,734.0,731.5,733.5,282.0,37693.0,37737.0
2025-11-19 14:30:00,733.5,733.5,729.5,730.0,560.0,37737.0,37943.0
2025-11-19 21:00:00,729.5,730.5,725.0,726.0,1009.0,37943.0,38207.0
2025-11-19 21:30:00,726.0,728.5,726.0,726.5,826.0,38207.0,38317.0
2025-11-19 22:00:00,726.5,728.5,726.0,728.5,185.0,38317.0,38377.0
2025-11-19 22:30:00,728.5,728.5,726.0,726.5,253.0,38377.0,38498.0
2025-11-20 09:00:00,726.0,728.5,725.5,726.5,644.0,38498.0,38557.0
2025-11-20 09:30:00,726.5,727.0,725.0,726.0,465.0,38557.0,38774.0
2025-11-20 10:00:00,726.0,727.0,723.5,724.5,489.0,38774.0,39002.0
2025-11-20 10:30:00,724.5,724.5,720.5,723.0,1403.0,39002.0,39280.0
2025-11-20 11:00:00,723.0,730.0,723.0,729.5,1427.0,39280.0,39416.0
2025-11-20 13:30:00,729.5,731.5,727.0,727.5,669.0,39416.0,39413.0
2025-11-20 14:00:00,727.5,729.5,726.0,728.0,446.0,39413.0,39536.0
2025-11-20 14:30:00,728.0,729.5,727.5,728.0,865.0,39536.0,39590.0
2025-11-20 21:00:00,727.5,732.5,727.5,731.5,1440.0,39590.0,39635.0
2025-11-20 21:30:00,731.5,734.0,731.0,733.5,1407.0,39635.0,39479.0
2025-11-20 22:00:00,733.5,734.0,731.5,732.0,516.0,39479.0,39459.0
2025-11-20 22:30:00,732.0,735.0,732.0,733.5,702.0,39459.0,39203.0
2025-11-21 09:00:00,731.5,733.5,730.0,730.5,885.0,39203.0,39111.0
2025-11-21 09:30:00,730.5,731.0,728.5,729.5,921.0,39111.0,39456.0
2025-11-21 10:00:00,729.5,730.5,728.0,728.5,461.0,39456.0,39478.0
2025-11-21 10:30:00,729.0,731.0,728.0,730.0,535.0,39478.0,39449.0
2025-11-21 11:00:00,730.0,734.5,729.5,733.0,636.0,39449.0,39300.0
2025-11-21 13:30:00,733.0,734.5,731.5,733.0,504.0,39300.0,39232.0
2025-11-21 14:00:00,733.0,733.0,731.5,731.5,257.0,39232.0,39355.0
2025-11-21 14:30:00,731.5,732.0,730.0,730.5,890.0,39355.0,39394.0
2025-11-21 21:00:00,730.0,732.0,729.0,730.5,419.0,39394.0,39427.0
2025-11-21 21:30:00,730.5,731.5,729.5,730.5,239.0,39427.0,39388.0
2025-11-21 22:00:00,730.5,733.5,730.0,733.0,488.0,39388.0,39284.0
2025-11-21 22:30:00,733.0,733.5,727.5,732.0,608.0,39284.0,39354.0
2025-11-24 09:00:00,732.0,736.0,731.5,735.5,1614.0,39354.0,39343.0
2025-11-24 09:30:00,735.5,737.5,734.5,737.5,1276.0,39343.0,39379.0
2025-11-24 10:00:00,737.5,738.5,736.0,737.5,633.0,39379.0,39614.0
2025-11-24 10:30:00,737.5,744.0,737.5,741.0,1868.0,39614.0,39788.0
2025-11-24 11:00:00,741.0,743.0,740.0,740.5,540.0,39788.0,39774.0
2025-11-24 13:30:00,741.0,742.0,740.0,741.5,1750.0,39774.0,39244.0
2025-11-24 14:00:00,741.5,742.5,740.0,740.5,1832.0,39244.0,39736.0
2025-11-24 14:30:00,740.5,741.0,736.0,736.5,2121.0,39736.0,40027.0
2025-11-24 21:00:00,738.0,741.0,737.5,740.5,1043.0,40027.0,39817.0
2025-11-24 21:30:00,740.5,741.0,739.0,740.0,180.0,39817.0,39847.0
2025-11-24 22:00:00,740.0,741.5,740.0,740.5,242.0,39847.0,39919.0
2025-11-24 22:30:00,740.5,742.0,739.5,742.0,245.0,39919.0,39956.0
2025-11-25 09:00:00,742.0,744.5,741.5,744.0,1094.0,39956.0,39878.0
2025-11-25 09:30:00,744.0,746.0,743.0,745.5,871.0,39878.0,39586.0
2025-11-25 10:00:00,745.5,746.5,744.5,744.5,309.0,39586.0,39511.0
2025-11-25 10:30:00,744.5,746.5,744.5,745.5,521.0,39511.0,39479.0
2025-11-25 11:00:00,745.5,747.0,745.0,747.0,985.0,39479.0,39373.0
2025-11-25 13:30:00,746.5,747.5,745.0,746.0,752.0,39373.0,39615.0
2025-11-25 14:00:00,746.0,746.5,742.5,743.5,1864.0,39615.0,40666.0
2025-11-25 14:30:00,743.5,745.5,741.5,743.0,880.0,40666.0,40571.0
2025-11-25 21:00:00,744.5,747.0,742.5,746.5,722.0,40571.0,40454.0
2025-11-25 21:30:00,746.5,746.5,745.0,745.0,339.0,40454.0,40507.0
2025-11-25 22:00:00,745.0,746.0,744.0,745.5,917.0,40507.0,40670.0
2025-11-25 22:30:00,745.5,746.5,744.5,744.5,260.0,40670.0,40700.0
2025-11-26 09:00:00,744.5,745.0,742.5,745.0,599.0,40700.0,40684.0
2025-11-26 09:30:00,745.0,746.5,743.5,746.0,417.0,40684.0,40714.0
2025-11-26 10:00:00,746.0,747.0,745.5,746.5,276.0,40714.0,40793.0
2025-11-26 10:30:00,746.5,748.0,746.5,747.5,317.0,40793.0,40908.0
2025-11-26 11:00:00,747.5,750.0,747.0,749.0,971.0,40908.0,40986.0
2025-11-26 13:30:00,748.0,748.0,743.5,747.0,1703.0,40986.0,41695.0
2025-11-26 14:00:00,747.0,750.0,747.0,750.0,835.0,41695.0,41968.0
2025-11-26 14:30:00,750.0,750.0,746.5,748.5,693.0,41968.0,42302.0
2025-11-26 21:00:00,748.5,748.5,743.0,743.0,1451.0,42302.0,42497.0
2025-11-26 21:30:00,743.0,745.0,743.0,744.5,165.0,42497.0,42472.0
2025-11-26 22:00:00,744.5,745.5,744.0,744.5,310.0,42472.0,42511.0
2025-11-26 22:30:00,744.5,745.5,743.0,743.0,433.0,42511.0,42609.0
2025-11-27 09:00:00,743.0,745.0,743.0,744.0,388.0,42609.0,42706.0
2025-11-27 09:30:00,744.0,748.0,743.5,745.5,888.0,42706.0,42856.0
2025-11-27 10:00:00,745.5,746.5,744.5,746.0,527.0,42856.0,42978.0
2025-11-27 10:30:00,746.0,747.5,746.0,747.0,877.0,42978.0,42974.0
2025-11-27 11:00:00,747.0,747.5,744.5,745.0,761.0,42974.0,43373.0
2025-11-27 13:30:00,745.5,747.5,744.0,746.0,2177.0,43373.0,44098.0
2025-11-27 14:00:00,746.0,748.0,745.0,748.0,632.0,44098.0,44301.0
2025-11-27 14:30:00,748.0,749.0,746.5,748.0,1581.0,44301.0,44517.0
2025-11-27 21:00:00,747.5,749.0,745.5,748.0,869.0,44517.0,44476.0
2025-11-27 21:30:00,748.0,748.5,745.5,745.5,808.0,44476.0,44629.0
2025-11-27 22:00:00,745.5,745.5,739.0,739.0,1869.0,44629.0,45505.0
2025-11-27 22:30:00,739.0,742.0,738.0,740.5,1874.0,45505.0,46576.0
2025-11-28 09:00:00,740.5,742.0,738.0,738.5,2049.0,46576.0,47264.0
2025-11-28 09:30:00,738.5,741.0,737.5,741.0,929.0,47264.0,47734.0
2025-11-28 10:00:00,741.0,743.0,740.5,743.0,292.0,47734.0,47650.0
2025-11-28 10:30:00,743.0,745.0,742.0,744.5,636.0,47650.0,47600.0
2025-11-28 11:00:00,744.5,746.0,743.5,745.5,749.0,47600.0,47656.0
2025-11-28 13:30:00,745.5,746.5,744.0,745.5,459.0,47656.0,47789.0
2025-11-28 14:00:00,745.5,746.5,744.5,746.0,559.0,47789.0,47979.0
2025-11-28 14:30:00,746.0,746.0,743.0,743.5,889.0,47979.0,48194.0
2025-11-28 21:00:00,744.0,744.0,739.0,741.0,756.0,48194.0,48150.0
2025-11-28 21:30:00,741.0,742.5,741.0,741.5,175.0,48150.0,48108.0
2025-11-28 22:00:00,741.5,742.5,741.5,742.0,286.0,48108.0,48231.0
2025-11-28 22:30:00,742.0,747.5,742.0,747.0,705.0,48231.0,47946.0
2025-12-01 09:00:00,743.5,748.5,743.5,747.0,1232.0,47946.0,48165.0
2025-12-01 09:30:00,747.0,752.0,746.5,749.5,1405.0,48165.0,48028.0
2025-12-01 10:00:00,749.5,750.5,747.5,750.0,654.0,48028.0,47978.0
2025-12-01 10:30:00,750.0,750.0,748.0,749.5,1014.0,47978.0,48216.0
2025-12-01 11:00:00,749.5,750.5,748.5,750.0,644.0,48216.0,48293.0
2025-12-01 13:30:00,750.0,750.5,746.5,750.5,1055.0,48293.0,48819.0
2025-12-01 14:00:00,750.5,751.5,750.0,751.5,904.0,48819.0,49055.0
2025-12-01 14:30:00,751.5,753.5,751.0,752.5,701.0,49055.0,49272.0
2025-12-01 21:00:00,754.0,754.0,750.5,752.0,1114.0,49272.0,49331.0
2025-12-01 21:30:00,752.0,752.0,750.0,751.0,304.0,49331.0,49416.0
2025-12-01 22:00:00,751.0,751.5,750.0,751.0,430.0,49416.0,49499.0
2025-12-01 22:30:00,751.0,752.0,750.0,751.0,188.0,49499.0,49511.0
2025-12-02 09:00:00,751.0,753.5,750.0,753.0,701.0,49511.0,49774.0
2025-12-02 09:30:00,753.0,753.5,751.5,753.5,336.0,49774.0,49724.0
2025-12-02 10:00:00,753.5,754.5,753.5,753.5,329.0,49724.0,49704.0
2025-12-02 10:30:00,753.5,754.5,752.0,754.0,427.0,49704.0,49831.0
2025-12-02 11:00:00,754.0,755.0,751.5,751.5,370.0,49831.0,49962.0
2025-12-02 13:30:00,751.5,751.5,750.0,751.5,432.0,49962.0,50179.0
2025-12-02 14:00:00,751.5,752.0,751.0,751.5,550.0,50179.0,50352.0
2025-12-02 14:30:00,751.5,752.0,750.0,751.5,425.0,50352.0,50453.0
2025-12-02 21:00:00,751.0,752.5,750.5,751.5,1011.0,50453.0,50631.0
2025-12-02 21:30:00,751.5,752.5,750.0,750.0,434.0,50631.0,50826.0
2025-12-02 22:00:00,750.0,752.5,750.0,752.0,764.0,50826.0,51284.0
2025-12-02 22:30:00,752.0,753.0,752.0,752.0,737.0,51284.0,51710.0
2025-12-03 09:00:00,752.0,755.5,751.0,754.5,1088.0,51710.0,51835.0
2025-12-03 09:30:00,754.5,755.5,753.5,754.0,965.0,51835.0,52120.0
2025-12-03 10:00:00,754.0,755.0,753.5,754.0,258.0,52120.0,52195.0
2025-12-03 10:30:00,754.0,754.5,752.5,754.5,975.0,52195.0,52510.0
2025-12-03 11:00:00,754.5,755.5,753.5,755.5,317.0,52510.0,52594.0
2025-12-03 13:30:00,755.5,756.5,754.5,755.5,604.0,52594.0,52726.0
2025-12-03 14:00:00,755.5,755.5,748.0,749.0,1243.0,52726.0,53102.0
2025-12-03 14:30:00,749.0,753.0,748.5,753.0,1711.0,53102.0,53376.0
2025-12-03 21:00:00,753.0,754.0,748.5,750.5,2122.0,53376.0,54031.0
2025-12-03 21:30:00,750.5,751.0,749.5,750.5,652.0,54031.0,54343.0
2025-12-03 22:00:00,750.5,752.5,750.0,752.0,206.0,54343.0,54271.0
2025-12-03 22:30:00,752.0,753.0,752.0,752.0,147.0,54271.0,54212.0
2025-12-04 09:00:00,752.0,753.5,751.0,752.0,569.0,54212.0,54348.0
2025-12-04 09:30:00,752.0,752.0,750.5,751.0,299.0,54348.0,54501.0
2025-12-04 10:00:00,751.0,751.5,750.0,750.5,325.0,54501.0,54538.0
2025-12-04 10:30:00,750.5,751.5,750.0,751.0,863.0,54538.0,54717.0
2025-12-04 11:00:00,751.0,751.5,748.5,751.0,732.0,54717.0,55051.0
2025-12-04 13:30:00,751.0,752.0,750.5,750.5,784.0,55051.0,55287.0
2025-12-04 14:00:00,750.5,752.0,750.5,751.0,323.0,55287.0,55415.0
2025-12-04 14:30:00,751.0,753.5,750.5,753.0,378.0,55415.0,55405.0
2025-12-04 21:00:00,751.0,755.0,751.0,752.0,689.0,55405.0,55657.0
2025-12-04 21:30:00,752.0,753.0,751.5,753.0,217.0,55657.0,55777.0
2025-12-04 22:00:00,753.0,753.0,751.0,752.0,266.0,55777.0,55941.0
2025-12-04 22:30:00,752.0,753.0,751.5,753.0,203.0,55941.0,55984.0
2025-12-05 09:00:00,753.0,753.0,748.0,748.5,988.0,55984.0,56313.0
2025-12-05 09:30:00,748.5,749.0,746.0,747.5,1489.0,56313.0,56470.0
2025-12-05 10:00:00,747.5,747.5,745.0,746.0,705.0,56470.0,56613.0
2025-12-05 10:30:00,746.0,746.5,744.5,745.5,848.0,56613.0,57154.0
2025-12-05 11:00:00,745.5,746.0,744.0,744.0,1781.0,57154.0,57466.0
2025-12-05 13:30:00,744.0,744.5,742.0,743.5,2651.0,57466.0,58396.0
2025-12-05 14:00:00,743.5,744.5,742.5,743.0,1225.0,58396.0,58962.0
2025-12-05 14:30:00,743.0,744.5,741.0,744.0,1311.0,58962.0,59375.0
2025-12-05 21:00:00,744.5,744.5,737.0,741.5,2086.0,59375.0,60005.0
2025-12-05 21:30:00,741.5,742.0,738.0,738.0,1071.0,60005.0,60598.0
2025-12-05 22:00:00,738.0,740.0,738.0,739.0,387.0,60598.0,60511.0
2025-12-05 22:30:00,739.0,739.5,738.0,739.5,568.0,60511.0,60395.0
2025-12-08 09:00:00,741.0,743.5,739.0,741.5,1597.0,60395.0,60283.0
2025-12-08 09:30:00,741.5,742.0,738.0,739.0,901.0,60283.0,60742.0
2025-12-08 10:00:00,739.0,740.5,738.5,740.0,480.0,60742.0,60889.0
2025-12-08 10:30:00,740.0,741.5,739.0,739.0,1161.0,60889.0,61384.0
2025-12-08 11:00:00,739.0,739.5,738.0,738.0,613.0,61384.0,61640.0
2025-12-08 13:30:00,738.0,741.5,738.0,740.0,385.0,61640.0,61669.0
2025-12-08 14:00:00,740.0,741.0,739.5,739.5,220.0,61669.0,61708.0
2025-12-08 14:30:00,739.5,740.0,737.0,737.0,707.0,61708.0,61983.0
2025-12-08 21:00:00,736.0,736.5,734.0,734.0,1007.0,61983.0,62228.0
2025-12-08 21:30:00,734.0,735.0,733.5,733.5,327.0,62228.0,62403.0
2025-12-08 22:00:00,733.5,734.5,732.0,733.0,709.0,62403.0,62777.0
2025-12-08 22:30:00,733.0,733.5,730.5,733.0,795.0,62777.0,62821.0
2025-12-09 09:00:00,733.5,734.0,728.0,730.5,2330.0,62821.0,63234.0
2025-12-09 09:30:00,730.5,732.0,729.0,729.0,965.0,63234.0,63278.0
2025-12-09 10:00:00,729.0,729.5,728.0,728.5,1112.0,63278.0,63393.0
2025-12-09 10:30:00,728.5,730.0,727.5,729.5,962.0,63393.0,63334.0
2025-12-09 11:00:00,729.5,730.0,728.0,729.5,787.0,63334.0,63182.0
2025-12-09 13:30:00,729.5,731.5,728.0,731.0,794.0,63182.0,63177.0
2025-12-09 14:00:00,731.0,731.5,729.5,730.5,518.0,63177.0,63321.0
2025-12-09 14:30:00,730.5,734.5,730.0,733.5,1522.0,63321.0,62739.0
2025-12-09 21:00:00,733.0,735.5,732.5,734.0,1775.0,62739.0,62776.0
2025-12-09 21:30:00,734.0,734.5,732.5,732.5,436.0,62776.0,62839.0
2025-12-09 22:00:00,732.5,733.5,732.0,732.5,779.0,62839.0,62882.0
2025-12-09 22:30:00,732.5,734.0,732.5,733.5,346.0,62882.0,62874.0
2025-12-10 09:00:00,734.0,738.0,733.0,737.5,1461.0,62874.0,62791.0
2025-12-10 09:30:00,737.5,738.5,736.5,738.0,1284.0,62791.0,63141.0
2025-12-10 10:00:00,738.0,739.5,737.5,738.0,1503.0,63141.0,62943.0
2025-12-10 10:30:00,738.0,748.0,738.0,747.5,4153.0,62943.0,62710.0
2025-12-10 11:00:00,747.5,747.5,744.5,747.5,1823.0,62710.0,63110.0
2025-12-10 13:30:00,747.5,751.0,747.0,748.0,2740.0,63110.0,63132.0
2025-12-10 14:00:00,748.0,749.5,747.5,749.0,1456.0,63132.0,63104.0
2025-12-10 14:30:00,749.0,750.0,744.5,745.0,2371.0,63104.0,63207.0
2025-12-10 21:00:00,746.5,746.5,742.5,744.5,1519.0,63207.0,63461.0
2025-12-10 21:30:00,744.5,744.5,742.5,744.0,1135.0,63461.0,63600.0
2025-12-10 22:00:00,744.0,744.5,742.5,743.5,327.0,63600.0,63615.0
2025-12-10 22:30:00,743.5,744.5,743.0,743.0,244.0,63615.0,63597.0
2025-12-11 09:00:00,743.0,745.0,741.5,742.0,1302.0,63597.0,63871.0
2025-12-11 09:30:00,742.0,745.5,742.0,745.0,1230.0,63871.0,64047.0
2025-12-11 10:00:00,745.0,745.0,743.5,744.0,671.0,64047.0,64408.0
2025-12-11 10:30:00,744.0,747.0,744.0,745.5,1723.0,64408.0,64447.0
2025-12-11 11:00:00,745.5,746.5,741.0,741.0,968.0,64447.0,64819.0
2025-12-11 13:30:00,741.0,741.0,732.0,732.5,3787.0,64819.0,65259.0
2025-12-11 14:00:00,732.5,734.5,731.5,732.5,1906.0,65259.0,65401.0
2025-12-11 14:30:00,732.5,734.0,731.5,733.0,1422.0,65401.0,65252.0
2025-12-11 21:00:00,734.5,736.0,732.5,734.5,1803.0,65252.0,65283.0
2025-12-11 21:30:00,734.5,739.0,734.5,737.5,3168.0,65283.0,65790.0
2025-12-11 22:00:00,737.5,740.5,737.5,739.0,1625.0,65790.0,65380.0
2025-12-11 22:30:00,739.0,739.5,736.5,737.5,632.0,65380.0,65226.0
2025-12-12 09:00:00,737.5,738.5,735.5,737.0,2485.0,65226.0,65496.0
2025-12-12 09:30:00,737.0,737.5,735.5,736.0,1236.0,65496.0,65889.0
2025-12-12 10:00:00,736.0,738.5,735.0,736.5,782.0,65889.0,66122.0
2025-12-12 10:30:00,736.5,739.5,736.0,739.0,1351.0,66122.0,66224.0
2025-12-12 11:00:00,739.0,739.0,736.5,737.5,2775.0,66224.0,66055.0
2025-12-12 13:30:00,736.5,738.5,736.5,737.0,1187.0,66055.0,66199.0
2025-12-12 14:00:00,737.0,738.5,736.0,736.5,575.0,66199.0,66193.0
2025-12-12 14:30:00,736.5,739.0,736.5,738.0,3864.0,66193.0,66356.0
2025-12-12 21:00:00,734.0,734.0,727.0,731.0,6856.0,66356.0,68316.0
2025-12-12 21:30:00,731.0,734.5,730.5,733.5,2556.0,68316.0,69017.0
2025-12-12 22:00:00,733.5,737.5,733.0,736.0,1617.0,69017.0,68515.0
2025-12-12 22:30:00,736.0,736.0,732.5,733.5,1296.0,68515.0,68573.0
2025-12-15 09:00:00,734.5,734.5,730.0,734.5,2142.0,68573.0,68926.0
2025-12-15 09:30:00,734.5,734.5,729.5,730.0,2367.0,68926.0,69338.0
2025-12-15 10:00:00,730.0,731.0,729.5,730.5,882.0,69338.0,69803.0
2025-12-15 10:30:00,730.5,733.5,730.0,731.0,1770.0,69803.0,70300.0
2025-12-15 11:00:00,731.0,733.5,730.5,732.5,1196.0,70300.0,70750.0
2025-12-15 13:30:00,732.5,734.5,732.5,732.5,903.0,70750.0,70472.0
2025-12-15 14:00:00,732.5,732.5,730.0,732.5,501.0,70472.0,70536.0
2025-12-15 14:30:00,732.5,733.5,731.5,731.5,735.0,70536.0,70490.0
2025-12-15 21:00:00,732.0,734.5,730.5,733.5,1675.0,70490.0,70765.0
2025-12-15 21:30:00,733.5,734.0,732.5,733.0,345.0,70765.0,70744.0
2025-12-15 22:00:00,733.0,734.5,733.0,734.0,278.0,70744.0,70860.0
2025-12-15 22:30:00,734.0,736.0,733.5,733.5,812.0,70860.0,70803.0
2025-12-16 09:00:00,733.5,735.5,733.0,734.0,1284.0,70803.0,70901.0
2025-12-16 09:30:00,734.0,735.5,732.5,734.5,567.0,70901.0,71001.0
2025-12-16 10:00:00,734.5,735.5,734.5,735.0,268.0,71001.0,70877.0
2025-12-16 10:30:00,735.0,741.0,735.0,740.0,2472.0,70877.0,71024.0
2025-12-16 11:00:00,740.0,741.5,738.5,739.0,1087.0,71024.0,71066.0
2025-12-16 13:30:00,739.0,740.0,736.5,736.5,1112.0,71066.0,71137.0
2025-12-16 14:00:00,736.5,739.5,736.0,738.0,771.0,71137.0,71387.0
2025-12-16 14:30:00,738.0,740.5,738.0,739.5,1151.0,71387.0,71496.0
2025-12-16 21:00:00,738.0,741.0,737.5,741.0,948.0,71496.0,71465.0
2025-12-16 21:30:00,741.0,742.0,739.0,740.0,743.0,71465.0,71525.0
2025-12-16 22:00:00,740.0,741.0,739.5,740.5,251.0,71525.0,71486.0
2025-12-16 22:30:00,740.5,742.0,740.0,741.0,555.0,71486.0,71312.0
2025-12-17 09:00:00,740.5,743.5,740.0,742.5,601.0,71312.0,71269.0
2025-12-17 09:30:00,742.5,746.0,741.5,743.0,1161.0,71269.0,71437.0
2025-12-17 10:00:00,743.0,745.0,743.0,745.0,265.0,71437.0,71401.0
2025-12-17 10:30:00,744.5,746.5,744.0,746.5,1374.0,71401.0,71552.0
2025-12-17 11:00:00,746.5,746.5,743.0,743.0,905.0,71552.0,71741.0
2025-12-17 13:30:00,743.0,746.5,743.0,746.5,630.0,71741.0,71669.0
2025-12-17 14:00:00,746.5,747.0,744.5,745.0,656.0,71669.0,71792.0
2025-12-17 14:30:00,745.0,746.5,743.0,745.5,1165.0,71792.0,71682.0
2025-12-17 21:00:00,746.5,751.5,745.0,751.5,2015.0,71682.0,71031.0
2025-12-17 21:30:00,751.5,758.0,751.5,757.5,5225.0,71031.0,71739.0
2025-12-17 22:00:00,757.5,758.0,755.5,757.0,3302.0,71739.0,72624.0
2025-12-17 22:30:00,757.0,758.5,757.0,757.0,1439.0,72624.0,73050.0
2025-12-18 09:00:00,756.5,756.5,753.5,754.5,2602.0,73050.0,73786.0
2025-12-18 09:30:00,754.5,756.0,752.0,752.5,1206.0,73786.0,74392.0
2025-12-18 10:00:00,752.5,753.5,751.5,753.0,650.0,74392.0,74418.0
2025-12-18 10:30:00,753.0,754.5,752.5,753.5,639.0,74418.0,74510.0
2025-12-18 11:00:00,753.5,755.0,752.5,754.5,341.0,74510.0,74536.0
2025-12-18 13:30:00,754.5,756.5,753.5,756.5,1246.0,74536.0,74416.0
2025-12-18 14:00:00,756.5,758.0,756.0,757.0,1428.0,74416.0,74389.0
2025-12-18 14:30:00,757.0,757.0,754.5,755.0,1692.0,74389.0,73921.0
2025-12-18 21:00:00,754.0,756.5,754.0,755.5,1658.0,73921.0,74147.0
2025-12-18 21:30:00,755.5,756.5,754.5,755.0,849.0,74147.0,74600.0
2025-12-18 22:00:00,755.0,756.0,754.0,755.5,831.0,74600.0,74999.0
2025-12-18 22:30:00,755.5,756.5,754.0,755.5,504.0,74999.0,74972.0
2025-12-19 09:00:00,755.0,757.5,754.5,756.5,764.0,74972.0,74962.0
2025-12-19 09:30:00,756.5,757.0,755.0,756.0,371.0,74962.0,75098.0
2025-12-19 10:00:00,756.0,756.5,755.0,756.0,292.0,75098.0,75081.0
2025-12-19 10:30:00,756.0,756.0,753.5,754.0,662.0,75081.0,75161.0
2025-12-19 11:00:00,754.0,755.0,753.0,755.0,502.0,75161.0,75129.0
2025-12-19 13:30:00,754.0,755.0,753.5,755.0,826.0,75129.0,75083.0
2025-12-19 14:00:00,755.0,757.5,754.0,757.5,536.0,75083.0,75098.0
2025-12-19 14:30:00,757.5,759.0,756.5,758.0,1603.0,75098.0,75122.0
2025-12-19 21:00:00,759.0,763.0,754.5,762.0,3526.0,75122.0,74771.0
2025-12-19 21:30:00,762.0,763.0,757.5,759.0,2538.0,74771.0,75862.0
2025-12-19 22:00:00,759.0,759.0,757.0,757.0,198.0,75862.0,75962.0
2025-12-19 22:30:00,757.0,759.5,757.0,758.0,509.0,75962.0,76199.0
2025-12-22 09:00:00,758.0,763.0,757.5,762.0,2473.0,76199.0,77005.0
2025-12-22 09:30:00,762.0,762.5,758.0,760.5,763.0,77005.0,77275.0
2025-12-22 10:00:00,760.5,761.0,758.0,758.0,292.0,77275.0,77289.0
2025-12-22 10:30:00,758.0,759.5,757.5,758.5,1012.0,77289.0,77548.0
2025-12-22 11:00:00,758.5,760.5,757.5,759.5,328.0,77548.0,77602.0
2025-12-22 13:30:00,759.5,760.5,758.5,760.0,669.0,77602.0,77669.0
2025-12-22 14:00:00,760.0,760.5,759.0,759.5,499.0,77669.0,77603.0
2025-12-22 14:30:00,759.5,760.5,758.0,760.5,838.0,77603.0,77429.0
2025-12-22 21:00:00,759.5,762.0,757.5,762.0,1768.0,77429.0,77961.0
2025-12-22 21:30:00,762.0,762.5,759.5,760.0,378.0,77961.0,78025.0
2025-12-22 22:00:00,760.0,760.5,755.0,756.0,737.0,78025.0,78138.0
2025-12-22 22:30:00,756.0,758.0,756.0,757.0,379.0,78138.0,78130.0
2025-12-23 09:00:00,756.0,759.5,755.0,755.0,1042.0,78130.0,78414.0
2025-12-23 09:30:00,755.0,756.0,752.0,755.0,961.0,78414.0,78521.0
2025-12-23 10:00:00,755.0,755.5,754.0,754.5,267.0,78521.0,78510.0
2025-12-23 10:30:00,754.5,756.0,753.0,754.0,1090.0,78510.0,78716.0
2025-12-23 11:00:00,754.0,756.0,753.5,755.5,484.0,78716.0,78618.0
2025-12-23 13:30:00,755.5,756.0,753.5,754.5,348.0,78618.0,78597.0
2025-12-23 14:00:00,754.5,756.0,754.5,755.5,328.0,78597.0,78539.0
2025-12-23 14:30:00,755.5,758.0,755.0,756.5,603.0,78539.0,78523.0
2025-12-23 21:00:00,758.5,758.5,752.0,753.0,2441.0,78523.0,79391.0
2025-12-23 21:30:00,753.0,753.5,750.5,750.5,918.0,79391.0,79234.0
2025-12-23 22:00:00,750.5,751.0,749.5,750.5,1136.0,79234.0,78999.0
2025-12-23 22:30:00,750.5,751.0,749.5,751.0,1322.0,78999.0,78960.0
2025-12-24 09:00:00,751.0,753.5,750.5,752.5,901.0,78960.0,79182.0
2025-12-24 09:30:00,752.5,753.5,751.5,753.0,765.0,79182.0,79137.0
2025-12-24 10:00:00,753.0,755.0,752.5,754.0,583.0,79137.0,79148.0
2025-12-24 10:30:00,754.0,755.5,752.0,752.5,1983.0,79148.0,79550.0
2025-12-24 11:00:00,752.5,757.0,752.5,756.5,923.0,79550.0,79450.0
2025-12-24 13:30:00,756.5,758.0,756.0,757.5,1481.0,79450.0,79477.0
2025-12-24 14:00:00,757.5,757.5,756.5,757.5,811.0,79477.0,79842.0
2025-12-24 14:30:00,757.5,759.0,756.5,758.0,791.0,79842.0,79721.0
2025-12-24 21:00:00,757.5,760.0,754.0,756.5,1154.0,79721.0,79963.0
2025-12-24 21:30:00,756.5,757.5,755.0,755.0,284.0,79963.0,80045.0
2025-12-24 22:00:00,755.0,756.0,754.0,755.5,217.0,80045.0,80142.0
2025-12-24 22:30:00,755.5,756.0,754.5,755.0,375.0,80142.0,80256.0
2025-12-25 09:00:00,755.0,758.5,754.0,758.0,758.0,80256.0,80348.0
2025-12-25 09:30:00,758.0,759.0,757.5,758.0,577.0,80348.0,80431.0
2025-12-25 10:00:00,758.0,758.5,757.0,757.0,199.0,80431.0,80459.0
2025-12-25 10:30:00,757.0,758.0,754.5,755.5,1133.0,80459.0,80417.0
2025-12-25 11:00:00,755.5,756.5,755.5,755.5,396.0,80417.0,80536.0
2025-12-25 13:30:00,756.0,756.0,754.0,755.0,564.0,80536.0,80653.0
2025-12-25 14:00:00,755.0,756.5,754.5,755.0,514.0,80653.0,80680.0
2025-12-25 14:30:00,755.0,758.0,754.5,757.0,919.0,80680.0,80344.0
2025-12-25 21:00:00,755.0,757.5,751.0,754.0,3121.0,80344.0,80851.0
2025-12-25 21:30:00,754.0,755.5,753.5,754.5,722.0,80851.0,80908.0
2025-12-25 22:00:00,754.5,754.5,753.0,753.5,310.0,80908.0,80910.0
2025-12-25 22:30:00,753.5,756.0,753.0,754.0,754.0,80910.0,80988.0
2025-12-26 09:00:00,755.0,755.5,753.0,754.0,1718.0,80988.0,80781.0
2025-12-26 09:30:00,754.0,755.5,751.5,752.0,803.0,80781.0,80864.0
2025-12-26 10:00:00,752.0,752.5,751.0,752.0,303.0,80864.0,80895.0
2025-12-26 10:30:00,752.0,753.0,751.0,752.0,1093.0,80895.0,80700.0
2025-12-26 11:00:00,752.0,754.0,750.5,750.5,1101.0,80700.0,80920.0
2025-12-26 13:30:00,751.0,754.5,750.5,754.0,1083.0,80920.0,81080.0
2025-12-26 14:00:00,754.0,756.0,753.0,755.5,663.0,81080.0,81045.0
2025-12-26 14:30:00,755.5,761.5,755.5,761.0,2702.0,81045.0,81432.0
2025-12-26 21:00:00,762.0,769.0,758.5,767.0,6389.0,81432.0,81622.0
2025-12-26 21:30:00,767.0,767.5,763.5,764.0,1365.0,81622.0,81759.0
2025-12-26 22:00:00,764.0,765.0,761.0,761.5,1506.0,81759.0,82319.0
2025-12-26 22:30:00,761.5,763.0,761.0,761.5,925.0,82319.0,82407.0
2025-12-29 09:00:00,761.0,766.5,760.5,764.0,1588.0,82407.0,82345.0
2025-12-29 09:30:00,764.0,767.0,762.0,767.0,752.0,82345.0,82335.0
2025-12-29 10:00:00,767.0,769.0,766.5,769.0,635.0,82335.0,82356.0
2025-12-29 10:30:00,768.5,780.0,768.5,777.5,6210.0,82356.0,81991.0
2025-12-29 11:00:00,777.5,778.5,776.0,776.5,1213.0,81991.0,82077.0
2025-12-29 13:30:00,776.5,780.0,776.5,777.0,2736.0,82077.0,82877.0
2025-12-29 14:00:00,777.0,778.0,774.0,774.0,1999.0,82877.0,83499.0
2025-12-29 14:30:00,774.0,774.5,771.0,773.5,2998.0,83499.0,83353.0
2025-12-29 21:00:00,773.0,776.5,772.5,774.0,3765.0,83353.0,83678.0
2025-12-29 21:30:00,774.0,775.5,772.0,774.5,1469.0,83678.0,83512.0
2025-12-29 22:00:00,774.5,775.0,772.5,772.5,771.0,83512.0,83404.0
2025-12-29 22:30:00,772.5,776.5,771.5,773.0,2140.0,83404.0,83429.0
2025-12-30 09:00:00,773.0,777.0,772.5,776.0,1371.0,83429.0,83215.0
2025-12-30 09:30:00,776.0,776.0,771.0,772.0,1040.0,83215.0,83325.0
2025-12-30 10:00:00,772.0,772.0,769.0,771.5,1159.0,83325.0,83445.0
2025-12-30 10:30:00,771.5,772.5,770.0,771.5,2177.0,83445.0,83882.0
2025-12-30 11:00:00,771.5,772.0,768.0,769.0,1975.0,83882.0,84019.0
2025-12-30 13:30:00,769.5,769.5,765.0,768.0,2715.0,84019.0,84130.0
2025-12-30 14:00:00,768.0,769.5,767.0,769.0,1008.0,84130.0,84238.0
2025-12-30 14:30:00,769.0,769.0,767.0,767.0,968.0,84238.0,84214.0
2025-12-30 21:00:00,768.0,770.0,767.0,769.5,2633.0,84214.0,84301.0
2025-12-30 21:30:00,769.5,770.5,767.5,768.5,649.0,84301.0,84245.0
2025-12-30 22:00:00,768.5,768.5,766.5,767.0,437.0,84245.0,84301.0
2025-12-30 22:30:00,767.0,767.5,766.0,767.0,1435.0,84301.0,84429.0
2025-12-31 09:00:00,767.0,767.0,764.5,765.5,2083.0,84429.0,84642.0
2025-12-31 09:30:00,765.5,767.0,764.0,765.0,1573.0,84642.0,84799.0
2025-12-31 10:00:00,765.0,765.0,763.0,764.0,1066.0,84799.0,84785.0
2025-12-31 10:30:00,764.0,766.5,764.0,766.0,2038.0,84785.0,84867.0
2025-12-31 11:00:00,766.0,767.0,764.5,766.5,946.0,84867.0,84742.0
2025-12-31 13:30:00,766.5,770.0,766.0,768.5,2014.0,84742.0,84655.0
2025-12-31 14:00:00,768.5,774.0,768.5,773.5,3466.0,84655.0,85529.0
2025-12-31 14:30:00,773.5,774.0,768.0,768.5,4037.0,85529.0,85995.0
2026-01-05 09:00:00,770.0,777.0,770.0,776.5,6780.0,85995.0,87065.0
2026-01-05 09:30:00,776.5,776.5,770.0,773.0,2294.0,87065.0,87355.0
2026-01-05 10:00:00,773.0,774.0,769.5,771.0,806.0,87355.0,87389.0
2026-01-05 10:30:00,771.0,775.0,771.0,774.5,1509.0,87389.0,87241.0
2026-01-05 11:00:00,774.5,777.0,774.0,777.0,1340.0,87241.0,87100.0
2026-01-05 13:30:00,776.5,777.5,773.5,776.0,1487.0,87100.0,87280.0
2026-01-05 14:00:00,776.0,777.0,773.5,774.5,1181.0,87280.0,87363.0
2026-01-05 14:30:00,774.5,775.5,773.5,775.0,1039.0,87363.0,87447.0
2026-01-05 21:00:00,773.5,774.5,770.5,772.0,3282.0,87447.0,88359.0
2026-01-05 21:30:00,772.0,773.5,772.0,773.0,727.0,88359.0,88452.0
2026-01-05 22:00:00,773.0,773.5,772.0,773.5,589.0,88452.0,88646.0
2026-01-05 22:30:00,773.5,773.5,772.0,773.5,773.0,88646.0,88494.0
2026-01-06 09:00:00,773.0,774.0,769.5,770.5,3417.0,88494.0,90278.0
2026-01-06 09:30:00,770.5,772.0,766.5,770.0,3505.0,90278.0,90574.0
2026-01-06 10:00:00,770.0,771.5,769.0,771.5,527.0,90574.0,90749.0
2026-01-06 10:30:00,771.5,771.5,769.5,770.5,1950.0,90749.0,91332.0
2026-01-06 11:00:00,770.5,773.5,770.5,772.5,3050.0,91332.0,92616.0
2026-01-06 13:30:00,772.5,777.0,772.0,775.0,2493.0,92616.0,93067.0
2026-01-06 14:00:00,775.0,779.0,775.0,778.5,1747.0,93067.0,93331.0
2026-01-06 14:30:00,778.5,784.5,778.5,780.0,6786.0,93331.0,93710.0
2026-01-06 21:00:00,784.5,788.0,780.5,787.0,4754.0,93710.0,93608.0
2026-01-06 21:30:00,787.0,789.0,786.0,787.0,3518.0,93608.0,93871.0
2026-01-06 22:00:00,787.0,791.5,786.0,791.5,1620.0,93871.0,94109.0
2026-01-06 22:30:00,791.5,792.0,789.5,791.0,2819.0,94109.0,94528.0
2026-01-07 09:00:00,792.0,794.5,791.0,793.5,4149.0,94528.0,94416.0
2026-01-07 09:30:00,793.5,795.0,792.0,793.0,2187.0,94416.0,94437.0
2026-01-07 10:00:00,793.0,793.5,792.0,793.0,707.0,94437.0,94375.0
2026-01-07 10:30:00,792.5,793.5,791.0,793.5,1625.0,94375.0,94145.0
2026-01-07 11:00:00,793.5,801.0,793.0,801.0,6686.0,94145.0,92993.0
2026-01-07 13:30:00,800.0,800.0,795.0,799.0,7166.0,92993.0,93361.0
2026-01-07 14:00:00,799.0,804.5,798.5,803.5,5209.0,93361.0,93617.0
2026-01-07 14:30:00,803.5,806.0,802.0,804.5,6951.0,93617.0,94661.0
2026-01-07 21:00:00,805.5,806.5,800.5,803.5,4415.0,94661.0,95283.0
2026-01-07 21:30:00,803.5,806.0,803.0,806.0,1691.0,95283.0,95292.0
2026-01-07 22:00:00,806.0,808.5,803.0,804.0,2747.0,95292.0,95541.0
2026-01-07 22:30:00,804.0,804.5,801.5,802.0,1947.0,95541.0,95672.0
2026-01-08 09:00:00,802.0,803.5,798.5,799.5,3315.0,95672.0,96345.0
2026-01-08 09:30:00,799.5,802.5,799.0,802.5,2249.0,96345.0,96354.0
2026-01-08 10:00:00,802.5,803.0,800.5,801.0,648.0,96354.0,96371.0
2026-01-08 10:30:00,801.0,801.0,795.5,796.5,4408.0,96371.0,97127.0
2026-01-08 11:00:00,796.5,796.5,791.5,794.5,4945.0,97127.0,97768.0
2026-01-08 13:30:00,792.0,792.5,787.5,789.5,6734.0,97768.0,98573.0
2026-01-08 14:00:00,789.5,792.0,786.5,791.5,3210.0,98573.0,98225.0
2026-01-08 14:30:00,791.5,792.5,789.5,792.0,3024.0,98225.0,98324.0
2026-01-08 21:00:00,795.0,796.5,792.0,794.0,6455.0,98324.0,98066.0
2026-01-08 21:30:00,794.0,796.5,792.0,792.5,1096.0,98066.0,97928.0
2026-01-08 22:00:00,792.5,793.0,790.0,791.0,3856.0,97928.0,98489.0
2026-01-08 22:30:00,791.0,791.0,787.5,789.0,2142.0,98489.0,98538.0
2026-01-09 09:00:00,788.5,794.0,788.5,792.5,2075.0,98538.0,98129.0
2026-01-09 09:30:00,792.5,793.0,790.5,791.5,1584.0,98129.0,98525.0
2026-01-09 10:00:00,791.5,795.0,791.5,795.0,1071.0,98525.0,98554.0
2026-01-09 10:30:00,795.0,796.5,794.0,795.5,2171.0,98554.0,98502.0
2026-01-09 11:00:00,795.5,796.0,791.5,793.5,1433.0,98502.0,98664.0
2026-01-09 13:30:00,794.0,795.5,792.5,792.5,1462.0,98664.0,98878.0
2026-01-09 14:00:00,792.5,796.0,792.5,795.0,1200.0,98878.0,99145.0
2026-01-09 14:30:00,795.0,796.0,792.5,793.0,1601.0,99145.0,99060.0
2026-01-09 21:00:00,796.0,799.5,795.0,795.5,4718.0,99060.0,99566.0
2026-01-09 21:30:00,795.5,800.5,795.5,796.0,2762.0,99566.0,99990.0
2026-01-09 22:00:00,796.0,798.5,796.0,798.0,744.0,99990.0,99940.0
2026-01-09 22:30:00,798.0,800.5,797.0,799.0,2419.0,99940.0,100216.0
2026-01-12 09:00:00,801.0,805.0,801.0,803.0,9473.0,100216.0,101397.0
2026-01-12 09:30:00,803.0,804.0,800.5,800.5,4048.0,101397.0,101182.0
2026-01-12 10:00:00,800.5,801.0,798.5,799.5,1137.0,101182.0,101451.0
2026-01-12 10:30:00,799.5,800.5,798.0,798.5,2030.0,101451.0,102057.0
2026-01-12 11:00:00,798.5,803.0,796.5,803.0,2296.0,102057.0,101897.0
2026-01-12 13:30:00,802.5,803.5,801.0,802.5,1788.0,101897.0,101972.0
2026-01-12 14:00:00,802.5,805.0,801.5,804.0,1347.0,101972.0,102222.0
2026-01-12 14:30:00,804.0,804.0,799.0,802.0,2824.0,102222.0,102756.0
2026-01-12 21:00:00,803.5,804.0,799.5,801.5,5037.0,102756.0,103518.0
2026-01-12 21:30:00,801.5,801.5,792.5,795.0,8060.0,103518.0,103352.0
2026-01-12 22:00:00,795.0,795.0,791.5,792.5,1378.0,103352.0,103151.0
2026-01-12 22:30:00,792.5,795.0,792.5,793.0,1411.0,103151.0,102861.0
2026-01-13 09:00:00,793.0,800.0,793.0,799.0,2802.0,102861.0,103170.0
2026-01-13 09:30:00,799.0,801.0,798.0,800.0,2398.0,103170.0,103541.0
2026-01-13 10:00:00,800.0,801.0,799.0,800.5,2073.0,103541.0,103348.0
2026-01-13 10:30:00,800.5,804.0,798.0,803.5,3778.0,103348.0,104191.0
2026-01-13 11:00:00,803.5,806.5,803.5,804.5,3821.0,104191.0,104916.0
2026-01-13 13:30:00,803.5,804.0,800.5,801.0,3570.0,104916.0,105638.0
2026-01-13 14:00:00,801.0,803.5,800.0,801.0,1588.0,105638.0,106035.0
2026-01-13 14:30:00,801.0,801.5,796.5,798.0,2844.0,106035.0,106531.0
2026-01-13 21:00:00,797.0,803.0,797.0,801.5,3694.0,106531.0,107638.0
2026-01-13 21:30:00,801.5,802.0,799.0,801.5,1713.0,107638.0,108176.0
2026-01-13 22:00:00,801.5,803.0,800.5,802.0,1698.0,108176.0,108708.0
2026-01-13 22:30:00,802.0,803.5,802.0,803.0,1708.0,108708.0,109318.0
2026-01-14 09:00:00,801.5,802.5,797.0,798.5,2558.0,109318.0,109780.0
2026-01-14 09:30:00,798.5,800.5,798.0,799.0,760.0,109780.0,109667.0
2026-01-14 10:00:00,799.0,801.5,799.0,801.0,617.0,109667.0,109696.0
2026-01-14 10:30:00,801.0,804.0,801.0,803.0,1824.0,109696.0,109741.0
2026-01-14 11:00:00,803.0,804.5,801.5,802.0,949.0,109741.0,109597.0
2026-01-14 13:30:00,799.0,802.5,796.5,798.0,3879.0,109597.0,110258.0
2026-01-14 14:00:00,798.0,803.0,796.0,801.5,2527.0,110258.0,110132.0
2026-01-14 14:30:00,801.5,801.5,799.0,799.0,807.0,110132.0,110187.0
2026-01-14 21:00:00,798.0,800.0,793.5,797.0,6393.0,110187.0,112940.0
2026-01-14 21:30:00,797.0,798.0,796.0,797.0,1115.0,112940.0,113082.0
2026-01-14 22:00:00,797.0,799.0,797.0,799.0,2003.0,113082.0,113940.0
2026-01-14 22:30:00,799.0,800.0,798.0,798.5,4572.0,113940.0,114150.0
2026-01-15 09:00:00,798.5,799.5,796.0,797.5,2347.0,114150.0,114062.0
2026-01-15 09:30:00,797.5,798.5,796.0,798.5,2123.0,114062.0,114036.0
2026-01-15 10:00:00,798.5,800.5,798.0,799.0,1690.0,114036.0,113860.0
2026-01-15 10:30:00,799.0,799.5,796.0,796.5,2169.0,113860.0,113923.0
2026-01-15 11:00:00,796.5,798.0,793.0,794.0,2665.0,113923.0,114328.0
2026-01-15 13:30:00,794.0,797.5,793.5,795.0,3336.0,114328.0,114540.0
2026-01-15 14:00:00,795.0,798.5,795.0,797.0,4511.0,114540.0,116401.0
2026-01-15 14:30:00,797.0,797.5,794.0,794.0,2904.0,116401.0,116593.0
2026-01-15 21:00:00,792.0,797.5,792.0,794.0,7502.0,116593.0,118650.0
2026-01-15 21:30:00,794.0,796.5,794.0,795.5,1808.0,118650.0,118659.0
2026-01-15 22:00:00,795.5,799.0,794.5,797.5,1230.0,118659.0,118694.0
2026-01-15 22:30:00,797.5,798.0,794.5,797.0,2113.0,118694.0,119394.0
2026-01-16 09:00:00,797.0,803.0,796.0,802.5,3430.0,119394.0,119466.0
2026-01-16 09:30:00,802.5,803.0,799.0,801.0,4212.0,119466.0,119942.0
2026-01-16 10:00:00,801.0,801.5,798.5,799.5,936.0,119942.0,119897.0
2026-01-16 10:30:00,799.5,801.0,797.0,797.0,2332.0,119897.0,119888.0
2026-01-16 11:00:00,797.0,798.5,793.5,794.5,2459.0,119888.0,119929.0
2026-01-16 13:30:00,794.0,796.5,794.0,795.0,1630.0,119929.0,120156.0
2026-01-16 14:00:00,795.0,795.5,794.0,794.5,1158.0,120156.0,120197.0
2026-01-16 14:30:00,794.5,795.5,792.5,793.5,1656.0,120197.0,120288.0
2026-01-16 21:00:00,792.5,793.0,787.0,788.0,5367.0,120288.0,121838.0
2026-01-16 21:30:00,788.0,788.5,785.0,787.5,2645.0,121838.0,121147.0
2026-01-16 22:00:00,787.5,789.0,786.5,788.5,1171.0,121147.0,121105.0
2026-01-16 22:30:00,788.5,789.0,786.0,786.5,1030.0,121105.0,121041.0
2026-01-19 09:00:00,786.5,788.5,776.0,776.5,7744.0,121041.0,121243.0
2026-01-19 09:30:00,776.5,777.0,771.5,773.0,7868.0,121243.0,121932.0
2026-01-19 10:00:00,773.0,775.0,772.0,775.0,2002.0,121932.0,122596.0
2026-01-19 10:30:00,775.0,776.0,774.0,775.0,2884.0,122596.0,122245.0
2026-01-19 11:00:00,775.0,775.5,773.5,775.0,2422.0,122245.0,122318.0
2026-01-19 13:30:00,775.0,778.0,775.0,775.5,3353.0,122318.0,122835.0
2026-01-19 14:00:00,775.5,776.5,775.0,775.5,1825.0,122835.0,123237.0
2026-01-19 14:30:00,775.5,778.0,775.0,776.5,2643.0,123237.0,123680.0
2026-01-19 21:00:00,776.0,779.5,776.0,778.0,2831.0,123680.0,123800.0
2026-01-19 21:30:00,778.0,779.5,777.0,778.0,817.0,123800.0,123878.0
2026-01-19 22:00:00,778.0,778.5,776.5,778.5,1862.0,123878.0,124638.0
2026-01-19 22:30:00,778.5,779.0,776.5,777.5,1654.0,124638.0,125346.0
2026-01-20 09:00:00,770.0,770.0,762.5,766.5,21555.0,125346.0,122660.0
2026-01-20 09:30:00,766.5,771.0,766.0,768.0,7557.0,122660.0,123041.0
2026-01-20 10:00:00,768.0,770.0,767.5,769.0,1033.0,123041.0,122973.0
2026-01-20 10:30:00,769.0,769.0,766.5,767.0,1394.0,122973.0,122712.0
2026-01-20 11:00:00,767.0,768.5,766.5,768.0,1192.0,122712.0,122687.0
2026-01-20 13:30:00,768.5,772.5,768.0,771.5,4032.0,122687.0,124099.0
2026-01-20 14:00:00,771.5,773.0,769.5,771.0,2066.0,124099.0,124696.0
2026-01-20 14:30:00,771.0,772.5,769.5,771.5,2861.0,124696.0,124699.0
2026-01-20 21:00:00,771.0,773.0,768.5,769.0,4456.0,124699.0,125522.0
2026-01-20 21:30:00,769.0,771.0,768.5,771.0,1140.0,125522.0,125373.0
2026-01-20 22:00:00,771.0,773.0,770.5,772.0,1043.0,125373.0,125459.0
2026-01-20 22:30:00,772.0,773.5,771.0,771.0,1338.0,125459.0,125477.0
2026-01-21 09:00:00,770.5,770.5,767.0,768.5,2880.0,125477.0,125837.0
2026-01-21 09:30:00,768.5,769.0,766.5,768.0,1236.0,125837.0,125682.0
2026-01-21 10:00:00,768.0,768.0,766.0,766.5,1049.0,125682.0,125790.0
2026-01-21 10:30:00,766.5,768.0,765.0,766.0,2152.0,125790.0,126153.0
2026-01-21 11:00:00,766.0,768.0,765.0,767.5,1331.0,126153.0,126221.0
2026-01-21 13:30:00,767.5,768.5,766.0,768.0,3216.0,126221.0,126720.0
2026-01-21 14:00:00,768.0,770.0,767.0,767.5,2275.0,126720.0,126879.0
2026-01-21 14:30:00,767.5,768.5,765.5,766.5,2453.0,126879.0,126842.0
2026-01-21 21:00:00,769.5,769.5,766.0,766.5,2265.0,126842.0,126650.0
2026-01-21 21:30:00,766.5,769.0,765.0,768.5,2002.0,126650.0,127286.0
2026-01-21 22:00:00,768.5,769.0,767.0,767.5,862.0,127286.0,127158.0
2026-01-21 22:30:00,767.5,768.5,767.0,768.0,926.0,127158.0,126933.0
2026-01-22 09:00:00,766.0,771.0,765.5,769.0,3265.0,126933.0,127069.0
2026-01-22 09:30:00,769.0,769.5,766.5,767.5,961.0,127069.0,127279.0
2026-01-22 10:00:00,767.5,768.5,767.0,768.5,451.0,127279.0,127282.0
2026-01-22 10:30:00,768.0,768.5,766.5,768.5,1550.0,127282.0,127306.0
2026-01-22 11:00:00,768.5,769.0,766.0,768.0,1112.0,127306.0,127267.0
2026-01-22 13:30:00,767.5,772.0,767.5,771.0,3187.0,127267.0,127191.0
2026-01-22 14:00:00,771.0,771.0,768.5,769.0,1772.0,127191.0,127886.0
2026-01-22 14:30:00,769.0,771.0,769.0,769.5,1842.0,127886.0,128177.0
2026-01-22 21:00:00,769.5,772.0,768.0,768.0,3359.0,128177.0,128694.0
2026-01-22 21:30:00,768.0,769.0,768.0,768.0,1963.0,128694.0,128851.0
2026-01-22 22:00:00,768.0,770.5,768.0,770.0,924.0,128851.0,128894.0
2026-01-22 22:30:00,770.0,770.5,769.5,770.0,540.0,128894.0,128862.0
2026-01-23 09:00:00,770.0,777.5,770.0,772.5,4504.0,128862.0,128743.0
2026-01-23 09:30:00,772.5,776.0,772.5,776.0,1066.0,128743.0,128869.0
2026-01-23 10:00:00,776.0,777.0,775.0,776.0,640.0,128869.0,129011.0
2026-01-23 10:30:00,776.0,777.0,775.0,776.5,880.0,129011.0,129150.0
2026-01-23 11:00:00,776.5,777.0,775.0,776.5,2887.0,129150.0,130205.0
2026-01-23 13:30:00,776.5,778.0,775.0,777.5,2150.0,130205.0,129845.0
2026-01-23 14:00:00,777.5,780.0,777.0,779.0,3323.0,129845.0,130612.0
2026-01-23 14:30:00,779.0,779.0,775.5,777.5,4352.0,130612.0,131296.0
2026-01-23 21:00:00,777.0,783.5,776.5,778.0,6320.0,131296.0,130860.0
2026-01-23 21:30:00,778.0,778.0,774.0,776.5,3000.0,130860.0,131313.0
2026-01-23 22:00:00,776.5,777.0,775.0,775.5,1026.0,131313.0,131093.0
2026-01-23 22:30:00,775.5,776.0,773.5,774.0,936.0,131093.0,131118.0
2026-01-26 09:00:00,774.0,778.5,774.0,777.5,5035.0,131118.0,131729.0
2026-01-26 09:30:00,777.5,777.5,772.0,772.0,4419.0,131729.0,132029.0
2026-01-26 10:00:00,772.0,772.5,770.5,771.0,2231.0,132029.0,132106.0
2026-01-26 10:30:00,771.5,773.5,770.5,771.0,4104.0,132106.0,133587.0
2026-01-26 11:00:00,771.0,773.0,769.5,770.5,2063.0,133587.0,133798.0
2026-01-26 13:30:00,770.5,771.0,769.5,770.0,1143.0,133798.0,133884.0
2026-01-26 14:00:00,770.0,771.5,769.5,771.5,998.0,133884.0,133976.0
2026-01-26 14:30:00,771.5,771.5,766.0,766.0,4553.0,133976.0,132721.0
2026-01-26 21:00:00,767.5,769.5,765.5,769.0,5197.0,132721.0,132183.0
2026-01-26 21:30:00,769.0,769.0,767.0,768.0,1420.0,132183.0,132491.0
2026-01-26 22:00:00,768.0,769.5,767.0,769.0,529.0,132491.0,132373.0
2026-01-26 22:30:00,769.0,771.5,768.5,770.0,1137.0,132373.0,132182.0
2026-01-27 09:00:00,770.0,774.0,770.0,773.0,4566.0,132182.0,132017.0
2026-01-27 09:30:00,773.0,774.5,766.5,766.5,4415.0,132017.0,132929.0
2026-01-27 10:00:00,766.5,769.0,766.5,768.5,947.0,132929.0,132782.0
2026-01-27 10:30:00,768.5,770.5,768.5,770.0,884.0,132782.0,132634.0
2026-01-27 11:00:00,770.0,770.5,766.5,767.5,1549.0,132634.0,132723.0
2026-01-27 13:30:00,767.5,768.5,767.0,768.0,1024.0,132723.0,132462.0
2026-01-27 14:00:00,768.0,770.5,768.0,770.0,675.0,132462.0,132238.0
2026-01-27 14:30:00,770.0,771.0,769.0,769.5,1262.0,132238.0,132191.0
2026-01-27 21:00:00,768.0,769.5,766.5,768.5,2213.0,132191.0,132435.0
2026-01-27 21:30:00,768.5,769.0,768.0,768.5,654.0,132435.0,132398.0
2026-01-27 22:00:00,768.5,770.0,766.5,766.5,1828.0,132398.0,132479.0
2026-01-27 22:30:00,766.5,768.5,764.0,765.0,2262.0,132479.0,133089.0
2026-01-28 09:00:00,765.0,770.5,762.5,764.5,5278.0,133089.0,134303.0
2026-01-28 09:30:00,764.5,766.0,764.0,765.0,2004.0,134303.0,134504.0
2026-01-28 10:00:00,765.0,765.5,764.0,764.5,629.0,134504.0,134560.0
2026-01-28 10:30:00,764.0,766.0,762.0,762.5,2411.0,134560.0,135315.0
2026-01-28 11:00:00,762.5,769.0,762.0,768.0,2916.0,135315.0,135048.0
2026-01-28 13:30:00,767.5,767.5,765.5,766.0,1128.0,135048.0,135112.0
2026-01-28 14:00:00,766.0,767.5,764.0,764.0,1324.0,135112.0,135129.0
2026-01-28 14:30:00,764.0,766.0,763.5,764.5,1038.0,135129.0,134945.0
2026-01-28 21:00:00,772.5,772.5,763.0,765.5,4405.0,134945.0,135273.0
2026-01-28 21:30:00,765.5,766.5,764.5,766.5,1237.0,135273.0,135170.0
2026-01-28 22:00:00,766.5,768.5,766.0,768.0,1419.0,135170.0,134867.0
2026-01-28 22:30:00,768.0,768.5,767.0,767.0,746.0,134867.0,134887.0
2026-01-29 09:00:00,767.0,773.0,766.5,772.5,4871.0,134887.0,133630.0
2026-01-29 09:30:00,772.5,773.5,771.5,773.0,1383.0,133630.0,133753.0
2026-01-29 10:00:00,773.0,773.5,771.5,772.0,1066.0,133753.0,133983.0
2026-01-29 10:30:00,771.5,772.5,769.5,772.0,1470.0,133983.0,133803.0
2026-01-29 11:00:00,772.0,776.5,772.0,775.0,2689.0,133803.0,133853.0
2026-01-29 13:30:00,777.0,779.0,775.5,777.5,6193.0,133853.0,133327.0
2026-01-29 14:00:00,777.5,779.0,776.0,776.5,2065.0,133327.0,134074.0
2026-01-29 14:30:00,776.5,780.5,775.5,779.0,4466.0,134074.0,133653.0
2026-01-29 21:00:00,780.0,782.0,777.0,777.0,7302.0,133653.0,133829.0
2026-01-29 21:30:00,777.0,778.5,777.0,777.0,1501.0,133829.0,133954.0
2026-01-29 22:00:00,777.0,780.0,777.0,779.0,1390.0,133954.0,133876.0
2026-01-29 22:30:00,779.0,780.0,776.5,777.0,2440.0,133876.0,134460.0
2026-01-30 09:00:00,776.5,776.5,769.5,771.0,6018.0,134460.0,134900.0
2026-01-30 09:30:00,771.0,773.0,771.0,772.0,2331.0,134900.0,134693.0
2026-01-30 10:00:00,772.0,772.5,770.0,770.0,865.0,134693.0,134570.0
2026-01-30 10:30:00,770.0,776.5,770.0,776.0,5579.0,134570.0,133985.0
2026-01-30 11:00:00,776.0,776.5,771.0,773.0,3187.0,133985.0,134189.0
2026-01-30 13:30:00,774.0,775.0,772.5,773.0,1873.0,134189.0,134219.0
2026-01-30 14:00:00,773.0,777.5,773.0,776.5,2493.0,134219.0,134601.0
2026-01-30 14:30:00,776.5,777.0,772.5,772.5,1673.0,134601.0,134463.0
2026-01-30 21:00:00,770.0,774.5,769.5,774.5,3312.0,134463.0,134472.0
2026-01-30 21:30:00,774.5,776.0,772.5,773.5,1986.0,134472.0,134482.0
2026-01-30 22:00:00,773.5,774.0,772.0,774.0,1250.0,134482.0,134829.0
2026-01-30 22:30:00,774.0,774.0,772.0,773.0,940.0,134829.0,134871.0
2026-02-02 09:00:00,771.0,771.5,767.0,769.0,7188.0,134871.0,135046.0
2026-02-02 09:30:00,769.0,773.0,768.0,772.5,2009.0,135046.0,134804.0
2026-02-02 10:00:00,772.5,775.5,772.5,773.5,2577.0,134804.0,134898.0
2026-02-02 10:30:00,773.5,773.5,770.0,770.5,2433.0,134898.0,135119.0
2026-02-02 11:00:00,770.5,772.0,768.0,771.5,3228.0,135119.0,135394.0
2026-02-02 13:30:00,771.5,772.0,767.0,769.0,4981.0,135394.0,135729.0
2026-02-02 14:00:00,769.0,771.0,763.5,764.0,6994.0,135729.0,136457.0
2026-02-02 14:30:00,764.0,767.0,764.0,766.0,4206.0,136457.0,136586.0
2026-02-02 21:00:00,767.0,779.5,767.0,774.5,15444.0,136586.0,133684.0
2026-02-02 21:30:00,774.5,774.5,771.5,773.5,1423.0,133684.0,133798.0
2026-02-02 22:00:00,773.5,775.5,773.0,774.0,2055.0,133798.0,134672.0
2026-02-02 22:30:00,774.0,774.0,771.5,771.5,1131.0,134672.0,134337.0
2026-02-03 09:00:00,772.0,773.5,770.5,771.5,2740.0,134337.0,134633.0
2026-02-03 09:30:00,771.5,773.5,770.0,771.5,2003.0,134633.0,134792.0
2026-02-03 10:00:00,771.5,772.0,767.0,768.0,1601.0,134792.0,135085.0
2026-02-03 10:30:00,768.0,768.0,758.0,758.5,8288.0,135085.0,136959.0
2026-02-03 11:00:00,758.5,762.0,758.0,759.5,3830.0,136959.0,136961.0
2026-02-03 13:30:00,760.5,761.5,759.5,760.0,1931.0,136961.0,137204.0
2026-02-03 14:00:00,760.0,760.5,758.5,758.5,2491.0,137204.0,137667.0
2026-02-03 14:30:00,758.5,760.5,758.0,760.0,1557.0,137667.0,137639.0
2026-02-03 21:00:00,763.0,768.0,763.0,766.0,6072.0,137639.0,137382.0
2026-02-03 21:30:00,766.0,766.0,764.0,765.0,834.0,137382.0,137381.0
2026-02-03 22:00:00,765.0,766.0,764.0,764.5,453.0,137381.0,137324.0
2026-02-03 22:30:00,764.5,766.0,764.0,765.0,522.0,137324.0,137252.0
2026-02-04 09:00:00,765.5,765.5,761.5,762.0,3201.0,137252.0,137950.0
2026-02-04 09:30:00,762.0,765.0,760.5,764.0,1700.0,137950.0,138038.0
2026-02-04 10:00:00,764.0,767.5,763.5,767.5,1887.0,138038.0,137576.0
2026-02-04 10:30:00,766.5,767.5,762.0,764.0,3351.0,137576.0,137241.0
2026-02-04 11:00:00,764.0,767.5,763.5,766.0,2579.0,137241.0,137164.0
2026-02-04 13:30:00,766.0,767.0,764.0,764.5,1310.0,137164.0,136937.0
2026-02-04 14:00:00,764.5,765.0,762.0,764.0,1156.0,136937.0,137005.0
2026-02-04 14:30:00,764.0,765.0,764.0,764.5,1719.0,137005.0,137145.0
2026-02-04 21:00:00,763.5,763.5,758.5,759.5,5270.0,137145.0,138379.0
2026-02-04 21:30:00,759.5,761.0,756.0,758.5,4544.0,138379.0,139574.0
2026-02-04 22:00:00,758.5,759.5,758.0,759.0,1126.0,139574.0,139666.0
2026-02-04 22:30:00,759.0,759.5,757.5,758.5,1004.0,139666.0,139640.0
2026-02-05 09:00:00,759.5,759.5,750.5,751.0,9654.0,139640.0,140541.0
2026-02-05 09:30:00,751.0,752.5,748.5,750.0,7764.0,140541.0,141921.0
2026-02-05 10:00:00,750.0,752.0,750.0,750.5,1883.0,141921.0,142512.0
2026-02-05 10:30:00,750.5,752.0,748.5,749.0,2685.0,142512.0,142331.0
2026-02-05 11:00:00,749.0,751.5,748.0,749.5,3115.0,142331.0,141776.0
2026-02-05 13:30:00,749.5,754.0,749.0,752.0,3883.0,141776.0,141233.0
2026-02-05 14:00:00,752.0,753.0,748.5,749.5,2634.0,141233.0,141409.0
2026-02-05 14:30:00,749.5,752.5,748.5,751.0,3192.0,141409.0,140734.0
2026-02-05 21:00:00,749.5,752.0,749.0,751.5,3411.0,140734.0,139896.0
2026-02-05 21:30:00,751.5,753.5,749.5,750.0,1652.0,139896.0,139721.0
2026-02-05 22:00:00,750.0,751.0,749.5,750.0,980.0,139721.0,139435.0
2026-02-05 22:30:00,750.0,750.5,749.0,749.0,443.0,139435.0,139359.0
2026-02-06 09:00:00,748.5,749.0,746.0,747.0,3865.0,139359.0,139047.0
2026-02-06 09:30:00,747.0,747.0,745.0,745.5,2757.0,139047.0,139059.0
2026-02-06 10:00:00,745.5,746.5,745.0,745.5,1275.0,139059.0,139104.0
2026-02-06 10:30:00,746.0,748.0,742.5,743.0,4044.0,139104.0,140028.0
2026-02-06 11:00:00,743.0,745.5,742.0,744.5,2293.0,140028.0,139975.0
2026-02-06 13:30:00,744.5,747.0,744.0,746.0,2806.0,139975.0,139976.0
2026-02-06 14:00:00,746.0,747.0,744.5,745.5,2386.0,139976.0,139474.0
2026-02-06 14:30:00,745.5,746.0,742.5,742.5,2908.0,139474.0,139520.0
2026-02-06 21:00:00,741.5,744.5,740.0,741.0,4012.0,139520.0,140301.0
2026-02-06 21:30:00,741.0,741.5,740.0,740.5,1083.0,140301.0,140330.0
2026-02-06 22:00:00,740.5,741.5,740.0,740.5,875.0,140330.0,140413.0
2026-02-06 22:30:00,740.5,744.0,740.5,742.5,2140.0,140413.0,140318.0
2026-02-09 09:00:00,744.0,746.0,742.5,744.5,5161.0,140318.0,141165.0
2026-02-09 09:30:00,744.5,746.0,743.5,744.0,1786.0,141165.0,140898.0
2026-02-09 10:00:00,744.0,746.5,744.0,746.0,1109.0,140898.0,141145.0
2026-02-09 10:30:00,745.5,747.0,744.0,744.5,2772.0,141145.0,140322.0
2026-02-09 11:00:00,744.5,745.5,743.5,744.5,1627.0,140322.0,140230.0
2026-02-09 13:30:00,744.5,745.5,743.5,744.5,1196.0,140230.0,140181.0
2026-02-09 14:00:00,744.5,745.0,743.0,743.5,996.0,140181.0,140229.0
2026-02-09 14:30:00,743.5,744.5,742.5,743.0,2446.0,140229.0,139998.0
2026-02-09 21:00:00,745.0,746.5,743.5,744.0,3810.0,139998.0,140402.0
2026-02-09 21:30:00,744.0,744.5,743.0,743.5,829.0,140402.0,140458.0
2026-02-09 22:00:00,743.5,744.0,742.5,744.0,398.0,140458.0,140494.0
2026-02-09 22:30:00,744.0,746.0,743.5,744.5,1386.0,140494.0,140281.0
2026-02-10 09:00:00,744.5,744.5,742.5,743.5,925.0,140281.0,140298.0
2026-02-10 09:30:00,743.5,747.5,743.5,745.0,2517.0,140298.0,140354.0
2026-02-10 10:00:00,745.0,746.0,744.5,744.5,988.0,140354.0,140502.0
2026-02-10 10:30:00,744.5,745.0,743.5,744.0,1339.0,140502.0,140817.0
2026-02-10 11:00:00,744.0,744.5,743.5,743.5,776.0,140817.0,140947.0
2026-02-10 13:30:00,743.5,745.0,743.0,744.0,2428.0,140947.0,140835.0
2026-02-10 14:00:00,744.0,746.5,744.0,745.5,1089.0,140835.0,140688.0
2026-02-10 14:30:00,745.5,746.0,743.5,744.0,1913.0,140688.0,140899.0
2026-02-10 21:00:00,744.5,744.5,741.0,742.5,2938.0,140899.0,141089.0
2026-02-10 21:30:00,742.5,745.5,742.5,745.5,744.0,141089.0,141105.0
2026-02-10 22:00:00,745.5,746.5,745.0,746.0,1072.0,141105.0,140719.0
2026-02-10 22:30:00,746.0,747.0,745.0,746.0,1034.0,140719.0,140714.0
2026-02-11 09:00:00,745.0,747.0,744.0,746.0,1854.0,140714.0,140783.0
2026-02-11 09:30:00,746.0,746.5,744.5,746.0,873.0,140783.0,140656.0
2026-02-11 10:00:00,746.0,748.0,746.0,746.5,1384.0,140656.0,140426.0
2026-02-11 10:30:00,746.0,748.0,746.0,747.5,1529.0,140426.0,140078.0
2026-02-11 11:00:00,747.5,748.0,746.0,747.5,831.0,140078.0,139987.0
2026-02-11 13:30:00,747.5,748.5,746.0,746.5,2137.0,139987.0,140022.0
2026-02-11 14:00:00,746.5,747.5,745.5,746.5,1107.0,140022.0,140112.0
2026-02-11 14:30:00,746.5,746.5,744.0,745.0,1569.0,140112.0,139949.0
2026-02-11 21:00:00,745.5,748.0,744.0,746.5,4047.0,139949.0,138890.0
2026-02-11 21:30:00,746.5,747.5,745.5,747.0,651.0,138890.0,138749.0
2026-02-11 22:00:00,747.0,748.0,746.0,746.0,833.0,138749.0,138856.0
2026-02-11 22:30:00,746.0,746.5,744.5,745.0,890.0,138856.0,139147.0
2026-02-12 09:00:00,745.5,748.0,744.5,747.5,1746.0,139147.0,139078.0
2026-02-12 09:30:00,747.5,748.5,747.0,748.0,1368.0,139078.0,138805.0
2026-02-12 10:00:00,748.0,748.5,747.0,747.5,809.0,138805.0,139070.0
2026-02-12 10:30:00,747.5,748.0,746.5,747.0,795.0,139070.0,139154.0
2026-02-12 11:00:00,747.0,747.5,746.5,747.0,709.0,139154.0,139426.0
2026-02-12 13:30:00,747.0,747.5,745.5,746.0,1479.0,139426.0,139451.0
2026-02-12 14:00:00,746.0,746.5,744.5,745.0,1336.0,139451.0,140058.0
2026-02-12 14:30:00,745.0,746.0,744.0,745.0,1939.0,140058.0,140243.0
2026-02-12 21:00:00,746.0,746.0,741.5,743.5,3197.0,140243.0,140857.0
2026-02-12 21:30:00,743.5,746.0,743.5,746.0,843.0,140857.0,140589.0
2026-02-12 22:00:00,746.0,746.0,742.5,742.5,1746.0,140589.0,140291.0
2026-02-12 22:30:00,742.5,743.0,742.0,742.0,1495.0,140291.0,140671.0
2026-02-13 09:00:00,742.0,742.5,736.5,739.5,10145.0,140671.0,145744.0
2026-02-13 09:30:00,739.5,739.5,737.5,738.0,2364.0,145744.0,146473.0
2026-02-13 10:00:00,738.0,738.5,737.5,737.5,1617.0,146473.0,147106.0
2026-02-13 10:30:00,738.0,739.0,737.5,737.5,2289.0,147106.0,147809.0
2026-02-13 11:00:00,737.5,738.0,736.5,736.5,5356.0,147809.0,150797.0
2026-02-13 13:30:00,736.5,738.0,736.0,737.0,2349.0,150797.0,151370.0
2026-02-13 14:00:00,737.0,737.0,735.0,736.0,3618.0,151370.0,152287.0
2026-02-13 14:30:00,736.0,736.5,730.5,730.5,6298.0,152287.0,154346.0
2026-02-24 09:00:00,735.0,735.0,725.0,726.0,14593.0,154346.0,160811.0
2026-02-24 09:30:00,726.0,726.0,721.0,723.0,4734.0,160811.0,162296.0
2026-02-24 10:00:00,723.0,724.0,721.5,724.0,2042.0,162296.0,162790.0
2026-02-24 10:30:00,724.5,730.0,724.0,729.5,4461.0,162790.0,163112.0
2026-02-24 11:00:00,729.5,729.5,727.5,729.0,1919.0,163112.0,163167.0
2026-02-24 13:30:00,728.0,728.0,725.0,727.0,3196.0,163167.0,163824.0
2026-02-24 14:00:00,727.0,727.5,723.5,724.0,3678.0,163824.0,164617.0
2026-02-24 14:30:00,724.0,725.0,723.0,724.5,4456.0,164617.0,164100.0
2026-02-24 21:00:00,726.0,729.0,726.0,727.5,5005.0,164100.0,166065.0
2026-02-24 21:30:00,727.5,728.0,725.0,725.0,1894.0,166065.0,166778.0
2026-02-24 22:00:00,725.0,726.5,724.5,726.0,1260.0,166778.0,167015.0
2026-02-24 22:30:00,726.0,726.5,725.5,726.5,828.0,167015.0,166968.0
2026-02-25 09:00:00,726.0,726.0,723.5,725.5,2809.0,166968.0,167772.0
2026-02-25 09:30:00,725.5,730.5,725.5,729.5,4501.0,167772.0,167309.0
2026-02-25 10:00:00,729.5,731.5,728.5,730.5,2394.0,167309.0,166929.0
2026-02-25 10:30:00,730.0,734.5,728.5,734.5,5123.0,166929.0,166227.0
2026-02-25 11:00:00,734.5,736.0,732.0,735.0,4908.0,166227.0,165521.0
2026-02-25 13:30:00,734.5,739.0,734.0,736.5,6029.0,165521.0,165183.0
2026-02-25 14:00:00,736.5,737.0,734.0,734.5,3010.0,165183.0,165681.0
2026-02-25 14:30:00,734.5,736.5,734.0,735.5,2567.0,165681.0,166097.0
2026-02-25 21:00:00,736.5,737.0,733.0,733.5,5038.0,166097.0,167191.0
2026-02-25 21:30:00,733.5,734.0,732.0,732.5,1554.0,167191.0,167448.0
2026-02-25 22:00:00,732.5,733.0,732.0,732.0,1147.0,167448.0,167767.0
2026-02-25 22:30:00,732.0,732.5,731.0,731.0,1604.0,167767.0,168089.0
2026-02-26 09:00:00,731.0,733.0,730.0,732.0,3252.0,168089.0,169123.0
2026-02-26 09:30:00,732.0,732.5,731.0,732.5,1297.0,169123.0,169179.0
2026-02-26 10:00:00,732.5,733.0,732.0,732.5,1093.0,169179.0,169441.0
2026-02-26 10:30:00,732.5,732.5,728.0,728.5,6140.0,169441.0,171846.0
2026-02-26 11:00:00,728.5,731.0,727.5,730.0,1687.0,171846.0,172085.0
2026-02-26 13:30:00,730.0,731.0,728.5,729.0,1396.0,172085.0,172318.0
2026-02-26 14:00:00,729.0,730.0,728.0,730.0,1617.0,172318.0,172425.0
2026-02-26 14:30:00,730.0,733.0,729.5,732.0,3728.0,172425.0,172053.0
2026-02-26 21:00:00,731.5,731.5,729.0,730.0,6249.0,172053.0,172922.0
2026-02-26 21:30:00,730.0,730.0,728.0,730.0,2099.0,172922.0,173237.0
2026-02-26 22:00:00,730.0,730.0,728.5,730.0,1159.0,173237.0,173423.0
2026-02-26 22:30:00,730.0,730.5,728.5,730.0,815.0,173423.0,173391.0
2026-02-27 09:00:00,729.0,731.5,728.0,729.0,2341.0,173391.0,173584.0
2026-02-27 09:30:00,729.0,729.5,727.5,729.5,1914.0,173584.0,174491.0
2026-02-27 10:00:00,729.5,732.0,729.5,731.0,1053.0,174491.0,174432.0
2026-02-27 10:30:00,731.5,732.5,728.0,730.0,2647.0,174432.0,174554.0
2026-02-27 11:00:00,730.0,730.0,728.0,729.5,1015.0,174554.0,174616.0
2026-02-27 13:30:00,729.5,731.5,729.0,729.5,1718.0,174616.0,174667.0
2026-02-27 14:00:00,729.5,729.5,728.5,728.5,822.0,174667.0,174705.0
2026-02-27 14:30:00,728.5,732.5,728.0,731.0,3633.0,174705.0,174701.0
2026-02-27 21:00:00,730.0,733.5,730.0,732.0,5986.0,174701.0,175157.0
2026-02-27 21:30:00,732.0,732.0,726.5,727.5,5283.0,175157.0,176071.0
2026-02-27 22:00:00,727.5,730.0,727.5,728.0,1413.0,176071.0,176165.0
2026-02-27 22:30:00,728.0,728.5,726.0,727.0,2865.0,176165.0,176993.0
2026-03-02 09:00:00,730.0,733.5,725.0,728.5,10070.0,176993.0,178006.0
2026-03-02 09:30:00,728.5,729.5,727.0,728.5,4094.0,178006.0,179227.0
2026-03-02 10:00:00,728.5,729.5,724.5,725.0,3818.0,179227.0,180055.0
2026-03-02 10:30:00,725.0,729.0,725.0,728.5,2370.0,180055.0,180029.0
2026-03-02 11:00:00,728.5,731.0,727.5,730.0,3700.0,180029.0,180220.0
2026-03-02 13:30:00,731.0,732.0,730.5,731.5,7464.0,180220.0,179468.0
2026-03-02 14:00:00,731.5,733.5,731.0,733.5,4345.0,179468.0,177919.0
2026-03-02 14:30:00,733.5,734.5,732.5,733.5,4504.0,177919.0,177490.0
2026-03-02 21:00:00,735.0,735.0,729.0,730.0,6083.0,177490.0,178351.0
2026-03-02 21:30:00,730.0,731.0,729.5,730.0,1830.0,178351.0,178726.0
2026-03-02 22:00:00,730.0,730.5,728.5,729.5,2094.0,178726.0,179019.0
2026-03-02 22:30:00,729.5,731.0,729.0,729.5,1533.0,179019.0,178609.0
2026-03-03 09:00:00,729.0,734.0,729.0,733.5,6407.0,178609.0,179346.0
2026-03-03 09:30:00,733.5,734.0,728.5,728.5,3644.0,179346.0,180006.0
2026-03-03 10:00:00,728.5,730.5,728.0,730.5,2232.0,180006.0,180651.0
2026-03-03 10:30:00,730.5,732.5,728.5,730.5,3316.0,180651.0,180150.0
2026-03-03 11:00:00,730.5,732.0,729.5,730.0,2098.0,180150.0,179876.0
2026-03-03 13:30:00,730.5,730.5,727.5,728.5,5495.0,179876.0,181441.0
2026-03-03 14:00:00,728.5,730.0,725.0,729.5,6443.0,181441.0,182594.0
2026-03-03 14:30:00,729.5,733.5,729.0,733.0,6904.0,182594.0,181723.0
2026-03-03 21:00:00,733.0,733.5,728.5,729.5,6874.0,181723.0,182260.0
2026-03-03 21:30:00,729.5,731.0,729.0,730.5,2356.0,182260.0,182576.0
2026-03-03 22:00:00,730.5,731.5,728.0,729.0,1684.0,182576.0,182800.0
2026-03-03 22:30:00,729.0,730.0,728.5,728.5,1538.0,182800.0,182853.0
2026-03-04 09:00:00,728.5,733.0,728.5,730.0,7059.0,182853.0,182527.0
2026-03-04 09:30:00,730.0,731.5,727.0,728.5,5012.0,182527.0,182664.0
2026-03-04 10:00:00,728.5,732.0,728.5,731.5,2093.0,182664.0,182697.0
2026-03-04 10:30:00,731.5,732.0,730.0,730.5,1812.0,182697.0,182506.0
2026-03-04 11:00:00,730.5,732.5,729.5,730.5,3196.0,182506.0,182556.0
2026-03-04 13:30:00,730.5,733.0,730.5,731.5,3558.0,182556.0,182264.0
2026-03-04 14:00:00,731.5,733.0,731.0,731.5,2037.0,182264.0,181649.0
2026-03-04 14:30:00,731.5,733.0,731.0,731.5,2968.0,181649.0,181460.0
2026-03-04 21:00:00,732.0,736.5,731.0,735.5,12622.0,181460.0,180131.0
2026-03-04 21:30:00,735.5,742.5,735.5,741.5,15090.0,180131.0,177993.0
2026-03-04 22:00:00,741.5,742.0,738.0,739.5,5328.0,177993.0,178237.0
2026-03-04 22:30:00,739.5,740.5,739.0,739.5,3379.0,178237.0,177933.0
2026-03-05 09:00:00,741.0,745.5,739.0,744.0,11573.0,177933.0,176914.0
2026-03-05 09:30:00,744.0,744.5,739.0,740.0,4529.0,176914.0,176167.0
2026-03-05 10:00:00,740.0,741.5,740.0,740.5,1237.0,176167.0,175970.0
2026-03-05 10:30:00,740.5,743.0,739.0,740.0,2301.0,175970.0,176076.0
2026-03-05 11:00:00,740.0,741.0,736.0,739.0,5914.0,176076.0,176897.0
2026-03-05 13:30:00,739.0,740.5,736.5,736.5,3928.0,176897.0,177253.0
2026-03-05 14:00:00,736.5,737.0,734.0,736.5,5018.0,177253.0,177630.0
2026-03-05 14:30:00,736.5,737.0,734.5,735.5,3781.0,177630.0,176942.0
2026-03-05 21:00:00,738.0,741.0,737.5,739.0,8418.0,176942.0,175454.0
2026-03-05 21:30:00,739.0,739.5,736.5,737.5,2576.0,175454.0,175143.0
2026-03-05 22:00:00,737.5,738.0,737.0,737.0,1321.0,175143.0,175620.0
2026-03-05 22:30:00,737.0,738.5,736.5,738.0,3426.0,175620.0,175549.0
2026-03-06 09:00:00,738.0,744.0,738.0,743.5,9478.0,175549.0,173584.0
2026-03-06 09:30:00,743.5,744.0,741.5,742.0,7838.0,173584.0,171434.0
2026-03-06 10:00:00,742.0,743.5,741.0,742.5,3137.0,171434.0,170982.0
2026-03-06 10:30:00,742.0,745.0,742.0,744.5,2302.0,170982.0,171240.0
2026-03-06 11:00:00,744.5,745.5,744.0,745.5,2401.0,171240.0,171292.0
2026-03-06 13:30:00,745.5,748.0,744.5,747.0,4347.0,171292.0,170965.0
2026-03-06 14:00:00,747.0,749.0,746.0,747.5,3541.0,170965.0,170377.0
2026-03-06 14:30:00,747.5,748.5,745.5,746.5,5022.0,170377.0,170276.0
2026-03-06 21:00:00,748.0,752.0,746.0,751.5,8746.0,170276.0,170201.0
2026-03-06 21:30:00,751.5,755.0,750.5,753.0,8432.0,170201.0,169148.0
2026-03-06 22:00:00,753.0,756.0,751.0,751.0,6686.0,169148.0,169645.0
2026-03-06 22:30:00,751.0,755.0,750.5,753.5,2197.0,169645.0,169332.0
2026-03-09 09:00:00,754.0,763.0,754.0,757.5,21125.0,169332.0,168773.0
2026-03-09 09:30:00,757.5,761.0,756.5,761.0,5606.0,168773.0,168124.0
2026-03-09 10:00:00,761.0,765.5,760.5,762.5,5898.0,168124.0,167949.0
2026-03-09 10:30:00,763.0,766.0,759.5,760.0,6511.0,167949.0,168029.0
2026-03-09 11:00:00,760.0,761.0,756.0,759.0,4662.0,168029.0,168012.0
2026-03-09 13:30:00,760.5,760.5,752.5,755.5,11912.0,168012.0,168135.0
2026-03-09 14:00:00,755.5,757.5,753.5,757.0,3649.0,168135.0,168103.0
2026-03-09 14:30:00,757.0,759.5,756.5,758.0,3082.0,168103.0,167785.0
2026-03-09 21:00:00,759.0,759.0,753.0,756.0,9748.0,167785.0,168453.0
2026-03-09 21:30:00,756.0,759.0,755.0,758.5,3786.0,168453.0,168404.0
2026-03-09 22:00:00,758.5,760.5,758.5,759.5,2951.0,168404.0,167948.0
2026-03-09 22:30:00,759.5,760.5,758.5,760.5,1511.0,167948.0,167811.0
2026-03-10 09:00:00,755.0,757.0,747.5,749.0,17207.0,167811.0,170490.0
2026-03-10 09:30:00,749.0,753.0,748.0,750.5,6292.0,170490.0,171874.0
2026-03-10 10:00:00,750.5,753.0,750.5,753.0,1812.0,171874.0,171557.0
2026-03-10 10:30:00,752.5,754.5,752.0,753.5,2698.0,171557.0,171820.0
2026-03-10 11:00:00,753.5,757.0,753.0,757.0,2948.0,171820.0,171915.0
2026-03-10 13:30:00,757.0,758.0,755.0,757.5,4440.0,171915.0,172090.0
2026-03-10 14:00:00,757.5,758.5,756.0,757.0,2873.0,172090.0,172567.0
2026-03-10 14:30:00,757.0,758.0,756.0,757.0,4071.0,172567.0,173458.0
2026-03-10 21:00:00,756.0,759.0,756.0,757.5,4707.0,173458.0,174531.0
2026-03-10 21:30:00,757.5,757.5,754.5,755.0,2758.0,174531.0,174705.0
2026-03-10 22:00:00,755.0,756.0,754.5,755.0,1330.0,174705.0,174607.0
2026-03-10 22:30:00,755.0,756.0,754.0,755.5,1701.0,174607.0,174964.0
2026-03-11 09:00:00,753.0,758.0,753.0,757.5,4007.0,174964.0,175343.0
2026-03-11 09:30:00,757.5,759.0,756.5,759.0,3818.0,175343.0,175930.0
2026-03-11 10:00:00,759.0,760.0,758.5,759.0,1937.0,175930.0,175789.0
2026-03-11 10:30:00,759.0,760.0,758.5,759.5,2488.0,175789.0,176164.0
2026-03-11 11:00:00,759.5,761.0,757.0,759.0,4936.0,176164.0,176204.0
2026-03-11 13:30:00,759.5,759.5,757.0,758.0,4032.0,176204.0,176513.0
2026-03-11 14:00:00,758.0,759.0,757.5,758.5,1295.0,176513.0,176690.0
2026-03-11 14:30:00,758.5,760.0,757.5,758.5,2149.0,176690.0,177024.0
2026-03-11 21:00:00,758.5,761.0,758.5,760.0,5088.0,177024.0,176101.0
2026-03-11 21:30:00,760.0,762.0,759.0,761.0,2201.0,176101.0,175809.0
2026-03-11 22:00:00,761.0,762.0,760.0,761.5,4295.0,175809.0,176627.0
2026-03-11 22:30:00,761.5,763.0,761.0,762.0,4994.0,176627.0,176722.0
2026-03-12 09:00:00,763.0,767.0,763.0,764.5,6054.0,176722.0,176391.0
2026-03-12 09:30:00,764.5,768.5,764.5,768.5,4383.0,176391.0,176521.0
2026-03-12 10:00:00,768.5,769.0,767.0,767.5,1758.0,176521.0,176622.0
2026-03-12 10:30:00,767.5,768.0,763.5,764.0,8178.0,176622.0,177252.0
2026-03-12 11:00:00,764.0,767.0,763.5,766.5,2310.0,177252.0,177279.0
2026-03-12 13:30:00,767.0,767.0,763.5,764.5,6338.0,177279.0,178962.0
2026-03-12 14:00:00,764.5,768.5,764.0,768.0,3442.0,178962.0,178462.0
2026-03-12 14:30:00,768.0,770.0,766.0,766.5,6840.0,178462.0,179757.0
2026-03-12 21:00:00,791.5,796.5,781.0,785.5,47551.0,179757.0,175844.0
2026-03-12 21:30:00,785.5,787.5,780.0,780.5,9540.0,175844.0,176351.0
2026-03-12 22:00:00,780.5,782.0,779.0,779.0,8359.0,176351.0,178267.0
2026-03-12 22:30:00,779.0,779.0,770.5,775.0,14864.0,178267.0,181632.0
2026-03-13 09:00:00,775.0,779.5,774.0,776.5,6888.0,181632.0,182170.0
2026-03-13 09:30:00,776.5,781.5,776.0,781.5,4099.0,182170.0,182057.0
2026-03-13 10:00:00,781.5,782.5,780.5,781.5,1636.0,182057.0,182017.0
2026-03-13 10:30:00,781.5,784.0,780.0,783.5,4054.0,182017.0,182135.0
2026-03-13 11:00:00,783.5,784.5,780.0,782.5,4581.0,182135.0,182064.0
2026-03-13 13:30:00,782.5,784.0,780.0,781.5,4035.0,182064.0,182218.0
2026-03-13 14:00:00,781.5,783.0,778.5,781.5,7598.0,182218.0,182090.0
2026-03-13 14:30:00,781.5,782.0,776.0,777.5,8707.0,182090.0,182862.0
2026-03-13 21:00:00,769.5,773.5,763.0,769.0,25595.0,182862.0,185860.0
2026-03-13 21:30:00,769.0,771.5,766.0,771.5,6778.0,185860.0,186805.0
2026-03-13 22:00:00,771.5,772.5,768.0,768.5,3941.0,186805.0,186324.0
2026-03-13 22:30:00,768.5,771.5,768.0,771.5,6522.0,186324.0,188366.0
2026-03-16 09:00:00,772.5,781.0,772.5,775.0,13541.0,188366.0,186445.0
2026-03-16 09:30:00,775.0,779.5,774.5,779.0,2803.0,186445.0,186661.0
2026-03-16 10:00:00,779.0,780.0,778.0,778.0,2323.0,186661.0,186664.0
2026-03-16 10:30:00,778.0,779.5,775.0,776.0,3346.0,186664.0,186899.0
2026-03-16 11:00:00,776.0,776.5,773.5,774.5,2984.0,186899.0,187391.0
2026-03-16 13:30:00,775.5,778.5,774.5,776.5,5244.0,187391.0,187713.0
2026-03-16 14:00:00,776.5,778.5,775.5,778.5,3252.0,187713.0,188500.0
2026-03-16 14:30:00,778.5,779.0,776.0,777.5,4879.0,188500.0,186802.0
2026-03-16 21:00:00,777.0,779.0,775.5,777.5,7121.0,186802.0,187270.0
2026-03-16 21:30:00,777.5,778.5,776.5,778.0,3000.0,187270.0,186777.0
2026-03-16 22:00:00,778.0,781.5,777.0,779.5,5319.0,186777.0,187637.0
2026-03-16 22:30:00,779.5,781.0,777.5,778.0,1706.0,187637.0,187662.0
2026-03-17 09:00:00,778.5,781.5,778.5,780.5,3946.0,187662.0,188511.0
2026-03-17 09:30:00,780.5,784.0,780.5,782.0,4971.0,188511.0,189476.0
2026-03-17 10:00:00,782.0,783.5,781.5,782.5,1918.0,189476.0,189749.0
2026-03-17 10:30:00,782.5,786.5,781.5,783.5,8598.0,189749.0,190242.0
2026-03-17 11:00:00,783.5,785.0,781.5,784.5,3292.0,190242.0,190879.0
2026-03-17 13:30:00,785.0,787.0,784.0,786.5,4988.0,190879.0,189831.0
2026-03-17 14:00:00,786.5,788.0,785.0,785.0,3746.0,189831.0,189786.0
2026-03-17 14:30:00,785.0,786.5,785.0,785.5,3912.0,189786.0,189846.0
2026-03-17 21:00:00,786.0,787.0,783.0,785.0,7229.0,189846.0,191445.0
2026-03-17 21:30:00,785.0,785.0,782.0,784.0,2565.0,191445.0,191627.0
2026-03-17 22:00:00,784.0,784.0,782.5,783.5,1701.0,191627.0,191528.0
2026-03-17 22:30:00,783.5,785.5,783.5,784.0,2083.0,191528.0,191376.0
2026-03-18 09:00:00,784.0,787.5,783.5,785.0,6501.0,191376.0,192233.0
2026-03-18 09:30:00,785.0,785.0,780.5,781.5,6197.0,192233.0,192596.0
2026-03-18 10:00:00,781.5,782.5,776.5,778.0,7460.0,192596.0,193355.0
2026-03-18 10:30:00,778.0,779.5,776.5,777.5,6054.0,193355.0,193700.0
2026-03-18 11:00:00,777.5,777.5,774.0,777.0,5325.0,193700.0,194058.0
2026-03-18 13:30:00,776.0,778.5,776.0,777.5,4907.0,194058.0,194701.0
2026-03-18 14:00:00,777.5,779.5,777.5,779.5,2543.0,194701.0,194943.0
2026-03-18 14:30:00,779.5,781.0,778.5,779.0,4324.0,194943.0,195511.0
2026-03-18 21:00:00,777.0,781.5,771.5,773.5,21966.0,195511.0,197881.0
2026-03-18 21:30:00,773.5,776.0,772.5,774.5,4622.0,197881.0,198468.0
2026-03-18 22:00:00,774.5,776.0,773.0,775.5,3183.0,198468.0,199125.0
2026-03-18 22:30:00,775.5,777.0,775.0,775.5,2378.0,199125.0,199256.0
2026-03-19 09:00:00,775.0,779.0,775.0,776.5,4308.0,199256.0,199541.0
2026-03-19 09:30:00,776.5,778.5,776.0,776.5,2204.0,199541.0,200302.0
2026-03-19 10:00:00,776.5,779.0,775.5,778.0,3382.0,200302.0,201488.0
2026-03-19 10:30:00,778.0,779.0,776.0,777.5,3944.0,201488.0,202114.0
2026-03-19 11:00:00,777.5,778.0,774.5,778.0,3438.0,202114.0,203263.0
2026-03-19 13:30:00,777.5,778.5,775.0,778.0,4825.0,203263.0,204996.0
2026-03-19 14:00:00,778.0,778.5,774.0,774.0,4361.0,204996.0,205232.0
2026-03-19 14:30:00,774.0,776.5,773.0,776.0,6975.0,205232.0,204134.0
2026-03-19 21:00:00,773.0,776.5,770.5,775.0,9229.0,204134.0,205070.0
2026-03-19 21:30:00,775.0,777.5,774.0,777.5,4042.0,205070.0,206141.0
2026-03-19 22:00:00,777.5,778.5,776.5,777.5,2894.0,206141.0,206281.0
2026-03-19 22:30:00,777.5,781.5,777.0,781.0,5573.0,206281.0,206223.0
2026-03-20 09:00:00,781.0,781.0,775.0,779.0,11847.0,206223.0,208645.0
2026-03-20 09:30:00,779.0,780.5,778.0,779.0,5556.0,208645.0,210389.0
2026-03-20 10:00:00,779.0,780.0,777.5,777.5,4000.0,210389.0,211241.0
2026-03-20 10:30:00,777.5,783.5,777.5,782.5,8540.0,211241.0,211614.0
2026-03-20 11:00:00,782.5,783.0,781.5,782.0,2635.0,211614.0,212155.0
2026-03-20 13:30:00,781.5,783.0,781.0,781.5,2913.0,212155.0,212664.0
2026-03-20 14:00:00,781.5,783.0,781.0,782.0,4099.0,212664.0,213752.0
2026-03-20 14:30:00,782.0,782.0,779.5,781.0,6256.0,213752.0,212914.0
2026-03-20 21:00:00,780.0,789.5,779.0,789.0,21510.0,212914.0,212076.0
2026-03-20 21:30:00,789.0,792.0,787.0,788.0,10581.0,212076.0,213172.0
2026-03-20 22:00:00,788.0,788.5,783.5,785.5,6081.0,213172.0,212888.0
2026-03-20 22:30:00,785.5,786.0,782.5,785.0,5075.0,212888.0,213242.0
2026-03-23 09:00:00,784.5,789.0,782.0,785.0,15346.0,213242.0,213766.0
2026-03-23 09:30:00,785.0,788.0,784.5,787.0,5843.0,213766.0,213659.0
2026-03-23 10:00:00,787.0,788.5,781.5,783.0,5851.0,213659.0,214693.0
2026-03-23 10:30:00,783.0,788.5,783.0,788.5,6028.0,214693.0,214479.0
2026-03-23 11:00:00,788.5,788.5,785.5,786.5,2764.0,214479.0,214581.0
2026-03-23 13:30:00,786.0,788.0,785.0,786.5,5160.0,214581.0,213617.0
2026-03-23 14:00:00,786.5,789.0,786.0,787.5,4566.0,213617.0,213315.0
2026-03-23 14:30:00,787.5,788.5,786.0,786.5,4132.0,213315.0,212964.0
2026-03-23 21:00:00,783.0,788.5,781.0,786.5,12338.0,212964.0,215734.0
2026-03-23 21:30:00,786.5,788.5,784.5,787.5,5020.0,215734.0,215726.0
2026-03-23 22:00:00,787.5,787.5,785.5,786.5,3789.0,215726.0,216471.0
2026-03-23 22:30:00,786.5,787.0,785.0,786.0,3719.0,216471.0,216416.0
2026-03-24 09:00:00,786.5,789.5,786.0,787.5,7341.0,216416.0,218098.0
2026-03-24 09:30:00,787.5,791.5,787.0,790.0,12539.0,218098.0,221614.0
2026-03-24 10:00:00,790.0,791.0,789.5,790.5,1995.0,221614.0,221992.0
2026-03-24 10:30:00,791.0,792.0,789.0,790.0,4517.0,221992.0,222973.0
2026-03-24 11:00:00,790.0,792.5,789.5,792.0,6982.0,222973.0,225078.0
2026-03-24 13:30:00,791.5,795.5,790.5,791.0,10823.0,225078.0,226221.0
2026-03-24 14:00:00,791.0,793.0,790.5,792.0,5603.0,226221.0,226693.0
2026-03-24 14:30:00,792.0,793.0,790.5,790.5,7150.0,226693.0,226916.0
2026-03-24 21:00:00,787.5,796.5,787.5,794.5,12842.0,226916.0,231487.0
2026-03-24 21:30:00,794.5,794.5,792.5,793.5,3405.0,231487.0,232306.0
2026-03-24 22:00:00,793.5,796.0,793.0,793.5,4008.0,232306.0,233530.0
2026-03-24 22:30:00,793.5,795.5,793.5,794.0,4094.0,233530.0,232984.0
2026-03-25 09:00:00,794.0,794.0,784.0,788.0,20895.0,232984.0,233219.0
2026-03-25 09:30:00,788.0,788.0,783.0,784.0,10505.0,233219.0,235222.0
2026-03-25 10:00:00,784.0,787.0,783.5,784.5,3039.0,235222.0,235787.0
2026-03-25 10:30:00,784.0,784.5,773.5,776.5,39934.0,235787.0,242944.0
2026-03-25 11:00:00,776.5,780.0,775.5,779.5,11725.0,242944.0,243407.0
2026-03-25 13:30:00,778.0,779.5,776.5,779.0,8672.0,243407.0,244962.0
2026-03-25 14:00:00,779.0,780.0,775.5,778.0,7931.0,244962.0,245348.0
2026-03-25 14:30:00,778.0,780.0,776.0,777.5,9410.0,245348.0,244701.0
2026-03-25 21:00:00,785.5,785.5,779.0,782.5,13892.0,244701.0,245213.0
2026-03-25 21:30:00,782.5,783.5,781.0,783.0,3566.0,245213.0,245518.0
2026-03-25 22:00:00,783.0,783.0,782.0,782.5,1510.0,245518.0,245337.0
2026-03-25 22:30:00,782.5,785.0,781.5,785.0,2738.0,245337.0,244532.0
2026-03-26 09:00:00,785.0,791.0,783.5,789.5,24020.0,244532.0,242615.0
2026-03-26 09:30:00,789.5,791.0,788.0,790.5,7917.0,242615.0,245370.0
2026-03-26 10:00:00,790.5,790.5,788.5,789.0,2818.0,245370.0,245424.0
2026-03-26 10:30:00,789.0,789.5,787.5,788.0,6201.0,245424.0,245586.0
2026-03-26 11:00:00,788.0,789.5,787.0,789.5,4159.0,245586.0,246722.0
2026-03-26 13:30:00,789.0,790.0,787.5,787.5,5559.0,246722.0,246646.0
2026-03-26 14:00:00,787.5,789.5,787.5,788.0,3970.0,246646.0,248087.0
2026-03-26 14:30:00,788.0,789.0,786.5,787.5,6475.0,248087.0,248409.0
2026-03-26 21:00:00,789.5,790.0,786.0,786.5,11318.0,248409.0,251384.0
2026-03-26 21:30:00,786.5,788.0,786.0,787.5,4233.0,251384.0,251915.0
2026-03-26 22:00:00,787.5,787.5,785.0,785.0,3358.0,251915.0,252752.0
2026-03-26 22:30:00,785.0,788.0,785.0,787.5,3832.0,252752.0,253108.0
2026-03-27 09:00:00,787.5,787.5,783.0,783.5,11905.0,253108.0,257179.0
2026-03-27 09:30:00,783.5,785.0,781.5,783.5,10485.0,257179.0,260606.0
2026-03-27 10:00:00,783.5,787.0,783.0,786.5,3109.0,260606.0,261384.0
2026-03-27 10:30:00,786.5,788.5,784.0,787.0,7067.0,261384.0,262222.0
2026-03-27 11:00:00,787.0,788.5,785.5,788.0,10035.0,262222.0,265445.0
2026-03-27 13:30:00,788.5,789.5,786.0,787.0,11404.0,265445.0,268692.0
2026-03-27 14:00:00,787.0,788.0,786.0,787.5,6770.0,268692.0,271551.0
2026-03-27 14:30:00,787.5,788.5,786.5,788.0,6411.0,271551.0,273733.0
2026-03-27 21:00:00,788.5,792.0,787.0,791.5,12845.0,273733.0,276922.0
2026-03-27 21:30:00,791.5,792.0,789.5,792.0,4666.0,276922.0,278362.0
2026-03-27 22:00:00,792.0,792.5,789.0,790.0,4713.0,278362.0,279232.0
2026-03-27 22:30:00,790.0,790.5,788.5,790.0,3488.0,279232.0,279727.0
2026-03-30 09:00:00,791.0,794.0,790.5,793.5,13454.0,279727.0,280163.0
2026-03-30 09:30:00,793.5,793.5,789.0,789.5,8316.0,280163.0,280586.0
2026-03-30 10:00:00,789.5,792.0,789.0,791.5,2130.0,280586.0,280473.0
2026-03-30 10:30:00,791.5,792.0,789.5,790.0,5317.0,280473.0,281096.0
2026-03-30 11:00:00,790.0,792.0,790.0,791.5,4195.0,281096.0,281422.0
2026-03-30 13:30:00,791.0,791.5,790.0,791.5,4274.0,281422.0,282180.0
2026-03-30 14:00:00,791.5,792.5,791.0,792.5,6317.0,282180.0,284109.0
2026-03-30 14:30:00,792.5,792.5,790.5,791.0,7187.0,284109.0,286491.0
2026-03-30 21:00:00,789.5,793.5,789.5,793.0,11674.0,286491.0,289063.0
2026-03-30 21:30:00,793.0,793.5,791.0,793.0,5381.0,289063.0,290977.0
2026-03-30 22:00:00,793.0,794.0,792.0,792.5,5241.0,290977.0,292308.0
2026-03-30 22:30:00,792.5,793.0,792.0,792.5,2096.0,292308.0,292217.0
2026-03-31 09:00:00,793.0,793.0,787.5,788.0,9561.0,292217.0,293270.0
2026-03-31 09:30:00,788.0,788.5,786.5,788.0,11866.0,293270.0,294447.0
2026-03-31 10:00:00,788.0,789.0,786.5,788.0,4155.0,294447.0,295025.0
2026-03-31 10:30:00,788.0,790.5,787.0,788.5,7196.0,295025.0,296553.0
2026-03-31 11:00:00,788.5,789.5,786.0,787.0,9999.0,296553.0,300015.0
2026-03-31 13:30:00,787.0,787.5,785.0,786.5,9029.0,300015.0,301714.0
2026-03-31 14:00:00,786.5,787.5,785.5,786.0,6989.0,301714.0,302241.0
2026-03-31 14:30:00,786.0,787.5,785.5,786.5,5240.0,302241.0,302434.0
2026-03-31 21:00:00,788.0,799.0,786.5,793.5,29730.0,302434.0,306410.0
2026-03-31 21:30:00,793.5,793.5,791.0,792.0,6785.0,306410.0,307491.0
2026-03-31 22:00:00,792.0,793.5,791.0,792.0,4439.0,307491.0,308454.0
2026-03-31 22:30:00,792.0,793.0,791.5,792.5,2984.0,308454.0,309223.0
2026-04-01 09:00:00,792.0,794.0,790.5,792.0,10109.0,309223.0,311211.0
2026-04-01 09:30:00,792.0,793.5,790.5,793.5,5449.0,311211.0,312231.0
2026-04-01 10:00:00,793.5,793.5,791.0,792.0,3428.0,312231.0,312733.0
2026-04-01 10:30:00,792.0,796.0,792.0,795.5,11734.0,312733.0,316223.0
2026-04-01 11:00:00,795.5,796.5,794.5,795.0,7037.0,316223.0,318551.0
2026-04-01 13:30:00,795.0,796.0,791.0,793.0,9747.0,318551.0,320652.0
2026-04-01 14:00:00,793.0,793.5,790.0,792.5,10890.0,320652.0,322648.0
2026-04-01 14:30:00,792.5,792.5,788.5,789.0,10482.0,322648.0,322313.0
2026-04-01 21:00:00,788.0,791.0,787.5,790.0,9687.0,322313.0,324964.0
2026-04-01 21:30:00,790.0,790.5,780.5,782.5,25828.0,324964.0,328598.0
2026-04-01 22:00:00,782.5,783.5,770.0,773.5,42026.0,328598.0,332517.0
2026-04-01 22:30:00,773.5,776.5,773.0,773.0,12727.0,332517.0,331378.0
2026-04-02 09:00:00,771.0,781.0,771.0,779.5,29000.0,331378.0,333223.0
2026-04-02 09:30:00,779.5,782.0,777.5,781.0,12492.0,333223.0,333223.0
2026-04-02 10:00:00,781.0,783.0,779.5,781.5,5885.0,333223.0,333190.0
2026-04-02 10:30:00,781.5,782.5,779.0,780.0,9218.0,333190.0,334905.0
2026-04-02 11:00:00,780.0,785.0,779.0,784.5,10606.0,334905.0,333943.0
2026-04-02 13:30:00,785.0,787.5,780.5,781.5,14531.0,333943.0,334659.0
2026-04-02 14:00:00,781.5,782.0,777.0,778.0,9932.0,334659.0,335348.0
2026-04-02 14:30:00,778.0,782.0,778.0,780.5,10377.0,335348.0,336390.0
2026-04-02 21:00:00,784.0,784.5,780.5,781.5,21956.0,336390.0,341271.0
2026-04-02 21:30:00,781.5,784.0,781.0,782.5,5528.0,341271.0,341508.0
2026-04-02 22:00:00,782.5,783.5,779.0,779.5,6258.0,341508.0,342925.0
2026-04-02 22:30:00,779.5,780.0,771.0,773.0,28103.0,342925.0,352455.0
2026-04-03 09:00:00,773.5,776.5,771.5,775.0,16420.0,352455.0,352825.0
2026-04-03 09:30:00,775.0,776.5,774.5,775.5,5463.0,352825.0,353941.0
2026-04-03 10:00:00,775.5,777.0,775.0,777.0,3046.0,353941.0,353790.0
2026-04-03 10:30:00,777.0,777.5,775.5,775.5,5137.0,353790.0,353497.0
2026-04-03 11:00:00,775.5,776.0,773.0,773.5,6689.0,353497.0,353149.0
2026-04-03 13:30:00,774.0,776.0,773.5,775.5,6423.0,353149.0,352422.0
2026-04-03 14:00:00,775.5,777.0,774.5,775.0,8003.0,352422.0,353298.0
2026-04-03 14:30:00,775.0,776.5,773.5,776.0,10379.0,353298.0,353696.0
2026-04-07 09:00:00,777.0,783.5,775.5,776.5,40140.0,353696.0,364115.0
2026-04-07 09:30:00,776.5,780.0,775.0,778.5,14005.0,364115.0,367157.0
2026-04-07 10:00:00,778.5,780.0,777.0,779.5,5869.0,367157.0,369206.0
2026-04-07 10:30:00,779.0,782.0,775.5,776.0,12962.0,369206.0,370608.0
2026-04-07 11:00:00,776.0,776.5,771.5,772.5,16822.0,370608.0,373997.0
2026-04-07 13:30:00,772.5,776.5,771.0,775.5,14796.0,373997.0,372990.0
2026-04-07 14:00:00,775.5,777.5,775.5,776.5,10164.0,372990.0,374290.0
2026-04-07 14:30:00,776.5,776.5,774.0,774.5,8279.0,374290.0,374669.0
2026-04-07 21:00:00,775.0,777.5,772.5,775.5,30916.0,374669.0,381918.0
2026-04-07 21:30:00,775.5,777.0,774.0,774.5,8063.0,381918.0,381762.0
2026-04-07 22:00:00,774.5,775.0,773.5,773.5,3743.0,381762.0,381750.0
2026-04-07 22:30:00,773.5,775.0,771.5,771.5,7117.0,381750.0,382507.0
2026-04-08 09:00:00,770.0,776.0,766.0,774.0,47074.0,382507.0,383387.0
2026-04-08 09:30:00,774.0,775.0,770.5,770.5,10347.0,383387.0,384819.0
2026-04-08 10:00:00,770.5,771.0,769.5,770.0,7185.0,384819.0,386823.0
2026-04-08 10:30:00,770.0,770.5,762.0,765.5,36946.0,386823.0,392992.0
2026-04-08 11:00:00,765.5,767.0,764.0,764.5,9712.0,392992.0,394239.0
2026-04-08 13:30:00,765.0,766.5,764.0,766.5,14281.0,394239.0,394796.0
2026-04-08 14:00:00,766.5,767.0,764.5,765.0,13148.0,394796.0,397420.0
2026-04-08 14:30:00,765.0,767.0,764.0,766.5,15324.0,397420.0,397264.0
2026-04-08 21:00:00,766.0,766.0,760.0,762.0,58614.0,397264.0,412170.0
2026-04-08 21:30:00,762.0,762.5,760.0,761.0,14463.0,412170.0,416262.0
2026-04-08 22:00:00,761.0,761.0,755.5,760.0,36285.0,416262.0,424092.0
2026-04-08 22:30:00,760.0,760.0,757.5,760.0,11968.0,424092.0,426633.0
2026-04-09 09:00:00,759.5,760.0,755.0,756.5,24608.0,426633.0,431516.0
2026-04-09 09:30:00,756.5,759.0,756.0,757.0,10052.0,431516.0,432644.0
2026-04-09 10:00:00,757.0,758.5,756.5,757.0,3900.0,432644.0,433141.0
2026-04-09 10:30:00,757.0,757.5,754.0,755.0,14469.0,433141.0,436935.0
2026-04-09 11:00:00,755.0,755.5,753.0,753.0,15659.0,436935.0,439603.0
2026-04-09 13:30:00,750.5,752.5,748.5,751.0,47535.0,439603.0,447769.0
2026-04-09 14:00:00,751.0,755.0,749.5,752.5,26131.0,447769.0,448879.0
2026-04-09 14:30:00,752.5,753.0,750.0,750.0,22291.0,448879.0,450171.0
2026-04-09 21:00:00,750.5,753.5,750.5,752.0,42029.0,450171.0,455352.0
2026-04-09 21:30:00,752.0,753.5,750.5,753.5,13976.0,455352.0,456988.0
2026-04-09 22:00:00,753.5,753.5,750.5,750.5,6948.0,456988.0,457798.0
2026-04-09 22:30:00,750.5,752.0,750.5,752.0,7914.0,457798.0,456386.0
2026-04-10 09:00:00,750.5,753.0,749.0,752.5,27358.0,456386.0,461151.0
2026-04-10 09:30:00,752.5,754.5,752.0,753.5,16703.0,461151.0,462261.0
2026-04-10 10:00:00,753.5,758.0,753.0,758.0,15259.0,462261.0,459519.0
2026-04-10 10:30:00,758.0,759.0,755.0,757.0,21129.0,459519.0,458606.0
2026-04-10 11:00:00,757.0,758.0,755.0,758.0,11116.0,458606.0,458350.0
2026-04-10 13:30:00,758.0,760.0,755.0,757.0,25564.0,458350.0,459164.0
2026-04-10 14:00:00,757.0,758.5,756.0,758.0,12518.0,459164.0,460465.0
2026-04-10 14:30:00,758.0,759.0,753.5,753.5,27390.0,460465.0,461074.0
2026-04-10 21:00:00,753.0,758.0,753.0,755.0,27162.0,461074.0,462420.0
2026-04-10 21:30:00,755.0,757.0,754.5,754.5,7315.0,462420.0,463325.0
2026-04-10 22:00:00,754.5,757.0,754.5,756.5,5528.0,463325.0,463485.0
2026-04-10 22:30:00,756.5,756.5,755.5,756.0,4640.0,463485.0,462672.0
2026-04-13 09:00:00,757.5,758.5,755.0,757.0,26248.0,462672.0,464587.0
2026-04-13 09:30:00,757.0,758.5,754.5,755.0,14717.0,464587.0,467515.0
2026-04-13 10:00:00,755.0,758.0,754.5,758.0,4425.0,467515.0,467577.0
2026-04-13 10:30:00,757.5,758.0,755.5,757.0,11023.0,467577.0,469632.0
2026-04-13 11:00:00,757.0,759.0,755.5,759.0,11958.0,469632.0,471584.0
2026-04-13 13:30:00,758.5,766.5,758.5,762.0,55353.0,471584.0,471307.0
2026-04-13 14:00:00,762.0,764.5,760.5,763.5,17036.0,471307.0,472898.0
2026-04-13 14:30:00,763.5,764.5,761.5,763.5,20586.0,472898.0,473047.0
2026-04-13 21:00:00,765.0,766.0,759.0,759.5,36710.0,473047.0,474963.0
2026-04-13 21:30:00,759.5,761.5,759.5,760.0,11772.0,474963.0,477639.0
2026-04-13 22:00:00,760.0,762.0,759.0,762.0,8643.0,477639.0,477551.0
2026-04-13 22:30:00,762.0,762.5,760.0,760.5,6551.0,477551.0,477209.0
2026-04-14 09:00:00,761.0,762.5,760.0,762.5,16205.0,477209.0,477515.0
2026-04-14 09:30:00,762.5,763.0,760.0,760.5,11400.0,477515.0,477732.0
2026-04-14 10:00:00,760.5,761.5,755.5,756.0,19364.0,477732.0,481423.0
2026-04-14 10:30:00,755.0,757.5,751.0,753.5,69037.0,481423.0,486017.0
2026-04-14 11:00:00,753.5,755.0,750.5,751.0,23477.0,486017.0,489219.0
2026-04-14 13:30:00,750.5,753.0,749.0,752.0,27574.0,489219.0,488890.0
2026-04-14 14:00:00,752.0,754.5,751.5,754.0,13809.0,488890.0,488959.0
2026-04-14 14:30:00,754.0,759.0,754.0,758.5,35884.0,488959.0,485079.0
2026-04-14 21:00:00,760.0,760.0,755.5,755.5,43814.0,485079.0,485784.0
2026-04-14 21:30:00,755.5,756.5,754.0,754.5,12418.0,485784.0,487068.0
2026-04-14 22:00:00,754.5,755.0,753.5,754.5,7179.0,487068.0,486446.0
2026-04-14 22:30:00,754.5,757.5,754.0,756.5,11001.0,486446.0,484901.0
2026-04-15 09:00:00,757.0,758.5,753.5,757.0,31034.0,484901.0,484992.0
2026-04-15 09:30:00,757.0,761.5,756.5,761.5,17824.0,484992.0,485424.0
2026-04-15 10:00:00,761.5,761.5,759.5,761.0,10687.0,485424.0,484591.0
2026-04-15 10:30:00,761.0,761.5,758.0,758.5,12169.0,484591.0,486089.0
2026-04-15 11:00:00,758.5,760.5,757.5,760.0,6875.0,486089.0,486278.0
2026-04-15 13:30:00,760.0,764.0,759.5,763.5,21667.0,486278.0,485895.0
2026-04-15 14:00:00,763.5,765.0,763.0,763.0,20212.0,485895.0,487715.0
2026-04-15 14:30:00,763.0,764.5,762.5,764.0,17717.0,487715.0,488756.0
2026-04-15 21:00:00,764.0,782.0,764.0,775.0,160803.0,488756.0,495997.0
2026-04-15 21:30:00,775.0,776.5,772.5,776.0,37309.0,495997.0,496601.0
2026-04-15 22:00:00,776.0,776.0,771.5,772.0,15398.0,496601.0,497715.0
2026-04-15 22:30:00,772.0,773.0,770.0,771.5,21714.0,497715.0,496097.0
2026-04-16 09:00:00,772.0,774.0,771.5,774.0,17320.0,496097.0,495662.0
2026-04-16 09:30:00,774.0,776.0,773.0,776.0,17224.0,495662.0,493732.0
2026-04-16 10:00:00,776.0,776.5,775.0,776.0,10155.0,493732.0,493682.0
2026-04-16 10:30:00,776.0,776.0,771.0,772.5,17562.0,493682.0,494607.0
2026-04-16 11:00:00,772.5,774.0,772.0,773.5,6922.0,494607.0,495224.0
2026-04-16 13:30:00,773.0,775.5,772.5,775.0,12622.0,495224.0,497511.0
2026-04-16 14:00:00,775.0,779.5,774.5,779.0,26661.0,497511.0,499923.0
2026-04-16 14:30:00,779.0,783.5,778.0,782.5,62700.0,499923.0,494661.0
2026-04-16 21:00:00,780.5,782.0,776.0,779.0,51284.0,494661.0,495030.0
2026-04-16 21:30:00,779.0,779.5,776.5,776.5,12549.0,495030.0,497674.0
2026-04-16 22:00:00,776.5,778.5,776.5,778.0,5689.0,497674.0,497731.0
2026-04-16 22:30:00,778.0,779.5,778.0,779.0,6947.0,497731.0,497633.0
2026-04-17 09:00:00,779.5,780.0,777.5,778.5,19570.0,497633.0,501920.0
2026-04-17 09:30:00,778.5,778.5,774.5,775.0,21514.0,501920.0,503348.0
2026-04-17 10:00:00,775.0,776.5,774.5,775.5,5481.0,503348.0,504050.0
2026-04-17 10:30:00,776.0,777.0,775.0,776.5,8937.0,504050.0,503996.0
2026-04-17 11:00:00,776.5,777.0,775.5,776.0,7317.0,503996.0,504019.0
2026-04-17 13:30:00,776.5,777.5,775.5,777.0,6228.0,504019.0,504260.0
2026-04-17 14:00:00,777.0,778.5,776.5,778.0,7018.0,504260.0,504347.0
2026-04-17 14:30:00,778.0,779.5,777.0,778.5,14350.0,504347.0,503050.0
2026-04-17 21:00:00,777.5,779.5,772.0,774.5,54657.0,503050.0,511136.0
2026-04-17 21:30:00,774.5,776.5,774.0,774.0,16553.0,511136.0,510718.0
2026-04-17 22:00:00,774.0,774.5,770.5,772.5,25557.0,510718.0,513435.0
2026-04-17 22:30:00,772.5,774.5,772.0,773.0,11353.0,513435.0,510856.0
2026-04-20 09:00:00,775.0,778.5,774.5,778.0,27328.0,510856.0,512336.0
2026-04-20 09:30:00,778.0,779.5,777.5,779.0,11199.0,512336.0,514745.0
2026-04-20 10:00:00,779.0,779.0,777.5,778.5,6083.0,514745.0,516187.0
2026-04-20 10:30:00,779.0,781.5,777.5,781.5,22671.0,516187.0,520057.0
2026-04-20 11:00:00,781.5,783.5,781.0,783.5,19726.0,520057.0,522023.0
2026-04-20 13:30:00,783.5,785.5,782.5,783.5,27506.0,522023.0,522523.0
2026-04-20 14:00:00,783.5,785.0,782.0,784.5,14293.0,522523.0,523857.0
2026-04-20 14:30:00,784.5,789.0,784.5,786.5,53473.0,523857.0,520031.0
2026-04-20 21:00:00,784.0,787.0,782.0,783.5,39678.0,520031.0,522626.0
2026-04-20 21:30:00,783.5,784.5,782.5,783.0,10942.0,522626.0,522833.0
2026-04-20 22:00:00,783.0,784.0,782.5,782.5,5971.0,522833.0,523503.0
2026-04-20 22:30:00,782.5,783.5,782.0,782.0,8058.0,523503.0,522657.0
2026-04-21 09:00:00,782.0,787.5,782.0,787.0,31187.0,522657.0,527915.0
2026-04-21 09:30:00,787.0,787.5,784.0,784.5,11528.0,527915.0,528693.0
2026-04-21 10:00:00,784.5,785.5,784.0,784.5,5569.0,528693.0,528139.0
2026-04-21 10:30:00,784.5,786.5,784.0,785.0,10144.0,528139.0,529119.0
2026-04-21 11:00:00,785.0,786.0,782.5,784.0,10860.0,529119.0,529766.0
2026-04-21 13:30:00,783.5,785.5,780.5,781.5,21329.0,529766.0,532223.0
2026-04-21 14:00:00,781.5,784.0,781.0,783.5,11434.0,532223.0,532947.0
2026-04-21 14:30:00,783.5,784.5,782.5,784.0,12264.0,532947.0,532777.0
2026-04-21 21:00:00,784.0,787.5,782.5,784.0,46488.0,532777.0,540891.0
2026-04-21 21:30:00,784.0,785.5,784.0,784.5,5961.0,540891.0,540714.0
2026-04-21 22:00:00,784.5,786.5,784.5,785.5,7030.0,540714.0,542643.0
2026-04-21 22:30:00,785.5,786.0,784.5,785.5,5692.0,542643.0,542208.0
2026-04-22 09:00:00,785.0,786.0,784.0,784.5,14041.0,542208.0,544363.0
2026-04-22 09:30:00,784.5,785.0,782.0,784.5,18024.0,544363.0,546438.0
2026-04-22 10:00:00,784.5,787.0,784.5,787.0,10536.0,546438.0,548157.0
2026-04-22 10:30:00,786.5,788.0,786.0,787.0,15496.0,548157.0,549473.0
2026-04-22 11:00:00,787.0,790.0,786.5,789.0,22659.0,549473.0,550339.0
2026-04-22 13:30:00,789.0,789.0,785.0,786.5,18269.0,550339.0,550971.0
2026-04-22 14:00:00,786.5,787.5,785.5,786.5,9105.0,550971.0,552415.0
2026-04-22 14:30:00,786.5,788.0,786.5,786.5,16157.0,552415.0,552205.0
2026-04-22 21:00:00,786.5,793.0,786.5,788.0,60633.0,552205.0,552984.0
2026-04-22 21:30:00,788.0,788.0,785.0,785.5,24982.0,552984.0,554430.0
2026-04-22 22:00:00,785.5,786.0,783.5,785.0,14513.0,554430.0,555827.0
2026-04-22 22:30:00,785.0,785.5,784.0,784.0,8416.0,555827.0,556262.0
2026-04-23 09:00:00,785.0,787.0,784.5,786.5,16001.0,556262.0,558201.0
2026-04-23 09:30:00,786.5,787.0,782.0,783.5,26186.0,558201.0,559986.0
2026-04-23 10:00:00,783.5,785.5,783.0,785.0,5551.0,559986.0,559811.0
2026-04-23 10:30:00,785.5,786.0,782.0,784.5,14469.0,559811.0,559624.0
2026-04-23 11:00:00,784.5,784.5,782.5,783.0,9808.0,559624.0,560715.0
2026-04-23 13:30:00,783.0,785.0,782.0,784.0,13290.0,560715.0,562714.0
2026-04-23 14:00:00,784.0,784.5,779.0,781.5,32345.0,562714.0,563466.0
2026-04-23 14:30:00,781.5,784.0,780.5,783.5,17675.0,563466.0,563702.0
2026-04-23 21:00:00,782.5,787.5,781.5,785.5,40022.0,563702.0,569702.0
2026-04-23 21:30:00,785.5,786.0,785.0,785.5,4696.0,569702.0,570595.0
2026-04-23 22:00:00,785.5,785.5,784.0,785.0,4215.0,570595.0,570923.0
2026-04-23 22:30:00,785.0,787.0,785.0,787.0,8293.0,570923.0,571426.0
2026-04-24 09:00:00,787.0,789.0,786.0,787.0,24245.0,571426.0,576379.0
2026-04-24 09:30:00,787.0,787.0,783.5,784.0,17285.0,576379.0,575908.0
2026-04-24 10:00:00,784.0,786.0,783.5,785.0,6744.0,575908.0,575969.0
2026-04-24 10:30:00,785.0,788.0,784.5,788.0,11811.0,575969.0,578012.0
2026-04-24 11:00:00,788.0,788.5,786.5,788.5,10645.0,578012.0,578455.0
2026-04-24 13:30:00,788.0,788.5,786.5,787.0,12816.0,578455.0,580416.0
2026-04-24 14:00:00,787.0,788.5,786.5,788.0,10446.0,580416.0,581981.0
2026-04-24 14:30:00,788.0,788.0,786.0,786.5,15251.0,581981.0,580558.0
2026-04-24 21:00:00,786.0,792.5,785.0,789.0,63194.0,580558.0,585742.0
2026-04-24 21:30:00,789.0,790.0,786.5,788.0,13083.0,585742.0,583433.0
2026-04-24 22:00:00,788.0,788.5,784.0,784.5,19366.0,583433.0,580556.0
2026-04-24 22:30:00,784.5,786.0,784.5,784.5,9578.0,580556.0,579942.0
2026-04-27 09:00:00,785.0,790.0,784.5,789.5,24826.0,579942.0,581810.0
2026-04-27 09:30:00,789.5,790.0,787.5,789.5,11087.0,581810.0,581423.0
2026-04-27 10:00:00,789.5,789.5,787.5,788.0,3526.0,581423.0,581434.0
2026-04-27 10:30:00,788.0,789.0,787.0,787.0,8302.0,581434.0,581522.0
2026-04-27 11:00:00,787.0,788.5,786.0,786.0,9710.0,581522.0,581308.0
2026-04-27 13:30:00,786.5,787.0,783.0,783.5,18924.0,581308.0,582080.0
2026-04-27 14:00:00,783.5,787.0,783.5,787.0,11216.0,582080.0,581721.0
2026-04-27 14:30:00,787.0,787.5,785.5,786.0,15167.0,581721.0,581155.0
2026-04-27 21:00:00,786.0,786.0,782.0,784.0,36924.0,581155.0,581875.0
2026-04-27 21:30:00,784.0,787.0,784.0,785.0,12159.0,581875.0,583179.0
2026-04-27 22:00:00,785.0,787.0,785.0,787.0,7227.0,583179.0,584208.0
2026-04-27 22:30:00,787.0,787.5,786.0,787.0,5779.0,584208.0,583640.0
2026-04-28 09:00:00,787.0,788.0,785.0,786.0,18416.0,583640.0,584067.0
2026-04-28 09:30:00,786.0,786.0,776.5,777.5,71900.0,584067.0,590358.0
2026-04-28 10:00:00,777.5,779.0,776.0,777.0,24208.0,590358.0,591945.0
2026-04-28 10:30:00,776.5,778.0,774.0,774.0,32252.0,591945.0,592742.0
2026-04-28 11:00:00,774.0,779.5,774.0,779.5,21285.0,592742.0,589121.0
2026-04-28 13:30:00,779.0,779.5,776.0,779.0,17273.0,589121.0,589587.0
2026-04-28 14:00:00,779.0,783.0,778.0,781.0,29090.0,589587.0,584717.0
2026-04-28 14:30:00,781.0,781.0,779.0,780.5,14616.0,584717.0,582980.0
2026-04-28 21:00:00,781.5,783.0,779.5,780.0,34444.0,582980.0,583698.0
2026-04-28 21:30:00,780.0,781.5,779.0,781.0,10115.0,583698.0,584520.0
2026-04-28 22:00:00,781.0,781.5,780.0,781.0,3488.0,584520.0,584554.0
2026-04-28 22:30:00,781.0,781.5,780.0,780.0,5525.0,584554.0,584228.0
2026-04-29 09:00:00,780.5,782.0,780.0,781.5,13606.0,584228.0,584797.0
2026-04-29 09:30:00,781.5,783.5,780.0,782.5,13742.0,584797.0,584504.0
2026-04-29 10:00:00,782.5,784.0,782.0,783.0,6421.0,584504.0,583532.0
2026-04-29 10:30:00,783.5,787.0,783.0,785.0,28269.0,583532.0,585022.0
2026-04-29 11:00:00,785.0,787.5,785.0,786.5,18629.0,585022.0,588132.0
2026-04-29 13:30:00,786.5,787.5,785.5,786.0,13688.0,588132.0,589855.0
2026-04-29 14:00:00,786.0,788.0,785.5,786.5,13009.0,589855.0,590891.0
2026-04-29 14:30:00,786.5,788.0,786.5,787.5,16918.0,590891.0,589451.0
2026-04-29 21:00:00,787.5,790.0,786.5,789.0,26268.0,589451.0,589639.0
2026-04-29 21:30:00,789.0,789.5,788.0,788.0,7840.0,589639.0,590612.0
2026-04-29 22:00:00,788.0,789.5,787.0,787.5,7275.0,590612.0,591860.0
2026-04-29 22:30:00,787.5,788.0,786.0,786.5,5831.0,591860.0,591302.0
2026-04-30 09:00:00,787.0,788.0,786.0,786.5,11115.0,591302.0,590208.0
2026-04-30 09:30:00,786.5,788.5,786.5,788.0,10120.0,590208.0,591473.0
2026-04-30 10:00:00,788.0,788.5,786.5,787.5,4685.0,591473.0,591143.0
2026-04-30 10:30:00,788.0,789.0,787.0,789.0,6526.0,591143.0,591483.0
2026-04-30 11:00:00,789.0,792.0,788.5,790.5,25889.0,591483.0,595832.0
2026-04-30 13:30:00,791.0,794.5,789.0,793.0,26924.0,595832.0,598303.0
2026-04-30 14:00:00,793.0,802.0,792.0,801.0,62886.0,598303.0,607817.0
2026-04-30 14:30:00,801.0,802.5,795.0,796.0,76889.0,607817.0,620392.0
2026-05-06 09:00:00,801.0,815.5,801.0,814.0,125416.0,620392.0,638703.0
2026-05-06 09:30:00,814.0,815.0,810.5,810.5,26913.0,638703.0,647015.0
2026-05-06 10:00:00,810.5,813.0,810.5,812.0,9451.0,647015.0,648425.0
2026-05-06 10:30:00,811.5,814.0,810.0,813.0,18317.0,648425.0,648275.0
2026-05-06 11:00:00,813.0,815.0,812.5,813.5,14858.0,648275.0,650230.0
2026-05-06 13:30:00,814.0,814.5,812.0,813.0,11203.0,650230.0,650374.0
2026-05-06 14:00:00,813.0,815.0,813.0,813.0,13957.0,650374.0,650446.0
2026-05-06 14:30:00,813.0,818.0,812.5,816.0,41393.0,650446.0,651369.0
2026-05-06 21:00:00,816.0,816.0,811.0,812.0,56575.0,651369.0,659310.0
2026-05-06 21:30:00,812.0,814.5,811.5,813.5,12620.0,659310.0,658590.0
2026-05-06 22:00:00,813.5,814.0,812.5,813.5,4297.0,658590.0,658724.0
2026-05-06 22:30:00,813.5,815.0,813.0,813.5,10836.0,658724.0,660714.0
2026-05-07 09:00:00,813.5,817.5,813.0,815.5,23416.0,660714.0,663076.0
2026-05-07 09:30:00,815.5,817.0,812.0,812.5,20368.0,663076.0,665525.0
2026-05-07 10:00:00,812.5,813.5,812.0,813.0,5604.0,665525.0,666017.0
2026-05-07 10:30:00,813.0,815.5,813.0,814.5,11258.0,666017.0,667560.0
2026-05-07 11:00:00,814.5,817.0,812.5,816.5,13670.0,667560.0,668200.0
2026-05-07 13:30:00,817.0,819.5,815.5,816.0,34141.0,668200.0,673295.0
2026-05-07 14:00:00,816.0,818.0,815.5,817.0,11174.0,673295.0,673355.0
2026-05-07 14:30:00,817.0,819.5,816.5,817.0,24731.0,673355.0,673684.0
2026-05-07 21:00:00,818.0,821.5,816.0,818.0,59414.0,673684.0,685690.0
2026-05-07 21:30:00,818.0,818.0,812.5,812.5,31613.0,685690.0,685318.0
2026-05-07 22:00:00,812.5,815.0,812.0,814.5,14469.0,685318.0,687381.0
2026-05-07 22:30:00,814.5,816.0,814.5,815.0,5787.0,687381.0,686747.0
2026-05-08 09:00:00,815.5,819.0,815.5,818.0,22519.0,686747.0,690102.0
2026-05-08 09:30:00,818.0,819.0,816.0,817.5,7993.0,690102.0,690659.0
2026-05-08 10:00:00,817.5,819.0,817.0,817.5,6488.0,690659.0,690745.0
2026-05-08 10:30:00,817.5,817.5,815.5,816.0,13019.0,690745.0,689645.0
2026-05-08 11:00:00,816.0,818.5,815.0,817.0,12049.0,689645.0,688870.0
2026-05-08 13:30:00,817.0,819.0,817.0,818.0,14847.0,688870.0,689659.0
2026-05-08 14:00:00,818.0,820.5,817.5,818.0,25903.0,689659.0,693540.0
2026-05-08 14:30:00,818.0,818.5,812.0,814.5,45079.0,693540.0,684468.0
2026-05-08 21:00:00,816.0,820.0,813.5,814.5,39690.0,684468.0,689712.0
2026-05-08 21:30:00,814.5,816.0,814.0,815.5,6553.0,689712.0,690640.0
2026-05-08 22:00:00,815.5,817.5,815.0,817.0,7831.0,690640.0,691386.0
2026-05-08 22:30:00,817.0,817.5,815.5,816.5,8701.0,691386.0,689844.0
2026-05-11 09:00:00,818.0,823.5,817.5,820.0,74415.0,689844.0,694458.0
2026-05-11 09:30:00,820.0,825.0,819.0,824.0,33403.0,694458.0,697248.0
2026-05-11 10:00:00,824.0,824.5,822.5,824.5,6912.0,697248.0,697528.0
2026-05-11 10:30:00,824.5,826.5,823.0,825.5,21386.0,697528.0,700363.0
2026-05-11 11:00:00,825.5,826.0,821.5,823.5,15418.0,700363.0,698229.0
2026-05-11 13:30:00,823.5,824.5,821.5,823.0,18518.0,698229.0,697274.0
2026-05-11 14:00:00,823.0,824.0,821.0,821.5,9792.0,697274.0,696845.0
2026-05-11 14:30:00,821.5,823.0,821.0,822.5,18558.0,696845.0,697790.0
2026-05-11 21:00:00,822.5,824.5,816.5,817.5,51705.0,697790.0,697241.0
2026-05-11 21:30:00,817.5,820.0,817.0,818.0,10453.0,697241.0,697229.0
2026-05-11 22:00:00,818.0,820.5,818.0,820.5,8461.0,697229.0,696333.0
2026-05-11 22:30:00,820.5,820.5,817.5,818.5,11973.0,696333.0,694173.0
2026-05-12 09:00:00,819.0,825.5,819.0,824.5,29867.0,694173.0,696026.0
2026-05-12 09:30:00,824.5,825.0,821.5,822.0,14143.0,696026.0,695802.0
2026-05-12 10:00:00,822.0,822.5,818.5,819.0,11791.0,695802.0,695259.0
2026-05-12 10:30:00,819.0,821.5,818.5,820.5,15446.0,695259.0,697026.0
2026-05-12 11:00:00,820.5,822.0,819.5,820.5,12216.0,697026.0,697765.0
2026-05-12 13:30:00,820.5,821.5,814.0,816.0,44339.0,697765.0,700605.0
2026-05-12 14:00:00,816.0,817.0,812.5,813.0,20936.0,700605.0,697168.0
2026-05-12 14:30:00,813.0,814.0,809.0,812.5,48957.0,697168.0,692285.0
2026-05-12 21:00:00,815.0,815.0,812.5,814.0,43147.0,692285.0,696777.0
2026-05-12 21:30:00,814.0,815.0,813.0,814.5,12821.0,696777.0,697412.0
2026-05-12 22:00:00,814.5,817.0,814.0,816.0,11332.0,697412.0,697607.0
2026-05-12 22:30:00,816.0,817.5,815.0,815.5,13102.0,697607.0,697626.0
2026-05-13 09:00:00,816.0,819.5,815.5,816.5,24418.0,697626.0,701394.0
2026-05-13 09:30:00,816.5,819.0,815.5,818.5,11656.0,701394.0,703030.0
2026-05-13 10:00:00,818.5,819.0,817.5,818.5,5429.0,703030.0,703392.0
2026-05-13 10:30:00,818.5,820.0,816.5,817.0,18270.0,703392.0,703619.0
2026-05-13 11:00:00,817.0,818.5,816.0,817.5,13552.0,703619.0,703122.0
2026-05-13 13:30:00,818.0,820.0,817.5,819.5,15991.0,703122.0,704468.0
2026-05-13 14:00:00,819.5,823.0,819.0,820.5,28556.0,704468.0,707650.0
2026-05-13 14:30:00,820.5,821.5,819.0,820.0,18920.0,707650.0,707226.0
2026-05-13 21:00:00,820.0,820.5,817.5,819.0,29803.0,707226.0,709286.0
2026-05-13 21:30:00,819.0,819.5,816.0,817.0,13351.0,709286.0,708838.0
2026-05-13 22:00:00,817.0,818.0,816.5,817.0,4335.0,708838.0,708742.0
2026-05-13 22:30:00,817.0,818.0,816.0,816.5,8250.0,708742.0,707583.0
2026-05-14 09:00:00,817.0,820.5,814.0,815.5,33328.0,707583.0,708897.0
2026-05-14 09:30:00,815.5,816.0,813.0,813.0,14317.0,708897.0,707503.0
2026-05-14 10:00:00,813.0,814.0,809.0,810.5,28688.0,707503.0,705638.0
2026-05-14 10:30:00,811.0,813.5,810.5,813.0,20120.0,705638.0,703091.0
2026-05-14 11:00:00,813.0,814.0,811.5,813.5,13611.0,703091.0,702134.0
2026-05-14 13:30:00,813.5,816.5,813.5,815.5,20217.0,702134.0,701801.0
2026-05-14 14:00:00,815.5,817.5,814.5,817.5,13138.0,701801.0,701620.0
2026-05-14 14:30:00,817.5,818.0,815.5,817.0,21604.0,701620.0,700160.0
2026-05-14 21:00:00,816.0,819.5,816.0,817.0,31505.0,700160.0,703804.0
2026-05-14 21:30:00,817.0,817.5,814.5,815.5,14249.0,703804.0,702491.0
2026-05-14 22:00:00,815.5,816.5,813.5,813.5,11298.0,702491.0,703382.0
2026-05-14 22:30:00,813.5,815.5,813.5,814.0,9520.0,703382.0,702614.0
2026-05-15 09:00:00,815.0,817.5,814.0,814.5,23226.0,702614.0,705157.0
2026-05-15 09:30:00,814.5,815.0,810.5,811.5,27013.0,705157.0,704183.0
2026-05-15 10:00:00,811.5,812.0,810.0,811.0,9203.0,704183.0,703399.0
2026-05-15 10:30:00,810.5,812.0,807.5,812.0,37580.0,703399.0,700869.0
2026-05-15 11:00:00,812.0,813.0,808.0,808.5,21010.0,700869.0,701510.0
2026-05-15 13:30:00,808.0,809.5,807.0,808.0,21822.0,701510.0,699277.0
2026-05-15 14:00:00,808.0,810.5,807.0,808.5,15343.0,699277.0,698382.0
2026-05-15 14:30:00,808.5,809.5,806.5,809.5,22868.0,698382.0,695097.0
2026-05-15 21:00:00,809.5,809.5,804.0,806.5,48649.0,695097.0,698266.0
2026-05-15 21:30:00,806.5,807.0,805.0,806.5,12574.0,698266.0,699603.0
2026-05-15 22:00:00,806.5,807.0,804.0,806.0,9247.0,699603.0,699087.0
2026-05-15 22:30:00,806.0,806.5,805.5,805.5,8379.0,699087.0,698216.0
2026-05-18 09:00:00,806.0,809.5,805.5,809.5,31924.0,698216.0,698666.0
2026-05-18 09:30:00,809.5,811.0,806.5,808.5,19206.0,698666.0,697465.0
2026-05-18 10:00:00,808.5,808.5,806.5,808.0,6683.0,697465.0,697536.0
2026-05-18 10:30:00,808.0,809.0,807.0,807.5,6158.0,697536.0,697709.0
2026-05-18 11:00:00,807.5,808.5,803.0,804.0,26726.0,697709.0,695480.0
2026-05-18 13:30:00,804.0,806.0,803.0,804.5,14499.0,695480.0,694647.0
2026-05-18 14:00:00,804.5,806.0,803.5,804.5,8914.0,694647.0,693910.0
2026-05-18 14:30:00,804.5,805.0,801.0,803.0,32093.0,693910.0,688084.0
2026-05-18 21:00:00,803.0,804.0,798.5,802.5,49110.0,688084.0,687077.0
2026-05-18 21:30:00,802.5,804.5,801.5,804.0,13532.0,687077.0,685690.0
2026-05-18 22:00:00,804.0,804.5,803.0,803.5,4471.0,685690.0,685240.0
2026-05-18 22:30:00,803.5,803.5,801.5,802.5,7065.0,685240.0,683301.0
2026-05-19 09:00:00,802.5,802.5,796.0,797.5,48543.0,683301.0,679485.0
2026-05-19 09:30:00,797.5,799.0,797.0,798.0,12654.0,679485.0,675883.0
2026-05-19 10:00:00,798.0,799.0,797.5,798.5,3984.0,675883.0,674759.0
2026-05-19 10:30:00,798.5,799.0,795.0,795.5,23824.0,674759.0,672882.0
2026-05-19 11:00:00,795.5,797.0,794.0,795.5,19335.0,672882.0,670514.0
2026-05-19 13:30:00,795.0,796.0,794.0,795.0,13450.0,670514.0,668141.0
2026-05-19 14:00:00,795.0,797.5,794.5,796.5,12897.0,668141.0,664995.0
2026-05-19 14:30:00,796.5,800.5,796.0,798.5,25527.0,664995.0,659425.0
2026-05-19 21:00:00,800.0,801.5,799.0,801.5,29160.0,659425.0,661781.0
2026-05-19 21:30:00,801.5,801.5,798.5,799.0,10794.0,661781.0,662047.0
2026-05-19 22:00:00,799.0,799.5,798.0,798.5,4701.0,662047.0,661836.0
2026-05-19 22:30:00,798.5,800.5,798.5,800.5,8000.0,661836.0,661047.0
2026-05-20 09:00:00,800.0,800.5,798.0,798.5,9651.0,661047.0,660784.0
2026-05-20 09:30:00,798.5,799.5,796.5,797.0,14454.0,660784.0,660240.0
2026-05-20 10:00:00,797.0,797.5,795.0,796.0,10026.0,660240.0,659707.0
2026-05-20 10:30:00,795.5,796.5,793.0,795.5,23024.0,659707.0,656038.0
2026-05-20 11:00:00,795.5,797.5,795.5,797.0,10904.0,656038.0,654116.0
2026-05-20 13:30:00,797.0,798.5,795.5,798.0,14208.0,654116.0,653533.0
2026-05-20 14:00:00,798.0,800.0,797.0,797.5,18507.0,653533.0,652633.0
2026-05-20 14:30:00,797.5,800.0,797.5,800.0,14148.0,652633.0,651104.0
2026-05-20 21:00:00,798.0,799.5,792.0,792.0,57877.0,651104.0,646609.0
2026-05-20 21:30:00,792.0,794.5,792.0,792.5,13784.0,646609.0,644334.0
2026-05-20 22:00:00,792.5,793.5,792.0,793.0,7542.0,644334.0,643315.0
2026-05-20 22:30:00,793.0,795.5,792.5,793.5,11330.0,643315.0,640890.0
2026-05-21 09:00:00,793.5,796.5,792.5,795.0,22502.0,640890.0,641123.0
2026-05-21 09:30:00,795.0,796.5,794.5,795.0,13831.0,641123.0,640333.0
2026-05-21 10:00:00,795.0,796.0,794.0,795.5,4433.0,640333.0,639229.0
2026-05-21 10:30:00,795.5,797.0,794.0,796.5,10179.0,639229.0,638598.0
2026-05-21 11:00:00,796.5,796.5,794.0,794.0,8095.0,638598.0,637672.0
2026-05-21 13:30:00,794.0,794.5,790.5,790.5,24900.0,637672.0,638112.0
2026-05-21 14:00:00,790.5,791.5,790.0,790.0,23024.0,638112.0,635121.0
2026-05-21 14:30:00,790.0,791.5,789.0,789.5,32232.0,635121.0,625910.0
2026-05-21 21:00:00,791.0,794.0,790.0,792.5,43326.0,625910.0,627527.0
2026-05-21 21:30:00,792.5,793.0,791.0,792.0,10695.0,627527.0,628269.0
2026-05-21 22:00:00,792.0,793.0,791.5,792.5,4917.0,628269.0,629391.0
2026-05-21 22:30:00,792.5,793.0,791.0,791.5,7274.0,629391.0,628430.0
2026-05-22 09:00:00,791.0,792.0,789.5,791.5,16624.0,628430.0,630596.0
2026-05-22 09:30:00,791.5,792.5,790.0,792.0,14993.0,630596.0,627847.0
2026-05-22 10:00:00,792.0,796.0,791.5,796.0,21822.0,627847.0,628094.0
2026-05-22 10:30:00,796.0,797.0,793.5,795.0,23474.0,628094.0,628233.0
2026-05-22 11:00:00,795.0,796.0,794.5,794.5,8055.0,628233.0,627945.0
2026-05-22 13:30:00,795.0,796.5,793.5,794.0,15431.0,627945.0,627400.0
2026-05-22 14:00:00,794.0,794.5,791.0,792.0,15816.0,627400.0,627358.0
2026-05-22 14:30:00,792.0,792.5,790.5,792.0,19530.0,627358.0,624273.0
2026-05-22 21:00:00,790.5,794.5,790.0,794.0,26293.0,624273.0,625513.0
2026-05-22 21:30:00,794.0,795.0,793.0,794.0,6360.0,625513.0,625909.0
2026-05-22 22:00:00,794.0,794.0,792.5,793.0,4836.0,625909.0,625777.0
2026-05-22 22:30:00,793.0,794.5,792.0,792.5,7432.0,625777.0,623859.0
2026-05-25 09:00:00,800.0,805.0,795.0,795.0,117295.0,623859.0,630730.0
2026-05-25 09:30:00,795.0,798.5,795.0,797.5,23894.0,630730.0,633603.0
2026-05-25 10:00:00,797.5,799.5,797.5,799.0,5638.0,633603.0,633503.0
2026-05-25 10:30:00,799.0,799.5,794.5,795.5,23816.0,633503.0,635070.0
2026-05-25 11:00:00,795.5,795.5,791.5,794.5,34780.0,635070.0,634885.0
2026-05-25 13:30:00,794.5,795.0,791.5,792.5,18593.0,634885.0,633425.0
2026-05-25 14:00:00,792.5,794.0,791.5,793.0,11690.0,633425.0,632914.0
2026-05-25 14:30:00,793.0,794.0,792.0,793.0,15248.0,632914.0,629480.0
2026-05-25 21:00:00,794.5,795.0,785.5,787.0,92403.0,629480.0,629135.0
2026-05-25 21:30:00,787.0,790.5,787.0,788.0,17540.0,629135.0,629417.0
2026-05-25 22:00:00,788.0,788.5,787.0,787.5,8392.0,629417.0,628962.0
2026-05-25 22:30:00,787.5,790.0,787.0,789.0,9550.0,628962.0,626766.0
2026-05-26 09:00:00,789.0,789.5,779.5,782.5,72974.0,626766.0,616129.0
2026-05-26 09:30:00,782.5,783.5,780.0,782.0,34348.0,616129.0,610202.0
2026-05-26 10:00:00,782.0,783.0,780.0,780.0,12657.0,610202.0,610438.0
2026-05-26 10:30:00,780.5,781.5,778.5,780.5,28617.0,610438.0,606073.0
2026-05-26 11:00:00,780.5,783.0,780.0,782.0,17454.0,606073.0,601691.0
2026-05-26 13:30:00,782.5,783.5,781.5,782.0,19487.0,601691.0,597961.0
2026-05-26 14:00:00,782.0,782.5,780.5,780.5,11226.0,597961.0,597345.0
2026-05-26 14:30:00,780.5,782.5,780.0,781.0,22895.0,597345.0,594109.0
2026-05-26 21:00:00,781.0,785.0,780.5,782.5,39266.0,594109.0,597626.0
2026-05-26 21:30:00,782.5,783.5,782.0,782.0,8572.0,597626.0,597854.0
2026-05-26 22:00:00,782.0,783.0,781.0,781.0,6503.0,597854.0,597964.0
2026-05-26 22:30:00,781.0,781.5,780.0,781.5,10947.0,597964.0,596863.0
2026-05-27 09:00:00,781.5,782.0,777.0,779.0,29659.0,596863.0,597549.0
2026-05-27 09:30:00,779.0,781.0,778.0,780.0,13728.0,597549.0,597626.0
2026-05-27 10:00:00,780.0,782.5,780.0,781.0,8534.0,597626.0,597541.0
2026-05-27 10:30:00,781.0,782.5,780.5,781.0,7980.0,597541.0,596818.0
2026-05-27 11:00:00,781.0,783.5,781.0,782.5,12015.0,596818.0,596089.0
2026-05-27 13:30:00,782.5,784.5,779.0,780.0,17961.0,596089.0,598106.0
2026-05-27 14:00:00,780.0,783.0,780.0,782.5,11095.0,598106.0,596650.0
2026-05-27 14:30:00,782.5,783.0,781.0,781.5,13940.0,596650.0,595145.0
2026-05-27 21:00:00,781.0,782.0,778.0,778.5,43123.0,595145.0,592368.0
2026-05-27 21:30:00,778.5,780.5,778.5,779.5,8119.0,592368.0,593048.0
2026-05-27 22:00:00,779.5,781.0,779.5,779.5,5409.0,593048.0,592551.0
2026-05-27 22:30:00,779.5,781.5,779.5,780.0,6953.0,592551.0,592160.0
2026-05-28 09:00:00,783.0,783.0,777.5,780.0,27310.0,592160.0,588938.0
2026-05-28 09:30:00,780.0,781.0,778.5,778.5,9189.0,588938.0,588540.0
2026-05-28 10:00:00,778.5,780.5,778.5,780.0,3872.0,588540.0,588384.0
2026-05-28 10:30:00,780.0,780.5,779.0,780.0,6604.0,588384.0,587951.0
2026-05-28 11:00:00,780.0,782.0,779.5,781.5,8144.0,587951.0,586825.0
2026-05-28 13:30:00,781.5,783.5,780.0,782.0,17546.0,586825.0,587098.0
2026-05-28 14:00:00,782.0,783.0,780.5,780.5,9465.0,587098.0,586653.0
2026-05-28 14:30:00,780.5,781.0,779.5,780.5,16250.0,586653.0,584665.0
2026-05-28 21:00:00,781.0,781.0,778.0,780.5,35753.0,584665.0,584755.0
2026-05-28 21:30:00,780.5,781.5,778.5,780.0,9573.0,584755.0,585982.0
2026-05-28 22:00:00,780.0,781.0,779.0,779.5,6676.0,585982.0,586018.0
2026-05-28 22:30:00,779.5,780.5,779.0,779.5,5862.0,586018.0,584724.0
2026-05-29 09:00:00,780.0,786.0,779.5,784.0,37517.0,584724.0,583513.0
2026-05-29 09:30:00,784.0,785.0,782.5,783.0,13957.0,583513.0,583111.0
2026-05-29 10:00:00,783.0,783.5,782.5,783.5,5531.0,583111.0,581736.0
2026-05-29 10:30:00,783.5,785.5,783.0,783.5,14717.0,581736.0,581126.0
2026-05-29 11:00:00,783.5,786.5,783.5,786.0,14821.0,581126.0,580261.0
2026-05-29 13:30:00,786.5,787.0,783.0,783.0,19588.0,580261.0,580174.0
2026-05-29 14:00:00,783.0,783.5,782.0,782.5,13885.0,580174.0,580980.0
2026-05-29 14:30:00,782.5,784.0,782.0,783.5,13862.0,580980.0,580298.0
2026-05-29 21:00:00,782.0,783.5,778.0,778.5,50334.0,580298.0,585530.0
2026-05-29 21:30:00,778.5,780.0,778.5,779.0,6998.0,585530.0,584242.0
2026-05-29 22:00:00,779.0,779.5,778.0,778.5,10265.0,584242.0,584919.0
2026-05-29 22:30:00,778.5,781.0,778.5,780.5,9351.0,584919.0,581908.0
2026-06-01 09:00:00,781.0,783.5,779.0,782.5,35062.0,581908.0,580989.0
2026-06-01 09:30:00,782.5,783.5,781.5,783.0,16042.0,580989.0,579890.0
2026-06-01 10:00:00,783.0,783.0,780.5,781.0,12303.0,579890.0,579624.0
2026-06-01 10:30:00,781.0,782.5,777.0,780.0,28221.0,579624.0,579914.0
2026-06-01 11:00:00,780.0,781.0,778.5,779.5,16706.0,579914.0,579179.0
2026-06-01 13:30:00,779.5,782.0,779.0,781.0,16646.0,579179.0,578392.0
2026-06-01 14:00:00,781.0,782.5,779.5,781.5,12450.0,578392.0,577637.0
2026-06-01 14:30:00,781.5,782.0,780.5,781.0,10958.0,577637.0,575019.0
2026-06-01 21:00:00,783.0,787.0,782.0,785.0,68177.0,575019.0,581594.0
2026-06-01 21:30:00,785.0,785.5,782.5,784.5,12594.0,581594.0,581126.0
2026-06-01 22:00:00,784.5,785.0,783.5,784.0,4829.0,581126.0,580970.0
2026-06-01 22:30:00,784.0,785.0,783.5,784.5,5255.0,580970.0,580785.0
2026-06-02 09:00:00,785.0,786.5,783.5,784.0,19351.0,580785.0,580841.0
2026-06-02 09:30:00,784.0,784.0,781.5,783.0,17077.0,580841.0,583026.0
2026-06-02 10:00:00,783.0,784.0,782.5,782.5,4060.0,583026.0,582888.0
2026-06-02 10:30:00,782.5,783.5,781.5,782.5,7788.0,582888.0,581939.0
2026-06-02 11:00:00,782.5,784.5,782.0,784.5,10243.0,581939.0,580520.0
2026-06-02 13:30:00,785.5,787.0,784.0,785.0,33177.0,580520.0,585968.0
2026-06-02 14:00:00,785.0,785.0,783.0,784.5,11915.0,585968.0,584482.0
2026-06-02 14:30:00,784.5,787.0,784.0,786.5,23958.0,584482.0,586665.0
2026-06-02 21:00:00,786.5,787.0,782.5,783.5,48430.0,586665.0,590425.0
2026-06-02 21:30:00,783.5,784.5,783.0,783.5,5749.0,590425.0,591567.0
2026-06-02 22:00:00,783.5,785.5,783.5,785.0,9338.0,591567.0,592180.0
2026-06-02 22:30:00,785.0,785.0,783.5,783.5,7934.0,592180.0,591534.0
2026-06-03 09:00:00,783.5,784.5,779.5,779.5,42660.0,591534.0,589883.0
2026-06-03 09:30:00,779.5,781.5,779.5,781.0,18048.0,589883.0,588373.0
2026-06-03 10:00:00,781.0,781.0,780.0,780.0,2994.0,588373.0,587674.0
2026-06-03 10:30:00,780.5,783.0,778.0,782.5,30288.0,587674.0,583797.0
2026-06-03 11:00:00,782.5,784.5,782.0,784.5,15441.0,583797.0,584016.0
2026-06-03 13:30:00,783.5,784.5,782.5,783.5,14477.0,584016.0,583545.0
2026-06-03 14:00:00,783.5,784.0,782.5,783.0,6601.0,583545.0,583360.0
2026-06-03 14:30:00,783.0,783.5,779.0,780.0,26021.0,583360.0,583551.0
2026-06-03 21:00:00,780.0,780.0,774.5,778.5,79828.0,583551.0,588905.0
2026-06-03 21:30:00,778.5,779.0,776.5,778.5,15056.0,588905.0,588324.0
2026-06-03 22:00:00,778.5,779.5,778.5,778.5,9653.0,588324.0,587036.0
2026-06-03 22:30:00,778.5,780.0,778.5,779.0,7725.0,587036.0,585933.0
2026-06-04 09:00:00,779.0,779.0,772.0,773.0,55037.0,585933.0,589733.0
2026-06-04 09:30:00,773.0,774.5,772.0,772.5,18721.0,589733.0,591773.0
2026-06-04 10:00:00,772.5,774.5,772.0,774.5,10043.0,591773.0,592522.0
2026-06-04 10:30:00,774.0,774.0,770.0,770.5,28601.0,592522.0,596692.0
2026-06-04 11:00:00,770.5,771.5,768.0,770.5,32208.0,596692.0,599453.0
2026-06-04 13:30:00,770.5,771.0,766.0,768.0,29274.0,599453.0,603175.0
2026-06-04 14:00:00,768.0,768.5,766.5,767.5,14535.0,603175.0,604355.0
2026-06-04 14:30:00,767.5,768.0,766.0,767.5,28115.0,604355.0,605270.0
2026-06-04 21:00:00,767.5,769.5,764.0,765.0,51273.0,605270.0,610696.0
2026-06-04 21:30:00,765.0,766.0,763.5,764.5,14583.0,610696.0,611370.0
2026-06-04 22:00:00,764.5,765.0,763.5,763.5,9308.0,611370.0,611631.0
2026-06-04 22:30:00,763.5,764.0,761.5,763.5,25383.0,611631.0,609724.0
2026-06-05 09:00:00,762.0,766.0,760.5,765.5,38044.0,609724.0,609424.0
2026-06-05 09:30:00,765.5,767.0,764.5,766.5,24359.0,609424.0,608517.0
2026-06-05 10:00:00,766.5,767.5,766.0,767.5,9392.0,608517.0,608721.0
2026-06-05 10:30:00,767.5,767.5,765.0,765.5,13266.0,608721.0,608510.0
2026-06-05 11:00:00,765.5,767.5,765.5,766.5,10735.0,608510.0,608664.0
2026-06-05 13:30:00,766.0,769.5,766.0,766.0,29847.0,608664.0,610938.0
2026-06-05 14:00:00,766.0,767.0,763.5,764.0,20852.0,610938.0,612253.0
2026-06-05 14:30:00,764.0,766.5,764.0,766.0,18973.0,612253.0,609413.0
2026-06-05 21:00:00,766.0,766.5,762.5,762.5,48494.0,609413.0,614074.0
2026-06-05 21:30:00,762.5,767.5,762.0,767.0,27329.0,614074.0,612438.0
2026-06-05 22:00:00,767.0,768.0,766.0,767.0,13926.0,612438.0,611012.0
2026-06-05 22:30:00,767.0,767.5,765.5,766.0,10786.0,611012.0,609997.0
2026-06-08 09:00:00,765.0,765.0,761.0,761.5,36497.0,609997.0,609657.0
2026-06-08 09:30:00,761.5,762.5,760.0,761.5,19888.0,609657.0,607018.0
2026-06-08 10:00:00,761.5,761.5,760.0,760.5,8139.0,607018.0,606304.0
2026-06-08 10:30:00,760.5,761.5,759.0,759.0,19072.0,606304.0,606122.0
2026-06-08 11:00:00,759.0,760.0,758.0,758.0,14020.0,606122.0,604696.0
2026-06-08 13:30:00,758.0,758.0,756.0,757.0,24245.0,604696.0,605346.0
2026-06-08 14:00:00,757.0,759.0,756.5,757.5,15070.0,605346.0,601510.0
2026-06-08 14:30:00,757.5,759.0,757.0,759.0,16453.0,601510.0,597662.0
2026-06-08 21:00:00,759.0,760.5,756.5,759.0,42727.0,597662.0,603424.0
2026-06-08 21:30:00,759.0,764.5,758.5,763.5,48252.0,603424.0,598780.0
2026-06-08 22:00:00,763.5,764.0,761.5,762.0,14388.0,598780.0,598561.0
2026-06-08 22:30:00,762.0,763.0,760.0,760.5,8268.0,598561.0,598175.0
2026-06-09 09:00:00,760.5,761.5,759.5,761.0,19715.0,598175.0,598751.0
2026-06-09 09:30:00,761.0,761.0,758.0,759.0,15297.0,598751.0,599949.0
2026-06-09 10:00:00,759.0,760.0,758.5,759.0,8666.0,599949.0,599434.0
2026-06-09 10:30:00,759.0,760.5,758.0,759.0,11831.0,599434.0,599461.0
2026-06-09 11:00:00,759.0,760.0,758.5,758.5,6452.0,599461.0,598906.0
2026-06-09 13:30:00,759.0,760.0,758.5,759.0,11034.0,598906.0,596189.0
2026-06-09 14:00:00,759.0,761.5,759.0,760.5,15014.0,596189.0,593815.0
2026-06-09 14:30:00,760.5,761.5,759.5,760.0,16199.0,593815.0,592592.0
2026-06-09 21:00:00,760.5,766.0,760.5,764.0,50272.0,592592.0,591218.0
2026-06-09 21:30:00,764.0,764.5,761.5,761.5,12588.0,591218.0,591467.0
2026-06-09 22:00:00,761.5,762.5,761.0,762.5,6304.0,591467.0,591415.0
2026-06-09 22:30:00,762.5,762.5,761.5,762.0,5972.0,591415.0,590825.0
2026-06-10 09:00:00,761.5,764.0,760.0,763.0,21306.0,590825.0,590069.0
2026-06-10 09:30:00,763.0,763.5,761.5,762.5,11602.0,590069.0,590985.0
2026-06-10 10:00:00,762.5,763.5,762.0,762.5,6477.0,590985.0,589099.0
2026-06-10 10:30:00,763.0,764.0,761.5,763.5,10977.0,589099.0,588697.0
2026-06-10 11:00:00,763.5,765.5,762.5,764.5,17792.0,588697.0,588340.0
2026-06-10 13:30:00,764.5,766.5,764.0,765.5,20819.0,588340.0,587006.0
2026-06-10 14:00:00,765.5,768.5,765.5,768.0,24959.0,587006.0,585779.0
2026-06-10 14:30:00,768.0,778.5,767.5,771.5,125089.0,585779.0,569372.0
2026-06-10 21:00:00,769.0,771.5,768.0,770.0,47343.0,569372.0,573065.0
2026-06-10 21:30:00,770.0,770.0,768.5,769.0,8536.0,573065.0,572686.0
2026-06-10 22:00:00,769.0,769.5,767.5,767.5,4855.0,572686.0,572808.0
2026-06-10 22:30:00,767.5,769.0,767.0,768.0,12609.0,572808.0,573684.0
2026-06-11 09:00:00,768.0,769.0,765.5,769.0,23531.0,573684.0,575175.0
2026-06-11 09:30:00,769.0,769.5,767.5,768.0,10386.0,575175.0,574002.0
2026-06-11 10:00:00,768.0,768.0,765.0,765.5,10321.0,574002.0,575379.0
2026-06-11 10:30:00,766.0,766.5,765.0,765.0,14779.0,575379.0,575590.0
2026-06-11 11:00:00,765.0,765.5,762.5,764.0,21372.0,575590.0,572902.0
2026-06-11 13:30:00,764.5,765.0,763.0,764.0,11147.0,572902.0,573024.0
2026-06-11 14:00:00,764.0,764.5,763.5,764.0,5416.0,573024.0,572458.0
2026-06-11 14:30:00,764.0,766.0,763.5,764.0,23451.0,572458.0,570700.0
2026-06-11 21:00:00,767.5,768.5,764.5,768.0,42523.0,570700.0,571425.0
2026-06-11 21:30:00,768.0,768.0,766.5,767.0,6448.0,571425.0,572316.0
2026-06-11 22:00:00,767.0,768.0,766.5,768.0,5535.0,572316.0,570687.0
2026-06-11 22:30:00,768.0,768.5,766.5,766.5,7429.0,570687.0,569660.0
2026-06-12 09:00:00,767.5,768.0,765.0,766.5,14498.0,569660.0,570158.0
2026-06-12 09:30:00,766.5,768.0,765.5,765.5,14665.0,570158.0,571135.0
2026-06-12 10:00:00,765.5,767.0,764.5,766.5,9945.0,571135.0,571375.0
2026-06-12 10:30:00,766.0,766.5,764.5,764.5,12206.0,571375.0,573211.0
2026-06-12 11:00:00,764.5,767.5,764.0,767.5,13570.0,573211.0,573339.0
2026-06-12 13:30:00,767.5,767.5,764.0,764.5,19649.0,573339.0,575400.0
2026-06-12 14:00:00,764.5,765.0,763.0,765.0,13846.0,575400.0,575952.0
2026-06-12 14:30:00,765.0,766.0,764.0,764.0,14342.0,575952.0,574962.0
2026-06-12 21:00:00,764.0,767.5,762.0,767.5,30026.0,574962.0,578352.0
2026-06-12 21:30:00,767.5,768.0,764.5,765.0,13502.0,578352.0,577526.0
2026-06-12 22:00:00,765.0,765.5,764.5,765.0,5285.0,577526.0,577817.0
2026-06-12 22:30:00,765.0,766.0,764.5,765.0,6917.0,577817.0,576949.0
2026-06-15 09:00:00,765.0,770.0,765.0,765.5,42716.0,576949.0,575082.0
2026-06-15 09:30:00,765.5,770.0,764.5,770.0,16635.0,575082.0,575656.0
2026-06-15 10:00:00,770.0,772.5,769.0,769.5,23686.0,575656.0,577076.0
2026-06-15 10:30:00,769.5,771.5,768.5,771.0,19509.0,577076.0,576890.0
2026-06-15 11:00:00,771.0,773.5,769.0,769.0,19013.0,576890.0,574769.0
2026-06-15 13:30:00,769.0,772.0,766.5,771.5,27961.0,574769.0,570831.0
2026-06-15 14:00:00,771.5,773.5,771.0,773.5,17273.0,570831.0,571798.0
2026-06-15 14:30:00,773.5,774.0,770.5,771.5,20607.0,571798.0,568198.0
2026-06-15 21:00:00,771.0,772.5,769.5,771.5,27442.0,568198.0,569239.0
2026-06-15 21:30:00,771.5,772.0,770.0,770.5,5444.0,569239.0,569618.0
2026-06-15 22:00:00,770.5,770.5,769.0,769.5,5254.0,569618.0,569889.0
2026-06-15 22:30:00,769.5,772.0,769.5,771.5,6424.0,569889.0,568387.0
2026-06-16 09:00:00,772.0,773.5,769.0,773.0,30946.0,568387.0,568318.0
2026-06-16 09:30:00,773.0,773.0,767.5,767.5,19366.0,568318.0,566974.0
2026-06-16 10:00:00,767.5,768.5,766.0,767.5,13439.0,566974.0,567151.0
2026-06-16 10:30:00,767.5,767.5,763.0,766.5,33918.0,567151.0,571496.0
2026-06-16 11:00:00,766.5,767.5,766.0,767.0,11298.0,571496.0,570610.0
2026-06-16 13:30:00,766.5,767.0,765.5,766.0,11892.0,570610.0,569810.0
2026-06-16 14:00:00,766.0,767.0,764.0,764.0,10779.0,569810.0,570483.0
2026-06-16 14:30:00,764.0,765.0,762.0,762.0,28502.0,570483.0,571908.0
2026-06-16 21:00:00,762.0,764.5,762.0,763.0,28001.0,571908.0,577058.0
2026-06-16 21:30:00,763.0,763.5,762.5,763.0,6206.0,577058.0,577724.0
2026-06-16 22:00:00,763.0,763.5,757.0,757.5,29614.0,577724.0,581191.0
2026-06-16 22:30:00,757.5,759.5,755.0,759.5,45678.0,581191.0,585210.0
2026-06-17 09:00:00,759.0,759.5,756.0,756.5,29316.0,585210.0,585670.0
2026-06-17 09:30:00,756.5,758.0,756.5,757.5,12536.0,585670.0,584343.0
2026-06-17 10:00:00,757.5,757.5,756.0,756.5,6002.0,584343.0,584932.0
2026-06-17 10:30:00,756.5,756.5,754.0,754.5,21105.0,584932.0,587215.0
2026-06-17 11:00:00,754.5,754.5,752.5,753.0,17310.0,587215.0,589424.0
2026-06-17 13:30:00,752.0,753.0,749.0,750.5,42413.0,589424.0,597593.0
2026-06-17 14:00:00,750.5,751.5,749.5,750.5,19272.0,597593.0,598607.0
2026-06-17 14:30:00,750.5,751.0,747.0,747.5,32649.0,598607.0,600927.0
2026-06-17 21:00:00,748.5,748.5,743.0,745.0,79532.0,600927.0,607962.0
2026-06-17 21:30:00,745.0,747.5,745.0,746.5,22344.0,607962.0,606001.0
2026-06-17 22:00:00,746.5,747.0,745.0,746.5,12659.0,606001.0,605726.0
2026-06-17 22:30:00,746.5,748.5,746.0,747.0,11724.0,605726.0,603349.0
2026-06-18 09:00:00,746.5,748.5,743.0,743.0,36765.0,603349.0,606381.0
2026-06-18 09:30:00,743.0,745.0,743.0,744.5,22495.0,606381.0,604492.0
2026-06-18 10:00:00,744.5,746.0,743.5,744.0,10199.0,604492.0,603188.0
2026-06-18 10:30:00,744.0,746.5,744.0,744.5,12991.0,603188.0,600897.0
2026-06-18 11:00:00,744.5,747.0,744.5,746.0,11194.0,600897.0,600652.0
2026-06-18 13:30:00,746.5,749.5,745.5,746.5,28307.0,600652.0,599385.0
2026-06-18 14:00:00,746.5,747.5,746.0,746.5,12965.0,599385.0,601349.0
2026-06-18 14:30:00,746.5,749.0,746.5,747.0,26183.0,601349.0,597478.0
2026-06-22 09:00:00,746.0,747.5,741.5,747.0,61924.0,597478.0,606666.0
2026-06-22 09:30:00,747.0,749.0,743.0,744.5,29547.0,606666.0,614615.0
2026-06-22 10:00:00,744.5,745.0,743.5,744.5,4949.0,614615.0,615779.0
2026-06-22 10:30:00,744.0,744.5,740.5,741.0,29115.0,615779.0,620498.0
2026-06-22 11:00:00,741.0,741.5,739.5,741.0,17003.0,620498.0,621988.0
2026-06-22 13:30:00,741.0,742.0,739.0,740.0,19726.0,621988.0,622157.0
2026-06-22 14:00:00,740.0,741.0,739.5,740.5,9230.0,622157.0,622419.0
2026-06-22 14:30:00,740.5,741.5,739.0,739.5,20293.0,622419.0,622586.0
2026-06-22 21:00:00,741.0,744.0,739.5,741.5,44567.0,622586.0,630000.0
2026-06-22 21:30:00,741.5,742.0,740.0,741.0,10497.0,630000.0,630811.0
2026-06-22 22:00:00,741.0,741.0,739.5,740.0,5009.0,630811.0,630409.0
2026-06-22 22:30:00,740.0,741.5,739.5,740.0,7278.0,630409.0,629263.0
2026-06-23 09:00:00,741.5,741.5,737.0,738.0,28822.0,629263.0,626483.0
2026-06-23 09:30:00,738.0,739.0,736.0,737.0,16203.0,626483.0,625976.0
2026-06-23 10:00:00,737.0,737.0,736.0,736.5,6330.0,625976.0,626551.0
2026-06-23 10:30:00,736.0,737.0,735.0,735.0,13649.0,626551.0,626645.0
2026-06-23 11:00:00,735.0,736.0,734.0,735.5,21356.0,626645.0,627881.0
2026-06-23 13:30:00,735.0,739.0,734.5,737.5,21923.0,627881.0,625256.0
2026-06-23 14:00:00,737.5,739.5,737.0,738.5,16802.0,625256.0,622006.0
2026-06-23 14:30:00,738.5,740.0,737.5,738.5,17286.0,622006.0,619453.0
2026-06-23 21:00:00,740.0,742.5,737.5,738.0,36523.0,619453.0,624750.0
2026-06-23 21:30:00,738.0,743.5,737.0,743.5,31257.0,624750.0,626053.0
2026-06-23 22:00:00,743.5,744.5,742.5,742.5,17476.0,626053.0,625876.0
2026-06-23 22:30:00,742.5,745.5,742.5,743.5,13610.0,625876.0,624530.0
2026-06-24 09:00:00,743.5,745.0,741.5,743.5,25678.0,624530.0,623672.0
2026-06-24 09:30:00,743.5,744.0,741.0,741.0,10036.0,623672.0,623541.0
2026-06-24 10:00:00,741.0,741.5,740.0,741.0,7103.0,623541.0,622218.0
2026-06-24 10:30:00,741.0,747.5,741.0,747.0,25051.0,622218.0,618062.0
2026-06-24 11:00:00,747.0,747.5,743.0,743.5,25432.0,618062.0,615428.0
2026-06-24 13:30:00,744.0,746.5,744.0,745.5,12676.0,615428.0,614251.0
2026-06-24 14:00:00,745.5,747.5,744.5,744.5,13887.0,614251.0,614453.0
2026-06-24 14:30:00,744.5,745.0,743.0,744.0,14303.0,614453.0,612657.0
2026-06-24 21:00:00,747.0,749.0,744.5,745.0,46176.0,612657.0,612115.0
2026-06-24 21:30:00,745.0,748.5,745.0,747.5,12001.0,612115.0,610999.0
2026-06-24 22:00:00,747.5,747.5,745.5,746.5,5646.0,610999.0,610469.0
2026-06-24 22:30:00,746.5,747.0,743.5,746.5,9280.0,610469.0,609733.0
2026-06-25 09:00:00,746.0,747.0,744.5,745.5,18098.0,609733.0,608582.0
2026-06-25 09:30:00,745.5,747.0,744.5,747.0,10820.0,608582.0,608568.0
2026-06-25 10:00:00,747.0,747.5,744.0,745.0,9667.0,608568.0,608330.0
2026-06-25 10:30:00,745.0,746.5,743.5,745.5,10656.0,608330.0,608444.0
2026-06-25 11:00:00,745.5,746.5,743.5,744.5,9090.0,608444.0,607628.0
2026-06-25 13:30:00,745.0,745.0,735.5,736.0,62451.0,607628.0,615077.0
2026-06-25 14:00:00,736.0,739.0,735.5,737.5,29160.0,615077.0,619698.0
2026-06-25 14:30:00,737.5,738.0,735.0,735.0,22445.0,619698.0,619397.0
2026-06-25 21:00:00,735.0,739.0,733.0,735.0,46714.0,619397.0,622880.0
2026-06-25 21:30:00,735.0,736.5,734.5,736.0,9525.0,622880.0,622808.0
2026-06-25 22:00:00,736.0,736.0,734.0,734.5,5893.0,622808.0,623608.0
2026-06-25 22:30:00,734.5,735.0,733.5,734.0,6149.0,623608.0,623516.0
2026-06-26 09:00:00,734.0,737.0,730.5,736.5,40110.0,623516.0,624328.0
2026-06-26 09:30:00,736.5,737.5,735.5,737.0,11004.0,624328.0,623764.0
2026-06-26 10:00:00,737.0,738.0,736.5,737.0,5727.0,623764.0,623292.0
2026-06-26 10:30:00,737.0,737.0,731.5,732.0,20062.0,623292.0,624401.0
2026-06-26 11:00:00,732.0,738.0,732.0,737.0,17862.0,624401.0,621980.0
2026-06-26 13:30:00,737.0,745.5,736.5,743.5,59580.0,621980.0,611218.0
2026-06-26 14:00:00,743.5,754.0,742.5,750.0,83919.0,611218.0,597849.0
2026-06-26 14:30:00,750.0,750.5,744.0,748.0,41853.0,597849.0,595139.0
2026-06-26 21:00:00,744.5,746.5,741.0,742.0,49302.0,595139.0,598120.0
2026-06-26 21:30:00,742.0,742.5,740.0,741.5,13524.0,598120.0,600122.0
2026-06-26 22:00:00,741.5,744.5,741.5,744.5,9303.0,600122.0,598754.0
2026-06-26 22:30:00,744.5,746.0,743.5,745.0,12679.0,598754.0,596035.0
2026-06-29 09:00:00,745.0,746.0,742.0,744.5,33072.0,596035.0,599619.0
2026-06-29 09:30:00,744.5,745.5,741.0,741.5,12962.0,599619.0,600651.0
2026-06-29 10:00:00,741.5,742.5,741.0,741.5,5353.0,600651.0,601557.0
2026-06-29 10:30:00,741.5,742.0,737.5,739.0,24732.0,601557.0,602034.0
2026-06-29 11:00:00,739.0,745.0,738.0,744.5,20502.0,602034.0,597668.0
2026-06-29 13:30:00,744.0,744.5,742.5,743.5,11824.0,597668.0,597792.0
2026-06-29 14:00:00,743.5,744.5,742.0,743.5,6788.0,597792.0,597451.0
2026-06-29 14:30:00,743.5,746.5,743.0,746.0,20829.0,597451.0,595516.0
2026-06-29 21:00:00,746.0,747.0,742.5,744.5,32755.0,595516.0,599468.0
2026-06-29 21:30:00,744.5,745.0,743.0,743.0,5962.0,599468.0,600097.0
2026-06-29 22:00:00,743.0,746.0,743.0,746.0,6334.0,600097.0,600659.0
2026-06-29 22:30:00,746.0,747.5,745.0,747.0,6840.0,600659.0,600420.0
2026-06-30 09:00:00,748.0,752.0,745.5,749.0,37814.0,600420.0,600171.0
2026-06-30 09:30:00,749.0,749.5,743.0,744.0,23800.0,600171.0,602602.0
2026-06-30 10:00:00,744.0,744.5,742.5,742.5,9054.0,602602.0,603687.0
2026-06-30 10:30:00,742.5,745.0,742.0,744.0,14476.0,603687.0,603166.0
2026-06-30 11:00:00,744.0,744.5,742.5,744.0,8146.0,603166.0,602714.0
2026-06-30 13:30:00,744.0,744.5,742.0,743.5,9761.0,602714.0,604503.0
2026-06-30 14:00:00,743.5,744.5,743.0,744.5,10399.0,604503.0,604888.0
2026-06-30 14:30:00,744.5,749.0,744.0,747.0,28264.0,604888.0,600606.0
2026-06-30 21:00:00,745.0,746.0,741.0,741.0,46414.0,600606.0,609792.0
2026-06-30 21:30:00,741.0,742.0,741.0,742.0,10595.0,609792.0,610848.0
2026-06-30 22:00:00,742.0,743.5,741.0,743.0,6278.0,610848.0,611641.0
2026-06-30 22:30:00,743.0,744.0,743.0,743.5,6384.0,611641.0,610093.0
2026-07-01 09:00:00,743.5,743.5,736.5,739.5,46775.0,610093.0,616889.0
2026-07-01 09:30:00,739.5,740.0,737.0,737.5,14656.0,616889.0,617345.0
2026-07-01 10:00:00,737.5,738.0,736.0,737.0,9765.0,617345.0,619310.0
2026-07-01 10:30:00,736.0,737.5,735.0,736.5,19955.0,619310.0,623812.0
2026-07-01 11:00:00,736.5,737.0,732.0,732.0,34365.0,623812.0,628876.0
2026-07-01 13:30:00,732.5,737.0,731.5,735.0,29795.0,628876.0,630806.0
2026-07-01 14:00:00,735.0,735.5,728.5,731.5,33927.0,630806.0,634406.0
2026-07-01 14:30:00,731.5,733.5,728.5,733.0,30582.0,634406.0,632673.0
2026-07-01 21:00:00,750.0,752.0,745.5,746.5,154621.0,632673.0,624529.0
2026-07-01 21:30:00,746.5,753.0,746.0,753.0,46471.0,624529.0,617662.0
2026-07-01 22:00:00,753.0,757.0,748.0,748.0,71647.0,617662.0,611482.0
2026-07-01 22:30:00,748.0,750.0,747.0,749.0,18722.0,611482.0,609946.0
2026-07-02 09:00:00,748.0,748.0,741.5,742.0,48723.0,609946.0,607886.0
2026-07-02 09:30:00,742.0,744.5,741.5,743.0,20844.0,607886.0,605537.0
2026-07-02 10:00:00,743.0,744.0,740.5,742.0,10183.0,605537.0,605628.0
2026-07-02 10:30:00,742.0,743.0,739.5,741.0,16901.0,605628.0,605934.0
2026-07-02 11:00:00,741.0,742.5,739.5,740.5,12765.0,605934.0,605095.0
2026-07-02 13:30:00,740.0,744.5,739.0,744.5,18051.0,605095.0,603078.0
2026-07-02 14:00:00,744.5,745.5,742.5,743.5,18864.0,603078.0,600942.0
2026-07-02 14:30:00,743.5,744.0,739.0,740.0,17167.0,600942.0,600271.0
2026-07-02 21:00:00,740.0,743.5,736.5,736.5,46845.0,600271.0,602748.0
2026-07-02 21:30:00,736.5,738.5,735.5,737.0,19262.0,602748.0,605997.0
2026-07-02 22:00:00,737.0,737.5,735.0,735.5,19814.0,605997.0,608150.0
2026-07-02 22:30:00,735.5,737.0,734.5,737.0,13152.0,608150.0,609336.0
2026-07-03 09:00:00,736.0,739.5,733.0,738.5,34819.0,609336.0,608137.0
2026-07-03 09:30:00,738.5,742.0,737.0,741.0,22818.0,608137.0,602721.0
2026-07-03 10:00:00,741.0,743.0,740.0,742.0,12181.0,602721.0,600712.0
2026-07-03 10:30:00,742.5,742.5,736.5,736.5,16113.0,600712.0,600815.0
2026-07-03 11:00:00,736.5,737.0,733.0,736.5,27690.0,600815.0,607589.0
2026-07-03 13:30:00,736.5,737.0,734.0,736.5,13764.0,607589.0,609095.0
2026-07-03 14:00:00,736.5,736.5,733.5,733.5,13224.0,609095.0,610467.0
2026-07-03 14:30:00,733.5,735.5,733.0,734.0,23562.0,610467.0,610710.0
2026-07-03 21:00:00,733.0,736.5,733.0,734.0,28903.0,610710.0,614692.0
2026-07-03 21:30:00,734.0,736.0,734.0,736.0,7291.0,614692.0,615344.0
2026-07-03 22:00:00,736.0,739.0,735.5,737.0,12616.0,615344.0,614068.0
2026-07-03 22:30:00,737.0,740.0,737.0,739.0,15691.0,614068.0,610120.0
2026-07-06 09:00:00,739.0,744.0,736.5,742.0,40033.0,610120.0,603501.0
2026-07-06 09:30:00,742.0,742.5,739.0,740.5,16741.0,603501.0,602095.0
2026-07-06 10:00:00,740.5,744.0,740.0,744.0,9769.0,602095.0,599362.0
2026-07-06 10:30:00,743.0,743.5,739.5,740.0,14443.0,599362.0,598713.0
2026-07-06 11:00:00,740.0,741.0,739.0,740.5,9669.0,598713.0,597744.0
2026-07-06 13:30:00,741.0,742.0,738.0,738.0,10943.0,597744.0,596708.0
2026-07-06 14:00:00,738.0,740.0,738.0,740.0,7542.0,596708.0,597188.0
2026-07-06 14:30:00,740.0,740.0,738.0,738.0,14209.0,597188.0,596824.0
2026-07-06 21:00:00,741.5,741.5,738.5,739.0,29492.0,596824.0,596928.0
2026-07-06 21:30:00,739.0,742.0,738.5,742.0,9908.0,596928.0,597378.0
2026-07-06 22:00:00,742.0,743.0,741.0,742.5,7931.0,597378.0,597318.0
2026-07-06 22:30:00,742.5,743.5,741.0,741.0,10622.0,597318.0,594083.0
2026-07-07 09:00:00,741.5,741.5,739.0,740.0,16608.0,594083.0,594563.0
2026-07-07 09:30:00,740.0,745.0,739.0,745.0,22858.0,594563.0,592968.0
2026-07-07 10:00:00,745.0,745.0,742.5,743.0,6425.0,592968.0,592069.0
2026-07-07 10:30:00,743.0,744.0,741.0,741.0,9382.0,592069.0,591457.0
2026-07-07 11:00:00,741.0,741.5,740.0,741.0,8667.0,591457.0,589633.0
2026-07-07 13:30:00,740.5,740.5,737.0,739.0,21773.0,589633.0,591157.0
2026-07-07 14:00:00,739.0,739.5,736.5,736.5,10965.0,591157.0,591913.0
2026-07-07 14:30:00,736.5,737.5,735.0,735.5,26566.0,591913.0,594670.0
2026-07-07 21:00:00,735.0,741.0,735.0,738.0,35105.0,594670.0,595264.0
2026-07-07 21:30:00,738.0,738.5,736.0,736.0,8763.0,595264.0,596170.0
2026-07-07 22:00:00,736.0,738.0,736.0,737.5,5089.0,596170.0,596796.0
2026-07-07 22:30:00,737.5,738.0,736.5,737.0,4685.0,596796.0,596282.0
2026-07-08 09:00:00,738.0,740.5,736.0,739.5,24835.0,596282.0,595733.0
2026-07-08 09:30:00,739.5,745.5,739.0,745.0,38046.0,595733.0,591146.0
2026-07-08 10:00:00,745.0,747.0,743.5,744.0,28987.0,591146.0,588464.0
2026-07-08 10:30:00,744.5,748.5,744.0,745.5,39244.0,588464.0,589673.0
2026-07-08 11:00:00,745.5,749.5,744.0,745.0,27890.0,589673.0,589522.0
2026-07-08 13:30:00,744.5,748.0,744.0,747.5,17429.0,589522.0,589076.0
2026-07-08 14:00:00,747.5,749.5,747.0,748.0,14993.0,589076.0,588414.0
2026-07-08 14:30:00,748.0,749.5,746.0,746.0,24755.0,588414.0,585851.0
2026-07-08 21:00:00,747.5,751.5,745.0,745.5,37609.0,585851.0,590237.0
2026-07-08 21:30:00,745.5,746.0,744.0,744.5,13476.0,590237.0,590622.0
2026-07-08 22:00:00,744.5,747.0,744.5,746.5,5964.0,590622.0,589682.0
2026-07-08 22:30:00,746.5,748.0,746.5,747.5,8203.0,589682.0,587219.0
2026-07-09 09:00:00,748.0,748.0,743.0,744.5,22527.0,587219.0,586604.0
2026-07-09 09:30:00,744.5,746.0,744.0,746.0,6353.0,586604.0,585985.0
2026-07-09 10:00:00,746.0,746.5,744.5,745.5,6180.0,585985.0,585639.0
2026-07-09 10:30:00,745.0,746.0,743.0,743.0,12138.0,585639.0,585042.0
2026-07-09 11:00:00,743.0,744.0,740.5,743.0,26876.0,585042.0,583332.0
2026-07-09 13:30:00,743.0,747.0,743.0,745.0,15279.0,583332.0,581035.0
2026-07-09 14:00:00,745.0,746.5,743.5,745.0,10951.0,581035.0,580221.0
2026-07-09 14:30:00,745.0,746.5,744.0,745.5,15662.0,580221.0,578854.0
2026-07-09 21:00:00,745.5,748.5,744.0,745.5,37220.0,578854.0,581438.0
2026-07-09 21:30:00,745.5,747.0,745.5,746.0,8983.0,581438.0,581976.0
2026-07-09 22:00:00,746.0,747.5,745.5,747.0,11092.0,581976.0,580222.0
2026-07-09 22:30:00,747.0,752.0,746.5,747.0,34976.0,580222.0,581769.0
2026-07-10 09:00:00,747.0,749.0,745.0,747.0,18519.0,581769.0,583300.0
2026-07-10 09:30:00,747.0,748.5,746.5,748.0,10877.0,583300.0,583518.0
2026-07-10 10:00:00,748.0,748.5,747.0,747.5,3939.0,583518.0,583402.0
2026-07-10 10:30:00,747.5,751.0,747.0,751.0,21395.0,583402.0,582670.0
2026-07-10 11:00:00,751.0,753.0,750.0,750.5,24120.0,582670.0,581358.0
2026-07-10 13:30:00,750.5,751.0,748.0,748.5,16460.0,581358.0,580823.0
2026-07-10 14:00:00,748.5,750.5,748.0,750.0,10949.0,580823.0,580533.0
2026-07-10 14:30:00,750.0,751.5,748.0,751.5,19200.0,580533.0,578881.0
2026-07-10 21:00:00,754.0,754.0,747.0,751.0,35523.0,578881.0,577122.0
2026-07-10 21:30:00,751.0,752.0,750.0,751.0,8305.0,577122.0,578225.0
2026-07-10 22:00:00,751.0,751.5,750.0,750.5,3872.0,578225.0,577631.0
2026-07-10 22:30:00,750.5,750.5,748.5,750.0,8637.0,577631.0,576545.0
2026-07-13 09:00:00,751.0,753.0,747.5,748.0,37786.0,576545.0,572209.0
2026-07-13 09:30:00,748.0,749.0,744.0,744.5,30727.0,572209.0,570126.0
2026-07-13 10:00:00,744.5,746.0,744.0,745.0,6817.0,570126.0,569071.0
2026-07-13 10:30:00,745.5,745.5,742.5,743.5,22961.0,569071.0,570436.0
2026-07-13 11:00:00,743.5,745.0,743.0,743.5,10601.0,570436.0,569866.0
2026-07-13 13:30:00,744.0,745.5,742.5,745.5,18981.0,569866.0,566015.0
2026-07-13 14:00:00,745.5,747.0,745.0,746.0,11231.0,566015.0,563145.0
2026-07-13 14:30:00,746.0,746.0,744.0,744.5,13211.0,563145.0,561849.0
2026-07-13 21:00:00,745.0,750.5,745.0,749.0,41556.0,561849.0,563823.0
2026-07-13 21:30:00,749.0,749.0,746.5,747.5,6027.0,563823.0,563669.0
2026-07-13 22:00:00,747.5,748.5,747.5,748.0,3925.0,563669.0,562910.0
2026-07-13 22:30:00,748.0,751.5,747.5,750.5,17864.0,562910.0,562978.0
2026-07-14 09:00:00,750.5,755.0,749.5,752.5,44562.0,562978.0,560270.0
2026-07-14 09:30:00,752.5,756.0,751.5,753.0,30128.0,560270.0,555283.0
2026-07-14 10:00:00,753.0,754.5,752.0,754.5,7395.0,555283.0,553859.0
2026-07-14 10:30:00,754.0,755.0,752.5,755.0,13773.0,553859.0,553345.0
2026-07-14 11:00:00,755.0,758.5,755.0,756.0,36949.0,553345.0,547237.0
2026-07-14 13:30:00,757.0,758.5,755.0,758.5,19962.0,547237.0,548856.0
2026-07-14 14:00:00,758.5,759.5,757.5,758.5,15836.0,548856.0,551565.0
2026-07-14 14:30:00,758.5,761.5,756.0,760.5,42568.0,551565.0,545267.0
2026-07-14 21:00:00,760.0,760.0,755.0,756.0,46103.0,545267.0,543424.0
2026-07-14 21:30:00,756.0,759.0,756.0,757.5,10563.0,543424.0,542840.0
2026-07-14 22:00:00,757.5,759.5,757.0,759.0,8316.0,542840.0,541994.0
2026-07-14 22:30:00,759.0,759.5,758.0,759.5,6133.0,541994.0,541262.0
2026-07-15 09:00:00,758.5,761.0,757.0,759.0,24966.0,541262.0,540868.0
2026-07-15 09:30:00,759.0,763.5,758.5,762.0,22386.0,540868.0,538665.0
2026-07-15 10:00:00,762.0,763.0,761.5,761.5,6742.0,538665.0,538189.0
2026-07-15 10:30:00,762.0,764.5,760.5,764.0,15014.0,538189.0,536944.0
2026-07-15 11:00:00,764.0,764.5,761.0,762.0,14650.0,536944.0,536320.0
2026-07-15 13:30:00,762.0,763.0,761.5,763.0,8355.0,536320.0,536621.0
2026-07-15 14:00:00,763.0,763.5,759.5,761.0,15386.0,536621.0,537057.0
2026-07-15 14:30:00,761.0,763.0,760.5,762.0,19357.0,537057.0,536035.0
2026-07-15 21:00:00,760.5,761.5,759.0,761.0,18519.0,536035.0,535839.0
2026-07-15 21:30:00,761.0,761.5,760.0,760.0,5953.0,535839.0,536335.0
2026-07-15 22:00:00,760.0,760.5,757.5,758.5,12203.0,536335.0,536090.0
2026-07-15 22:30:00,758.5,760.0,758.5,759.5,5461.0,536090.0,534171.0
2026-07-16 09:00:00,759.0,760.5,754.0,757.0,32630.0,534171.0,536519.0
2026-07-16 09:30:00,757.0,758.5,756.0,758.0,7449.0,536519.0,536378.0
2026-07-16 10:00:00,758.0,758.5,755.5,755.5,6922.0,536378.0,535412.0
2026-07-16 10:30:00,756.0,756.0,754.5,756.0,11128.0,535412.0,535318.0
2026-07-16 11:00:00,756.0,756.5,755.5,756.0,6253.0,535318.0,533825.0
2026-07-16 13:30:00,756.0,762.0,755.5,760.0,32072.0,533825.0,527903.0
2026-07-16 14:00:00,760.0,760.5,757.0,758.5,12358.0,527903.0,527779.0
2026-07-16 14:30:00,758.5,761.0,758.0,759.5,17111.0,527779.0,525305.0
2026-07-16 21:00:00,759.5,762.5,758.5,762.5,26047.0,525305.0,524865.0
2026-07-16 21:30:00,762.5,763.0,761.0,762.0,11233.0,524865.0,524823.0
2026-07-16 22:00:00,762.0,763.0,761.5,762.5,4524.0,524823.0,525103.0
2026-07-16 22:30:00,762.5,764.0,762.0,764.0,8001.0,525103.0,524411.0
2026-07-17 09:00:00,763.0,764.0,759.5,760.0,20841.0,524411.0,526435.0
2026-07-17 09:30:00,760.0,760.5,758.0,759.5,12900.0,526435.0,524342.0
2026-07-17 10:00:00,759.5,762.0,759.0,762.0,7191.0,524342.0,522747.0
2026-07-17 10:30:00,761.5,764.0,761.0,763.5,17928.0,522747.0,520801.0
2026-07-17 11:00:00,763.5,764.0,762.0,763.5,11168.0,520801.0,518198.0
2026-07-17 13:30:00,763.0,763.5,759.5,762.0,27732.0,518198.0,515389.0
2026-07-17 14:00:00,762.0,762.5,760.5,761.5,8560.0,515389.0,515391.0
2026-07-17 14:30:00,761.5,763.0,760.0,762.0,17547.0,515391.0,512548.0
2026-07-17 21:00:00,762.0,763.0,758.0,758.0,37171.0,512548.0,514463.0
2026-07-17 21:30:00,758.0,760.0,758.0,758.5,8197.0,514463.0,513916.0
2026-07-17 22:00:00,758.5,759.0,755.0,756.0,17873.0,513916.0,513106.0
2026-07-17 22:30:00,756.0,758.5,756.0,757.5,8431.0,513106.0,510899.0
2026-07-20 09:00:00,759.0,762.5,757.0,758.5,31277.0,510899.0,507754.0
2026-07-20 09:30:00,758.5,760.0,757.5,757.5,9651.0,507754.0,507849.0
2026-07-20 10:00:00,757.5,758.5,757.5,757.5,6054.0,507849.0,507246.0
2026-07-20 10:30:00,757.5,759.5,756.5,759.0,12868.0,507246.0,505115.0
2026-07-20 11:00:00,759.0,759.5,758.0,758.5,8573.0,505115.0,505334.0
2026-07-20 13:30:00,758.5,758.5,752.5,754.5,36447.0,505334.0,502779.0
2026-07-20 14:00:00,754.5,755.5,752.5,754.0,19591.0,502779.0,500085.0
2026-07-20 14:30:00,754.0,758.0,753.5,758.0,16606.0,500085.0,496515.0
2026-07-20 21:00:00,756.0,756.0,747.0,748.5,65493.0,496515.0,500080.0
2026-07-20 21:30:00,748.5,751.0,748.5,750.0,11695.0,500080.0,499160.0
2026-07-20 22:00:00,750.0,750.5,749.0,749.5,4097.0,499160.0,498736.0
2026-07-20 22:30:00,749.5,749.5,748.0,749.0,7777.0,498736.0,497123.0
2026-07-21 09:00:00,748.5,749.0,744.0,745.0,40524.0,497123.0,498284.0
2026-07-21 09:30:00,745.0,746.0,742.0,742.5,19142.0,498284.0,501237.0
2026-07-21 10:00:00,742.5,743.0,741.0,743.0,14509.0,501237.0,501479.0
2026-07-21 10:30:00,742.5,744.5,742.5,744.5,15208.0,501479.0,502410.0
2026-07-21 11:00:00,744.5,748.5,744.0,747.0,18783.0,502410.0,500352.0
2026-07-21 13:30:00,747.0,748.0,744.0,745.5,17471.0,500352.0,501185.0
2026-07-21 14:00:00,745.5,747.0,744.5,746.5,13268.0,501185.0,502488.0
2026-07-21 14:30:00,746.5,751.5,746.0,749.0,34263.0,502488.0,495314.0
2026-07-21 21:00:00,748.0,750.0,746.0,749.0,26739.0,495314.0,496946.0
2026-07-21 21:30:00,749.0,749.0,745.0,745.5,13040.0,496946.0,498374.0
2026-07-21 22:00:00,745.5,746.5,745.5,746.0,3647.0,498374.0,498835.0
2026-07-21 22:30:00,746.0,746.0,745.0,746.0,5507.0,498835.0,498013.0
2026-07-22 09:00:00,745.5,747.5,743.0,743.5,24054.0,498013.0,498978.0
2026-07-22 09:30:00,743.5,743.5,742.0,742.5,13334.0,498978.0,500836.0
2026-07-22 10:00:00,742.5,743.0,741.5,742.0,5467.0,500836.0,501576.0
2026-07-22 10:30:00,742.0,743.0,739.0,739.0,28678.0,501576.0,503962.0
2026-07-22 11:00:00,739.0,741.0,738.5,738.5,22032.0,503962.0,506493.0
