time,open,high,low,close,volume,open_oi,close_oi
2026-01-23 09:10:00,2856.0,2858.0,2855.0,2856.0,1268.0,470885.0,470939.0
2026-01-23 09:15:00,2856.0,2859.0,2856.0,2857.0,1381.0,470939.0,470787.0
2026-01-23 09:20:00,2857.0,2860.0,2857.0,2859.0,1016.0,470787.0,470425.0
2026-01-23 09:25:00,2859.0,2860.0,2859.0,2859.0,503.0,470425.0,470485.0
2026-01-23 09:30:00,2859.0,2861.0,2859.0,2861.0,1065.0,470485.0,469823.0
2026-01-23 09:35:00,2861.0,2861.0,2858.0,2858.0,1128.0,469823.0,470068.0
2026-01-23 09:40:00,2858.0,2859.0,2857.0,2859.0,855.0,470068.0,470387.0
2026-01-23 09:45:00,2859.0,2860.0,2859.0,2859.0,365.0,470387.0,470582.0
2026-01-23 09:50:00,2859.0,2860.0,2858.0,2859.0,986.0,470582.0,470567.0
2026-01-23 09:55:00,2859.0,2862.0,2859.0,2862.0,565.0,470567.0,470650.0
2026-01-23 10:00:00,2862.0,2862.0,2857.0,2857.0,892.0,470650.0,470759.0
2026-01-23 10:05:00,2857.0,2859.0,2854.0,2855.0,1981.0,470759.0,471219.0
2026-01-23 10:10:00,2855.0,2856.0,2854.0,2856.0,902.0,471219.0,471002.0
2026-01-23 10:30:00,2856.0,2856.0,2853.0,2855.0,1096.0,471002.0,470560.0
2026-01-23 10:35:00,2855.0,2855.0,2853.0,2854.0,659.0,470560.0,470551.0
2026-01-23 10:40:00,2854.0,2855.0,2852.0,2854.0,2668.0,470551.0,471324.0
2026-01-23 10:45:00,2854.0,2854.0,2852.0,2853.0,250.0,471324.0,471267.0
2026-01-23 10:50:00,2853.0,2855.0,2852.0,2855.0,729.0,471267.0,471207.0
2026-01-23 10:55:00,2855.0,2855.0,2854.0,2854.0,370.0,471207.0,471356.0
2026-01-23 11:00:00,2854.0,2855.0,2854.0,2855.0,59.0,471356.0,471353.0
2026-01-23 11:05:00,2855.0,2855.0,2853.0,2854.0,257.0,471353.0,471350.0
2026-01-23 11:10:00,2854.0,2856.0,2853.0,2854.0,975.0,471350.0,471678.0
2026-01-23 11:15:00,2854.0,2856.0,2854.0,2855.0,899.0,471678.0,471796.0
2026-01-23 11:20:00,2855.0,2857.0,2855.0,2856.0,1103.0,471796.0,472118.0
2026-01-23 11:25:00,2856.0,2857.0,2855.0,2856.0,676.0,472118.0,472236.0
2026-01-23 13:30:00,2856.0,2856.0,2854.0,2855.0,620.0,472236.0,472030.0
2026-01-23 13:35:00,2855.0,2859.0,2855.0,2858.0,401.0,472030.0,471992.0
2026-01-23 13:40:00,2858.0,2859.0,2856.0,2856.0,496.0,471992.0,472128.0
2026-01-23 13:45:00,2856.0,2858.0,2856.0,2858.0,613.0,472128.0,472156.0
2026-01-23 13:50:00,2858.0,2858.0,2857.0,2857.0,874.0,472156.0,472126.0
2026-01-23 13:55:00,2857.0,2859.0,2857.0,2858.0,569.0,472126.0,472222.0
2026-01-23 14:00:00,2858.0,2859.0,2857.0,2857.0,398.0,472222.0,472263.0
2026-01-23 14:05:00,2857.0,2857.0,2855.0,2856.0,341.0,472263.0,472209.0
2026-01-23 14:10:00,2856.0,2857.0,2855.0,2857.0,294.0,472209.0,472381.0
2026-01-23 14:15:00,2857.0,2857.0,2856.0,2856.0,673.0,472381.0,472485.0
2026-01-23 14:20:00,2856.0,2858.0,2856.0,2858.0,598.0,472485.0,472685.0
2026-01-23 14:25:00,2858.0,2858.0,2856.0,2857.0,793.0,472685.0,473125.0
2026-01-23 14:30:00,2857.0,2857.0,2852.0,2853.0,1663.0,473125.0,473772.0
2026-01-23 14:35:00,2853.0,2854.0,2852.0,2853.0,754.0,473772.0,473394.0
2026-01-23 14:40:00,2853.0,2853.0,2850.0,2850.0,1932.0,473394.0,473659.0
2026-01-23 14:45:00,2850.0,2854.0,2850.0,2853.0,969.0,473659.0,473895.0
2026-01-23 14:50:00,2853.0,2855.0,2852.0,2853.0,1006.0,473895.0,473902.0
2026-01-23 14:55:00,2853.0,2855.0,2851.0,2855.0,2173.0,473902.0,473775.0
2026-01-23 21:00:00,2855.0,2861.0,2855.0,2860.0,4637.0,473775.0,473906.0
2026-01-23 21:05:00,2860.0,2861.0,2857.0,2859.0,2933.0,473906.0,475246.0
2026-01-23 21:10:00,2859.0,2862.0,2859.0,2862.0,582.0,475246.0,475040.0
2026-01-23 21:15:00,2862.0,2863.0,2860.0,2860.0,1215.0,475040.0,474942.0
2026-01-23 21:20:00,2860.0,2861.0,2859.0,2861.0,530.0,474942.0,474879.0
2026-01-23 21:25:00,2861.0,2862.0,2860.0,2862.0,386.0,474879.0,475005.0
2026-01-23 21:30:00,2862.0,2863.0,2861.0,2863.0,356.0,475005.0,474932.0
2026-01-23 21:35:00,2863.0,2863.0,2861.0,2861.0,621.0,474932.0,475017.0
2026-01-23 21:40:00,2861.0,2864.0,2861.0,2863.0,648.0,475017.0,474902.0
2026-01-23 21:45:00,2863.0,2864.0,2862.0,2863.0,554.0,474902.0,474970.0
2026-01-23 21:50:00,2863.0,2864.0,2863.0,2864.0,1021.0,474970.0,475168.0
2026-01-23 21:55:00,2864.0,2868.0,2864.0,2867.0,4195.0,475168.0,474022.0
2026-01-23 22:00:00,2867.0,2869.0,2866.0,2869.0,1371.0,474022.0,474113.0
2026-01-23 22:05:00,2869.0,2869.0,2867.0,2868.0,919.0,474113.0,474130.0
2026-01-23 22:10:00,2868.0,2869.0,2867.0,2868.0,825.0,474130.0,473894.0
2026-01-23 22:15:00,2868.0,2870.0,2865.0,2865.0,2058.0,473894.0,473751.0
2026-01-23 22:20:00,2865.0,2867.0,2865.0,2867.0,739.0,473751.0,473567.0
2026-01-23 22:25:00,2867.0,2867.0,2865.0,2865.0,89.0,473567.0,473555.0
2026-01-23 22:30:00,2865.0,2867.0,2865.0,2866.0,557.0,473555.0,473482.0
2026-01-23 22:35:00,2866.0,2867.0,2865.0,2866.0,254.0,473482.0,473410.0
2026-01-23 22:40:00,2866.0,2866.0,2864.0,2864.0,1408.0,473410.0,473835.0
2026-01-23 22:45:00,2864.0,2865.0,2863.0,2864.0,699.0,473835.0,474123.0
2026-01-23 22:50:00,2864.0,2864.0,2863.0,2864.0,530.0,474123.0,474194.0
2026-01-23 22:55:00,2864.0,2864.0,2862.0,2862.0,661.0,474194.0,474102.0
2026-01-26 09:00:00,2860.0,2871.0,2860.0,2870.0,7887.0,474102.0,474643.0
2026-01-26 09:05:00,2870.0,2870.0,2865.0,2869.0,2828.0,474643.0,474882.0
2026-01-26 09:10:00,2869.0,2870.0,2866.0,2868.0,2163.0,474882.0,474922.0
2026-01-26 09:15:00,2868.0,2872.0,2868.0,2869.0,3624.0,474922.0,476478.0
2026-01-26 09:20:00,2869.0,2870.0,2867.0,2869.0,6080.0,476478.0,478389.0
2026-01-26 09:25:00,2869.0,2869.0,2865.0,2865.0,2024.0,478389.0,478463.0
2026-01-26 09:30:00,2865.0,2866.0,2865.0,2866.0,668.0,478463.0,478927.0
2026-01-26 09:35:00,2866.0,2870.0,2865.0,2869.0,2234.0,478927.0,479629.0
2026-01-26 09:40:00,2869.0,2869.0,2867.0,2867.0,644.0,479629.0,479820.0
2026-01-26 09:45:00,2867.0,2867.0,2865.0,2866.0,1642.0,479820.0,481067.0
2026-01-26 09:50:00,2866.0,2868.0,2865.0,2866.0,1692.0,481067.0,481691.0
2026-01-26 09:55:00,2866.0,2868.0,2865.0,2866.0,2606.0,481691.0,483233.0
2026-01-26 10:00:00,2866.0,2867.0,2865.0,2865.0,1554.0,483233.0,484573.0
2026-01-26 10:05:00,2865.0,2867.0,2865.0,2866.0,2300.0,484573.0,485066.0
2026-01-26 10:10:00,2866.0,2868.0,2864.0,2867.0,1387.0,485066.0,484899.0
2026-01-26 10:30:00,2867.0,2870.0,2867.0,2869.0,3183.0,484899.0,484538.0
2026-01-26 10:35:00,2869.0,2870.0,2868.0,2869.0,621.0,484538.0,484593.0
2026-01-26 10:40:00,2869.0,2872.0,2868.0,2872.0,1659.0,484593.0,484625.0
2026-01-26 10:45:00,2872.0,2872.0,2869.0,2869.0,2071.0,484625.0,485588.0
2026-01-26 10:50:00,2869.0,2871.0,2869.0,2870.0,760.0,485588.0,485641.0
2026-01-26 10:55:00,2870.0,2871.0,2869.0,2870.0,361.0,485641.0,485691.0
2026-01-26 11:00:00,2870.0,2871.0,2869.0,2869.0,443.0,485691.0,485509.0
2026-01-26 11:05:00,2869.0,2871.0,2868.0,2868.0,442.0,485509.0,485488.0
2026-01-26 11:10:00,2868.0,2870.0,2868.0,2869.0,614.0,485488.0,485784.0
2026-01-26 11:15:00,2869.0,2870.0,2869.0,2869.0,261.0,485784.0,485873.0
2026-01-26 11:20:00,2869.0,2870.0,2869.0,2870.0,1001.0,485873.0,486618.0
2026-01-26 11:25:00,2870.0,2870.0,2868.0,2870.0,649.0,486618.0,486288.0
2026-01-26 13:30:00,2871.0,2872.0,2869.0,2870.0,748.0,486288.0,486108.0
2026-01-26 13:35:00,2870.0,2870.0,2866.0,2868.0,1070.0,486108.0,486019.0
2026-01-26 13:40:00,2868.0,2869.0,2867.0,2868.0,442.0,486019.0,485861.0
2026-01-26 13:45:00,2868.0,2869.0,2868.0,2869.0,377.0,485861.0,485759.0
2026-01-26 13:50:00,2869.0,2869.0,2867.0,2868.0,378.0,485759.0,485921.0
2026-01-26 13:55:00,2868.0,2869.0,2868.0,2868.0,280.0,485921.0,485904.0
2026-01-26 14:00:00,2868.0,2868.0,2866.0,2867.0,350.0,485904.0,485740.0
2026-01-26 14:05:00,2867.0,2868.0,2866.0,2867.0,285.0,485740.0,485748.0
2026-01-26 14:10:00,2867.0,2868.0,2866.0,2866.0,268.0,485748.0,485709.0
2026-01-26 14:15:00,2866.0,2871.0,2866.0,2870.0,2117.0,485709.0,485667.0
2026-01-26 14:20:00,2870.0,2873.0,2870.0,2872.0,1763.0,485667.0,485992.0
2026-01-26 14:25:00,2872.0,2873.0,2871.0,2872.0,1347.0,485992.0,486272.0
2026-01-26 14:30:00,2872.0,2873.0,2871.0,2871.0,755.0,486272.0,486291.0
2026-01-26 14:35:00,2871.0,2872.0,2870.0,2870.0,2039.0,486291.0,486895.0
2026-01-26 14:40:00,2870.0,2871.0,2869.0,2870.0,707.0,486895.0,486577.0
2026-01-26 14:45:00,2870.0,2871.0,2869.0,2870.0,1068.0,486577.0,486327.0
2026-01-26 14:50:00,2870.0,2870.0,2867.0,2867.0,1480.0,486327.0,486014.0
2026-01-26 14:55:00,2867.0,2870.0,2867.0,2868.0,3468.0,486014.0,485275.0
2026-01-26 21:00:00,2864.0,2870.0,2864.0,2870.0,2056.0,485275.0,485667.0
2026-01-26 21:05:00,2870.0,2870.0,2866.0,2867.0,957.0,485667.0,485776.0
2026-01-26 21:10:00,2867.0,2869.0,2867.0,2869.0,497.0,485776.0,485885.0
2026-01-26 21:15:00,2869.0,2869.0,2867.0,2868.0,394.0,485885.0,485984.0
2026-01-26 21:20:00,2868.0,2869.0,2861.0,2862.0,7417.0,485984.0,490335.0
2026-01-26 21:25:00,2862.0,2863.0,2859.0,2859.0,6421.0,490335.0,490489.0
2026-01-26 21:30:00,2859.0,2860.0,2857.0,2860.0,2030.0,490489.0,490696.0
2026-01-26 21:35:00,2860.0,2861.0,2859.0,2860.0,394.0,490696.0,490802.0
2026-01-26 21:40:00,2860.0,2860.0,2858.0,2860.0,815.0,490802.0,491344.0
2026-01-26 21:45:00,2860.0,2861.0,2859.0,2860.0,581.0,491344.0,491467.0
2026-01-26 21:50:00,2860.0,2861.0,2859.0,2860.0,317.0,491467.0,491364.0
2026-01-26 21:55:00,2860.0,2861.0,2860.0,2861.0,63.0,491364.0,491392.0
2026-01-26 22:00:00,2861.0,2862.0,2859.0,2862.0,397.0,491392.0,491362.0
2026-01-26 22:05:00,2862.0,2862.0,2861.0,2861.0,318.0,491362.0,491384.0
2026-01-26 22:10:00,2861.0,2862.0,2860.0,2862.0,854.0,491384.0,491375.0
2026-01-26 22:15:00,2862.0,2864.0,2861.0,2864.0,482.0,491375.0,491445.0
2026-01-26 22:20:00,2864.0,2865.0,2862.0,2864.0,542.0,491445.0,491434.0
2026-01-26 22:25:00,2864.0,2865.0,2863.0,2864.0,815.0,491434.0,491522.0
2026-01-26 22:30:00,2864.0,2865.0,2862.0,2865.0,616.0,491522.0,491618.0
2026-01-26 22:35:00,2865.0,2866.0,2861.0,2861.0,550.0,491618.0,491656.0
2026-01-26 22:40:00,2861.0,2864.0,2861.0,2863.0,657.0,491656.0,491493.0
2026-01-26 22:45:00,2863.0,2864.0,2862.0,2862.0,441.0,491493.0,491272.0
2026-01-26 22:50:00,2862.0,2864.0,2861.0,2862.0,306.0,491272.0,491357.0
2026-01-26 22:55:00,2862.0,2864.0,2860.0,2864.0,570.0,491357.0,491297.0
2026-01-27 09:00:00,2860.0,2861.0,2855.0,2861.0,4518.0,491297.0,490722.0
2026-01-27 09:05:00,2861.0,2862.0,2859.0,2860.0,1377.0,490722.0,490760.0
2026-01-27 09:10:00,2860.0,2862.0,2859.0,2861.0,766.0,490760.0,490840.0
2026-01-27 09:15:00,2861.0,2862.0,2859.0,2859.0,1452.0,490840.0,491472.0
2026-01-27 09:20:00,2859.0,2862.0,2859.0,2861.0,487.0,491472.0,491532.0
2026-01-27 09:25:00,2861.0,2862.0,2861.0,2862.0,1701.0,491532.0,492658.0
2026-01-27 09:30:00,2862.0,2862.0,2859.0,2861.0,2580.0,492658.0,493001.0
2026-01-27 09:35:00,2861.0,2861.0,2857.0,2859.0,1167.0,493001.0,493501.0
2026-01-27 09:40:00,2859.0,2860.0,2858.0,2860.0,610.0,493501.0,493612.0
2026-01-27 09:45:00,2860.0,2861.0,2858.0,2859.0,575.0,493612.0,493582.0
2026-01-27 09:50:00,2859.0,2861.0,2859.0,2860.0,392.0,493582.0,493656.0
2026-01-27 09:55:00,2860.0,2861.0,2859.0,2860.0,793.0,493656.0,493750.0
2026-01-27 10:00:00,2860.0,2861.0,2859.0,2860.0,1094.0,493750.0,494199.0
2026-01-27 10:05:00,2860.0,2861.0,2858.0,2859.0,953.0,494199.0,494506.0
2026-01-27 10:10:00,2859.0,2862.0,2859.0,2861.0,536.0,494506.0,494706.0
2026-01-27 10:30:00,2862.0,2862.0,2861.0,2861.0,348.0,494706.0,494679.0
2026-01-27 10:35:00,2861.0,2863.0,2861.0,2862.0,765.0,494679.0,494447.0
2026-01-27 10:40:00,2862.0,2863.0,2861.0,2863.0,857.0,494447.0,494471.0
2026-01-27 10:45:00,2863.0,2865.0,2861.0,2864.0,1670.0,494471.0,494507.0
2026-01-27 10:50:00,2864.0,2866.0,2862.0,2862.0,4833.0,494507.0,494345.0
2026-01-27 10:55:00,2862.0,2863.0,2859.0,2862.0,5241.0,494345.0,495442.0
2026-01-27 11:00:00,2862.0,2863.0,2861.0,2863.0,3886.0,495442.0,496373.0
2026-01-27 11:05:00,2863.0,2864.0,2861.0,2862.0,1730.0,496373.0,497144.0
2026-01-27 11:10:00,2862.0,2864.0,2862.0,2863.0,821.0,497144.0,497391.0
2026-01-27 11:15:00,2863.0,2863.0,2862.0,2863.0,276.0,497391.0,497360.0
2026-01-27 11:20:00,2863.0,2864.0,2862.0,2862.0,506.0,497360.0,497444.0
2026-01-27 11:25:00,2862.0,2862.0,2858.0,2860.0,1395.0,497444.0,497769.0
2026-01-27 13:30:00,2860.0,2864.0,2858.0,2864.0,1536.0,497769.0,497297.0
2026-01-27 13:35:00,2864.0,2864.0,2860.0,2861.0,1400.0,497297.0,498310.0
2026-01-27 13:40:00,2861.0,2861.0,2859.0,2859.0,1878.0,498310.0,499543.0
2026-01-27 13:45:00,2859.0,2861.0,2859.0,2860.0,634.0,499543.0,499567.0
2026-01-27 13:50:00,2860.0,2861.0,2858.0,2859.0,2785.0,499567.0,501774.0
2026-01-27 13:55:00,2859.0,2860.0,2859.0,2860.0,519.0,501774.0,501784.0
2026-01-27 14:00:00,2860.0,2861.0,2859.0,2860.0,551.0,501784.0,501962.0
2026-01-27 14:05:00,2860.0,2860.0,2859.0,2860.0,604.0,501962.0,502179.0
2026-01-27 14:10:00,2860.0,2860.0,2859.0,2860.0,821.0,502179.0,502487.0
2026-01-27 14:15:00,2860.0,2860.0,2858.0,2858.0,662.0,502487.0,502866.0
2026-01-27 14:20:00,2858.0,2860.0,2858.0,2858.0,2094.0,502866.0,504239.0
2026-01-27 14:25:00,2858.0,2859.0,2857.0,2857.0,693.0,504239.0,504509.0
2026-01-27 14:30:00,2857.0,2858.0,2857.0,2858.0,517.0,504509.0,504654.0
2026-01-27 14:35:00,2858.0,2858.0,2857.0,2858.0,164.0,504654.0,504772.0
2026-01-27 14:40:00,2858.0,2859.0,2857.0,2857.0,2619.0,504772.0,505631.0
2026-01-27 14:45:00,2857.0,2860.0,2856.0,2859.0,3445.0,505631.0,507402.0
2026-01-27 14:50:00,2859.0,2859.0,2857.0,2857.0,3625.0,507402.0,507902.0
2026-01-27 14:55:00,2857.0,2858.0,2856.0,2857.0,1527.0,507902.0,508298.0
2026-01-27 21:00:00,2858.0,2867.0,2858.0,2865.0,6953.0,508298.0,508118.0
2026-01-27 21:05:00,2865.0,2866.0,2863.0,2864.0,5955.0,508118.0,509336.0
2026-01-27 21:10:00,2864.0,2865.0,2863.0,2864.0,1569.0,509336.0,509313.0
2026-01-27 21:15:00,2864.0,2866.0,2863.0,2865.0,2680.0,509313.0,510423.0
2026-01-27 21:20:00,2865.0,2866.0,2864.0,2865.0,908.0,510423.0,510499.0
2026-01-27 21:25:00,2865.0,2868.0,2864.0,2867.0,2315.0,510499.0,510121.0
2026-01-27 21:30:00,2867.0,2869.0,2867.0,2868.0,3060.0,510121.0,511044.0
2026-01-27 21:35:00,2868.0,2869.0,2866.0,2869.0,4316.0,511044.0,511848.0
2026-01-27 21:40:00,2869.0,2870.0,2867.0,2867.0,3650.0,511848.0,512050.0
2026-01-27 21:45:00,2867.0,2868.0,2865.0,2868.0,1826.0,512050.0,512530.0
2026-01-27 21:50:00,2868.0,2869.0,2867.0,2868.0,901.0,512530.0,512373.0
2026-01-27 21:55:00,2868.0,2869.0,2867.0,2867.0,440.0,512373.0,512276.0
2026-01-27 22:00:00,2867.0,2868.0,2866.0,2867.0,339.0,512276.0,512306.0
2026-01-27 22:05:00,2867.0,2868.0,2866.0,2866.0,192.0,512306.0,512158.0
2026-01-27 22:10:00,2866.0,2867.0,2866.0,2866.0,220.0,512158.0,512046.0
2026-01-27 22:15:00,2866.0,2867.0,2866.0,2866.0,582.0,512046.0,512085.0
2026-01-27 22:20:00,2866.0,2866.0,2865.0,2866.0,346.0,512085.0,512115.0
2026-01-27 22:25:00,2866.0,2867.0,2865.0,2866.0,693.0,512115.0,512038.0
2026-01-27 22:30:00,2866.0,2868.0,2864.0,2865.0,395.0,512038.0,512056.0
2026-01-27 22:35:00,2865.0,2866.0,2858.0,2859.0,6945.0,512056.0,514309.0
2026-01-27 22:40:00,2859.0,2860.0,2856.0,2857.0,4210.0,514309.0,516706.0
2026-01-27 22:45:00,2857.0,2857.0,2855.0,2857.0,1849.0,516706.0,516619.0
2026-01-27 22:50:00,2857.0,2858.0,2856.0,2857.0,658.0,516619.0,516473.0
2026-01-27 22:55:00,2857.0,2859.0,2857.0,2859.0,727.0,516473.0,516530.0
2026-01-28 09:00:00,2859.0,2864.0,2859.0,2862.0,6287.0,516530.0,516526.0
2026-01-28 09:05:00,2862.0,2865.0,2861.0,2864.0,2469.0,516526.0,516796.0
2026-01-28 09:10:00,2864.0,2865.0,2861.0,2864.0,2279.0,516796.0,516977.0
2026-01-28 09:15:00,2864.0,2866.0,2863.0,2863.0,777.0,516977.0,517035.0
2026-01-28 09:20:00,2863.0,2865.0,2860.0,2861.0,5805.0,517035.0,520329.0
2026-01-28 09:25:00,2861.0,2861.0,2859.0,2860.0,3047.0,520329.0,521103.0
2026-01-28 09:30:00,2860.0,2862.0,2858.0,2859.0,6783.0,521103.0,523251.0
2026-01-28 09:35:00,2859.0,2862.0,2859.0,2862.0,1911.0,523251.0,523273.0
2026-01-28 09:40:00,2862.0,2863.0,2860.0,2861.0,2444.0,523273.0,524138.0
2026-01-28 09:45:00,2861.0,2862.0,2861.0,2862.0,1767.0,524138.0,524855.0
2026-01-28 09:50:00,2862.0,2864.0,2860.0,2861.0,707.0,524855.0,524900.0
2026-01-28 09:55:00,2861.0,2862.0,2859.0,2862.0,1156.0,524900.0,524976.0
2026-01-28 10:00:00,2862.0,2863.0,2861.0,2863.0,692.0,524976.0,524999.0
2026-01-28 10:05:00,2863.0,2865.0,2862.0,2864.0,1838.0,524999.0,525016.0
2026-01-28 10:10:00,2864.0,2865.0,2863.0,2865.0,937.0,525016.0,525270.0
2026-01-28 10:30:00,2865.0,2866.0,2864.0,2865.0,875.0,525270.0,525233.0
2026-01-28 10:35:00,2865.0,2867.0,2865.0,2865.0,1285.0,525233.0,524790.0
2026-01-28 10:40:00,2865.0,2865.0,2863.0,2863.0,766.0,524790.0,524607.0
2026-01-28 10:45:00,2863.0,2865.0,2863.0,2865.0,546.0,524607.0,524666.0
2026-01-28 10:50:00,2865.0,2865.0,2864.0,2864.0,309.0,524666.0,524838.0
2026-01-28 10:55:00,2864.0,2864.0,2862.0,2862.0,584.0,524838.0,525211.0
2026-01-28 11:00:00,2862.0,2864.0,2862.0,2864.0,1390.0,525211.0,525855.0
2026-01-28 11:05:00,2864.0,2865.0,2861.0,2862.0,2068.0,525855.0,525688.0
2026-01-28 11:10:00,2862.0,2863.0,2861.0,2863.0,1443.0,525688.0,525180.0
2026-01-28 11:15:00,2863.0,2864.0,2862.0,2862.0,1647.0,525180.0,525356.0
2026-01-28 11:20:00,2862.0,2864.0,2862.0,2864.0,404.0,525356.0,525496.0
2026-01-28 11:25:00,2864.0,2864.0,2862.0,2862.0,347.0,525496.0,525642.0
2026-01-28 13:30:00,2863.0,2867.0,2863.0,2865.0,1260.0,525642.0,525488.0
2026-01-28 13:35:00,2865.0,2866.0,2864.0,2865.0,2652.0,525488.0,524895.0
2026-01-28 13:40:00,2865.0,2867.0,2865.0,2865.0,1976.0,524895.0,523425.0
2026-01-28 13:45:00,2865.0,2867.0,2865.0,2866.0,1382.0,523425.0,523478.0
2026-01-28 13:50:00,2866.0,2867.0,2864.0,2865.0,554.0,523478.0,523554.0
2026-01-28 13:55:00,2865.0,2865.0,2864.0,2865.0,649.0,523554.0,523726.0
2026-01-28 14:00:00,2865.0,2866.0,2865.0,2866.0,514.0,523726.0,523798.0
2026-01-28 14:05:00,2866.0,2866.0,2865.0,2865.0,621.0,523798.0,524048.0
2026-01-28 14:10:00,2865.0,2868.0,2865.0,2867.0,945.0,524048.0,524139.0
2026-01-28 14:15:00,2867.0,2868.0,2865.0,2866.0,741.0,524139.0,524473.0
2026-01-28 14:20:00,2866.0,2867.0,2865.0,2867.0,945.0,524473.0,524778.0
2026-01-28 14:25:00,2867.0,2868.0,2866.0,2868.0,1397.0,524778.0,524469.0
2026-01-28 14:30:00,2868.0,2870.0,2867.0,2868.0,3517.0,524469.0,523846.0
2026-01-28 14:35:00,2868.0,2881.0,2867.0,2878.0,17166.0,523846.0,517413.0
2026-01-28 14:40:00,2878.0,2881.0,2877.0,2880.0,13378.0,517413.0,512585.0
2026-01-28 14:45:00,2880.0,2882.0,2879.0,2880.0,3051.0,512585.0,512334.0
2026-01-28 14:50:00,2880.0,2882.0,2877.0,2881.0,4520.0,512334.0,511051.0
2026-01-28 14:55:00,2881.0,2882.0,2879.0,2881.0,5902.0,511051.0,509578.0
2026-01-28 21:00:00,2883.0,2891.0,2882.0,2890.0,13678.0,509578.0,507950.0
2026-01-28 21:05:00,2890.0,2892.0,2888.0,2890.0,5735.0,507950.0,508037.0
2026-01-28 21:10:00,2890.0,2891.0,2887.0,2888.0,2320.0,508037.0,508070.0
2026-01-28 21:15:00,2888.0,2892.0,2888.0,2889.0,2752.0,508070.0,508459.0
2026-01-28 21:20:00,2889.0,2891.0,2888.0,2889.0,2109.0,508459.0,508514.0
2026-01-28 21:25:00,2889.0,2892.0,2889.0,2890.0,1535.0,508514.0,508421.0
2026-01-28 21:30:00,2890.0,2892.0,2889.0,2892.0,1498.0,508421.0,508350.0
2026-01-28 21:35:00,2892.0,2892.0,2890.0,2890.0,485.0,508350.0,508301.0
2026-01-28 21:40:00,2890.0,2895.0,2890.0,2894.0,1802.0,508301.0,508452.0
2026-01-28 21:45:00,2894.0,2895.0,2893.0,2893.0,1324.0,508452.0,508498.0
2026-01-28 21:50:00,2893.0,2897.0,2893.0,2896.0,2905.0,508498.0,508578.0
2026-01-28 21:55:00,2896.0,2898.0,2895.0,2898.0,1643.0,508578.0,508767.0
2026-01-28 22:00:00,2898.0,2899.0,2896.0,2896.0,3455.0,508767.0,508419.0
2026-01-28 22:05:00,2896.0,2899.0,2896.0,2899.0,2021.0,508419.0,508024.0
2026-01-28 22:10:00,2899.0,2900.0,2898.0,2898.0,2968.0,508024.0,508942.0
2026-01-28 22:15:00,2898.0,2902.0,2898.0,2900.0,4978.0,508942.0,510389.0
2026-01-28 22:20:00,2900.0,2901.0,2895.0,2896.0,2797.0,510389.0,510207.0
2026-01-28 22:25:00,2896.0,2900.0,2896.0,2898.0,1125.0,510207.0,510567.0
2026-01-28 22:30:00,2898.0,2899.0,2887.0,2887.0,12148.0,510567.0,514946.0
2026-01-28 22:35:00,2887.0,2891.0,2886.0,2886.0,11292.0,514946.0,520385.0
2026-01-28 22:40:00,2886.0,2888.0,2884.0,2886.0,8018.0,520385.0,524456.0
2026-01-28 22:45:00,2886.0,2889.0,2883.0,2884.0,8026.0,524456.0,527609.0
2026-01-28 22:50:00,2884.0,2884.0,2879.0,2881.0,9154.0,527609.0,531218.0
2026-01-28 22:55:00,2881.0,2886.0,2878.0,2881.0,10571.0,531218.0,535023.0
2026-01-29 09:00:00,2881.0,2886.0,2881.0,2885.0,4951.0,535023.0,535146.0
2026-01-29 09:05:00,2885.0,2886.0,2883.0,2883.0,2633.0,535146.0,535376.0
2026-01-29 09:10:00,2883.0,2884.0,2878.0,2881.0,5600.0,535376.0,535599.0
2026-01-29 09:15:00,2881.0,2884.0,2880.0,2882.0,2311.0,535599.0,535695.0
2026-01-29 09:20:00,2882.0,2886.0,2881.0,2883.0,1346.0,535695.0,536329.0
2026-01-29 09:25:00,2883.0,2885.0,2882.0,2884.0,1993.0,536329.0,537087.0
2026-01-29 09:30:00,2884.0,2886.0,2883.0,2885.0,3866.0,537087.0,538336.0
2026-01-29 09:35:00,2885.0,2885.0,2882.0,2884.0,4133.0,538336.0,540701.0
2026-01-29 09:40:00,2884.0,2885.0,2883.0,2885.0,1051.0,540701.0,540746.0
2026-01-29 09:45:00,2885.0,2887.0,2884.0,2886.0,1320.0,540746.0,540746.0
2026-01-29 09:50:00,2886.0,2887.0,2885.0,2887.0,370.0,540746.0,540749.0
2026-01-29 09:55:00,2887.0,2888.0,2886.0,2886.0,1288.0,540749.0,540614.0
2026-01-29 10:00:00,2886.0,2889.0,2886.0,2887.0,1848.0,540614.0,540694.0
2026-01-29 10:05:00,2887.0,2888.0,2883.0,2884.0,1463.0,540694.0,540803.0
2026-01-29 10:10:00,2884.0,2888.0,2883.0,2887.0,1367.0,540803.0,541115.0
2026-01-29 10:30:00,2887.0,2889.0,2887.0,2889.0,1547.0,541115.0,541095.0
2026-01-29 10:35:00,2889.0,2889.0,2887.0,2888.0,641.0,541095.0,541213.0
2026-01-29 10:40:00,2888.0,2889.0,2887.0,2888.0,781.0,541213.0,541286.0
2026-01-29 10:45:00,2888.0,2890.0,2888.0,2888.0,490.0,541286.0,541446.0
2026-01-29 10:50:00,2888.0,2889.0,2887.0,2888.0,845.0,541446.0,541562.0
2026-01-29 10:55:00,2888.0,2889.0,2887.0,2888.0,314.0,541562.0,541576.0
2026-01-29 11:00:00,2888.0,2889.0,2884.0,2886.0,1523.0,541576.0,542017.0
2026-01-29 11:05:00,2886.0,2889.0,2885.0,2887.0,1300.0,542017.0,542153.0
2026-01-29 11:10:00,2887.0,2887.0,2886.0,2886.0,1095.0,542153.0,542054.0
2026-01-29 11:15:00,2886.0,2888.0,2886.0,2887.0,1572.0,542054.0,542534.0
2026-01-29 11:20:00,2887.0,2889.0,2887.0,2888.0,668.0,542534.0,542800.0
2026-01-29 11:25:00,2888.0,2888.0,2886.0,2886.0,737.0,542800.0,542784.0
2026-01-29 13:30:00,2887.0,2890.0,2886.0,2886.0,4040.0,542784.0,543874.0
2026-01-29 13:35:00,2886.0,2887.0,2884.0,2886.0,5241.0,543874.0,546484.0
2026-01-29 13:40:00,2886.0,2889.0,2886.0,2888.0,2380.0,546484.0,546365.0
2026-01-29 13:45:00,2888.0,2890.0,2888.0,2888.0,599.0,546365.0,546430.0
2026-01-29 13:50:00,2888.0,2888.0,2885.0,2887.0,1189.0,546430.0,546535.0
2026-01-29 13:55:00,2887.0,2888.0,2886.0,2887.0,1281.0,546535.0,546627.0
2026-01-29 14:00:00,2887.0,2888.0,2886.0,2886.0,589.0,546627.0,546821.0
2026-01-29 14:05:00,2886.0,2888.0,2886.0,2886.0,832.0,546821.0,546857.0
2026-01-29 14:10:00,2886.0,2887.0,2885.0,2885.0,1771.0,546857.0,547264.0
2026-01-29 14:15:00,2885.0,2887.0,2885.0,2887.0,1059.0,547264.0,547747.0
2026-01-29 14:20:00,2887.0,2889.0,2886.0,2888.0,1438.0,547747.0,548025.0
2026-01-29 14:25:00,2888.0,2889.0,2887.0,2887.0,1502.0,548025.0,548415.0
2026-01-29 14:30:00,2887.0,2888.0,2885.0,2886.0,2390.0,548415.0,549290.0
2026-01-29 14:35:00,2886.0,2888.0,2885.0,2887.0,2349.0,549290.0,550689.0
2026-01-29 14:40:00,2887.0,2893.0,2887.0,2893.0,6211.0,550689.0,549943.0
2026-01-29 14:45:00,2893.0,2894.0,2888.0,2891.0,8000.0,549943.0,554308.0
2026-01-29 14:50:00,2891.0,2891.0,2886.0,2887.0,2098.0,554308.0,554243.0
2026-01-29 14:55:00,2887.0,2889.0,2886.0,2888.0,2824.0,554243.0,555185.0
2026-01-29 21:00:00,2892.0,2894.0,2886.0,2889.0,10305.0,555185.0,554328.0
2026-01-29 21:05:00,2889.0,2892.0,2888.0,2891.0,5489.0,554328.0,555619.0
2026-01-29 21:10:00,2891.0,2892.0,2888.0,2891.0,2374.0,555619.0,554721.0
2026-01-29 21:15:00,2891.0,2892.0,2889.0,2891.0,1617.0,554721.0,554832.0
2026-01-29 21:20:00,2891.0,2892.0,2889.0,2889.0,1085.0,554832.0,554431.0
2026-01-29 21:25:00,2889.0,2891.0,2888.0,2890.0,659.0,554431.0,554276.0
2026-01-29 21:30:00,2890.0,2890.0,2884.0,2885.0,2522.0,554276.0,554072.0
2026-01-29 21:35:00,2885.0,2885.0,2880.0,2881.0,3509.0,554072.0,553722.0
2026-01-29 21:40:00,2881.0,2884.0,2878.0,2884.0,4376.0,553722.0,553833.0
2026-01-29 21:45:00,2884.0,2885.0,2879.0,2880.0,2557.0,553833.0,553536.0
2026-01-29 21:50:00,2880.0,2881.0,2876.0,2878.0,4557.0,553536.0,553974.0
2026-01-29 21:55:00,2878.0,2879.0,2875.0,2878.0,4272.0,553974.0,554407.0
2026-01-29 22:00:00,2878.0,2879.0,2876.0,2878.0,2713.0,554407.0,555062.0
2026-01-29 22:05:00,2878.0,2882.0,2877.0,2880.0,3016.0,555062.0,555277.0
2026-01-29 22:10:00,2880.0,2882.0,2879.0,2882.0,2003.0,555277.0,555663.0
2026-01-29 22:15:00,2882.0,2882.0,2880.0,2881.0,975.0,555663.0,555299.0
2026-01-29 22:20:00,2881.0,2883.0,2880.0,2881.0,1460.0,555299.0,554949.0
2026-01-29 22:25:00,2881.0,2883.0,2880.0,2882.0,1050.0,554949.0,554803.0
2026-01-29 22:30:00,2882.0,2885.0,2880.0,2880.0,1103.0,554803.0,554762.0
2026-01-29 22:35:00,2880.0,2882.0,2879.0,2881.0,1173.0,554762.0,555276.0
2026-01-29 22:40:00,2881.0,2882.0,2879.0,2880.0,2130.0,555276.0,556454.0
2026-01-29 22:45:00,2880.0,2881.0,2876.0,2876.0,6847.0,556454.0,558364.0
2026-01-29 22:50:00,2876.0,2876.0,2874.0,2875.0,3906.0,558364.0,559352.0
2026-01-29 22:55:00,2875.0,2878.0,2874.0,2878.0,1067.0,559352.0,559543.0
2026-01-30 09:00:00,2873.0,2876.0,2869.0,2873.0,5944.0,559543.0,559067.0
2026-01-30 09:05:00,2873.0,2873.0,2867.0,2870.0,8431.0,559067.0,561051.0
2026-01-30 09:10:00,2870.0,2873.0,2869.0,2873.0,2211.0,561051.0,560845.0
2026-01-30 09:15:00,2873.0,2877.0,2872.0,2876.0,1348.0,560845.0,560974.0
2026-01-30 09:20:00,2876.0,2877.0,2873.0,2874.0,1335.0,560974.0,561180.0
2026-01-30 09:25:00,2874.0,2875.0,2873.0,2874.0,872.0,561180.0,561144.0
2026-01-30 09:30:00,2874.0,2875.0,2868.0,2868.0,1337.0,561144.0,561292.0
2026-01-30 09:35:00,2868.0,2869.0,2865.0,2866.0,2960.0,561292.0,562448.0
2026-01-30 09:40:00,2866.0,2867.0,2864.0,2865.0,4027.0,562448.0,562523.0
2026-01-30 09:45:00,2865.0,2867.0,2864.0,2864.0,1027.0,562523.0,562501.0
2026-01-30 09:50:00,2864.0,2866.0,2860.0,2861.0,7470.0,562501.0,566418.0
2026-01-30 09:55:00,2861.0,2863.0,2858.0,2858.0,4506.0,566418.0,565423.0
2026-01-30 10:00:00,2858.0,2859.0,2854.0,2857.0,5743.0,565423.0,565636.0
2026-01-30 10:05:00,2857.0,2858.0,2855.0,2855.0,2050.0,565636.0,565493.0
2026-01-30 10:10:00,2855.0,2857.0,2855.0,2856.0,1873.0,565493.0,566216.0
2026-01-30 10:30:00,2855.0,2856.0,2852.0,2853.0,3413.0,566216.0,565758.0
2026-01-30 10:35:00,2853.0,2858.0,2853.0,2855.0,4482.0,565758.0,566455.0
2026-01-30 10:40:00,2855.0,2857.0,2854.0,2855.0,1942.0,566455.0,567107.0
2026-01-30 10:45:00,2855.0,2858.0,2853.0,2858.0,2798.0,567107.0,567302.0
2026-01-30 10:50:00,2858.0,2859.0,2857.0,2859.0,1741.0,567302.0,567352.0
2026-01-30 10:55:00,2859.0,2860.0,2858.0,2859.0,1074.0,567352.0,567554.0
2026-01-30 11:00:00,2859.0,2861.0,2858.0,2859.0,679.0,567554.0,567422.0
2026-01-30 11:05:00,2859.0,2860.0,2857.0,2860.0,1287.0,567422.0,567893.0
2026-01-30 11:10:00,2860.0,2860.0,2858.0,2859.0,757.0,567893.0,568125.0
2026-01-30 11:15:00,2859.0,2861.0,2859.0,2859.0,1078.0,568125.0,568230.0
2026-01-30 11:20:00,2859.0,2860.0,2858.0,2860.0,1947.0,568230.0,567056.0
2026-01-30 11:25:00,2860.0,2860.0,2858.0,2860.0,547.0,567056.0,566960.0
2026-01-30 13:30:00,2860.0,2863.0,2860.0,2863.0,1673.0,566960.0,566628.0
2026-01-30 13:35:00,2863.0,2865.0,2863.0,2865.0,2248.0,566628.0,567045.0
2026-01-30 13:40:00,2865.0,2866.0,2863.0,2866.0,2063.0,567045.0,566691.0
2026-01-30 13:45:00,2866.0,2866.0,2863.0,2863.0,1665.0,566691.0,566938.0
2026-01-30 13:50:00,2863.0,2864.0,2861.0,2862.0,1702.0,566938.0,567893.0
2026-01-30 13:55:00,2862.0,2862.0,2861.0,2862.0,941.0,567893.0,568306.0
2026-01-30 14:00:00,2862.0,2864.0,2862.0,2864.0,512.0,568306.0,568335.0
2026-01-30 14:05:00,2864.0,2864.0,2860.0,2862.0,837.0,568335.0,568481.0
2026-01-30 14:10:00,2862.0,2862.0,2860.0,2861.0,526.0,568481.0,568571.0
2026-01-30 14:15:00,2861.0,2862.0,2860.0,2861.0,1011.0,568571.0,568945.0
2026-01-30 14:20:00,2861.0,2861.0,2860.0,2861.0,620.0,568945.0,569330.0
2026-01-30 14:25:00,2861.0,2861.0,2859.0,2860.0,879.0,569330.0,569724.0
2026-01-30 14:30:00,2860.0,2861.0,2859.0,2860.0,507.0,569724.0,569739.0
2026-01-30 14:35:00,2860.0,2862.0,2860.0,2862.0,598.0,569739.0,569722.0
2026-01-30 14:40:00,2862.0,2862.0,2859.0,2860.0,678.0,569722.0,569719.0
2026-01-30 14:45:00,2860.0,2864.0,2859.0,2863.0,4233.0,569719.0,568329.0
2026-01-30 14:50:00,2863.0,2866.0,2863.0,2866.0,2274.0,568329.0,568191.0
2026-01-30 14:55:00,2866.0,2866.0,2864.0,2865.0,2788.0,568191.0,567551.0
2026-01-30 21:00:00,2865.0,2866.0,2857.0,2858.0,4862.0,567551.0,566428.0
2026-01-30 21:05:00,2858.0,2862.0,2856.0,2861.0,2511.0,566428.0,566737.0
2026-01-30 21:10:00,2861.0,2861.0,2859.0,2859.0,775.0,566737.0,566945.0
2026-01-30 21:15:00,2859.0,2859.0,2855.0,2855.0,2831.0,566945.0,567721.0
2026-01-30 21:20:00,2855.0,2861.0,2855.0,2860.0,2649.0,567721.0,568252.0
2026-01-30 21:25:00,2860.0,2862.0,2858.0,2861.0,2635.0,568252.0,569344.0
2026-01-30 21:30:00,2861.0,2863.0,2860.0,2863.0,2106.0,569344.0,569589.0
2026-01-30 21:35:00,2863.0,2863.0,2861.0,2862.0,955.0,569589.0,569663.0
2026-01-30 21:40:00,2862.0,2862.0,2861.0,2861.0,1615.0,569663.0,569980.0
2026-01-30 21:45:00,2861.0,2861.0,2858.0,2859.0,1994.0,569980.0,570471.0
2026-01-30 21:50:00,2859.0,2859.0,2858.0,2858.0,1188.0,570471.0,571144.0
2026-01-30 21:55:00,2858.0,2860.0,2857.0,2859.0,1289.0,571144.0,571390.0
2026-01-30 22:00:00,2859.0,2862.0,2858.0,2861.0,607.0,571390.0,571422.0
2026-01-30 22:05:00,2861.0,2863.0,2861.0,2862.0,1961.0,571422.0,571396.0
2026-01-30 22:10:00,2862.0,2864.0,2862.0,2863.0,1512.0,571396.0,572362.0
2026-01-30 22:15:00,2863.0,2863.0,2862.0,2863.0,1037.0,572362.0,571792.0
2026-01-30 22:20:00,2863.0,2865.0,2863.0,2864.0,404.0,571792.0,571754.0
2026-01-30 22:25:00,2864.0,2865.0,2863.0,2863.0,648.0,571754.0,571695.0
2026-01-30 22:30:00,2863.0,2864.0,2855.0,2857.0,8799.0,571695.0,576156.0
2026-01-30 22:35:00,2857.0,2858.0,2856.0,2857.0,3986.0,576156.0,577978.0
2026-01-30 22:40:00,2857.0,2858.0,2856.0,2856.0,2244.0,577978.0,578660.0
2026-01-30 22:45:00,2856.0,2860.0,2856.0,2860.0,923.0,578660.0,578618.0
2026-01-30 22:50:00,2860.0,2861.0,2855.0,2856.0,3130.0,578618.0,579903.0
2026-01-30 22:55:00,2856.0,2856.0,2853.0,2854.0,5551.0,579903.0,581728.0
2026-02-02 09:00:00,2852.0,2859.0,2850.0,2858.0,5005.0,581728.0,581774.0
2026-02-02 09:05:00,2858.0,2858.0,2855.0,2857.0,2427.0,581774.0,581896.0
2026-02-02 09:10:00,2857.0,2857.0,2853.0,2856.0,1452.0,581896.0,581752.0
2026-02-02 09:15:00,2856.0,2857.0,2854.0,2855.0,1328.0,581752.0,581528.0
2026-02-02 09:20:00,2855.0,2856.0,2852.0,2853.0,1205.0,581528.0,581369.0
2026-02-02 09:25:00,2853.0,2856.0,2852.0,2853.0,2507.0,581369.0,580300.0
2026-02-02 09:30:00,2853.0,2854.0,2851.0,2852.0,2586.0,580300.0,580745.0
2026-02-02 09:35:00,2852.0,2853.0,2851.0,2852.0,2193.0,580745.0,581011.0
2026-02-02 09:40:00,2852.0,2853.0,2851.0,2853.0,2854.0,581011.0,581100.0
2026-02-02 09:45:00,2853.0,2853.0,2850.0,2850.0,3227.0,581100.0,582465.0
2026-02-02 09:50:00,2850.0,2854.0,2850.0,2853.0,2253.0,582465.0,583100.0
2026-02-02 09:55:00,2853.0,2858.0,2853.0,2857.0,2324.0,583100.0,583224.0
2026-02-02 10:00:00,2857.0,2858.0,2854.0,2855.0,869.0,583224.0,583126.0
2026-02-02 10:05:00,2855.0,2856.0,2854.0,2855.0,522.0,583126.0,583109.0
2026-02-02 10:10:00,2855.0,2856.0,2854.0,2856.0,731.0,583109.0,583073.0
2026-02-02 10:30:00,2855.0,2857.0,2855.0,2855.0,1355.0,583073.0,582621.0
2026-02-02 10:35:00,2855.0,2856.0,2854.0,2855.0,916.0,582621.0,582774.0
2026-02-02 10:40:00,2855.0,2856.0,2854.0,2855.0,628.0,582774.0,582666.0
2026-02-02 10:45:00,2855.0,2855.0,2853.0,2854.0,435.0,582666.0,582722.0
2026-02-02 10:50:00,2854.0,2855.0,2852.0,2853.0,450.0,582722.0,582741.0
2026-02-02 10:55:00,2853.0,2854.0,2852.0,2852.0,390.0,582741.0,582758.0
2026-02-02 11:00:00,2852.0,2853.0,2850.0,2851.0,2442.0,582758.0,582592.0
2026-02-02 11:05:00,2851.0,2854.0,2850.0,2851.0,2316.0,582592.0,582656.0
2026-02-02 11:10:00,2851.0,2852.0,2850.0,2851.0,1508.0,582656.0,583406.0
2026-02-02 11:15:00,2851.0,2852.0,2850.0,2851.0,1733.0,583406.0,584308.0
2026-02-02 11:20:00,2851.0,2854.0,2850.0,2853.0,2077.0,584308.0,584127.0
2026-02-02 11:25:00,2853.0,2855.0,2852.0,2854.0,1814.0,584127.0,583931.0
2026-02-02 13:30:00,2854.0,2857.0,2853.0,2854.0,2063.0,583931.0,583602.0
2026-02-02 13:35:00,2854.0,2855.0,2852.0,2853.0,1081.0,583602.0,583797.0
2026-02-02 13:40:00,2853.0,2854.0,2851.0,2852.0,555.0,583797.0,583633.0
2026-02-02 13:45:00,2852.0,2853.0,2850.0,2851.0,1026.0,583633.0,583602.0
2026-02-02 13:50:00,2851.0,2851.0,2849.0,2849.0,2062.0,583602.0,583951.0
2026-02-02 13:55:00,2849.0,2855.0,2849.0,2854.0,4794.0,583951.0,584387.0
2026-02-02 14:00:00,2854.0,2854.0,2852.0,2853.0,588.0,584387.0,584324.0
2026-02-02 14:05:00,2853.0,2854.0,2852.0,2852.0,584.0,584324.0,584386.0
2026-02-02 14:10:00,2852.0,2853.0,2851.0,2852.0,498.0,584386.0,584522.0
2026-02-02 14:15:00,2852.0,2853.0,2851.0,2851.0,574.0,584522.0,584626.0
2026-02-02 14:20:00,2851.0,2851.0,2849.0,2849.0,1736.0,584626.0,584959.0
2026-02-02 14:25:00,2849.0,2850.0,2847.0,2850.0,2414.0,584959.0,585687.0
2026-02-02 14:30:00,2850.0,2851.0,2847.0,2848.0,2220.0,585687.0,585781.0
2026-02-02 14:35:00,2848.0,2850.0,2847.0,2848.0,1391.0,585781.0,585675.0
2026-02-02 14:40:00,2848.0,2851.0,2848.0,2849.0,1625.0,585675.0,585532.0
2026-02-02 14:45:00,2849.0,2850.0,2848.0,2850.0,595.0,585532.0,585460.0
2026-02-02 14:50:00,2850.0,2852.0,2849.0,2851.0,1504.0,585460.0,585168.0
2026-02-02 14:55:00,2851.0,2852.0,2851.0,2852.0,1047.0,585168.0,584787.0
2026-02-02 21:00:00,2853.0,2855.0,2851.0,2852.0,5275.0,584787.0,583514.0
2026-02-02 21:05:00,2852.0,2854.0,2851.0,2852.0,1809.0,583514.0,583486.0
2026-02-02 21:10:00,2852.0,2855.0,2851.0,2854.0,2292.0,583486.0,583036.0
2026-02-02 21:15:00,2854.0,2855.0,2852.0,2853.0,2023.0,583036.0,583041.0
2026-02-02 21:20:00,2853.0,2855.0,2851.0,2852.0,1323.0,583041.0,582887.0
2026-02-02 21:25:00,2852.0,2852.0,2850.0,2851.0,1412.0,582887.0,583308.0
2026-02-02 21:30:00,2851.0,2852.0,2849.0,2851.0,2143.0,583308.0,583687.0
2026-02-02 21:35:00,2851.0,2852.0,2850.0,2851.0,1857.0,583687.0,584313.0
2026-02-02 21:40:00,2851.0,2851.0,2848.0,2849.0,1665.0,584313.0,584897.0
2026-02-02 21:45:00,2849.0,2850.0,2846.0,2848.0,2137.0,584897.0,585215.0
2026-02-02 21:50:00,2848.0,2850.0,2847.0,2850.0,1345.0,585215.0,585478.0
2026-02-02 21:55:00,2850.0,2851.0,2849.0,2851.0,721.0,585478.0,585451.0
2026-02-02 22:00:00,2851.0,2851.0,2850.0,2851.0,1271.0,585451.0,584863.0
2026-02-02 22:05:00,2851.0,2851.0,2850.0,2850.0,446.0,584863.0,584842.0
2026-02-02 22:10:00,2850.0,2850.0,2849.0,2850.0,647.0,584842.0,584627.0
2026-02-02 22:15:00,2850.0,2851.0,2849.0,2850.0,590.0,584627.0,584658.0
2026-02-02 22:20:00,2850.0,2850.0,2849.0,2850.0,158.0,584658.0,584694.0
2026-02-02 22:25:00,2850.0,2851.0,2849.0,2851.0,856.0,584694.0,584944.0
2026-02-02 22:30:00,2851.0,2852.0,2850.0,2851.0,510.0,584944.0,584963.0
2026-02-02 22:35:00,2851.0,2852.0,2851.0,2851.0,333.0,584963.0,585006.0
2026-02-02 22:40:00,2851.0,2851.0,2849.0,2850.0,519.0,585006.0,584985.0
2026-02-02 22:45:00,2850.0,2851.0,2850.0,2850.0,208.0,584985.0,585029.0
2026-02-02 22:50:00,2850.0,2851.0,2850.0,2850.0,212.0,585029.0,584988.0
2026-02-02 22:55:00,2850.0,2851.0,2849.0,2851.0,1242.0,584988.0,584768.0
2026-02-03 09:00:00,2851.0,2856.0,2851.0,2854.0,3042.0,584768.0,584272.0
2026-02-03 09:05:00,2854.0,2855.0,2852.0,2853.0,2601.0,584272.0,584654.0
2026-02-03 09:10:00,2853.0,2855.0,2853.0,2855.0,1353.0,584654.0,584834.0
2026-02-03 09:15:00,2855.0,2855.0,2852.0,2854.0,2916.0,584834.0,584867.0
2026-02-03 09:20:00,2854.0,2857.0,2854.0,2856.0,4000.0,584867.0,585966.0
2026-02-03 09:25:00,2856.0,2857.0,2853.0,2854.0,1171.0,585966.0,586031.0
2026-02-03 09:30:00,2854.0,2854.0,2849.0,2852.0,2616.0,586031.0,586298.0
2026-02-03 09:35:00,2852.0,2853.0,2849.0,2851.0,2372.0,586298.0,586992.0
2026-02-03 09:40:00,2851.0,2851.0,2847.0,2848.0,2393.0,586992.0,588039.0
2026-02-03 09:45:00,2848.0,2849.0,2846.0,2847.0,1987.0,588039.0,588559.0
2026-02-03 09:50:00,2847.0,2849.0,2847.0,2849.0,2022.0,588559.0,589253.0
2026-02-03 09:55:00,2849.0,2849.0,2846.0,2847.0,2645.0,589253.0,589346.0
2026-02-03 10:00:00,2847.0,2849.0,2846.0,2846.0,4366.0,589346.0,589577.0
2026-02-03 10:05:00,2846.0,2847.0,2845.0,2846.0,2793.0,589577.0,590368.0
2026-02-03 10:10:00,2846.0,2848.0,2845.0,2847.0,3596.0,590368.0,591331.0
2026-02-03 10:30:00,2847.0,2848.0,2844.0,2846.0,3037.0,591331.0,591407.0
2026-02-03 10:35:00,2846.0,2846.0,2844.0,2846.0,2360.0,591407.0,591252.0
2026-02-03 10:40:00,2846.0,2846.0,2843.0,2843.0,2931.0,591252.0,590762.0
2026-02-03 10:45:00,2843.0,2845.0,2841.0,2845.0,4444.0,590762.0,591331.0
2026-02-03 10:50:00,2845.0,2845.0,2843.0,2845.0,1679.0,591331.0,590980.0
2026-02-03 10:55:00,2845.0,2845.0,2843.0,2844.0,1284.0,590980.0,591263.0
2026-02-03 11:00:00,2844.0,2846.0,2843.0,2843.0,1231.0,591263.0,590891.0
2026-02-03 11:05:00,2843.0,2843.0,2840.0,2841.0,2170.0,590891.0,591182.0
2026-02-03 11:10:00,2841.0,2842.0,2840.0,2840.0,2184.0,591182.0,591921.0
2026-02-03 11:15:00,2840.0,2840.0,2837.0,2838.0,3588.0,591921.0,592074.0
2026-02-03 11:20:00,2838.0,2840.0,2837.0,2838.0,3502.0,592074.0,593021.0
2026-02-03 11:25:00,2838.0,2840.0,2837.0,2838.0,3848.0,593021.0,593663.0
2026-02-03 13:30:00,2840.0,2840.0,2838.0,2839.0,2422.0,593663.0,593632.0
2026-02-03 13:35:00,2839.0,2841.0,2838.0,2841.0,2213.0,593632.0,594177.0
2026-02-03 13:40:00,2841.0,2841.0,2838.0,2839.0,2549.0,594177.0,594878.0
2026-02-03 13:45:00,2839.0,2840.0,2838.0,2839.0,2223.0,594878.0,595251.0
2026-02-03 13:50:00,2839.0,2840.0,2838.0,2838.0,1125.0,595251.0,595574.0
2026-02-03 13:55:00,2838.0,2839.0,2837.0,2837.0,2498.0,595574.0,596548.0
2026-02-03 14:00:00,2837.0,2838.0,2836.0,2837.0,4432.0,596548.0,598298.0
2026-02-03 14:05:00,2837.0,2838.0,2835.0,2836.0,2970.0,598298.0,600041.0
2026-02-03 14:10:00,2836.0,2839.0,2836.0,2839.0,2738.0,600041.0,600243.0
2026-02-03 14:15:00,2839.0,2839.0,2837.0,2837.0,2625.0,600243.0,600003.0
2026-02-03 14:20:00,2837.0,2839.0,2837.0,2839.0,2503.0,600003.0,600123.0
2026-02-03 14:25:00,2839.0,2839.0,2837.0,2837.0,2014.0,600123.0,599842.0
2026-02-03 14:30:00,2837.0,2838.0,2836.0,2837.0,1182.0,599842.0,599902.0
2026-02-03 14:35:00,2837.0,2838.0,2836.0,2837.0,1233.0,599902.0,599797.0
2026-02-03 14:40:00,2837.0,2838.0,2837.0,2838.0,1277.0,599797.0,599729.0
2026-02-03 14:45:00,2838.0,2840.0,2837.0,2840.0,3108.0,599729.0,600006.0
2026-02-03 14:50:00,2840.0,2842.0,2839.0,2841.0,6781.0,600006.0,600012.0
2026-02-03 14:55:00,2841.0,2842.0,2840.0,2841.0,3350.0,600012.0,599667.0
2026-02-03 21:00:00,2845.0,2847.0,2843.0,2845.0,7889.0,599667.0,599125.0
2026-02-03 21:05:00,2845.0,2846.0,2843.0,2845.0,2876.0,599125.0,599141.0
2026-02-03 21:10:00,2845.0,2846.0,2843.0,2843.0,1427.0,599141.0,599009.0
2026-02-03 21:15:00,2843.0,2844.0,2841.0,2843.0,1610.0,599009.0,599209.0
2026-02-03 21:20:00,2843.0,2843.0,2841.0,2843.0,2233.0,599209.0,598976.0
2026-02-03 21:25:00,2843.0,2845.0,2842.0,2844.0,1633.0,598976.0,599182.0
2026-02-03 21:30:00,2844.0,2845.0,2843.0,2844.0,276.0,599182.0,599239.0
2026-02-03 21:35:00,2844.0,2844.0,2842.0,2842.0,559.0,599239.0,599336.0
2026-02-03 21:40:00,2842.0,2843.0,2842.0,2843.0,202.0,599336.0,599370.0
2026-02-03 21:45:00,2843.0,2843.0,2842.0,2842.0,647.0,599370.0,599255.0
2026-02-03 21:50:00,2842.0,2843.0,2841.0,2842.0,1349.0,599255.0,598901.0
2026-02-03 21:55:00,2842.0,2843.0,2840.0,2842.0,564.0,598901.0,598852.0
2026-02-03 22:00:00,2842.0,2843.0,2841.0,2843.0,140.0,598852.0,598855.0
2026-02-03 22:05:00,2843.0,2843.0,2842.0,2842.0,284.0,598855.0,598856.0
2026-02-03 22:10:00,2842.0,2842.0,2841.0,2841.0,254.0,598856.0,598971.0
2026-02-03 22:15:00,2841.0,2842.0,2841.0,2842.0,122.0,598971.0,598952.0
2026-02-03 22:20:00,2842.0,2842.0,2840.0,2841.0,737.0,598952.0,599207.0
2026-02-03 22:25:00,2841.0,2842.0,2841.0,2841.0,127.0,599207.0,599253.0
2026-02-03 22:30:00,2841.0,2843.0,2840.0,2843.0,1016.0,599253.0,599572.0
2026-02-03 22:35:00,2843.0,2844.0,2842.0,2842.0,917.0,599572.0,599795.0
2026-02-03 22:40:00,2842.0,2843.0,2841.0,2842.0,182.0,599795.0,599818.0
2026-02-03 22:45:00,2842.0,2842.0,2841.0,2841.0,226.0,599818.0,599804.0
2026-02-03 22:50:00,2841.0,2844.0,2841.0,2842.0,469.0,599804.0,599802.0
2026-02-03 22:55:00,2842.0,2843.0,2840.0,2840.0,489.0,599802.0,599751.0
2026-02-04 09:00:00,2840.0,2841.0,2838.0,2838.0,3597.0,599751.0,599156.0
2026-02-04 09:05:00,2838.0,2841.0,2838.0,2840.0,1304.0,599156.0,599961.0
2026-02-04 09:10:00,2840.0,2840.0,2838.0,2839.0,1693.0,599961.0,600362.0
2026-02-04 09:15:00,2839.0,2840.0,2838.0,2839.0,1589.0,600362.0,600840.0
2026-02-04 09:20:00,2839.0,2839.0,2838.0,2838.0,799.0,600840.0,601018.0
2026-02-04 09:25:00,2838.0,2839.0,2837.0,2838.0,5344.0,601018.0,602109.0
2026-02-04 09:30:00,2838.0,2840.0,2837.0,2840.0,1556.0,602109.0,601656.0
2026-02-04 09:35:00,2840.0,2841.0,2839.0,2841.0,1985.0,601656.0,601000.0
2026-02-04 09:40:00,2841.0,2842.0,2837.0,2839.0,2073.0,601000.0,600855.0
2026-02-04 09:45:00,2839.0,2840.0,2838.0,2838.0,588.0,600855.0,600876.0
2026-02-04 09:50:00,2838.0,2840.0,2837.0,2838.0,1715.0,600876.0,601428.0
2026-02-04 09:55:00,2838.0,2839.0,2837.0,2837.0,428.0,601428.0,601472.0
2026-02-04 10:00:00,2837.0,2838.0,2836.0,2837.0,1295.0,601472.0,600985.0
2026-02-04 10:05:00,2837.0,2839.0,2836.0,2838.0,2594.0,600985.0,600385.0
2026-02-04 10:10:00,2838.0,2838.0,2836.0,2836.0,1816.0,600385.0,600935.0
2026-02-04 10:30:00,2837.0,2837.0,2835.0,2837.0,4680.0,600935.0,602393.0
2026-02-04 10:35:00,2837.0,2837.0,2835.0,2836.0,1524.0,602393.0,602689.0
2026-02-04 10:40:00,2836.0,2839.0,2835.0,2837.0,1232.0,602689.0,602828.0
2026-02-04 10:45:00,2837.0,2840.0,2837.0,2840.0,1909.0,602828.0,602768.0
2026-02-04 10:50:00,2840.0,2840.0,2838.0,2839.0,787.0,602768.0,602839.0
2026-02-04 10:55:00,2839.0,2839.0,2838.0,2838.0,436.0,602839.0,603056.0
2026-02-04 11:00:00,2838.0,2841.0,2838.0,2840.0,1089.0,603056.0,603287.0
2026-02-04 11:05:00,2840.0,2841.0,2839.0,2840.0,626.0,603287.0,603464.0
2026-02-04 11:10:00,2840.0,2842.0,2840.0,2841.0,1087.0,603464.0,603743.0
2026-02-04 11:15:00,2841.0,2841.0,2840.0,2840.0,519.0,603743.0,603870.0
2026-02-04 11:20:00,2840.0,2842.0,2840.0,2841.0,484.0,603870.0,603875.0
2026-02-04 11:25:00,2841.0,2842.0,2839.0,2840.0,932.0,603875.0,603806.0
2026-02-04 13:30:00,2840.0,2842.0,2840.0,2841.0,1629.0,603806.0,603465.0
2026-02-04 13:35:00,2841.0,2843.0,2840.0,2841.0,626.0,603465.0,603520.0
2026-02-04 13:40:00,2841.0,2843.0,2841.0,2841.0,288.0,603520.0,603569.0
2026-02-04 13:45:00,2841.0,2843.0,2840.0,2840.0,1084.0,603569.0,603758.0
2026-02-04 13:50:00,2840.0,2842.0,2840.0,2840.0,325.0,603758.0,603834.0
2026-02-04 13:55:00,2840.0,2842.0,2840.0,2841.0,446.0,603834.0,603864.0
2026-02-04 14:00:00,2841.0,2842.0,2840.0,2840.0,304.0,603864.0,603888.0
2026-02-04 14:05:00,2840.0,2841.0,2839.0,2839.0,854.0,603888.0,603863.0
2026-02-04 14:10:00,2839.0,2841.0,2839.0,2840.0,1141.0,603863.0,603896.0
2026-02-04 14:15:00,2840.0,2841.0,2839.0,2839.0,765.0,603896.0,603671.0
2026-02-04 14:20:00,2839.0,2841.0,2839.0,2839.0,814.0,603671.0,603510.0
2026-02-04 14:25:00,2839.0,2839.0,2838.0,2838.0,1242.0,603510.0,603968.0
2026-02-04 14:30:00,2838.0,2841.0,2838.0,2840.0,1140.0,603968.0,603918.0
2026-02-04 14:35:00,2840.0,2841.0,2840.0,2840.0,257.0,603918.0,603869.0
2026-02-04 14:40:00,2840.0,2841.0,2839.0,2839.0,1184.0,603869.0,603401.0
2026-02-04 14:45:00,2839.0,2840.0,2838.0,2839.0,1288.0,603401.0,603566.0
2026-02-04 14:50:00,2839.0,2840.0,2838.0,2839.0,502.0,603566.0,603627.0
2026-02-04 14:55:00,2839.0,2841.0,2838.0,2839.0,2214.0,603627.0,603905.0
2026-02-04 21:00:00,2837.0,2838.0,2833.0,2838.0,9638.0,603905.0,605735.0
2026-02-04 21:05:00,2838.0,2841.0,2837.0,2840.0,5203.0,605735.0,607993.0
2026-02-04 21:10:00,2840.0,2843.0,2839.0,2841.0,2949.0,607993.0,608791.0
2026-02-04 21:15:00,2841.0,2845.0,2841.0,2845.0,3448.0,608791.0,609273.0
2026-02-04 21:20:00,2845.0,2848.0,2844.0,2847.0,4552.0,609273.0,611092.0
2026-02-04 21:25:00,2847.0,2849.0,2846.0,2849.0,2081.0,611092.0,611457.0
2026-02-04 21:30:00,2849.0,2849.0,2844.0,2846.0,3648.0,611457.0,611521.0
2026-02-04 21:35:00,2846.0,2848.0,2845.0,2848.0,1804.0,611521.0,611314.0
2026-02-04 21:40:00,2848.0,2849.0,2846.0,2847.0,1809.0,611314.0,611344.0
2026-02-04 21:45:00,2847.0,2847.0,2843.0,2844.0,3380.0,611344.0,610217.0
2026-02-04 21:50:00,2844.0,2845.0,2842.0,2843.0,2747.0,610217.0,608875.0
2026-02-04 21:55:00,2843.0,2845.0,2843.0,2844.0,1020.0,608875.0,608418.0
2026-02-04 22:00:00,2844.0,2847.0,2844.0,2845.0,1380.0,608418.0,608184.0
2026-02-04 22:05:00,2845.0,2847.0,2844.0,2846.0,892.0,608184.0,608288.0
2026-02-04 22:10:00,2846.0,2847.0,2845.0,2846.0,1491.0,608288.0,608726.0
2026-02-04 22:15:00,2846.0,2847.0,2845.0,2847.0,304.0,608726.0,608775.0
2026-02-04 22:20:00,2847.0,2847.0,2845.0,2846.0,572.0,608775.0,608908.0
2026-02-04 22:25:00,2846.0,2847.0,2846.0,2846.0,230.0,608908.0,608835.0
2026-02-04 22:30:00,2846.0,2847.0,2844.0,2845.0,821.0,608835.0,608575.0
2026-02-04 22:35:00,2845.0,2847.0,2844.0,2844.0,675.0,608575.0,608594.0
2026-02-04 22:40:00,2844.0,2845.0,2843.0,2845.0,358.0,608594.0,608582.0
2026-02-04 22:45:00,2845.0,2846.0,2844.0,2845.0,512.0,608582.0,608660.0
2026-02-04 22:50:00,2845.0,2846.0,2844.0,2846.0,839.0,608660.0,608712.0
2026-02-04 22:55:00,2846.0,2846.0,2844.0,2846.0,740.0,608712.0,608761.0
2026-02-05 09:00:00,2856.0,2862.0,2848.0,2848.0,27384.0,608761.0,614666.0
2026-02-05 09:05:00,2848.0,2849.0,2843.0,2846.0,9184.0,614666.0,618296.0
2026-02-05 09:10:00,2846.0,2846.0,2840.0,2842.0,10078.0,618296.0,622720.0
2026-02-05 09:15:00,2842.0,2849.0,2841.0,2848.0,6054.0,622720.0,622708.0
2026-02-05 09:20:00,2848.0,2849.0,2846.0,2848.0,11229.0,622708.0,623973.0
2026-02-05 09:25:00,2848.0,2849.0,2846.0,2848.0,8436.0,623973.0,623908.0
2026-02-05 09:30:00,2848.0,2849.0,2846.0,2846.0,5405.0,623908.0,624269.0
2026-02-05 09:35:00,2846.0,2850.0,2845.0,2849.0,15462.0,624269.0,624696.0
2026-02-05 09:40:00,2849.0,2850.0,2846.0,2848.0,4247.0,624696.0,625728.0
2026-02-05 09:45:00,2848.0,2850.0,2847.0,2847.0,4769.0,625728.0,626880.0
2026-02-05 09:50:00,2847.0,2852.0,2847.0,2851.0,7232.0,626880.0,624872.0
2026-02-05 09:55:00,2851.0,2853.0,2850.0,2852.0,4617.0,624872.0,626390.0
2026-02-05 10:00:00,2852.0,2853.0,2851.0,2852.0,5118.0,626390.0,627171.0
2026-02-05 10:05:00,2852.0,2852.0,2846.0,2848.0,7014.0,627171.0,627538.0
2026-02-05 10:10:00,2848.0,2852.0,2848.0,2850.0,6922.0,627538.0,626651.0
2026-02-05 10:30:00,2850.0,2853.0,2850.0,2852.0,3202.0,626651.0,626767.0
2026-02-05 10:35:00,2852.0,2852.0,2850.0,2851.0,3558.0,626767.0,627224.0
2026-02-05 10:40:00,2851.0,2853.0,2851.0,2852.0,1931.0,627224.0,627673.0
2026-02-05 10:45:00,2852.0,2852.0,2849.0,2849.0,4390.0,627673.0,628119.0
2026-02-05 10:50:00,2849.0,2851.0,2846.0,2847.0,2513.0,628119.0,627446.0
2026-02-05 10:55:00,2847.0,2849.0,2846.0,2847.0,3116.0,627446.0,628624.0
2026-02-05 11:00:00,2847.0,2849.0,2846.0,2846.0,4624.0,628624.0,627477.0
2026-02-05 11:05:00,2846.0,2848.0,2845.0,2846.0,1305.0,627477.0,626935.0
2026-02-05 11:10:00,2846.0,2848.0,2846.0,2846.0,1049.0,626935.0,626478.0
2026-02-05 11:15:00,2846.0,2848.0,2845.0,2846.0,3881.0,626478.0,628372.0
2026-02-05 11:20:00,2846.0,2846.0,2843.0,2844.0,4337.0,628372.0,630429.0
2026-02-05 11:25:00,2844.0,2848.0,2843.0,2845.0,5587.0,630429.0,632467.0
2026-02-05 13:30:00,2854.0,2855.0,2848.0,2855.0,7443.0,632467.0,633351.0
2026-02-05 13:35:00,2855.0,2856.0,2853.0,2854.0,3547.0,633351.0,632008.0
2026-02-05 13:40:00,2854.0,2856.0,2853.0,2855.0,4683.0,632008.0,630764.0
2026-02-05 13:45:00,2855.0,2858.0,2855.0,2856.0,2155.0,630764.0,630995.0
2026-02-05 13:50:00,2856.0,2860.0,2855.0,2858.0,5937.0,630995.0,634280.0
2026-02-05 13:55:00,2858.0,2859.0,2857.0,2858.0,2896.0,634280.0,635643.0
2026-02-05 14:00:00,2858.0,2858.0,2856.0,2857.0,1350.0,635643.0,636171.0
2026-02-05 14:05:00,2857.0,2858.0,2855.0,2856.0,1704.0,636171.0,636399.0
2026-02-05 14:10:00,2856.0,2857.0,2853.0,2853.0,2692.0,636399.0,637682.0
2026-02-05 14:15:00,2853.0,2855.0,2852.0,2854.0,993.0,637682.0,637707.0
2026-02-05 14:20:00,2854.0,2854.0,2851.0,2853.0,2035.0,637707.0,638603.0
2026-02-05 14:25:00,2853.0,2855.0,2852.0,2854.0,1732.0,638603.0,639374.0
2026-02-05 14:30:00,2854.0,2855.0,2853.0,2855.0,1467.0,639374.0,639646.0
2026-02-05 14:35:00,2855.0,2855.0,2852.0,2855.0,1799.0,639646.0,639979.0
2026-02-05 14:40:00,2855.0,2855.0,2853.0,2854.0,2678.0,639979.0,641701.0
2026-02-05 14:45:00,2854.0,2856.0,2853.0,2856.0,1137.0,641701.0,641601.0
2026-02-05 14:50:00,2856.0,2857.0,2854.0,2855.0,4773.0,641601.0,643320.0
2026-02-05 14:55:00,2855.0,2856.0,2854.0,2854.0,4828.0,643320.0,642816.0
2026-02-05 21:00:00,2855.0,2858.0,2854.0,2856.0,4966.0,642816.0,643574.0
2026-02-05 21:05:00,2856.0,2856.0,2855.0,2855.0,2279.0,643574.0,644228.0
2026-02-05 21:10:00,2855.0,2857.0,2854.0,2856.0,825.0,644228.0,644164.0
2026-02-05 21:15:00,2856.0,2857.0,2856.0,2856.0,748.0,644164.0,644379.0
2026-02-05 21:20:00,2856.0,2858.0,2856.0,2857.0,1856.0,644379.0,644221.0
2026-02-05 21:25:00,2857.0,2858.0,2856.0,2856.0,1466.0,644221.0,645058.0
2026-02-05 21:30:00,2856.0,2858.0,2856.0,2857.0,1234.0,645058.0,645297.0
2026-02-05 21:35:00,2857.0,2859.0,2856.0,2856.0,2334.0,645297.0,646416.0
2026-02-05 21:40:00,2856.0,2859.0,2856.0,2858.0,688.0,646416.0,646554.0
2026-02-05 21:45:00,2858.0,2859.0,2857.0,2857.0,919.0,646554.0,646733.0
2026-02-05 21:50:00,2857.0,2859.0,2857.0,2858.0,1285.0,646733.0,646786.0
2026-02-05 21:55:00,2858.0,2858.0,2856.0,2856.0,2598.0,646786.0,648089.0
2026-02-05 22:00:00,2856.0,2858.0,2856.0,2857.0,529.0,648089.0,648134.0
2026-02-05 22:05:00,2857.0,2857.0,2856.0,2856.0,285.0,648134.0,648216.0
2026-02-05 22:10:00,2856.0,2857.0,2855.0,2855.0,946.0,648216.0,647671.0
2026-02-05 22:15:00,2855.0,2856.0,2853.0,2853.0,2145.0,647671.0,648272.0
2026-02-05 22:20:00,2853.0,2855.0,2853.0,2854.0,472.0,648272.0,648355.0
2026-02-05 22:25:00,2854.0,2855.0,2854.0,2855.0,227.0,648355.0,648286.0
2026-02-05 22:30:00,2855.0,2855.0,2853.0,2855.0,1120.0,648286.0,648719.0
2026-02-05 22:35:00,2855.0,2855.0,2854.0,2855.0,225.0,648719.0,648842.0
2026-02-05 22:40:00,2855.0,2858.0,2855.0,2857.0,1060.0,648842.0,648811.0
2026-02-05 22:45:00,2857.0,2858.0,2856.0,2857.0,390.0,648811.0,648786.0
2026-02-05 22:50:00,2857.0,2859.0,2857.0,2858.0,1132.0,648786.0,649030.0
2026-02-05 22:55:00,2858.0,2859.0,2857.0,2858.0,883.0,649030.0,648685.0
2026-02-06 09:00:00,2859.0,2860.0,2854.0,2859.0,4381.0,648685.0,647594.0
2026-02-06 09:05:00,2859.0,2860.0,2858.0,2859.0,1098.0,647594.0,647506.0
2026-02-06 09:10:00,2859.0,2861.0,2857.0,2858.0,4359.0,647506.0,649248.0
2026-02-06 09:15:00,2858.0,2859.0,2857.0,2858.0,2039.0,649248.0,650071.0
2026-02-06 09:20:00,2858.0,2860.0,2857.0,2860.0,1891.0,650071.0,650217.0
2026-02-06 09:25:00,2860.0,2860.0,2857.0,2859.0,516.0,650217.0,650357.0
2026-02-06 09:30:00,2859.0,2861.0,2858.0,2860.0,1518.0,650357.0,650696.0
2026-02-06 09:35:00,2860.0,2862.0,2859.0,2861.0,1799.0,650696.0,651302.0
2026-02-06 09:40:00,2861.0,2863.0,2860.0,2860.0,1445.0,651302.0,651401.0
2026-02-06 09:45:00,2860.0,2861.0,2859.0,2860.0,1314.0,651401.0,651688.0
2026-02-06 09:50:00,2860.0,2864.0,2860.0,2862.0,1977.0,651688.0,652008.0
2026-02-06 09:55:00,2862.0,2864.0,2861.0,2864.0,2602.0,652008.0,651553.0
2026-02-06 10:00:00,2864.0,2865.0,2863.0,2864.0,2509.0,651553.0,651552.0
2026-02-06 10:05:00,2864.0,2865.0,2863.0,2865.0,972.0,651552.0,651554.0
2026-02-06 10:10:00,2865.0,2868.0,2864.0,2866.0,2761.0,651554.0,651779.0
2026-02-06 10:30:00,2867.0,2868.0,2862.0,2862.0,2588.0,651779.0,650911.0
2026-02-06 10:35:00,2862.0,2865.0,2862.0,2865.0,1495.0,650911.0,650918.0
2026-02-06 10:40:00,2865.0,2866.0,2864.0,2865.0,849.0,650918.0,650863.0
2026-02-06 10:45:00,2865.0,2866.0,2863.0,2863.0,304.0,650863.0,650814.0
2026-02-06 10:50:00,2863.0,2864.0,2862.0,2862.0,1533.0,650814.0,650540.0
2026-02-06 10:55:00,2862.0,2862.0,2859.0,2860.0,809.0,650540.0,650365.0
2026-02-06 11:00:00,2860.0,2861.0,2859.0,2860.0,692.0,650365.0,650304.0
2026-02-06 11:05:00,2860.0,2863.0,2860.0,2863.0,533.0,650304.0,650241.0
2026-02-06 11:10:00,2863.0,2863.0,2860.0,2860.0,301.0,650241.0,650295.0
2026-02-06 11:15:00,2860.0,2862.0,2860.0,2861.0,690.0,650295.0,650463.0
2026-02-06 11:20:00,2861.0,2862.0,2860.0,2860.0,691.0,650463.0,650677.0
2026-02-06 11:25:00,2860.0,2863.0,2860.0,2862.0,1057.0,650677.0,650469.0
2026-02-06 13:30:00,2863.0,2863.0,2861.0,2861.0,794.0,650469.0,650352.0
2026-02-06 13:35:00,2861.0,2864.0,2861.0,2863.0,714.0,650352.0,650103.0
2026-02-06 13:40:00,2863.0,2864.0,2863.0,2863.0,351.0,650103.0,649927.0
2026-02-06 13:45:00,2863.0,2866.0,2863.0,2865.0,888.0,649927.0,649583.0
2026-02-06 13:50:00,2865.0,2866.0,2864.0,2865.0,668.0,649583.0,649586.0
2026-02-06 13:55:00,2865.0,2866.0,2862.0,2865.0,2858.0,649586.0,650124.0
2026-02-06 14:00:00,2865.0,2866.0,2863.0,2863.0,647.0,650124.0,649945.0
2026-02-06 14:05:00,2863.0,2864.0,2862.0,2863.0,577.0,649945.0,649847.0
2026-02-06 14:10:00,2863.0,2864.0,2862.0,2864.0,2417.0,649847.0,649029.0
2026-02-06 14:15:00,2864.0,2864.0,2863.0,2864.0,206.0,649029.0,648997.0
2026-02-06 14:20:00,2864.0,2864.0,2861.0,2862.0,1475.0,648997.0,648302.0
2026-02-06 14:25:00,2862.0,2863.0,2861.0,2861.0,2590.0,648302.0,648322.0
2026-02-06 14:30:00,2861.0,2864.0,2861.0,2861.0,2813.0,648322.0,648442.0
2026-02-06 14:35:00,2861.0,2862.0,2860.0,2860.0,686.0,648442.0,648691.0
2026-02-06 14:40:00,2860.0,2860.0,2858.0,2859.0,1751.0,648691.0,649232.0
2026-02-06 14:45:00,2859.0,2860.0,2858.0,2859.0,946.0,649232.0,649413.0
2026-02-06 14:50:00,2859.0,2860.0,2857.0,2857.0,2496.0,649413.0,649041.0
2026-02-06 14:55:00,2857.0,2858.0,2856.0,2858.0,1698.0,649041.0,648399.0
2026-02-06 21:00:00,2865.0,2877.0,2864.0,2876.0,11011.0,648399.0,647326.0
2026-02-06 21:05:00,2876.0,2878.0,2874.0,2875.0,6680.0,647326.0,646212.0
2026-02-06 21:10:00,2875.0,2879.0,2874.0,2879.0,4706.0,646212.0,647303.0
2026-02-06 21:15:00,2879.0,2879.0,2876.0,2877.0,4390.0,647303.0,647060.0
2026-02-06 21:20:00,2877.0,2880.0,2877.0,2878.0,3448.0,647060.0,646156.0
2026-02-06 21:25:00,2878.0,2881.0,2876.0,2880.0,7737.0,646156.0,644772.0
2026-02-06 21:30:00,2880.0,2881.0,2879.0,2881.0,4043.0,644772.0,645349.0
2026-02-06 21:35:00,2881.0,2882.0,2879.0,2879.0,2720.0,645349.0,645117.0
2026-02-06 21:40:00,2879.0,2880.0,2875.0,2875.0,2134.0,645117.0,644781.0
2026-02-06 21:45:00,2875.0,2878.0,2875.0,2878.0,814.0,644781.0,644931.0
2026-02-06 21:50:00,2878.0,2878.0,2876.0,2878.0,504.0,644931.0,644721.0
2026-02-06 21:55:00,2878.0,2878.0,2875.0,2876.0,558.0,644721.0,644613.0
2026-02-06 22:00:00,2876.0,2876.0,2872.0,2873.0,1414.0,644613.0,644359.0
2026-02-06 22:05:00,2873.0,2873.0,2870.0,2871.0,1061.0,644359.0,644354.0
2026-02-06 22:10:00,2871.0,2872.0,2869.0,2870.0,1900.0,644354.0,645299.0
2026-02-06 22:15:00,2870.0,2870.0,2866.0,2868.0,1910.0,645299.0,645871.0
2026-02-06 22:20:00,2868.0,2868.0,2866.0,2866.0,1290.0,645871.0,646318.0
2026-02-06 22:25:00,2866.0,2869.0,2866.0,2869.0,764.0,646318.0,646277.0
2026-02-06 22:30:00,2869.0,2874.0,2869.0,2872.0,2092.0,646277.0,646249.0
2026-02-06 22:35:00,2872.0,2875.0,2870.0,2873.0,2336.0,646249.0,645534.0
2026-02-06 22:40:00,2873.0,2877.0,2873.0,2877.0,2858.0,645534.0,645506.0
2026-02-06 22:45:00,2877.0,2877.0,2874.0,2875.0,1554.0,645506.0,645556.0
2026-02-06 22:50:00,2875.0,2877.0,2872.0,2875.0,4508.0,645556.0,645775.0
2026-02-06 22:55:00,2875.0,2875.0,2872.0,2873.0,1954.0,645775.0,646108.0
2026-02-09 09:00:00,2869.0,2872.0,2866.0,2871.0,7985.0,646108.0,646156.0
2026-02-09 09:05:00,2871.0,2871.0,2866.0,2870.0,2950.0,646156.0,646180.0
2026-02-09 09:10:00,2870.0,2871.0,2869.0,2870.0,1957.0,646180.0,646315.0
2026-02-09 09:15:00,2870.0,2871.0,2868.0,2869.0,2021.0,646315.0,647121.0
2026-02-09 09:20:00,2869.0,2869.0,2867.0,2868.0,692.0,647121.0,647209.0
2026-02-09 09:25:00,2868.0,2870.0,2868.0,2869.0,3600.0,647209.0,648700.0
2026-02-09 09:30:00,2869.0,2870.0,2867.0,2868.0,2998.0,648700.0,649475.0
2026-02-09 09:35:00,2868.0,2870.0,2868.0,2870.0,2527.0,649475.0,650941.0
2026-02-09 09:40:00,2870.0,2871.0,2868.0,2869.0,1895.0,650941.0,652174.0
2026-02-09 09:45:00,2869.0,2870.0,2869.0,2870.0,647.0,652174.0,652187.0
2026-02-09 09:50:00,2870.0,2870.0,2868.0,2869.0,1560.0,652187.0,652572.0
2026-02-09 09:55:00,2869.0,2869.0,2868.0,2869.0,506.0,652572.0,652549.0
2026-02-09 10:00:00,2869.0,2870.0,2868.0,2870.0,895.0,652549.0,652914.0
2026-02-09 10:05:00,2870.0,2870.0,2868.0,2868.0,2177.0,652914.0,654154.0
2026-02-09 10:10:00,2868.0,2870.0,2868.0,2869.0,1130.0,654154.0,654000.0
2026-02-09 10:30:00,2869.0,2870.0,2867.0,2868.0,3606.0,654000.0,654720.0
2026-02-09 10:35:00,2868.0,2871.0,2867.0,2870.0,14037.0,654720.0,662251.0
2026-02-09 10:40:00,2870.0,2871.0,2869.0,2871.0,2455.0,662251.0,663400.0
2026-02-09 10:45:00,2871.0,2871.0,2868.0,2869.0,2550.0,663400.0,664145.0
2026-02-09 10:50:00,2869.0,2869.0,2867.0,2868.0,881.0,664145.0,664382.0
2026-02-09 10:55:00,2868.0,2869.0,2867.0,2869.0,1913.0,664382.0,664110.0
2026-02-09 11:00:00,2869.0,2870.0,2868.0,2868.0,746.0,664110.0,664273.0
2026-02-09 11:05:00,2868.0,2870.0,2868.0,2868.0,827.0,664273.0,664508.0
2026-02-09 11:10:00,2868.0,2870.0,2868.0,2869.0,1567.0,664508.0,665417.0
2026-02-09 11:15:00,2869.0,2870.0,2869.0,2869.0,2028.0,665417.0,666777.0
2026-02-09 11:20:00,2869.0,2869.0,2866.0,2868.0,1073.0,666777.0,666962.0
2026-02-09 11:25:00,2868.0,2868.0,2866.0,2867.0,1036.0,666962.0,667326.0
2026-02-09 13:30:00,2867.0,2869.0,2867.0,2868.0,815.0,667326.0,667355.0
2026-02-09 13:35:00,2868.0,2868.0,2867.0,2868.0,862.0,667355.0,667412.0
2026-02-09 13:40:00,2868.0,2869.0,2867.0,2869.0,690.0,667412.0,667592.0
2026-02-09 13:45:00,2869.0,2869.0,2867.0,2869.0,961.0,667592.0,667938.0
2026-02-09 13:50:00,2869.0,2869.0,2866.0,2867.0,1163.0,667938.0,668479.0
2026-02-09 13:55:00,2867.0,2867.0,2865.0,2866.0,1381.0,668479.0,669092.0
2026-02-09 14:00:00,2866.0,2866.0,2863.0,2864.0,3638.0,669092.0,670086.0
2026-02-09 14:05:00,2864.0,2865.0,2863.0,2864.0,1597.0,670086.0,669989.0
2026-02-09 14:10:00,2864.0,2865.0,2863.0,2864.0,1516.0,669989.0,670495.0
2026-02-09 14:15:00,2864.0,2865.0,2861.0,2861.0,1716.0,670495.0,670163.0
2026-02-09 14:20:00,2861.0,2862.0,2861.0,2861.0,1545.0,670163.0,670869.0
2026-02-09 14:25:00,2861.0,2862.0,2858.0,2858.0,1793.0,670869.0,671022.0
2026-02-09 14:30:00,2858.0,2860.0,2858.0,2860.0,1093.0,671022.0,671028.0
2026-02-09 14:35:00,2860.0,2860.0,2858.0,2860.0,1788.0,671028.0,671190.0
2026-02-09 14:40:00,2860.0,2861.0,2859.0,2860.0,1443.0,671190.0,671878.0
2026-02-09 14:45:00,2860.0,2861.0,2858.0,2858.0,1322.0,671878.0,672508.0
2026-02-09 14:50:00,2858.0,2859.0,2857.0,2859.0,2894.0,672508.0,672024.0
2026-02-09 14:55:00,2859.0,2860.0,2857.0,2857.0,4031.0,672024.0,672256.0
2026-02-09 21:00:00,2860.0,2862.0,2857.0,2861.0,9462.0,672256.0,674060.0
2026-02-09 21:05:00,2861.0,2861.0,2858.0,2860.0,1445.0,674060.0,674308.0
2026-02-09 21:10:00,2860.0,2861.0,2859.0,2859.0,2076.0,674308.0,674214.0
2026-02-09 21:15:00,2859.0,2863.0,2859.0,2862.0,1926.0,674214.0,674359.0
2026-02-09 21:20:00,2862.0,2862.0,2859.0,2860.0,2893.0,674359.0,675490.0
2026-02-09 21:25:00,2860.0,2863.0,2860.0,2862.0,920.0,675490.0,675332.0
2026-02-09 21:30:00,2862.0,2863.0,2861.0,2861.0,883.0,675332.0,675122.0
2026-02-09 21:35:00,2861.0,2862.0,2860.0,2860.0,552.0,675122.0,675250.0
2026-02-09 21:40:00,2860.0,2862.0,2860.0,2860.0,1170.0,675250.0,675559.0
2026-02-09 21:45:00,2860.0,2861.0,2859.0,2861.0,754.0,675559.0,675256.0
2026-02-09 21:50:00,2861.0,2862.0,2860.0,2860.0,769.0,675256.0,675264.0
2026-02-09 21:55:00,2860.0,2861.0,2860.0,2860.0,171.0,675264.0,675253.0
2026-02-09 22:00:00,2860.0,2861.0,2858.0,2859.0,2532.0,675253.0,675001.0
2026-02-09 22:05:00,2859.0,2860.0,2858.0,2859.0,972.0,675001.0,674946.0
2026-02-09 22:10:00,2859.0,2859.0,2855.0,2855.0,1381.0,674946.0,675100.0
2026-02-09 22:15:00,2855.0,2856.0,2854.0,2855.0,1650.0,675100.0,674841.0
2026-02-09 22:20:00,2855.0,2857.0,2855.0,2857.0,935.0,674841.0,674735.0
2026-02-09 22:25:00,2857.0,2857.0,2856.0,2856.0,3424.0,674735.0,674288.0
2026-02-09 22:30:00,2856.0,2857.0,2854.0,2856.0,2183.0,674288.0,674197.0
2026-02-09 22:35:00,2856.0,2861.0,2856.0,2861.0,2256.0,674197.0,674589.0
2026-02-09 22:40:00,2861.0,2864.0,2860.0,2863.0,2613.0,674589.0,675791.0
2026-02-09 22:45:00,2863.0,2864.0,2859.0,2859.0,767.0,675791.0,675963.0
2026-02-09 22:50:00,2859.0,2860.0,2859.0,2859.0,382.0,675963.0,675901.0
2026-02-09 22:55:00,2859.0,2861.0,2859.0,2861.0,920.0,675901.0,675834.0
2026-02-10 09:00:00,2860.0,2860.0,2858.0,2859.0,5108.0,675834.0,674262.0
2026-02-10 09:05:00,2859.0,2861.0,2859.0,2860.0,825.0,674262.0,674202.0
2026-02-10 09:10:00,2860.0,2860.0,2859.0,2860.0,2186.0,674202.0,674286.0
2026-02-10 09:15:00,2860.0,2860.0,2857.0,2857.0,500.0,674286.0,674402.0
2026-02-10 09:20:00,2857.0,2859.0,2857.0,2858.0,644.0,674402.0,674302.0
2026-02-10 09:25:00,2858.0,2858.0,2856.0,2857.0,1108.0,674302.0,674421.0
2026-02-10 09:30:00,2857.0,2861.0,2857.0,2860.0,1643.0,674421.0,674821.0
2026-02-10 09:35:00,2860.0,2862.0,2859.0,2862.0,499.0,674821.0,674909.0
2026-02-10 09:40:00,2862.0,2862.0,2860.0,2862.0,434.0,674909.0,674910.0
2026-02-10 09:45:00,2862.0,2862.0,2860.0,2860.0,762.0,674910.0,675007.0
2026-02-10 09:50:00,2860.0,2862.0,2860.0,2862.0,1380.0,675007.0,675696.0
2026-02-10 09:55:00,2862.0,2863.0,2861.0,2862.0,536.0,675696.0,675705.0
2026-02-10 10:00:00,2862.0,2864.0,2861.0,2864.0,1437.0,675705.0,676045.0
2026-02-10 10:05:00,2864.0,2865.0,2863.0,2865.0,1659.0,676045.0,676588.0
2026-02-10 10:10:00,2865.0,2866.0,2864.0,2865.0,1584.0,676588.0,676673.0
2026-02-10 10:30:00,2866.0,2868.0,2865.0,2867.0,2196.0,676673.0,675758.0
2026-02-10 10:35:00,2867.0,2867.0,2866.0,2866.0,632.0,675758.0,675796.0
2026-02-10 10:40:00,2866.0,2867.0,2866.0,2867.0,1022.0,675796.0,675934.0
2026-02-10 10:45:00,2867.0,2867.0,2865.0,2867.0,470.0,675934.0,675972.0
2026-02-10 10:50:00,2867.0,2867.0,2863.0,2864.0,875.0,675972.0,675837.0
2026-02-10 10:55:00,2864.0,2864.0,2863.0,2863.0,865.0,675837.0,675635.0
2026-02-10 11:00:00,2863.0,2864.0,2863.0,2863.0,637.0,675635.0,675872.0
2026-02-10 11:05:00,2863.0,2863.0,2861.0,2862.0,1099.0,675872.0,676271.0
2026-02-10 11:10:00,2862.0,2865.0,2862.0,2865.0,1309.0,676271.0,676293.0
2026-02-10 11:15:00,2865.0,2865.0,2862.0,2863.0,330.0,676293.0,676288.0
2026-02-10 11:20:00,2863.0,2865.0,2862.0,2865.0,815.0,676288.0,676401.0
2026-02-10 11:25:00,2865.0,2865.0,2863.0,2864.0,2010.0,676401.0,676840.0
2026-02-10 13:30:00,2863.0,2868.0,2863.0,2866.0,1876.0,676840.0,677146.0
2026-02-10 13:35:00,2866.0,2866.0,2864.0,2865.0,1442.0,677146.0,677342.0
2026-02-10 13:40:00,2865.0,2865.0,2863.0,2864.0,1149.0,677342.0,677409.0
2026-02-10 13:45:00,2864.0,2864.0,2862.0,2863.0,525.0,677409.0,677390.0
2026-02-10 13:50:00,2863.0,2866.0,2862.0,2865.0,2718.0,677390.0,678306.0
2026-02-10 13:55:00,2865.0,2865.0,2863.0,2865.0,1271.0,678306.0,678409.0
2026-02-10 14:00:00,2865.0,2865.0,2863.0,2863.0,304.0,678409.0,678478.0
2026-02-10 14:05:00,2863.0,2864.0,2863.0,2864.0,941.0,678478.0,678760.0
2026-02-10 14:10:00,2864.0,2864.0,2863.0,2864.0,124.0,678760.0,678739.0
2026-02-10 14:15:00,2864.0,2864.0,2863.0,2864.0,701.0,678739.0,678795.0
2026-02-10 14:20:00,2864.0,2865.0,2863.0,2864.0,3387.0,678795.0,679827.0
2026-02-10 14:25:00,2864.0,2865.0,2861.0,2861.0,2366.0,679827.0,679806.0
2026-02-10 14:30:00,2861.0,2865.0,2860.0,2864.0,4552.0,679806.0,680226.0
2026-02-10 14:35:00,2864.0,2865.0,2862.0,2864.0,2389.0,680226.0,680196.0
2026-02-10 14:40:00,2864.0,2864.0,2861.0,2861.0,570.0,680196.0,680128.0
2026-02-10 14:45:00,2861.0,2862.0,2861.0,2862.0,1016.0,680128.0,679847.0
2026-02-10 14:50:00,2862.0,2863.0,2860.0,2860.0,2695.0,679847.0,680827.0
2026-02-10 14:55:00,2860.0,2861.0,2856.0,2858.0,8353.0,680827.0,682343.0
2026-02-10 21:00:00,2861.0,2866.0,2861.0,2863.0,5998.0,682343.0,681660.0
2026-02-10 21:05:00,2863.0,2867.0,2862.0,2865.0,3964.0,681660.0,682690.0
2026-02-10 21:10:00,2865.0,2869.0,2865.0,2868.0,2785.0,682690.0,683665.0
2026-02-10 21:15:00,2868.0,2869.0,2867.0,2868.0,930.0,683665.0,683508.0
2026-02-10 21:20:00,2868.0,2869.0,2866.0,2866.0,1663.0,683508.0,684168.0
2026-02-10 21:25:00,2866.0,2866.0,2864.0,2865.0,2109.0,684168.0,684832.0
2026-02-10 21:30:00,2865.0,2866.0,2864.0,2865.0,759.0,684832.0,685070.0
2026-02-10 21:35:00,2865.0,2866.0,2864.0,2866.0,317.0,685070.0,685199.0
2026-02-10 21:40:00,2866.0,2866.0,2865.0,2866.0,267.0,685199.0,685134.0
2026-02-10 21:45:00,2866.0,2866.0,2864.0,2865.0,270.0,685134.0,685235.0
2026-02-10 21:50:00,2865.0,2865.0,2864.0,2865.0,270.0,685235.0,685384.0
2026-02-10 21:55:00,2865.0,2865.0,2864.0,2864.0,352.0,685384.0,685438.0
2026-02-10 22:00:00,2864.0,2865.0,2863.0,2864.0,707.0,685438.0,685332.0
2026-02-10 22:05:00,2864.0,2865.0,2864.0,2865.0,163.0,685332.0,685405.0
2026-02-10 22:10:00,2865.0,2866.0,2865.0,2866.0,272.0,685405.0,685391.0
2026-02-10 22:15:00,2866.0,2867.0,2865.0,2867.0,833.0,685391.0,685128.0
2026-02-10 22:20:00,2867.0,2867.0,2864.0,2864.0,1322.0,685128.0,685608.0
2026-02-10 22:25:00,2864.0,2865.0,2864.0,2865.0,577.0,685608.0,685602.0
2026-02-10 22:30:00,2865.0,2868.0,2865.0,2867.0,2315.0,685602.0,686010.0
2026-02-10 22:35:00,2867.0,2868.0,2866.0,2867.0,253.0,686010.0,686010.0
2026-02-10 22:40:00,2867.0,2868.0,2866.0,2868.0,1478.0,686010.0,685378.0
2026-02-10 22:45:00,2868.0,2869.0,2867.0,2868.0,747.0,685378.0,685121.0
2026-02-10 22:50:00,2868.0,2869.0,2868.0,2869.0,504.0,685121.0,684933.0
2026-02-10 22:55:00,2869.0,2872.0,2868.0,2871.0,2818.0,684933.0,684653.0
2026-02-11 09:00:00,2873.0,2875.0,2868.0,2873.0,7442.0,684653.0,683549.0
2026-02-11 09:05:00,2873.0,2874.0,2871.0,2873.0,5111.0,683549.0,684183.0
2026-02-11 09:10:00,2873.0,2877.0,2872.0,2876.0,6770.0,684183.0,684810.0
2026-02-11 09:15:00,2876.0,2877.0,2874.0,2875.0,2653.0,684810.0,684572.0
2026-02-11 09:20:00,2875.0,2877.0,2873.0,2874.0,2826.0,684572.0,684199.0
2026-02-11 09:25:00,2874.0,2875.0,2873.0,2874.0,2394.0,684199.0,684549.0
2026-02-11 09:30:00,2874.0,2877.0,2874.0,2876.0,3156.0,684549.0,684990.0
2026-02-11 09:35:00,2876.0,2879.0,2875.0,2878.0,5114.0,684990.0,686948.0
2026-02-11 09:40:00,2878.0,2880.0,2877.0,2880.0,2164.0,686948.0,687216.0
2026-02-11 09:45:00,2880.0,2881.0,2879.0,2881.0,5506.0,687216.0,686791.0
2026-02-11 09:50:00,2881.0,2882.0,2879.0,2879.0,1597.0,686791.0,686669.0
2026-02-11 09:55:00,2879.0,2882.0,2879.0,2881.0,2922.0,686669.0,686279.0
2026-02-11 10:00:00,2881.0,2883.0,2880.0,2880.0,1858.0,686279.0,686374.0
2026-02-11 10:05:00,2880.0,2884.0,2880.0,2882.0,1405.0,686374.0,686442.0
2026-02-11 10:10:00,2882.0,2884.0,2881.0,2884.0,1688.0,686442.0,686001.0
2026-02-11 10:30:00,2883.0,2886.0,2882.0,2883.0,4090.0,686001.0,685353.0
2026-02-11 10:35:00,2883.0,2885.0,2883.0,2884.0,1335.0,685353.0,685372.0
2026-02-11 10:40:00,2884.0,2885.0,2883.0,2884.0,1081.0,685372.0,685428.0
2026-02-11 10:45:00,2884.0,2885.0,2883.0,2884.0,999.0,685428.0,685646.0
2026-02-11 10:50:00,2884.0,2885.0,2880.0,2882.0,4459.0,685646.0,686309.0
2026-02-11 10:55:00,2882.0,2884.0,2881.0,2882.0,5845.0,686309.0,685562.0
2026-02-11 11:00:00,2882.0,2886.0,2882.0,2885.0,6230.0,685562.0,684493.0
2026-02-11 11:05:00,2885.0,2888.0,2885.0,2886.0,2242.0,684493.0,684262.0
2026-02-11 11:10:00,2886.0,2888.0,2884.0,2884.0,1630.0,684262.0,684198.0
2026-02-11 11:15:00,2884.0,2886.0,2883.0,2883.0,1292.0,684198.0,683981.0
2026-02-11 11:20:00,2883.0,2884.0,2882.0,2884.0,1192.0,683981.0,683881.0
2026-02-11 11:25:00,2884.0,2887.0,2884.0,2886.0,4057.0,683881.0,683555.0
2026-02-11 13:30:00,2886.0,2887.0,2884.0,2884.0,3536.0,683555.0,682736.0
2026-02-11 13:35:00,2884.0,2886.0,2884.0,2886.0,2995.0,682736.0,681609.0
2026-02-11 13:40:00,2886.0,2887.0,2885.0,2887.0,1852.0,681609.0,681045.0
2026-02-11 13:45:00,2887.0,2887.0,2884.0,2886.0,4878.0,681045.0,682507.0
2026-02-11 13:50:00,2886.0,2887.0,2885.0,2887.0,3168.0,682507.0,683145.0
2026-02-11 13:55:00,2887.0,2888.0,2886.0,2886.0,1368.0,683145.0,683590.0
2026-02-11 14:00:00,2886.0,2888.0,2886.0,2887.0,3406.0,683590.0,684895.0
2026-02-11 14:05:00,2887.0,2891.0,2887.0,2890.0,9496.0,684895.0,688773.0
2026-02-11 14:10:00,2890.0,2891.0,2889.0,2890.0,2804.0,688773.0,688066.0
2026-02-11 14:15:00,2890.0,2891.0,2889.0,2889.0,4145.0,688066.0,688885.0
2026-02-11 14:20:00,2889.0,2891.0,2889.0,2891.0,2569.0,688885.0,689783.0
2026-02-11 14:25:00,2891.0,2891.0,2886.0,2887.0,4168.0,689783.0,688902.0
2026-02-11 14:30:00,2887.0,2891.0,2885.0,2891.0,8343.0,688902.0,690557.0
2026-02-11 14:35:00,2891.0,2891.0,2890.0,2890.0,2305.0,690557.0,690435.0
2026-02-11 14:40:00,2890.0,2890.0,2888.0,2889.0,1532.0,690435.0,690605.0
2026-02-11 14:45:00,2889.0,2890.0,2888.0,2890.0,1283.0,690605.0,690322.0
2026-02-11 14:50:00,2890.0,2890.0,2888.0,2888.0,1870.0,690322.0,690149.0
2026-02-11 14:55:00,2888.0,2889.0,2887.0,2888.0,3171.0,690149.0,688930.0
2026-02-11 21:00:00,2878.0,2890.0,2878.0,2884.0,10109.0,688930.0,688445.0
2026-02-11 21:05:00,2884.0,2887.0,2882.0,2884.0,4650.0,688445.0,688866.0
2026-02-11 21:10:00,2884.0,2885.0,2881.0,2883.0,4798.0,688866.0,690992.0
2026-02-11 21:15:00,2883.0,2885.0,2880.0,2885.0,9221.0,690992.0,689808.0
2026-02-11 21:20:00,2885.0,2885.0,2880.0,2881.0,4601.0,689808.0,690808.0
2026-02-11 21:25:00,2881.0,2884.0,2881.0,2883.0,1948.0,690808.0,691193.0
2026-02-11 21:30:00,2883.0,2884.0,2882.0,2884.0,1685.0,691193.0,691947.0
2026-02-11 21:35:00,2884.0,2885.0,2882.0,2883.0,1640.0,691947.0,691673.0
2026-02-11 21:40:00,2883.0,2884.0,2881.0,2882.0,2016.0,691673.0,691522.0
2026-02-11 21:45:00,2882.0,2883.0,2881.0,2883.0,1560.0,691522.0,691365.0
2026-02-11 21:50:00,2883.0,2883.0,2881.0,2882.0,1393.0,691365.0,690865.0
2026-02-11 21:55:00,2882.0,2884.0,2882.0,2884.0,853.0,690865.0,690817.0
2026-02-11 22:00:00,2884.0,2885.0,2883.0,2884.0,1291.0,690817.0,690559.0
2026-02-11 22:05:00,2884.0,2886.0,2884.0,2885.0,400.0,690559.0,690462.0
2026-02-11 22:10:00,2885.0,2887.0,2885.0,2887.0,368.0,690462.0,690586.0
2026-02-11 22:15:00,2887.0,2887.0,2884.0,2884.0,798.0,690586.0,690800.0
2026-02-11 22:20:00,2884.0,2885.0,2883.0,2883.0,337.0,690800.0,690802.0
2026-02-11 22:25:00,2883.0,2884.0,2882.0,2883.0,2004.0,690802.0,690224.0
2026-02-11 22:30:00,2883.0,2884.0,2881.0,2881.0,1047.0,690224.0,690186.0
2026-02-11 22:35:00,2881.0,2883.0,2881.0,2883.0,315.0,690186.0,690157.0
2026-02-11 22:40:00,2883.0,2883.0,2880.0,2881.0,948.0,690157.0,690350.0
2026-02-11 22:45:00,2881.0,2882.0,2880.0,2880.0,1286.0,690350.0,690696.0
2026-02-11 22:50:00,2880.0,2881.0,2880.0,2881.0,907.0,690696.0,690956.0
2026-02-11 22:55:00,2881.0,2882.0,2880.0,2881.0,874.0,690956.0,690959.0
2026-02-12 09:00:00,2885.0,2893.0,2883.0,2893.0,9840.0,690959.0,690619.0
2026-02-12 09:05:00,2893.0,2894.0,2891.0,2894.0,4278.0,690619.0,691289.0
2026-02-12 09:10:00,2894.0,2896.0,2893.0,2894.0,7772.0,691289.0,694183.0
2026-02-12 09:15:00,2894.0,2897.0,2894.0,2897.0,1878.0,694183.0,694331.0
2026-02-12 09:20:00,2897.0,2904.0,2896.0,2902.0,14947.0,694331.0,696852.0
2026-02-12 09:25:00,2902.0,2904.0,2898.0,2899.0,5783.0,696852.0,696291.0
2026-02-12 09:30:00,2899.0,2903.0,2898.0,2900.0,4313.0,696291.0,695981.0
2026-02-12 09:35:00,2900.0,2901.0,2895.0,2896.0,2091.0,695981.0,695242.0
2026-02-12 09:40:00,2896.0,2896.0,2893.0,2893.0,1693.0,695242.0,695416.0
2026-02-12 09:45:00,2893.0,2895.0,2892.0,2892.0,3403.0,695416.0,695911.0
2026-02-12 09:50:00,2892.0,2893.0,2889.0,2892.0,4206.0,695911.0,697254.0
2026-02-12 09:55:00,2892.0,2894.0,2892.0,2894.0,1453.0,697254.0,697775.0
2026-02-12 10:00:00,2894.0,2895.0,2893.0,2893.0,1302.0,697775.0,697361.0
2026-02-12 10:05:00,2893.0,2896.0,2893.0,2896.0,2496.0,697361.0,696884.0
2026-02-12 10:10:00,2896.0,2896.0,2895.0,2896.0,969.0,696884.0,696884.0
2026-02-12 10:30:00,2896.0,2898.0,2896.0,2897.0,2294.0,696884.0,696413.0
2026-02-12 10:35:00,2897.0,2898.0,2894.0,2895.0,4086.0,696413.0,697763.0
2026-02-12 10:40:00,2895.0,2898.0,2894.0,2897.0,1703.0,697763.0,698672.0
2026-02-12 10:45:00,2897.0,2898.0,2896.0,2896.0,1553.0,698672.0,699183.0
2026-02-12 10:50:00,2896.0,2898.0,2896.0,2896.0,850.0,699183.0,698974.0
2026-02-12 10:55:00,2896.0,2897.0,2896.0,2897.0,606.0,698974.0,699250.0
2026-02-12 11:00:00,2897.0,2898.0,2896.0,2897.0,1472.0,699250.0,699165.0
2026-02-12 11:05:00,2897.0,2898.0,2896.0,2897.0,513.0,699165.0,699181.0
2026-02-12 11:10:00,2897.0,2898.0,2896.0,2897.0,944.0,699181.0,699099.0
2026-02-12 11:15:00,2897.0,2898.0,2897.0,2898.0,1281.0,699099.0,698712.0
2026-02-12 11:20:00,2898.0,2900.0,2898.0,2898.0,1503.0,698712.0,699011.0
2026-02-12 11:25:00,2898.0,2900.0,2898.0,2900.0,1757.0,699011.0,699707.0
2026-02-12 13:30:00,2899.0,2902.0,2899.0,2900.0,4632.0,699707.0,701530.0
2026-02-12 13:35:00,2900.0,2902.0,2900.0,2900.0,2645.0,701530.0,703170.0
2026-02-12 13:40:00,2900.0,2903.0,2900.0,2903.0,1486.0,703170.0,703702.0
2026-02-12 13:45:00,2903.0,2904.0,2902.0,2903.0,1871.0,703702.0,703785.0
2026-02-12 13:50:00,2903.0,2904.0,2902.0,2903.0,847.0,703785.0,703700.0
2026-02-12 13:55:00,2903.0,2904.0,2902.0,2903.0,1549.0,703700.0,703791.0
2026-02-12 14:00:00,2903.0,2905.0,2903.0,2905.0,769.0,703791.0,703391.0
2026-02-12 14:05:00,2905.0,2905.0,2902.0,2903.0,1290.0,703391.0,703308.0
2026-02-12 14:10:00,2903.0,2904.0,2902.0,2904.0,2435.0,703308.0,703303.0
2026-02-12 14:15:00,2904.0,2905.0,2903.0,2905.0,1617.0,703303.0,702873.0
2026-02-12 14:20:00,2905.0,2905.0,2903.0,2903.0,3028.0,702873.0,702843.0
2026-02-12 14:25:00,2903.0,2906.0,2903.0,2906.0,3286.0,702843.0,702516.0
2026-02-12 14:30:00,2906.0,2907.0,2904.0,2906.0,2236.0,702516.0,702749.0
2026-02-12 14:35:00,2906.0,2907.0,2905.0,2906.0,2217.0,702749.0,703277.0
2026-02-12 14:40:00,2906.0,2909.0,2905.0,2907.0,4805.0,703277.0,704414.0
2026-02-12 14:45:00,2907.0,2908.0,2899.0,2899.0,6620.0,704414.0,705612.0
2026-02-12 14:50:00,2899.0,2900.0,2894.0,2897.0,8294.0,705612.0,706056.0
2026-02-12 14:55:00,2897.0,2899.0,2894.0,2898.0,19705.0,706056.0,704039.0
2026-02-12 21:00:00,2898.0,2909.0,2897.0,2909.0,6247.0,704039.0,704273.0
2026-02-12 21:05:00,2909.0,2911.0,2907.0,2908.0,4303.0,704273.0,703513.0
2026-02-12 21:10:00,2908.0,2911.0,2908.0,2910.0,2521.0,703513.0,703342.0
2026-02-12 21:15:00,2910.0,2911.0,2908.0,2911.0,1810.0,703342.0,702714.0
2026-02-12 21:20:00,2911.0,2912.0,2909.0,2911.0,2410.0,702714.0,702618.0
2026-02-12 21:25:00,2911.0,2913.0,2910.0,2913.0,1924.0,702618.0,703065.0
2026-02-12 21:30:00,2913.0,2914.0,2911.0,2911.0,1188.0,703065.0,703107.0
2026-02-12 21:35:00,2911.0,2912.0,2910.0,2910.0,629.0,703107.0,703268.0
2026-02-12 21:40:00,2910.0,2912.0,2909.0,2911.0,1806.0,703268.0,703638.0
2026-02-12 21:45:00,2911.0,2912.0,2909.0,2911.0,1367.0,703638.0,703971.0
2026-02-12 21:50:00,2911.0,2911.0,2906.0,2906.0,891.0,703971.0,703849.0
2026-02-12 21:55:00,2906.0,2909.0,2906.0,2908.0,891.0,703849.0,704156.0
2026-02-12 22:00:00,2908.0,2910.0,2906.0,2907.0,3245.0,704156.0,703622.0
2026-02-12 22:05:00,2907.0,2909.0,2906.0,2909.0,609.0,703622.0,703631.0
2026-02-12 22:10:00,2909.0,2910.0,2908.0,2908.0,1249.0,703631.0,703963.0
2026-02-12 22:15:00,2908.0,2910.0,2908.0,2909.0,1160.0,703963.0,704175.0
2026-02-12 22:20:00,2909.0,2910.0,2909.0,2910.0,191.0,704175.0,704208.0
2026-02-12 22:25:00,2910.0,2911.0,2909.0,2911.0,690.0,704208.0,704026.0
2026-02-12 22:30:00,2911.0,2911.0,2908.0,2910.0,1033.0,704026.0,704385.0
2026-02-12 22:35:00,2910.0,2913.0,2909.0,2912.0,640.0,704385.0,704276.0
2026-02-12 22:40:00,2912.0,2914.0,2912.0,2913.0,1146.0,704276.0,704178.0
2026-02-12 22:45:00,2913.0,2918.0,2913.0,2917.0,3360.0,704178.0,703820.0
2026-02-12 22:50:00,2917.0,2917.0,2913.0,2914.0,1823.0,703820.0,703862.0
2026-02-12 22:55:00,2914.0,2916.0,2913.0,2914.0,1094.0,703862.0,703592.0
2026-02-13 09:00:00,2905.0,2908.0,2895.0,2897.0,10947.0,703592.0,702658.0
2026-02-13 09:05:00,2897.0,2898.0,2896.0,2896.0,3125.0,702658.0,702450.0
2026-02-13 09:10:00,2896.0,2898.0,2892.0,2896.0,3826.0,702450.0,701396.0
2026-02-13 09:15:00,2896.0,2898.0,2894.0,2898.0,2060.0,701396.0,701403.0
2026-02-13 09:20:00,2898.0,2900.0,2897.0,2897.0,1697.0,701403.0,701629.0
2026-02-13 09:25:00,2897.0,2900.0,2896.0,2899.0,1197.0,701629.0,701772.0
2026-02-13 09:30:00,2899.0,2901.0,2899.0,2899.0,893.0,701772.0,701839.0
2026-02-13 09:35:00,2899.0,2900.0,2897.0,2900.0,714.0,701839.0,701652.0
2026-02-13 09:40:00,2900.0,2903.0,2899.0,2902.0,1395.0,701652.0,701682.0
2026-02-13 09:45:00,2902.0,2904.0,2901.0,2901.0,949.0,701682.0,701576.0
2026-02-13 09:50:00,2901.0,2905.0,2899.0,2905.0,1788.0,701576.0,701950.0
2026-02-13 09:55:00,2905.0,2905.0,2903.0,2904.0,743.0,701950.0,702046.0
2026-02-13 10:00:00,2904.0,2905.0,2903.0,2904.0,1191.0,702046.0,702152.0
2026-02-13 10:05:00,2904.0,2905.0,2902.0,2904.0,745.0,702152.0,702342.0
2026-02-13 10:10:00,2904.0,2907.0,2904.0,2905.0,1078.0,702342.0,702295.0
2026-02-13 10:30:00,2905.0,2908.0,2905.0,2907.0,1476.0,702295.0,701546.0
2026-02-13 10:35:00,2907.0,2908.0,2905.0,2906.0,1324.0,701546.0,701363.0
2026-02-13 10:40:00,2906.0,2908.0,2906.0,2908.0,569.0,701363.0,701419.0
2026-02-13 10:45:00,2908.0,2910.0,2907.0,2908.0,918.0,701419.0,701497.0
2026-02-13 10:50:00,2908.0,2909.0,2906.0,2909.0,1076.0,701497.0,701530.0
2026-02-13 10:55:00,2909.0,2910.0,2904.0,2905.0,1197.0,701530.0,701606.0
2026-02-13 11:00:00,2905.0,2908.0,2905.0,2908.0,585.0,701606.0,701673.0
2026-02-13 11:05:00,2908.0,2909.0,2907.0,2907.0,1259.0,701673.0,701747.0
2026-02-13 11:10:00,2907.0,2911.0,2907.0,2911.0,1955.0,701747.0,701570.0
2026-02-13 11:15:00,2911.0,2911.0,2907.0,2909.0,8200.0,701570.0,698361.0
2026-02-13 11:20:00,2909.0,2909.0,2902.0,2904.0,7550.0,698361.0,698719.0
2026-02-13 11:25:00,2904.0,2906.0,2902.0,2906.0,1745.0,698719.0,697961.0
2026-02-13 13:30:00,2905.0,2909.0,2902.0,2903.0,9139.0,697961.0,695588.0
2026-02-13 13:35:00,2903.0,2903.0,2900.0,2901.0,2909.0,695588.0,695321.0
2026-02-13 13:40:00,2901.0,2902.0,2899.0,2899.0,2116.0,695321.0,695417.0
2026-02-13 13:45:00,2899.0,2902.0,2899.0,2901.0,2078.0,695417.0,695186.0
2026-02-13 13:50:00,2901.0,2903.0,2898.0,2902.0,3764.0,695186.0,696679.0
2026-02-13 13:55:00,2902.0,2905.0,2900.0,2903.0,6147.0,696679.0,698620.0
2026-02-13 14:00:00,2903.0,2904.0,2901.0,2904.0,2601.0,698620.0,699106.0
2026-02-13 14:05:00,2904.0,2905.0,2903.0,2904.0,681.0,699106.0,699150.0
2026-02-13 14:10:00,2904.0,2906.0,2904.0,2906.0,481.0,699150.0,699003.0
2026-02-13 14:15:00,2906.0,2908.0,2905.0,2908.0,799.0,699003.0,698983.0
2026-02-13 14:20:00,2908.0,2909.0,2908.0,2908.0,1048.0,698983.0,698791.0
2026-02-13 14:25:00,2908.0,2912.0,2908.0,2912.0,2773.0,698791.0,698946.0
2026-02-13 14:30:00,2912.0,2912.0,2902.0,2903.0,4951.0,698946.0,699339.0
2026-02-13 14:35:00,2903.0,2907.0,2903.0,2907.0,1921.0,699339.0,699947.0
2026-02-13 14:40:00,2907.0,2907.0,2902.0,2905.0,1567.0,699947.0,699898.0
2026-02-13 14:45:00,2905.0,2906.0,2902.0,2903.0,1784.0,699898.0,699479.0
2026-02-13 14:50:00,2903.0,2906.0,2902.0,2905.0,4289.0,699479.0,700003.0
2026-02-13 14:55:00,2905.0,2908.0,2904.0,2906.0,4443.0,700003.0,699468.0
2026-02-24 09:00:00,2900.0,2907.0,2893.0,2906.0,11753.0,699468.0,698737.0
2026-02-24 09:05:00,2906.0,2908.0,2903.0,2906.0,4501.0,698737.0,699113.0
2026-02-24 09:10:00,2906.0,2910.0,2906.0,2908.0,2549.0,699113.0,699152.0
2026-02-24 09:15:00,2908.0,2909.0,2902.0,2904.0,2330.0,699152.0,699713.0
2026-02-24 09:20:00,2904.0,2912.0,2904.0,2909.0,2733.0,699713.0,700155.0
2026-02-24 09:25:00,2909.0,2914.0,2908.0,2909.0,2591.0,700155.0,700507.0
2026-02-24 09:30:00,2909.0,2910.0,2907.0,2910.0,1658.0,700507.0,700263.0
2026-02-24 09:35:00,2910.0,2910.0,2906.0,2910.0,738.0,700263.0,700295.0
2026-02-24 09:40:00,2910.0,2914.0,2910.0,2910.0,2343.0,700295.0,700805.0
2026-02-24 09:45:00,2910.0,2911.0,2903.0,2904.0,5102.0,700805.0,702099.0
2026-02-24 09:50:00,2904.0,2909.0,2904.0,2908.0,1806.0,702099.0,702301.0
2026-02-24 09:55:00,2908.0,2908.0,2900.0,2905.0,4977.0,702301.0,702316.0
2026-02-24 10:00:00,2905.0,2909.0,2905.0,2908.0,2770.0,702316.0,702621.0
2026-02-24 10:05:00,2908.0,2909.0,2905.0,2907.0,3337.0,702621.0,703483.0
2026-02-24 10:10:00,2907.0,2910.0,2906.0,2908.0,1951.0,703483.0,703419.0
2026-02-24 10:30:00,2908.0,2908.0,2905.0,2907.0,3346.0,703419.0,703318.0
2026-02-24 10:35:00,2907.0,2908.0,2906.0,2907.0,1241.0,703318.0,703684.0
2026-02-24 10:40:00,2907.0,2908.0,2906.0,2908.0,1660.0,703684.0,703620.0
2026-02-24 10:45:00,2908.0,2910.0,2907.0,2907.0,1226.0,703620.0,704090.0
2026-02-24 10:50:00,2907.0,2908.0,2906.0,2907.0,901.0,704090.0,703967.0
2026-02-24 10:55:00,2907.0,2907.0,2904.0,2906.0,1723.0,703967.0,704044.0
2026-02-24 11:00:00,2906.0,2907.0,2904.0,2904.0,2241.0,704044.0,703890.0
2026-02-24 11:05:00,2904.0,2905.0,2903.0,2905.0,546.0,703890.0,703912.0
2026-02-24 11:10:00,2905.0,2907.0,2904.0,2906.0,465.0,703912.0,704044.0
2026-02-24 11:15:00,2906.0,2907.0,2905.0,2906.0,294.0,704044.0,704135.0
2026-02-24 11:20:00,2906.0,2909.0,2906.0,2908.0,1263.0,704135.0,704651.0
2026-02-24 11:25:00,2908.0,2909.0,2907.0,2908.0,575.0,704651.0,704610.0
2026-02-24 13:30:00,2908.0,2908.0,2905.0,2905.0,1826.0,704610.0,704512.0
2026-02-24 13:35:00,2905.0,2908.0,2905.0,2907.0,745.0,704512.0,704552.0
2026-02-24 13:40:00,2907.0,2908.0,2905.0,2905.0,1474.0,704552.0,704475.0
2026-02-24 13:45:00,2905.0,2907.0,2904.0,2906.0,743.0,704475.0,704577.0
2026-02-24 13:50:00,2906.0,2906.0,2902.0,2905.0,2824.0,704577.0,704556.0
2026-02-24 13:55:00,2905.0,2907.0,2905.0,2905.0,479.0,704556.0,704609.0
2026-02-24 14:00:00,2905.0,2907.0,2905.0,2905.0,199.0,704609.0,704619.0
2026-02-24 14:05:00,2905.0,2907.0,2904.0,2905.0,1468.0,704619.0,704557.0
2026-02-24 14:10:00,2905.0,2907.0,2904.0,2906.0,429.0,704557.0,704618.0
2026-02-24 14:15:00,2906.0,2907.0,2905.0,2905.0,325.0,704618.0,704740.0
2026-02-24 14:20:00,2905.0,2907.0,2905.0,2906.0,194.0,704740.0,704813.0
2026-02-24 14:25:00,2906.0,2907.0,2905.0,2906.0,401.0,704813.0,704723.0
2026-02-24 14:30:00,2906.0,2906.0,2903.0,2904.0,493.0,704723.0,704931.0
2026-02-24 14:35:00,2904.0,2904.0,2898.0,2899.0,1915.0,704931.0,705620.0
2026-02-24 14:40:00,2899.0,2900.0,2896.0,2898.0,2457.0,705620.0,706010.0
2026-02-24 14:45:00,2898.0,2898.0,2896.0,2897.0,2091.0,706010.0,706509.0
2026-02-24 14:50:00,2897.0,2900.0,2893.0,2895.0,4289.0,706509.0,706282.0
2026-02-24 14:55:00,2895.0,2895.0,2889.0,2890.0,11140.0,706282.0,702171.0
2026-02-24 21:00:00,2894.0,2898.0,2892.0,2897.0,8785.0,702171.0,702782.0
2026-02-24 21:05:00,2897.0,2900.0,2896.0,2896.0,4398.0,702782.0,702698.0
2026-02-24 21:10:00,2896.0,2897.0,2893.0,2893.0,6893.0,702698.0,701312.0
2026-02-24 21:15:00,2893.0,2896.0,2893.0,2894.0,3799.0,701312.0,701168.0
2026-02-24 21:20:00,2894.0,2896.0,2893.0,2895.0,1892.0,701168.0,701471.0
2026-02-24 21:25:00,2895.0,2897.0,2894.0,2895.0,1682.0,701471.0,701583.0
2026-02-24 21:30:00,2895.0,2897.0,2895.0,2897.0,1249.0,701583.0,701594.0
2026-02-24 21:35:00,2897.0,2899.0,2896.0,2899.0,2147.0,701594.0,701485.0
2026-02-24 21:40:00,2899.0,2902.0,2897.0,2901.0,5259.0,701485.0,702179.0
2026-02-24 21:45:00,2901.0,2906.0,2901.0,2902.0,5406.0,702179.0,702749.0
2026-02-24 21:50:00,2902.0,2904.0,2902.0,2903.0,4868.0,702749.0,703962.0
2026-02-24 21:55:00,2903.0,2906.0,2903.0,2905.0,5230.0,703962.0,705047.0
2026-02-24 22:00:00,2905.0,2906.0,2905.0,2905.0,1409.0,705047.0,705214.0
2026-02-24 22:05:00,2905.0,2906.0,2904.0,2905.0,2120.0,705214.0,705513.0
2026-02-24 22:10:00,2905.0,2906.0,2904.0,2904.0,774.0,705513.0,705586.0
2026-02-24 22:15:00,2904.0,2904.0,2901.0,2902.0,1125.0,705586.0,705819.0
2026-02-24 22:20:00,2902.0,2902.0,2901.0,2902.0,842.0,705819.0,706169.0
2026-02-24 22:25:00,2902.0,2903.0,2902.0,2903.0,1319.0,706169.0,706947.0
2026-02-24 22:30:00,2903.0,2903.0,2901.0,2902.0,2373.0,706947.0,707623.0
2026-02-24 22:35:00,2902.0,2902.0,2900.0,2902.0,1273.0,707623.0,707510.0
2026-02-24 22:40:00,2902.0,2906.0,2902.0,2906.0,1920.0,707510.0,708241.0
2026-02-24 22:45:00,2906.0,2907.0,2905.0,2906.0,1921.0,708241.0,708866.0
2026-02-24 22:50:00,2906.0,2906.0,2905.0,2906.0,444.0,708866.0,708751.0
2026-02-24 22:55:00,2906.0,2909.0,2905.0,2909.0,2016.0,708751.0,709276.0
2026-02-25 09:00:00,2909.0,2935.0,2908.0,2934.0,22657.0,709276.0,714724.0
2026-02-25 09:05:00,2934.0,2944.0,2933.0,2944.0,13649.0,714724.0,717494.0
2026-02-25 09:10:00,2944.0,2949.0,2937.0,2947.0,16958.0,717494.0,722592.0
2026-02-25 09:15:00,2947.0,2949.0,2943.0,2943.0,10693.0,722592.0,726473.0
2026-02-25 09:20:00,2943.0,2947.0,2941.0,2941.0,19529.0,726473.0,729687.0
2026-02-25 09:25:00,2941.0,2944.0,2938.0,2943.0,10000.0,729687.0,729678.0
2026-02-25 09:30:00,2943.0,2944.0,2938.0,2939.0,8460.0,729678.0,733089.0
2026-02-25 09:35:00,2939.0,2940.0,2935.0,2936.0,6208.0,733089.0,734328.0
2026-02-25 09:40:00,2936.0,2941.0,2936.0,2939.0,3024.0,734328.0,734819.0
2026-02-25 09:45:00,2939.0,2941.0,2938.0,2940.0,2927.0,734819.0,735674.0
2026-02-25 09:50:00,2940.0,2940.0,2935.0,2936.0,8809.0,735674.0,740203.0
2026-02-25 09:55:00,2936.0,2937.0,2932.0,2933.0,4891.0,740203.0,741140.0
2026-02-25 10:00:00,2933.0,2938.0,2933.0,2937.0,2972.0,741140.0,742000.0
2026-02-25 10:05:00,2937.0,2938.0,2936.0,2937.0,2060.0,742000.0,741912.0
2026-02-25 10:10:00,2937.0,2939.0,2936.0,2939.0,1768.0,741912.0,742629.0
2026-02-25 10:30:00,2939.0,2940.0,2937.0,2940.0,3804.0,742629.0,743340.0
2026-02-25 10:35:00,2940.0,2942.0,2939.0,2941.0,931.0,743340.0,743732.0
2026-02-25 10:40:00,2941.0,2944.0,2940.0,2943.0,2097.0,743732.0,743214.0
2026-02-25 10:45:00,2943.0,2945.0,2942.0,2943.0,1962.0,743214.0,742996.0
2026-02-25 10:50:00,2943.0,2944.0,2942.0,2943.0,1454.0,742996.0,743460.0
2026-02-25 10:55:00,2943.0,2946.0,2943.0,2946.0,1469.0,743460.0,743260.0
2026-02-25 11:00:00,2946.0,2947.0,2944.0,2946.0,3096.0,743260.0,744452.0
2026-02-25 11:05:00,2946.0,2947.0,2946.0,2946.0,1588.0,744452.0,745264.0
2026-02-25 11:10:00,2946.0,2946.0,2943.0,2945.0,6049.0,745264.0,748797.0
2026-02-25 11:15:00,2945.0,2945.0,2940.0,2943.0,2748.0,748797.0,749593.0
2026-02-25 11:20:00,2943.0,2943.0,2940.0,2941.0,4219.0,749593.0,751144.0
2026-02-25 11:25:00,2941.0,2943.0,2940.0,2943.0,3927.0,751144.0,752633.0
2026-02-25 13:30:00,2942.0,2942.0,2939.0,2942.0,1620.0,752633.0,752714.0
2026-02-25 13:35:00,2942.0,2942.0,2941.0,2942.0,1158.0,752714.0,752790.0
2026-02-25 13:40:00,2942.0,2944.0,2942.0,2944.0,993.0,752790.0,752912.0
2026-02-25 13:45:00,2944.0,2945.0,2941.0,2942.0,1808.0,752912.0,753197.0
2026-02-25 13:50:00,2942.0,2943.0,2940.0,2940.0,1328.0,753197.0,752969.0
2026-02-25 13:55:00,2940.0,2941.0,2936.0,2937.0,3727.0,752969.0,752070.0
2026-02-25 14:00:00,2937.0,2938.0,2935.0,2937.0,1457.0,752070.0,751684.0
2026-02-25 14:05:00,2937.0,2938.0,2934.0,2935.0,2983.0,751684.0,752690.0
2026-02-25 14:10:00,2935.0,2935.0,2933.0,2934.0,1738.0,752690.0,752398.0
2026-02-25 14:15:00,2934.0,2935.0,2932.0,2933.0,1264.0,752398.0,752259.0
2026-02-25 14:20:00,2933.0,2934.0,2932.0,2933.0,1488.0,752259.0,752060.0
2026-02-25 14:25:00,2933.0,2934.0,2931.0,2932.0,997.0,752060.0,751973.0
2026-02-25 14:30:00,2932.0,2937.0,2931.0,2935.0,2250.0,751973.0,752325.0
2026-02-25 14:35:00,2935.0,2936.0,2933.0,2933.0,1220.0,752325.0,752234.0
2026-02-25 14:40:00,2933.0,2937.0,2933.0,2936.0,1354.0,752234.0,752358.0
2026-02-25 14:45:00,2936.0,2938.0,2935.0,2935.0,1329.0,752358.0,752614.0
2026-02-25 14:50:00,2935.0,2935.0,2933.0,2934.0,1533.0,752614.0,752593.0
2026-02-25 14:55:00,2934.0,2936.0,2933.0,2936.0,2916.0,752593.0,752963.0
2026-02-25 21:00:00,2934.0,2941.0,2932.0,2939.0,9632.0,752963.0,752590.0
2026-02-25 21:05:00,2939.0,2939.0,2935.0,2937.0,2463.0,752590.0,753271.0
2026-02-25 21:10:00,2937.0,2939.0,2936.0,2938.0,4312.0,753271.0,753489.0
2026-02-25 21:15:00,2938.0,2940.0,2935.0,2936.0,3258.0,753489.0,753627.0
2026-02-25 21:20:00,2936.0,2938.0,2933.0,2936.0,3937.0,753627.0,752756.0
2026-02-25 21:25:00,2936.0,2936.0,2934.0,2936.0,1693.0,752756.0,752657.0
2026-02-25 21:30:00,2936.0,2936.0,2934.0,2934.0,1570.0,752657.0,752208.0
2026-02-25 21:35:00,2934.0,2936.0,2934.0,2934.0,456.0,752208.0,751940.0
2026-02-25 21:40:00,2934.0,2935.0,2934.0,2935.0,153.0,751940.0,751921.0
2026-02-25 21:45:00,2935.0,2936.0,2935.0,2935.0,2066.0,751921.0,753109.0
2026-02-25 21:50:00,2935.0,2938.0,2935.0,2936.0,3370.0,753109.0,753890.0
2026-02-25 21:55:00,2936.0,2937.0,2935.0,2936.0,565.0,753890.0,753876.0
2026-02-25 22:00:00,2936.0,2938.0,2936.0,2938.0,392.0,753876.0,753917.0
2026-02-25 22:05:00,2938.0,2939.0,2937.0,2937.0,523.0,753917.0,753974.0
2026-02-25 22:10:00,2937.0,2938.0,2937.0,2938.0,97.0,753974.0,753997.0
2026-02-25 22:15:00,2938.0,2938.0,2935.0,2937.0,2440.0,753997.0,754831.0
2026-02-25 22:20:00,2937.0,2938.0,2936.0,2937.0,729.0,754831.0,754803.0
2026-02-25 22:25:00,2937.0,2938.0,2937.0,2938.0,172.0,754803.0,754863.0
2026-02-25 22:30:00,2938.0,2938.0,2933.0,2934.0,2168.0,754863.0,754723.0
2026-02-25 22:35:00,2934.0,2934.0,2931.0,2933.0,2772.0,754723.0,754631.0
2026-02-25 22:40:00,2933.0,2933.0,2930.0,2932.0,2233.0,754631.0,754645.0
2026-02-25 22:45:00,2932.0,2933.0,2930.0,2932.0,3386.0,754645.0,755233.0
2026-02-25 22:50:00,2932.0,2934.0,2932.0,2933.0,4200.0,755233.0,756434.0
2026-02-25 22:55:00,2933.0,2934.0,2930.0,2933.0,2241.0,756434.0,757086.0
2026-02-26 09:00:00,2941.0,2947.0,2941.0,2943.0,11920.0,757086.0,758103.0
2026-02-26 09:05:00,2943.0,2946.0,2941.0,2946.0,5156.0,758103.0,758609.0
2026-02-26 09:10:00,2946.0,2946.0,2943.0,2945.0,1174.0,758609.0,758432.0
2026-02-26 09:15:00,2945.0,2946.0,2943.0,2945.0,1281.0,758432.0,758046.0
2026-02-26 09:20:00,2945.0,2946.0,2944.0,2946.0,635.0,758046.0,758393.0
2026-02-26 09:25:00,2946.0,2948.0,2944.0,2947.0,2353.0,758393.0,759273.0
2026-02-26 09:30:00,2947.0,2948.0,2946.0,2947.0,2164.0,759273.0,760218.0
2026-02-26 09:35:00,2947.0,2947.0,2945.0,2947.0,1890.0,760218.0,761089.0
2026-02-26 09:40:00,2947.0,2950.0,2946.0,2950.0,4452.0,761089.0,763029.0
2026-02-26 09:45:00,2950.0,2950.0,2946.0,2948.0,1167.0,763029.0,763484.0
2026-02-26 09:50:00,2948.0,2948.0,2945.0,2945.0,1525.0,763484.0,763975.0
2026-02-26 09:55:00,2945.0,2949.0,2945.0,2948.0,1025.0,763975.0,763929.0
2026-02-26 10:00:00,2948.0,2952.0,2948.0,2951.0,2108.0,763929.0,763679.0
2026-02-26 10:05:00,2951.0,2954.0,2951.0,2952.0,2165.0,763679.0,763814.0
2026-02-26 10:10:00,2952.0,2957.0,2951.0,2955.0,5157.0,763814.0,763811.0
2026-02-26 10:30:00,2952.0,2955.0,2948.0,2949.0,5348.0,763811.0,765295.0
2026-02-26 10:35:00,2949.0,2950.0,2947.0,2948.0,4202.0,765295.0,767491.0
2026-02-26 10:40:00,2948.0,2949.0,2944.0,2947.0,5505.0,767491.0,768868.0
2026-02-26 10:45:00,2947.0,2951.0,2943.0,2944.0,5350.0,768868.0,771112.0
2026-02-26 10:50:00,2944.0,2947.0,2944.0,2947.0,3622.0,771112.0,771870.0
2026-02-26 10:55:00,2947.0,2949.0,2945.0,2947.0,5046.0,771870.0,773668.0
2026-02-26 11:00:00,2947.0,2948.0,2946.0,2947.0,1859.0,773668.0,774338.0
2026-02-26 11:05:00,2947.0,2947.0,2943.0,2944.0,2568.0,774338.0,774304.0
2026-02-26 11:10:00,2944.0,2950.0,2943.0,2948.0,4559.0,774304.0,776202.0
2026-02-26 11:15:00,2948.0,2950.0,2947.0,2949.0,1950.0,776202.0,776520.0
2026-02-26 11:20:00,2949.0,2953.0,2948.0,2950.0,7576.0,776520.0,778763.0
2026-02-26 11:25:00,2950.0,2952.0,2947.0,2951.0,4037.0,778763.0,780643.0
2026-02-26 13:30:00,2951.0,2953.0,2948.0,2950.0,5950.0,780643.0,782012.0
2026-02-26 13:35:00,2950.0,2950.0,2946.0,2947.0,3224.0,782012.0,783464.0
2026-02-26 13:40:00,2947.0,2949.0,2946.0,2948.0,1164.0,783464.0,783531.0
2026-02-26 13:45:00,2948.0,2951.0,2948.0,2951.0,2591.0,783531.0,783830.0
2026-02-26 13:50:00,2951.0,2951.0,2947.0,2949.0,5804.0,783830.0,785008.0
2026-02-26 13:55:00,2949.0,2949.0,2946.0,2947.0,2371.0,785008.0,783945.0
2026-02-26 14:00:00,2947.0,2949.0,2947.0,2949.0,1816.0,783945.0,783541.0
2026-02-26 14:05:00,2949.0,2951.0,2948.0,2950.0,4815.0,783541.0,783389.0
2026-02-26 14:10:00,2950.0,2951.0,2948.0,2950.0,3273.0,783389.0,782611.0
2026-02-26 14:15:00,2950.0,2951.0,2949.0,2950.0,1354.0,782611.0,782055.0
2026-02-26 14:20:00,2950.0,2951.0,2949.0,2949.0,1493.0,782055.0,781742.0
2026-02-26 14:25:00,2949.0,2951.0,2949.0,2950.0,2210.0,781742.0,782155.0
2026-02-26 14:30:00,2950.0,2951.0,2948.0,2949.0,1195.0,782155.0,781701.0
2026-02-26 14:35:00,2949.0,2949.0,2946.0,2947.0,1786.0,781701.0,781164.0
2026-02-26 14:40:00,2947.0,2951.0,2946.0,2950.0,1688.0,781164.0,781225.0
2026-02-26 14:45:00,2950.0,2952.0,2949.0,2951.0,671.0,781225.0,781626.0
2026-02-26 14:50:00,2951.0,2953.0,2950.0,2951.0,1959.0,781626.0,782179.0
2026-02-26 14:55:00,2951.0,2952.0,2949.0,2951.0,2986.0,782179.0,782789.0
2026-02-26 21:00:00,2953.0,2955.0,2951.0,2954.0,6475.0,782789.0,782906.0
2026-02-26 21:05:00,2954.0,2954.0,2949.0,2949.0,2467.0,782906.0,782966.0
2026-02-26 21:10:00,2949.0,2951.0,2946.0,2948.0,3339.0,782966.0,782698.0
2026-02-26 21:15:00,2948.0,2949.0,2947.0,2948.0,1708.0,782698.0,782780.0
2026-02-26 21:20:00,2948.0,2948.0,2943.0,2945.0,3139.0,782780.0,782916.0
2026-02-26 21:25:00,2945.0,2947.0,2944.0,2945.0,869.0,782916.0,782869.0
2026-02-26 21:30:00,2945.0,2946.0,2944.0,2945.0,832.0,782869.0,782885.0
2026-02-26 21:35:00,2945.0,2946.0,2945.0,2946.0,518.0,782885.0,783161.0
2026-02-26 21:40:00,2946.0,2946.0,2944.0,2946.0,1749.0,783161.0,783289.0
2026-02-26 21:45:00,2946.0,2948.0,2945.0,2948.0,1052.0,783289.0,783374.0
2026-02-26 21:50:00,2948.0,2952.0,2948.0,2949.0,1576.0,783374.0,783838.0
2026-02-26 21:55:00,2949.0,2952.0,2949.0,2951.0,632.0,783838.0,783958.0
2026-02-26 22:00:00,2951.0,2951.0,2949.0,2950.0,340.0,783958.0,783983.0
2026-02-26 22:05:00,2950.0,2951.0,2949.0,2950.0,914.0,783983.0,783875.0
2026-02-26 22:10:00,2950.0,2952.0,2950.0,2952.0,557.0,783875.0,783922.0
2026-02-26 22:15:00,2952.0,2953.0,2950.0,2951.0,554.0,783922.0,784125.0
2026-02-26 22:20:00,2951.0,2952.0,2949.0,2950.0,828.0,784125.0,783985.0
2026-02-26 22:25:00,2950.0,2952.0,2950.0,2951.0,277.0,783985.0,784016.0
2026-02-26 22:30:00,2951.0,2951.0,2947.0,2949.0,710.0,784016.0,784081.0
2026-02-26 22:35:00,2949.0,2949.0,2945.0,2946.0,1029.0,784081.0,783866.0
2026-02-26 22:40:00,2946.0,2947.0,2944.0,2946.0,1267.0,783866.0,783623.0
2026-02-26 22:45:00,2946.0,2946.0,2945.0,2945.0,218.0,783623.0,783756.0
2026-02-26 22:50:00,2945.0,2946.0,2942.0,2944.0,1728.0,783756.0,783444.0
2026-02-26 22:55:00,2944.0,2945.0,2941.0,2943.0,3605.0,783444.0,784074.0
2026-02-27 09:00:00,2942.0,2948.0,2942.0,2944.0,2408.0,784074.0,784351.0
2026-02-27 09:05:00,2944.0,2949.0,2944.0,2947.0,8101.0,784351.0,787674.0
2026-02-27 09:10:00,2947.0,2947.0,2943.0,2943.0,3299.0,787674.0,789171.0
2026-02-27 09:15:00,2943.0,2946.0,2943.0,2944.0,1664.0,789171.0,789294.0
2026-02-27 09:20:00,2944.0,2948.0,2943.0,2947.0,2028.0,789294.0,788862.0
2026-02-27 09:25:00,2947.0,2949.0,2945.0,2946.0,1338.0,788862.0,788853.0
2026-02-27 09:30:00,2946.0,2948.0,2945.0,2948.0,1274.0,788853.0,788912.0
2026-02-27 09:35:00,2948.0,2949.0,2947.0,2948.0,1424.0,788912.0,789699.0
2026-02-27 09:40:00,2948.0,2949.0,2947.0,2948.0,627.0,789699.0,789883.0
2026-02-27 09:45:00,2948.0,2948.0,2946.0,2947.0,738.0,789883.0,790047.0
2026-02-27 09:50:00,2947.0,2949.0,2946.0,2949.0,1367.0,790047.0,790415.0
2026-02-27 09:55:00,2949.0,2950.0,2947.0,2949.0,2258.0,790415.0,790806.0
2026-02-27 10:00:00,2949.0,2950.0,2947.0,2948.0,2029.0,790806.0,791436.0
2026-02-27 10:05:00,2948.0,2950.0,2948.0,2949.0,1487.0,791436.0,791623.0
2026-02-27 10:10:00,2949.0,2950.0,2949.0,2949.0,1296.0,791623.0,791827.0
2026-02-27 10:30:00,2949.0,2951.0,2948.0,2949.0,991.0,791827.0,791778.0
2026-02-27 10:35:00,2949.0,2950.0,2946.0,2947.0,5201.0,791778.0,792862.0
2026-02-27 10:40:00,2947.0,2948.0,2947.0,2948.0,2768.0,792862.0,793683.0
2026-02-27 10:45:00,2948.0,2949.0,2947.0,2948.0,917.0,793683.0,793529.0
2026-02-27 10:50:00,2948.0,2949.0,2947.0,2948.0,889.0,793529.0,793370.0
2026-02-27 10:55:00,2948.0,2950.0,2948.0,2949.0,1008.0,793370.0,793333.0
2026-02-27 11:00:00,2949.0,2950.0,2947.0,2949.0,3100.0,793333.0,793693.0
2026-02-27 11:05:00,2949.0,2950.0,2947.0,2949.0,4734.0,793693.0,795678.0
2026-02-27 11:10:00,2949.0,2950.0,2948.0,2948.0,1160.0,795678.0,795344.0
2026-02-27 11:15:00,2948.0,2949.0,2944.0,2944.0,7251.0,795344.0,795885.0
2026-02-27 11:20:00,2944.0,2944.0,2940.0,2941.0,3236.0,795885.0,794933.0
2026-02-27 11:25:00,2941.0,2943.0,2939.0,2942.0,4014.0,794933.0,793492.0
2026-02-27 13:30:00,2942.0,2946.0,2942.0,2942.0,3457.0,793492.0,792604.0
2026-02-27 13:35:00,2942.0,2944.0,2942.0,2944.0,4046.0,792604.0,791508.0
2026-02-27 13:40:00,2944.0,2944.0,2941.0,2943.0,2620.0,791508.0,790746.0
2026-02-27 13:45:00,2943.0,2945.0,2942.0,2943.0,3727.0,790746.0,790194.0
2026-02-27 13:50:00,2943.0,2945.0,2943.0,2945.0,1652.0,790194.0,790504.0
2026-02-27 13:55:00,2945.0,2946.0,2944.0,2944.0,1879.0,790504.0,791010.0
2026-02-27 14:00:00,2944.0,2945.0,2943.0,2943.0,1544.0,791010.0,790833.0
2026-02-27 14:05:00,2943.0,2947.0,2943.0,2946.0,1634.0,790833.0,790744.0
2026-02-27 14:10:00,2946.0,2949.0,2946.0,2949.0,1641.0,790744.0,790396.0
2026-02-27 14:15:00,2949.0,2949.0,2946.0,2947.0,3310.0,790396.0,789563.0
2026-02-27 14:20:00,2947.0,2949.0,2946.0,2948.0,3031.0,789563.0,790185.0
2026-02-27 14:25:00,2948.0,2952.0,2948.0,2950.0,3589.0,790185.0,790406.0
2026-02-27 14:30:00,2950.0,2950.0,2947.0,2948.0,1435.0,790406.0,790536.0
2026-02-27 14:35:00,2948.0,2949.0,2947.0,2947.0,2794.0,790536.0,790712.0
2026-02-27 14:40:00,2947.0,2948.0,2946.0,2947.0,1514.0,790712.0,790545.0
2026-02-27 14:45:00,2947.0,2947.0,2944.0,2945.0,4815.0,790545.0,791839.0
2026-02-27 14:50:00,2945.0,2949.0,2944.0,2949.0,2073.0,791839.0,792886.0
2026-02-27 14:55:00,2949.0,2951.0,2947.0,2951.0,6185.0,792886.0,790608.0
2026-02-27 21:00:00,2945.0,2950.0,2940.0,2944.0,12093.0,790608.0,790538.0
2026-02-27 21:05:00,2944.0,2945.0,2940.0,2942.0,6951.0,790538.0,790848.0
2026-02-27 21:10:00,2942.0,2943.0,2940.0,2941.0,5855.0,790848.0,791088.0
2026-02-27 21:15:00,2941.0,2945.0,2940.0,2944.0,5643.0,791088.0,793922.0
2026-02-27 21:20:00,2944.0,2945.0,2941.0,2942.0,4125.0,793922.0,794280.0
2026-02-27 21:25:00,2942.0,2943.0,2940.0,2941.0,2689.0,794280.0,794314.0
2026-02-27 21:30:00,2941.0,2942.0,2939.0,2941.0,2364.0,794314.0,794956.0
2026-02-27 21:35:00,2941.0,2944.0,2941.0,2943.0,1787.0,794956.0,795069.0
2026-02-27 21:40:00,2943.0,2946.0,2943.0,2945.0,2006.0,795069.0,794953.0
2026-02-27 21:45:00,2945.0,2946.0,2942.0,2942.0,1389.0,794953.0,795020.0
2026-02-27 21:50:00,2942.0,2943.0,2941.0,2942.0,967.0,795020.0,795312.0
2026-02-27 21:55:00,2942.0,2943.0,2941.0,2943.0,638.0,795312.0,795183.0
2026-02-27 22:00:00,2943.0,2944.0,2942.0,2944.0,430.0,795183.0,795247.0
2026-02-27 22:05:00,2944.0,2945.0,2943.0,2943.0,903.0,795247.0,795074.0
2026-02-27 22:10:00,2943.0,2945.0,2942.0,2945.0,163.0,795074.0,795015.0
2026-02-27 22:15:00,2945.0,2946.0,2944.0,2945.0,1689.0,795015.0,795048.0
2026-02-27 22:20:00,2945.0,2947.0,2944.0,2946.0,1352.0,795048.0,795460.0
2026-02-27 22:25:00,2946.0,2946.0,2944.0,2944.0,482.0,795460.0,795493.0
2026-02-27 22:30:00,2944.0,2944.0,2941.0,2942.0,1793.0,795493.0,795956.0
2026-02-27 22:35:00,2942.0,2943.0,2941.0,2942.0,1293.0,795956.0,795689.0
2026-02-27 22:40:00,2942.0,2943.0,2941.0,2942.0,897.0,795689.0,795729.0
2026-02-27 22:45:00,2942.0,2943.0,2941.0,2942.0,545.0,795729.0,795829.0
2026-02-27 22:50:00,2942.0,2944.0,2941.0,2943.0,497.0,795829.0,795850.0
2026-02-27 22:55:00,2943.0,2945.0,2942.0,2943.0,1422.0,795850.0,795095.0
2026-03-02 09:00:00,2955.0,2960.0,2952.0,2953.0,17624.0,795095.0,796169.0
2026-03-02 09:05:00,2953.0,2957.0,2951.0,2951.0,6436.0,796169.0,795364.0
2026-03-02 09:10:00,2951.0,2954.0,2950.0,2952.0,8862.0,795364.0,797820.0
2026-03-02 09:15:00,2952.0,2952.0,2945.0,2947.0,5863.0,797820.0,797786.0
2026-03-02 09:20:00,2947.0,2950.0,2945.0,2949.0,8189.0,797786.0,796598.0
2026-03-02 09:25:00,2949.0,2950.0,2947.0,2949.0,3953.0,796598.0,796714.0
2026-03-02 09:30:00,2949.0,2951.0,2947.0,2948.0,6394.0,796714.0,796500.0
2026-03-02 09:35:00,2948.0,2952.0,2948.0,2950.0,2649.0,796500.0,796803.0
2026-03-02 09:40:00,2950.0,2950.0,2947.0,2949.0,2068.0,796803.0,796769.0
2026-03-02 09:45:00,2949.0,2950.0,2945.0,2947.0,2869.0,796769.0,797470.0
2026-03-02 09:50:00,2947.0,2947.0,2945.0,2947.0,801.0,797470.0,797554.0
2026-03-02 09:55:00,2947.0,2948.0,2944.0,2945.0,4330.0,797554.0,799106.0
2026-03-02 10:00:00,2945.0,2947.0,2944.0,2945.0,2147.0,799106.0,799478.0
2026-03-02 10:05:00,2945.0,2946.0,2943.0,2945.0,2458.0,799478.0,800237.0
2026-03-02 10:10:00,2945.0,2945.0,2942.0,2942.0,1333.0,800237.0,799762.0
2026-03-02 10:30:00,2942.0,2944.0,2941.0,2942.0,3520.0,799762.0,798487.0
2026-03-02 10:35:00,2942.0,2943.0,2939.0,2939.0,1883.0,798487.0,798195.0
2026-03-02 10:40:00,2939.0,2940.0,2935.0,2939.0,5967.0,798195.0,798606.0
2026-03-02 10:45:00,2939.0,2939.0,2935.0,2936.0,1773.0,798606.0,798514.0
2026-03-02 10:50:00,2936.0,2938.0,2936.0,2936.0,1930.0,798514.0,798776.0
2026-03-02 10:55:00,2936.0,2938.0,2935.0,2935.0,1723.0,798776.0,798727.0
2026-03-02 11:00:00,2935.0,2936.0,2934.0,2935.0,977.0,798727.0,798684.0
2026-03-02 11:05:00,2935.0,2937.0,2935.0,2935.0,890.0,798684.0,798846.0
2026-03-02 11:10:00,2935.0,2936.0,2934.0,2936.0,1977.0,798846.0,798970.0
2026-03-02 11:15:00,2936.0,2941.0,2936.0,2940.0,3455.0,798970.0,799202.0
2026-03-02 11:20:00,2940.0,2942.0,2938.0,2939.0,1105.0,799202.0,799235.0
2026-03-02 11:25:00,2939.0,2942.0,2939.0,2940.0,2965.0,799235.0,799009.0
2026-03-02 13:30:00,2942.0,2942.0,2939.0,2940.0,3120.0,799009.0,799427.0
2026-03-02 13:35:00,2940.0,2941.0,2938.0,2941.0,1902.0,799427.0,799680.0
2026-03-02 13:40:00,2941.0,2943.0,2938.0,2942.0,3035.0,799680.0,800689.0
2026-03-02 13:45:00,2942.0,2943.0,2940.0,2943.0,1599.0,800689.0,800626.0
2026-03-02 13:50:00,2943.0,2944.0,2941.0,2942.0,2834.0,800626.0,800976.0
2026-03-02 13:55:00,2942.0,2944.0,2941.0,2943.0,1327.0,800976.0,801550.0
2026-03-02 14:00:00,2943.0,2944.0,2942.0,2943.0,3059.0,801550.0,800255.0
2026-03-02 14:05:00,2943.0,2944.0,2943.0,2943.0,699.0,800255.0,800353.0
2026-03-02 14:10:00,2943.0,2945.0,2943.0,2944.0,1743.0,800353.0,800103.0
2026-03-02 14:15:00,2944.0,2946.0,2943.0,2946.0,2999.0,800103.0,800368.0
2026-03-02 14:20:00,2946.0,2946.0,2943.0,2945.0,1364.0,800368.0,800763.0
2026-03-02 14:25:00,2945.0,2945.0,2944.0,2945.0,1189.0,800763.0,800669.0
2026-03-02 14:30:00,2945.0,2946.0,2943.0,2946.0,2845.0,800669.0,799424.0
2026-03-02 14:35:00,2946.0,2946.0,2943.0,2945.0,704.0,799424.0,799475.0
2026-03-02 14:40:00,2945.0,2947.0,2943.0,2946.0,2065.0,799475.0,799305.0
2026-03-02 14:45:00,2946.0,2948.0,2945.0,2947.0,3477.0,799305.0,799424.0
2026-03-02 14:50:00,2947.0,2948.0,2946.0,2946.0,1738.0,799424.0,798900.0
2026-03-02 14:55:00,2946.0,2954.0,2946.0,2952.0,7501.0,798900.0,799557.0
2026-03-02 21:00:00,2947.0,2950.0,2941.0,2942.0,9344.0,799557.0,798753.0
2026-03-02 21:05:00,2942.0,2944.0,2941.0,2943.0,5762.0,798753.0,800136.0
2026-03-02 21:10:00,2943.0,2944.0,2939.0,2939.0,5678.0,800136.0,799099.0
2026-03-02 21:15:00,2939.0,2944.0,2939.0,2944.0,1819.0,799099.0,799726.0
2026-03-02 21:20:00,2944.0,2946.0,2942.0,2945.0,3195.0,799726.0,799993.0
2026-03-02 21:25:00,2945.0,2946.0,2944.0,2945.0,1541.0,799993.0,800321.0
2026-03-02 21:30:00,2945.0,2945.0,2942.0,2943.0,3080.0,800321.0,800835.0
2026-03-02 21:35:00,2943.0,2945.0,2942.0,2945.0,1267.0,800835.0,800786.0
2026-03-02 21:40:00,2945.0,2945.0,2942.0,2944.0,1944.0,800786.0,801000.0
2026-03-02 21:45:00,2944.0,2945.0,2942.0,2942.0,622.0,801000.0,801256.0
2026-03-02 21:50:00,2942.0,2945.0,2942.0,2944.0,772.0,801256.0,801355.0
2026-03-02 21:55:00,2944.0,2945.0,2943.0,2943.0,851.0,801355.0,801688.0
2026-03-02 22:00:00,2943.0,2946.0,2943.0,2946.0,1506.0,801688.0,802443.0
2026-03-02 22:05:00,2946.0,2947.0,2943.0,2946.0,874.0,802443.0,802188.0
2026-03-02 22:10:00,2946.0,2946.0,2944.0,2944.0,2578.0,802188.0,802211.0
2026-03-02 22:15:00,2944.0,2945.0,2943.0,2944.0,689.0,802211.0,802201.0
2026-03-02 22:20:00,2944.0,2944.0,2941.0,2942.0,1376.0,802201.0,802295.0
2026-03-02 22:25:00,2942.0,2944.0,2940.0,2940.0,2576.0,802295.0,802767.0
2026-03-02 22:30:00,2940.0,2942.0,2938.0,2940.0,2320.0,802767.0,802580.0
2026-03-02 22:35:00,2940.0,2945.0,2940.0,2944.0,1212.0,802580.0,802900.0
2026-03-02 22:40:00,2944.0,2946.0,2943.0,2943.0,1561.0,802900.0,802886.0
2026-03-02 22:45:00,2943.0,2944.0,2941.0,2943.0,1264.0,802886.0,802966.0
2026-03-02 22:50:00,2943.0,2944.0,2942.0,2943.0,671.0,802966.0,802673.0
2026-03-02 22:55:00,2943.0,2947.0,2943.0,2943.0,1504.0,802673.0,802590.0
2026-03-03 09:00:00,2938.0,2949.0,2938.0,2947.0,4693.0,802590.0,802881.0
2026-03-03 09:05:00,2947.0,2954.0,2946.0,2950.0,7003.0,802881.0,803820.0
2026-03-03 09:10:00,2950.0,2962.0,2950.0,2960.0,8541.0,803820.0,804198.0
2026-03-03 09:15:00,2960.0,2965.0,2954.0,2955.0,7964.0,804198.0,806637.0
2026-03-03 09:20:00,2955.0,2958.0,2951.0,2953.0,6260.0,806637.0,807724.0
2026-03-03 09:25:00,2953.0,2955.0,2951.0,2954.0,6417.0,807724.0,807934.0
2026-03-03 09:30:00,2954.0,2956.0,2953.0,2956.0,3433.0,807934.0,807309.0
2026-03-03 09:35:00,2956.0,2959.0,2955.0,2959.0,3254.0,807309.0,807367.0
2026-03-03 09:40:00,2959.0,2964.0,2959.0,2960.0,6221.0,807367.0,806786.0
2026-03-03 09:45:00,2960.0,2960.0,2955.0,2957.0,2179.0,806786.0,806906.0
2026-03-03 09:50:00,2957.0,2958.0,2956.0,2957.0,1343.0,806906.0,806547.0
2026-03-03 09:55:00,2957.0,2959.0,2955.0,2958.0,1845.0,806547.0,806494.0
2026-03-03 10:00:00,2958.0,2962.0,2957.0,2961.0,1676.0,806494.0,806921.0
2026-03-03 10:05:00,2961.0,2961.0,2959.0,2961.0,2888.0,806921.0,806974.0
2026-03-03 10:10:00,2961.0,2966.0,2959.0,2965.0,5935.0,806974.0,806341.0
2026-03-03 10:30:00,2966.0,2985.0,2966.0,2982.0,19774.0,806341.0,808884.0
2026-03-03 10:35:00,2982.0,2984.0,2977.0,2978.0,7149.0,808884.0,810135.0
2026-03-03 10:40:00,2978.0,2981.0,2974.0,2975.0,9892.0,810135.0,812660.0
2026-03-03 10:45:00,2975.0,2978.0,2974.0,2974.0,4678.0,812660.0,812055.0
2026-03-03 10:50:00,2974.0,2976.0,2970.0,2975.0,4021.0,812055.0,812124.0
2026-03-03 10:55:00,2975.0,2975.0,2972.0,2973.0,1940.0,812124.0,812329.0
2026-03-03 11:00:00,2973.0,2975.0,2972.0,2973.0,2250.0,812329.0,812510.0
2026-03-03 11:05:00,2973.0,2975.0,2972.0,2972.0,2094.0,812510.0,812952.0
2026-03-03 11:10:00,2972.0,2976.0,2971.0,2975.0,1616.0,812952.0,813304.0
2026-03-03 11:15:00,2975.0,2978.0,2974.0,2977.0,2297.0,813304.0,813633.0
2026-03-03 11:20:00,2977.0,2978.0,2973.0,2973.0,2960.0,813633.0,813237.0
2026-03-03 11:25:00,2973.0,2974.0,2970.0,2971.0,4098.0,813237.0,813398.0
2026-03-03 13:30:00,2973.0,2977.0,2973.0,2975.0,6734.0,813398.0,811129.0
2026-03-03 13:35:00,2975.0,2975.0,2971.0,2971.0,3409.0,811129.0,810072.0
2026-03-03 13:40:00,2971.0,2975.0,2971.0,2975.0,1069.0,810072.0,810196.0
2026-03-03 13:45:00,2975.0,2978.0,2974.0,2976.0,2430.0,810196.0,810473.0
2026-03-03 13:50:00,2976.0,2979.0,2974.0,2974.0,2493.0,810473.0,811206.0
2026-03-03 13:55:00,2974.0,2979.0,2973.0,2978.0,2780.0,811206.0,811963.0
2026-03-03 14:00:00,2978.0,2980.0,2974.0,2975.0,4806.0,811963.0,814089.0
2026-03-03 14:05:00,2975.0,2976.0,2973.0,2974.0,3671.0,814089.0,815568.0
2026-03-03 14:10:00,2974.0,2977.0,2974.0,2975.0,1813.0,815568.0,816415.0
2026-03-03 14:15:00,2975.0,2976.0,2972.0,2973.0,2012.0,816415.0,816220.0
2026-03-03 14:20:00,2973.0,2973.0,2962.0,2962.0,7582.0,816220.0,815252.0
2026-03-03 14:25:00,2962.0,2964.0,2957.0,2963.0,10756.0,815252.0,815337.0
2026-03-03 14:30:00,2963.0,2965.0,2955.0,2956.0,8859.0,815337.0,815281.0
2026-03-03 14:35:00,2956.0,2957.0,2946.0,2955.0,12490.0,815281.0,812448.0
2026-03-03 14:40:00,2955.0,2958.0,2953.0,2958.0,1845.0,812448.0,812478.0
2026-03-03 14:45:00,2958.0,2959.0,2952.0,2954.0,3403.0,812478.0,811446.0
2026-03-03 14:50:00,2954.0,2959.0,2954.0,2955.0,5498.0,811446.0,810389.0
2026-03-03 14:55:00,2955.0,2957.0,2953.0,2956.0,3803.0,810389.0,809918.0
2026-03-03 21:00:00,2972.0,2973.0,2963.0,2965.0,9193.0,809918.0,810475.0
2026-03-03 21:05:00,2965.0,2967.0,2962.0,2966.0,6671.0,810475.0,811745.0
2026-03-03 21:10:00,2966.0,2971.0,2966.0,2969.0,9636.0,811745.0,813192.0
2026-03-03 21:15:00,2969.0,2969.0,2965.0,2965.0,7774.0,813192.0,812255.0
2026-03-03 21:20:00,2965.0,2966.0,2963.0,2965.0,3713.0,812255.0,810966.0
2026-03-03 21:25:00,2965.0,2968.0,2964.0,2965.0,2761.0,810966.0,809837.0
2026-03-03 21:30:00,2965.0,2965.0,2962.0,2964.0,2412.0,809837.0,809920.0
2026-03-03 21:35:00,2964.0,2965.0,2962.0,2964.0,1525.0,809920.0,809338.0
2026-03-03 21:40:00,2964.0,2965.0,2963.0,2965.0,1638.0,809338.0,809265.0
2026-03-03 21:45:00,2965.0,2966.0,2964.0,2965.0,1362.0,809265.0,809335.0
2026-03-03 21:50:00,2965.0,2966.0,2964.0,2964.0,974.0,809335.0,809074.0
2026-03-03 21:55:00,2964.0,2967.0,2964.0,2967.0,1716.0,809074.0,808719.0
2026-03-03 22:00:00,2967.0,2968.0,2966.0,2967.0,1359.0,808719.0,808521.0
2026-03-03 22:05:00,2967.0,2969.0,2966.0,2967.0,1155.0,808521.0,808671.0
2026-03-03 22:10:00,2967.0,2970.0,2965.0,2969.0,2201.0,808671.0,808702.0
2026-03-03 22:15:00,2969.0,2971.0,2965.0,2966.0,2025.0,808702.0,808682.0
2026-03-03 22:20:00,2966.0,2967.0,2965.0,2966.0,1102.0,808682.0,808669.0
2026-03-03 22:25:00,2966.0,2968.0,2966.0,2968.0,801.0,808669.0,808404.0
2026-03-03 22:30:00,2968.0,2968.0,2963.0,2963.0,3310.0,808404.0,809590.0
2026-03-03 22:35:00,2963.0,2964.0,2961.0,2962.0,6096.0,809590.0,811109.0
2026-03-03 22:40:00,2962.0,2962.0,2954.0,2957.0,4226.0,811109.0,811836.0
2026-03-03 22:45:00,2957.0,2959.0,2956.0,2957.0,1488.0,811836.0,811611.0
2026-03-03 22:50:00,2957.0,2957.0,2954.0,2957.0,2898.0,811611.0,811328.0
2026-03-03 22:55:00,2957.0,2958.0,2955.0,2955.0,1479.0,811328.0,810708.0
2026-03-04 09:00:00,2950.0,2957.0,2941.0,2943.0,15791.0,810708.0,806666.0
2026-03-04 09:05:00,2943.0,2946.0,2941.0,2942.0,8381.0,806666.0,804187.0
2026-03-04 09:10:00,2942.0,2945.0,2934.0,2934.0,24135.0,804187.0,799469.0
2026-03-04 09:15:00,2934.0,2938.0,2934.0,2938.0,7908.0,799469.0,797223.0
2026-03-04 09:20:00,2938.0,2941.0,2936.0,2938.0,7243.0,797223.0,795665.0
2026-03-04 09:25:00,2938.0,2939.0,2936.0,2938.0,4595.0,795665.0,795870.0
2026-03-04 09:30:00,2938.0,2942.0,2938.0,2940.0,3948.0,795870.0,796002.0
2026-03-04 09:35:00,2940.0,2943.0,2940.0,2941.0,2155.0,796002.0,795761.0
2026-03-04 09:40:00,2941.0,2943.0,2940.0,2942.0,1871.0,795761.0,795358.0
2026-03-04 09:45:00,2942.0,2943.0,2941.0,2942.0,1340.0,795358.0,794951.0
2026-03-04 09:50:00,2942.0,2942.0,2940.0,2941.0,1349.0,794951.0,794736.0
2026-03-04 09:55:00,2941.0,2942.0,2939.0,2942.0,2595.0,794736.0,794198.0
2026-03-04 10:00:00,2942.0,2944.0,2941.0,2943.0,1618.0,794198.0,794055.0
2026-03-04 10:05:00,2943.0,2945.0,2942.0,2944.0,1321.0,794055.0,794259.0
2026-03-04 10:10:00,2944.0,2945.0,2940.0,2941.0,2858.0,794259.0,794749.0
2026-03-04 10:30:00,2940.0,2941.0,2935.0,2936.0,3691.0,794749.0,794774.0
2026-03-04 10:35:00,2936.0,2940.0,2935.0,2939.0,2225.0,794774.0,794171.0
2026-03-04 10:40:00,2939.0,2941.0,2938.0,2940.0,1323.0,794171.0,794118.0
2026-03-04 10:45:00,2940.0,2941.0,2936.0,2937.0,2177.0,794118.0,793544.0
2026-03-04 10:50:00,2937.0,2939.0,2936.0,2937.0,1732.0,793544.0,793297.0
2026-03-04 10:55:00,2937.0,2939.0,2936.0,2937.0,1690.0,793297.0,793103.0
2026-03-04 11:00:00,2937.0,2938.0,2936.0,2937.0,392.0,793103.0,793047.0
2026-03-04 11:05:00,2937.0,2938.0,2936.0,2936.0,1487.0,793047.0,793260.0
2026-03-04 11:10:00,2936.0,2938.0,2934.0,2936.0,2168.0,793260.0,793268.0
2026-03-04 11:15:00,2936.0,2940.0,2935.0,2939.0,2473.0,793268.0,793416.0
2026-03-04 11:20:00,2939.0,2941.0,2939.0,2940.0,1544.0,793416.0,793908.0
2026-03-04 11:25:00,2940.0,2941.0,2937.0,2938.0,2082.0,793908.0,793889.0
2026-03-04 13:30:00,2939.0,2941.0,2939.0,2940.0,2503.0,793889.0,793808.0
2026-03-04 13:35:00,2940.0,2941.0,2938.0,2941.0,450.0,793808.0,793814.0
2026-03-04 13:40:00,2941.0,2942.0,2940.0,2941.0,1411.0,793814.0,793734.0
2026-03-04 13:45:00,2941.0,2943.0,2940.0,2942.0,1220.0,793734.0,793631.0
2026-03-04 13:50:00,2942.0,2944.0,2939.0,2940.0,2630.0,793631.0,794367.0
2026-03-04 13:55:00,2940.0,2941.0,2938.0,2940.0,1650.0,794367.0,794644.0
2026-03-04 14:00:00,2940.0,2941.0,2939.0,2941.0,909.0,794644.0,794583.0
2026-03-04 14:05:00,2941.0,2944.0,2941.0,2943.0,850.0,794583.0,794834.0
2026-03-04 14:10:00,2943.0,2944.0,2942.0,2943.0,572.0,794834.0,794876.0
2026-03-04 14:15:00,2943.0,2944.0,2942.0,2943.0,392.0,794876.0,794820.0
2026-03-04 14:20:00,2943.0,2945.0,2943.0,2943.0,1264.0,794820.0,794544.0
2026-03-04 14:25:00,2943.0,2947.0,2943.0,2944.0,1388.0,794544.0,794739.0
2026-03-04 14:30:00,2944.0,2949.0,2943.0,2946.0,4050.0,794739.0,795527.0
2026-03-04 14:35:00,2946.0,2946.0,2943.0,2943.0,691.0,795527.0,795817.0
2026-03-04 14:40:00,2943.0,2945.0,2943.0,2944.0,706.0,795817.0,795649.0
2026-03-04 14:45:00,2944.0,2944.0,2942.0,2944.0,2586.0,795649.0,797103.0
2026-03-04 14:50:00,2944.0,2944.0,2942.0,2944.0,2161.0,797103.0,797231.0
2026-03-04 14:55:00,2944.0,2945.0,2942.0,2944.0,1940.0,797231.0,796953.0
2026-03-04 21:00:00,2939.0,2947.0,2939.0,2943.0,8665.0,796953.0,795382.0
2026-03-04 21:05:00,2943.0,2946.0,2943.0,2943.0,3184.0,795382.0,796873.0
2026-03-04 21:10:00,2943.0,2948.0,2943.0,2946.0,2219.0,796873.0,797177.0
2026-03-04 21:15:00,2946.0,2947.0,2945.0,2946.0,1680.0,797177.0,797623.0
2026-03-04 21:20:00,2946.0,2947.0,2944.0,2945.0,1182.0,797623.0,798068.0
2026-03-04 21:25:00,2945.0,2947.0,2945.0,2946.0,625.0,798068.0,798161.0
2026-03-04 21:30:00,2946.0,2947.0,2945.0,2945.0,381.0,798161.0,798306.0
2026-03-04 21:35:00,2945.0,2947.0,2944.0,2947.0,983.0,798306.0,798442.0
2026-03-04 21:40:00,2947.0,2948.0,2946.0,2947.0,518.0,798442.0,798299.0
2026-03-04 21:45:00,2947.0,2949.0,2947.0,2948.0,924.0,798299.0,798697.0
2026-03-04 21:50:00,2948.0,2949.0,2947.0,2948.0,448.0,798697.0,798758.0
2026-03-04 21:55:00,2948.0,2949.0,2947.0,2947.0,278.0,798758.0,798845.0
2026-03-04 22:00:00,2947.0,2947.0,2944.0,2946.0,1391.0,798845.0,798968.0
2026-03-04 22:05:00,2946.0,2947.0,2945.0,2946.0,375.0,798968.0,798945.0
2026-03-04 22:10:00,2946.0,2946.0,2943.0,2944.0,1167.0,798945.0,799425.0
2026-03-04 22:15:00,2944.0,2945.0,2941.0,2944.0,2179.0,799425.0,800360.0
2026-03-04 22:20:00,2944.0,2947.0,2944.0,2947.0,195.0,800360.0,800397.0
2026-03-04 22:25:00,2947.0,2949.0,2946.0,2948.0,1532.0,800397.0,800447.0
2026-03-04 22:30:00,2948.0,2951.0,2948.0,2951.0,1784.0,800447.0,800832.0
2026-03-04 22:35:00,2951.0,2953.0,2949.0,2950.0,1877.0,800832.0,800610.0
2026-03-04 22:40:00,2950.0,2950.0,2948.0,2949.0,826.0,800610.0,801002.0
2026-03-04 22:45:00,2949.0,2950.0,2946.0,2946.0,1481.0,801002.0,801348.0
2026-03-04 22:50:00,2946.0,2948.0,2945.0,2946.0,2134.0,801348.0,801530.0
2026-03-04 22:55:00,2946.0,2946.0,2945.0,2945.0,731.0,801530.0,801482.0
2026-03-05 09:00:00,2944.0,2949.0,2942.0,2948.0,3672.0,801482.0,801891.0
2026-03-05 09:05:00,2948.0,2949.0,2945.0,2948.0,3495.0,801891.0,802214.0
2026-03-05 09:10:00,2948.0,2948.0,2946.0,2947.0,1547.0,802214.0,802550.0
2026-03-05 09:15:00,2947.0,2947.0,2945.0,2947.0,1480.0,802550.0,802731.0
2026-03-05 09:20:00,2947.0,2950.0,2946.0,2950.0,1990.0,802731.0,802472.0
2026-03-05 09:25:00,2950.0,2950.0,2946.0,2949.0,824.0,802472.0,802553.0
2026-03-05 09:30:00,2949.0,2949.0,2947.0,2949.0,1531.0,802553.0,801908.0
2026-03-05 09:35:00,2949.0,2952.0,2948.0,2951.0,2253.0,801908.0,801786.0
2026-03-05 09:40:00,2951.0,2952.0,2950.0,2951.0,1351.0,801786.0,801967.0
2026-03-05 09:45:00,2951.0,2952.0,2950.0,2952.0,490.0,801967.0,801949.0
2026-03-05 09:50:00,2952.0,2955.0,2952.0,2954.0,2325.0,801949.0,802506.0
2026-03-05 09:55:00,2954.0,2954.0,2951.0,2952.0,994.0,802506.0,802760.0
2026-03-05 10:00:00,2952.0,2954.0,2951.0,2953.0,1862.0,802760.0,803304.0
2026-03-05 10:05:00,2953.0,2954.0,2952.0,2952.0,358.0,803304.0,803414.0
2026-03-05 10:10:00,2952.0,2955.0,2952.0,2954.0,798.0,803414.0,803694.0
2026-03-05 10:30:00,2955.0,2958.0,2954.0,2956.0,3513.0,803694.0,804297.0
2026-03-05 10:35:00,2956.0,2957.0,2955.0,2956.0,1796.0,804297.0,804317.0
2026-03-05 10:40:00,2956.0,2957.0,2955.0,2957.0,1718.0,804317.0,805068.0
2026-03-05 10:45:00,2957.0,2957.0,2953.0,2955.0,2754.0,805068.0,806282.0
2026-03-05 10:50:00,2955.0,2957.0,2954.0,2954.0,3848.0,806282.0,807419.0
2026-03-05 10:55:00,2954.0,2956.0,2954.0,2956.0,847.0,807419.0,807615.0
2026-03-05 11:00:00,2956.0,2956.0,2954.0,2955.0,818.0,807615.0,807828.0
2026-03-05 11:05:00,2955.0,2955.0,2953.0,2954.0,1179.0,807828.0,807839.0
2026-03-05 11:10:00,2954.0,2956.0,2954.0,2956.0,1067.0,807839.0,807999.0
2026-03-05 11:15:00,2956.0,2957.0,2955.0,2955.0,1674.0,807999.0,807916.0
2026-03-05 11:20:00,2955.0,2959.0,2955.0,2959.0,1481.0,807916.0,808468.0
2026-03-05 11:25:00,2959.0,2959.0,2956.0,2958.0,1453.0,808468.0,808394.0
2026-03-05 13:30:00,2959.0,2962.0,2958.0,2959.0,3433.0,808394.0,808468.0
2026-03-05 13:35:00,2959.0,2960.0,2958.0,2959.0,1860.0,808468.0,808464.0
2026-03-05 13:40:00,2959.0,2960.0,2957.0,2958.0,1619.0,808464.0,808578.0
2026-03-05 13:45:00,2958.0,2960.0,2958.0,2958.0,1596.0,808578.0,808404.0
2026-03-05 13:50:00,2958.0,2959.0,2954.0,2954.0,5786.0,808404.0,810593.0
2026-03-05 13:55:00,2954.0,2955.0,2953.0,2954.0,1548.0,810593.0,810901.0
2026-03-05 14:00:00,2954.0,2954.0,2952.0,2954.0,2057.0,810901.0,811200.0
2026-03-05 14:05:00,2954.0,2955.0,2952.0,2954.0,1244.0,811200.0,811576.0
2026-03-05 14:10:00,2954.0,2955.0,2952.0,2952.0,1258.0,811576.0,811632.0
2026-03-05 14:15:00,2952.0,2955.0,2951.0,2955.0,1817.0,811632.0,811559.0
2026-03-05 14:20:00,2955.0,2957.0,2954.0,2957.0,1465.0,811559.0,811600.0
2026-03-05 14:25:00,2957.0,2957.0,2955.0,2957.0,1400.0,811600.0,812319.0
2026-03-05 14:30:00,2957.0,2957.0,2954.0,2956.0,1503.0,812319.0,812352.0
2026-03-05 14:35:00,2956.0,2958.0,2955.0,2957.0,1019.0,812352.0,812756.0
2026-03-05 14:40:00,2957.0,2959.0,2955.0,2955.0,3234.0,812756.0,813912.0
2026-03-05 14:45:00,2955.0,2957.0,2954.0,2954.0,971.0,813912.0,814021.0
2026-03-05 14:50:00,2954.0,2956.0,2953.0,2954.0,2250.0,814021.0,813348.0
2026-03-05 14:55:00,2954.0,2955.0,2952.0,2955.0,2303.0,813348.0,813320.0
2026-03-05 21:00:00,2956.0,2967.0,2955.0,2965.0,9717.0,813320.0,814833.0
2026-03-05 21:05:00,2965.0,2967.0,2962.0,2965.0,8787.0,814833.0,815549.0
2026-03-05 21:10:00,2965.0,2971.0,2965.0,2970.0,4203.0,815549.0,816146.0
2026-03-05 21:15:00,2970.0,2970.0,2966.0,2968.0,3967.0,816146.0,816848.0
2026-03-05 21:20:00,2968.0,2969.0,2964.0,2967.0,2274.0,816848.0,817216.0
2026-03-05 21:25:00,2967.0,2967.0,2963.0,2967.0,2132.0,817216.0,816672.0
2026-03-05 21:30:00,2967.0,2969.0,2966.0,2966.0,2091.0,816672.0,817069.0
2026-03-05 21:35:00,2966.0,2968.0,2965.0,2968.0,1601.0,817069.0,817417.0
2026-03-05 21:40:00,2968.0,2971.0,2967.0,2970.0,3603.0,817417.0,818619.0
2026-03-05 21:45:00,2970.0,2971.0,2965.0,2968.0,3363.0,818619.0,819263.0
2026-03-05 21:50:00,2968.0,2969.0,2966.0,2967.0,1398.0,819263.0,818992.0
2026-03-05 21:55:00,2967.0,2968.0,2964.0,2967.0,1161.0,818992.0,818952.0
2026-03-05 22:00:00,2967.0,2967.0,2965.0,2967.0,377.0,818952.0,819134.0
2026-03-05 22:05:00,2967.0,2968.0,2966.0,2968.0,813.0,819134.0,819136.0
2026-03-05 22:10:00,2968.0,2969.0,2966.0,2967.0,2376.0,819136.0,818580.0
2026-03-05 22:15:00,2967.0,2968.0,2965.0,2966.0,2822.0,818580.0,820175.0
2026-03-05 22:20:00,2966.0,2966.0,2964.0,2965.0,994.0,820175.0,820250.0
2026-03-05 22:25:00,2965.0,2966.0,2964.0,2965.0,694.0,820250.0,820492.0
2026-03-05 22:30:00,2965.0,2966.0,2962.0,2964.0,3878.0,820492.0,820966.0
2026-03-05 22:35:00,2964.0,2964.0,2959.0,2960.0,4191.0,820966.0,822922.0
2026-03-05 22:40:00,2960.0,2962.0,2959.0,2961.0,2422.0,822922.0,823620.0
2026-03-05 22:45:00,2961.0,2962.0,2960.0,2961.0,1726.0,823620.0,823795.0
2026-03-05 22:50:00,2961.0,2961.0,2959.0,2961.0,7954.0,823795.0,826593.0
2026-03-05 22:55:00,2961.0,2964.0,2960.0,2963.0,2815.0,826593.0,826535.0
2026-03-06 09:00:00,2970.0,2981.0,2968.0,2980.0,26026.0,826535.0,829653.0
2026-03-06 09:05:00,2980.0,2992.0,2980.0,2991.0,24533.0,829653.0,833818.0
2026-03-06 09:10:00,2991.0,2999.0,2990.0,2998.0,18735.0,833818.0,839517.0
2026-03-06 09:15:00,2998.0,3003.0,2994.0,3003.0,19348.0,839517.0,843746.0
2026-03-06 09:20:00,3003.0,3006.0,2998.0,3003.0,16097.0,843746.0,844891.0
2026-03-06 09:25:00,3003.0,3011.0,3002.0,3009.0,12726.0,844891.0,844549.0
2026-03-06 09:30:00,3009.0,3015.0,3007.0,3007.0,17155.0,844549.0,846854.0
2026-03-06 09:35:00,3007.0,3012.0,3005.0,3010.0,11354.0,846854.0,848064.0
2026-03-06 09:40:00,3010.0,3015.0,3008.0,3014.0,10779.0,848064.0,849077.0
2026-03-06 09:45:00,3014.0,3015.0,3010.0,3014.0,7592.0,849077.0,847924.0
2026-03-06 09:50:00,3014.0,3015.0,3009.0,3009.0,7493.0,847924.0,847829.0
2026-03-06 09:55:00,3009.0,3010.0,3001.0,3003.0,12294.0,847829.0,850225.0
2026-03-06 10:00:00,3003.0,3004.0,2996.0,2998.0,10178.0,850225.0,849718.0
2026-03-06 10:05:00,2998.0,2999.0,2993.0,2995.0,14896.0,849718.0,851623.0
2026-03-06 10:10:00,2995.0,3000.0,2990.0,2997.0,10652.0,851623.0,854445.0
2026-03-06 10:30:00,2997.0,3003.0,2997.0,3000.0,4374.0,854445.0,854214.0
2026-03-06 10:35:00,3000.0,3003.0,2998.0,3000.0,4709.0,854214.0,853631.0
2026-03-06 10:40:00,3000.0,3000.0,2995.0,2999.0,6682.0,853631.0,853731.0
2026-03-06 10:45:00,2999.0,3004.0,2998.0,3004.0,4781.0,853731.0,854498.0
2026-03-06 10:50:00,3004.0,3004.0,3002.0,3002.0,2001.0,854498.0,853819.0
2026-03-06 10:55:00,3002.0,3004.0,3001.0,3004.0,2642.0,853819.0,853402.0
2026-03-06 11:00:00,3004.0,3007.0,3003.0,3007.0,3885.0,853402.0,853592.0
2026-03-06 11:05:00,3007.0,3010.0,3006.0,3008.0,2563.0,853592.0,853881.0
2026-03-06 11:10:00,3008.0,3010.0,3006.0,3008.0,2586.0,853881.0,854067.0
2026-03-06 11:15:00,3008.0,3009.0,3005.0,3007.0,3613.0,854067.0,855297.0
2026-03-06 11:20:00,3007.0,3009.0,3004.0,3004.0,4395.0,855297.0,855420.0
2026-03-06 11:25:00,3004.0,3008.0,3004.0,3006.0,4684.0,855420.0,855935.0
2026-03-06 13:30:00,3006.0,3007.0,2999.0,3001.0,9551.0,855935.0,858180.0
2026-03-06 13:35:00,3001.0,3001.0,2994.0,2995.0,4942.0,858180.0,859141.0
2026-03-06 13:40:00,2995.0,2998.0,2993.0,2997.0,5758.0,859141.0,860388.0
2026-03-06 13:45:00,2997.0,2999.0,2996.0,2998.0,4823.0,860388.0,861986.0
2026-03-06 13:50:00,2998.0,3000.0,2997.0,2999.0,3654.0,861986.0,861851.0
2026-03-06 13:55:00,2999.0,3000.0,2997.0,2998.0,7165.0,861851.0,860640.0
2026-03-06 14:00:00,2998.0,2998.0,2990.0,2992.0,11106.0,860640.0,864118.0
2026-03-06 14:05:00,2992.0,2994.0,2990.0,2991.0,3384.0,864118.0,864711.0
2026-03-06 14:10:00,2991.0,2993.0,2991.0,2992.0,3612.0,864711.0,865429.0
2026-03-06 14:15:00,2992.0,2993.0,2991.0,2993.0,1746.0,865429.0,865992.0
2026-03-06 14:20:00,2993.0,2998.0,2991.0,2997.0,5142.0,865992.0,867308.0
2026-03-06 14:25:00,2997.0,3000.0,2997.0,3000.0,1452.0,867308.0,867510.0
2026-03-06 14:30:00,3000.0,3000.0,2998.0,2999.0,1777.0,867510.0,867485.0
2026-03-06 14:35:00,2999.0,3000.0,2996.0,2997.0,2765.0,867485.0,867899.0
2026-03-06 14:40:00,2997.0,2998.0,2995.0,2997.0,10699.0,867899.0,871720.0
2026-03-06 14:45:00,2997.0,2999.0,2996.0,2997.0,6149.0,871720.0,872735.0
2026-03-06 14:50:00,2997.0,2998.0,2992.0,2994.0,10083.0,872735.0,873859.0
2026-03-06 14:55:00,2994.0,3003.0,2993.0,3003.0,9470.0,873859.0,873803.0
2026-03-06 21:00:00,3010.0,3020.0,3008.0,3017.0,23520.0,873803.0,875629.0
2026-03-06 21:05:00,3017.0,3018.0,3012.0,3014.0,11506.0,875629.0,879896.0
2026-03-06 21:10:00,3014.0,3019.0,3012.0,3016.0,11386.0,879896.0,883003.0
2026-03-06 21:15:00,3016.0,3021.0,3013.0,3020.0,7733.0,883003.0,883334.0
2026-03-06 21:20:00,3020.0,3020.0,3015.0,3017.0,6696.0,883334.0,885141.0
2026-03-06 21:25:00,3017.0,3019.0,3014.0,3015.0,9948.0,885141.0,888815.0
2026-03-06 21:30:00,3015.0,3019.0,3012.0,3018.0,8267.0,888815.0,890062.0
2026-03-06 21:35:00,3018.0,3023.0,3017.0,3021.0,8453.0,890062.0,891893.0
2026-03-06 21:40:00,3021.0,3025.0,3020.0,3020.0,6055.0,891893.0,893296.0
2026-03-06 21:45:00,3020.0,3024.0,3020.0,3024.0,4096.0,893296.0,893897.0
2026-03-06 21:50:00,3024.0,3039.0,3022.0,3034.0,13303.0,893897.0,890896.0
2026-03-06 21:55:00,3034.0,3036.0,3031.0,3033.0,7136.0,890896.0,891414.0
2026-03-06 22:00:00,3033.0,3035.0,3023.0,3024.0,8730.0,891414.0,892577.0
2026-03-06 22:05:00,3024.0,3029.0,3023.0,3028.0,2700.0,892577.0,892209.0
2026-03-06 22:10:00,3028.0,3030.0,3026.0,3030.0,1788.0,892209.0,892351.0
2026-03-06 22:15:00,3030.0,3035.0,3029.0,3034.0,3121.0,892351.0,893294.0
2026-03-06 22:20:00,3034.0,3037.0,3032.0,3036.0,3215.0,893294.0,893986.0
2026-03-06 22:25:00,3036.0,3036.0,3032.0,3036.0,6206.0,893986.0,895066.0
2026-03-06 22:30:00,3036.0,3036.0,3024.0,3029.0,13917.0,895066.0,897719.0
2026-03-06 22:35:00,3029.0,3037.0,3029.0,3037.0,4905.0,897719.0,896429.0
2026-03-06 22:40:00,3037.0,3038.0,3030.0,3030.0,9559.0,896429.0,894124.0
2026-03-06 22:45:00,3030.0,3036.0,3030.0,3036.0,9590.0,894124.0,895318.0
2026-03-06 22:50:00,3036.0,3037.0,3030.0,3031.0,4527.0,895318.0,895046.0
2026-03-06 22:55:00,3031.0,3037.0,3031.0,3036.0,3821.0,895046.0,894996.0
2026-03-09 09:00:00,3092.0,3104.0,3074.0,3091.0,77938.0,894996.0,889118.0
2026-03-09 09:05:00,3091.0,3127.0,3082.0,3122.0,55583.0,889118.0,893943.0
2026-03-09 09:10:00,3122.0,3154.0,3116.0,3129.0,46444.0,893943.0,902635.0
2026-03-09 09:15:00,3129.0,3171.0,3128.0,3149.0,33833.0,902635.0,898271.0
2026-03-09 09:20:00,3149.0,3168.0,3146.0,3159.0,26957.0,898271.0,902595.0
2026-03-09 09:25:00,3159.0,3164.0,3147.0,3150.0,10419.0,902595.0,902052.0
2026-03-09 09:30:00,3150.0,3153.0,3131.0,3140.0,15373.0,902052.0,902044.0
2026-03-09 09:35:00,3140.0,3142.0,3094.0,3100.0,24595.0,902044.0,899922.0
2026-03-09 09:40:00,3100.0,3126.0,3099.0,3124.0,15407.0,899922.0,901431.0
2026-03-09 09:45:00,3124.0,3128.0,3116.0,3126.0,10622.0,901431.0,901523.0
2026-03-09 09:50:00,3126.0,3133.0,3121.0,3127.0,12168.0,901523.0,900067.0
2026-03-09 09:55:00,3127.0,3130.0,3125.0,3125.0,6423.0,900067.0,900781.0
2026-03-09 10:00:00,3125.0,3126.0,3121.0,3124.0,5593.0,900781.0,901619.0
2026-03-09 10:05:00,3124.0,3125.0,3105.0,3116.0,12559.0,901619.0,904661.0
2026-03-09 10:10:00,3116.0,3117.0,3108.0,3113.0,7756.0,904661.0,904843.0
2026-03-09 10:30:00,3112.0,3119.0,3105.0,3114.0,13315.0,904843.0,907080.0
2026-03-09 10:35:00,3114.0,3120.0,3114.0,3117.0,6973.0,907080.0,907024.0
2026-03-09 10:40:00,3117.0,3118.0,3105.0,3109.0,8961.0,907024.0,908336.0
2026-03-09 10:45:00,3109.0,3112.0,3105.0,3109.0,10705.0,908336.0,910737.0
2026-03-09 10:50:00,3109.0,3110.0,3104.0,3108.0,8178.0,910737.0,910530.0
2026-03-09 10:55:00,3108.0,3115.0,3107.0,3113.0,6869.0,910530.0,908685.0
2026-03-09 11:00:00,3113.0,3119.0,3112.0,3118.0,9148.0,908685.0,912460.0
2026-03-09 11:05:00,3118.0,3121.0,3116.0,3119.0,9391.0,912460.0,912901.0
2026-03-09 11:10:00,3119.0,3122.0,3116.0,3119.0,16521.0,912901.0,909217.0
2026-03-09 11:15:00,3119.0,3119.0,3114.0,3116.0,4338.0,909217.0,910526.0
2026-03-09 11:20:00,3116.0,3126.0,3114.0,3126.0,9806.0,910526.0,912517.0
2026-03-09 11:25:00,3126.0,3126.0,3120.0,3122.0,6248.0,912517.0,911828.0
2026-03-09 13:30:00,3120.0,3120.0,3070.0,3075.0,56161.0,911828.0,907247.0
2026-03-09 13:35:00,3075.0,3084.0,3058.0,3070.0,48371.0,907247.0,893031.0
2026-03-09 13:40:00,3070.0,3077.0,3060.0,3076.0,23319.0,893031.0,891973.0
2026-03-09 13:45:00,3076.0,3078.0,3060.0,3062.0,17922.0,891973.0,892595.0
2026-03-09 13:50:00,3062.0,3075.0,3057.0,3074.0,18820.0,892595.0,895116.0
2026-03-09 13:55:00,3074.0,3077.0,3066.0,3066.0,14410.0,895116.0,896421.0
2026-03-09 14:00:00,3066.0,3073.0,3065.0,3070.0,11620.0,896421.0,898226.0
2026-03-09 14:05:00,3070.0,3074.0,3067.0,3070.0,17869.0,898226.0,894941.0
2026-03-09 14:10:00,3070.0,3074.0,3059.0,3060.0,23054.0,894941.0,901810.0
2026-03-09 14:15:00,3060.0,3072.0,3060.0,3064.0,15916.0,901810.0,901911.0
2026-03-09 14:20:00,3064.0,3075.0,3064.0,3074.0,12632.0,901911.0,907651.0
2026-03-09 14:25:00,3074.0,3081.0,3072.0,3076.0,7889.0,907651.0,909734.0
2026-03-09 14:30:00,3076.0,3082.0,3072.0,3075.0,8963.0,909734.0,906366.0
2026-03-09 14:35:00,3075.0,3082.0,3075.0,3077.0,4582.0,906366.0,906837.0
2026-03-09 14:40:00,3077.0,3078.0,3070.0,3072.0,11580.0,906837.0,905418.0
2026-03-09 14:45:00,3072.0,3074.0,3069.0,3074.0,5258.0,905418.0,904837.0
2026-03-09 14:50:00,3074.0,3075.0,3061.0,3062.0,10156.0,904837.0,904539.0
2026-03-09 14:55:00,3062.0,3062.0,3041.0,3049.0,27523.0,904539.0,900632.0
2026-03-09 21:00:00,3050.0,3058.0,3033.0,3055.0,34182.0,900632.0,902690.0
2026-03-09 21:05:00,3055.0,3055.0,3042.0,3046.0,7099.0,902690.0,903882.0
2026-03-09 21:10:00,3046.0,3049.0,3045.0,3046.0,4284.0,903882.0,903872.0
2026-03-09 21:15:00,3046.0,3053.0,3043.0,3048.0,8512.0,903872.0,905449.0
2026-03-09 21:20:00,3048.0,3050.0,3036.0,3036.0,4873.0,905449.0,906589.0
2026-03-09 21:25:00,3036.0,3044.0,3035.0,3041.0,9690.0,906589.0,908414.0
2026-03-09 21:30:00,3041.0,3041.0,3033.0,3034.0,4303.0,908414.0,908367.0
2026-03-09 21:35:00,3034.0,3036.0,3030.0,3034.0,7832.0,908367.0,908108.0
2026-03-09 21:40:00,3034.0,3037.0,3028.0,3037.0,8637.0,908108.0,908218.0
2026-03-09 21:45:00,3037.0,3041.0,3035.0,3035.0,5410.0,908218.0,908892.0
2026-03-09 21:50:00,3035.0,3041.0,3033.0,3040.0,3423.0,908892.0,908749.0
2026-03-09 21:55:00,3040.0,3042.0,3035.0,3036.0,2851.0,908749.0,908872.0
2026-03-09 22:00:00,3036.0,3042.0,3036.0,3039.0,3746.0,908872.0,909405.0
2026-03-09 22:05:00,3039.0,3044.0,3038.0,3040.0,5355.0,909405.0,910047.0
2026-03-09 22:10:00,3040.0,3044.0,3039.0,3041.0,4209.0,910047.0,911774.0
2026-03-09 22:15:00,3041.0,3046.0,3039.0,3046.0,3849.0,911774.0,913075.0
2026-03-09 22:20:00,3046.0,3046.0,3038.0,3040.0,4464.0,913075.0,914179.0
2026-03-09 22:25:00,3040.0,3048.0,3039.0,3047.0,5193.0,914179.0,914833.0
2026-03-09 22:30:00,3047.0,3051.0,3044.0,3050.0,5254.0,914833.0,917212.0
2026-03-09 22:35:00,3050.0,3052.0,3046.0,3048.0,3345.0,917212.0,918243.0
2026-03-09 22:40:00,3048.0,3051.0,3044.0,3046.0,1364.0,918243.0,918227.0
2026-03-09 22:45:00,3046.0,3047.0,3040.0,3043.0,3463.0,918227.0,918633.0
2026-03-09 22:50:00,3043.0,3046.0,3041.0,3042.0,871.0,918633.0,918734.0
2026-03-09 22:55:00,3042.0,3047.0,3042.0,3046.0,2908.0,918734.0,918386.0
2026-03-10 09:00:00,3022.0,3023.0,2994.0,3006.0,42688.0,918386.0,916210.0
2026-03-10 09:05:00,3006.0,3011.0,3001.0,3003.0,14532.0,916210.0,917110.0
2026-03-10 09:10:00,3003.0,3008.0,3001.0,3004.0,13987.0,917110.0,916839.0
2026-03-10 09:15:00,3004.0,3012.0,3004.0,3010.0,8412.0,916839.0,915697.0
2026-03-10 09:20:00,3010.0,3016.0,3006.0,3010.0,9323.0,915697.0,918553.0
2026-03-10 09:25:00,3010.0,3010.0,2998.0,3000.0,11781.0,918553.0,923612.0
2026-03-10 09:30:00,3000.0,3002.0,2998.0,3000.0,4219.0,923612.0,923375.0
2026-03-10 09:35:00,3000.0,3003.0,2998.0,3002.0,7122.0,923375.0,924141.0
2026-03-10 09:40:00,3002.0,3008.0,3001.0,3006.0,5904.0,924141.0,923002.0
2026-03-10 09:45:00,3006.0,3006.0,2999.0,3000.0,5043.0,923002.0,923684.0
2026-03-10 09:50:00,3000.0,3005.0,3000.0,3004.0,3346.0,923684.0,924228.0
2026-03-10 09:55:00,3004.0,3005.0,3002.0,3005.0,2168.0,924228.0,924369.0
2026-03-10 10:00:00,3005.0,3005.0,3002.0,3005.0,3382.0,924369.0,923895.0
2026-03-10 10:05:00,3005.0,3008.0,3003.0,3007.0,2184.0,923895.0,923806.0
2026-03-10 10:10:00,3007.0,3009.0,3005.0,3008.0,3317.0,923806.0,924432.0
2026-03-10 10:30:00,3008.0,3014.0,3008.0,3013.0,5243.0,924432.0,924906.0
2026-03-10 10:35:00,3013.0,3014.0,3011.0,3012.0,4960.0,924906.0,925601.0
2026-03-10 10:40:00,3012.0,3013.0,3010.0,3012.0,5002.0,925601.0,925780.0
2026-03-10 10:45:00,3012.0,3017.0,3010.0,3016.0,5712.0,925780.0,927195.0
2026-03-10 10:50:00,3016.0,3019.0,3015.0,3019.0,2799.0,927195.0,927146.0
2026-03-10 10:55:00,3019.0,3021.0,3014.0,3016.0,2771.0,927146.0,927289.0
2026-03-10 11:00:00,3016.0,3019.0,3015.0,3016.0,2922.0,927289.0,927187.0
2026-03-10 11:05:00,3016.0,3018.0,3014.0,3014.0,3639.0,927187.0,926565.0
2026-03-10 11:10:00,3014.0,3016.0,3012.0,3015.0,5404.0,926565.0,926439.0
2026-03-10 11:15:00,3015.0,3016.0,3013.0,3014.0,5050.0,926439.0,926578.0
2026-03-10 11:20:00,3014.0,3019.0,3014.0,3016.0,1814.0,926578.0,926551.0
2026-03-10 11:25:00,3016.0,3023.0,3016.0,3022.0,2406.0,926551.0,926803.0
2026-03-10 13:30:00,3019.0,3022.0,3017.0,3018.0,5945.0,926803.0,927692.0
2026-03-10 13:35:00,3018.0,3020.0,3017.0,3018.0,3695.0,927692.0,929054.0
2026-03-10 13:40:00,3018.0,3022.0,3018.0,3020.0,2176.0,929054.0,929050.0
2026-03-10 13:45:00,3020.0,3021.0,3015.0,3017.0,3122.0,929050.0,928659.0
2026-03-10 13:50:00,3017.0,3021.0,3017.0,3018.0,2944.0,928659.0,928360.0
2026-03-10 13:55:00,3018.0,3021.0,3018.0,3019.0,2296.0,928360.0,928365.0
2026-03-10 14:00:00,3019.0,3021.0,3019.0,3019.0,3040.0,928365.0,928786.0
2026-03-10 14:05:00,3019.0,3023.0,3017.0,3021.0,2120.0,928786.0,928895.0
2026-03-10 14:10:00,3021.0,3025.0,3021.0,3024.0,1997.0,928895.0,928598.0
2026-03-10 14:15:00,3024.0,3025.0,3022.0,3025.0,2975.0,928598.0,928984.0
2026-03-10 14:20:00,3025.0,3027.0,3024.0,3026.0,2789.0,928984.0,929688.0
2026-03-10 14:25:00,3026.0,3028.0,3024.0,3025.0,2493.0,929688.0,930206.0
2026-03-10 14:30:00,3025.0,3027.0,3024.0,3026.0,1744.0,930206.0,930051.0
2026-03-10 14:35:00,3026.0,3027.0,3025.0,3027.0,1091.0,930051.0,930261.0
2026-03-10 14:40:00,3027.0,3027.0,3025.0,3025.0,4173.0,930261.0,929548.0
2026-03-10 14:45:00,3025.0,3026.0,3020.0,3023.0,4170.0,929548.0,929640.0
2026-03-10 14:50:00,3023.0,3026.0,3022.0,3022.0,2675.0,929640.0,930099.0
2026-03-10 14:55:00,3022.0,3025.0,3021.0,3022.0,4621.0,930099.0,930973.0
2026-03-10 21:00:00,3035.0,3053.0,3035.0,3051.0,24598.0,930973.0,930013.0
2026-03-10 21:05:00,3051.0,3057.0,3046.0,3051.0,18048.0,930013.0,933201.0
2026-03-10 21:10:00,3051.0,3060.0,3046.0,3047.0,20315.0,933201.0,938092.0
2026-03-10 21:15:00,3047.0,3051.0,3042.0,3050.0,8279.0,938092.0,938495.0
2026-03-10 21:20:00,3050.0,3056.0,3047.0,3048.0,18516.0,938495.0,939542.0
2026-03-10 21:25:00,3048.0,3049.0,3044.0,3046.0,6272.0,939542.0,940386.0
2026-03-10 21:30:00,3046.0,3052.0,3045.0,3047.0,13730.0,940386.0,945968.0
2026-03-10 21:35:00,3047.0,3053.0,3045.0,3050.0,9596.0,945968.0,945473.0
2026-03-10 21:40:00,3050.0,3057.0,3050.0,3056.0,5481.0,945473.0,945601.0
2026-03-10 21:45:00,3056.0,3065.0,3056.0,3061.0,12060.0,945601.0,946712.0
2026-03-10 21:50:00,3061.0,3065.0,3058.0,3064.0,9262.0,946712.0,947092.0
2026-03-10 21:55:00,3064.0,3069.0,3064.0,3069.0,17011.0,947092.0,951786.0
2026-03-10 22:00:00,3069.0,3069.0,3052.0,3056.0,14488.0,951786.0,953799.0
2026-03-10 22:05:00,3056.0,3059.0,3050.0,3059.0,10330.0,953799.0,954927.0
2026-03-10 22:10:00,3059.0,3063.0,3055.0,3063.0,18880.0,954927.0,953582.0
2026-03-10 22:15:00,3063.0,3073.0,3062.0,3068.0,30966.0,953582.0,953340.0
2026-03-10 22:20:00,3068.0,3071.0,3061.0,3068.0,19755.0,953340.0,951775.0
2026-03-10 22:25:00,3068.0,3072.0,3061.0,3063.0,14212.0,951775.0,949400.0
2026-03-10 22:30:00,3063.0,3063.0,3038.0,3039.0,33868.0,949400.0,952263.0
2026-03-10 22:35:00,3039.0,3044.0,3038.0,3042.0,10984.0,952263.0,952780.0
2026-03-10 22:40:00,3042.0,3043.0,3022.0,3028.0,24393.0,952780.0,952699.0
2026-03-10 22:45:00,3028.0,3032.0,3022.0,3022.0,15116.0,952699.0,949715.0
2026-03-10 22:50:00,3022.0,3027.0,3017.0,3019.0,16733.0,949715.0,947443.0
2026-03-10 22:55:00,3019.0,3033.0,3018.0,3029.0,12389.0,947443.0,945557.0
2026-03-11 09:00:00,3038.0,3042.0,3023.0,3026.0,30568.0,945557.0,946571.0
2026-03-11 09:05:00,3026.0,3036.0,3024.0,3035.0,12887.0,946571.0,946541.0
2026-03-11 09:10:00,3035.0,3039.0,3032.0,3038.0,8179.0,946541.0,947899.0
2026-03-11 09:15:00,3038.0,3040.0,3033.0,3033.0,4917.0,947899.0,948006.0
2026-03-11 09:20:00,3033.0,3037.0,3031.0,3032.0,5414.0,948006.0,948602.0
2026-03-11 09:25:00,3032.0,3035.0,3031.0,3034.0,2291.0,948602.0,948707.0
2026-03-11 09:30:00,3034.0,3038.0,3030.0,3032.0,4354.0,948707.0,948627.0
2026-03-11 09:35:00,3032.0,3035.0,3029.0,3034.0,6958.0,948627.0,948172.0
2026-03-11 09:40:00,3034.0,3035.0,3030.0,3033.0,2763.0,948172.0,947552.0
2026-03-11 09:45:00,3033.0,3037.0,3032.0,3033.0,4988.0,947552.0,946117.0
2026-03-11 09:50:00,3033.0,3035.0,3030.0,3033.0,3623.0,946117.0,946592.0
2026-03-11 09:55:00,3033.0,3035.0,3029.0,3029.0,5728.0,946592.0,945100.0
2026-03-11 10:00:00,3029.0,3038.0,3028.0,3034.0,6050.0,945100.0,945103.0
2026-03-11 10:05:00,3034.0,3038.0,3031.0,3033.0,4606.0,945103.0,944888.0
2026-03-11 10:10:00,3033.0,3035.0,3029.0,3034.0,2606.0,944888.0,944528.0
2026-03-11 10:30:00,3034.0,3041.0,3034.0,3037.0,6742.0,944528.0,943112.0
2026-03-11 10:35:00,3037.0,3038.0,3032.0,3033.0,6406.0,943112.0,942305.0
2026-03-11 10:40:00,3033.0,3040.0,3033.0,3040.0,7573.0,942305.0,941266.0
2026-03-11 10:45:00,3040.0,3044.0,3036.0,3042.0,7370.0,941266.0,939874.0
2026-03-11 10:50:00,3042.0,3044.0,3038.0,3039.0,2895.0,939874.0,939698.0
2026-03-11 10:55:00,3039.0,3041.0,3038.0,3041.0,1517.0,939698.0,939695.0
2026-03-11 11:00:00,3041.0,3042.0,3040.0,3041.0,1118.0,939695.0,939704.0
2026-03-11 11:05:00,3041.0,3045.0,3038.0,3044.0,3068.0,939704.0,940290.0
2026-03-11 11:10:00,3044.0,3046.0,3043.0,3044.0,2472.0,940290.0,940410.0
2026-03-11 11:15:00,3044.0,3045.0,3039.0,3041.0,3572.0,940410.0,939880.0
2026-03-11 11:20:00,3041.0,3044.0,3040.0,3042.0,1593.0,939880.0,939774.0
2026-03-11 11:25:00,3042.0,3045.0,3041.0,3045.0,4340.0,939774.0,939822.0
2026-03-11 13:30:00,3045.0,3045.0,3040.0,3044.0,7805.0,939822.0,939411.0
2026-03-11 13:35:00,3044.0,3050.0,3042.0,3050.0,12052.0,939411.0,942736.0
2026-03-11 13:40:00,3050.0,3056.0,3049.0,3054.0,24384.0,942736.0,943380.0
2026-03-11 13:45:00,3054.0,3057.0,3047.0,3048.0,12517.0,943380.0,942539.0
2026-03-11 13:50:00,3048.0,3051.0,3046.0,3047.0,3818.0,942539.0,942307.0
2026-03-11 13:55:00,3047.0,3053.0,3047.0,3052.0,5422.0,942307.0,942111.0
2026-03-11 14:00:00,3052.0,3052.0,3048.0,3052.0,3769.0,942111.0,942156.0
2026-03-11 14:05:00,3052.0,3053.0,3050.0,3052.0,3695.0,942156.0,942752.0
2026-03-11 14:10:00,3052.0,3054.0,3048.0,3049.0,7638.0,942752.0,943408.0
2026-03-11 14:15:00,3049.0,3049.0,3041.0,3044.0,9618.0,943408.0,943110.0
2026-03-11 14:20:00,3044.0,3053.0,3043.0,3050.0,9362.0,943110.0,945267.0
2026-03-11 14:25:00,3050.0,3052.0,3047.0,3049.0,3899.0,945267.0,944443.0
2026-03-11 14:30:00,3049.0,3050.0,3045.0,3049.0,6288.0,944443.0,943232.0
2026-03-11 14:35:00,3049.0,3051.0,3043.0,3044.0,7113.0,943232.0,942793.0
2026-03-11 14:40:00,3044.0,3049.0,3042.0,3047.0,8685.0,942793.0,942603.0
2026-03-11 14:45:00,3047.0,3052.0,3046.0,3049.0,8451.0,942603.0,939232.0
2026-03-11 14:50:00,3049.0,3053.0,3047.0,3052.0,9246.0,939232.0,938858.0
2026-03-11 14:55:00,3052.0,3054.0,3046.0,3054.0,8709.0,938858.0,938500.0
2026-03-11 21:00:00,3077.0,3081.0,3052.0,3053.0,47768.0,938500.0,943505.0
2026-03-11 21:05:00,3053.0,3066.0,3050.0,3065.0,22463.0,943505.0,945553.0
2026-03-11 21:10:00,3065.0,3072.0,3062.0,3069.0,22838.0,945553.0,942048.0
2026-03-11 21:15:00,3069.0,3071.0,3066.0,3068.0,10111.0,942048.0,942081.0
2026-03-11 21:20:00,3068.0,3070.0,3061.0,3068.0,8262.0,942081.0,942302.0
2026-03-11 21:25:00,3068.0,3072.0,3064.0,3072.0,8882.0,942302.0,943706.0
2026-03-11 21:30:00,3072.0,3072.0,3060.0,3060.0,5488.0,943706.0,944201.0
2026-03-11 21:35:00,3060.0,3063.0,3055.0,3061.0,5970.0,944201.0,944958.0
2026-03-11 21:40:00,3061.0,3063.0,3058.0,3063.0,8751.0,944958.0,946503.0
2026-03-11 21:45:00,3063.0,3066.0,3060.0,3064.0,7198.0,946503.0,948096.0
2026-03-11 21:50:00,3064.0,3066.0,3059.0,3063.0,3145.0,948096.0,948541.0
2026-03-11 21:55:00,3063.0,3065.0,3056.0,3058.0,9067.0,948541.0,947607.0
2026-03-11 22:00:00,3058.0,3062.0,3056.0,3059.0,7664.0,947607.0,947726.0
2026-03-11 22:05:00,3059.0,3060.0,3056.0,3060.0,4766.0,947726.0,947247.0
2026-03-11 22:10:00,3060.0,3062.0,3058.0,3059.0,2453.0,947247.0,947827.0
2026-03-11 22:15:00,3059.0,3063.0,3054.0,3063.0,5837.0,947827.0,948250.0
2026-03-11 22:20:00,3063.0,3064.0,3057.0,3058.0,7279.0,948250.0,949023.0
2026-03-11 22:25:00,3058.0,3068.0,3057.0,3066.0,5645.0,949023.0,949424.0
2026-03-11 22:30:00,3066.0,3068.0,3064.0,3068.0,6666.0,949424.0,949819.0
2026-03-11 22:35:00,3068.0,3069.0,3064.0,3068.0,7139.0,949819.0,950676.0
2026-03-11 22:40:00,3068.0,3068.0,3060.0,3062.0,8261.0,950676.0,951414.0
2026-03-11 22:45:00,3062.0,3065.0,3060.0,3063.0,3750.0,951414.0,951343.0
2026-03-11 22:50:00,3063.0,3065.0,3060.0,3063.0,4877.0,951343.0,950619.0
2026-03-11 22:55:00,3063.0,3067.0,3059.0,3066.0,5461.0,950619.0,948992.0
2026-03-12 09:00:00,3070.0,3077.0,3060.0,3070.0,32417.0,948992.0,955243.0
2026-03-12 09:05:00,3070.0,3071.0,3060.0,3062.0,14718.0,955243.0,960410.0
2026-03-12 09:10:00,3062.0,3067.0,3060.0,3065.0,7834.0,960410.0,960950.0
2026-03-12 09:15:00,3065.0,3073.0,3065.0,3072.0,7339.0,960950.0,959078.0
2026-03-12 09:20:00,3072.0,3073.0,3066.0,3067.0,10077.0,959078.0,957916.0
2026-03-12 09:25:00,3067.0,3068.0,3060.0,3063.0,10436.0,957916.0,957000.0
2026-03-12 09:30:00,3063.0,3069.0,3062.0,3065.0,3899.0,957000.0,957140.0
2026-03-12 09:35:00,3065.0,3070.0,3064.0,3070.0,3713.0,957140.0,958072.0
2026-03-12 09:40:00,3070.0,3070.0,3067.0,3068.0,2619.0,958072.0,958534.0
2026-03-12 09:45:00,3068.0,3068.0,3063.0,3064.0,2215.0,958534.0,959116.0
2026-03-12 09:50:00,3064.0,3067.0,3061.0,3062.0,1883.0,959116.0,959153.0
2026-03-12 09:55:00,3062.0,3064.0,3058.0,3061.0,4718.0,959153.0,959962.0
2026-03-12 10:00:00,3061.0,3061.0,3055.0,3058.0,6738.0,959962.0,959279.0
2026-03-12 10:05:00,3058.0,3062.0,3056.0,3060.0,2890.0,959279.0,959314.0
2026-03-12 10:10:00,3060.0,3064.0,3060.0,3064.0,2714.0,959314.0,958913.0
2026-03-12 10:30:00,3064.0,3066.0,3061.0,3063.0,3931.0,958913.0,957921.0
2026-03-12 10:35:00,3063.0,3070.0,3061.0,3069.0,5225.0,957921.0,956896.0
2026-03-12 10:40:00,3069.0,3069.0,3060.0,3064.0,4603.0,956896.0,956890.0
2026-03-12 10:45:00,3064.0,3067.0,3060.0,3066.0,3923.0,956890.0,958118.0
2026-03-12 10:50:00,3066.0,3068.0,3065.0,3068.0,3157.0,958118.0,958457.0
2026-03-12 10:55:00,3068.0,3068.0,3063.0,3064.0,3140.0,958457.0,957320.0
2026-03-12 11:00:00,3064.0,3067.0,3063.0,3065.0,2584.0,957320.0,957408.0
2026-03-12 11:05:00,3065.0,3066.0,3062.0,3065.0,2512.0,957408.0,957040.0
2026-03-12 11:10:00,3065.0,3067.0,3064.0,3066.0,1959.0,957040.0,956653.0
2026-03-12 11:15:00,3066.0,3068.0,3064.0,3068.0,2302.0,956653.0,957000.0
2026-03-12 11:20:00,3068.0,3070.0,3066.0,3066.0,3289.0,957000.0,957221.0
2026-03-12 11:25:00,3066.0,3068.0,3063.0,3066.0,3305.0,957221.0,956170.0
2026-03-12 13:30:00,3066.0,3066.0,3054.0,3055.0,9564.0,956170.0,954792.0
2026-03-12 13:35:00,3055.0,3055.0,3047.0,3047.0,11785.0,954792.0,953630.0
2026-03-12 13:40:00,3047.0,3052.0,3045.0,3051.0,4816.0,953630.0,953343.0
2026-03-12 13:45:00,3051.0,3054.0,3049.0,3054.0,2857.0,953343.0,953086.0
2026-03-12 13:50:00,3054.0,3057.0,3054.0,3056.0,2465.0,953086.0,952759.0
2026-03-12 13:55:00,3056.0,3057.0,3050.0,3052.0,3700.0,952759.0,952810.0
2026-03-12 14:00:00,3052.0,3055.0,3050.0,3052.0,3562.0,952810.0,951779.0
2026-03-12 14:05:00,3052.0,3056.0,3051.0,3053.0,3577.0,951779.0,951026.0
2026-03-12 14:10:00,3053.0,3055.0,3051.0,3051.0,3551.0,951026.0,951917.0
2026-03-12 14:15:00,3051.0,3057.0,3051.0,3056.0,6094.0,951917.0,953335.0
2026-03-12 14:20:00,3056.0,3056.0,3051.0,3053.0,4489.0,953335.0,954669.0
2026-03-12 14:25:00,3053.0,3056.0,3051.0,3053.0,6796.0,954669.0,957247.0
2026-03-12 14:30:00,3053.0,3055.0,3051.0,3052.0,6672.0,957247.0,958799.0
2026-03-12 14:35:00,3052.0,3053.0,3049.0,3051.0,3186.0,958799.0,958119.0
2026-03-12 14:40:00,3051.0,3055.0,3051.0,3054.0,2476.0,958119.0,958256.0
2026-03-12 14:45:00,3054.0,3055.0,3047.0,3049.0,3309.0,958256.0,958406.0
2026-03-12 14:50:00,3049.0,3054.0,3048.0,3053.0,7325.0,958406.0,957926.0
2026-03-12 14:55:00,3053.0,3055.0,3050.0,3050.0,8245.0,957926.0,958804.0
2026-03-12 21:00:00,3060.0,3065.0,3054.0,3056.0,16414.0,958804.0,957586.0
2026-03-12 21:05:00,3056.0,3059.0,3054.0,3055.0,4372.0,957586.0,956525.0
2026-03-12 21:10:00,3055.0,3057.0,3053.0,3056.0,3335.0,956525.0,956817.0
2026-03-12 21:15:00,3056.0,3060.0,3056.0,3057.0,4095.0,956817.0,957093.0
2026-03-12 21:20:00,3057.0,3059.0,3055.0,3059.0,3764.0,957093.0,957114.0
2026-03-12 21:25:00,3059.0,3061.0,3057.0,3061.0,3904.0,957114.0,957146.0
2026-03-12 21:30:00,3061.0,3068.0,3060.0,3065.0,7649.0,957146.0,956568.0
2026-03-12 21:35:00,3065.0,3067.0,3061.0,3067.0,5618.0,956568.0,955341.0
2026-03-12 21:40:00,3067.0,3067.0,3059.0,3063.0,4509.0,955341.0,955065.0
2026-03-12 21:45:00,3063.0,3067.0,3062.0,3064.0,2728.0,955065.0,955372.0
2026-03-12 21:50:00,3064.0,3065.0,3061.0,3063.0,1636.0,955372.0,955243.0
2026-03-12 21:55:00,3063.0,3070.0,3062.0,3069.0,4237.0,955243.0,955301.0
2026-03-12 22:00:00,3069.0,3070.0,3066.0,3066.0,7348.0,955301.0,954710.0
2026-03-12 22:05:00,3066.0,3075.0,3066.0,3069.0,9184.0,954710.0,955012.0
2026-03-12 22:10:00,3069.0,3078.0,3069.0,3077.0,12974.0,955012.0,951388.0
2026-03-12 22:15:00,3077.0,3084.0,3074.0,3080.0,16542.0,951388.0,951043.0
2026-03-12 22:20:00,3080.0,3081.0,3075.0,3080.0,12308.0,951043.0,953522.0
2026-03-12 22:25:00,3080.0,3081.0,3074.0,3079.0,6269.0,953522.0,953995.0
2026-03-12 22:30:00,3079.0,3080.0,3074.0,3080.0,8822.0,953995.0,954505.0
2026-03-12 22:35:00,3080.0,3084.0,3078.0,3079.0,6227.0,954505.0,954528.0
2026-03-12 22:40:00,3079.0,3086.0,3077.0,3084.0,6056.0,954528.0,954561.0
2026-03-12 22:45:00,3084.0,3085.0,3073.0,3079.0,6810.0,954561.0,952976.0
2026-03-12 22:50:00,3079.0,3085.0,3078.0,3083.0,4469.0,952976.0,952300.0
2026-03-12 22:55:00,3083.0,3086.0,3080.0,3082.0,12320.0,952300.0,954570.0
2026-03-13 09:00:00,3070.0,3076.0,3065.0,3068.0,29412.0,954570.0,950589.0
2026-03-13 09:05:00,3068.0,3069.0,3059.0,3064.0,23987.0,950589.0,949304.0
2026-03-13 09:10:00,3064.0,3065.0,3046.0,3047.0,26059.0,949304.0,947244.0
2026-03-13 09:15:00,3047.0,3060.0,3047.0,3052.0,19596.0,947244.0,942521.0
2026-03-13 09:20:00,3052.0,3059.0,3051.0,3057.0,15677.0,942521.0,939894.0
2026-03-13 09:25:00,3057.0,3058.0,3053.0,3055.0,7728.0,939894.0,938595.0
2026-03-13 09:30:00,3055.0,3065.0,3054.0,3063.0,9265.0,938595.0,938289.0
2026-03-13 09:35:00,3063.0,3070.0,3061.0,3068.0,6495.0,938289.0,935615.0
2026-03-13 09:40:00,3068.0,3071.0,3062.0,3063.0,11991.0,935615.0,933652.0
2026-03-13 09:45:00,3063.0,3066.0,3060.0,3064.0,10853.0,933652.0,931988.0
2026-03-13 09:50:00,3064.0,3068.0,3062.0,3064.0,4921.0,931988.0,932562.0
2026-03-13 09:55:00,3064.0,3068.0,3064.0,3066.0,9131.0,932562.0,931276.0
2026-03-13 10:00:00,3066.0,3067.0,3062.0,3063.0,7493.0,931276.0,930313.0
2026-03-13 10:05:00,3063.0,3069.0,3063.0,3069.0,7707.0,930313.0,928452.0
2026-03-13 10:10:00,3069.0,3069.0,3056.0,3057.0,8159.0,928452.0,930553.0
2026-03-13 10:30:00,3057.0,3061.0,3051.0,3053.0,9002.0,930553.0,931389.0
2026-03-13 10:35:00,3053.0,3058.0,3053.0,3056.0,3812.0,931389.0,932033.0
2026-03-13 10:40:00,3056.0,3059.0,3053.0,3058.0,4900.0,932033.0,934041.0
2026-03-13 10:45:00,3058.0,3065.0,3057.0,3063.0,11888.0,934041.0,931793.0
2026-03-13 10:50:00,3063.0,3066.0,3061.0,3062.0,7268.0,931793.0,931744.0
2026-03-13 10:55:00,3062.0,3062.0,3055.0,3059.0,11015.0,931744.0,933335.0
2026-03-13 11:00:00,3059.0,3064.0,3057.0,3063.0,8529.0,933335.0,931435.0
2026-03-13 11:05:00,3063.0,3064.0,3056.0,3059.0,10601.0,931435.0,931677.0
2026-03-13 11:10:00,3059.0,3065.0,3055.0,3060.0,12835.0,931677.0,931783.0
2026-03-13 11:15:00,3060.0,3060.0,3052.0,3053.0,9050.0,931783.0,931843.0
2026-03-13 11:20:00,3053.0,3061.0,3051.0,3055.0,9124.0,931843.0,929849.0
2026-03-13 11:25:00,3055.0,3066.0,3055.0,3058.0,12831.0,929849.0,929053.0
2026-03-13 13:30:00,3059.0,3061.0,3051.0,3052.0,17922.0,929053.0,926734.0
2026-03-13 13:35:00,3052.0,3054.0,3047.0,3053.0,14873.0,926734.0,923272.0
2026-03-13 13:40:00,3053.0,3057.0,3050.0,3054.0,10306.0,923272.0,922591.0
2026-03-13 13:45:00,3054.0,3054.0,3046.0,3048.0,12802.0,922591.0,921438.0
2026-03-13 13:50:00,3048.0,3050.0,3042.0,3043.0,10287.0,921438.0,919597.0
2026-03-13 13:55:00,3043.0,3047.0,3041.0,3045.0,8048.0,919597.0,918673.0
2026-03-13 14:00:00,3045.0,3047.0,3039.0,3043.0,13173.0,918673.0,918110.0
2026-03-13 14:05:00,3043.0,3044.0,3039.0,3040.0,6158.0,918110.0,918696.0
2026-03-13 14:10:00,3040.0,3045.0,3036.0,3045.0,7465.0,918696.0,919283.0
2026-03-13 14:15:00,3045.0,3048.0,3041.0,3042.0,7515.0,919283.0,919839.0
2026-03-13 14:20:00,3042.0,3043.0,3038.0,3040.0,5259.0,919839.0,919142.0
2026-03-13 14:25:00,3040.0,3048.0,3039.0,3046.0,5942.0,919142.0,919577.0
2026-03-13 14:30:00,3046.0,3048.0,3040.0,3041.0,5032.0,919577.0,919720.0
2026-03-13 14:35:00,3041.0,3044.0,3035.0,3036.0,8640.0,919720.0,919720.0
2026-03-13 14:40:00,3036.0,3037.0,3020.0,3023.0,25809.0,919720.0,917682.0
2026-03-13 14:45:00,3023.0,3030.0,3019.0,3028.0,18845.0,917682.0,911442.0
2026-03-13 14:50:00,3028.0,3031.0,3021.0,3028.0,23464.0,911442.0,900884.0
2026-03-13 14:55:00,3028.0,3030.0,3024.0,3026.0,10550.0,900884.0,897561.0
2026-03-13 21:00:00,3021.0,3034.0,3020.0,3032.0,14631.0,897561.0,896187.0
2026-03-13 21:05:00,3032.0,3032.0,3026.0,3027.0,6333.0,896187.0,895829.0
2026-03-13 21:10:00,3027.0,3034.0,3027.0,3031.0,10782.0,895829.0,898417.0
2026-03-13 21:15:00,3031.0,3036.0,3028.0,3034.0,11888.0,898417.0,894935.0
2026-03-13 21:20:00,3034.0,3036.0,3029.0,3035.0,15668.0,894935.0,891546.0
2026-03-13 21:25:00,3035.0,3039.0,3032.0,3034.0,24651.0,891546.0,890050.0
2026-03-13 21:30:00,3034.0,3037.0,3031.0,3035.0,22712.0,890050.0,885131.0
2026-03-13 21:35:00,3035.0,3035.0,3029.0,3031.0,7609.0,885131.0,884852.0
2026-03-13 21:40:00,3031.0,3032.0,3026.0,3028.0,6827.0,884852.0,884779.0
2026-03-13 21:45:00,3028.0,3031.0,3022.0,3029.0,20696.0,884779.0,879313.0
2026-03-13 21:50:00,3029.0,3032.0,3027.0,3032.0,5116.0,879313.0,879914.0
2026-03-13 21:55:00,3032.0,3034.0,3031.0,3033.0,3425.0,879914.0,879965.0
2026-03-13 22:00:00,3033.0,3038.0,3033.0,3036.0,5039.0,879965.0,880912.0
2026-03-13 22:05:00,3036.0,3039.0,3034.0,3037.0,4160.0,880912.0,881676.0
2026-03-13 22:10:00,3037.0,3041.0,3036.0,3040.0,4042.0,881676.0,881458.0
2026-03-13 22:15:00,3040.0,3043.0,3037.0,3041.0,4350.0,881458.0,882626.0
2026-03-13 22:20:00,3041.0,3042.0,3033.0,3036.0,5950.0,882626.0,883127.0
2026-03-13 22:25:00,3036.0,3040.0,3035.0,3036.0,8062.0,883127.0,885563.0
2026-03-13 22:30:00,3036.0,3040.0,3036.0,3038.0,4665.0,885563.0,886536.0
2026-03-13 22:35:00,3038.0,3041.0,3035.0,3040.0,5517.0,886536.0,886439.0
2026-03-13 22:40:00,3040.0,3041.0,3038.0,3038.0,2744.0,886439.0,887148.0
2026-03-13 22:45:00,3038.0,3040.0,3036.0,3037.0,4215.0,887148.0,885952.0
2026-03-13 22:50:00,3037.0,3041.0,3037.0,3040.0,3357.0,885952.0,885974.0
2026-03-13 22:55:00,3040.0,3045.0,3039.0,3042.0,7171.0,885974.0,887939.0
2026-03-16 09:00:00,3018.0,3042.0,3010.0,3041.0,71426.0,887939.0,895801.0
2026-03-16 09:05:00,3041.0,3041.0,3027.0,3030.0,28401.0,895801.0,896470.0
2026-03-16 09:10:00,3030.0,3030.0,3024.0,3024.0,22723.0,896470.0,904564.0
2026-03-16 09:15:00,3024.0,3030.0,3019.0,3024.0,18249.0,904564.0,906992.0
2026-03-16 09:20:00,3024.0,3029.0,3020.0,3020.0,10798.0,906992.0,908083.0
2026-03-16 09:25:00,3020.0,3025.0,3019.0,3024.0,5820.0,908083.0,909830.0
2026-03-16 09:30:00,3024.0,3027.0,3021.0,3023.0,6256.0,909830.0,910031.0
2026-03-16 09:35:00,3023.0,3035.0,3023.0,3035.0,7693.0,910031.0,911512.0
2026-03-16 09:40:00,3035.0,3038.0,3032.0,3036.0,8909.0,911512.0,911739.0
2026-03-16 09:45:00,3036.0,3046.0,3036.0,3039.0,13317.0,911739.0,911241.0
2026-03-16 09:50:00,3039.0,3039.0,3032.0,3034.0,12687.0,911241.0,912180.0
2026-03-16 09:55:00,3034.0,3036.0,3028.0,3030.0,6474.0,912180.0,914655.0
2026-03-16 10:00:00,3030.0,3034.0,3028.0,3034.0,5585.0,914655.0,915864.0
2026-03-16 10:05:00,3034.0,3038.0,3032.0,3036.0,4300.0,915864.0,914027.0
2026-03-16 10:10:00,3036.0,3041.0,3034.0,3038.0,4498.0,914027.0,914201.0
2026-03-16 10:30:00,3039.0,3044.0,3037.0,3038.0,11173.0,914201.0,913923.0
2026-03-16 10:35:00,3038.0,3039.0,3034.0,3036.0,6067.0,913923.0,914636.0
2026-03-16 10:40:00,3036.0,3040.0,3036.0,3036.0,3969.0,914636.0,914795.0
2026-03-16 10:45:00,3036.0,3038.0,3033.0,3035.0,4558.0,914795.0,913996.0
2026-03-16 10:50:00,3035.0,3036.0,3033.0,3036.0,6836.0,913996.0,914936.0
2026-03-16 10:55:00,3036.0,3040.0,3033.0,3036.0,5503.0,914936.0,914849.0
2026-03-16 11:00:00,3036.0,3036.0,3031.0,3033.0,2609.0,914849.0,915090.0
2026-03-16 11:05:00,3033.0,3034.0,3031.0,3033.0,2680.0,915090.0,914767.0
2026-03-16 11:10:00,3033.0,3040.0,3033.0,3038.0,2760.0,914767.0,914693.0
2026-03-16 11:15:00,3038.0,3042.0,3037.0,3041.0,2641.0,914693.0,914369.0
2026-03-16 11:20:00,3041.0,3046.0,3038.0,3044.0,6487.0,914369.0,912862.0
2026-03-16 11:25:00,3044.0,3046.0,3041.0,3044.0,3388.0,912862.0,912759.0
2026-03-16 13:30:00,3043.0,3048.0,3043.0,3046.0,6364.0,912759.0,913380.0
2026-03-16 13:35:00,3046.0,3049.0,3044.0,3046.0,7669.0,913380.0,912773.0
2026-03-16 13:40:00,3046.0,3048.0,3041.0,3042.0,4249.0,912773.0,912236.0
2026-03-16 13:45:00,3042.0,3045.0,3041.0,3045.0,2688.0,912236.0,912365.0
2026-03-16 13:50:00,3045.0,3045.0,3041.0,3042.0,2224.0,912365.0,912516.0
2026-03-16 13:55:00,3042.0,3042.0,3038.0,3039.0,2955.0,912516.0,912282.0
2026-03-16 14:00:00,3039.0,3041.0,3039.0,3040.0,1395.0,912282.0,912270.0
2026-03-16 14:05:00,3040.0,3043.0,3039.0,3042.0,2563.0,912270.0,912708.0
2026-03-16 14:10:00,3042.0,3042.0,3039.0,3042.0,1676.0,912708.0,913004.0
2026-03-16 14:15:00,3042.0,3042.0,3039.0,3041.0,1117.0,913004.0,913137.0
2026-03-16 14:20:00,3041.0,3042.0,3039.0,3040.0,1954.0,913137.0,912496.0
2026-03-16 14:25:00,3040.0,3045.0,3040.0,3042.0,3379.0,912496.0,911945.0
2026-03-16 14:30:00,3042.0,3045.0,3041.0,3044.0,1955.0,911945.0,912019.0
2026-03-16 14:35:00,3044.0,3049.0,3044.0,3048.0,4363.0,912019.0,911009.0
2026-03-16 14:40:00,3048.0,3051.0,3047.0,3050.0,3772.0,911009.0,910806.0
2026-03-16 14:45:00,3050.0,3051.0,3044.0,3046.0,5315.0,910806.0,911744.0
2026-03-16 14:50:00,3046.0,3047.0,3041.0,3041.0,2996.0,911744.0,911595.0
2026-03-16 14:55:00,3041.0,3042.0,3036.0,3037.0,6886.0,911595.0,910954.0
2026-03-16 21:00:00,3029.0,3037.0,3022.0,3033.0,18889.0,910954.0,913562.0
2026-03-16 21:05:00,3033.0,3039.0,3033.0,3035.0,8164.0,913562.0,915410.0
2026-03-16 21:10:00,3035.0,3037.0,3033.0,3036.0,5631.0,915410.0,916786.0
2026-03-16 21:15:00,3036.0,3039.0,3032.0,3034.0,6580.0,916786.0,917723.0
2026-03-16 21:20:00,3034.0,3035.0,3032.0,3034.0,5369.0,917723.0,919324.0
2026-03-16 21:25:00,3034.0,3035.0,3023.0,3027.0,23619.0,919324.0,922405.0
2026-03-16 21:30:00,3027.0,3028.0,3020.0,3025.0,15797.0,922405.0,922064.0
2026-03-16 21:35:00,3025.0,3026.0,3022.0,3026.0,6163.0,922064.0,922052.0
2026-03-16 21:40:00,3026.0,3029.0,3024.0,3027.0,5016.0,922052.0,922705.0
2026-03-16 21:45:00,3027.0,3029.0,3020.0,3020.0,8789.0,922705.0,924256.0
2026-03-16 21:50:00,3020.0,3021.0,3016.0,3019.0,6996.0,924256.0,925282.0
2026-03-16 21:55:00,3019.0,3019.0,3013.0,3015.0,9731.0,925282.0,928250.0
2026-03-16 22:00:00,3015.0,3018.0,3010.0,3011.0,8182.0,928250.0,930609.0
2026-03-16 22:05:00,3011.0,3013.0,3005.0,3006.0,12589.0,930609.0,930291.0
2026-03-16 22:10:00,3006.0,3013.0,3005.0,3013.0,7721.0,930291.0,931037.0
2026-03-16 22:15:00,3013.0,3018.0,3012.0,3015.0,5595.0,931037.0,931537.0
2026-03-16 22:20:00,3015.0,3019.0,3015.0,3016.0,2909.0,931537.0,931321.0
2026-03-16 22:25:00,3016.0,3018.0,3013.0,3015.0,4099.0,931321.0,932483.0
2026-03-16 22:30:00,3015.0,3017.0,3014.0,3017.0,2094.0,932483.0,932538.0
2026-03-16 22:35:00,3017.0,3018.0,3013.0,3015.0,2310.0,932538.0,932537.0
2026-03-16 22:40:00,3015.0,3016.0,3013.0,3014.0,2981.0,932537.0,934009.0
2026-03-16 22:45:00,3014.0,3015.0,3007.0,3010.0,10890.0,934009.0,936038.0
2026-03-16 22:50:00,3010.0,3010.0,3007.0,3009.0,5211.0,936038.0,936320.0
2026-03-16 22:55:00,3009.0,3016.0,3008.0,3014.0,5030.0,936320.0,935249.0
2026-03-17 09:00:00,3000.0,3011.0,2995.0,3008.0,27455.0,935249.0,936373.0
2026-03-17 09:05:00,3008.0,3015.0,3005.0,3013.0,16053.0,936373.0,941008.0
2026-03-17 09:10:00,3013.0,3015.0,3011.0,3013.0,11918.0,941008.0,946870.0
2026-03-17 09:15:00,3013.0,3015.0,3009.0,3014.0,7065.0,946870.0,947464.0
2026-03-17 09:20:00,3014.0,3016.0,3012.0,3015.0,10087.0,947464.0,950344.0
2026-03-17 09:25:00,3015.0,3019.0,3014.0,3016.0,14683.0,950344.0,952004.0
2026-03-17 09:30:00,3016.0,3016.0,3009.0,3013.0,14028.0,952004.0,952418.0
2026-03-17 09:35:00,3013.0,3015.0,3010.0,3014.0,9280.0,952418.0,954941.0
2026-03-17 09:40:00,3014.0,3014.0,3010.0,3012.0,4128.0,954941.0,956001.0
2026-03-17 09:45:00,3012.0,3016.0,3012.0,3013.0,4778.0,956001.0,957682.0
2026-03-17 09:50:00,3013.0,3014.0,3012.0,3013.0,2501.0,957682.0,958869.0
2026-03-17 09:55:00,3013.0,3015.0,3012.0,3014.0,3694.0,958869.0,959181.0
2026-03-17 10:00:00,3014.0,3015.0,3012.0,3014.0,3322.0,959181.0,958692.0
2026-03-17 10:05:00,3014.0,3022.0,3013.0,3020.0,7688.0,958692.0,959743.0
2026-03-17 10:10:00,3020.0,3024.0,3019.0,3023.0,6978.0,959743.0,959726.0
2026-03-17 10:30:00,3023.0,3026.0,3021.0,3022.0,6971.0,959726.0,960081.0
2026-03-17 10:35:00,3022.0,3024.0,3019.0,3024.0,2899.0,960081.0,960528.0
2026-03-17 10:40:00,3024.0,3027.0,3023.0,3024.0,3557.0,960528.0,961112.0
2026-03-17 10:45:00,3024.0,3026.0,3022.0,3024.0,2028.0,961112.0,960555.0
2026-03-17 10:50:00,3024.0,3025.0,3023.0,3024.0,1479.0,960555.0,960883.0
2026-03-17 10:55:00,3024.0,3025.0,3019.0,3020.0,3788.0,960883.0,961903.0
2026-03-17 11:00:00,3020.0,3021.0,3018.0,3020.0,2865.0,961903.0,962368.0
2026-03-17 11:05:00,3020.0,3022.0,3018.0,3019.0,2296.0,962368.0,962694.0
2026-03-17 11:10:00,3019.0,3019.0,3010.0,3013.0,6901.0,962694.0,965420.0
2026-03-17 11:15:00,3013.0,3015.0,3012.0,3014.0,3469.0,965420.0,966152.0
2026-03-17 11:20:00,3014.0,3016.0,3013.0,3015.0,2814.0,966152.0,967082.0
2026-03-17 11:25:00,3015.0,3018.0,3014.0,3018.0,2145.0,967082.0,967096.0
2026-03-17 13:30:00,3016.0,3017.0,3013.0,3016.0,2838.0,967096.0,966861.0
2026-03-17 13:35:00,3016.0,3022.0,3016.0,3021.0,3100.0,966861.0,967001.0
2026-03-17 13:40:00,3021.0,3025.0,3020.0,3022.0,7659.0,967001.0,967917.0
2026-03-17 13:45:00,3022.0,3024.0,3021.0,3023.0,3969.0,967917.0,969064.0
2026-03-17 13:50:00,3023.0,3025.0,3022.0,3022.0,11134.0,969064.0,970320.0
2026-03-17 13:55:00,3022.0,3024.0,3020.0,3023.0,6230.0,970320.0,971619.0
2026-03-17 14:00:00,3023.0,3025.0,3022.0,3022.0,3669.0,971619.0,972656.0
2026-03-17 14:05:00,3022.0,3024.0,3020.0,3022.0,4152.0,972656.0,973170.0
2026-03-17 14:10:00,3022.0,3024.0,3022.0,3023.0,1569.0,973170.0,973116.0
2026-03-17 14:15:00,3023.0,3026.0,3021.0,3021.0,6816.0,973116.0,973767.0
2026-03-17 14:20:00,3021.0,3025.0,3021.0,3024.0,2306.0,973767.0,973358.0
2026-03-17 14:25:00,3024.0,3025.0,3020.0,3021.0,5363.0,973358.0,974816.0
2026-03-17 14:30:00,3021.0,3023.0,3018.0,3021.0,5172.0,974816.0,975461.0
2026-03-17 14:35:00,3021.0,3024.0,3020.0,3024.0,5569.0,975461.0,976479.0
2026-03-17 14:40:00,3024.0,3028.0,3024.0,3028.0,4779.0,976479.0,976613.0
2026-03-17 14:45:00,3028.0,3028.0,3026.0,3028.0,4219.0,976613.0,977427.0
2026-03-17 14:50:00,3028.0,3029.0,3026.0,3029.0,6863.0,977427.0,975822.0
2026-03-17 14:55:00,3029.0,3029.0,3023.0,3023.0,12486.0,975822.0,974265.0
2026-03-17 21:00:00,3028.0,3033.0,3020.0,3021.0,15263.0,974265.0,971794.0
2026-03-17 21:05:00,3021.0,3022.0,3018.0,3021.0,10971.0,971794.0,970613.0
2026-03-17 21:10:00,3021.0,3021.0,3018.0,3020.0,4171.0,970613.0,969729.0
2026-03-17 21:15:00,3020.0,3022.0,3019.0,3021.0,2456.0,969729.0,969541.0
2026-03-17 21:20:00,3021.0,3024.0,3018.0,3021.0,4232.0,969541.0,969473.0
2026-03-17 21:25:00,3021.0,3021.0,3018.0,3021.0,2997.0,969473.0,969245.0
2026-03-17 21:30:00,3021.0,3021.0,3015.0,3017.0,3764.0,969245.0,970208.0
2026-03-17 21:35:00,3017.0,3022.0,3017.0,3020.0,7646.0,970208.0,971551.0
2026-03-17 21:40:00,3020.0,3023.0,3017.0,3022.0,3702.0,971551.0,972197.0
2026-03-17 21:45:00,3022.0,3023.0,3019.0,3022.0,2321.0,972197.0,972400.0
2026-03-17 21:50:00,3022.0,3023.0,3020.0,3021.0,2383.0,972400.0,971960.0
2026-03-17 21:55:00,3021.0,3021.0,3018.0,3021.0,3157.0,971960.0,971862.0
2026-03-17 22:00:00,3021.0,3023.0,3020.0,3020.0,6260.0,971862.0,969455.0
2026-03-17 22:05:00,3020.0,3024.0,3020.0,3022.0,4412.0,969455.0,967785.0
2026-03-17 22:10:00,3022.0,3026.0,3021.0,3024.0,3697.0,967785.0,967837.0
2026-03-17 22:15:00,3024.0,3025.0,3022.0,3022.0,2895.0,967837.0,968378.0
2026-03-17 22:20:00,3022.0,3023.0,3020.0,3023.0,3380.0,968378.0,967884.0
2026-03-17 22:25:00,3023.0,3024.0,3020.0,3020.0,3239.0,967884.0,968140.0
2026-03-17 22:30:00,3020.0,3020.0,3017.0,3018.0,2607.0,968140.0,967911.0
2026-03-17 22:35:00,3018.0,3019.0,3017.0,3017.0,1729.0,967911.0,968062.0
2026-03-17 22:40:00,3017.0,3018.0,3015.0,3016.0,2346.0,968062.0,967711.0
2026-03-17 22:45:00,3016.0,3017.0,3014.0,3016.0,2099.0,967711.0,967655.0
2026-03-17 22:50:00,3016.0,3016.0,3012.0,3013.0,2821.0,967655.0,968291.0
2026-03-17 22:55:00,3013.0,3013.0,3008.0,3011.0,9881.0,968291.0,969034.0
2026-03-18 09:00:00,3005.0,3017.0,3003.0,3013.0,10611.0,969034.0,970492.0
2026-03-18 09:05:00,3013.0,3016.0,3013.0,3014.0,4526.0,970492.0,971252.0
2026-03-18 09:10:00,3014.0,3020.0,3012.0,3019.0,7029.0,971252.0,971679.0
2026-03-18 09:15:00,3019.0,3021.0,3014.0,3014.0,6601.0,971679.0,971853.0
2026-03-18 09:20:00,3014.0,3017.0,3013.0,3016.0,2994.0,971853.0,971749.0
2026-03-18 09:25:00,3016.0,3016.0,3011.0,3012.0,5012.0,971749.0,972520.0
2026-03-18 09:30:00,3012.0,3016.0,3011.0,3013.0,4932.0,972520.0,974232.0
2026-03-18 09:35:00,3013.0,3016.0,3010.0,3012.0,6754.0,974232.0,974892.0
2026-03-18 09:40:00,3012.0,3012.0,3006.0,3009.0,12099.0,974892.0,973768.0
2026-03-18 09:45:00,3009.0,3010.0,3003.0,3005.0,8360.0,973768.0,975002.0
2026-03-18 09:50:00,3005.0,3009.0,3005.0,3008.0,9277.0,975002.0,976087.0
2026-03-18 09:55:00,3008.0,3009.0,3005.0,3006.0,6440.0,976087.0,976350.0
2026-03-18 10:00:00,3006.0,3011.0,3006.0,3009.0,4357.0,976350.0,976169.0
2026-03-18 10:05:00,3009.0,3009.0,3006.0,3007.0,4847.0,976169.0,976158.0
2026-03-18 10:10:00,3007.0,3007.0,3002.0,3005.0,4477.0,976158.0,976680.0
2026-03-18 10:30:00,3004.0,3004.0,2997.0,3000.0,12775.0,976680.0,976015.0
2026-03-18 10:35:00,3000.0,3003.0,3000.0,3003.0,2832.0,976015.0,976474.0
2026-03-18 10:40:00,3003.0,3005.0,3001.0,3001.0,1848.0,976474.0,976785.0
2026-03-18 10:45:00,3001.0,3003.0,2999.0,3000.0,2200.0,976785.0,976857.0
2026-03-18 10:50:00,3000.0,3003.0,2998.0,3002.0,5973.0,976857.0,975548.0
2026-03-18 10:55:00,3002.0,3003.0,2999.0,3002.0,1399.0,975548.0,975702.0
2026-03-18 11:00:00,3002.0,3004.0,3000.0,3000.0,2525.0,975702.0,976079.0
2026-03-18 11:05:00,3000.0,3002.0,2999.0,3000.0,1773.0,976079.0,975838.0
2026-03-18 11:10:00,3000.0,3001.0,2998.0,3001.0,1851.0,975838.0,975796.0
2026-03-18 11:15:00,3001.0,3002.0,2999.0,3002.0,1581.0,975796.0,975814.0
2026-03-18 11:20:00,3002.0,3002.0,2997.0,2999.0,2881.0,975814.0,976954.0
2026-03-18 11:25:00,2999.0,3002.0,2997.0,3002.0,4198.0,976954.0,977968.0
2026-03-18 13:30:00,3001.0,3002.0,2989.0,2994.0,14467.0,977968.0,976071.0
2026-03-18 13:35:00,2994.0,2997.0,2992.0,2996.0,5216.0,976071.0,975434.0
2026-03-18 13:40:00,2996.0,2998.0,2994.0,2996.0,2361.0,975434.0,975138.0
2026-03-18 13:45:00,2996.0,2998.0,2993.0,2998.0,3235.0,975138.0,975474.0
2026-03-18 13:50:00,2998.0,2999.0,2996.0,2999.0,2842.0,975474.0,976080.0
2026-03-18 13:55:00,2999.0,2999.0,2995.0,2996.0,3370.0,976080.0,976370.0
2026-03-18 14:00:00,2996.0,3000.0,2995.0,2999.0,3544.0,976370.0,976214.0
2026-03-18 14:05:00,2999.0,3005.0,2999.0,3003.0,6634.0,976214.0,974670.0
2026-03-18 14:10:00,3003.0,3004.0,3001.0,3002.0,2061.0,974670.0,974661.0
2026-03-18 14:15:00,3002.0,3002.0,2998.0,2998.0,2317.0,974661.0,974726.0
2026-03-18 14:20:00,2998.0,2999.0,2996.0,2998.0,2594.0,974726.0,974733.0
2026-03-18 14:25:00,2998.0,2998.0,2995.0,2998.0,2834.0,974733.0,974126.0
2026-03-18 14:30:00,2998.0,3000.0,2996.0,2998.0,2052.0,974126.0,974173.0
2026-03-18 14:35:00,2998.0,3000.0,2996.0,2998.0,2699.0,974173.0,974446.0
2026-03-18 14:40:00,2998.0,3001.0,2997.0,3001.0,2736.0,974446.0,974475.0
2026-03-18 14:45:00,3001.0,3002.0,3000.0,3002.0,1791.0,974475.0,974814.0
2026-03-18 14:50:00,3002.0,3005.0,3001.0,3002.0,4818.0,974814.0,975918.0
2026-03-18 14:55:00,3002.0,3005.0,3002.0,3004.0,3446.0,975918.0,976302.0
2026-03-18 21:00:00,3007.0,3012.0,3003.0,3008.0,13196.0,976302.0,975887.0
2026-03-18 21:05:00,3008.0,3009.0,3005.0,3007.0,7172.0,975887.0,976184.0
2026-03-18 21:10:00,3007.0,3009.0,3006.0,3008.0,3168.0,976184.0,976944.0
2026-03-18 21:15:00,3008.0,3008.0,3002.0,3002.0,3867.0,976944.0,976692.0
2026-03-18 21:20:00,3002.0,3004.0,3000.0,3002.0,5731.0,976692.0,978272.0
2026-03-18 21:25:00,3002.0,3002.0,2999.0,3002.0,4457.0,978272.0,978791.0
2026-03-18 21:30:00,3002.0,3004.0,2999.0,3000.0,3915.0,978791.0,979878.0
2026-03-18 21:35:00,3000.0,3000.0,2996.0,2999.0,5725.0,979878.0,981852.0
2026-03-18 21:40:00,2999.0,3004.0,2997.0,3003.0,3764.0,981852.0,982797.0
2026-03-18 21:45:00,3003.0,3003.0,2999.0,3001.0,2251.0,982797.0,982501.0
2026-03-18 21:50:00,3001.0,3001.0,2999.0,3000.0,3612.0,982501.0,983856.0
2026-03-18 21:55:00,3000.0,3001.0,2998.0,2999.0,2685.0,983856.0,984684.0
2026-03-18 22:00:00,2999.0,3002.0,2999.0,3000.0,3617.0,984684.0,985589.0
2026-03-18 22:05:00,3000.0,3001.0,2997.0,2998.0,3648.0,985589.0,986250.0
2026-03-18 22:10:00,2998.0,3004.0,2998.0,3002.0,1783.0,986250.0,986831.0
2026-03-18 22:15:00,3002.0,3004.0,3002.0,3004.0,2582.0,986831.0,987922.0
2026-03-18 22:20:00,3004.0,3006.0,3003.0,3004.0,3809.0,987922.0,988499.0
2026-03-18 22:25:00,3004.0,3007.0,3004.0,3005.0,2532.0,988499.0,988660.0
2026-03-18 22:30:00,3005.0,3006.0,3002.0,3005.0,3143.0,988660.0,989542.0
2026-03-18 22:35:00,3005.0,3011.0,3003.0,3009.0,6676.0,989542.0,990708.0
2026-03-18 22:40:00,3009.0,3010.0,3007.0,3008.0,2795.0,990708.0,991585.0
2026-03-18 22:45:00,3008.0,3010.0,3007.0,3010.0,2249.0,991585.0,991473.0
2026-03-18 22:50:00,3010.0,3012.0,3008.0,3011.0,2664.0,991473.0,991340.0
2026-03-18 22:55:00,3011.0,3011.0,3008.0,3011.0,3388.0,991340.0,991388.0
2026-03-19 09:00:00,3020.0,3024.0,3014.0,3023.0,21928.0,991388.0,991746.0
2026-03-19 09:05:00,3023.0,3028.0,3020.0,3021.0,15899.0,991746.0,992341.0
2026-03-19 09:10:00,3021.0,3027.0,3021.0,3027.0,8835.0,992341.0,989665.0
2026-03-19 09:15:00,3027.0,3028.0,3021.0,3024.0,8949.0,989665.0,989294.0
2026-03-19 09:20:00,3024.0,3024.0,3018.0,3018.0,10746.0,989294.0,986644.0
2026-03-19 09:25:00,3018.0,3025.0,3018.0,3023.0,4256.0,986644.0,985772.0
2026-03-19 09:30:00,3023.0,3024.0,3020.0,3022.0,3449.0,985772.0,986678.0
2026-03-19 09:35:00,3022.0,3023.0,3019.0,3022.0,2508.0,986678.0,987704.0
2026-03-19 09:40:00,3022.0,3023.0,3018.0,3019.0,6269.0,987704.0,986819.0
2026-03-19 09:45:00,3019.0,3021.0,3017.0,3018.0,2533.0,986819.0,987222.0
2026-03-19 09:50:00,3018.0,3021.0,3017.0,3020.0,2397.0,987222.0,987400.0
2026-03-19 09:55:00,3020.0,3023.0,3019.0,3022.0,5860.0,987400.0,988824.0
2026-03-19 10:00:00,3022.0,3025.0,3021.0,3024.0,2505.0,988824.0,989338.0
2026-03-19 10:05:00,3024.0,3026.0,3019.0,3022.0,3861.0,989338.0,989781.0
2026-03-19 10:10:00,3022.0,3023.0,3019.0,3019.0,3330.0,989781.0,991201.0
2026-03-19 10:30:00,3018.0,3019.0,3013.0,3014.0,5736.0,991201.0,991057.0
2026-03-19 10:35:00,3014.0,3016.0,3012.0,3014.0,3968.0,991057.0,990839.0
2026-03-19 10:40:00,3014.0,3015.0,3011.0,3014.0,5133.0,990839.0,992069.0
2026-03-19 10:45:00,3014.0,3016.0,3010.0,3012.0,5726.0,992069.0,990782.0
2026-03-19 10:50:00,3012.0,3015.0,3012.0,3013.0,2692.0,990782.0,991465.0
2026-03-19 10:55:00,3013.0,3016.0,3012.0,3016.0,2374.0,991465.0,991214.0
2026-03-19 11:00:00,3016.0,3016.0,3013.0,3014.0,1307.0,991214.0,991424.0
2026-03-19 11:05:00,3014.0,3019.0,3014.0,3018.0,4925.0,991424.0,991388.0
2026-03-19 11:10:00,3018.0,3019.0,3015.0,3017.0,2502.0,991388.0,991765.0
2026-03-19 11:15:00,3017.0,3017.0,3015.0,3016.0,3096.0,991765.0,991766.0
2026-03-19 11:20:00,3016.0,3016.0,3014.0,3015.0,1675.0,991766.0,992304.0
2026-03-19 11:25:00,3015.0,3016.0,3013.0,3014.0,1285.0,992304.0,992442.0
2026-03-19 13:30:00,3014.0,3015.0,3011.0,3011.0,4179.0,992442.0,991856.0
2026-03-19 13:35:00,3011.0,3013.0,3011.0,3013.0,3800.0,991856.0,992104.0
2026-03-19 13:40:00,3013.0,3014.0,3010.0,3012.0,2208.0,992104.0,992541.0
2026-03-19 13:45:00,3012.0,3013.0,3008.0,3008.0,4780.0,992541.0,992129.0
2026-03-19 13:50:00,3008.0,3011.0,3008.0,3010.0,3128.0,992129.0,992746.0
2026-03-19 13:55:00,3010.0,3011.0,3007.0,3009.0,2846.0,992746.0,992938.0
2026-03-19 14:00:00,3009.0,3013.0,3004.0,3012.0,9214.0,992938.0,993494.0
2026-03-19 14:05:00,3012.0,3012.0,3009.0,3012.0,3382.0,993494.0,993750.0
2026-03-19 14:10:00,3012.0,3012.0,3009.0,3010.0,1470.0,993750.0,993663.0
2026-03-19 14:15:00,3010.0,3011.0,3009.0,3010.0,2183.0,993663.0,993286.0
2026-03-19 14:20:00,3010.0,3011.0,3007.0,3008.0,3224.0,993286.0,993900.0
2026-03-19 14:25:00,3008.0,3013.0,3007.0,3012.0,3661.0,993900.0,992679.0
2026-03-19 14:30:00,3012.0,3012.0,3008.0,3010.0,2176.0,992679.0,992572.0
2026-03-19 14:35:00,3010.0,3012.0,3009.0,3010.0,4835.0,992572.0,991960.0
2026-03-19 14:40:00,3010.0,3012.0,3008.0,3012.0,3535.0,991960.0,990558.0
2026-03-19 14:45:00,3012.0,3012.0,3006.0,3008.0,8044.0,990558.0,991957.0
2026-03-19 14:50:00,3008.0,3010.0,3007.0,3009.0,2596.0,991957.0,991897.0
2026-03-19 14:55:00,3009.0,3011.0,3007.0,3009.0,2497.0,991897.0,991194.0
2026-03-19 21:00:00,3014.0,3014.0,3007.0,3009.0,14388.0,991194.0,991402.0
2026-03-19 21:05:00,3009.0,3010.0,3001.0,3003.0,8659.0,991402.0,992460.0
2026-03-19 21:10:00,3003.0,3004.0,3001.0,3002.0,10971.0,992460.0,992787.0
2026-03-19 21:15:00,3002.0,3004.0,2999.0,3000.0,8006.0,992787.0,992124.0
2026-03-19 21:20:00,3000.0,3006.0,2998.0,3004.0,12075.0,992124.0,989664.0
2026-03-19 21:25:00,3004.0,3006.0,3003.0,3004.0,7448.0,989664.0,990492.0
2026-03-19 21:30:00,3004.0,3017.0,3004.0,3017.0,12800.0,990492.0,989577.0
2026-03-19 21:35:00,3017.0,3019.0,3014.0,3014.0,7581.0,989577.0,990008.0
2026-03-19 21:40:00,3014.0,3016.0,3011.0,3014.0,5900.0,990008.0,990845.0
2026-03-19 21:45:00,3014.0,3014.0,3010.0,3013.0,4026.0,990845.0,992329.0
2026-03-19 21:50:00,3013.0,3014.0,3010.0,3011.0,3317.0,992329.0,993028.0
2026-03-19 21:55:00,3011.0,3014.0,3010.0,3014.0,3328.0,993028.0,992781.0
2026-03-19 22:00:00,3014.0,3015.0,3012.0,3015.0,2919.0,992781.0,992545.0
2026-03-19 22:05:00,3015.0,3018.0,3014.0,3014.0,5508.0,992545.0,992352.0
2026-03-19 22:10:00,3014.0,3016.0,3013.0,3013.0,2145.0,992352.0,992529.0
2026-03-19 22:15:00,3013.0,3014.0,3011.0,3014.0,1940.0,992529.0,992232.0
2026-03-19 22:20:00,3014.0,3022.0,3013.0,3020.0,7165.0,992232.0,992231.0
2026-03-19 22:25:00,3020.0,3020.0,3017.0,3020.0,1536.0,992231.0,992437.0
2026-03-19 22:30:00,3020.0,3020.0,3018.0,3018.0,2340.0,992437.0,992496.0
2026-03-19 22:35:00,3018.0,3021.0,3018.0,3020.0,5094.0,992496.0,992675.0
2026-03-19 22:40:00,3020.0,3020.0,3017.0,3018.0,2065.0,992675.0,992845.0
2026-03-19 22:45:00,3018.0,3021.0,3018.0,3019.0,787.0,992845.0,992851.0
2026-03-19 22:50:00,3019.0,3020.0,3017.0,3017.0,1786.0,992851.0,992719.0
2026-03-19 22:55:00,3017.0,3022.0,3017.0,3022.0,4296.0,992719.0,991860.0
2026-03-20 09:00:00,3025.0,3028.0,3019.0,3022.0,13985.0,991860.0,991078.0
2026-03-20 09:05:00,3022.0,3023.0,3019.0,3022.0,3309.0,991078.0,990649.0
2026-03-20 09:10:00,3022.0,3025.0,3019.0,3021.0,6871.0,990649.0,991143.0
2026-03-20 09:15:00,3021.0,3022.0,3017.0,3018.0,5664.0,991143.0,990961.0
2026-03-20 09:20:00,3018.0,3020.0,3015.0,3020.0,6387.0,990961.0,991443.0
2026-03-20 09:25:00,3020.0,3021.0,3017.0,3019.0,3139.0,991443.0,992425.0
2026-03-20 09:30:00,3019.0,3020.0,3018.0,3018.0,3057.0,992425.0,993470.0
2026-03-20 09:35:00,3018.0,3020.0,3017.0,3019.0,12542.0,993470.0,994238.0
2026-03-20 09:40:00,3019.0,3021.0,3017.0,3021.0,4480.0,994238.0,993941.0
2026-03-20 09:45:00,3021.0,3021.0,3017.0,3019.0,9637.0,993941.0,994765.0
2026-03-20 09:50:00,3019.0,3025.0,3019.0,3022.0,6377.0,994765.0,994695.0
2026-03-20 09:55:00,3022.0,3023.0,3020.0,3020.0,7037.0,994695.0,995137.0
2026-03-20 10:00:00,3020.0,3023.0,3020.0,3023.0,4853.0,995137.0,995368.0
2026-03-20 10:05:00,3023.0,3024.0,3021.0,3022.0,2159.0,995368.0,995222.0
2026-03-20 10:10:00,3022.0,3023.0,3021.0,3022.0,877.0,995222.0,995249.0
2026-03-20 10:30:00,3023.0,3026.0,3022.0,3025.0,3983.0,995249.0,995464.0
2026-03-20 10:35:00,3025.0,3028.0,3024.0,3026.0,4592.0,995464.0,995837.0
2026-03-20 10:40:00,3026.0,3027.0,3022.0,3025.0,3842.0,995837.0,996503.0
2026-03-20 10:45:00,3025.0,3027.0,3023.0,3027.0,3726.0,996503.0,996695.0
2026-03-20 10:50:00,3027.0,3030.0,3026.0,3029.0,4323.0,996695.0,997342.0
2026-03-20 10:55:00,3029.0,3033.0,3027.0,3033.0,5954.0,997342.0,998509.0
2026-03-20 11:00:00,3033.0,3039.0,3032.0,3038.0,10587.0,998509.0,1002120.0
2026-03-20 11:05:00,3038.0,3039.0,3034.0,3037.0,5939.0,1002120.0,1004137.0
2026-03-20 11:10:00,3037.0,3038.0,3036.0,3038.0,3767.0,1004137.0,1004844.0
2026-03-20 11:15:00,3038.0,3040.0,3036.0,3038.0,4807.0,1004844.0,1006072.0
2026-03-20 11:20:00,3038.0,3044.0,3038.0,3039.0,10811.0,1006072.0,1007753.0
2026-03-20 11:25:00,3039.0,3047.0,3037.0,3045.0,8257.0,1007753.0,1007685.0
2026-03-20 13:30:00,3046.0,3051.0,3046.0,3047.0,20675.0,1007685.0,1013241.0
2026-03-20 13:35:00,3047.0,3054.0,3047.0,3051.0,10254.0,1013241.0,1016209.0
2026-03-20 13:40:00,3051.0,3055.0,3048.0,3051.0,13785.0,1016209.0,1019515.0
2026-03-20 13:45:00,3051.0,3058.0,3049.0,3057.0,16604.0,1019515.0,1018474.0
2026-03-20 13:50:00,3057.0,3063.0,3055.0,3060.0,13648.0,1018474.0,1022416.0
2026-03-20 13:55:00,3060.0,3061.0,3055.0,3057.0,6822.0,1022416.0,1024027.0
2026-03-20 14:00:00,3057.0,3060.0,3055.0,3057.0,3685.0,1024027.0,1024496.0
2026-03-20 14:05:00,3057.0,3058.0,3054.0,3057.0,3393.0,1024496.0,1025272.0
2026-03-20 14:10:00,3057.0,3063.0,3055.0,3062.0,8151.0,1025272.0,1027558.0
2026-03-20 14:15:00,3062.0,3063.0,3055.0,3055.0,5384.0,1027558.0,1027816.0
2026-03-20 14:20:00,3055.0,3056.0,3049.0,3049.0,8746.0,1027816.0,1026703.0
2026-03-20 14:25:00,3049.0,3054.0,3049.0,3053.0,3513.0,1026703.0,1027265.0
2026-03-20 14:30:00,3053.0,3056.0,3052.0,3056.0,5206.0,1027265.0,1028958.0
2026-03-20 14:35:00,3056.0,3057.0,3053.0,3054.0,3183.0,1028958.0,1029997.0
2026-03-20 14:40:00,3054.0,3055.0,3051.0,3052.0,6365.0,1029997.0,1030387.0
2026-03-20 14:45:00,3052.0,3057.0,3052.0,3055.0,6510.0,1030387.0,1032111.0
2026-03-20 14:50:00,3055.0,3059.0,3055.0,3058.0,7598.0,1032111.0,1030983.0
2026-03-20 14:55:00,3058.0,3059.0,3052.0,3055.0,21085.0,1030983.0,1028726.0
2026-03-20 21:00:00,3046.0,3057.0,3045.0,3056.0,24633.0,1028726.0,1032477.0
2026-03-20 21:05:00,3056.0,3063.0,3055.0,3062.0,12943.0,1032477.0,1032838.0
2026-03-20 21:10:00,3062.0,3067.0,3061.0,3066.0,20169.0,1032838.0,1035098.0
2026-03-20 21:15:00,3066.0,3070.0,3063.0,3070.0,9597.0,1035098.0,1036601.0
2026-03-20 21:20:00,3070.0,3070.0,3063.0,3068.0,8009.0,1036601.0,1037805.0
2026-03-20 21:25:00,3068.0,3069.0,3063.0,3064.0,11925.0,1037805.0,1037275.0
2026-03-20 21:30:00,3064.0,3064.0,3059.0,3060.0,10682.0,1037275.0,1038360.0
2026-03-20 21:35:00,3060.0,3062.0,3057.0,3057.0,11230.0,1038360.0,1038519.0
2026-03-20 21:40:00,3057.0,3061.0,3055.0,3060.0,7738.0,1038519.0,1039497.0
2026-03-20 21:45:00,3060.0,3064.0,3059.0,3062.0,6780.0,1039497.0,1041132.0
2026-03-20 21:50:00,3062.0,3063.0,3055.0,3056.0,7158.0,1041132.0,1042079.0
2026-03-20 21:55:00,3056.0,3059.0,3053.0,3058.0,5909.0,1042079.0,1041669.0
2026-03-20 22:00:00,3058.0,3059.0,3054.0,3055.0,5081.0,1041669.0,1042254.0
2026-03-20 22:05:00,3055.0,3058.0,3054.0,3057.0,3189.0,1042254.0,1042550.0
2026-03-20 22:10:00,3057.0,3057.0,3052.0,3054.0,4294.0,1042550.0,1041836.0
2026-03-20 22:15:00,3054.0,3055.0,3052.0,3054.0,3011.0,1041836.0,1041654.0
2026-03-20 22:20:00,3054.0,3055.0,3050.0,3050.0,4641.0,1041654.0,1042571.0
2026-03-20 22:25:00,3050.0,3053.0,3045.0,3046.0,6884.0,1042571.0,1041495.0
2026-03-20 22:30:00,3046.0,3054.0,3046.0,3053.0,4506.0,1041495.0,1041189.0
2026-03-20 22:35:00,3053.0,3054.0,3051.0,3053.0,2689.0,1041189.0,1042557.0
2026-03-20 22:40:00,3053.0,3054.0,3048.0,3049.0,6071.0,1042557.0,1044036.0
2026-03-20 22:45:00,3049.0,3051.0,3047.0,3047.0,3188.0,1044036.0,1045016.0
2026-03-20 22:50:00,3047.0,3048.0,3042.0,3044.0,7193.0,1045016.0,1045585.0
2026-03-20 22:55:00,3044.0,3047.0,3042.0,3043.0,6141.0,1045585.0,1046106.0
2026-03-23 09:00:00,3041.0,3042.0,3021.0,3041.0,52394.0,1046106.0,1046379.0
2026-03-23 09:05:00,3041.0,3051.0,3040.0,3041.0,25581.0,1046379.0,1049882.0
2026-03-23 09:10:00,3041.0,3044.0,3039.0,3040.0,12866.0,1049882.0,1051387.0
2026-03-23 09:15:00,3040.0,3045.0,3040.0,3044.0,6257.0,1051387.0,1052890.0
2026-03-23 09:20:00,3044.0,3048.0,3043.0,3046.0,6594.0,1052890.0,1054281.0
2026-03-23 09:25:00,3046.0,3047.0,3039.0,3039.0,5706.0,1054281.0,1056528.0
2026-03-23 09:30:00,3039.0,3041.0,3036.0,3040.0,5533.0,1056528.0,1057427.0
2026-03-23 09:35:00,3040.0,3040.0,3037.0,3037.0,4009.0,1057427.0,1057895.0
2026-03-23 09:40:00,3037.0,3043.0,3036.0,3041.0,7165.0,1057895.0,1060091.0
2026-03-23 09:45:00,3041.0,3046.0,3040.0,3046.0,6031.0,1060091.0,1059544.0
2026-03-23 09:50:00,3046.0,3049.0,3044.0,3048.0,7253.0,1059544.0,1059437.0
2026-03-23 09:55:00,3048.0,3052.0,3047.0,3049.0,10364.0,1059437.0,1061608.0
2026-03-23 10:00:00,3049.0,3051.0,3047.0,3049.0,3821.0,1061608.0,1062144.0
2026-03-23 10:05:00,3049.0,3051.0,3041.0,3044.0,6535.0,1062144.0,1062917.0
2026-03-23 10:10:00,3044.0,3045.0,3040.0,3040.0,6133.0,1062917.0,1062925.0
2026-03-23 10:30:00,3040.0,3043.0,3039.0,3043.0,5228.0,1062925.0,1063454.0
2026-03-23 10:35:00,3043.0,3047.0,3042.0,3046.0,2953.0,1063454.0,1062782.0
2026-03-23 10:40:00,3046.0,3048.0,3044.0,3047.0,3685.0,1062782.0,1062958.0
2026-03-23 10:45:00,3047.0,3047.0,3042.0,3044.0,1913.0,1062958.0,1063358.0
2026-03-23 10:50:00,3044.0,3047.0,3041.0,3042.0,3595.0,1063358.0,1063296.0
2026-03-23 10:55:00,3042.0,3049.0,3042.0,3048.0,3788.0,1063296.0,1063112.0
2026-03-23 11:00:00,3048.0,3056.0,3048.0,3055.0,8562.0,1063112.0,1064930.0
2026-03-23 11:05:00,3055.0,3056.0,3053.0,3054.0,8253.0,1064930.0,1067703.0
2026-03-23 11:10:00,3054.0,3055.0,3051.0,3055.0,4174.0,1067703.0,1068451.0
2026-03-23 11:15:00,3055.0,3056.0,3053.0,3056.0,1947.0,1068451.0,1069055.0
2026-03-23 11:20:00,3056.0,3058.0,3055.0,3057.0,2894.0,1069055.0,1069860.0
2026-03-23 11:25:00,3057.0,3060.0,3056.0,3057.0,5066.0,1069860.0,1070482.0
2026-03-23 13:30:00,3058.0,3062.0,3055.0,3058.0,8380.0,1070482.0,1070066.0
2026-03-23 13:35:00,3058.0,3060.0,3054.0,3054.0,4262.0,1070066.0,1070317.0
2026-03-23 13:40:00,3054.0,3058.0,3053.0,3058.0,2661.0,1070317.0,1070031.0
2026-03-23 13:45:00,3058.0,3058.0,3055.0,3056.0,2135.0,1070031.0,1070033.0
2026-03-23 13:50:00,3056.0,3057.0,3054.0,3054.0,4693.0,1070033.0,1070433.0
2026-03-23 13:55:00,3054.0,3059.0,3053.0,3058.0,3207.0,1070433.0,1070475.0
2026-03-23 14:00:00,3058.0,3059.0,3054.0,3056.0,2153.0,1070475.0,1070720.0
2026-03-23 14:05:00,3056.0,3057.0,3052.0,3052.0,3567.0,1070720.0,1070991.0
2026-03-23 14:10:00,3052.0,3054.0,3049.0,3052.0,5307.0,1070991.0,1071318.0
2026-03-23 14:15:00,3052.0,3057.0,3052.0,3057.0,2446.0,1071318.0,1071641.0
2026-03-23 14:20:00,3057.0,3058.0,3054.0,3056.0,2452.0,1071641.0,1071773.0
2026-03-23 14:25:00,3056.0,3060.0,3055.0,3057.0,3936.0,1071773.0,1072528.0
2026-03-23 14:30:00,3057.0,3058.0,3055.0,3058.0,1883.0,1072528.0,1072269.0
2026-03-23 14:35:00,3058.0,3059.0,3056.0,3058.0,1883.0,1072269.0,1072260.0
2026-03-23 14:40:00,3058.0,3058.0,3053.0,3054.0,3716.0,1072260.0,1073352.0
2026-03-23 14:45:00,3054.0,3055.0,3051.0,3052.0,4042.0,1073352.0,1073140.0
2026-03-23 14:50:00,3052.0,3052.0,3047.0,3049.0,8575.0,1073140.0,1074487.0
2026-03-23 14:55:00,3049.0,3051.0,3048.0,3050.0,5293.0,1074487.0,1074476.0
2026-03-23 21:00:00,3028.0,3040.0,3027.0,3035.0,29045.0,1074476.0,1075032.0
2026-03-23 21:05:00,3035.0,3038.0,3034.0,3038.0,11039.0,1075032.0,1076297.0
2026-03-23 21:10:00,3038.0,3038.0,3033.0,3033.0,7797.0,1076297.0,1077432.0
2026-03-23 21:15:00,3033.0,3037.0,3032.0,3037.0,8571.0,1077432.0,1075291.0
2026-03-23 21:20:00,3037.0,3039.0,3036.0,3038.0,3026.0,1075291.0,1075521.0
2026-03-23 21:25:00,3038.0,3040.0,3036.0,3038.0,3116.0,1075521.0,1075379.0
2026-03-23 21:30:00,3038.0,3041.0,3034.0,3035.0,7339.0,1075379.0,1076490.0
2026-03-23 21:35:00,3035.0,3036.0,3025.0,3026.0,14107.0,1076490.0,1077270.0
2026-03-23 21:40:00,3026.0,3028.0,3024.0,3027.0,12463.0,1077270.0,1076407.0
2026-03-23 21:45:00,3027.0,3031.0,3025.0,3029.0,4129.0,1076407.0,1077191.0
2026-03-23 21:50:00,3029.0,3031.0,3027.0,3030.0,4082.0,1077191.0,1077951.0
2026-03-23 21:55:00,3030.0,3034.0,3030.0,3031.0,2953.0,1077951.0,1078132.0
2026-03-23 22:00:00,3031.0,3031.0,3022.0,3024.0,8824.0,1078132.0,1077427.0
2026-03-23 22:05:00,3024.0,3025.0,3016.0,3019.0,12359.0,1077427.0,1075933.0
2026-03-23 22:10:00,3019.0,3021.0,3015.0,3020.0,11308.0,1075933.0,1076310.0
2026-03-23 22:15:00,3020.0,3022.0,3019.0,3020.0,6989.0,1076310.0,1076936.0
2026-03-23 22:20:00,3020.0,3022.0,3017.0,3017.0,4130.0,1076936.0,1076793.0
2026-03-23 22:25:00,3017.0,3026.0,3017.0,3025.0,7766.0,1076793.0,1077469.0
2026-03-23 22:30:00,3025.0,3032.0,3025.0,3030.0,6399.0,1077469.0,1076804.0
2026-03-23 22:35:00,3030.0,3032.0,3029.0,3031.0,2555.0,1076804.0,1076815.0
2026-03-23 22:40:00,3031.0,3035.0,3031.0,3034.0,6219.0,1076815.0,1077207.0
2026-03-23 22:45:00,3034.0,3035.0,3030.0,3031.0,2627.0,1077207.0,1076713.0
2026-03-23 22:50:00,3031.0,3033.0,3030.0,3033.0,2006.0,1076713.0,1076326.0
2026-03-23 22:55:00,3033.0,3034.0,3031.0,3032.0,3212.0,1076326.0,1075699.0
2026-03-24 09:00:00,3032.0,3037.0,3030.0,3035.0,9824.0,1075699.0,1075997.0
2026-03-24 09:05:00,3035.0,3040.0,3035.0,3038.0,6635.0,1075997.0,1076732.0
2026-03-24 09:10:00,3038.0,3041.0,3037.0,3038.0,5702.0,1076732.0,1076492.0
2026-03-24 09:15:00,3038.0,3039.0,3035.0,3038.0,2188.0,1076492.0,1076461.0
2026-03-24 09:20:00,3038.0,3044.0,3036.0,3043.0,5769.0,1076461.0,1078025.0
2026-03-24 09:25:00,3043.0,3045.0,3040.0,3042.0,4574.0,1078025.0,1079315.0
2026-03-24 09:30:00,3042.0,3042.0,3040.0,3042.0,4086.0,1079315.0,1079872.0
2026-03-24 09:35:00,3042.0,3044.0,3040.0,3042.0,3126.0,1079872.0,1080422.0
2026-03-24 09:40:00,3042.0,3047.0,3042.0,3044.0,6957.0,1080422.0,1081401.0
2026-03-24 09:45:00,3044.0,3045.0,3041.0,3042.0,1973.0,1081401.0,1081964.0
2026-03-24 09:50:00,3042.0,3043.0,3039.0,3040.0,5128.0,1081964.0,1083235.0
2026-03-24 09:55:00,3040.0,3044.0,3040.0,3041.0,2634.0,1083235.0,1084106.0
2026-03-24 10:00:00,3041.0,3044.0,3040.0,3044.0,1698.0,1084106.0,1084104.0
2026-03-24 10:05:00,3044.0,3045.0,3041.0,3043.0,1346.0,1084104.0,1084339.0
2026-03-24 10:10:00,3043.0,3044.0,3041.0,3043.0,973.0,1084339.0,1084302.0
2026-03-24 10:30:00,3043.0,3044.0,3041.0,3042.0,1413.0,1084302.0,1083977.0
2026-03-24 10:35:00,3042.0,3043.0,3038.0,3038.0,3372.0,1083977.0,1084262.0
2026-03-24 10:40:00,3038.0,3039.0,3036.0,3036.0,3305.0,1084262.0,1084395.0
2026-03-24 10:45:00,3036.0,3038.0,3035.0,3037.0,2283.0,1084395.0,1084838.0
2026-03-24 10:50:00,3037.0,3037.0,3031.0,3031.0,5720.0,1084838.0,1085574.0
2026-03-24 10:55:00,3031.0,3033.0,3028.0,3029.0,5934.0,1085574.0,1085929.0
2026-03-24 11:00:00,3029.0,3034.0,3029.0,3033.0,3952.0,1085929.0,1086382.0
2026-03-24 11:05:00,3033.0,3034.0,3032.0,3034.0,1158.0,1086382.0,1086697.0
2026-03-24 11:10:00,3034.0,3037.0,3032.0,3034.0,3828.0,1086697.0,1086508.0
2026-03-24 11:15:00,3034.0,3034.0,3030.0,3030.0,3341.0,1086508.0,1086260.0
2026-03-24 11:20:00,3030.0,3035.0,3030.0,3034.0,2913.0,1086260.0,1086676.0
2026-03-24 11:25:00,3034.0,3034.0,3031.0,3031.0,2444.0,1086676.0,1086944.0
2026-03-24 13:30:00,3033.0,3035.0,3032.0,3035.0,2813.0,1086944.0,1087355.0
2026-03-24 13:35:00,3035.0,3036.0,3034.0,3036.0,2917.0,1087355.0,1088039.0
2026-03-24 13:40:00,3036.0,3036.0,3032.0,3034.0,2414.0,1088039.0,1088395.0
2026-03-24 13:45:00,3034.0,3034.0,3032.0,3032.0,1808.0,1088395.0,1088525.0
2026-03-24 13:50:00,3032.0,3033.0,3029.0,3030.0,4617.0,1088525.0,1089120.0
2026-03-24 13:55:00,3030.0,3030.0,3022.0,3024.0,9826.0,1089120.0,1089466.0
2026-03-24 14:00:00,3024.0,3024.0,3021.0,3022.0,7273.0,1089466.0,1089641.0
2026-03-24 14:05:00,3022.0,3028.0,3022.0,3026.0,5932.0,1089641.0,1089167.0
2026-03-24 14:10:00,3026.0,3027.0,3025.0,3025.0,3535.0,1089167.0,1089876.0
2026-03-24 14:15:00,3025.0,3026.0,3023.0,3026.0,4153.0,1089876.0,1090053.0
2026-03-24 14:20:00,3026.0,3026.0,3022.0,3026.0,2573.0,1090053.0,1090280.0
2026-03-24 14:25:00,3026.0,3030.0,3025.0,3029.0,3642.0,1090280.0,1090111.0
2026-03-24 14:30:00,3029.0,3030.0,3023.0,3024.0,4931.0,1090111.0,1090286.0
2026-03-24 14:35:00,3024.0,3027.0,3023.0,3026.0,3117.0,1090286.0,1090068.0
2026-03-24 14:40:00,3026.0,3027.0,3025.0,3026.0,1552.0,1090068.0,1090186.0
2026-03-24 14:45:00,3026.0,3028.0,3025.0,3026.0,3603.0,1090186.0,1089650.0
2026-03-24 14:50:00,3026.0,3026.0,3023.0,3025.0,3074.0,1089650.0,1089692.0
2026-03-24 14:55:00,3025.0,3025.0,3021.0,3022.0,4738.0,1089692.0,1088928.0
2026-03-24 21:00:00,3016.0,3024.0,3015.0,3020.0,15961.0,1088928.0,1089427.0
2026-03-24 21:05:00,3020.0,3022.0,3017.0,3020.0,13392.0,1089427.0,1088154.0
2026-03-24 21:10:00,3020.0,3022.0,3017.0,3018.0,6414.0,1088154.0,1088141.0
2026-03-24 21:15:00,3018.0,3021.0,3017.0,3020.0,6428.0,1088141.0,1087441.0
2026-03-24 21:20:00,3020.0,3020.0,3018.0,3020.0,2458.0,1087441.0,1087657.0
2026-03-24 21:25:00,3020.0,3021.0,3018.0,3020.0,6289.0,1087657.0,1087809.0
2026-03-24 21:30:00,3020.0,3022.0,3018.0,3020.0,7823.0,1087809.0,1087244.0
2026-03-24 21:35:00,3020.0,3020.0,3016.0,3018.0,5778.0,1087244.0,1086291.0
2026-03-24 21:40:00,3018.0,3020.0,3016.0,3020.0,3204.0,1086291.0,1086590.0
2026-03-24 21:45:00,3020.0,3025.0,3019.0,3022.0,8232.0,1086590.0,1086796.0
2026-03-24 21:50:00,3022.0,3025.0,3020.0,3023.0,4122.0,1086796.0,1086396.0
2026-03-24 21:55:00,3023.0,3025.0,3022.0,3025.0,2206.0,1086396.0,1086481.0
2026-03-24 22:00:00,3025.0,3025.0,3021.0,3021.0,3992.0,1086481.0,1087492.0
2026-03-24 22:05:00,3021.0,3022.0,3018.0,3019.0,3579.0,1087492.0,1088575.0
2026-03-24 22:10:00,3019.0,3020.0,3012.0,3015.0,8980.0,1088575.0,1087784.0
2026-03-24 22:15:00,3015.0,3017.0,3010.0,3014.0,5664.0,1087784.0,1088194.0
2026-03-24 22:20:00,3014.0,3015.0,3012.0,3014.0,4084.0,1088194.0,1088566.0
2026-03-24 22:25:00,3014.0,3014.0,3011.0,3014.0,3149.0,1088566.0,1088471.0
2026-03-24 22:30:00,3014.0,3014.0,3010.0,3011.0,2615.0,1088471.0,1088663.0
2026-03-24 22:35:00,3011.0,3012.0,3008.0,3010.0,7792.0,1088663.0,1090542.0
2026-03-24 22:40:00,3010.0,3011.0,3006.0,3007.0,6923.0,1090542.0,1092328.0
2026-03-24 22:45:00,3007.0,3007.0,3002.0,3004.0,14539.0,1092328.0,1094341.0
2026-03-24 22:50:00,3004.0,3005.0,3000.0,3004.0,10964.0,1094341.0,1097859.0
2026-03-24 22:55:00,3004.0,3005.0,3003.0,3004.0,4861.0,1097859.0,1097135.0
2026-03-25 09:00:00,3002.0,3005.0,2998.0,3003.0,21416.0,1097135.0,1097380.0
2026-03-25 09:05:00,3003.0,3009.0,3001.0,3008.0,8427.0,1097380.0,1096499.0
2026-03-25 09:10:00,3008.0,3009.0,3005.0,3009.0,6671.0,1096499.0,1098207.0
2026-03-25 09:15:00,3009.0,3010.0,3008.0,3009.0,5268.0,1098207.0,1099776.0
2026-03-25 09:20:00,3009.0,3011.0,3008.0,3010.0,7414.0,1099776.0,1101932.0
2026-03-25 09:25:00,3010.0,3010.0,3006.0,3006.0,3560.0,1101932.0,1101427.0
2026-03-25 09:30:00,3006.0,3009.0,3005.0,3005.0,8266.0,1101427.0,1102635.0
2026-03-25 09:35:00,3005.0,3007.0,3001.0,3007.0,6756.0,1102635.0,1103271.0
2026-03-25 09:40:00,3007.0,3008.0,3004.0,3004.0,2518.0,1103271.0,1103866.0
2026-03-25 09:45:00,3004.0,3007.0,3003.0,3004.0,3588.0,1103866.0,1104478.0
2026-03-25 09:50:00,3004.0,3005.0,3002.0,3005.0,2771.0,1104478.0,1104915.0
2026-03-25 09:55:00,3005.0,3005.0,3002.0,3004.0,2057.0,1104915.0,1105364.0
2026-03-25 10:00:00,3004.0,3007.0,3002.0,3006.0,2139.0,1105364.0,1105155.0
2026-03-25 10:05:00,3006.0,3009.0,3006.0,3008.0,3318.0,1105155.0,1105168.0
2026-03-25 10:10:00,3008.0,3009.0,3007.0,3009.0,1406.0,1105168.0,1105057.0
2026-03-25 10:30:00,3009.0,3011.0,3007.0,3009.0,7440.0,1105057.0,1106439.0
2026-03-25 10:35:00,3009.0,3010.0,3007.0,3009.0,2280.0,1106439.0,1106703.0
2026-03-25 10:40:00,3009.0,3012.0,3008.0,3011.0,3752.0,1106703.0,1107171.0
2026-03-25 10:45:00,3011.0,3012.0,3010.0,3010.0,2179.0,1107171.0,1108159.0
2026-03-25 10:50:00,3010.0,3011.0,3008.0,3009.0,3159.0,1108159.0,1108939.0
2026-03-25 10:55:00,3009.0,3011.0,3008.0,3010.0,2797.0,1108939.0,1109602.0
2026-03-25 11:00:00,3010.0,3012.0,3009.0,3010.0,2336.0,1109602.0,1109827.0
2026-03-25 11:05:00,3010.0,3011.0,3009.0,3009.0,1995.0,1109827.0,1110388.0
2026-03-25 11:10:00,3009.0,3009.0,3006.0,3006.0,3446.0,1110388.0,1111332.0
2026-03-25 11:15:00,3006.0,3008.0,3005.0,3007.0,3455.0,1111332.0,1112779.0
2026-03-25 11:20:00,3007.0,3011.0,3006.0,3010.0,9847.0,1112779.0,1113806.0
2026-03-25 11:25:00,3010.0,3011.0,3009.0,3011.0,4017.0,1113806.0,1113237.0
2026-03-25 13:30:00,3011.0,3017.0,3011.0,3017.0,6621.0,1113237.0,1112961.0
2026-03-25 13:35:00,3017.0,3017.0,3013.0,3015.0,3783.0,1112961.0,1112256.0
2026-03-25 13:40:00,3015.0,3015.0,3011.0,3012.0,2999.0,1112256.0,1111845.0
2026-03-25 13:45:00,3012.0,3013.0,3011.0,3013.0,1077.0,1111845.0,1111549.0
2026-03-25 13:50:00,3013.0,3014.0,3012.0,3012.0,2446.0,1111549.0,1111670.0
2026-03-25 13:55:00,3012.0,3014.0,3011.0,3011.0,2412.0,1111670.0,1112197.0
2026-03-25 14:00:00,3011.0,3015.0,3011.0,3013.0,3319.0,1112197.0,1112362.0
2026-03-25 14:05:00,3013.0,3015.0,3013.0,3014.0,1918.0,1112362.0,1113219.0
2026-03-25 14:10:00,3014.0,3016.0,3011.0,3011.0,3920.0,1113219.0,1113200.0
2026-03-25 14:15:00,3011.0,3012.0,3009.0,3009.0,1822.0,1113200.0,1112979.0
2026-03-25 14:20:00,3009.0,3010.0,3008.0,3009.0,2907.0,1112979.0,1112674.0
2026-03-25 14:25:00,3009.0,3010.0,3008.0,3010.0,3061.0,1112674.0,1112692.0
2026-03-25 14:30:00,3010.0,3010.0,3005.0,3007.0,3754.0,1112692.0,1113049.0
2026-03-25 14:35:00,3007.0,3007.0,3003.0,3005.0,7938.0,1113049.0,1112734.0
2026-03-25 14:40:00,3005.0,3008.0,3004.0,3008.0,3597.0,1112734.0,1113056.0
2026-03-25 14:45:00,3008.0,3009.0,3007.0,3008.0,6196.0,1113056.0,1113889.0
2026-03-25 14:50:00,3008.0,3009.0,3006.0,3008.0,5606.0,1113889.0,1114110.0
2026-03-25 14:55:00,3008.0,3009.0,3006.0,3007.0,7481.0,1114110.0,1113766.0
2026-03-25 21:00:00,3012.0,3013.0,3006.0,3007.0,18522.0,1113766.0,1117607.0
2026-03-25 21:05:00,3007.0,3016.0,3006.0,3015.0,11211.0,1117607.0,1118966.0
2026-03-25 21:10:00,3015.0,3017.0,3013.0,3015.0,6294.0,1118966.0,1120080.0
2026-03-25 21:15:00,3015.0,3017.0,3014.0,3015.0,4600.0,1120080.0,1120867.0
2026-03-25 21:20:00,3015.0,3019.0,3015.0,3016.0,5365.0,1120867.0,1120599.0
2026-03-25 21:25:00,3016.0,3019.0,3015.0,3019.0,3582.0,1120599.0,1120505.0
2026-03-25 21:30:00,3019.0,3019.0,3016.0,3017.0,4972.0,1120505.0,1121612.0
2026-03-25 21:35:00,3017.0,3019.0,3016.0,3018.0,2722.0,1121612.0,1121602.0
2026-03-25 21:40:00,3018.0,3018.0,3014.0,3017.0,4709.0,1121602.0,1122017.0
2026-03-25 21:45:00,3017.0,3018.0,3015.0,3017.0,1325.0,1122017.0,1122085.0
2026-03-25 21:50:00,3017.0,3019.0,3016.0,3017.0,3552.0,1122085.0,1122448.0
2026-03-25 21:55:00,3017.0,3017.0,3014.0,3016.0,3765.0,1122448.0,1123589.0
2026-03-25 22:00:00,3016.0,3017.0,3014.0,3016.0,3210.0,1123589.0,1124739.0
2026-03-25 22:05:00,3016.0,3017.0,3016.0,3016.0,1943.0,1124739.0,1125212.0
2026-03-25 22:10:00,3016.0,3017.0,3016.0,3016.0,521.0,1125212.0,1125353.0
2026-03-25 22:15:00,3016.0,3017.0,3015.0,3016.0,2106.0,1125353.0,1125480.0
2026-03-25 22:20:00,3016.0,3019.0,3015.0,3018.0,3824.0,1125480.0,1125510.0
2026-03-25 22:25:00,3018.0,3020.0,3017.0,3018.0,7101.0,1125510.0,1125948.0
2026-03-25 22:30:00,3018.0,3018.0,3016.0,3017.0,6479.0,1125948.0,1126614.0
2026-03-25 22:35:00,3017.0,3018.0,3015.0,3016.0,3341.0,1126614.0,1127047.0
2026-03-25 22:40:00,3016.0,3018.0,3016.0,3017.0,2030.0,1127047.0,1126631.0
2026-03-25 22:45:00,3017.0,3018.0,3017.0,3018.0,1130.0,1126631.0,1126747.0
2026-03-25 22:50:00,3018.0,3018.0,3015.0,3015.0,2468.0,1126747.0,1126641.0
2026-03-25 22:55:00,3015.0,3016.0,3014.0,3015.0,3041.0,1126641.0,1125503.0
2026-03-26 09:00:00,3025.0,3029.0,3023.0,3027.0,27278.0,1125503.0,1127082.0
2026-03-26 09:05:00,3027.0,3030.0,3026.0,3029.0,11073.0,1127082.0,1129688.0
2026-03-26 09:10:00,3029.0,3031.0,3025.0,3028.0,7181.0,1129688.0,1129847.0
2026-03-26 09:15:00,3028.0,3030.0,3025.0,3027.0,5896.0,1129847.0,1130088.0
2026-03-26 09:20:00,3027.0,3029.0,3024.0,3025.0,12404.0,1130088.0,1132287.0
2026-03-26 09:25:00,3025.0,3028.0,3024.0,3027.0,15330.0,1132287.0,1135488.0
2026-03-26 09:30:00,3027.0,3029.0,3026.0,3027.0,4746.0,1135488.0,1137431.0
2026-03-26 09:35:00,3027.0,3027.0,3023.0,3024.0,6412.0,1137431.0,1136708.0
2026-03-26 09:40:00,3024.0,3026.0,3023.0,3026.0,2917.0,1136708.0,1137229.0
2026-03-26 09:45:00,3026.0,3027.0,3024.0,3025.0,2822.0,1137229.0,1137451.0
2026-03-26 09:50:00,3025.0,3027.0,3024.0,3024.0,3019.0,1137451.0,1137606.0
2026-03-26 09:55:00,3024.0,3026.0,3023.0,3024.0,1422.0,1137606.0,1137744.0
2026-03-26 10:00:00,3024.0,3025.0,3022.0,3023.0,3318.0,1137744.0,1138567.0
2026-03-26 10:05:00,3023.0,3023.0,3020.0,3023.0,3653.0,1138567.0,1139047.0
2026-03-26 10:10:00,3023.0,3024.0,3021.0,3022.0,2212.0,1139047.0,1139324.0
2026-03-26 10:30:00,3022.0,3025.0,3022.0,3025.0,3337.0,1139324.0,1140232.0
2026-03-26 10:35:00,3025.0,3025.0,3022.0,3024.0,2299.0,1140232.0,1140881.0
2026-03-26 10:40:00,3024.0,3026.0,3023.0,3025.0,2799.0,1140881.0,1141365.0
2026-03-26 10:45:00,3025.0,3025.0,3023.0,3024.0,1931.0,1141365.0,1141384.0
2026-03-26 10:50:00,3024.0,3027.0,3024.0,3026.0,2939.0,1141384.0,1141352.0
2026-03-26 10:55:00,3026.0,3027.0,3024.0,3027.0,3707.0,1141352.0,1142467.0
2026-03-26 11:00:00,3027.0,3028.0,3025.0,3027.0,2215.0,1142467.0,1142970.0
2026-03-26 11:05:00,3027.0,3028.0,3025.0,3028.0,2587.0,1142970.0,1143892.0
2026-03-26 11:10:00,3028.0,3028.0,3025.0,3027.0,2292.0,1143892.0,1144496.0
2026-03-26 11:15:00,3027.0,3029.0,3026.0,3027.0,2802.0,1144496.0,1145123.0
2026-03-26 11:20:00,3027.0,3029.0,3027.0,3029.0,2854.0,1145123.0,1145779.0
2026-03-26 11:25:00,3029.0,3030.0,3027.0,3030.0,4694.0,1145779.0,1146776.0
2026-03-26 13:30:00,3029.0,3031.0,3027.0,3028.0,6097.0,1146776.0,1147645.0
2026-03-26 13:35:00,3028.0,3029.0,3027.0,3028.0,4223.0,1147645.0,1148400.0
2026-03-26 13:40:00,3028.0,3031.0,3027.0,3031.0,5123.0,1148400.0,1149375.0
2026-03-26 13:45:00,3031.0,3035.0,3029.0,3033.0,9424.0,1149375.0,1152327.0
2026-03-26 13:50:00,3033.0,3035.0,3033.0,3035.0,4412.0,1152327.0,1152928.0
2026-03-26 13:55:00,3035.0,3037.0,3034.0,3036.0,7029.0,1152928.0,1152074.0
2026-03-26 14:00:00,3036.0,3036.0,3030.0,3032.0,10086.0,1152074.0,1153114.0
2026-03-26 14:05:00,3032.0,3032.0,3027.0,3028.0,5962.0,1153114.0,1153212.0
2026-03-26 14:10:00,3028.0,3032.0,3028.0,3029.0,3572.0,1153212.0,1153530.0
2026-03-26 14:15:00,3029.0,3031.0,3028.0,3029.0,2992.0,1153530.0,1154159.0
2026-03-26 14:20:00,3029.0,3031.0,3028.0,3031.0,5548.0,1154159.0,1154720.0
2026-03-26 14:25:00,3031.0,3033.0,3030.0,3032.0,4440.0,1154720.0,1155529.0
2026-03-26 14:30:00,3032.0,3033.0,3029.0,3029.0,3843.0,1155529.0,1157076.0
2026-03-26 14:35:00,3029.0,3031.0,3027.0,3030.0,4722.0,1157076.0,1158265.0
2026-03-26 14:40:00,3030.0,3032.0,3028.0,3030.0,6718.0,1158265.0,1159609.0
2026-03-26 14:45:00,3030.0,3031.0,3028.0,3030.0,3481.0,1159609.0,1159443.0
2026-03-26 14:50:00,3030.0,3030.0,3028.0,3029.0,3820.0,1159443.0,1161063.0
2026-03-26 14:55:00,3029.0,3030.0,3028.0,3030.0,5011.0,1161063.0,1161933.0
2026-03-26 21:00:00,3030.0,3034.0,3029.0,3033.0,12199.0,1161933.0,1162177.0
2026-03-26 21:05:00,3033.0,3035.0,3031.0,3031.0,6299.0,1162177.0,1162892.0
2026-03-26 21:10:00,3031.0,3033.0,3030.0,3030.0,4534.0,1162892.0,1164384.0
2026-03-26 21:15:00,3030.0,3031.0,3022.0,3026.0,14515.0,1164384.0,1165348.0
2026-03-26 21:20:00,3026.0,3026.0,3020.0,3020.0,10309.0,1165348.0,1167222.0
2026-03-26 21:25:00,3020.0,3021.0,3017.0,3019.0,8259.0,1167222.0,1166678.0
2026-03-26 21:30:00,3019.0,3022.0,3017.0,3022.0,6242.0,1166678.0,1167168.0
2026-03-26 21:35:00,3022.0,3022.0,3014.0,3014.0,9109.0,1167168.0,1167748.0
2026-03-26 21:40:00,3014.0,3017.0,3001.0,3005.0,28589.0,1167748.0,1171459.0
2026-03-26 21:45:00,3005.0,3008.0,3002.0,3004.0,13222.0,1171459.0,1172843.0
2026-03-26 21:50:00,3004.0,3005.0,3001.0,3002.0,16949.0,1172843.0,1176546.0
2026-03-26 21:55:00,3002.0,3005.0,3001.0,3002.0,8377.0,1176546.0,1179060.0
2026-03-26 22:00:00,3002.0,3009.0,3001.0,3007.0,9466.0,1179060.0,1178378.0
2026-03-26 22:05:00,3007.0,3011.0,3006.0,3010.0,6462.0,1178378.0,1179723.0
2026-03-26 22:10:00,3010.0,3011.0,3007.0,3008.0,2915.0,1179723.0,1179079.0
2026-03-26 22:15:00,3008.0,3011.0,3008.0,3011.0,1924.0,1179079.0,1179649.0
2026-03-26 22:20:00,3011.0,3012.0,3010.0,3012.0,2811.0,1179649.0,1179741.0
2026-03-26 22:25:00,3012.0,3012.0,3008.0,3010.0,3018.0,1179741.0,1180021.0
2026-03-26 22:30:00,3010.0,3011.0,3008.0,3009.0,3015.0,1180021.0,1179172.0
2026-03-26 22:35:00,3009.0,3011.0,3009.0,3010.0,3326.0,1179172.0,1178734.0
2026-03-26 22:40:00,3010.0,3014.0,3010.0,3014.0,2465.0,1178734.0,1178604.0
2026-03-26 22:45:00,3014.0,3015.0,3012.0,3014.0,7751.0,1178604.0,1175218.0
2026-03-26 22:50:00,3014.0,3018.0,3012.0,3017.0,10218.0,1175218.0,1170198.0
2026-03-26 22:55:00,3017.0,3020.0,3012.0,3013.0,10600.0,1170198.0,1168086.0
2026-03-27 09:00:00,3012.0,3016.0,3011.0,3013.0,8544.0,1168086.0,1168131.0
2026-03-27 09:05:00,3013.0,3014.0,3009.0,3011.0,4426.0,1168131.0,1168358.0
2026-03-27 09:10:00,3011.0,3011.0,3007.0,3008.0,4556.0,1168358.0,1169500.0
2026-03-27 09:15:00,3008.0,3013.0,3008.0,3012.0,4168.0,1169500.0,1169940.0
2026-03-27 09:20:00,3012.0,3016.0,3012.0,3014.0,3821.0,1169940.0,1169889.0
2026-03-27 09:25:00,3014.0,3015.0,3012.0,3013.0,1563.0,1169889.0,1169907.0
2026-03-27 09:30:00,3013.0,3017.0,3013.0,3015.0,3277.0,1169907.0,1170492.0
2026-03-27 09:35:00,3015.0,3017.0,3013.0,3014.0,4617.0,1170492.0,1171734.0
2026-03-27 09:40:00,3014.0,3016.0,3011.0,3015.0,5627.0,1171734.0,1173561.0
2026-03-27 09:45:00,3015.0,3018.0,3014.0,3018.0,4770.0,1173561.0,1174831.0
2026-03-27 09:50:00,3018.0,3018.0,3015.0,3016.0,4992.0,1174831.0,1176662.0
2026-03-27 09:55:00,3016.0,3017.0,3015.0,3016.0,5219.0,1176662.0,1179022.0
2026-03-27 10:00:00,3016.0,3017.0,3012.0,3014.0,6306.0,1179022.0,1181419.0
2026-03-27 10:05:00,3014.0,3015.0,3010.0,3012.0,6914.0,1181419.0,1183255.0
2026-03-27 10:10:00,3012.0,3015.0,3010.0,3013.0,3730.0,1183255.0,1184089.0
2026-03-27 10:30:00,3013.0,3014.0,3010.0,3011.0,3875.0,1184089.0,1184732.0
2026-03-27 10:35:00,3011.0,3014.0,3010.0,3011.0,4337.0,1184732.0,1185321.0
2026-03-27 10:40:00,3011.0,3016.0,3011.0,3014.0,6805.0,1185321.0,1188880.0
2026-03-27 10:45:00,3014.0,3017.0,3012.0,3016.0,4591.0,1188880.0,1190227.0
2026-03-27 10:50:00,3016.0,3021.0,3015.0,3021.0,6220.0,1190227.0,1191539.0
2026-03-27 10:55:00,3021.0,3022.0,3017.0,3019.0,6329.0,1191539.0,1192473.0
2026-03-27 11:00:00,3019.0,3021.0,3018.0,3020.0,4137.0,1192473.0,1193758.0
2026-03-27 11:05:00,3020.0,3021.0,3018.0,3021.0,4030.0,1193758.0,1194612.0
2026-03-27 11:10:00,3021.0,3023.0,3020.0,3022.0,4337.0,1194612.0,1195410.0
2026-03-27 11:15:00,3022.0,3022.0,3020.0,3022.0,4357.0,1195410.0,1196862.0
2026-03-27 11:20:00,3022.0,3024.0,3021.0,3022.0,4395.0,1196862.0,1197979.0
2026-03-27 11:25:00,3022.0,3027.0,3022.0,3026.0,8791.0,1197979.0,1200792.0
2026-03-27 13:30:00,3028.0,3029.0,3025.0,3026.0,7721.0,1200792.0,1202127.0
2026-03-27 13:35:00,3026.0,3026.0,3021.0,3022.0,7171.0,1202127.0,1204830.0
2026-03-27 13:40:00,3022.0,3026.0,3022.0,3024.0,5945.0,1204830.0,1206563.0
2026-03-27 13:45:00,3024.0,3025.0,3021.0,3021.0,6016.0,1206563.0,1208583.0
2026-03-27 13:50:00,3021.0,3027.0,3021.0,3027.0,5628.0,1208583.0,1210107.0
2026-03-27 13:55:00,3027.0,3030.0,3025.0,3025.0,9900.0,1210107.0,1213101.0
2026-03-27 14:00:00,3025.0,3026.0,3024.0,3025.0,5998.0,1213101.0,1214311.0
2026-03-27 14:05:00,3025.0,3027.0,3024.0,3027.0,3170.0,1214311.0,1215352.0
2026-03-27 14:10:00,3027.0,3032.0,3026.0,3030.0,9370.0,1215352.0,1216993.0
2026-03-27 14:15:00,3030.0,3030.0,3028.0,3029.0,4950.0,1216993.0,1218411.0
2026-03-27 14:20:00,3029.0,3030.0,3027.0,3029.0,6404.0,1218411.0,1221272.0
2026-03-27 14:25:00,3029.0,3030.0,3027.0,3028.0,7003.0,1221272.0,1220990.0
2026-03-27 14:30:00,3028.0,3029.0,3026.0,3029.0,3940.0,1220990.0,1222657.0
2026-03-27 14:35:00,3029.0,3032.0,3028.0,3031.0,6543.0,1222657.0,1223711.0
2026-03-27 14:40:00,3031.0,3032.0,3029.0,3030.0,4627.0,1223711.0,1225418.0
2026-03-27 14:45:00,3030.0,3032.0,3027.0,3029.0,9377.0,1225418.0,1229452.0
2026-03-27 14:50:00,3029.0,3029.0,3024.0,3025.0,7298.0,1229452.0,1231757.0
2026-03-27 14:55:00,3025.0,3026.0,3022.0,3023.0,8549.0,1231757.0,1232649.0
2026-03-27 21:00:00,3024.0,3030.0,3023.0,3027.0,17340.0,1232649.0,1236287.0
2026-03-27 21:05:00,3027.0,3033.0,3026.0,3027.0,13978.0,1236287.0,1238896.0
2026-03-27 21:10:00,3027.0,3028.0,3023.0,3026.0,8560.0,1238896.0,1241926.0
2026-03-27 21:15:00,3026.0,3029.0,3024.0,3026.0,9065.0,1241926.0,1246286.0
2026-03-27 21:20:00,3026.0,3029.0,3024.0,3029.0,3861.0,1246286.0,1246270.0
2026-03-27 21:25:00,3029.0,3029.0,3026.0,3028.0,3718.0,1246270.0,1247292.0
2026-03-27 21:30:00,3028.0,3028.0,3023.0,3025.0,6513.0,1247292.0,1247749.0
2026-03-27 21:35:00,3025.0,3026.0,3024.0,3025.0,1969.0,1247749.0,1247817.0
2026-03-27 21:40:00,3025.0,3026.0,3019.0,3020.0,8491.0,1247817.0,1248939.0
2026-03-27 21:45:00,3020.0,3021.0,3015.0,3015.0,12374.0,1248939.0,1250150.0
2026-03-27 21:50:00,3015.0,3020.0,3015.0,3020.0,3021.0,1250150.0,1250584.0
2026-03-27 21:55:00,3020.0,3021.0,3018.0,3020.0,3217.0,1250584.0,1251042.0
2026-03-27 22:00:00,3020.0,3020.0,3016.0,3017.0,2803.0,1251042.0,1251688.0
2026-03-27 22:05:00,3017.0,3018.0,3015.0,3016.0,7215.0,1251688.0,1254912.0
2026-03-27 22:10:00,3016.0,3018.0,3015.0,3017.0,2446.0,1254912.0,1255211.0
2026-03-27 22:15:00,3017.0,3017.0,3015.0,3016.0,2331.0,1255211.0,1254985.0
2026-03-27 22:20:00,3016.0,3018.0,3015.0,3017.0,1197.0,1254985.0,1254987.0
2026-03-27 22:25:00,3017.0,3018.0,3015.0,3017.0,1719.0,1254987.0,1254992.0
2026-03-27 22:30:00,3017.0,3018.0,3015.0,3016.0,2156.0,1254992.0,1255866.0
2026-03-27 22:35:00,3016.0,3016.0,3014.0,3015.0,3166.0,1255866.0,1257453.0
2026-03-27 22:40:00,3015.0,3015.0,3013.0,3014.0,2818.0,1257453.0,1257633.0
2026-03-27 22:45:00,3014.0,3015.0,3011.0,3014.0,4788.0,1257633.0,1258505.0
2026-03-27 22:50:00,3014.0,3015.0,3013.0,3013.0,4781.0,1258505.0,1259514.0
2026-03-27 22:55:00,3013.0,3014.0,3006.0,3011.0,11882.0,1259514.0,1261195.0
2026-03-30 09:00:00,3007.0,3018.0,3007.0,3016.0,22673.0,1261195.0,1264064.0
2026-03-30 09:05:00,3016.0,3016.0,3006.0,3008.0,20219.0,1264064.0,1264657.0
2026-03-30 09:10:00,3008.0,3009.0,3004.0,3008.0,11288.0,1264657.0,1263801.0
2026-03-30 09:15:00,3008.0,3011.0,3007.0,3010.0,7189.0,1263801.0,1264892.0
2026-03-30 09:20:00,3010.0,3011.0,3008.0,3010.0,6905.0,1264892.0,1265509.0
2026-03-30 09:25:00,3010.0,3010.0,3007.0,3007.0,5865.0,1265509.0,1265029.0
2026-03-30 09:30:00,3007.0,3010.0,3006.0,3009.0,4407.0,1265029.0,1265390.0
2026-03-30 09:35:00,3009.0,3010.0,3006.0,3008.0,4198.0,1265390.0,1265634.0
2026-03-30 09:40:00,3008.0,3008.0,3003.0,3004.0,7568.0,1265634.0,1266348.0
2026-03-30 09:45:00,3004.0,3005.0,2992.0,2995.0,29110.0,1266348.0,1267801.0
2026-03-30 09:50:00,2995.0,3000.0,2994.0,2996.0,7703.0,1267801.0,1267739.0
2026-03-30 09:55:00,2996.0,2997.0,2990.0,2992.0,16686.0,1267739.0,1267330.0
2026-03-30 10:00:00,2992.0,2999.0,2991.0,2997.0,8529.0,1267330.0,1269661.0
2026-03-30 10:05:00,2997.0,2999.0,2996.0,2998.0,6252.0,1269661.0,1271207.0
2026-03-30 10:10:00,2998.0,3000.0,2997.0,3000.0,6742.0,1271207.0,1272374.0
2026-03-30 10:30:00,3000.0,3002.0,2999.0,3001.0,5148.0,1272374.0,1272219.0
2026-03-30 10:35:00,3001.0,3003.0,2999.0,3001.0,3634.0,1272219.0,1272175.0
2026-03-30 10:40:00,3001.0,3001.0,2998.0,3000.0,3897.0,1272175.0,1271920.0
2026-03-30 10:45:00,3000.0,3001.0,2998.0,3000.0,3783.0,1271920.0,1271490.0
2026-03-30 10:50:00,3000.0,3002.0,2999.0,3001.0,3250.0,1271490.0,1271468.0
2026-03-30 10:55:00,3001.0,3001.0,2998.0,2999.0,3604.0,1271468.0,1272134.0
2026-03-30 11:00:00,2999.0,3000.0,2998.0,2999.0,2578.0,1272134.0,1272382.0
2026-03-30 11:05:00,2999.0,2999.0,2997.0,2999.0,2608.0,1272382.0,1272809.0
2026-03-30 11:10:00,2999.0,3000.0,2997.0,2999.0,3032.0,1272809.0,1272724.0
2026-03-30 11:15:00,2999.0,3000.0,2995.0,2996.0,4164.0,1272724.0,1273611.0
2026-03-30 11:20:00,2996.0,2999.0,2995.0,2997.0,2981.0,1273611.0,1274183.0
2026-03-30 11:25:00,2997.0,3003.0,2997.0,3003.0,3895.0,1274183.0,1274569.0
2026-03-30 13:30:00,3002.0,3006.0,3002.0,3006.0,7476.0,1274569.0,1275373.0
2026-03-30 13:35:00,3006.0,3006.0,3002.0,3005.0,5573.0,1275373.0,1275312.0
2026-03-30 13:40:00,3005.0,3008.0,3004.0,3007.0,4301.0,1275312.0,1274857.0
2026-03-30 13:45:00,3007.0,3007.0,2998.0,2998.0,10687.0,1274857.0,1276794.0
2026-03-30 13:50:00,2998.0,3000.0,2997.0,2999.0,4899.0,1276794.0,1277905.0
2026-03-30 13:55:00,2999.0,2999.0,2997.0,2999.0,4849.0,1277905.0,1278944.0
2026-03-30 14:00:00,2999.0,3001.0,2998.0,3001.0,2807.0,1278944.0,1280398.0
2026-03-30 14:05:00,3001.0,3002.0,2999.0,3000.0,3608.0,1280398.0,1281983.0
2026-03-30 14:10:00,3000.0,3003.0,3000.0,3002.0,4546.0,1281983.0,1283641.0
2026-03-30 14:15:00,3002.0,3004.0,3001.0,3004.0,3782.0,1283641.0,1284540.0
2026-03-30 14:20:00,3004.0,3006.0,3003.0,3005.0,4972.0,1284540.0,1285588.0
2026-03-30 14:25:00,3005.0,3006.0,3004.0,3004.0,3459.0,1285588.0,1286565.0
2026-03-30 14:30:00,3004.0,3004.0,3002.0,3002.0,4152.0,1286565.0,1287912.0
2026-03-30 14:35:00,3002.0,3004.0,3002.0,3003.0,3718.0,1287912.0,1289420.0
2026-03-30 14:40:00,3003.0,3005.0,3002.0,3004.0,3392.0,1289420.0,1290825.0
2026-03-30 14:45:00,3004.0,3007.0,3003.0,3006.0,7012.0,1290825.0,1291196.0
2026-03-30 14:50:00,3006.0,3008.0,3005.0,3007.0,6736.0,1291196.0,1292127.0
2026-03-30 14:55:00,3007.0,3008.0,3003.0,3003.0,7821.0,1292127.0,1291580.0
2026-03-30 21:00:00,3002.0,3007.0,3000.0,3004.0,16948.0,1291580.0,1292030.0
2026-03-30 21:05:00,3004.0,3007.0,3003.0,3006.0,8340.0,1292030.0,1293182.0
2026-03-30 21:10:00,3006.0,3008.0,3005.0,3005.0,5892.0,1293182.0,1294092.0
2026-03-30 21:15:00,3005.0,3006.0,3002.0,3004.0,6321.0,1294092.0,1294021.0
2026-03-30 21:20:00,3004.0,3005.0,2998.0,2999.0,5802.0,1294021.0,1295011.0
2026-03-30 21:25:00,2999.0,2999.0,2995.0,2998.0,7062.0,1295011.0,1296098.0
2026-03-30 21:30:00,2998.0,2999.0,2990.0,2991.0,15084.0,1296098.0,1299554.0
2026-03-30 21:35:00,2991.0,2995.0,2990.0,2994.0,8536.0,1299554.0,1299163.0
2026-03-30 21:40:00,2994.0,2995.0,2992.0,2994.0,6511.0,1299163.0,1301175.0
2026-03-30 21:45:00,2994.0,2996.0,2993.0,2995.0,4354.0,1301175.0,1301807.0
2026-03-30 21:50:00,2995.0,2995.0,2983.0,2987.0,22637.0,1301807.0,1302213.0
2026-03-30 21:55:00,2987.0,2990.0,2985.0,2986.0,9829.0,1302213.0,1303079.0
2026-03-30 22:00:00,2986.0,2989.0,2985.0,2988.0,7868.0,1303079.0,1304844.0
2026-03-30 22:05:00,2988.0,2988.0,2985.0,2986.0,3815.0,1304844.0,1304600.0
2026-03-30 22:10:00,2986.0,2987.0,2983.0,2983.0,6733.0,1304600.0,1305429.0
2026-03-30 22:15:00,2983.0,2989.0,2983.0,2988.0,5051.0,1305429.0,1305682.0
2026-03-30 22:20:00,2988.0,2989.0,2987.0,2987.0,1791.0,1305682.0,1305718.0
2026-03-30 22:25:00,2987.0,2990.0,2987.0,2988.0,3177.0,1305718.0,1305356.0
2026-03-30 22:30:00,2988.0,2991.0,2988.0,2990.0,3047.0,1305356.0,1305446.0
2026-03-30 22:35:00,2990.0,2991.0,2989.0,2991.0,1697.0,1305446.0,1305182.0
2026-03-30 22:40:00,2991.0,2992.0,2988.0,2988.0,2137.0,1305182.0,1305670.0
2026-03-30 22:45:00,2988.0,2990.0,2986.0,2989.0,3516.0,1305670.0,1306625.0
2026-03-30 22:50:00,2989.0,2989.0,2984.0,2984.0,4819.0,1306625.0,1308141.0
2026-03-30 22:55:00,2984.0,2987.0,2983.0,2986.0,8895.0,1308141.0,1308106.0
2026-03-31 09:00:00,2983.0,2984.0,2975.0,2980.0,21623.0,1308106.0,1309137.0
2026-03-31 09:05:00,2980.0,2986.0,2979.0,2985.0,7191.0,1309137.0,1309604.0
2026-03-31 09:10:00,2985.0,2987.0,2983.0,2984.0,5286.0,1309604.0,1310561.0
2026-03-31 09:15:00,2984.0,2985.0,2981.0,2981.0,5630.0,1310561.0,1311510.0
2026-03-31 09:20:00,2981.0,2983.0,2981.0,2983.0,5431.0,1311510.0,1312534.0
2026-03-31 09:25:00,2983.0,2985.0,2980.0,2981.0,7583.0,1312534.0,1314845.0
2026-03-31 09:30:00,2981.0,2983.0,2979.0,2980.0,8178.0,1314845.0,1316657.0
2026-03-31 09:35:00,2980.0,2983.0,2978.0,2982.0,8468.0,1316657.0,1319530.0
2026-03-31 09:40:00,2982.0,2984.0,2979.0,2980.0,5802.0,1319530.0,1320384.0
2026-03-31 09:45:00,2980.0,2987.0,2980.0,2986.0,10478.0,1320384.0,1320726.0
2026-03-31 09:50:00,2986.0,2987.0,2984.0,2986.0,5289.0,1320726.0,1321902.0
2026-03-31 09:55:00,2986.0,2989.0,2984.0,2988.0,3214.0,1321902.0,1322393.0
2026-03-31 10:00:00,2988.0,2989.0,2984.0,2986.0,5503.0,1322393.0,1322739.0
2026-03-31 10:05:00,2986.0,2987.0,2984.0,2986.0,3123.0,1322739.0,1322812.0
2026-03-31 10:10:00,2986.0,2989.0,2986.0,2988.0,3431.0,1322812.0,1322592.0
2026-03-31 10:30:00,2988.0,2992.0,2988.0,2989.0,4856.0,1322592.0,1322202.0
2026-03-31 10:35:00,2989.0,2989.0,2985.0,2987.0,3180.0,1322202.0,1322740.0
2026-03-31 10:40:00,2987.0,2989.0,2986.0,2988.0,2635.0,1322740.0,1323256.0
2026-03-31 10:45:00,2988.0,2990.0,2987.0,2990.0,2830.0,1323256.0,1323715.0
2026-03-31 10:50:00,2990.0,2990.0,2987.0,2988.0,2645.0,1323715.0,1324537.0
2026-03-31 10:55:00,2988.0,2990.0,2986.0,2989.0,2910.0,1324537.0,1324974.0
2026-03-31 11:00:00,2989.0,2990.0,2988.0,2988.0,1768.0,1324974.0,1325534.0
2026-03-31 11:05:00,2988.0,2990.0,2987.0,2989.0,3608.0,1325534.0,1326125.0
2026-03-31 11:10:00,2989.0,2990.0,2987.0,2990.0,1914.0,1326125.0,1326239.0
2026-03-31 11:15:00,2990.0,2991.0,2989.0,2991.0,3287.0,1326239.0,1327619.0
2026-03-31 11:20:00,2991.0,2992.0,2988.0,2990.0,3833.0,1327619.0,1328030.0
2026-03-31 11:25:00,2990.0,2993.0,2990.0,2992.0,4046.0,1328030.0,1327971.0
2026-03-31 13:30:00,2992.0,2995.0,2991.0,2992.0,4483.0,1327971.0,1328795.0
2026-03-31 13:35:00,2992.0,2994.0,2990.0,2993.0,6160.0,1328795.0,1331285.0
2026-03-31 13:40:00,2993.0,2993.0,2991.0,2991.0,3434.0,1331285.0,1332666.0
2026-03-31 13:45:00,2991.0,2995.0,2991.0,2994.0,4185.0,1332666.0,1333273.0
2026-03-31 13:50:00,2994.0,2995.0,2993.0,2994.0,2701.0,1333273.0,1333488.0
2026-03-31 13:55:00,2994.0,2995.0,2992.0,2993.0,3127.0,1333488.0,1334433.0
2026-03-31 14:00:00,2993.0,2995.0,2992.0,2994.0,2296.0,1334433.0,1335006.0
2026-03-31 14:05:00,2994.0,2996.0,2993.0,2995.0,2991.0,1335006.0,1335291.0
2026-03-31 14:10:00,2995.0,2997.0,2995.0,2997.0,3068.0,1335291.0,1335499.0
2026-03-31 14:15:00,2997.0,2997.0,2992.0,2993.0,3943.0,1335499.0,1336503.0
2026-03-31 14:20:00,2993.0,2995.0,2993.0,2993.0,2240.0,1336503.0,1337312.0
2026-03-31 14:25:00,2993.0,2994.0,2987.0,2987.0,9003.0,1337312.0,1337885.0
2026-03-31 14:30:00,2987.0,2988.0,2985.0,2987.0,6620.0,1337885.0,1338094.0
2026-03-31 14:35:00,2987.0,2987.0,2986.0,2986.0,3575.0,1338094.0,1337552.0
2026-03-31 14:40:00,2986.0,2991.0,2986.0,2989.0,4703.0,1337552.0,1338542.0
2026-03-31 14:45:00,2989.0,2990.0,2988.0,2989.0,3364.0,1338542.0,1339600.0
2026-03-31 14:50:00,2989.0,2991.0,2989.0,2991.0,3715.0,1339600.0,1340479.0
2026-03-31 14:55:00,2991.0,2991.0,2987.0,2988.0,6638.0,1340479.0,1341782.0
2026-03-31 21:00:00,2988.0,3000.0,2988.0,2991.0,30339.0,1341782.0,1343952.0
2026-03-31 21:05:00,2991.0,2995.0,2990.0,2995.0,11095.0,1343952.0,1345953.0
2026-03-31 21:10:00,2995.0,2995.0,2983.0,2985.0,15147.0,1345953.0,1345668.0
2026-03-31 21:15:00,2985.0,2988.0,2985.0,2986.0,5612.0,1345668.0,1345386.0
2026-03-31 21:20:00,2986.0,2986.0,2981.0,2984.0,5868.0,1345386.0,1346035.0
2026-03-31 21:25:00,2984.0,2987.0,2983.0,2985.0,3189.0,1346035.0,1347407.0
2026-03-31 21:30:00,2985.0,2986.0,2982.0,2982.0,6323.0,1347407.0,1348479.0
2026-03-31 21:35:00,2982.0,2983.0,2979.0,2981.0,5990.0,1348479.0,1349296.0
2026-03-31 21:40:00,2981.0,2983.0,2978.0,2981.0,5609.0,1349296.0,1350837.0
2026-03-31 21:45:00,2981.0,2981.0,2979.0,2979.0,11716.0,1350837.0,1353868.0
2026-03-31 21:50:00,2979.0,2980.0,2973.0,2979.0,9459.0,1353868.0,1353917.0
2026-03-31 21:55:00,2979.0,2979.0,2971.0,2972.0,14286.0,1353917.0,1357574.0
2026-03-31 22:00:00,2972.0,2977.0,2972.0,2973.0,7633.0,1357574.0,1360559.0
2026-03-31 22:05:00,2973.0,2976.0,2971.0,2975.0,10114.0,1360559.0,1365562.0
2026-03-31 22:10:00,2975.0,2975.0,2971.0,2972.0,6662.0,1365562.0,1369981.0
2026-03-31 22:15:00,2972.0,2977.0,2972.0,2975.0,6459.0,1369981.0,1372529.0
2026-03-31 22:20:00,2975.0,2977.0,2974.0,2976.0,2366.0,1372529.0,1372687.0
2026-03-31 22:25:00,2976.0,2979.0,2975.0,2978.0,3106.0,1372687.0,1372906.0
2026-03-31 22:30:00,2978.0,2980.0,2978.0,2979.0,2852.0,1372906.0,1372933.0
2026-03-31 22:35:00,2979.0,2981.0,2978.0,2979.0,3483.0,1372933.0,1372397.0
2026-03-31 22:40:00,2979.0,2979.0,2975.0,2976.0,4440.0,1372397.0,1372416.0
2026-03-31 22:45:00,2976.0,2980.0,2975.0,2979.0,3608.0,1372416.0,1372720.0
2026-03-31 22:50:00,2979.0,2979.0,2976.0,2976.0,2068.0,1372720.0,1372521.0
2026-03-31 22:55:00,2976.0,2978.0,2975.0,2977.0,6144.0,1372521.0,1373175.0
2026-04-01 09:00:00,2987.0,2991.0,2984.0,2987.0,25254.0,1373175.0,1372845.0
2026-04-01 09:05:00,2987.0,2988.0,2984.0,2985.0,10474.0,1372845.0,1374745.0
2026-04-01 09:10:00,2985.0,2986.0,2982.0,2985.0,6126.0,1374745.0,1374833.0
2026-04-01 09:15:00,2985.0,2985.0,2980.0,2982.0,6185.0,1374833.0,1374720.0
2026-04-01 09:20:00,2982.0,2986.0,2981.0,2982.0,6305.0,1374720.0,1376395.0
2026-04-01 09:25:00,2982.0,2984.0,2981.0,2984.0,4122.0,1376395.0,1376622.0
2026-04-01 09:30:00,2984.0,2986.0,2981.0,2982.0,4938.0,1376622.0,1378069.0
2026-04-01 09:35:00,2982.0,2983.0,2980.0,2982.0,2371.0,1378069.0,1378341.0
2026-04-01 09:40:00,2982.0,2983.0,2978.0,2980.0,4671.0,1378341.0,1377132.0
2026-04-01 09:45:00,2980.0,2980.0,2977.0,2979.0,2760.0,1377132.0,1377725.0
2026-04-01 09:50:00,2979.0,2981.0,2978.0,2981.0,1861.0,1377725.0,1378486.0
2026-04-01 09:55:00,2981.0,2984.0,2981.0,2984.0,2584.0,1378486.0,1379106.0
2026-04-01 10:00:00,2984.0,2984.0,2981.0,2982.0,2962.0,1379106.0,1379558.0
2026-04-01 10:05:00,2982.0,2983.0,2981.0,2983.0,1347.0,1379558.0,1379597.0
2026-04-01 10:10:00,2983.0,2985.0,2982.0,2985.0,2238.0,1379597.0,1380047.0
2026-04-01 10:30:00,2984.0,2987.0,2982.0,2986.0,12048.0,1380047.0,1386521.0
2026-04-01 10:35:00,2986.0,2988.0,2984.0,2987.0,6681.0,1386521.0,1389284.0
2026-04-01 10:40:00,2987.0,2988.0,2987.0,2988.0,1730.0,1389284.0,1389951.0
2026-04-01 10:45:00,2988.0,2990.0,2986.0,2988.0,5970.0,1389951.0,1392483.0
2026-04-01 10:50:00,2988.0,2989.0,2987.0,2988.0,3040.0,1392483.0,1393277.0
2026-04-01 10:55:00,2988.0,2988.0,2985.0,2987.0,3428.0,1393277.0,1393436.0
2026-04-01 11:00:00,2987.0,2987.0,2981.0,2982.0,5771.0,1393436.0,1395299.0
2026-04-01 11:05:00,2982.0,2983.0,2981.0,2983.0,3266.0,1395299.0,1395226.0
2026-04-01 11:10:00,2983.0,2983.0,2980.0,2981.0,4053.0,1395226.0,1395285.0
2026-04-01 11:15:00,2981.0,2983.0,2980.0,2982.0,3397.0,1395285.0,1395744.0
2026-04-01 11:20:00,2982.0,2982.0,2980.0,2980.0,4230.0,1395744.0,1396856.0
2026-04-01 11:25:00,2980.0,2981.0,2975.0,2975.0,10695.0,1396856.0,1397812.0
2026-04-01 13:30:00,2974.0,2976.0,2972.0,2974.0,16224.0,1397812.0,1398083.0
2026-04-01 13:35:00,2974.0,2974.0,2971.0,2972.0,8575.0,1398083.0,1400117.0
2026-04-01 13:40:00,2972.0,2973.0,2971.0,2972.0,9832.0,1400117.0,1401512.0
2026-04-01 13:45:00,2972.0,2974.0,2972.0,2973.0,9947.0,1401512.0,1399820.0
2026-04-01 13:50:00,2973.0,2975.0,2971.0,2975.0,6057.0,1399820.0,1399868.0
2026-04-01 13:55:00,2975.0,2976.0,2972.0,2972.0,9432.0,1399868.0,1402086.0
2026-04-01 14:00:00,2972.0,2976.0,2972.0,2974.0,6152.0,1402086.0,1402025.0
2026-04-01 14:05:00,2974.0,2975.0,2972.0,2972.0,6930.0,1402025.0,1402658.0
2026-04-01 14:10:00,2972.0,2973.0,2966.0,2967.0,15625.0,1402658.0,1406613.0
2026-04-01 14:15:00,2967.0,2967.0,2964.0,2965.0,9814.0,1406613.0,1405465.0
2026-04-01 14:20:00,2965.0,2966.0,2964.0,2964.0,6942.0,1405465.0,1406096.0
2026-04-01 14:25:00,2964.0,2965.0,2961.0,2964.0,11507.0,1406096.0,1409012.0
2026-04-01 14:30:00,2964.0,2965.0,2962.0,2964.0,10706.0,1409012.0,1412775.0
2026-04-01 14:35:00,2964.0,2964.0,2958.0,2958.0,11839.0,1412775.0,1414952.0
2026-04-01 14:40:00,2958.0,2959.0,2955.0,2959.0,13622.0,1414952.0,1414330.0
2026-04-01 14:45:00,2959.0,2967.0,2957.0,2967.0,16533.0,1414330.0,1417343.0
2026-04-01 14:50:00,2967.0,2970.0,2963.0,2965.0,14557.0,1417343.0,1418006.0
2026-04-01 14:55:00,2965.0,2966.0,2962.0,2962.0,7347.0,1418006.0,1418190.0
2026-04-01 21:00:00,2960.0,2963.0,2956.0,2960.0,37323.0,1418190.0,1427306.0
2026-04-01 21:05:00,2960.0,2966.0,2960.0,2966.0,17283.0,1427306.0,1432991.0
2026-04-01 21:10:00,2966.0,2967.0,2961.0,2964.0,16808.0,1432991.0,1441436.0
2026-04-01 21:15:00,2964.0,2966.0,2961.0,2964.0,14443.0,1441436.0,1445545.0
2026-04-01 21:20:00,2964.0,2968.0,2963.0,2966.0,11375.0,1445545.0,1448597.0
2026-04-01 21:25:00,2966.0,2967.0,2964.0,2966.0,8065.0,1448597.0,1450912.0
2026-04-01 21:30:00,2966.0,2967.0,2957.0,2957.0,16451.0,1450912.0,1453654.0
2026-04-01 21:35:00,2957.0,2960.0,2957.0,2958.0,10211.0,1453654.0,1456234.0
2026-04-01 21:40:00,2958.0,2958.0,2952.0,2954.0,16958.0,1456234.0,1459753.0
2026-04-01 21:45:00,2954.0,2955.0,2951.0,2954.0,11351.0,1459753.0,1461647.0
2026-04-01 21:50:00,2954.0,2958.0,2953.0,2958.0,6273.0,1461647.0,1462618.0
2026-04-01 21:55:00,2958.0,2960.0,2956.0,2956.0,6924.0,1462618.0,1464126.0
2026-04-01 22:00:00,2956.0,2957.0,2953.0,2954.0,4619.0,1464126.0,1465363.0
2026-04-01 22:05:00,2954.0,2956.0,2952.0,2953.0,5949.0,1465363.0,1467263.0
2026-04-01 22:10:00,2953.0,2955.0,2952.0,2954.0,3258.0,1467263.0,1468012.0
2026-04-01 22:15:00,2954.0,2955.0,2952.0,2953.0,3225.0,1468012.0,1469656.0
2026-04-01 22:20:00,2953.0,2955.0,2952.0,2954.0,3305.0,1469656.0,1470862.0
2026-04-01 22:25:00,2954.0,2955.0,2953.0,2955.0,3012.0,1470862.0,1471488.0
2026-04-01 22:30:00,2955.0,2958.0,2954.0,2957.0,4437.0,1471488.0,1470918.0
2026-04-01 22:35:00,2957.0,2958.0,2956.0,2956.0,3413.0,1470918.0,1471486.0
2026-04-01 22:40:00,2956.0,2959.0,2955.0,2958.0,5719.0,1471486.0,1471259.0
2026-04-01 22:45:00,2958.0,2958.0,2957.0,2958.0,2473.0,1471259.0,1472275.0
2026-04-01 22:50:00,2958.0,2959.0,2956.0,2957.0,4983.0,1472275.0,1472214.0
2026-04-01 22:55:00,2957.0,2958.0,2955.0,2958.0,4034.0,1472214.0,1470885.0
2026-04-02 09:00:00,2962.0,2970.0,2960.0,2969.0,17445.0,1470885.0,1472364.0
2026-04-02 09:05:00,2969.0,2975.0,2968.0,2974.0,14447.0,1472364.0,1470927.0
2026-04-02 09:10:00,2974.0,2976.0,2971.0,2975.0,13650.0,1470927.0,1474394.0
2026-04-02 09:15:00,2975.0,2979.0,2973.0,2977.0,12160.0,1474394.0,1477494.0
2026-04-02 09:20:00,2977.0,2981.0,2977.0,2978.0,10131.0,1477494.0,1477669.0
2026-04-02 09:25:00,2978.0,2979.0,2971.0,2972.0,9474.0,1477669.0,1480895.0
2026-04-02 09:30:00,2972.0,2973.0,2969.0,2971.0,8747.0,1480895.0,1483196.0
2026-04-02 09:35:00,2971.0,2973.0,2966.0,2968.0,10442.0,1483196.0,1485788.0
2026-04-02 09:40:00,2968.0,2970.0,2967.0,2968.0,4872.0,1485788.0,1487424.0
2026-04-02 09:45:00,2968.0,2969.0,2966.0,2968.0,5270.0,1487424.0,1489737.0
2026-04-02 09:50:00,2968.0,2969.0,2965.0,2968.0,6536.0,1489737.0,1490460.0
2026-04-02 09:55:00,2968.0,2973.0,2968.0,2972.0,5627.0,1490460.0,1491559.0
2026-04-02 10:00:00,2972.0,2975.0,2971.0,2971.0,5414.0,1491559.0,1493489.0
2026-04-02 10:05:00,2971.0,2976.0,2971.0,2975.0,6613.0,1493489.0,1493628.0
2026-04-02 10:10:00,2975.0,2975.0,2973.0,2974.0,3808.0,1493628.0,1493921.0
2026-04-02 10:30:00,2975.0,2976.0,2971.0,2973.0,7413.0,1493921.0,1495841.0
2026-04-02 10:35:00,2973.0,2974.0,2971.0,2972.0,3185.0,1495841.0,1496432.0
2026-04-02 10:40:00,2972.0,2973.0,2969.0,2971.0,4062.0,1496432.0,1497182.0
2026-04-02 10:45:00,2971.0,2971.0,2967.0,2969.0,4180.0,1497182.0,1498083.0
2026-04-02 10:50:00,2969.0,2973.0,2969.0,2973.0,3819.0,1498083.0,1497724.0
2026-04-02 10:55:00,2973.0,2973.0,2971.0,2971.0,5342.0,1497724.0,1499451.0
2026-04-02 11:00:00,2971.0,2974.0,2970.0,2973.0,3792.0,1499451.0,1501074.0
2026-04-02 11:05:00,2973.0,2974.0,2971.0,2972.0,2101.0,1501074.0,1501722.0
2026-04-02 11:10:00,2972.0,2973.0,2971.0,2973.0,1950.0,1501722.0,1502141.0
2026-04-02 11:15:00,2973.0,2974.0,2972.0,2973.0,2207.0,1502141.0,1502396.0
2026-04-02 11:20:00,2973.0,2974.0,2969.0,2971.0,3859.0,1502396.0,1503501.0
2026-04-02 11:25:00,2971.0,2974.0,2970.0,2973.0,2625.0,1503501.0,1502758.0
2026-04-02 13:30:00,2974.0,2977.0,2971.0,2972.0,7792.0,1502758.0,1502497.0
2026-04-02 13:35:00,2972.0,2975.0,2971.0,2972.0,4296.0,1502497.0,1503818.0
2026-04-02 13:40:00,2972.0,2974.0,2970.0,2974.0,5017.0,1503818.0,1503431.0
2026-04-02 13:45:00,2974.0,2975.0,2973.0,2973.0,3461.0,1503431.0,1504122.0
2026-04-02 13:50:00,2973.0,2974.0,2970.0,2971.0,5166.0,1504122.0,1504499.0
2026-04-02 13:55:00,2971.0,2971.0,2965.0,2968.0,7584.0,1504499.0,1505332.0
2026-04-02 14:00:00,2968.0,2969.0,2966.0,2967.0,5596.0,1505332.0,1507138.0
2026-04-02 14:05:00,2967.0,2968.0,2965.0,2966.0,9435.0,1507138.0,1509731.0
2026-04-02 14:10:00,2966.0,2967.0,2963.0,2967.0,8883.0,1509731.0,1511580.0
2026-04-02 14:15:00,2967.0,2967.0,2963.0,2965.0,6253.0,1511580.0,1513876.0
2026-04-02 14:20:00,2965.0,2966.0,2960.0,2962.0,7784.0,1513876.0,1516298.0
2026-04-02 14:25:00,2962.0,2962.0,2959.0,2962.0,6227.0,1516298.0,1517637.0
2026-04-02 14:30:00,2962.0,2963.0,2960.0,2962.0,4769.0,1517637.0,1518151.0
2026-04-02 14:35:00,2962.0,2965.0,2961.0,2965.0,4002.0,1518151.0,1518065.0
2026-04-02 14:40:00,2965.0,2969.0,2963.0,2968.0,7774.0,1518065.0,1520616.0
2026-04-02 14:45:00,2968.0,2968.0,2965.0,2966.0,5184.0,1520616.0,1521841.0
2026-04-02 14:50:00,2966.0,2967.0,2964.0,2966.0,4773.0,1521841.0,1523667.0
2026-04-02 14:55:00,2966.0,2966.0,2963.0,2964.0,7883.0,1523667.0,1524339.0
2026-04-02 21:00:00,2963.0,2970.0,2961.0,2969.0,38084.0,1524339.0,1534939.0
2026-04-02 21:05:00,2969.0,2972.0,2965.0,2972.0,18157.0,1534939.0,1536562.0
2026-04-02 21:10:00,2972.0,2974.0,2971.0,2973.0,11095.0,1536562.0,1537826.0
2026-04-02 21:15:00,2973.0,2973.0,2969.0,2972.0,8703.0,1537826.0,1540893.0
2026-04-02 21:20:00,2972.0,2977.0,2971.0,2977.0,10694.0,1540893.0,1543672.0
2026-04-02 21:25:00,2977.0,2977.0,2974.0,2974.0,7288.0,1543672.0,1543754.0
2026-04-02 21:30:00,2974.0,2978.0,2973.0,2976.0,8994.0,1543754.0,1543902.0
2026-04-02 21:35:00,2976.0,2978.0,2975.0,2978.0,4107.0,1543902.0,1544950.0
2026-04-02 21:40:00,2978.0,2978.0,2975.0,2977.0,4643.0,1544950.0,1546205.0
2026-04-02 21:45:00,2977.0,2977.0,2972.0,2972.0,4947.0,1546205.0,1547466.0
2026-04-02 21:50:00,2972.0,2973.0,2969.0,2972.0,6777.0,1547466.0,1548062.0
2026-04-02 21:55:00,2972.0,2974.0,2971.0,2973.0,2249.0,1548062.0,1548126.0
2026-04-02 22:00:00,2973.0,2974.0,2968.0,2969.0,6163.0,1548126.0,1549106.0
2026-04-02 22:05:00,2969.0,2970.0,2965.0,2967.0,8845.0,1549106.0,1549292.0
2026-04-02 22:10:00,2967.0,2967.0,2963.0,2965.0,9174.0,1549292.0,1548684.0
2026-04-02 22:15:00,2965.0,2966.0,2963.0,2964.0,4155.0,1548684.0,1549056.0
2026-04-02 22:20:00,2964.0,2966.0,2962.0,2963.0,12752.0,1549056.0,1549591.0
2026-04-02 22:25:00,2963.0,2963.0,2960.0,2963.0,5495.0,1549591.0,1549591.0
2026-04-02 22:30:00,2963.0,2963.0,2959.0,2959.0,5429.0,1549591.0,1550926.0
2026-04-02 22:35:00,2959.0,2964.0,2959.0,2962.0,4685.0,1550926.0,1550897.0
2026-04-02 22:40:00,2962.0,2962.0,2957.0,2958.0,6267.0,1550897.0,1550398.0
2026-04-02 22:45:00,2958.0,2962.0,2958.0,2961.0,3805.0,1550398.0,1549701.0
2026-04-02 22:50:00,2961.0,2962.0,2960.0,2961.0,2698.0,1549701.0,1550862.0
2026-04-02 22:55:00,2961.0,2963.0,2961.0,2961.0,4691.0,1550862.0,1550934.0
2026-04-03 09:00:00,2962.0,2968.0,2961.0,2967.0,9782.0,1550934.0,1552839.0
2026-04-03 09:05:00,2967.0,2968.0,2965.0,2965.0,6683.0,1552839.0,1553382.0
2026-04-03 09:10:00,2965.0,2968.0,2963.0,2968.0,7107.0,1553382.0,1555739.0
2026-04-03 09:15:00,2968.0,2968.0,2965.0,2966.0,5469.0,1555739.0,1556777.0
2026-04-03 09:20:00,2966.0,2967.0,2963.0,2964.0,5644.0,1556777.0,1558878.0
2026-04-03 09:25:00,2964.0,2964.0,2961.0,2963.0,5715.0,1558878.0,1560476.0
2026-04-03 09:30:00,2963.0,2965.0,2962.0,2964.0,5903.0,1560476.0,1562561.0
2026-04-03 09:35:00,2964.0,2964.0,2960.0,2962.0,4845.0,1562561.0,1563382.0
2026-04-03 09:40:00,2962.0,2963.0,2960.0,2963.0,4158.0,1563382.0,1564717.0
2026-04-03 09:45:00,2963.0,2965.0,2962.0,2963.0,2691.0,1564717.0,1565149.0
2026-04-03 09:50:00,2963.0,2965.0,2962.0,2962.0,1908.0,1565149.0,1565562.0
2026-04-03 09:55:00,2962.0,2964.0,2961.0,2964.0,3043.0,1565562.0,1566406.0
2026-04-03 10:00:00,2964.0,2964.0,2959.0,2959.0,5844.0,1566406.0,1567935.0
2026-04-03 10:05:00,2959.0,2961.0,2959.0,2961.0,4096.0,1567935.0,1568126.0
2026-04-03 10:10:00,2961.0,2963.0,2960.0,2963.0,2713.0,1568126.0,1568990.0
2026-04-03 10:30:00,2962.0,2965.0,2961.0,2962.0,4348.0,1568990.0,1569869.0
2026-04-03 10:35:00,2962.0,2963.0,2960.0,2960.0,5810.0,1569869.0,1571526.0
2026-04-03 10:40:00,2960.0,2962.0,2959.0,2959.0,5478.0,1571526.0,1572717.0
2026-04-03 10:45:00,2959.0,2961.0,2959.0,2960.0,2742.0,1572717.0,1573616.0
2026-04-03 10:50:00,2960.0,2962.0,2960.0,2960.0,4364.0,1573616.0,1574004.0
2026-04-03 10:55:00,2960.0,2962.0,2960.0,2961.0,2933.0,1574004.0,1574027.0
2026-04-03 11:00:00,2961.0,2962.0,2960.0,2960.0,4751.0,1574027.0,1576024.0
2026-04-03 11:05:00,2960.0,2961.0,2958.0,2960.0,8528.0,1576024.0,1580204.0
2026-04-03 11:10:00,2960.0,2961.0,2959.0,2960.0,2291.0,1580204.0,1581019.0
2026-04-03 11:15:00,2960.0,2960.0,2958.0,2959.0,1623.0,1581019.0,1581022.0
2026-04-03 11:20:00,2959.0,2959.0,2954.0,2955.0,9398.0,1581022.0,1581158.0
2026-04-03 11:25:00,2955.0,2957.0,2955.0,2956.0,3055.0,1581158.0,1581552.0
2026-04-03 13:30:00,2956.0,2959.0,2956.0,2957.0,5498.0,1581552.0,1582141.0
2026-04-03 13:35:00,2957.0,2958.0,2953.0,2955.0,7310.0,1582141.0,1584273.0
2026-04-03 13:40:00,2955.0,2959.0,2953.0,2959.0,9042.0,1584273.0,1587130.0
2026-04-03 13:45:00,2959.0,2960.0,2958.0,2959.0,6057.0,1587130.0,1589393.0
2026-04-03 13:50:00,2959.0,2959.0,2956.0,2959.0,6113.0,1589393.0,1590988.0
2026-04-03 13:55:00,2959.0,2959.0,2956.0,2957.0,6674.0,1590988.0,1594250.0
2026-04-03 14:00:00,2957.0,2959.0,2956.0,2958.0,8065.0,1594250.0,1596774.0
2026-04-03 14:05:00,2958.0,2959.0,2957.0,2959.0,6280.0,1596774.0,1599598.0
2026-04-03 14:10:00,2959.0,2962.0,2958.0,2961.0,7909.0,1599598.0,1601443.0
2026-04-03 14:15:00,2961.0,2962.0,2956.0,2956.0,9848.0,1601443.0,1604836.0
2026-04-03 14:20:00,2956.0,2957.0,2954.0,2956.0,8033.0,1604836.0,1607206.0
2026-04-03 14:25:00,2956.0,2956.0,2951.0,2952.0,10197.0,1607206.0,1609591.0
2026-04-03 14:30:00,2952.0,2953.0,2949.0,2952.0,15695.0,1609591.0,1611639.0
2026-04-03 14:35:00,2952.0,2953.0,2949.0,2950.0,9709.0,1611639.0,1613348.0
2026-04-03 14:40:00,2950.0,2953.0,2949.0,2953.0,7232.0,1613348.0,1615145.0
2026-04-03 14:45:00,2953.0,2954.0,2951.0,2951.0,9462.0,1615145.0,1619282.0
2026-04-03 14:50:00,2951.0,2952.0,2948.0,2950.0,12767.0,1619282.0,1621214.0
2026-04-03 14:55:00,2950.0,2952.0,2947.0,2949.0,16608.0,1621214.0,1617788.0
2026-04-07 09:00:00,2952.0,2953.0,2943.0,2943.0,31940.0,1617788.0,1623359.0
2026-04-07 09:05:00,2943.0,2947.0,2939.0,2943.0,19160.0,1623359.0,1624934.0
2026-04-07 09:10:00,2943.0,2949.0,2942.0,2948.0,12042.0,1624934.0,1627035.0
2026-04-07 09:15:00,2948.0,2948.0,2945.0,2947.0,8708.0,1627035.0,1627052.0
2026-04-07 09:20:00,2947.0,2958.0,2945.0,2957.0,17527.0,1627052.0,1627814.0
2026-04-07 09:25:00,2957.0,2962.0,2954.0,2956.0,14211.0,1627814.0,1630131.0
2026-04-07 09:30:00,2956.0,2957.0,2954.0,2955.0,12061.0,1630131.0,1632388.0
2026-04-07 09:35:00,2955.0,2955.0,2947.0,2948.0,10850.0,1632388.0,1634523.0
2026-04-07 09:40:00,2948.0,2952.0,2946.0,2948.0,8138.0,1634523.0,1635691.0
2026-04-07 09:45:00,2948.0,2951.0,2946.0,2949.0,5076.0,1635691.0,1636940.0
2026-04-07 09:50:00,2949.0,2952.0,2949.0,2950.0,4744.0,1636940.0,1637298.0
2026-04-07 09:55:00,2950.0,2953.0,2949.0,2952.0,4305.0,1637298.0,1638211.0
2026-04-07 10:00:00,2952.0,2952.0,2948.0,2949.0,6884.0,1638211.0,1639015.0
2026-04-07 10:05:00,2949.0,2950.0,2945.0,2946.0,7420.0,1639015.0,1639979.0
2026-04-07 10:10:00,2946.0,2950.0,2945.0,2950.0,4225.0,1639979.0,1640470.0
2026-04-07 10:30:00,2951.0,2955.0,2949.0,2950.0,9836.0,1640470.0,1641019.0
2026-04-07 10:35:00,2950.0,2954.0,2950.0,2953.0,4579.0,1641019.0,1640806.0
2026-04-07 10:40:00,2953.0,2954.0,2951.0,2952.0,5103.0,1640806.0,1641449.0
2026-04-07 10:45:00,2952.0,2953.0,2951.0,2952.0,4653.0,1641449.0,1642720.0
2026-04-07 10:50:00,2952.0,2954.0,2950.0,2953.0,4010.0,1642720.0,1643669.0
2026-04-07 10:55:00,2953.0,2955.0,2951.0,2954.0,4741.0,1643669.0,1644849.0
2026-04-07 11:00:00,2954.0,2955.0,2952.0,2953.0,3715.0,1644849.0,1645758.0
2026-04-07 11:05:00,2953.0,2956.0,2953.0,2954.0,5954.0,1645758.0,1647918.0
2026-04-07 11:10:00,2954.0,2956.0,2951.0,2952.0,7943.0,1647918.0,1650409.0
2026-04-07 11:15:00,2952.0,2953.0,2950.0,2953.0,4293.0,1650409.0,1651559.0
2026-04-07 11:20:00,2953.0,2953.0,2951.0,2952.0,2493.0,1651559.0,1651948.0
2026-04-07 11:25:00,2952.0,2954.0,2947.0,2949.0,8483.0,1651948.0,1650396.0
2026-04-07 13:30:00,2948.0,2952.0,2947.0,2952.0,8839.0,1650396.0,1652760.0
2026-04-07 13:35:00,2952.0,2953.0,2950.0,2952.0,5391.0,1652760.0,1652736.0
2026-04-07 13:40:00,2952.0,2955.0,2951.0,2954.0,8025.0,1652736.0,1654622.0
2026-04-07 13:45:00,2954.0,2955.0,2952.0,2953.0,6858.0,1654622.0,1656361.0
2026-04-07 13:50:00,2953.0,2956.0,2953.0,2955.0,6570.0,1656361.0,1658721.0
2026-04-07 13:55:00,2955.0,2955.0,2951.0,2953.0,4720.0,1658721.0,1660052.0
2026-04-07 14:00:00,2953.0,2954.0,2952.0,2952.0,5145.0,1660052.0,1661714.0
2026-04-07 14:05:00,2952.0,2953.0,2950.0,2952.0,3716.0,1661714.0,1662611.0
2026-04-07 14:10:00,2952.0,2952.0,2951.0,2952.0,3003.0,1662611.0,1664047.0
2026-04-07 14:15:00,2952.0,2958.0,2951.0,2957.0,7336.0,1664047.0,1666630.0
2026-04-07 14:20:00,2957.0,2962.0,2957.0,2957.0,14238.0,1666630.0,1669248.0
2026-04-07 14:25:00,2957.0,2958.0,2956.0,2957.0,7809.0,1669248.0,1671049.0
2026-04-07 14:30:00,2957.0,2958.0,2955.0,2956.0,7984.0,1671049.0,1672944.0
2026-04-07 14:35:00,2956.0,2959.0,2955.0,2958.0,10108.0,1672944.0,1675020.0
2026-04-07 14:40:00,2958.0,2961.0,2957.0,2960.0,10111.0,1675020.0,1678544.0
2026-04-07 14:45:00,2960.0,2961.0,2958.0,2961.0,6836.0,1678544.0,1681416.0
2026-04-07 14:50:00,2961.0,2963.0,2960.0,2962.0,10789.0,1681416.0,1684633.0
2026-04-07 14:55:00,2962.0,2963.0,2959.0,2963.0,10984.0,1684633.0,1685520.0
2026-04-07 21:00:00,2963.0,2967.0,2961.0,2967.0,40483.0,1685520.0,1692996.0
2026-04-07 21:05:00,2967.0,2968.0,2964.0,2967.0,23379.0,1692996.0,1700385.0
2026-04-07 21:10:00,2967.0,2975.0,2967.0,2968.0,32718.0,1700385.0,1704283.0
2026-04-07 21:15:00,2968.0,2976.0,2968.0,2974.0,21353.0,1704283.0,1706643.0
2026-04-07 21:20:00,2974.0,2978.0,2972.0,2978.0,17258.0,1706643.0,1706921.0
2026-04-07 21:25:00,2978.0,2984.0,2976.0,2982.0,26713.0,1706921.0,1708549.0
2026-04-07 21:30:00,2982.0,2984.0,2979.0,2981.0,15373.0,1708549.0,1712147.0
2026-04-07 21:35:00,2981.0,2981.0,2974.0,2976.0,16996.0,1712147.0,1713682.0
2026-04-07 21:40:00,2976.0,2979.0,2975.0,2979.0,5764.0,1713682.0,1714214.0
2026-04-07 21:45:00,2979.0,2981.0,2978.0,2981.0,11997.0,1714214.0,1716751.0
2026-04-07 21:50:00,2981.0,2981.0,2977.0,2977.0,4926.0,1716751.0,1717464.0
2026-04-07 21:55:00,2977.0,2981.0,2976.0,2981.0,8687.0,1717464.0,1718063.0
2026-04-07 22:00:00,2981.0,2982.0,2976.0,2979.0,15631.0,1718063.0,1718502.0
2026-04-07 22:05:00,2979.0,2982.0,2978.0,2979.0,7042.0,1718502.0,1717598.0
2026-04-07 22:10:00,2979.0,2981.0,2977.0,2980.0,12200.0,1717598.0,1717044.0
2026-04-07 22:15:00,2980.0,2980.0,2976.0,2977.0,7064.0,1717044.0,1717126.0
2026-04-07 22:20:00,2977.0,2978.0,2973.0,2974.0,7100.0,1717126.0,1717287.0
2026-04-07 22:25:00,2974.0,2976.0,2973.0,2975.0,2533.0,1717287.0,1717298.0
2026-04-07 22:30:00,2975.0,2975.0,2972.0,2972.0,2480.0,1717298.0,1717258.0
2026-04-07 22:35:00,2972.0,2975.0,2972.0,2974.0,2044.0,1717258.0,1717221.0
2026-04-07 22:40:00,2974.0,2975.0,2973.0,2974.0,2349.0,1717221.0,1717631.0
2026-04-07 22:45:00,2974.0,2974.0,2973.0,2974.0,1974.0,1717631.0,1717448.0
2026-04-07 22:50:00,2974.0,2976.0,2973.0,2975.0,3457.0,1717448.0,1717238.0
2026-04-07 22:55:00,2975.0,2975.0,2973.0,2974.0,3816.0,1717238.0,1716846.0
2026-04-08 09:00:00,2963.0,2963.0,2949.0,2954.0,56837.0,1716846.0,1716426.0
2026-04-08 09:05:00,2954.0,2955.0,2948.0,2953.0,30317.0,1716426.0,1719182.0
2026-04-08 09:10:00,2953.0,2955.0,2949.0,2950.0,17949.0,1719182.0,1720832.0
2026-04-08 09:15:00,2950.0,2952.0,2943.0,2945.0,22874.0,1720832.0,1725357.0
2026-04-08 09:20:00,2945.0,2948.0,2944.0,2946.0,11714.0,1725357.0,1728100.0
2026-04-08 09:25:00,2946.0,2951.0,2945.0,2946.0,15792.0,1728100.0,1732582.0
2026-04-08 09:30:00,2946.0,2951.0,2946.0,2951.0,9961.0,1732582.0,1732294.0
2026-04-08 09:35:00,2951.0,2957.0,2950.0,2955.0,14148.0,1732294.0,1734529.0
2026-04-08 09:40:00,2955.0,2960.0,2955.0,2959.0,11555.0,1734529.0,1736040.0
2026-04-08 09:45:00,2959.0,2960.0,2953.0,2955.0,11286.0,1736040.0,1739978.0
2026-04-08 09:50:00,2955.0,2955.0,2946.0,2949.0,18701.0,1739978.0,1742869.0
2026-04-08 09:55:00,2949.0,2950.0,2944.0,2945.0,14335.0,1742869.0,1747893.0
2026-04-08 10:00:00,2945.0,2948.0,2944.0,2946.0,12335.0,1747893.0,1750099.0
2026-04-08 10:05:00,2946.0,2949.0,2946.0,2948.0,6115.0,1750099.0,1751402.0
2026-04-08 10:10:00,2948.0,2951.0,2947.0,2951.0,4691.0,1751402.0,1752099.0
2026-04-08 10:30:00,2950.0,2955.0,2950.0,2953.0,10751.0,1752099.0,1752346.0
2026-04-08 10:35:00,2953.0,2959.0,2953.0,2959.0,11724.0,1752346.0,1753813.0
2026-04-08 10:40:00,2959.0,2961.0,2957.0,2959.0,11801.0,1753813.0,1754935.0
2026-04-08 10:45:00,2959.0,2963.0,2958.0,2962.0,11085.0,1754935.0,1757971.0
2026-04-08 10:50:00,2962.0,2963.0,2958.0,2960.0,8593.0,1757971.0,1757769.0
2026-04-08 10:55:00,2960.0,2961.0,2957.0,2958.0,5114.0,1757769.0,1759118.0
2026-04-08 11:00:00,2958.0,2959.0,2956.0,2958.0,4673.0,1759118.0,1759201.0
2026-04-08 11:05:00,2958.0,2960.0,2957.0,2959.0,9028.0,1759201.0,1759594.0
2026-04-08 11:10:00,2959.0,2961.0,2958.0,2959.0,7452.0,1759594.0,1760749.0
2026-04-08 11:15:00,2959.0,2960.0,2957.0,2960.0,3946.0,1760749.0,1760882.0
2026-04-08 11:20:00,2960.0,2960.0,2957.0,2958.0,2991.0,1760882.0,1760951.0
2026-04-08 11:25:00,2958.0,2960.0,2958.0,2959.0,3633.0,1760951.0,1760899.0
2026-04-08 13:30:00,2959.0,2962.0,2959.0,2962.0,8585.0,1760899.0,1762765.0
2026-04-08 13:35:00,2962.0,2965.0,2960.0,2961.0,14906.0,1762765.0,1763306.0
2026-04-08 13:40:00,2961.0,2961.0,2958.0,2958.0,7162.0,1763306.0,1762769.0
2026-04-08 13:45:00,2958.0,2962.0,2958.0,2962.0,4162.0,1762769.0,1763273.0
2026-04-08 13:50:00,2962.0,2962.0,2958.0,2959.0,6144.0,1763273.0,1765853.0
2026-04-08 13:55:00,2959.0,2960.0,2958.0,2958.0,3514.0,1765853.0,1766296.0
2026-04-08 14:00:00,2958.0,2961.0,2957.0,2961.0,10939.0,1766296.0,1768494.0
2026-04-08 14:05:00,2961.0,2962.0,2958.0,2958.0,10355.0,1768494.0,1769300.0
2026-04-08 14:10:00,2958.0,2958.0,2955.0,2957.0,13381.0,1769300.0,1769888.0
2026-04-08 14:15:00,2957.0,2958.0,2954.0,2956.0,7051.0,1769888.0,1769868.0
2026-04-08 14:20:00,2956.0,2959.0,2955.0,2959.0,5093.0,1769868.0,1770453.0
2026-04-08 14:25:00,2959.0,2959.0,2957.0,2958.0,5285.0,1770453.0,1771266.0
2026-04-08 14:30:00,2958.0,2961.0,2957.0,2961.0,6903.0,1771266.0,1772236.0
2026-04-08 14:35:00,2961.0,2962.0,2960.0,2961.0,5229.0,1772236.0,1773607.0
2026-04-08 14:40:00,2961.0,2963.0,2961.0,2963.0,6205.0,1773607.0,1775333.0
2026-04-08 14:45:00,2963.0,2964.0,2961.0,2962.0,8726.0,1775333.0,1776534.0
2026-04-08 14:50:00,2962.0,2963.0,2961.0,2963.0,3856.0,1776534.0,1776118.0
2026-04-08 14:55:00,2963.0,2963.0,2961.0,2962.0,7966.0,1776118.0,1775301.0
2026-04-08 21:00:00,2962.0,2962.0,2954.0,2957.0,35652.0,1775301.0,1782624.0
2026-04-08 21:05:00,2957.0,2960.0,2955.0,2960.0,17152.0,1782624.0,1787456.0
2026-04-08 21:10:00,2960.0,2964.0,2959.0,2963.0,27580.0,1787456.0,1795313.0
2026-04-08 21:15:00,2963.0,2963.0,2961.0,2962.0,9726.0,1795313.0,1798647.0
2026-04-08 21:20:00,2962.0,2962.0,2958.0,2958.0,11427.0,1798647.0,1802039.0
2026-04-08 21:25:00,2958.0,2962.0,2957.0,2961.0,16649.0,1802039.0,1804304.0
2026-04-08 21:30:00,2961.0,2967.0,2961.0,2963.0,17387.0,1804304.0,1808189.0
2026-04-08 21:35:00,2963.0,2968.0,2963.0,2965.0,13661.0,1808189.0,1812969.0
2026-04-08 21:40:00,2965.0,2970.0,2965.0,2970.0,12937.0,1812969.0,1815230.0
2026-04-08 21:45:00,2970.0,2972.0,2967.0,2968.0,12675.0,1815230.0,1816914.0
2026-04-08 21:50:00,2968.0,2971.0,2966.0,2971.0,8047.0,1816914.0,1816327.0
2026-04-08 21:55:00,2971.0,2974.0,2970.0,2972.0,12246.0,1816327.0,1818329.0
2026-04-08 22:00:00,2972.0,2978.0,2972.0,2975.0,15818.0,1818329.0,1822492.0
2026-04-08 22:05:00,2975.0,2978.0,2974.0,2976.0,14007.0,1822492.0,1825512.0
2026-04-08 22:10:00,2976.0,2978.0,2972.0,2973.0,11115.0,1825512.0,1825522.0
2026-04-08 22:15:00,2973.0,2975.0,2972.0,2974.0,6509.0,1825522.0,1824904.0
2026-04-08 22:20:00,2974.0,2975.0,2972.0,2973.0,4065.0,1824904.0,1825930.0
2026-04-08 22:25:00,2973.0,2975.0,2973.0,2973.0,5254.0,1825930.0,1826622.0
2026-04-08 22:30:00,2973.0,2973.0,2970.0,2973.0,7221.0,1826622.0,1827568.0
2026-04-08 22:35:00,2973.0,2974.0,2971.0,2974.0,3379.0,1827568.0,1827715.0
2026-04-08 22:40:00,2974.0,2976.0,2972.0,2976.0,5097.0,1827715.0,1828414.0
2026-04-08 22:45:00,2976.0,2977.0,2974.0,2976.0,4492.0,1828414.0,1828900.0
2026-04-08 22:50:00,2976.0,2976.0,2974.0,2975.0,3864.0,1828900.0,1828643.0
2026-04-08 22:55:00,2975.0,2975.0,2971.0,2974.0,8491.0,1828643.0,1826556.0
2026-04-09 09:00:00,2976.0,2976.0,2963.0,2965.0,38132.0,1826556.0,1825675.0
2026-04-09 09:05:00,2965.0,2966.0,2959.0,2962.0,30860.0,1825675.0,1824668.0
2026-04-09 09:10:00,2962.0,2967.0,2962.0,2966.0,11235.0,1824668.0,1824697.0
2026-04-09 09:15:00,2966.0,2968.0,2964.0,2967.0,7774.0,1824697.0,1826310.0
2026-04-09 09:20:00,2967.0,2968.0,2965.0,2967.0,5818.0,1826310.0,1827924.0
2026-04-09 09:25:00,2967.0,2967.0,2963.0,2964.0,7017.0,1827924.0,1828743.0
2026-04-09 09:30:00,2964.0,2967.0,2963.0,2967.0,7934.0,1828743.0,1830181.0
2026-04-09 09:35:00,2967.0,2969.0,2965.0,2969.0,9283.0,1830181.0,1830918.0
2026-04-09 09:40:00,2969.0,2971.0,2967.0,2969.0,12235.0,1830918.0,1834239.0
2026-04-09 09:45:00,2969.0,2970.0,2966.0,2968.0,8537.0,1834239.0,1836307.0
2026-04-09 09:50:00,2968.0,2969.0,2966.0,2969.0,7351.0,1836307.0,1837299.0
2026-04-09 09:55:00,2969.0,2971.0,2968.0,2970.0,6817.0,1837299.0,1838601.0
2026-04-09 10:00:00,2970.0,2974.0,2969.0,2974.0,9736.0,1838601.0,1840619.0
2026-04-09 10:05:00,2974.0,2976.0,2971.0,2975.0,9718.0,1840619.0,1842563.0
2026-04-09 10:10:00,2975.0,2977.0,2973.0,2975.0,10122.0,1842563.0,1844396.0
2026-04-09 10:30:00,2975.0,2976.0,2972.0,2975.0,14199.0,1844396.0,1845501.0
2026-04-09 10:35:00,2975.0,2975.0,2972.0,2974.0,5166.0,1845501.0,1845655.0
2026-04-09 10:40:00,2974.0,2977.0,2972.0,2976.0,12399.0,1845655.0,1848838.0
2026-04-09 10:45:00,2976.0,2978.0,2975.0,2978.0,13754.0,1848838.0,1852269.0
2026-04-09 10:50:00,2978.0,2980.0,2976.0,2977.0,15253.0,1852269.0,1854453.0
2026-04-09 10:55:00,2977.0,2979.0,2975.0,2978.0,9946.0,1854453.0,1855800.0
2026-04-09 11:00:00,2978.0,2978.0,2975.0,2975.0,7756.0,1855800.0,1856017.0
2026-04-09 11:05:00,2975.0,2977.0,2974.0,2976.0,6422.0,1856017.0,1856456.0
2026-04-09 11:10:00,2976.0,2977.0,2974.0,2975.0,4835.0,1856456.0,1856267.0
2026-04-09 11:15:00,2975.0,2976.0,2974.0,2976.0,4092.0,1856267.0,1856420.0
2026-04-09 11:20:00,2976.0,2977.0,2974.0,2976.0,6890.0,1856420.0,1856961.0
2026-04-09 11:25:00,2976.0,2976.0,2973.0,2975.0,7543.0,1856961.0,1856694.0
2026-04-09 13:30:00,2975.0,2977.0,2974.0,2974.0,11055.0,1856694.0,1857414.0
2026-04-09 13:35:00,2974.0,2976.0,2974.0,2975.0,6073.0,1857414.0,1858952.0
2026-04-09 13:40:00,2975.0,2976.0,2973.0,2973.0,7741.0,1858952.0,1859983.0
2026-04-09 13:45:00,2973.0,2977.0,2973.0,2977.0,7983.0,1859983.0,1861707.0
2026-04-09 13:50:00,2977.0,2977.0,2974.0,2976.0,7427.0,1861707.0,1863225.0
2026-04-09 13:55:00,2976.0,2977.0,2973.0,2975.0,11267.0,1863225.0,1865752.0
2026-04-09 14:00:00,2975.0,2976.0,2974.0,2975.0,7282.0,1865752.0,1865835.0
2026-04-09 14:05:00,2975.0,2975.0,2973.0,2975.0,8090.0,1865835.0,1867056.0
2026-04-09 14:10:00,2975.0,2979.0,2973.0,2979.0,9931.0,1867056.0,1868119.0
2026-04-09 14:15:00,2979.0,2980.0,2977.0,2978.0,13990.0,1868119.0,1870573.0
2026-04-09 14:20:00,2978.0,2980.0,2977.0,2977.0,12295.0,1870573.0,1872585.0
2026-04-09 14:25:00,2977.0,2981.0,2977.0,2980.0,14321.0,1872585.0,1875849.0
2026-04-09 14:30:00,2980.0,2980.0,2976.0,2977.0,10331.0,1875849.0,1878057.0
2026-04-09 14:35:00,2977.0,2977.0,2971.0,2973.0,15266.0,1878057.0,1876853.0
2026-04-09 14:40:00,2973.0,2973.0,2970.0,2972.0,13390.0,1876853.0,1875566.0
2026-04-09 14:45:00,2972.0,2972.0,2970.0,2971.0,7680.0,1875566.0,1876565.0
2026-04-09 14:50:00,2971.0,2973.0,2971.0,2971.0,10347.0,1876565.0,1877706.0
2026-04-09 14:55:00,2971.0,2973.0,2969.0,2971.0,20696.0,1877706.0,1876342.0
2026-04-09 21:00:00,2977.0,2988.0,2974.0,2986.0,73485.0,1876342.0,1887156.0
2026-04-09 21:05:00,2986.0,2991.0,2984.0,2991.0,39243.0,1887156.0,1893097.0
2026-04-09 21:10:00,2991.0,2994.0,2990.0,2993.0,36867.0,1893097.0,1902969.0
2026-04-09 21:15:00,2993.0,2995.0,2988.0,2992.0,22338.0,1902969.0,1905853.0
2026-04-09 21:20:00,2992.0,2993.0,2990.0,2992.0,12990.0,1905853.0,1908262.0
2026-04-09 21:25:00,2992.0,2995.0,2990.0,2994.0,15148.0,1908262.0,1909957.0
2026-04-09 21:30:00,2994.0,2999.0,2993.0,2999.0,34533.0,1909957.0,1908933.0
2026-04-09 21:35:00,2999.0,3000.0,2993.0,2996.0,20173.0,1908933.0,1908574.0
2026-04-09 21:40:00,2996.0,2999.0,2993.0,2994.0,20130.0,1908574.0,1907907.0
2026-04-09 21:45:00,2994.0,2996.0,2991.0,2992.0,12601.0,1907907.0,1907151.0
2026-04-09 21:50:00,2992.0,2994.0,2990.0,2993.0,11977.0,1907151.0,1907172.0
2026-04-09 21:55:00,2993.0,2995.0,2992.0,2993.0,9610.0,1907172.0,1905497.0
2026-04-09 22:00:00,2993.0,2995.0,2991.0,2992.0,11745.0,1905497.0,1907206.0
2026-04-09 22:05:00,2992.0,2993.0,2988.0,2988.0,12357.0,1907206.0,1906786.0
2026-04-09 22:10:00,2988.0,2990.0,2985.0,2986.0,21679.0,1906786.0,1906473.0
2026-04-09 22:15:00,2986.0,2990.0,2986.0,2988.0,11115.0,1906473.0,1905621.0
2026-04-09 22:20:00,2988.0,2990.0,2986.0,2990.0,6779.0,1905621.0,1905915.0
2026-04-09 22:25:00,2990.0,2994.0,2989.0,2993.0,7796.0,1905915.0,1905708.0
2026-04-09 22:30:00,2993.0,2994.0,2991.0,2991.0,6869.0,1905708.0,1906704.0
2026-04-09 22:35:00,2991.0,2993.0,2989.0,2992.0,12162.0,1906704.0,1907970.0
2026-04-09 22:40:00,2992.0,2993.0,2991.0,2991.0,5723.0,1907970.0,1909096.0
2026-04-09 22:45:00,2991.0,2993.0,2991.0,2992.0,3586.0,1909096.0,1909256.0
2026-04-09 22:50:00,2992.0,2993.0,2990.0,2991.0,4960.0,1909256.0,1909481.0
2026-04-09 22:55:00,2991.0,2993.0,2990.0,2992.0,8911.0,1909481.0,1906536.0
2026-04-10 09:00:00,2995.0,3001.0,2992.0,2992.0,46726.0,1906536.0,1909651.0
2026-04-10 09:05:00,2992.0,2994.0,2989.0,2990.0,22294.0,1909651.0,1911849.0
2026-04-10 09:10:00,2990.0,2990.0,2984.0,2987.0,28273.0,1911849.0,1912649.0
2026-04-10 09:15:00,2987.0,2988.0,2980.0,2981.0,23316.0,1912649.0,1911581.0
2026-04-10 09:20:00,2981.0,2985.0,2979.0,2980.0,23210.0,1911581.0,1915872.0
2026-04-10 09:25:00,2980.0,2983.0,2979.0,2981.0,11000.0,1915872.0,1916722.0
2026-04-10 09:30:00,2981.0,2985.0,2981.0,2983.0,10513.0,1916722.0,1918385.0
2026-04-10 09:35:00,2983.0,2984.0,2978.0,2978.0,19290.0,1918385.0,1917276.0
2026-04-10 09:40:00,2978.0,2980.0,2976.0,2979.0,20608.0,1917276.0,1914198.0
2026-04-10 09:45:00,2979.0,2980.0,2976.0,2979.0,10036.0,1914198.0,1914138.0
2026-04-10 09:50:00,2979.0,2981.0,2979.0,2980.0,7574.0,1914138.0,1914386.0
2026-04-10 09:55:00,2980.0,2982.0,2978.0,2980.0,8798.0,1914386.0,1914323.0
2026-04-10 10:00:00,2980.0,2980.0,2977.0,2979.0,6504.0,1914323.0,1916454.0
2026-04-10 10:05:00,2979.0,2980.0,2977.0,2980.0,5225.0,1916454.0,1916859.0
2026-04-10 10:10:00,2980.0,2980.0,2976.0,2976.0,9340.0,1916859.0,1918843.0
2026-04-10 10:30:00,2976.0,2979.0,2973.0,2973.0,21156.0,1918843.0,1917958.0
2026-04-10 10:35:00,2973.0,2975.0,2971.0,2972.0,11960.0,1917958.0,1919427.0
2026-04-10 10:40:00,2972.0,2975.0,2971.0,2974.0,12352.0,1919427.0,1921156.0
2026-04-10 10:45:00,2974.0,2975.0,2972.0,2972.0,6890.0,1921156.0,1922870.0
2026-04-10 10:50:00,2972.0,2973.0,2964.0,2968.0,31591.0,1922870.0,1919101.0
2026-04-10 10:55:00,2968.0,2968.0,2965.0,2967.0,11986.0,1919101.0,1918739.0
2026-04-10 11:00:00,2967.0,2969.0,2966.0,2967.0,10033.0,1918739.0,1920949.0
2026-04-10 11:05:00,2967.0,2969.0,2965.0,2965.0,10556.0,1920949.0,1922798.0
2026-04-10 11:10:00,2965.0,2967.0,2963.0,2966.0,19026.0,1922798.0,1921810.0
2026-04-10 11:15:00,2966.0,2968.0,2965.0,2967.0,11192.0,1921810.0,1924209.0
2026-04-10 11:20:00,2967.0,2971.0,2966.0,2971.0,10913.0,1924209.0,1925362.0
2026-04-10 11:25:00,2971.0,2973.0,2970.0,2972.0,11697.0,1925362.0,1925861.0
2026-04-10 13:30:00,2973.0,2975.0,2972.0,2973.0,14923.0,1925861.0,1927325.0
2026-04-10 13:35:00,2973.0,2974.0,2970.0,2973.0,10990.0,1927325.0,1929723.0
2026-04-10 13:40:00,2973.0,2973.0,2970.0,2972.0,6568.0,1929723.0,1931526.0
2026-04-10 13:45:00,2972.0,2976.0,2972.0,2976.0,14084.0,1931526.0,1933039.0
2026-04-10 13:50:00,2976.0,2976.0,2971.0,2974.0,8091.0,1933039.0,1934998.0
2026-04-10 13:55:00,2974.0,2976.0,2973.0,2976.0,6195.0,1934998.0,1935872.0
2026-04-10 14:00:00,2976.0,2977.0,2972.0,2974.0,7552.0,1935872.0,1937322.0
2026-04-10 14:05:00,2974.0,2974.0,2972.0,2973.0,4361.0,1937322.0,1937643.0
2026-04-10 14:10:00,2973.0,2975.0,2973.0,2975.0,4243.0,1937643.0,1938453.0
2026-04-10 14:15:00,2975.0,2976.0,2974.0,2975.0,5027.0,1938453.0,1939114.0
2026-04-10 14:20:00,2975.0,2976.0,2974.0,2976.0,5080.0,1939114.0,1938801.0
2026-04-10 14:25:00,2976.0,2977.0,2975.0,2977.0,4526.0,1938801.0,1939864.0
2026-04-10 14:30:00,2977.0,2977.0,2974.0,2975.0,6506.0,1939864.0,1940235.0
2026-04-10 14:35:00,2975.0,2979.0,2973.0,2978.0,16419.0,1940235.0,1940045.0
2026-04-10 14:40:00,2978.0,2980.0,2978.0,2979.0,14236.0,1940045.0,1943250.0
2026-04-10 14:45:00,2979.0,2980.0,2977.0,2980.0,13463.0,1943250.0,1945832.0
2026-04-10 14:50:00,2980.0,2981.0,2978.0,2979.0,9592.0,1945832.0,1945445.0
2026-04-10 14:55:00,2979.0,2979.0,2975.0,2977.0,21227.0,1945445.0,1944718.0
2026-04-10 21:00:00,2981.0,2982.0,2973.0,2976.0,40918.0,1944718.0,1950192.0
2026-04-10 21:05:00,2976.0,2981.0,2975.0,2979.0,25775.0,1950192.0,1955197.0
2026-04-10 21:10:00,2979.0,2980.0,2977.0,2978.0,17690.0,1955197.0,1959273.0
2026-04-10 21:15:00,2978.0,2984.0,2978.0,2983.0,22766.0,1959273.0,1964215.0
2026-04-10 21:20:00,2983.0,2986.0,2981.0,2983.0,27524.0,1964215.0,1970455.0
2026-04-10 21:25:00,2983.0,2983.0,2980.0,2981.0,13935.0,1970455.0,1972650.0
2026-04-10 21:30:00,2981.0,2985.0,2980.0,2985.0,14722.0,1972650.0,1973742.0
2026-04-10 21:35:00,2985.0,2986.0,2982.0,2983.0,15242.0,1973742.0,1977018.0
2026-04-10 21:40:00,2983.0,2989.0,2982.0,2988.0,17076.0,1977018.0,1977673.0
2026-04-10 21:45:00,2988.0,2988.0,2985.0,2985.0,15223.0,1977673.0,1977177.0
2026-04-10 21:50:00,2985.0,2987.0,2982.0,2983.0,14768.0,1977177.0,1976634.0
2026-04-10 21:55:00,2983.0,2983.0,2975.0,2976.0,25139.0,1976634.0,1973012.0
2026-04-10 22:00:00,2976.0,2979.0,2971.0,2977.0,30220.0,1973012.0,1969892.0
2026-04-10 22:05:00,2977.0,2979.0,2977.0,2977.0,7339.0,1969892.0,1971032.0
2026-04-10 22:10:00,2977.0,2978.0,2976.0,2978.0,5335.0,1971032.0,1970488.0
2026-04-10 22:15:00,2978.0,2980.0,2977.0,2979.0,6601.0,1970488.0,1969741.0
2026-04-10 22:20:00,2979.0,2983.0,2979.0,2981.0,11334.0,1969741.0,1970668.0
2026-04-10 22:25:00,2981.0,2983.0,2981.0,2983.0,5375.0,1970668.0,1970728.0
2026-04-10 22:30:00,2983.0,2983.0,2979.0,2979.0,8209.0,1970728.0,1970211.0
2026-04-10 22:35:00,2979.0,2981.0,2978.0,2980.0,6815.0,1970211.0,1970295.0
2026-04-10 22:40:00,2980.0,2982.0,2979.0,2980.0,4219.0,1970295.0,1970434.0
2026-04-10 22:45:00,2980.0,2982.0,2979.0,2982.0,4915.0,1970434.0,1970876.0
2026-04-10 22:50:00,2982.0,2982.0,2980.0,2982.0,3765.0,1970876.0,1970202.0
2026-04-10 22:55:00,2982.0,2982.0,2980.0,2982.0,8065.0,1970202.0,1967472.0
2026-04-13 09:00:00,2990.0,2997.0,2985.0,2992.0,62415.0,1967472.0,1964291.0
2026-04-13 09:05:00,2992.0,2996.0,2991.0,2994.0,35563.0,1964291.0,1963923.0
2026-04-13 09:10:00,2994.0,2996.0,2990.0,2994.0,19252.0,1963923.0,1964169.0
2026-04-13 09:15:00,2994.0,2996.0,2992.0,2994.0,19759.0,1964169.0,1963606.0
2026-04-13 09:20:00,2994.0,2996.0,2992.0,2996.0,13167.0,1963606.0,1963198.0
2026-04-13 09:25:00,2996.0,2996.0,2992.0,2995.0,15073.0,1963198.0,1965914.0
2026-04-13 09:30:00,2995.0,2998.0,2991.0,2992.0,18352.0,1965914.0,1968049.0
2026-04-13 09:35:00,2992.0,2994.0,2989.0,2989.0,12400.0,1968049.0,1968064.0
2026-04-13 09:40:00,2989.0,2990.0,2985.0,2986.0,17921.0,1968064.0,1967801.0
2026-04-13 09:45:00,2986.0,2991.0,2986.0,2989.0,13167.0,1967801.0,1967139.0
2026-04-13 09:50:00,2989.0,2991.0,2988.0,2989.0,10497.0,1967139.0,1966556.0
2026-04-13 09:55:00,2989.0,2990.0,2985.0,2988.0,8698.0,1966556.0,1966298.0
2026-04-13 10:00:00,2988.0,2989.0,2985.0,2985.0,5435.0,1966298.0,1966810.0
2026-04-13 10:05:00,2985.0,2990.0,2985.0,2990.0,7479.0,1966810.0,1967100.0
2026-04-13 10:10:00,2990.0,2990.0,2987.0,2989.0,6054.0,1967100.0,1968071.0
2026-04-13 10:30:00,2989.0,2990.0,2986.0,2988.0,7914.0,1968071.0,1968454.0
2026-04-13 10:35:00,2988.0,2988.0,2984.0,2984.0,12297.0,1968454.0,1967626.0
2026-04-13 10:40:00,2984.0,2988.0,2983.0,2986.0,10948.0,1967626.0,1967947.0
2026-04-13 10:45:00,2986.0,2989.0,2986.0,2988.0,7227.0,1967947.0,1968193.0
2026-04-13 10:50:00,2988.0,2988.0,2983.0,2984.0,8280.0,1968193.0,1968954.0
2026-04-13 10:55:00,2984.0,2985.0,2982.0,2985.0,10423.0,1968954.0,1970077.0
2026-04-13 11:00:00,2985.0,2986.0,2983.0,2985.0,4449.0,1970077.0,1970080.0
2026-04-13 11:05:00,2985.0,2986.0,2983.0,2985.0,3906.0,1970080.0,1970382.0
2026-04-13 11:10:00,2985.0,2985.0,2983.0,2983.0,4544.0,1970382.0,1971830.0
2026-04-13 11:15:00,2983.0,2985.0,2980.0,2980.0,11619.0,1971830.0,1973934.0
2026-04-13 11:20:00,2980.0,2985.0,2980.0,2984.0,7120.0,1973934.0,1974089.0
2026-04-13 11:25:00,2984.0,2984.0,2982.0,2984.0,4945.0,1974089.0,1974158.0
2026-04-13 13:30:00,2983.0,2984.0,2978.0,2980.0,20004.0,1974158.0,1972845.0
2026-04-13 13:35:00,2980.0,2980.0,2976.0,2979.0,20707.0,1972845.0,1973294.0
2026-04-13 13:40:00,2979.0,2979.0,2975.0,2979.0,13590.0,1973294.0,1973670.0
2026-04-13 13:45:00,2979.0,2979.0,2975.0,2978.0,11922.0,1973670.0,1973626.0
2026-04-13 13:50:00,2978.0,2980.0,2976.0,2976.0,11169.0,1973626.0,1975982.0
2026-04-13 13:55:00,2976.0,2980.0,2976.0,2978.0,7342.0,1975982.0,1978062.0
2026-04-13 14:00:00,2978.0,2979.0,2975.0,2977.0,14341.0,1978062.0,1977685.0
2026-04-13 14:05:00,2977.0,2977.0,2974.0,2974.0,11556.0,1977685.0,1979587.0
2026-04-13 14:10:00,2974.0,2976.0,2972.0,2974.0,10501.0,1979587.0,1980932.0
2026-04-13 14:15:00,2974.0,2976.0,2973.0,2974.0,7270.0,1980932.0,1981561.0
2026-04-13 14:20:00,2974.0,2974.0,2971.0,2972.0,8567.0,1981561.0,1983176.0
2026-04-13 14:25:00,2972.0,2975.0,2972.0,2974.0,8409.0,1983176.0,1982514.0
2026-04-13 14:30:00,2974.0,2978.0,2974.0,2978.0,10717.0,1982514.0,1983593.0
2026-04-13 14:35:00,2978.0,2978.0,2977.0,2977.0,6091.0,1983593.0,1984696.0
2026-04-13 14:40:00,2977.0,2979.0,2977.0,2977.0,5102.0,1984696.0,1984898.0
2026-04-13 14:45:00,2977.0,2979.0,2977.0,2979.0,6753.0,1984898.0,1983768.0
2026-04-13 14:50:00,2979.0,2979.0,2977.0,2977.0,12627.0,1983768.0,1986009.0
2026-04-13 14:55:00,2977.0,2981.0,2976.0,2980.0,24470.0,1986009.0,1989260.0
2026-04-13 21:00:00,2984.0,2987.0,2981.0,2984.0,43048.0,1989260.0,1995125.0
2026-04-13 21:05:00,2984.0,2987.0,2983.0,2984.0,23445.0,1995125.0,1999649.0
2026-04-13 21:10:00,2984.0,2986.0,2983.0,2986.0,12510.0,1999649.0,1998250.0
2026-04-13 21:15:00,2986.0,2986.0,2983.0,2984.0,9393.0,1998250.0,1999457.0
2026-04-13 21:20:00,2984.0,2984.0,2979.0,2979.0,14656.0,1999457.0,2000812.0
2026-04-13 21:25:00,2979.0,2981.0,2979.0,2980.0,9421.0,2000812.0,2001714.0
2026-04-13 21:30:00,2980.0,2981.0,2976.0,2978.0,15655.0,2001714.0,2002137.0
2026-04-13 21:35:00,2978.0,2987.0,2978.0,2986.0,19713.0,2002137.0,2002192.0
2026-04-13 21:40:00,2986.0,2992.0,2986.0,2990.0,42393.0,2002192.0,2002774.0
2026-04-13 21:45:00,2990.0,2993.0,2988.0,2989.0,18166.0,2002774.0,2002201.0
2026-04-13 21:50:00,2989.0,2989.0,2986.0,2987.0,13966.0,2002201.0,2000989.0
2026-04-13 21:55:00,2987.0,2988.0,2986.0,2986.0,10635.0,2000989.0,2000635.0
2026-04-13 22:00:00,2986.0,2988.0,2984.0,2987.0,13098.0,2000635.0,2001474.0
2026-04-13 22:05:00,2987.0,2987.0,2984.0,2986.0,8910.0,2001474.0,2002515.0
2026-04-13 22:10:00,2986.0,2988.0,2984.0,2984.0,8197.0,2002515.0,2003650.0
2026-04-13 22:15:00,2984.0,2984.0,2980.0,2980.0,12420.0,2003650.0,2002295.0
2026-04-13 22:20:00,2980.0,2982.0,2979.0,2982.0,9896.0,2002295.0,2002350.0
2026-04-13 22:25:00,2982.0,2982.0,2980.0,2982.0,4218.0,2002350.0,2001758.0
2026-04-13 22:30:00,2982.0,2982.0,2979.0,2980.0,8489.0,2001758.0,2001535.0
2026-04-13 22:35:00,2980.0,2981.0,2977.0,2978.0,8738.0,2001535.0,2002757.0
2026-04-13 22:40:00,2978.0,2980.0,2978.0,2979.0,3780.0,2002757.0,2003273.0
2026-04-13 22:45:00,2979.0,2980.0,2978.0,2979.0,6552.0,2003273.0,2003144.0
2026-04-13 22:50:00,2979.0,2980.0,2978.0,2978.0,5963.0,2003144.0,2002797.0
2026-04-13 22:55:00,2978.0,2980.0,2978.0,2979.0,7927.0,2002797.0,1999719.0
2026-04-14 09:00:00,2977.0,2977.0,2972.0,2975.0,29475.0,1999719.0,2001652.0
2026-04-14 09:05:00,2975.0,2975.0,2965.0,2968.0,51829.0,2001652.0,2002779.0
2026-04-14 09:10:00,2968.0,2969.0,2958.0,2962.0,53825.0,2002779.0,2003419.0
2026-04-14 09:15:00,2962.0,2968.0,2961.0,2967.0,31915.0,2003419.0,2007421.0
2026-04-14 09:20:00,2967.0,2969.0,2965.0,2968.0,12019.0,2007421.0,2006497.0
2026-04-14 09:25:00,2968.0,2972.0,2966.0,2971.0,13951.0,2006497.0,2006764.0
2026-04-14 09:30:00,2971.0,2973.0,2969.0,2973.0,15220.0,2006764.0,2005765.0
2026-04-14 09:35:00,2973.0,2974.0,2972.0,2973.0,10221.0,2005765.0,2006457.0
2026-04-14 09:40:00,2973.0,2975.0,2972.0,2973.0,9133.0,2006457.0,2005661.0
2026-04-14 09:45:00,2973.0,2975.0,2973.0,2974.0,4772.0,2005661.0,2005473.0
2026-04-14 09:50:00,2974.0,2975.0,2973.0,2974.0,7649.0,2005473.0,2005225.0
2026-04-14 09:55:00,2974.0,2975.0,2970.0,2971.0,10101.0,2005225.0,2003587.0
2026-04-14 10:00:00,2971.0,2973.0,2969.0,2969.0,9365.0,2003587.0,2003738.0
2026-04-14 10:05:00,2969.0,2970.0,2967.0,2969.0,7174.0,2003738.0,2002949.0
2026-04-14 10:10:00,2969.0,2973.0,2969.0,2973.0,10215.0,2002949.0,2004018.0
2026-04-14 10:30:00,2973.0,2974.0,2971.0,2971.0,7761.0,2004018.0,2005120.0
2026-04-14 10:35:00,2971.0,2974.0,2971.0,2973.0,5920.0,2005120.0,2004541.0
2026-04-14 10:40:00,2973.0,2977.0,2972.0,2976.0,12538.0,2004541.0,2004630.0
2026-04-14 10:45:00,2976.0,2980.0,2975.0,2978.0,15376.0,2004630.0,2004257.0
2026-04-14 10:50:00,2978.0,2979.0,2976.0,2978.0,9547.0,2004257.0,2004547.0
2026-04-14 10:55:00,2978.0,2980.0,2978.0,2978.0,9039.0,2004547.0,2004959.0
2026-04-14 11:00:00,2978.0,2980.0,2978.0,2979.0,6441.0,2004959.0,2004823.0
2026-04-14 11:05:00,2979.0,2985.0,2978.0,2983.0,22450.0,2004823.0,2006143.0
2026-04-14 11:10:00,2983.0,2984.0,2979.0,2979.0,19610.0,2006143.0,2006954.0
2026-04-14 11:15:00,2979.0,2983.0,2979.0,2983.0,10438.0,2006954.0,2006419.0
2026-04-14 11:20:00,2983.0,2983.0,2980.0,2981.0,8757.0,2006419.0,2005220.0
2026-04-14 11:25:00,2981.0,2982.0,2980.0,2982.0,7239.0,2005220.0,2004344.0
2026-04-14 13:30:00,2982.0,2984.0,2981.0,2983.0,15613.0,2004344.0,2004923.0
2026-04-14 13:35:00,2983.0,2983.0,2980.0,2981.0,8881.0,2004923.0,2004037.0
2026-04-14 13:40:00,2981.0,2982.0,2979.0,2979.0,7810.0,2004037.0,2004462.0
2026-04-14 13:45:00,2979.0,2980.0,2976.0,2977.0,14104.0,2004462.0,2004834.0
2026-04-14 13:50:00,2977.0,2979.0,2977.0,2979.0,5757.0,2004834.0,2003993.0
2026-04-14 13:55:00,2979.0,2980.0,2978.0,2979.0,5296.0,2003993.0,2003015.0
2026-04-14 14:00:00,2979.0,2979.0,2974.0,2976.0,9926.0,2003015.0,2003540.0
2026-04-14 14:05:00,2976.0,2976.0,2972.0,2973.0,14087.0,2003540.0,2001831.0
2026-04-14 14:10:00,2973.0,2975.0,2972.0,2974.0,6966.0,2001831.0,2001683.0
2026-04-14 14:15:00,2974.0,2977.0,2974.0,2975.0,6796.0,2001683.0,2001591.0
2026-04-14 14:20:00,2975.0,2977.0,2975.0,2977.0,7000.0,2001591.0,2000142.0
2026-04-14 14:25:00,2977.0,2978.0,2975.0,2978.0,6439.0,2000142.0,1998940.0
2026-04-14 14:30:00,2978.0,2978.0,2976.0,2977.0,5986.0,1998940.0,1998902.0
2026-04-14 14:35:00,2977.0,2978.0,2973.0,2974.0,7458.0,1998902.0,1998913.0
2026-04-14 14:40:00,2974.0,2976.0,2972.0,2976.0,9063.0,1998913.0,1999122.0
2026-04-14 14:45:00,2976.0,2977.0,2975.0,2976.0,5156.0,1999122.0,1998129.0
2026-04-14 14:50:00,2976.0,2977.0,2974.0,2974.0,7445.0,1998129.0,1998872.0
2026-04-14 14:55:00,2974.0,2977.0,2974.0,2977.0,10887.0,1998872.0,1997226.0
2026-04-14 21:00:00,2981.0,2981.0,2976.0,2977.0,41624.0,1997226.0,2000754.0
2026-04-14 21:05:00,2977.0,2979.0,2975.0,2975.0,18646.0,2000754.0,2003169.0
2026-04-14 21:10:00,2975.0,2977.0,2974.0,2975.0,11563.0,2003169.0,2003962.0
2026-04-14 21:15:00,2975.0,2976.0,2971.0,2976.0,19342.0,2003962.0,2002298.0
2026-04-14 21:20:00,2976.0,2976.0,2972.0,2973.0,8987.0,2002298.0,2001746.0
2026-04-14 21:25:00,2973.0,2974.0,2971.0,2972.0,14124.0,2001746.0,2000894.0
2026-04-14 21:30:00,2972.0,2973.0,2970.0,2970.0,13613.0,2000894.0,2001047.0
2026-04-14 21:35:00,2970.0,2971.0,2968.0,2968.0,16987.0,2001047.0,2000854.0
2026-04-14 21:40:00,2968.0,2972.0,2967.0,2971.0,12132.0,2000854.0,2000806.0
2026-04-14 21:45:00,2971.0,2973.0,2971.0,2972.0,6885.0,2000806.0,2001134.0
2026-04-14 21:50:00,2972.0,2973.0,2969.0,2970.0,8207.0,2001134.0,2001321.0
2026-04-14 21:55:00,2970.0,2973.0,2970.0,2971.0,8559.0,2001321.0,2001111.0
2026-04-14 22:00:00,2971.0,2972.0,2968.0,2968.0,9779.0,2001111.0,2000986.0
2026-04-14 22:05:00,2968.0,2969.0,2966.0,2967.0,8518.0,2000986.0,2000655.0
2026-04-14 22:10:00,2967.0,2969.0,2966.0,2967.0,12789.0,2000655.0,1999870.0
2026-04-14 22:15:00,2967.0,2969.0,2966.0,2968.0,7786.0,1999870.0,1999441.0
2026-04-14 22:20:00,2968.0,2971.0,2968.0,2970.0,4945.0,1999441.0,1999320.0
2026-04-14 22:25:00,2970.0,2970.0,2968.0,2968.0,4563.0,1999320.0,1998947.0
2026-04-14 22:30:00,2968.0,2968.0,2967.0,2968.0,3311.0,1998947.0,1998890.0
2026-04-14 22:35:00,2968.0,2970.0,2967.0,2968.0,3335.0,1998890.0,1999116.0
2026-04-14 22:40:00,2968.0,2970.0,2967.0,2968.0,3025.0,1999116.0,1998561.0
2026-04-14 22:45:00,2968.0,2969.0,2967.0,2967.0,4292.0,1998561.0,1997796.0
2026-04-14 22:50:00,2967.0,2969.0,2966.0,2966.0,5135.0,1997796.0,1997214.0
2026-04-14 22:55:00,2966.0,2967.0,2965.0,2966.0,10167.0,1997214.0,1995985.0
2026-04-15 09:00:00,2962.0,2966.0,2961.0,2964.0,29328.0,1995985.0,1999539.0
2026-04-15 09:05:00,2964.0,2964.0,2959.0,2960.0,20993.0,1999539.0,2003885.0
2026-04-15 09:10:00,2960.0,2963.0,2959.0,2963.0,15135.0,2003885.0,2005915.0
2026-04-15 09:15:00,2963.0,2964.0,2961.0,2964.0,12818.0,2005915.0,2008138.0
2026-04-15 09:20:00,2964.0,2966.0,2962.0,2966.0,12032.0,2008138.0,2009755.0
2026-04-15 09:25:00,2966.0,2967.0,2964.0,2966.0,8343.0,2009755.0,2012021.0
2026-04-15 09:30:00,2966.0,2968.0,2965.0,2966.0,5553.0,2012021.0,2012359.0
2026-04-15 09:35:00,2966.0,2968.0,2965.0,2967.0,4983.0,2012359.0,2011659.0
2026-04-15 09:40:00,2967.0,2969.0,2966.0,2968.0,8575.0,2011659.0,2011906.0
2026-04-15 09:45:00,2968.0,2969.0,2967.0,2968.0,4593.0,2011906.0,2011884.0
2026-04-15 09:50:00,2968.0,2970.0,2966.0,2968.0,10928.0,2011884.0,2012343.0
2026-04-15 09:55:00,2968.0,2969.0,2967.0,2968.0,4201.0,2012343.0,2012149.0
2026-04-15 10:00:00,2968.0,2971.0,2968.0,2970.0,10217.0,2012149.0,2013456.0
2026-04-15 10:05:00,2970.0,2973.0,2970.0,2972.0,13417.0,2013456.0,2014154.0
2026-04-15 10:10:00,2972.0,2975.0,2970.0,2974.0,12247.0,2014154.0,2013810.0
2026-04-15 10:30:00,2974.0,2975.0,2971.0,2972.0,13854.0,2013810.0,2012990.0
2026-04-15 10:35:00,2972.0,2972.0,2970.0,2971.0,6255.0,2012990.0,2011705.0
2026-04-15 10:40:00,2971.0,2972.0,2970.0,2971.0,11013.0,2011705.0,2010906.0
2026-04-15 10:45:00,2971.0,2972.0,2969.0,2971.0,9718.0,2010906.0,2011882.0
2026-04-15 10:50:00,2971.0,2971.0,2969.0,2970.0,5331.0,2011882.0,2011646.0
2026-04-15 10:55:00,2970.0,2971.0,2969.0,2971.0,4358.0,2011646.0,2011945.0
2026-04-15 11:00:00,2971.0,2971.0,2969.0,2969.0,4993.0,2011945.0,2012367.0
2026-04-15 11:05:00,2969.0,2972.0,2968.0,2972.0,6701.0,2012367.0,2014328.0
2026-04-15 11:10:00,2972.0,2972.0,2969.0,2970.0,4553.0,2014328.0,2015106.0
2026-04-15 11:15:00,2970.0,2970.0,2967.0,2968.0,5041.0,2015106.0,2014822.0
2026-04-15 11:20:00,2968.0,2968.0,2965.0,2966.0,7834.0,2014822.0,2013663.0
2026-04-15 11:25:00,2966.0,2968.0,2965.0,2966.0,6761.0,2013663.0,2013457.0
2026-04-15 13:30:00,2966.0,2968.0,2966.0,2968.0,10439.0,2013457.0,2012780.0
2026-04-15 13:35:00,2968.0,2971.0,2967.0,2971.0,9045.0,2012780.0,2012372.0
2026-04-15 13:40:00,2971.0,2975.0,2970.0,2974.0,16127.0,2012372.0,2014634.0
2026-04-15 13:45:00,2974.0,2974.0,2970.0,2970.0,12007.0,2014634.0,2014816.0
2026-04-15 13:50:00,2970.0,2972.0,2968.0,2969.0,9480.0,2014816.0,2014302.0
2026-04-15 13:55:00,2969.0,2972.0,2968.0,2969.0,8071.0,2014302.0,2014333.0
2026-04-15 14:00:00,2969.0,2969.0,2966.0,2968.0,10267.0,2014333.0,2014375.0
2026-04-15 14:05:00,2968.0,2968.0,2965.0,2966.0,7012.0,2014375.0,2014610.0
2026-04-15 14:10:00,2966.0,2967.0,2964.0,2966.0,16157.0,2014610.0,2017955.0
2026-04-15 14:15:00,2966.0,2967.0,2964.0,2966.0,7230.0,2017955.0,2017909.0
2026-04-15 14:20:00,2966.0,2969.0,2966.0,2969.0,5390.0,2017909.0,2018853.0
2026-04-15 14:25:00,2969.0,2969.0,2967.0,2969.0,8642.0,2018853.0,2019297.0
2026-04-15 14:30:00,2969.0,2975.0,2968.0,2974.0,20687.0,2019297.0,2023077.0
2026-04-15 14:35:00,2974.0,2977.0,2973.0,2974.0,24010.0,2023077.0,2025579.0
2026-04-15 14:40:00,2974.0,2977.0,2974.0,2976.0,17401.0,2025579.0,2027514.0
2026-04-15 14:45:00,2976.0,2978.0,2974.0,2977.0,19628.0,2027514.0,2030805.0
2026-04-15 14:50:00,2977.0,2978.0,2975.0,2977.0,14413.0,2030805.0,2029775.0
2026-04-15 14:55:00,2977.0,2977.0,2975.0,2977.0,17756.0,2029775.0,2025559.0
2026-04-15 21:00:00,2981.0,2981.0,2975.0,2976.0,40873.0,2025559.0,2025546.0
2026-04-15 21:05:00,2976.0,2978.0,2975.0,2975.0,19991.0,2025546.0,2025682.0
2026-04-15 21:10:00,2975.0,2976.0,2974.0,2976.0,9549.0,2025682.0,2025338.0
2026-04-15 21:15:00,2976.0,2977.0,2974.0,2975.0,10344.0,2025338.0,2026506.0
2026-04-15 21:20:00,2975.0,2976.0,2973.0,2973.0,13731.0,2026506.0,2027563.0
2026-04-15 21:25:00,2973.0,2975.0,2972.0,2975.0,10972.0,2027563.0,2030427.0
2026-04-15 21:30:00,2975.0,2977.0,2973.0,2976.0,12593.0,2030427.0,2031046.0
2026-04-15 21:35:00,2976.0,2976.0,2974.0,2975.0,6742.0,2031046.0,2032534.0
2026-04-15 21:40:00,2975.0,2976.0,2973.0,2974.0,6911.0,2032534.0,2034035.0
2026-04-15 21:45:00,2974.0,2978.0,2973.0,2973.0,12299.0,2034035.0,2034135.0
2026-04-15 21:50:00,2973.0,2975.0,2970.0,2971.0,15994.0,2034135.0,2035645.0
2026-04-15 21:55:00,2971.0,2975.0,2971.0,2971.0,6690.0,2035645.0,2036042.0
2026-04-15 22:00:00,2971.0,2973.0,2971.0,2973.0,5224.0,2036042.0,2035926.0
2026-04-15 22:05:00,2973.0,2974.0,2972.0,2972.0,8928.0,2035926.0,2036763.0
2026-04-15 22:10:00,2972.0,2974.0,2971.0,2972.0,4454.0,2036763.0,2036854.0
2026-04-15 22:15:00,2972.0,2973.0,2971.0,2972.0,4717.0,2036854.0,2036102.0
2026-04-15 22:20:00,2972.0,2974.0,2970.0,2971.0,10068.0,2036102.0,2035200.0
2026-04-15 22:25:00,2971.0,2973.0,2971.0,2971.0,2504.0,2035200.0,2035067.0
2026-04-15 22:30:00,2971.0,2975.0,2971.0,2974.0,9165.0,2035067.0,2034807.0
2026-04-15 22:35:00,2974.0,2975.0,2973.0,2974.0,4664.0,2034807.0,2035402.0
2026-04-15 22:40:00,2974.0,2976.0,2972.0,2973.0,8415.0,2035402.0,2037390.0
2026-04-15 22:45:00,2973.0,2976.0,2972.0,2976.0,6261.0,2037390.0,2037417.0
2026-04-15 22:50:00,2976.0,2978.0,2975.0,2976.0,11971.0,2037417.0,2040408.0
2026-04-15 22:55:00,2976.0,2976.0,2974.0,2975.0,8941.0,2040408.0,2038926.0
2026-04-16 09:00:00,2975.0,2976.0,2972.0,2974.0,18728.0,2038926.0,2039022.0
2026-04-16 09:05:00,2974.0,2979.0,2973.0,2977.0,14922.0,2039022.0,2041383.0
2026-04-16 09:10:00,2977.0,2984.0,2976.0,2982.0,40608.0,2041383.0,2051238.0
2026-04-16 09:15:00,2982.0,2986.0,2982.0,2986.0,25346.0,2051238.0,2058229.0
2026-04-16 09:20:00,2986.0,2988.0,2982.0,2982.0,28161.0,2058229.0,2063797.0
2026-04-16 09:25:00,2982.0,2986.0,2980.0,2986.0,24911.0,2063797.0,2071114.0
2026-04-16 09:30:00,2986.0,2987.0,2985.0,2987.0,11576.0,2071114.0,2073278.0
2026-04-16 09:35:00,2987.0,2988.0,2985.0,2987.0,12100.0,2073278.0,2076771.0
2026-04-16 09:40:00,2987.0,2987.0,2985.0,2986.0,7967.0,2076771.0,2077609.0
2026-04-16 09:45:00,2986.0,2987.0,2984.0,2984.0,12362.0,2077609.0,2077772.0
2026-04-16 09:50:00,2984.0,2987.0,2984.0,2986.0,6403.0,2077772.0,2078841.0
2026-04-16 09:55:00,2986.0,2987.0,2985.0,2986.0,6923.0,2078841.0,2079349.0
2026-04-16 10:00:00,2986.0,2987.0,2984.0,2985.0,8965.0,2079349.0,2081455.0
2026-04-16 10:05:00,2985.0,2985.0,2982.0,2982.0,7556.0,2081455.0,2080457.0
2026-04-16 10:10:00,2982.0,2984.0,2981.0,2984.0,6810.0,2080457.0,2080962.0
2026-04-16 10:30:00,2984.0,2985.0,2982.0,2983.0,5888.0,2080962.0,2081106.0
2026-04-16 10:35:00,2983.0,2984.0,2981.0,2983.0,5111.0,2081106.0,2081261.0
2026-04-16 10:40:00,2983.0,2984.0,2982.0,2983.0,9683.0,2081261.0,2083151.0
2026-04-16 10:45:00,2983.0,2986.0,2982.0,2986.0,8894.0,2083151.0,2083070.0
2026-04-16 10:50:00,2986.0,2989.0,2985.0,2988.0,14952.0,2083070.0,2086462.0
2026-04-16 10:55:00,2988.0,2988.0,2985.0,2987.0,7605.0,2086462.0,2088485.0
2026-04-16 11:00:00,2987.0,2988.0,2986.0,2988.0,5675.0,2088485.0,2089433.0
2026-04-16 11:05:00,2988.0,2988.0,2985.0,2987.0,3619.0,2089433.0,2089710.0
2026-04-16 11:10:00,2987.0,2987.0,2985.0,2987.0,5357.0,2089710.0,2090529.0
2026-04-16 11:15:00,2987.0,2987.0,2984.0,2986.0,3416.0,2090529.0,2090171.0
2026-04-16 11:20:00,2986.0,2986.0,2982.0,2984.0,7727.0,2090171.0,2088897.0
2026-04-16 11:25:00,2984.0,2985.0,2982.0,2985.0,5536.0,2088897.0,2088346.0
2026-04-16 13:30:00,2983.0,2984.0,2981.0,2981.0,11744.0,2088346.0,2088576.0
2026-04-16 13:35:00,2981.0,2985.0,2981.0,2984.0,5953.0,2088576.0,2088988.0
2026-04-16 13:40:00,2984.0,2985.0,2983.0,2983.0,5070.0,2088988.0,2089201.0
2026-04-16 13:45:00,2983.0,2984.0,2982.0,2982.0,5414.0,2089201.0,2088882.0
2026-04-16 13:50:00,2982.0,2983.0,2980.0,2980.0,10439.0,2088882.0,2088627.0
2026-04-16 13:55:00,2980.0,2981.0,2978.0,2980.0,13480.0,2088627.0,2088679.0
2026-04-16 14:00:00,2980.0,2980.0,2978.0,2979.0,7046.0,2088679.0,2090742.0
2026-04-16 14:05:00,2979.0,2981.0,2978.0,2981.0,10170.0,2090742.0,2090280.0
2026-04-16 14:10:00,2981.0,2985.0,2980.0,2985.0,12699.0,2090280.0,2092097.0
2026-04-16 14:15:00,2985.0,2987.0,2983.0,2984.0,19196.0,2092097.0,2096374.0
2026-04-16 14:20:00,2984.0,2986.0,2983.0,2986.0,11225.0,2096374.0,2098360.0
2026-04-16 14:25:00,2986.0,2988.0,2985.0,2988.0,12034.0,2098360.0,2101069.0
2026-04-16 14:30:00,2988.0,2988.0,2986.0,2986.0,10031.0,2101069.0,2103226.0
2026-04-16 14:35:00,2986.0,2987.0,2985.0,2985.0,6399.0,2103226.0,2103293.0
2026-04-16 14:40:00,2985.0,2987.0,2985.0,2987.0,5078.0,2103293.0,2104225.0
2026-04-16 14:45:00,2987.0,2995.0,2986.0,2993.0,38407.0,2104225.0,2113041.0
2026-04-16 14:50:00,2993.0,2993.0,2989.0,2991.0,19320.0,2113041.0,2114752.0
2026-04-16 14:55:00,2991.0,2992.0,2990.0,2991.0,17984.0,2114752.0,2114195.0
2026-04-16 21:00:00,2985.0,2988.0,2982.0,2988.0,53614.0,2114195.0,2121051.0
2026-04-16 21:05:00,2988.0,2989.0,2987.0,2987.0,18113.0,2121051.0,2126330.0
2026-04-16 21:10:00,2987.0,2988.0,2985.0,2986.0,11645.0,2126330.0,2128878.0
2026-04-16 21:15:00,2986.0,2986.0,2982.0,2984.0,22037.0,2128878.0,2127015.0
2026-04-16 21:20:00,2984.0,2985.0,2982.0,2984.0,9297.0,2127015.0,2126024.0
2026-04-16 21:25:00,2984.0,2985.0,2982.0,2983.0,6907.0,2126024.0,2125853.0
2026-04-16 21:30:00,2983.0,2984.0,2975.0,2977.0,40775.0,2125853.0,2122098.0
2026-04-16 21:35:00,2977.0,2979.0,2976.0,2977.0,16669.0,2122098.0,2122568.0
2026-04-16 21:40:00,2977.0,2981.0,2976.0,2981.0,11508.0,2122568.0,2122939.0
2026-04-16 21:45:00,2981.0,2981.0,2978.0,2980.0,8172.0,2122939.0,2124361.0
2026-04-16 21:50:00,2980.0,2982.0,2979.0,2981.0,7659.0,2124361.0,2123645.0
2026-04-16 21:55:00,2981.0,2982.0,2980.0,2981.0,3797.0,2123645.0,2123256.0
2026-04-16 22:00:00,2981.0,2982.0,2978.0,2980.0,7275.0,2123256.0,2123883.0
2026-04-16 22:05:00,2980.0,2982.0,2978.0,2978.0,12745.0,2123883.0,2124318.0
2026-04-16 22:10:00,2978.0,2978.0,2974.0,2976.0,24063.0,2124318.0,2126932.0
2026-04-16 22:15:00,2976.0,2978.0,2976.0,2977.0,5503.0,2126932.0,2127133.0
2026-04-16 22:20:00,2977.0,2978.0,2975.0,2976.0,6575.0,2127133.0,2127314.0
2026-04-16 22:25:00,2976.0,2978.0,2976.0,2977.0,3349.0,2127314.0,2126445.0
2026-04-16 22:30:00,2977.0,2980.0,2977.0,2980.0,4469.0,2126445.0,2126349.0
2026-04-16 22:35:00,2980.0,2981.0,2979.0,2979.0,5052.0,2126349.0,2126757.0
2026-04-16 22:40:00,2979.0,2980.0,2979.0,2979.0,2459.0,2126757.0,2127153.0
2026-04-16 22:45:00,2979.0,2980.0,2977.0,2978.0,6508.0,2127153.0,2126030.0
2026-04-16 22:50:00,2978.0,2980.0,2977.0,2980.0,3499.0,2126030.0,2124812.0
2026-04-16 22:55:00,2980.0,2980.0,2977.0,2978.0,10329.0,2124812.0,2121798.0
2026-04-17 09:00:00,2976.0,2980.0,2975.0,2975.0,18181.0,2121798.0,2121089.0
2026-04-17 09:05:00,2975.0,2978.0,2975.0,2976.0,14308.0,2121089.0,2123108.0
2026-04-17 09:10:00,2976.0,2978.0,2974.0,2976.0,8646.0,2123108.0,2122341.0
2026-04-17 09:15:00,2976.0,2977.0,2971.0,2975.0,24304.0,2122341.0,2119549.0
2026-04-17 09:20:00,2975.0,2976.0,2973.0,2973.0,8724.0,2119549.0,2121917.0
2026-04-17 09:25:00,2973.0,2975.0,2972.0,2973.0,8657.0,2121917.0,2123316.0
2026-04-17 09:30:00,2973.0,2974.0,2972.0,2973.0,11022.0,2123316.0,2122140.0
2026-04-17 09:35:00,2973.0,2973.0,2969.0,2970.0,23814.0,2122140.0,2121328.0
2026-04-17 09:40:00,2970.0,2971.0,2967.0,2969.0,24654.0,2121328.0,2119700.0
2026-04-17 09:45:00,2969.0,2971.0,2967.0,2970.0,15627.0,2119700.0,2122079.0
2026-04-17 09:50:00,2970.0,2971.0,2968.0,2971.0,7155.0,2122079.0,2123235.0
2026-04-17 09:55:00,2971.0,2972.0,2968.0,2969.0,9663.0,2123235.0,2125275.0
2026-04-17 10:00:00,2969.0,2970.0,2965.0,2967.0,25012.0,2125275.0,2128536.0
2026-04-17 10:05:00,2967.0,2967.0,2965.0,2965.0,12836.0,2128536.0,2131121.0
2026-04-17 10:10:00,2965.0,2967.0,2963.0,2967.0,22023.0,2131121.0,2132802.0
2026-04-17 10:30:00,2966.0,2968.0,2965.0,2967.0,15460.0,2132802.0,2132939.0
2026-04-17 10:35:00,2967.0,2967.0,2962.0,2965.0,14912.0,2132939.0,2136128.0
2026-04-17 10:40:00,2965.0,2966.0,2964.0,2965.0,12007.0,2136128.0,2136657.0
2026-04-17 10:45:00,2965.0,2966.0,2963.0,2964.0,8170.0,2136657.0,2137707.0
2026-04-17 10:50:00,2964.0,2967.0,2963.0,2964.0,8609.0,2137707.0,2137700.0
2026-04-17 10:55:00,2964.0,2965.0,2960.0,2962.0,19754.0,2137700.0,2141011.0
2026-04-17 11:00:00,2962.0,2963.0,2961.0,2962.0,7402.0,2141011.0,2141243.0
2026-04-17 11:05:00,2962.0,2963.0,2960.0,2963.0,11260.0,2141243.0,2143214.0
2026-04-17 11:10:00,2963.0,2963.0,2961.0,2963.0,11232.0,2143214.0,2144824.0
2026-04-17 11:15:00,2963.0,2963.0,2961.0,2962.0,5562.0,2144824.0,2145030.0
2026-04-17 11:20:00,2962.0,2964.0,2961.0,2964.0,5668.0,2145030.0,2146715.0
2026-04-17 11:25:00,2964.0,2967.0,2963.0,2965.0,9629.0,2146715.0,2147209.0
2026-04-17 13:30:00,2966.0,2966.0,2963.0,2965.0,11096.0,2147209.0,2147381.0
2026-04-17 13:35:00,2965.0,2966.0,2963.0,2965.0,7654.0,2147381.0,2149859.0
2026-04-17 13:40:00,2965.0,2967.0,2965.0,2965.0,7453.0,2149859.0,2149674.0
2026-04-17 13:45:00,2965.0,2967.0,2965.0,2965.0,7662.0,2149674.0,2149397.0
2026-04-17 13:50:00,2965.0,2967.0,2964.0,2967.0,4964.0,2149397.0,2148485.0
2026-04-17 13:55:00,2967.0,2970.0,2966.0,2968.0,13568.0,2148485.0,2148890.0
2026-04-17 14:00:00,2968.0,2969.0,2967.0,2968.0,7509.0,2148890.0,2150106.0
2026-04-17 14:05:00,2968.0,2969.0,2965.0,2965.0,8927.0,2150106.0,2152525.0
2026-04-17 14:10:00,2965.0,2966.0,2963.0,2964.0,9959.0,2152525.0,2152163.0
2026-04-17 14:15:00,2964.0,2965.0,2962.0,2962.0,7078.0,2152163.0,2154257.0
2026-04-17 14:20:00,2962.0,2964.0,2961.0,2963.0,9565.0,2154257.0,2156379.0
2026-04-17 14:25:00,2963.0,2964.0,2962.0,2963.0,8145.0,2156379.0,2159461.0
2026-04-17 14:30:00,2963.0,2963.0,2960.0,2961.0,12161.0,2159461.0,2160012.0
2026-04-17 14:35:00,2961.0,2962.0,2955.0,2958.0,41138.0,2160012.0,2164705.0
2026-04-17 14:40:00,2958.0,2961.0,2956.0,2959.0,23545.0,2164705.0,2166239.0
2026-04-17 14:45:00,2959.0,2960.0,2958.0,2959.0,14900.0,2166239.0,2167361.0
2026-04-17 14:50:00,2959.0,2960.0,2958.0,2959.0,12444.0,2167361.0,2168022.0
2026-04-17 14:55:00,2959.0,2959.0,2956.0,2958.0,28116.0,2168022.0,2162653.0
2026-04-17 21:00:00,2956.0,2957.0,2948.0,2953.0,77057.0,2162653.0,2163697.0
2026-04-17 21:05:00,2953.0,2955.0,2946.0,2946.0,40198.0,2163697.0,2171809.0
2026-04-17 21:10:00,2946.0,2947.0,2944.0,2946.0,38778.0,2171809.0,2175814.0
2026-04-17 21:15:00,2946.0,2948.0,2944.0,2944.0,26274.0,2175814.0,2179046.0
2026-04-17 21:20:00,2944.0,2947.0,2933.0,2934.0,65177.0,2179046.0,2180905.0
2026-04-17 21:25:00,2934.0,2940.0,2933.0,2935.0,34285.0,2180905.0,2180470.0
2026-04-17 21:30:00,2935.0,2938.0,2933.0,2936.0,29902.0,2180470.0,2184437.0
2026-04-17 21:35:00,2936.0,2943.0,2935.0,2942.0,24130.0,2184437.0,2185843.0
2026-04-17 21:40:00,2942.0,2944.0,2941.0,2941.0,16097.0,2185843.0,2186994.0
2026-04-17 21:45:00,2941.0,2946.0,2941.0,2944.0,19086.0,2186994.0,2185719.0
2026-04-17 21:50:00,2944.0,2949.0,2944.0,2948.0,14844.0,2185719.0,2185186.0
2026-04-17 21:55:00,2948.0,2950.0,2946.0,2948.0,16538.0,2185186.0,2186627.0
2026-04-17 22:00:00,2948.0,2948.0,2945.0,2948.0,8451.0,2186627.0,2187194.0
2026-04-17 22:05:00,2948.0,2948.0,2944.0,2945.0,6819.0,2187194.0,2187389.0
2026-04-17 22:10:00,2945.0,2949.0,2945.0,2947.0,10209.0,2187389.0,2186775.0
2026-04-17 22:15:00,2947.0,2947.0,2944.0,2944.0,4055.0,2186775.0,2187373.0
2026-04-17 22:20:00,2944.0,2947.0,2944.0,2946.0,5400.0,2187373.0,2186640.0
2026-04-17 22:25:00,2946.0,2949.0,2945.0,2949.0,5150.0,2186640.0,2186732.0
2026-04-17 22:30:00,2949.0,2950.0,2947.0,2948.0,7418.0,2186732.0,2186255.0
2026-04-17 22:35:00,2948.0,2948.0,2945.0,2946.0,5434.0,2186255.0,2186452.0
2026-04-17 22:40:00,2946.0,2947.0,2945.0,2947.0,4373.0,2186452.0,2186030.0
2026-04-17 22:45:00,2947.0,2947.0,2946.0,2947.0,1536.0,2186030.0,2185864.0
2026-04-17 22:50:00,2947.0,2950.0,2946.0,2949.0,11790.0,2185864.0,2182983.0
2026-04-17 22:55:00,2949.0,2953.0,2949.0,2950.0,25547.0,2182983.0,2177684.0
2026-04-20 09:00:00,2951.0,2963.0,2951.0,2960.0,72650.0,2177684.0,2174767.0
2026-04-20 09:05:00,2960.0,2962.0,2957.0,2961.0,24977.0,2174767.0,2177000.0
2026-04-20 09:10:00,2961.0,2963.0,2960.0,2963.0,15452.0,2177000.0,2177533.0
2026-04-20 09:15:00,2963.0,2965.0,2960.0,2961.0,22198.0,2177533.0,2179528.0
2026-04-20 09:20:00,2961.0,2966.0,2961.0,2965.0,20408.0,2179528.0,2179560.0
2026-04-20 09:25:00,2965.0,2969.0,2963.0,2965.0,23951.0,2179560.0,2178745.0
2026-04-20 09:30:00,2965.0,2966.0,2962.0,2962.0,18128.0,2178745.0,2180913.0
2026-04-20 09:35:00,2962.0,2964.0,2961.0,2962.0,9517.0,2180913.0,2181649.0
2026-04-20 09:40:00,2962.0,2964.0,2961.0,2963.0,6943.0,2181649.0,2182583.0
2026-04-20 09:45:00,2963.0,2966.0,2963.0,2965.0,11245.0,2182583.0,2184132.0
2026-04-20 09:50:00,2965.0,2966.0,2962.0,2962.0,7004.0,2184132.0,2184756.0
2026-04-20 09:55:00,2962.0,2965.0,2962.0,2965.0,4460.0,2184756.0,2185332.0
2026-04-20 10:00:00,2965.0,2968.0,2964.0,2966.0,17687.0,2185332.0,2186929.0
2026-04-20 10:05:00,2966.0,2969.0,2966.0,2969.0,12766.0,2186929.0,2188477.0
2026-04-20 10:10:00,2969.0,2970.0,2968.0,2969.0,16579.0,2188477.0,2188575.0
2026-04-20 10:30:00,2970.0,2971.0,2967.0,2968.0,20731.0,2188575.0,2190155.0
2026-04-20 10:35:00,2968.0,2970.0,2967.0,2970.0,11924.0,2190155.0,2192885.0
2026-04-20 10:40:00,2970.0,2970.0,2967.0,2968.0,6507.0,2192885.0,2193993.0
2026-04-20 10:45:00,2968.0,2969.0,2967.0,2967.0,5668.0,2193993.0,2194596.0
2026-04-20 10:50:00,2967.0,2969.0,2967.0,2967.0,5762.0,2194596.0,2194829.0
2026-04-20 10:55:00,2967.0,2968.0,2966.0,2968.0,8824.0,2194829.0,2196364.0
2026-04-20 11:00:00,2968.0,2969.0,2966.0,2967.0,4177.0,2196364.0,2196553.0
2026-04-20 11:05:00,2967.0,2967.0,2965.0,2965.0,6317.0,2196553.0,2196408.0
2026-04-20 11:10:00,2965.0,2967.0,2965.0,2966.0,7415.0,2196408.0,2196463.0
2026-04-20 11:15:00,2966.0,2966.0,2963.0,2965.0,6723.0,2196463.0,2196894.0
2026-04-20 11:20:00,2965.0,2966.0,2963.0,2966.0,6581.0,2196894.0,2198081.0
2026-04-20 11:25:00,2966.0,2966.0,2964.0,2966.0,7553.0,2198081.0,2198086.0
2026-04-20 13:30:00,2966.0,2968.0,2965.0,2967.0,12056.0,2198086.0,2198744.0
2026-04-20 13:35:00,2967.0,2970.0,2967.0,2970.0,12386.0,2198744.0,2201613.0
2026-04-20 13:40:00,2970.0,2975.0,2968.0,2974.0,25433.0,2201613.0,2200993.0
2026-04-20 13:45:00,2974.0,2976.0,2972.0,2973.0,20117.0,2200993.0,2204028.0
2026-04-20 13:50:00,2973.0,2976.0,2972.0,2975.0,16823.0,2204028.0,2204084.0
2026-04-20 13:55:00,2975.0,2978.0,2973.0,2974.0,21757.0,2204084.0,2207880.0
2026-04-20 14:00:00,2974.0,2975.0,2972.0,2973.0,10069.0,2207880.0,2208725.0
2026-04-20 14:05:00,2973.0,2975.0,2972.0,2972.0,8848.0,2208725.0,2209198.0
2026-04-20 14:10:00,2972.0,2974.0,2972.0,2973.0,8936.0,2209198.0,2209202.0
2026-04-20 14:15:00,2973.0,2974.0,2972.0,2972.0,4926.0,2209202.0,2209364.0
2026-04-20 14:20:00,2972.0,2975.0,2972.0,2974.0,6889.0,2209364.0,2209367.0
2026-04-20 14:25:00,2974.0,2974.0,2972.0,2974.0,5185.0,2209367.0,2208187.0
2026-04-20 14:30:00,2974.0,2974.0,2970.0,2971.0,10597.0,2208187.0,2208541.0
2026-04-20 14:35:00,2971.0,2972.0,2968.0,2968.0,11144.0,2208541.0,2207005.0
2026-04-20 14:40:00,2968.0,2969.0,2968.0,2969.0,4457.0,2207005.0,2206921.0
2026-04-20 14:45:00,2969.0,2970.0,2968.0,2968.0,7513.0,2206921.0,2207292.0
2026-04-20 14:50:00,2968.0,2969.0,2966.0,2967.0,11285.0,2207292.0,2204533.0
2026-04-20 14:55:00,2967.0,2970.0,2967.0,2967.0,20933.0,2204533.0,2204519.0
2026-04-20 21:00:00,2967.0,2969.0,2965.0,2965.0,45738.0,2204519.0,2207299.0
2026-04-20 21:05:00,2965.0,2967.0,2964.0,2966.0,21453.0,2207299.0,2209596.0
2026-04-20 21:10:00,2966.0,2970.0,2964.0,2968.0,23088.0,2209596.0,2212666.0
2026-04-20 21:15:00,2968.0,2972.0,2968.0,2971.0,13847.0,2212666.0,2217244.0
2026-04-20 21:20:00,2971.0,2971.0,2969.0,2969.0,10247.0,2217244.0,2218685.0
2026-04-20 21:25:00,2969.0,2970.0,2968.0,2968.0,6950.0,2218685.0,2220659.0
2026-04-20 21:30:00,2968.0,2969.0,2965.0,2966.0,14077.0,2220659.0,2221129.0
2026-04-20 21:35:00,2966.0,2969.0,2965.0,2968.0,9524.0,2221129.0,2222054.0
2026-04-20 21:40:00,2968.0,2970.0,2968.0,2969.0,11098.0,2222054.0,2224169.0
2026-04-20 21:45:00,2969.0,2970.0,2967.0,2967.0,5821.0,2224169.0,2223190.0
2026-04-20 21:50:00,2967.0,2970.0,2966.0,2967.0,9444.0,2223190.0,2224750.0
2026-04-20 21:55:00,2967.0,2969.0,2966.0,2968.0,9344.0,2224750.0,2226410.0
2026-04-20 22:00:00,2968.0,2969.0,2967.0,2967.0,3080.0,2226410.0,2226196.0
2026-04-20 22:05:00,2967.0,2970.0,2966.0,2967.0,8515.0,2226196.0,2224969.0
2026-04-20 22:10:00,2967.0,2969.0,2964.0,2965.0,9906.0,2224969.0,2225303.0
2026-04-20 22:15:00,2965.0,2967.0,2965.0,2965.0,5220.0,2225303.0,2225306.0
2026-04-20 22:20:00,2965.0,2968.0,2965.0,2967.0,4926.0,2225306.0,2225611.0
2026-04-20 22:25:00,2967.0,2969.0,2966.0,2966.0,10017.0,2225611.0,2225904.0
2026-04-20 22:30:00,2966.0,2967.0,2965.0,2965.0,10532.0,2225904.0,2225765.0
2026-04-20 22:35:00,2965.0,2968.0,2965.0,2967.0,4723.0,2225765.0,2225643.0
2026-04-20 22:40:00,2967.0,2969.0,2967.0,2969.0,5779.0,2225643.0,2225564.0
2026-04-20 22:45:00,2969.0,2969.0,2967.0,2969.0,6734.0,2225564.0,2225623.0
2026-04-20 22:50:00,2969.0,2970.0,2966.0,2966.0,7886.0,2225623.0,2226882.0
2026-04-20 22:55:00,2966.0,2968.0,2966.0,2966.0,9295.0,2226882.0,2223687.0
2026-04-21 09:00:00,2967.0,2975.0,2966.0,2974.0,38099.0,2223687.0,2228568.0
2026-04-21 09:05:00,2974.0,2980.0,2972.0,2978.0,39936.0,2228568.0,2229176.0
2026-04-21 09:10:00,2978.0,2979.0,2976.0,2977.0,17292.0,2229176.0,2230625.0
2026-04-21 09:15:00,2977.0,2978.0,2976.0,2977.0,14288.0,2230625.0,2229869.0
2026-04-21 09:20:00,2977.0,2979.0,2974.0,2979.0,22583.0,2229869.0,2231096.0
2026-04-21 09:25:00,2979.0,2980.0,2977.0,2979.0,12811.0,2231096.0,2232337.0
2026-04-21 09:30:00,2979.0,2982.0,2978.0,2978.0,30408.0,2232337.0,2237671.0
2026-04-21 09:35:00,2978.0,2979.0,2976.0,2976.0,8570.0,2237671.0,2237881.0
2026-04-21 09:40:00,2976.0,2977.0,2975.0,2976.0,8730.0,2237881.0,2236109.0
2026-04-21 09:45:00,2976.0,2978.0,2975.0,2976.0,7215.0,2236109.0,2235494.0
2026-04-21 09:50:00,2976.0,2977.0,2971.0,2973.0,18785.0,2235494.0,2233849.0
2026-04-21 09:55:00,2973.0,2974.0,2972.0,2973.0,6876.0,2233849.0,2234677.0
2026-04-21 10:00:00,2973.0,2974.0,2971.0,2972.0,11269.0,2234677.0,2235405.0
2026-04-21 10:05:00,2972.0,2974.0,2971.0,2971.0,11646.0,2235405.0,2238483.0
2026-04-21 10:10:00,2971.0,2973.0,2971.0,2973.0,14826.0,2238483.0,2239280.0
2026-04-21 10:30:00,2973.0,2973.0,2969.0,2971.0,14299.0,2239280.0,2238885.0
2026-04-21 10:35:00,2971.0,2971.0,2966.0,2968.0,16786.0,2238885.0,2237076.0
2026-04-21 10:40:00,2968.0,2969.0,2966.0,2966.0,8459.0,2237076.0,2237137.0
2026-04-21 10:45:00,2966.0,2971.0,2966.0,2971.0,13004.0,2237137.0,2237177.0
2026-04-21 10:50:00,2971.0,2971.0,2968.0,2970.0,6392.0,2237177.0,2237663.0
2026-04-21 10:55:00,2970.0,2972.0,2969.0,2972.0,7656.0,2237663.0,2238644.0
2026-04-21 11:00:00,2972.0,2972.0,2967.0,2968.0,9895.0,2238644.0,2239968.0
2026-04-21 11:05:00,2968.0,2969.0,2967.0,2968.0,4792.0,2239968.0,2239229.0
2026-04-21 11:10:00,2968.0,2968.0,2965.0,2967.0,14261.0,2239229.0,2240073.0
2026-04-21 11:15:00,2967.0,2967.0,2964.0,2966.0,13346.0,2240073.0,2241420.0
2026-04-21 11:20:00,2966.0,2966.0,2964.0,2965.0,9566.0,2241420.0,2242270.0
2026-04-21 11:25:00,2965.0,2966.0,2964.0,2966.0,9538.0,2242270.0,2242759.0
2026-04-21 13:30:00,2966.0,2969.0,2964.0,2969.0,14463.0,2242759.0,2242205.0
2026-04-21 13:35:00,2969.0,2970.0,2968.0,2970.0,11235.0,2242205.0,2239874.0
2026-04-21 13:40:00,2970.0,2972.0,2968.0,2971.0,12750.0,2239874.0,2242447.0
2026-04-21 13:45:00,2971.0,2976.0,2971.0,2975.0,21155.0,2242447.0,2246233.0
2026-04-21 13:50:00,2975.0,2979.0,2975.0,2978.0,18307.0,2246233.0,2248116.0
2026-04-21 13:55:00,2978.0,2981.0,2978.0,2979.0,27838.0,2248116.0,2254687.0
2026-04-21 14:00:00,2979.0,2980.0,2974.0,2975.0,28508.0,2254687.0,2261416.0
2026-04-21 14:05:00,2975.0,2976.0,2973.0,2974.0,11863.0,2261416.0,2261298.0
2026-04-21 14:10:00,2974.0,2974.0,2971.0,2971.0,17578.0,2261298.0,2262130.0
2026-04-21 14:15:00,2971.0,2973.0,2970.0,2971.0,12263.0,2262130.0,2262287.0
2026-04-21 14:20:00,2971.0,2972.0,2970.0,2971.0,9632.0,2262287.0,2264069.0
2026-04-21 14:25:00,2971.0,2973.0,2971.0,2973.0,8833.0,2264069.0,2266067.0
2026-04-21 14:30:00,2973.0,2973.0,2971.0,2973.0,6402.0,2266067.0,2265706.0
2026-04-21 14:35:00,2973.0,2976.0,2972.0,2974.0,13246.0,2265706.0,2267991.0
2026-04-21 14:40:00,2974.0,2979.0,2974.0,2977.0,13713.0,2267991.0,2270417.0
2026-04-21 14:45:00,2977.0,2979.0,2977.0,2978.0,11021.0,2270417.0,2271251.0
2026-04-21 14:50:00,2978.0,2982.0,2977.0,2979.0,32138.0,2271251.0,2276361.0
2026-04-21 14:55:00,2979.0,2980.0,2977.0,2978.0,24520.0,2276361.0,2273758.0
2026-04-21 21:00:00,2978.0,2989.0,2976.0,2987.0,82370.0,2273758.0,2280653.0
2026-04-21 21:05:00,2987.0,2994.0,2987.0,2994.0,61659.0,2280653.0,2291438.0
2026-04-21 21:10:00,2994.0,3000.0,2993.0,2998.0,76434.0,2291438.0,2297808.0
2026-04-21 21:15:00,2998.0,3011.0,2998.0,3009.0,111314.0,2297808.0,2308614.0
2026-04-21 21:20:00,3009.0,3011.0,3007.0,3010.0,61006.0,2308614.0,2319731.0
2026-04-21 21:25:00,3010.0,3015.0,3008.0,3014.0,53052.0,2319731.0,2329484.0
2026-04-21 21:30:00,3014.0,3014.0,3008.0,3011.0,40703.0,2329484.0,2333640.0
2026-04-21 21:35:00,3011.0,3011.0,3007.0,3007.0,31017.0,2333640.0,2337357.0
2026-04-21 21:40:00,3007.0,3009.0,3003.0,3005.0,37405.0,2337357.0,2340348.0
2026-04-21 21:45:00,3005.0,3010.0,3004.0,3009.0,29518.0,2340348.0,2345832.0
2026-04-21 21:50:00,3009.0,3009.0,3004.0,3008.0,27010.0,2345832.0,2351037.0
2026-04-21 21:55:00,3008.0,3011.0,3008.0,3008.0,17080.0,2351037.0,2355932.0
2026-04-21 22:00:00,3008.0,3010.0,3007.0,3008.0,10585.0,2355932.0,2356776.0
2026-04-21 22:05:00,3008.0,3010.0,3007.0,3010.0,12475.0,2356776.0,2358304.0
2026-04-21 22:10:00,3010.0,3010.0,3007.0,3008.0,9506.0,2358304.0,2359695.0
2026-04-21 22:15:00,3008.0,3011.0,3007.0,3010.0,17665.0,2359695.0,2362352.0
2026-04-21 22:20:00,3010.0,3013.0,3009.0,3012.0,21326.0,2362352.0,2366393.0
2026-04-21 22:25:00,3012.0,3014.0,3011.0,3012.0,9633.0,2366393.0,2367961.0
2026-04-21 22:30:00,3012.0,3013.0,3009.0,3010.0,11858.0,2367961.0,2370358.0
2026-04-21 22:35:00,3010.0,3013.0,3009.0,3012.0,8890.0,2370358.0,2369272.0
2026-04-21 22:40:00,3012.0,3015.0,3011.0,3014.0,16627.0,2369272.0,2370683.0
2026-04-21 22:45:00,3014.0,3019.0,3013.0,3017.0,27163.0,2370683.0,2370574.0
2026-04-21 22:50:00,3017.0,3022.0,3016.0,3017.0,37643.0,2370574.0,2372937.0
2026-04-21 22:55:00,3017.0,3020.0,3015.0,3019.0,18235.0,2372937.0,2367692.0
2026-04-22 09:00:00,3017.0,3018.0,3012.0,3012.0,46971.0,2367692.0,2370601.0
2026-04-22 09:05:00,3012.0,3017.0,3011.0,3016.0,26845.0,2370601.0,2372243.0
2026-04-22 09:10:00,3016.0,3019.0,3014.0,3014.0,23298.0,2372243.0,2375182.0
2026-04-22 09:15:00,3014.0,3019.0,3014.0,3019.0,17773.0,2375182.0,2377059.0
2026-04-22 09:20:00,3019.0,3019.0,3015.0,3019.0,11252.0,2377059.0,2380193.0
2026-04-22 09:25:00,3019.0,3019.0,3015.0,3015.0,8594.0,2380193.0,2382156.0
2026-04-22 09:30:00,3015.0,3019.0,3015.0,3018.0,15589.0,2382156.0,2383686.0
2026-04-22 09:35:00,3018.0,3020.0,3016.0,3019.0,9577.0,2383686.0,2384197.0
2026-04-22 09:40:00,3019.0,3020.0,3017.0,3020.0,7229.0,2384197.0,2382918.0
2026-04-22 09:45:00,3020.0,3021.0,3018.0,3018.0,16486.0,2382918.0,2383313.0
2026-04-22 09:50:00,3018.0,3022.0,3018.0,3020.0,16825.0,2383313.0,2384508.0
2026-04-22 09:55:00,3020.0,3024.0,3019.0,3023.0,24596.0,2384508.0,2391182.0
2026-04-22 10:00:00,3023.0,3024.0,3018.0,3019.0,20517.0,2391182.0,2390358.0
2026-04-22 10:05:00,3019.0,3019.0,3014.0,3015.0,14542.0,2390358.0,2387805.0
2026-04-22 10:10:00,3015.0,3017.0,3013.0,3013.0,14824.0,2387805.0,2389063.0
2026-04-22 10:30:00,3014.0,3019.0,3013.0,3019.0,15861.0,2389063.0,2390353.0
2026-04-22 10:35:00,3019.0,3021.0,3018.0,3021.0,10935.0,2390353.0,2391896.0
2026-04-22 10:40:00,3021.0,3026.0,3020.0,3026.0,21531.0,2391896.0,2397547.0
2026-04-22 10:45:00,3026.0,3028.0,3024.0,3026.0,27104.0,2397547.0,2403760.0
2026-04-22 10:50:00,3026.0,3028.0,3025.0,3026.0,14452.0,2403760.0,2406588.0
2026-04-22 10:55:00,3026.0,3028.0,3024.0,3028.0,10137.0,2406588.0,2406636.0
2026-04-22 11:00:00,3028.0,3031.0,3027.0,3028.0,27820.0,2406636.0,2404243.0
2026-04-22 11:05:00,3028.0,3030.0,3026.0,3026.0,15577.0,2404243.0,2407064.0
2026-04-22 11:10:00,3026.0,3032.0,3026.0,3031.0,25229.0,2407064.0,2414495.0
2026-04-22 11:15:00,3031.0,3034.0,3029.0,3030.0,20677.0,2414495.0,2419525.0
2026-04-22 11:20:00,3030.0,3032.0,3028.0,3031.0,18180.0,2419525.0,2422672.0
2026-04-22 11:25:00,3031.0,3034.0,3030.0,3032.0,12462.0,2422672.0,2422832.0
2026-04-22 13:30:00,3031.0,3032.0,3023.0,3027.0,45252.0,2422832.0,2423992.0
2026-04-22 13:35:00,3027.0,3028.0,3025.0,3026.0,14774.0,2423992.0,2423080.0
2026-04-22 13:40:00,3026.0,3027.0,3020.0,3020.0,28074.0,2423080.0,2416009.0
2026-04-22 13:45:00,3020.0,3022.0,3015.0,3016.0,43020.0,2416009.0,2406503.0
2026-04-22 13:50:00,3016.0,3018.0,3014.0,3016.0,24362.0,2406503.0,2410104.0
2026-04-22 13:55:00,3016.0,3019.0,3015.0,3015.0,13643.0,2410104.0,2410685.0
2026-04-22 14:00:00,3015.0,3018.0,3015.0,3017.0,8580.0,2410685.0,2411430.0
2026-04-22 14:05:00,3017.0,3019.0,3016.0,3018.0,10316.0,2411430.0,2412930.0
2026-04-22 14:10:00,3018.0,3021.0,3017.0,3021.0,11181.0,2412930.0,2411385.0
2026-04-22 14:15:00,3021.0,3021.0,3019.0,3021.0,11480.0,2411385.0,2411094.0
2026-04-22 14:20:00,3021.0,3022.0,3019.0,3019.0,9385.0,2411094.0,2413269.0
2026-04-22 14:25:00,3019.0,3023.0,3019.0,3020.0,14360.0,2413269.0,2417818.0
2026-04-22 14:30:00,3020.0,3026.0,3020.0,3026.0,19760.0,2417818.0,2418590.0
2026-04-22 14:35:00,3026.0,3027.0,3024.0,3025.0,12194.0,2418590.0,2420938.0
2026-04-22 14:40:00,3025.0,3027.0,3023.0,3023.0,9862.0,2420938.0,2421939.0
2026-04-22 14:45:00,3023.0,3027.0,3023.0,3026.0,12244.0,2421939.0,2420801.0
2026-04-22 14:50:00,3026.0,3027.0,3024.0,3025.0,14447.0,2420801.0,2419994.0
2026-04-22 14:55:00,3025.0,3027.0,3022.0,3026.0,27836.0,2419994.0,2416636.0
2026-04-22 21:00:00,3020.0,3025.0,3017.0,3025.0,50879.0,2416636.0,2423203.0
2026-04-22 21:05:00,3025.0,3026.0,3021.0,3022.0,23562.0,2423203.0,2424908.0
2026-04-22 21:10:00,3022.0,3027.0,3021.0,3027.0,17461.0,2424908.0,2426421.0
2026-04-22 21:15:00,3027.0,3027.0,3022.0,3023.0,21628.0,2426421.0,2430473.0
2026-04-22 21:20:00,3023.0,3025.0,3022.0,3023.0,18368.0,2430473.0,2435294.0
2026-04-22 21:25:00,3023.0,3027.0,3022.0,3027.0,20128.0,2435294.0,2438142.0
2026-04-22 21:30:00,3027.0,3027.0,3021.0,3025.0,22308.0,2438142.0,2443104.0
2026-04-22 21:35:00,3025.0,3025.0,3021.0,3023.0,11770.0,2443104.0,2445199.0
2026-04-22 21:40:00,3023.0,3023.0,3019.0,3020.0,14870.0,2445199.0,2442911.0
2026-04-22 21:45:00,3020.0,3022.0,3014.0,3017.0,36134.0,2442911.0,2443985.0
2026-04-22 21:50:00,3017.0,3017.0,3014.0,3017.0,17137.0,2443985.0,2444521.0
2026-04-22 21:55:00,3017.0,3017.0,3015.0,3015.0,11713.0,2444521.0,2446550.0
2026-04-22 22:00:00,3015.0,3016.0,3014.0,3016.0,10827.0,2446550.0,2447482.0
2026-04-22 22:05:00,3016.0,3019.0,3015.0,3017.0,16328.0,2447482.0,2450930.0
2026-04-22 22:10:00,3017.0,3017.0,3015.0,3015.0,4258.0,2450930.0,2451090.0
2026-04-22 22:15:00,3015.0,3016.0,3010.0,3010.0,31359.0,2451090.0,2450938.0
2026-04-22 22:20:00,3010.0,3012.0,3010.0,3011.0,12333.0,2450938.0,2450763.0
2026-04-22 22:25:00,3011.0,3012.0,3009.0,3012.0,12604.0,2450763.0,2452942.0
2026-04-22 22:30:00,3012.0,3015.0,3011.0,3012.0,16305.0,2452942.0,2455090.0
2026-04-22 22:35:00,3012.0,3012.0,3008.0,3009.0,19253.0,2455090.0,2458130.0
2026-04-22 22:40:00,3009.0,3011.0,3007.0,3009.0,21508.0,2458130.0,2460039.0
2026-04-22 22:45:00,3009.0,3011.0,3008.0,3008.0,14212.0,2460039.0,2461828.0
2026-04-22 22:50:00,3008.0,3010.0,3008.0,3010.0,9843.0,2461828.0,2462392.0
2026-04-22 22:55:00,3010.0,3011.0,3009.0,3009.0,13197.0,2462392.0,2458649.0
2026-04-23 09:00:00,3000.0,3007.0,3000.0,3006.0,70292.0,2458649.0,2466531.0
2026-04-23 09:05:00,3006.0,3010.0,3005.0,3006.0,29153.0,2466531.0,2473334.0
2026-04-23 09:10:00,3006.0,3007.0,2995.0,2998.0,75475.0,2473334.0,2468884.0
2026-04-23 09:15:00,2998.0,3003.0,2997.0,3003.0,31188.0,2468884.0,2471229.0
2026-04-23 09:20:00,3003.0,3006.0,3001.0,3003.0,20062.0,2471229.0,2475076.0
2026-04-23 09:25:00,3003.0,3005.0,3002.0,3005.0,9777.0,2475076.0,2475643.0
2026-04-23 09:30:00,3005.0,3005.0,3000.0,3002.0,14547.0,2475643.0,2478006.0
2026-04-23 09:35:00,3002.0,3002.0,2998.0,3000.0,13112.0,2478006.0,2479277.0
2026-04-23 09:40:00,3000.0,3000.0,2997.0,2997.0,14764.0,2479277.0,2479409.0
2026-04-23 09:45:00,2997.0,2998.0,2992.0,2993.0,23817.0,2479409.0,2478638.0
2026-04-23 09:50:00,2993.0,2993.0,2984.0,2985.0,85214.0,2478638.0,2475126.0
2026-04-23 09:55:00,2985.0,2987.0,2982.0,2983.0,54177.0,2475126.0,2472320.0
2026-04-23 10:00:00,2983.0,2990.0,2981.0,2989.0,44739.0,2472320.0,2464448.0
2026-04-23 10:05:00,2989.0,2992.0,2988.0,2991.0,21412.0,2464448.0,2462872.0
2026-04-23 10:10:00,2991.0,2992.0,2989.0,2992.0,10443.0,2462872.0,2462330.0
2026-04-23 10:30:00,2992.0,2995.0,2990.0,2994.0,23865.0,2462330.0,2461479.0
2026-04-23 10:35:00,2994.0,2996.0,2993.0,2995.0,14351.0,2461479.0,2462753.0
2026-04-23 10:40:00,2995.0,2997.0,2993.0,2997.0,16066.0,2462753.0,2464507.0
2026-04-23 10:45:00,2997.0,2997.0,2993.0,2994.0,10393.0,2464507.0,2464928.0
2026-04-23 10:50:00,2994.0,2996.0,2994.0,2995.0,6960.0,2464928.0,2465350.0
2026-04-23 10:55:00,2995.0,2997.0,2992.0,2992.0,12102.0,2465350.0,2466644.0
2026-04-23 11:00:00,2992.0,2994.0,2991.0,2993.0,12377.0,2466644.0,2468622.0
2026-04-23 11:05:00,2993.0,2994.0,2991.0,2994.0,7786.0,2468622.0,2469706.0
2026-04-23 11:10:00,2994.0,2994.0,2989.0,2991.0,13032.0,2469706.0,2469324.0
2026-04-23 11:15:00,2991.0,2993.0,2990.0,2990.0,8586.0,2469324.0,2470313.0
2026-04-23 11:20:00,2990.0,2990.0,2984.0,2987.0,34004.0,2470313.0,2470199.0
2026-04-23 11:25:00,2987.0,2990.0,2987.0,2989.0,10612.0,2470199.0,2469501.0
2026-04-23 13:30:00,2989.0,2990.0,2986.0,2989.0,18194.0,2469501.0,2468144.0
2026-04-23 13:35:00,2989.0,2989.0,2986.0,2986.0,11507.0,2468144.0,2467225.0
2026-04-23 13:40:00,2986.0,2988.0,2985.0,2988.0,9990.0,2467225.0,2469230.0
2026-04-23 13:45:00,2988.0,2992.0,2987.0,2992.0,14065.0,2469230.0,2472099.0
2026-04-23 13:50:00,2992.0,2994.0,2990.0,2993.0,15328.0,2472099.0,2473219.0
2026-04-23 13:55:00,2993.0,2996.0,2992.0,2996.0,11188.0,2473219.0,2475305.0
2026-04-23 14:00:00,2996.0,2996.0,2994.0,2995.0,6901.0,2475305.0,2476099.0
2026-04-23 14:05:00,2995.0,2995.0,2991.0,2991.0,9188.0,2476099.0,2476277.0
2026-04-23 14:10:00,2991.0,2998.0,2991.0,2998.0,19725.0,2476277.0,2473800.0
2026-04-23 14:15:00,2998.0,2998.0,2993.0,2995.0,11317.0,2473800.0,2474699.0
2026-04-23 14:20:00,2995.0,2996.0,2993.0,2994.0,6092.0,2474699.0,2473553.0
2026-04-23 14:25:00,2994.0,2995.0,2993.0,2993.0,6893.0,2473553.0,2472379.0
2026-04-23 14:30:00,2993.0,2994.0,2990.0,2990.0,12912.0,2472379.0,2471211.0
2026-04-23 14:35:00,2990.0,2992.0,2988.0,2992.0,10742.0,2471211.0,2471390.0
2026-04-23 14:40:00,2992.0,2992.0,2990.0,2991.0,4430.0,2471390.0,2471816.0
2026-04-23 14:45:00,2991.0,2991.0,2987.0,2988.0,17208.0,2471816.0,2472833.0
2026-04-23 14:50:00,2988.0,2992.0,2988.0,2991.0,10802.0,2472833.0,2472652.0
2026-04-23 14:55:00,2991.0,2995.0,2990.0,2994.0,21653.0,2472652.0,2472154.0
2026-04-23 21:00:00,2991.0,2992.0,2985.0,2989.0,48930.0,2472154.0,2476585.0
2026-04-23 21:05:00,2989.0,2993.0,2989.0,2992.0,19242.0,2476585.0,2480821.0
2026-04-23 21:10:00,2992.0,2995.0,2991.0,2994.0,18940.0,2480821.0,2481910.0
2026-04-23 21:15:00,2994.0,2994.0,2992.0,2993.0,13092.0,2481910.0,2484829.0
2026-04-23 21:20:00,2993.0,3002.0,2993.0,3001.0,31092.0,2484829.0,2492634.0
2026-04-23 21:25:00,3001.0,3004.0,2999.0,3001.0,36815.0,2492634.0,2494944.0
2026-04-23 21:30:00,3001.0,3007.0,2997.0,3006.0,39734.0,2494944.0,2500659.0
2026-04-23 21:35:00,3006.0,3010.0,3005.0,3008.0,46669.0,2500659.0,2506513.0
2026-04-23 21:40:00,3008.0,3009.0,3004.0,3005.0,23631.0,2506513.0,2505748.0
2026-04-23 21:45:00,3005.0,3005.0,3000.0,3001.0,23111.0,2505748.0,2503343.0
2026-04-23 21:50:00,3001.0,3002.0,2999.0,3001.0,17959.0,2503343.0,2502835.0
2026-04-23 21:55:00,3001.0,3004.0,2999.0,3000.0,19666.0,2502835.0,2506597.0
2026-04-23 22:00:00,3000.0,3002.0,2997.0,2998.0,16253.0,2506597.0,2507491.0
2026-04-23 22:05:00,2998.0,3001.0,2997.0,3001.0,8979.0,2507491.0,2509546.0
2026-04-23 22:10:00,3001.0,3001.0,2999.0,3001.0,6648.0,2509546.0,2509600.0
2026-04-23 22:15:00,3001.0,3002.0,2999.0,3000.0,8745.0,2509600.0,2510677.0
2026-04-23 22:20:00,3000.0,3001.0,2998.0,2999.0,5886.0,2510677.0,2512280.0
2026-04-23 22:25:00,2999.0,3003.0,2999.0,3003.0,7185.0,2512280.0,2512251.0
2026-04-23 22:30:00,3003.0,3004.0,3001.0,3004.0,7716.0,2512251.0,2513372.0
2026-04-23 22:35:00,3004.0,3007.0,3003.0,3005.0,12055.0,2513372.0,2515090.0
2026-04-23 22:40:00,3005.0,3008.0,3005.0,3006.0,13407.0,2515090.0,2514913.0
2026-04-23 22:45:00,3006.0,3008.0,3005.0,3006.0,13630.0,2514913.0,2512205.0
2026-04-23 22:50:00,3006.0,3007.0,3002.0,3003.0,10538.0,2512205.0,2510022.0
2026-04-23 22:55:00,3003.0,3004.0,3000.0,3001.0,12656.0,2510022.0,2505420.0
2026-04-24 09:00:00,3001.0,3006.0,3001.0,3005.0,22969.0,2505420.0,2507342.0
2026-04-24 09:05:00,3005.0,3006.0,2995.0,2999.0,40155.0,2507342.0,2505235.0
2026-04-24 09:10:00,2999.0,2999.0,2993.0,2994.0,26457.0,2505235.0,2503480.0
2026-04-24 09:15:00,2994.0,2996.0,2992.0,2993.0,15524.0,2503480.0,2503661.0
2026-04-24 09:20:00,2993.0,2995.0,2992.0,2993.0,7993.0,2503661.0,2503734.0
2026-04-24 09:25:00,2993.0,2995.0,2992.0,2994.0,9774.0,2503734.0,2504302.0
2026-04-24 09:30:00,2994.0,2994.0,2992.0,2992.0,7608.0,2504302.0,2504736.0
2026-04-24 09:35:00,2992.0,2993.0,2985.0,2986.0,36732.0,2504736.0,2497973.0
2026-04-24 09:40:00,2986.0,2989.0,2986.0,2987.0,11369.0,2497973.0,2497273.0
2026-04-24 09:45:00,2987.0,2989.0,2985.0,2985.0,12407.0,2497273.0,2496607.0
2026-04-24 09:50:00,2985.0,2988.0,2984.0,2987.0,16984.0,2496607.0,2496843.0
2026-04-24 09:55:00,2987.0,2987.0,2970.0,2975.0,93081.0,2496843.0,2485620.0
2026-04-24 10:00:00,2975.0,2977.0,2973.0,2976.0,40433.0,2485620.0,2483666.0
2026-04-24 10:05:00,2976.0,2979.0,2975.0,2977.0,22703.0,2483666.0,2481849.0
2026-04-24 10:10:00,2977.0,2978.0,2976.0,2978.0,12082.0,2481849.0,2480457.0
2026-04-24 10:30:00,2977.0,2980.0,2976.0,2978.0,16841.0,2480457.0,2478668.0
2026-04-24 10:35:00,2978.0,2978.0,2976.0,2978.0,7013.0,2478668.0,2479443.0
2026-04-24 10:40:00,2978.0,2978.0,2976.0,2978.0,7938.0,2479443.0,2480502.0
2026-04-24 10:45:00,2978.0,2978.0,2970.0,2970.0,43942.0,2480502.0,2481747.0
2026-04-24 10:50:00,2970.0,2971.0,2968.0,2970.0,35233.0,2481747.0,2483618.0
2026-04-24 10:55:00,2970.0,2970.0,2965.0,2966.0,29990.0,2483618.0,2486109.0
2026-04-24 11:00:00,2966.0,2969.0,2965.0,2968.0,21603.0,2486109.0,2489712.0
2026-04-24 11:05:00,2968.0,2971.0,2966.0,2968.0,19645.0,2489712.0,2493288.0
2026-04-24 11:10:00,2968.0,2972.0,2968.0,2970.0,15293.0,2493288.0,2493752.0
2026-04-24 11:15:00,2970.0,2971.0,2968.0,2971.0,15306.0,2493752.0,2493372.0
2026-04-24 11:20:00,2971.0,2972.0,2970.0,2971.0,7436.0,2493372.0,2494217.0
2026-04-24 11:25:00,2971.0,2974.0,2971.0,2973.0,14151.0,2494217.0,2492066.0
2026-04-24 13:30:00,2973.0,2975.0,2972.0,2974.0,12037.0,2492066.0,2492763.0
2026-04-24 13:35:00,2974.0,2974.0,2971.0,2972.0,9414.0,2492763.0,2493630.0
2026-04-24 13:40:00,2972.0,2974.0,2972.0,2973.0,7622.0,2493630.0,2495456.0
2026-04-24 13:45:00,2973.0,2974.0,2972.0,2974.0,12684.0,2495456.0,2496529.0
2026-04-24 13:50:00,2974.0,2978.0,2973.0,2977.0,16215.0,2496529.0,2497039.0
2026-04-24 13:55:00,2977.0,2978.0,2974.0,2976.0,10080.0,2497039.0,2496400.0
2026-04-24 14:00:00,2976.0,2978.0,2975.0,2978.0,10501.0,2496400.0,2495749.0
2026-04-24 14:05:00,2978.0,2980.0,2977.0,2978.0,14677.0,2495749.0,2493686.0
2026-04-24 14:10:00,2978.0,2978.0,2974.0,2975.0,9423.0,2493686.0,2493153.0
2026-04-24 14:15:00,2975.0,2977.0,2974.0,2975.0,8675.0,2493153.0,2493737.0
2026-04-24 14:20:00,2975.0,2975.0,2973.0,2974.0,15374.0,2493737.0,2490107.0
2026-04-24 14:25:00,2974.0,2980.0,2974.0,2979.0,13698.0,2490107.0,2488382.0
2026-04-24 14:30:00,2979.0,2979.0,2977.0,2979.0,6424.0,2488382.0,2488268.0
2026-04-24 14:35:00,2979.0,2980.0,2977.0,2979.0,13159.0,2488268.0,2491143.0
2026-04-24 14:40:00,2979.0,2983.0,2978.0,2983.0,22142.0,2491143.0,2486609.0
2026-04-24 14:45:00,2983.0,2985.0,2982.0,2983.0,23595.0,2486609.0,2481779.0
2026-04-24 14:50:00,2983.0,2984.0,2981.0,2983.0,15874.0,2481779.0,2480821.0
2026-04-24 14:55:00,2983.0,2985.0,2982.0,2984.0,32582.0,2480821.0,2471408.0
2026-04-24 21:00:00,2984.0,2985.0,2980.0,2982.0,41518.0,2471408.0,2471324.0
2026-04-24 21:05:00,2982.0,2984.0,2979.0,2980.0,23034.0,2471324.0,2472699.0
2026-04-24 21:10:00,2980.0,2985.0,2980.0,2984.0,16357.0,2472699.0,2472073.0
2026-04-24 21:15:00,2984.0,2986.0,2981.0,2983.0,19257.0,2472073.0,2474754.0
2026-04-24 21:20:00,2983.0,2984.0,2982.0,2983.0,6558.0,2474754.0,2474889.0
2026-04-24 21:25:00,2983.0,2983.0,2981.0,2983.0,7351.0,2474889.0,2475776.0
2026-04-24 21:30:00,2983.0,2985.0,2980.0,2983.0,15004.0,2475776.0,2474937.0
2026-04-24 21:35:00,2983.0,2985.0,2982.0,2983.0,10512.0,2474937.0,2477133.0
2026-04-24 21:40:00,2983.0,2985.0,2981.0,2983.0,10468.0,2477133.0,2474684.0
2026-04-24 21:45:00,2983.0,2985.0,2980.0,2981.0,7488.0,2474684.0,2474416.0
2026-04-24 21:50:00,2981.0,2985.0,2981.0,2983.0,7517.0,2474416.0,2475288.0
2026-04-24 21:55:00,2983.0,2984.0,2981.0,2983.0,6352.0,2475288.0,2474832.0
2026-04-24 22:00:00,2983.0,2988.0,2982.0,2988.0,12508.0,2474832.0,2474817.0
2026-04-24 22:05:00,2988.0,2991.0,2987.0,2987.0,24966.0,2474817.0,2478529.0
2026-04-24 22:10:00,2987.0,2989.0,2986.0,2986.0,9676.0,2478529.0,2477851.0
2026-04-24 22:15:00,2986.0,2989.0,2986.0,2987.0,8412.0,2477851.0,2477116.0
2026-04-24 22:20:00,2987.0,2990.0,2986.0,2989.0,8649.0,2477116.0,2475920.0
2026-04-24 22:25:00,2989.0,2990.0,2987.0,2987.0,6596.0,2475920.0,2475616.0
2026-04-24 22:30:00,2987.0,2988.0,2982.0,2983.0,12644.0,2475616.0,2474110.0
2026-04-24 22:35:00,2983.0,2985.0,2981.0,2983.0,9747.0,2474110.0,2471901.0
2026-04-24 22:40:00,2983.0,2983.0,2977.0,2979.0,21850.0,2471901.0,2469829.0
2026-04-24 22:45:00,2979.0,2981.0,2977.0,2977.0,10596.0,2469829.0,2468701.0
2026-04-24 22:50:00,2977.0,2980.0,2977.0,2978.0,8812.0,2468701.0,2466718.0
2026-04-24 22:55:00,2978.0,2979.0,2975.0,2977.0,18368.0,2466718.0,2461318.0
2026-04-27 09:00:00,2983.0,2991.0,2983.0,2989.0,51642.0,2461318.0,2457532.0
2026-04-27 09:05:00,2989.0,2990.0,2985.0,2985.0,16799.0,2457532.0,2455718.0
2026-04-27 09:10:00,2985.0,2986.0,2979.0,2979.0,22806.0,2455718.0,2455286.0
2026-04-27 09:15:00,2979.0,2981.0,2975.0,2977.0,22217.0,2455286.0,2455237.0
2026-04-27 09:20:00,2977.0,2979.0,2976.0,2979.0,13066.0,2455237.0,2455019.0
2026-04-27 09:25:00,2979.0,2979.0,2976.0,2979.0,13907.0,2455019.0,2454051.0
2026-04-27 09:30:00,2979.0,2981.0,2976.0,2979.0,18202.0,2454051.0,2453631.0
2026-04-27 09:35:00,2979.0,2981.0,2977.0,2980.0,8947.0,2453631.0,2454727.0
2026-04-27 09:40:00,2980.0,2982.0,2978.0,2981.0,8812.0,2454727.0,2455524.0
2026-04-27 09:45:00,2981.0,2983.0,2979.0,2983.0,7902.0,2455524.0,2455585.0
2026-04-27 09:50:00,2983.0,2985.0,2981.0,2983.0,9433.0,2455585.0,2454989.0
2026-04-27 09:55:00,2983.0,2984.0,2979.0,2981.0,10042.0,2454989.0,2456541.0
2026-04-27 10:00:00,2981.0,2984.0,2980.0,2982.0,8204.0,2456541.0,2457349.0
2026-04-27 10:05:00,2982.0,2983.0,2979.0,2980.0,9401.0,2457349.0,2457701.0
2026-04-27 10:10:00,2980.0,2981.0,2978.0,2981.0,9609.0,2457701.0,2457558.0
2026-04-27 10:30:00,2981.0,2983.0,2979.0,2980.0,11493.0,2457558.0,2455731.0
2026-04-27 10:35:00,2980.0,2981.0,2979.0,2979.0,4774.0,2455731.0,2455649.0
2026-04-27 10:40:00,2979.0,2980.0,2977.0,2980.0,9782.0,2455649.0,2455557.0
2026-04-27 10:45:00,2980.0,2984.0,2979.0,2981.0,15987.0,2455557.0,2455945.0
2026-04-27 10:50:00,2981.0,2984.0,2980.0,2984.0,8519.0,2455945.0,2455244.0
2026-04-27 10:55:00,2984.0,2984.0,2980.0,2980.0,9154.0,2455244.0,2457019.0
2026-04-27 11:00:00,2980.0,2983.0,2978.0,2981.0,11030.0,2457019.0,2455994.0
2026-04-27 11:05:00,2981.0,2984.0,2980.0,2983.0,5497.0,2455994.0,2455462.0
2026-04-27 11:10:00,2983.0,2985.0,2982.0,2983.0,7723.0,2455462.0,2454882.0
2026-04-27 11:15:00,2983.0,2984.0,2982.0,2982.0,3814.0,2454882.0,2454942.0
2026-04-27 11:20:00,2982.0,2985.0,2982.0,2983.0,4404.0,2454942.0,2455019.0
2026-04-27 11:25:00,2983.0,2986.0,2982.0,2984.0,11057.0,2455019.0,2455042.0
2026-04-27 13:30:00,2984.0,2994.0,2984.0,2992.0,43469.0,2455042.0,2452503.0
2026-04-27 13:35:00,2992.0,2994.0,2990.0,2991.0,34043.0,2452503.0,2450171.0
2026-04-27 13:40:00,2991.0,2992.0,2988.0,2990.0,14036.0,2450171.0,2449530.0
2026-04-27 13:45:00,2990.0,2991.0,2987.0,2990.0,14334.0,2449530.0,2449704.0
2026-04-27 13:50:00,2990.0,2990.0,2987.0,2987.0,6015.0,2449704.0,2448800.0
2026-04-27 13:55:00,2987.0,2989.0,2987.0,2987.0,6020.0,2448800.0,2448151.0
2026-04-27 14:00:00,2987.0,2990.0,2987.0,2989.0,4763.0,2448151.0,2447308.0
2026-04-27 14:05:00,2989.0,2992.0,2989.0,2991.0,10298.0,2447308.0,2448035.0
2026-04-27 14:10:00,2991.0,2994.0,2990.0,2993.0,16555.0,2448035.0,2451048.0
2026-04-27 14:15:00,2993.0,2993.0,2991.0,2992.0,6569.0,2451048.0,2450810.0
2026-04-27 14:20:00,2992.0,2992.0,2990.0,2990.0,6521.0,2450810.0,2451032.0
2026-04-27 14:25:00,2990.0,2991.0,2989.0,2991.0,5664.0,2451032.0,2452191.0
2026-04-27 14:30:00,2991.0,2994.0,2989.0,2993.0,14765.0,2452191.0,2451390.0
2026-04-27 14:35:00,2993.0,2994.0,2990.0,2991.0,7612.0,2451390.0,2451378.0
2026-04-27 14:40:00,2991.0,2992.0,2990.0,2991.0,4470.0,2451378.0,2450468.0
2026-04-27 14:45:00,2991.0,2993.0,2990.0,2993.0,5403.0,2450468.0,2449909.0
2026-04-27 14:50:00,2993.0,2993.0,2991.0,2991.0,9488.0,2449909.0,2448837.0
2026-04-27 14:55:00,2991.0,2994.0,2991.0,2993.0,20431.0,2448837.0,2448324.0
2026-04-27 21:00:00,2995.0,3006.0,2994.0,3000.0,82142.0,2448324.0,2462341.0
2026-04-27 21:05:00,3000.0,3001.0,2993.0,2995.0,48251.0,2462341.0,2464186.0
2026-04-27 21:10:00,2995.0,2996.0,2993.0,2995.0,16927.0,2464186.0,2467718.0
2026-04-27 21:15:00,2995.0,2999.0,2995.0,2996.0,21254.0,2467718.0,2469048.0
2026-04-27 21:20:00,2996.0,2998.0,2994.0,2998.0,12910.0,2469048.0,2469680.0
2026-04-27 21:25:00,2998.0,2998.0,2996.0,2998.0,5750.0,2469680.0,2470666.0
2026-04-27 21:30:00,2998.0,2999.0,2994.0,2996.0,13382.0,2470666.0,2472837.0
2026-04-27 21:35:00,2996.0,2999.0,2995.0,2996.0,12646.0,2472837.0,2473756.0
2026-04-27 21:40:00,2996.0,2996.0,2992.0,2992.0,18008.0,2473756.0,2470509.0
2026-04-27 21:45:00,2992.0,2994.0,2992.0,2994.0,8869.0,2470509.0,2469575.0
2026-04-27 21:50:00,2994.0,2995.0,2992.0,2992.0,8606.0,2469575.0,2469926.0
2026-04-27 21:55:00,2992.0,2993.0,2989.0,2990.0,18403.0,2469926.0,2467967.0
2026-04-27 22:00:00,2990.0,2993.0,2990.0,2992.0,9999.0,2467967.0,2467213.0
2026-04-27 22:05:00,2992.0,2995.0,2990.0,2995.0,12616.0,2467213.0,2466431.0
2026-04-27 22:10:00,2995.0,2995.0,2994.0,2995.0,5544.0,2466431.0,2467383.0
2026-04-27 22:15:00,2995.0,2998.0,2994.0,2997.0,8121.0,2467383.0,2467174.0
2026-04-27 22:20:00,2997.0,2998.0,2996.0,2996.0,8040.0,2467174.0,2466191.0
2026-04-27 22:25:00,2996.0,2998.0,2996.0,2996.0,6584.0,2466191.0,2466266.0
2026-04-27 22:30:00,2996.0,2998.0,2996.0,2996.0,3932.0,2466266.0,2466088.0
2026-04-27 22:35:00,2996.0,2998.0,2995.0,2997.0,5038.0,2466088.0,2465021.0
2026-04-27 22:40:00,2997.0,3001.0,2997.0,3001.0,19351.0,2465021.0,2463824.0
2026-04-27 22:45:00,3001.0,3005.0,3000.0,3003.0,22275.0,2463824.0,2462426.0
2026-04-27 22:50:00,3003.0,3006.0,3000.0,3005.0,19336.0,2462426.0,2463188.0
2026-04-27 22:55:00,3005.0,3006.0,3003.0,3005.0,18608.0,2463188.0,2458855.0
2026-04-28 09:00:00,3007.0,3010.0,3004.0,3005.0,43295.0,2458855.0,2455892.0
2026-04-28 09:05:00,3005.0,3008.0,3004.0,3007.0,24974.0,2455892.0,2452518.0
2026-04-28 09:10:00,3007.0,3009.0,3005.0,3006.0,19929.0,2452518.0,2453490.0
2026-04-28 09:15:00,3006.0,3009.0,3005.0,3008.0,17254.0,2453490.0,2455140.0
2026-04-28 09:20:00,3008.0,3008.0,3002.0,3004.0,15922.0,2455140.0,2453687.0
2026-04-28 09:25:00,3004.0,3004.0,2997.0,2999.0,28287.0,2453687.0,2451326.0
2026-04-28 09:30:00,2999.0,3003.0,2998.0,3001.0,8562.0,2451326.0,2451609.0
2026-04-28 09:35:00,3001.0,3003.0,2998.0,2999.0,8517.0,2451609.0,2452525.0
2026-04-28 09:40:00,2999.0,3000.0,2996.0,2997.0,9325.0,2452525.0,2451624.0
2026-04-28 09:45:00,2997.0,2999.0,2996.0,2997.0,8573.0,2451624.0,2451003.0
2026-04-28 09:50:00,2997.0,3000.0,2997.0,3000.0,5921.0,2451003.0,2450492.0
2026-04-28 09:55:00,3000.0,3001.0,2997.0,2997.0,7626.0,2450492.0,2450364.0
2026-04-28 10:00:00,2997.0,2998.0,2991.0,2994.0,29628.0,2450364.0,2445730.0
2026-04-28 10:05:00,2994.0,2996.0,2992.0,2994.0,11712.0,2445730.0,2444389.0
2026-04-28 10:10:00,2994.0,2995.0,2993.0,2994.0,6255.0,2444389.0,2444096.0
2026-04-28 10:30:00,2994.0,2996.0,2993.0,2993.0,9456.0,2444096.0,2443895.0
2026-04-28 10:35:00,2993.0,2995.0,2993.0,2995.0,5455.0,2443895.0,2443433.0
2026-04-28 10:40:00,2995.0,2997.0,2994.0,2997.0,7186.0,2443433.0,2444131.0
2026-04-28 10:45:00,2997.0,2997.0,2994.0,2995.0,5234.0,2444131.0,2444235.0
2026-04-28 10:50:00,2995.0,2995.0,2990.0,2992.0,11753.0,2444235.0,2443008.0
2026-04-28 10:55:00,2992.0,2992.0,2986.0,2988.0,29867.0,2443008.0,2439717.0
2026-04-28 11:00:00,2988.0,2991.0,2987.0,2990.0,9679.0,2439717.0,2439658.0
2026-04-28 11:05:00,2990.0,2994.0,2990.0,2993.0,14299.0,2439658.0,2437110.0
2026-04-28 11:10:00,2993.0,2995.0,2992.0,2995.0,7878.0,2437110.0,2437208.0
2026-04-28 11:15:00,2995.0,2995.0,2993.0,2993.0,6971.0,2437208.0,2437004.0
2026-04-28 11:20:00,2993.0,2998.0,2992.0,2998.0,11532.0,2437004.0,2437948.0
2026-04-28 11:25:00,2998.0,2998.0,2996.0,2997.0,9638.0,2437948.0,2437923.0
2026-04-28 13:30:00,2997.0,2999.0,2995.0,2998.0,21935.0,2437923.0,2438413.0
2026-04-28 13:35:00,2998.0,2999.0,2997.0,2997.0,9362.0,2438413.0,2438580.0
2026-04-28 13:40:00,2997.0,3001.0,2997.0,3001.0,9578.0,2438580.0,2439469.0
2026-04-28 13:45:00,3001.0,3001.0,2998.0,3001.0,11048.0,2439469.0,2440389.0
2026-04-28 13:50:00,3001.0,3003.0,2999.0,3002.0,9270.0,2440389.0,2440276.0
2026-04-28 13:55:00,3002.0,3009.0,3002.0,3007.0,35242.0,2440276.0,2444163.0
2026-04-28 14:00:00,3007.0,3008.0,3003.0,3004.0,15496.0,2444163.0,2443673.0
2026-04-28 14:05:00,3004.0,3006.0,3003.0,3005.0,16313.0,2443673.0,2447135.0
2026-04-28 14:10:00,3005.0,3006.0,3004.0,3005.0,5553.0,2447135.0,2448911.0
2026-04-28 14:15:00,3005.0,3006.0,3002.0,3002.0,7897.0,2448911.0,2449563.0
2026-04-28 14:20:00,3002.0,3003.0,3002.0,3002.0,5506.0,2449563.0,2447914.0
2026-04-28 14:25:00,3002.0,3004.0,3000.0,3003.0,8010.0,2447914.0,2447140.0
2026-04-28 14:30:00,3003.0,3004.0,3001.0,3002.0,7117.0,2447140.0,2448425.0
2026-04-28 14:35:00,3002.0,3008.0,3001.0,3008.0,16507.0,2448425.0,2450106.0
2026-04-28 14:40:00,3008.0,3008.0,3006.0,3006.0,8593.0,2450106.0,2449743.0
2026-04-28 14:45:00,3006.0,3007.0,3005.0,3007.0,10971.0,2449743.0,2449800.0
2026-04-28 14:50:00,3007.0,3007.0,3003.0,3005.0,13777.0,2449800.0,2449484.0
2026-04-28 14:55:00,3005.0,3008.0,3003.0,3006.0,24017.0,2449484.0,2447273.0
2026-04-28 21:00:00,3010.0,3016.0,3008.0,3011.0,64406.0,2447273.0,2457102.0
2026-04-28 21:05:00,3011.0,3018.0,3010.0,3013.0,46928.0,2457102.0,2461497.0
2026-04-28 21:10:00,3013.0,3015.0,3010.0,3013.0,21490.0,2461497.0,2461551.0
2026-04-28 21:15:00,3013.0,3017.0,3013.0,3016.0,14606.0,2461551.0,2463420.0
2026-04-28 21:20:00,3016.0,3017.0,3011.0,3013.0,15218.0,2463420.0,2465811.0
2026-04-28 21:25:00,3013.0,3013.0,3006.0,3008.0,31097.0,2465811.0,2461017.0
2026-04-28 21:30:00,3008.0,3009.0,3004.0,3006.0,25041.0,2461017.0,2459064.0
2026-04-28 21:35:00,3006.0,3006.0,3002.0,3004.0,21900.0,2459064.0,2459177.0
2026-04-28 21:40:00,3004.0,3005.0,3002.0,3004.0,12979.0,2459177.0,2457766.0
2026-04-28 21:45:00,3004.0,3004.0,3000.0,3000.0,13727.0,2457766.0,2455781.0
2026-04-28 21:50:00,3000.0,3002.0,2996.0,3002.0,37867.0,2455781.0,2457122.0
2026-04-28 21:55:00,3002.0,3002.0,2999.0,3001.0,13145.0,2457122.0,2460168.0
2026-04-28 22:00:00,3001.0,3003.0,3000.0,3002.0,8873.0,2460168.0,2460330.0
2026-04-28 22:05:00,3002.0,3005.0,3002.0,3004.0,10182.0,2460330.0,2461367.0
2026-04-28 22:10:00,3004.0,3007.0,3004.0,3006.0,10998.0,2461367.0,2463150.0
2026-04-28 22:15:00,3006.0,3007.0,3005.0,3007.0,6624.0,2463150.0,2464042.0
2026-04-28 22:20:00,3007.0,3007.0,3005.0,3005.0,6623.0,2464042.0,2464443.0
2026-04-28 22:25:00,3005.0,3008.0,3005.0,3006.0,6933.0,2464443.0,2464239.0
2026-04-28 22:30:00,3006.0,3007.0,3005.0,3006.0,8139.0,2464239.0,2465654.0
2026-04-28 22:35:00,3006.0,3007.0,3004.0,3007.0,7392.0,2465654.0,2464547.0
2026-04-28 22:40:00,3007.0,3007.0,3005.0,3006.0,4532.0,2464547.0,2465296.0
2026-04-28 22:45:00,3006.0,3006.0,3004.0,3004.0,4500.0,2465296.0,2465363.0
2026-04-28 22:50:00,3004.0,3006.0,3004.0,3004.0,2977.0,2465363.0,2464757.0
2026-04-28 22:55:00,3004.0,3005.0,3001.0,3003.0,14767.0,2464757.0,2459010.0
2026-04-29 09:00:00,3009.0,3015.0,3009.0,3011.0,47598.0,2459010.0,2463448.0
2026-04-29 09:05:00,3011.0,3015.0,3010.0,3014.0,24425.0,2463448.0,2468063.0
2026-04-29 09:10:00,3014.0,3016.0,3011.0,3015.0,14542.0,2468063.0,2470739.0
2026-04-29 09:15:00,3015.0,3018.0,3014.0,3015.0,25312.0,2470739.0,2473516.0
2026-04-29 09:20:00,3015.0,3015.0,3012.0,3014.0,15327.0,2473516.0,2471981.0
2026-04-29 09:25:00,3014.0,3017.0,3013.0,3017.0,11497.0,2471981.0,2474465.0
2026-04-29 09:30:00,3017.0,3019.0,3016.0,3017.0,21023.0,2474465.0,2477315.0
2026-04-29 09:35:00,3017.0,3022.0,3017.0,3021.0,27900.0,2477315.0,2478454.0
2026-04-29 09:40:00,3021.0,3026.0,3021.0,3024.0,33725.0,2478454.0,2481703.0
2026-04-29 09:45:00,3024.0,3028.0,3021.0,3025.0,25503.0,2481703.0,2483932.0
2026-04-29 09:50:00,3025.0,3030.0,3023.0,3024.0,27714.0,2483932.0,2489680.0
2026-04-29 09:55:00,3024.0,3027.0,3023.0,3026.0,21404.0,2489680.0,2493415.0
2026-04-29 10:00:00,3026.0,3026.0,3023.0,3023.0,8506.0,2493415.0,2494254.0
2026-04-29 10:05:00,3023.0,3025.0,3022.0,3024.0,14904.0,2494254.0,2496523.0
2026-04-29 10:10:00,3024.0,3029.0,3024.0,3029.0,23131.0,2496523.0,2498588.0
2026-04-29 10:30:00,3028.0,3030.0,3024.0,3027.0,33012.0,2498588.0,2505057.0
2026-04-29 10:35:00,3027.0,3029.0,3026.0,3027.0,11581.0,2505057.0,2506023.0
2026-04-29 10:40:00,3027.0,3029.0,3026.0,3028.0,7918.0,2506023.0,2506086.0
2026-04-29 10:45:00,3028.0,3028.0,3023.0,3024.0,16109.0,2506086.0,2506427.0
2026-04-29 10:50:00,3024.0,3027.0,3023.0,3025.0,12888.0,2506427.0,2509998.0
2026-04-29 10:55:00,3025.0,3028.0,3025.0,3027.0,6991.0,2509998.0,2510480.0
2026-04-29 11:00:00,3027.0,3031.0,3027.0,3027.0,21821.0,2510480.0,2515594.0
2026-04-29 11:05:00,3027.0,3034.0,3026.0,3032.0,23966.0,2515594.0,2519559.0
2026-04-29 11:10:00,3032.0,3032.0,3030.0,3031.0,10532.0,2519559.0,2522221.0
2026-04-29 11:15:00,3031.0,3031.0,3028.0,3028.0,11654.0,2522221.0,2520822.0
2026-04-29 11:20:00,3028.0,3030.0,3027.0,3028.0,7631.0,2520822.0,2520744.0
2026-04-29 11:25:00,3028.0,3028.0,3023.0,3024.0,17041.0,2520744.0,2517217.0
2026-04-29 13:30:00,3024.0,3027.0,3021.0,3024.0,18910.0,2517217.0,2515427.0
2026-04-29 13:35:00,3024.0,3026.0,3023.0,3023.0,9394.0,2515427.0,2517067.0
2026-04-29 13:40:00,3023.0,3024.0,3019.0,3021.0,16427.0,2517067.0,2515340.0
2026-04-29 13:45:00,3021.0,3022.0,3018.0,3020.0,18163.0,2515340.0,2512029.0
2026-04-29 13:50:00,3020.0,3025.0,3020.0,3024.0,12460.0,2512029.0,2512372.0
2026-04-29 13:55:00,3024.0,3029.0,3024.0,3028.0,12977.0,2512372.0,2514469.0
2026-04-29 14:00:00,3028.0,3029.0,3021.0,3021.0,20058.0,2514469.0,2514554.0
2026-04-29 14:05:00,3021.0,3023.0,3019.0,3021.0,13941.0,2514554.0,2511944.0
2026-04-29 14:10:00,3021.0,3021.0,3016.0,3019.0,18584.0,2511944.0,2511310.0
2026-04-29 14:15:00,3019.0,3022.0,3018.0,3022.0,15835.0,2511310.0,2513539.0
2026-04-29 14:20:00,3022.0,3024.0,3021.0,3023.0,7846.0,2513539.0,2513312.0
2026-04-29 14:25:00,3023.0,3025.0,3022.0,3024.0,13444.0,2513312.0,2515099.0
2026-04-29 14:30:00,3024.0,3025.0,3022.0,3025.0,16663.0,2515099.0,2517866.0
2026-04-29 14:35:00,3025.0,3026.0,3021.0,3023.0,17050.0,2517866.0,2520429.0
2026-04-29 14:40:00,3023.0,3025.0,3022.0,3023.0,7811.0,2520429.0,2520114.0
2026-04-29 14:45:00,3023.0,3026.0,3022.0,3024.0,15882.0,2520114.0,2520892.0
2026-04-29 14:50:00,3024.0,3026.0,3021.0,3021.0,16328.0,2520892.0,2518326.0
2026-04-29 14:55:00,3021.0,3022.0,3019.0,3020.0,21048.0,2518326.0,2513695.0
2026-04-29 21:00:00,3018.0,3025.0,3017.0,3022.0,48379.0,2513695.0,2514921.0
2026-04-29 21:05:00,3022.0,3022.0,3018.0,3019.0,21969.0,2514921.0,2513829.0
2026-04-29 21:10:00,3019.0,3022.0,3019.0,3020.0,14068.0,2513829.0,2512729.0
2026-04-29 21:15:00,3020.0,3024.0,3019.0,3023.0,13222.0,2512729.0,2513774.0
2026-04-29 21:20:00,3023.0,3025.0,3023.0,3024.0,11839.0,2513774.0,2515427.0
2026-04-29 21:25:00,3024.0,3025.0,3019.0,3020.0,14053.0,2515427.0,2514166.0
2026-04-29 21:30:00,3020.0,3023.0,3019.0,3022.0,10612.0,2514166.0,2515689.0
2026-04-29 21:35:00,3022.0,3023.0,3018.0,3019.0,18630.0,2515689.0,2517343.0
2026-04-29 21:40:00,3019.0,3022.0,3019.0,3021.0,6693.0,2517343.0,2517784.0
2026-04-29 21:45:00,3021.0,3022.0,3019.0,3020.0,7194.0,2517784.0,2516660.0
2026-04-29 21:50:00,3020.0,3020.0,3015.0,3016.0,18306.0,2516660.0,2516032.0
2026-04-29 21:55:00,3016.0,3018.0,3015.0,3016.0,12019.0,2516032.0,2517579.0
2026-04-29 22:00:00,3016.0,3017.0,3013.0,3014.0,9848.0,2517579.0,2516385.0
2026-04-29 22:05:00,3014.0,3017.0,3013.0,3015.0,7928.0,2516385.0,2515830.0
2026-04-29 22:10:00,3015.0,3016.0,3014.0,3016.0,3576.0,2515830.0,2515279.0
2026-04-29 22:15:00,3016.0,3016.0,3013.0,3014.0,8295.0,2515279.0,2514141.0
2026-04-29 22:20:00,3014.0,3016.0,3012.0,3014.0,12898.0,2514141.0,2513847.0
2026-04-29 22:25:00,3014.0,3015.0,3011.0,3015.0,11870.0,2513847.0,2513281.0
2026-04-29 22:30:00,3015.0,3016.0,3012.0,3013.0,10087.0,2513281.0,2513795.0
2026-04-29 22:35:00,3013.0,3014.0,3012.0,3014.0,4381.0,2513795.0,2513654.0
2026-04-29 22:40:00,3014.0,3015.0,3013.0,3014.0,1466.0,2513654.0,2513469.0
2026-04-29 22:45:00,3014.0,3014.0,3012.0,3014.0,5478.0,2513469.0,2512990.0
2026-04-29 22:50:00,3014.0,3014.0,3009.0,3010.0,22083.0,2512990.0,2514280.0
2026-04-29 22:55:00,3010.0,3013.0,3007.0,3012.0,18679.0,2514280.0,2514326.0
2026-04-30 09:00:00,3020.0,3040.0,3020.0,3036.0,97402.0,2514326.0,2517486.0
2026-04-30 09:05:00,3036.0,3042.0,3036.0,3037.0,69523.0,2517486.0,2520915.0
2026-04-30 09:10:00,3037.0,3037.0,3033.0,3036.0,30647.0,2520915.0,2521283.0
2026-04-30 09:15:00,3036.0,3037.0,3030.0,3032.0,18392.0,2521283.0,2520250.0
2026-04-30 09:20:00,3032.0,3036.0,3030.0,3036.0,15334.0,2520250.0,2519551.0
2026-04-30 09:25:00,3036.0,3036.0,3031.0,3033.0,8064.0,2519551.0,2520266.0
2026-04-30 09:30:00,3033.0,3034.0,3026.0,3028.0,24041.0,2520266.0,2516853.0
2026-04-30 09:35:00,3028.0,3029.0,3026.0,3028.0,8308.0,2516853.0,2516232.0
2026-04-30 09:40:00,3028.0,3029.0,3026.0,3028.0,10071.0,2516232.0,2517404.0
2026-04-30 09:45:00,3028.0,3030.0,3027.0,3030.0,5412.0,2517404.0,2518380.0
2026-04-30 09:50:00,3030.0,3032.0,3028.0,3029.0,12185.0,2518380.0,2518956.0
2026-04-30 09:55:00,3029.0,3033.0,3029.0,3033.0,8011.0,2518956.0,2518462.0
2026-04-30 10:00:00,3033.0,3035.0,3031.0,3034.0,14261.0,2518462.0,2519614.0
2026-04-30 10:05:00,3034.0,3035.0,3031.0,3034.0,9173.0,2519614.0,2520350.0
2026-04-30 10:10:00,3034.0,3035.0,3031.0,3032.0,10002.0,2520350.0,2520737.0
2026-04-30 10:30:00,3032.0,3036.0,3030.0,3031.0,15889.0,2520737.0,2521655.0
2026-04-30 10:35:00,3031.0,3033.0,3029.0,3031.0,9729.0,2521655.0,2521796.0
2026-04-30 10:40:00,3031.0,3031.0,3028.0,3028.0,8075.0,2521796.0,2522692.0
2026-04-30 10:45:00,3028.0,3029.0,3027.0,3027.0,7822.0,2522692.0,2523942.0
2026-04-30 10:50:00,3027.0,3030.0,3026.0,3030.0,9143.0,2523942.0,2525754.0
2026-04-30 10:55:00,3030.0,3033.0,3029.0,3032.0,6124.0,2525754.0,2525622.0
2026-04-30 11:00:00,3032.0,3032.0,3030.0,3031.0,4072.0,2525622.0,2525208.0
2026-04-30 11:05:00,3031.0,3033.0,3031.0,3033.0,2644.0,2525208.0,2525018.0
2026-04-30 11:10:00,3033.0,3033.0,3031.0,3032.0,6351.0,2525018.0,2524539.0
2026-04-30 11:15:00,3032.0,3032.0,3029.0,3029.0,7656.0,2524539.0,2524900.0
2026-04-30 11:20:00,3029.0,3030.0,3027.0,3027.0,6449.0,2524900.0,2524703.0
2026-04-30 11:25:00,3027.0,3030.0,3026.0,3029.0,9471.0,2524703.0,2522787.0
2026-04-30 13:30:00,3030.0,3031.0,3017.0,3020.0,30856.0,2522787.0,2515604.0
2026-04-30 13:35:00,3020.0,3022.0,3019.0,3020.0,12182.0,2515604.0,2514665.0
2026-04-30 13:40:00,3020.0,3024.0,3020.0,3023.0,9537.0,2514665.0,2515102.0
2026-04-30 13:45:00,3023.0,3023.0,3019.0,3020.0,9961.0,2515102.0,2514480.0
2026-04-30 13:50:00,3020.0,3021.0,3018.0,3020.0,6185.0,2514480.0,2514139.0
2026-04-30 13:55:00,3020.0,3022.0,3020.0,3021.0,5789.0,2514139.0,2513076.0
2026-04-30 14:00:00,3021.0,3022.0,3014.0,3015.0,25258.0,2513076.0,2511028.0
2026-04-30 14:05:00,3015.0,3017.0,3014.0,3016.0,12377.0,2511028.0,2509638.0
2026-04-30 14:10:00,3016.0,3016.0,3012.0,3013.0,19469.0,2509638.0,2504680.0
2026-04-30 14:15:00,3013.0,3021.0,3013.0,3020.0,18072.0,2504680.0,2502632.0
2026-04-30 14:20:00,3020.0,3022.0,3019.0,3021.0,9493.0,2502632.0,2501453.0
2026-04-30 14:25:00,3021.0,3023.0,3020.0,3022.0,10902.0,2501453.0,2503669.0
2026-04-30 14:30:00,3022.0,3022.0,3020.0,3020.0,6029.0,2503669.0,2503303.0
2026-04-30 14:35:00,3020.0,3021.0,3019.0,3019.0,10240.0,2503303.0,2502432.0
2026-04-30 14:40:00,3019.0,3022.0,3019.0,3020.0,8876.0,2502432.0,2502033.0
2026-04-30 14:45:00,3020.0,3022.0,3019.0,3020.0,12602.0,2502033.0,2499729.0
2026-04-30 14:50:00,3020.0,3022.0,3020.0,3021.0,9276.0,2499729.0,2498441.0
2026-04-30 14:55:00,3021.0,3023.0,3020.0,3021.0,21799.0,2498441.0,2493483.0
2026-05-06 09:00:00,3040.0,3040.0,3022.0,3032.0,96929.0,2493483.0,2494313.0
2026-05-06 09:05:00,3032.0,3039.0,3028.0,3031.0,50713.0,2494313.0,2500092.0
2026-05-06 09:10:00,3031.0,3036.0,3030.0,3034.0,27467.0,2500092.0,2499227.0
2026-05-06 09:15:00,3034.0,3034.0,3026.0,3027.0,29092.0,2499227.0,2497316.0
2026-05-06 09:20:00,3027.0,3027.0,3019.0,3021.0,37591.0,2497316.0,2494618.0
2026-05-06 09:25:00,3021.0,3022.0,3016.0,3019.0,33639.0,2494618.0,2490759.0
2026-05-06 09:30:00,3019.0,3021.0,3017.0,3021.0,16483.0,2490759.0,2492032.0
2026-05-06 09:35:00,3021.0,3021.0,3016.0,3018.0,13694.0,2492032.0,2493697.0
2026-05-06 09:40:00,3018.0,3022.0,3017.0,3022.0,12395.0,2493697.0,2495520.0
2026-05-06 09:45:00,3022.0,3023.0,3018.0,3020.0,11760.0,2495520.0,2496156.0
2026-05-06 09:50:00,3020.0,3021.0,3017.0,3018.0,10871.0,2496156.0,2496365.0
2026-05-06 09:55:00,3018.0,3020.0,3014.0,3015.0,20744.0,2496365.0,2497025.0
2026-05-06 10:00:00,3015.0,3021.0,3015.0,3020.0,16137.0,2497025.0,2498566.0
2026-05-06 10:05:00,3020.0,3023.0,3017.0,3022.0,15806.0,2498566.0,2500965.0
2026-05-06 10:10:00,3022.0,3025.0,3020.0,3025.0,9020.0,2500965.0,2501284.0
2026-05-06 10:30:00,3025.0,3025.0,3018.0,3020.0,17841.0,2501284.0,2500707.0
2026-05-06 10:35:00,3020.0,3020.0,3016.0,3017.0,10192.0,2500707.0,2501666.0
2026-05-06 10:40:00,3017.0,3020.0,3017.0,3020.0,5209.0,2501666.0,2502755.0
2026-05-06 10:45:00,3020.0,3021.0,3018.0,3019.0,6266.0,2502755.0,2503923.0
2026-05-06 10:50:00,3019.0,3020.0,3018.0,3018.0,5370.0,2503923.0,2505438.0
2026-05-06 10:55:00,3018.0,3019.0,3014.0,3015.0,11520.0,2505438.0,2506743.0
2026-05-06 11:00:00,3015.0,3016.0,3010.0,3011.0,22130.0,2506743.0,2509133.0
2026-05-06 11:05:00,3011.0,3012.0,3006.0,3010.0,31120.0,2509133.0,2510635.0
2026-05-06 11:10:00,3010.0,3010.0,3005.0,3006.0,25005.0,2510635.0,2511156.0
2026-05-06 11:15:00,3006.0,3008.0,3005.0,3008.0,16835.0,2511156.0,2514165.0
2026-05-06 11:20:00,3008.0,3010.0,3006.0,3009.0,11460.0,2514165.0,2513675.0
2026-05-06 11:25:00,3009.0,3011.0,3007.0,3010.0,11023.0,2513675.0,2515515.0
2026-05-06 13:30:00,3011.0,3014.0,3009.0,3011.0,15399.0,2515515.0,2515277.0
2026-05-06 13:35:00,3011.0,3011.0,3005.0,3007.0,16133.0,2515277.0,2516210.0
2026-05-06 13:40:00,3007.0,3007.0,3002.0,3003.0,20215.0,2516210.0,2516642.0
2026-05-06 13:45:00,3003.0,3008.0,3000.0,3007.0,28418.0,2516642.0,2514117.0
2026-05-06 13:50:00,3007.0,3007.0,3002.0,3004.0,15737.0,2514117.0,2514205.0
2026-05-06 13:55:00,3004.0,3005.0,2999.0,3002.0,24920.0,2514205.0,2515739.0
2026-05-06 14:00:00,3002.0,3004.0,2998.0,3003.0,24357.0,2515739.0,2512423.0
2026-05-06 14:05:00,3003.0,3004.0,2999.0,3000.0,16575.0,2512423.0,2510367.0
2026-05-06 14:10:00,3000.0,3005.0,3000.0,3004.0,13621.0,2510367.0,2510026.0
2026-05-06 14:15:00,3004.0,3008.0,3004.0,3007.0,16761.0,2510026.0,2507182.0
2026-05-06 14:20:00,3007.0,3009.0,3005.0,3005.0,16259.0,2507182.0,2505631.0
2026-05-06 14:25:00,3005.0,3008.0,3005.0,3006.0,9462.0,2505631.0,2504064.0
2026-05-06 14:30:00,3006.0,3007.0,3005.0,3005.0,5488.0,2504064.0,2503093.0
2026-05-06 14:35:00,3005.0,3007.0,3004.0,3006.0,7910.0,2503093.0,2500943.0
2026-05-06 14:40:00,3006.0,3008.0,3004.0,3008.0,9645.0,2500943.0,2499511.0
2026-05-06 14:45:00,3008.0,3009.0,3007.0,3008.0,8099.0,2499511.0,2499093.0
2026-05-06 14:50:00,3008.0,3009.0,3006.0,3008.0,10368.0,2499093.0,2498891.0
2026-05-06 14:55:00,3008.0,3009.0,3006.0,3007.0,19865.0,2498891.0,2493929.0
2026-05-06 21:00:00,3004.0,3008.0,3002.0,3007.0,51907.0,2493929.0,2492501.0
2026-05-06 21:05:00,3007.0,3012.0,3006.0,3011.0,41423.0,2492501.0,2499705.0
2026-05-06 21:10:00,3011.0,3013.0,3008.0,3009.0,21434.0,2499705.0,2504148.0
2026-05-06 21:15:00,3009.0,3012.0,3008.0,3008.0,13859.0,2504148.0,2504126.0
2026-05-06 21:20:00,3008.0,3011.0,3007.0,3010.0,13824.0,2504126.0,2504062.0
2026-05-06 21:25:00,3010.0,3014.0,3010.0,3013.0,23143.0,2504062.0,2505265.0
2026-05-06 21:30:00,3013.0,3014.0,3009.0,3010.0,15838.0,2505265.0,2509189.0
2026-05-06 21:35:00,3010.0,3014.0,3007.0,3014.0,18085.0,2509189.0,2510154.0
2026-05-06 21:40:00,3014.0,3014.0,3010.0,3010.0,14048.0,2510154.0,2513373.0
2026-05-06 21:45:00,3010.0,3013.0,3010.0,3011.0,6280.0,2513373.0,2514965.0
2026-05-06 21:50:00,3011.0,3013.0,3011.0,3012.0,8049.0,2514965.0,2516055.0
2026-05-06 21:55:00,3012.0,3012.0,3007.0,3008.0,12166.0,2516055.0,2514324.0
2026-05-06 22:00:00,3008.0,3009.0,3006.0,3006.0,12242.0,2514324.0,2515269.0
2026-05-06 22:05:00,3006.0,3011.0,3005.0,3006.0,17015.0,2515269.0,2518137.0
2026-05-06 22:10:00,3006.0,3007.0,2999.0,3002.0,35613.0,2518137.0,2515081.0
2026-05-06 22:15:00,3002.0,3002.0,2999.0,3001.0,14094.0,2515081.0,2516148.0
2026-05-06 22:20:00,3001.0,3004.0,3000.0,3003.0,12104.0,2516148.0,2517922.0
2026-05-06 22:25:00,3003.0,3004.0,3001.0,3003.0,6606.0,2517922.0,2517879.0
2026-05-06 22:30:00,3003.0,3005.0,3002.0,3004.0,7492.0,2517879.0,2517846.0
2026-05-06 22:35:00,3004.0,3005.0,3001.0,3001.0,6714.0,2517846.0,2516459.0
2026-05-06 22:40:00,3001.0,3003.0,3001.0,3001.0,4968.0,2516459.0,2514851.0
2026-05-06 22:45:00,3001.0,3005.0,3001.0,3005.0,10815.0,2514851.0,2514778.0
2026-05-06 22:50:00,3005.0,3007.0,3003.0,3005.0,8601.0,2514778.0,2514204.0
2026-05-06 22:55:00,3005.0,3007.0,3003.0,3003.0,12679.0,2514204.0,2511838.0
2026-05-07 09:00:00,3003.0,3011.0,3003.0,3010.0,30151.0,2511838.0,2512162.0
2026-05-07 09:05:00,3010.0,3012.0,3005.0,3007.0,14694.0,2512162.0,2513001.0
2026-05-07 09:10:00,3007.0,3007.0,2999.0,3001.0,26403.0,2513001.0,2515253.0
2026-05-07 09:15:00,3001.0,3003.0,3000.0,3002.0,7940.0,2515253.0,2515704.0
2026-05-07 09:20:00,3002.0,3003.0,3000.0,3001.0,7976.0,2515704.0,2515900.0
2026-05-07 09:25:00,3001.0,3002.0,2993.0,2994.0,39134.0,2515900.0,2512013.0
2026-05-07 09:30:00,2994.0,2997.0,2991.0,2994.0,33406.0,2512013.0,2511614.0
2026-05-07 09:35:00,2994.0,2994.0,2989.0,2993.0,22771.0,2511614.0,2511225.0
2026-05-07 09:40:00,2993.0,2995.0,2992.0,2995.0,9944.0,2511225.0,2511970.0
2026-05-07 09:45:00,2995.0,2995.0,2991.0,2993.0,10001.0,2511970.0,2511587.0
2026-05-07 09:50:00,2993.0,2995.0,2992.0,2993.0,7229.0,2511587.0,2510789.0
2026-05-07 09:55:00,2993.0,2996.0,2992.0,2994.0,10061.0,2510789.0,2509834.0
2026-05-07 10:00:00,2994.0,2995.0,2992.0,2993.0,8213.0,2509834.0,2510979.0
2026-05-07 10:05:00,2993.0,2993.0,2990.0,2992.0,12999.0,2510979.0,2509551.0
2026-05-07 10:10:00,2992.0,2993.0,2990.0,2992.0,6464.0,2509551.0,2508777.0
2026-05-07 10:30:00,2991.0,2993.0,2986.0,2988.0,31769.0,2508777.0,2506622.0
2026-05-07 10:35:00,2988.0,2990.0,2984.0,2985.0,30513.0,2506622.0,2504696.0
2026-05-07 10:40:00,2985.0,2987.0,2985.0,2986.0,12184.0,2504696.0,2505841.0
2026-05-07 10:45:00,2986.0,2988.0,2984.0,2987.0,13897.0,2505841.0,2505998.0
2026-05-07 10:50:00,2987.0,2988.0,2985.0,2986.0,12737.0,2505998.0,2507549.0
2026-05-07 10:55:00,2986.0,2986.0,2982.0,2983.0,14636.0,2507549.0,2509588.0
2026-05-07 11:00:00,2983.0,2985.0,2982.0,2983.0,12237.0,2509588.0,2510813.0
2026-05-07 11:05:00,2983.0,2986.0,2983.0,2985.0,11368.0,2510813.0,2511607.0
2026-05-07 11:10:00,2985.0,2986.0,2984.0,2984.0,7780.0,2511607.0,2513679.0
2026-05-07 11:15:00,2984.0,2989.0,2984.0,2988.0,10751.0,2513679.0,2512769.0
2026-05-07 11:20:00,2988.0,2989.0,2985.0,2986.0,8260.0,2512769.0,2514267.0
2026-05-07 11:25:00,2986.0,2987.0,2985.0,2986.0,7400.0,2514267.0,2513783.0
2026-05-07 13:30:00,2987.0,2989.0,2985.0,2989.0,13868.0,2513783.0,2513929.0
2026-05-07 13:35:00,2989.0,2989.0,2986.0,2986.0,10926.0,2513929.0,2515528.0
2026-05-07 13:40:00,2986.0,2988.0,2985.0,2988.0,10626.0,2515528.0,2515760.0
2026-05-07 13:45:00,2988.0,2989.0,2985.0,2985.0,8011.0,2515760.0,2517105.0
2026-05-07 13:50:00,2985.0,2987.0,2985.0,2985.0,7433.0,2517105.0,2516401.0
2026-05-07 13:55:00,2985.0,2986.0,2983.0,2984.0,7986.0,2516401.0,2517854.0
2026-05-07 14:00:00,2984.0,2987.0,2984.0,2986.0,8306.0,2517854.0,2519338.0
2026-05-07 14:05:00,2986.0,2987.0,2982.0,2982.0,17384.0,2519338.0,2522583.0
2026-05-07 14:10:00,2982.0,2983.0,2981.0,2981.0,10434.0,2522583.0,2523879.0
2026-05-07 14:15:00,2981.0,2982.0,2981.0,2982.0,8338.0,2523879.0,2526276.0
2026-05-07 14:20:00,2982.0,2983.0,2981.0,2982.0,4610.0,2526276.0,2526803.0
2026-05-07 14:25:00,2982.0,2983.0,2981.0,2983.0,15473.0,2526803.0,2530175.0
2026-05-07 14:30:00,2983.0,2986.0,2982.0,2986.0,12612.0,2530175.0,2529973.0
2026-05-07 14:35:00,2986.0,2986.0,2983.0,2986.0,7437.0,2529973.0,2530882.0
2026-05-07 14:40:00,2986.0,2986.0,2984.0,2985.0,10270.0,2530882.0,2529372.0
2026-05-07 14:45:00,2985.0,2989.0,2984.0,2989.0,15954.0,2529372.0,2529047.0
2026-05-07 14:50:00,2989.0,2989.0,2986.0,2986.0,10166.0,2529047.0,2528346.0
2026-05-07 14:55:00,2986.0,2990.0,2985.0,2988.0,30445.0,2528346.0,2520503.0
2026-05-07 21:00:00,2985.0,2987.0,2980.0,2982.0,53429.0,2520503.0,2520896.0
2026-05-07 21:05:00,2982.0,2983.0,2979.0,2981.0,22262.0,2520896.0,2522014.0
2026-05-07 21:10:00,2981.0,2986.0,2981.0,2984.0,18558.0,2522014.0,2524223.0
2026-05-07 21:15:00,2984.0,2986.0,2983.0,2984.0,11099.0,2524223.0,2526689.0
2026-05-07 21:20:00,2984.0,2986.0,2982.0,2982.0,11670.0,2526689.0,2527790.0
2026-05-07 21:25:00,2982.0,2989.0,2982.0,2989.0,19178.0,2527790.0,2531884.0
2026-05-07 21:30:00,2989.0,2994.0,2987.0,2991.0,50403.0,2531884.0,2540633.0
2026-05-07 21:35:00,2991.0,2995.0,2991.0,2994.0,22244.0,2540633.0,2543759.0
2026-05-07 21:40:00,2994.0,2996.0,2992.0,2994.0,23070.0,2543759.0,2541929.0
2026-05-07 21:45:00,2994.0,2997.0,2993.0,2995.0,18298.0,2541929.0,2541146.0
2026-05-07 21:50:00,2995.0,2998.0,2994.0,2994.0,22412.0,2541146.0,2543716.0
2026-05-07 21:55:00,2994.0,2995.0,2992.0,2994.0,9855.0,2543716.0,2542942.0
2026-05-07 22:00:00,2994.0,2995.0,2992.0,2993.0,8764.0,2542942.0,2543343.0
2026-05-07 22:05:00,2993.0,2994.0,2991.0,2992.0,7244.0,2543343.0,2542825.0
2026-05-07 22:10:00,2992.0,2994.0,2990.0,2991.0,9838.0,2542825.0,2543252.0
2026-05-07 22:15:00,2991.0,2994.0,2990.0,2992.0,8335.0,2543252.0,2544687.0
2026-05-07 22:20:00,2992.0,2993.0,2989.0,2990.0,10070.0,2544687.0,2546806.0
2026-05-07 22:25:00,2990.0,2992.0,2990.0,2990.0,3462.0,2546806.0,2546569.0
2026-05-07 22:30:00,2990.0,2993.0,2990.0,2991.0,7190.0,2546569.0,2547005.0
2026-05-07 22:35:00,2991.0,2992.0,2989.0,2989.0,9688.0,2547005.0,2548691.0
2026-05-07 22:40:00,2989.0,2992.0,2987.0,2990.0,15295.0,2548691.0,2551147.0
2026-05-07 22:45:00,2990.0,2992.0,2987.0,2987.0,11073.0,2551147.0,2553556.0
2026-05-07 22:50:00,2987.0,2988.0,2986.0,2988.0,7659.0,2553556.0,2552596.0
2026-05-07 22:55:00,2988.0,2988.0,2985.0,2987.0,14791.0,2552596.0,2548681.0
2026-05-08 09:00:00,2992.0,2995.0,2988.0,2990.0,27008.0,2548681.0,2547577.0
2026-05-08 09:05:00,2990.0,2993.0,2989.0,2990.0,12064.0,2547577.0,2549560.0
2026-05-08 09:10:00,2990.0,2991.0,2987.0,2988.0,11687.0,2549560.0,2547916.0
2026-05-08 09:15:00,2988.0,2991.0,2987.0,2987.0,9927.0,2547916.0,2549639.0
2026-05-08 09:20:00,2987.0,2989.0,2986.0,2987.0,9351.0,2549639.0,2549776.0
2026-05-08 09:25:00,2987.0,2988.0,2985.0,2987.0,13110.0,2549776.0,2550167.0
2026-05-08 09:30:00,2987.0,2988.0,2985.0,2985.0,8795.0,2550167.0,2552078.0
2026-05-08 09:35:00,2985.0,2987.0,2985.0,2985.0,7569.0,2552078.0,2552333.0
2026-05-08 09:40:00,2985.0,2986.0,2983.0,2983.0,13595.0,2552333.0,2552585.0
2026-05-08 09:45:00,2983.0,2986.0,2983.0,2983.0,11222.0,2552585.0,2553587.0
2026-05-08 09:50:00,2983.0,2985.0,2982.0,2983.0,8860.0,2553587.0,2556140.0
2026-05-08 09:55:00,2983.0,2988.0,2983.0,2988.0,10875.0,2556140.0,2555916.0
2026-05-08 10:00:00,2988.0,2991.0,2987.0,2991.0,18323.0,2555916.0,2556028.0
2026-05-08 10:05:00,2991.0,2991.0,2988.0,2990.0,9557.0,2556028.0,2555636.0
2026-05-08 10:10:00,2990.0,2990.0,2988.0,2988.0,4510.0,2555636.0,2555497.0
2026-05-08 10:30:00,2988.0,2990.0,2986.0,2990.0,9738.0,2555497.0,2556638.0
2026-05-08 10:35:00,2990.0,2994.0,2988.0,2994.0,21661.0,2556638.0,2558285.0
2026-05-08 10:40:00,2994.0,2994.0,2991.0,2992.0,10777.0,2558285.0,2558686.0
2026-05-08 10:45:00,2992.0,2994.0,2992.0,2994.0,8186.0,2558686.0,2559439.0
2026-05-08 10:50:00,2994.0,2994.0,2991.0,2991.0,11992.0,2559439.0,2560070.0
2026-05-08 10:55:00,2991.0,2993.0,2990.0,2990.0,8388.0,2560070.0,2561453.0
2026-05-08 11:00:00,2990.0,2991.0,2988.0,2989.0,12618.0,2561453.0,2561089.0
2026-05-08 11:05:00,2989.0,2990.0,2986.0,2987.0,8680.0,2561089.0,2559421.0
2026-05-08 11:10:00,2987.0,2990.0,2987.0,2988.0,6017.0,2559421.0,2559629.0
2026-05-08 11:15:00,2988.0,2989.0,2984.0,2984.0,15346.0,2559629.0,2559195.0
2026-05-08 11:20:00,2984.0,2986.0,2982.0,2983.0,18710.0,2559195.0,2560246.0
2026-05-08 11:25:00,2983.0,2984.0,2981.0,2984.0,17837.0,2560246.0,2560951.0
2026-05-08 13:30:00,2983.0,2985.0,2982.0,2983.0,17228.0,2560951.0,2563766.0
2026-05-08 13:35:00,2983.0,2986.0,2983.0,2986.0,17520.0,2563766.0,2563920.0
2026-05-08 13:40:00,2986.0,2989.0,2985.0,2987.0,11403.0,2563920.0,2564597.0
2026-05-08 13:45:00,2987.0,2992.0,2986.0,2991.0,15698.0,2564597.0,2562902.0
2026-05-08 13:50:00,2991.0,2992.0,2990.0,2990.0,10640.0,2562902.0,2561771.0
2026-05-08 13:55:00,2990.0,2994.0,2990.0,2993.0,18057.0,2561771.0,2559778.0
2026-05-08 14:00:00,2993.0,2994.0,2991.0,2993.0,10489.0,2559778.0,2558870.0
2026-05-08 14:05:00,2993.0,2995.0,2992.0,2994.0,12201.0,2558870.0,2558741.0
2026-05-08 14:10:00,2994.0,2999.0,2993.0,2999.0,29291.0,2558741.0,2560594.0
2026-05-08 14:15:00,2999.0,3005.0,2998.0,3004.0,53172.0,2560594.0,2563996.0
2026-05-08 14:20:00,3004.0,3005.0,3000.0,3001.0,27432.0,2563996.0,2567694.0
2026-05-08 14:25:00,3001.0,3002.0,2996.0,2997.0,26121.0,2567694.0,2565183.0
2026-05-08 14:30:00,2997.0,3000.0,2997.0,2998.0,19396.0,2565183.0,2565169.0
2026-05-08 14:35:00,2998.0,3001.0,2997.0,2999.0,19479.0,2565169.0,2565638.0
2026-05-08 14:40:00,2999.0,3004.0,2998.0,3002.0,30588.0,2565638.0,2568703.0
2026-05-08 14:45:00,3002.0,3007.0,3002.0,3007.0,29775.0,2568703.0,2567312.0
2026-05-08 14:50:00,3007.0,3007.0,2999.0,3000.0,26908.0,2567312.0,2563978.0
2026-05-08 14:55:00,3000.0,3003.0,2998.0,3003.0,28005.0,2563978.0,2560470.0
2026-05-08 21:00:00,3010.0,3014.0,3005.0,3010.0,69571.0,2560470.0,2566944.0
2026-05-08 21:05:00,3010.0,3010.0,3003.0,3006.0,27195.0,2566944.0,2571661.0
2026-05-08 21:10:00,3006.0,3010.0,3006.0,3008.0,13697.0,2571661.0,2574748.0
2026-05-08 21:15:00,3008.0,3009.0,3006.0,3006.0,12517.0,2574748.0,2577251.0
2026-05-08 21:20:00,3006.0,3010.0,3006.0,3009.0,16509.0,2577251.0,2575165.0
2026-05-08 21:25:00,3009.0,3011.0,3008.0,3009.0,18785.0,2575165.0,2576231.0
2026-05-08 21:30:00,3009.0,3014.0,3009.0,3013.0,20748.0,2576231.0,2574969.0
2026-05-08 21:35:00,3013.0,3014.0,3010.0,3010.0,14331.0,2574969.0,2574728.0
2026-05-08 21:40:00,3010.0,3012.0,3009.0,3010.0,8987.0,2574728.0,2573702.0
2026-05-08 21:45:00,3010.0,3011.0,3008.0,3010.0,9719.0,2573702.0,2572551.0
2026-05-08 21:50:00,3010.0,3010.0,3006.0,3006.0,8710.0,2572551.0,2570720.0
2026-05-08 21:55:00,3006.0,3008.0,3004.0,3006.0,15802.0,2570720.0,2569583.0
2026-05-08 22:00:00,3006.0,3007.0,3005.0,3006.0,8746.0,2569583.0,2570954.0
2026-05-08 22:05:00,3006.0,3007.0,3003.0,3004.0,10542.0,2570954.0,2569931.0
2026-05-08 22:10:00,3004.0,3006.0,3004.0,3004.0,6287.0,2569931.0,2569978.0
2026-05-08 22:15:00,3004.0,3007.0,3004.0,3007.0,5541.0,2569978.0,2570375.0
2026-05-08 22:20:00,3007.0,3008.0,3005.0,3006.0,5805.0,2570375.0,2570621.0
2026-05-08 22:25:00,3006.0,3008.0,3004.0,3008.0,8754.0,2570621.0,2571592.0
2026-05-08 22:30:00,3008.0,3008.0,3005.0,3006.0,5039.0,2571592.0,2571024.0
2026-05-08 22:35:00,3006.0,3007.0,3006.0,3007.0,2035.0,2571024.0,2570728.0
2026-05-08 22:40:00,3007.0,3008.0,3005.0,3007.0,4404.0,2570728.0,2570894.0
2026-05-08 22:45:00,3007.0,3008.0,3006.0,3008.0,6178.0,2570894.0,2569648.0
2026-05-08 22:50:00,3008.0,3008.0,3005.0,3005.0,4244.0,2569648.0,2569641.0
2026-05-08 22:55:00,3005.0,3007.0,3005.0,3005.0,12008.0,2569641.0,2565301.0
2026-05-11 09:00:00,3015.0,3022.0,3008.0,3016.0,80853.0,2565301.0,2561872.0
2026-05-11 09:05:00,3016.0,3018.0,3014.0,3015.0,24213.0,2561872.0,2560700.0
2026-05-11 09:10:00,3015.0,3016.0,3011.0,3014.0,17445.0,2560700.0,2559428.0
2026-05-11 09:15:00,3014.0,3016.0,3011.0,3016.0,17000.0,2559428.0,2560546.0
2026-05-11 09:20:00,3016.0,3017.0,3013.0,3014.0,14335.0,2560546.0,2561786.0
2026-05-11 09:25:00,3014.0,3014.0,3008.0,3010.0,21222.0,2561786.0,2558455.0
2026-05-11 09:30:00,3010.0,3014.0,3009.0,3014.0,16202.0,2558455.0,2558198.0
2026-05-11 09:35:00,3014.0,3017.0,3013.0,3016.0,12137.0,2558198.0,2559089.0
2026-05-11 09:40:00,3016.0,3025.0,3015.0,3023.0,42627.0,2559089.0,2561168.0
2026-05-11 09:45:00,3023.0,3029.0,3023.0,3028.0,39617.0,2561168.0,2563276.0
2026-05-11 09:50:00,3028.0,3029.0,3026.0,3028.0,27360.0,2563276.0,2565240.0
2026-05-11 09:55:00,3028.0,3030.0,3025.0,3029.0,26812.0,2565240.0,2565330.0
2026-05-11 10:00:00,3029.0,3031.0,3026.0,3030.0,23573.0,2565330.0,2566265.0
2026-05-11 10:05:00,3030.0,3031.0,3027.0,3028.0,17532.0,2566265.0,2564203.0
2026-05-11 10:10:00,3028.0,3029.0,3024.0,3024.0,12672.0,2564203.0,2563519.0
2026-05-11 10:30:00,3024.0,3029.0,3022.0,3024.0,20053.0,2563519.0,2563194.0
2026-05-11 10:35:00,3024.0,3025.0,3022.0,3023.0,9243.0,2563194.0,2562799.0
2026-05-11 10:40:00,3023.0,3026.0,3022.0,3026.0,8518.0,2562799.0,2564749.0
2026-05-11 10:45:00,3026.0,3026.0,3023.0,3025.0,8776.0,2564749.0,2564993.0
2026-05-11 10:50:00,3025.0,3025.0,3022.0,3023.0,5736.0,2564993.0,2564622.0
2026-05-11 10:55:00,3023.0,3025.0,3022.0,3024.0,8227.0,2564622.0,2565311.0
2026-05-11 11:00:00,3024.0,3026.0,3023.0,3026.0,8389.0,2565311.0,2566428.0
2026-05-11 11:05:00,3026.0,3028.0,3025.0,3027.0,7039.0,2566428.0,2566370.0
2026-05-11 11:10:00,3027.0,3029.0,3027.0,3029.0,12994.0,2566370.0,2568617.0
2026-05-11 11:15:00,3029.0,3029.0,3027.0,3029.0,7807.0,2568617.0,2568649.0
2026-05-11 11:20:00,3029.0,3030.0,3028.0,3029.0,15732.0,2568649.0,2571410.0
2026-05-11 11:25:00,3029.0,3030.0,3028.0,3028.0,8667.0,2571410.0,2570589.0
2026-05-11 13:30:00,3028.0,3039.0,3028.0,3038.0,47270.0,2570589.0,2578179.0
2026-05-11 13:35:00,3038.0,3046.0,3036.0,3042.0,76269.0,2578179.0,2585381.0
2026-05-11 13:40:00,3042.0,3044.0,3037.0,3038.0,31054.0,2585381.0,2587905.0
2026-05-11 13:45:00,3038.0,3041.0,3037.0,3037.0,22854.0,2587905.0,2589254.0
2026-05-11 13:50:00,3037.0,3041.0,3037.0,3038.0,16571.0,2589254.0,2587847.0
2026-05-11 13:55:00,3038.0,3038.0,3033.0,3034.0,20345.0,2587847.0,2586681.0
2026-05-11 14:00:00,3034.0,3037.0,3034.0,3035.0,12135.0,2586681.0,2587279.0
2026-05-11 14:05:00,3035.0,3039.0,3035.0,3038.0,9053.0,2587279.0,2588079.0
2026-05-11 14:10:00,3038.0,3040.0,3038.0,3039.0,7997.0,2588079.0,2589717.0
2026-05-11 14:15:00,3039.0,3040.0,3037.0,3038.0,8904.0,2589717.0,2591061.0
2026-05-11 14:20:00,3038.0,3041.0,3038.0,3040.0,11920.0,2591061.0,2590741.0
2026-05-11 14:25:00,3040.0,3043.0,3039.0,3042.0,12190.0,2590741.0,2592587.0
2026-05-11 14:30:00,3042.0,3045.0,3042.0,3043.0,21689.0,2592587.0,2599032.0
2026-05-11 14:35:00,3043.0,3046.0,3042.0,3045.0,16936.0,2599032.0,2601319.0
2026-05-11 14:40:00,3045.0,3047.0,3043.0,3044.0,18586.0,2601319.0,2605038.0
2026-05-11 14:45:00,3044.0,3046.0,3041.0,3041.0,18688.0,2605038.0,2605630.0
2026-05-11 14:50:00,3041.0,3043.0,3040.0,3040.0,17599.0,2605630.0,2605851.0
2026-05-11 14:55:00,3040.0,3042.0,3038.0,3039.0,27884.0,2605851.0,2601290.0
2026-05-11 21:00:00,3047.0,3049.0,3041.0,3045.0,67072.0,2601290.0,2612789.0
2026-05-11 21:05:00,3045.0,3045.0,3041.0,3044.0,21586.0,2612789.0,2613053.0
2026-05-11 21:10:00,3044.0,3047.0,3042.0,3043.0,26129.0,2613053.0,2616501.0
2026-05-11 21:15:00,3043.0,3045.0,3042.0,3043.0,15534.0,2616501.0,2616760.0
2026-05-11 21:20:00,3043.0,3044.0,3041.0,3043.0,11340.0,2616760.0,2618986.0
2026-05-11 21:25:00,3043.0,3043.0,3040.0,3042.0,10167.0,2618986.0,2619922.0
2026-05-11 21:30:00,3042.0,3042.0,3039.0,3040.0,13246.0,2619922.0,2620353.0
2026-05-11 21:35:00,3040.0,3041.0,3036.0,3037.0,23323.0,2620353.0,2618839.0
2026-05-11 21:40:00,3037.0,3039.0,3034.0,3037.0,17696.0,2618839.0,2615984.0
2026-05-11 21:45:00,3037.0,3037.0,3031.0,3032.0,19815.0,2615984.0,2614312.0
2026-05-11 21:50:00,3032.0,3032.0,3028.0,3032.0,27529.0,2614312.0,2613522.0
2026-05-11 21:55:00,3032.0,3034.0,3030.0,3034.0,9593.0,2613522.0,2613773.0
2026-05-11 22:00:00,3034.0,3036.0,3033.0,3036.0,11242.0,2613773.0,2613582.0
2026-05-11 22:05:00,3036.0,3039.0,3035.0,3036.0,10791.0,2613582.0,2615175.0
2026-05-11 22:10:00,3036.0,3039.0,3036.0,3038.0,5052.0,2615175.0,2615574.0
2026-05-11 22:15:00,3038.0,3039.0,3036.0,3037.0,6838.0,2615574.0,2616208.0
2026-05-11 22:20:00,3037.0,3038.0,3036.0,3037.0,3765.0,2616208.0,2616370.0
2026-05-11 22:25:00,3037.0,3038.0,3036.0,3037.0,4162.0,2616370.0,2616445.0
2026-05-11 22:30:00,3037.0,3039.0,3036.0,3037.0,6434.0,2616445.0,2616852.0
2026-05-11 22:35:00,3037.0,3039.0,3036.0,3038.0,5489.0,2616852.0,2617075.0
2026-05-11 22:40:00,3038.0,3039.0,3036.0,3037.0,3680.0,2617075.0,2616762.0
2026-05-11 22:45:00,3037.0,3037.0,3035.0,3037.0,4911.0,2616762.0,2616467.0
2026-05-11 22:50:00,3037.0,3038.0,3035.0,3036.0,7104.0,2616467.0,2615220.0
2026-05-11 22:55:00,3036.0,3038.0,3035.0,3036.0,10224.0,2615220.0,2610427.0
2026-05-12 09:00:00,3036.0,3039.0,3031.0,3031.0,38246.0,2610427.0,2607779.0
2026-05-12 09:05:00,3031.0,3036.0,3029.0,3034.0,26231.0,2607779.0,2610551.0
2026-05-12 09:10:00,3034.0,3034.0,3031.0,3033.0,16545.0,2610551.0,2613867.0
2026-05-12 09:15:00,3033.0,3037.0,3031.0,3036.0,9529.0,2613867.0,2615159.0
2026-05-12 09:20:00,3036.0,3039.0,3035.0,3037.0,8369.0,2615159.0,2616801.0
2026-05-12 09:25:00,3037.0,3041.0,3036.0,3040.0,23966.0,2616801.0,2615762.0
2026-05-12 09:30:00,3040.0,3040.0,3037.0,3039.0,14783.0,2615762.0,2618367.0
2026-05-12 09:35:00,3039.0,3039.0,3036.0,3037.0,12578.0,2618367.0,2618152.0
2026-05-12 09:40:00,3037.0,3039.0,3036.0,3037.0,7730.0,2618152.0,2620211.0
2026-05-12 09:45:00,3037.0,3043.0,3037.0,3043.0,15319.0,2620211.0,2621964.0
2026-05-12 09:50:00,3043.0,3043.0,3037.0,3038.0,9514.0,2621964.0,2622318.0
2026-05-12 09:55:00,3038.0,3040.0,3037.0,3038.0,8490.0,2622318.0,2623968.0
2026-05-12 10:00:00,3038.0,3039.0,3035.0,3036.0,11031.0,2623968.0,2622912.0
2026-05-12 10:05:00,3036.0,3038.0,3034.0,3035.0,9313.0,2622912.0,2623278.0
2026-05-12 10:10:00,3035.0,3036.0,3032.0,3033.0,11319.0,2623278.0,2621857.0
2026-05-12 10:30:00,3034.0,3036.0,3032.0,3033.0,11661.0,2621857.0,2620878.0
2026-05-12 10:35:00,3033.0,3033.0,3031.0,3033.0,9261.0,2620878.0,2621892.0
2026-05-12 10:40:00,3033.0,3037.0,3032.0,3035.0,13637.0,2621892.0,2623852.0
2026-05-12 10:45:00,3035.0,3036.0,3032.0,3032.0,9174.0,2623852.0,2623893.0
2026-05-12 10:50:00,3032.0,3035.0,3031.0,3033.0,7108.0,2623893.0,2623243.0
2026-05-12 10:55:00,3033.0,3036.0,3032.0,3035.0,6764.0,2623243.0,2623733.0
2026-05-12 11:00:00,3035.0,3038.0,3032.0,3033.0,11578.0,2623733.0,2624797.0
2026-05-12 11:05:00,3033.0,3035.0,3031.0,3034.0,6241.0,2624797.0,2625972.0
2026-05-12 11:10:00,3034.0,3035.0,3033.0,3035.0,5056.0,2625972.0,2626770.0
2026-05-12 11:15:00,3035.0,3035.0,3032.0,3034.0,8335.0,2626770.0,2627303.0
2026-05-12 11:20:00,3034.0,3035.0,3032.0,3032.0,7479.0,2627303.0,2627591.0
2026-05-12 11:25:00,3032.0,3033.0,3030.0,3032.0,10597.0,2627591.0,2626602.0
2026-05-12 13:30:00,3032.0,3035.0,3029.0,3030.0,16213.0,2626602.0,2625581.0
2026-05-12 13:35:00,3030.0,3031.0,3028.0,3030.0,10757.0,2625581.0,2626254.0
2026-05-12 13:40:00,3030.0,3034.0,3029.0,3033.0,12553.0,2626254.0,2628231.0
2026-05-12 13:45:00,3033.0,3036.0,3032.0,3033.0,10452.0,2628231.0,2629568.0
2026-05-12 13:50:00,3033.0,3034.0,3028.0,3028.0,17890.0,2629568.0,2630935.0
2026-05-12 13:55:00,3028.0,3029.0,3022.0,3025.0,41419.0,2630935.0,2623679.0
2026-05-12 14:00:00,3025.0,3027.0,3025.0,3027.0,10567.0,2623679.0,2622265.0
2026-05-12 14:05:00,3027.0,3030.0,3026.0,3028.0,9706.0,2622265.0,2621801.0
2026-05-12 14:10:00,3028.0,3032.0,3027.0,3032.0,9890.0,2621801.0,2624579.0
2026-05-12 14:15:00,3032.0,3034.0,3030.0,3034.0,9587.0,2624579.0,2626030.0
2026-05-12 14:20:00,3034.0,3035.0,3030.0,3034.0,17314.0,2626030.0,2630020.0
2026-05-12 14:25:00,3034.0,3039.0,3034.0,3036.0,18728.0,2630020.0,2632148.0
2026-05-12 14:30:00,3036.0,3036.0,3034.0,3034.0,9869.0,2632148.0,2631974.0
2026-05-12 14:35:00,3034.0,3035.0,3031.0,3032.0,7979.0,2631974.0,2631473.0
2026-05-12 14:40:00,3032.0,3035.0,3031.0,3031.0,9266.0,2631473.0,2633498.0
2026-05-12 14:45:00,3031.0,3033.0,3030.0,3033.0,7830.0,2633498.0,2631862.0
2026-05-12 14:50:00,3033.0,3034.0,3030.0,3032.0,16645.0,2631862.0,2634399.0
2026-05-12 14:55:00,3032.0,3033.0,3029.0,3033.0,19481.0,2634399.0,2633835.0
2026-05-12 21:00:00,3033.0,3038.0,3031.0,3036.0,49710.0,2633835.0,2635801.0
2026-05-12 21:05:00,3036.0,3039.0,3035.0,3037.0,26357.0,2635801.0,2636547.0
2026-05-12 21:10:00,3037.0,3050.0,3036.0,3049.0,55008.0,2636547.0,2647631.0
2026-05-12 21:15:00,3049.0,3060.0,3045.0,3057.0,94135.0,2647631.0,2670433.0
2026-05-12 21:20:00,3057.0,3064.0,3057.0,3059.0,65883.0,2670433.0,2680778.0
2026-05-12 21:25:00,3059.0,3061.0,3057.0,3061.0,32329.0,2680778.0,2685194.0
2026-05-12 21:30:00,3061.0,3062.0,3056.0,3056.0,27893.0,2685194.0,2689713.0
2026-05-12 21:35:00,3056.0,3058.0,3055.0,3057.0,20850.0,2689713.0,2691223.0
2026-05-12 21:40:00,3057.0,3058.0,3050.0,3051.0,29807.0,2691223.0,2688088.0
2026-05-12 21:45:00,3051.0,3056.0,3051.0,3056.0,14756.0,2688088.0,2690151.0
2026-05-12 21:50:00,3056.0,3056.0,3053.0,3055.0,9055.0,2690151.0,2690366.0
2026-05-12 21:55:00,3055.0,3055.0,3053.0,3053.0,7359.0,2690366.0,2690651.0
2026-05-12 22:00:00,3053.0,3055.0,3051.0,3051.0,11911.0,2690651.0,2688587.0
2026-05-12 22:05:00,3051.0,3052.0,3049.0,3049.0,19923.0,2688587.0,2686982.0
2026-05-12 22:10:00,3049.0,3050.0,3047.0,3048.0,22954.0,2686982.0,2685302.0
2026-05-12 22:15:00,3048.0,3049.0,3041.0,3043.0,36013.0,2685302.0,2684168.0
2026-05-12 22:20:00,3043.0,3045.0,3041.0,3043.0,17559.0,2684168.0,2683730.0
2026-05-12 22:25:00,3043.0,3046.0,3042.0,3045.0,11209.0,2683730.0,2682005.0
2026-05-12 22:30:00,3045.0,3045.0,3043.0,3044.0,10582.0,2682005.0,2682477.0
2026-05-12 22:35:00,3044.0,3046.0,3043.0,3043.0,9478.0,2682477.0,2683108.0
2026-05-12 22:40:00,3043.0,3046.0,3043.0,3044.0,6336.0,2683108.0,2682489.0
2026-05-12 22:45:00,3044.0,3046.0,3043.0,3045.0,6291.0,2682489.0,2682865.0
2026-05-12 22:50:00,3045.0,3046.0,3043.0,3045.0,10235.0,2682865.0,2681521.0
2026-05-12 22:55:00,3045.0,3046.0,3044.0,3044.0,12302.0,2681521.0,2678104.0
2026-05-13 09:00:00,3050.0,3058.0,3050.0,3057.0,54753.0,2678104.0,2679115.0
2026-05-13 09:05:00,3057.0,3060.0,3055.0,3057.0,28848.0,2679115.0,2682905.0
2026-05-13 09:10:00,3057.0,3061.0,3055.0,3056.0,28391.0,2682905.0,2684264.0
2026-05-13 09:15:00,3056.0,3063.0,3055.0,3061.0,30685.0,2684264.0,2691859.0
2026-05-13 09:20:00,3061.0,3065.0,3061.0,3064.0,30603.0,2691859.0,2698124.0
2026-05-13 09:25:00,3064.0,3066.0,3061.0,3064.0,28207.0,2698124.0,2701655.0
2026-05-13 09:30:00,3064.0,3064.0,3058.0,3059.0,20632.0,2701655.0,2700257.0
2026-05-13 09:35:00,3059.0,3062.0,3059.0,3059.0,11458.0,2700257.0,2701407.0
2026-05-13 09:40:00,3059.0,3060.0,3057.0,3058.0,7399.0,2701407.0,2699362.0
2026-05-13 09:45:00,3058.0,3065.0,3058.0,3064.0,14839.0,2699362.0,2701093.0
2026-05-13 09:50:00,3064.0,3068.0,3063.0,3066.0,20729.0,2701093.0,2707806.0
2026-05-13 09:55:00,3066.0,3070.0,3064.0,3070.0,23249.0,2707806.0,2713971.0
2026-05-13 10:00:00,3070.0,3073.0,3067.0,3069.0,36762.0,2713971.0,2716820.0
2026-05-13 10:05:00,3069.0,3070.0,3068.0,3068.0,10075.0,2716820.0,2717890.0
2026-05-13 10:10:00,3068.0,3070.0,3067.0,3068.0,9095.0,2717890.0,2717671.0
2026-05-13 10:30:00,3068.0,3068.0,3062.0,3063.0,17222.0,2717671.0,2716654.0
2026-05-13 10:35:00,3063.0,3066.0,3063.0,3065.0,12097.0,2716654.0,2716379.0
2026-05-13 10:40:00,3065.0,3069.0,3064.0,3068.0,7656.0,2716379.0,2717247.0
2026-05-13 10:45:00,3068.0,3070.0,3066.0,3067.0,13069.0,2717247.0,2718804.0
2026-05-13 10:50:00,3067.0,3068.0,3066.0,3066.0,4803.0,2718804.0,2718920.0
2026-05-13 10:55:00,3066.0,3067.0,3061.0,3063.0,16043.0,2718920.0,2718436.0
2026-05-13 11:00:00,3063.0,3066.0,3062.0,3066.0,14779.0,2718436.0,2721193.0
2026-05-13 11:05:00,3066.0,3069.0,3065.0,3066.0,12743.0,2721193.0,2722545.0
2026-05-13 11:10:00,3066.0,3070.0,3066.0,3069.0,9904.0,2722545.0,2724307.0
2026-05-13 11:15:00,3069.0,3070.0,3068.0,3070.0,8715.0,2724307.0,2725103.0
2026-05-13 11:20:00,3070.0,3070.0,3064.0,3067.0,11339.0,2725103.0,2723804.0
2026-05-13 11:25:00,3067.0,3068.0,3066.0,3066.0,7699.0,2723804.0,2723618.0
2026-05-13 13:30:00,3064.0,3064.0,3049.0,3050.0,59482.0,2723618.0,2710868.0
2026-05-13 13:35:00,3050.0,3050.0,3036.0,3038.0,97015.0,2710868.0,2697204.0
2026-05-13 13:40:00,3038.0,3041.0,3036.0,3038.0,41008.0,2697204.0,2692631.0
2026-05-13 13:45:00,3038.0,3042.0,3036.0,3042.0,33765.0,2692631.0,2690643.0
2026-05-13 13:50:00,3042.0,3042.0,3038.0,3040.0,16349.0,2690643.0,2690404.0
2026-05-13 13:55:00,3040.0,3043.0,3038.0,3043.0,16638.0,2690404.0,2687772.0
2026-05-13 14:00:00,3043.0,3043.0,3039.0,3040.0,11290.0,2687772.0,2688864.0
2026-05-13 14:05:00,3040.0,3041.0,3037.0,3040.0,14899.0,2688864.0,2688168.0
2026-05-13 14:10:00,3040.0,3042.0,3040.0,3041.0,10145.0,2688168.0,2688470.0
2026-05-13 14:15:00,3041.0,3046.0,3041.0,3043.0,19611.0,2688470.0,2688967.0
2026-05-13 14:20:00,3043.0,3046.0,3042.0,3046.0,9663.0,2688967.0,2690021.0
2026-05-13 14:25:00,3046.0,3047.0,3044.0,3046.0,7124.0,2690021.0,2690070.0
2026-05-13 14:30:00,3046.0,3048.0,3045.0,3046.0,10802.0,2690070.0,2690492.0
2026-05-13 14:35:00,3046.0,3047.0,3044.0,3044.0,7755.0,2690492.0,2690232.0
2026-05-13 14:40:00,3044.0,3047.0,3044.0,3046.0,6179.0,2690232.0,2690423.0
2026-05-13 14:45:00,3046.0,3047.0,3046.0,3047.0,5255.0,2690423.0,2690957.0
2026-05-13 14:50:00,3047.0,3049.0,3046.0,3048.0,11839.0,2690957.0,2690458.0
2026-05-13 14:55:00,3048.0,3049.0,3047.0,3048.0,14757.0,2690458.0,2689191.0
2026-05-13 21:00:00,3053.0,3054.0,3050.0,3051.0,51347.0,2689191.0,2695708.0
2026-05-13 21:05:00,3051.0,3057.0,3049.0,3057.0,45766.0,2695708.0,2702396.0
2026-05-13 21:10:00,3057.0,3064.0,3057.0,3062.0,46326.0,2702396.0,2713323.0
2026-05-13 21:15:00,3062.0,3063.0,3058.0,3059.0,22617.0,2713323.0,2720383.0
2026-05-13 21:20:00,3059.0,3061.0,3056.0,3056.0,13541.0,2720383.0,2720969.0
2026-05-13 21:25:00,3056.0,3060.0,3056.0,3059.0,10740.0,2720969.0,2722496.0
2026-05-13 21:30:00,3059.0,3061.0,3056.0,3058.0,18770.0,2722496.0,2724234.0
2026-05-13 21:35:00,3058.0,3060.0,3056.0,3059.0,14651.0,2724234.0,2719664.0
2026-05-13 21:40:00,3059.0,3062.0,3058.0,3060.0,16947.0,2719664.0,2719241.0
2026-05-13 21:45:00,3060.0,3060.0,3056.0,3058.0,15269.0,2719241.0,2717633.0
2026-05-13 21:50:00,3058.0,3063.0,3058.0,3063.0,13563.0,2717633.0,2718970.0
2026-05-13 21:55:00,3063.0,3068.0,3062.0,3065.0,37497.0,2718970.0,2721997.0
2026-05-13 22:00:00,3065.0,3066.0,3062.0,3064.0,18044.0,2721997.0,2723050.0
2026-05-13 22:05:00,3064.0,3067.0,3064.0,3066.0,9447.0,2723050.0,2723934.0
2026-05-13 22:10:00,3066.0,3069.0,3066.0,3069.0,12535.0,2723934.0,2726440.0
2026-05-13 22:15:00,3069.0,3069.0,3063.0,3064.0,17505.0,2726440.0,2726612.0
2026-05-13 22:20:00,3064.0,3066.0,3063.0,3065.0,7642.0,2726612.0,2726136.0
2026-05-13 22:25:00,3065.0,3067.0,3064.0,3066.0,6119.0,2726136.0,2726391.0
2026-05-13 22:30:00,3066.0,3069.0,3066.0,3067.0,8116.0,2726391.0,2727593.0
2026-05-13 22:35:00,3067.0,3068.0,3065.0,3067.0,7753.0,2727593.0,2727294.0
2026-05-13 22:40:00,3067.0,3072.0,3066.0,3070.0,19816.0,2727294.0,2729409.0
2026-05-13 22:45:00,3070.0,3071.0,3068.0,3071.0,11179.0,2729409.0,2730387.0
2026-05-13 22:50:00,3071.0,3071.0,3068.0,3069.0,15193.0,2730387.0,2731589.0
2026-05-13 22:55:00,3069.0,3070.0,3068.0,3070.0,12328.0,2731589.0,2729883.0
2026-05-14 09:00:00,3065.0,3065.0,3059.0,3060.0,43434.0,2729883.0,2730757.0
2026-05-14 09:05:00,3060.0,3062.0,3058.0,3061.0,22160.0,2730757.0,2730437.0
2026-05-14 09:10:00,3061.0,3063.0,3056.0,3057.0,19914.0,2730437.0,2730699.0
2026-05-14 09:15:00,3057.0,3060.0,3056.0,3058.0,15407.0,2730699.0,2732946.0
2026-05-14 09:20:00,3058.0,3060.0,3056.0,3057.0,12362.0,2732946.0,2732539.0
2026-05-14 09:25:00,3057.0,3062.0,3057.0,3061.0,10481.0,2732539.0,2732656.0
2026-05-14 09:30:00,3061.0,3064.0,3059.0,3064.0,7513.0,2732656.0,2732695.0
2026-05-14 09:35:00,3064.0,3064.0,3061.0,3064.0,11490.0,2732695.0,2735038.0
2026-05-14 09:40:00,3064.0,3064.0,3059.0,3060.0,8331.0,2735038.0,2735653.0
2026-05-14 09:45:00,3060.0,3061.0,3056.0,3057.0,18729.0,2735653.0,2734997.0
2026-05-14 09:50:00,3057.0,3059.0,3053.0,3053.0,19935.0,2734997.0,2733390.0
2026-05-14 09:55:00,3053.0,3054.0,3049.0,3050.0,31843.0,2733390.0,2732055.0
2026-05-14 10:00:00,3050.0,3054.0,3050.0,3054.0,12508.0,2732055.0,2731447.0
2026-05-14 10:05:00,3054.0,3057.0,3053.0,3055.0,9642.0,2731447.0,2732333.0
2026-05-14 10:10:00,3055.0,3056.0,3052.0,3055.0,8846.0,2732333.0,2732144.0
2026-05-14 10:30:00,3056.0,3058.0,3054.0,3057.0,16702.0,2732144.0,2733178.0
2026-05-14 10:35:00,3057.0,3059.0,3055.0,3058.0,12315.0,2733178.0,2734577.0
2026-05-14 10:40:00,3058.0,3058.0,3055.0,3055.0,6675.0,2734577.0,2734196.0
2026-05-14 10:45:00,3055.0,3057.0,3054.0,3056.0,8673.0,2734196.0,2734668.0
2026-05-14 10:50:00,3056.0,3057.0,3054.0,3057.0,5525.0,2734668.0,2735702.0
2026-05-14 10:55:00,3057.0,3059.0,3056.0,3057.0,8892.0,2735702.0,2737565.0
2026-05-14 11:00:00,3057.0,3058.0,3054.0,3055.0,7538.0,2737565.0,2737216.0
2026-05-14 11:05:00,3055.0,3059.0,3054.0,3056.0,11590.0,2737216.0,2737441.0
2026-05-14 11:10:00,3056.0,3057.0,3051.0,3052.0,16379.0,2737441.0,2733713.0
2026-05-14 11:15:00,3052.0,3054.0,3051.0,3053.0,8790.0,2733713.0,2732912.0
2026-05-14 11:20:00,3053.0,3053.0,3049.0,3049.0,19080.0,2732912.0,2730301.0
2026-05-14 11:25:00,3049.0,3054.0,3049.0,3054.0,17146.0,2730301.0,2727160.0
2026-05-14 13:30:00,3054.0,3055.0,3053.0,3054.0,18832.0,2727160.0,2728150.0
2026-05-14 13:35:00,3054.0,3055.0,3053.0,3053.0,13986.0,2728150.0,2731477.0
2026-05-14 13:40:00,3053.0,3057.0,3053.0,3056.0,11629.0,2731477.0,2732860.0
2026-05-14 13:45:00,3056.0,3060.0,3056.0,3059.0,16349.0,2732860.0,2735036.0
2026-05-14 13:50:00,3059.0,3061.0,3058.0,3060.0,15924.0,2735036.0,2737203.0
2026-05-14 13:55:00,3060.0,3062.0,3058.0,3061.0,13849.0,2737203.0,2738392.0
2026-05-14 14:00:00,3061.0,3063.0,3059.0,3062.0,22820.0,2738392.0,2743053.0
2026-05-14 14:05:00,3062.0,3065.0,3062.0,3063.0,22638.0,2743053.0,2747764.0
2026-05-14 14:10:00,3063.0,3066.0,3063.0,3066.0,15180.0,2747764.0,2749849.0
2026-05-14 14:15:00,3066.0,3066.0,3057.0,3058.0,24124.0,2749849.0,2747444.0
2026-05-14 14:20:00,3058.0,3058.0,3033.0,3036.0,172032.0,2747444.0,2723043.0
2026-05-14 14:25:00,3036.0,3042.0,3036.0,3037.0,51315.0,2723043.0,2723601.0
2026-05-14 14:30:00,3037.0,3040.0,3028.0,3031.0,70984.0,2723601.0,2714832.0
2026-05-14 14:35:00,3031.0,3038.0,3030.0,3036.0,38043.0,2714832.0,2714444.0
2026-05-14 14:40:00,3036.0,3036.0,3032.0,3033.0,22281.0,2714444.0,2712735.0
2026-05-14 14:45:00,3033.0,3035.0,3027.0,3031.0,40169.0,2712735.0,2710783.0
2026-05-14 14:50:00,3031.0,3032.0,3028.0,3030.0,25036.0,2710783.0,2710980.0
2026-05-14 14:55:00,3030.0,3030.0,3026.0,3028.0,36033.0,2710980.0,2705616.0
2026-05-14 21:00:00,3005.0,3008.0,2994.0,3000.0,188480.0,2705616.0,2695133.0
2026-05-14 21:05:00,3000.0,3003.0,2998.0,3000.0,59023.0,2695133.0,2695688.0
2026-05-14 21:10:00,3000.0,3005.0,2999.0,3001.0,38699.0,2695688.0,2696083.0
2026-05-14 21:15:00,3001.0,3002.0,2998.0,3000.0,41613.0,2696083.0,2697522.0
2026-05-14 21:20:00,3000.0,3005.0,3000.0,3004.0,40776.0,2697522.0,2692655.0
2026-05-14 21:25:00,3004.0,3004.0,2997.0,2999.0,41255.0,2692655.0,2691477.0
2026-05-14 21:30:00,2999.0,3003.0,2995.0,2996.0,50687.0,2691477.0,2683576.0
2026-05-14 21:35:00,2996.0,2996.0,2991.0,2995.0,50714.0,2683576.0,2681190.0
2026-05-14 21:40:00,2995.0,3000.0,2993.0,3000.0,21372.0,2681190.0,2679454.0
2026-05-14 21:45:00,3000.0,3000.0,2998.0,2999.0,12817.0,2679454.0,2677808.0
2026-05-14 21:50:00,2999.0,3002.0,2997.0,3000.0,19796.0,2677808.0,2677079.0
2026-05-14 21:55:00,3000.0,3003.0,2999.0,3002.0,20121.0,2677079.0,2676635.0
2026-05-14 22:00:00,3002.0,3006.0,3001.0,3002.0,24607.0,2676635.0,2675986.0
2026-05-14 22:05:00,3002.0,3005.0,3002.0,3002.0,11460.0,2675986.0,2675632.0
2026-05-14 22:10:00,3002.0,3006.0,3002.0,3003.0,11885.0,2675632.0,2675405.0
2026-05-14 22:15:00,3003.0,3006.0,3003.0,3004.0,9509.0,2675405.0,2675583.0
2026-05-14 22:20:00,3004.0,3006.0,3003.0,3005.0,10741.0,2675583.0,2674945.0
2026-05-14 22:25:00,3005.0,3007.0,3004.0,3005.0,12422.0,2674945.0,2673230.0
2026-05-14 22:30:00,3005.0,3005.0,3003.0,3004.0,8121.0,2673230.0,2673184.0
2026-05-14 22:35:00,3004.0,3005.0,3002.0,3002.0,6628.0,2673184.0,2672544.0
2026-05-14 22:40:00,3002.0,3003.0,3001.0,3003.0,9866.0,2672544.0,2674078.0
2026-05-14 22:45:00,3003.0,3003.0,3001.0,3002.0,7699.0,2674078.0,2673169.0
2026-05-14 22:50:00,3002.0,3004.0,3002.0,3003.0,7829.0,2673169.0,2672406.0
2026-05-14 22:55:00,3003.0,3004.0,3002.0,3003.0,11269.0,2672406.0,2669031.0
2026-05-15 09:00:00,3005.0,3013.0,3005.0,3011.0,50748.0,2669031.0,2665074.0
2026-05-15 09:05:00,3011.0,3016.0,3007.0,3012.0,47919.0,2665074.0,2660121.0
2026-05-15 09:10:00,3012.0,3013.0,3009.0,3011.0,15738.0,2660121.0,2661077.0
2026-05-15 09:15:00,3011.0,3012.0,3008.0,3009.0,12123.0,2661077.0,2662571.0
2026-05-15 09:20:00,3009.0,3010.0,3007.0,3007.0,7614.0,2662571.0,2662155.0
2026-05-15 09:25:00,3007.0,3010.0,3005.0,3010.0,17979.0,2662155.0,2660754.0
2026-05-15 09:30:00,3010.0,3013.0,3008.0,3010.0,12100.0,2660754.0,2662442.0
2026-05-15 09:35:00,3010.0,3012.0,3010.0,3011.0,8430.0,2662442.0,2661259.0
2026-05-15 09:40:00,3011.0,3012.0,3010.0,3012.0,4741.0,2661259.0,2661338.0
2026-05-15 09:45:00,3012.0,3012.0,3009.0,3010.0,7337.0,2661338.0,2660146.0
2026-05-15 09:50:00,3010.0,3011.0,3006.0,3007.0,11620.0,2660146.0,2659427.0
2026-05-15 09:55:00,3007.0,3007.0,3004.0,3005.0,8875.0,2659427.0,2658339.0
2026-05-15 10:00:00,3005.0,3007.0,3003.0,3005.0,13099.0,2658339.0,2657952.0
2026-05-15 10:05:00,3005.0,3005.0,3003.0,3003.0,7586.0,2657952.0,2655983.0
2026-05-15 10:10:00,3003.0,3005.0,3002.0,3005.0,11350.0,2655983.0,2655743.0
2026-05-15 10:30:00,3005.0,3006.0,3002.0,3004.0,11663.0,2655743.0,2653441.0
2026-05-15 10:35:00,3004.0,3008.0,3004.0,3007.0,9898.0,2653441.0,2654405.0
2026-05-15 10:40:00,3007.0,3008.0,3004.0,3006.0,6341.0,2654405.0,2655071.0
2026-05-15 10:45:00,3006.0,3009.0,3006.0,3007.0,7767.0,2655071.0,2655668.0
2026-05-15 10:50:00,3007.0,3008.0,3005.0,3008.0,6036.0,2655668.0,2655258.0
2026-05-15 10:55:00,3008.0,3010.0,3006.0,3010.0,8822.0,2655258.0,2655383.0
2026-05-15 11:00:00,3010.0,3010.0,3006.0,3008.0,7548.0,2655383.0,2654752.0
2026-05-15 11:05:00,3008.0,3008.0,3005.0,3006.0,5678.0,2654752.0,2654431.0
2026-05-15 11:10:00,3006.0,3008.0,3006.0,3008.0,4565.0,2654431.0,2652758.0
2026-05-15 11:15:00,3008.0,3008.0,3005.0,3005.0,3999.0,2652758.0,2652501.0
2026-05-15 11:20:00,3005.0,3005.0,3002.0,3002.0,11716.0,2652501.0,2650457.0
2026-05-15 11:25:00,3002.0,3003.0,3000.0,3001.0,16266.0,2650457.0,2646513.0
2026-05-15 13:30:00,3000.0,3003.0,2995.0,3000.0,34054.0,2646513.0,2642690.0
2026-05-15 13:35:00,3000.0,3000.0,2997.0,2997.0,12352.0,2642690.0,2642159.0
2026-05-15 13:40:00,2997.0,2998.0,2995.0,2995.0,20093.0,2642159.0,2638610.0
2026-05-15 13:45:00,2995.0,2998.0,2994.0,2995.0,15217.0,2638610.0,2636493.0
2026-05-15 13:50:00,2995.0,2998.0,2993.0,2998.0,19858.0,2636493.0,2634719.0
2026-05-15 13:55:00,2998.0,2999.0,2995.0,2997.0,12774.0,2634719.0,2634966.0
2026-05-15 14:00:00,2997.0,2998.0,2996.0,2998.0,14876.0,2634966.0,2630855.0
2026-05-15 14:05:00,2998.0,2998.0,2990.0,2991.0,33892.0,2630855.0,2624346.0
2026-05-15 14:10:00,2991.0,2993.0,2990.0,2992.0,19504.0,2624346.0,2620989.0
2026-05-15 14:15:00,2992.0,2993.0,2990.0,2993.0,14222.0,2620989.0,2618611.0
2026-05-15 14:20:00,2993.0,2993.0,2990.0,2991.0,16266.0,2618611.0,2614481.0
2026-05-15 14:25:00,2991.0,2993.0,2990.0,2990.0,7933.0,2614481.0,2612738.0
2026-05-15 14:30:00,2990.0,2992.0,2988.0,2990.0,22920.0,2612738.0,2608089.0
2026-05-15 14:35:00,2990.0,2992.0,2989.0,2990.0,14608.0,2608089.0,2606810.0
2026-05-15 14:40:00,2990.0,2990.0,2987.0,2987.0,17325.0,2606810.0,2603563.0
2026-05-15 14:45:00,2987.0,2989.0,2985.0,2986.0,33217.0,2603563.0,2600556.0
2026-05-15 14:50:00,2986.0,2989.0,2985.0,2986.0,26453.0,2600556.0,2596661.0
2026-05-15 14:55:00,2986.0,2987.0,2974.0,2979.0,90748.0,2596661.0,2590953.0
2026-05-15 21:00:00,2971.0,2974.0,2962.0,2963.0,135201.0,2590953.0,2595848.0
2026-05-15 21:05:00,2963.0,2966.0,2962.0,2965.0,45094.0,2595848.0,2592487.0
2026-05-15 21:10:00,2965.0,2968.0,2964.0,2967.0,36602.0,2592487.0,2588835.0
2026-05-15 21:15:00,2967.0,2970.0,2966.0,2967.0,23535.0,2588835.0,2587210.0
2026-05-15 21:20:00,2967.0,2969.0,2966.0,2968.0,17287.0,2587210.0,2587043.0
2026-05-15 21:25:00,2968.0,2970.0,2966.0,2969.0,16174.0,2587043.0,2587130.0
2026-05-15 21:30:00,2969.0,2977.0,2969.0,2974.0,49403.0,2587130.0,2585719.0
2026-05-15 21:35:00,2974.0,2978.0,2974.0,2977.0,19362.0,2585719.0,2587367.0
2026-05-15 21:40:00,2977.0,2979.0,2974.0,2979.0,14439.0,2587367.0,2587760.0
2026-05-15 21:45:00,2979.0,2980.0,2977.0,2978.0,16319.0,2587760.0,2588741.0
2026-05-15 21:50:00,2978.0,2980.0,2978.0,2979.0,14857.0,2588741.0,2590220.0
2026-05-15 21:55:00,2979.0,2982.0,2979.0,2979.0,17710.0,2590220.0,2593638.0
2026-05-15 22:00:00,2979.0,2979.0,2976.0,2978.0,12413.0,2593638.0,2592755.0
2026-05-15 22:05:00,2978.0,2978.0,2975.0,2976.0,9595.0,2592755.0,2593793.0
2026-05-15 22:10:00,2976.0,2976.0,2975.0,2976.0,8867.0,2593793.0,2593609.0
2026-05-15 22:15:00,2976.0,2977.0,2974.0,2975.0,8978.0,2593609.0,2593485.0
2026-05-15 22:20:00,2975.0,2978.0,2975.0,2976.0,6505.0,2593485.0,2594288.0
2026-05-15 22:25:00,2976.0,2977.0,2974.0,2975.0,7431.0,2594288.0,2594588.0
2026-05-15 22:30:00,2975.0,2976.0,2974.0,2975.0,3575.0,2594588.0,2594194.0
2026-05-15 22:35:00,2975.0,2976.0,2974.0,2975.0,2319.0,2594194.0,2594326.0
2026-05-15 22:40:00,2975.0,2976.0,2974.0,2975.0,8282.0,2594326.0,2595517.0
2026-05-15 22:45:00,2975.0,2976.0,2974.0,2974.0,8746.0,2595517.0,2594748.0
2026-05-15 22:50:00,2974.0,2975.0,2973.0,2974.0,7826.0,2594748.0,2592904.0
2026-05-15 22:55:00,2974.0,2975.0,2972.0,2973.0,12499.0,2592904.0,2588837.0
2026-05-18 09:00:00,2983.0,2991.0,2983.0,2990.0,71263.0,2588837.0,2586360.0
2026-05-18 09:05:00,2990.0,2990.0,2985.0,2986.0,26824.0,2586360.0,2586562.0
2026-05-18 09:10:00,2986.0,2986.0,2978.0,2982.0,33172.0,2586562.0,2583649.0
2026-05-18 09:15:00,2982.0,2986.0,2980.0,2983.0,18223.0,2583649.0,2584241.0
2026-05-18 09:20:00,2983.0,2986.0,2983.0,2983.0,11676.0,2584241.0,2583696.0
2026-05-18 09:25:00,2983.0,2984.0,2980.0,2982.0,11122.0,2583696.0,2584396.0
2026-05-18 09:30:00,2982.0,2985.0,2980.0,2985.0,13156.0,2584396.0,2582916.0
2026-05-18 09:35:00,2985.0,2986.0,2982.0,2984.0,15165.0,2582916.0,2584718.0
2026-05-18 09:40:00,2984.0,2985.0,2981.0,2984.0,7416.0,2584718.0,2585247.0
2026-05-18 09:45:00,2984.0,2985.0,2982.0,2983.0,7720.0,2585247.0,2583331.0
2026-05-18 09:50:00,2983.0,2983.0,2980.0,2981.0,8265.0,2583331.0,2583266.0
2026-05-18 09:55:00,2981.0,2984.0,2980.0,2983.0,7501.0,2583266.0,2584036.0
2026-05-18 10:00:00,2983.0,2983.0,2980.0,2981.0,6436.0,2584036.0,2584175.0
2026-05-18 10:05:00,2981.0,2986.0,2981.0,2983.0,7501.0,2584175.0,2584769.0
2026-05-18 10:10:00,2983.0,2984.0,2980.0,2982.0,9583.0,2584769.0,2584586.0
2026-05-18 10:30:00,2982.0,2984.0,2980.0,2982.0,12762.0,2584586.0,2583939.0
2026-05-18 10:35:00,2982.0,2985.0,2982.0,2984.0,7043.0,2583939.0,2584618.0
2026-05-18 10:40:00,2984.0,2986.0,2983.0,2983.0,6734.0,2584618.0,2584871.0
2026-05-18 10:45:00,2983.0,2993.0,2983.0,2990.0,34340.0,2584871.0,2588473.0
2026-05-18 10:50:00,2990.0,2991.0,2988.0,2989.0,9509.0,2588473.0,2588786.0
2026-05-18 10:55:00,2989.0,2991.0,2988.0,2990.0,4703.0,2588786.0,2588694.0
2026-05-18 11:00:00,2990.0,2992.0,2989.0,2992.0,9345.0,2588694.0,2587804.0
2026-05-18 11:05:00,2992.0,2994.0,2989.0,2990.0,12215.0,2587804.0,2587322.0
2026-05-18 11:10:00,2990.0,2991.0,2985.0,2985.0,8993.0,2587322.0,2585933.0
2026-05-18 11:15:00,2985.0,2987.0,2985.0,2986.0,6860.0,2585933.0,2584881.0
2026-05-18 11:20:00,2986.0,2988.0,2985.0,2987.0,8515.0,2584881.0,2585130.0
2026-05-18 11:25:00,2987.0,2988.0,2984.0,2987.0,8159.0,2585130.0,2584395.0
2026-05-18 13:30:00,2989.0,2993.0,2989.0,2992.0,19266.0,2584395.0,2585045.0
2026-05-18 13:35:00,2992.0,2992.0,2988.0,2990.0,11798.0,2585045.0,2587692.0
2026-05-18 13:40:00,2990.0,2991.0,2989.0,2990.0,6965.0,2587692.0,2588715.0
2026-05-18 13:45:00,2990.0,2992.0,2989.0,2990.0,10125.0,2588715.0,2589269.0
2026-05-18 13:50:00,2990.0,2991.0,2988.0,2990.0,7553.0,2589269.0,2589138.0
2026-05-18 13:55:00,2990.0,2990.0,2987.0,2988.0,7800.0,2589138.0,2589585.0
2026-05-18 14:00:00,2988.0,2992.0,2988.0,2991.0,9106.0,2589585.0,2590439.0
2026-05-18 14:05:00,2991.0,2992.0,2989.0,2990.0,6098.0,2590439.0,2590406.0
2026-05-18 14:10:00,2990.0,2991.0,2988.0,2989.0,6476.0,2590406.0,2590888.0
2026-05-18 14:15:00,2989.0,2991.0,2988.0,2989.0,9001.0,2590888.0,2589891.0
2026-05-18 14:20:00,2989.0,2990.0,2986.0,2987.0,8168.0,2589891.0,2587534.0
2026-05-18 14:25:00,2987.0,2987.0,2985.0,2986.0,10267.0,2587534.0,2586906.0
2026-05-18 14:30:00,2986.0,2987.0,2984.0,2985.0,13077.0,2586906.0,2584855.0
2026-05-18 14:35:00,2985.0,2987.0,2982.0,2982.0,15008.0,2584855.0,2583215.0
2026-05-18 14:40:00,2982.0,2987.0,2982.0,2985.0,12576.0,2583215.0,2581328.0
2026-05-18 14:45:00,2985.0,2987.0,2984.0,2984.0,14565.0,2581328.0,2579329.0
2026-05-18 14:50:00,2984.0,2986.0,2984.0,2984.0,12717.0,2579329.0,2577374.0
2026-05-18 14:55:00,2984.0,2987.0,2984.0,2985.0,20246.0,2577374.0,2571686.0
2026-05-18 21:00:00,2991.0,2994.0,2987.0,2989.0,50635.0,2571686.0,2575386.0
2026-05-18 21:05:00,2989.0,2991.0,2987.0,2990.0,21689.0,2575386.0,2579137.0
2026-05-18 21:10:00,2990.0,2991.0,2988.0,2988.0,14120.0,2579137.0,2579502.0
2026-05-18 21:15:00,2988.0,2991.0,2988.0,2989.0,8292.0,2579502.0,2579000.0
2026-05-18 21:20:00,2989.0,2991.0,2987.0,2987.0,8432.0,2579000.0,2579746.0
2026-05-18 21:25:00,2987.0,2989.0,2986.0,2988.0,10850.0,2579746.0,2579146.0
2026-05-18 21:30:00,2988.0,2996.0,2988.0,2993.0,36644.0,2579146.0,2578845.0
2026-05-18 21:35:00,2993.0,2994.0,2991.0,2992.0,13777.0,2578845.0,2580190.0
2026-05-18 21:40:00,2992.0,2993.0,2986.0,2988.0,16770.0,2580190.0,2581290.0
2026-05-18 21:45:00,2988.0,2994.0,2986.0,2994.0,19937.0,2581290.0,2583991.0
2026-05-18 21:50:00,2994.0,2996.0,2992.0,2992.0,15645.0,2583991.0,2584582.0
2026-05-18 21:55:00,2992.0,2996.0,2992.0,2995.0,10602.0,2584582.0,2585622.0
2026-05-18 22:00:00,2995.0,2997.0,2992.0,2996.0,12947.0,2585622.0,2586310.0
2026-05-18 22:05:00,2996.0,2997.0,2993.0,2995.0,10716.0,2586310.0,2586680.0
2026-05-18 22:10:00,2995.0,2998.0,2995.0,2996.0,7856.0,2586680.0,2586450.0
2026-05-18 22:15:00,2996.0,2998.0,2995.0,2998.0,8981.0,2586450.0,2587186.0
2026-05-18 22:20:00,2998.0,3004.0,2997.0,3003.0,42557.0,2587186.0,2584963.0
2026-05-18 22:25:00,3003.0,3005.0,3001.0,3003.0,17268.0,2584963.0,2586708.0
2026-05-18 22:30:00,3003.0,3004.0,3001.0,3003.0,11878.0,2586708.0,2586292.0
2026-05-18 22:35:00,3003.0,3007.0,3001.0,3006.0,18868.0,2586292.0,2586348.0
2026-05-18 22:40:00,3006.0,3012.0,3006.0,3012.0,30673.0,2586348.0,2580024.0
2026-05-18 22:45:00,3012.0,3022.0,3012.0,3020.0,91633.0,2580024.0,2565096.0
2026-05-18 22:50:00,3020.0,3021.0,3016.0,3016.0,36142.0,2565096.0,2558615.0
2026-05-18 22:55:00,3016.0,3019.0,3016.0,3018.0,22939.0,2558615.0,2555336.0
2026-05-19 09:00:00,3015.0,3015.0,3009.0,3014.0,49933.0,2555336.0,2550084.0
2026-05-19 09:05:00,3014.0,3018.0,3013.0,3016.0,25504.0,2550084.0,2549301.0
2026-05-19 09:10:00,3016.0,3020.0,3016.0,3019.0,19707.0,2549301.0,2548902.0
2026-05-19 09:15:00,3019.0,3020.0,3016.0,3020.0,19234.0,2548902.0,2549428.0
2026-05-19 09:20:00,3020.0,3023.0,3018.0,3019.0,20889.0,2549428.0,2549418.0
2026-05-19 09:25:00,3019.0,3022.0,3019.0,3022.0,9528.0,2549418.0,2549260.0
2026-05-19 09:30:00,3022.0,3024.0,3021.0,3023.0,15287.0,2549260.0,2548669.0
2026-05-19 09:35:00,3023.0,3027.0,3023.0,3024.0,31621.0,2548669.0,2548775.0
2026-05-19 09:40:00,3024.0,3030.0,3023.0,3029.0,30189.0,2548775.0,2550298.0
2026-05-19 09:45:00,3029.0,3030.0,3027.0,3029.0,23121.0,2550298.0,2549444.0
2026-05-19 09:50:00,3029.0,3033.0,3026.0,3030.0,33856.0,2549444.0,2553082.0
2026-05-19 09:55:00,3030.0,3031.0,3027.0,3028.0,19424.0,2553082.0,2554656.0
2026-05-19 10:00:00,3028.0,3029.0,3026.0,3027.0,19377.0,2554656.0,2554634.0
2026-05-19 10:05:00,3027.0,3028.0,3023.0,3024.0,20539.0,2554634.0,2552995.0
2026-05-19 10:10:00,3024.0,3026.0,3024.0,3026.0,9961.0,2552995.0,2551083.0
2026-05-19 10:30:00,3025.0,3030.0,3025.0,3028.0,19266.0,2551083.0,2552959.0
2026-05-19 10:35:00,3028.0,3032.0,3028.0,3030.0,14901.0,2552959.0,2554088.0
2026-05-19 10:40:00,3030.0,3032.0,3029.0,3029.0,12200.0,2554088.0,2554771.0
2026-05-19 10:45:00,3029.0,3032.0,3028.0,3031.0,14377.0,2554771.0,2557101.0
2026-05-19 10:50:00,3031.0,3035.0,3030.0,3035.0,17582.0,2557101.0,2559520.0
2026-05-19 10:55:00,3035.0,3036.0,3033.0,3034.0,16518.0,2559520.0,2561227.0
2026-05-19 11:00:00,3034.0,3037.0,3033.0,3034.0,19277.0,2561227.0,2562630.0
2026-05-19 11:05:00,3034.0,3036.0,3033.0,3033.0,10179.0,2562630.0,2562091.0
2026-05-19 11:10:00,3033.0,3035.0,3030.0,3030.0,15758.0,2562091.0,2561548.0
2026-05-19 11:15:00,3030.0,3032.0,3030.0,3032.0,6941.0,2561548.0,2561013.0
2026-05-19 11:20:00,3032.0,3033.0,3029.0,3029.0,7627.0,2561013.0,2561748.0
2026-05-19 11:25:00,3029.0,3030.0,3026.0,3030.0,18770.0,2561748.0,2558079.0
2026-05-19 13:30:00,3030.0,3034.0,3029.0,3033.0,15456.0,2558079.0,2557401.0
2026-05-19 13:35:00,3033.0,3033.0,3027.0,3027.0,15815.0,2557401.0,2555551.0
2026-05-19 13:40:00,3027.0,3031.0,3027.0,3030.0,11175.0,2555551.0,2555851.0
2026-05-19 13:45:00,3030.0,3032.0,3030.0,3032.0,11735.0,2555851.0,2556618.0
2026-05-19 13:50:00,3032.0,3035.0,3031.0,3033.0,15550.0,2556618.0,2555054.0
2026-05-19 13:55:00,3033.0,3035.0,3033.0,3034.0,8860.0,2555054.0,2555750.0
2026-05-19 14:00:00,3034.0,3037.0,3032.0,3033.0,18251.0,2555750.0,2555216.0
2026-05-19 14:05:00,3033.0,3036.0,3031.0,3033.0,14572.0,2555216.0,2554040.0
2026-05-19 14:10:00,3033.0,3034.0,3030.0,3031.0,15083.0,2554040.0,2554701.0
2026-05-19 14:15:00,3031.0,3033.0,3030.0,3033.0,7822.0,2554701.0,2555033.0
2026-05-19 14:20:00,3033.0,3034.0,3032.0,3033.0,9642.0,2555033.0,2554798.0
2026-05-19 14:25:00,3033.0,3035.0,3033.0,3035.0,13295.0,2554798.0,2555163.0
2026-05-19 14:30:00,3035.0,3036.0,3033.0,3035.0,11570.0,2555163.0,2555578.0
2026-05-19 14:35:00,3035.0,3039.0,3034.0,3036.0,23989.0,2555578.0,2554670.0
2026-05-19 14:40:00,3036.0,3037.0,3034.0,3035.0,11693.0,2554670.0,2552993.0
2026-05-19 14:45:00,3035.0,3037.0,3032.0,3035.0,17005.0,2552993.0,2552420.0
2026-05-19 14:50:00,3035.0,3037.0,3034.0,3036.0,12957.0,2552420.0,2553708.0
2026-05-19 14:55:00,3036.0,3038.0,3034.0,3038.0,29203.0,2553708.0,2546998.0
2026-05-19 21:00:00,3036.0,3038.0,3033.0,3037.0,66203.0,2546998.0,2546749.0
2026-05-19 21:05:00,3037.0,3038.0,3034.0,3035.0,24603.0,2546749.0,2546535.0
2026-05-19 21:10:00,3035.0,3040.0,3034.0,3037.0,27324.0,2546535.0,2547837.0
2026-05-19 21:15:00,3037.0,3041.0,3037.0,3040.0,24873.0,2547837.0,2553460.0
2026-05-19 21:20:00,3040.0,3042.0,3038.0,3041.0,14806.0,2553460.0,2554542.0
2026-05-19 21:25:00,3041.0,3042.0,3038.0,3039.0,9672.0,2554542.0,2555896.0
2026-05-19 21:30:00,3039.0,3040.0,3038.0,3038.0,13933.0,2555896.0,2556297.0
2026-05-19 21:35:00,3038.0,3045.0,3037.0,3045.0,19742.0,2556297.0,2556639.0
2026-05-19 21:40:00,3045.0,3050.0,3044.0,3044.0,40208.0,2556639.0,2563106.0
2026-05-19 21:45:00,3044.0,3045.0,3040.0,3040.0,12181.0,2563106.0,2563323.0
2026-05-19 21:50:00,3040.0,3046.0,3038.0,3045.0,18127.0,2563323.0,2566628.0
2026-05-19 21:55:00,3045.0,3045.0,3041.0,3042.0,8804.0,2566628.0,2567876.0
2026-05-19 22:00:00,3042.0,3043.0,3038.0,3039.0,10230.0,2567876.0,2568642.0
2026-05-19 22:05:00,3039.0,3040.0,3036.0,3036.0,19890.0,2568642.0,2566310.0
2026-05-19 22:10:00,3036.0,3039.0,3036.0,3037.0,12175.0,2566310.0,2565985.0
2026-05-19 22:15:00,3037.0,3037.0,3034.0,3035.0,15143.0,2565985.0,2565368.0
2026-05-19 22:20:00,3035.0,3037.0,3034.0,3034.0,11509.0,2565368.0,2564697.0
2026-05-19 22:25:00,3034.0,3036.0,3030.0,3031.0,24168.0,2564697.0,2562039.0
2026-05-19 22:30:00,3031.0,3035.0,3031.0,3034.0,14497.0,2562039.0,2562058.0
2026-05-19 22:35:00,3034.0,3035.0,3032.0,3033.0,11231.0,2562058.0,2563167.0
2026-05-19 22:40:00,3033.0,3035.0,3032.0,3033.0,13560.0,2563167.0,2562037.0
2026-05-19 22:45:00,3033.0,3035.0,3033.0,3034.0,7211.0,2562037.0,2562568.0
2026-05-19 22:50:00,3034.0,3036.0,3032.0,3032.0,13372.0,2562568.0,2561387.0
2026-05-19 22:55:00,3032.0,3034.0,3031.0,3033.0,15155.0,2561387.0,2558002.0
2026-05-20 09:00:00,3030.0,3030.0,3020.0,3022.0,72044.0,2558002.0,2551875.0
2026-05-20 09:05:00,3022.0,3027.0,3021.0,3025.0,30299.0,2551875.0,2554848.0
2026-05-20 09:10:00,3025.0,3032.0,3023.0,3032.0,23075.0,2554848.0,2559000.0
2026-05-20 09:15:00,3032.0,3035.0,3031.0,3033.0,23939.0,2559000.0,2561094.0
2026-05-20 09:20:00,3033.0,3033.0,3029.0,3030.0,20687.0,2561094.0,2565806.0
2026-05-20 09:25:00,3030.0,3031.0,3028.0,3028.0,17075.0,2565806.0,2567650.0
2026-05-20 09:30:00,3028.0,3029.0,3026.0,3027.0,9209.0,2567650.0,2568196.0
2026-05-20 09:35:00,3027.0,3028.0,3025.0,3027.0,10855.0,2568196.0,2567799.0
2026-05-20 09:40:00,3027.0,3028.0,3024.0,3026.0,14127.0,2567799.0,2565845.0
2026-05-20 09:45:00,3026.0,3028.0,3023.0,3023.0,12713.0,2565845.0,2565518.0
2026-05-20 09:50:00,3023.0,3024.0,3020.0,3021.0,19410.0,2565518.0,2562968.0
2026-05-20 09:55:00,3021.0,3024.0,3020.0,3021.0,13452.0,2562968.0,2561821.0
2026-05-20 10:00:00,3021.0,3026.0,3021.0,3024.0,15273.0,2561821.0,2561585.0
2026-05-20 10:05:00,3024.0,3028.0,3023.0,3026.0,11377.0,2561585.0,2562713.0
2026-05-20 10:10:00,3026.0,3027.0,3023.0,3026.0,8007.0,2562713.0,2561366.0
2026-05-20 10:30:00,3026.0,3031.0,3026.0,3026.0,19745.0,2561366.0,2561974.0
2026-05-20 10:35:00,3026.0,3029.0,3026.0,3027.0,8507.0,2561974.0,2561041.0
2026-05-20 10:40:00,3027.0,3028.0,3024.0,3024.0,6133.0,2561041.0,2560245.0
2026-05-20 10:45:00,3024.0,3027.0,3022.0,3024.0,11344.0,2560245.0,2559903.0
2026-05-20 10:50:00,3024.0,3025.0,3022.0,3023.0,6947.0,2559903.0,2559877.0
2026-05-20 10:55:00,3023.0,3027.0,3023.0,3024.0,7474.0,2559877.0,2559624.0
2026-05-20 11:00:00,3024.0,3025.0,3021.0,3021.0,13301.0,2559624.0,2557453.0
2026-05-20 11:05:00,3021.0,3024.0,3021.0,3023.0,9832.0,2557453.0,2556023.0
2026-05-20 11:10:00,3023.0,3025.0,3021.0,3022.0,7861.0,2556023.0,2554741.0
2026-05-20 11:15:00,3022.0,3024.0,3021.0,3022.0,11021.0,2554741.0,2552219.0
2026-05-20 11:20:00,3022.0,3025.0,3021.0,3023.0,8323.0,2552219.0,2551396.0
2026-05-20 11:25:00,3023.0,3027.0,3022.0,3025.0,12591.0,2551396.0,2550617.0
2026-05-20 13:30:00,3028.0,3031.0,3027.0,3029.0,29537.0,2550617.0,2549612.0
2026-05-20 13:35:00,3029.0,3030.0,3026.0,3028.0,17417.0,2549612.0,2548187.0
2026-05-20 13:40:00,3028.0,3029.0,3026.0,3028.0,8919.0,2548187.0,2549864.0
2026-05-20 13:45:00,3028.0,3030.0,3028.0,3028.0,5678.0,2549864.0,2549536.0
2026-05-20 13:50:00,3028.0,3033.0,3028.0,3030.0,16715.0,2549536.0,2550177.0
2026-05-20 13:55:00,3030.0,3030.0,3026.0,3027.0,10996.0,2550177.0,2550520.0
2026-05-20 14:00:00,3027.0,3029.0,3026.0,3028.0,10462.0,2550520.0,2551210.0
2026-05-20 14:05:00,3028.0,3029.0,3026.0,3027.0,8596.0,2551210.0,2552435.0
2026-05-20 14:10:00,3027.0,3028.0,3026.0,3027.0,5976.0,2552435.0,2553725.0
2026-05-20 14:15:00,3027.0,3027.0,3024.0,3025.0,15933.0,2553725.0,2552543.0
2026-05-20 14:20:00,3025.0,3028.0,3023.0,3023.0,11964.0,2552543.0,2550414.0
2026-05-20 14:25:00,3023.0,3025.0,3023.0,3024.0,9148.0,2550414.0,2549969.0
2026-05-20 14:30:00,3024.0,3025.0,3022.0,3024.0,6997.0,2549969.0,2549417.0
2026-05-20 14:35:00,3024.0,3025.0,3023.0,3023.0,7452.0,2549417.0,2549675.0
2026-05-20 14:40:00,3023.0,3026.0,3023.0,3026.0,6093.0,2549675.0,2550016.0
2026-05-20 14:45:00,3026.0,3028.0,3025.0,3025.0,9885.0,2550016.0,2548703.0
2026-05-20 14:50:00,3025.0,3027.0,3025.0,3026.0,10267.0,2548703.0,2548656.0
2026-05-20 14:55:00,3026.0,3027.0,3023.0,3025.0,18317.0,2548656.0,2545066.0
2026-05-20 21:00:00,3016.0,3021.0,3012.0,3020.0,91662.0,2545066.0,2543239.0
2026-05-20 21:05:00,3020.0,3024.0,3018.0,3018.0,32861.0,2543239.0,2544895.0
2026-05-20 21:10:00,3018.0,3020.0,3016.0,3016.0,12756.0,2544895.0,2544760.0
2026-05-20 21:15:00,3016.0,3018.0,3014.0,3017.0,19509.0,2544760.0,2545442.0
2026-05-20 21:20:00,3017.0,3018.0,3013.0,3016.0,14426.0,2545442.0,2546451.0
2026-05-20 21:25:00,3016.0,3017.0,3014.0,3015.0,12855.0,2546451.0,2549007.0
2026-05-20 21:30:00,3015.0,3018.0,3015.0,3016.0,10664.0,2549007.0,2548954.0
2026-05-20 21:35:00,3016.0,3018.0,3016.0,3017.0,5450.0,2548954.0,2548714.0
2026-05-20 21:40:00,3017.0,3018.0,3015.0,3015.0,6706.0,2548714.0,2548871.0
2026-05-20 21:45:00,3015.0,3015.0,3004.0,3005.0,60380.0,2548871.0,2538422.0
2026-05-20 21:50:00,3005.0,3010.0,3003.0,3007.0,25430.0,2538422.0,2537341.0
2026-05-20 21:55:00,3007.0,3010.0,3007.0,3008.0,10519.0,2537341.0,2537315.0
2026-05-20 22:00:00,3008.0,3011.0,3006.0,3006.0,16904.0,2537315.0,2535758.0
2026-05-20 22:05:00,3006.0,3009.0,3006.0,3008.0,9237.0,2535758.0,2534490.0
2026-05-20 22:10:00,3008.0,3008.0,3006.0,3007.0,4699.0,2534490.0,2533932.0
2026-05-20 22:15:00,3007.0,3008.0,3003.0,3004.0,17383.0,2533932.0,2532045.0
2026-05-20 22:20:00,3004.0,3005.0,3000.0,3005.0,28780.0,2532045.0,2528020.0
2026-05-20 22:25:00,3005.0,3005.0,3001.0,3001.0,11267.0,2528020.0,2526229.0
2026-05-20 22:30:00,3001.0,3003.0,3000.0,3003.0,17695.0,2526229.0,2521261.0
2026-05-20 22:35:00,3003.0,3006.0,3002.0,3005.0,16035.0,2521261.0,2519450.0
2026-05-20 22:40:00,3005.0,3007.0,3003.0,3006.0,16079.0,2519450.0,2517261.0
2026-05-20 22:45:00,3006.0,3007.0,3005.0,3005.0,5173.0,2517261.0,2516722.0
2026-05-20 22:50:00,3005.0,3006.0,3002.0,3005.0,10157.0,2516722.0,2516056.0
2026-05-20 22:55:00,3005.0,3011.0,3003.0,3010.0,24215.0,2516056.0,2505730.0
2026-05-21 09:00:00,3002.0,3007.0,3002.0,3006.0,26646.0,2505730.0,2502939.0
2026-05-21 09:05:00,3006.0,3012.0,3005.0,3012.0,15763.0,2502939.0,2504523.0
2026-05-21 09:10:00,3012.0,3014.0,3011.0,3012.0,16060.0,2504523.0,2505496.0
2026-05-21 09:15:00,3012.0,3013.0,3010.0,3012.0,8242.0,2505496.0,2504143.0
2026-05-21 09:20:00,3012.0,3018.0,3011.0,3017.0,25454.0,2504143.0,2502566.0
2026-05-21 09:25:00,3017.0,3020.0,3016.0,3018.0,16041.0,2502566.0,2503874.0
2026-05-21 09:30:00,3018.0,3019.0,3017.0,3017.0,7293.0,2503874.0,2503449.0
2026-05-21 09:35:00,3017.0,3019.0,3014.0,3017.0,17444.0,2503449.0,2504815.0
2026-05-21 09:40:00,3017.0,3017.0,3014.0,3014.0,6291.0,2504815.0,2505686.0
2026-05-21 09:45:00,3014.0,3015.0,3012.0,3015.0,8619.0,2505686.0,2505740.0
2026-05-21 09:50:00,3015.0,3017.0,3014.0,3015.0,8481.0,2505740.0,2505503.0
2026-05-21 09:55:00,3015.0,3016.0,3013.0,3016.0,4411.0,2505503.0,2505253.0
2026-05-21 10:00:00,3016.0,3017.0,3014.0,3017.0,4399.0,2505253.0,2504788.0
2026-05-21 10:05:00,3017.0,3018.0,3015.0,3016.0,4451.0,2504788.0,2505020.0
2026-05-21 10:10:00,3016.0,3017.0,3014.0,3014.0,5129.0,2505020.0,2504652.0
2026-05-21 10:30:00,3014.0,3016.0,3012.0,3014.0,17487.0,2504652.0,2504290.0
2026-05-21 10:35:00,3014.0,3014.0,3010.0,3011.0,11066.0,2504290.0,2503178.0
2026-05-21 10:40:00,3011.0,3012.0,3008.0,3009.0,11979.0,2503178.0,2503134.0
2026-05-21 10:45:00,3009.0,3010.0,3004.0,3006.0,22918.0,2503134.0,2502623.0
2026-05-21 10:50:00,3006.0,3008.0,3005.0,3007.0,6790.0,2502623.0,2502195.0
2026-05-21 10:55:00,3007.0,3008.0,3005.0,3007.0,9543.0,2502195.0,2502565.0
2026-05-21 11:00:00,3007.0,3007.0,3004.0,3006.0,7494.0,2502565.0,2502208.0
2026-05-21 11:05:00,3006.0,3008.0,3005.0,3008.0,5622.0,2502208.0,2502015.0
2026-05-21 11:10:00,3008.0,3008.0,3004.0,3007.0,11170.0,2502015.0,2500581.0
2026-05-21 11:15:00,3007.0,3007.0,3004.0,3004.0,6965.0,2500581.0,2500716.0
2026-05-21 11:20:00,3004.0,3007.0,3004.0,3005.0,7346.0,2500716.0,2501112.0
2026-05-21 11:25:00,3005.0,3006.0,3003.0,3004.0,10947.0,2501112.0,2498880.0
2026-05-21 13:30:00,3005.0,3006.0,3001.0,3002.0,20493.0,2498880.0,2499799.0
2026-05-21 13:35:00,3002.0,3003.0,2996.0,2998.0,37081.0,2499799.0,2495002.0
2026-05-21 13:40:00,2998.0,3000.0,2997.0,2997.0,12565.0,2495002.0,2495942.0
2026-05-21 13:45:00,2997.0,2999.0,2995.0,2996.0,17718.0,2495942.0,2494236.0
2026-05-21 13:50:00,2996.0,2998.0,2995.0,2998.0,12244.0,2494236.0,2491872.0
2026-05-21 13:55:00,2998.0,2998.0,2994.0,2996.0,22322.0,2491872.0,2488715.0
2026-05-21 14:00:00,2996.0,2996.0,2994.0,2995.0,15520.0,2488715.0,2485982.0
2026-05-21 14:05:00,2995.0,2997.0,2995.0,2997.0,10593.0,2485982.0,2484569.0
2026-05-21 14:10:00,2997.0,2999.0,2995.0,2998.0,18090.0,2484569.0,2481148.0
2026-05-21 14:15:00,2998.0,2999.0,2995.0,2995.0,13009.0,2481148.0,2479924.0
2026-05-21 14:20:00,2995.0,2997.0,2993.0,2994.0,20380.0,2479924.0,2474681.0
2026-05-21 14:25:00,2994.0,2996.0,2992.0,2993.0,14781.0,2474681.0,2471205.0
2026-05-21 14:30:00,2993.0,2995.0,2991.0,2991.0,18704.0,2471205.0,2468663.0
2026-05-21 14:35:00,2991.0,2992.0,2990.0,2992.0,20476.0,2468663.0,2469025.0
2026-05-21 14:40:00,2992.0,2992.0,2990.0,2991.0,14287.0,2469025.0,2467924.0
2026-05-21 14:45:00,2991.0,2995.0,2990.0,2994.0,16107.0,2467924.0,2464366.0
2026-05-21 14:50:00,2994.0,2995.0,2992.0,2994.0,14397.0,2464366.0,2462916.0
2026-05-21 14:55:00,2994.0,2995.0,2993.0,2993.0,20450.0,2462916.0,2458035.0
2026-05-21 21:00:00,2998.0,2999.0,2993.0,2993.0,47412.0,2458035.0,2459570.0
2026-05-21 21:05:00,2993.0,2996.0,2992.0,2992.0,15889.0,2459570.0,2459822.0
2026-05-21 21:10:00,2992.0,2993.0,2987.0,2987.0,24463.0,2459822.0,2461515.0
2026-05-21 21:15:00,2987.0,2990.0,2987.0,2989.0,18723.0,2461515.0,2459050.0
2026-05-21 21:20:00,2989.0,2993.0,2988.0,2993.0,12364.0,2459050.0,2459089.0
2026-05-21 21:25:00,2993.0,2994.0,2991.0,2992.0,11712.0,2459089.0,2459690.0
2026-05-21 21:30:00,2992.0,2997.0,2991.0,2996.0,18405.0,2459690.0,2460188.0
2026-05-21 21:35:00,2996.0,2997.0,2993.0,2995.0,12949.0,2460188.0,2459119.0
2026-05-21 21:40:00,2995.0,2997.0,2993.0,2997.0,9139.0,2459119.0,2459597.0
2026-05-21 21:45:00,2997.0,2997.0,2993.0,2994.0,10437.0,2459597.0,2459019.0
2026-05-21 21:50:00,2994.0,2995.0,2988.0,2989.0,12284.0,2459019.0,2457309.0
2026-05-21 21:55:00,2989.0,2993.0,2988.0,2991.0,9757.0,2457309.0,2456783.0
2026-05-21 22:00:00,2991.0,2994.0,2991.0,2994.0,6899.0,2456783.0,2456994.0
2026-05-21 22:05:00,2994.0,2997.0,2993.0,2995.0,11127.0,2456994.0,2457546.0
2026-05-21 22:10:00,2995.0,2997.0,2993.0,2996.0,10419.0,2457546.0,2457217.0
2026-05-21 22:15:00,2996.0,2996.0,2994.0,2996.0,4760.0,2457217.0,2457503.0
2026-05-21 22:20:00,2996.0,2996.0,2994.0,2994.0,1451.0,2457503.0,2457237.0
2026-05-21 22:25:00,2994.0,2996.0,2994.0,2996.0,4499.0,2457237.0,2457081.0
2026-05-21 22:30:00,2996.0,2996.0,2994.0,2995.0,1913.0,2457081.0,2457067.0
2026-05-21 22:35:00,2995.0,2996.0,2994.0,2995.0,6711.0,2457067.0,2456607.0
2026-05-21 22:40:00,2995.0,2996.0,2993.0,2993.0,6179.0,2456607.0,2457053.0
2026-05-21 22:45:00,2993.0,2995.0,2993.0,2993.0,6012.0,2457053.0,2456220.0
2026-05-21 22:50:00,2993.0,2995.0,2993.0,2995.0,4763.0,2456220.0,2457269.0
2026-05-21 22:55:00,2995.0,2995.0,2992.0,2992.0,9349.0,2457269.0,2455991.0
2026-05-22 09:00:00,2989.0,2991.0,2985.0,2989.0,39049.0,2455991.0,2455224.0
2026-05-22 09:05:00,2989.0,2992.0,2988.0,2990.0,11951.0,2455224.0,2455511.0
2026-05-22 09:10:00,2990.0,2992.0,2989.0,2989.0,9205.0,2455511.0,2455031.0
2026-05-22 09:15:00,2989.0,2990.0,2987.0,2990.0,11190.0,2455031.0,2455077.0
2026-05-22 09:20:00,2990.0,2993.0,2989.0,2989.0,9844.0,2455077.0,2453999.0
2026-05-22 09:25:00,2989.0,2992.0,2989.0,2990.0,3755.0,2453999.0,2453665.0
2026-05-22 09:30:00,2990.0,2991.0,2989.0,2990.0,7035.0,2453665.0,2453624.0
2026-05-22 09:35:00,2990.0,2992.0,2989.0,2990.0,10979.0,2453624.0,2454529.0
2026-05-22 09:40:00,2990.0,2990.0,2988.0,2990.0,5639.0,2454529.0,2454533.0
2026-05-22 09:45:00,2990.0,2991.0,2988.0,2989.0,11816.0,2454533.0,2457367.0
2026-05-22 09:50:00,2989.0,2990.0,2987.0,2988.0,5569.0,2457367.0,2456978.0
2026-05-22 09:55:00,2988.0,2989.0,2986.0,2987.0,7655.0,2456978.0,2456645.0
2026-05-22 10:00:00,2987.0,2988.0,2985.0,2986.0,7093.0,2456645.0,2456337.0
2026-05-22 10:05:00,2986.0,2987.0,2984.0,2985.0,14867.0,2456337.0,2456922.0
2026-05-22 10:10:00,2985.0,2988.0,2985.0,2987.0,10015.0,2456922.0,2456727.0
2026-05-22 10:30:00,2987.0,2988.0,2984.0,2987.0,9491.0,2456727.0,2457227.0
2026-05-22 10:35:00,2987.0,2990.0,2985.0,2988.0,7321.0,2457227.0,2458224.0
2026-05-22 10:40:00,2988.0,2989.0,2987.0,2989.0,5603.0,2458224.0,2458693.0
2026-05-22 10:45:00,2989.0,2989.0,2986.0,2988.0,7386.0,2458693.0,2458073.0
2026-05-22 10:50:00,2988.0,2989.0,2987.0,2988.0,3354.0,2458073.0,2457911.0
2026-05-22 10:55:00,2988.0,2988.0,2986.0,2987.0,3863.0,2457911.0,2458084.0
2026-05-22 11:00:00,2987.0,2989.0,2986.0,2986.0,5777.0,2458084.0,2458613.0
2026-05-22 11:05:00,2986.0,2990.0,2986.0,2988.0,8954.0,2458613.0,2459371.0
2026-05-22 11:10:00,2988.0,2989.0,2987.0,2989.0,2947.0,2459371.0,2459164.0
2026-05-22 11:15:00,2989.0,2989.0,2988.0,2989.0,1513.0,2459164.0,2458708.0
2026-05-22 11:20:00,2989.0,2990.0,2987.0,2990.0,4395.0,2458708.0,2458545.0
2026-05-22 11:25:00,2990.0,2990.0,2987.0,2988.0,7342.0,2458545.0,2457194.0
2026-05-22 13:30:00,2988.0,2992.0,2988.0,2990.0,10068.0,2457194.0,2457605.0
2026-05-22 13:35:00,2990.0,2991.0,2987.0,2987.0,10172.0,2457605.0,2457987.0
2026-05-22 13:40:00,2987.0,2989.0,2987.0,2988.0,3726.0,2457987.0,2458297.0
2026-05-22 13:45:00,2988.0,2989.0,2987.0,2988.0,8424.0,2458297.0,2457763.0
2026-05-22 13:50:00,2988.0,2989.0,2987.0,2987.0,4012.0,2457763.0,2457110.0
2026-05-22 13:55:00,2987.0,2989.0,2987.0,2987.0,2962.0,2457110.0,2456969.0
2026-05-22 14:00:00,2987.0,2988.0,2986.0,2988.0,6955.0,2456969.0,2458704.0
2026-05-22 14:05:00,2988.0,2988.0,2986.0,2986.0,4326.0,2458704.0,2458360.0
2026-05-22 14:10:00,2986.0,2989.0,2985.0,2987.0,12908.0,2458360.0,2459381.0
2026-05-22 14:15:00,2987.0,2988.0,2985.0,2988.0,8843.0,2459381.0,2460618.0
2026-05-22 14:20:00,2988.0,2988.0,2986.0,2987.0,4084.0,2460618.0,2461380.0
2026-05-22 14:25:00,2987.0,2989.0,2987.0,2987.0,5838.0,2461380.0,2462116.0
2026-05-22 14:30:00,2987.0,2988.0,2986.0,2988.0,7095.0,2462116.0,2463578.0
2026-05-22 14:35:00,2988.0,2990.0,2987.0,2990.0,6420.0,2463578.0,2462948.0
2026-05-22 14:40:00,2990.0,2990.0,2987.0,2990.0,9096.0,2462948.0,2462373.0
2026-05-22 14:45:00,2990.0,2993.0,2988.0,2993.0,12695.0,2462373.0,2461989.0
2026-05-22 14:50:00,2993.0,2993.0,2989.0,2989.0,13184.0,2461989.0,2462808.0
2026-05-22 14:55:00,2989.0,2991.0,2989.0,2990.0,17071.0,2462808.0,2461397.0
2026-05-22 21:00:00,2995.0,2998.0,2992.0,2995.0,43593.0,2461397.0,2466372.0
2026-05-22 21:05:00,2995.0,2998.0,2994.0,2998.0,18595.0,2466372.0,2466441.0
2026-05-22 21:10:00,2998.0,2998.0,2995.0,2997.0,15576.0,2466441.0,2468292.0
2026-05-22 21:15:00,2997.0,3002.0,2996.0,2999.0,22854.0,2468292.0,2469651.0
2026-05-22 21:20:00,2999.0,3005.0,2999.0,3005.0,23918.0,2469651.0,2471653.0
2026-05-22 21:25:00,3005.0,3006.0,3003.0,3005.0,26406.0,2471653.0,2475800.0
2026-05-22 21:30:00,3005.0,3008.0,3003.0,3006.0,27947.0,2475800.0,2477227.0
2026-05-22 21:35:00,3006.0,3009.0,3005.0,3006.0,15927.0,2477227.0,2477370.0
2026-05-22 21:40:00,3006.0,3007.0,3004.0,3006.0,8954.0,2477370.0,2476214.0
2026-05-22 21:45:00,3006.0,3008.0,3005.0,3006.0,12606.0,2476214.0,2475978.0
2026-05-22 21:50:00,3006.0,3006.0,3003.0,3005.0,13745.0,2475978.0,2476401.0
2026-05-22 21:55:00,3005.0,3006.0,3004.0,3006.0,5134.0,2476401.0,2476435.0
2026-05-22 22:00:00,3006.0,3006.0,3002.0,3003.0,11098.0,2476435.0,2477586.0
2026-05-22 22:05:00,3003.0,3005.0,3002.0,3003.0,5133.0,2477586.0,2476678.0
2026-05-22 22:10:00,3003.0,3005.0,3003.0,3004.0,9183.0,2476678.0,2475824.0
2026-05-22 22:15:00,3004.0,3004.0,2998.0,2998.0,13920.0,2475824.0,2474799.0
2026-05-22 22:20:00,2998.0,3001.0,2998.0,3000.0,9288.0,2474799.0,2473606.0
2026-05-22 22:25:00,3000.0,3002.0,2999.0,3000.0,5525.0,2473606.0,2473798.0
2026-05-22 22:30:00,3000.0,3001.0,2999.0,3001.0,4620.0,2473798.0,2472808.0
2026-05-22 22:35:00,3001.0,3001.0,2999.0,3001.0,4101.0,2472808.0,2471357.0
2026-05-22 22:40:00,3001.0,3001.0,2999.0,2999.0,3439.0,2471357.0,2472300.0
2026-05-22 22:45:00,2999.0,3001.0,2999.0,3000.0,4316.0,2472300.0,2471328.0
2026-05-22 22:50:00,3000.0,3001.0,2998.0,2998.0,6314.0,2471328.0,2469664.0
2026-05-22 22:55:00,2998.0,3000.0,2998.0,2999.0,10000.0,2469664.0,2468403.0
2026-05-25 09:00:00,2994.0,2994.0,2985.0,2989.0,58273.0,2468403.0,2468250.0
2026-05-25 09:05:00,2989.0,2992.0,2988.0,2990.0,23112.0,2468250.0,2470155.0
2026-05-25 09:10:00,2990.0,2994.0,2989.0,2992.0,14619.0,2470155.0,2470615.0
2026-05-25 09:15:00,2992.0,2994.0,2991.0,2994.0,11688.0,2470615.0,2473114.0
2026-05-25 09:20:00,2994.0,2997.0,2994.0,2995.0,13466.0,2473114.0,2472767.0
2026-05-25 09:25:00,2995.0,2996.0,2992.0,2992.0,12797.0,2472767.0,2472162.0
2026-05-25 09:30:00,2992.0,2996.0,2991.0,2994.0,11047.0,2472162.0,2472462.0
2026-05-25 09:35:00,2994.0,3000.0,2994.0,2996.0,13460.0,2472462.0,2473128.0
2026-05-25 09:40:00,2996.0,2997.0,2994.0,2995.0,8731.0,2473128.0,2473623.0
2026-05-25 09:45:00,2995.0,2997.0,2993.0,2993.0,9159.0,2473623.0,2474082.0
2026-05-25 09:50:00,2993.0,2996.0,2993.0,2994.0,6142.0,2474082.0,2473841.0
2026-05-25 09:55:00,2994.0,2996.0,2994.0,2995.0,6880.0,2473841.0,2473582.0
2026-05-25 10:00:00,2995.0,2997.0,2994.0,2994.0,8230.0,2473582.0,2474085.0
2026-05-25 10:05:00,2994.0,2997.0,2994.0,2996.0,9524.0,2474085.0,2475260.0
2026-05-25 10:10:00,2996.0,2999.0,2996.0,2998.0,6656.0,2475260.0,2476583.0
2026-05-25 10:30:00,2998.0,2999.0,2990.0,2991.0,21409.0,2476583.0,2475282.0
2026-05-25 10:35:00,2991.0,2994.0,2990.0,2994.0,7555.0,2475282.0,2475862.0
2026-05-25 10:40:00,2994.0,2994.0,2992.0,2992.0,6500.0,2475862.0,2475745.0
2026-05-25 10:45:00,2992.0,2993.0,2989.0,2991.0,15999.0,2475745.0,2476870.0
2026-05-25 10:50:00,2991.0,2992.0,2990.0,2990.0,5091.0,2476870.0,2476151.0
2026-05-25 10:55:00,2990.0,2991.0,2988.0,2988.0,15885.0,2476151.0,2478610.0
2026-05-25 11:00:00,2988.0,2989.0,2982.0,2985.0,35872.0,2478610.0,2479216.0
2026-05-25 11:05:00,2985.0,2986.0,2983.0,2983.0,11688.0,2479216.0,2479925.0
2026-05-25 11:10:00,2983.0,2984.0,2981.0,2982.0,19299.0,2479925.0,2481126.0
2026-05-25 11:15:00,2982.0,2984.0,2982.0,2983.0,9208.0,2481126.0,2482167.0
2026-05-25 11:20:00,2983.0,2983.0,2981.0,2982.0,6555.0,2482167.0,2482027.0
2026-05-25 11:25:00,2982.0,2983.0,2976.0,2977.0,35319.0,2482027.0,2479039.0
2026-05-25 13:30:00,2977.0,2978.0,2971.0,2974.0,56107.0,2479039.0,2480638.0
2026-05-25 13:35:00,2974.0,2976.0,2971.0,2976.0,26862.0,2480638.0,2478355.0
2026-05-25 13:40:00,2976.0,2976.0,2974.0,2974.0,12643.0,2478355.0,2479419.0
2026-05-25 13:45:00,2974.0,2976.0,2972.0,2975.0,15481.0,2479419.0,2479579.0
2026-05-25 13:50:00,2975.0,2978.0,2975.0,2977.0,12399.0,2479579.0,2477906.0
2026-05-25 13:55:00,2977.0,2978.0,2975.0,2976.0,7140.0,2477906.0,2477093.0
2026-05-25 14:00:00,2976.0,2977.0,2976.0,2976.0,6315.0,2477093.0,2478119.0
2026-05-25 14:05:00,2976.0,2978.0,2975.0,2977.0,10967.0,2478119.0,2478314.0
2026-05-25 14:10:00,2977.0,2979.0,2976.0,2978.0,9294.0,2478314.0,2477987.0
2026-05-25 14:15:00,2978.0,2979.0,2977.0,2978.0,6334.0,2477987.0,2477631.0
2026-05-25 14:20:00,2978.0,2982.0,2978.0,2980.0,16173.0,2477631.0,2478544.0
2026-05-25 14:25:00,2980.0,2983.0,2980.0,2980.0,10572.0,2478544.0,2479907.0
2026-05-25 14:30:00,2980.0,2981.0,2977.0,2978.0,9418.0,2479907.0,2481355.0
2026-05-25 14:35:00,2978.0,2978.0,2977.0,2977.0,4223.0,2481355.0,2481831.0
2026-05-25 14:40:00,2977.0,2978.0,2976.0,2976.0,8106.0,2481831.0,2482139.0
2026-05-25 14:45:00,2976.0,2977.0,2973.0,2974.0,21081.0,2482139.0,2483920.0
2026-05-25 14:50:00,2974.0,2975.0,2973.0,2974.0,13774.0,2483920.0,2483937.0
2026-05-25 14:55:00,2974.0,2975.0,2972.0,2973.0,27074.0,2483937.0,2480723.0
2026-05-25 21:00:00,2972.0,2974.0,2968.0,2971.0,51589.0,2480723.0,2482411.0
2026-05-25 21:05:00,2971.0,2973.0,2970.0,2973.0,15772.0,2482411.0,2485462.0
2026-05-25 21:10:00,2973.0,2973.0,2971.0,2973.0,12841.0,2485462.0,2485730.0
2026-05-25 21:15:00,2973.0,2977.0,2973.0,2977.0,17619.0,2485730.0,2487215.0
2026-05-25 21:20:00,2977.0,2978.0,2975.0,2976.0,17134.0,2487215.0,2488006.0
2026-05-25 21:25:00,2976.0,2977.0,2975.0,2975.0,8187.0,2488006.0,2487666.0
2026-05-25 21:30:00,2975.0,2980.0,2975.0,2978.0,18833.0,2487666.0,2488295.0
2026-05-25 21:35:00,2978.0,2979.0,2974.0,2975.0,11152.0,2488295.0,2489583.0
2026-05-25 21:40:00,2975.0,2976.0,2973.0,2975.0,7329.0,2489583.0,2490831.0
2026-05-25 21:45:00,2975.0,2976.0,2974.0,2975.0,2772.0,2490831.0,2490974.0
2026-05-25 21:50:00,2975.0,2976.0,2974.0,2976.0,6308.0,2490974.0,2491340.0
2026-05-25 21:55:00,2976.0,2977.0,2975.0,2976.0,6408.0,2491340.0,2492034.0
2026-05-25 22:00:00,2976.0,2978.0,2975.0,2976.0,7004.0,2492034.0,2492726.0
2026-05-25 22:05:00,2976.0,2978.0,2975.0,2976.0,6264.0,2492726.0,2494293.0
2026-05-25 22:10:00,2976.0,2977.0,2975.0,2976.0,3797.0,2494293.0,2494872.0
2026-05-25 22:15:00,2976.0,2976.0,2973.0,2974.0,8617.0,2494872.0,2495663.0
2026-05-25 22:20:00,2974.0,2974.0,2972.0,2973.0,4145.0,2495663.0,2494531.0
2026-05-25 22:25:00,2973.0,2975.0,2973.0,2973.0,3369.0,2494531.0,2494046.0
2026-05-25 22:30:00,2973.0,2975.0,2973.0,2974.0,5038.0,2494046.0,2493631.0
2026-05-25 22:35:00,2974.0,2975.0,2973.0,2974.0,4479.0,2493631.0,2493075.0
2026-05-25 22:40:00,2974.0,2976.0,2973.0,2973.0,5885.0,2493075.0,2492249.0
2026-05-25 22:45:00,2973.0,2974.0,2973.0,2973.0,4613.0,2492249.0,2491383.0
2026-05-25 22:50:00,2973.0,2974.0,2972.0,2973.0,5645.0,2491383.0,2490214.0
2026-05-25 22:55:00,2973.0,2973.0,2970.0,2971.0,11038.0,2490214.0,2487256.0
2026-05-26 09:00:00,2970.0,2972.0,2967.0,2967.0,35838.0,2487256.0,2487514.0
2026-05-26 09:05:00,2967.0,2968.0,2960.0,2963.0,77800.0,2487514.0,2491783.0
2026-05-26 09:10:00,2963.0,2965.0,2961.0,2963.0,30568.0,2491783.0,2488462.0
2026-05-26 09:15:00,2963.0,2965.0,2962.0,2963.0,18793.0,2488462.0,2486837.0
2026-05-26 09:20:00,2963.0,2968.0,2962.0,2967.0,14979.0,2486837.0,2485253.0
2026-05-26 09:25:00,2967.0,2970.0,2966.0,2969.0,11820.0,2485253.0,2485091.0
2026-05-26 09:30:00,2969.0,2970.0,2967.0,2968.0,14479.0,2485091.0,2485524.0
2026-05-26 09:35:00,2968.0,2972.0,2968.0,2970.0,16650.0,2485524.0,2484146.0
2026-05-26 09:40:00,2970.0,2972.0,2968.0,2971.0,15172.0,2484146.0,2483727.0
2026-05-26 09:45:00,2971.0,2975.0,2971.0,2975.0,11077.0,2483727.0,2483419.0
2026-05-26 09:50:00,2975.0,2976.0,2973.0,2975.0,18713.0,2483419.0,2482264.0
2026-05-26 09:55:00,2975.0,2976.0,2973.0,2975.0,11012.0,2482264.0,2482982.0
2026-05-26 10:00:00,2975.0,2976.0,2973.0,2975.0,6782.0,2482982.0,2483911.0
2026-05-26 10:05:00,2975.0,2976.0,2974.0,2975.0,9946.0,2483911.0,2483649.0
2026-05-26 10:10:00,2975.0,2977.0,2974.0,2975.0,10140.0,2483649.0,2483114.0
2026-05-26 10:30:00,2975.0,2977.0,2975.0,2976.0,8325.0,2483114.0,2482867.0
2026-05-26 10:35:00,2976.0,2977.0,2975.0,2975.0,7453.0,2482867.0,2482335.0
2026-05-26 10:40:00,2975.0,2978.0,2975.0,2977.0,10079.0,2482335.0,2482077.0
2026-05-26 10:45:00,2977.0,2977.0,2975.0,2975.0,9698.0,2482077.0,2482847.0
2026-05-26 10:50:00,2975.0,2977.0,2974.0,2975.0,8820.0,2482847.0,2481878.0
2026-05-26 10:55:00,2975.0,2976.0,2973.0,2974.0,7716.0,2481878.0,2481961.0
2026-05-26 11:00:00,2974.0,2975.0,2972.0,2973.0,5193.0,2481961.0,2481808.0
2026-05-26 11:05:00,2973.0,2975.0,2973.0,2973.0,7559.0,2481808.0,2483372.0
2026-05-26 11:10:00,2973.0,2977.0,2973.0,2976.0,9497.0,2483372.0,2484415.0
2026-05-26 11:15:00,2976.0,2977.0,2974.0,2975.0,4305.0,2484415.0,2484293.0
2026-05-26 11:20:00,2975.0,2976.0,2974.0,2975.0,5710.0,2484293.0,2484937.0
2026-05-26 11:25:00,2975.0,2978.0,2974.0,2978.0,10038.0,2484937.0,2485250.0
2026-05-26 13:30:00,2979.0,2982.0,2978.0,2979.0,19842.0,2485250.0,2483654.0
2026-05-26 13:35:00,2979.0,2980.0,2975.0,2976.0,7906.0,2483654.0,2483632.0
2026-05-26 13:40:00,2976.0,2977.0,2975.0,2976.0,8787.0,2483632.0,2482716.0
2026-05-26 13:45:00,2976.0,2976.0,2973.0,2973.0,6429.0,2482716.0,2481566.0
2026-05-26 13:50:00,2973.0,2975.0,2973.0,2975.0,9202.0,2481566.0,2481334.0
2026-05-26 13:55:00,2975.0,2975.0,2973.0,2974.0,6791.0,2481334.0,2480880.0
2026-05-26 14:00:00,2974.0,2976.0,2972.0,2974.0,10608.0,2480880.0,2481406.0
2026-05-26 14:05:00,2974.0,2976.0,2973.0,2973.0,7730.0,2481406.0,2482208.0
2026-05-26 14:10:00,2973.0,2974.0,2970.0,2971.0,11595.0,2482208.0,2483547.0
2026-05-26 14:15:00,2971.0,2972.0,2968.0,2968.0,16344.0,2483547.0,2482663.0
2026-05-26 14:20:00,2968.0,2972.0,2968.0,2971.0,8808.0,2482663.0,2483088.0
2026-05-26 14:25:00,2971.0,2971.0,2969.0,2969.0,7462.0,2483088.0,2483138.0
2026-05-26 14:30:00,2969.0,2974.0,2969.0,2973.0,10723.0,2483138.0,2485935.0
2026-05-26 14:35:00,2973.0,2974.0,2971.0,2972.0,13812.0,2485935.0,2487568.0
2026-05-26 14:40:00,2972.0,2973.0,2971.0,2973.0,6534.0,2487568.0,2486904.0
2026-05-26 14:45:00,2973.0,2973.0,2970.0,2971.0,15402.0,2486904.0,2487552.0
2026-05-26 14:50:00,2971.0,2972.0,2969.0,2970.0,8854.0,2487552.0,2486813.0
2026-05-26 14:55:00,2970.0,2971.0,2968.0,2971.0,19066.0,2486813.0,2484873.0
2026-05-26 21:00:00,2972.0,2975.0,2971.0,2973.0,50947.0,2484873.0,2484138.0
2026-05-26 21:05:00,2973.0,2974.0,2969.0,2972.0,16800.0,2484138.0,2484782.0
2026-05-26 21:10:00,2972.0,2974.0,2970.0,2971.0,10971.0,2484782.0,2484552.0
2026-05-26 21:15:00,2971.0,2973.0,2970.0,2972.0,9545.0,2484552.0,2485625.0
2026-05-26 21:20:00,2972.0,2974.0,2972.0,2974.0,8302.0,2485625.0,2484914.0
2026-05-26 21:25:00,2974.0,2974.0,2972.0,2973.0,4502.0,2484914.0,2485165.0
2026-05-26 21:30:00,2973.0,2974.0,2971.0,2974.0,11970.0,2485165.0,2486790.0
2026-05-26 21:35:00,2974.0,2975.0,2972.0,2974.0,5895.0,2486790.0,2486452.0
2026-05-26 21:40:00,2974.0,2975.0,2971.0,2971.0,9112.0,2486452.0,2486670.0
2026-05-26 21:45:00,2971.0,2978.0,2971.0,2977.0,17372.0,2486670.0,2486546.0
2026-05-26 21:50:00,2977.0,2981.0,2977.0,2979.0,22078.0,2486546.0,2488728.0
2026-05-26 21:55:00,2979.0,2980.0,2977.0,2980.0,9025.0,2488728.0,2489533.0
2026-05-26 22:00:00,2980.0,2980.0,2977.0,2977.0,8073.0,2489533.0,2491074.0
2026-05-26 22:05:00,2977.0,2978.0,2975.0,2976.0,6644.0,2491074.0,2490362.0
2026-05-26 22:10:00,2976.0,2978.0,2975.0,2976.0,4089.0,2490362.0,2490385.0
2026-05-26 22:15:00,2976.0,2979.0,2976.0,2978.0,4554.0,2490385.0,2490816.0
2026-05-26 22:20:00,2978.0,2980.0,2978.0,2980.0,5512.0,2490816.0,2490994.0
2026-05-26 22:25:00,2980.0,2980.0,2978.0,2979.0,3577.0,2490994.0,2491085.0
2026-05-26 22:30:00,2979.0,2980.0,2978.0,2979.0,6041.0,2491085.0,2490070.0
2026-05-26 22:35:00,2979.0,2979.0,2976.0,2976.0,5642.0,2490070.0,2489293.0
2026-05-26 22:40:00,2976.0,2977.0,2976.0,2977.0,1612.0,2489293.0,2489316.0
2026-05-26 22:45:00,2977.0,2977.0,2975.0,2976.0,3404.0,2489316.0,2488270.0
2026-05-26 22:50:00,2976.0,2978.0,2976.0,2977.0,8886.0,2488270.0,2487563.0
2026-05-26 22:55:00,2977.0,2977.0,2975.0,2975.0,10978.0,2487563.0,2486113.0
2026-05-27 09:00:00,2975.0,2975.0,2970.0,2972.0,23052.0,2486113.0,2485285.0
2026-05-27 09:05:00,2972.0,2975.0,2971.0,2973.0,9189.0,2485285.0,2484926.0
2026-05-27 09:10:00,2973.0,2975.0,2973.0,2973.0,4572.0,2484926.0,2485204.0
2026-05-27 09:15:00,2973.0,2977.0,2972.0,2977.0,10520.0,2485204.0,2486140.0
2026-05-27 09:20:00,2977.0,2977.0,2974.0,2974.0,7333.0,2486140.0,2486134.0
2026-05-27 09:25:00,2974.0,2976.0,2974.0,2974.0,4036.0,2486134.0,2485755.0
2026-05-27 09:30:00,2974.0,2975.0,2972.0,2974.0,8063.0,2485755.0,2486652.0
2026-05-27 09:35:00,2974.0,2974.0,2971.0,2972.0,5694.0,2486652.0,2486730.0
2026-05-27 09:40:00,2972.0,2975.0,2971.0,2975.0,9490.0,2486730.0,2486344.0
2026-05-27 09:45:00,2975.0,2979.0,2974.0,2979.0,15641.0,2486344.0,2486287.0
2026-05-27 09:50:00,2979.0,2981.0,2977.0,2979.0,16578.0,2486287.0,2487572.0
2026-05-27 09:55:00,2979.0,2980.0,2977.0,2977.0,9036.0,2487572.0,2488396.0
2026-05-27 10:00:00,2977.0,2980.0,2976.0,2978.0,8939.0,2488396.0,2489008.0
2026-05-27 10:05:00,2978.0,2980.0,2977.0,2980.0,5062.0,2489008.0,2489002.0
2026-05-27 10:10:00,2980.0,2981.0,2977.0,2979.0,9712.0,2489002.0,2488437.0
2026-05-27 10:30:00,2979.0,2980.0,2977.0,2978.0,9452.0,2488437.0,2488689.0
2026-05-27 10:35:00,2978.0,2979.0,2976.0,2978.0,4064.0,2488689.0,2488700.0
2026-05-27 10:40:00,2978.0,2981.0,2977.0,2979.0,10889.0,2488700.0,2488423.0
2026-05-27 10:45:00,2979.0,2979.0,2975.0,2976.0,7351.0,2488423.0,2488045.0
2026-05-27 10:50:00,2976.0,2977.0,2975.0,2976.0,5285.0,2488045.0,2487894.0
2026-05-27 10:55:00,2976.0,2976.0,2974.0,2975.0,3805.0,2487894.0,2487776.0
2026-05-27 11:00:00,2975.0,2977.0,2974.0,2976.0,5104.0,2487776.0,2487026.0
2026-05-27 11:05:00,2976.0,2976.0,2975.0,2975.0,1792.0,2487026.0,2486736.0
2026-05-27 11:10:00,2975.0,2977.0,2975.0,2977.0,4022.0,2486736.0,2487625.0
2026-05-27 11:15:00,2977.0,2977.0,2974.0,2976.0,4215.0,2487625.0,2487167.0
2026-05-27 11:20:00,2976.0,2977.0,2974.0,2974.0,4654.0,2487167.0,2486267.0
2026-05-27 11:25:00,2974.0,2975.0,2971.0,2973.0,12155.0,2486267.0,2486343.0
2026-05-27 13:30:00,2973.0,2976.0,2972.0,2976.0,11062.0,2486343.0,2486360.0
2026-05-27 13:35:00,2976.0,2976.0,2974.0,2974.0,2526.0,2486360.0,2486452.0
2026-05-27 13:40:00,2974.0,2977.0,2974.0,2976.0,5971.0,2486452.0,2486073.0
2026-05-27 13:45:00,2976.0,2977.0,2975.0,2977.0,5439.0,2486073.0,2485190.0
2026-05-27 13:50:00,2977.0,2977.0,2973.0,2974.0,7929.0,2485190.0,2484271.0
2026-05-27 13:55:00,2974.0,2975.0,2973.0,2974.0,4734.0,2484271.0,2483828.0
2026-05-27 14:00:00,2974.0,2975.0,2973.0,2974.0,6189.0,2483828.0,2484227.0
2026-05-27 14:05:00,2974.0,2975.0,2971.0,2972.0,9799.0,2484227.0,2484055.0
2026-05-27 14:10:00,2972.0,2973.0,2969.0,2971.0,26167.0,2484055.0,2491002.0
2026-05-27 14:15:00,2971.0,2972.0,2968.0,2968.0,17891.0,2491002.0,2487314.0
2026-05-27 14:20:00,2968.0,2969.0,2965.0,2966.0,26128.0,2487314.0,2482373.0
2026-05-27 14:25:00,2966.0,2968.0,2966.0,2967.0,8493.0,2482373.0,2482797.0
2026-05-27 14:30:00,2967.0,2972.0,2967.0,2972.0,14579.0,2482797.0,2481101.0
2026-05-27 14:35:00,2972.0,2977.0,2970.0,2975.0,19710.0,2481101.0,2479518.0
2026-05-27 14:40:00,2975.0,2977.0,2973.0,2973.0,17131.0,2479518.0,2479880.0
2026-05-27 14:45:00,2973.0,2974.0,2972.0,2972.0,7218.0,2479880.0,2479114.0
2026-05-27 14:50:00,2972.0,2974.0,2971.0,2972.0,7350.0,2479114.0,2477155.0
2026-05-27 14:55:00,2972.0,2972.0,2969.0,2971.0,21312.0,2477155.0,2473549.0
2026-05-27 21:00:00,2968.0,2970.0,2966.0,2968.0,38287.0,2473549.0,2477274.0
2026-05-27 21:05:00,2968.0,2970.0,2966.0,2968.0,22397.0,2477274.0,2477534.0
2026-05-27 21:10:00,2968.0,2969.0,2966.0,2967.0,12615.0,2477534.0,2478628.0
2026-05-27 21:15:00,2967.0,2969.0,2966.0,2967.0,7938.0,2478628.0,2479241.0
2026-05-27 21:20:00,2967.0,2968.0,2965.0,2965.0,8756.0,2479241.0,2480677.0
2026-05-27 21:25:00,2965.0,2968.0,2965.0,2965.0,16623.0,2480677.0,2480795.0
2026-05-27 21:30:00,2965.0,2967.0,2963.0,2965.0,16472.0,2480795.0,2483970.0
2026-05-27 21:35:00,2965.0,2967.0,2963.0,2966.0,7355.0,2483970.0,2484958.0
2026-05-27 21:40:00,2966.0,2969.0,2966.0,2968.0,8304.0,2484958.0,2485011.0
2026-05-27 21:45:00,2968.0,2969.0,2965.0,2966.0,6555.0,2485011.0,2484374.0
2026-05-27 21:50:00,2966.0,2968.0,2965.0,2968.0,4226.0,2484374.0,2485048.0
2026-05-27 21:55:00,2968.0,2971.0,2967.0,2971.0,10893.0,2485048.0,2485359.0
2026-05-27 22:00:00,2971.0,2972.0,2970.0,2972.0,8982.0,2485359.0,2483831.0
2026-05-27 22:05:00,2972.0,2973.0,2969.0,2970.0,9356.0,2483831.0,2483177.0
2026-05-27 22:10:00,2970.0,2974.0,2969.0,2972.0,9867.0,2483177.0,2484130.0
2026-05-27 22:15:00,2972.0,2973.0,2971.0,2971.0,6378.0,2484130.0,2484010.0
2026-05-27 22:20:00,2971.0,2973.0,2971.0,2973.0,3198.0,2484010.0,2484569.0
2026-05-27 22:25:00,2973.0,2973.0,2971.0,2971.0,3493.0,2484569.0,2483525.0
2026-05-27 22:30:00,2971.0,2972.0,2970.0,2971.0,4446.0,2483525.0,2483881.0
2026-05-27 22:35:00,2971.0,2972.0,2971.0,2971.0,4944.0,2483881.0,2482738.0
2026-05-27 22:40:00,2971.0,2974.0,2971.0,2974.0,4302.0,2482738.0,2482786.0
2026-05-27 22:45:00,2974.0,2975.0,2972.0,2973.0,7153.0,2482786.0,2482155.0
2026-05-27 22:50:00,2973.0,2974.0,2972.0,2972.0,2878.0,2482155.0,2481614.0
2026-05-27 22:55:00,2972.0,2975.0,2972.0,2974.0,7278.0,2481614.0,2479831.0
2026-05-28 09:00:00,2974.0,2977.0,2971.0,2973.0,24527.0,2479831.0,2479997.0
2026-05-28 09:05:00,2973.0,2975.0,2972.0,2975.0,7398.0,2479997.0,2480332.0
2026-05-28 09:10:00,2975.0,2975.0,2973.0,2974.0,8063.0,2480332.0,2480103.0
2026-05-28 09:15:00,2974.0,2975.0,2972.0,2973.0,5788.0,2480103.0,2480188.0
2026-05-28 09:20:00,2973.0,2973.0,2970.0,2970.0,6678.0,2480188.0,2479854.0
2026-05-28 09:25:00,2970.0,2972.0,2970.0,2971.0,2765.0,2479854.0,2479967.0
2026-05-28 09:30:00,2971.0,2972.0,2968.0,2968.0,11576.0,2479967.0,2480694.0
2026-05-28 09:35:00,2968.0,2972.0,2968.0,2970.0,5694.0,2480694.0,2481161.0
2026-05-28 09:40:00,2970.0,2971.0,2969.0,2970.0,4902.0,2481161.0,2481109.0
2026-05-28 09:45:00,2970.0,2972.0,2969.0,2971.0,7397.0,2481109.0,2481217.0
2026-05-28 09:50:00,2971.0,2972.0,2969.0,2971.0,4118.0,2481217.0,2480911.0
2026-05-28 09:55:00,2971.0,2971.0,2968.0,2969.0,6249.0,2480911.0,2480914.0
2026-05-28 10:00:00,2969.0,2970.0,2968.0,2968.0,3229.0,2480914.0,2480994.0
2026-05-28 10:05:00,2968.0,2970.0,2968.0,2970.0,4255.0,2480994.0,2480316.0
2026-05-28 10:10:00,2970.0,2970.0,2969.0,2969.0,5468.0,2480316.0,2478902.0
2026-05-28 10:30:00,2969.0,2971.0,2966.0,2969.0,11856.0,2478902.0,2477892.0
2026-05-28 10:35:00,2969.0,2971.0,2969.0,2969.0,3584.0,2477892.0,2477181.0
2026-05-28 10:40:00,2969.0,2972.0,2969.0,2970.0,5979.0,2477181.0,2475581.0
2026-05-28 10:45:00,2970.0,2973.0,2969.0,2970.0,5567.0,2475581.0,2474175.0
2026-05-28 10:50:00,2970.0,2971.0,2970.0,2970.0,3736.0,2474175.0,2474073.0
2026-05-28 10:55:00,2970.0,2971.0,2969.0,2969.0,2250.0,2474073.0,2473939.0
2026-05-28 11:00:00,2969.0,2971.0,2969.0,2969.0,3457.0,2473939.0,2473895.0
2026-05-28 11:05:00,2969.0,2971.0,2969.0,2970.0,2326.0,2473895.0,2474066.0
2026-05-28 11:10:00,2970.0,2972.0,2970.0,2971.0,4636.0,2474066.0,2474318.0
2026-05-28 11:15:00,2971.0,2975.0,2970.0,2975.0,17535.0,2474318.0,2475854.0
2026-05-28 11:20:00,2975.0,2975.0,2974.0,2974.0,7172.0,2475854.0,2475927.0
2026-05-28 11:25:00,2974.0,2976.0,2974.0,2976.0,11559.0,2475927.0,2475828.0
2026-05-28 13:30:00,2976.0,2980.0,2975.0,2978.0,21835.0,2475828.0,2474343.0
2026-05-28 13:35:00,2978.0,2980.0,2977.0,2979.0,11410.0,2474343.0,2475325.0
2026-05-28 13:40:00,2979.0,2983.0,2978.0,2982.0,17439.0,2475325.0,2476177.0
2026-05-28 13:45:00,2982.0,2989.0,2981.0,2988.0,44756.0,2476177.0,2478029.0
2026-05-28 13:50:00,2988.0,2991.0,2987.0,2990.0,33068.0,2478029.0,2478399.0
2026-05-28 13:55:00,2990.0,2991.0,2987.0,2990.0,22729.0,2478399.0,2480472.0
2026-05-28 14:00:00,2990.0,2992.0,2989.0,2991.0,20603.0,2480472.0,2479788.0
2026-05-28 14:05:00,2991.0,2996.0,2990.0,2994.0,29175.0,2479788.0,2478319.0
2026-05-28 14:10:00,2994.0,2998.0,2994.0,2995.0,30085.0,2478319.0,2480815.0
2026-05-28 14:15:00,2995.0,2996.0,2992.0,2995.0,19313.0,2480815.0,2478547.0
2026-05-28 14:20:00,2995.0,3000.0,2994.0,2999.0,33094.0,2478547.0,2477597.0
2026-05-28 14:25:00,2999.0,3001.0,2995.0,2997.0,30499.0,2477597.0,2477292.0
2026-05-28 14:30:00,2997.0,2999.0,2997.0,2998.0,13271.0,2477292.0,2476845.0
2026-05-28 14:35:00,2998.0,2999.0,2997.0,2998.0,9091.0,2476845.0,2476897.0
2026-05-28 14:40:00,2998.0,2998.0,2995.0,2996.0,11654.0,2476897.0,2475590.0
2026-05-28 14:45:00,2996.0,2997.0,2993.0,2993.0,14771.0,2475590.0,2472473.0
2026-05-28 14:50:00,2993.0,2994.0,2990.0,2992.0,22090.0,2472473.0,2469532.0
2026-05-28 14:55:00,2992.0,2994.0,2991.0,2994.0,21048.0,2469532.0,2465964.0
2026-05-28 21:00:00,2991.0,2997.0,2991.0,2997.0,39685.0,2465964.0,2465006.0
2026-05-28 21:05:00,2997.0,2997.0,2993.0,2995.0,11966.0,2465006.0,2466490.0
2026-05-28 21:10:00,2995.0,2996.0,2993.0,2994.0,10900.0,2466490.0,2466788.0
2026-05-28 21:15:00,2994.0,2997.0,2994.0,2996.0,8334.0,2466788.0,2468230.0
2026-05-28 21:20:00,2996.0,2996.0,2993.0,2994.0,11544.0,2468230.0,2469104.0
2026-05-28 21:25:00,2994.0,2995.0,2991.0,2992.0,11377.0,2469104.0,2468033.0
2026-05-28 21:30:00,2992.0,2992.0,2989.0,2991.0,20070.0,2468033.0,2467806.0
2026-05-28 21:35:00,2991.0,2992.0,2988.0,2988.0,13896.0,2467806.0,2469095.0
2026-05-28 21:40:00,2988.0,2990.0,2987.0,2989.0,10995.0,2469095.0,2470361.0
2026-05-28 21:45:00,2989.0,2992.0,2989.0,2990.0,6240.0,2470361.0,2470182.0
2026-05-28 21:50:00,2990.0,2993.0,2990.0,2992.0,5232.0,2470182.0,2470153.0
2026-05-28 21:55:00,2992.0,2993.0,2991.0,2993.0,4029.0,2470153.0,2470563.0
2026-05-28 22:00:00,2993.0,2993.0,2990.0,2991.0,6804.0,2470563.0,2469848.0
2026-05-28 22:05:00,2991.0,2992.0,2989.0,2990.0,6200.0,2469848.0,2469264.0
2026-05-28 22:10:00,2990.0,2991.0,2986.0,2987.0,9193.0,2469264.0,2467936.0
2026-05-28 22:15:00,2987.0,2989.0,2986.0,2987.0,7932.0,2467936.0,2468544.0
2026-05-28 22:20:00,2987.0,2989.0,2987.0,2987.0,6689.0,2468544.0,2468812.0
2026-05-28 22:25:00,2987.0,2989.0,2986.0,2989.0,6850.0,2468812.0,2468641.0
2026-05-28 22:30:00,2989.0,2989.0,2987.0,2988.0,6138.0,2468641.0,2469297.0
2026-05-28 22:35:00,2988.0,2991.0,2987.0,2990.0,6057.0,2469297.0,2468757.0
2026-05-28 22:40:00,2990.0,2994.0,2990.0,2991.0,15897.0,2468757.0,2471328.0
2026-05-28 22:45:00,2991.0,2994.0,2990.0,2992.0,11069.0,2471328.0,2471962.0
2026-05-28 22:50:00,2992.0,2994.0,2991.0,2992.0,6668.0,2471962.0,2470376.0
2026-05-28 22:55:00,2992.0,2994.0,2992.0,2992.0,6609.0,2470376.0,2468024.0
2026-05-29 09:00:00,2996.0,2998.0,2995.0,2996.0,25436.0,2468024.0,2468681.0
2026-05-29 09:05:00,2996.0,3009.0,2994.0,3007.0,57568.0,2468681.0,2466136.0
2026-05-29 09:10:00,3007.0,3010.0,3004.0,3005.0,43877.0,2466136.0,2465524.0
2026-05-29 09:15:00,3005.0,3007.0,3005.0,3005.0,14786.0,2465524.0,2464232.0
2026-05-29 09:20:00,3005.0,3007.0,3001.0,3004.0,17144.0,2464232.0,2462336.0
2026-05-29 09:25:00,3004.0,3006.0,3002.0,3005.0,10153.0,2462336.0,2463193.0
2026-05-29 09:30:00,3005.0,3006.0,3001.0,3005.0,12788.0,2463193.0,2462405.0
2026-05-29 09:35:00,3005.0,3005.0,3002.0,3003.0,9598.0,2462405.0,2461890.0
2026-05-29 09:40:00,3003.0,3005.0,3002.0,3004.0,9763.0,2461890.0,2461942.0
2026-05-29 09:45:00,3004.0,3009.0,3003.0,3009.0,18317.0,2461942.0,2462239.0
2026-05-29 09:50:00,3009.0,3010.0,3005.0,3005.0,12920.0,2462239.0,2462184.0
2026-05-29 09:55:00,3005.0,3006.0,3003.0,3003.0,5906.0,2462184.0,2462695.0
2026-05-29 10:00:00,3003.0,3005.0,3002.0,3002.0,10670.0,2462695.0,2462227.0
2026-05-29 10:05:00,3002.0,3003.0,3001.0,3002.0,7334.0,2462227.0,2460047.0
2026-05-29 10:10:00,3002.0,3003.0,2997.0,3000.0,18458.0,2460047.0,2456516.0
2026-05-29 10:30:00,3000.0,3001.0,2999.0,3000.0,6313.0,2456516.0,2456506.0
2026-05-29 10:35:00,3000.0,3001.0,2996.0,2998.0,13420.0,2456506.0,2455772.0
2026-05-29 10:40:00,2998.0,3000.0,2996.0,3000.0,11873.0,2455772.0,2454681.0
2026-05-29 10:45:00,3000.0,3003.0,2999.0,3002.0,5915.0,2454681.0,2454877.0
2026-05-29 10:50:00,3002.0,3005.0,3002.0,3003.0,6494.0,2454877.0,2453713.0
2026-05-29 10:55:00,3003.0,3006.0,3003.0,3005.0,6777.0,2453713.0,2453218.0
2026-05-29 11:00:00,3005.0,3005.0,3001.0,3002.0,6540.0,2453218.0,2453488.0
2026-05-29 11:05:00,3002.0,3002.0,3000.0,3001.0,6055.0,2453488.0,2452033.0
2026-05-29 11:10:00,3001.0,3002.0,2999.0,3000.0,5817.0,2452033.0,2451920.0
2026-05-29 11:15:00,3000.0,3002.0,3000.0,3001.0,3978.0,2451920.0,2450685.0
2026-05-29 11:20:00,3001.0,3002.0,2998.0,2998.0,7340.0,2450685.0,2450135.0
2026-05-29 11:25:00,2998.0,3000.0,2997.0,2998.0,12690.0,2450135.0,2448675.0
2026-05-29 13:30:00,2999.0,2999.0,2995.0,2995.0,16044.0,2448675.0,2446283.0
2026-05-29 13:35:00,2995.0,2997.0,2994.0,2996.0,8072.0,2446283.0,2445569.0
2026-05-29 13:40:00,2996.0,2998.0,2995.0,2997.0,4779.0,2445569.0,2446232.0
2026-05-29 13:45:00,2997.0,2998.0,2996.0,2997.0,5825.0,2446232.0,2445943.0
2026-05-29 13:50:00,2997.0,2998.0,2996.0,2997.0,7259.0,2445943.0,2445503.0
2026-05-29 13:55:00,2997.0,2998.0,2996.0,2996.0,4862.0,2445503.0,2445108.0
2026-05-29 14:00:00,2996.0,2997.0,2994.0,2994.0,10283.0,2445108.0,2443566.0
2026-05-29 14:05:00,2994.0,2995.0,2992.0,2992.0,12770.0,2443566.0,2440954.0
2026-05-29 14:10:00,2992.0,2995.0,2991.0,2994.0,10383.0,2440954.0,2440516.0
2026-05-29 14:15:00,2994.0,2995.0,2993.0,2993.0,5724.0,2440516.0,2441190.0
2026-05-29 14:20:00,2993.0,2995.0,2991.0,2991.0,9011.0,2441190.0,2439888.0
2026-05-29 14:25:00,2991.0,2993.0,2991.0,2991.0,6071.0,2439888.0,2439001.0
2026-05-29 14:30:00,2991.0,2992.0,2990.0,2991.0,11171.0,2439001.0,2439858.0
2026-05-29 14:35:00,2991.0,2992.0,2990.0,2992.0,9334.0,2439858.0,2438845.0
2026-05-29 14:40:00,2992.0,2992.0,2989.0,2989.0,9691.0,2438845.0,2437126.0
2026-05-29 14:45:00,2989.0,2991.0,2988.0,2989.0,15040.0,2437126.0,2435237.0
2026-05-29 14:50:00,2989.0,2991.0,2989.0,2989.0,6916.0,2435237.0,2433419.0
2026-05-29 14:55:00,2989.0,2992.0,2989.0,2991.0,16662.0,2433419.0,2428810.0
2026-05-29 21:00:00,2995.0,2995.0,2987.0,2990.0,35535.0,2428810.0,2424504.0
2026-05-29 21:05:00,2990.0,2991.0,2989.0,2989.0,12091.0,2424504.0,2424991.0
2026-05-29 21:10:00,2989.0,2993.0,2989.0,2990.0,15561.0,2424991.0,2426742.0
2026-05-29 21:15:00,2990.0,2992.0,2989.0,2989.0,12407.0,2426742.0,2427595.0
2026-05-29 21:20:00,2989.0,2990.0,2984.0,2988.0,28958.0,2427595.0,2428112.0
2026-05-29 21:25:00,2988.0,2992.0,2986.0,2992.0,12016.0,2428112.0,2428383.0
2026-05-29 21:30:00,2992.0,2992.0,2988.0,2990.0,15015.0,2428383.0,2428711.0
2026-05-29 21:35:00,2990.0,2991.0,2987.0,2988.0,10264.0,2428711.0,2427865.0
2026-05-29 21:40:00,2988.0,2989.0,2985.0,2986.0,6895.0,2427865.0,2428441.0
2026-05-29 21:45:00,2986.0,2987.0,2980.0,2982.0,23607.0,2428441.0,2429562.0
2026-05-29 21:50:00,2982.0,2983.0,2981.0,2983.0,15162.0,2429562.0,2429367.0
2026-05-29 21:55:00,2983.0,2986.0,2982.0,2983.0,10818.0,2429367.0,2429924.0
2026-05-29 22:00:00,2983.0,2986.0,2982.0,2986.0,5473.0,2429924.0,2429952.0
2026-05-29 22:05:00,2986.0,2986.0,2984.0,2984.0,4679.0,2429952.0,2430847.0
2026-05-29 22:10:00,2984.0,2985.0,2981.0,2982.0,7778.0,2430847.0,2432858.0
2026-05-29 22:15:00,2982.0,2983.0,2979.0,2979.0,14489.0,2432858.0,2434105.0
2026-05-29 22:20:00,2979.0,2982.0,2979.0,2982.0,8759.0,2434105.0,2435325.0
2026-05-29 22:25:00,2982.0,2985.0,2981.0,2985.0,7256.0,2435325.0,2434884.0
2026-05-29 22:30:00,2985.0,2986.0,2983.0,2984.0,9061.0,2434884.0,2433354.0
2026-05-29 22:35:00,2984.0,2984.0,2981.0,2982.0,4778.0,2433354.0,2434084.0
2026-05-29 22:40:00,2982.0,2982.0,2981.0,2981.0,3040.0,2434084.0,2434304.0
2026-05-29 22:45:00,2981.0,2983.0,2981.0,2982.0,5540.0,2434304.0,2433983.0
2026-05-29 22:50:00,2982.0,2983.0,2981.0,2981.0,8291.0,2433983.0,2432868.0
2026-05-29 22:55:00,2981.0,2982.0,2980.0,2981.0,11437.0,2432868.0,2429081.0
2026-06-01 09:00:00,2983.0,2989.0,2982.0,2986.0,29326.0,2429081.0,2428930.0
2026-06-01 09:05:00,2986.0,2987.0,2984.0,2985.0,12215.0,2428930.0,2429522.0
2026-06-01 09:10:00,2985.0,2987.0,2984.0,2985.0,9339.0,2429522.0,2429127.0
2026-06-01 09:15:00,2985.0,2987.0,2984.0,2984.0,12190.0,2429127.0,2428003.0
2026-06-01 09:20:00,2984.0,2985.0,2982.0,2983.0,18519.0,2428003.0,2425073.0
2026-06-01 09:25:00,2983.0,2985.0,2982.0,2984.0,6565.0,2425073.0,2424981.0
2026-06-01 09:30:00,2984.0,2985.0,2973.0,2975.0,47150.0,2424981.0,2416799.0
2026-06-01 09:35:00,2975.0,2977.0,2974.0,2977.0,19847.0,2416799.0,2413171.0
2026-06-01 09:40:00,2977.0,2979.0,2976.0,2978.0,14232.0,2413171.0,2413551.0
2026-06-01 09:45:00,2978.0,2981.0,2976.0,2981.0,15695.0,2413551.0,2412859.0
2026-06-01 09:50:00,2981.0,2985.0,2980.0,2980.0,21257.0,2412859.0,2412364.0
2026-06-01 09:55:00,2980.0,2981.0,2978.0,2978.0,12193.0,2412364.0,2410066.0
2026-06-01 10:00:00,2978.0,2981.0,2978.0,2981.0,8510.0,2410066.0,2409157.0
2026-06-01 10:05:00,2981.0,2982.0,2980.0,2982.0,4729.0,2409157.0,2408709.0
2026-06-01 10:10:00,2982.0,2984.0,2981.0,2983.0,10689.0,2408709.0,2408678.0
2026-06-01 10:30:00,2984.0,2984.0,2981.0,2982.0,7328.0,2408678.0,2407703.0
2026-06-01 10:35:00,2982.0,2983.0,2980.0,2980.0,5949.0,2407703.0,2406295.0
2026-06-01 10:40:00,2980.0,2982.0,2980.0,2982.0,3723.0,2406295.0,2405815.0
2026-06-01 10:45:00,2982.0,2982.0,2980.0,2980.0,5532.0,2405815.0,2405869.0
2026-06-01 10:50:00,2980.0,2982.0,2978.0,2982.0,11255.0,2405869.0,2406607.0
2026-06-01 10:55:00,2982.0,2984.0,2980.0,2982.0,12861.0,2406607.0,2406965.0
2026-06-01 11:00:00,2982.0,2985.0,2981.0,2983.0,7716.0,2406965.0,2407902.0
2026-06-01 11:05:00,2983.0,2985.0,2982.0,2983.0,6337.0,2407902.0,2407250.0
2026-06-01 11:10:00,2983.0,2985.0,2983.0,2983.0,4506.0,2407250.0,2408401.0
2026-06-01 11:15:00,2983.0,2984.0,2981.0,2982.0,8909.0,2408401.0,2407067.0
2026-06-01 11:20:00,2982.0,2982.0,2979.0,2979.0,5389.0,2407067.0,2406919.0
2026-06-01 11:25:00,2979.0,2983.0,2979.0,2982.0,5432.0,2406919.0,2405374.0
2026-06-01 13:30:00,2983.0,2987.0,2983.0,2984.0,14457.0,2405374.0,2404737.0
2026-06-01 13:35:00,2984.0,2988.0,2983.0,2986.0,16370.0,2404737.0,2403084.0
2026-06-01 13:40:00,2986.0,2986.0,2983.0,2985.0,6476.0,2403084.0,2402536.0
2026-06-01 13:45:00,2985.0,2987.0,2984.0,2987.0,7593.0,2402536.0,2401728.0
2026-06-01 13:50:00,2987.0,2988.0,2985.0,2986.0,6093.0,2401728.0,2401311.0
2026-06-01 13:55:00,2986.0,2991.0,2985.0,2989.0,17237.0,2401311.0,2399651.0
2026-06-01 14:00:00,2989.0,2993.0,2988.0,2991.0,19017.0,2399651.0,2401013.0
2026-06-01 14:05:00,2991.0,2992.0,2989.0,2989.0,8371.0,2401013.0,2401178.0
2026-06-01 14:10:00,2989.0,2990.0,2987.0,2988.0,6487.0,2401178.0,2401980.0
2026-06-01 14:15:00,2988.0,2990.0,2987.0,2988.0,4792.0,2401980.0,2401317.0
2026-06-01 14:20:00,2988.0,2991.0,2987.0,2991.0,9070.0,2401317.0,2399360.0
2026-06-01 14:25:00,2991.0,2991.0,2989.0,2989.0,4668.0,2399360.0,2398824.0
2026-06-01 14:30:00,2989.0,2992.0,2989.0,2992.0,5809.0,2398824.0,2397615.0
2026-06-01 14:35:00,2992.0,2994.0,2991.0,2993.0,12404.0,2397615.0,2395795.0
2026-06-01 14:40:00,2993.0,2995.0,2992.0,2995.0,12437.0,2395795.0,2394425.0
2026-06-01 14:45:00,2995.0,2997.0,2994.0,2995.0,20905.0,2394425.0,2393982.0
2026-06-01 14:50:00,2995.0,2995.0,2992.0,2993.0,12945.0,2393982.0,2391186.0
2026-06-01 14:55:00,2993.0,2995.0,2992.0,2993.0,19189.0,2391186.0,2388924.0
2026-06-01 21:00:00,2989.0,2992.0,2986.0,2987.0,47717.0,2388924.0,2386470.0
2026-06-01 21:05:00,2987.0,2991.0,2987.0,2989.0,16028.0,2386470.0,2389684.0
2026-06-01 21:10:00,2989.0,2993.0,2989.0,2993.0,11852.0,2389684.0,2391894.0
2026-06-01 21:15:00,2993.0,2993.0,2991.0,2992.0,12622.0,2391894.0,2391674.0
2026-06-01 21:20:00,2992.0,2996.0,2992.0,2996.0,12592.0,2391674.0,2392238.0
2026-06-01 21:25:00,2996.0,2999.0,2994.0,2998.0,15889.0,2392238.0,2393455.0
2026-06-01 21:30:00,2998.0,2998.0,2991.0,2992.0,17779.0,2393455.0,2392463.0
2026-06-01 21:35:00,2992.0,2992.0,2986.0,2987.0,26022.0,2392463.0,2391577.0
2026-06-01 21:40:00,2987.0,2989.0,2984.0,2985.0,17104.0,2391577.0,2391030.0
2026-06-01 21:45:00,2985.0,2988.0,2984.0,2987.0,11668.0,2391030.0,2391431.0
2026-06-01 21:50:00,2987.0,2989.0,2986.0,2987.0,7809.0,2391431.0,2391044.0
2026-06-01 21:55:00,2987.0,2989.0,2987.0,2987.0,6437.0,2391044.0,2392046.0
2026-06-01 22:00:00,2987.0,2988.0,2986.0,2987.0,8576.0,2392046.0,2392375.0
2026-06-01 22:05:00,2987.0,2988.0,2985.0,2987.0,7035.0,2392375.0,2393521.0
2026-06-01 22:10:00,2987.0,2988.0,2982.0,2982.0,17561.0,2393521.0,2394095.0
2026-06-01 22:15:00,2982.0,2986.0,2981.0,2985.0,14982.0,2394095.0,2394653.0
2026-06-01 22:20:00,2985.0,2986.0,2983.0,2985.0,6374.0,2394653.0,2394468.0
2026-06-01 22:25:00,2985.0,2987.0,2985.0,2986.0,9051.0,2394468.0,2395244.0
2026-06-01 22:30:00,2986.0,2987.0,2984.0,2984.0,7063.0,2395244.0,2394925.0
2026-06-01 22:35:00,2984.0,2987.0,2984.0,2985.0,4511.0,2394925.0,2395994.0
2026-06-01 22:40:00,2985.0,2986.0,2985.0,2985.0,3883.0,2395994.0,2395069.0
2026-06-01 22:45:00,2985.0,2986.0,2984.0,2984.0,7322.0,2395069.0,2395021.0
2026-06-01 22:50:00,2984.0,2986.0,2984.0,2984.0,5530.0,2395021.0,2392444.0
2026-06-01 22:55:00,2984.0,2986.0,2984.0,2984.0,10122.0,2392444.0,2389270.0
2026-06-02 09:00:00,2980.0,2980.0,2975.0,2978.0,43772.0,2389270.0,2391521.0
2026-06-02 09:05:00,2978.0,2978.0,2973.0,2975.0,30594.0,2391521.0,2391650.0
2026-06-02 09:10:00,2975.0,2978.0,2974.0,2975.0,18868.0,2391650.0,2394548.0
2026-06-02 09:15:00,2975.0,2979.0,2974.0,2975.0,18686.0,2394548.0,2394048.0
2026-06-02 09:20:00,2975.0,2978.0,2975.0,2976.0,13837.0,2394048.0,2393147.0
2026-06-02 09:25:00,2976.0,2977.0,2974.0,2975.0,10772.0,2393147.0,2393435.0
2026-06-02 09:30:00,2975.0,2975.0,2970.0,2970.0,46352.0,2393435.0,2399430.0
2026-06-02 09:35:00,2970.0,2971.0,2966.0,2967.0,42551.0,2399430.0,2406126.0
2026-06-02 09:40:00,2967.0,2967.0,2964.0,2964.0,32275.0,2406126.0,2412804.0
2026-06-02 09:45:00,2964.0,2966.0,2964.0,2965.0,32047.0,2412804.0,2415794.0
2026-06-02 09:50:00,2965.0,2968.0,2964.0,2968.0,20662.0,2415794.0,2418744.0
2026-06-02 09:55:00,2968.0,2970.0,2967.0,2967.0,12698.0,2418744.0,2420051.0
2026-06-02 10:00:00,2967.0,2971.0,2967.0,2970.0,12828.0,2420051.0,2419771.0
2026-06-02 10:05:00,2970.0,2974.0,2970.0,2972.0,14305.0,2419771.0,2417633.0
2026-06-02 10:10:00,2972.0,2974.0,2971.0,2971.0,9080.0,2417633.0,2415695.0
2026-06-02 10:30:00,2971.0,2974.0,2970.0,2973.0,13242.0,2415695.0,2415344.0
2026-06-02 10:35:00,2973.0,2974.0,2972.0,2973.0,8867.0,2415344.0,2415401.0
2026-06-02 10:40:00,2973.0,2975.0,2973.0,2973.0,13399.0,2415401.0,2414098.0
2026-06-02 10:45:00,2973.0,2974.0,2972.0,2973.0,9818.0,2414098.0,2413587.0
2026-06-02 10:50:00,2973.0,2976.0,2973.0,2974.0,10810.0,2413587.0,2413921.0
2026-06-02 10:55:00,2974.0,2975.0,2974.0,2974.0,3070.0,2413921.0,2413693.0
2026-06-02 11:00:00,2974.0,2977.0,2974.0,2977.0,12519.0,2413693.0,2412323.0
2026-06-02 11:05:00,2977.0,2977.0,2975.0,2976.0,6395.0,2412323.0,2410902.0
2026-06-02 11:10:00,2976.0,2977.0,2974.0,2974.0,4674.0,2410902.0,2409664.0
2026-06-02 11:15:00,2974.0,2977.0,2974.0,2977.0,6146.0,2409664.0,2410449.0
2026-06-02 11:20:00,2977.0,2978.0,2975.0,2975.0,5062.0,2410449.0,2409629.0
2026-06-02 11:25:00,2975.0,2977.0,2975.0,2976.0,6671.0,2409629.0,2407564.0
2026-06-02 13:30:00,2976.0,2978.0,2975.0,2975.0,11175.0,2407564.0,2406391.0
2026-06-02 13:35:00,2975.0,2976.0,2973.0,2973.0,5916.0,2406391.0,2406277.0
2026-06-02 13:40:00,2973.0,2974.0,2971.0,2971.0,8713.0,2406277.0,2405669.0
2026-06-02 13:45:00,2971.0,2973.0,2971.0,2972.0,6936.0,2405669.0,2405584.0
2026-06-02 13:50:00,2972.0,2973.0,2971.0,2973.0,5137.0,2405584.0,2405669.0
2026-06-02 13:55:00,2973.0,2973.0,2971.0,2971.0,4920.0,2405669.0,2406679.0
2026-06-02 14:00:00,2971.0,2972.0,2971.0,2972.0,6997.0,2406679.0,2407920.0
2026-06-02 14:05:00,2972.0,2972.0,2970.0,2972.0,4312.0,2407920.0,2407908.0
2026-06-02 14:10:00,2972.0,2972.0,2970.0,2971.0,8309.0,2407908.0,2408241.0
2026-06-02 14:15:00,2971.0,2973.0,2971.0,2972.0,4858.0,2408241.0,2408292.0
2026-06-02 14:20:00,2972.0,2973.0,2970.0,2971.0,5863.0,2408292.0,2407850.0
2026-06-02 14:25:00,2971.0,2972.0,2970.0,2971.0,4734.0,2407850.0,2407782.0
2026-06-02 14:30:00,2971.0,2973.0,2970.0,2971.0,8871.0,2407782.0,2408032.0
2026-06-02 14:35:00,2971.0,2971.0,2970.0,2970.0,5790.0,2408032.0,2407407.0
2026-06-02 14:40:00,2970.0,2972.0,2970.0,2970.0,9602.0,2407407.0,2406422.0
2026-06-02 14:45:00,2970.0,2973.0,2970.0,2971.0,9839.0,2406422.0,2404755.0
2026-06-02 14:50:00,2971.0,2973.0,2971.0,2973.0,8993.0,2404755.0,2405876.0
2026-06-02 14:55:00,2973.0,2973.0,2971.0,2973.0,22298.0,2405876.0,2403242.0
2026-06-02 21:00:00,2970.0,2972.0,2968.0,2970.0,41010.0,2403242.0,2400067.0
2026-06-02 21:05:00,2970.0,2974.0,2969.0,2974.0,13378.0,2400067.0,2400702.0
2026-06-02 21:10:00,2974.0,2975.0,2972.0,2973.0,21201.0,2400702.0,2402180.0
2026-06-02 21:15:00,2973.0,2974.0,2972.0,2973.0,10941.0,2402180.0,2403194.0
2026-06-02 21:20:00,2973.0,2974.0,2972.0,2972.0,9626.0,2403194.0,2402113.0
2026-06-02 21:25:00,2972.0,2976.0,2972.0,2975.0,11540.0,2402113.0,2403773.0
2026-06-02 21:30:00,2975.0,2975.0,2971.0,2971.0,11391.0,2403773.0,2405316.0
2026-06-02 21:35:00,2971.0,2972.0,2967.0,2967.0,22007.0,2405316.0,2407324.0
2026-06-02 21:40:00,2967.0,2968.0,2966.0,2967.0,17278.0,2407324.0,2408825.0
2026-06-02 21:45:00,2967.0,2968.0,2962.0,2966.0,41020.0,2408825.0,2414246.0
2026-06-02 21:50:00,2966.0,2968.0,2965.0,2967.0,14983.0,2414246.0,2411417.0
2026-06-02 21:55:00,2967.0,2968.0,2964.0,2965.0,7727.0,2411417.0,2412583.0
2026-06-02 22:00:00,2965.0,2967.0,2965.0,2966.0,7913.0,2412583.0,2410990.0
2026-06-02 22:05:00,2966.0,2968.0,2965.0,2965.0,8288.0,2410990.0,2412868.0
2026-06-02 22:10:00,2965.0,2966.0,2962.0,2963.0,22300.0,2412868.0,2414482.0
2026-06-02 22:15:00,2963.0,2966.0,2963.0,2965.0,8241.0,2414482.0,2415704.0
2026-06-02 22:20:00,2965.0,2966.0,2963.0,2964.0,11146.0,2415704.0,2417968.0
2026-06-02 22:25:00,2964.0,2965.0,2963.0,2963.0,10895.0,2417968.0,2417417.0
2026-06-02 22:30:00,2963.0,2964.0,2958.0,2959.0,51739.0,2417417.0,2422575.0
2026-06-02 22:35:00,2959.0,2963.0,2959.0,2963.0,12128.0,2422575.0,2421493.0
2026-06-02 22:40:00,2963.0,2963.0,2961.0,2961.0,4171.0,2421493.0,2421832.0
2026-06-02 22:45:00,2961.0,2963.0,2960.0,2963.0,7505.0,2421832.0,2420889.0
2026-06-02 22:50:00,2963.0,2964.0,2962.0,2964.0,7175.0,2420889.0,2418913.0
2026-06-02 22:55:00,2964.0,2965.0,2963.0,2964.0,10608.0,2418913.0,2419331.0
2026-06-03 09:00:00,2955.0,2958.0,2951.0,2955.0,95893.0,2419331.0,2430086.0
2026-06-03 09:05:00,2955.0,2956.0,2952.0,2952.0,34153.0,2430086.0,2429913.0
2026-06-03 09:10:00,2952.0,2953.0,2949.0,2951.0,47072.0,2429913.0,2434126.0
2026-06-03 09:15:00,2951.0,2954.0,2950.0,2951.0,24758.0,2434126.0,2434118.0
2026-06-03 09:20:00,2951.0,2957.0,2950.0,2956.0,32935.0,2434118.0,2435306.0
2026-06-03 09:25:00,2956.0,2956.0,2953.0,2954.0,8054.0,2435306.0,2435531.0
2026-06-03 09:30:00,2954.0,2957.0,2953.0,2956.0,14010.0,2435531.0,2433164.0
2026-06-03 09:35:00,2956.0,2960.0,2956.0,2957.0,16819.0,2433164.0,2431321.0
2026-06-03 09:40:00,2957.0,2960.0,2956.0,2960.0,11829.0,2431321.0,2431953.0
2026-06-03 09:45:00,2960.0,2960.0,2958.0,2958.0,6227.0,2431953.0,2431824.0
2026-06-03 09:50:00,2958.0,2959.0,2957.0,2958.0,4570.0,2431824.0,2432086.0
2026-06-03 09:55:00,2958.0,2962.0,2957.0,2961.0,15941.0,2432086.0,2431244.0
2026-06-03 10:00:00,2961.0,2962.0,2958.0,2959.0,10807.0,2431244.0,2430814.0
2026-06-03 10:05:00,2959.0,2961.0,2958.0,2961.0,11737.0,2430814.0,2431452.0
2026-06-03 10:10:00,2961.0,2961.0,2958.0,2959.0,8962.0,2431452.0,2430366.0
2026-06-03 10:30:00,2959.0,2963.0,2958.0,2963.0,18355.0,2430366.0,2430249.0
2026-06-03 10:35:00,2963.0,2967.0,2963.0,2967.0,22329.0,2430249.0,2428978.0
2026-06-03 10:40:00,2967.0,2971.0,2966.0,2968.0,23868.0,2428978.0,2427175.0
2026-06-03 10:45:00,2968.0,2972.0,2967.0,2972.0,22133.0,2427175.0,2424352.0
2026-06-03 10:50:00,2972.0,2974.0,2971.0,2972.0,15673.0,2424352.0,2422652.0
2026-06-03 10:55:00,2972.0,2977.0,2972.0,2977.0,25962.0,2422652.0,2422376.0
2026-06-03 11:00:00,2977.0,2981.0,2976.0,2979.0,37274.0,2422376.0,2417983.0
2026-06-03 11:05:00,2979.0,2995.0,2978.0,2982.0,100482.0,2417983.0,2406808.0
2026-06-03 11:10:00,2982.0,2983.0,2979.0,2983.0,34853.0,2406808.0,2405593.0
2026-06-03 11:15:00,2983.0,2983.0,2978.0,2978.0,22007.0,2405593.0,2402591.0
2026-06-03 11:20:00,2978.0,2981.0,2978.0,2980.0,11215.0,2402591.0,2401800.0
2026-06-03 11:25:00,2980.0,2981.0,2978.0,2979.0,17183.0,2401800.0,2396967.0
2026-06-03 13:30:00,2979.0,2981.0,2977.0,2979.0,16592.0,2396967.0,2394977.0
2026-06-03 13:35:00,2979.0,2981.0,2978.0,2981.0,11850.0,2394977.0,2395031.0
2026-06-03 13:40:00,2981.0,2984.0,2980.0,2984.0,9022.0,2395031.0,2395509.0
2026-06-03 13:45:00,2984.0,2984.0,2981.0,2981.0,7174.0,2395509.0,2395188.0
2026-06-03 13:50:00,2981.0,2984.0,2981.0,2982.0,6847.0,2395188.0,2394736.0
2026-06-03 13:55:00,2982.0,2985.0,2982.0,2985.0,12146.0,2394736.0,2393494.0
2026-06-03 14:00:00,2985.0,2985.0,2981.0,2981.0,14638.0,2393494.0,2390249.0
2026-06-03 14:05:00,2981.0,2983.0,2979.0,2980.0,10530.0,2390249.0,2390649.0
2026-06-03 14:10:00,2980.0,2981.0,2977.0,2979.0,8526.0,2390649.0,2389712.0
2026-06-03 14:15:00,2979.0,2980.0,2977.0,2979.0,7831.0,2389712.0,2389471.0
2026-06-03 14:20:00,2979.0,2981.0,2978.0,2980.0,9004.0,2389471.0,2390691.0
2026-06-03 14:25:00,2980.0,2980.0,2978.0,2978.0,5086.0,2390691.0,2390704.0
2026-06-03 14:30:00,2978.0,2980.0,2977.0,2978.0,4514.0,2390704.0,2390181.0
2026-06-03 14:35:00,2978.0,2978.0,2976.0,2976.0,4314.0,2390181.0,2390701.0
2026-06-03 14:40:00,2976.0,2978.0,2975.0,2978.0,9792.0,2390701.0,2388689.0
2026-06-03 14:45:00,2978.0,2979.0,2976.0,2977.0,7931.0,2388689.0,2387993.0
2026-06-03 14:50:00,2977.0,2977.0,2974.0,2976.0,13477.0,2387993.0,2387638.0
2026-06-03 14:55:00,2976.0,2977.0,2975.0,2976.0,17069.0,2387638.0,2385479.0
2026-06-03 21:00:00,2982.0,2983.0,2978.0,2979.0,42259.0,2385479.0,2384980.0
2026-06-03 21:05:00,2979.0,2980.0,2976.0,2979.0,15520.0,2384980.0,2386415.0
2026-06-03 21:10:00,2979.0,2980.0,2975.0,2976.0,16633.0,2386415.0,2388077.0
2026-06-03 21:15:00,2976.0,2978.0,2975.0,2976.0,9732.0,2388077.0,2388445.0
2026-06-03 21:20:00,2976.0,2978.0,2976.0,2978.0,9953.0,2388445.0,2390820.0
2026-06-03 21:25:00,2978.0,2980.0,2977.0,2977.0,11787.0,2390820.0,2391756.0
2026-06-03 21:30:00,2977.0,2979.0,2975.0,2976.0,9384.0,2391756.0,2392778.0
2026-06-03 21:35:00,2976.0,2977.0,2974.0,2974.0,12360.0,2392778.0,2393350.0
2026-06-03 21:40:00,2974.0,2977.0,2973.0,2974.0,12720.0,2393350.0,2395087.0
2026-06-03 21:45:00,2974.0,2976.0,2973.0,2973.0,12477.0,2395087.0,2396793.0
2026-06-03 21:50:00,2973.0,2975.0,2970.0,2973.0,17761.0,2396793.0,2396685.0
2026-06-03 21:55:00,2973.0,2973.0,2970.0,2971.0,9622.0,2396685.0,2395679.0
2026-06-03 22:00:00,2971.0,2972.0,2967.0,2968.0,18328.0,2395679.0,2396447.0
2026-06-03 22:05:00,2968.0,2971.0,2968.0,2969.0,8601.0,2396447.0,2396783.0
2026-06-03 22:10:00,2969.0,2971.0,2969.0,2969.0,7203.0,2396783.0,2397453.0
2026-06-03 22:15:00,2969.0,2973.0,2969.0,2972.0,13344.0,2397453.0,2395944.0
2026-06-03 22:20:00,2972.0,2974.0,2971.0,2974.0,4657.0,2395944.0,2396072.0
2026-06-03 22:25:00,2974.0,2976.0,2973.0,2974.0,11693.0,2396072.0,2396047.0
2026-06-03 22:30:00,2974.0,2976.0,2972.0,2975.0,7437.0,2396047.0,2395920.0
2026-06-03 22:35:00,2975.0,2976.0,2974.0,2975.0,4607.0,2395920.0,2395568.0
2026-06-03 22:40:00,2975.0,2976.0,2974.0,2974.0,5148.0,2395568.0,2395123.0
2026-06-03 22:45:00,2974.0,2976.0,2974.0,2975.0,4858.0,2395123.0,2394616.0
2026-06-03 22:50:00,2975.0,2976.0,2974.0,2975.0,2327.0,2394616.0,2394203.0
2026-06-03 22:55:00,2975.0,2976.0,2974.0,2975.0,8576.0,2394203.0,2391848.0
2026-06-04 09:00:00,2966.0,2966.0,2955.0,2959.0,89681.0,2391848.0,2401893.0
2026-06-04 09:05:00,2959.0,2961.0,2956.0,2958.0,27817.0,2401893.0,2404685.0
2026-06-04 09:10:00,2958.0,2958.0,2954.0,2955.0,38184.0,2404685.0,2407019.0
2026-06-04 09:15:00,2955.0,2957.0,2951.0,2953.0,43854.0,2407019.0,2413496.0
2026-06-04 09:20:00,2953.0,2953.0,2948.0,2950.0,70349.0,2413496.0,2429807.0
2026-06-04 09:25:00,2950.0,2951.0,2945.0,2946.0,40411.0,2429807.0,2435267.0
2026-06-04 09:30:00,2946.0,2950.0,2945.0,2946.0,37764.0,2435267.0,2442731.0
2026-06-04 09:35:00,2946.0,2948.0,2944.0,2948.0,31566.0,2442731.0,2443850.0
2026-06-04 09:40:00,2948.0,2951.0,2947.0,2950.0,20982.0,2443850.0,2446554.0
2026-06-04 09:45:00,2950.0,2954.0,2949.0,2951.0,18377.0,2446554.0,2448729.0
2026-06-04 09:50:00,2951.0,2952.0,2949.0,2950.0,8205.0,2448729.0,2450131.0
2026-06-04 09:55:00,2950.0,2951.0,2950.0,2951.0,5434.0,2450131.0,2449928.0
2026-06-04 10:00:00,2951.0,2951.0,2948.0,2949.0,9288.0,2449928.0,2450545.0
2026-06-04 10:05:00,2949.0,2951.0,2948.0,2950.0,7282.0,2450545.0,2450942.0
2026-06-04 10:10:00,2950.0,2951.0,2950.0,2951.0,4795.0,2450942.0,2450778.0
2026-06-04 10:30:00,2951.0,2954.0,2951.0,2953.0,12381.0,2450778.0,2451243.0
2026-06-04 10:35:00,2953.0,2953.0,2951.0,2952.0,3832.0,2451243.0,2450625.0
2026-06-04 10:40:00,2952.0,2953.0,2950.0,2951.0,6551.0,2450625.0,2448927.0
2026-06-04 10:45:00,2951.0,2951.0,2947.0,2948.0,10564.0,2448927.0,2449144.0
2026-06-04 10:50:00,2948.0,2950.0,2946.0,2946.0,9023.0,2449144.0,2449165.0
2026-06-04 10:55:00,2946.0,2947.0,2945.0,2946.0,13267.0,2449165.0,2448765.0
2026-06-04 11:00:00,2946.0,2947.0,2941.0,2942.0,43689.0,2448765.0,2453079.0
2026-06-04 11:05:00,2942.0,2943.0,2941.0,2942.0,10767.0,2453079.0,2454252.0
2026-06-04 11:10:00,2942.0,2943.0,2941.0,2943.0,10226.0,2454252.0,2455531.0
2026-06-04 11:15:00,2943.0,2947.0,2941.0,2947.0,19791.0,2455531.0,2458743.0
2026-06-04 11:20:00,2947.0,2947.0,2944.0,2945.0,10446.0,2458743.0,2459343.0
2026-06-04 11:25:00,2945.0,2949.0,2943.0,2949.0,12309.0,2459343.0,2458382.0
2026-06-04 13:30:00,2948.0,2950.0,2944.0,2945.0,17997.0,2458382.0,2456412.0
2026-06-04 13:35:00,2945.0,2947.0,2945.0,2945.0,4382.0,2456412.0,2456846.0
2026-06-04 13:40:00,2945.0,2946.0,2943.0,2944.0,8676.0,2456846.0,2457644.0
2026-06-04 13:45:00,2944.0,2945.0,2942.0,2945.0,9506.0,2457644.0,2456713.0
2026-06-04 13:50:00,2945.0,2945.0,2942.0,2943.0,10697.0,2456713.0,2456883.0
2026-06-04 13:55:00,2943.0,2944.0,2942.0,2944.0,8343.0,2456883.0,2457046.0
2026-06-04 14:00:00,2944.0,2944.0,2941.0,2942.0,9086.0,2457046.0,2457378.0
2026-06-04 14:05:00,2942.0,2945.0,2942.0,2943.0,11488.0,2457378.0,2455843.0
2026-06-04 14:10:00,2943.0,2944.0,2941.0,2942.0,13312.0,2455843.0,2458164.0
2026-06-04 14:15:00,2942.0,2946.0,2941.0,2945.0,14988.0,2458164.0,2457306.0
2026-06-04 14:20:00,2945.0,2945.0,2942.0,2943.0,15653.0,2457306.0,2454706.0
2026-06-04 14:25:00,2943.0,2944.0,2941.0,2941.0,9322.0,2454706.0,2453788.0
2026-06-04 14:30:00,2941.0,2944.0,2940.0,2944.0,29716.0,2453788.0,2457379.0
2026-06-04 14:35:00,2944.0,2944.0,2941.0,2941.0,10813.0,2457379.0,2456353.0
2026-06-04 14:40:00,2941.0,2942.0,2940.0,2941.0,13000.0,2456353.0,2455822.0
2026-06-04 14:45:00,2941.0,2944.0,2941.0,2944.0,21507.0,2455822.0,2452003.0
2026-06-04 14:50:00,2944.0,2944.0,2942.0,2942.0,9771.0,2452003.0,2451204.0
2026-06-04 14:55:00,2942.0,2944.0,2941.0,2943.0,21820.0,2451204.0,2447993.0
2026-06-04 21:00:00,2943.0,2944.0,2938.0,2944.0,68769.0,2447993.0,2447932.0
2026-06-04 21:05:00,2944.0,2947.0,2942.0,2947.0,29784.0,2447932.0,2448885.0
2026-06-04 21:10:00,2947.0,2947.0,2943.0,2945.0,17809.0,2448885.0,2450109.0
2026-06-04 21:15:00,2945.0,2945.0,2942.0,2942.0,11940.0,2450109.0,2451889.0
2026-06-04 21:20:00,2942.0,2944.0,2941.0,2942.0,8624.0,2451889.0,2452982.0
2026-06-04 21:25:00,2942.0,2942.0,2939.0,2940.0,12460.0,2452982.0,2455127.0
2026-06-04 21:30:00,2940.0,2940.0,2937.0,2938.0,18435.0,2455127.0,2458338.0
2026-06-04 21:35:00,2938.0,2939.0,2934.0,2936.0,31947.0,2458338.0,2462490.0
2026-06-04 21:40:00,2936.0,2938.0,2933.0,2933.0,22690.0,2462490.0,2466022.0
2026-06-04 21:45:00,2933.0,2936.0,2932.0,2933.0,13775.0,2466022.0,2466410.0
2026-06-04 21:50:00,2933.0,2937.0,2933.0,2935.0,10288.0,2466410.0,2465331.0
2026-06-04 21:55:00,2935.0,2936.0,2933.0,2933.0,8026.0,2465331.0,2466020.0
2026-06-04 22:00:00,2933.0,2934.0,2929.0,2930.0,35772.0,2466020.0,2467504.0
2026-06-04 22:05:00,2930.0,2933.0,2926.0,2932.0,45648.0,2467504.0,2464697.0
2026-06-04 22:10:00,2932.0,2932.0,2928.0,2930.0,14033.0,2464697.0,2464032.0
2026-06-04 22:15:00,2930.0,2931.0,2928.0,2929.0,9675.0,2464032.0,2464189.0
2026-06-04 22:20:00,2929.0,2930.0,2928.0,2928.0,7076.0,2464189.0,2464495.0
2026-06-04 22:25:00,2928.0,2930.0,2926.0,2927.0,13117.0,2464495.0,2467124.0
2026-06-04 22:30:00,2927.0,2927.0,2923.0,2923.0,25357.0,2467124.0,2466130.0
2026-06-04 22:35:00,2923.0,2926.0,2923.0,2926.0,10848.0,2466130.0,2467282.0
2026-06-04 22:40:00,2926.0,2926.0,2921.0,2921.0,16683.0,2467282.0,2468214.0
2026-06-04 22:45:00,2921.0,2924.0,2917.0,2919.0,37671.0,2468214.0,2466144.0
2026-06-04 22:50:00,2919.0,2920.0,2917.0,2919.0,21382.0,2466144.0,2466693.0
2026-06-04 22:55:00,2919.0,2919.0,2912.0,2913.0,37729.0,2466693.0,2464961.0
2026-06-05 09:00:00,2921.0,2921.0,2916.0,2919.0,67899.0,2464961.0,2467223.0
2026-06-05 09:05:00,2919.0,2921.0,2913.0,2915.0,41534.0,2467223.0,2466201.0
2026-06-05 09:10:00,2915.0,2916.0,2910.0,2911.0,27408.0,2466201.0,2463598.0
2026-06-05 09:15:00,2911.0,2913.0,2909.0,2911.0,48589.0,2463598.0,2461554.0
2026-06-05 09:20:00,2911.0,2917.0,2910.0,2916.0,14987.0,2461554.0,2460533.0
2026-06-05 09:25:00,2916.0,2918.0,2913.0,2915.0,18229.0,2460533.0,2459328.0
2026-06-05 09:30:00,2915.0,2919.0,2913.0,2919.0,13313.0,2459328.0,2459854.0
2026-06-05 09:35:00,2919.0,2924.0,2918.0,2923.0,23976.0,2459854.0,2460195.0
2026-06-05 09:40:00,2923.0,2926.0,2921.0,2923.0,24730.0,2460195.0,2461264.0
2026-06-05 09:45:00,2923.0,2924.0,2921.0,2922.0,9929.0,2461264.0,2459982.0
2026-06-05 09:50:00,2922.0,2923.0,2921.0,2922.0,4407.0,2459982.0,2459792.0
2026-06-05 09:55:00,2922.0,2923.0,2920.0,2922.0,6474.0,2459792.0,2459134.0
2026-06-05 10:00:00,2922.0,2922.0,2920.0,2921.0,10218.0,2459134.0,2459973.0
2026-06-05 10:05:00,2921.0,2923.0,2919.0,2919.0,9157.0,2459973.0,2458798.0
2026-06-05 10:10:00,2919.0,2922.0,2919.0,2921.0,6044.0,2458798.0,2458759.0
2026-06-05 10:30:00,2923.0,2924.0,2920.0,2923.0,10013.0,2458759.0,2458905.0
2026-06-05 10:35:00,2923.0,2924.0,2921.0,2922.0,6408.0,2458905.0,2458426.0
2026-06-05 10:40:00,2922.0,2923.0,2920.0,2920.0,6942.0,2458426.0,2459066.0
2026-06-05 10:45:00,2920.0,2923.0,2920.0,2923.0,6886.0,2459066.0,2458623.0
2026-06-05 10:50:00,2923.0,2925.0,2921.0,2921.0,8714.0,2458623.0,2458603.0
2026-06-05 10:55:00,2921.0,2922.0,2919.0,2920.0,10726.0,2458603.0,2457216.0
2026-06-05 11:00:00,2920.0,2922.0,2920.0,2921.0,6218.0,2457216.0,2457228.0
2026-06-05 11:05:00,2921.0,2922.0,2919.0,2919.0,7466.0,2457228.0,2457910.0
2026-06-05 11:10:00,2919.0,2920.0,2918.0,2919.0,6058.0,2457910.0,2458096.0
2026-06-05 11:15:00,2919.0,2922.0,2919.0,2920.0,6189.0,2458096.0,2458308.0
2026-06-05 11:20:00,2920.0,2921.0,2918.0,2918.0,6884.0,2458308.0,2459376.0
2026-06-05 11:25:00,2918.0,2920.0,2917.0,2918.0,8170.0,2459376.0,2458723.0
2026-06-05 13:30:00,2919.0,2920.0,2916.0,2916.0,14875.0,2458723.0,2459181.0
2026-06-05 13:35:00,2916.0,2919.0,2916.0,2917.0,10051.0,2459181.0,2458670.0
2026-06-05 13:40:00,2917.0,2918.0,2914.0,2914.0,15441.0,2458670.0,2461466.0
2026-06-05 13:45:00,2914.0,2915.0,2913.0,2915.0,9464.0,2461466.0,2461006.0
2026-06-05 13:50:00,2915.0,2917.0,2911.0,2916.0,20129.0,2461006.0,2461958.0
2026-06-05 13:55:00,2916.0,2916.0,2911.0,2912.0,11248.0,2461958.0,2461319.0
2026-06-05 14:00:00,2912.0,2913.0,2911.0,2911.0,11675.0,2461319.0,2458416.0
2026-06-05 14:05:00,2911.0,2912.0,2911.0,2911.0,5978.0,2458416.0,2456866.0
2026-06-05 14:10:00,2911.0,2912.0,2910.0,2911.0,12089.0,2456866.0,2455973.0
2026-06-05 14:15:00,2911.0,2913.0,2909.0,2913.0,20347.0,2455973.0,2456219.0
2026-06-05 14:20:00,2913.0,2913.0,2910.0,2911.0,7373.0,2456219.0,2455211.0
2026-06-05 14:25:00,2911.0,2915.0,2910.0,2913.0,12650.0,2455211.0,2452863.0
2026-06-05 14:30:00,2913.0,2918.0,2912.0,2917.0,23298.0,2452863.0,2446934.0
2026-06-05 14:35:00,2917.0,2918.0,2915.0,2916.0,13342.0,2446934.0,2447302.0
2026-06-05 14:40:00,2916.0,2920.0,2916.0,2920.0,17101.0,2447302.0,2441748.0
2026-06-05 14:45:00,2920.0,2922.0,2919.0,2921.0,19455.0,2441748.0,2437065.0
2026-06-05 14:50:00,2921.0,2922.0,2920.0,2920.0,8558.0,2437065.0,2434747.0
2026-06-05 14:55:00,2920.0,2921.0,2918.0,2918.0,15999.0,2434747.0,2432078.0
2026-06-05 21:00:00,2918.0,2921.0,2917.0,2918.0,47136.0,2432078.0,2432374.0
2026-06-05 21:05:00,2918.0,2920.0,2915.0,2919.0,16121.0,2432374.0,2432510.0
2026-06-05 21:10:00,2919.0,2920.0,2915.0,2918.0,16495.0,2432510.0,2434616.0
2026-06-05 21:15:00,2918.0,2918.0,2915.0,2915.0,12324.0,2434616.0,2435394.0
2026-06-05 21:20:00,2915.0,2916.0,2913.0,2916.0,14693.0,2435394.0,2436123.0
2026-06-05 21:25:00,2916.0,2916.0,2912.0,2913.0,8738.0,2436123.0,2437054.0
2026-06-05 21:30:00,2913.0,2915.0,2911.0,2913.0,13637.0,2437054.0,2437878.0
2026-06-05 21:35:00,2913.0,2915.0,2910.0,2911.0,9883.0,2437878.0,2439726.0
2026-06-05 21:40:00,2911.0,2912.0,2909.0,2909.0,11720.0,2439726.0,2441100.0
2026-06-05 21:45:00,2909.0,2911.0,2906.0,2909.0,22980.0,2441100.0,2442656.0
2026-06-05 21:50:00,2909.0,2912.0,2908.0,2911.0,10046.0,2442656.0,2441344.0
2026-06-05 21:55:00,2911.0,2914.0,2910.0,2910.0,5919.0,2441344.0,2442526.0
2026-06-05 22:00:00,2910.0,2912.0,2908.0,2911.0,9408.0,2442526.0,2441564.0
2026-06-05 22:05:00,2911.0,2912.0,2910.0,2910.0,3713.0,2441564.0,2441229.0
2026-06-05 22:10:00,2910.0,2911.0,2909.0,2909.0,3800.0,2441229.0,2441593.0
2026-06-05 22:15:00,2909.0,2911.0,2908.0,2910.0,6378.0,2441593.0,2442471.0
2026-06-05 22:20:00,2910.0,2911.0,2909.0,2911.0,4879.0,2442471.0,2442638.0
2026-06-05 22:25:00,2911.0,2912.0,2910.0,2911.0,5536.0,2442638.0,2442356.0
2026-06-05 22:30:00,2911.0,2914.0,2910.0,2914.0,6649.0,2442356.0,2442590.0
2026-06-05 22:35:00,2914.0,2916.0,2912.0,2912.0,8957.0,2442590.0,2441844.0
2026-06-05 22:40:00,2912.0,2915.0,2911.0,2912.0,6120.0,2441844.0,2441692.0
2026-06-05 22:45:00,2912.0,2913.0,2911.0,2911.0,4385.0,2441692.0,2442390.0
2026-06-05 22:50:00,2911.0,2913.0,2911.0,2912.0,3217.0,2442390.0,2441573.0
2026-06-05 22:55:00,2912.0,2913.0,2909.0,2910.0,14981.0,2441573.0,2439461.0
2026-06-08 09:00:00,2905.0,2909.0,2897.0,2906.0,94669.0,2439461.0,2438067.0
2026-06-08 09:05:00,2906.0,2909.0,2905.0,2907.0,30404.0,2438067.0,2435732.0
2026-06-08 09:10:00,2907.0,2911.0,2907.0,2910.0,18824.0,2435732.0,2438718.0
2026-06-08 09:15:00,2910.0,2914.0,2909.0,2910.0,18561.0,2438718.0,2439582.0
2026-06-08 09:20:00,2910.0,2911.0,2907.0,2910.0,20573.0,2439582.0,2439245.0
2026-06-08 09:25:00,2910.0,2912.0,2909.0,2911.0,10836.0,2439245.0,2440000.0
2026-06-08 09:30:00,2911.0,2913.0,2911.0,2912.0,8377.0,2440000.0,2438536.0
2026-06-08 09:35:00,2912.0,2913.0,2907.0,2909.0,12309.0,2438536.0,2438258.0
2026-06-08 09:40:00,2909.0,2909.0,2905.0,2906.0,15632.0,2438258.0,2438879.0
2026-06-08 09:45:00,2906.0,2908.0,2905.0,2907.0,10679.0,2438879.0,2439649.0
2026-06-08 09:50:00,2907.0,2908.0,2905.0,2906.0,11005.0,2439649.0,2439201.0
2026-06-08 09:55:00,2906.0,2907.0,2904.0,2907.0,11157.0,2439201.0,2439139.0
2026-06-08 10:00:00,2907.0,2907.0,2903.0,2904.0,7043.0,2439139.0,2439295.0
2026-06-08 10:05:00,2904.0,2904.0,2902.0,2903.0,8566.0,2439295.0,2438959.0
2026-06-08 10:10:00,2903.0,2907.0,2902.0,2907.0,10527.0,2438959.0,2440323.0
2026-06-08 10:30:00,2908.0,2910.0,2905.0,2909.0,14371.0,2440323.0,2438702.0
2026-06-08 10:35:00,2909.0,2909.0,2907.0,2908.0,9191.0,2438702.0,2439956.0
2026-06-08 10:40:00,2908.0,2910.0,2906.0,2908.0,11742.0,2439956.0,2438036.0
2026-06-08 10:45:00,2908.0,2909.0,2904.0,2904.0,10514.0,2438036.0,2438628.0
2026-06-08 10:50:00,2904.0,2905.0,2902.0,2902.0,8828.0,2438628.0,2439454.0
2026-06-08 10:55:00,2902.0,2904.0,2902.0,2903.0,6929.0,2439454.0,2439657.0
2026-06-08 11:00:00,2903.0,2904.0,2901.0,2902.0,8988.0,2439657.0,2438735.0
2026-06-08 11:05:00,2902.0,2905.0,2901.0,2902.0,11648.0,2438735.0,2439649.0
2026-06-08 11:10:00,2902.0,2903.0,2900.0,2902.0,7643.0,2439649.0,2439467.0
2026-06-08 11:15:00,2902.0,2903.0,2900.0,2903.0,10187.0,2439467.0,2438957.0
2026-06-08 11:20:00,2903.0,2908.0,2902.0,2907.0,12960.0,2438957.0,2438478.0
2026-06-08 11:25:00,2907.0,2908.0,2904.0,2906.0,12492.0,2438478.0,2434324.0
2026-06-08 13:30:00,2904.0,2906.0,2901.0,2904.0,16775.0,2434324.0,2434207.0
2026-06-08 13:35:00,2904.0,2907.0,2903.0,2905.0,12016.0,2434207.0,2433610.0
2026-06-08 13:40:00,2905.0,2910.0,2904.0,2908.0,17943.0,2433610.0,2432482.0
2026-06-08 13:45:00,2908.0,2910.0,2905.0,2907.0,15504.0,2432482.0,2433527.0
2026-06-08 13:50:00,2907.0,2907.0,2904.0,2905.0,8606.0,2433527.0,2432784.0
2026-06-08 13:55:00,2905.0,2907.0,2904.0,2905.0,12168.0,2432784.0,2432604.0
2026-06-08 14:00:00,2905.0,2907.0,2904.0,2905.0,7392.0,2432604.0,2432274.0
2026-06-08 14:05:00,2905.0,2906.0,2901.0,2901.0,13023.0,2432274.0,2429431.0
2026-06-08 14:10:00,2901.0,2903.0,2900.0,2900.0,14912.0,2429431.0,2429925.0
2026-06-08 14:15:00,2900.0,2904.0,2900.0,2901.0,9952.0,2429925.0,2428414.0
2026-06-08 14:20:00,2901.0,2902.0,2900.0,2900.0,5336.0,2428414.0,2428219.0
2026-06-08 14:25:00,2900.0,2902.0,2899.0,2900.0,19868.0,2428219.0,2428263.0
2026-06-08 14:30:00,2900.0,2901.0,2900.0,2901.0,6589.0,2428263.0,2428154.0
2026-06-08 14:35:00,2901.0,2903.0,2900.0,2900.0,10911.0,2428154.0,2428748.0
2026-06-08 14:40:00,2900.0,2901.0,2896.0,2897.0,27554.0,2428748.0,2426071.0
2026-06-08 14:45:00,2897.0,2901.0,2897.0,2900.0,20131.0,2426071.0,2424611.0
2026-06-08 14:50:00,2900.0,2904.0,2900.0,2904.0,18477.0,2424611.0,2425662.0
2026-06-08 14:55:00,2904.0,2905.0,2902.0,2905.0,16201.0,2425662.0,2422792.0
2026-06-08 21:00:00,2905.0,2912.0,2904.0,2906.0,71688.0,2422792.0,2423094.0
2026-06-08 21:05:00,2906.0,2910.0,2906.0,2910.0,25795.0,2423094.0,2424506.0
2026-06-08 21:10:00,2910.0,2911.0,2908.0,2908.0,19367.0,2424506.0,2427897.0
2026-06-08 21:15:00,2908.0,2910.0,2907.0,2909.0,13608.0,2427897.0,2431636.0
2026-06-08 21:20:00,2909.0,2912.0,2909.0,2912.0,17428.0,2431636.0,2433800.0
2026-06-08 21:25:00,2912.0,2913.0,2910.0,2910.0,11518.0,2433800.0,2436012.0
2026-06-08 21:30:00,2910.0,2910.0,2904.0,2904.0,22748.0,2436012.0,2435807.0
2026-06-08 21:35:00,2904.0,2906.0,2902.0,2905.0,17624.0,2435807.0,2437135.0
2026-06-08 21:40:00,2905.0,2906.0,2901.0,2901.0,13972.0,2437135.0,2438687.0
2026-06-08 21:45:00,2901.0,2903.0,2899.0,2901.0,22284.0,2438687.0,2437909.0
2026-06-08 21:50:00,2901.0,2902.0,2899.0,2900.0,10283.0,2437909.0,2435660.0
2026-06-08 21:55:00,2900.0,2905.0,2900.0,2903.0,9092.0,2435660.0,2435677.0
2026-06-08 22:00:00,2903.0,2911.0,2902.0,2910.0,21857.0,2435677.0,2431875.0
2026-06-08 22:05:00,2910.0,2918.0,2910.0,2918.0,38225.0,2431875.0,2433160.0
2026-06-08 22:10:00,2918.0,2918.0,2915.0,2915.0,16293.0,2433160.0,2432858.0
2026-06-08 22:15:00,2915.0,2916.0,2913.0,2914.0,14195.0,2432858.0,2431995.0
2026-06-08 22:20:00,2914.0,2914.0,2911.0,2911.0,7650.0,2431995.0,2430492.0
2026-06-08 22:25:00,2911.0,2912.0,2910.0,2911.0,7386.0,2430492.0,2429853.0
2026-06-08 22:30:00,2911.0,2914.0,2911.0,2913.0,7489.0,2429853.0,2430309.0
2026-06-08 22:35:00,2913.0,2914.0,2912.0,2912.0,4801.0,2430309.0,2430772.0
2026-06-08 22:40:00,2912.0,2914.0,2911.0,2914.0,6710.0,2430772.0,2430945.0
2026-06-08 22:45:00,2914.0,2915.0,2912.0,2913.0,7403.0,2430945.0,2431323.0
2026-06-08 22:50:00,2913.0,2914.0,2911.0,2912.0,6077.0,2431323.0,2431464.0
2026-06-08 22:55:00,2912.0,2913.0,2911.0,2912.0,6112.0,2431464.0,2430127.0
2026-06-09 09:00:00,2909.0,2911.0,2906.0,2909.0,26911.0,2430127.0,2428318.0
2026-06-09 09:05:00,2909.0,2910.0,2906.0,2906.0,9345.0,2428318.0,2426910.0
2026-06-09 09:10:00,2906.0,2907.0,2904.0,2904.0,13909.0,2426910.0,2427396.0
2026-06-09 09:15:00,2904.0,2905.0,2903.0,2904.0,10595.0,2427396.0,2427756.0
2026-06-09 09:20:00,2904.0,2905.0,2903.0,2904.0,9060.0,2427756.0,2427062.0
2026-06-09 09:25:00,2904.0,2909.0,2904.0,2909.0,10147.0,2427062.0,2426721.0
2026-06-09 09:30:00,2909.0,2912.0,2908.0,2911.0,16605.0,2426721.0,2425894.0
2026-06-09 09:35:00,2911.0,2911.0,2906.0,2906.0,10039.0,2425894.0,2424703.0
2026-06-09 09:40:00,2906.0,2907.0,2904.0,2906.0,5853.0,2424703.0,2424445.0
2026-06-09 09:45:00,2906.0,2908.0,2905.0,2907.0,8500.0,2424445.0,2424450.0
2026-06-09 09:50:00,2907.0,2908.0,2906.0,2907.0,6349.0,2424450.0,2424736.0
2026-06-09 09:55:00,2907.0,2909.0,2906.0,2908.0,8165.0,2424736.0,2426513.0
2026-06-09 10:00:00,2908.0,2908.0,2905.0,2905.0,8402.0,2426513.0,2425611.0
2026-06-09 10:05:00,2905.0,2905.0,2902.0,2903.0,10858.0,2425611.0,2422910.0
2026-06-09 10:10:00,2903.0,2905.0,2902.0,2904.0,7581.0,2422910.0,2421790.0
2026-06-09 10:30:00,2904.0,2904.0,2901.0,2902.0,10344.0,2421790.0,2422140.0
2026-06-09 10:35:00,2902.0,2904.0,2901.0,2903.0,7907.0,2422140.0,2423379.0
2026-06-09 10:40:00,2903.0,2904.0,2902.0,2903.0,6191.0,2423379.0,2421514.0
2026-06-09 10:45:00,2903.0,2903.0,2900.0,2900.0,8932.0,2421514.0,2421408.0
2026-06-09 10:50:00,2900.0,2901.0,2900.0,2901.0,4897.0,2421408.0,2421606.0
2026-06-09 10:55:00,2901.0,2901.0,2899.0,2899.0,13063.0,2421606.0,2422275.0
2026-06-09 11:00:00,2899.0,2901.0,2898.0,2900.0,13547.0,2422275.0,2421641.0
2026-06-09 11:05:00,2900.0,2900.0,2897.0,2898.0,10605.0,2421641.0,2419452.0
2026-06-09 11:10:00,2898.0,2899.0,2898.0,2899.0,4622.0,2419452.0,2419719.0
2026-06-09 11:15:00,2899.0,2900.0,2898.0,2898.0,5425.0,2419719.0,2419322.0
2026-06-09 11:20:00,2898.0,2901.0,2898.0,2900.0,7189.0,2419322.0,2418684.0
2026-06-09 11:25:00,2900.0,2900.0,2897.0,2898.0,11040.0,2418684.0,2418335.0
2026-06-09 13:30:00,2898.0,2901.0,2896.0,2898.0,13480.0,2418335.0,2418649.0
2026-06-09 13:35:00,2898.0,2900.0,2898.0,2899.0,9078.0,2418649.0,2418555.0
2026-06-09 13:40:00,2899.0,2899.0,2896.0,2897.0,12306.0,2418555.0,2416914.0
2026-06-09 13:45:00,2897.0,2899.0,2896.0,2897.0,15565.0,2416914.0,2414783.0
2026-06-09 13:50:00,2897.0,2899.0,2895.0,2896.0,29559.0,2414783.0,2409758.0
2026-06-09 13:55:00,2896.0,2897.0,2892.0,2893.0,23772.0,2409758.0,2408388.0
2026-06-09 14:00:00,2893.0,2895.0,2891.0,2893.0,19810.0,2408388.0,2407076.0
2026-06-09 14:05:00,2893.0,2895.0,2891.0,2892.0,12347.0,2407076.0,2407451.0
2026-06-09 14:10:00,2892.0,2894.0,2892.0,2892.0,10964.0,2407451.0,2407300.0
2026-06-09 14:15:00,2892.0,2893.0,2890.0,2891.0,13957.0,2407300.0,2405512.0
2026-06-09 14:20:00,2891.0,2894.0,2889.0,2892.0,19428.0,2405512.0,2408114.0
2026-06-09 14:25:00,2892.0,2893.0,2889.0,2891.0,10476.0,2408114.0,2405853.0
2026-06-09 14:30:00,2891.0,2894.0,2890.0,2893.0,7667.0,2405853.0,2404968.0
2026-06-09 14:35:00,2893.0,2896.0,2893.0,2895.0,7336.0,2404968.0,2402388.0
2026-06-09 14:40:00,2895.0,2899.0,2895.0,2897.0,16440.0,2402388.0,2400187.0
2026-06-09 14:45:00,2897.0,2899.0,2897.0,2897.0,7377.0,2400187.0,2399673.0
2026-06-09 14:50:00,2897.0,2899.0,2897.0,2897.0,10276.0,2399673.0,2398112.0
2026-06-09 14:55:00,2897.0,2899.0,2894.0,2895.0,14855.0,2398112.0,2394518.0
2026-06-09 21:00:00,2895.0,2900.0,2891.0,2894.0,56189.0,2394518.0,2400059.0
2026-06-09 21:05:00,2894.0,2896.0,2894.0,2895.0,18365.0,2400059.0,2402229.0
2026-06-09 21:10:00,2895.0,2895.0,2892.0,2893.0,8689.0,2402229.0,2403210.0
2026-06-09 21:15:00,2893.0,2893.0,2890.0,2891.0,12260.0,2403210.0,2405130.0
2026-06-09 21:20:00,2891.0,2894.0,2891.0,2894.0,9245.0,2405130.0,2407283.0
2026-06-09 21:25:00,2894.0,2894.0,2888.0,2890.0,17840.0,2407283.0,2410796.0
2026-06-09 21:30:00,2890.0,2892.0,2887.0,2891.0,15931.0,2410796.0,2413004.0
2026-06-09 21:35:00,2891.0,2892.0,2888.0,2889.0,12176.0,2413004.0,2415660.0
2026-06-09 21:40:00,2889.0,2890.0,2887.0,2888.0,10376.0,2415660.0,2416420.0
2026-06-09 21:45:00,2888.0,2891.0,2888.0,2890.0,6236.0,2416420.0,2417438.0
2026-06-09 21:50:00,2890.0,2893.0,2890.0,2892.0,6855.0,2417438.0,2418409.0
2026-06-09 21:55:00,2892.0,2899.0,2892.0,2899.0,16997.0,2418409.0,2417728.0
2026-06-09 22:00:00,2899.0,2902.0,2896.0,2899.0,20807.0,2417728.0,2416187.0
2026-06-09 22:05:00,2899.0,2901.0,2898.0,2899.0,16718.0,2416187.0,2417297.0
2026-06-09 22:10:00,2899.0,2902.0,2896.0,2896.0,14583.0,2417297.0,2419577.0
2026-06-09 22:15:00,2896.0,2898.0,2895.0,2897.0,7113.0,2419577.0,2420180.0
2026-06-09 22:20:00,2897.0,2897.0,2895.0,2895.0,3138.0,2420180.0,2419979.0
2026-06-09 22:25:00,2895.0,2898.0,2895.0,2897.0,5336.0,2419979.0,2420397.0
2026-06-09 22:30:00,2897.0,2899.0,2896.0,2898.0,5751.0,2420397.0,2420290.0
2026-06-09 22:35:00,2898.0,2899.0,2895.0,2895.0,5788.0,2420290.0,2419466.0
2026-06-09 22:40:00,2895.0,2897.0,2895.0,2897.0,4728.0,2419466.0,2419118.0
2026-06-09 22:45:00,2897.0,2897.0,2893.0,2895.0,8608.0,2419118.0,2417918.0
2026-06-09 22:50:00,2895.0,2896.0,2894.0,2894.0,2703.0,2417918.0,2417772.0
2026-06-09 22:55:00,2894.0,2895.0,2892.0,2893.0,9092.0,2417772.0,2414739.0
2026-06-10 09:00:00,2893.0,2899.0,2893.0,2893.0,26421.0,2414739.0,2414669.0
2026-06-10 09:05:00,2893.0,2896.0,2892.0,2895.0,13100.0,2414669.0,2414679.0
2026-06-10 09:10:00,2895.0,2900.0,2894.0,2898.0,25137.0,2414679.0,2414053.0
2026-06-10 09:15:00,2898.0,2900.0,2897.0,2898.0,15091.0,2414053.0,2416379.0
2026-06-10 09:20:00,2898.0,2900.0,2898.0,2900.0,11820.0,2416379.0,2419232.0
2026-06-10 09:25:00,2900.0,2902.0,2898.0,2898.0,11796.0,2419232.0,2419535.0
2026-06-10 09:30:00,2898.0,2903.0,2896.0,2902.0,22534.0,2419535.0,2418140.0
2026-06-10 09:35:00,2902.0,2902.0,2898.0,2901.0,10836.0,2418140.0,2417507.0
2026-06-10 09:40:00,2901.0,2902.0,2899.0,2899.0,3683.0,2417507.0,2417575.0
2026-06-10 09:45:00,2899.0,2901.0,2899.0,2900.0,8130.0,2417575.0,2415863.0
2026-06-10 09:50:00,2900.0,2901.0,2898.0,2901.0,4938.0,2415863.0,2416187.0
2026-06-10 09:55:00,2901.0,2902.0,2899.0,2899.0,7177.0,2416187.0,2416568.0
2026-06-10 10:00:00,2899.0,2904.0,2898.0,2904.0,14155.0,2416568.0,2415388.0
2026-06-10 10:05:00,2904.0,2905.0,2901.0,2902.0,14002.0,2415388.0,2413154.0
2026-06-10 10:10:00,2902.0,2904.0,2902.0,2903.0,8723.0,2413154.0,2412606.0
2026-06-10 10:30:00,2904.0,2905.0,2901.0,2903.0,11268.0,2412606.0,2409959.0
2026-06-10 10:35:00,2903.0,2906.0,2901.0,2904.0,12557.0,2409959.0,2408963.0
2026-06-10 10:40:00,2904.0,2909.0,2904.0,2905.0,14608.0,2408963.0,2409995.0
2026-06-10 10:45:00,2905.0,2908.0,2905.0,2905.0,9326.0,2409995.0,2409407.0
2026-06-10 10:50:00,2905.0,2908.0,2905.0,2906.0,5004.0,2409407.0,2409877.0
2026-06-10 10:55:00,2906.0,2907.0,2905.0,2906.0,7955.0,2409877.0,2410356.0
2026-06-10 11:00:00,2906.0,2909.0,2906.0,2907.0,6589.0,2410356.0,2408533.0
2026-06-10 11:05:00,2907.0,2910.0,2907.0,2908.0,8711.0,2408533.0,2407014.0
2026-06-10 11:10:00,2908.0,2909.0,2906.0,2908.0,4521.0,2407014.0,2407487.0
2026-06-10 11:15:00,2908.0,2911.0,2908.0,2909.0,11681.0,2407487.0,2405922.0
2026-06-10 11:20:00,2909.0,2910.0,2907.0,2908.0,7574.0,2405922.0,2405663.0
2026-06-10 11:25:00,2908.0,2911.0,2908.0,2910.0,8915.0,2405663.0,2405089.0
2026-06-10 13:30:00,2910.0,2912.0,2908.0,2909.0,20052.0,2405089.0,2402657.0
2026-06-10 13:35:00,2909.0,2910.0,2908.0,2909.0,6002.0,2402657.0,2402474.0
2026-06-10 13:40:00,2909.0,2910.0,2907.0,2908.0,14165.0,2402474.0,2403532.0
2026-06-10 13:45:00,2908.0,2912.0,2908.0,2911.0,13631.0,2403532.0,2403663.0
2026-06-10 13:50:00,2911.0,2913.0,2909.0,2913.0,10420.0,2403663.0,2403940.0
2026-06-10 13:55:00,2913.0,2914.0,2912.0,2914.0,14384.0,2403940.0,2404277.0
2026-06-10 14:00:00,2914.0,2915.0,2910.0,2911.0,12141.0,2404277.0,2402569.0
2026-06-10 14:05:00,2911.0,2911.0,2908.0,2911.0,12015.0,2402569.0,2401125.0
2026-06-10 14:10:00,2911.0,2911.0,2909.0,2909.0,4753.0,2401125.0,2401744.0
2026-06-10 14:15:00,2909.0,2912.0,2909.0,2912.0,5388.0,2401744.0,2401779.0
2026-06-10 14:20:00,2912.0,2914.0,2911.0,2912.0,7963.0,2401779.0,2402431.0
2026-06-10 14:25:00,2912.0,2913.0,2910.0,2911.0,8267.0,2402431.0,2401594.0
2026-06-10 14:30:00,2911.0,2915.0,2911.0,2914.0,9469.0,2401594.0,2402026.0
2026-06-10 14:35:00,2914.0,2916.0,2913.0,2915.0,10179.0,2402026.0,2402561.0
2026-06-10 14:40:00,2915.0,2917.0,2915.0,2916.0,11164.0,2402561.0,2403014.0
2026-06-10 14:45:00,2916.0,2920.0,2914.0,2919.0,22309.0,2403014.0,2401201.0
2026-06-10 14:50:00,2919.0,2921.0,2916.0,2918.0,24791.0,2401201.0,2400142.0
2026-06-10 14:55:00,2918.0,2919.0,2916.0,2918.0,20972.0,2400142.0,2399643.0
2026-06-10 21:00:00,2925.0,2928.0,2922.0,2924.0,69711.0,2399643.0,2387382.0
2026-06-10 21:05:00,2924.0,2928.0,2921.0,2926.0,26125.0,2387382.0,2383935.0
2026-06-10 21:10:00,2926.0,2931.0,2926.0,2930.0,28323.0,2383935.0,2383020.0
2026-06-10 21:15:00,2930.0,2932.0,2927.0,2931.0,19749.0,2383020.0,2381052.0
2026-06-10 21:20:00,2931.0,2931.0,2926.0,2927.0,15169.0,2381052.0,2380508.0
2026-06-10 21:25:00,2927.0,2929.0,2926.0,2926.0,8567.0,2380508.0,2379766.0
2026-06-10 21:30:00,2926.0,2928.0,2925.0,2925.0,10637.0,2379766.0,2379528.0
2026-06-10 21:35:00,2925.0,2926.0,2924.0,2925.0,9312.0,2379528.0,2377885.0
2026-06-10 21:40:00,2925.0,2925.0,2922.0,2923.0,13752.0,2377885.0,2375648.0
2026-06-10 21:45:00,2923.0,2924.0,2922.0,2923.0,6665.0,2375648.0,2374965.0
2026-06-10 21:50:00,2923.0,2927.0,2922.0,2925.0,10804.0,2374965.0,2373866.0
2026-06-10 21:55:00,2925.0,2928.0,2924.0,2928.0,5970.0,2373866.0,2373715.0
2026-06-10 22:00:00,2928.0,2928.0,2925.0,2927.0,9539.0,2373715.0,2372334.0
2026-06-10 22:05:00,2927.0,2928.0,2926.0,2927.0,5095.0,2372334.0,2371652.0
2026-06-10 22:10:00,2927.0,2931.0,2927.0,2931.0,20639.0,2371652.0,2372682.0
2026-06-10 22:15:00,2931.0,2932.0,2928.0,2928.0,10136.0,2372682.0,2371827.0
2026-06-10 22:20:00,2928.0,2932.0,2928.0,2931.0,11400.0,2371827.0,2370899.0
2026-06-10 22:25:00,2931.0,2932.0,2929.0,2931.0,10859.0,2370899.0,2370533.0
2026-06-10 22:30:00,2931.0,2933.0,2930.0,2933.0,14247.0,2370533.0,2369363.0
2026-06-10 22:35:00,2933.0,2933.0,2931.0,2931.0,12187.0,2369363.0,2368793.0
2026-06-10 22:40:00,2931.0,2932.0,2929.0,2930.0,10903.0,2368793.0,2367891.0
2026-06-10 22:45:00,2930.0,2931.0,2928.0,2928.0,6256.0,2367891.0,2366372.0
2026-06-10 22:50:00,2928.0,2929.0,2928.0,2929.0,3483.0,2366372.0,2365317.0
2026-06-10 22:55:00,2929.0,2930.0,2928.0,2929.0,10125.0,2365317.0,2360684.0
2026-06-11 09:00:00,2927.0,2929.0,2924.0,2925.0,27874.0,2360684.0,2355686.0
2026-06-11 09:05:00,2925.0,2928.0,2925.0,2927.0,12669.0,2355686.0,2352879.0
2026-06-11 09:10:00,2927.0,2927.0,2921.0,2922.0,24751.0,2352879.0,2349589.0
2026-06-11 09:15:00,2922.0,2924.0,2920.0,2921.0,13339.0,2349589.0,2347107.0
2026-06-11 09:20:00,2921.0,2923.0,2921.0,2923.0,9329.0,2347107.0,2345666.0
2026-06-11 09:25:00,2923.0,2924.0,2921.0,2923.0,8752.0,2345666.0,2344589.0
2026-06-11 09:30:00,2923.0,2923.0,2921.0,2922.0,7452.0,2344589.0,2343614.0
2026-06-11 09:35:00,2922.0,2924.0,2921.0,2923.0,10072.0,2343614.0,2341621.0
2026-06-11 09:40:00,2923.0,2924.0,2922.0,2924.0,8175.0,2341621.0,2339327.0
2026-06-11 09:45:00,2924.0,2925.0,2923.0,2924.0,8206.0,2339327.0,2339635.0
2026-06-11 09:50:00,2924.0,2924.0,2922.0,2924.0,4306.0,2339635.0,2339834.0
2026-06-11 09:55:00,2924.0,2926.0,2918.0,2921.0,24882.0,2339834.0,2340339.0
2026-06-11 10:00:00,2921.0,2923.0,2920.0,2921.0,10348.0,2340339.0,2339303.0
2026-06-11 10:05:00,2921.0,2924.0,2921.0,2923.0,9223.0,2339303.0,2339335.0
2026-06-11 10:10:00,2923.0,2926.0,2923.0,2925.0,11497.0,2339335.0,2340845.0
2026-06-11 10:30:00,2925.0,2926.0,2924.0,2925.0,6552.0,2340845.0,2339880.0
2026-06-11 10:35:00,2925.0,2925.0,2922.0,2924.0,6275.0,2339880.0,2338197.0
2026-06-11 10:40:00,2924.0,2931.0,2923.0,2930.0,36691.0,2338197.0,2338696.0
2026-06-11 10:45:00,2930.0,2932.0,2929.0,2932.0,11034.0,2338696.0,2336884.0
2026-06-11 10:50:00,2932.0,2942.0,2931.0,2940.0,52555.0,2336884.0,2335456.0
2026-06-11 10:55:00,2940.0,2941.0,2937.0,2938.0,30082.0,2335456.0,2324981.0
2026-06-11 11:00:00,2938.0,2939.0,2935.0,2936.0,22171.0,2324981.0,2319518.0
2026-06-11 11:05:00,2936.0,2941.0,2936.0,2938.0,21059.0,2319518.0,2313128.0
2026-06-11 11:10:00,2938.0,2940.0,2936.0,2937.0,12745.0,2313128.0,2310393.0
2026-06-11 11:15:00,2937.0,2938.0,2935.0,2936.0,8342.0,2310393.0,2307631.0
2026-06-11 11:20:00,2936.0,2940.0,2936.0,2939.0,6761.0,2307631.0,2307945.0
2026-06-11 11:25:00,2939.0,2941.0,2938.0,2938.0,14283.0,2307945.0,2303390.0
2026-06-11 13:30:00,2937.0,2940.0,2935.0,2939.0,15981.0,2303390.0,2301535.0
2026-06-11 13:35:00,2939.0,2940.0,2937.0,2939.0,11110.0,2301535.0,2301616.0
2026-06-11 13:40:00,2939.0,2940.0,2937.0,2938.0,6986.0,2301616.0,2299859.0
2026-06-11 13:45:00,2938.0,2941.0,2937.0,2940.0,8532.0,2299859.0,2297941.0
2026-06-11 13:50:00,2940.0,2941.0,2936.0,2937.0,9512.0,2297941.0,2297405.0
2026-06-11 13:55:00,2937.0,2940.0,2936.0,2940.0,5705.0,2297405.0,2296403.0
2026-06-11 14:00:00,2940.0,2940.0,2938.0,2940.0,5957.0,2296403.0,2295471.0
2026-06-11 14:05:00,2940.0,2941.0,2939.0,2939.0,11329.0,2295471.0,2292551.0
2026-06-11 14:10:00,2939.0,2940.0,2938.0,2938.0,7326.0,2292551.0,2291591.0
2026-06-11 14:15:00,2938.0,2939.0,2937.0,2938.0,4885.0,2291591.0,2291146.0
2026-06-11 14:20:00,2938.0,2940.0,2937.0,2937.0,6043.0,2291146.0,2291225.0
2026-06-11 14:25:00,2937.0,2938.0,2936.0,2938.0,8343.0,2291225.0,2289877.0
2026-06-11 14:30:00,2938.0,2941.0,2937.0,2940.0,11456.0,2289877.0,2287403.0
2026-06-11 14:35:00,2940.0,2941.0,2938.0,2940.0,7457.0,2287403.0,2285572.0
2026-06-11 14:40:00,2940.0,2940.0,2938.0,2940.0,6124.0,2285572.0,2283862.0
2026-06-11 14:45:00,2940.0,2941.0,2938.0,2940.0,8298.0,2283862.0,2282096.0
2026-06-11 14:50:00,2940.0,2941.0,2939.0,2940.0,8048.0,2282096.0,2280010.0
2026-06-11 14:55:00,2940.0,2941.0,2938.0,2939.0,18098.0,2280010.0,2274260.0
2026-06-11 21:00:00,2939.0,2944.0,2938.0,2942.0,36197.0,2274260.0,2273112.0
2026-06-11 21:05:00,2942.0,2943.0,2936.0,2937.0,20807.0,2273112.0,2273961.0
2026-06-11 21:10:00,2937.0,2938.0,2936.0,2937.0,12962.0,2273961.0,2273587.0
2026-06-11 21:15:00,2937.0,2938.0,2935.0,2937.0,17584.0,2273587.0,2273253.0
2026-06-11 21:20:00,2937.0,2938.0,2936.0,2936.0,6496.0,2273253.0,2273748.0
2026-06-11 21:25:00,2936.0,2937.0,2934.0,2937.0,12712.0,2273748.0,2272839.0
2026-06-11 21:30:00,2937.0,2939.0,2933.0,2938.0,19573.0,2272839.0,2271878.0
2026-06-11 21:35:00,2938.0,2939.0,2937.0,2938.0,5495.0,2271878.0,2271783.0
2026-06-11 21:40:00,2938.0,2940.0,2935.0,2935.0,10177.0,2271783.0,2269854.0
2026-06-11 21:45:00,2935.0,2937.0,2935.0,2935.0,6995.0,2269854.0,2268249.0
2026-06-11 21:50:00,2935.0,2936.0,2933.0,2936.0,9054.0,2268249.0,2267259.0
2026-06-11 21:55:00,2936.0,2936.0,2934.0,2935.0,3523.0,2267259.0,2267008.0
2026-06-11 22:00:00,2935.0,2937.0,2933.0,2934.0,9942.0,2267008.0,2266720.0
2026-06-11 22:05:00,2934.0,2935.0,2932.0,2933.0,9087.0,2266720.0,2267048.0
2026-06-11 22:10:00,2933.0,2935.0,2932.0,2934.0,4688.0,2267048.0,2267649.0
2026-06-11 22:15:00,2934.0,2934.0,2932.0,2934.0,6883.0,2267649.0,2270212.0
2026-06-11 22:20:00,2934.0,2934.0,2932.0,2934.0,2678.0,2270212.0,2270381.0
2026-06-11 22:25:00,2934.0,2935.0,2933.0,2933.0,5491.0,2270381.0,2269477.0
2026-06-11 22:30:00,2933.0,2934.0,2931.0,2934.0,10322.0,2269477.0,2267725.0
2026-06-11 22:35:00,2934.0,2935.0,2932.0,2935.0,3581.0,2267725.0,2266931.0
2026-06-11 22:40:00,2935.0,2936.0,2934.0,2936.0,2973.0,2266931.0,2266773.0
2026-06-11 22:45:00,2936.0,2937.0,2935.0,2936.0,2951.0,2266773.0,2266433.0
2026-06-11 22:50:00,2936.0,2939.0,2936.0,2937.0,10597.0,2266433.0,2265913.0
2026-06-11 22:55:00,2937.0,2937.0,2935.0,2936.0,11102.0,2265913.0,2264246.0
2026-06-12 09:00:00,2930.0,2930.0,2924.0,2928.0,38071.0,2264246.0,2266286.0
2026-06-12 09:05:00,2928.0,2929.0,2926.0,2927.0,13058.0,2266286.0,2264570.0
2026-06-12 09:10:00,2927.0,2928.0,2926.0,2928.0,11139.0,2264570.0,2264659.0
2026-06-12 09:15:00,2928.0,2928.0,2925.0,2926.0,16120.0,2264659.0,2262315.0
2026-06-12 09:20:00,2926.0,2930.0,2924.0,2930.0,13307.0,2262315.0,2262366.0
2026-06-12 09:25:00,2930.0,2932.0,2929.0,2930.0,9109.0,2262366.0,2262214.0
2026-06-12 09:30:00,2930.0,2933.0,2930.0,2933.0,7537.0,2262214.0,2262610.0
2026-06-12 09:35:00,2933.0,2936.0,2932.0,2932.0,14763.0,2262610.0,2260689.0
2026-06-12 09:40:00,2932.0,2933.0,2928.0,2929.0,8120.0,2260689.0,2260959.0
2026-06-12 09:45:00,2929.0,2932.0,2929.0,2930.0,4284.0,2260959.0,2260919.0
2026-06-12 09:50:00,2930.0,2932.0,2930.0,2932.0,2956.0,2260919.0,2260644.0
2026-06-12 09:55:00,2932.0,2933.0,2930.0,2930.0,4310.0,2260644.0,2260477.0
2026-06-12 10:00:00,2930.0,2932.0,2930.0,2931.0,2579.0,2260477.0,2260353.0
2026-06-12 10:05:00,2931.0,2932.0,2930.0,2931.0,2668.0,2260353.0,2260197.0
2026-06-12 10:10:00,2931.0,2932.0,2928.0,2929.0,6598.0,2260197.0,2258330.0
2026-06-12 10:30:00,2930.0,2930.0,2928.0,2929.0,5771.0,2258330.0,2257699.0
2026-06-12 10:35:00,2929.0,2930.0,2928.0,2929.0,4093.0,2257699.0,2257820.0
2026-06-12 10:40:00,2929.0,2931.0,2928.0,2929.0,5187.0,2257820.0,2257651.0
2026-06-12 10:45:00,2929.0,2932.0,2929.0,2932.0,6210.0,2257651.0,2255987.0
2026-06-12 10:50:00,2932.0,2936.0,2930.0,2936.0,13995.0,2255987.0,2252647.0
2026-06-12 10:55:00,2936.0,2937.0,2935.0,2935.0,10992.0,2252647.0,2252346.0
2026-06-12 11:00:00,2935.0,2938.0,2935.0,2938.0,4244.0,2252346.0,2251831.0
2026-06-12 11:05:00,2938.0,2938.0,2935.0,2936.0,7150.0,2251831.0,2249983.0
2026-06-12 11:10:00,2936.0,2937.0,2935.0,2936.0,3153.0,2249983.0,2248662.0
2026-06-12 11:15:00,2936.0,2937.0,2935.0,2936.0,2010.0,2248662.0,2248184.0
2026-06-12 11:20:00,2936.0,2936.0,2933.0,2935.0,6421.0,2248184.0,2247421.0
2026-06-12 11:25:00,2935.0,2936.0,2934.0,2935.0,3910.0,2247421.0,2246622.0
2026-06-12 13:30:00,2934.0,2934.0,2930.0,2932.0,13072.0,2246622.0,2246244.0
2026-06-12 13:35:00,2932.0,2932.0,2929.0,2929.0,8988.0,2246244.0,2244899.0
2026-06-12 13:40:00,2929.0,2929.0,2927.0,2928.0,13249.0,2244899.0,2244151.0
2026-06-12 13:45:00,2928.0,2929.0,2926.0,2928.0,8920.0,2244151.0,2243895.0
2026-06-12 13:50:00,2928.0,2933.0,2928.0,2931.0,12786.0,2243895.0,2243339.0
2026-06-12 13:55:00,2931.0,2932.0,2929.0,2931.0,5608.0,2243339.0,2242400.0
2026-06-12 14:00:00,2931.0,2934.0,2930.0,2933.0,5260.0,2242400.0,2243300.0
2026-06-12 14:05:00,2933.0,2935.0,2932.0,2934.0,4941.0,2243300.0,2243050.0
2026-06-12 14:10:00,2934.0,2935.0,2933.0,2934.0,4949.0,2243050.0,2243711.0
2026-06-12 14:15:00,2934.0,2936.0,2933.0,2933.0,8930.0,2243711.0,2242322.0
2026-06-12 14:20:00,2933.0,2936.0,2932.0,2933.0,7072.0,2242322.0,2242017.0
2026-06-12 14:25:00,2933.0,2936.0,2932.0,2935.0,7707.0,2242017.0,2241579.0
2026-06-12 14:30:00,2935.0,2935.0,2933.0,2933.0,4402.0,2241579.0,2240349.0
2026-06-12 14:35:00,2933.0,2935.0,2932.0,2934.0,6306.0,2240349.0,2240010.0
2026-06-12 14:40:00,2934.0,2937.0,2933.0,2936.0,6633.0,2240010.0,2239165.0
2026-06-12 14:45:00,2936.0,2939.0,2935.0,2937.0,14245.0,2239165.0,2241171.0
2026-06-12 14:50:00,2937.0,2940.0,2937.0,2937.0,10003.0,2241171.0,2240587.0
2026-06-12 14:55:00,2937.0,2942.0,2937.0,2941.0,21143.0,2240587.0,2239768.0
2026-06-12 21:00:00,2935.0,2937.0,2933.0,2935.0,31252.0,2239768.0,2241478.0
2026-06-12 21:05:00,2935.0,2937.0,2935.0,2935.0,13474.0,2241478.0,2239297.0
2026-06-12 21:10:00,2935.0,2936.0,2931.0,2931.0,21514.0,2239297.0,2238213.0
2026-06-12 21:15:00,2931.0,2933.0,2929.0,2932.0,17662.0,2238213.0,2239205.0
2026-06-12 21:20:00,2932.0,2933.0,2931.0,2931.0,8771.0,2239205.0,2238258.0
2026-06-12 21:25:00,2931.0,2932.0,2930.0,2932.0,4599.0,2238258.0,2237756.0
2026-06-12 21:30:00,2932.0,2937.0,2931.0,2936.0,13855.0,2237756.0,2237250.0
2026-06-12 21:35:00,2936.0,2938.0,2934.0,2938.0,7392.0,2237250.0,2237860.0
2026-06-12 21:40:00,2938.0,2941.0,2936.0,2936.0,13171.0,2237860.0,2236611.0
2026-06-12 21:45:00,2936.0,2937.0,2935.0,2937.0,7581.0,2236611.0,2237092.0
2026-06-12 21:50:00,2937.0,2940.0,2935.0,2938.0,9792.0,2237092.0,2236015.0
2026-06-12 21:55:00,2938.0,2940.0,2937.0,2937.0,6360.0,2236015.0,2236165.0
2026-06-12 22:00:00,2937.0,2940.0,2937.0,2940.0,7194.0,2236165.0,2237185.0
2026-06-12 22:05:00,2940.0,2941.0,2937.0,2937.0,9736.0,2237185.0,2237428.0
2026-06-12 22:10:00,2937.0,2938.0,2935.0,2936.0,6044.0,2237428.0,2236521.0
2026-06-12 22:15:00,2936.0,2937.0,2935.0,2936.0,4568.0,2236521.0,2237428.0
2026-06-12 22:20:00,2936.0,2937.0,2933.0,2934.0,9768.0,2237428.0,2236223.0
2026-06-12 22:25:00,2934.0,2935.0,2933.0,2935.0,3079.0,2236223.0,2236043.0
2026-06-12 22:30:00,2935.0,2936.0,2934.0,2935.0,2070.0,2236043.0,2235539.0
2026-06-12 22:35:00,2935.0,2936.0,2935.0,2936.0,1251.0,2235539.0,2235266.0
2026-06-12 22:40:00,2936.0,2936.0,2934.0,2936.0,5384.0,2235266.0,2235410.0
2026-06-12 22:45:00,2936.0,2936.0,2935.0,2935.0,1694.0,2235410.0,2234886.0
2026-06-12 22:50:00,2935.0,2936.0,2933.0,2934.0,4865.0,2234886.0,2233950.0
2026-06-12 22:55:00,2934.0,2936.0,2933.0,2934.0,6961.0,2233950.0,2231552.0
2026-06-15 09:00:00,2931.0,2932.0,2924.0,2927.0,44328.0,2231552.0,2228320.0
2026-06-15 09:05:00,2927.0,2935.0,2927.0,2935.0,22618.0,2228320.0,2229430.0
2026-06-15 09:10:00,2935.0,2938.0,2934.0,2935.0,20915.0,2229430.0,2227104.0
2026-06-15 09:15:00,2935.0,2937.0,2933.0,2935.0,11182.0,2227104.0,2225839.0
2026-06-15 09:20:00,2935.0,2936.0,2932.0,2934.0,12580.0,2225839.0,2226874.0
2026-06-15 09:25:00,2934.0,2938.0,2933.0,2938.0,12090.0,2226874.0,2227437.0
2026-06-15 09:30:00,2938.0,2939.0,2935.0,2938.0,10790.0,2227437.0,2227752.0
2026-06-15 09:35:00,2938.0,2941.0,2936.0,2939.0,16753.0,2227752.0,2225454.0
2026-06-15 09:40:00,2939.0,2948.0,2938.0,2946.0,44114.0,2225454.0,2220385.0
2026-06-15 09:45:00,2946.0,2949.0,2945.0,2947.0,25718.0,2220385.0,2215679.0
2026-06-15 09:50:00,2947.0,2948.0,2945.0,2946.0,12501.0,2215679.0,2214297.0
2026-06-15 09:55:00,2946.0,2950.0,2946.0,2949.0,14560.0,2214297.0,2213784.0
2026-06-15 10:00:00,2949.0,2952.0,2947.0,2950.0,17939.0,2213784.0,2211471.0
2026-06-15 10:05:00,2950.0,2951.0,2948.0,2949.0,10637.0,2211471.0,2211407.0
2026-06-15 10:10:00,2949.0,2950.0,2946.0,2948.0,10413.0,2211407.0,2209000.0
2026-06-15 10:30:00,2948.0,2950.0,2946.0,2946.0,14730.0,2209000.0,2206561.0
2026-06-15 10:35:00,2946.0,2947.0,2945.0,2945.0,7555.0,2206561.0,2205033.0
2026-06-15 10:40:00,2945.0,2945.0,2941.0,2941.0,12605.0,2205033.0,2204761.0
2026-06-15 10:45:00,2941.0,2943.0,2939.0,2939.0,19034.0,2204761.0,2202056.0
2026-06-15 10:50:00,2939.0,2940.0,2936.0,2938.0,15662.0,2202056.0,2199949.0
2026-06-15 10:55:00,2938.0,2939.0,2937.0,2938.0,10031.0,2199949.0,2200274.0
2026-06-15 11:00:00,2938.0,2938.0,2936.0,2938.0,5170.0,2200274.0,2200077.0
2026-06-15 11:05:00,2938.0,2939.0,2936.0,2936.0,4287.0,2200077.0,2199722.0
2026-06-15 11:10:00,2936.0,2938.0,2936.0,2937.0,3285.0,2199722.0,2198547.0
2026-06-15 11:15:00,2937.0,2938.0,2936.0,2938.0,5759.0,2198547.0,2197956.0
2026-06-15 11:20:00,2938.0,2942.0,2937.0,2940.0,6176.0,2197956.0,2198955.0
2026-06-15 11:25:00,2940.0,2941.0,2938.0,2940.0,6060.0,2198955.0,2198560.0
2026-06-15 13:30:00,2940.0,2942.0,2939.0,2939.0,9304.0,2198560.0,2198984.0
2026-06-15 13:35:00,2939.0,2940.0,2938.0,2939.0,3837.0,2198984.0,2198782.0
2026-06-15 13:40:00,2939.0,2941.0,2939.0,2941.0,10005.0,2198782.0,2197724.0
2026-06-15 13:45:00,2941.0,2942.0,2939.0,2941.0,7603.0,2197724.0,2197301.0
2026-06-15 13:50:00,2941.0,2944.0,2941.0,2942.0,9326.0,2197301.0,2196982.0
2026-06-15 13:55:00,2942.0,2944.0,2942.0,2944.0,3143.0,2196982.0,2196804.0
2026-06-15 14:00:00,2944.0,2945.0,2942.0,2943.0,7280.0,2196804.0,2198479.0
2026-06-15 14:05:00,2943.0,2946.0,2942.0,2943.0,8137.0,2198479.0,2197999.0
2026-06-15 14:10:00,2943.0,2944.0,2942.0,2943.0,4214.0,2197999.0,2198177.0
2026-06-15 14:15:00,2943.0,2944.0,2941.0,2941.0,4179.0,2198177.0,2197943.0
2026-06-15 14:20:00,2941.0,2942.0,2937.0,2938.0,12655.0,2197943.0,2195710.0
2026-06-15 14:25:00,2938.0,2942.0,2938.0,2941.0,9740.0,2195710.0,2194953.0
2026-06-15 14:30:00,2941.0,2942.0,2940.0,2940.0,4537.0,2194953.0,2194874.0
2026-06-15 14:35:00,2940.0,2942.0,2939.0,2940.0,4437.0,2194874.0,2193767.0
2026-06-15 14:40:00,2940.0,2942.0,2939.0,2942.0,4611.0,2193767.0,2194248.0
2026-06-15 14:45:00,2942.0,2943.0,2940.0,2940.0,6262.0,2194248.0,2193470.0
2026-06-15 14:50:00,2940.0,2941.0,2939.0,2939.0,4845.0,2193470.0,2192786.0
2026-06-15 14:55:00,2939.0,2943.0,2939.0,2941.0,22571.0,2192786.0,2187566.0
2026-06-15 21:00:00,2934.0,2935.0,2930.0,2933.0,52393.0,2187566.0,2188017.0
2026-06-15 21:05:00,2933.0,2935.0,2933.0,2934.0,16064.0,2188017.0,2191297.0
2026-06-15 21:10:00,2934.0,2936.0,2933.0,2935.0,9877.0,2191297.0,2190644.0
2026-06-15 21:15:00,2935.0,2937.0,2934.0,2934.0,13619.0,2190644.0,2189387.0
2026-06-15 21:20:00,2934.0,2936.0,2931.0,2931.0,15040.0,2189387.0,2187645.0
2026-06-15 21:25:00,2931.0,2932.0,2929.0,2931.0,16515.0,2187645.0,2189162.0
2026-06-15 21:30:00,2931.0,2935.0,2930.0,2934.0,17042.0,2189162.0,2191189.0
2026-06-15 21:35:00,2934.0,2935.0,2933.0,2933.0,6638.0,2191189.0,2189698.0
2026-06-15 21:40:00,2933.0,2935.0,2933.0,2934.0,4489.0,2189698.0,2189631.0
2026-06-15 21:45:00,2934.0,2935.0,2932.0,2933.0,4059.0,2189631.0,2189252.0
2026-06-15 21:50:00,2933.0,2935.0,2933.0,2934.0,4418.0,2189252.0,2188608.0
2026-06-15 21:55:00,2934.0,2936.0,2933.0,2936.0,5571.0,2188608.0,2188818.0
2026-06-15 22:00:00,2936.0,2936.0,2934.0,2936.0,3631.0,2188818.0,2188855.0
2026-06-15 22:05:00,2936.0,2939.0,2935.0,2938.0,9637.0,2188855.0,2188451.0
2026-06-15 22:10:00,2938.0,2939.0,2936.0,2939.0,5960.0,2188451.0,2188320.0
2026-06-15 22:15:00,2939.0,2939.0,2938.0,2938.0,1763.0,2188320.0,2187915.0
2026-06-15 22:20:00,2938.0,2940.0,2938.0,2939.0,8184.0,2187915.0,2186875.0
2026-06-15 22:25:00,2939.0,2942.0,2939.0,2940.0,14675.0,2186875.0,2188451.0
2026-06-15 22:30:00,2940.0,2940.0,2937.0,2938.0,10105.0,2188451.0,2186824.0
2026-06-15 22:35:00,2938.0,2938.0,2936.0,2937.0,6004.0,2186824.0,2185706.0
2026-06-15 22:40:00,2937.0,2940.0,2936.0,2939.0,4700.0,2185706.0,2185915.0
2026-06-15 22:45:00,2939.0,2940.0,2938.0,2939.0,4639.0,2185915.0,2186893.0
2026-06-15 22:50:00,2939.0,2945.0,2939.0,2943.0,19092.0,2186893.0,2187037.0
2026-06-15 22:55:00,2943.0,2948.0,2943.0,2947.0,20506.0,2187037.0,2184501.0
2026-06-16 09:00:00,2948.0,2949.0,2940.0,2941.0,28146.0,2184501.0,2179806.0
2026-06-16 09:05:00,2941.0,2942.0,2939.0,2940.0,12761.0,2179806.0,2179423.0
2026-06-16 09:10:00,2940.0,2942.0,2938.0,2942.0,11596.0,2179423.0,2178043.0
2026-06-16 09:15:00,2942.0,2943.0,2941.0,2943.0,10406.0,2178043.0,2178298.0
2026-06-16 09:20:00,2943.0,2945.0,2941.0,2944.0,7394.0,2178298.0,2180238.0
2026-06-16 09:25:00,2944.0,2946.0,2943.0,2944.0,9323.0,2180238.0,2179918.0
2026-06-16 09:30:00,2944.0,2944.0,2939.0,2940.0,8900.0,2179918.0,2177646.0
2026-06-16 09:35:00,2940.0,2940.0,2938.0,2940.0,11094.0,2177646.0,2177461.0
2026-06-16 09:40:00,2940.0,2940.0,2938.0,2938.0,5089.0,2177461.0,2176646.0
2026-06-16 09:45:00,2938.0,2940.0,2937.0,2939.0,8706.0,2176646.0,2175314.0
2026-06-16 09:50:00,2939.0,2940.0,2938.0,2938.0,6799.0,2175314.0,2174713.0
2026-06-16 09:55:00,2938.0,2939.0,2937.0,2938.0,4443.0,2174713.0,2173255.0
2026-06-16 10:00:00,2938.0,2939.0,2936.0,2938.0,6205.0,2173255.0,2172535.0
2026-06-16 10:05:00,2938.0,2940.0,2937.0,2939.0,7928.0,2172535.0,2171706.0
2026-06-16 10:10:00,2939.0,2941.0,2938.0,2938.0,4021.0,2171706.0,2171019.0
2026-06-16 10:30:00,2939.0,2941.0,2938.0,2940.0,7347.0,2171019.0,2171859.0
2026-06-16 10:35:00,2940.0,2941.0,2939.0,2940.0,6170.0,2171859.0,2172264.0
2026-06-16 10:40:00,2940.0,2942.0,2939.0,2941.0,5595.0,2172264.0,2172643.0
2026-06-16 10:45:00,2941.0,2941.0,2939.0,2939.0,4217.0,2172643.0,2171662.0
2026-06-16 10:50:00,2939.0,2940.0,2938.0,2939.0,3330.0,2171662.0,2171784.0
2026-06-16 10:55:00,2939.0,2943.0,2939.0,2943.0,7564.0,2171784.0,2171208.0
2026-06-16 11:00:00,2943.0,2945.0,2943.0,2943.0,8391.0,2171208.0,2171509.0
2026-06-16 11:05:00,2943.0,2945.0,2942.0,2943.0,6571.0,2171509.0,2171628.0
2026-06-16 11:10:00,2943.0,2944.0,2941.0,2941.0,5073.0,2171628.0,2172180.0
2026-06-16 11:15:00,2941.0,2942.0,2940.0,2941.0,3663.0,2172180.0,2172206.0
2026-06-16 11:20:00,2941.0,2945.0,2940.0,2944.0,7789.0,2172206.0,2170927.0
2026-06-16 11:25:00,2944.0,2945.0,2942.0,2943.0,6264.0,2170927.0,2169905.0
2026-06-16 13:30:00,2940.0,2940.0,2935.0,2937.0,23098.0,2169905.0,2166777.0
2026-06-16 13:35:00,2937.0,2938.0,2935.0,2935.0,7424.0,2166777.0,2166537.0
2026-06-16 13:40:00,2935.0,2938.0,2934.0,2937.0,10217.0,2166537.0,2167532.0
2026-06-16 13:45:00,2937.0,2938.0,2936.0,2937.0,4602.0,2167532.0,2167141.0
2026-06-16 13:50:00,2937.0,2937.0,2934.0,2937.0,9495.0,2167141.0,2165631.0
2026-06-16 13:55:00,2937.0,2939.0,2936.0,2938.0,8579.0,2165631.0,2164025.0
2026-06-16 14:00:00,2938.0,2939.0,2935.0,2936.0,5584.0,2164025.0,2164205.0
2026-06-16 14:05:00,2936.0,2937.0,2934.0,2935.0,10133.0,2164205.0,2163533.0
2026-06-16 14:10:00,2935.0,2938.0,2935.0,2937.0,6239.0,2163533.0,2161915.0
2026-06-16 14:15:00,2937.0,2937.0,2935.0,2937.0,4950.0,2161915.0,2161074.0
2026-06-16 14:20:00,2937.0,2937.0,2935.0,2935.0,3303.0,2161074.0,2160627.0
2026-06-16 14:25:00,2935.0,2936.0,2934.0,2936.0,7594.0,2160627.0,2159819.0
2026-06-16 14:30:00,2936.0,2938.0,2934.0,2937.0,7672.0,2159819.0,2158657.0
2026-06-16 14:35:00,2937.0,2938.0,2936.0,2937.0,5652.0,2158657.0,2157506.0
2026-06-16 14:40:00,2937.0,2939.0,2936.0,2939.0,10457.0,2157506.0,2154718.0
2026-06-16 14:45:00,2939.0,2945.0,2938.0,2944.0,29090.0,2154718.0,2151388.0
2026-06-16 14:50:00,2944.0,2946.0,2943.0,2944.0,15937.0,2151388.0,2150704.0
2026-06-16 14:55:00,2944.0,2946.0,2942.0,2945.0,21575.0,2150704.0,2147890.0
2026-06-16 21:00:00,2941.0,2945.0,2939.0,2945.0,41049.0,2147890.0,2137958.0
2026-06-16 21:05:00,2945.0,2946.0,2942.0,2942.0,22554.0,2137958.0,2138011.0
2026-06-16 21:10:00,2942.0,2947.0,2942.0,2946.0,16502.0,2138011.0,2138455.0
2026-06-16 21:15:00,2946.0,2947.0,2943.0,2944.0,15749.0,2138455.0,2139339.0
2026-06-16 21:20:00,2944.0,2950.0,2944.0,2948.0,29672.0,2139339.0,2141100.0
2026-06-16 21:25:00,2948.0,2949.0,2947.0,2947.0,19450.0,2141100.0,2145433.0
2026-06-16 21:30:00,2947.0,2959.0,2947.0,2957.0,74932.0,2145433.0,2139416.0
2026-06-16 21:35:00,2957.0,2961.0,2956.0,2960.0,41198.0,2139416.0,2133553.0
2026-06-16 21:40:00,2960.0,2962.0,2957.0,2960.0,38648.0,2133553.0,2129668.0
2026-06-16 21:45:00,2960.0,2963.0,2959.0,2961.0,18914.0,2129668.0,2128582.0
2026-06-16 21:50:00,2961.0,2964.0,2958.0,2963.0,23387.0,2128582.0,2127138.0
2026-06-16 21:55:00,2963.0,2966.0,2962.0,2964.0,29845.0,2127138.0,2126545.0
2026-06-16 22:00:00,2964.0,2967.0,2963.0,2965.0,24994.0,2126545.0,2122933.0
2026-06-16 22:05:00,2965.0,2966.0,2963.0,2964.0,19685.0,2122933.0,2122567.0
2026-06-16 22:10:00,2964.0,2965.0,2963.0,2964.0,18781.0,2122567.0,2122678.0
2026-06-16 22:15:00,2964.0,2965.0,2957.0,2957.0,26703.0,2122678.0,2118743.0
2026-06-16 22:20:00,2957.0,2958.0,2955.0,2955.0,14952.0,2118743.0,2115907.0
2026-06-16 22:25:00,2955.0,2957.0,2954.0,2955.0,17358.0,2115907.0,2116932.0
2026-06-16 22:30:00,2955.0,2955.0,2951.0,2953.0,16627.0,2116932.0,2116135.0
2026-06-16 22:35:00,2953.0,2955.0,2952.0,2954.0,11866.0,2116135.0,2115745.0
2026-06-16 22:40:00,2954.0,2955.0,2953.0,2955.0,4835.0,2115745.0,2114924.0
2026-06-16 22:45:00,2955.0,2955.0,2953.0,2955.0,5535.0,2114924.0,2112987.0
2026-06-16 22:50:00,2955.0,2957.0,2953.0,2956.0,8434.0,2112987.0,2111159.0
2026-06-16 22:55:00,2956.0,2958.0,2956.0,2957.0,9697.0,2111159.0,2108611.0
2026-06-17 09:00:00,2960.0,2963.0,2960.0,2962.0,26782.0,2108611.0,2106691.0
2026-06-17 09:05:00,2962.0,2964.0,2959.0,2962.0,19559.0,2106691.0,2107227.0
2026-06-17 09:10:00,2962.0,2965.0,2961.0,2963.0,12957.0,2107227.0,2105259.0
2026-06-17 09:15:00,2963.0,2966.0,2962.0,2963.0,16742.0,2105259.0,2103124.0
2026-06-17 09:20:00,2963.0,2964.0,2959.0,2959.0,13538.0,2103124.0,2101365.0
2026-06-17 09:25:00,2959.0,2960.0,2957.0,2960.0,11547.0,2101365.0,2101403.0
2026-06-17 09:30:00,2960.0,2960.0,2957.0,2958.0,7173.0,2101403.0,2100332.0
2026-06-17 09:35:00,2958.0,2960.0,2957.0,2958.0,8456.0,2100332.0,2100394.0
2026-06-17 09:40:00,2958.0,2963.0,2957.0,2962.0,9430.0,2100394.0,2099956.0
2026-06-17 09:45:00,2962.0,2965.0,2961.0,2963.0,9097.0,2099956.0,2100722.0
2026-06-17 09:50:00,2963.0,2963.0,2959.0,2962.0,8828.0,2100722.0,2099746.0
2026-06-17 09:55:00,2962.0,2962.0,2959.0,2961.0,5672.0,2099746.0,2099863.0
2026-06-17 10:00:00,2961.0,2961.0,2959.0,2960.0,6063.0,2099863.0,2099512.0
2026-06-17 10:05:00,2960.0,2960.0,2957.0,2960.0,7735.0,2099512.0,2099335.0
2026-06-17 10:10:00,2960.0,2962.0,2959.0,2962.0,5378.0,2099335.0,2099302.0
2026-06-17 10:30:00,2961.0,2964.0,2961.0,2964.0,9866.0,2099302.0,2099741.0
2026-06-17 10:35:00,2964.0,2964.0,2961.0,2962.0,5267.0,2099741.0,2099986.0
2026-06-17 10:40:00,2962.0,2964.0,2962.0,2964.0,5494.0,2099986.0,2098835.0
2026-06-17 10:45:00,2964.0,2964.0,2961.0,2963.0,4047.0,2098835.0,2099150.0
2026-06-17 10:50:00,2963.0,2967.0,2962.0,2966.0,14316.0,2099150.0,2101530.0
2026-06-17 10:55:00,2966.0,2966.0,2963.0,2966.0,6105.0,2101530.0,2103097.0
2026-06-17 11:00:00,2966.0,2967.0,2965.0,2967.0,7967.0,2103097.0,2103324.0
2026-06-17 11:05:00,2967.0,2967.0,2964.0,2964.0,6924.0,2103324.0,2104112.0
2026-06-17 11:10:00,2964.0,2967.0,2964.0,2965.0,8941.0,2104112.0,2102532.0
2026-06-17 11:15:00,2965.0,2965.0,2963.0,2963.0,7115.0,2102532.0,2103268.0
2026-06-17 11:20:00,2963.0,2966.0,2963.0,2964.0,8042.0,2103268.0,2102864.0
2026-06-17 11:25:00,2964.0,2965.0,2963.0,2964.0,7031.0,2102864.0,2101100.0
2026-06-17 13:30:00,2965.0,2966.0,2962.0,2964.0,10406.0,2101100.0,2099275.0
2026-06-17 13:35:00,2964.0,2966.0,2963.0,2965.0,9615.0,2099275.0,2097830.0
2026-06-17 13:40:00,2965.0,2967.0,2964.0,2965.0,7287.0,2097830.0,2098792.0
2026-06-17 13:45:00,2965.0,2966.0,2965.0,2966.0,3972.0,2098792.0,2097993.0
2026-06-17 13:50:00,2966.0,2966.0,2964.0,2966.0,8128.0,2097993.0,2098357.0
2026-06-17 13:55:00,2966.0,2967.0,2963.0,2964.0,9553.0,2098357.0,2098184.0
2026-06-17 14:00:00,2964.0,2965.0,2962.0,2962.0,8587.0,2098184.0,2098735.0
2026-06-17 14:05:00,2962.0,2966.0,2962.0,2965.0,9610.0,2098735.0,2099824.0
2026-06-17 14:10:00,2965.0,2966.0,2964.0,2964.0,4671.0,2099824.0,2099146.0
2026-06-17 14:15:00,2964.0,2965.0,2963.0,2964.0,4174.0,2099146.0,2098665.0
2026-06-17 14:20:00,2964.0,2965.0,2962.0,2963.0,7004.0,2098665.0,2098736.0
2026-06-17 14:25:00,2963.0,2964.0,2960.0,2961.0,9587.0,2098736.0,2099002.0
2026-06-17 14:30:00,2961.0,2961.0,2957.0,2957.0,19105.0,2099002.0,2100382.0
2026-06-17 14:35:00,2957.0,2959.0,2956.0,2957.0,12003.0,2100382.0,2099135.0
2026-06-17 14:40:00,2957.0,2958.0,2955.0,2957.0,12394.0,2099135.0,2096795.0
2026-06-17 14:45:00,2957.0,2959.0,2956.0,2959.0,8839.0,2096795.0,2095375.0
2026-06-17 14:50:00,2959.0,2959.0,2957.0,2958.0,9357.0,2095375.0,2093050.0
2026-06-17 14:55:00,2958.0,2958.0,2955.0,2957.0,15352.0,2093050.0,2090231.0
2026-06-17 21:00:00,2960.0,2965.0,2960.0,2962.0,44072.0,2090231.0,2082483.0
2026-06-17 21:05:00,2962.0,2963.0,2960.0,2962.0,15850.0,2082483.0,2081665.0
2026-06-17 21:10:00,2962.0,2962.0,2956.0,2956.0,21957.0,2081665.0,2081556.0
2026-06-17 21:15:00,2956.0,2957.0,2953.0,2955.0,20237.0,2081556.0,2084798.0
2026-06-17 21:20:00,2955.0,2955.0,2952.0,2954.0,13411.0,2084798.0,2083485.0
2026-06-17 21:25:00,2954.0,2956.0,2953.0,2954.0,8555.0,2083485.0,2082645.0
2026-06-17 21:30:00,2954.0,2955.0,2951.0,2955.0,15245.0,2082645.0,2081227.0
2026-06-17 21:35:00,2955.0,2956.0,2954.0,2955.0,5379.0,2081227.0,2081250.0
2026-06-17 21:40:00,2955.0,2955.0,2951.0,2952.0,8504.0,2081250.0,2080715.0
2026-06-17 21:45:00,2952.0,2954.0,2951.0,2952.0,7100.0,2080715.0,2082839.0
2026-06-17 21:50:00,2952.0,2953.0,2951.0,2953.0,7195.0,2082839.0,2082751.0
2026-06-17 21:55:00,2953.0,2953.0,2951.0,2952.0,4157.0,2082751.0,2081861.0
2026-06-17 22:00:00,2952.0,2952.0,2950.0,2951.0,15673.0,2081861.0,2080789.0
2026-06-17 22:05:00,2951.0,2955.0,2950.0,2954.0,10999.0,2080789.0,2080118.0
2026-06-17 22:10:00,2954.0,2956.0,2953.0,2954.0,6082.0,2080118.0,2079878.0
2026-06-17 22:15:00,2954.0,2955.0,2953.0,2953.0,3973.0,2079878.0,2078658.0
2026-06-17 22:20:00,2953.0,2954.0,2952.0,2953.0,4865.0,2078658.0,2078780.0
2026-06-17 22:25:00,2953.0,2953.0,2950.0,2952.0,6046.0,2078780.0,2078375.0
2026-06-17 22:30:00,2952.0,2954.0,2951.0,2953.0,3263.0,2078375.0,2078023.0
2026-06-17 22:35:00,2953.0,2954.0,2952.0,2954.0,1756.0,2078023.0,2078022.0
2026-06-17 22:40:00,2954.0,2954.0,2953.0,2953.0,2842.0,2078022.0,2077069.0
2026-06-17 22:45:00,2953.0,2956.0,2953.0,2956.0,9013.0,2077069.0,2074833.0
2026-06-17 22:50:00,2956.0,2956.0,2954.0,2954.0,5355.0,2074833.0,2074220.0
2026-06-17 22:55:00,2954.0,2955.0,2952.0,2953.0,7064.0,2074220.0,2072277.0
2026-06-18 09:00:00,2950.0,2955.0,2947.0,2953.0,24947.0,2072277.0,2069334.0
2026-06-18 09:05:00,2953.0,2955.0,2951.0,2954.0,9571.0,2069334.0,2069342.0
2026-06-18 09:10:00,2954.0,2955.0,2952.0,2952.0,7775.0,2069342.0,2069508.0
2026-06-18 09:15:00,2952.0,2953.0,2949.0,2949.0,9160.0,2069508.0,2070970.0
2026-06-18 09:20:00,2949.0,2952.0,2948.0,2949.0,9808.0,2070970.0,2072160.0
2026-06-18 09:25:00,2949.0,2950.0,2948.0,2949.0,8489.0,2072160.0,2071326.0
2026-06-18 09:30:00,2949.0,2953.0,2949.0,2951.0,10893.0,2071326.0,2069651.0
2026-06-18 09:35:00,2951.0,2952.0,2950.0,2951.0,6459.0,2069651.0,2069119.0
2026-06-18 09:40:00,2951.0,2952.0,2945.0,2946.0,20144.0,2069119.0,2066962.0
2026-06-18 09:45:00,2946.0,2947.0,2944.0,2945.0,9140.0,2066962.0,2065739.0
2026-06-18 09:50:00,2945.0,2947.0,2945.0,2947.0,6679.0,2065739.0,2064118.0
2026-06-18 09:55:00,2947.0,2948.0,2945.0,2945.0,9451.0,2064118.0,2063222.0
2026-06-18 10:00:00,2945.0,2947.0,2944.0,2945.0,4966.0,2063222.0,2063387.0
2026-06-18 10:05:00,2945.0,2946.0,2941.0,2943.0,21683.0,2063387.0,2060413.0
2026-06-18 10:10:00,2943.0,2945.0,2943.0,2944.0,8466.0,2060413.0,2059460.0
2026-06-18 10:30:00,2944.0,2944.0,2941.0,2942.0,9044.0,2059460.0,2058937.0
2026-06-18 10:35:00,2942.0,2943.0,2941.0,2942.0,6117.0,2058937.0,2059174.0
2026-06-18 10:40:00,2942.0,2944.0,2940.0,2940.0,12428.0,2059174.0,2057431.0
2026-06-18 10:45:00,2940.0,2945.0,2940.0,2943.0,10877.0,2057431.0,2056432.0
2026-06-18 10:50:00,2943.0,2943.0,2940.0,2942.0,7818.0,2056432.0,2054917.0
2026-06-18 10:55:00,2942.0,2942.0,2939.0,2940.0,11482.0,2054917.0,2053761.0
2026-06-18 11:00:00,2940.0,2941.0,2939.0,2940.0,11385.0,2053761.0,2050736.0
2026-06-18 11:05:00,2940.0,2941.0,2938.0,2941.0,12696.0,2050736.0,2049021.0
2026-06-18 11:10:00,2941.0,2941.0,2938.0,2939.0,9768.0,2049021.0,2049249.0
2026-06-18 11:15:00,2939.0,2940.0,2937.0,2937.0,6749.0,2049249.0,2048678.0
2026-06-18 11:20:00,2937.0,2939.0,2936.0,2939.0,11275.0,2048678.0,2048244.0
2026-06-18 11:25:00,2939.0,2941.0,2937.0,2941.0,9053.0,2048244.0,2047083.0
2026-06-18 13:30:00,2939.0,2939.0,2937.0,2938.0,12275.0,2047083.0,2046579.0
2026-06-18 13:35:00,2938.0,2940.0,2937.0,2939.0,10928.0,2046579.0,2045343.0
2026-06-18 13:40:00,2939.0,2941.0,2937.0,2940.0,11109.0,2045343.0,2044864.0
2026-06-18 13:45:00,2940.0,2942.0,2939.0,2941.0,10164.0,2044864.0,2043592.0
2026-06-18 13:50:00,2941.0,2942.0,2941.0,2941.0,5040.0,2043592.0,2042447.0
2026-06-18 13:55:00,2941.0,2943.0,2940.0,2942.0,10532.0,2042447.0,2041199.0
2026-06-18 14:00:00,2942.0,2943.0,2940.0,2940.0,9616.0,2041199.0,2040605.0
2026-06-18 14:05:00,2940.0,2941.0,2936.0,2937.0,14005.0,2040605.0,2040888.0
2026-06-18 14:10:00,2937.0,2939.0,2936.0,2937.0,9915.0,2040888.0,2042381.0
2026-06-18 14:15:00,2937.0,2938.0,2935.0,2937.0,11181.0,2042381.0,2043538.0
2026-06-18 14:20:00,2937.0,2938.0,2935.0,2936.0,11253.0,2043538.0,2045442.0
2026-06-18 14:25:00,2936.0,2936.0,2934.0,2935.0,15719.0,2045442.0,2045732.0
2026-06-18 14:30:00,2935.0,2938.0,2933.0,2938.0,17009.0,2045732.0,2044651.0
2026-06-18 14:35:00,2938.0,2939.0,2937.0,2939.0,10901.0,2044651.0,2043959.0
2026-06-18 14:40:00,2939.0,2942.0,2938.0,2941.0,19589.0,2043959.0,2042761.0
2026-06-18 14:45:00,2941.0,2944.0,2939.0,2940.0,20226.0,2042761.0,2040926.0
2026-06-18 14:50:00,2940.0,2940.0,2937.0,2939.0,15992.0,2040926.0,2041317.0
2026-06-18 14:55:00,2939.0,2943.0,2937.0,2942.0,21986.0,2041317.0,2038966.0
2026-06-22 09:00:00,2939.0,2942.0,2930.0,2933.0,68651.0,2038966.0,2041065.0
2026-06-22 09:05:00,2933.0,2936.0,2931.0,2933.0,25898.0,2041065.0,2041656.0
2026-06-22 09:10:00,2933.0,2933.0,2923.0,2927.0,51246.0,2041656.0,2042998.0
2026-06-22 09:15:00,2927.0,2932.0,2926.0,2931.0,22283.0,2042998.0,2046298.0
2026-06-22 09:20:00,2931.0,2935.0,2930.0,2935.0,22151.0,2046298.0,2047838.0
2026-06-22 09:25:00,2935.0,2936.0,2932.0,2935.0,17175.0,2047838.0,2047410.0
2026-06-22 09:30:00,2935.0,2936.0,2931.0,2935.0,14312.0,2047410.0,2045710.0
2026-06-22 09:35:00,2935.0,2936.0,2932.0,2933.0,8872.0,2045710.0,2045071.0
2026-06-22 09:40:00,2933.0,2934.0,2930.0,2931.0,7514.0,2045071.0,2045637.0
2026-06-22 09:45:00,2931.0,2932.0,2930.0,2931.0,3502.0,2045637.0,2045990.0
2026-06-22 09:50:00,2931.0,2932.0,2930.0,2930.0,4299.0,2045990.0,2045960.0
2026-06-22 09:55:00,2930.0,2931.0,2929.0,2930.0,8764.0,2045960.0,2046396.0
2026-06-22 10:00:00,2930.0,2932.0,2929.0,2930.0,7508.0,2046396.0,2047473.0
2026-06-22 10:05:00,2930.0,2931.0,2928.0,2929.0,4491.0,2047473.0,2047803.0
2026-06-22 10:10:00,2929.0,2930.0,2927.0,2928.0,5461.0,2047803.0,2046672.0
2026-06-22 10:30:00,2929.0,2932.0,2927.0,2930.0,10017.0,2046672.0,2048229.0
2026-06-22 10:35:00,2930.0,2931.0,2929.0,2929.0,4692.0,2048229.0,2048927.0
2026-06-22 10:40:00,2929.0,2930.0,2926.0,2927.0,6803.0,2048927.0,2048917.0
2026-06-22 10:45:00,2927.0,2928.0,2924.0,2928.0,12428.0,2048917.0,2048760.0
2026-06-22 10:50:00,2928.0,2928.0,2926.0,2927.0,3854.0,2048760.0,2048141.0
2026-06-22 10:55:00,2927.0,2929.0,2924.0,2925.0,10130.0,2048141.0,2048537.0
2026-06-22 11:00:00,2925.0,2926.0,2923.0,2926.0,10098.0,2048537.0,2047007.0
2026-06-22 11:05:00,2926.0,2927.0,2924.0,2927.0,4971.0,2047007.0,2046798.0
2026-06-22 11:10:00,2927.0,2927.0,2925.0,2926.0,5319.0,2046798.0,2045972.0
2026-06-22 11:15:00,2926.0,2928.0,2926.0,2926.0,3931.0,2045972.0,2046124.0
2026-06-22 11:20:00,2926.0,2927.0,2925.0,2926.0,3583.0,2046124.0,2046007.0
2026-06-22 11:25:00,2926.0,2929.0,2926.0,2929.0,7168.0,2046007.0,2044192.0
2026-06-22 13:30:00,2929.0,2932.0,2927.0,2931.0,13438.0,2044192.0,2044493.0
2026-06-22 13:35:00,2931.0,2935.0,2931.0,2934.0,17179.0,2044493.0,2042397.0
2026-06-22 13:40:00,2934.0,2937.0,2934.0,2935.0,15997.0,2042397.0,2040907.0
2026-06-22 13:45:00,2935.0,2939.0,2935.0,2938.0,17326.0,2040907.0,2040080.0
2026-06-22 13:50:00,2938.0,2939.0,2935.0,2936.0,10267.0,2040080.0,2040971.0
2026-06-22 13:55:00,2936.0,2937.0,2933.0,2934.0,8344.0,2040971.0,2040325.0
2026-06-22 14:00:00,2934.0,2934.0,2931.0,2933.0,10589.0,2040325.0,2038773.0
2026-06-22 14:05:00,2933.0,2937.0,2932.0,2935.0,9182.0,2038773.0,2038758.0
2026-06-22 14:10:00,2935.0,2936.0,2934.0,2936.0,6563.0,2038758.0,2037860.0
2026-06-22 14:15:00,2936.0,2936.0,2932.0,2933.0,6211.0,2037860.0,2037246.0
2026-06-22 14:20:00,2933.0,2934.0,2931.0,2932.0,8990.0,2037246.0,2037625.0
2026-06-22 14:25:00,2932.0,2935.0,2931.0,2935.0,5766.0,2037625.0,2037079.0
2026-06-22 14:30:00,2935.0,2935.0,2933.0,2934.0,4769.0,2037079.0,2036881.0
2026-06-22 14:35:00,2934.0,2935.0,2933.0,2933.0,4026.0,2036881.0,2037042.0
2026-06-22 14:40:00,2933.0,2934.0,2932.0,2932.0,5391.0,2037042.0,2036099.0
2026-06-22 14:45:00,2932.0,2935.0,2932.0,2934.0,7255.0,2036099.0,2034768.0
2026-06-22 14:50:00,2934.0,2935.0,2933.0,2933.0,8080.0,2034768.0,2034338.0
2026-06-22 14:55:00,2933.0,2935.0,2932.0,2934.0,11016.0,2034338.0,2031735.0
2026-06-22 21:00:00,2933.0,2935.0,2928.0,2931.0,37561.0,2031735.0,2030156.0
2026-06-22 21:05:00,2931.0,2934.0,2930.0,2932.0,15648.0,2030156.0,2031554.0
2026-06-22 21:10:00,2932.0,2935.0,2932.0,2935.0,8774.0,2031554.0,2031320.0
2026-06-22 21:15:00,2935.0,2936.0,2932.0,2932.0,11549.0,2031320.0,2029825.0
2026-06-22 21:20:00,2932.0,2933.0,2930.0,2931.0,10479.0,2029825.0,2031058.0
2026-06-22 21:25:00,2931.0,2932.0,2929.0,2932.0,9682.0,2031058.0,2030703.0
2026-06-22 21:30:00,2932.0,2932.0,2926.0,2926.0,18377.0,2030703.0,2035839.0
2026-06-22 21:35:00,2926.0,2928.0,2921.0,2922.0,25923.0,2035839.0,2038606.0
2026-06-22 21:40:00,2922.0,2924.0,2921.0,2923.0,12626.0,2038606.0,2040172.0
2026-06-22 21:45:00,2923.0,2923.0,2920.0,2922.0,10567.0,2040172.0,2042351.0
2026-06-22 21:50:00,2922.0,2925.0,2922.0,2925.0,8124.0,2042351.0,2040672.0
2026-06-22 21:55:00,2925.0,2927.0,2924.0,2926.0,8201.0,2040672.0,2040541.0
2026-06-22 22:00:00,2926.0,2926.0,2924.0,2925.0,5204.0,2040541.0,2040630.0
2026-06-22 22:05:00,2925.0,2926.0,2923.0,2923.0,4888.0,2040630.0,2041283.0
2026-06-22 22:10:00,2923.0,2925.0,2923.0,2925.0,2403.0,2041283.0,2041233.0
2026-06-22 22:15:00,2925.0,2925.0,2923.0,2925.0,3355.0,2041233.0,2041033.0
2026-06-22 22:20:00,2925.0,2926.0,2924.0,2926.0,3697.0,2041033.0,2041335.0
2026-06-22 22:25:00,2926.0,2927.0,2924.0,2924.0,7100.0,2041335.0,2040508.0
2026-06-22 22:30:00,2924.0,2926.0,2924.0,2925.0,3415.0,2040508.0,2039642.0
2026-06-22 22:35:00,2925.0,2926.0,2925.0,2926.0,1018.0,2039642.0,2039710.0
2026-06-22 22:40:00,2926.0,2926.0,2924.0,2925.0,2289.0,2039710.0,2039490.0
2026-06-22 22:45:00,2925.0,2926.0,2924.0,2925.0,2580.0,2039490.0,2039598.0
2026-06-22 22:50:00,2925.0,2926.0,2923.0,2924.0,8558.0,2039598.0,2038068.0
2026-06-22 22:55:00,2924.0,2925.0,2922.0,2923.0,4874.0,2038068.0,2037084.0
2026-06-23 09:00:00,2921.0,2924.0,2920.0,2921.0,21383.0,2037084.0,2037430.0
2026-06-23 09:05:00,2921.0,2927.0,2919.0,2925.0,32866.0,2037430.0,2040902.0
2026-06-23 09:10:00,2925.0,2928.0,2924.0,2928.0,13843.0,2040902.0,2041398.0
2026-06-23 09:15:00,2928.0,2929.0,2926.0,2927.0,11128.0,2041398.0,2040766.0
2026-06-23 09:20:00,2927.0,2929.0,2925.0,2926.0,9554.0,2040766.0,2039508.0
2026-06-23 09:25:00,2926.0,2926.0,2924.0,2926.0,6579.0,2039508.0,2039244.0
2026-06-23 09:30:00,2926.0,2930.0,2925.0,2930.0,9502.0,2039244.0,2038296.0
2026-06-23 09:35:00,2930.0,2930.0,2927.0,2929.0,10591.0,2038296.0,2037479.0
2026-06-23 09:40:00,2929.0,2932.0,2929.0,2930.0,18465.0,2037479.0,2035810.0
2026-06-23 09:45:00,2930.0,2931.0,2928.0,2931.0,9386.0,2035810.0,2036119.0
2026-06-23 09:50:00,2931.0,2931.0,2929.0,2930.0,4464.0,2036119.0,2035542.0
2026-06-23 09:55:00,2930.0,2931.0,2928.0,2929.0,4139.0,2035542.0,2035485.0
2026-06-23 10:00:00,2929.0,2932.0,2928.0,2930.0,7721.0,2035485.0,2035008.0
2026-06-23 10:05:00,2930.0,2932.0,2929.0,2929.0,5438.0,2035008.0,2034703.0
2026-06-23 10:10:00,2929.0,2931.0,2929.0,2931.0,3520.0,2034703.0,2033450.0
2026-06-23 10:30:00,2930.0,2931.0,2929.0,2931.0,9435.0,2033450.0,2031899.0
2026-06-23 10:35:00,2931.0,2931.0,2929.0,2931.0,3725.0,2031899.0,2031426.0
2026-06-23 10:40:00,2931.0,2933.0,2930.0,2932.0,6743.0,2031426.0,2031562.0
2026-06-23 10:45:00,2932.0,2934.0,2930.0,2933.0,10190.0,2031562.0,2031596.0
2026-06-23 10:50:00,2933.0,2934.0,2931.0,2933.0,4898.0,2031596.0,2031799.0
2026-06-23 10:55:00,2933.0,2936.0,2933.0,2934.0,20082.0,2031799.0,2031310.0
2026-06-23 11:00:00,2934.0,2936.0,2932.0,2933.0,12371.0,2031310.0,2029045.0
2026-06-23 11:05:00,2933.0,2933.0,2930.0,2931.0,7665.0,2029045.0,2027917.0
2026-06-23 11:10:00,2931.0,2932.0,2930.0,2931.0,3838.0,2027917.0,2026609.0
2026-06-23 11:15:00,2931.0,2932.0,2929.0,2930.0,7930.0,2026609.0,2025232.0
2026-06-23 11:20:00,2930.0,2933.0,2930.0,2933.0,7574.0,2025232.0,2025279.0
2026-06-23 11:25:00,2933.0,2934.0,2931.0,2932.0,9822.0,2025279.0,2025331.0
2026-06-23 13:30:00,2929.0,2930.0,2926.0,2930.0,24937.0,2025331.0,2023817.0
2026-06-23 13:35:00,2930.0,2933.0,2928.0,2933.0,10922.0,2023817.0,2025033.0
2026-06-23 13:40:00,2933.0,2936.0,2931.0,2936.0,18872.0,2025033.0,2024066.0
2026-06-23 13:45:00,2936.0,2936.0,2933.0,2935.0,11026.0,2024066.0,2022810.0
2026-06-23 13:50:00,2935.0,2939.0,2934.0,2937.0,25835.0,2022810.0,2023450.0
2026-06-23 13:55:00,2937.0,2938.0,2933.0,2934.0,14133.0,2023450.0,2022900.0
2026-06-23 14:00:00,2934.0,2936.0,2933.0,2935.0,9646.0,2022900.0,2022531.0
2026-06-23 14:05:00,2935.0,2937.0,2935.0,2936.0,8831.0,2022531.0,2022975.0
2026-06-23 14:10:00,2936.0,2939.0,2935.0,2939.0,12029.0,2022975.0,2022414.0
2026-06-23 14:15:00,2939.0,2941.0,2938.0,2939.0,25003.0,2022414.0,2022768.0
2026-06-23 14:20:00,2939.0,2939.0,2936.0,2937.0,7180.0,2022768.0,2022899.0
2026-06-23 14:25:00,2937.0,2938.0,2936.0,2936.0,7460.0,2022899.0,2021790.0
2026-06-23 14:30:00,2936.0,2940.0,2935.0,2938.0,10996.0,2021790.0,2020530.0
2026-06-23 14:35:00,2938.0,2940.0,2937.0,2939.0,7243.0,2020530.0,2019273.0
2026-06-23 14:40:00,2939.0,2940.0,2938.0,2940.0,4683.0,2019273.0,2019130.0
2026-06-23 14:45:00,2940.0,2946.0,2939.0,2946.0,24704.0,2019130.0,2015540.0
2026-06-23 14:50:00,2946.0,2948.0,2942.0,2944.0,38411.0,2015540.0,2013599.0
2026-06-23 14:55:00,2944.0,2947.0,2943.0,2947.0,26294.0,2013599.0,2015289.0
2026-06-23 21:00:00,2950.0,2952.0,2945.0,2946.0,56509.0,2015289.0,2008850.0
2026-06-23 21:05:00,2946.0,2949.0,2944.0,2946.0,18426.0,2008850.0,2007712.0
2026-06-23 21:10:00,2946.0,2951.0,2945.0,2950.0,21515.0,2007712.0,2009599.0
2026-06-23 21:15:00,2950.0,2951.0,2947.0,2951.0,14640.0,2009599.0,2010456.0
2026-06-23 21:20:00,2951.0,2952.0,2949.0,2952.0,15952.0,2010456.0,2013654.0
2026-06-23 21:25:00,2952.0,2952.0,2949.0,2950.0,12931.0,2013654.0,2011657.0
2026-06-23 21:30:00,2950.0,2951.0,2944.0,2944.0,16762.0,2011657.0,2013465.0
2026-06-23 21:35:00,2944.0,2947.0,2944.0,2944.0,14385.0,2013465.0,2011546.0
2026-06-23 21:40:00,2944.0,2947.0,2943.0,2945.0,5941.0,2011546.0,2011687.0
2026-06-23 21:45:00,2945.0,2947.0,2944.0,2945.0,6528.0,2011687.0,2010821.0
2026-06-23 21:50:00,2945.0,2947.0,2944.0,2947.0,4986.0,2010821.0,2011460.0
2026-06-23 21:55:00,2947.0,2947.0,2945.0,2946.0,4957.0,2011460.0,2012056.0
2026-06-23 22:00:00,2946.0,2947.0,2941.0,2942.0,12127.0,2012056.0,2010593.0
2026-06-23 22:05:00,2942.0,2944.0,2942.0,2942.0,5689.0,2010593.0,2009392.0
2026-06-23 22:10:00,2942.0,2945.0,2942.0,2944.0,4473.0,2009392.0,2009659.0
2026-06-23 22:15:00,2944.0,2947.0,2944.0,2947.0,6276.0,2009659.0,2010367.0
2026-06-23 22:20:00,2947.0,2947.0,2944.0,2944.0,7115.0,2010367.0,2011253.0
2026-06-23 22:25:00,2944.0,2946.0,2944.0,2944.0,2973.0,2011253.0,2011136.0
2026-06-23 22:30:00,2944.0,2946.0,2944.0,2944.0,3498.0,2011136.0,2010301.0
2026-06-23 22:35:00,2944.0,2948.0,2944.0,2947.0,5374.0,2010301.0,2008957.0
2026-06-23 22:40:00,2947.0,2948.0,2946.0,2947.0,5185.0,2008957.0,2008738.0
2026-06-23 22:45:00,2947.0,2947.0,2946.0,2947.0,2560.0,2008738.0,2008273.0
2026-06-23 22:50:00,2947.0,2947.0,2944.0,2945.0,5365.0,2008273.0,2007368.0
2026-06-23 22:55:00,2945.0,2945.0,2943.0,2945.0,5593.0,2007368.0,2005525.0
2026-06-24 09:00:00,2945.0,2949.0,2941.0,2942.0,27205.0,2005525.0,2008289.0
2026-06-24 09:05:00,2942.0,2946.0,2941.0,2946.0,12229.0,2008289.0,2006997.0
2026-06-24 09:10:00,2946.0,2949.0,2944.0,2949.0,8916.0,2006997.0,2008243.0
2026-06-24 09:15:00,2949.0,2951.0,2947.0,2951.0,13389.0,2008243.0,2008537.0
2026-06-24 09:20:00,2951.0,2952.0,2949.0,2952.0,12212.0,2008537.0,2008232.0
2026-06-24 09:25:00,2952.0,2956.0,2951.0,2952.0,22846.0,2008232.0,2007596.0
2026-06-24 09:30:00,2952.0,2952.0,2948.0,2949.0,9314.0,2007596.0,2007365.0
2026-06-24 09:35:00,2949.0,2949.0,2947.0,2947.0,5727.0,2007365.0,2006746.0
2026-06-24 09:40:00,2947.0,2949.0,2947.0,2948.0,4330.0,2006746.0,2005832.0
2026-06-24 09:45:00,2948.0,2950.0,2948.0,2949.0,3656.0,2005832.0,2006090.0
2026-06-24 09:50:00,2949.0,2952.0,2949.0,2950.0,7161.0,2006090.0,2006754.0
2026-06-24 09:55:00,2950.0,2952.0,2949.0,2952.0,3387.0,2006754.0,2006905.0
2026-06-24 10:00:00,2952.0,2952.0,2950.0,2952.0,5843.0,2006905.0,2007392.0
2026-06-24 10:05:00,2952.0,2953.0,2951.0,2951.0,3650.0,2007392.0,2007741.0
2026-06-24 10:10:00,2951.0,2953.0,2951.0,2952.0,5411.0,2007741.0,2007738.0
2026-06-24 10:30:00,2952.0,2953.0,2950.0,2952.0,9961.0,2007738.0,2006427.0
2026-06-24 10:35:00,2952.0,2954.0,2951.0,2953.0,4006.0,2006427.0,2006137.0
2026-06-24 10:40:00,2953.0,2954.0,2952.0,2954.0,5976.0,2006137.0,2005556.0
2026-06-24 10:45:00,2954.0,2954.0,2950.0,2950.0,6216.0,2005556.0,2005206.0
2026-06-24 10:50:00,2950.0,2951.0,2945.0,2947.0,14865.0,2005206.0,2003851.0
2026-06-24 10:55:00,2947.0,2949.0,2946.0,2947.0,4846.0,2003851.0,2004320.0
2026-06-24 11:00:00,2947.0,2949.0,2947.0,2949.0,4542.0,2004320.0,2003904.0
2026-06-24 11:05:00,2949.0,2949.0,2946.0,2947.0,3459.0,2003904.0,2003529.0
2026-06-24 11:10:00,2947.0,2948.0,2946.0,2946.0,2475.0,2003529.0,2003314.0
2026-06-24 11:15:00,2946.0,2949.0,2946.0,2948.0,5852.0,2003314.0,2003512.0
2026-06-24 11:20:00,2948.0,2948.0,2944.0,2944.0,6376.0,2003512.0,2002680.0
2026-06-24 11:25:00,2944.0,2948.0,2944.0,2946.0,7308.0,2002680.0,2002091.0
2026-06-24 13:30:00,2949.0,2951.0,2947.0,2951.0,12080.0,2002091.0,1999278.0
2026-06-24 13:35:00,2951.0,2951.0,2948.0,2949.0,9148.0,1999278.0,1999701.0
2026-06-24 13:40:00,2949.0,2950.0,2948.0,2949.0,3177.0,1999701.0,2000024.0
2026-06-24 13:45:00,2949.0,2949.0,2946.0,2949.0,7433.0,2000024.0,1999591.0
2026-06-24 13:50:00,2949.0,2949.0,2947.0,2949.0,4556.0,1999591.0,1999549.0
2026-06-24 13:55:00,2949.0,2949.0,2948.0,2948.0,2942.0,1999549.0,1999782.0
2026-06-24 14:00:00,2948.0,2951.0,2948.0,2949.0,7861.0,1999782.0,1999591.0
2026-06-24 14:05:00,2949.0,2952.0,2949.0,2951.0,8605.0,1999591.0,1998144.0
2026-06-24 14:10:00,2951.0,2952.0,2950.0,2952.0,8042.0,1998144.0,1998316.0
2026-06-24 14:15:00,2952.0,2952.0,2949.0,2951.0,6311.0,1998316.0,1997155.0
2026-06-24 14:20:00,2951.0,2953.0,2950.0,2951.0,9376.0,1997155.0,1997391.0
2026-06-24 14:25:00,2951.0,2952.0,2950.0,2950.0,6295.0,1997391.0,1996991.0
2026-06-24 14:30:00,2950.0,2951.0,2946.0,2947.0,10342.0,1996991.0,1996642.0
2026-06-24 14:35:00,2947.0,2949.0,2945.0,2948.0,11175.0,1996642.0,1996457.0
2026-06-24 14:40:00,2948.0,2949.0,2946.0,2947.0,4531.0,1996457.0,1996803.0
2026-06-24 14:45:00,2947.0,2949.0,2947.0,2947.0,5326.0,1996803.0,1996586.0
2026-06-24 14:50:00,2947.0,2949.0,2946.0,2948.0,6794.0,1996586.0,1996298.0
2026-06-24 14:55:00,2948.0,2953.0,2948.0,2952.0,17711.0,1996298.0,1994429.0
2026-06-24 21:00:00,2952.0,2959.0,2952.0,2955.0,53236.0,1994429.0,1998497.0
2026-06-24 21:05:00,2955.0,2955.0,2950.0,2951.0,25348.0,1998497.0,2000914.0
2026-06-24 21:10:00,2951.0,2951.0,2948.0,2951.0,22149.0,2000914.0,2002352.0
2026-06-24 21:15:00,2951.0,2953.0,2950.0,2952.0,13849.0,2002352.0,2002775.0
2026-06-24 21:20:00,2952.0,2952.0,2948.0,2950.0,11029.0,2002775.0,2002299.0
2026-06-24 21:25:00,2950.0,2950.0,2939.0,2940.0,45717.0,2002299.0,2001435.0
2026-06-24 21:30:00,2940.0,2943.0,2940.0,2941.0,22262.0,2001435.0,2003291.0
2026-06-24 21:35:00,2941.0,2945.0,2941.0,2943.0,11648.0,2003291.0,2003655.0
2026-06-24 21:40:00,2943.0,2944.0,2938.0,2939.0,20922.0,2003655.0,2002227.0
2026-06-24 21:45:00,2939.0,2942.0,2938.0,2941.0,12089.0,2002227.0,2001933.0
2026-06-24 21:50:00,2941.0,2950.0,2941.0,2949.0,23727.0,2001933.0,1999641.0
2026-06-24 21:55:00,2949.0,2950.0,2945.0,2948.0,12980.0,1999641.0,1999692.0
2026-06-24 22:00:00,2948.0,2948.0,2944.0,2945.0,9857.0,1999692.0,1999593.0
2026-06-24 22:05:00,2945.0,2949.0,2944.0,2949.0,8847.0,1999593.0,2000289.0
2026-06-24 22:10:00,2949.0,2951.0,2947.0,2951.0,9290.0,2000289.0,2000408.0
2026-06-24 22:15:00,2951.0,2952.0,2948.0,2951.0,13341.0,2000408.0,2000302.0
2026-06-24 22:20:00,2951.0,2958.0,2951.0,2958.0,19509.0,2000302.0,2000007.0
2026-06-24 22:25:00,2958.0,2963.0,2956.0,2960.0,48960.0,2000007.0,1997489.0
2026-06-24 22:30:00,2960.0,2965.0,2959.0,2963.0,22838.0,1997489.0,1998327.0
2026-06-24 22:35:00,2963.0,2963.0,2958.0,2959.0,21193.0,1998327.0,1999008.0
2026-06-24 22:40:00,2959.0,2961.0,2956.0,2956.0,13713.0,1999008.0,1997347.0
2026-06-24 22:45:00,2956.0,2958.0,2954.0,2955.0,10909.0,1997347.0,1993371.0
2026-06-24 22:50:00,2955.0,2957.0,2954.0,2957.0,8158.0,1993371.0,1992827.0
2026-06-24 22:55:00,2957.0,2957.0,2954.0,2956.0,13318.0,1992827.0,1989172.0
2026-06-25 09:00:00,2945.0,2946.0,2935.0,2938.0,74884.0,1989172.0,1983527.0
2026-06-25 09:05:00,2938.0,2939.0,2934.0,2935.0,38493.0,1983527.0,1984948.0
2026-06-25 09:10:00,2935.0,2936.0,2932.0,2933.0,21093.0,1984948.0,1984873.0
2026-06-25 09:15:00,2933.0,2934.0,2929.0,2930.0,27644.0,1984873.0,1985940.0
2026-06-25 09:20:00,2930.0,2934.0,2929.0,2934.0,17632.0,1985940.0,1984746.0
2026-06-25 09:25:00,2934.0,2936.0,2933.0,2934.0,12398.0,1984746.0,1983478.0
2026-06-25 09:30:00,2934.0,2935.0,2931.0,2931.0,7499.0,1983478.0,1983419.0
2026-06-25 09:35:00,2931.0,2932.0,2927.0,2929.0,23142.0,1983419.0,1988125.0
2026-06-25 09:40:00,2929.0,2931.0,2926.0,2926.0,17011.0,1988125.0,1989482.0
2026-06-25 09:45:00,2926.0,2928.0,2925.0,2926.0,19135.0,1989482.0,1990522.0
2026-06-25 09:50:00,2926.0,2927.0,2925.0,2926.0,13202.0,1990522.0,1992408.0
2026-06-25 09:55:00,2926.0,2927.0,2924.0,2927.0,15026.0,1992408.0,1991138.0
2026-06-25 10:00:00,2927.0,2928.0,2919.0,2920.0,47380.0,1991138.0,1998319.0
2026-06-25 10:05:00,2920.0,2928.0,2920.0,2927.0,22713.0,1998319.0,1995748.0
2026-06-25 10:10:00,2927.0,2927.0,2924.0,2926.0,9905.0,1995748.0,1994754.0
2026-06-25 10:30:00,2927.0,2928.0,2924.0,2927.0,10876.0,1994754.0,1994971.0
2026-06-25 10:35:00,2927.0,2932.0,2926.0,2932.0,19990.0,1994971.0,1994801.0
2026-06-25 10:40:00,2932.0,2933.0,2930.0,2931.0,11604.0,1994801.0,1995094.0
2026-06-25 10:45:00,2931.0,2933.0,2931.0,2931.0,8614.0,1995094.0,1993289.0
2026-06-25 10:50:00,2931.0,2936.0,2931.0,2935.0,15127.0,1993289.0,1991062.0
2026-06-25 10:55:00,2935.0,2940.0,2934.0,2939.0,16854.0,1991062.0,1990492.0
2026-06-25 11:00:00,2939.0,2941.0,2938.0,2941.0,21966.0,1990492.0,1986155.0
2026-06-25 11:05:00,2941.0,2942.0,2939.0,2940.0,14048.0,1986155.0,1983374.0
2026-06-25 11:10:00,2940.0,2943.0,2939.0,2943.0,11968.0,1983374.0,1981090.0
2026-06-25 11:15:00,2943.0,2944.0,2941.0,2942.0,15431.0,1981090.0,1980240.0
2026-06-25 11:20:00,2942.0,2945.0,2941.0,2944.0,10722.0,1980240.0,1979872.0
2026-06-25 11:25:00,2944.0,2945.0,2942.0,2943.0,11361.0,1979872.0,1978868.0
2026-06-25 13:30:00,2943.0,2949.0,2941.0,2948.0,26008.0,1978868.0,1979053.0
2026-06-25 13:35:00,2948.0,2949.0,2946.0,2949.0,12726.0,1979053.0,1977912.0
2026-06-25 13:40:00,2949.0,2950.0,2947.0,2950.0,16989.0,1977912.0,1980101.0
2026-06-25 13:45:00,2950.0,2952.0,2948.0,2949.0,15740.0,1980101.0,1980282.0
2026-06-25 13:50:00,2949.0,2951.0,2948.0,2949.0,17361.0,1980282.0,1980605.0
2026-06-25 13:55:00,2949.0,2952.0,2949.0,2951.0,10625.0,1980605.0,1980615.0
2026-06-25 14:00:00,2951.0,2954.0,2947.0,2947.0,23134.0,1980615.0,1981159.0
2026-06-25 14:05:00,2947.0,2949.0,2945.0,2949.0,12774.0,1981159.0,1981505.0
2026-06-25 14:10:00,2949.0,2951.0,2947.0,2950.0,10270.0,1981505.0,1981961.0
2026-06-25 14:15:00,2950.0,2953.0,2950.0,2951.0,11662.0,1981961.0,1982834.0
2026-06-25 14:20:00,2951.0,2954.0,2950.0,2954.0,10584.0,1982834.0,1984473.0
2026-06-25 14:25:00,2954.0,2956.0,2953.0,2956.0,19732.0,1984473.0,1985669.0
2026-06-25 14:30:00,2956.0,2957.0,2954.0,2956.0,18183.0,1985669.0,1987045.0
2026-06-25 14:35:00,2956.0,2960.0,2954.0,2960.0,27848.0,1987045.0,1983956.0
2026-06-25 14:40:00,2960.0,2960.0,2955.0,2956.0,16597.0,1983956.0,1983350.0
2026-06-25 14:45:00,2956.0,2956.0,2954.0,2954.0,13398.0,1983350.0,1983315.0
2026-06-25 14:50:00,2954.0,2956.0,2953.0,2956.0,10611.0,1983315.0,1982174.0
2026-06-25 14:55:00,2956.0,2959.0,2955.0,2958.0,19602.0,1982174.0,1978580.0
2026-06-25 21:00:00,2958.0,2977.0,2957.0,2969.0,150488.0,1978580.0,1974992.0
2026-06-25 21:05:00,2969.0,2970.0,2964.0,2966.0,37077.0,1974992.0,1972744.0
2026-06-25 21:10:00,2966.0,2967.0,2963.0,2965.0,23044.0,1972744.0,1973859.0
2026-06-25 21:15:00,2965.0,2968.0,2964.0,2964.0,19075.0,1973859.0,1973493.0
2026-06-25 21:20:00,2964.0,2965.0,2961.0,2964.0,18113.0,1973493.0,1975006.0
2026-06-25 21:25:00,2964.0,2966.0,2961.0,2966.0,12544.0,1975006.0,1974924.0
2026-06-25 21:30:00,2966.0,2967.0,2961.0,2963.0,15651.0,1974924.0,1977072.0
2026-06-25 21:35:00,2963.0,2967.0,2962.0,2967.0,15225.0,1977072.0,1976696.0
2026-06-25 21:40:00,2967.0,2970.0,2965.0,2966.0,18328.0,1976696.0,1977176.0
2026-06-25 21:45:00,2966.0,2967.0,2963.0,2964.0,15052.0,1977176.0,1979999.0
2026-06-25 21:50:00,2964.0,2966.0,2962.0,2963.0,9857.0,1979999.0,1980870.0
2026-06-25 21:55:00,2963.0,2964.0,2962.0,2964.0,8580.0,1980870.0,1980185.0
2026-06-25 22:00:00,2964.0,2964.0,2961.0,2964.0,10545.0,1980185.0,1978874.0
2026-06-25 22:05:00,2964.0,2965.0,2961.0,2964.0,9764.0,1978874.0,1977301.0
2026-06-25 22:10:00,2964.0,2966.0,2962.0,2963.0,14275.0,1977301.0,1977495.0
2026-06-25 22:15:00,2963.0,2966.0,2963.0,2965.0,4635.0,1977495.0,1977153.0
2026-06-25 22:20:00,2965.0,2967.0,2963.0,2967.0,9320.0,1977153.0,1978327.0
2026-06-25 22:25:00,2967.0,2969.0,2966.0,2969.0,10523.0,1978327.0,1977255.0
2026-06-25 22:30:00,2969.0,2970.0,2967.0,2970.0,9566.0,1977255.0,1977031.0
2026-06-25 22:35:00,2970.0,2973.0,2968.0,2972.0,15802.0,1977031.0,1978520.0
2026-06-25 22:40:00,2972.0,2973.0,2968.0,2969.0,14424.0,1978520.0,1977270.0
2026-06-25 22:45:00,2969.0,2970.0,2967.0,2968.0,9044.0,1977270.0,1977003.0
2026-06-25 22:50:00,2968.0,2968.0,2965.0,2967.0,7495.0,1977003.0,1975554.0
2026-06-25 22:55:00,2967.0,2968.0,2965.0,2967.0,10094.0,1975554.0,1972248.0
2026-06-26 09:00:00,2975.0,2976.0,2971.0,2972.0,54504.0,1972248.0,1976426.0
2026-06-26 09:05:00,2972.0,2972.0,2966.0,2970.0,18629.0,1976426.0,1979929.0
2026-06-26 09:10:00,2970.0,2971.0,2968.0,2971.0,10953.0,1979929.0,1980491.0
2026-06-26 09:15:00,2971.0,2972.0,2968.0,2970.0,11129.0,1980491.0,1979427.0
2026-06-26 09:20:00,2970.0,2970.0,2966.0,2966.0,11586.0,1979427.0,1978550.0
2026-06-26 09:25:00,2966.0,2971.0,2966.0,2971.0,9002.0,1978550.0,1977228.0
2026-06-26 09:30:00,2971.0,2972.0,2969.0,2971.0,6128.0,1977228.0,1976133.0
2026-06-26 09:35:00,2971.0,2972.0,2970.0,2971.0,3911.0,1976133.0,1975942.0
2026-06-26 09:40:00,2971.0,2973.0,2970.0,2972.0,7601.0,1975942.0,1974240.0
2026-06-26 09:45:00,2972.0,2972.0,2969.0,2970.0,8467.0,1974240.0,1973644.0
2026-06-26 09:50:00,2970.0,2972.0,2969.0,2970.0,6330.0,1973644.0,1974027.0
2026-06-26 09:55:00,2970.0,2971.0,2968.0,2969.0,12301.0,1974027.0,1976289.0
2026-06-26 10:00:00,2969.0,2973.0,2969.0,2973.0,10199.0,1976289.0,1976917.0
2026-06-26 10:05:00,2973.0,2973.0,2970.0,2972.0,8956.0,1976917.0,1975439.0
2026-06-26 10:10:00,2972.0,2973.0,2971.0,2971.0,6731.0,1975439.0,1974115.0
2026-06-26 10:30:00,2971.0,2971.0,2966.0,2967.0,15668.0,1974115.0,1972463.0
2026-06-26 10:35:00,2967.0,2971.0,2967.0,2970.0,8677.0,1972463.0,1972059.0
2026-06-26 10:40:00,2970.0,2972.0,2969.0,2971.0,10102.0,1972059.0,1970881.0
2026-06-26 10:45:00,2971.0,2971.0,2967.0,2967.0,21038.0,1970881.0,1967373.0
2026-06-26 10:50:00,2967.0,2969.0,2966.0,2968.0,12181.0,1967373.0,1963762.0
2026-06-26 10:55:00,2968.0,2968.0,2965.0,2966.0,16567.0,1963762.0,1964176.0
2026-06-26 11:00:00,2966.0,2969.0,2965.0,2969.0,7122.0,1964176.0,1963698.0
2026-06-26 11:05:00,2969.0,2970.0,2967.0,2968.0,5496.0,1963698.0,1964228.0
2026-06-26 11:10:00,2968.0,2970.0,2967.0,2969.0,4470.0,1964228.0,1964603.0
2026-06-26 11:15:00,2969.0,2970.0,2967.0,2968.0,10934.0,1964603.0,1965601.0
2026-06-26 11:20:00,2968.0,2969.0,2966.0,2967.0,7175.0,1965601.0,1965139.0
2026-06-26 11:25:00,2967.0,2968.0,2966.0,2966.0,5725.0,1965139.0,1963851.0
2026-06-26 13:30:00,2968.0,2970.0,2966.0,2967.0,9310.0,1963851.0,1964516.0
2026-06-26 13:35:00,2967.0,2972.0,2967.0,2972.0,11509.0,1964516.0,1963219.0
2026-06-26 13:40:00,2972.0,2973.0,2971.0,2973.0,12738.0,1963219.0,1965770.0
2026-06-26 13:45:00,2973.0,2975.0,2971.0,2973.0,15462.0,1965770.0,1966428.0
2026-06-26 13:50:00,2973.0,2979.0,2973.0,2976.0,38008.0,1966428.0,1971617.0
2026-06-26 13:55:00,2976.0,2984.0,2976.0,2981.0,40698.0,1971617.0,1975887.0
2026-06-26 14:00:00,2981.0,2982.0,2974.0,2976.0,25856.0,1975887.0,1975576.0
2026-06-26 14:05:00,2976.0,2979.0,2975.0,2977.0,10588.0,1975576.0,1975841.0
2026-06-26 14:10:00,2977.0,2978.0,2976.0,2976.0,5012.0,1975841.0,1975837.0
2026-06-26 14:15:00,2976.0,2981.0,2976.0,2981.0,20520.0,1975837.0,1982450.0
2026-06-26 14:20:00,2981.0,2981.0,2979.0,2980.0,11150.0,1982450.0,1982707.0
2026-06-26 14:25:00,2980.0,2981.0,2978.0,2978.0,10893.0,1982707.0,1984057.0
2026-06-26 14:30:00,2978.0,2980.0,2977.0,2978.0,9160.0,1984057.0,1983511.0
2026-06-26 14:35:00,2978.0,2979.0,2975.0,2976.0,7561.0,1983511.0,1982482.0
2026-06-26 14:40:00,2976.0,2977.0,2975.0,2977.0,12693.0,1982482.0,1983074.0
2026-06-26 14:45:00,2977.0,2977.0,2975.0,2977.0,12310.0,1983074.0,1983308.0
2026-06-26 14:50:00,2977.0,2978.0,2975.0,2975.0,13871.0,1983308.0,1981430.0
2026-06-26 14:55:00,2975.0,2976.0,2974.0,2974.0,21338.0,1981430.0,1977319.0
2026-06-26 21:00:00,2973.0,2977.0,2971.0,2975.0,38323.0,1977319.0,1981113.0
2026-06-26 21:05:00,2975.0,2976.0,2973.0,2974.0,12396.0,1981113.0,1982081.0
2026-06-26 21:10:00,2974.0,2976.0,2973.0,2976.0,6558.0,1982081.0,1982257.0
2026-06-26 21:15:00,2976.0,2978.0,2975.0,2978.0,10355.0,1982257.0,1982751.0
2026-06-26 21:20:00,2978.0,2978.0,2974.0,2977.0,9196.0,1982751.0,1982621.0
2026-06-26 21:25:00,2977.0,2980.0,2977.0,2978.0,10459.0,1982621.0,1983308.0
2026-06-26 21:30:00,2978.0,2979.0,2973.0,2973.0,13240.0,1983308.0,1983046.0
2026-06-26 21:35:00,2973.0,2978.0,2973.0,2975.0,8754.0,1983046.0,1982671.0
2026-06-26 21:40:00,2975.0,2976.0,2973.0,2974.0,6575.0,1982671.0,1982996.0
2026-06-26 21:45:00,2974.0,2978.0,2974.0,2977.0,5728.0,1982996.0,1982297.0
2026-06-26 21:50:00,2977.0,2978.0,2975.0,2976.0,5953.0,1982297.0,1982899.0
2026-06-26 21:55:00,2976.0,2978.0,2975.0,2977.0,4727.0,1982899.0,1982735.0
2026-06-26 22:00:00,2977.0,2980.0,2975.0,2979.0,9338.0,1982735.0,1983657.0
2026-06-26 22:05:00,2979.0,2980.0,2977.0,2980.0,6920.0,1983657.0,1983557.0
2026-06-26 22:10:00,2980.0,2982.0,2979.0,2979.0,11087.0,1983557.0,1985692.0
2026-06-26 22:15:00,2979.0,2981.0,2979.0,2979.0,6100.0,1985692.0,1984963.0
2026-06-26 22:20:00,2979.0,2981.0,2979.0,2980.0,3160.0,1984963.0,1984532.0
2026-06-26 22:25:00,2980.0,2981.0,2979.0,2980.0,4031.0,1984532.0,1983470.0
2026-06-26 22:30:00,2980.0,2982.0,2979.0,2981.0,6490.0,1983470.0,1983287.0
2026-06-26 22:35:00,2981.0,2981.0,2980.0,2981.0,3151.0,1983287.0,1983368.0
2026-06-26 22:40:00,2981.0,2982.0,2980.0,2982.0,4343.0,1983368.0,1983235.0
2026-06-26 22:45:00,2982.0,2983.0,2981.0,2982.0,7551.0,1983235.0,1983327.0
2026-06-26 22:50:00,2982.0,2986.0,2981.0,2983.0,20537.0,1983327.0,1984235.0
2026-06-26 22:55:00,2983.0,2984.0,2981.0,2982.0,10474.0,1984235.0,1983071.0
2026-06-29 09:00:00,2979.0,2981.0,2974.0,2980.0,34221.0,1983071.0,1978586.0
2026-06-29 09:05:00,2980.0,2983.0,2978.0,2982.0,14233.0,1978586.0,1977753.0
2026-06-29 09:10:00,2982.0,2983.0,2970.0,2971.0,38200.0,1977753.0,1975460.0
2026-06-29 09:15:00,2971.0,2977.0,2970.0,2974.0,19085.0,1975460.0,1974274.0
2026-06-29 09:20:00,2974.0,2974.0,2970.0,2972.0,13675.0,1974274.0,1974153.0
2026-06-29 09:25:00,2972.0,2973.0,2969.0,2970.0,22264.0,1974153.0,1975334.0
2026-06-29 09:30:00,2970.0,2972.0,2969.0,2971.0,9504.0,1975334.0,1974385.0
2026-06-29 09:35:00,2971.0,2971.0,2969.0,2970.0,7044.0,1974385.0,1973993.0
2026-06-29 09:40:00,2970.0,2972.0,2968.0,2971.0,8817.0,1973993.0,1972907.0
2026-06-29 09:45:00,2971.0,2972.0,2967.0,2967.0,14143.0,1972907.0,1971838.0
2026-06-29 09:50:00,2967.0,2968.0,2966.0,2967.0,10248.0,1971838.0,1970381.0
2026-06-29 09:55:00,2967.0,2968.0,2966.0,2968.0,4898.0,1970381.0,1970494.0
2026-06-29 10:00:00,2968.0,2969.0,2966.0,2968.0,7506.0,1970494.0,1969016.0
2026-06-29 10:05:00,2968.0,2971.0,2967.0,2968.0,8499.0,1969016.0,1969145.0
2026-06-29 10:10:00,2968.0,2969.0,2966.0,2968.0,6057.0,1969145.0,1968678.0
2026-06-29 10:30:00,2968.0,2970.0,2967.0,2970.0,8018.0,1968678.0,1967372.0
2026-06-29 10:35:00,2970.0,2973.0,2970.0,2973.0,8920.0,1967372.0,1968352.0
2026-06-29 10:40:00,2973.0,2974.0,2969.0,2971.0,11044.0,1968352.0,1969426.0
2026-06-29 10:45:00,2971.0,2972.0,2970.0,2971.0,4546.0,1969426.0,1968847.0
2026-06-29 10:50:00,2971.0,2974.0,2971.0,2973.0,11381.0,1968847.0,1968809.0
2026-06-29 10:55:00,2973.0,2974.0,2972.0,2972.0,5384.0,1968809.0,1969540.0
2026-06-29 11:00:00,2972.0,2973.0,2971.0,2972.0,8173.0,1969540.0,1969049.0
2026-06-29 11:05:00,2972.0,2974.0,2971.0,2973.0,4745.0,1969049.0,1969250.0
2026-06-29 11:10:00,2973.0,2974.0,2972.0,2974.0,4241.0,1969250.0,1969223.0
2026-06-29 11:15:00,2974.0,2974.0,2970.0,2970.0,10832.0,1969223.0,1967798.0
2026-06-29 11:20:00,2970.0,2973.0,2969.0,2971.0,11530.0,1967798.0,1966604.0
2026-06-29 11:25:00,2971.0,2971.0,2966.0,2967.0,13669.0,1966604.0,1964430.0
2026-06-29 13:30:00,2967.0,2967.0,2961.0,2962.0,26912.0,1964430.0,1961828.0
2026-06-29 13:35:00,2962.0,2962.0,2955.0,2956.0,42456.0,1961828.0,1955458.0
2026-06-29 13:40:00,2956.0,2958.0,2955.0,2956.0,19534.0,1955458.0,1953887.0
2026-06-29 13:45:00,2956.0,2959.0,2954.0,2958.0,20657.0,1953887.0,1952155.0
2026-06-29 13:50:00,2958.0,2962.0,2957.0,2962.0,18215.0,1952155.0,1949513.0
2026-06-29 13:55:00,2962.0,2963.0,2961.0,2962.0,13835.0,1949513.0,1949320.0
2026-06-29 14:00:00,2962.0,2965.0,2962.0,2965.0,10271.0,1949320.0,1947624.0
2026-06-29 14:05:00,2965.0,2966.0,2964.0,2965.0,12532.0,1947624.0,1946230.0
2026-06-29 14:10:00,2965.0,2966.0,2964.0,2964.0,4470.0,1946230.0,1946220.0
2026-06-29 14:15:00,2964.0,2965.0,2961.0,2965.0,10917.0,1946220.0,1946541.0
2026-06-29 14:20:00,2965.0,2967.0,2964.0,2967.0,10312.0,1946541.0,1944794.0
2026-06-29 14:25:00,2967.0,2970.0,2966.0,2968.0,11731.0,1944794.0,1943735.0
2026-06-29 14:30:00,2968.0,2969.0,2967.0,2968.0,6115.0,1943735.0,1943545.0
2026-06-29 14:35:00,2968.0,2969.0,2967.0,2969.0,6704.0,1943545.0,1941985.0
2026-06-29 14:40:00,2969.0,2969.0,2966.0,2966.0,10726.0,1941985.0,1940004.0
2026-06-29 14:45:00,2966.0,2969.0,2965.0,2969.0,8040.0,1940004.0,1938031.0
2026-06-29 14:50:00,2969.0,2969.0,2966.0,2967.0,7689.0,1938031.0,1937090.0
2026-06-29 14:55:00,2967.0,2969.0,2966.0,2967.0,15232.0,1937090.0,1934786.0
2026-06-29 21:00:00,2962.0,2966.0,2959.0,2963.0,43103.0,1934786.0,1938201.0
2026-06-29 21:05:00,2963.0,2963.0,2959.0,2959.0,14734.0,1938201.0,1940247.0
2026-06-29 21:10:00,2959.0,2961.0,2959.0,2959.0,8758.0,1940247.0,1940362.0
2026-06-29 21:15:00,2959.0,2961.0,2959.0,2960.0,8347.0,1940362.0,1941907.0
2026-06-29 21:20:00,2960.0,2961.0,2958.0,2961.0,11312.0,1941907.0,1941921.0
2026-06-29 21:25:00,2961.0,2963.0,2960.0,2961.0,6689.0,1941921.0,1941967.0
2026-06-29 21:30:00,2961.0,2966.0,2960.0,2965.0,12167.0,1941967.0,1942517.0
2026-06-29 21:35:00,2965.0,2966.0,2961.0,2962.0,11667.0,1942517.0,1943762.0
2026-06-29 21:40:00,2962.0,2963.0,2959.0,2960.0,8607.0,1943762.0,1944517.0
2026-06-29 21:45:00,2960.0,2961.0,2957.0,2957.0,9659.0,1944517.0,1944788.0
2026-06-29 21:50:00,2957.0,2959.0,2956.0,2957.0,9979.0,1944788.0,1944282.0
2026-06-29 21:55:00,2957.0,2958.0,2956.0,2957.0,6137.0,1944282.0,1943032.0
2026-06-29 22:00:00,2957.0,2959.0,2956.0,2959.0,6907.0,1943032.0,1942284.0
2026-06-29 22:05:00,2959.0,2959.0,2956.0,2958.0,3264.0,1942284.0,1942533.0
2026-06-29 22:10:00,2958.0,2958.0,2956.0,2957.0,4798.0,1942533.0,1942579.0
2026-06-29 22:15:00,2957.0,2958.0,2957.0,2958.0,3566.0,1942579.0,1942627.0
2026-06-29 22:20:00,2958.0,2958.0,2955.0,2956.0,6228.0,1942627.0,1941435.0
2026-06-29 22:25:00,2956.0,2958.0,2955.0,2957.0,4888.0,1941435.0,1940689.0
2026-06-29 22:30:00,2957.0,2959.0,2956.0,2957.0,5258.0,1940689.0,1940874.0
2026-06-29 22:35:00,2957.0,2957.0,2953.0,2954.0,13634.0,1940874.0,1939614.0
2026-06-29 22:40:00,2954.0,2954.0,2951.0,2953.0,12671.0,1939614.0,1935854.0
2026-06-29 22:45:00,2953.0,2953.0,2951.0,2953.0,8228.0,1935854.0,1935580.0
2026-06-29 22:50:00,2953.0,2954.0,2952.0,2953.0,4100.0,1935580.0,1934652.0
2026-06-29 22:55:00,2953.0,2954.0,2952.0,2953.0,6668.0,1934652.0,1932437.0
2026-06-30 09:00:00,2950.0,2956.0,2945.0,2955.0,39598.0,1932437.0,1931532.0
2026-06-30 09:05:00,2955.0,2958.0,2954.0,2955.0,18777.0,1931532.0,1933838.0
2026-06-30 09:10:00,2955.0,2956.0,2952.0,2954.0,11643.0,1933838.0,1933945.0
2026-06-30 09:15:00,2954.0,2956.0,2952.0,2955.0,10799.0,1933945.0,1931962.0
2026-06-30 09:20:00,2955.0,2955.0,2951.0,2952.0,6561.0,1931962.0,1932057.0
2026-06-30 09:25:00,2952.0,2953.0,2951.0,2952.0,8571.0,1932057.0,1931215.0
2026-06-30 09:30:00,2952.0,2954.0,2950.0,2952.0,14625.0,1931215.0,1933589.0
2026-06-30 09:35:00,2952.0,2953.0,2949.0,2951.0,16791.0,1933589.0,1932845.0
2026-06-30 09:40:00,2951.0,2953.0,2950.0,2951.0,9351.0,1932845.0,1931756.0
2026-06-30 09:45:00,2951.0,2952.0,2949.0,2950.0,13662.0,1931756.0,1929940.0
2026-06-30 09:50:00,2950.0,2950.0,2943.0,2944.0,37126.0,1929940.0,1925327.0
2026-06-30 09:55:00,2944.0,2946.0,2942.0,2945.0,21587.0,1925327.0,1923473.0
2026-06-30 10:00:00,2945.0,2949.0,2945.0,2948.0,15354.0,1923473.0,1921873.0
2026-06-30 10:05:00,2948.0,2948.0,2946.0,2946.0,5539.0,1921873.0,1921165.0
2026-06-30 10:10:00,2946.0,2947.0,2945.0,2945.0,5530.0,1921165.0,1920205.0
2026-06-30 10:30:00,2945.0,2949.0,2945.0,2948.0,15478.0,1920205.0,1919739.0
2026-06-30 10:35:00,2948.0,2949.0,2946.0,2946.0,10273.0,1919739.0,1919017.0
2026-06-30 10:40:00,2946.0,2947.0,2944.0,2947.0,12894.0,1919017.0,1916851.0
2026-06-30 10:45:00,2947.0,2949.0,2945.0,2946.0,8294.0,1916851.0,1917022.0
2026-06-30 10:50:00,2946.0,2947.0,2945.0,2945.0,4729.0,1917022.0,1916317.0
2026-06-30 10:55:00,2945.0,2948.0,2945.0,2945.0,5926.0,1916317.0,1915936.0
2026-06-30 11:00:00,2945.0,2948.0,2944.0,2948.0,10371.0,1915936.0,1914872.0
2026-06-30 11:05:00,2948.0,2948.0,2943.0,2944.0,11820.0,1914872.0,1914638.0
2026-06-30 11:10:00,2944.0,2947.0,2944.0,2947.0,5490.0,1914638.0,1913882.0
2026-06-30 11:15:00,2947.0,2949.0,2946.0,2949.0,6474.0,1913882.0,1913357.0
2026-06-30 11:20:00,2949.0,2949.0,2946.0,2946.0,8828.0,1913357.0,1912366.0
2026-06-30 11:25:00,2946.0,2948.0,2946.0,2947.0,4626.0,1912366.0,1911696.0
2026-06-30 13:30:00,2949.0,2949.0,2945.0,2946.0,11129.0,1911696.0,1911840.0
2026-06-30 13:35:00,2946.0,2947.0,2943.0,2944.0,7996.0,1911840.0,1910941.0
2026-06-30 13:40:00,2944.0,2946.0,2942.0,2942.0,12868.0,1910941.0,1910209.0
2026-06-30 13:45:00,2942.0,2944.0,2940.0,2941.0,22725.0,1910209.0,1911150.0
2026-06-30 13:50:00,2941.0,2943.0,2940.0,2942.0,12684.0,1911150.0,1906849.0
2026-06-30 13:55:00,2942.0,2945.0,2942.0,2944.0,14327.0,1906849.0,1902890.0
2026-06-30 14:00:00,2944.0,2946.0,2942.0,2943.0,14653.0,1902890.0,1898854.0
2026-06-30 14:05:00,2943.0,2944.0,2941.0,2943.0,12955.0,1898854.0,1897066.0
2026-06-30 14:10:00,2943.0,2945.0,2942.0,2943.0,7994.0,1897066.0,1896287.0
2026-06-30 14:15:00,2943.0,2945.0,2941.0,2942.0,10949.0,1896287.0,1894472.0
2026-06-30 14:20:00,2942.0,2943.0,2941.0,2941.0,5605.0,1894472.0,1894863.0
2026-06-30 14:25:00,2941.0,2944.0,2939.0,2939.0,17352.0,1894863.0,1896132.0
2026-06-30 14:30:00,2939.0,2941.0,2937.0,2938.0,21738.0,1896132.0,1898744.0
2026-06-30 14:35:00,2938.0,2939.0,2935.0,2938.0,28597.0,1898744.0,1894389.0
2026-06-30 14:40:00,2938.0,2941.0,2937.0,2940.0,18394.0,1894389.0,1892486.0
2026-06-30 14:45:00,2940.0,2943.0,2939.0,2943.0,14791.0,1892486.0,1893071.0
2026-06-30 14:50:00,2943.0,2943.0,2941.0,2941.0,11416.0,1893071.0,1894260.0
2026-06-30 14:55:00,2941.0,2944.0,2941.0,2943.0,26367.0,1894260.0,1892339.0
2026-06-30 21:00:00,2937.0,2941.0,2937.0,2940.0,38283.0,1892339.0,1884460.0
2026-06-30 21:05:00,2940.0,2943.0,2939.0,2943.0,15039.0,1884460.0,1884845.0
2026-06-30 21:10:00,2943.0,2943.0,2939.0,2940.0,11681.0,1884845.0,1885509.0
2026-06-30 21:15:00,2940.0,2942.0,2940.0,2942.0,6758.0,1885509.0,1886149.0
2026-06-30 21:20:00,2942.0,2946.0,2941.0,2944.0,15977.0,1886149.0,1886764.0
2026-06-30 21:25:00,2944.0,2945.0,2943.0,2943.0,9102.0,1886764.0,1886667.0
2026-06-30 21:30:00,2943.0,2944.0,2938.0,2940.0,12254.0,1886667.0,1886944.0
2026-06-30 21:35:00,2940.0,2940.0,2937.0,2937.0,4937.0,1886944.0,1886954.0
2026-06-30 21:40:00,2937.0,2939.0,2937.0,2937.0,7053.0,1886954.0,1886628.0
2026-06-30 21:45:00,2937.0,2939.0,2937.0,2938.0,4776.0,1886628.0,1887229.0
2026-06-30 21:50:00,2938.0,2939.0,2936.0,2936.0,6383.0,1887229.0,1886909.0
2026-06-30 21:55:00,2936.0,2937.0,2935.0,2936.0,8216.0,1886909.0,1887174.0
2026-06-30 22:00:00,2936.0,2937.0,2932.0,2934.0,22251.0,1887174.0,1883339.0
2026-06-30 22:05:00,2934.0,2934.0,2931.0,2931.0,9092.0,1883339.0,1884418.0
2026-06-30 22:10:00,2931.0,2932.0,2930.0,2932.0,12510.0,1884418.0,1885540.0
2026-06-30 22:15:00,2932.0,2933.0,2930.0,2931.0,9405.0,1885540.0,1884614.0
2026-06-30 22:20:00,2931.0,2933.0,2930.0,2932.0,5963.0,1884614.0,1884808.0
2026-06-30 22:25:00,2932.0,2933.0,2930.0,2931.0,7539.0,1884808.0,1884347.0
2026-06-30 22:30:00,2931.0,2932.0,2927.0,2927.0,13537.0,1884347.0,1886485.0
2026-06-30 22:35:00,2927.0,2929.0,2926.0,2927.0,10707.0,1886485.0,1886421.0
2026-06-30 22:40:00,2927.0,2927.0,2925.0,2926.0,15846.0,1886421.0,1888359.0
2026-06-30 22:45:00,2926.0,2926.0,2922.0,2924.0,18176.0,1888359.0,1891880.0
2026-06-30 22:50:00,2924.0,2924.0,2921.0,2922.0,16473.0,1891880.0,1893991.0
2026-06-30 22:55:00,2922.0,2924.0,2922.0,2924.0,14730.0,1893991.0,1894468.0
2026-07-01 09:00:00,2943.0,2945.0,2940.0,2944.0,73946.0,1894468.0,1882598.0
2026-07-01 09:05:00,2944.0,2946.0,2938.0,2941.0,27699.0,1882598.0,1884632.0
2026-07-01 09:10:00,2941.0,2943.0,2940.0,2941.0,15022.0,1884632.0,1886932.0
2026-07-01 09:15:00,2941.0,2942.0,2938.0,2938.0,10823.0,1886932.0,1887033.0
2026-07-01 09:20:00,2938.0,2939.0,2936.0,2936.0,11981.0,1887033.0,1888236.0
2026-07-01 09:25:00,2936.0,2937.0,2933.0,2935.0,11604.0,1888236.0,1888858.0
2026-07-01 09:30:00,2935.0,2935.0,2931.0,2933.0,15086.0,1888858.0,1889336.0
2026-07-01 09:35:00,2933.0,2933.0,2930.0,2930.0,11857.0,1889336.0,1889224.0
2026-07-01 09:40:00,2930.0,2931.0,2927.0,2928.0,18758.0,1889224.0,1891014.0
2026-07-01 09:45:00,2928.0,2929.0,2926.0,2929.0,16853.0,1891014.0,1892041.0
2026-07-01 09:50:00,2929.0,2933.0,2928.0,2930.0,16235.0,1892041.0,1892886.0
2026-07-01 09:55:00,2930.0,2933.0,2929.0,2933.0,9559.0,1892886.0,1892933.0
2026-07-01 10:00:00,2933.0,2938.0,2931.0,2937.0,16410.0,1892933.0,1892287.0
2026-07-01 10:05:00,2937.0,2939.0,2934.0,2938.0,11357.0,1892287.0,1893192.0
2026-07-01 10:10:00,2938.0,2950.0,2938.0,2950.0,37284.0,1893192.0,1890119.0
2026-07-01 10:30:00,2950.0,2957.0,2948.0,2956.0,60093.0,1890119.0,1888084.0
2026-07-01 10:35:00,2956.0,2959.0,2954.0,2958.0,32501.0,1888084.0,1884635.0
2026-07-01 10:40:00,2958.0,2960.0,2956.0,2959.0,24107.0,1884635.0,1882671.0
2026-07-01 10:45:00,2959.0,2962.0,2957.0,2958.0,29726.0,1882671.0,1882538.0
2026-07-01 10:50:00,2958.0,2959.0,2956.0,2958.0,12502.0,1882538.0,1882765.0
2026-07-01 10:55:00,2958.0,2959.0,2957.0,2957.0,10914.0,1882765.0,1881137.0
2026-07-01 11:00:00,2957.0,2962.0,2957.0,2961.0,16546.0,1881137.0,1881413.0
2026-07-01 11:05:00,2961.0,2967.0,2961.0,2966.0,33587.0,1881413.0,1874711.0
2026-07-01 11:10:00,2966.0,2969.0,2964.0,2968.0,27264.0,1874711.0,1871814.0
2026-07-01 11:15:00,2968.0,2975.0,2968.0,2973.0,44779.0,1871814.0,1872602.0
2026-07-01 11:20:00,2973.0,2979.0,2973.0,2975.0,53288.0,1872602.0,1873475.0
2026-07-01 11:25:00,2975.0,2977.0,2974.0,2974.0,23115.0,1873475.0,1872362.0
2026-07-01 13:30:00,2974.0,2977.0,2972.0,2975.0,37987.0,1872362.0,1867085.0
2026-07-01 13:35:00,2975.0,2975.0,2970.0,2972.0,29399.0,1867085.0,1863521.0
2026-07-01 13:40:00,2972.0,2974.0,2971.0,2973.0,14073.0,1863521.0,1861504.0
2026-07-01 13:45:00,2973.0,2975.0,2972.0,2974.0,13277.0,1861504.0,1862172.0
2026-07-01 13:50:00,2974.0,2974.0,2969.0,2970.0,17401.0,1862172.0,1862783.0
2026-07-01 13:55:00,2970.0,2972.0,2969.0,2970.0,9240.0,1862783.0,1861394.0
2026-07-01 14:00:00,2970.0,2971.0,2968.0,2969.0,10431.0,1861394.0,1859460.0
2026-07-01 14:05:00,2969.0,2971.0,2969.0,2970.0,9677.0,1859460.0,1859102.0
2026-07-01 14:10:00,2970.0,2972.0,2968.0,2970.0,11156.0,1859102.0,1858754.0
2026-07-01 14:15:00,2970.0,2971.0,2968.0,2970.0,11578.0,1858754.0,1857209.0
2026-07-01 14:20:00,2970.0,2971.0,2969.0,2970.0,8544.0,1857209.0,1856501.0
2026-07-01 14:25:00,2970.0,2970.0,2968.0,2969.0,6738.0,1856501.0,1856870.0
2026-07-01 14:30:00,2969.0,2970.0,2965.0,2966.0,14902.0,1856870.0,1855168.0
2026-07-01 14:35:00,2966.0,2969.0,2965.0,2969.0,11873.0,1855168.0,1855183.0
2026-07-01 14:40:00,2969.0,2969.0,2966.0,2967.0,8525.0,1855183.0,1855072.0
2026-07-01 14:45:00,2967.0,2968.0,2963.0,2964.0,14494.0,1855072.0,1852252.0
2026-07-01 14:50:00,2964.0,2966.0,2963.0,2964.0,12101.0,1852252.0,1851412.0
2026-07-01 14:55:00,2964.0,2967.0,2964.0,2965.0,21692.0,1851412.0,1846828.0
2026-07-01 21:00:00,2976.0,2978.0,2969.0,2972.0,51921.0,1846828.0,1847040.0
2026-07-01 21:05:00,2972.0,2976.0,2971.0,2971.0,21485.0,1847040.0,1849347.0
2026-07-01 21:10:00,2971.0,2973.0,2970.0,2973.0,17557.0,1849347.0,1850941.0
2026-07-01 21:15:00,2973.0,2974.0,2971.0,2972.0,9439.0,1850941.0,1851628.0
2026-07-01 21:20:00,2972.0,2973.0,2970.0,2970.0,10252.0,1851628.0,1851800.0
2026-07-01 21:25:00,2970.0,2972.0,2970.0,2971.0,5622.0,1851800.0,1851217.0
2026-07-01 21:30:00,2971.0,2975.0,2970.0,2972.0,15854.0,1851217.0,1852765.0
2026-07-01 21:35:00,2972.0,2975.0,2971.0,2973.0,12743.0,1852765.0,1853850.0
2026-07-01 21:40:00,2973.0,2979.0,2973.0,2977.0,23870.0,1853850.0,1858986.0
2026-07-01 21:45:00,2977.0,2980.0,2977.0,2978.0,17422.0,1858986.0,1859194.0
2026-07-01 21:50:00,2978.0,2980.0,2976.0,2979.0,14415.0,1859194.0,1860171.0
2026-07-01 21:55:00,2979.0,2981.0,2978.0,2979.0,15662.0,1860171.0,1864725.0
2026-07-01 22:00:00,2979.0,2979.0,2974.0,2976.0,14578.0,1864725.0,1863547.0
2026-07-01 22:05:00,2976.0,2981.0,2976.0,2980.0,14884.0,1863547.0,1865095.0
2026-07-01 22:10:00,2980.0,2980.0,2978.0,2978.0,4692.0,1865095.0,1865431.0
2026-07-01 22:15:00,2978.0,2980.0,2978.0,2979.0,3906.0,1865431.0,1866419.0
2026-07-01 22:20:00,2979.0,2980.0,2977.0,2977.0,4807.0,1866419.0,1865726.0
2026-07-01 22:25:00,2977.0,2978.0,2975.0,2976.0,6478.0,1865726.0,1865900.0
2026-07-01 22:30:00,2976.0,2977.0,2974.0,2976.0,8818.0,1865900.0,1865283.0
2026-07-01 22:35:00,2976.0,2979.0,2976.0,2978.0,4022.0,1865283.0,1865155.0
2026-07-01 22:40:00,2978.0,2978.0,2977.0,2978.0,2878.0,1865155.0,1864711.0
2026-07-01 22:45:00,2978.0,2978.0,2975.0,2976.0,5746.0,1864711.0,1864060.0
2026-07-01 22:50:00,2976.0,2976.0,2972.0,2972.0,9603.0,1864060.0,1861248.0
2026-07-01 22:55:00,2972.0,2974.0,2971.0,2974.0,13936.0,1861248.0,1857399.0
2026-07-02 09:00:00,2977.0,2979.0,2973.0,2977.0,27110.0,1857399.0,1859119.0
2026-07-02 09:05:00,2977.0,2977.0,2975.0,2976.0,6805.0,1859119.0,1858709.0
2026-07-02 09:10:00,2976.0,2981.0,2975.0,2981.0,18481.0,1858709.0,1859969.0
2026-07-02 09:15:00,2981.0,2989.0,2980.0,2987.0,47403.0,1859969.0,1864519.0
2026-07-02 09:20:00,2987.0,2989.0,2983.0,2984.0,24882.0,1864519.0,1862379.0
2026-07-02 09:25:00,2984.0,2985.0,2980.0,2980.0,13391.0,1862379.0,1861255.0
2026-07-02 09:30:00,2980.0,2984.0,2980.0,2984.0,12722.0,1861255.0,1862846.0
2026-07-02 09:35:00,2984.0,2986.0,2983.0,2985.0,9999.0,1862846.0,1864418.0
2026-07-02 09:40:00,2985.0,2987.0,2984.0,2986.0,10789.0,1864418.0,1865613.0
2026-07-02 09:45:00,2986.0,2987.0,2984.0,2986.0,8049.0,1865613.0,1864575.0
2026-07-02 09:50:00,2986.0,2987.0,2984.0,2985.0,9549.0,1864575.0,1863523.0
2026-07-02 09:55:00,2985.0,2988.0,2984.0,2986.0,10715.0,1863523.0,1862276.0
2026-07-02 10:00:00,2986.0,2988.0,2985.0,2986.0,9788.0,1862276.0,1862608.0
2026-07-02 10:05:00,2986.0,2987.0,2983.0,2985.0,10301.0,1862608.0,1862104.0
2026-07-02 10:10:00,2985.0,2985.0,2983.0,2983.0,6266.0,1862104.0,1861064.0
2026-07-02 10:30:00,2984.0,2984.0,2981.0,2982.0,9774.0,1861064.0,1859065.0
2026-07-02 10:35:00,2982.0,2987.0,2982.0,2985.0,10394.0,1859065.0,1859072.0
2026-07-02 10:40:00,2985.0,2988.0,2984.0,2987.0,11494.0,1859072.0,1858534.0
2026-07-02 10:45:00,2987.0,2987.0,2985.0,2985.0,5158.0,1858534.0,1858628.0
2026-07-02 10:50:00,2985.0,2987.0,2985.0,2985.0,5646.0,1858628.0,1858424.0
2026-07-02 10:55:00,2985.0,2987.0,2985.0,2985.0,4318.0,1858424.0,1858273.0
2026-07-02 11:00:00,2985.0,2986.0,2984.0,2985.0,6033.0,1858273.0,1857283.0
2026-07-02 11:05:00,2985.0,2985.0,2982.0,2984.0,9689.0,1857283.0,1857662.0
2026-07-02 11:10:00,2984.0,2985.0,2983.0,2984.0,6650.0,1857662.0,1858247.0
2026-07-02 11:15:00,2984.0,2985.0,2983.0,2984.0,4751.0,1858247.0,1857243.0
2026-07-02 11:20:00,2984.0,2985.0,2983.0,2983.0,4154.0,1857243.0,1856346.0
2026-07-02 11:25:00,2983.0,2984.0,2982.0,2983.0,5797.0,1856346.0,1854232.0
2026-07-02 13:30:00,2983.0,2985.0,2980.0,2980.0,15871.0,1854232.0,1854642.0
2026-07-02 13:35:00,2980.0,2981.0,2978.0,2980.0,17305.0,1854642.0,1853276.0
2026-07-02 13:40:00,2980.0,2981.0,2977.0,2978.0,10289.0,1853276.0,1853244.0
2026-07-02 13:45:00,2978.0,2980.0,2976.0,2979.0,11494.0,1853244.0,1851015.0
2026-07-02 13:50:00,2979.0,2979.0,2975.0,2976.0,11927.0,1851015.0,1850672.0
2026-07-02 13:55:00,2976.0,2977.0,2975.0,2975.0,9040.0,1850672.0,1848925.0
2026-07-02 14:00:00,2975.0,2976.0,2973.0,2974.0,8944.0,1848925.0,1847224.0
2026-07-02 14:05:00,2974.0,2976.0,2973.0,2975.0,7930.0,1847224.0,1846239.0
2026-07-02 14:10:00,2975.0,2975.0,2971.0,2974.0,13108.0,1846239.0,1846606.0
2026-07-02 14:15:00,2974.0,2976.0,2972.0,2975.0,13071.0,1846606.0,1844175.0
2026-07-02 14:20:00,2975.0,2976.0,2973.0,2975.0,8283.0,1844175.0,1843854.0
2026-07-02 14:25:00,2975.0,2976.0,2973.0,2975.0,9890.0,1843854.0,1842394.0
2026-07-02 14:30:00,2975.0,2976.0,2973.0,2973.0,6775.0,1842394.0,1841729.0
2026-07-02 14:35:00,2973.0,2975.0,2972.0,2974.0,9600.0,1841729.0,1840411.0
2026-07-02 14:40:00,2974.0,2975.0,2973.0,2975.0,6538.0,1840411.0,1839871.0
2026-07-02 14:45:00,2975.0,2977.0,2974.0,2976.0,10494.0,1839871.0,1838958.0
2026-07-02 14:50:00,2976.0,2978.0,2975.0,2976.0,10112.0,1838958.0,1838065.0
2026-07-02 14:55:00,2976.0,2978.0,2974.0,2977.0,17149.0,1838065.0,1836306.0
2026-07-02 21:00:00,2980.0,2983.0,2975.0,2980.0,40863.0,1836306.0,1840284.0
2026-07-02 21:05:00,2980.0,2981.0,2974.0,2977.0,16769.0,1840284.0,1841809.0
2026-07-02 21:10:00,2977.0,2980.0,2976.0,2979.0,10227.0,1841809.0,1843712.0
2026-07-02 21:15:00,2979.0,2982.0,2979.0,2981.0,10827.0,1843712.0,1845107.0
2026-07-02 21:20:00,2981.0,2984.0,2980.0,2982.0,10121.0,1845107.0,1846637.0
2026-07-02 21:25:00,2982.0,2983.0,2978.0,2978.0,8799.0,1846637.0,1847159.0
2026-07-02 21:30:00,2978.0,2981.0,2978.0,2981.0,8737.0,1847159.0,1847789.0
2026-07-02 21:35:00,2981.0,2982.0,2980.0,2981.0,6921.0,1847789.0,1847714.0
2026-07-02 21:40:00,2981.0,2984.0,2980.0,2983.0,6599.0,1847714.0,1849709.0
2026-07-02 21:45:00,2983.0,2986.0,2982.0,2985.0,11259.0,1849709.0,1848715.0
2026-07-02 21:50:00,2985.0,2985.0,2982.0,2982.0,7946.0,1848715.0,1850468.0
2026-07-02 21:55:00,2982.0,2983.0,2981.0,2982.0,4023.0,1850468.0,1850439.0
2026-07-02 22:00:00,2982.0,2983.0,2980.0,2980.0,3544.0,1850439.0,1850719.0
2026-07-02 22:05:00,2980.0,2982.0,2980.0,2981.0,5505.0,1850719.0,1849591.0
2026-07-02 22:10:00,2981.0,2982.0,2980.0,2981.0,2027.0,1849591.0,1849834.0
2026-07-02 22:15:00,2981.0,2981.0,2978.0,2978.0,6359.0,1849834.0,1849849.0
2026-07-02 22:20:00,2978.0,2979.0,2977.0,2977.0,2977.0,1849849.0,1849513.0
2026-07-02 22:25:00,2977.0,2979.0,2977.0,2977.0,4449.0,1849513.0,1848873.0
2026-07-02 22:30:00,2977.0,2979.0,2976.0,2978.0,9290.0,1848873.0,1848650.0
2026-07-02 22:35:00,2978.0,2979.0,2977.0,2978.0,6731.0,1848650.0,1849057.0
2026-07-02 22:40:00,2978.0,2980.0,2978.0,2979.0,2416.0,1849057.0,1848604.0
2026-07-02 22:45:00,2979.0,2980.0,2978.0,2979.0,3505.0,1848604.0,1848430.0
2026-07-02 22:50:00,2979.0,2979.0,2978.0,2979.0,2264.0,1848430.0,1847747.0
2026-07-02 22:55:00,2979.0,2980.0,2978.0,2980.0,6865.0,1847747.0,1846162.0
2026-07-03 09:00:00,2974.0,2976.0,2965.0,2975.0,41409.0,1846162.0,1845036.0
2026-07-03 09:05:00,2975.0,2978.0,2973.0,2974.0,12304.0,1845036.0,1845591.0
2026-07-03 09:10:00,2974.0,2975.0,2973.0,2975.0,3994.0,1845591.0,1845689.0
2026-07-03 09:15:00,2975.0,2976.0,2972.0,2973.0,9114.0,1845689.0,1844140.0
2026-07-03 09:20:00,2973.0,2973.0,2967.0,2970.0,26472.0,1844140.0,1843189.0
2026-07-03 09:25:00,2970.0,2972.0,2969.0,2972.0,5170.0,1843189.0,1842602.0
2026-07-03 09:30:00,2972.0,2974.0,2969.0,2970.0,10003.0,1842602.0,1841500.0
2026-07-03 09:35:00,2970.0,2972.0,2970.0,2971.0,5716.0,1841500.0,1841235.0
2026-07-03 09:40:00,2971.0,2972.0,2970.0,2972.0,7002.0,1841235.0,1840681.0
2026-07-03 09:45:00,2972.0,2972.0,2968.0,2968.0,9900.0,1840681.0,1838432.0
2026-07-03 09:50:00,2968.0,2970.0,2967.0,2968.0,7370.0,1838432.0,1837657.0
2026-07-03 09:55:00,2968.0,2969.0,2967.0,2969.0,7173.0,1837657.0,1836912.0
2026-07-03 10:00:00,2969.0,2971.0,2967.0,2971.0,14747.0,1836912.0,1837560.0
2026-07-03 10:05:00,2971.0,2971.0,2970.0,2971.0,3017.0,1837560.0,1837457.0
2026-07-03 10:10:00,2971.0,2972.0,2970.0,2972.0,7556.0,1837457.0,1838453.0
2026-07-03 10:30:00,2971.0,2972.0,2969.0,2970.0,6577.0,1838453.0,1837391.0
2026-07-03 10:35:00,2970.0,2971.0,2966.0,2966.0,14295.0,1837391.0,1838622.0
2026-07-03 10:40:00,2966.0,2968.0,2966.0,2966.0,13068.0,1838622.0,1839347.0
2026-07-03 10:45:00,2966.0,2967.0,2964.0,2965.0,16625.0,1839347.0,1838651.0
2026-07-03 10:50:00,2965.0,2968.0,2964.0,2966.0,8591.0,1838651.0,1837987.0
2026-07-03 10:55:00,2966.0,2967.0,2964.0,2965.0,6379.0,1837987.0,1838298.0
2026-07-03 11:00:00,2965.0,2965.0,2963.0,2964.0,9105.0,1838298.0,1837986.0
2026-07-03 11:05:00,2964.0,2965.0,2963.0,2964.0,6395.0,1837986.0,1837192.0
2026-07-03 11:10:00,2964.0,2965.0,2962.0,2963.0,11361.0,1837192.0,1834838.0
2026-07-03 11:15:00,2963.0,2965.0,2963.0,2965.0,5801.0,1834838.0,1834676.0
2026-07-03 11:20:00,2965.0,2968.0,2964.0,2967.0,13105.0,1834676.0,1834020.0
2026-07-03 11:25:00,2967.0,2967.0,2966.0,2967.0,4258.0,1834020.0,1833349.0
2026-07-03 13:30:00,2967.0,2968.0,2963.0,2966.0,13011.0,1833349.0,1832075.0
2026-07-03 13:35:00,2966.0,2968.0,2965.0,2966.0,6682.0,1832075.0,1831904.0
2026-07-03 13:40:00,2966.0,2967.0,2966.0,2966.0,5560.0,1831904.0,1832136.0
2026-07-03 13:45:00,2966.0,2967.0,2963.0,2963.0,6111.0,1832136.0,1832465.0
2026-07-03 13:50:00,2963.0,2964.0,2961.0,2963.0,11692.0,1832465.0,1831274.0
2026-07-03 13:55:00,2963.0,2964.0,2961.0,2962.0,9602.0,1831274.0,1828225.0
2026-07-03 14:00:00,2962.0,2964.0,2962.0,2962.0,9715.0,1828225.0,1829194.0
2026-07-03 14:05:00,2962.0,2964.0,2958.0,2960.0,30983.0,1829194.0,1831479.0
2026-07-03 14:10:00,2960.0,2961.0,2959.0,2959.0,7812.0,1831479.0,1831742.0
2026-07-03 14:15:00,2959.0,2961.0,2959.0,2960.0,8722.0,1831742.0,1831895.0
2026-07-03 14:20:00,2960.0,2961.0,2957.0,2958.0,17149.0,1831895.0,1830610.0
2026-07-03 14:25:00,2958.0,2959.0,2957.0,2958.0,8761.0,1830610.0,1830546.0
2026-07-03 14:30:00,2958.0,2960.0,2957.0,2958.0,11609.0,1830546.0,1830970.0
2026-07-03 14:35:00,2958.0,2962.0,2957.0,2962.0,14660.0,1830970.0,1827082.0
2026-07-03 14:40:00,2962.0,2963.0,2959.0,2960.0,11880.0,1827082.0,1826621.0
2026-07-03 14:45:00,2960.0,2965.0,2959.0,2964.0,25955.0,1826621.0,1830274.0
2026-07-03 14:50:00,2964.0,2964.0,2960.0,2962.0,16305.0,1830274.0,1833041.0
2026-07-03 14:55:00,2962.0,2963.0,2959.0,2962.0,19291.0,1833041.0,1831847.0
2026-07-03 21:00:00,2962.0,2968.0,2960.0,2968.0,43054.0,1831847.0,1830300.0
2026-07-03 21:05:00,2968.0,2969.0,2966.0,2967.0,16413.0,1830300.0,1828988.0
2026-07-03 21:10:00,2967.0,2970.0,2966.0,2969.0,11735.0,1828988.0,1827783.0
2026-07-03 21:15:00,2969.0,2970.0,2968.0,2969.0,7801.0,1827783.0,1827193.0
2026-07-03 21:20:00,2969.0,2971.0,2967.0,2971.0,7226.0,1827193.0,1826902.0
2026-07-03 21:25:00,2971.0,2971.0,2969.0,2970.0,5557.0,1826902.0,1826675.0
2026-07-03 21:30:00,2970.0,2972.0,2970.0,2970.0,7997.0,1826675.0,1826318.0
2026-07-03 21:35:00,2970.0,2972.0,2969.0,2971.0,4890.0,1826318.0,1825914.0
2026-07-03 21:40:00,2971.0,2971.0,2969.0,2970.0,2950.0,1825914.0,1826326.0
2026-07-03 21:45:00,2970.0,2971.0,2969.0,2971.0,2506.0,1826326.0,1826116.0
2026-07-03 21:50:00,2971.0,2972.0,2970.0,2972.0,2747.0,1826116.0,1826243.0
2026-07-03 21:55:00,2972.0,2972.0,2971.0,2972.0,4097.0,1826243.0,1825945.0
2026-07-03 22:00:00,2972.0,2974.0,2970.0,2973.0,7051.0,1825945.0,1825873.0
2026-07-03 22:05:00,2973.0,2974.0,2971.0,2971.0,8120.0,1825873.0,1826302.0
2026-07-03 22:10:00,2971.0,2971.0,2969.0,2969.0,6518.0,1826302.0,1826909.0
2026-07-03 22:15:00,2969.0,2970.0,2969.0,2969.0,1565.0,1826909.0,1826737.0
2026-07-03 22:20:00,2969.0,2970.0,2967.0,2967.0,7342.0,1826737.0,1827412.0
2026-07-03 22:25:00,2967.0,2968.0,2964.0,2965.0,9324.0,1827412.0,1829021.0
2026-07-03 22:30:00,2965.0,2968.0,2965.0,2968.0,3520.0,1829021.0,1829282.0
2026-07-03 22:35:00,2968.0,2969.0,2967.0,2969.0,3967.0,1829282.0,1828662.0
2026-07-03 22:40:00,2969.0,2972.0,2968.0,2972.0,5924.0,1828662.0,1827069.0
2026-07-03 22:45:00,2972.0,2972.0,2969.0,2970.0,2522.0,1827069.0,1826571.0
2026-07-03 22:50:00,2970.0,2970.0,2969.0,2970.0,1840.0,1826571.0,1826402.0
2026-07-03 22:55:00,2970.0,2971.0,2969.0,2971.0,6151.0,1826402.0,1824894.0
2026-07-06 09:00:00,2985.0,2999.0,2985.0,2996.0,106730.0,1824894.0,1825215.0
2026-07-06 09:05:00,2996.0,3000.0,2993.0,3000.0,52355.0,1825215.0,1826447.0
2026-07-06 09:10:00,3000.0,3006.0,2999.0,3005.0,56609.0,1826447.0,1831168.0
2026-07-06 09:15:00,3005.0,3009.0,3003.0,3007.0,35544.0,1831168.0,1830950.0
2026-07-06 09:20:00,3007.0,3009.0,3002.0,3003.0,32167.0,1830950.0,1831809.0
2026-07-06 09:25:00,3003.0,3005.0,3002.0,3004.0,20639.0,1831809.0,1832506.0
2026-07-06 09:30:00,3004.0,3014.0,3004.0,3012.0,50919.0,1832506.0,1829478.0
2026-07-06 09:35:00,3012.0,3015.0,3010.0,3012.0,28649.0,1829478.0,1827628.0
2026-07-06 09:40:00,3012.0,3014.0,3011.0,3013.0,16170.0,1827628.0,1828180.0
2026-07-06 09:45:00,3013.0,3015.0,3013.0,3014.0,13869.0,1828180.0,1830356.0
2026-07-06 09:50:00,3014.0,3015.0,3011.0,3011.0,13688.0,1830356.0,1829595.0
2026-07-06 09:55:00,3011.0,3013.0,3009.0,3013.0,21460.0,1829595.0,1831890.0
2026-07-06 10:00:00,3013.0,3022.0,3012.0,3019.0,53280.0,1831890.0,1834104.0
2026-07-06 10:05:00,3019.0,3021.0,3016.0,3018.0,24583.0,1834104.0,1831516.0
2026-07-06 10:10:00,3018.0,3021.0,3018.0,3020.0,19610.0,1831516.0,1831802.0
2026-07-06 10:30:00,3018.0,3022.0,3017.0,3021.0,27166.0,1831802.0,1827720.0
2026-07-06 10:35:00,3021.0,3025.0,3020.0,3022.0,22869.0,1827720.0,1832877.0
2026-07-06 10:40:00,3022.0,3025.0,3021.0,3022.0,18891.0,1832877.0,1833184.0
2026-07-06 10:45:00,3022.0,3024.0,3017.0,3017.0,18862.0,1833184.0,1833185.0
2026-07-06 10:50:00,3017.0,3019.0,3015.0,3017.0,19487.0,1833185.0,1832697.0
2026-07-06 10:55:00,3017.0,3018.0,3015.0,3017.0,11436.0,1832697.0,1833043.0
2026-07-06 11:00:00,3017.0,3018.0,3016.0,3017.0,7555.0,1833043.0,1833855.0
2026-07-06 11:05:00,3017.0,3022.0,3016.0,3022.0,15299.0,1833855.0,1835839.0
2026-07-06 11:10:00,3022.0,3022.0,3020.0,3022.0,6483.0,1835839.0,1836281.0
2026-07-06 11:15:00,3022.0,3022.0,3019.0,3020.0,9399.0,1836281.0,1837077.0
2026-07-06 11:20:00,3020.0,3021.0,3019.0,3020.0,4518.0,1837077.0,1838215.0
2026-07-06 11:25:00,3020.0,3021.0,3018.0,3019.0,7551.0,1838215.0,1837962.0
2026-07-06 13:30:00,3019.0,3022.0,3019.0,3021.0,15140.0,1837962.0,1839425.0
2026-07-06 13:35:00,3021.0,3022.0,3019.0,3022.0,12987.0,1839425.0,1841089.0
2026-07-06 13:40:00,3022.0,3022.0,3017.0,3019.0,10470.0,1841089.0,1842754.0
2026-07-06 13:45:00,3019.0,3021.0,3018.0,3021.0,5209.0,1842754.0,1843234.0
2026-07-06 13:50:00,3021.0,3024.0,3020.0,3023.0,7801.0,1843234.0,1845033.0
2026-07-06 13:55:00,3023.0,3024.0,3022.0,3022.0,9539.0,1845033.0,1845771.0
2026-07-06 14:00:00,3022.0,3024.0,3022.0,3023.0,6935.0,1845771.0,1846721.0
2026-07-06 14:05:00,3023.0,3024.0,3022.0,3023.0,5015.0,1846721.0,1846658.0
2026-07-06 14:10:00,3023.0,3024.0,3022.0,3022.0,6390.0,1846658.0,1847303.0
2026-07-06 14:15:00,3022.0,3024.0,3022.0,3024.0,4438.0,1847303.0,1847302.0
2026-07-06 14:20:00,3024.0,3024.0,3023.0,3024.0,3033.0,1847302.0,1847707.0
2026-07-06 14:25:00,3024.0,3025.0,3023.0,3024.0,13776.0,1847707.0,1850987.0
2026-07-06 14:30:00,3024.0,3025.0,3021.0,3021.0,10067.0,1850987.0,1851483.0
2026-07-06 14:35:00,3021.0,3023.0,3021.0,3023.0,11219.0,1851483.0,1852457.0
2026-07-06 14:40:00,3023.0,3023.0,3020.0,3022.0,13253.0,1852457.0,1851081.0
2026-07-06 14:45:00,3022.0,3025.0,3021.0,3025.0,12703.0,1851081.0,1852202.0
2026-07-06 14:50:00,3025.0,3026.0,3023.0,3025.0,28230.0,1852202.0,1853955.0
2026-07-06 14:55:00,3025.0,3026.0,3024.0,3026.0,31180.0,1853955.0,1852572.0
2026-07-06 21:00:00,3039.0,3043.0,3033.0,3034.0,89852.0,1852572.0,1866775.0
2026-07-06 21:05:00,3034.0,3038.0,3031.0,3033.0,31450.0,1866775.0,1872080.0
2026-07-06 21:10:00,3033.0,3036.0,3030.0,3036.0,25655.0,1872080.0,1874515.0
2026-07-06 21:15:00,3036.0,3040.0,3033.0,3039.0,26828.0,1874515.0,1877179.0
2026-07-06 21:20:00,3039.0,3042.0,3037.0,3040.0,26857.0,1877179.0,1881602.0
2026-07-06 21:25:00,3040.0,3041.0,3037.0,3038.0,12237.0,1881602.0,1882324.0
2026-07-06 21:30:00,3038.0,3038.0,3031.0,3032.0,28134.0,1882324.0,1883016.0
2026-07-06 21:35:00,3032.0,3036.0,3031.0,3036.0,18182.0,1883016.0,1882359.0
2026-07-06 21:40:00,3036.0,3038.0,3035.0,3036.0,8655.0,1882359.0,1882621.0
2026-07-06 21:45:00,3036.0,3039.0,3035.0,3038.0,12507.0,1882621.0,1884563.0
2026-07-06 21:50:00,3038.0,3040.0,3036.0,3038.0,9285.0,1884563.0,1886267.0
2026-07-06 21:55:00,3038.0,3042.0,3038.0,3039.0,13691.0,1886267.0,1887368.0
2026-07-06 22:00:00,3039.0,3040.0,3036.0,3037.0,8734.0,1887368.0,1887308.0
2026-07-06 22:05:00,3037.0,3039.0,3036.0,3037.0,5699.0,1887308.0,1887360.0
2026-07-06 22:10:00,3037.0,3042.0,3037.0,3040.0,9925.0,1887360.0,1887876.0
2026-07-06 22:15:00,3040.0,3043.0,3039.0,3043.0,8392.0,1887876.0,1889484.0
2026-07-06 22:20:00,3043.0,3044.0,3040.0,3040.0,14801.0,1889484.0,1889338.0
2026-07-06 22:25:00,3040.0,3042.0,3039.0,3040.0,7140.0,1889338.0,1888377.0
2026-07-06 22:30:00,3040.0,3041.0,3037.0,3041.0,8672.0,1888377.0,1888155.0
2026-07-06 22:35:00,3041.0,3043.0,3040.0,3042.0,5763.0,1888155.0,1888908.0
2026-07-06 22:40:00,3042.0,3042.0,3040.0,3041.0,3279.0,1888908.0,1888274.0
2026-07-06 22:45:00,3041.0,3042.0,3038.0,3040.0,8952.0,1888274.0,1888440.0
2026-07-06 22:50:00,3040.0,3041.0,3038.0,3041.0,8204.0,1888440.0,1888325.0
2026-07-06 22:55:00,3041.0,3045.0,3040.0,3044.0,20555.0,1888325.0,1887238.0
2026-07-07 09:00:00,3040.0,3040.0,3033.0,3036.0,63138.0,1887238.0,1887644.0
2026-07-07 09:05:00,3036.0,3038.0,3031.0,3035.0,29407.0,1887644.0,1886947.0
2026-07-07 09:10:00,3035.0,3039.0,3033.0,3037.0,16343.0,1886947.0,1886901.0
2026-07-07 09:15:00,3037.0,3038.0,3033.0,3036.0,11520.0,1886901.0,1888489.0
2026-07-07 09:20:00,3036.0,3037.0,3034.0,3035.0,13428.0,1888489.0,1888338.0
2026-07-07 09:25:00,3035.0,3037.0,3034.0,3036.0,11664.0,1888338.0,1889854.0
2026-07-07 09:30:00,3036.0,3038.0,3034.0,3037.0,12872.0,1889854.0,1890561.0
2026-07-07 09:35:00,3037.0,3037.0,3034.0,3036.0,14792.0,1890561.0,1889972.0
2026-07-07 09:40:00,3036.0,3038.0,3035.0,3036.0,10823.0,1889972.0,1888992.0
2026-07-07 09:45:00,3036.0,3040.0,3034.0,3039.0,17395.0,1888992.0,1885784.0
2026-07-07 09:50:00,3039.0,3040.0,3036.0,3037.0,20062.0,1885784.0,1884451.0
2026-07-07 09:55:00,3037.0,3037.0,3034.0,3037.0,13234.0,1884451.0,1884191.0
2026-07-07 10:00:00,3037.0,3041.0,3035.0,3040.0,19853.0,1884191.0,1883725.0
2026-07-07 10:05:00,3040.0,3042.0,3039.0,3040.0,9570.0,1883725.0,1884522.0
2026-07-07 10:10:00,3040.0,3044.0,3040.0,3043.0,15655.0,1884522.0,1886403.0
2026-07-07 10:30:00,3043.0,3045.0,3041.0,3043.0,16759.0,1886403.0,1886708.0
2026-07-07 10:35:00,3043.0,3045.0,3040.0,3040.0,11190.0,1886708.0,1886229.0
2026-07-07 10:40:00,3040.0,3042.0,3039.0,3042.0,10780.0,1886229.0,1884418.0
2026-07-07 10:45:00,3042.0,3044.0,3040.0,3041.0,8587.0,1884418.0,1884009.0
2026-07-07 10:50:00,3041.0,3042.0,3039.0,3042.0,7623.0,1884009.0,1884141.0
2026-07-07 10:55:00,3042.0,3043.0,3041.0,3042.0,5248.0,1884141.0,1884190.0
2026-07-07 11:00:00,3042.0,3043.0,3042.0,3043.0,2948.0,1884190.0,1883733.0
2026-07-07 11:05:00,3043.0,3043.0,3036.0,3039.0,16947.0,1883733.0,1882894.0
2026-07-07 11:10:00,3039.0,3040.0,3037.0,3039.0,8956.0,1882894.0,1883886.0
2026-07-07 11:15:00,3039.0,3039.0,3038.0,3038.0,3706.0,1883886.0,1883529.0
2026-07-07 11:20:00,3038.0,3040.0,3037.0,3039.0,5970.0,1883529.0,1883372.0
2026-07-07 11:25:00,3039.0,3039.0,3037.0,3039.0,5231.0,1883372.0,1882008.0
2026-07-07 13:30:00,3038.0,3039.0,3034.0,3036.0,24044.0,1882008.0,1880485.0
2026-07-07 13:35:00,3036.0,3038.0,3035.0,3036.0,9127.0,1880485.0,1880418.0
2026-07-07 13:40:00,3036.0,3038.0,3036.0,3037.0,8288.0,1880418.0,1881031.0
2026-07-07 13:45:00,3037.0,3038.0,3036.0,3038.0,5678.0,1881031.0,1881622.0
2026-07-07 13:50:00,3038.0,3038.0,3035.0,3036.0,9487.0,1881622.0,1881646.0
2026-07-07 13:55:00,3036.0,3040.0,3036.0,3038.0,12006.0,1881646.0,1881758.0
2026-07-07 14:00:00,3038.0,3038.0,3035.0,3038.0,6244.0,1881758.0,1881911.0
2026-07-07 14:05:00,3038.0,3038.0,3036.0,3038.0,6750.0,1881911.0,1881874.0
2026-07-07 14:10:00,3038.0,3039.0,3036.0,3037.0,9513.0,1881874.0,1881785.0
2026-07-07 14:15:00,3037.0,3042.0,3036.0,3040.0,14962.0,1881785.0,1883242.0
2026-07-07 14:20:00,3040.0,3042.0,3040.0,3042.0,6123.0,1883242.0,1884374.0
2026-07-07 14:25:00,3042.0,3046.0,3041.0,3046.0,19387.0,1884374.0,1888129.0
2026-07-07 14:30:00,3046.0,3046.0,3043.0,3044.0,17484.0,1888129.0,1888198.0
2026-07-07 14:35:00,3044.0,3045.0,3042.0,3044.0,13978.0,1888198.0,1890874.0
2026-07-07 14:40:00,3044.0,3045.0,3042.0,3045.0,10135.0,1890874.0,1891179.0
2026-07-07 14:45:00,3045.0,3046.0,3044.0,3045.0,11096.0,1891179.0,1890423.0
2026-07-07 14:50:00,3045.0,3045.0,3043.0,3044.0,14820.0,1890423.0,1892325.0
2026-07-07 14:55:00,3044.0,3045.0,3042.0,3045.0,20798.0,1892325.0,1893351.0
2026-07-07 21:00:00,3045.0,3046.0,3038.0,3043.0,57165.0,1893351.0,1889810.0
2026-07-07 21:05:00,3043.0,3048.0,3043.0,3047.0,32654.0,1889810.0,1895995.0
2026-07-07 21:10:00,3047.0,3054.0,3045.0,3050.0,45776.0,1895995.0,1901136.0
2026-07-07 21:15:00,3050.0,3052.0,3049.0,3049.0,15273.0,1901136.0,1902569.0
2026-07-07 21:20:00,3049.0,3053.0,3049.0,3051.0,15332.0,1902569.0,1905531.0
2026-07-07 21:25:00,3051.0,3052.0,3048.0,3050.0,11318.0,1905531.0,1908095.0
2026-07-07 21:30:00,3050.0,3051.0,3045.0,3049.0,24303.0,1908095.0,1905034.0
2026-07-07 21:35:00,3049.0,3051.0,3046.0,3049.0,11474.0,1905034.0,1905959.0
2026-07-07 21:40:00,3049.0,3050.0,3044.0,3045.0,13252.0,1905959.0,1904967.0
2026-07-07 21:45:00,3045.0,3045.0,3038.0,3039.0,31110.0,1904967.0,1903728.0
2026-07-07 21:50:00,3039.0,3040.0,3036.0,3037.0,31015.0,1903728.0,1906852.0
2026-07-07 21:55:00,3037.0,3041.0,3035.0,3039.0,23073.0,1906852.0,1907172.0
2026-07-07 22:00:00,3039.0,3040.0,3035.0,3036.0,11981.0,1907172.0,1905462.0
2026-07-07 22:05:00,3036.0,3037.0,3033.0,3035.0,19451.0,1905462.0,1908326.0
2026-07-07 22:10:00,3035.0,3037.0,3032.0,3037.0,13991.0,1908326.0,1908747.0
2026-07-07 22:15:00,3037.0,3037.0,3034.0,3034.0,5920.0,1908747.0,1909057.0
2026-07-07 22:20:00,3034.0,3035.0,3032.0,3034.0,6968.0,1909057.0,1909579.0
2026-07-07 22:25:00,3034.0,3034.0,3031.0,3033.0,15170.0,1909579.0,1911527.0
2026-07-07 22:30:00,3033.0,3034.0,3029.0,3031.0,12749.0,1911527.0,1910752.0
2026-07-07 22:35:00,3031.0,3031.0,3027.0,3029.0,17627.0,1910752.0,1910776.0
2026-07-07 22:40:00,3029.0,3032.0,3028.0,3031.0,11262.0,1910776.0,1909993.0
2026-07-07 22:45:00,3031.0,3031.0,3030.0,3030.0,2804.0,1909993.0,1909912.0
2026-07-07 22:50:00,3030.0,3033.0,3030.0,3032.0,8523.0,1909912.0,1909015.0
2026-07-07 22:55:00,3032.0,3033.0,3031.0,3032.0,8196.0,1909015.0,1905290.0
2026-07-08 09:00:00,3038.0,3044.0,3037.0,3039.0,39059.0,1905290.0,1901605.0
2026-07-08 09:05:00,3039.0,3042.0,3037.0,3040.0,15747.0,1901605.0,1900781.0
2026-07-08 09:10:00,3040.0,3045.0,3040.0,3042.0,19919.0,1900781.0,1900734.0
2026-07-08 09:15:00,3042.0,3044.0,3041.0,3043.0,12088.0,1900734.0,1902545.0
2026-07-08 09:20:00,3043.0,3045.0,3043.0,3043.0,7129.0,1902545.0,1903886.0
2026-07-08 09:25:00,3043.0,3046.0,3043.0,3044.0,13520.0,1903886.0,1904940.0
2026-07-08 09:30:00,3044.0,3047.0,3044.0,3045.0,8326.0,1904940.0,1906087.0
2026-07-08 09:35:00,3045.0,3046.0,3044.0,3045.0,8751.0,1906087.0,1905232.0
2026-07-08 09:40:00,3045.0,3048.0,3045.0,3046.0,11121.0,1905232.0,1905533.0
2026-07-08 09:45:00,3046.0,3048.0,3045.0,3047.0,6931.0,1905533.0,1905077.0
2026-07-08 09:50:00,3047.0,3049.0,3046.0,3048.0,6315.0,1905077.0,1905418.0
2026-07-08 09:55:00,3048.0,3050.0,3047.0,3048.0,10229.0,1905418.0,1905871.0
2026-07-08 10:00:00,3048.0,3051.0,3048.0,3050.0,9901.0,1905871.0,1907769.0
2026-07-08 10:05:00,3050.0,3053.0,3050.0,3050.0,15804.0,1907769.0,1909466.0
2026-07-08 10:10:00,3050.0,3052.0,3048.0,3049.0,10550.0,1909466.0,1908920.0
2026-07-08 10:30:00,3048.0,3052.0,3047.0,3052.0,13458.0,1908920.0,1906942.0
2026-07-08 10:35:00,3052.0,3052.0,3048.0,3050.0,11857.0,1906942.0,1909010.0
2026-07-08 10:40:00,3050.0,3053.0,3050.0,3051.0,9358.0,1909010.0,1911271.0
2026-07-08 10:45:00,3051.0,3055.0,3049.0,3050.0,16596.0,1911271.0,1911466.0
2026-07-08 10:50:00,3050.0,3053.0,3050.0,3052.0,5760.0,1911466.0,1911792.0
2026-07-08 10:55:00,3052.0,3055.0,3051.0,3053.0,10608.0,1911792.0,1911464.0
2026-07-08 11:00:00,3053.0,3054.0,3052.0,3053.0,7008.0,1911464.0,1910240.0
2026-07-08 11:05:00,3053.0,3054.0,3049.0,3053.0,14973.0,1910240.0,1909231.0
2026-07-08 11:10:00,3053.0,3054.0,3050.0,3052.0,6389.0,1909231.0,1908861.0
2026-07-08 11:15:00,3052.0,3054.0,3051.0,3054.0,4891.0,1908861.0,1908097.0
2026-07-08 11:20:00,3054.0,3054.0,3051.0,3054.0,12148.0,1908097.0,1908583.0
2026-07-08 11:25:00,3054.0,3057.0,3053.0,3056.0,15497.0,1908583.0,1908809.0
2026-07-08 13:30:00,3057.0,3059.0,3055.0,3057.0,23083.0,1908809.0,1908026.0
2026-07-08 13:35:00,3057.0,3059.0,3053.0,3056.0,16262.0,1908026.0,1907744.0
2026-07-08 13:40:00,3056.0,3057.0,3051.0,3052.0,12267.0,1907744.0,1908007.0
2026-07-08 13:45:00,3052.0,3054.0,3051.0,3053.0,10282.0,1908007.0,1907763.0
2026-07-08 13:50:00,3053.0,3057.0,3053.0,3055.0,11986.0,1907763.0,1909200.0
2026-07-08 13:55:00,3055.0,3055.0,3052.0,3055.0,5506.0,1909200.0,1909725.0
2026-07-08 14:00:00,3055.0,3055.0,3052.0,3052.0,8461.0,1909725.0,1909131.0
2026-07-08 14:05:00,3052.0,3053.0,3051.0,3051.0,9272.0,1909131.0,1908645.0
2026-07-08 14:10:00,3051.0,3053.0,3050.0,3053.0,9616.0,1908645.0,1909663.0
2026-07-08 14:15:00,3053.0,3055.0,3052.0,3055.0,6692.0,1909663.0,1910536.0
2026-07-08 14:20:00,3055.0,3055.0,3053.0,3055.0,7230.0,1910536.0,1911585.0
2026-07-08 14:25:00,3055.0,3055.0,3053.0,3055.0,5143.0,1911585.0,1911028.0
2026-07-08 14:30:00,3055.0,3056.0,3051.0,3051.0,14048.0,1911028.0,1913821.0
2026-07-08 14:35:00,3051.0,3052.0,3047.0,3049.0,18333.0,1913821.0,1911192.0
2026-07-08 14:40:00,3049.0,3051.0,3048.0,3050.0,13908.0,1911192.0,1910411.0
2026-07-08 14:45:00,3050.0,3053.0,3048.0,3050.0,13040.0,1910411.0,1912457.0
2026-07-08 14:50:00,3050.0,3052.0,3049.0,3052.0,11116.0,1912457.0,1913004.0
2026-07-08 14:55:00,3052.0,3053.0,3051.0,3051.0,27415.0,1913004.0,1915914.0
2026-07-08 21:00:00,3058.0,3061.0,3055.0,3059.0,53382.0,1915914.0,1917639.0
2026-07-08 21:05:00,3059.0,3061.0,3057.0,3059.0,27691.0,1917639.0,1917616.0
2026-07-08 21:10:00,3059.0,3060.0,3057.0,3057.0,17216.0,1917616.0,1917863.0
2026-07-08 21:15:00,3057.0,3058.0,3053.0,3054.0,21672.0,1917863.0,1921000.0
2026-07-08 21:20:00,3054.0,3055.0,3050.0,3051.0,18217.0,1921000.0,1919930.0
2026-07-08 21:25:00,3051.0,3053.0,3049.0,3051.0,10771.0,1919930.0,1920437.0
2026-07-08 21:30:00,3051.0,3055.0,3050.0,3051.0,18525.0,1920437.0,1919750.0
2026-07-08 21:35:00,3051.0,3054.0,3049.0,3054.0,12421.0,1919750.0,1920065.0
2026-07-08 21:40:00,3054.0,3054.0,3048.0,3049.0,11624.0,1920065.0,1922150.0
2026-07-08 21:45:00,3049.0,3051.0,3046.0,3051.0,18515.0,1922150.0,1924122.0
2026-07-08 21:50:00,3051.0,3054.0,3050.0,3054.0,10549.0,1924122.0,1925181.0
2026-07-08 21:55:00,3054.0,3059.0,3053.0,3059.0,13675.0,1925181.0,1926247.0
2026-07-08 22:00:00,3059.0,3059.0,3055.0,3056.0,13538.0,1926247.0,1926550.0
2026-07-08 22:05:00,3056.0,3057.0,3054.0,3056.0,5761.0,1926550.0,1927493.0
2026-07-08 22:10:00,3056.0,3056.0,3054.0,3055.0,3024.0,1927493.0,1927973.0
2026-07-08 22:15:00,3055.0,3058.0,3054.0,3055.0,9361.0,1927973.0,1927580.0
2026-07-08 22:20:00,3055.0,3057.0,3053.0,3055.0,5436.0,1927580.0,1927064.0
2026-07-08 22:25:00,3055.0,3062.0,3055.0,3061.0,11592.0,1927064.0,1928114.0
2026-07-08 22:30:00,3061.0,3061.0,3058.0,3061.0,15187.0,1928114.0,1928848.0
2026-07-08 22:35:00,3061.0,3063.0,3057.0,3057.0,12584.0,1928848.0,1929721.0
2026-07-08 22:40:00,3057.0,3059.0,3056.0,3057.0,6545.0,1929721.0,1930164.0
2026-07-08 22:45:00,3057.0,3058.0,3055.0,3058.0,5305.0,1930164.0,1929441.0
2026-07-08 22:50:00,3058.0,3058.0,3056.0,3056.0,2493.0,1929441.0,1929509.0
2026-07-08 22:55:00,3056.0,3059.0,3056.0,3057.0,13057.0,1929509.0,1927574.0
2026-07-09 09:00:00,3045.0,3052.0,3043.0,3049.0,47496.0,1927574.0,1920676.0
2026-07-09 09:05:00,3049.0,3052.0,3048.0,3050.0,13358.0,1920676.0,1922771.0
2026-07-09 09:10:00,3050.0,3052.0,3049.0,3052.0,9288.0,1922771.0,1923335.0
2026-07-09 09:15:00,3052.0,3053.0,3050.0,3053.0,6457.0,1923335.0,1923505.0
2026-07-09 09:20:00,3053.0,3054.0,3049.0,3051.0,16138.0,1923505.0,1923360.0
2026-07-09 09:25:00,3051.0,3054.0,3050.0,3054.0,6162.0,1923360.0,1924053.0
2026-07-09 09:30:00,3054.0,3054.0,3050.0,3053.0,9660.0,1924053.0,1922886.0
2026-07-09 09:35:00,3053.0,3053.0,3050.0,3051.0,5791.0,1922886.0,1922879.0
2026-07-09 09:40:00,3051.0,3054.0,3051.0,3052.0,10025.0,1922879.0,1922074.0
2026-07-09 09:45:00,3052.0,3054.0,3052.0,3053.0,3174.0,1922074.0,1922383.0
2026-07-09 09:50:00,3053.0,3058.0,3053.0,3057.0,11895.0,1922383.0,1924416.0
2026-07-09 09:55:00,3057.0,3058.0,3054.0,3055.0,10555.0,1924416.0,1925413.0
2026-07-09 10:00:00,3055.0,3056.0,3053.0,3055.0,4621.0,1925413.0,1926274.0
2026-07-09 10:05:00,3055.0,3057.0,3052.0,3053.0,6575.0,1926274.0,1926083.0
2026-07-09 10:10:00,3053.0,3055.0,3051.0,3055.0,6591.0,1926083.0,1925671.0
2026-07-09 10:30:00,3055.0,3057.0,3052.0,3053.0,10229.0,1925671.0,1924446.0
2026-07-09 10:35:00,3053.0,3054.0,3052.0,3053.0,5912.0,1924446.0,1924173.0
2026-07-09 10:40:00,3053.0,3054.0,3050.0,3051.0,7330.0,1924173.0,1924955.0
2026-07-09 10:45:00,3051.0,3052.0,3050.0,3050.0,6447.0,1924955.0,1924136.0
2026-07-09 10:50:00,3050.0,3051.0,3044.0,3044.0,22018.0,1924136.0,1919792.0
2026-07-09 10:55:00,3044.0,3045.0,3038.0,3042.0,41073.0,1919792.0,1913405.0
2026-07-09 11:00:00,3042.0,3043.0,3039.0,3041.0,25300.0,1913405.0,1913849.0
2026-07-09 11:05:00,3041.0,3041.0,3037.0,3038.0,17531.0,1913849.0,1914519.0
2026-07-09 11:10:00,3038.0,3039.0,3035.0,3037.0,27277.0,1914519.0,1910095.0
2026-07-09 11:15:00,3037.0,3040.0,3035.0,3040.0,20272.0,1910095.0,1909062.0
2026-07-09 11:20:00,3040.0,3042.0,3036.0,3037.0,20165.0,1909062.0,1907763.0
2026-07-09 11:25:00,3037.0,3038.0,3035.0,3036.0,12132.0,1907763.0,1907079.0
2026-07-09 13:30:00,3037.0,3038.0,3034.0,3035.0,20865.0,1907079.0,1904871.0
2026-07-09 13:35:00,3035.0,3040.0,3035.0,3039.0,9833.0,1904871.0,1905555.0
2026-07-09 13:40:00,3039.0,3046.0,3038.0,3043.0,15714.0,1905555.0,1904720.0
2026-07-09 13:45:00,3043.0,3048.0,3043.0,3047.0,14618.0,1904720.0,1903914.0
2026-07-09 13:50:00,3047.0,3051.0,3046.0,3049.0,19134.0,1903914.0,1906427.0
2026-07-09 13:55:00,3049.0,3050.0,3047.0,3049.0,10568.0,1906427.0,1907935.0
2026-07-09 14:00:00,3049.0,3053.0,3048.0,3053.0,15443.0,1907935.0,1909476.0
2026-07-09 14:05:00,3053.0,3054.0,3051.0,3051.0,10590.0,1909476.0,1912093.0
2026-07-09 14:10:00,3051.0,3052.0,3050.0,3050.0,5342.0,1912093.0,1911321.0
2026-07-09 14:15:00,3050.0,3054.0,3050.0,3050.0,10223.0,1911321.0,1912537.0
2026-07-09 14:20:00,3050.0,3051.0,3049.0,3050.0,4569.0,1912537.0,1912306.0
2026-07-09 14:25:00,3050.0,3051.0,3048.0,3049.0,5854.0,1912306.0,1912714.0
2026-07-09 14:30:00,3049.0,3051.0,3048.0,3049.0,9523.0,1912714.0,1910780.0
2026-07-09 14:35:00,3049.0,3052.0,3047.0,3051.0,10031.0,1910780.0,1909341.0
2026-07-09 14:40:00,3051.0,3052.0,3050.0,3052.0,4380.0,1909341.0,1909427.0
2026-07-09 14:45:00,3052.0,3054.0,3051.0,3053.0,13521.0,1909427.0,1910108.0
2026-07-09 14:50:00,3053.0,3054.0,3051.0,3052.0,7764.0,1910108.0,1910413.0
2026-07-09 14:55:00,3052.0,3052.0,3050.0,3052.0,22388.0,1910413.0,1908535.0
2026-07-09 21:00:00,3043.0,3049.0,3041.0,3049.0,50591.0,1908535.0,1910167.0
2026-07-09 21:05:00,3049.0,3051.0,3047.0,3049.0,19285.0,1910167.0,1914969.0
2026-07-09 21:10:00,3049.0,3053.0,3048.0,3051.0,19104.0,1914969.0,1917736.0
2026-07-09 21:15:00,3051.0,3053.0,3049.0,3051.0,17672.0,1917736.0,1920671.0
2026-07-09 21:20:00,3051.0,3053.0,3050.0,3052.0,11359.0,1920671.0,1922122.0
2026-07-09 21:25:00,3052.0,3054.0,3051.0,3051.0,12096.0,1922122.0,1923318.0
2026-07-09 21:30:00,3051.0,3058.0,3051.0,3052.0,26506.0,1923318.0,1925724.0
2026-07-09 21:35:00,3052.0,3052.0,3049.0,3049.0,11808.0,1925724.0,1924845.0
2026-07-09 21:40:00,3049.0,3050.0,3042.0,3044.0,25931.0,1924845.0,1921617.0
2026-07-09 21:45:00,3044.0,3048.0,3043.0,3046.0,14037.0,1921617.0,1923153.0
2026-07-09 21:50:00,3046.0,3046.0,3043.0,3045.0,7249.0,1923153.0,1922507.0
2026-07-09 21:55:00,3045.0,3045.0,3044.0,3045.0,5858.0,1922507.0,1922923.0
2026-07-09 22:00:00,3045.0,3045.0,3040.0,3041.0,11837.0,1922923.0,1923057.0
2026-07-09 22:05:00,3041.0,3044.0,3041.0,3041.0,10506.0,1923057.0,1921629.0
2026-07-09 22:10:00,3041.0,3042.0,3040.0,3041.0,6481.0,1921629.0,1921169.0
2026-07-09 22:15:00,3041.0,3045.0,3041.0,3045.0,5759.0,1921169.0,1920963.0
2026-07-09 22:20:00,3045.0,3046.0,3044.0,3046.0,8910.0,1920963.0,1921031.0
2026-07-09 22:25:00,3046.0,3048.0,3045.0,3047.0,10576.0,1921031.0,1922089.0
2026-07-09 22:30:00,3047.0,3050.0,3046.0,3049.0,11168.0,1922089.0,1923207.0
2026-07-09 22:35:00,3049.0,3049.0,3046.0,3048.0,5670.0,1923207.0,1923006.0
2026-07-09 22:40:00,3048.0,3048.0,3046.0,3047.0,3398.0,1923006.0,1923680.0
2026-07-09 22:45:00,3047.0,3049.0,3046.0,3049.0,6461.0,1923680.0,1923120.0
2026-07-09 22:50:00,3049.0,3049.0,3048.0,3049.0,3040.0,1923120.0,1923850.0
2026-07-09 22:55:00,3049.0,3051.0,3048.0,3051.0,11664.0,1923850.0,1921337.0
2026-07-10 09:00:00,3045.0,3047.0,3041.0,3046.0,35176.0,1921337.0,1921535.0
2026-07-10 09:05:00,3046.0,3046.0,3040.0,3041.0,16181.0,1921535.0,1921261.0
2026-07-10 09:10:00,3041.0,3046.0,3041.0,3044.0,9928.0,1921261.0,1921888.0
2026-07-10 09:15:00,3044.0,3047.0,3044.0,3046.0,8594.0,1921888.0,1922901.0
2026-07-10 09:20:00,3046.0,3050.0,3045.0,3050.0,8458.0,1922901.0,1923162.0
2026-07-10 09:25:00,3050.0,3050.0,3048.0,3048.0,7089.0,1923162.0,1923173.0
2026-07-10 09:30:00,3048.0,3049.0,3047.0,3048.0,3847.0,1923173.0,1923567.0
2026-07-10 09:35:00,3048.0,3049.0,3047.0,3049.0,3081.0,1923567.0,1924176.0
2026-07-10 09:40:00,3049.0,3052.0,3048.0,3051.0,15323.0,1924176.0,1924776.0
2026-07-10 09:45:00,3051.0,3052.0,3049.0,3049.0,6629.0,1924776.0,1926196.0
2026-07-10 09:50:00,3049.0,3051.0,3047.0,3047.0,4922.0,1926196.0,1926741.0
2026-07-10 09:55:00,3047.0,3048.0,3043.0,3044.0,11803.0,1926741.0,1925969.0
2026-07-10 10:00:00,3044.0,3049.0,3044.0,3048.0,6114.0,1925969.0,1926451.0
2026-07-10 10:05:00,3048.0,3049.0,3046.0,3049.0,5329.0,1926451.0,1927165.0
2026-07-10 10:10:00,3049.0,3052.0,3048.0,3050.0,12592.0,1927165.0,1927851.0
2026-07-10 10:30:00,3050.0,3051.0,3047.0,3050.0,10347.0,1927851.0,1928576.0
2026-07-10 10:35:00,3050.0,3051.0,3048.0,3049.0,4921.0,1928576.0,1930100.0
2026-07-10 10:40:00,3049.0,3051.0,3047.0,3051.0,5838.0,1930100.0,1930724.0
2026-07-10 10:45:00,3051.0,3052.0,3048.0,3050.0,9418.0,1930724.0,1931993.0
2026-07-10 10:50:00,3050.0,3052.0,3049.0,3051.0,7080.0,1931993.0,1933685.0
2026-07-10 10:55:00,3051.0,3056.0,3050.0,3055.0,21186.0,1933685.0,1939358.0
2026-07-10 11:00:00,3055.0,3057.0,3052.0,3055.0,12898.0,1939358.0,1942546.0
2026-07-10 11:05:00,3055.0,3058.0,3054.0,3055.0,15265.0,1942546.0,1945826.0
2026-07-10 11:10:00,3055.0,3058.0,3055.0,3056.0,11837.0,1945826.0,1947931.0
2026-07-10 11:15:00,3056.0,3056.0,3052.0,3052.0,9484.0,1947931.0,1947588.0
2026-07-10 11:20:00,3052.0,3053.0,3046.0,3047.0,22040.0,1947588.0,1942120.0
2026-07-10 11:25:00,3047.0,3052.0,3046.0,3051.0,9267.0,1942120.0,1940528.0
2026-07-10 13:30:00,3052.0,3052.0,3050.0,3050.0,11322.0,1940528.0,1940079.0
2026-07-10 13:35:00,3050.0,3052.0,3048.0,3049.0,9206.0,1940079.0,1941312.0
2026-07-10 13:40:00,3049.0,3050.0,3048.0,3049.0,6801.0,1941312.0,1942206.0
2026-07-10 13:45:00,3049.0,3050.0,3047.0,3048.0,4092.0,1942206.0,1942111.0
2026-07-10 13:50:00,3048.0,3049.0,3046.0,3049.0,5563.0,1942111.0,1942038.0
2026-07-10 13:55:00,3049.0,3050.0,3046.0,3050.0,6106.0,1942038.0,1943283.0
2026-07-10 14:00:00,3050.0,3050.0,3047.0,3048.0,7602.0,1943283.0,1944158.0
2026-07-10 14:05:00,3048.0,3049.0,3046.0,3048.0,5709.0,1944158.0,1945954.0
2026-07-10 14:10:00,3048.0,3049.0,3046.0,3049.0,9541.0,1945954.0,1946391.0
2026-07-10 14:15:00,3049.0,3050.0,3047.0,3050.0,5285.0,1946391.0,1947607.0
2026-07-10 14:20:00,3050.0,3053.0,3049.0,3052.0,7249.0,1947607.0,1948676.0
2026-07-10 14:25:00,3052.0,3053.0,3052.0,3053.0,4556.0,1948676.0,1948980.0
2026-07-10 14:30:00,3053.0,3054.0,3050.0,3051.0,10433.0,1948980.0,1947722.0
2026-07-10 14:35:00,3051.0,3052.0,3049.0,3051.0,6495.0,1947722.0,1948724.0
2026-07-10 14:40:00,3051.0,3052.0,3050.0,3050.0,6595.0,1948724.0,1949180.0
2026-07-10 14:45:00,3050.0,3051.0,3047.0,3048.0,12867.0,1949180.0,1947915.0
2026-07-10 14:50:00,3048.0,3049.0,3047.0,3049.0,8382.0,1947915.0,1947180.0
2026-07-10 14:55:00,3049.0,3051.0,3047.0,3049.0,19737.0,1947180.0,1946907.0
2026-07-10 21:00:00,3055.0,3069.0,3052.0,3056.0,83502.0,1946907.0,1952808.0
2026-07-10 21:05:00,3056.0,3059.0,3056.0,3058.0,14773.0,1952808.0,1952450.0
2026-07-10 21:10:00,3058.0,3058.0,3052.0,3053.0,23830.0,1952450.0,1950267.0
2026-07-10 21:15:00,3053.0,3059.0,3052.0,3059.0,14639.0,1950267.0,1951476.0
2026-07-10 21:20:00,3059.0,3061.0,3057.0,3058.0,15890.0,1951476.0,1955143.0
2026-07-10 21:25:00,3058.0,3059.0,3053.0,3053.0,12844.0,1955143.0,1953921.0
2026-07-10 21:30:00,3053.0,3058.0,3053.0,3055.0,17040.0,1953921.0,1953368.0
2026-07-10 21:35:00,3055.0,3055.0,3048.0,3051.0,21327.0,1953368.0,1952939.0
2026-07-10 21:40:00,3051.0,3054.0,3050.0,3053.0,7286.0,1952939.0,1951613.0
2026-07-10 21:45:00,3053.0,3056.0,3053.0,3055.0,7198.0,1951613.0,1951852.0
2026-07-10 21:50:00,3055.0,3058.0,3054.0,3054.0,8108.0,1951852.0,1951820.0
2026-07-10 21:55:00,3054.0,3056.0,3053.0,3054.0,5481.0,1951820.0,1949931.0
2026-07-10 22:00:00,3054.0,3060.0,3054.0,3060.0,15001.0,1949931.0,1951579.0
2026-07-10 22:05:00,3060.0,3062.0,3058.0,3060.0,12930.0,1951579.0,1953773.0
2026-07-10 22:10:00,3060.0,3065.0,3059.0,3061.0,17254.0,1953773.0,1956552.0
2026-07-10 22:15:00,3061.0,3063.0,3060.0,3060.0,8312.0,1956552.0,1957792.0
2026-07-10 22:20:00,3060.0,3064.0,3060.0,3063.0,9365.0,1957792.0,1958818.0
2026-07-10 22:25:00,3063.0,3065.0,3062.0,3065.0,7131.0,1958818.0,1960763.0
2026-07-10 22:30:00,3065.0,3067.0,3062.0,3063.0,18615.0,1960763.0,1964382.0
2026-07-10 22:35:00,3063.0,3064.0,3061.0,3062.0,6738.0,1964382.0,1962586.0
2026-07-10 22:40:00,3062.0,3071.0,3061.0,3068.0,24017.0,1962586.0,1968049.0
2026-07-10 22:45:00,3068.0,3070.0,3065.0,3069.0,21733.0,1968049.0,1967763.0
2026-07-10 22:50:00,3069.0,3070.0,3067.0,3069.0,10088.0,1967763.0,1966849.0
2026-07-10 22:55:00,3069.0,3071.0,3067.0,3071.0,22171.0,1966849.0,1966634.0
2026-07-13 09:00:00,3087.0,3100.0,3079.0,3080.0,117328.0,1966634.0,1977684.0
2026-07-13 09:05:00,3080.0,3081.0,3075.0,3077.0,50917.0,1977684.0,1980929.0
2026-07-13 09:10:00,3077.0,3082.0,3073.0,3074.0,38400.0,1980929.0,1981068.0
2026-07-13 09:15:00,3074.0,3078.0,3073.0,3075.0,21105.0,1981068.0,1983258.0
2026-07-13 09:20:00,3075.0,3079.0,3074.0,3078.0,14074.0,1983258.0,1982409.0
2026-07-13 09:25:00,3078.0,3079.0,3073.0,3075.0,13776.0,1982409.0,1984325.0
2026-07-13 09:30:00,3075.0,3076.0,3071.0,3072.0,16824.0,1984325.0,1983304.0
2026-07-13 09:35:00,3072.0,3073.0,3065.0,3066.0,30054.0,1983304.0,1978693.0
2026-07-13 09:40:00,3066.0,3070.0,3060.0,3061.0,43910.0,1978693.0,1966605.0
2026-07-13 09:45:00,3061.0,3066.0,3060.0,3065.0,19660.0,1966605.0,1966631.0
2026-07-13 09:50:00,3065.0,3066.0,3062.0,3063.0,12383.0,1966631.0,1966702.0
2026-07-13 09:55:00,3063.0,3066.0,3062.0,3064.0,10158.0,1966702.0,1966351.0
2026-07-13 10:00:00,3064.0,3064.0,3062.0,3063.0,9786.0,1966351.0,1966510.0
2026-07-13 10:05:00,3063.0,3066.0,3057.0,3059.0,28153.0,1966510.0,1960318.0
2026-07-13 10:10:00,3059.0,3061.0,3058.0,3059.0,12222.0,1960318.0,1958169.0
2026-07-13 10:30:00,3058.0,3058.0,3052.0,3056.0,34194.0,1958169.0,1955176.0
2026-07-13 10:35:00,3056.0,3058.0,3055.0,3057.0,10238.0,1955176.0,1955080.0
2026-07-13 10:40:00,3057.0,3060.0,3056.0,3060.0,11176.0,1955080.0,1955805.0
2026-07-13 10:45:00,3060.0,3062.0,3056.0,3056.0,16301.0,1955805.0,1954923.0
2026-07-13 10:50:00,3056.0,3057.0,3055.0,3057.0,7321.0,1954923.0,1954730.0
2026-07-13 10:55:00,3057.0,3058.0,3054.0,3054.0,8332.0,1954730.0,1952700.0
2026-07-13 11:00:00,3054.0,3055.0,3052.0,3054.0,12407.0,1952700.0,1952650.0
2026-07-13 11:05:00,3054.0,3056.0,3053.0,3056.0,9106.0,1952650.0,1950942.0
2026-07-13 11:10:00,3056.0,3056.0,3053.0,3055.0,8554.0,1950942.0,1951133.0
2026-07-13 11:15:00,3055.0,3056.0,3053.0,3053.0,8189.0,1951133.0,1949683.0
2026-07-13 11:20:00,3053.0,3054.0,3051.0,3053.0,10908.0,1949683.0,1946852.0
2026-07-13 11:25:00,3053.0,3057.0,3052.0,3056.0,14007.0,1946852.0,1943272.0
2026-07-13 13:30:00,3057.0,3057.0,3052.0,3054.0,13467.0,1943272.0,1943262.0
2026-07-13 13:35:00,3054.0,3055.0,3050.0,3052.0,16776.0,1943262.0,1942045.0
2026-07-13 13:40:00,3052.0,3056.0,3052.0,3055.0,8839.0,1942045.0,1941386.0
2026-07-13 13:45:00,3055.0,3056.0,3052.0,3052.0,14381.0,1941386.0,1940373.0
2026-07-13 13:50:00,3052.0,3054.0,3051.0,3052.0,6891.0,1940373.0,1938984.0
2026-07-13 13:55:00,3052.0,3054.0,3051.0,3053.0,8598.0,1938984.0,1937858.0
2026-07-13 14:00:00,3053.0,3054.0,3050.0,3053.0,13331.0,1937858.0,1936957.0
2026-07-13 14:05:00,3053.0,3057.0,3051.0,3056.0,24053.0,1936957.0,1937067.0
2026-07-13 14:10:00,3056.0,3057.0,3053.0,3053.0,13510.0,1937067.0,1936009.0
2026-07-13 14:15:00,3053.0,3055.0,3053.0,3055.0,5786.0,1936009.0,1935651.0
2026-07-13 14:20:00,3055.0,3055.0,3051.0,3053.0,8534.0,1935651.0,1935339.0
2026-07-13 14:25:00,3053.0,3053.0,3051.0,3051.0,8171.0,1935339.0,1936946.0
2026-07-13 14:30:00,3051.0,3051.0,3046.0,3049.0,34612.0,1936946.0,1930736.0
2026-07-13 14:35:00,3049.0,3051.0,3046.0,3051.0,16683.0,1930736.0,1929599.0
2026-07-13 14:40:00,3051.0,3051.0,3048.0,3050.0,13788.0,1929599.0,1930680.0
2026-07-13 14:45:00,3050.0,3052.0,3050.0,3051.0,12313.0,1930680.0,1930907.0
2026-07-13 14:50:00,3051.0,3052.0,3049.0,3050.0,12775.0,1930907.0,1931522.0
2026-07-13 14:55:00,3050.0,3051.0,3048.0,3050.0,16122.0,1931522.0,1928719.0
2026-07-13 21:00:00,3048.0,3054.0,3045.0,3053.0,49426.0,1928719.0,1929477.0
2026-07-13 21:05:00,3053.0,3058.0,3053.0,3055.0,24827.0,1929477.0,1930081.0
2026-07-13 21:10:00,3055.0,3060.0,3055.0,3058.0,19001.0,1930081.0,1932278.0
2026-07-13 21:15:00,3058.0,3061.0,3058.0,3059.0,17615.0,1932278.0,1936112.0
2026-07-13 21:20:00,3059.0,3060.0,3058.0,3058.0,12472.0,1936112.0,1936637.0
2026-07-13 21:25:00,3058.0,3059.0,3055.0,3056.0,10299.0,1936637.0,1938013.0
2026-07-13 21:30:00,3056.0,3058.0,3052.0,3052.0,17605.0,1938013.0,1940214.0
2026-07-13 21:35:00,3052.0,3054.0,3048.0,3054.0,20500.0,1940214.0,1939297.0
2026-07-13 21:40:00,3054.0,3058.0,3052.0,3057.0,11812.0,1939297.0,1939347.0
2026-07-13 21:45:00,3057.0,3057.0,3053.0,3055.0,9359.0,1939347.0,1939193.0
2026-07-13 21:50:00,3055.0,3055.0,3052.0,3055.0,6625.0,1939193.0,1939067.0
2026-07-13 21:55:00,3055.0,3056.0,3054.0,3056.0,5397.0,1939067.0,1939068.0
2026-07-13 22:00:00,3056.0,3056.0,3054.0,3056.0,6764.0,1939068.0,1938012.0
2026-07-13 22:05:00,3056.0,3057.0,3053.0,3055.0,6689.0,1938012.0,1937542.0
2026-07-13 22:10:00,3055.0,3059.0,3055.0,3058.0,8252.0,1937542.0,1937130.0
2026-07-13 22:15:00,3058.0,3060.0,3057.0,3058.0,8841.0,1937130.0,1936952.0
2026-07-13 22:20:00,3058.0,3060.0,3057.0,3060.0,7906.0,1936952.0,1936688.0
2026-07-13 22:25:00,3060.0,3065.0,3059.0,3064.0,17151.0,1936688.0,1938285.0
2026-07-13 22:30:00,3064.0,3064.0,3062.0,3063.0,5199.0,1938285.0,1938891.0
2026-07-13 22:35:00,3063.0,3064.0,3060.0,3060.0,6979.0,1938891.0,1939368.0
2026-07-13 22:40:00,3060.0,3062.0,3058.0,3059.0,6867.0,1939368.0,1938685.0
2026-07-13 22:45:00,3059.0,3062.0,3059.0,3061.0,3173.0,1938685.0,1938256.0
2026-07-13 22:50:00,3061.0,3063.0,3060.0,3063.0,4728.0,1938256.0,1937832.0
2026-07-13 22:55:00,3063.0,3065.0,3061.0,3064.0,10495.0,1937832.0,1936202.0
2026-07-14 09:00:00,3052.0,3062.0,3052.0,3061.0,39077.0,1936202.0,1932101.0
2026-07-14 09:05:00,3061.0,3065.0,3060.0,3062.0,27574.0,1932101.0,1931333.0
2026-07-14 09:10:00,3062.0,3065.0,3061.0,3064.0,12721.0,1931333.0,1931978.0
2026-07-14 09:15:00,3064.0,3068.0,3063.0,3063.0,20201.0,1931978.0,1933780.0
2026-07-14 09:20:00,3063.0,3065.0,3062.0,3063.0,9623.0,1933780.0,1933363.0
2026-07-14 09:25:00,3063.0,3063.0,3061.0,3062.0,12361.0,1933363.0,1933067.0
2026-07-14 09:30:00,3062.0,3065.0,3056.0,3056.0,19095.0,1933067.0,1932452.0
2026-07-14 09:35:00,3056.0,3058.0,3053.0,3058.0,16125.0,1932452.0,1931693.0
2026-07-14 09:40:00,3058.0,3060.0,3056.0,3059.0,5045.0,1931693.0,1931776.0
2026-07-14 09:45:00,3059.0,3059.0,3056.0,3056.0,5692.0,1931776.0,1932127.0
2026-07-14 09:50:00,3056.0,3057.0,3054.0,3056.0,7656.0,1932127.0,1930741.0
2026-07-14 09:55:00,3056.0,3058.0,3054.0,3055.0,8621.0,1930741.0,1931095.0
2026-07-14 10:00:00,3055.0,3056.0,3052.0,3053.0,11523.0,1931095.0,1930473.0
2026-07-14 10:05:00,3053.0,3054.0,3048.0,3049.0,22602.0,1930473.0,1928862.0
2026-07-14 10:10:00,3049.0,3050.0,3044.0,3047.0,33534.0,1928862.0,1923909.0
2026-07-14 10:30:00,3047.0,3050.0,3047.0,3048.0,14730.0,1923909.0,1921276.0
2026-07-14 10:35:00,3048.0,3049.0,3047.0,3048.0,8791.0,1921276.0,1920481.0
2026-07-14 10:40:00,3048.0,3051.0,3048.0,3051.0,8778.0,1920481.0,1919623.0
2026-07-14 10:45:00,3051.0,3051.0,3045.0,3046.0,10239.0,1919623.0,1921357.0
2026-07-14 10:50:00,3046.0,3047.0,3044.0,3046.0,14870.0,1921357.0,1919069.0
2026-07-14 10:55:00,3046.0,3048.0,3044.0,3046.0,9314.0,1919069.0,1919644.0
2026-07-14 11:00:00,3046.0,3049.0,3046.0,3047.0,7737.0,1919644.0,1919530.0
2026-07-14 11:05:00,3047.0,3048.0,3045.0,3045.0,5612.0,1919530.0,1919502.0
2026-07-14 11:10:00,3045.0,3048.0,3045.0,3046.0,6199.0,1919502.0,1918811.0
2026-07-14 11:15:00,3046.0,3048.0,3046.0,3046.0,3513.0,1918811.0,1918739.0
2026-07-14 11:20:00,3046.0,3049.0,3046.0,3049.0,5516.0,1918739.0,1917788.0
2026-07-14 11:25:00,3049.0,3050.0,3047.0,3047.0,7527.0,1917788.0,1915768.0
2026-07-14 13:30:00,3048.0,3050.0,3045.0,3046.0,14528.0,1915768.0,1914969.0
2026-07-14 13:35:00,3046.0,3047.0,3045.0,3045.0,5047.0,1914969.0,1914853.0
2026-07-14 13:40:00,3045.0,3047.0,3043.0,3043.0,8256.0,1914853.0,1916336.0
2026-07-14 13:45:00,3043.0,3044.0,3040.0,3041.0,27816.0,1916336.0,1914688.0
2026-07-14 13:50:00,3041.0,3043.0,3040.0,3042.0,12704.0,1914688.0,1915875.0
2026-07-14 13:55:00,3042.0,3045.0,3042.0,3042.0,9302.0,1915875.0,1915403.0
2026-07-14 14:00:00,3042.0,3047.0,3042.0,3047.0,11673.0,1915403.0,1913417.0
2026-07-14 14:05:00,3047.0,3047.0,3045.0,3046.0,8720.0,1913417.0,1911293.0
2026-07-14 14:10:00,3046.0,3048.0,3046.0,3048.0,6775.0,1911293.0,1911322.0
2026-07-14 14:15:00,3048.0,3051.0,3047.0,3048.0,15410.0,1911322.0,1911626.0
2026-07-14 14:20:00,3048.0,3050.0,3048.0,3048.0,6606.0,1911626.0,1912039.0
2026-07-14 14:25:00,3048.0,3050.0,3048.0,3049.0,3663.0,1912039.0,1911468.0
2026-07-14 14:30:00,3049.0,3051.0,3049.0,3050.0,5776.0,1911468.0,1910937.0
2026-07-14 14:35:00,3050.0,3053.0,3050.0,3052.0,6475.0,1910937.0,1910515.0
2026-07-14 14:40:00,3052.0,3052.0,3050.0,3051.0,6164.0,1910515.0,1910613.0
2026-07-14 14:45:00,3051.0,3053.0,3049.0,3050.0,8618.0,1910613.0,1912199.0
2026-07-14 14:50:00,3050.0,3050.0,3048.0,3049.0,6446.0,1912199.0,1911715.0
2026-07-14 14:55:00,3049.0,3049.0,3047.0,3049.0,19280.0,1911715.0,1909245.0
2026-07-14 21:00:00,3045.0,3047.0,3041.0,3042.0,39447.0,1909245.0,1908241.0
2026-07-14 21:05:00,3042.0,3045.0,3039.0,3044.0,24451.0,1908241.0,1910347.0
2026-07-14 21:10:00,3044.0,3045.0,3043.0,3044.0,8354.0,1910347.0,1911011.0
2026-07-14 21:15:00,3044.0,3045.0,3041.0,3043.0,8347.0,1911011.0,1910949.0
2026-07-14 21:20:00,3043.0,3045.0,3042.0,3043.0,7384.0,1910949.0,1910846.0
2026-07-14 21:25:00,3043.0,3046.0,3043.0,3045.0,9185.0,1910846.0,1911637.0
2026-07-14 21:30:00,3045.0,3055.0,3045.0,3054.0,35960.0,1911637.0,1912816.0
2026-07-14 21:35:00,3054.0,3056.0,3052.0,3054.0,21652.0,1912816.0,1912605.0
2026-07-14 21:40:00,3054.0,3057.0,3052.0,3054.0,14741.0,1912605.0,1913093.0
2026-07-14 21:45:00,3054.0,3057.0,3054.0,3056.0,10814.0,1913093.0,1914529.0
2026-07-14 21:50:00,3056.0,3061.0,3055.0,3057.0,21500.0,1914529.0,1916164.0
2026-07-14 21:55:00,3057.0,3060.0,3056.0,3057.0,14081.0,1916164.0,1916606.0
2026-07-14 22:00:00,3057.0,3060.0,3056.0,3059.0,12030.0,1916606.0,1914860.0
2026-07-14 22:05:00,3059.0,3060.0,3056.0,3057.0,8076.0,1914860.0,1915087.0
2026-07-14 22:10:00,3057.0,3059.0,3056.0,3058.0,4170.0,1915087.0,1914959.0
2026-07-14 22:15:00,3058.0,3059.0,3056.0,3057.0,5174.0,1914959.0,1915757.0
2026-07-14 22:20:00,3057.0,3059.0,3056.0,3056.0,5060.0,1915757.0,1913593.0
2026-07-14 22:25:00,3056.0,3057.0,3053.0,3054.0,8239.0,1913593.0,1915050.0
2026-07-14 22:30:00,3054.0,3056.0,3053.0,3055.0,5522.0,1915050.0,1914344.0
2026-07-14 22:35:00,3055.0,3058.0,3054.0,3056.0,6681.0,1914344.0,1913934.0
2026-07-14 22:40:00,3056.0,3059.0,3055.0,3058.0,4643.0,1913934.0,1914117.0
2026-07-14 22:45:00,3058.0,3060.0,3057.0,3058.0,6625.0,1914117.0,1913778.0
2026-07-14 22:50:00,3058.0,3062.0,3058.0,3060.0,9524.0,1913778.0,1915782.0
2026-07-14 22:55:00,3060.0,3062.0,3059.0,3061.0,12204.0,1915782.0,1915814.0
2026-07-15 09:00:00,3066.0,3073.0,3065.0,3070.0,54657.0,1915814.0,1921660.0
2026-07-15 09:05:00,3070.0,3070.0,3063.0,3063.0,19636.0,1921660.0,1924145.0
2026-07-15 09:10:00,3063.0,3066.0,3062.0,3064.0,14973.0,1924145.0,1925451.0
2026-07-15 09:15:00,3064.0,3066.0,3062.0,3064.0,6961.0,1925451.0,1925762.0
2026-07-15 09:20:00,3064.0,3065.0,3061.0,3064.0,10369.0,1925762.0,1925499.0
2026-07-15 09:25:00,3064.0,3069.0,3063.0,3068.0,13195.0,1925499.0,1924316.0
2026-07-15 09:30:00,3068.0,3071.0,3068.0,3069.0,14339.0,1924316.0,1927055.0
2026-07-15 09:35:00,3069.0,3071.0,3068.0,3070.0,15142.0,1927055.0,1928070.0
2026-07-15 09:40:00,3070.0,3072.0,3069.0,3070.0,13358.0,1928070.0,1928858.0
2026-07-15 09:45:00,3070.0,3070.0,3067.0,3069.0,9717.0,1928858.0,1928960.0
2026-07-15 09:50:00,3069.0,3071.0,3068.0,3068.0,9721.0,1928960.0,1930450.0
2026-07-15 09:55:00,3068.0,3070.0,3068.0,3070.0,6056.0,1930450.0,1931425.0
2026-07-15 10:00:00,3070.0,3070.0,3067.0,3070.0,6824.0,1931425.0,1932175.0
2026-07-15 10:05:00,3070.0,3071.0,3066.0,3067.0,11711.0,1932175.0,1934681.0
2026-07-15 10:10:00,3067.0,3069.0,3066.0,3069.0,3601.0,1934681.0,1934600.0
2026-07-15 10:30:00,3069.0,3074.0,3068.0,3072.0,22648.0,1934600.0,1939081.0
2026-07-15 10:35:00,3072.0,3076.0,3072.0,3074.0,19505.0,1939081.0,1942036.0
2026-07-15 10:40:00,3074.0,3075.0,3072.0,3072.0,11705.0,1942036.0,1943854.0
2026-07-15 10:45:00,3072.0,3074.0,3069.0,3069.0,10568.0,1943854.0,1942796.0
2026-07-15 10:50:00,3069.0,3072.0,3069.0,3070.0,6041.0,1942796.0,1943242.0
2026-07-15 10:55:00,3070.0,3071.0,3067.0,3068.0,11190.0,1943242.0,1943688.0
2026-07-15 11:00:00,3068.0,3069.0,3065.0,3066.0,9692.0,1943688.0,1943279.0
2026-07-15 11:05:00,3066.0,3067.0,3065.0,3065.0,7883.0,1943279.0,1942142.0
2026-07-15 11:10:00,3065.0,3068.0,3065.0,3066.0,4850.0,1942142.0,1941561.0
2026-07-15 11:15:00,3066.0,3067.0,3061.0,3062.0,15898.0,1941561.0,1940534.0
2026-07-15 11:20:00,3062.0,3065.0,3062.0,3064.0,5825.0,1940534.0,1939682.0
2026-07-15 11:25:00,3064.0,3066.0,3063.0,3064.0,4753.0,1939682.0,1939186.0
2026-07-15 13:30:00,3064.0,3068.0,3063.0,3068.0,9165.0,1939186.0,1938436.0
2026-07-15 13:35:00,3068.0,3069.0,3066.0,3066.0,6848.0,1938436.0,1940054.0
2026-07-15 13:40:00,3066.0,3068.0,3065.0,3066.0,4889.0,1940054.0,1941207.0
2026-07-15 13:45:00,3066.0,3068.0,3065.0,3065.0,7218.0,1941207.0,1940360.0
2026-07-15 13:50:00,3065.0,3066.0,3062.0,3062.0,9854.0,1940360.0,1938324.0
2026-07-15 13:55:00,3062.0,3064.0,3059.0,3061.0,15836.0,1938324.0,1935063.0
2026-07-15 14:00:00,3061.0,3064.0,3061.0,3062.0,9631.0,1935063.0,1935980.0
2026-07-15 14:05:00,3062.0,3066.0,3062.0,3063.0,7233.0,1935980.0,1935498.0
2026-07-15 14:10:00,3063.0,3065.0,3062.0,3063.0,3018.0,1935498.0,1935387.0
2026-07-15 14:15:00,3063.0,3065.0,3063.0,3064.0,4963.0,1935387.0,1935519.0
2026-07-15 14:20:00,3064.0,3065.0,3062.0,3063.0,3211.0,1935519.0,1934875.0
2026-07-15 14:25:00,3063.0,3064.0,3061.0,3062.0,3564.0,1934875.0,1934568.0
2026-07-15 14:30:00,3062.0,3064.0,3061.0,3063.0,5156.0,1934568.0,1934540.0
2026-07-15 14:35:00,3063.0,3066.0,3062.0,3063.0,9601.0,1934540.0,1936328.0
2026-07-15 14:40:00,3063.0,3066.0,3063.0,3065.0,4391.0,1936328.0,1936276.0
2026-07-15 14:45:00,3065.0,3066.0,3064.0,3066.0,7617.0,1936276.0,1935961.0
2026-07-15 14:50:00,3066.0,3067.0,3065.0,3065.0,10544.0,1935961.0,1936530.0
2026-07-15 14:55:00,3065.0,3068.0,3065.0,3066.0,16247.0,1936530.0,1934694.0
2026-07-15 21:00:00,3066.0,3071.0,3063.0,3071.0,47611.0,1934694.0,1936099.0
2026-07-15 21:05:00,3071.0,3074.0,3066.0,3068.0,31044.0,1936099.0,1938889.0
2026-07-15 21:10:00,3068.0,3069.0,3065.0,3065.0,13849.0,1938889.0,1937145.0
2026-07-15 21:15:00,3065.0,3067.0,3060.0,3061.0,19314.0,1937145.0,1934005.0
2026-07-15 21:20:00,3061.0,3063.0,3061.0,3061.0,9286.0,1934005.0,1934081.0
2026-07-15 21:25:00,3061.0,3064.0,3061.0,3063.0,6926.0,1934081.0,1934062.0
2026-07-15 21:30:00,3063.0,3063.0,3057.0,3059.0,21390.0,1934062.0,1934281.0
2026-07-15 21:35:00,3059.0,3061.0,3058.0,3060.0,12652.0,1934281.0,1933257.0
2026-07-15 21:40:00,3060.0,3063.0,3059.0,3063.0,8391.0,1933257.0,1933532.0
2026-07-15 21:45:00,3063.0,3064.0,3062.0,3063.0,10528.0,1933532.0,1933146.0
2026-07-15 21:50:00,3063.0,3065.0,3062.0,3065.0,5848.0,1933146.0,1933746.0
2026-07-15 21:55:00,3065.0,3068.0,3064.0,3068.0,14177.0,1933746.0,1932929.0
2026-07-15 22:00:00,3068.0,3072.0,3066.0,3071.0,17221.0,1932929.0,1937001.0
2026-07-15 22:05:00,3071.0,3072.0,3069.0,3070.0,16313.0,1937001.0,1941082.0
2026-07-15 22:10:00,3070.0,3078.0,3070.0,3074.0,36622.0,1941082.0,1944558.0
2026-07-15 22:15:00,3074.0,3077.0,3073.0,3075.0,14641.0,1944558.0,1948602.0
2026-07-15 22:20:00,3075.0,3076.0,3072.0,3073.0,9490.0,1948602.0,1948353.0
2026-07-15 22:25:00,3073.0,3077.0,3071.0,3077.0,10075.0,1948353.0,1948795.0
2026-07-15 22:30:00,3077.0,3080.0,3075.0,3080.0,21496.0,1948795.0,1952644.0
2026-07-15 22:35:00,3080.0,3083.0,3079.0,3080.0,24846.0,1952644.0,1956957.0
2026-07-15 22:40:00,3080.0,3087.0,3079.0,3085.0,29607.0,1956957.0,1964597.0
2026-07-15 22:45:00,3085.0,3087.0,3083.0,3086.0,21878.0,1964597.0,1970881.0
2026-07-15 22:50:00,3086.0,3088.0,3084.0,3085.0,27064.0,1970881.0,1975584.0
2026-07-15 22:55:00,3085.0,3090.0,3084.0,3088.0,28766.0,1975584.0,1975718.0
2026-07-16 09:00:00,3090.0,3094.0,3085.0,3092.0,47317.0,1975718.0,1982204.0
2026-07-16 09:05:00,3092.0,3096.0,3091.0,3095.0,28031.0,1982204.0,1987642.0
2026-07-16 09:10:00,3095.0,3097.0,3088.0,3088.0,33131.0,1987642.0,1994163.0
2026-07-16 09:15:00,3088.0,3089.0,3085.0,3085.0,25002.0,1994163.0,1995237.0
2026-07-16 09:20:00,3085.0,3087.0,3083.0,3084.0,15121.0,1995237.0,1992700.0
2026-07-16 09:25:00,3084.0,3088.0,3082.0,3084.0,14522.0,1992700.0,1990742.0
2026-07-16 09:30:00,3084.0,3085.0,3081.0,3081.0,8239.0,1990742.0,1991105.0
2026-07-16 09:35:00,3081.0,3083.0,3078.0,3081.0,17941.0,1991105.0,1990719.0
2026-07-16 09:40:00,3081.0,3083.0,3079.0,3082.0,13320.0,1990719.0,1989827.0
2026-07-16 09:45:00,3082.0,3084.0,3080.0,3084.0,11058.0,1989827.0,1988776.0
2026-07-16 09:50:00,3084.0,3084.0,3082.0,3082.0,5592.0,1988776.0,1988475.0
2026-07-16 09:55:00,3082.0,3085.0,3082.0,3082.0,9830.0,1988475.0,1988303.0
2026-07-16 10:00:00,3082.0,3083.0,3077.0,3079.0,20495.0,1988303.0,1984723.0
2026-07-16 10:05:00,3079.0,3080.0,3078.0,3079.0,9275.0,1984723.0,1984169.0
2026-07-16 10:10:00,3079.0,3080.0,3076.0,3079.0,12280.0,1984169.0,1983535.0
2026-07-16 10:30:00,3079.0,3079.0,3077.0,3078.0,9912.0,1983535.0,1982402.0
2026-07-16 10:35:00,3078.0,3079.0,3074.0,3075.0,11936.0,1982402.0,1979548.0
2026-07-16 10:40:00,3075.0,3076.0,3072.0,3074.0,15842.0,1979548.0,1977444.0
2026-07-16 10:45:00,3074.0,3077.0,3073.0,3077.0,7902.0,1977444.0,1977194.0
2026-07-16 10:50:00,3077.0,3078.0,3074.0,3078.0,7409.0,1977194.0,1977350.0
2026-07-16 10:55:00,3078.0,3080.0,3077.0,3080.0,10012.0,1977350.0,1978197.0
2026-07-16 11:00:00,3080.0,3080.0,3077.0,3078.0,7255.0,1978197.0,1977829.0
2026-07-16 11:05:00,3078.0,3080.0,3077.0,3080.0,6904.0,1977829.0,1977200.0
2026-07-16 11:10:00,3080.0,3080.0,3077.0,3078.0,7107.0,1977200.0,1977384.0
2026-07-16 11:15:00,3078.0,3079.0,3077.0,3078.0,5815.0,1977384.0,1977614.0
2026-07-16 11:20:00,3078.0,3081.0,3077.0,3078.0,6255.0,1977614.0,1977885.0
2026-07-16 11:25:00,3078.0,3078.0,3076.0,3078.0,7359.0,1977885.0,1977003.0
2026-07-16 13:30:00,3078.0,3079.0,3075.0,3079.0,11231.0,1977003.0,1975904.0
2026-07-16 13:35:00,3079.0,3079.0,3076.0,3077.0,4683.0,1975904.0,1976097.0
2026-07-16 13:40:00,3077.0,3080.0,3076.0,3080.0,6221.0,1976097.0,1977091.0
2026-07-16 13:45:00,3080.0,3083.0,3079.0,3079.0,12531.0,1977091.0,1978186.0
2026-07-16 13:50:00,3079.0,3080.0,3078.0,3079.0,7596.0,1978186.0,1980389.0
2026-07-16 13:55:00,3079.0,3079.0,3075.0,3075.0,8631.0,1980389.0,1980048.0
2026-07-16 14:00:00,3075.0,3076.0,3072.0,3073.0,17907.0,1980048.0,1977341.0
2026-07-16 14:05:00,3073.0,3075.0,3071.0,3072.0,19886.0,1977341.0,1979462.0
2026-07-16 14:10:00,3072.0,3074.0,3071.0,3072.0,9017.0,1979462.0,1979229.0
2026-07-16 14:15:00,3072.0,3072.0,3068.0,3070.0,17643.0,1979229.0,1976236.0
2026-07-16 14:20:00,3070.0,3072.0,3069.0,3070.0,6236.0,1976236.0,1975603.0
2026-07-16 14:25:00,3070.0,3071.0,3069.0,3070.0,7886.0,1975603.0,1974519.0
2026-07-16 14:30:00,3070.0,3072.0,3069.0,3071.0,9484.0,1974519.0,1973583.0
2026-07-16 14:35:00,3071.0,3071.0,3068.0,3069.0,6602.0,1973583.0,1972155.0
2026-07-16 14:40:00,3069.0,3070.0,3068.0,3069.0,8515.0,1972155.0,1970376.0
2026-07-16 14:45:00,3069.0,3070.0,3068.0,3069.0,8011.0,1970376.0,1968310.0
2026-07-16 14:50:00,3069.0,3071.0,3068.0,3069.0,13036.0,1968310.0,1968324.0
2026-07-16 14:55:00,3069.0,3070.0,3066.0,3067.0,24392.0,1968324.0,1962181.0
2026-07-16 21:00:00,3068.0,3068.0,3061.0,3065.0,56173.0,1962181.0,1970141.0
2026-07-16 21:05:00,3065.0,3065.0,3060.0,3062.0,26678.0,1970141.0,1972354.0
2026-07-16 21:10:00,3062.0,3069.0,3062.0,3068.0,17057.0,1972354.0,1970798.0
2026-07-16 21:15:00,3068.0,3069.0,3067.0,3067.0,10047.0,1970798.0,1971167.0
2026-07-16 21:20:00,3067.0,3069.0,3066.0,3067.0,7501.0,1971167.0,1971877.0
2026-07-16 21:25:00,3067.0,3068.0,3065.0,3066.0,12222.0,1971877.0,1971113.0
2026-07-16 21:30:00,3066.0,3073.0,3065.0,3071.0,26903.0,1971113.0,1972415.0
2026-07-16 21:35:00,3071.0,3072.0,3069.0,3070.0,8304.0,1972415.0,1972395.0
2026-07-16 21:40:00,3070.0,3073.0,3068.0,3072.0,9485.0,1972395.0,1972651.0
2026-07-16 21:45:00,3072.0,3074.0,3069.0,3072.0,9835.0,1972651.0,1972757.0
2026-07-16 21:50:00,3072.0,3074.0,3070.0,3073.0,7953.0,1972757.0,1970903.0
2026-07-16 21:55:00,3073.0,3074.0,3071.0,3074.0,6626.0,1970903.0,1970760.0
2026-07-16 22:00:00,3074.0,3074.0,3070.0,3070.0,7553.0,1970760.0,1970509.0
2026-07-16 22:05:00,3070.0,3072.0,3070.0,3071.0,5362.0,1970509.0,1970395.0
2026-07-16 22:10:00,3071.0,3072.0,3070.0,3072.0,3060.0,1970395.0,1970628.0
2026-07-16 22:15:00,3072.0,3075.0,3071.0,3075.0,7986.0,1970628.0,1971915.0
2026-07-16 22:20:00,3075.0,3078.0,3074.0,3078.0,12489.0,1971915.0,1972734.0
2026-07-16 22:25:00,3078.0,3081.0,3075.0,3076.0,18190.0,1972734.0,1975863.0
2026-07-16 22:30:00,3076.0,3077.0,3073.0,3074.0,9953.0,1975863.0,1974891.0
2026-07-16 22:35:00,3074.0,3076.0,3073.0,3073.0,5249.0,1974891.0,1974710.0
2026-07-16 22:40:00,3073.0,3074.0,3070.0,3073.0,9417.0,1974710.0,1974371.0
2026-07-16 22:45:00,3073.0,3076.0,3073.0,3074.0,3915.0,1974371.0,1974123.0
2026-07-16 22:50:00,3074.0,3074.0,3072.0,3073.0,3405.0,1974123.0,1973416.0
2026-07-16 22:55:00,3073.0,3074.0,3071.0,3071.0,9222.0,1973416.0,1971703.0
2026-07-17 09:00:00,3070.0,3076.0,3068.0,3075.0,23387.0,1971703.0,1971629.0
2026-07-17 09:05:00,3075.0,3078.0,3073.0,3076.0,10930.0,1971629.0,1971839.0
2026-07-17 09:10:00,3076.0,3080.0,3074.0,3075.0,22184.0,1971839.0,1968807.0
2026-07-17 09:15:00,3075.0,3078.0,3073.0,3074.0,21153.0,1968807.0,1967695.0
2026-07-17 09:20:00,3074.0,3076.0,3066.0,3067.0,17871.0,1967695.0,1967325.0
2026-07-17 09:25:00,3067.0,3068.0,3064.0,3067.0,20465.0,1967325.0,1969819.0
2026-07-17 09:30:00,3067.0,3069.0,3066.0,3067.0,11332.0,1969819.0,1969922.0
2026-07-17 09:35:00,3067.0,3071.0,3067.0,3068.0,9353.0,1969922.0,1969558.0
2026-07-17 09:40:00,3068.0,3072.0,3066.0,3071.0,19230.0,1969558.0,1967817.0
2026-07-17 09:45:00,3071.0,3076.0,3069.0,3069.0,16891.0,1967817.0,1965860.0
2026-07-17 09:50:00,3069.0,3073.0,3069.0,3072.0,11366.0,1965860.0,1964176.0
2026-07-17 09:55:00,3072.0,3077.0,3071.0,3076.0,14028.0,1964176.0,1963979.0
2026-07-17 10:00:00,3076.0,3082.0,3075.0,3079.0,26061.0,1963979.0,1968062.0
2026-07-17 10:05:00,3079.0,3083.0,3078.0,3082.0,15543.0,1968062.0,1970385.0
2026-07-17 10:10:00,3082.0,3088.0,3081.0,3086.0,32447.0,1970385.0,1967902.0
2026-07-17 10:30:00,3086.0,3088.0,3082.0,3082.0,15702.0,1967902.0,1969079.0
2026-07-17 10:35:00,3082.0,3083.0,3078.0,3080.0,11330.0,1969079.0,1968529.0
2026-07-17 10:40:00,3080.0,3080.0,3076.0,3077.0,9844.0,1968529.0,1968373.0
2026-07-17 10:45:00,3077.0,3078.0,3072.0,3072.0,15546.0,1968373.0,1966891.0
2026-07-17 10:50:00,3072.0,3073.0,3070.0,3072.0,15726.0,1966891.0,1965400.0
2026-07-17 10:55:00,3072.0,3073.0,3070.0,3071.0,11684.0,1965400.0,1965228.0
2026-07-17 11:00:00,3071.0,3072.0,3067.0,3069.0,16320.0,1965228.0,1965158.0
2026-07-17 11:05:00,3069.0,3070.0,3068.0,3069.0,8466.0,1965158.0,1966949.0
2026-07-17 11:10:00,3069.0,3071.0,3069.0,3069.0,6662.0,1966949.0,1966726.0
2026-07-17 11:15:00,3069.0,3072.0,3069.0,3072.0,5304.0,1966726.0,1966469.0
2026-07-17 11:20:00,3072.0,3072.0,3069.0,3069.0,5582.0,1966469.0,1966268.0
2026-07-17 11:25:00,3069.0,3070.0,3068.0,3068.0,8855.0,1966268.0,1965036.0
2026-07-17 13:30:00,3066.0,3066.0,3062.0,3064.0,37560.0,1965036.0,1964176.0
2026-07-17 13:35:00,3064.0,3064.0,3060.0,3061.0,22173.0,1964176.0,1963785.0
2026-07-17 13:40:00,3061.0,3063.0,3055.0,3062.0,38404.0,1963785.0,1955741.0
2026-07-17 13:45:00,3062.0,3066.0,3061.0,3063.0,15591.0,1955741.0,1955555.0
2026-07-17 13:50:00,3063.0,3065.0,3062.0,3062.0,9986.0,1955555.0,1954745.0
2026-07-17 13:55:00,3062.0,3064.0,3062.0,3064.0,6153.0,1954745.0,1955125.0
2026-07-17 14:00:00,3064.0,3064.0,3059.0,3061.0,8851.0,1955125.0,1953075.0
2026-07-17 14:05:00,3061.0,3062.0,3060.0,3061.0,6777.0,1953075.0,1952456.0
2026-07-17 14:10:00,3061.0,3063.0,3060.0,3063.0,8033.0,1952456.0,1951521.0
2026-07-17 14:15:00,3063.0,3064.0,3059.0,3060.0,10714.0,1951521.0,1950116.0
2026-07-17 14:20:00,3060.0,3062.0,3059.0,3059.0,13007.0,1950116.0,1949512.0
2026-07-17 14:25:00,3059.0,3062.0,3059.0,3062.0,8786.0,1949512.0,1948686.0
2026-07-17 14:30:00,3062.0,3065.0,3060.0,3064.0,8460.0,1948686.0,1949517.0
2026-07-17 14:35:00,3064.0,3066.0,3062.0,3065.0,8525.0,1949517.0,1949321.0
2026-07-17 14:40:00,3065.0,3066.0,3063.0,3065.0,7357.0,1949321.0,1950155.0
2026-07-17 14:45:00,3065.0,3066.0,3064.0,3064.0,5960.0,1950155.0,1949444.0
2026-07-17 14:50:00,3064.0,3065.0,3060.0,3061.0,11184.0,1949444.0,1947061.0
2026-07-17 14:55:00,3061.0,3062.0,3060.0,3061.0,12095.0,1947061.0,1943053.0
2026-07-17 21:00:00,3072.0,3080.0,3071.0,3078.0,55287.0,1943053.0,1946503.0
2026-07-17 21:05:00,3078.0,3079.0,3072.0,3072.0,19599.0,1946503.0,1947247.0
2026-07-17 21:10:00,3072.0,3073.0,3071.0,3071.0,12010.0,1947247.0,1946486.0
2026-07-17 21:15:00,3071.0,3076.0,3071.0,3073.0,17862.0,1946486.0,1949088.0
2026-07-17 21:20:00,3073.0,3079.0,3071.0,3078.0,18257.0,1949088.0,1949255.0
2026-07-17 21:25:00,3078.0,3080.0,3076.0,3078.0,13025.0,1949255.0,1949189.0
2026-07-17 21:30:00,3078.0,3082.0,3077.0,3079.0,22856.0,1949189.0,1953480.0
2026-07-17 21:35:00,3079.0,3079.0,3074.0,3075.0,10951.0,1953480.0,1954311.0
2026-07-17 21:40:00,3075.0,3080.0,3074.0,3079.0,10851.0,1954311.0,1955990.0
2026-07-17 21:45:00,3079.0,3085.0,3079.0,3083.0,24427.0,1955990.0,1960063.0
2026-07-17 21:50:00,3083.0,3093.0,3082.0,3092.0,46186.0,1960063.0,1971876.0
2026-07-17 21:55:00,3092.0,3094.0,3089.0,3094.0,30838.0,1971876.0,1979718.0
2026-07-17 22:00:00,3094.0,3103.0,3092.0,3094.0,59395.0,1979718.0,1989770.0
2026-07-17 22:05:00,3094.0,3094.0,3083.0,3085.0,30709.0,1989770.0,1985117.0
2026-07-17 22:10:00,3085.0,3085.0,3080.0,3082.0,24767.0,1985117.0,1983894.0
2026-07-17 22:15:00,3082.0,3084.0,3080.0,3084.0,12525.0,1983894.0,1982966.0
2026-07-17 22:20:00,3084.0,3085.0,3082.0,3083.0,11528.0,1982966.0,1983644.0
2026-07-17 22:25:00,3083.0,3083.0,3080.0,3081.0,7375.0,1983644.0,1983786.0
2026-07-17 22:30:00,3081.0,3083.0,3075.0,3076.0,16172.0,1983786.0,1981357.0
2026-07-17 22:35:00,3076.0,3080.0,3076.0,3079.0,12419.0,1981357.0,1977201.0
2026-07-17 22:40:00,3079.0,3079.0,3077.0,3078.0,4853.0,1977201.0,1976639.0
2026-07-17 22:45:00,3078.0,3079.0,3076.0,3078.0,7794.0,1976639.0,1974231.0
2026-07-17 22:50:00,3078.0,3080.0,3077.0,3079.0,8327.0,1974231.0,1972139.0
2026-07-17 22:55:00,3079.0,3084.0,3079.0,3083.0,13420.0,1972139.0,1968930.0
2026-07-20 09:00:00,3095.0,3102.0,3090.0,3090.0,74788.0,1968930.0,1973873.0
2026-07-20 09:05:00,3090.0,3100.0,3090.0,3096.0,33446.0,1973873.0,1978246.0
2026-07-20 09:10:00,3096.0,3099.0,3090.0,3091.0,29401.0,1978246.0,1982031.0
2026-07-20 09:15:00,3091.0,3097.0,3090.0,3096.0,15310.0,1982031.0,1982925.0
2026-07-20 09:20:00,3096.0,3097.0,3090.0,3091.0,14796.0,1982925.0,1981819.0
2026-07-20 09:25:00,3091.0,3092.0,3085.0,3086.0,27264.0,1981819.0,1979662.0
2026-07-20 09:30:00,3086.0,3088.0,3084.0,3088.0,15594.0,1979662.0,1979005.0
2026-07-20 09:35:00,3088.0,3096.0,3088.0,3093.0,17557.0,1979005.0,1978793.0
2026-07-20 09:40:00,3093.0,3096.0,3093.0,3095.0,15149.0,1978793.0,1977574.0
2026-07-20 09:45:00,3095.0,3097.0,3094.0,3097.0,8596.0,1977574.0,1977334.0
2026-07-20 09:50:00,3097.0,3101.0,3096.0,3099.0,28068.0,1977334.0,1981720.0
2026-07-20 09:55:00,3099.0,3112.0,3099.0,3109.0,48257.0,1981720.0,1990771.0
2026-07-20 10:00:00,3109.0,3111.0,3105.0,3106.0,23887.0,1990771.0,1993144.0
2026-07-20 10:05:00,3106.0,3108.0,3104.0,3106.0,12947.0,1993144.0,1994955.0
2026-07-20 10:10:00,3106.0,3108.0,3099.0,3101.0,22276.0,1994955.0,1992160.0
2026-07-20 10:30:00,3099.0,3099.0,3095.0,3099.0,26013.0,1992160.0,1990354.0
2026-07-20 10:35:00,3099.0,3100.0,3095.0,3096.0,15092.0,1990354.0,1991096.0
2026-07-20 10:40:00,3096.0,3098.0,3093.0,3094.0,13307.0,1991096.0,1989632.0
2026-07-20 10:45:00,3094.0,3098.0,3091.0,3097.0,14442.0,1989632.0,1989827.0
2026-07-20 10:50:00,3097.0,3098.0,3090.0,3091.0,15451.0,1989827.0,1988666.0
2026-07-20 10:55:00,3091.0,3093.0,3089.0,3089.0,16850.0,1988666.0,1987714.0
2026-07-20 11:00:00,3089.0,3094.0,3088.0,3094.0,12684.0,1987714.0,1987910.0
2026-07-20 11:05:00,3094.0,3094.0,3090.0,3093.0,7978.0,1987910.0,1986813.0
2026-07-20 11:10:00,3093.0,3094.0,3091.0,3091.0,6658.0,1986813.0,1985601.0
2026-07-20 11:15:00,3091.0,3093.0,3091.0,3093.0,4122.0,1985601.0,1985132.0
2026-07-20 11:20:00,3093.0,3097.0,3091.0,3095.0,13272.0,1985132.0,1981466.0
2026-07-20 11:25:00,3095.0,3097.0,3094.0,3094.0,6734.0,1981466.0,1980864.0
2026-07-20 13:30:00,3096.0,3098.0,3093.0,3097.0,13347.0,1980864.0,1981666.0
2026-07-20 13:35:00,3097.0,3099.0,3095.0,3098.0,12443.0,1981666.0,1981051.0
2026-07-20 13:40:00,3098.0,3099.0,3096.0,3097.0,9543.0,1981051.0,1981038.0
2026-07-20 13:45:00,3097.0,3097.0,3093.0,3093.0,10859.0,1981038.0,1979983.0
2026-07-20 13:50:00,3093.0,3096.0,3093.0,3094.0,9927.0,1979983.0,1977112.0
2026-07-20 13:55:00,3094.0,3095.0,3090.0,3092.0,12822.0,1977112.0,1974803.0
2026-07-20 14:00:00,3092.0,3103.0,3091.0,3103.0,24293.0,1974803.0,1972133.0
2026-07-20 14:05:00,3103.0,3109.0,3101.0,3106.0,36613.0,1972133.0,1974025.0
2026-07-20 14:10:00,3106.0,3115.0,3106.0,3111.0,42777.0,1974025.0,1976743.0
2026-07-20 14:15:00,3111.0,3113.0,3108.0,3112.0,25494.0,1976743.0,1975518.0
2026-07-20 14:20:00,3112.0,3122.0,3111.0,3119.0,48987.0,1975518.0,1981401.0
2026-07-20 14:25:00,3119.0,3120.0,3115.0,3116.0,20696.0,1981401.0,1984294.0
2026-07-20 14:30:00,3116.0,3119.0,3116.0,3117.0,15612.0,1984294.0,1985066.0
2026-07-20 14:35:00,3117.0,3124.0,3116.0,3120.0,22069.0,1985066.0,1988453.0
2026-07-20 14:40:00,3120.0,3122.0,3116.0,3120.0,18434.0,1988453.0,1989522.0
2026-07-20 14:45:00,3120.0,3127.0,3120.0,3123.0,29527.0,1989522.0,1995497.0
2026-07-20 14:50:00,3123.0,3130.0,3123.0,3129.0,33765.0,1995497.0,1997392.0
2026-07-20 14:55:00,3129.0,3135.0,3127.0,3129.0,50502.0,1997392.0,2000469.0
2026-07-20 21:00:00,3138.0,3144.0,3132.0,3137.0,111562.0,2000469.0,2005245.0
2026-07-20 21:05:00,3137.0,3138.0,3127.0,3127.0,52233.0,2005245.0,2004245.0
2026-07-20 21:10:00,3127.0,3133.0,3124.0,3131.0,30501.0,2004245.0,2005483.0
2026-07-20 21:15:00,3131.0,3131.0,3127.0,3129.0,17957.0,2005483.0,2007076.0
2026-07-20 21:20:00,3129.0,3133.0,3127.0,3129.0,16194.0,2007076.0,2007393.0
2026-07-20 21:25:00,3129.0,3132.0,3128.0,3132.0,11692.0,2007393.0,2007243.0
2026-07-20 21:30:00,3132.0,3140.0,3131.0,3135.0,34197.0,2007243.0,2014995.0
2026-07-20 21:35:00,3135.0,3136.0,3132.0,3135.0,16184.0,2014995.0,2015510.0
2026-07-20 21:40:00,3135.0,3136.0,3130.0,3135.0,17039.0,2015510.0,2017624.0
2026-07-20 21:45:00,3135.0,3137.0,3133.0,3135.0,10684.0,2017624.0,2017957.0
2026-07-20 21:50:00,3135.0,3140.0,3134.0,3137.0,14102.0,2017957.0,2019132.0
2026-07-20 21:55:00,3137.0,3138.0,3133.0,3134.0,11696.0,2019132.0,2018436.0
2026-07-20 22:00:00,3134.0,3147.0,3133.0,3144.0,37007.0,2018436.0,2023757.0
2026-07-20 22:05:00,3144.0,3145.0,3141.0,3143.0,14219.0,2023757.0,2026146.0
2026-07-20 22:10:00,3143.0,3146.0,3142.0,3143.0,14208.0,2026146.0,2028649.0
2026-07-20 22:15:00,3143.0,3144.0,3138.0,3140.0,13716.0,2028649.0,2028789.0
2026-07-20 22:20:00,3140.0,3142.0,3138.0,3141.0,9657.0,2028789.0,2028955.0
2026-07-20 22:25:00,3141.0,3144.0,3141.0,3142.0,7401.0,2028955.0,2028949.0
2026-07-20 22:30:00,3142.0,3142.0,3137.0,3137.0,10587.0,2028949.0,2027657.0
2026-07-20 22:35:00,3137.0,3140.0,3137.0,3139.0,5820.0,2027657.0,2028104.0
2026-07-20 22:40:00,3139.0,3142.0,3138.0,3142.0,4808.0,2028104.0,2028972.0
2026-07-20 22:45:00,3142.0,3147.0,3141.0,3146.0,17153.0,2028972.0,2032224.0
2026-07-20 22:50:00,3146.0,3146.0,3143.0,3144.0,9239.0,2032224.0,2032891.0
2026-07-20 22:55:00,3144.0,3144.0,3141.0,3143.0,17635.0,2032891.0,2027019.0
2026-07-21 09:00:00,3137.0,3140.0,3133.0,3134.0,42233.0,2027019.0,2024408.0
2026-07-21 09:05:00,3134.0,3135.0,3131.0,3131.0,28277.0,2024408.0,2021389.0
2026-07-21 09:10:00,3131.0,3134.0,3128.0,3134.0,28505.0,2021389.0,2019631.0
2026-07-21 09:15:00,3134.0,3136.0,3132.0,3134.0,10980.0,2019631.0,2019666.0
2026-07-21 09:20:00,3134.0,3134.0,3129.0,3131.0,12118.0,2019666.0,2019871.0
2026-07-21 09:25:00,3131.0,3132.0,3128.0,3128.0,14878.0,2019871.0,2018799.0
2026-07-21 09:30:00,3128.0,3135.0,3128.0,3134.0,11139.0,2018799.0,2018921.0
2026-07-21 09:35:00,3134.0,3136.0,3129.0,3129.0,13726.0,2018921.0,2018441.0
2026-07-21 09:40:00,3129.0,3131.0,3127.0,3128.0,9324.0,2018441.0,2017829.0
2026-07-21 09:45:00,3128.0,3132.0,3127.0,3131.0,10686.0,2017829.0,2016340.0
2026-07-21 09:50:00,3131.0,3135.0,3130.0,3135.0,12365.0,2016340.0,2016671.0
2026-07-21 09:55:00,3135.0,3137.0,3134.0,3135.0,12318.0,2016671.0,2018539.0
2026-07-21 10:00:00,3135.0,3138.0,3134.0,3134.0,9783.0,2018539.0,2018630.0
2026-07-21 10:05:00,3134.0,3136.0,3133.0,3133.0,7579.0,2018630.0,2017590.0
2026-07-21 10:10:00,3133.0,3136.0,3133.0,3134.0,7104.0,2017590.0,2017459.0
2026-07-21 10:30:00,3136.0,3137.0,3133.0,3136.0,9663.0,2017459.0,2017754.0
2026-07-21 10:35:00,3136.0,3137.0,3134.0,3136.0,8815.0,2017754.0,2018011.0
2026-07-21 10:40:00,3136.0,3140.0,3135.0,3138.0,11596.0,2018011.0,2019739.0
2026-07-21 10:45:00,3138.0,3142.0,3138.0,3141.0,12499.0,2019739.0,2020430.0
2026-07-21 10:50:00,3141.0,3143.0,3140.0,3141.0,13015.0,2020430.0,2022746.0
2026-07-21 10:55:00,3141.0,3144.0,3139.0,3140.0,10396.0,2022746.0,2024241.0
2026-07-21 11:00:00,3140.0,3142.0,3140.0,3142.0,7643.0,2024241.0,2025054.0
2026-07-21 11:05:00,3142.0,3144.0,3141.0,3142.0,7167.0,2025054.0,2026013.0
2026-07-21 11:10:00,3142.0,3145.0,3142.0,3145.0,12667.0,2026013.0,2027436.0
2026-07-21 11:15:00,3145.0,3145.0,3140.0,3140.0,12769.0,2027436.0,2026676.0
2026-07-21 11:20:00,3140.0,3142.0,3138.0,3141.0,7535.0,2026676.0,2027444.0
2026-07-21 11:25:00,3141.0,3143.0,3139.0,3140.0,9222.0,2027444.0,2027515.0
2026-07-21 13:30:00,3142.0,3145.0,3141.0,3144.0,15298.0,2027515.0,2028719.0
2026-07-21 13:35:00,3144.0,3150.0,3143.0,3149.0,29808.0,2028719.0,2036030.0
2026-07-21 13:40:00,3149.0,3150.0,3146.0,3147.0,17836.0,2036030.0,2038227.0
2026-07-21 13:45:00,3147.0,3150.0,3145.0,3149.0,14814.0,2038227.0,2041283.0
2026-07-21 13:50:00,3149.0,3153.0,3149.0,3151.0,22691.0,2041283.0,2046940.0
2026-07-21 13:55:00,3151.0,3152.0,3147.0,3148.0,23059.0,2046940.0,2045035.0
2026-07-21 14:00:00,3148.0,3150.0,3146.0,3146.0,13785.0,2045035.0,2042887.0
2026-07-21 14:05:00,3146.0,3147.0,3141.0,3144.0,27248.0,2042887.0,2041280.0
2026-07-21 14:10:00,3144.0,3144.0,3139.0,3143.0,16256.0,2041280.0,2041714.0
2026-07-21 14:15:00,3143.0,3144.0,3141.0,3143.0,9909.0,2041714.0,2041973.0
2026-07-21 14:20:00,3143.0,3145.0,3141.0,3143.0,8809.0,2041973.0,2041034.0
2026-07-21 14:25:00,3143.0,3144.0,3140.0,3141.0,10530.0,2041034.0,2040158.0
2026-07-21 14:30:00,3141.0,3143.0,3140.0,3140.0,8012.0,2040158.0,2039055.0
2026-07-21 14:35:00,3140.0,3141.0,3134.0,3135.0,24109.0,2039055.0,2034047.0
2026-07-21 14:40:00,3135.0,3139.0,3135.0,3138.0,9705.0,2034047.0,2033097.0
2026-07-21 14:45:00,3138.0,3140.0,3137.0,3138.0,11579.0,2033097.0,2033132.0
2026-07-21 14:50:00,3138.0,3142.0,3137.0,3139.0,15726.0,2033132.0,2036165.0
2026-07-21 14:55:00,3139.0,3148.0,3139.0,3148.0,29574.0,2036165.0,2040050.0
2026-07-21 21:00:00,3142.0,3147.0,3140.0,3145.0,50923.0,2040050.0,2047822.0
2026-07-21 21:05:00,3145.0,3146.0,3132.0,3135.0,41517.0,2047822.0,2046705.0
2026-07-21 21:10:00,3135.0,3139.0,3133.0,3138.0,29194.0,2046705.0,2043543.0
2026-07-21 21:15:00,3138.0,3143.0,3137.0,3141.0,23641.0,2043543.0,2045494.0
2026-07-21 21:20:00,3141.0,3142.0,3136.0,3137.0,13907.0,2045494.0,2045692.0
2026-07-21 21:25:00,3137.0,3139.0,3136.0,3139.0,8535.0,2045692.0,2045739.0
2026-07-21 21:30:00,3139.0,3141.0,3136.0,3140.0,15579.0,2045739.0,2046463.0
2026-07-21 21:35:00,3140.0,3146.0,3140.0,3142.0,17460.0,2046463.0,2048247.0
2026-07-21 21:40:00,3142.0,3145.0,3140.0,3144.0,11620.0,2048247.0,2050220.0
2026-07-21 21:45:00,3144.0,3149.0,3143.0,3148.0,21496.0,2050220.0,2053171.0
2026-07-21 21:50:00,3148.0,3148.0,3143.0,3143.0,8765.0,2053171.0,2054418.0
2026-07-21 21:55:00,3143.0,3146.0,3142.0,3146.0,6063.0,2054418.0,2054605.0
2026-07-21 22:00:00,3146.0,3148.0,3141.0,3142.0,16213.0,2054605.0,2052440.0
2026-07-21 22:05:00,3142.0,3142.0,3139.0,3142.0,12087.0,2052440.0,2051157.0
2026-07-21 22:10:00,3142.0,3143.0,3138.0,3138.0,11803.0,2051157.0,2048812.0
2026-07-21 22:15:00,3138.0,3141.0,3138.0,3138.0,10137.0,2048812.0,2048078.0
2026-07-21 22:20:00,3138.0,3140.0,3135.0,3138.0,14069.0,2048078.0,2046494.0
2026-07-21 22:25:00,3138.0,3140.0,3136.0,3137.0,8217.0,2046494.0,2044450.0
2026-07-21 22:30:00,3137.0,3140.0,3136.0,3139.0,6651.0,2044450.0,2044300.0
2026-07-21 22:35:00,3139.0,3139.0,3136.0,3138.0,7255.0,2044300.0,2043685.0
2026-07-21 22:40:00,3138.0,3140.0,3136.0,3138.0,4732.0,2043685.0,2043254.0
2026-07-21 22:45:00,3138.0,3139.0,3137.0,3139.0,4028.0,2043254.0,2043036.0
2026-07-21 22:50:00,3139.0,3141.0,3138.0,3141.0,6165.0,2043036.0,2041441.0
2026-07-21 22:55:00,3141.0,3144.0,3140.0,3143.0,11756.0,2041441.0,2039415.0
2026-07-22 09:00:00,3147.0,3156.0,3147.0,3154.0,56629.0,2039415.0,2040123.0
2026-07-22 09:05:00,3154.0,3161.0,3154.0,3158.0,48570.0,2040123.0,2044011.0
2026-07-22 09:10:00,3158.0,3164.0,3155.0,3163.0,30207.0,2044011.0,2043783.0
2026-07-22 09:15:00,3163.0,3164.0,3156.0,3157.0,26628.0,2043783.0,2043209.0
2026-07-22 09:20:00,3157.0,3161.0,3155.0,3159.0,17553.0,2043209.0,2044214.0
2026-07-22 09:25:00,3159.0,3162.0,3159.0,3160.0,8949.0,2044214.0,2045966.0
2026-07-22 09:30:00,3160.0,3166.0,3159.0,3164.0,19743.0,2045966.0,2049553.0
2026-07-22 09:35:00,3164.0,3165.0,3157.0,3158.0,12682.0,2049553.0,2049817.0
2026-07-22 09:40:00,3158.0,3161.0,3157.0,3158.0,10847.0,2049817.0,2049921.0
2026-07-22 09:45:00,3158.0,3160.0,3157.0,3159.0,7983.0,2049921.0,2049372.0
2026-07-22 09:50:00,3159.0,3160.0,3157.0,3160.0,5307.0,2049372.0,2049248.0
2026-07-22 09:55:00,3160.0,3160.0,3156.0,3156.0,7559.0,2049248.0,2048114.0
2026-07-22 10:00:00,3156.0,3160.0,3156.0,3157.0,9732.0,2048114.0,2047524.0
2026-07-22 10:05:00,3157.0,3157.0,3151.0,3152.0,20090.0,2047524.0,2043663.0
2026-07-22 10:10:00,3152.0,3153.0,3145.0,3147.0,36168.0,2043663.0,2035884.0
2026-07-22 10:30:00,3147.0,3149.0,3141.0,3145.0,31246.0,2035884.0,2031608.0
2026-07-22 10:35:00,3145.0,3146.0,3144.0,3145.0,12147.0,2031608.0,2030877.0
2026-07-22 10:40:00,3145.0,3149.0,3143.0,3148.0,13721.0,2030877.0,2030946.0
2026-07-22 10:45:00,3148.0,3149.0,3137.0,3140.0,33611.0,2030946.0,2024863.0
2026-07-22 10:50:00,3140.0,3141.0,3134.0,3134.0,35284.0,2024863.0,2020264.0
2026-07-22 10:55:00,3134.0,3137.0,3129.0,3132.0,35354.0,2020264.0,2013308.0
2026-07-22 11:00:00,3132.0,3134.0,3127.0,3129.0,47042.0,2013308.0,2007012.0
2026-07-22 11:05:00,3129.0,3134.0,3128.0,3133.0,14141.0,2007012.0,2005874.0
2026-07-22 11:10:00,3133.0,3135.0,3132.0,3135.0,11527.0,2005874.0,2004801.0
2026-07-22 11:15:00,3135.0,3137.0,3134.0,3137.0,12314.0,2004801.0,2006002.0
