time,open,high,low,close,volume,open_oi,close_oi
2025-09-12 21:00:00,1900.0,1900.0,1900.0,1900.0,0.0,11260.0,11260.0
2025-09-12 21:15:00,2376.0,2377.0,2366.0,2366.0,3.0,11260.0,3.0
2025-09-12 21:30:00,2366.0,2372.0,2366.0,2372.0,2.0,3.0,4.0
2025-09-12 21:45:00,2372.0,2372.0,2370.0,2370.0,1.0,4.0,5.0
2025-09-12 22:00:00,2370.0,2373.0,2370.0,2373.0,1.0,5.0,6.0
2025-09-12 22:15:00,2373.0,2373.0,2370.0,2370.0,1.0,6.0,6.0
2025-09-12 22:30:00,2370.0,2370.0,2370.0,2370.0,0.0,6.0,6.0
2025-09-12 22:45:00,2370.0,2372.0,2359.0,2359.0,25.0,6.0,31.0
2025-09-15 09:00:00,2359.0,2372.0,2359.0,2370.0,11.0,31.0,34.0
2025-09-15 09:15:00,2370.0,2372.0,2366.0,2366.0,7.0,34.0,37.0
2025-09-15 09:30:00,2366.0,2366.0,2361.0,2362.0,7.0,37.0,44.0
2025-09-15 09:45:00,2362.0,2363.0,2362.0,2363.0,4.0,44.0,48.0
2025-09-15 10:00:00,2363.0,2367.0,2363.0,2367.0,2.0,48.0,48.0
2025-09-15 10:30:00,2367.0,2370.0,2367.0,2368.0,4.0,48.0,51.0
2025-09-15 10:45:00,2368.0,2368.0,2368.0,2368.0,2.0,51.0,53.0
2025-09-15 11:00:00,2368.0,2372.0,2368.0,2372.0,5.0,53.0,54.0
2025-09-15 11:15:00,2372.0,2377.0,2372.0,2375.0,4.0,54.0,56.0
2025-09-15 13:30:00,2375.0,2377.0,2375.0,2376.0,7.0,56.0,55.0
2025-09-15 13:45:00,2376.0,2382.0,2376.0,2382.0,4.0,55.0,55.0
2025-09-15 14:00:00,2382.0,2382.0,2378.0,2378.0,2.0,55.0,55.0
2025-09-15 14:15:00,2378.0,2381.0,2378.0,2381.0,6.0,55.0,57.0
2025-09-15 14:30:00,2381.0,2381.0,2378.0,2378.0,17.0,57.0,74.0
2025-09-15 14:45:00,2378.0,2378.0,2377.0,2377.0,7.0,74.0,81.0
2025-09-15 21:00:00,2371.0,2392.0,2371.0,2392.0,18.0,81.0,91.0
2025-09-15 21:15:00,2392.0,2394.0,2392.0,2393.0,9.0,91.0,95.0
2025-09-15 21:30:00,2393.0,2394.0,2390.0,2391.0,19.0,95.0,108.0
2025-09-15 21:45:00,2391.0,2396.0,2391.0,2393.0,82.0,108.0,188.0
2025-09-15 22:00:00,2393.0,2393.0,2393.0,2393.0,1.0,188.0,189.0
2025-09-15 22:15:00,2393.0,2393.0,2391.0,2393.0,2.0,189.0,190.0
2025-09-15 22:30:00,2393.0,2393.0,2392.0,2392.0,4.0,190.0,192.0
2025-09-15 22:45:00,2392.0,2392.0,2391.0,2392.0,2.0,192.0,194.0
2025-09-16 09:00:00,2392.0,2394.0,2390.0,2393.0,18.0,194.0,204.0
2025-09-16 09:15:00,2393.0,2395.0,2390.0,2390.0,7.0,204.0,211.0
2025-09-16 09:30:00,2390.0,2390.0,2385.0,2385.0,8.0,211.0,218.0
2025-09-16 09:45:00,2385.0,2386.0,2382.0,2382.0,9.0,218.0,227.0
2025-09-16 10:00:00,2382.0,2383.0,2379.0,2383.0,9.0,227.0,232.0
2025-09-16 10:30:00,2383.0,2384.0,2381.0,2381.0,4.0,232.0,233.0
2025-09-16 10:45:00,2381.0,2385.0,2381.0,2381.0,5.0,233.0,238.0
2025-09-16 11:00:00,2381.0,2381.0,2379.0,2379.0,4.0,238.0,242.0
2025-09-16 11:15:00,2379.0,2380.0,2379.0,2380.0,10.0,242.0,252.0
2025-09-16 13:30:00,2380.0,2380.0,2376.0,2377.0,144.0,252.0,390.0
2025-09-16 13:45:00,2377.0,2380.0,2377.0,2380.0,7.0,390.0,397.0
2025-09-16 14:00:00,2380.0,2380.0,2373.0,2373.0,35.0,397.0,417.0
2025-09-16 14:15:00,2373.0,2375.0,2373.0,2375.0,4.0,417.0,419.0
2025-09-16 14:30:00,2375.0,2376.0,2374.0,2375.0,62.0,419.0,481.0
2025-09-16 14:45:00,2375.0,2375.0,2370.0,2370.0,38.0,481.0,517.0
2025-09-16 21:00:00,2375.0,2379.0,2375.0,2375.0,8.0,517.0,517.0
2025-09-16 21:15:00,2375.0,2376.0,2375.0,2376.0,1.0,517.0,517.0
2025-09-16 21:30:00,2376.0,2376.0,2375.0,2375.0,1.0,517.0,518.0
2025-09-16 21:45:00,2375.0,2377.0,2374.0,2376.0,8.0,518.0,524.0
2025-09-16 22:00:00,2376.0,2376.0,2371.0,2376.0,4.0,524.0,526.0
2025-09-16 22:15:00,2376.0,2376.0,2376.0,2376.0,2.0,526.0,526.0
2025-09-16 22:30:00,2376.0,2376.0,2376.0,2376.0,0.0,526.0,526.0
2025-09-16 22:45:00,2376.0,2378.0,2376.0,2378.0,3.0,526.0,528.0
2025-09-17 09:00:00,2378.0,2378.0,2370.0,2373.0,43.0,528.0,567.0
2025-09-17 09:15:00,2373.0,2375.0,2373.0,2374.0,85.0,567.0,651.0
2025-09-17 09:30:00,2374.0,2374.0,2374.0,2374.0,0.0,651.0,651.0
2025-09-17 09:45:00,2374.0,2374.0,2374.0,2374.0,62.0,651.0,713.0
2025-09-17 10:00:00,2374.0,2374.0,2370.0,2370.0,17.0,713.0,729.0
2025-09-17 10:30:00,2370.0,2373.0,2368.0,2370.0,10.0,729.0,733.0
2025-09-17 10:45:00,2370.0,2370.0,2370.0,2370.0,0.0,733.0,733.0
2025-09-17 11:00:00,2370.0,2373.0,2370.0,2373.0,5.0,733.0,738.0
2025-09-17 11:15:00,2373.0,2373.0,2373.0,2373.0,0.0,738.0,738.0
2025-09-17 13:30:00,2373.0,2373.0,2366.0,2372.0,32.0,738.0,769.0
2025-09-17 13:45:00,2372.0,2372.0,2372.0,2372.0,202.0,769.0,818.0
2025-09-17 14:00:00,2372.0,2372.0,2367.0,2367.0,101.0,818.0,917.0
2025-09-17 14:15:00,2367.0,2367.0,2365.0,2365.0,4.0,917.0,919.0
2025-09-17 14:30:00,2365.0,2365.0,2365.0,2365.0,0.0,919.0,919.0
2025-09-17 14:45:00,2365.0,2371.0,2365.0,2371.0,6.0,919.0,919.0
2025-09-17 21:00:00,2373.0,2373.0,2367.0,2367.0,40.0,919.0,958.0
2025-09-17 21:15:00,2367.0,2367.0,2366.0,2367.0,5.0,958.0,963.0
2025-09-17 21:30:00,2367.0,2371.0,2367.0,2371.0,102.0,963.0,1065.0
2025-09-17 21:45:00,2371.0,2371.0,2369.0,2369.0,10.0,1065.0,1075.0
2025-09-17 22:00:00,2369.0,2369.0,2369.0,2369.0,0.0,1075.0,1075.0
2025-09-17 22:15:00,2369.0,2372.0,2369.0,2372.0,26.0,1075.0,1100.0
2025-09-17 22:30:00,2372.0,2372.0,2368.0,2370.0,100.0,1100.0,1197.0
2025-09-17 22:45:00,2370.0,2372.0,2368.0,2371.0,114.0,1197.0,1286.0
2025-09-18 09:00:00,2371.0,2371.0,2364.0,2364.0,75.0,1286.0,1360.0
2025-09-18 09:15:00,2364.0,2366.0,2364.0,2365.0,19.0,1360.0,1379.0
2025-09-18 09:30:00,2365.0,2372.0,2365.0,2370.0,15.0,1379.0,1391.0
2025-09-18 09:45:00,2370.0,2370.0,2370.0,2370.0,0.0,1391.0,1391.0
2025-09-18 10:00:00,2370.0,2371.0,2368.0,2368.0,450.0,1391.0,1839.0
2025-09-18 10:30:00,2368.0,2368.0,2359.0,2359.0,33.0,1839.0,1870.0
2025-09-18 10:45:00,2359.0,2363.0,2359.0,2360.0,3.0,1870.0,1872.0
2025-09-18 11:00:00,2360.0,2360.0,2358.0,2358.0,48.0,1872.0,1917.0
2025-09-18 11:15:00,2358.0,2359.0,2350.0,2351.0,17.0,1917.0,1932.0
2025-09-18 13:30:00,2351.0,2353.0,2351.0,2351.0,8.0,1932.0,1939.0
2025-09-18 13:45:00,2351.0,2351.0,2350.0,2350.0,38.0,1939.0,1976.0
2025-09-18 14:00:00,2350.0,2350.0,2350.0,2350.0,1.0,1976.0,1977.0
2025-09-18 14:15:00,2350.0,2357.0,2350.0,2357.0,28.0,1977.0,2002.0
2025-09-18 14:30:00,2357.0,2357.0,2355.0,2355.0,9.0,2002.0,2002.0
2025-09-18 14:45:00,2355.0,2359.0,2355.0,2359.0,91.0,2002.0,2092.0
2025-09-18 21:00:00,2360.0,2360.0,2355.0,2355.0,4.0,2092.0,2095.0
2025-09-18 21:15:00,2355.0,2356.0,2352.0,2353.0,4.0,2095.0,2099.0
2025-09-18 21:30:00,2353.0,2355.0,2352.0,2353.0,26.0,2099.0,2124.0
2025-09-18 21:45:00,2353.0,2354.0,2353.0,2354.0,50.0,2124.0,2174.0
2025-09-18 22:00:00,2354.0,2354.0,2353.0,2353.0,2.0,2174.0,2175.0
2025-09-18 22:15:00,2353.0,2353.0,2351.0,2351.0,1.0,2175.0,2175.0
2025-09-18 22:30:00,2351.0,2351.0,2350.0,2350.0,47.0,2175.0,2222.0
2025-09-18 22:45:00,2350.0,2350.0,2344.0,2346.0,11.0,2222.0,2232.0
2025-09-19 09:00:00,2346.0,2349.0,2345.0,2348.0,19.0,2232.0,2243.0
2025-09-19 09:15:00,2348.0,2356.0,2348.0,2355.0,165.0,2243.0,2405.0
2025-09-19 09:30:00,2355.0,2359.0,2350.0,2359.0,110.0,2405.0,2504.0
2025-09-19 09:45:00,2359.0,2360.0,2353.0,2353.0,32.0,2504.0,2519.0
2025-09-19 10:00:00,2353.0,2356.0,2353.0,2353.0,2.0,2519.0,2520.0
2025-09-19 10:30:00,2353.0,2357.0,2351.0,2357.0,9.0,2520.0,2528.0
2025-09-19 10:45:00,2357.0,2357.0,2353.0,2354.0,2.0,2528.0,2528.0
2025-09-19 11:00:00,2354.0,2357.0,2354.0,2356.0,33.0,2528.0,2560.0
2025-09-19 11:15:00,2356.0,2357.0,2355.0,2355.0,3.0,2560.0,2561.0
2025-09-19 13:30:00,2355.0,2355.0,2349.0,2349.0,26.0,2561.0,2574.0
2025-09-19 13:45:00,2349.0,2352.0,2340.0,2352.0,78.0,2574.0,2625.0
2025-09-19 14:00:00,2352.0,2352.0,2350.0,2350.0,2.0,2625.0,2626.0
2025-09-19 14:15:00,2350.0,2353.0,2350.0,2353.0,3.0,2626.0,2629.0
2025-09-19 14:30:00,2353.0,2353.0,2350.0,2350.0,1.0,2629.0,2630.0
2025-09-19 14:45:00,2350.0,2350.0,2346.0,2346.0,9.0,2630.0,2638.0
2025-09-19 21:00:00,2351.0,2351.0,2343.0,2343.0,5.0,2638.0,2642.0
2025-09-19 21:15:00,2343.0,2345.0,2343.0,2345.0,2.0,2642.0,2644.0
2025-09-19 21:30:00,2345.0,2346.0,2344.0,2346.0,9.0,2644.0,2652.0
2025-09-19 21:45:00,2346.0,2346.0,2340.0,2340.0,64.0,2652.0,2713.0
2025-09-19 22:00:00,2340.0,2342.0,2338.0,2338.0,18.0,2713.0,2727.0
2025-09-19 22:15:00,2338.0,2340.0,2338.0,2339.0,13.0,2727.0,2739.0
2025-09-19 22:30:00,2339.0,2339.0,2337.0,2337.0,6.0,2739.0,2745.0
2025-09-19 22:45:00,2337.0,2341.0,2337.0,2339.0,9.0,2745.0,2748.0
2025-09-22 09:00:00,2339.0,2346.0,2339.0,2343.0,69.0,2748.0,2771.0
2025-09-22 09:15:00,2343.0,2347.0,2343.0,2347.0,50.0,2771.0,2791.0
2025-09-22 09:30:00,2347.0,2347.0,2344.0,2347.0,44.0,2791.0,2832.0
2025-09-22 09:45:00,2347.0,2347.0,2343.0,2344.0,9.0,2832.0,2836.0
2025-09-22 10:00:00,2344.0,2344.0,2334.0,2335.0,100.0,2836.0,2854.0
2025-09-22 10:30:00,2335.0,2338.0,2332.0,2335.0,165.0,2854.0,3015.0
2025-09-22 10:45:00,2335.0,2335.0,2333.0,2333.0,8.0,3015.0,3021.0
2025-09-22 11:00:00,2333.0,2333.0,2330.0,2330.0,16.0,3021.0,3036.0
2025-09-22 11:15:00,2330.0,2335.0,2329.0,2329.0,10.0,3036.0,3042.0
2025-09-22 13:30:00,2329.0,2329.0,2327.0,2327.0,12.0,3042.0,3048.0
2025-09-22 13:45:00,2327.0,2331.0,2327.0,2329.0,112.0,3048.0,3154.0
2025-09-22 14:00:00,2329.0,2331.0,2327.0,2331.0,19.0,3154.0,3157.0
2025-09-22 14:15:00,2331.0,2340.0,2330.0,2339.0,69.0,3157.0,3196.0
2025-09-22 14:30:00,2339.0,2339.0,2332.0,2332.0,56.0,3196.0,3243.0
2025-09-22 14:45:00,2332.0,2333.0,2330.0,2333.0,34.0,3243.0,3271.0
2025-09-22 21:00:00,2337.0,2337.0,2324.0,2328.0,262.0,3271.0,3508.0
2025-09-22 21:15:00,2328.0,2335.0,2328.0,2335.0,70.0,3508.0,3549.0
2025-09-22 21:30:00,2335.0,2338.0,2335.0,2335.0,36.0,3549.0,3582.0
2025-09-22 21:45:00,2335.0,2340.0,2335.0,2340.0,8.0,3582.0,3584.0
2025-09-22 22:00:00,2340.0,2340.0,2339.0,2339.0,1.0,3584.0,3584.0
2025-09-22 22:15:00,2339.0,2339.0,2336.0,2337.0,206.0,3584.0,3784.0
2025-09-22 22:30:00,2337.0,2338.0,2337.0,2338.0,1.0,3784.0,3784.0
2025-09-22 22:45:00,2338.0,2341.0,2338.0,2341.0,6.0,3784.0,3785.0
2025-09-23 09:00:00,2341.0,2341.0,2335.0,2340.0,43.0,3785.0,3820.0
2025-09-23 09:15:00,2340.0,2345.0,2339.0,2341.0,45.0,3820.0,3832.0
2025-09-23 09:30:00,2341.0,2341.0,2338.0,2339.0,3.0,3832.0,3832.0
2025-09-23 09:45:00,2339.0,2339.0,2330.0,2330.0,51.0,3832.0,3875.0
2025-09-23 10:00:00,2330.0,2330.0,2327.0,2329.0,54.0,3875.0,3897.0
2025-09-23 10:30:00,2329.0,2336.0,2329.0,2336.0,5.0,3897.0,3894.0
2025-09-23 10:45:00,2336.0,2336.0,2332.0,2333.0,76.0,3894.0,3953.0
2025-09-23 11:00:00,2333.0,2334.0,2332.0,2332.0,7.0,3953.0,3957.0
2025-09-23 11:15:00,2332.0,2333.0,2331.0,2332.0,5.0,3957.0,3957.0
2025-09-23 13:30:00,2332.0,2335.0,2328.0,2331.0,18.0,3957.0,3964.0
2025-09-23 13:45:00,2331.0,2331.0,2322.0,2326.0,54.0,3964.0,3976.0
2025-09-23 14:00:00,2326.0,2326.0,2323.0,2324.0,20.0,3976.0,3982.0
2025-09-23 14:15:00,2324.0,2338.0,2324.0,2338.0,31.0,3982.0,3989.0
2025-09-23 14:30:00,2338.0,2339.0,2337.0,2337.0,8.0,3989.0,3987.0
2025-09-23 14:45:00,2337.0,2338.0,2337.0,2337.0,4.0,3987.0,3989.0
2025-09-23 21:00:00,2333.0,2339.0,2333.0,2334.0,38.0,3989.0,4020.0
2025-09-23 21:15:00,2334.0,2336.0,2334.0,2335.0,37.0,4020.0,4055.0
2025-09-23 21:30:00,2335.0,2344.0,2335.0,2341.0,15.0,4055.0,4048.0
2025-09-23 21:45:00,2341.0,2344.0,2340.0,2343.0,25.0,4048.0,4044.0
2025-09-23 22:00:00,2343.0,2345.0,2343.0,2343.0,6.0,4044.0,4046.0
2025-09-23 22:15:00,2343.0,2345.0,2343.0,2345.0,4.0,4046.0,4046.0
2025-09-23 22:30:00,2345.0,2345.0,2345.0,2345.0,0.0,4046.0,4046.0
2025-09-23 22:45:00,2345.0,2345.0,2342.0,2342.0,1.0,4046.0,4046.0
2025-09-24 09:00:00,2342.0,2345.0,2341.0,2345.0,9.0,4046.0,4047.0
2025-09-24 09:15:00,2345.0,2349.0,2343.0,2346.0,10.0,4047.0,4046.0
2025-09-24 09:30:00,2346.0,2347.0,2346.0,2347.0,2.0,4046.0,4045.0
2025-09-24 09:45:00,2347.0,2348.0,2347.0,2348.0,3.0,4045.0,4045.0
2025-09-24 10:00:00,2348.0,2348.0,2343.0,2347.0,3.0,4045.0,4045.0
2025-09-24 10:30:00,2347.0,2347.0,2347.0,2347.0,0.0,4045.0,4045.0
2025-09-24 10:45:00,2347.0,2347.0,2347.0,2347.0,0.0,4045.0,4045.0
2025-09-24 11:00:00,2347.0,2347.0,2343.0,2343.0,1.0,4045.0,4045.0
2025-09-24 11:15:00,2343.0,2343.0,2343.0,2343.0,0.0,4045.0,4045.0
2025-09-24 13:30:00,2343.0,2349.0,2343.0,2348.0,14.0,4045.0,4043.0
2025-09-24 13:45:00,2348.0,2348.0,2342.0,2342.0,9.0,4043.0,4049.0
2025-09-24 14:00:00,2342.0,2346.0,2342.0,2346.0,3.0,4049.0,4049.0
2025-09-24 14:15:00,2346.0,2348.0,2343.0,2346.0,15.0,4049.0,4051.0
2025-09-24 14:30:00,2346.0,2346.0,2343.0,2343.0,1.0,4051.0,4052.0
2025-09-24 14:45:00,2343.0,2343.0,2342.0,2342.0,2.0,4052.0,4051.0
2025-09-24 21:00:00,2347.0,2347.0,2341.0,2344.0,13.0,4051.0,4055.0
2025-09-24 21:15:00,2344.0,2345.0,2344.0,2345.0,2.0,4055.0,4054.0
2025-09-24 21:30:00,2345.0,2348.0,2345.0,2348.0,4.0,4054.0,4053.0
2025-09-24 21:45:00,2348.0,2348.0,2347.0,2347.0,3.0,4053.0,4053.0
2025-09-24 22:00:00,2347.0,2347.0,2343.0,2343.0,6.0,4053.0,4050.0
2025-09-24 22:15:00,2343.0,2345.0,2343.0,2345.0,4.0,4050.0,4054.0
2025-09-24 22:30:00,2345.0,2345.0,2345.0,2345.0,3.0,4054.0,4054.0
2025-09-24 22:45:00,2345.0,2345.0,2345.0,2345.0,4.0,4054.0,4052.0
2025-09-25 09:00:00,2345.0,2347.0,2343.0,2343.0,5.0,4052.0,4050.0
2025-09-25 09:15:00,2343.0,2346.0,2343.0,2346.0,1.0,4050.0,4049.0
2025-09-25 09:30:00,2346.0,2348.0,2346.0,2347.0,12.0,4049.0,4049.0
2025-09-25 09:45:00,2347.0,2347.0,2347.0,2347.0,1.0,4049.0,4049.0
2025-09-25 10:00:00,2347.0,2347.0,2345.0,2345.0,1.0,4049.0,4049.0
2025-09-25 10:30:00,2345.0,2345.0,2343.0,2343.0,3.0,4049.0,4049.0
2025-09-25 10:45:00,2343.0,2343.0,2339.0,2341.0,5.0,4049.0,4050.0
2025-09-25 11:00:00,2341.0,2343.0,2341.0,2343.0,1.0,4050.0,4050.0
2025-09-25 11:15:00,2343.0,2345.0,2343.0,2345.0,2.0,4050.0,4049.0
2025-09-25 13:30:00,2345.0,2345.0,2344.0,2344.0,3.0,4049.0,4050.0
2025-09-25 13:45:00,2344.0,2344.0,2340.0,2340.0,3.0,4050.0,4050.0
2025-09-25 14:00:00,2340.0,2345.0,2340.0,2344.0,13.0,4050.0,4048.0
2025-09-25 14:15:00,2344.0,2345.0,2343.0,2345.0,4.0,4048.0,4049.0
2025-09-25 14:30:00,2345.0,2346.0,2345.0,2346.0,10.0,4049.0,4048.0
2025-09-25 14:45:00,2346.0,2350.0,2346.0,2349.0,10.0,4048.0,4048.0
2025-09-25 21:00:00,2343.0,2345.0,2336.0,2336.0,43.0,4048.0,4084.0
2025-09-25 21:15:00,2336.0,2338.0,2335.0,2337.0,30.0,4084.0,4110.0
2025-09-25 21:30:00,2337.0,2337.0,2330.0,2330.0,34.0,4110.0,4106.0
2025-09-25 21:45:00,2330.0,2333.0,2329.0,2333.0,18.0,4106.0,4115.0
2025-09-25 22:00:00,2333.0,2333.0,2333.0,2333.0,3.0,4115.0,4118.0
2025-09-25 22:15:00,2333.0,2333.0,2333.0,2333.0,0.0,4118.0,4118.0
2025-09-25 22:30:00,2333.0,2338.0,2333.0,2338.0,6.0,4118.0,4118.0
2025-09-25 22:45:00,2338.0,2339.0,2338.0,2338.0,11.0,4118.0,4119.0
2025-09-26 09:00:00,2338.0,2343.0,2336.0,2342.0,37.0,4119.0,4137.0
2025-09-26 09:15:00,2342.0,2343.0,2338.0,2338.0,4.0,4137.0,4138.0
2025-09-26 09:30:00,2338.0,2342.0,2338.0,2342.0,3.0,4138.0,4139.0
2025-09-26 09:45:00,2342.0,2342.0,2339.0,2339.0,4.0,4139.0,4141.0
2025-09-26 10:00:00,2339.0,2345.0,2339.0,2340.0,7.0,4141.0,4143.0
2025-09-26 10:30:00,2340.0,2345.0,2340.0,2345.0,2.0,4143.0,4143.0
2025-09-26 10:45:00,2345.0,2347.0,2344.0,2344.0,8.0,4143.0,4144.0
2025-09-26 11:00:00,2344.0,2361.0,2344.0,2361.0,62.0,4144.0,4150.0
2025-09-26 11:15:00,2361.0,2363.0,2359.0,2360.0,19.0,4150.0,4150.0
2025-09-26 13:30:00,2360.0,2360.0,2354.0,2357.0,13.0,4150.0,4148.0
2025-09-26 13:45:00,2357.0,2357.0,2352.0,2352.0,2.0,4148.0,4147.0
2025-09-26 14:00:00,2352.0,2355.0,2348.0,2349.0,9.0,4147.0,4145.0
2025-09-26 14:15:00,2349.0,2350.0,2347.0,2350.0,7.0,4145.0,4143.0
2025-09-26 14:30:00,2350.0,2350.0,2346.0,2346.0,3.0,4143.0,4143.0
2025-09-26 14:45:00,2346.0,2350.0,2343.0,2343.0,18.0,4143.0,4141.0
2025-09-26 21:00:00,2340.0,2343.0,2340.0,2340.0,15.0,4141.0,4141.0
2025-09-26 21:15:00,2340.0,2343.0,2340.0,2342.0,4.0,4141.0,4141.0
2025-09-26 21:30:00,2342.0,2344.0,2342.0,2342.0,8.0,4141.0,4141.0
2025-09-26 21:45:00,2342.0,2345.0,2342.0,2345.0,1.0,4141.0,4141.0
2025-09-26 22:00:00,2345.0,2348.0,2345.0,2348.0,2.0,4141.0,4141.0
2025-09-26 22:15:00,2348.0,2352.0,2348.0,2352.0,33.0,4141.0,4140.0
2025-09-26 22:30:00,2352.0,2352.0,2349.0,2350.0,27.0,4140.0,4120.0
2025-09-26 22:45:00,2350.0,2350.0,2348.0,2350.0,7.0,4120.0,4113.0
2025-09-29 09:00:00,2350.0,2350.0,2340.0,2340.0,44.0,4113.0,4124.0
2025-09-29 09:15:00,2340.0,2347.0,2340.0,2347.0,2.0,4124.0,4124.0
2025-09-29 09:30:00,2347.0,2348.0,2347.0,2348.0,1.0,4124.0,4124.0
2025-09-29 09:45:00,2348.0,2348.0,2344.0,2345.0,2.0,4124.0,4122.0
2025-09-29 10:00:00,2345.0,2345.0,2345.0,2345.0,0.0,4122.0,4122.0
2025-09-29 10:30:00,2345.0,2345.0,2345.0,2345.0,0.0,4122.0,4122.0
2025-09-29 10:45:00,2345.0,2345.0,2343.0,2343.0,1.0,4122.0,4123.0
2025-09-29 11:00:00,2343.0,2343.0,2343.0,2343.0,0.0,4123.0,4123.0
2025-09-29 11:15:00,2343.0,2346.0,2343.0,2346.0,1.0,4123.0,4122.0
2025-09-29 13:30:00,2346.0,2351.0,2346.0,2347.0,15.0,4122.0,4109.0
2025-09-29 13:45:00,2347.0,2351.0,2347.0,2350.0,2.0,4109.0,4109.0
2025-09-29 14:00:00,2350.0,2350.0,2345.0,2345.0,1.0,4109.0,4110.0
2025-09-29 14:15:00,2345.0,2345.0,2345.0,2345.0,0.0,4110.0,4110.0
2025-09-29 14:30:00,2345.0,2345.0,2345.0,2345.0,0.0,4110.0,4110.0
2025-09-29 14:45:00,2345.0,2345.0,2345.0,2345.0,4.0,4110.0,4110.0
2025-09-29 21:00:00,2340.0,2340.0,2335.0,2335.0,72.0,4110.0,4138.0
2025-09-29 21:15:00,2335.0,2336.0,2330.0,2331.0,50.0,4138.0,4177.0
2025-09-29 21:30:00,2331.0,2335.0,2331.0,2333.0,3.0,4177.0,4176.0
2025-09-29 21:45:00,2333.0,2334.0,2330.0,2330.0,35.0,4176.0,4200.0
2025-09-29 22:00:00,2330.0,2330.0,2330.0,2330.0,0.0,4200.0,4200.0
2025-09-29 22:15:00,2330.0,2335.0,2330.0,2335.0,2.0,4200.0,4199.0
2025-09-29 22:30:00,2335.0,2335.0,2333.0,2333.0,1.0,4199.0,4199.0
2025-09-29 22:45:00,2333.0,2333.0,2333.0,2333.0,0.0,4199.0,4199.0
2025-09-30 09:00:00,2333.0,2333.0,2330.0,2330.0,7.0,4199.0,4201.0
2025-09-30 09:15:00,2330.0,2335.0,2330.0,2335.0,4.0,4201.0,4200.0
2025-09-30 09:30:00,2335.0,2337.0,2335.0,2337.0,1.0,4200.0,4200.0
2025-09-30 09:45:00,2337.0,2337.0,2335.0,2336.0,2.0,4200.0,4200.0
2025-09-30 10:00:00,2336.0,2337.0,2335.0,2337.0,4.0,4200.0,4200.0
2025-09-30 10:30:00,2337.0,2338.0,2333.0,2333.0,4.0,4200.0,4202.0
2025-09-30 10:45:00,2333.0,2335.0,2333.0,2334.0,6.0,4202.0,4206.0
2025-09-30 11:00:00,2334.0,2335.0,2332.0,2332.0,96.0,4206.0,4301.0
2025-09-30 11:15:00,2332.0,2332.0,2332.0,2332.0,2.0,4301.0,4302.0
2025-09-30 13:30:00,2332.0,2336.0,2332.0,2336.0,53.0,4302.0,4354.0
2025-09-30 13:45:00,2336.0,2337.0,2335.0,2336.0,9.0,4354.0,4355.0
2025-09-30 14:00:00,2336.0,2338.0,2336.0,2338.0,119.0,4355.0,4355.0
2025-09-30 14:15:00,2338.0,2338.0,2334.0,2335.0,7.0,4355.0,4357.0
2025-09-30 14:30:00,2335.0,2338.0,2335.0,2338.0,37.0,4357.0,4388.0
2025-09-30 14:45:00,2338.0,2338.0,2328.0,2329.0,215.0,4388.0,4600.0
2025-10-09 09:00:00,2331.0,2338.0,2319.0,2335.0,189.0,4600.0,4633.0
2025-10-09 09:15:00,2335.0,2342.0,2330.0,2337.0,96.0,4633.0,4709.0
2025-10-09 09:30:00,2337.0,2337.0,2321.0,2325.0,293.0,4709.0,4978.0
2025-10-09 09:45:00,2325.0,2327.0,2320.0,2322.0,95.0,4978.0,5050.0
2025-10-09 10:00:00,2322.0,2325.0,2316.0,2320.0,20.0,5050.0,5059.0
2025-10-09 10:30:00,2320.0,2320.0,2316.0,2316.0,9.0,5059.0,5067.0
2025-10-09 10:45:00,2316.0,2319.0,2314.0,2315.0,109.0,5067.0,5173.0
2025-10-09 11:00:00,2315.0,2316.0,2314.0,2314.0,21.0,5173.0,5193.0
2025-10-09 11:15:00,2314.0,2318.0,2310.0,2313.0,125.0,5193.0,5314.0
2025-10-09 13:30:00,2316.0,2321.0,2315.0,2315.0,42.0,5314.0,5344.0
2025-10-09 13:45:00,2315.0,2320.0,2315.0,2320.0,7.0,5344.0,5346.0
2025-10-09 14:00:00,2320.0,2322.0,2319.0,2320.0,8.0,5346.0,5344.0
2025-10-09 14:15:00,2320.0,2325.0,2320.0,2325.0,11.0,5344.0,5337.0
2025-10-09 14:30:00,2325.0,2325.0,2322.0,2322.0,4.0,5337.0,5340.0
2025-10-09 14:45:00,2322.0,2323.0,2320.0,2320.0,22.0,5340.0,5345.0
2025-10-09 21:00:00,2323.0,2331.0,2321.0,2328.0,82.0,5345.0,5398.0
2025-10-09 21:15:00,2328.0,2333.0,2328.0,2330.0,35.0,5398.0,5404.0
2025-10-09 21:30:00,2330.0,2330.0,2322.0,2323.0,39.0,5404.0,5438.0
2025-10-09 21:45:00,2323.0,2325.0,2320.0,2321.0,49.0,5438.0,5483.0
2025-10-09 22:00:00,2321.0,2325.0,2321.0,2324.0,166.0,5483.0,5649.0
2025-10-09 22:15:00,2324.0,2325.0,2322.0,2322.0,51.0,5649.0,5698.0
2025-10-09 22:30:00,2322.0,2326.0,2322.0,2326.0,19.0,5698.0,5716.0
2025-10-09 22:45:00,2326.0,2326.0,2321.0,2323.0,8.0,5716.0,5720.0
2025-10-10 09:00:00,2323.0,2324.0,2318.0,2323.0,54.0,5720.0,5771.0
2025-10-10 09:15:00,2323.0,2323.0,2323.0,2323.0,7.0,5771.0,5778.0
2025-10-10 09:30:00,2323.0,2323.0,2316.0,2319.0,24.0,5778.0,5798.0
2025-10-10 09:45:00,2319.0,2324.0,2319.0,2321.0,7.0,5798.0,5803.0
2025-10-10 10:00:00,2321.0,2321.0,2317.0,2317.0,3.0,5803.0,5803.0
2025-10-10 10:30:00,2320.0,2320.0,2318.0,2318.0,2.0,5803.0,5805.0
2025-10-10 10:45:00,2318.0,2318.0,2317.0,2317.0,5.0,5805.0,5808.0
2025-10-10 11:00:00,2317.0,2317.0,2313.0,2315.0,21.0,5808.0,5822.0
2025-10-10 11:15:00,2315.0,2316.0,2310.0,2310.0,33.0,5822.0,5833.0
2025-10-10 13:30:00,2310.0,2313.0,2310.0,2312.0,14.0,5833.0,5843.0
2025-10-10 13:45:00,2312.0,2312.0,2308.0,2309.0,25.0,5843.0,5864.0
2025-10-10 14:00:00,2309.0,2311.0,2309.0,2309.0,9.0,5864.0,5872.0
2025-10-10 14:15:00,2309.0,2315.0,2306.0,2309.0,31.0,5872.0,5890.0
2025-10-10 14:30:00,2309.0,2317.0,2309.0,2313.0,11.0,5890.0,5892.0
2025-10-10 14:45:00,2313.0,2320.0,2313.0,2318.0,36.0,5892.0,5911.0
2025-10-10 21:00:00,2315.0,2332.0,2311.0,2327.0,92.0,5911.0,5918.0
2025-10-10 21:15:00,2327.0,2330.0,2320.0,2320.0,72.0,5918.0,5947.0
2025-10-10 21:30:00,2320.0,2329.0,2320.0,2329.0,13.0,5947.0,5946.0
2025-10-10 21:45:00,2329.0,2329.0,2318.0,2320.0,149.0,5946.0,5891.0
2025-10-10 22:00:00,2320.0,2321.0,2318.0,2319.0,12.0,5891.0,5891.0
2025-10-10 22:15:00,2319.0,2319.0,2316.0,2317.0,7.0,5891.0,5891.0
2025-10-10 22:30:00,2317.0,2319.0,2317.0,2319.0,3.0,5891.0,5891.0
2025-10-10 22:45:00,2319.0,2321.0,2314.0,2314.0,22.0,5891.0,5912.0
2025-10-13 09:00:00,2314.0,2328.0,2310.0,2316.0,223.0,5912.0,5993.0
2025-10-13 09:15:00,2316.0,2325.0,2308.0,2322.0,247.0,5993.0,5938.0
2025-10-13 09:30:00,2322.0,2330.0,2321.0,2321.0,80.0,5938.0,5923.0
2025-10-13 09:45:00,2321.0,2325.0,2317.0,2319.0,47.0,5923.0,5939.0
2025-10-13 10:00:00,2319.0,2319.0,2310.0,2315.0,189.0,5939.0,5826.0
2025-10-13 10:30:00,2315.0,2322.0,2315.0,2322.0,205.0,5826.0,5920.0
2025-10-13 10:45:00,2322.0,2322.0,2318.0,2318.0,117.0,5920.0,6025.0
2025-10-13 11:00:00,2318.0,2322.0,2318.0,2318.0,133.0,6025.0,6007.0
2025-10-13 11:15:00,2318.0,2320.0,2310.0,2312.0,144.0,6007.0,6060.0
2025-10-13 13:30:00,2313.0,2315.0,2308.0,2313.0,63.0,6060.0,6054.0
2025-10-13 13:45:00,2313.0,2313.0,2310.0,2311.0,9.0,6054.0,6055.0
2025-10-13 14:00:00,2311.0,2313.0,2310.0,2310.0,9.0,6055.0,6060.0
2025-10-13 14:15:00,2310.0,2315.0,2310.0,2313.0,10.0,6060.0,6060.0
2025-10-13 14:30:00,2313.0,2319.0,2313.0,2317.0,91.0,6060.0,6091.0
2025-10-13 14:45:00,2317.0,2318.0,2310.0,2318.0,69.0,6091.0,6093.0
2025-10-13 21:00:00,2317.0,2317.0,2300.0,2301.0,159.0,6093.0,6129.0
2025-10-13 21:15:00,2301.0,2302.0,2295.0,2296.0,112.0,6129.0,6164.0
2025-10-13 21:30:00,2296.0,2298.0,2292.0,2296.0,62.0,6164.0,6206.0
2025-10-13 21:45:00,2296.0,2299.0,2294.0,2299.0,67.0,6206.0,6249.0
2025-10-13 22:00:00,2299.0,2299.0,2295.0,2296.0,36.0,6249.0,6273.0
2025-10-13 22:15:00,2296.0,2299.0,2296.0,2299.0,25.0,6273.0,6263.0
2025-10-13 22:30:00,2299.0,2300.0,2296.0,2297.0,32.0,6263.0,6288.0
2025-10-13 22:45:00,2297.0,2298.0,2296.0,2297.0,38.0,6288.0,6298.0
2025-10-14 09:00:00,2297.0,2308.0,2297.0,2306.0,59.0,6298.0,6268.0
2025-10-14 09:15:00,2306.0,2308.0,2300.0,2301.0,32.0,6268.0,6270.0
2025-10-14 09:30:00,2301.0,2305.0,2299.0,2299.0,21.0,6270.0,6282.0
2025-10-14 09:45:00,2299.0,2299.0,2287.0,2290.0,248.0,6282.0,6424.0
2025-10-14 10:00:00,2290.0,2296.0,2276.0,2277.0,144.0,6424.0,6490.0
2025-10-14 10:30:00,2277.0,2280.0,2255.0,2264.0,732.0,6490.0,6402.0
2025-10-14 10:45:00,2264.0,2266.0,2262.0,2262.0,75.0,6402.0,6465.0
2025-10-14 11:00:00,2262.0,2262.0,2257.0,2259.0,152.0,6465.0,6439.0
2025-10-14 11:15:00,2259.0,2261.0,2255.0,2258.0,91.0,6439.0,6441.0
2025-10-14 13:30:00,2259.0,2265.0,2257.0,2260.0,200.0,6441.0,6486.0
2025-10-14 13:45:00,2260.0,2270.0,2260.0,2268.0,84.0,6486.0,6465.0
2025-10-14 14:00:00,2268.0,2268.0,2265.0,2265.0,33.0,6465.0,6450.0
2025-10-14 14:15:00,2265.0,2265.0,2260.0,2262.0,26.0,6450.0,6444.0
2025-10-14 14:30:00,2262.0,2268.0,2262.0,2267.0,50.0,6444.0,6475.0
2025-10-14 14:45:00,2267.0,2269.0,2259.0,2259.0,84.0,6475.0,6491.0
2025-10-14 21:00:00,2265.0,2265.0,2255.0,2259.0,59.0,6491.0,6502.0
2025-10-14 21:15:00,2259.0,2261.0,2258.0,2261.0,211.0,6502.0,6701.0
2025-10-14 21:30:00,2261.0,2265.0,2256.0,2256.0,66.0,6701.0,6710.0
2025-10-14 21:45:00,2256.0,2260.0,2255.0,2260.0,27.0,6710.0,6717.0
2025-10-14 22:00:00,2260.0,2260.0,2258.0,2259.0,40.0,6717.0,6748.0
2025-10-14 22:15:00,2259.0,2260.0,2258.0,2258.0,15.0,6748.0,6758.0
2025-10-14 22:30:00,2258.0,2260.0,2258.0,2260.0,14.0,6758.0,6762.0
2025-10-14 22:45:00,2260.0,2260.0,2258.0,2258.0,7.0,6762.0,6762.0
2025-10-15 09:00:00,2258.0,2267.0,2258.0,2265.0,118.0,6762.0,6802.0
2025-10-15 09:15:00,2265.0,2273.0,2265.0,2270.0,76.0,6802.0,6812.0
2025-10-15 09:30:00,2270.0,2270.0,2266.0,2270.0,44.0,6812.0,6793.0
2025-10-15 09:45:00,2270.0,2272.0,2269.0,2270.0,12.0,6793.0,6793.0
2025-10-15 10:00:00,2270.0,2270.0,2268.0,2270.0,79.0,6793.0,6808.0
2025-10-15 10:30:00,2270.0,2273.0,2267.0,2273.0,21.0,6808.0,6805.0
2025-10-15 10:45:00,2273.0,2274.0,2269.0,2270.0,121.0,6805.0,6888.0
2025-10-15 11:00:00,2270.0,2270.0,2265.0,2266.0,129.0,6888.0,6906.0
2025-10-15 11:15:00,2266.0,2266.0,2263.0,2264.0,29.0,6906.0,6908.0
2025-10-15 13:30:00,2264.0,2276.0,2264.0,2269.0,51.0,6908.0,6878.0
2025-10-15 13:45:00,2269.0,2276.0,2268.0,2276.0,79.0,6878.0,6827.0
2025-10-15 14:00:00,2276.0,2276.0,2262.0,2264.0,56.0,6827.0,6803.0
2025-10-15 14:15:00,2264.0,2268.0,2262.0,2263.0,75.0,6803.0,6803.0
2025-10-15 14:30:00,2263.0,2272.0,2262.0,2272.0,36.0,6803.0,6808.0
2025-10-15 14:45:00,2272.0,2272.0,2268.0,2269.0,9.0,6808.0,6801.0
2025-10-15 21:00:00,2272.0,2275.0,2266.0,2267.0,48.0,6801.0,6799.0
2025-10-15 21:15:00,2267.0,2268.0,2263.0,2265.0,77.0,6799.0,6807.0
2025-10-15 21:30:00,2265.0,2268.0,2264.0,2264.0,53.0,6807.0,6823.0
2025-10-15 21:45:00,2264.0,2266.0,2263.0,2266.0,15.0,6823.0,6833.0
2025-10-15 22:00:00,2266.0,2268.0,2266.0,2266.0,12.0,6833.0,6836.0
2025-10-15 22:15:00,2266.0,2266.0,2265.0,2266.0,5.0,6836.0,6839.0
2025-10-15 22:30:00,2266.0,2266.0,2264.0,2264.0,2.0,6839.0,6838.0
2025-10-15 22:45:00,2264.0,2265.0,2262.0,2263.0,18.0,6838.0,6837.0
2025-10-16 09:00:00,2263.0,2265.0,2248.0,2254.0,281.0,6837.0,6931.0
2025-10-16 09:15:00,2254.0,2260.0,2253.0,2259.0,27.0,6931.0,6929.0
2025-10-16 09:30:00,2259.0,2260.0,2256.0,2259.0,52.0,6929.0,6963.0
2025-10-16 09:45:00,2259.0,2259.0,2257.0,2259.0,24.0,6963.0,6965.0
2025-10-16 10:00:00,2259.0,2268.0,2259.0,2268.0,208.0,6965.0,7001.0
2025-10-16 10:30:00,2267.0,2275.0,2267.0,2275.0,145.0,7001.0,7044.0
2025-10-16 10:45:00,2275.0,2278.0,2270.0,2276.0,37.0,7044.0,7057.0
2025-10-16 11:00:00,2276.0,2276.0,2274.0,2275.0,19.0,7057.0,7058.0
2025-10-16 11:15:00,2275.0,2278.0,2274.0,2274.0,45.0,7058.0,7087.0
2025-10-16 13:30:00,2273.0,2278.0,2272.0,2278.0,33.0,7087.0,7089.0
2025-10-16 13:45:00,2278.0,2278.0,2275.0,2278.0,27.0,7089.0,7089.0
2025-10-16 14:00:00,2278.0,2282.0,2276.0,2279.0,42.0,7089.0,7080.0
2025-10-16 14:15:00,2279.0,2281.0,2277.0,2280.0,17.0,7080.0,7079.0
2025-10-16 14:30:00,2280.0,2280.0,2278.0,2280.0,9.0,7079.0,7080.0
2025-10-16 14:45:00,2280.0,2283.0,2278.0,2283.0,75.0,7080.0,7124.0
2025-10-16 21:00:00,2280.0,2290.0,2275.0,2277.0,76.0,7124.0,7133.0
2025-10-16 21:15:00,2277.0,2277.0,2272.0,2274.0,22.0,7133.0,7133.0
2025-10-16 21:30:00,2274.0,2278.0,2272.0,2272.0,23.0,7133.0,7135.0
2025-10-16 21:45:00,2272.0,2272.0,2270.0,2271.0,51.0,7135.0,7161.0
2025-10-16 22:00:00,2271.0,2271.0,2270.0,2271.0,18.0,7161.0,7171.0
2025-10-16 22:15:00,2271.0,2273.0,2271.0,2273.0,7.0,7171.0,7169.0
2025-10-16 22:30:00,2273.0,2273.0,2268.0,2268.0,20.0,7169.0,7183.0
2025-10-16 22:45:00,2268.0,2269.0,2266.0,2266.0,12.0,7183.0,7180.0
2025-10-17 09:00:00,2266.0,2269.0,2262.0,2263.0,65.0,7180.0,7189.0
2025-10-17 09:15:00,2263.0,2267.0,2262.0,2264.0,57.0,7189.0,7186.0
2025-10-17 09:30:00,2264.0,2266.0,2262.0,2262.0,58.0,7186.0,7179.0
2025-10-17 09:45:00,2262.0,2262.0,2260.0,2262.0,44.0,7179.0,7177.0
2025-10-17 10:00:00,2262.0,2262.0,2258.0,2261.0,21.0,7177.0,7175.0
2025-10-17 10:30:00,2261.0,2264.0,2260.0,2261.0,13.0,7175.0,7177.0
2025-10-17 10:45:00,2261.0,2261.0,2259.0,2259.0,8.0,7177.0,7179.0
2025-10-17 11:00:00,2259.0,2262.0,2255.0,2255.0,48.0,7179.0,7178.0
2025-10-17 11:15:00,2255.0,2258.0,2255.0,2256.0,16.0,7178.0,7177.0
2025-10-17 13:30:00,2256.0,2256.0,2252.0,2252.0,54.0,7177.0,7176.0
2025-10-17 13:45:00,2252.0,2255.0,2251.0,2251.0,28.0,7176.0,7178.0
2025-10-17 14:00:00,2251.0,2253.0,2245.0,2245.0,114.0,7178.0,7233.0
2025-10-17 14:15:00,2245.0,2248.0,2244.0,2248.0,78.0,7233.0,7240.0
2025-10-17 14:30:00,2248.0,2249.0,2246.0,2247.0,52.0,7240.0,7253.0
2025-10-17 14:45:00,2247.0,2250.0,2247.0,2249.0,23.0,7253.0,7253.0
2025-10-17 21:00:00,2250.0,2270.0,2250.0,2269.0,194.0,7253.0,7232.0
2025-10-17 21:15:00,2269.0,2270.0,2259.0,2259.0,240.0,7232.0,7361.0
2025-10-17 21:30:00,2259.0,2262.0,2256.0,2257.0,72.0,7361.0,7376.0
2025-10-17 21:45:00,2257.0,2260.0,2257.0,2260.0,26.0,7376.0,7388.0
2025-10-17 22:00:00,2260.0,2261.0,2259.0,2261.0,14.0,7388.0,7388.0
2025-10-17 22:15:00,2261.0,2261.0,2257.0,2258.0,19.0,7388.0,7393.0
2025-10-17 22:30:00,2258.0,2258.0,2254.0,2257.0,50.0,7393.0,7419.0
2025-10-17 22:45:00,2257.0,2261.0,2257.0,2260.0,94.0,7419.0,7417.0
2025-10-20 09:00:00,2260.0,2260.0,2252.0,2255.0,77.0,7417.0,7451.0
2025-10-20 09:15:00,2255.0,2257.0,2251.0,2256.0,87.0,7451.0,7518.0
2025-10-20 09:30:00,2256.0,2260.0,2255.0,2256.0,23.0,7518.0,7517.0
2025-10-20 09:45:00,2256.0,2260.0,2255.0,2260.0,35.0,7517.0,7500.0
2025-10-20 10:00:00,2260.0,2269.0,2258.0,2267.0,47.0,7500.0,7494.0
2025-10-20 10:30:00,2267.0,2267.0,2261.0,2264.0,18.0,7494.0,7497.0
2025-10-20 10:45:00,2264.0,2268.0,2264.0,2267.0,34.0,7497.0,7479.0
2025-10-20 11:00:00,2267.0,2268.0,2261.0,2261.0,16.0,7479.0,7481.0
2025-10-20 11:15:00,2261.0,2264.0,2258.0,2260.0,37.0,7481.0,7506.0
2025-10-20 13:30:00,2260.0,2262.0,2258.0,2259.0,20.0,7506.0,7517.0
2025-10-20 13:45:00,2259.0,2259.0,2255.0,2256.0,88.0,7517.0,7571.0
2025-10-20 14:00:00,2256.0,2258.0,2256.0,2256.0,32.0,7571.0,7582.0
2025-10-20 14:15:00,2256.0,2258.0,2256.0,2257.0,21.0,7582.0,7590.0
2025-10-20 14:30:00,2257.0,2259.0,2256.0,2259.0,41.0,7590.0,7623.0
2025-10-20 14:45:00,2259.0,2259.0,2255.0,2257.0,73.0,7623.0,7662.0
2025-10-20 21:00:00,2255.0,2255.0,2232.0,2235.0,443.0,7662.0,7898.0
2025-10-20 21:15:00,2235.0,2237.0,2233.0,2235.0,108.0,7898.0,7953.0
2025-10-20 21:30:00,2235.0,2239.0,2235.0,2237.0,108.0,7953.0,8006.0
2025-10-20 21:45:00,2237.0,2240.0,2236.0,2240.0,28.0,8006.0,8006.0
2025-10-20 22:00:00,2240.0,2243.0,2239.0,2242.0,51.0,8006.0,7982.0
2025-10-20 22:15:00,2242.0,2242.0,2238.0,2238.0,9.0,7982.0,7983.0
2025-10-20 22:30:00,2238.0,2238.0,2234.0,2235.0,44.0,7983.0,7997.0
2025-10-20 22:45:00,2235.0,2236.0,2233.0,2236.0,7.0,7997.0,8003.0
2025-10-21 09:00:00,2236.0,2246.0,2236.0,2242.0,77.0,8003.0,7954.0
2025-10-21 09:15:00,2242.0,2244.0,2242.0,2244.0,25.0,7954.0,7949.0
2025-10-21 09:30:00,2244.0,2245.0,2244.0,2244.0,15.0,7949.0,7951.0
2025-10-21 09:45:00,2244.0,2252.0,2244.0,2251.0,95.0,7951.0,7921.0
2025-10-21 10:00:00,2251.0,2253.0,2250.0,2250.0,30.0,7921.0,7918.0
2025-10-21 10:30:00,2250.0,2254.0,2248.0,2254.0,8.0,7918.0,7919.0
2025-10-21 10:45:00,2254.0,2254.0,2249.0,2254.0,29.0,7919.0,7920.0
2025-10-21 11:00:00,2254.0,2258.0,2252.0,2254.0,33.0,7920.0,7920.0
2025-10-21 11:15:00,2254.0,2257.0,2252.0,2257.0,14.0,7920.0,7921.0
2025-10-21 13:30:00,2257.0,2258.0,2256.0,2256.0,65.0,7921.0,7878.0
2025-10-21 13:45:00,2256.0,2260.0,2256.0,2259.0,56.0,7878.0,7888.0
2025-10-21 14:00:00,2259.0,2260.0,2258.0,2258.0,52.0,7888.0,7881.0
2025-10-21 14:15:00,2258.0,2259.0,2257.0,2257.0,23.0,7881.0,7881.0
2025-10-21 14:30:00,2257.0,2258.0,2255.0,2255.0,26.0,7881.0,7872.0
2025-10-21 14:45:00,2255.0,2255.0,2250.0,2252.0,50.0,7872.0,7885.0
2025-10-21 21:00:00,2257.0,2257.0,2250.0,2252.0,88.0,7885.0,7910.0
2025-10-21 21:15:00,2252.0,2255.0,2251.0,2252.0,44.0,7910.0,7911.0
2025-10-21 21:30:00,2252.0,2254.0,2250.0,2250.0,29.0,7911.0,7932.0
2025-10-21 21:45:00,2250.0,2253.0,2244.0,2247.0,124.0,7932.0,8016.0
2025-10-21 22:00:00,2247.0,2251.0,2247.0,2251.0,12.0,8016.0,8013.0
2025-10-21 22:15:00,2251.0,2251.0,2249.0,2249.0,6.0,8013.0,8012.0
2025-10-21 22:30:00,2249.0,2251.0,2249.0,2250.0,20.0,8012.0,8018.0
2025-10-21 22:45:00,2250.0,2250.0,2248.0,2250.0,117.0,8018.0,8001.0
2025-10-22 09:00:00,2250.0,2252.0,2248.0,2248.0,24.0,8001.0,8008.0
2025-10-22 09:15:00,2248.0,2253.0,2247.0,2251.0,35.0,8008.0,8024.0
2025-10-22 09:30:00,2251.0,2255.0,2251.0,2254.0,31.0,8024.0,8016.0
2025-10-22 09:45:00,2254.0,2255.0,2252.0,2255.0,21.0,8016.0,8019.0
2025-10-22 10:00:00,2255.0,2258.0,2254.0,2258.0,34.0,8019.0,7997.0
2025-10-22 10:30:00,2258.0,2259.0,2257.0,2259.0,34.0,7997.0,7993.0
2025-10-22 10:45:00,2259.0,2264.0,2259.0,2260.0,74.0,7993.0,7985.0
2025-10-22 11:00:00,2260.0,2260.0,2258.0,2260.0,16.0,7985.0,7979.0
2025-10-22 11:15:00,2260.0,2269.0,2260.0,2267.0,54.0,7979.0,7969.0
2025-10-22 13:30:00,2267.0,2270.0,2262.0,2262.0,322.0,7969.0,7881.0
2025-10-22 13:45:00,2262.0,2264.0,2260.0,2260.0,45.0,7881.0,7859.0
2025-10-22 14:00:00,2260.0,2263.0,2257.0,2263.0,42.0,7859.0,7862.0
2025-10-22 14:15:00,2263.0,2263.0,2261.0,2262.0,36.0,7862.0,7877.0
2025-10-22 14:30:00,2262.0,2263.0,2259.0,2259.0,84.0,7877.0,7928.0
2025-10-22 14:45:00,2259.0,2263.0,2259.0,2259.0,124.0,7928.0,8021.0
2025-10-22 21:00:00,2262.0,2262.0,2255.0,2259.0,181.0,8021.0,8028.0
2025-10-22 21:15:00,2259.0,2262.0,2258.0,2262.0,58.0,8028.0,8048.0
2025-10-22 21:30:00,2262.0,2264.0,2262.0,2264.0,14.0,8048.0,8042.0
2025-10-22 21:45:00,2264.0,2264.0,2260.0,2263.0,9.0,8042.0,8046.0
2025-10-22 22:00:00,2263.0,2263.0,2261.0,2261.0,5.0,8046.0,8046.0
2025-10-22 22:15:00,2261.0,2262.0,2259.0,2259.0,13.0,8046.0,8052.0
2025-10-22 22:30:00,2259.0,2260.0,2257.0,2260.0,13.0,8052.0,8055.0
2025-10-22 22:45:00,2260.0,2263.0,2260.0,2263.0,19.0,8055.0,8055.0
2025-10-23 09:00:00,2263.0,2268.0,2261.0,2263.0,188.0,8055.0,8061.0
2025-10-23 09:15:00,2263.0,2263.0,2262.0,2263.0,7.0,8061.0,8056.0
2025-10-23 09:30:00,2263.0,2266.0,2263.0,2266.0,20.0,8056.0,8056.0
2025-10-23 09:45:00,2266.0,2269.0,2262.0,2262.0,51.0,8056.0,8078.0
2025-10-23 10:00:00,2262.0,2266.0,2262.0,2266.0,17.0,8078.0,8086.0
2025-10-23 10:30:00,2266.0,2275.0,2266.0,2273.0,153.0,8086.0,8012.0
2025-10-23 10:45:00,2273.0,2277.0,2272.0,2275.0,133.0,8012.0,8023.0
2025-10-23 11:00:00,2275.0,2279.0,2274.0,2278.0,63.0,8023.0,8022.0
2025-10-23 11:15:00,2278.0,2284.0,2277.0,2278.0,135.0,8022.0,7958.0
2025-10-23 13:30:00,2282.0,2284.0,2278.0,2280.0,102.0,7958.0,7913.0
2025-10-23 13:45:00,2280.0,2284.0,2279.0,2284.0,79.0,7913.0,7855.0
2025-10-23 14:00:00,2284.0,2285.0,2282.0,2285.0,55.0,7855.0,7826.0
2025-10-23 14:15:00,2285.0,2287.0,2284.0,2286.0,69.0,7826.0,7802.0
2025-10-23 14:30:00,2286.0,2290.0,2284.0,2285.0,62.0,7802.0,7771.0
2025-10-23 14:45:00,2285.0,2286.0,2281.0,2285.0,173.0,7771.0,7667.0
2025-10-23 21:00:00,2286.0,2290.0,2279.0,2280.0,112.0,7667.0,7654.0
2025-10-23 21:15:00,2280.0,2282.0,2279.0,2280.0,23.0,7654.0,7662.0
2025-10-23 21:30:00,2280.0,2282.0,2277.0,2277.0,38.0,7662.0,7655.0
2025-10-23 21:45:00,2277.0,2281.0,2277.0,2280.0,15.0,7655.0,7657.0
2025-10-23 22:00:00,2280.0,2281.0,2278.0,2278.0,49.0,7657.0,7673.0
2025-10-23 22:15:00,2278.0,2283.0,2278.0,2283.0,20.0,7673.0,7678.0
2025-10-23 22:30:00,2283.0,2283.0,2283.0,2283.0,6.0,7678.0,7679.0
2025-10-23 22:45:00,2283.0,2285.0,2283.0,2283.0,27.0,7679.0,7672.0
2025-10-24 09:00:00,2283.0,2283.0,2278.0,2282.0,49.0,7672.0,7675.0
2025-10-24 09:15:00,2282.0,2283.0,2279.0,2279.0,3.0,7675.0,7674.0
2025-10-24 09:30:00,2279.0,2284.0,2279.0,2282.0,40.0,7674.0,7678.0
2025-10-24 09:45:00,2282.0,2283.0,2279.0,2279.0,94.0,7678.0,7621.0
2025-10-24 10:00:00,2279.0,2282.0,2279.0,2282.0,6.0,7621.0,7622.0
2025-10-24 10:30:00,2282.0,2282.0,2276.0,2278.0,257.0,7622.0,7410.0
2025-10-24 10:45:00,2278.0,2279.0,2273.0,2277.0,88.0,7410.0,7416.0
2025-10-24 11:00:00,2277.0,2283.0,2277.0,2283.0,169.0,7416.0,7389.0
2025-10-24 11:15:00,2283.0,2287.0,2281.0,2285.0,56.0,7389.0,7363.0
2025-10-24 13:30:00,2285.0,2288.0,2283.0,2285.0,69.0,7363.0,7326.0
2025-10-24 13:45:00,2285.0,2286.0,2279.0,2279.0,41.0,7326.0,7313.0
2025-10-24 14:00:00,2279.0,2283.0,2279.0,2283.0,6.0,7313.0,7313.0
2025-10-24 14:15:00,2283.0,2285.0,2281.0,2282.0,15.0,7313.0,7318.0
2025-10-24 14:30:00,2282.0,2283.0,2279.0,2280.0,31.0,7318.0,7342.0
2025-10-24 14:45:00,2280.0,2282.0,2279.0,2282.0,15.0,7342.0,7342.0
2025-10-24 21:00:00,2282.0,2290.0,2282.0,2289.0,147.0,7342.0,7350.0
2025-10-24 21:15:00,2289.0,2293.0,2288.0,2293.0,59.0,7350.0,7353.0
2025-10-24 21:30:00,2293.0,2295.0,2292.0,2293.0,44.0,7353.0,7370.0
2025-10-24 21:45:00,2293.0,2293.0,2290.0,2293.0,41.0,7370.0,7369.0
2025-10-24 22:00:00,2293.0,2293.0,2289.0,2289.0,39.0,7369.0,7364.0
2025-10-24 22:15:00,2289.0,2290.0,2288.0,2289.0,217.0,7364.0,7507.0
2025-10-24 22:30:00,2289.0,2293.0,2288.0,2293.0,349.0,7507.0,7497.0
2025-10-24 22:45:00,2293.0,2295.0,2291.0,2295.0,152.0,7497.0,7446.0
2025-10-27 09:00:00,2295.0,2300.0,2290.0,2291.0,337.0,7446.0,7375.0
2025-10-27 09:15:00,2291.0,2293.0,2288.0,2290.0,322.0,7375.0,7378.0
2025-10-27 09:30:00,2290.0,2293.0,2289.0,2289.0,8.0,7378.0,7378.0
2025-10-27 09:45:00,2289.0,2290.0,2285.0,2290.0,327.0,7378.0,7593.0
2025-10-27 10:00:00,2290.0,2294.0,2290.0,2294.0,577.0,7593.0,8044.0
2025-10-27 10:30:00,2294.0,2296.0,2285.0,2285.0,431.0,8044.0,8242.0
2025-10-27 10:45:00,2285.0,2288.0,2284.0,2286.0,45.0,8242.0,8257.0
2025-10-27 11:00:00,2286.0,2287.0,2286.0,2286.0,9.0,8257.0,8257.0
2025-10-27 11:15:00,2286.0,2289.0,2285.0,2285.0,72.0,8257.0,8266.0
2025-10-27 13:30:00,2285.0,2291.0,2285.0,2287.0,45.0,8266.0,8248.0
2025-10-27 13:45:00,2287.0,2290.0,2286.0,2290.0,39.0,8248.0,8254.0
2025-10-27 14:00:00,2290.0,2292.0,2289.0,2290.0,41.0,8254.0,8220.0
2025-10-27 14:15:00,2290.0,2294.0,2290.0,2294.0,21.0,8220.0,8205.0
2025-10-27 14:30:00,2294.0,2295.0,2293.0,2293.0,26.0,8205.0,8196.0
2025-10-27 14:45:00,2293.0,2295.0,2291.0,2291.0,29.0,8196.0,8198.0
2025-10-27 21:00:00,2290.0,2292.0,2286.0,2290.0,186.0,8198.0,8253.0
2025-10-27 21:15:00,2290.0,2293.0,2288.0,2293.0,169.0,8253.0,8258.0
2025-10-27 21:30:00,2293.0,2296.0,2290.0,2291.0,104.0,8258.0,8205.0
2025-10-27 21:45:00,2291.0,2296.0,2291.0,2294.0,30.0,8205.0,8201.0
2025-10-27 22:00:00,2294.0,2295.0,2292.0,2292.0,15.0,8201.0,8198.0
2025-10-27 22:15:00,2292.0,2295.0,2292.0,2293.0,20.0,8198.0,8209.0
2025-10-27 22:30:00,2293.0,2293.0,2292.0,2293.0,10.0,8209.0,8212.0
2025-10-27 22:45:00,2293.0,2296.0,2293.0,2296.0,9.0,8212.0,8205.0
2025-10-28 09:00:00,2296.0,2298.0,2291.0,2297.0,87.0,8205.0,8194.0
2025-10-28 09:15:00,2297.0,2298.0,2288.0,2291.0,192.0,8194.0,8229.0
2025-10-28 09:30:00,2291.0,2292.0,2290.0,2291.0,52.0,8229.0,8237.0
2025-10-28 09:45:00,2291.0,2291.0,2289.0,2289.0,20.0,8237.0,8249.0
2025-10-28 10:00:00,2289.0,2294.0,2289.0,2294.0,16.0,8249.0,8242.0
2025-10-28 10:30:00,2294.0,2294.0,2286.0,2287.0,85.0,8242.0,8288.0
2025-10-28 10:45:00,2287.0,2287.0,2280.0,2280.0,198.0,8288.0,8420.0
2025-10-28 11:00:00,2280.0,2285.0,2280.0,2284.0,116.0,8420.0,8497.0
2025-10-28 11:15:00,2284.0,2285.0,2284.0,2284.0,13.0,8497.0,8504.0
2025-10-28 13:30:00,2285.0,2285.0,2274.0,2274.0,241.0,8504.0,8595.0
2025-10-28 13:45:00,2274.0,2278.0,2274.0,2278.0,55.0,8595.0,8568.0
2025-10-28 14:00:00,2278.0,2279.0,2275.0,2275.0,17.0,8568.0,8571.0
2025-10-28 14:15:00,2275.0,2277.0,2272.0,2273.0,103.0,8571.0,8600.0
2025-10-28 14:30:00,2273.0,2275.0,2272.0,2273.0,83.0,8600.0,8671.0
2025-10-28 14:45:00,2273.0,2278.0,2273.0,2275.0,53.0,8671.0,8669.0
2025-10-28 21:00:00,2273.0,2273.0,2265.0,2272.0,314.0,8669.0,8899.0
2025-10-28 21:15:00,2272.0,2276.0,2272.0,2276.0,108.0,8899.0,8966.0
2025-10-28 21:30:00,2276.0,2279.0,2276.0,2277.0,75.0,8966.0,9013.0
2025-10-28 21:45:00,2277.0,2281.0,2277.0,2280.0,88.0,9013.0,9057.0
2025-10-28 22:00:00,2280.0,2281.0,2279.0,2280.0,29.0,9057.0,9055.0
2025-10-28 22:15:00,2280.0,2282.0,2280.0,2282.0,10.0,9055.0,9055.0
2025-10-28 22:30:00,2282.0,2282.0,2277.0,2277.0,38.0,9055.0,9067.0
2025-10-28 22:45:00,2277.0,2281.0,2277.0,2281.0,4.0,9067.0,9070.0
2025-10-29 09:00:00,2281.0,2282.0,2280.0,2281.0,38.0,9070.0,9058.0
2025-10-29 09:15:00,2281.0,2286.0,2281.0,2286.0,42.0,9058.0,9049.0
2025-10-29 09:30:00,2286.0,2286.0,2283.0,2284.0,38.0,9049.0,9026.0
2025-10-29 09:45:00,2284.0,2286.0,2284.0,2284.0,109.0,9026.0,8937.0
2025-10-29 10:00:00,2284.0,2286.0,2282.0,2282.0,13.0,8937.0,8935.0
2025-10-29 10:30:00,2282.0,2282.0,2280.0,2280.0,13.0,8935.0,8945.0
2025-10-29 10:45:00,2280.0,2282.0,2280.0,2282.0,2.0,8945.0,8944.0
2025-10-29 11:00:00,2282.0,2282.0,2280.0,2280.0,3.0,8944.0,8944.0
2025-10-29 11:15:00,2280.0,2284.0,2280.0,2284.0,5.0,8944.0,8944.0
2025-10-29 13:30:00,2284.0,2285.0,2282.0,2282.0,27.0,8944.0,8945.0
2025-10-29 13:45:00,2282.0,2282.0,2280.0,2280.0,45.0,8945.0,8960.0
2025-10-29 14:00:00,2280.0,2287.0,2280.0,2286.0,70.0,8960.0,8935.0
2025-10-29 14:15:00,2286.0,2288.0,2286.0,2286.0,62.0,8935.0,8917.0
2025-10-29 14:30:00,2286.0,2290.0,2285.0,2288.0,56.0,8917.0,8891.0
2025-10-29 14:45:00,2288.0,2289.0,2287.0,2289.0,62.0,8891.0,8880.0
2025-10-29 21:00:00,2288.0,2290.0,2285.0,2286.0,86.0,8880.0,8881.0
2025-10-29 21:15:00,2286.0,2288.0,2284.0,2286.0,24.0,8881.0,8882.0
2025-10-29 21:30:00,2286.0,2288.0,2285.0,2285.0,7.0,8882.0,8887.0
2025-10-29 21:45:00,2285.0,2288.0,2285.0,2287.0,15.0,8887.0,8887.0
2025-10-29 22:00:00,2287.0,2292.0,2287.0,2290.0,49.0,8887.0,8873.0
2025-10-29 22:15:00,2290.0,2292.0,2289.0,2291.0,21.0,8873.0,8883.0
2025-10-29 22:30:00,2291.0,2292.0,2290.0,2290.0,7.0,8883.0,8882.0
2025-10-29 22:45:00,2290.0,2291.0,2290.0,2291.0,9.0,8882.0,8883.0
2025-10-30 09:00:00,2290.0,2290.0,2286.0,2287.0,33.0,8883.0,8887.0
2025-10-30 09:15:00,2287.0,2288.0,2285.0,2286.0,38.0,8887.0,8913.0
2025-10-30 09:30:00,2286.0,2286.0,2284.0,2284.0,15.0,8913.0,8925.0
2025-10-30 09:45:00,2284.0,2285.0,2284.0,2284.0,8.0,8925.0,8930.0
2025-10-30 10:00:00,2284.0,2287.0,2281.0,2281.0,30.0,8930.0,8942.0
2025-10-30 10:30:00,2282.0,2288.0,2282.0,2283.0,46.0,8942.0,8931.0
2025-10-30 10:45:00,2283.0,2290.0,2283.0,2289.0,155.0,8931.0,8969.0
2025-10-30 11:00:00,2289.0,2289.0,2282.0,2283.0,15.0,8969.0,8971.0
2025-10-30 11:15:00,2283.0,2284.0,2278.0,2279.0,133.0,8971.0,8998.0
2025-10-30 13:30:00,2279.0,2281.0,2274.0,2277.0,329.0,8998.0,9065.0
2025-10-30 13:45:00,2277.0,2281.0,2275.0,2279.0,141.0,9065.0,9095.0
2025-10-30 14:00:00,2279.0,2279.0,2268.0,2269.0,306.0,9095.0,9318.0
2025-10-30 14:15:00,2269.0,2272.0,2269.0,2270.0,57.0,9318.0,9337.0
2025-10-30 14:30:00,2270.0,2272.0,2267.0,2269.0,112.0,9337.0,9380.0
2025-10-30 14:45:00,2269.0,2269.0,2262.0,2266.0,300.0,9380.0,9504.0
2025-10-30 21:00:00,2258.0,2269.0,2258.0,2266.0,114.0,9504.0,9533.0
2025-10-30 21:15:00,2266.0,2266.0,2261.0,2265.0,98.0,9533.0,9600.0
2025-10-30 21:30:00,2265.0,2265.0,2260.0,2264.0,65.0,9600.0,9628.0
2025-10-30 21:45:00,2264.0,2266.0,2263.0,2263.0,33.0,9628.0,9632.0
2025-10-30 22:00:00,2263.0,2263.0,2260.0,2261.0,214.0,9632.0,9713.0
2025-10-30 22:15:00,2261.0,2263.0,2261.0,2263.0,7.0,9713.0,9715.0
2025-10-30 22:30:00,2263.0,2264.0,2261.0,2264.0,5.0,9715.0,9713.0
2025-10-30 22:45:00,2264.0,2265.0,2261.0,2261.0,20.0,9713.0,9710.0
2025-10-31 09:00:00,2261.0,2265.0,2259.0,2264.0,269.0,9710.0,9707.0
2025-10-31 09:15:00,2264.0,2264.0,2261.0,2262.0,220.0,9707.0,9734.0
2025-10-31 09:30:00,2262.0,2266.0,2261.0,2264.0,340.0,9734.0,9791.0
2025-10-31 09:45:00,2264.0,2264.0,2261.0,2263.0,46.0,9791.0,9813.0
2025-10-31 10:00:00,2263.0,2265.0,2259.0,2263.0,243.0,9813.0,9958.0
2025-10-31 10:30:00,2263.0,2263.0,2258.0,2258.0,77.0,9958.0,9995.0
2025-10-31 10:45:00,2258.0,2264.0,2258.0,2261.0,43.0,9995.0,9984.0
2025-10-31 11:00:00,2261.0,2263.0,2256.0,2257.0,167.0,9984.0,10066.0
2025-10-31 11:15:00,2257.0,2258.0,2252.0,2256.0,76.0,10066.0,10120.0
2025-10-31 13:30:00,2255.0,2257.0,2253.0,2255.0,56.0,10120.0,10135.0
2025-10-31 13:45:00,2255.0,2256.0,2253.0,2253.0,56.0,10135.0,10176.0
2025-10-31 14:00:00,2253.0,2255.0,2248.0,2248.0,185.0,10176.0,10326.0
2025-10-31 14:15:00,2248.0,2250.0,2247.0,2248.0,126.0,10326.0,10332.0
2025-10-31 14:30:00,2248.0,2248.0,2243.0,2245.0,185.0,10332.0,10445.0
2025-10-31 14:45:00,2245.0,2245.0,2234.0,2240.0,330.0,10445.0,10559.0
2025-10-31 21:00:00,2243.0,2247.0,2243.0,2243.0,81.0,10559.0,10566.0
2025-10-31 21:15:00,2243.0,2248.0,2243.0,2246.0,64.0,10566.0,10593.0
2025-10-31 21:30:00,2246.0,2247.0,2244.0,2245.0,180.0,10593.0,10588.0
2025-10-31 21:45:00,2245.0,2245.0,2237.0,2239.0,101.0,10588.0,10648.0
2025-10-31 22:00:00,2239.0,2239.0,2235.0,2235.0,387.0,10648.0,10782.0
2025-10-31 22:15:00,2235.0,2238.0,2227.0,2228.0,273.0,10782.0,10971.0
2025-10-31 22:30:00,2228.0,2233.0,2228.0,2230.0,115.0,10971.0,11025.0
2025-10-31 22:45:00,2230.0,2232.0,2227.0,2230.0,60.0,11025.0,11046.0
2025-11-03 09:00:00,2230.0,2236.0,2220.0,2235.0,805.0,11046.0,11404.0
2025-11-03 09:15:00,2235.0,2235.0,2228.0,2232.0,236.0,11404.0,11568.0
2025-11-03 09:30:00,2232.0,2235.0,2230.0,2232.0,103.0,11568.0,11628.0
2025-11-03 09:45:00,2232.0,2235.0,2227.0,2229.0,174.0,11628.0,11751.0
2025-11-03 10:00:00,2229.0,2232.0,2227.0,2228.0,72.0,11751.0,11792.0
2025-11-03 10:30:00,2228.0,2234.0,2228.0,2229.0,106.0,11792.0,11817.0
2025-11-03 10:45:00,2229.0,2235.0,2229.0,2231.0,40.0,11817.0,11815.0
2025-11-03 11:00:00,2231.0,2233.0,2223.0,2223.0,134.0,11815.0,11930.0
2025-11-03 11:15:00,2223.0,2227.0,2223.0,2225.0,121.0,11930.0,12024.0
2025-11-03 13:30:00,2224.0,2230.0,2216.0,2229.0,244.0,12024.0,12125.0
2025-11-03 13:45:00,2229.0,2231.0,2228.0,2231.0,45.0,12125.0,12111.0
2025-11-03 14:00:00,2231.0,2231.0,2228.0,2229.0,82.0,12111.0,12175.0
2025-11-03 14:15:00,2229.0,2232.0,2227.0,2228.0,73.0,12175.0,12181.0
2025-11-03 14:30:00,2228.0,2230.0,2227.0,2227.0,78.0,12181.0,12228.0
2025-11-03 14:45:00,2227.0,2230.0,2226.0,2228.0,43.0,12228.0,12246.0
2025-11-03 21:00:00,2224.0,2228.0,2218.0,2224.0,409.0,12246.0,12378.0
2025-11-03 21:15:00,2224.0,2237.0,2222.0,2236.0,422.0,12378.0,12412.0
2025-11-03 21:30:00,2236.0,2237.0,2232.0,2235.0,145.0,12412.0,12380.0
2025-11-03 21:45:00,2235.0,2238.0,2234.0,2237.0,119.0,12380.0,12415.0
2025-11-03 22:00:00,2237.0,2238.0,2235.0,2237.0,70.0,12415.0,12372.0
2025-11-03 22:15:00,2237.0,2237.0,2229.0,2231.0,196.0,12372.0,12424.0
2025-11-03 22:30:00,2231.0,2231.0,2223.0,2229.0,436.0,12424.0,12393.0
2025-11-03 22:45:00,2229.0,2230.0,2223.0,2224.0,129.0,12393.0,12340.0
2025-11-04 09:00:00,2224.0,2226.0,2220.0,2226.0,338.0,12340.0,12370.0
2025-11-04 09:15:00,2226.0,2235.0,2224.0,2233.0,196.0,12370.0,12365.0
2025-11-04 09:30:00,2233.0,2235.0,2231.0,2234.0,127.0,12365.0,12335.0
2025-11-04 09:45:00,2234.0,2234.0,2230.0,2233.0,50.0,12335.0,12355.0
2025-11-04 10:00:00,2233.0,2237.0,2233.0,2236.0,94.0,12355.0,12332.0
2025-11-04 10:30:00,2234.0,2238.0,2230.0,2231.0,364.0,12332.0,12391.0
2025-11-04 10:45:00,2231.0,2233.0,2226.0,2230.0,117.0,12391.0,12426.0
2025-11-04 11:00:00,2230.0,2234.0,2230.0,2231.0,43.0,12426.0,12400.0
2025-11-04 11:15:00,2231.0,2235.0,2230.0,2233.0,208.0,12400.0,12457.0
2025-11-04 13:30:00,2233.0,2235.0,2228.0,2229.0,57.0,12457.0,12491.0
2025-11-04 13:45:00,2229.0,2233.0,2228.0,2233.0,55.0,12491.0,12486.0
2025-11-04 14:00:00,2233.0,2233.0,2231.0,2233.0,21.0,12486.0,12471.0
2025-11-04 14:15:00,2233.0,2234.0,2231.0,2232.0,78.0,12471.0,12453.0
2025-11-04 14:30:00,2232.0,2235.0,2231.0,2232.0,69.0,12453.0,12450.0
2025-11-04 14:45:00,2232.0,2240.0,2227.0,2237.0,351.0,12450.0,12395.0
2025-11-04 21:00:00,2237.0,2244.0,2231.0,2232.0,363.0,12395.0,12453.0
2025-11-04 21:15:00,2232.0,2236.0,2231.0,2235.0,130.0,12453.0,12457.0
2025-11-04 21:30:00,2235.0,2235.0,2232.0,2234.0,132.0,12457.0,12411.0
2025-11-04 21:45:00,2234.0,2238.0,2234.0,2235.0,33.0,12411.0,12433.0
2025-11-04 22:00:00,2235.0,2235.0,2231.0,2231.0,21.0,12433.0,12432.0
2025-11-04 22:15:00,2231.0,2236.0,2231.0,2236.0,31.0,12432.0,12420.0
2025-11-04 22:30:00,2236.0,2236.0,2231.0,2233.0,88.0,12420.0,12452.0
2025-11-04 22:45:00,2233.0,2233.0,2229.0,2229.0,120.0,12452.0,12467.0
2025-11-05 09:00:00,2229.0,2233.0,2228.0,2229.0,65.0,12467.0,12481.0
2025-11-05 09:15:00,2229.0,2229.0,2219.0,2220.0,254.0,12481.0,12629.0
2025-11-05 09:30:00,2220.0,2225.0,2219.0,2225.0,42.0,12629.0,12617.0
2025-11-05 09:45:00,2225.0,2230.0,2225.0,2228.0,60.0,12617.0,12603.0
2025-11-05 10:00:00,2228.0,2228.0,2221.0,2221.0,118.0,12603.0,12657.0
2025-11-05 10:30:00,2221.0,2224.0,2220.0,2221.0,79.0,12657.0,12651.0
2025-11-05 10:45:00,2221.0,2221.0,2218.0,2218.0,116.0,12651.0,12709.0
2025-11-05 11:00:00,2218.0,2218.0,2207.0,2207.0,629.0,12709.0,13045.0
2025-11-05 11:15:00,2207.0,2216.0,2207.0,2213.0,231.0,13045.0,13171.0
2025-11-05 13:30:00,2215.0,2229.0,2215.0,2229.0,278.0,13171.0,13093.0
2025-11-05 13:45:00,2229.0,2239.0,2226.0,2236.0,495.0,13093.0,12888.0
2025-11-05 14:00:00,2236.0,2243.0,2228.0,2239.0,541.0,12888.0,12821.0
2025-11-05 14:15:00,2239.0,2239.0,2234.0,2236.0,44.0,12821.0,12831.0
2025-11-05 14:30:00,2236.0,2240.0,2236.0,2238.0,143.0,12831.0,12885.0
2025-11-05 14:45:00,2238.0,2239.0,2233.0,2239.0,178.0,12885.0,12996.0
2025-11-05 21:00:00,2236.0,2236.0,2222.0,2224.0,573.0,12996.0,12895.0
2025-11-05 21:15:00,2224.0,2228.0,2223.0,2228.0,95.0,12895.0,12937.0
2025-11-05 21:30:00,2228.0,2231.0,2226.0,2226.0,83.0,12937.0,12956.0
2025-11-05 21:45:00,2226.0,2227.0,2222.0,2223.0,55.0,12956.0,12990.0
2025-11-05 22:00:00,2223.0,2226.0,2223.0,2226.0,24.0,12990.0,13003.0
2025-11-05 22:15:00,2226.0,2226.0,2225.0,2225.0,18.0,13003.0,13016.0
2025-11-05 22:30:00,2225.0,2225.0,2221.0,2223.0,48.0,13016.0,13053.0
2025-11-05 22:45:00,2223.0,2224.0,2220.0,2222.0,64.0,13053.0,13097.0
2025-11-06 09:00:00,2222.0,2225.0,2218.0,2223.0,194.0,13097.0,13162.0
2025-11-06 09:15:00,2223.0,2227.0,2220.0,2220.0,113.0,13162.0,13215.0
2025-11-06 09:30:00,2220.0,2220.0,2213.0,2213.0,183.0,13215.0,13331.0
2025-11-06 09:45:00,2213.0,2214.0,2211.0,2212.0,125.0,13331.0,13403.0
2025-11-06 10:00:00,2212.0,2223.0,2210.0,2222.0,163.0,13403.0,13427.0
2025-11-06 10:30:00,2222.0,2226.0,2219.0,2221.0,167.0,13427.0,13435.0
2025-11-06 10:45:00,2221.0,2227.0,2221.0,2227.0,51.0,13435.0,13425.0
2025-11-06 11:00:00,2227.0,2228.0,2222.0,2222.0,53.0,13425.0,13424.0
2025-11-06 11:15:00,2222.0,2232.0,2222.0,2229.0,80.0,13424.0,13372.0
2025-11-06 13:30:00,2229.0,2232.0,2228.0,2230.0,64.0,13372.0,13374.0
2025-11-06 13:45:00,2230.0,2234.0,2230.0,2234.0,173.0,13374.0,13407.0
2025-11-06 14:00:00,2234.0,2236.0,2231.0,2231.0,101.0,13407.0,13398.0
2025-11-06 14:15:00,2231.0,2233.0,2230.0,2232.0,16.0,13398.0,13399.0
2025-11-06 14:30:00,2232.0,2232.0,2230.0,2232.0,15.0,13399.0,13400.0
2025-11-06 14:45:00,2232.0,2232.0,2230.0,2230.0,33.0,13400.0,13409.0
2025-11-06 21:00:00,2230.0,2230.0,2220.0,2224.0,185.0,13409.0,13428.0
2025-11-06 21:15:00,2224.0,2224.0,2220.0,2223.0,55.0,13428.0,13418.0
2025-11-06 21:30:00,2223.0,2230.0,2222.0,2229.0,133.0,13418.0,13371.0
2025-11-06 21:45:00,2229.0,2232.0,2225.0,2229.0,72.0,13371.0,13356.0
2025-11-06 22:00:00,2229.0,2229.0,2224.0,2227.0,95.0,13356.0,13387.0
2025-11-06 22:15:00,2227.0,2229.0,2224.0,2226.0,20.0,13387.0,13397.0
2025-11-06 22:30:00,2226.0,2229.0,2226.0,2228.0,45.0,13397.0,13422.0
2025-11-06 22:45:00,2228.0,2229.0,2227.0,2229.0,13.0,13422.0,13421.0
2025-11-07 09:00:00,2229.0,2230.0,2223.0,2226.0,39.0,13421.0,13419.0
2025-11-07 09:15:00,2226.0,2226.0,2222.0,2224.0,63.0,13419.0,13422.0
2025-11-07 09:30:00,2224.0,2230.0,2223.0,2230.0,70.0,13422.0,13418.0
2025-11-07 09:45:00,2230.0,2230.0,2225.0,2225.0,27.0,13418.0,13418.0
2025-11-07 10:00:00,2225.0,2227.0,2224.0,2226.0,22.0,13418.0,13424.0
2025-11-07 10:30:00,2226.0,2230.0,2226.0,2230.0,32.0,13424.0,13431.0
2025-11-07 10:45:00,2230.0,2230.0,2226.0,2228.0,30.0,13431.0,13431.0
2025-11-07 11:00:00,2228.0,2229.0,2225.0,2225.0,65.0,13431.0,13472.0
2025-11-07 11:15:00,2225.0,2228.0,2223.0,2227.0,122.0,13472.0,13509.0
2025-11-07 13:30:00,2227.0,2229.0,2225.0,2227.0,76.0,13509.0,13515.0
2025-11-07 13:45:00,2227.0,2229.0,2224.0,2225.0,58.0,13515.0,13555.0
2025-11-07 14:00:00,2225.0,2230.0,2225.0,2226.0,78.0,13555.0,13592.0
2025-11-07 14:15:00,2226.0,2229.0,2225.0,2225.0,45.0,13592.0,13602.0
2025-11-07 14:30:00,2225.0,2228.0,2225.0,2228.0,11.0,13602.0,13602.0
2025-11-07 14:45:00,2228.0,2230.0,2227.0,2228.0,32.0,13602.0,13580.0
2025-11-07 21:00:00,2228.0,2228.0,2222.0,2227.0,152.0,13580.0,13592.0
2025-11-07 21:15:00,2227.0,2229.0,2226.0,2227.0,55.0,13592.0,13581.0
2025-11-07 21:30:00,2227.0,2227.0,2223.0,2223.0,49.0,13581.0,13608.0
2025-11-07 21:45:00,2223.0,2225.0,2222.0,2222.0,51.0,13608.0,13617.0
2025-11-07 22:00:00,2222.0,2225.0,2222.0,2224.0,40.0,13617.0,13635.0
2025-11-07 22:15:00,2224.0,2224.0,2221.0,2221.0,85.0,13635.0,13685.0
2025-11-07 22:30:00,2221.0,2224.0,2220.0,2224.0,64.0,13685.0,13676.0
2025-11-07 22:45:00,2224.0,2225.0,2223.0,2225.0,23.0,13676.0,13655.0
2025-11-10 09:00:00,2225.0,2228.0,2220.0,2223.0,262.0,13655.0,13707.0
2025-11-10 09:15:00,2223.0,2225.0,2217.0,2218.0,675.0,13707.0,14197.0
2025-11-10 09:30:00,2218.0,2223.0,2218.0,2220.0,177.0,14197.0,14285.0
2025-11-10 09:45:00,2220.0,2220.0,2212.0,2215.0,235.0,14285.0,14440.0
2025-11-10 10:00:00,2215.0,2219.0,2213.0,2219.0,39.0,14440.0,14444.0
2025-11-10 10:30:00,2219.0,2219.0,2214.0,2217.0,42.0,14444.0,14463.0
2025-11-10 10:45:00,2217.0,2219.0,2215.0,2218.0,54.0,14463.0,14491.0
2025-11-10 11:00:00,2218.0,2226.0,2217.0,2225.0,142.0,14491.0,14444.0
2025-11-10 11:15:00,2225.0,2228.0,2225.0,2227.0,107.0,14444.0,14441.0
2025-11-10 13:30:00,2227.0,2232.0,2225.0,2232.0,104.0,14441.0,14385.0
2025-11-10 13:45:00,2232.0,2232.0,2224.0,2224.0,46.0,14385.0,14377.0
2025-11-10 14:00:00,2224.0,2232.0,2224.0,2231.0,177.0,14377.0,14314.0
2025-11-10 14:15:00,2231.0,2232.0,2230.0,2230.0,58.0,14314.0,14305.0
2025-11-10 14:30:00,2230.0,2230.0,2226.0,2227.0,26.0,14305.0,14305.0
2025-11-10 14:45:00,2227.0,2228.0,2222.0,2224.0,163.0,14305.0,14323.0
2025-11-10 21:00:00,2227.0,2227.0,2220.0,2221.0,149.0,14323.0,14399.0
2025-11-10 21:15:00,2221.0,2225.0,2221.0,2225.0,40.0,14399.0,14390.0
2025-11-10 21:30:00,2225.0,2227.0,2223.0,2227.0,59.0,14390.0,14381.0
2025-11-10 21:45:00,2227.0,2227.0,2224.0,2225.0,24.0,14381.0,14379.0
2025-11-10 22:00:00,2225.0,2226.0,2225.0,2226.0,4.0,14379.0,14379.0
2025-11-10 22:15:00,2226.0,2226.0,2224.0,2224.0,14.0,14379.0,14380.0
2025-11-10 22:30:00,2224.0,2226.0,2221.0,2226.0,56.0,14380.0,14395.0
2025-11-10 22:45:00,2226.0,2226.0,2224.0,2224.0,14.0,14395.0,14394.0
2025-11-11 09:00:00,2224.0,2229.0,2223.0,2229.0,70.0,14394.0,14407.0
2025-11-11 09:15:00,2229.0,2230.0,2227.0,2228.0,72.0,14407.0,14402.0
2025-11-11 09:30:00,2228.0,2230.0,2224.0,2226.0,35.0,14402.0,14420.0
2025-11-11 09:45:00,2226.0,2226.0,2222.0,2222.0,39.0,14420.0,14423.0
2025-11-11 10:00:00,2222.0,2225.0,2222.0,2225.0,21.0,14423.0,14437.0
2025-11-11 10:30:00,2225.0,2225.0,2218.0,2220.0,158.0,14437.0,14548.0
2025-11-11 10:45:00,2220.0,2223.0,2219.0,2222.0,49.0,14548.0,14570.0
2025-11-11 11:00:00,2222.0,2223.0,2220.0,2221.0,42.0,14570.0,14587.0
2025-11-11 11:15:00,2221.0,2222.0,2218.0,2219.0,84.0,14587.0,14627.0
2025-11-11 13:30:00,2219.0,2219.0,2215.0,2218.0,95.0,14627.0,14674.0
2025-11-11 13:45:00,2218.0,2220.0,2217.0,2218.0,10.0,14674.0,14675.0
2025-11-11 14:00:00,2218.0,2219.0,2217.0,2218.0,15.0,14675.0,14690.0
2025-11-11 14:15:00,2218.0,2225.0,2216.0,2224.0,82.0,14690.0,14673.0
2025-11-11 14:30:00,2224.0,2225.0,2219.0,2219.0,43.0,14673.0,14690.0
2025-11-11 14:45:00,2219.0,2219.0,2215.0,2218.0,232.0,14690.0,14795.0
2025-11-11 21:00:00,2218.0,2226.0,2217.0,2223.0,382.0,14795.0,14779.0
2025-11-11 21:15:00,2223.0,2226.0,2222.0,2222.0,208.0,14779.0,14800.0
2025-11-11 21:30:00,2222.0,2226.0,2222.0,2226.0,52.0,14800.0,14761.0
2025-11-11 21:45:00,2226.0,2226.0,2221.0,2225.0,36.0,14761.0,14744.0
2025-11-11 22:00:00,2225.0,2225.0,2223.0,2223.0,42.0,14744.0,14744.0
2025-11-11 22:15:00,2223.0,2223.0,2221.0,2221.0,28.0,14744.0,14756.0
2025-11-11 22:30:00,2221.0,2223.0,2221.0,2223.0,51.0,14756.0,14781.0
2025-11-11 22:45:00,2223.0,2224.0,2220.0,2221.0,150.0,14781.0,14829.0
2025-11-12 09:00:00,2221.0,2227.0,2220.0,2225.0,119.0,14829.0,14826.0
2025-11-12 09:15:00,2225.0,2230.0,2225.0,2227.0,111.0,14826.0,14808.0
2025-11-12 09:30:00,2227.0,2229.0,2226.0,2226.0,37.0,14808.0,14807.0
2025-11-12 09:45:00,2226.0,2229.0,2226.0,2229.0,71.0,14807.0,14812.0
2025-11-12 10:00:00,2229.0,2235.0,2227.0,2235.0,156.0,14812.0,14741.0
2025-11-12 10:30:00,2235.0,2235.0,2230.0,2232.0,178.0,14741.0,14697.0
2025-11-12 10:45:00,2232.0,2232.0,2227.0,2227.0,97.0,14697.0,14712.0
2025-11-12 11:00:00,2227.0,2228.0,2224.0,2227.0,76.0,14712.0,14720.0
2025-11-12 11:15:00,2227.0,2227.0,2223.0,2225.0,65.0,14720.0,14734.0
2025-11-12 13:30:00,2224.0,2226.0,2224.0,2224.0,27.0,14734.0,14741.0
2025-11-12 13:45:00,2224.0,2227.0,2224.0,2227.0,21.0,14741.0,14736.0
2025-11-12 14:00:00,2227.0,2227.0,2225.0,2226.0,7.0,14736.0,14736.0
2025-11-12 14:15:00,2226.0,2233.0,2226.0,2232.0,153.0,14736.0,14657.0
2025-11-12 14:30:00,2232.0,2234.0,2230.0,2232.0,51.0,14657.0,14620.0
2025-11-12 14:45:00,2232.0,2233.0,2230.0,2233.0,25.0,14620.0,14622.0
2025-11-12 21:00:00,2231.0,2231.0,2225.0,2228.0,91.0,14622.0,14617.0
2025-11-12 21:15:00,2228.0,2233.0,2226.0,2232.0,73.0,14617.0,14597.0
2025-11-12 21:30:00,2232.0,2237.0,2232.0,2234.0,209.0,14597.0,14442.0
2025-11-12 21:45:00,2234.0,2245.0,2233.0,2240.0,250.0,14442.0,14347.0
2025-11-12 22:00:00,2240.0,2241.0,2234.0,2236.0,65.0,14347.0,14337.0
2025-11-12 22:15:00,2236.0,2236.0,2232.0,2233.0,88.0,14337.0,14323.0
2025-11-12 22:30:00,2233.0,2235.0,2233.0,2233.0,29.0,14323.0,14326.0
2025-11-12 22:45:00,2233.0,2233.0,2230.0,2231.0,63.0,14326.0,14314.0
2025-11-13 09:00:00,2231.0,2231.0,2221.0,2221.0,463.0,14314.0,14292.0
2025-11-13 09:15:00,2221.0,2228.0,2221.0,2228.0,65.0,14292.0,14290.0
2025-11-13 09:30:00,2228.0,2232.0,2228.0,2231.0,88.0,14290.0,14286.0
2025-11-13 09:45:00,2231.0,2231.0,2227.0,2230.0,21.0,14286.0,14283.0
2025-11-13 10:00:00,2230.0,2234.0,2230.0,2233.0,94.0,14283.0,14217.0
2025-11-13 10:30:00,2233.0,2236.0,2230.0,2236.0,137.0,14217.0,14165.0
2025-11-13 10:45:00,2236.0,2236.0,2232.0,2232.0,60.0,14165.0,14178.0
2025-11-13 11:00:00,2232.0,2236.0,2232.0,2236.0,16.0,14178.0,14169.0
2025-11-13 11:15:00,2236.0,2236.0,2228.0,2228.0,62.0,14169.0,14188.0
2025-11-13 13:30:00,2228.0,2233.0,2228.0,2232.0,88.0,14188.0,14197.0
2025-11-13 13:45:00,2232.0,2232.0,2228.0,2231.0,24.0,14197.0,14198.0
2025-11-13 14:00:00,2231.0,2232.0,2229.0,2232.0,28.0,14198.0,14196.0
2025-11-13 14:15:00,2232.0,2232.0,2227.0,2227.0,63.0,14196.0,14188.0
2025-11-13 14:30:00,2227.0,2229.0,2227.0,2228.0,16.0,14188.0,14186.0
2025-11-13 14:45:00,2228.0,2232.0,2227.0,2231.0,54.0,14186.0,14173.0
2025-11-13 21:00:00,2233.0,2234.0,2228.0,2229.0,126.0,14173.0,14132.0
2025-11-13 21:15:00,2229.0,2232.0,2229.0,2231.0,21.0,14132.0,14137.0
2025-11-13 21:30:00,2231.0,2231.0,2227.0,2228.0,92.0,14137.0,14179.0
2025-11-13 21:45:00,2228.0,2231.0,2228.0,2231.0,35.0,14179.0,14162.0
2025-11-13 22:00:00,2231.0,2232.0,2230.0,2230.0,20.0,14162.0,14161.0
2025-11-13 22:15:00,2230.0,2232.0,2230.0,2230.0,20.0,14161.0,14150.0
2025-11-13 22:30:00,2230.0,2232.0,2230.0,2232.0,17.0,14150.0,14138.0
2025-11-13 22:45:00,2232.0,2232.0,2230.0,2232.0,16.0,14138.0,14134.0
2025-11-14 09:00:00,2232.0,2232.0,2227.0,2227.0,88.0,14134.0,14139.0
2025-11-14 09:15:00,2227.0,2228.0,2225.0,2226.0,212.0,14139.0,14281.0
2025-11-14 09:30:00,2226.0,2229.0,2224.0,2228.0,116.0,14281.0,14324.0
2025-11-14 09:45:00,2228.0,2233.0,2228.0,2229.0,130.0,14324.0,14275.0
2025-11-14 10:00:00,2229.0,2230.0,2224.0,2225.0,303.0,14275.0,14143.0
2025-11-14 10:30:00,2225.0,2226.0,2220.0,2224.0,281.0,14143.0,14198.0
2025-11-14 10:45:00,2224.0,2224.0,2215.0,2215.0,426.0,14198.0,14365.0
2025-11-14 11:00:00,2215.0,2216.0,2211.0,2211.0,401.0,14365.0,14436.0
2025-11-14 11:15:00,2211.0,2214.0,2209.0,2211.0,400.0,14436.0,14659.0
2025-11-14 13:30:00,2211.0,2212.0,2207.0,2208.0,386.0,14659.0,14852.0
2025-11-14 13:45:00,2208.0,2211.0,2206.0,2210.0,316.0,14852.0,14942.0
2025-11-14 14:00:00,2210.0,2212.0,2209.0,2211.0,172.0,14942.0,15057.0
2025-11-14 14:15:00,2211.0,2212.0,2209.0,2210.0,248.0,15057.0,15115.0
2025-11-14 14:30:00,2210.0,2211.0,2207.0,2208.0,332.0,15115.0,15197.0
2025-11-14 14:45:00,2208.0,2208.0,2201.0,2202.0,628.0,15197.0,15600.0
2025-11-14 21:00:00,2197.0,2208.0,2196.0,2199.0,883.0,15600.0,15738.0
2025-11-14 21:15:00,2199.0,2203.0,2199.0,2200.0,213.0,15738.0,15658.0
2025-11-14 21:30:00,2200.0,2202.0,2195.0,2196.0,293.0,15658.0,15638.0
2025-11-14 21:45:00,2196.0,2198.0,2195.0,2197.0,288.0,15638.0,15610.0
2025-11-14 22:00:00,2197.0,2198.0,2193.0,2194.0,303.0,15610.0,15732.0
2025-11-14 22:15:00,2194.0,2195.0,2191.0,2193.0,459.0,15732.0,15817.0
2025-11-14 22:30:00,2193.0,2195.0,2190.0,2195.0,550.0,15817.0,15864.0
2025-11-14 22:45:00,2195.0,2200.0,2195.0,2200.0,177.0,15864.0,15826.0
2025-11-17 09:00:00,2200.0,2202.0,2194.0,2199.0,512.0,15826.0,15689.0
2025-11-17 09:15:00,2199.0,2201.0,2197.0,2200.0,116.0,15689.0,15735.0
2025-11-17 09:30:00,2200.0,2205.0,2199.0,2203.0,231.0,15735.0,15719.0
2025-11-17 09:45:00,2203.0,2205.0,2200.0,2203.0,179.0,15719.0,15736.0
2025-11-17 10:00:00,2203.0,2203.0,2198.0,2198.0,180.0,15736.0,15740.0
2025-11-17 10:30:00,2198.0,2199.0,2192.0,2195.0,324.0,15740.0,15901.0
2025-11-17 10:45:00,2195.0,2197.0,2193.0,2197.0,197.0,15901.0,15745.0
2025-11-17 11:00:00,2197.0,2200.0,2197.0,2197.0,101.0,15745.0,15705.0
2025-11-17 11:15:00,2197.0,2201.0,2196.0,2200.0,66.0,15705.0,15710.0
2025-11-17 13:30:00,2200.0,2205.0,2198.0,2203.0,174.0,15710.0,15672.0
2025-11-17 13:45:00,2203.0,2203.0,2198.0,2203.0,101.0,15672.0,15686.0
2025-11-17 14:00:00,2203.0,2205.0,2201.0,2203.0,216.0,15686.0,15557.0
2025-11-17 14:15:00,2203.0,2203.0,2197.0,2200.0,253.0,15557.0,15531.0
2025-11-17 14:30:00,2200.0,2201.0,2198.0,2199.0,395.0,15531.0,15471.0
2025-11-17 14:45:00,2199.0,2201.0,2197.0,2200.0,67.0,15471.0,15502.0
2025-11-17 21:00:00,2201.0,2203.0,2198.0,2199.0,224.0,15502.0,15539.0
2025-11-17 21:15:00,2199.0,2200.0,2196.0,2196.0,84.0,15539.0,15575.0
2025-11-17 21:30:00,2196.0,2198.0,2194.0,2197.0,306.0,15575.0,15611.0
2025-11-17 21:45:00,2197.0,2197.0,2193.0,2196.0,85.0,15611.0,15645.0
2025-11-17 22:00:00,2196.0,2197.0,2194.0,2197.0,52.0,15645.0,15623.0
2025-11-17 22:15:00,2197.0,2197.0,2192.0,2196.0,72.0,15623.0,15652.0
2025-11-17 22:30:00,2196.0,2198.0,2192.0,2195.0,266.0,15652.0,15652.0
2025-11-17 22:45:00,2195.0,2199.0,2193.0,2193.0,300.0,15652.0,15625.0
2025-11-18 09:00:00,2193.0,2201.0,2193.0,2196.0,640.0,15625.0,15561.0
2025-11-18 09:15:00,2196.0,2205.0,2196.0,2204.0,450.0,15561.0,15500.0
2025-11-18 09:30:00,2204.0,2205.0,2201.0,2203.0,151.0,15500.0,15470.0
2025-11-18 09:45:00,2203.0,2203.0,2200.0,2203.0,136.0,15470.0,15403.0
2025-11-18 10:00:00,2203.0,2206.0,2200.0,2203.0,288.0,15403.0,15339.0
2025-11-18 10:30:00,2203.0,2206.0,2203.0,2206.0,339.0,15339.0,15260.0
2025-11-18 10:45:00,2206.0,2208.0,2203.0,2206.0,114.0,15260.0,15267.0
2025-11-18 11:00:00,2206.0,2206.0,2200.0,2203.0,417.0,15267.0,15274.0
2025-11-18 11:15:00,2203.0,2204.0,2199.0,2200.0,93.0,15274.0,15301.0
2025-11-18 13:30:00,2200.0,2202.0,2199.0,2199.0,298.0,15301.0,15321.0
2025-11-18 13:45:00,2199.0,2204.0,2199.0,2202.0,270.0,15321.0,15323.0
2025-11-18 14:00:00,2202.0,2202.0,2197.0,2198.0,174.0,15323.0,15350.0
2025-11-18 14:15:00,2198.0,2201.0,2196.0,2201.0,229.0,15350.0,15367.0
2025-11-18 14:30:00,2201.0,2201.0,2196.0,2201.0,63.0,15367.0,15330.0
2025-11-18 14:45:00,2201.0,2204.0,2201.0,2204.0,133.0,15330.0,15263.0
2025-11-18 21:00:00,2200.0,2209.0,2200.0,2209.0,581.0,15263.0,15364.0
2025-11-18 21:15:00,2209.0,2211.0,2207.0,2209.0,322.0,15364.0,15485.0
2025-11-18 21:30:00,2209.0,2216.0,2209.0,2212.0,320.0,15485.0,15545.0
2025-11-18 21:45:00,2212.0,2215.0,2209.0,2212.0,151.0,15545.0,15560.0
2025-11-18 22:00:00,2212.0,2214.0,2210.0,2212.0,102.0,15560.0,15593.0
2025-11-18 22:15:00,2212.0,2215.0,2212.0,2214.0,170.0,15593.0,15591.0
2025-11-18 22:30:00,2214.0,2214.0,2208.0,2208.0,38.0,15591.0,15613.0
2025-11-18 22:45:00,2208.0,2211.0,2206.0,2210.0,257.0,15613.0,15797.0
2025-11-19 09:00:00,2210.0,2212.0,2206.0,2207.0,173.0,15797.0,15856.0
2025-11-19 09:15:00,2207.0,2208.0,2203.0,2203.0,519.0,15856.0,16194.0
2025-11-19 09:30:00,2203.0,2209.0,2203.0,2206.0,122.0,16194.0,16251.0
2025-11-19 09:45:00,2206.0,2207.0,2200.0,2203.0,166.0,16251.0,16318.0
2025-11-19 10:00:00,2203.0,2203.0,2194.0,2196.0,358.0,16318.0,16489.0
2025-11-19 10:30:00,2196.0,2202.0,2192.0,2202.0,442.0,16489.0,16668.0
2025-11-19 10:45:00,2202.0,2206.0,2199.0,2205.0,196.0,16668.0,16667.0
2025-11-19 11:00:00,2205.0,2205.0,2202.0,2204.0,17.0,16667.0,16668.0
2025-11-19 11:15:00,2204.0,2205.0,2200.0,2205.0,45.0,16668.0,16690.0
2025-11-19 13:30:00,2205.0,2207.0,2204.0,2206.0,32.0,16690.0,16688.0
2025-11-19 13:45:00,2206.0,2208.0,2201.0,2202.0,89.0,16688.0,16642.0
2025-11-19 14:00:00,2202.0,2203.0,2199.0,2200.0,55.0,16642.0,16648.0
2025-11-19 14:15:00,2200.0,2210.0,2200.0,2207.0,321.0,16648.0,16736.0
2025-11-19 14:30:00,2207.0,2212.0,2203.0,2204.0,246.0,16736.0,16821.0
2025-11-19 14:45:00,2204.0,2207.0,2204.0,2206.0,12.0,16821.0,16818.0
2025-11-19 21:00:00,2206.0,2206.0,2196.0,2197.0,844.0,16818.0,17336.0
2025-11-19 21:15:00,2197.0,2199.0,2192.0,2194.0,645.0,17336.0,17627.0
2025-11-19 21:30:00,2194.0,2194.0,2190.0,2192.0,314.0,17627.0,17762.0
2025-11-19 21:45:00,2192.0,2196.0,2191.0,2194.0,271.0,17762.0,17917.0
2025-11-19 22:00:00,2194.0,2200.0,2193.0,2200.0,684.0,17917.0,18093.0
2025-11-19 22:15:00,2200.0,2200.0,2196.0,2197.0,66.0,18093.0,18114.0
2025-11-19 22:30:00,2197.0,2198.0,2196.0,2198.0,24.0,18114.0,18129.0
2025-11-19 22:45:00,2198.0,2199.0,2194.0,2195.0,61.0,18129.0,18134.0
2025-11-20 09:00:00,2195.0,2197.0,2193.0,2194.0,144.0,18134.0,18076.0
2025-11-20 09:15:00,2194.0,2198.0,2192.0,2197.0,128.0,18076.0,18094.0
2025-11-20 09:30:00,2197.0,2204.0,2195.0,2203.0,299.0,18094.0,18156.0
2025-11-20 09:45:00,2203.0,2207.0,2201.0,2205.0,185.0,18156.0,18091.0
2025-11-20 10:00:00,2205.0,2207.0,2202.0,2203.0,45.0,18091.0,18084.0
2025-11-20 10:30:00,2203.0,2206.0,2201.0,2202.0,61.0,18084.0,18084.0
2025-11-20 10:45:00,2202.0,2204.0,2199.0,2204.0,50.0,18084.0,18086.0
2025-11-20 11:00:00,2204.0,2213.0,2204.0,2209.0,465.0,18086.0,17791.0
2025-11-20 11:15:00,2209.0,2216.0,2206.0,2213.0,118.0,17791.0,17794.0
2025-11-20 13:30:00,2213.0,2216.0,2210.0,2216.0,233.0,17794.0,17851.0
2025-11-20 13:45:00,2216.0,2216.0,2211.0,2213.0,78.0,17851.0,17832.0
2025-11-20 14:00:00,2213.0,2213.0,2208.0,2211.0,283.0,17832.0,17768.0
2025-11-20 14:15:00,2211.0,2211.0,2208.0,2210.0,150.0,17768.0,17718.0
2025-11-20 14:30:00,2210.0,2211.0,2207.0,2211.0,65.0,17718.0,17701.0
2025-11-20 14:45:00,2211.0,2212.0,2206.0,2210.0,133.0,17701.0,17729.0
2025-11-20 21:00:00,2211.0,2216.0,2205.0,2214.0,325.0,17729.0,17762.0
2025-11-20 21:15:00,2214.0,2215.0,2212.0,2212.0,82.0,17762.0,17769.0
2025-11-20 21:30:00,2212.0,2214.0,2212.0,2214.0,35.0,17769.0,17773.0
2025-11-20 21:45:00,2214.0,2217.0,2213.0,2213.0,172.0,17773.0,17669.0
2025-11-20 22:00:00,2213.0,2213.0,2209.0,2210.0,54.0,17669.0,17663.0
2025-11-20 22:15:00,2210.0,2211.0,2207.0,2207.0,47.0,17663.0,17675.0
2025-11-20 22:30:00,2207.0,2210.0,2207.0,2210.0,11.0,17675.0,17672.0
2025-11-20 22:45:00,2210.0,2212.0,2209.0,2209.0,36.0,17672.0,17675.0
2025-11-21 09:00:00,2206.0,2213.0,2202.0,2213.0,298.0,17675.0,17788.0
2025-11-21 09:15:00,2213.0,2213.0,2206.0,2207.0,125.0,17788.0,17879.0
2025-11-21 09:30:00,2207.0,2209.0,2206.0,2206.0,77.0,17879.0,17915.0
2025-11-21 09:45:00,2206.0,2211.0,2206.0,2210.0,83.0,17915.0,17879.0
2025-11-21 10:00:00,2210.0,2210.0,2203.0,2204.0,84.0,17879.0,17882.0
2025-11-21 10:30:00,2204.0,2207.0,2202.0,2205.0,72.0,17882.0,17884.0
2025-11-21 10:45:00,2205.0,2208.0,2204.0,2206.0,93.0,17884.0,17910.0
2025-11-21 11:00:00,2206.0,2210.0,2206.0,2207.0,63.0,17910.0,17913.0
2025-11-21 11:15:00,2207.0,2214.0,2207.0,2212.0,219.0,17913.0,17824.0
2025-11-21 13:30:00,2212.0,2215.0,2211.0,2211.0,91.0,17824.0,17796.0
2025-11-21 13:45:00,2211.0,2212.0,2209.0,2210.0,56.0,17796.0,17805.0
2025-11-21 14:00:00,2210.0,2211.0,2208.0,2210.0,41.0,17805.0,17797.0
2025-11-21 14:15:00,2210.0,2210.0,2205.0,2206.0,150.0,17797.0,17810.0
2025-11-21 14:30:00,2206.0,2208.0,2204.0,2204.0,53.0,17810.0,17797.0
2025-11-21 14:45:00,2204.0,2205.0,2201.0,2201.0,143.0,17797.0,17815.0
2025-11-21 21:00:00,2205.0,2207.0,2198.0,2206.0,692.0,17815.0,17898.0
2025-11-21 21:15:00,2206.0,2209.0,2204.0,2206.0,179.0,17898.0,17786.0
2025-11-21 21:30:00,2206.0,2206.0,2202.0,2203.0,172.0,17786.0,17815.0
2025-11-21 21:45:00,2203.0,2204.0,2201.0,2202.0,75.0,17815.0,17818.0
2025-11-21 22:00:00,2202.0,2205.0,2201.0,2204.0,123.0,17818.0,17910.0
2025-11-21 22:15:00,2204.0,2204.0,2200.0,2202.0,28.0,17910.0,17928.0
2025-11-21 22:30:00,2202.0,2202.0,2197.0,2198.0,154.0,17928.0,17921.0
2025-11-21 22:45:00,2198.0,2202.0,2198.0,2201.0,106.0,17921.0,17868.0
2025-11-24 09:00:00,2201.0,2218.0,2195.0,2218.0,4767.0,17868.0,18062.0
2025-11-24 09:15:00,2218.0,2220.0,2207.0,2209.0,866.0,18062.0,18168.0
2025-11-24 09:30:00,2209.0,2211.0,2206.0,2211.0,890.0,18168.0,18239.0
2025-11-24 09:45:00,2211.0,2215.0,2210.0,2212.0,391.0,18239.0,18297.0
2025-11-24 10:00:00,2212.0,2217.0,2211.0,2211.0,555.0,18297.0,18209.0
2025-11-24 10:30:00,2212.0,2225.0,2212.0,2224.0,1984.0,18209.0,17821.0
2025-11-24 10:45:00,2224.0,2226.0,2212.0,2219.0,908.0,17821.0,17657.0
2025-11-24 11:00:00,2219.0,2220.0,2215.0,2216.0,770.0,17657.0,17311.0
2025-11-24 11:15:00,2216.0,2224.0,2216.0,2224.0,426.0,17311.0,17269.0
2025-11-24 13:30:00,2224.0,2225.0,2219.0,2223.0,210.0,17269.0,17251.0
2025-11-24 13:45:00,2223.0,2232.0,2222.0,2226.0,815.0,17251.0,17438.0
2025-11-24 14:00:00,2226.0,2228.0,2224.0,2227.0,652.0,17438.0,17546.0
2025-11-24 14:15:00,2227.0,2230.0,2226.0,2227.0,339.0,17546.0,17585.0
2025-11-24 14:30:00,2227.0,2228.0,2221.0,2222.0,1217.0,17585.0,18145.0
2025-11-24 14:45:00,2222.0,2224.0,2220.0,2222.0,362.0,18145.0,18160.0
2025-11-24 21:00:00,2220.0,2229.0,2217.0,2226.0,492.0,18160.0,18166.0
2025-11-24 21:15:00,2226.0,2232.0,2224.0,2231.0,245.0,18166.0,18220.0
2025-11-24 21:30:00,2231.0,2232.0,2229.0,2232.0,556.0,18220.0,18348.0
2025-11-24 21:45:00,2232.0,2237.0,2231.0,2233.0,327.0,18348.0,18477.0
2025-11-24 22:00:00,2233.0,2235.0,2229.0,2231.0,315.0,18477.0,18568.0
2025-11-24 22:15:00,2231.0,2231.0,2229.0,2230.0,15.0,18568.0,18573.0
2025-11-24 22:30:00,2230.0,2233.0,2228.0,2232.0,530.0,18573.0,18951.0
2025-11-24 22:45:00,2232.0,2233.0,2231.0,2233.0,42.0,18951.0,18959.0
2025-11-25 09:00:00,2234.0,2236.0,2217.0,2222.0,585.0,18959.0,19177.0
2025-11-25 09:15:00,2222.0,2224.0,2221.0,2222.0,109.0,19177.0,19159.0
2025-11-25 09:30:00,2222.0,2222.0,2220.0,2221.0,77.0,19159.0,19185.0
2025-11-25 09:45:00,2221.0,2225.0,2220.0,2223.0,38.0,19185.0,19189.0
2025-11-25 10:00:00,2223.0,2225.0,2221.0,2223.0,90.0,19189.0,19193.0
2025-11-25 10:30:00,2223.0,2230.0,2223.0,2230.0,180.0,19193.0,19205.0
2025-11-25 10:45:00,2230.0,2230.0,2221.0,2222.0,231.0,19205.0,19360.0
2025-11-25 11:00:00,2222.0,2225.0,2221.0,2225.0,43.0,19360.0,19368.0
2025-11-25 11:15:00,2225.0,2227.0,2225.0,2227.0,79.0,19368.0,19391.0
2025-11-25 13:30:00,2227.0,2227.0,2224.0,2225.0,55.0,19391.0,19393.0
2025-11-25 13:45:00,2225.0,2225.0,2221.0,2222.0,81.0,19393.0,19422.0
2025-11-25 14:00:00,2222.0,2222.0,2220.0,2222.0,61.0,19422.0,19453.0
2025-11-25 14:15:00,2222.0,2224.0,2220.0,2222.0,85.0,19453.0,19488.0
2025-11-25 14:30:00,2222.0,2222.0,2215.0,2216.0,291.0,19488.0,19525.0
2025-11-25 14:45:00,2216.0,2221.0,2216.0,2219.0,147.0,19525.0,19549.0
2025-11-25 21:00:00,2225.0,2233.0,2219.0,2222.0,911.0,19549.0,19731.0
2025-11-25 21:15:00,2222.0,2228.0,2221.0,2224.0,471.0,19731.0,19937.0
2025-11-25 21:30:00,2224.0,2226.0,2220.0,2226.0,107.0,19937.0,19964.0
2025-11-25 21:45:00,2226.0,2226.0,2223.0,2223.0,33.0,19964.0,19982.0
2025-11-25 22:00:00,2223.0,2223.0,2219.0,2221.0,255.0,19982.0,20066.0
2025-11-25 22:15:00,2221.0,2221.0,2220.0,2221.0,54.0,20066.0,20047.0
2025-11-25 22:30:00,2221.0,2221.0,2217.0,2217.0,68.0,20047.0,20071.0
2025-11-25 22:45:00,2217.0,2222.0,2215.0,2221.0,719.0,20071.0,19809.0
2025-11-26 09:00:00,2222.0,2236.0,2222.0,2230.0,1945.0,19809.0,20125.0
2025-11-26 09:15:00,2230.0,2234.0,2224.0,2226.0,1562.0,20125.0,20982.0
2025-11-26 09:30:00,2226.0,2228.0,2221.0,2223.0,1135.0,20982.0,21339.0
2025-11-26 09:45:00,2223.0,2224.0,2219.0,2224.0,417.0,21339.0,21431.0
2025-11-26 10:00:00,2224.0,2225.0,2221.0,2225.0,79.0,21431.0,21440.0
2025-11-26 10:30:00,2225.0,2225.0,2220.0,2223.0,214.0,21440.0,21499.0
2025-11-26 10:45:00,2223.0,2225.0,2223.0,2224.0,270.0,21499.0,21543.0
2025-11-26 11:00:00,2224.0,2225.0,2220.0,2220.0,164.0,21543.0,21542.0
2025-11-26 11:15:00,2220.0,2224.0,2220.0,2222.0,64.0,21542.0,21526.0
2025-11-26 13:30:00,2222.0,2223.0,2216.0,2219.0,224.0,21526.0,21625.0
2025-11-26 13:45:00,2219.0,2222.0,2217.0,2220.0,69.0,21625.0,21636.0
2025-11-26 14:00:00,2220.0,2221.0,2217.0,2221.0,129.0,21636.0,21650.0
2025-11-26 14:15:00,2221.0,2222.0,2218.0,2221.0,220.0,21650.0,21805.0
2025-11-26 14:30:00,2221.0,2221.0,2218.0,2218.0,181.0,21805.0,21822.0
2025-11-26 14:45:00,2218.0,2219.0,2216.0,2218.0,611.0,21822.0,21633.0
2025-11-26 21:00:00,2220.0,2225.0,2212.0,2212.0,1552.0,21633.0,21572.0
2025-11-26 21:15:00,2212.0,2215.0,2209.0,2215.0,673.0,21572.0,21526.0
2025-11-26 21:30:00,2215.0,2221.0,2213.0,2219.0,1121.0,21526.0,21464.0
2025-11-26 21:45:00,2219.0,2222.0,2217.0,2221.0,509.0,21464.0,21394.0
2025-11-26 22:00:00,2221.0,2228.0,2221.0,2228.0,1196.0,21394.0,20938.0
2025-11-26 22:15:00,2228.0,2229.0,2222.0,2223.0,1692.0,20938.0,19978.0
2025-11-26 22:30:00,2223.0,2225.0,2222.0,2223.0,333.0,19978.0,19790.0
2025-11-26 22:45:00,2223.0,2225.0,2222.0,2223.0,101.0,19790.0,19783.0
2025-11-27 09:00:00,2224.0,2224.0,2214.0,2215.0,844.0,19783.0,19708.0
2025-11-27 09:15:00,2215.0,2220.0,2213.0,2215.0,386.0,19708.0,19573.0
2025-11-27 09:30:00,2215.0,2218.0,2213.0,2216.0,220.0,19573.0,19486.0
2025-11-27 09:45:00,2216.0,2221.0,2214.0,2218.0,243.0,19486.0,19424.0
2025-11-27 10:00:00,2218.0,2221.0,2217.0,2218.0,71.0,19424.0,19409.0
2025-11-27 10:30:00,2219.0,2219.0,2215.0,2217.0,69.0,19409.0,19427.0
2025-11-27 10:45:00,2217.0,2219.0,2215.0,2217.0,52.0,19427.0,19426.0
2025-11-27 11:00:00,2217.0,2217.0,2215.0,2215.0,74.0,19426.0,19446.0
2025-11-27 11:15:00,2215.0,2218.0,2213.0,2214.0,151.0,19446.0,19406.0
2025-11-27 13:30:00,2214.0,2216.0,2213.0,2215.0,89.0,19406.0,19396.0
2025-11-27 13:45:00,2215.0,2216.0,2215.0,2215.0,48.0,19396.0,19373.0
2025-11-27 14:00:00,2215.0,2216.0,2213.0,2216.0,30.0,19373.0,19373.0
2025-11-27 14:15:00,2216.0,2218.0,2215.0,2217.0,48.0,19373.0,19376.0
2025-11-27 14:30:00,2217.0,2218.0,2214.0,2216.0,84.0,19376.0,19337.0
2025-11-27 14:45:00,2216.0,2219.0,2216.0,2217.0,89.0,19337.0,19369.0
2025-11-27 21:00:00,2219.0,2222.0,2215.0,2219.0,363.0,19369.0,19369.0
2025-11-27 21:15:00,2219.0,2220.0,2217.0,2219.0,77.0,19369.0,19375.0
2025-11-27 21:30:00,2219.0,2221.0,2218.0,2221.0,129.0,19375.0,19348.0
2025-11-27 21:45:00,2221.0,2225.0,2219.0,2220.0,227.0,19348.0,19317.0
2025-11-27 22:00:00,2220.0,2222.0,2219.0,2221.0,29.0,19317.0,19322.0
2025-11-27 22:15:00,2221.0,2224.0,2220.0,2222.0,66.0,19322.0,19343.0
2025-11-27 22:30:00,2222.0,2223.0,2220.0,2222.0,42.0,19343.0,19349.0
2025-11-27 22:45:00,2222.0,2222.0,2220.0,2222.0,77.0,19349.0,19351.0
2025-11-28 09:00:00,2222.0,2222.0,2221.0,2222.0,61.0,19351.0,19371.0
2025-11-28 09:15:00,2222.0,2223.0,2217.0,2217.0,135.0,19371.0,19459.0
2025-11-28 09:30:00,2217.0,2220.0,2211.0,2213.0,413.0,19459.0,19552.0
2025-11-28 09:45:00,2213.0,2216.0,2213.0,2213.0,67.0,19552.0,19549.0
2025-11-28 10:00:00,2213.0,2222.0,2213.0,2218.0,189.0,19549.0,19577.0
2025-11-28 10:30:00,2218.0,2223.0,2218.0,2219.0,133.0,19577.0,19528.0
2025-11-28 10:45:00,2219.0,2221.0,2218.0,2218.0,132.0,19528.0,19422.0
2025-11-28 11:00:00,2218.0,2223.0,2218.0,2222.0,244.0,19422.0,19403.0
2025-11-28 11:15:00,2222.0,2224.0,2221.0,2223.0,195.0,19403.0,19440.0
2025-11-28 13:30:00,2223.0,2225.0,2221.0,2225.0,219.0,19440.0,19464.0
2025-11-28 13:45:00,2225.0,2225.0,2223.0,2224.0,40.0,19464.0,19462.0
2025-11-28 14:00:00,2224.0,2224.0,2220.0,2221.0,119.0,19462.0,19535.0
2025-11-28 14:15:00,2221.0,2222.0,2220.0,2221.0,84.0,19535.0,19584.0
2025-11-28 14:30:00,2221.0,2224.0,2221.0,2222.0,59.0,19584.0,19600.0
2025-11-28 14:45:00,2222.0,2224.0,2221.0,2223.0,149.0,19600.0,19604.0
2025-11-28 21:00:00,2223.0,2223.0,2211.0,2217.0,444.0,19604.0,19610.0
2025-11-28 21:15:00,2217.0,2220.0,2217.0,2219.0,82.0,19610.0,19627.0
2025-11-28 21:30:00,2219.0,2221.0,2215.0,2216.0,144.0,19627.0,19642.0
2025-11-28 21:45:00,2216.0,2218.0,2215.0,2215.0,88.0,19642.0,19662.0
2025-11-28 22:00:00,2215.0,2217.0,2215.0,2216.0,106.0,19662.0,19694.0
2025-11-28 22:15:00,2216.0,2217.0,2215.0,2215.0,40.0,19694.0,19682.0
2025-11-28 22:30:00,2215.0,2218.0,2215.0,2217.0,67.0,19682.0,19658.0
2025-11-28 22:45:00,2217.0,2222.0,2217.0,2221.0,135.0,19658.0,19633.0
2025-12-01 09:00:00,2221.0,2225.0,2219.0,2225.0,837.0,19633.0,19660.0
2025-12-01 09:15:00,2225.0,2228.0,2223.0,2224.0,487.0,19660.0,19930.0
2025-12-01 09:30:00,2224.0,2228.0,2223.0,2227.0,779.0,19930.0,20232.0
2025-12-01 09:45:00,2227.0,2232.0,2225.0,2230.0,402.0,20232.0,20228.0
2025-12-01 10:00:00,2230.0,2231.0,2228.0,2229.0,89.0,20228.0,20251.0
2025-12-01 10:30:00,2229.0,2232.0,2228.0,2228.0,317.0,20251.0,20456.0
2025-12-01 10:45:00,2228.0,2231.0,2227.0,2230.0,62.0,20456.0,20488.0
2025-12-01 11:00:00,2230.0,2232.0,2228.0,2228.0,33.0,20488.0,20499.0
2025-12-01 11:15:00,2228.0,2231.0,2227.0,2231.0,56.0,20499.0,20514.0
2025-12-01 13:30:00,2231.0,2232.0,2229.0,2229.0,115.0,20514.0,20486.0
2025-12-01 13:45:00,2229.0,2230.0,2226.0,2228.0,159.0,20486.0,20546.0
2025-12-01 14:00:00,2228.0,2229.0,2227.0,2228.0,64.0,20546.0,20573.0
2025-12-01 14:15:00,2228.0,2234.0,2227.0,2232.0,228.0,20573.0,20593.0
2025-12-01 14:30:00,2232.0,2234.0,2230.0,2233.0,136.0,20593.0,20560.0
2025-12-01 14:45:00,2233.0,2242.0,2233.0,2237.0,315.0,20560.0,20639.0
2025-12-01 21:00:00,2236.0,2248.0,2235.0,2236.0,1348.0,20639.0,21143.0
2025-12-01 21:15:00,2236.0,2239.0,2231.0,2234.0,1136.0,21143.0,21154.0
2025-12-01 21:30:00,2234.0,2234.0,2226.0,2230.0,623.0,21154.0,21338.0
2025-12-01 21:45:00,2230.0,2233.0,2229.0,2230.0,171.0,21338.0,21377.0
2025-12-01 22:00:00,2230.0,2233.0,2228.0,2231.0,189.0,21377.0,21420.0
2025-12-01 22:15:00,2231.0,2236.0,2231.0,2233.0,179.0,21420.0,21449.0
2025-12-01 22:30:00,2233.0,2235.0,2233.0,2235.0,123.0,21449.0,21481.0
2025-12-01 22:45:00,2235.0,2235.0,2233.0,2235.0,82.0,21481.0,21480.0
2025-12-02 09:00:00,2235.0,2236.0,2230.0,2230.0,602.0,21480.0,21360.0
2025-12-02 09:15:00,2230.0,2234.0,2228.0,2231.0,365.0,21360.0,21372.0
2025-12-02 09:30:00,2231.0,2236.0,2231.0,2233.0,374.0,21372.0,21500.0
2025-12-02 09:45:00,2233.0,2237.0,2230.0,2236.0,348.0,21500.0,21633.0
2025-12-02 10:00:00,2236.0,2237.0,2234.0,2235.0,321.0,21633.0,21686.0
2025-12-02 10:30:00,2235.0,2237.0,2230.0,2234.0,630.0,21686.0,22038.0
2025-12-02 10:45:00,2234.0,2236.0,2232.0,2236.0,187.0,22038.0,22120.0
2025-12-02 11:00:00,2236.0,2237.0,2229.0,2229.0,465.0,22120.0,22482.0
2025-12-02 11:15:00,2229.0,2233.0,2227.0,2232.0,728.0,22482.0,22927.0
2025-12-02 13:30:00,2232.0,2232.0,2227.0,2230.0,466.0,22927.0,23172.0
2025-12-02 13:45:00,2230.0,2232.0,2228.0,2232.0,340.0,23172.0,23374.0
2025-12-02 14:00:00,2232.0,2232.0,2228.0,2230.0,68.0,23374.0,23406.0
2025-12-02 14:15:00,2230.0,2231.0,2226.0,2228.0,330.0,23406.0,23558.0
2025-12-02 14:30:00,2228.0,2230.0,2227.0,2228.0,255.0,23558.0,23691.0
2025-12-02 14:45:00,2228.0,2230.0,2227.0,2228.0,198.0,23691.0,23727.0
2025-12-02 21:00:00,2230.0,2237.0,2224.0,2228.0,593.0,23727.0,23651.0
2025-12-02 21:15:00,2228.0,2228.0,2222.0,2223.0,461.0,23651.0,23804.0
2025-12-02 21:30:00,2223.0,2226.0,2222.0,2224.0,142.0,23804.0,23814.0
2025-12-02 21:45:00,2224.0,2225.0,2222.0,2223.0,91.0,23814.0,23838.0
2025-12-02 22:00:00,2223.0,2226.0,2222.0,2226.0,183.0,23838.0,23911.0
2025-12-02 22:15:00,2226.0,2226.0,2220.0,2221.0,119.0,23911.0,23988.0
2025-12-02 22:30:00,2221.0,2224.0,2220.0,2222.0,76.0,23988.0,23980.0
2025-12-02 22:45:00,2222.0,2223.0,2221.0,2222.0,107.0,23980.0,23921.0
2025-12-03 09:00:00,2222.0,2227.0,2221.0,2224.0,305.0,23921.0,23899.0
2025-12-03 09:15:00,2224.0,2224.0,2220.0,2221.0,270.0,23899.0,24033.0
2025-12-03 09:30:00,2221.0,2223.0,2218.0,2219.0,192.0,24033.0,24100.0
2025-12-03 09:45:00,2219.0,2222.0,2218.0,2218.0,293.0,24100.0,24190.0
2025-12-03 10:00:00,2218.0,2221.0,2217.0,2221.0,64.0,24190.0,24213.0
2025-12-03 10:30:00,2221.0,2221.0,2211.0,2213.0,535.0,24213.0,24593.0
2025-12-03 10:45:00,2213.0,2219.0,2213.0,2216.0,407.0,24593.0,24757.0
2025-12-03 11:00:00,2216.0,2216.0,2210.0,2211.0,428.0,24757.0,25042.0
2025-12-03 11:15:00,2211.0,2214.0,2211.0,2213.0,233.0,25042.0,25186.0
2025-12-03 13:30:00,2213.0,2214.0,2212.0,2213.0,211.0,25186.0,25281.0
2025-12-03 13:45:00,2213.0,2216.0,2212.0,2212.0,358.0,25281.0,25387.0
2025-12-03 14:00:00,2212.0,2216.0,2212.0,2215.0,804.0,25387.0,25294.0
2025-12-03 14:15:00,2215.0,2216.0,2212.0,2213.0,159.0,25294.0,25371.0
2025-12-03 14:30:00,2213.0,2214.0,2212.0,2213.0,121.0,25371.0,25389.0
2025-12-03 14:45:00,2213.0,2216.0,2212.0,2215.0,181.0,25389.0,25344.0
2025-12-03 21:00:00,2216.0,2220.0,2211.0,2214.0,448.0,25344.0,25173.0
2025-12-03 21:15:00,2214.0,2214.0,2209.0,2213.0,210.0,25173.0,25126.0
2025-12-03 21:30:00,2213.0,2214.0,2208.0,2209.0,149.0,25126.0,25119.0
2025-12-03 21:45:00,2209.0,2212.0,2209.0,2211.0,40.0,25119.0,25113.0
2025-12-03 22:00:00,2211.0,2212.0,2207.0,2209.0,190.0,25113.0,25246.0
2025-12-03 22:15:00,2209.0,2211.0,2206.0,2208.0,48.0,25246.0,25277.0
2025-12-03 22:30:00,2208.0,2210.0,2207.0,2209.0,46.0,25277.0,25279.0
2025-12-03 22:45:00,2209.0,2211.0,2208.0,2210.0,30.0,25279.0,25266.0
2025-12-04 09:00:00,2210.0,2214.0,2209.0,2210.0,215.0,25266.0,25340.0
2025-12-04 09:15:00,2210.0,2212.0,2209.0,2209.0,269.0,25340.0,25528.0
2025-12-04 09:30:00,2209.0,2211.0,2209.0,2210.0,98.0,25528.0,25542.0
2025-12-04 09:45:00,2210.0,2211.0,2208.0,2208.0,134.0,25542.0,25626.0
2025-12-04 10:00:00,2208.0,2211.0,2208.0,2208.0,154.0,25626.0,25699.0
2025-12-04 10:30:00,2209.0,2210.0,2205.0,2207.0,346.0,25699.0,25937.0
2025-12-04 10:45:00,2207.0,2209.0,2202.0,2205.0,859.0,25937.0,25989.0
2025-12-04 11:00:00,2205.0,2207.0,2201.0,2207.0,418.0,25989.0,26097.0
2025-12-04 11:15:00,2207.0,2209.0,2206.0,2209.0,159.0,26097.0,26095.0
2025-12-04 13:30:00,2209.0,2209.0,2206.0,2208.0,153.0,26095.0,26165.0
2025-12-04 13:45:00,2208.0,2208.0,2205.0,2205.0,210.0,26165.0,26347.0
2025-12-04 14:00:00,2205.0,2210.0,2205.0,2210.0,313.0,26347.0,26466.0
2025-12-04 14:15:00,2210.0,2215.0,2210.0,2211.0,299.0,26466.0,26610.0
2025-12-04 14:30:00,2211.0,2213.0,2210.0,2212.0,447.0,26610.0,26956.0
2025-12-04 14:45:00,2212.0,2212.0,2210.0,2211.0,65.0,26956.0,26979.0
2025-12-04 21:00:00,2209.0,2214.0,2209.0,2210.0,207.0,26979.0,26997.0
2025-12-04 21:15:00,2210.0,2216.0,2210.0,2212.0,172.0,26997.0,27076.0
2025-12-04 21:30:00,2212.0,2215.0,2212.0,2213.0,65.0,27076.0,27113.0
2025-12-04 21:45:00,2213.0,2216.0,2212.0,2214.0,98.0,27113.0,27106.0
2025-12-04 22:00:00,2214.0,2215.0,2212.0,2212.0,48.0,27106.0,27126.0
2025-12-04 22:15:00,2212.0,2213.0,2210.0,2213.0,50.0,27126.0,27144.0
2025-12-04 22:30:00,2213.0,2213.0,2209.0,2209.0,70.0,27144.0,27174.0
2025-12-04 22:45:00,2209.0,2210.0,2208.0,2208.0,42.0,27174.0,27188.0
2025-12-05 09:00:00,2208.0,2211.0,2205.0,2205.0,445.0,27188.0,27277.0
2025-12-05 09:15:00,2205.0,2211.0,2205.0,2209.0,93.0,27277.0,27258.0
2025-12-05 09:30:00,2209.0,2211.0,2206.0,2207.0,134.0,27258.0,27310.0
2025-12-05 09:45:00,2207.0,2208.0,2205.0,2207.0,66.0,27310.0,27326.0
2025-12-05 10:00:00,2207.0,2208.0,2204.0,2204.0,41.0,27326.0,27344.0
2025-12-05 10:30:00,2204.0,2208.0,2201.0,2201.0,350.0,27344.0,27504.0
2025-12-05 10:45:00,2201.0,2203.0,2193.0,2194.0,755.0,27504.0,27782.0
2025-12-05 11:00:00,2194.0,2199.0,2194.0,2196.0,324.0,27782.0,27819.0
2025-12-05 11:15:00,2196.0,2199.0,2190.0,2191.0,340.0,27819.0,27952.0
2025-12-05 13:30:00,2192.0,2194.0,2186.0,2191.0,746.0,27952.0,28069.0
2025-12-05 13:45:00,2191.0,2193.0,2190.0,2191.0,227.0,28069.0,28089.0
2025-12-05 14:00:00,2191.0,2193.0,2189.0,2190.0,132.0,28089.0,28143.0
2025-12-05 14:15:00,2190.0,2191.0,2184.0,2184.0,246.0,28143.0,28217.0
2025-12-05 14:30:00,2184.0,2185.0,2176.0,2179.0,535.0,28217.0,28318.0
2025-12-05 14:45:00,2179.0,2181.0,2175.0,2179.0,346.0,28318.0,28336.0
2025-12-05 21:00:00,2176.0,2179.0,2169.0,2177.0,495.0,28336.0,28421.0
2025-12-05 21:15:00,2177.0,2180.0,2175.0,2179.0,222.0,28421.0,28367.0
2025-12-05 21:30:00,2179.0,2179.0,2176.0,2176.0,219.0,28367.0,28370.0
2025-12-05 21:45:00,2176.0,2178.0,2170.0,2173.0,237.0,28370.0,28431.0
2025-12-05 22:00:00,2173.0,2175.0,2170.0,2171.0,114.0,28431.0,28449.0
2025-12-05 22:15:00,2171.0,2172.0,2167.0,2172.0,335.0,28449.0,28562.0
2025-12-05 22:30:00,2172.0,2177.0,2172.0,2175.0,106.0,28562.0,28534.0
2025-12-05 22:45:00,2175.0,2176.0,2173.0,2175.0,57.0,28534.0,28551.0
2025-12-08 09:00:00,2175.0,2181.0,2174.0,2179.0,407.0,28551.0,28462.0
2025-12-08 09:15:00,2179.0,2182.0,2179.0,2180.0,157.0,28462.0,28515.0
2025-12-08 09:30:00,2180.0,2180.0,2174.0,2176.0,271.0,28515.0,28557.0
2025-12-08 09:45:00,2176.0,2180.0,2176.0,2178.0,95.0,28557.0,28599.0
2025-12-08 10:00:00,2178.0,2178.0,2173.0,2174.0,145.0,28599.0,28707.0
2025-12-08 10:30:00,2175.0,2189.0,2175.0,2185.0,540.0,28707.0,28811.0
2025-12-08 10:45:00,2185.0,2185.0,2181.0,2183.0,475.0,28811.0,28961.0
2025-12-08 11:00:00,2183.0,2185.0,2181.0,2182.0,236.0,28961.0,29134.0
2025-12-08 11:15:00,2182.0,2187.0,2180.0,2187.0,162.0,29134.0,29171.0
2025-12-08 13:30:00,2187.0,2188.0,2183.0,2183.0,419.0,29171.0,29233.0
2025-12-08 13:45:00,2183.0,2184.0,2176.0,2178.0,912.0,29233.0,29776.0
2025-12-08 14:00:00,2178.0,2181.0,2178.0,2180.0,81.0,29776.0,29811.0
2025-12-08 14:15:00,2180.0,2182.0,2179.0,2179.0,106.0,29811.0,29883.0
2025-12-08 14:30:00,2179.0,2182.0,2179.0,2181.0,258.0,29883.0,30105.0
2025-12-08 14:45:00,2181.0,2182.0,2178.0,2179.0,185.0,30105.0,30125.0
2025-12-08 21:00:00,2170.0,2176.0,2166.0,2170.0,504.0,30125.0,30289.0
2025-12-08 21:15:00,2170.0,2175.0,2170.0,2171.0,170.0,30289.0,30331.0
2025-12-08 21:30:00,2171.0,2174.0,2170.0,2172.0,51.0,30331.0,30346.0
2025-12-08 21:45:00,2172.0,2173.0,2168.0,2169.0,161.0,30346.0,30437.0
2025-12-08 22:00:00,2169.0,2171.0,2168.0,2169.0,78.0,30437.0,30415.0
2025-12-08 22:15:00,2169.0,2170.0,2168.0,2169.0,31.0,30415.0,30418.0
2025-12-08 22:30:00,2169.0,2169.0,2166.0,2168.0,68.0,30418.0,30441.0
2025-12-08 22:45:00,2168.0,2169.0,2156.0,2157.0,1700.0,30441.0,31715.0
2025-12-09 09:00:00,2157.0,2162.0,2146.0,2153.0,1342.0,31715.0,32405.0
2025-12-09 09:15:00,2153.0,2157.0,2150.0,2157.0,624.0,32405.0,32878.0
2025-12-09 09:30:00,2157.0,2163.0,2155.0,2159.0,415.0,32878.0,33066.0
2025-12-09 09:45:00,2159.0,2162.0,2153.0,2154.0,716.0,33066.0,33572.0
2025-12-09 10:00:00,2154.0,2157.0,2152.0,2157.0,566.0,33572.0,34101.0
2025-12-09 10:30:00,2157.0,2163.0,2157.0,2158.0,1104.0,34101.0,35036.0
2025-12-09 10:45:00,2158.0,2160.0,2155.0,2157.0,220.0,35036.0,35105.0
2025-12-09 11:00:00,2157.0,2159.0,2153.0,2157.0,458.0,35105.0,35261.0
2025-12-09 11:15:00,2157.0,2158.0,2153.0,2155.0,167.0,35261.0,35383.0
2025-12-09 13:30:00,2155.0,2158.0,2152.0,2155.0,232.0,35383.0,35417.0
2025-12-09 13:45:00,2155.0,2157.0,2152.0,2154.0,519.0,35417.0,35808.0
2025-12-09 14:00:00,2154.0,2154.0,2144.0,2148.0,543.0,35808.0,36264.0
2025-12-09 14:15:00,2148.0,2149.0,2140.0,2144.0,937.0,36264.0,37061.0
2025-12-09 14:30:00,2144.0,2148.0,2141.0,2141.0,430.0,37061.0,37397.0
2025-12-09 14:45:00,2141.0,2146.0,2140.0,2143.0,627.0,37397.0,37421.0
2025-12-09 21:00:00,2148.0,2148.0,2136.0,2137.0,515.0,37421.0,37567.0
2025-12-09 21:15:00,2137.0,2138.0,2132.0,2134.0,270.0,37567.0,37618.0
2025-12-09 21:30:00,2134.0,2137.0,2122.0,2128.0,586.0,37618.0,37905.0
2025-12-09 21:45:00,2128.0,2131.0,2127.0,2130.0,208.0,37905.0,37937.0
2025-12-09 22:00:00,2130.0,2132.0,2128.0,2129.0,135.0,37937.0,37945.0
2025-12-09 22:15:00,2129.0,2130.0,2126.0,2128.0,184.0,37945.0,38030.0
2025-12-09 22:30:00,2128.0,2132.0,2128.0,2130.0,150.0,38030.0,38016.0
2025-12-09 22:45:00,2130.0,2132.0,2127.0,2131.0,78.0,38016.0,38035.0
2025-12-10 09:00:00,2127.0,2143.0,2127.0,2140.0,597.0,38035.0,38211.0
2025-12-10 09:15:00,2140.0,2144.0,2137.0,2138.0,350.0,38211.0,38343.0
2025-12-10 09:30:00,2138.0,2138.0,2132.0,2132.0,180.0,38343.0,38400.0
2025-12-10 09:45:00,2132.0,2136.0,2127.0,2132.0,228.0,38400.0,38545.0
2025-12-10 10:00:00,2132.0,2136.0,2129.0,2133.0,661.0,38545.0,39086.0
2025-12-10 10:30:00,2132.0,2135.0,2127.0,2130.0,209.0,39086.0,39203.0
2025-12-10 10:45:00,2130.0,2133.0,2128.0,2132.0,106.0,39203.0,39284.0
2025-12-10 11:00:00,2132.0,2136.0,2126.0,2134.0,308.0,39284.0,39466.0
2025-12-10 11:15:00,2134.0,2134.0,2129.0,2129.0,383.0,39466.0,39629.0
2025-12-10 13:30:00,2129.0,2142.0,2128.0,2140.0,729.0,39629.0,40093.0
2025-12-10 13:45:00,2140.0,2143.0,2131.0,2132.0,702.0,40093.0,40274.0
2025-12-10 14:00:00,2132.0,2134.0,2129.0,2130.0,561.0,40274.0,40615.0
2025-12-10 14:15:00,2130.0,2135.0,2129.0,2133.0,461.0,40615.0,40956.0
2025-12-10 14:30:00,2133.0,2135.0,2132.0,2132.0,409.0,40956.0,41144.0
2025-12-10 14:45:00,2132.0,2132.0,2125.0,2126.0,422.0,41144.0,41430.0
2025-12-10 21:00:00,2126.0,2134.0,2124.0,2133.0,733.0,41430.0,41182.0
2025-12-10 21:15:00,2133.0,2138.0,2131.0,2135.0,536.0,41182.0,41351.0
2025-12-10 21:30:00,2135.0,2137.0,2134.0,2136.0,74.0,41351.0,41354.0
2025-12-10 21:45:00,2136.0,2140.0,2136.0,2136.0,631.0,41354.0,41130.0
2025-12-10 22:00:00,2136.0,2139.0,2134.0,2135.0,200.0,41130.0,41175.0
2025-12-10 22:15:00,2135.0,2139.0,2133.0,2137.0,130.0,41175.0,41108.0
2025-12-10 22:30:00,2137.0,2139.0,2136.0,2137.0,101.0,41108.0,41042.0
2025-12-10 22:45:00,2137.0,2140.0,2137.0,2138.0,160.0,41042.0,40954.0
2025-12-11 09:00:00,2140.0,2144.0,2137.0,2139.0,525.0,40954.0,41222.0
2025-12-11 09:15:00,2139.0,2140.0,2135.0,2139.0,157.0,41222.0,41284.0
2025-12-11 09:30:00,2139.0,2144.0,2138.0,2139.0,197.0,41284.0,41404.0
2025-12-11 09:45:00,2139.0,2139.0,2130.0,2131.0,689.0,41404.0,41741.0
2025-12-11 10:00:00,2131.0,2131.0,2127.0,2130.0,377.0,41741.0,41871.0
2025-12-11 10:30:00,2130.0,2138.0,2130.0,2134.0,297.0,41871.0,41916.0
2025-12-11 10:45:00,2134.0,2135.0,2129.0,2130.0,519.0,41916.0,42255.0
2025-12-11 11:00:00,2130.0,2131.0,2126.0,2129.0,361.0,42255.0,42555.0
2025-12-11 11:15:00,2129.0,2130.0,2126.0,2127.0,692.0,42555.0,43016.0
2025-12-11 13:30:00,2127.0,2128.0,2123.0,2123.0,460.0,43016.0,43222.0
2025-12-11 13:45:00,2123.0,2125.0,2120.0,2122.0,304.0,43222.0,43279.0
2025-12-11 14:00:00,2122.0,2126.0,2120.0,2121.0,387.0,43279.0,43498.0
2025-12-11 14:15:00,2121.0,2121.0,2116.0,2119.0,714.0,43498.0,43840.0
2025-12-11 14:30:00,2119.0,2121.0,2117.0,2118.0,118.0,43840.0,43856.0
2025-12-11 14:45:00,2118.0,2121.0,2118.0,2120.0,246.0,43856.0,43874.0
2025-12-11 21:00:00,2119.0,2120.0,2104.0,2105.0,898.0,43874.0,44125.0
2025-12-11 21:15:00,2105.0,2105.0,2090.0,2091.0,1394.0,44125.0,44535.0
2025-12-11 21:30:00,2091.0,2092.0,2084.0,2089.0,904.0,44535.0,44649.0
2025-12-11 21:45:00,2089.0,2091.0,2085.0,2087.0,424.0,44649.0,44780.0
2025-12-11 22:00:00,2087.0,2091.0,2085.0,2087.0,469.0,44780.0,44912.0
2025-12-11 22:15:00,2087.0,2090.0,2080.0,2084.0,793.0,44912.0,44836.0
2025-12-11 22:30:00,2084.0,2088.0,2084.0,2085.0,206.0,44836.0,44857.0
2025-12-11 22:45:00,2085.0,2089.0,2085.0,2088.0,155.0,44857.0,44833.0
2025-12-12 09:00:00,2088.0,2101.0,2086.0,2099.0,997.0,44833.0,44836.0
2025-12-12 09:15:00,2099.0,2112.0,2099.0,2108.0,856.0,44836.0,44867.0
2025-12-12 09:30:00,2108.0,2114.0,2108.0,2111.0,629.0,44867.0,45137.0
2025-12-12 09:45:00,2111.0,2114.0,2109.0,2111.0,266.0,45137.0,45199.0
2025-12-12 10:00:00,2111.0,2115.0,2108.0,2114.0,448.0,45199.0,45408.0
2025-12-12 10:30:00,2114.0,2114.0,2110.0,2113.0,401.0,45408.0,45618.0
2025-12-12 10:45:00,2113.0,2114.0,2104.0,2108.0,1401.0,45618.0,46079.0
2025-12-12 11:00:00,2108.0,2112.0,2105.0,2111.0,328.0,46079.0,46286.0
2025-12-12 11:15:00,2111.0,2112.0,2104.0,2105.0,219.0,46286.0,46376.0
2025-12-12 13:30:00,2105.0,2109.0,2101.0,2104.0,289.0,46376.0,46437.0
2025-12-12 13:45:00,2104.0,2105.0,2099.0,2102.0,314.0,46437.0,46545.0
2025-12-12 14:00:00,2102.0,2106.0,2101.0,2103.0,150.0,46545.0,46601.0
2025-12-12 14:15:00,2103.0,2104.0,2096.0,2097.0,275.0,46601.0,46651.0
2025-12-12 14:30:00,2097.0,2099.0,2094.0,2096.0,392.0,46651.0,46801.0
2025-12-12 14:45:00,2096.0,2099.0,2094.0,2096.0,273.0,46801.0,46778.0
2025-12-12 21:00:00,2092.0,2102.0,2081.0,2101.0,1040.0,46778.0,47078.0
2025-12-12 21:15:00,2101.0,2109.0,2099.0,2108.0,1359.0,47078.0,47530.0
2025-12-12 21:30:00,2108.0,2114.0,2108.0,2112.0,523.0,47530.0,47581.0
2025-12-12 21:45:00,2112.0,2123.0,2112.0,2118.0,1038.0,47581.0,47317.0
2025-12-12 22:00:00,2118.0,2122.0,2116.0,2119.0,267.0,47317.0,47323.0
2025-12-12 22:15:00,2119.0,2121.0,2118.0,2119.0,287.0,47323.0,47394.0
2025-12-12 22:30:00,2119.0,2120.0,2115.0,2116.0,370.0,47394.0,47481.0
2025-12-12 22:45:00,2116.0,2121.0,2116.0,2120.0,219.0,47481.0,47443.0
2025-12-15 09:00:00,2120.0,2121.0,2110.0,2117.0,953.0,47443.0,47703.0
2025-12-15 09:15:00,2117.0,2121.0,2116.0,2119.0,373.0,47703.0,47883.0
2025-12-15 09:30:00,2119.0,2124.0,2117.0,2117.0,812.0,47883.0,48308.0
2025-12-15 09:45:00,2117.0,2121.0,2116.0,2119.0,133.0,48308.0,48320.0
2025-12-15 10:00:00,2119.0,2121.0,2118.0,2119.0,163.0,48320.0,48314.0
2025-12-15 10:30:00,2119.0,2121.0,2116.0,2116.0,153.0,48314.0,48308.0
2025-12-15 10:45:00,2116.0,2118.0,2115.0,2115.0,217.0,48308.0,48377.0
2025-12-15 11:00:00,2115.0,2121.0,2115.0,2119.0,1308.0,48377.0,48158.0
2025-12-15 11:15:00,2119.0,2121.0,2119.0,2121.0,68.0,48158.0,48150.0
2025-12-15 13:30:00,2121.0,2133.0,2120.0,2130.0,1191.0,48150.0,48143.0
2025-12-15 13:45:00,2130.0,2130.0,2125.0,2126.0,183.0,48143.0,48152.0
2025-12-15 14:00:00,2126.0,2126.0,2120.0,2123.0,620.0,48152.0,48023.0
2025-12-15 14:15:00,2123.0,2127.0,2122.0,2125.0,266.0,48023.0,48019.0
2025-12-15 14:30:00,2125.0,2125.0,2121.0,2122.0,321.0,48019.0,48150.0
2025-12-15 14:45:00,2122.0,2124.0,2117.0,2120.0,346.0,48150.0,48212.0
2025-12-15 21:00:00,2116.0,2119.0,2107.0,2110.0,1521.0,48212.0,48213.0
2025-12-15 21:15:00,2110.0,2111.0,2108.0,2108.0,625.0,48213.0,48578.0
2025-12-15 21:30:00,2108.0,2111.0,2108.0,2108.0,176.0,48578.0,48607.0
2025-12-15 21:45:00,2108.0,2109.0,2107.0,2107.0,332.0,48607.0,48810.0
2025-12-15 22:00:00,2107.0,2109.0,2104.0,2106.0,516.0,48810.0,48991.0
2025-12-15 22:15:00,2106.0,2109.0,2105.0,2107.0,164.0,48991.0,49010.0
2025-12-15 22:30:00,2107.0,2111.0,2105.0,2111.0,265.0,49010.0,49145.0
2025-12-15 22:45:00,2111.0,2111.0,2105.0,2105.0,252.0,49145.0,49322.0
2025-12-16 09:00:00,2105.0,2112.0,2102.0,2103.0,1100.0,49322.0,49770.0
2025-12-16 09:15:00,2103.0,2113.0,2103.0,2110.0,667.0,49770.0,49645.0
2025-12-16 09:30:00,2110.0,2113.0,2109.0,2111.0,491.0,49645.0,49810.0
2025-12-16 09:45:00,2111.0,2111.0,2105.0,2110.0,257.0,49810.0,49940.0
2025-12-16 10:00:00,2110.0,2113.0,2108.0,2111.0,191.0,49940.0,49985.0
2025-12-16 10:30:00,2111.0,2122.0,2111.0,2118.0,758.0,49985.0,49743.0
2025-12-16 10:45:00,2118.0,2125.0,2116.0,2123.0,363.0,49743.0,49675.0
2025-12-16 11:00:00,2123.0,2125.0,2118.0,2119.0,310.0,49675.0,49773.0
2025-12-16 11:15:00,2119.0,2125.0,2119.0,2121.0,960.0,49773.0,50247.0
2025-12-16 13:30:00,2121.0,2124.0,2119.0,2120.0,467.0,50247.0,50565.0
2025-12-16 13:45:00,2120.0,2122.0,2117.0,2117.0,311.0,50565.0,50686.0
2025-12-16 14:00:00,2117.0,2119.0,2114.0,2117.0,418.0,50686.0,50889.0
2025-12-16 14:15:00,2117.0,2120.0,2115.0,2119.0,382.0,50889.0,51084.0
2025-12-16 14:30:00,2119.0,2123.0,2117.0,2122.0,1060.0,51084.0,51570.0
2025-12-16 14:45:00,2122.0,2123.0,2116.0,2120.0,423.0,51570.0,51559.0
2025-12-16 21:00:00,2117.0,2122.0,2116.0,2119.0,1396.0,51559.0,52219.0
2025-12-16 21:15:00,2119.0,2124.0,2118.0,2123.0,1112.0,52219.0,52891.0
2025-12-16 21:30:00,2123.0,2125.0,2119.0,2125.0,584.0,52891.0,53152.0
2025-12-16 21:45:00,2125.0,2125.0,2119.0,2121.0,506.0,53152.0,53508.0
2025-12-16 22:00:00,2121.0,2123.0,2119.0,2121.0,208.0,53508.0,53496.0
2025-12-16 22:15:00,2121.0,2127.0,2121.0,2125.0,603.0,53496.0,53639.0
2025-12-16 22:30:00,2125.0,2125.0,2121.0,2123.0,397.0,53639.0,53855.0
2025-12-16 22:45:00,2123.0,2123.0,2119.0,2120.0,203.0,53855.0,53916.0
2025-12-17 09:00:00,2120.0,2121.0,2116.0,2118.0,711.0,53916.0,53924.0
2025-12-17 09:15:00,2118.0,2121.0,2116.0,2117.0,352.0,53924.0,53942.0
2025-12-17 09:30:00,2117.0,2122.0,2117.0,2119.0,374.0,53942.0,53867.0
2025-12-17 09:45:00,2119.0,2119.0,2115.0,2115.0,695.0,53867.0,54152.0
2025-12-17 10:00:00,2115.0,2129.0,2115.0,2127.0,1061.0,54152.0,54416.0
2025-12-17 10:30:00,2127.0,2128.0,2123.0,2127.0,838.0,54416.0,54564.0
2025-12-17 10:45:00,2127.0,2129.0,2121.0,2124.0,624.0,54564.0,54613.0
2025-12-17 11:00:00,2124.0,2129.0,2124.0,2128.0,589.0,54613.0,54734.0
2025-12-17 11:15:00,2128.0,2130.0,2125.0,2126.0,327.0,54734.0,54645.0
2025-12-17 13:30:00,2128.0,2144.0,2128.0,2143.0,1643.0,54645.0,54420.0
2025-12-17 13:45:00,2143.0,2148.0,2141.0,2144.0,1140.0,54420.0,54302.0
2025-12-17 14:00:00,2144.0,2148.0,2142.0,2145.0,863.0,54302.0,54431.0
2025-12-17 14:15:00,2145.0,2147.0,2140.0,2141.0,733.0,54431.0,54398.0
2025-12-17 14:30:00,2141.0,2142.0,2137.0,2139.0,749.0,54398.0,54372.0
2025-12-17 14:45:00,2139.0,2140.0,2133.0,2138.0,793.0,54372.0,54269.0
2025-12-17 21:00:00,2139.0,2149.0,2135.0,2146.0,2792.0,54269.0,54786.0
2025-12-17 21:15:00,2146.0,2149.0,2145.0,2148.0,1678.0,54786.0,55156.0
2025-12-17 21:30:00,2148.0,2157.0,2148.0,2150.0,2675.0,55156.0,55387.0
2025-12-17 21:45:00,2150.0,2150.0,2144.0,2148.0,1375.0,55387.0,55437.0
2025-12-17 22:00:00,2148.0,2148.0,2141.0,2144.0,2214.0,55437.0,54370.0
2025-12-17 22:15:00,2144.0,2146.0,2142.0,2145.0,228.0,54370.0,54421.0
2025-12-17 22:30:00,2145.0,2146.0,2142.0,2144.0,361.0,54421.0,54524.0
2025-12-17 22:45:00,2144.0,2144.0,2141.0,2142.0,306.0,54524.0,54590.0
2025-12-18 09:00:00,2142.0,2145.0,2135.0,2137.0,1590.0,54590.0,55222.0
2025-12-18 09:15:00,2137.0,2137.0,2133.0,2136.0,634.0,55222.0,55434.0
2025-12-18 09:30:00,2136.0,2139.0,2135.0,2136.0,416.0,55434.0,55622.0
2025-12-18 09:45:00,2136.0,2139.0,2135.0,2138.0,311.0,55622.0,55669.0
2025-12-18 10:00:00,2138.0,2146.0,2138.0,2143.0,660.0,55669.0,55984.0
2025-12-18 10:30:00,2142.0,2142.0,2136.0,2137.0,346.0,55984.0,56144.0
2025-12-18 10:45:00,2137.0,2141.0,2135.0,2139.0,406.0,56144.0,56166.0
2025-12-18 11:00:00,2139.0,2141.0,2138.0,2139.0,713.0,56166.0,56722.0
2025-12-18 11:15:00,2139.0,2142.0,2139.0,2142.0,232.0,56722.0,56714.0
2025-12-18 13:30:00,2142.0,2147.0,2139.0,2139.0,652.0,56714.0,56920.0
2025-12-18 13:45:00,2139.0,2141.0,2135.0,2137.0,244.0,56920.0,56969.0
2025-12-18 14:00:00,2137.0,2143.0,2135.0,2143.0,309.0,56969.0,57020.0
2025-12-18 14:15:00,2143.0,2147.0,2141.0,2144.0,348.0,57020.0,56967.0
2025-12-18 14:30:00,2144.0,2145.0,2141.0,2142.0,457.0,56967.0,57135.0
2025-12-18 14:45:00,2142.0,2145.0,2140.0,2145.0,429.0,57135.0,57135.0
2025-12-18 21:00:00,2147.0,2147.0,2137.0,2140.0,1348.0,57135.0,57214.0
2025-12-18 21:15:00,2140.0,2144.0,2135.0,2143.0,666.0,57214.0,57358.0
2025-12-18 21:30:00,2143.0,2146.0,2140.0,2143.0,444.0,57358.0,57316.0
2025-12-18 21:45:00,2143.0,2143.0,2132.0,2136.0,634.0,57316.0,57430.0
2025-12-18 22:00:00,2136.0,2136.0,2133.0,2135.0,318.0,57430.0,57429.0
2025-12-18 22:15:00,2135.0,2139.0,2135.0,2137.0,601.0,57429.0,57485.0
2025-12-18 22:30:00,2137.0,2139.0,2135.0,2137.0,161.0,57485.0,57430.0
2025-12-18 22:45:00,2137.0,2138.0,2136.0,2138.0,188.0,57430.0,57316.0
2025-12-19 09:00:00,2138.0,2141.0,2136.0,2139.0,310.0,57316.0,57408.0
2025-12-19 09:15:00,2139.0,2139.0,2134.0,2136.0,318.0,57408.0,57413.0
2025-12-19 09:30:00,2136.0,2138.0,2133.0,2134.0,340.0,57413.0,57429.0
2025-12-19 09:45:00,2134.0,2138.0,2133.0,2135.0,274.0,57429.0,57366.0
2025-12-19 10:00:00,2135.0,2139.0,2133.0,2137.0,298.0,57366.0,57494.0
2025-12-19 10:30:00,2136.0,2136.0,2128.0,2130.0,1329.0,57494.0,57895.0
2025-12-19 10:45:00,2130.0,2130.0,2125.0,2128.0,1138.0,57895.0,58350.0
2025-12-19 11:00:00,2128.0,2128.0,2121.0,2121.0,677.0,58350.0,58375.0
2025-12-19 11:15:00,2121.0,2127.0,2119.0,2125.0,636.0,58375.0,58555.0
2025-12-19 13:30:00,2126.0,2126.0,2121.0,2122.0,258.0,58555.0,58510.0
2025-12-19 13:45:00,2122.0,2128.0,2121.0,2128.0,251.0,58510.0,58603.0
2025-12-19 14:00:00,2128.0,2130.0,2125.0,2125.0,1050.0,58603.0,59152.0
2025-12-19 14:15:00,2125.0,2129.0,2121.0,2129.0,195.0,59152.0,59139.0
2025-12-19 14:30:00,2129.0,2130.0,2126.0,2127.0,388.0,59139.0,59177.0
2025-12-19 14:45:00,2127.0,2127.0,2122.0,2122.0,663.0,59177.0,59376.0
2025-12-19 21:00:00,2119.0,2122.0,2111.0,2119.0,5440.0,59376.0,59195.0
2025-12-19 21:15:00,2119.0,2122.0,2113.0,2117.0,435.0,59195.0,59317.0
2025-12-19 21:30:00,2117.0,2128.0,2117.0,2126.0,459.0,59317.0,59305.0
2025-12-19 21:45:00,2126.0,2129.0,2123.0,2128.0,161.0,59305.0,59294.0
2025-12-19 22:00:00,2128.0,2130.0,2125.0,2127.0,204.0,59294.0,59302.0
2025-12-19 22:15:00,2127.0,2128.0,2125.0,2127.0,201.0,59302.0,59199.0
2025-12-19 22:30:00,2127.0,2131.0,2127.0,2131.0,196.0,59199.0,59142.0
2025-12-19 22:45:00,2131.0,2139.0,2128.0,2138.0,400.0,59142.0,58977.0
2025-12-22 09:00:00,2138.0,2142.0,2128.0,2136.0,993.0,58977.0,58997.0
2025-12-22 09:15:00,2136.0,2139.0,2134.0,2134.0,442.0,58997.0,58948.0
2025-12-22 09:30:00,2134.0,2135.0,2128.0,2129.0,321.0,58948.0,58918.0
2025-12-22 09:45:00,2129.0,2129.0,2119.0,2122.0,899.0,58918.0,58887.0
2025-12-22 10:00:00,2122.0,2127.0,2117.0,2117.0,1113.0,58887.0,59248.0
2025-12-22 10:30:00,2117.0,2122.0,2117.0,2122.0,559.0,59248.0,59316.0
2025-12-22 10:45:00,2122.0,2123.0,2118.0,2118.0,564.0,59316.0,59589.0
2025-12-22 11:00:00,2118.0,2126.0,2117.0,2126.0,402.0,59589.0,59470.0
2025-12-22 11:15:00,2126.0,2126.0,2121.0,2125.0,149.0,59470.0,59470.0
2025-12-22 13:30:00,2125.0,2126.0,2116.0,2119.0,471.0,59470.0,59617.0
2025-12-22 13:45:00,2119.0,2120.0,2117.0,2119.0,136.0,59617.0,59692.0
2025-12-22 14:00:00,2119.0,2127.0,2118.0,2125.0,331.0,59692.0,59616.0
2025-12-22 14:15:00,2125.0,2127.0,2124.0,2127.0,128.0,59616.0,59605.0
2025-12-22 14:30:00,2127.0,2127.0,2123.0,2126.0,444.0,59605.0,59602.0
2025-12-22 14:45:00,2126.0,2129.0,2125.0,2125.0,182.0,59602.0,59573.0
2025-12-22 21:00:00,2126.0,2149.0,2126.0,2142.0,2184.0,59573.0,59326.0
2025-12-22 21:15:00,2142.0,2142.0,2133.0,2135.0,2128.0,59326.0,59860.0
2025-12-22 21:30:00,2135.0,2139.0,2133.0,2136.0,438.0,59860.0,59971.0
2025-12-22 21:45:00,2136.0,2138.0,2134.0,2138.0,296.0,59971.0,60026.0
2025-12-22 22:00:00,2138.0,2139.0,2132.0,2133.0,478.0,60026.0,60124.0
2025-12-22 22:15:00,2133.0,2133.0,2129.0,2130.0,483.0,60124.0,60353.0
2025-12-22 22:30:00,2130.0,2132.0,2129.0,2130.0,109.0,60353.0,60362.0
2025-12-22 22:45:00,2130.0,2131.0,2130.0,2130.0,215.0,60362.0,60341.0
2025-12-23 09:00:00,2130.0,2132.0,2116.0,2118.0,3042.0,60341.0,60653.0
2025-12-23 09:15:00,2118.0,2122.0,2116.0,2120.0,1035.0,60653.0,60506.0
2025-12-23 09:30:00,2120.0,2121.0,2110.0,2112.0,2363.0,60506.0,61510.0
2025-12-23 09:45:00,2112.0,2115.0,2110.0,2114.0,725.0,61510.0,61758.0
2025-12-23 10:00:00,2114.0,2114.0,2106.0,2110.0,792.0,61758.0,61926.0
2025-12-23 10:30:00,2111.0,2111.0,2102.0,2107.0,1484.0,61926.0,62395.0
2025-12-23 10:45:00,2107.0,2110.0,2106.0,2109.0,371.0,62395.0,62458.0
2025-12-23 11:00:00,2109.0,2109.0,2104.0,2104.0,253.0,62458.0,62542.0
2025-12-23 11:15:00,2104.0,2109.0,2104.0,2107.0,199.0,62542.0,62599.0
2025-12-23 13:30:00,2107.0,2109.0,2101.0,2103.0,1412.0,62599.0,63231.0
2025-12-23 13:45:00,2103.0,2104.0,2097.0,2100.0,920.0,63231.0,63500.0
2025-12-23 14:00:00,2100.0,2109.0,2100.0,2107.0,972.0,63500.0,63649.0
2025-12-23 14:15:00,2107.0,2111.0,2105.0,2111.0,1687.0,63649.0,64207.0
2025-12-23 14:30:00,2111.0,2111.0,2107.0,2109.0,352.0,64207.0,64097.0
2025-12-23 14:45:00,2109.0,2125.0,2108.0,2122.0,1863.0,64097.0,63980.0
2025-12-23 21:00:00,2123.0,2133.0,2113.0,2115.0,2437.0,63980.0,63783.0
2025-12-23 21:15:00,2115.0,2120.0,2115.0,2120.0,471.0,63783.0,63726.0
2025-12-23 21:30:00,2120.0,2124.0,2119.0,2124.0,778.0,63726.0,63746.0
2025-12-23 21:45:00,2124.0,2126.0,2123.0,2124.0,548.0,63746.0,63707.0
2025-12-23 22:00:00,2124.0,2126.0,2122.0,2123.0,290.0,63707.0,63662.0
2025-12-23 22:15:00,2123.0,2123.0,2119.0,2121.0,349.0,63662.0,63641.0
2025-12-23 22:30:00,2121.0,2122.0,2119.0,2120.0,243.0,63641.0,63661.0
2025-12-23 22:45:00,2120.0,2122.0,2119.0,2120.0,144.0,63661.0,63636.0
2025-12-24 09:00:00,2120.0,2129.0,2120.0,2123.0,1157.0,63636.0,63524.0
2025-12-24 09:15:00,2123.0,2123.0,2116.0,2117.0,1308.0,63524.0,63836.0
2025-12-24 09:30:00,2117.0,2129.0,2117.0,2129.0,1182.0,63836.0,63951.0
2025-12-24 09:45:00,2129.0,2133.0,2128.0,2133.0,1412.0,63951.0,64314.0
2025-12-24 10:00:00,2133.0,2134.0,2129.0,2130.0,484.0,64314.0,64330.0
2025-12-24 10:30:00,2130.0,2136.0,2130.0,2132.0,1525.0,64330.0,64371.0
2025-12-24 10:45:00,2132.0,2134.0,2130.0,2132.0,1193.0,64371.0,64355.0
2025-12-24 11:00:00,2132.0,2144.0,2131.0,2140.0,1020.0,64355.0,64438.0
2025-12-24 11:15:00,2140.0,2142.0,2135.0,2141.0,540.0,64438.0,64439.0
2025-12-24 13:30:00,2141.0,2143.0,2139.0,2142.0,775.0,64439.0,64295.0
2025-12-24 13:45:00,2142.0,2145.0,2141.0,2142.0,769.0,64295.0,64300.0
2025-12-24 14:00:00,2142.0,2143.0,2138.0,2140.0,2474.0,64300.0,63642.0
2025-12-24 14:15:00,2140.0,2146.0,2140.0,2145.0,1603.0,63642.0,63024.0
2025-12-24 14:30:00,2145.0,2147.0,2144.0,2145.0,1121.0,63024.0,62884.0
2025-12-24 14:45:00,2145.0,2148.0,2143.0,2145.0,1170.0,62884.0,62452.0
2025-12-24 21:00:00,2147.0,2149.0,2141.0,2143.0,1612.0,62452.0,62921.0
2025-12-24 21:15:00,2143.0,2153.0,2143.0,2148.0,1119.0,62921.0,62820.0
2025-12-24 21:30:00,2148.0,2148.0,2145.0,2147.0,390.0,62820.0,62723.0
2025-12-24 21:45:00,2147.0,2148.0,2143.0,2143.0,189.0,62723.0,62749.0
2025-12-24 22:00:00,2143.0,2148.0,2143.0,2146.0,192.0,62749.0,62746.0
2025-12-24 22:15:00,2146.0,2149.0,2145.0,2147.0,128.0,62746.0,62735.0
2025-12-24 22:30:00,2147.0,2150.0,2147.0,2147.0,202.0,62735.0,62754.0
2025-12-24 22:45:00,2147.0,2149.0,2144.0,2145.0,251.0,62754.0,62711.0
2025-12-25 09:00:00,2144.0,2154.0,2139.0,2152.0,829.0,62711.0,62562.0
2025-12-25 09:15:00,2152.0,2153.0,2148.0,2148.0,244.0,62562.0,62557.0
2025-12-25 09:30:00,2148.0,2150.0,2144.0,2145.0,428.0,62557.0,62552.0
2025-12-25 09:45:00,2145.0,2145.0,2139.0,2143.0,828.0,62552.0,62650.0
2025-12-25 10:00:00,2143.0,2146.0,2142.0,2146.0,202.0,62650.0,62608.0
2025-12-25 10:30:00,2146.0,2146.0,2140.0,2144.0,462.0,62608.0,62716.0
2025-12-25 10:45:00,2144.0,2145.0,2138.0,2138.0,651.0,62716.0,62842.0
2025-12-25 11:00:00,2138.0,2141.0,2135.0,2140.0,990.0,62842.0,62529.0
2025-12-25 11:15:00,2140.0,2143.0,2139.0,2142.0,474.0,62529.0,62504.0
2025-12-25 13:30:00,2142.0,2146.0,2140.0,2144.0,722.0,62504.0,62714.0
2025-12-25 13:45:00,2144.0,2147.0,2142.0,2143.0,975.0,62714.0,62767.0
2025-12-25 14:00:00,2143.0,2148.0,2141.0,2147.0,316.0,62767.0,62778.0
2025-12-25 14:15:00,2147.0,2150.0,2142.0,2149.0,1000.0,62778.0,62471.0
2025-12-25 14:30:00,2149.0,2154.0,2148.0,2151.0,1188.0,62471.0,62040.0
2025-12-25 14:45:00,2151.0,2156.0,2150.0,2155.0,907.0,62040.0,61622.0
2025-12-25 21:00:00,2157.0,2158.0,2147.0,2151.0,1383.0,61622.0,61799.0
2025-12-25 21:15:00,2151.0,2160.0,2148.0,2154.0,866.0,61799.0,61847.0
2025-12-25 21:30:00,2154.0,2156.0,2147.0,2149.0,643.0,61847.0,62007.0
2025-12-25 21:45:00,2149.0,2150.0,2146.0,2147.0,573.0,62007.0,62244.0
2025-12-25 22:00:00,2147.0,2148.0,2141.0,2141.0,723.0,62244.0,62589.0
2025-12-25 22:15:00,2141.0,2141.0,2137.0,2139.0,682.0,62589.0,62716.0
2025-12-25 22:30:00,2139.0,2145.0,2137.0,2144.0,349.0,62716.0,62751.0
2025-12-25 22:45:00,2144.0,2145.0,2139.0,2140.0,208.0,62751.0,62769.0
2025-12-26 09:00:00,2140.0,2144.0,2135.0,2144.0,1155.0,62769.0,62824.0
2025-12-26 09:15:00,2144.0,2144.0,2128.0,2129.0,2363.0,62824.0,63860.0
2025-12-26 09:30:00,2129.0,2130.0,2119.0,2121.0,2846.0,63860.0,64128.0
2025-12-26 09:45:00,2121.0,2126.0,2118.0,2123.0,1044.0,64128.0,64085.0
2025-12-26 10:00:00,2123.0,2129.0,2122.0,2127.0,1002.0,64085.0,64376.0
2025-12-26 10:30:00,2128.0,2137.0,2125.0,2133.0,1425.0,64376.0,64142.0
2025-12-26 10:45:00,2133.0,2136.0,2130.0,2136.0,754.0,64142.0,64396.0
2025-12-26 11:00:00,2136.0,2138.0,2134.0,2137.0,565.0,64396.0,64588.0
2025-12-26 11:15:00,2137.0,2137.0,2132.0,2133.0,297.0,64588.0,64604.0
2025-12-26 13:30:00,2132.0,2139.0,2131.0,2137.0,425.0,64604.0,64538.0
2025-12-26 13:45:00,2137.0,2142.0,2135.0,2141.0,593.0,64538.0,64486.0
2025-12-26 14:00:00,2141.0,2142.0,2136.0,2140.0,3406.0,64486.0,66383.0
2025-12-26 14:15:00,2140.0,2146.0,2140.0,2144.0,1395.0,66383.0,66229.0
2025-12-26 14:30:00,2144.0,2150.0,2144.0,2149.0,1680.0,66229.0,66482.0
2025-12-26 14:45:00,2149.0,2150.0,2145.0,2147.0,1367.0,66482.0,66220.0
2025-12-26 21:00:00,2145.0,2148.0,2138.0,2146.0,1216.0,66220.0,66261.0
2025-12-26 21:15:00,2146.0,2147.0,2140.0,2144.0,403.0,66261.0,66285.0
2025-12-26 21:30:00,2144.0,2144.0,2140.0,2142.0,274.0,66285.0,66183.0
2025-12-26 21:45:00,2142.0,2142.0,2136.0,2137.0,481.0,66183.0,66209.0
2025-12-26 22:00:00,2137.0,2137.0,2132.0,2135.0,1033.0,66209.0,66244.0
2025-12-26 22:15:00,2135.0,2139.0,2134.0,2139.0,517.0,66244.0,66245.0
2025-12-26 22:30:00,2139.0,2139.0,2135.0,2139.0,430.0,66245.0,66236.0
2025-12-26 22:45:00,2139.0,2142.0,2136.0,2138.0,649.0,66236.0,66137.0
2025-12-29 09:00:00,2138.0,2150.0,2137.0,2142.0,1786.0,66137.0,66438.0
2025-12-29 09:15:00,2142.0,2146.0,2137.0,2138.0,1038.0,66438.0,66613.0
2025-12-29 09:30:00,2138.0,2146.0,2138.0,2141.0,894.0,66613.0,66914.0
2025-12-29 09:45:00,2141.0,2147.0,2138.0,2139.0,672.0,66914.0,66880.0
2025-12-29 10:00:00,2139.0,2147.0,2138.0,2144.0,674.0,66880.0,66808.0
2025-12-29 10:30:00,2144.0,2160.0,2144.0,2159.0,4440.0,66808.0,65913.0
2025-12-29 10:45:00,2159.0,2167.0,2159.0,2163.0,2038.0,65913.0,65881.0
2025-12-29 11:00:00,2163.0,2168.0,2160.0,2165.0,910.0,65881.0,65668.0
2025-12-29 11:15:00,2165.0,2166.0,2161.0,2163.0,395.0,65668.0,65695.0
2025-12-29 13:30:00,2163.0,2164.0,2159.0,2160.0,664.0,65695.0,65833.0
2025-12-29 13:45:00,2160.0,2164.0,2156.0,2157.0,401.0,65833.0,65768.0
2025-12-29 14:00:00,2157.0,2162.0,2154.0,2161.0,505.0,65768.0,65751.0
2025-12-29 14:15:00,2161.0,2162.0,2155.0,2156.0,551.0,65751.0,65527.0
2025-12-29 14:30:00,2156.0,2157.0,2153.0,2155.0,461.0,65527.0,65431.0
2025-12-29 14:45:00,2155.0,2155.0,2150.0,2152.0,586.0,65431.0,65436.0
2025-12-29 21:00:00,2156.0,2164.0,2155.0,2156.0,2408.0,65436.0,65274.0
2025-12-29 21:15:00,2156.0,2159.0,2153.0,2157.0,547.0,65274.0,65326.0
2025-12-29 21:30:00,2157.0,2160.0,2156.0,2157.0,327.0,65326.0,65318.0
2025-12-29 21:45:00,2157.0,2167.0,2155.0,2165.0,680.0,65318.0,65361.0
2025-12-29 22:00:00,2165.0,2167.0,2160.0,2164.0,942.0,65361.0,65453.0
2025-12-29 22:15:00,2164.0,2165.0,2158.0,2160.0,291.0,65453.0,65453.0
2025-12-29 22:30:00,2160.0,2166.0,2158.0,2164.0,481.0,65453.0,65435.0
2025-12-29 22:45:00,2164.0,2172.0,2164.0,2169.0,1076.0,65435.0,65546.0
2025-12-30 09:00:00,2169.0,2195.0,2166.0,2191.0,8578.0,65546.0,65201.0
2025-12-30 09:15:00,2191.0,2193.0,2182.0,2191.0,1735.0,65201.0,65351.0
2025-12-30 09:30:00,2191.0,2197.0,2189.0,2195.0,2814.0,65351.0,66199.0
2025-12-30 09:45:00,2195.0,2199.0,2191.0,2191.0,6420.0,66199.0,67921.0
2025-12-30 10:00:00,2191.0,2194.0,2188.0,2193.0,1022.0,67921.0,68195.0
2025-12-30 10:30:00,2193.0,2193.0,2189.0,2193.0,844.0,68195.0,68277.0
2025-12-30 10:45:00,2193.0,2197.0,2192.0,2194.0,2231.0,68277.0,68914.0
2025-12-30 11:00:00,2194.0,2197.0,2189.0,2196.0,2099.0,68914.0,68513.0
2025-12-30 11:15:00,2196.0,2197.0,2191.0,2193.0,522.0,68513.0,68459.0
2025-12-30 13:30:00,2193.0,2197.0,2192.0,2194.0,1479.0,68459.0,67979.0
2025-12-30 13:45:00,2194.0,2198.0,2191.0,2195.0,1291.0,67979.0,68289.0
2025-12-30 14:00:00,2195.0,2200.0,2194.0,2198.0,1078.0,68289.0,68317.0
2025-12-30 14:15:00,2198.0,2199.0,2193.0,2194.0,1347.0,68317.0,68734.0
2025-12-30 14:30:00,2194.0,2197.0,2193.0,2195.0,1593.0,68734.0,69496.0
2025-12-30 14:45:00,2195.0,2197.0,2189.0,2192.0,2302.0,69496.0,69865.0
2025-12-30 21:00:00,2200.0,2208.0,2196.0,2204.0,3020.0,69865.0,69716.0
2025-12-30 21:15:00,2204.0,2206.0,2202.0,2206.0,893.0,69716.0,69896.0
2025-12-30 21:30:00,2206.0,2210.0,2203.0,2206.0,1204.0,69896.0,70206.0
2025-12-30 21:45:00,2206.0,2208.0,2203.0,2204.0,573.0,70206.0,70174.0
2025-12-30 22:00:00,2204.0,2208.0,2204.0,2208.0,380.0,70174.0,70274.0
2025-12-30 22:15:00,2208.0,2209.0,2204.0,2205.0,426.0,70274.0,70371.0
2025-12-30 22:30:00,2205.0,2207.0,2204.0,2206.0,212.0,70371.0,70393.0
2025-12-30 22:45:00,2206.0,2207.0,2204.0,2205.0,296.0,70393.0,70285.0
2025-12-31 09:00:00,2205.0,2205.0,2190.0,2191.0,2298.0,70285.0,70125.0
2025-12-31 09:15:00,2191.0,2192.0,2185.0,2191.0,1295.0,70125.0,70159.0
2025-12-31 09:30:00,2191.0,2194.0,2190.0,2191.0,986.0,70159.0,70013.0
2025-12-31 09:45:00,2191.0,2193.0,2189.0,2190.0,370.0,70013.0,70079.0
2025-12-31 10:00:00,2190.0,2197.0,2190.0,2195.0,882.0,70079.0,69918.0
2025-12-31 10:30:00,2196.0,2203.0,2195.0,2201.0,1660.0,69918.0,69983.0
2025-12-31 10:45:00,2201.0,2201.0,2196.0,2197.0,1544.0,69983.0,69918.0
2025-12-31 11:00:00,2197.0,2200.0,2194.0,2198.0,517.0,69918.0,70056.0
2025-12-31 11:15:00,2198.0,2199.0,2191.0,2193.0,976.0,70056.0,70367.0
2025-12-31 13:30:00,2193.0,2194.0,2187.0,2193.0,1662.0,70367.0,70513.0
2025-12-31 13:45:00,2193.0,2195.0,2189.0,2193.0,800.0,70513.0,70709.0
2025-12-31 14:00:00,2193.0,2197.0,2187.0,2190.0,1894.0,70709.0,71025.0
2025-12-31 14:15:00,2190.0,2193.0,2189.0,2190.0,485.0,71025.0,70890.0
2025-12-31 14:30:00,2190.0,2194.0,2185.0,2186.0,1044.0,70890.0,71107.0
2025-12-31 14:45:00,2186.0,2187.0,2180.0,2182.0,1913.0,71107.0,71083.0
2026-01-05 09:00:00,2199.0,2204.0,2181.0,2185.0,5945.0,71083.0,72362.0
2026-01-05 09:15:00,2185.0,2191.0,2177.0,2184.0,6426.0,72362.0,74718.0
2026-01-05 09:30:00,2184.0,2186.0,2176.0,2180.0,5418.0,74718.0,76357.0
2026-01-05 09:45:00,2180.0,2188.0,2180.0,2185.0,3183.0,76357.0,76652.0
2026-01-05 10:00:00,2185.0,2187.0,2175.0,2181.0,1558.0,76652.0,76420.0
2026-01-05 10:30:00,2181.0,2195.0,2181.0,2186.0,1879.0,76420.0,76244.0
2026-01-05 10:45:00,2186.0,2186.0,2180.0,2180.0,722.0,76244.0,76234.0
2026-01-05 11:00:00,2180.0,2182.0,2176.0,2180.0,1392.0,76234.0,76459.0
2026-01-05 11:15:00,2180.0,2182.0,2171.0,2178.0,1290.0,76459.0,76199.0
2026-01-05 13:30:00,2177.0,2178.0,2166.0,2169.0,1798.0,76199.0,76348.0
2026-01-05 13:45:00,2169.0,2172.0,2167.0,2171.0,1003.0,76348.0,76417.0
2026-01-05 14:00:00,2171.0,2173.0,2165.0,2169.0,1023.0,76417.0,76518.0
2026-01-05 14:15:00,2169.0,2174.0,2167.0,2167.0,614.0,76518.0,76527.0
2026-01-05 14:30:00,2167.0,2173.0,2167.0,2171.0,539.0,76527.0,76602.0
2026-01-05 14:45:00,2171.0,2174.0,2169.0,2172.0,636.0,76602.0,76454.0
2026-01-05 21:00:00,2180.0,2196.0,2180.0,2193.0,3727.0,76454.0,76261.0
2026-01-05 21:15:00,2193.0,2206.0,2192.0,2204.0,3223.0,76261.0,76784.0
2026-01-05 21:30:00,2204.0,2222.0,2204.0,2217.0,6722.0,76784.0,78396.0
2026-01-05 21:45:00,2217.0,2221.0,2215.0,2216.0,1693.0,78396.0,78483.0
2026-01-05 22:00:00,2216.0,2222.0,2215.0,2221.0,1665.0,78483.0,78407.0
2026-01-05 22:15:00,2221.0,2223.0,2217.0,2219.0,1507.0,78407.0,78592.0
2026-01-05 22:30:00,2219.0,2222.0,2218.0,2222.0,572.0,78592.0,78595.0
2026-01-05 22:45:00,2222.0,2222.0,2217.0,2220.0,660.0,78595.0,78631.0
2026-01-06 09:00:00,2220.0,2222.0,2197.0,2203.0,7368.0,78631.0,78861.0
2026-01-06 09:15:00,2203.0,2207.0,2202.0,2205.0,2888.0,78861.0,78647.0
2026-01-06 09:30:00,2205.0,2211.0,2204.0,2208.0,1059.0,78647.0,78763.0
2026-01-06 09:45:00,2208.0,2215.0,2208.0,2214.0,1140.0,78763.0,78714.0
2026-01-06 10:00:00,2214.0,2222.0,2213.0,2218.0,2423.0,78714.0,78551.0
2026-01-06 10:30:00,2218.0,2219.0,2215.0,2217.0,1708.0,78551.0,78287.0
2026-01-06 10:45:00,2217.0,2222.0,2217.0,2219.0,1593.0,78287.0,78091.0
2026-01-06 11:00:00,2219.0,2224.0,2217.0,2223.0,2680.0,78091.0,77791.0
2026-01-06 11:15:00,2223.0,2228.0,2222.0,2226.0,1649.0,77791.0,77356.0
2026-01-06 13:30:00,2226.0,2234.0,2226.0,2230.0,1711.0,77356.0,77068.0
2026-01-06 13:45:00,2230.0,2233.0,2226.0,2229.0,966.0,77068.0,76910.0
2026-01-06 14:00:00,2229.0,2234.0,2226.0,2234.0,1950.0,76910.0,76711.0
2026-01-06 14:15:00,2234.0,2238.0,2231.0,2236.0,1704.0,76711.0,77183.0
2026-01-06 14:30:00,2236.0,2244.0,2236.0,2240.0,3954.0,77183.0,78668.0
2026-01-06 14:45:00,2240.0,2243.0,2237.0,2240.0,3116.0,78668.0,78891.0
2026-01-06 21:00:00,2240.0,2263.0,2240.0,2253.0,6530.0,78891.0,79405.0
2026-01-06 21:15:00,2253.0,2258.0,2246.0,2248.0,7029.0,79405.0,77437.0
2026-01-06 21:30:00,2248.0,2253.0,2246.0,2247.0,2449.0,77437.0,77107.0
2026-01-06 21:45:00,2247.0,2257.0,2247.0,2257.0,1835.0,77107.0,76788.0
2026-01-06 22:00:00,2257.0,2261.0,2253.0,2255.0,1238.0,76788.0,76537.0
2026-01-06 22:15:00,2255.0,2262.0,2254.0,2257.0,4165.0,76537.0,77405.0
2026-01-06 22:30:00,2257.0,2260.0,2255.0,2259.0,621.0,77405.0,77092.0
2026-01-06 22:45:00,2259.0,2259.0,2250.0,2254.0,1765.0,77092.0,76607.0
2026-01-07 09:00:00,2255.0,2255.0,2232.0,2244.0,5400.0,76607.0,76316.0
2026-01-07 09:15:00,2244.0,2249.0,2243.0,2246.0,415.0,76316.0,76316.0
2026-01-07 09:30:00,2246.0,2250.0,2242.0,2248.0,978.0,76316.0,76189.0
2026-01-07 09:45:00,2248.0,2250.0,2231.0,2233.0,2991.0,76189.0,75871.0
2026-01-07 10:00:00,2233.0,2234.0,2223.0,2225.0,15126.0,75871.0,73478.0
2026-01-07 10:30:00,2225.0,2239.0,2220.0,2239.0,7940.0,73478.0,72128.0
2026-01-07 10:45:00,2239.0,2239.0,2232.0,2235.0,2436.0,72128.0,72392.0
2026-01-07 11:00:00,2235.0,2240.0,2233.0,2237.0,1066.0,72392.0,72210.0
2026-01-07 11:15:00,2237.0,2249.0,2236.0,2247.0,1065.0,72210.0,71899.0
2026-01-07 13:30:00,2247.0,2247.0,2239.0,2241.0,1867.0,71899.0,72149.0
2026-01-07 13:45:00,2241.0,2248.0,2239.0,2247.0,1357.0,72149.0,72183.0
2026-01-07 14:00:00,2247.0,2252.0,2246.0,2247.0,2760.0,72183.0,72899.0
2026-01-07 14:15:00,2247.0,2259.0,2247.0,2256.0,2042.0,72899.0,73406.0
2026-01-07 14:30:00,2256.0,2257.0,2246.0,2248.0,1695.0,73406.0,73870.0
2026-01-07 14:45:00,2248.0,2250.0,2242.0,2247.0,1359.0,73870.0,73546.0
2026-01-07 21:00:00,2250.0,2250.0,2232.0,2244.0,7722.0,73546.0,75357.0
2026-01-07 21:15:00,2244.0,2247.0,2236.0,2238.0,3465.0,75357.0,75005.0
2026-01-07 21:30:00,2238.0,2247.0,2237.0,2244.0,1373.0,75005.0,75287.0
2026-01-07 21:45:00,2244.0,2244.0,2238.0,2242.0,1123.0,75287.0,75429.0
2026-01-07 22:00:00,2242.0,2247.0,2242.0,2244.0,873.0,75429.0,75502.0
2026-01-07 22:15:00,2244.0,2247.0,2236.0,2242.0,2106.0,75502.0,75733.0
2026-01-07 22:30:00,2242.0,2244.0,2226.0,2234.0,2814.0,75733.0,76166.0
2026-01-07 22:45:00,2234.0,2239.0,2232.0,2236.0,1198.0,76166.0,76235.0
2026-01-08 09:00:00,2237.0,2244.0,2231.0,2241.0,5757.0,76235.0,77012.0
2026-01-08 09:15:00,2241.0,2246.0,2238.0,2241.0,5931.0,77012.0,77448.0
2026-01-08 09:30:00,2241.0,2247.0,2240.0,2246.0,2951.0,77448.0,77003.0
2026-01-08 09:45:00,2246.0,2254.0,2245.0,2249.0,8568.0,77003.0,75221.0
2026-01-08 10:00:00,2249.0,2253.0,2248.0,2252.0,2505.0,75221.0,75168.0
2026-01-08 10:30:00,2251.0,2251.0,2236.0,2239.0,4091.0,75168.0,75504.0
2026-01-08 10:45:00,2239.0,2244.0,2239.0,2243.0,1352.0,75504.0,76185.0
2026-01-08 11:00:00,2243.0,2243.0,2231.0,2234.0,2704.0,76185.0,76781.0
2026-01-08 11:15:00,2234.0,2240.0,2230.0,2239.0,1981.0,76781.0,76939.0
2026-01-08 13:30:00,2239.0,2247.0,2233.0,2235.0,3346.0,76939.0,77790.0
2026-01-08 13:45:00,2235.0,2241.0,2235.0,2238.0,2451.0,77790.0,78135.0
2026-01-08 14:00:00,2238.0,2238.0,2225.0,2230.0,2031.0,78135.0,77835.0
2026-01-08 14:15:00,2230.0,2240.0,2227.0,2240.0,2111.0,77835.0,77360.0
2026-01-08 14:30:00,2240.0,2244.0,2234.0,2235.0,2536.0,77360.0,77792.0
2026-01-08 14:45:00,2235.0,2238.0,2234.0,2235.0,1209.0,77792.0,77619.0
2026-01-08 21:00:00,2240.0,2243.0,2218.0,2221.0,6984.0,77619.0,78440.0
2026-01-08 21:15:00,2221.0,2228.0,2219.0,2223.0,3288.0,78440.0,79522.0
2026-01-08 21:30:00,2223.0,2233.0,2222.0,2233.0,1759.0,79522.0,79466.0
2026-01-08 21:45:00,2233.0,2235.0,2227.0,2233.0,1435.0,79466.0,79849.0
2026-01-08 22:00:00,2233.0,2235.0,2230.0,2231.0,1253.0,79849.0,79975.0
2026-01-08 22:15:00,2231.0,2238.0,2230.0,2231.0,1739.0,79975.0,80037.0
2026-01-08 22:30:00,2231.0,2241.0,2229.0,2235.0,1659.0,80037.0,80134.0
2026-01-08 22:45:00,2235.0,2241.0,2235.0,2238.0,859.0,80134.0,80314.0
2026-01-09 09:00:00,2253.0,2273.0,2253.0,2257.0,16139.0,80314.0,84577.0
2026-01-09 09:15:00,2257.0,2258.0,2250.0,2255.0,3238.0,84577.0,85494.0
2026-01-09 09:30:00,2255.0,2258.0,2249.0,2256.0,1792.0,85494.0,85812.0
2026-01-09 09:45:00,2256.0,2257.0,2253.0,2254.0,2139.0,85812.0,86638.0
2026-01-09 10:00:00,2254.0,2263.0,2254.0,2262.0,3663.0,86638.0,87535.0
2026-01-09 10:30:00,2262.0,2266.0,2258.0,2260.0,2009.0,87535.0,88022.0
2026-01-09 10:45:00,2260.0,2263.0,2256.0,2260.0,1523.0,88022.0,88236.0
2026-01-09 11:00:00,2260.0,2260.0,2250.0,2252.0,1818.0,88236.0,88404.0
2026-01-09 11:15:00,2252.0,2252.0,2240.0,2242.0,4146.0,88404.0,89716.0
2026-01-09 13:30:00,2242.0,2256.0,2242.0,2254.0,2694.0,89716.0,89069.0
2026-01-09 13:45:00,2254.0,2262.0,2254.0,2260.0,1959.0,89069.0,89529.0
2026-01-09 14:00:00,2260.0,2263.0,2254.0,2258.0,795.0,89529.0,89418.0
2026-01-09 14:15:00,2258.0,2259.0,2254.0,2257.0,574.0,89418.0,89407.0
2026-01-09 14:30:00,2257.0,2259.0,2255.0,2258.0,818.0,89407.0,89788.0
2026-01-09 14:45:00,2258.0,2272.0,2258.0,2271.0,5369.0,89788.0,90161.0
2026-01-09 21:00:00,2272.0,2272.0,2247.0,2252.0,6455.0,90161.0,91780.0
2026-01-09 21:15:00,2252.0,2255.0,2249.0,2255.0,1740.0,91780.0,91875.0
2026-01-09 21:30:00,2255.0,2256.0,2245.0,2251.0,1867.0,91875.0,91702.0
2026-01-09 21:45:00,2251.0,2255.0,2247.0,2248.0,1577.0,91702.0,91361.0
2026-01-09 22:00:00,2248.0,2256.0,2248.0,2254.0,2283.0,91361.0,90865.0
2026-01-09 22:15:00,2254.0,2266.0,2253.0,2265.0,2394.0,90865.0,90579.0
2026-01-09 22:30:00,2265.0,2277.0,2265.0,2273.0,2587.0,90579.0,90000.0
2026-01-09 22:45:00,2273.0,2281.0,2269.0,2276.0,2548.0,90000.0,89577.0
2026-01-12 09:00:00,2276.0,2289.0,2261.0,2267.0,7047.0,89577.0,91087.0
2026-01-12 09:15:00,2267.0,2274.0,2265.0,2270.0,1897.0,91087.0,91351.0
2026-01-12 09:30:00,2270.0,2270.0,2259.0,2261.0,2949.0,91351.0,92081.0
2026-01-12 09:45:00,2261.0,2261.0,2252.0,2260.0,3899.0,92081.0,93026.0
2026-01-12 10:00:00,2260.0,2265.0,2257.0,2265.0,631.0,93026.0,93000.0
2026-01-12 10:30:00,2265.0,2265.0,2253.0,2264.0,1774.0,93000.0,93034.0
2026-01-12 10:45:00,2264.0,2266.0,2259.0,2260.0,381.0,93034.0,92998.0
2026-01-12 11:00:00,2260.0,2260.0,2255.0,2258.0,1400.0,92998.0,93103.0
2026-01-12 11:15:00,2258.0,2259.0,2250.0,2259.0,3266.0,93103.0,94579.0
2026-01-12 13:30:00,2258.0,2266.0,2258.0,2265.0,2335.0,94579.0,95395.0
2026-01-12 13:45:00,2265.0,2268.0,2260.0,2268.0,713.0,95395.0,95302.0
2026-01-12 14:00:00,2268.0,2269.0,2258.0,2259.0,905.0,95302.0,95341.0
2026-01-12 14:15:00,2259.0,2266.0,2255.0,2265.0,1502.0,95341.0,95841.0
2026-01-12 14:30:00,2265.0,2265.0,2259.0,2260.0,383.0,95841.0,95906.0
2026-01-12 14:45:00,2260.0,2262.0,2258.0,2261.0,1004.0,95906.0,95671.0
2026-01-12 21:00:00,2250.0,2261.0,2249.0,2255.0,4933.0,95671.0,97435.0
2026-01-12 21:15:00,2255.0,2256.0,2245.0,2246.0,1627.0,97435.0,97404.0
2026-01-12 21:30:00,2246.0,2249.0,2243.0,2246.0,1056.0,97404.0,97548.0
2026-01-12 21:45:00,2246.0,2258.0,2245.0,2254.0,2516.0,97548.0,98477.0
2026-01-12 22:00:00,2254.0,2256.0,2242.0,2246.0,1050.0,98477.0,98705.0
2026-01-12 22:15:00,2246.0,2247.0,2242.0,2242.0,661.0,98705.0,98795.0
2026-01-12 22:30:00,2242.0,2249.0,2242.0,2244.0,620.0,98795.0,98917.0
2026-01-12 22:45:00,2244.0,2248.0,2243.0,2245.0,743.0,98917.0,99108.0
2026-01-13 09:00:00,2245.0,2287.0,2245.0,2281.0,9363.0,99108.0,99749.0
2026-01-13 09:15:00,2281.0,2285.0,2274.0,2277.0,3304.0,99749.0,100256.0
2026-01-13 09:30:00,2277.0,2282.0,2269.0,2278.0,2290.0,100256.0,100369.0
2026-01-13 09:45:00,2278.0,2284.0,2278.0,2280.0,1588.0,100369.0,100636.0
2026-01-13 10:00:00,2280.0,2297.0,2278.0,2294.0,3888.0,100636.0,100526.0
2026-01-13 10:30:00,2294.0,2294.0,2286.0,2288.0,1440.0,100526.0,100753.0
2026-01-13 10:45:00,2288.0,2291.0,2285.0,2289.0,2203.0,100753.0,101344.0
2026-01-13 11:00:00,2289.0,2289.0,2283.0,2286.0,917.0,101344.0,101195.0
2026-01-13 11:15:00,2286.0,2288.0,2282.0,2284.0,828.0,101195.0,101242.0
2026-01-13 13:30:00,2284.0,2284.0,2270.0,2277.0,2464.0,101242.0,101239.0
2026-01-13 13:45:00,2277.0,2280.0,2273.0,2273.0,1137.0,101239.0,101580.0
2026-01-13 14:00:00,2273.0,2275.0,2267.0,2271.0,1666.0,101580.0,101866.0
2026-01-13 14:15:00,2271.0,2272.0,2264.0,2267.0,1389.0,101866.0,102046.0
2026-01-13 14:30:00,2267.0,2267.0,2258.0,2266.0,1812.0,102046.0,101966.0
2026-01-13 14:45:00,2266.0,2272.0,2264.0,2268.0,1610.0,101966.0,102149.0
2026-01-13 21:00:00,2277.0,2288.0,2275.0,2284.0,3193.0,102149.0,102463.0
2026-01-13 21:15:00,2284.0,2286.0,2277.0,2281.0,1158.0,102463.0,102821.0
2026-01-13 21:30:00,2281.0,2285.0,2276.0,2277.0,600.0,102821.0,102921.0
2026-01-13 21:45:00,2277.0,2278.0,2271.0,2275.0,760.0,102921.0,102938.0
2026-01-13 22:00:00,2275.0,2275.0,2269.0,2273.0,681.0,102938.0,102913.0
2026-01-13 22:15:00,2273.0,2277.0,2272.0,2275.0,983.0,102913.0,103025.0
2026-01-13 22:30:00,2275.0,2291.0,2275.0,2290.0,1152.0,103025.0,102770.0
2026-01-13 22:45:00,2290.0,2306.0,2289.0,2299.0,5203.0,102770.0,102585.0
2026-01-14 09:00:00,2299.0,2299.0,2277.0,2278.0,3053.0,102585.0,103038.0
2026-01-14 09:15:00,2278.0,2287.0,2278.0,2282.0,1334.0,103038.0,103010.0
2026-01-14 09:30:00,2282.0,2288.0,2279.0,2283.0,919.0,103010.0,103123.0
2026-01-14 09:45:00,2283.0,2285.0,2281.0,2284.0,591.0,103123.0,102946.0
2026-01-14 10:00:00,2284.0,2288.0,2284.0,2288.0,437.0,102946.0,103027.0
2026-01-14 10:30:00,2288.0,2297.0,2288.0,2294.0,1922.0,103027.0,103328.0
2026-01-14 10:45:00,2294.0,2300.0,2292.0,2297.0,1182.0,103328.0,103639.0
2026-01-14 11:00:00,2297.0,2302.0,2296.0,2300.0,935.0,103639.0,104027.0
2026-01-14 11:15:00,2300.0,2305.0,2295.0,2299.0,2118.0,104027.0,104779.0
2026-01-14 13:30:00,2296.0,2297.0,2288.0,2292.0,1834.0,104779.0,104897.0
2026-01-14 13:45:00,2292.0,2292.0,2281.0,2282.0,2536.0,104897.0,104694.0
2026-01-14 14:00:00,2282.0,2298.0,2281.0,2297.0,1873.0,104694.0,104414.0
2026-01-14 14:15:00,2297.0,2297.0,2285.0,2288.0,1204.0,104414.0,104245.0
2026-01-14 14:30:00,2288.0,2291.0,2285.0,2288.0,659.0,104245.0,104352.0
2026-01-14 14:45:00,2288.0,2289.0,2283.0,2288.0,2469.0,104352.0,104538.0
2026-01-14 21:00:00,2303.0,2313.0,2295.0,2298.0,4825.0,104538.0,105165.0
2026-01-14 21:15:00,2298.0,2302.0,2292.0,2300.0,1659.0,105165.0,105166.0
2026-01-14 21:30:00,2300.0,2303.0,2292.0,2292.0,1157.0,105166.0,105203.0
2026-01-14 21:45:00,2292.0,2296.0,2290.0,2296.0,1279.0,105203.0,105248.0
2026-01-14 22:00:00,2296.0,2298.0,2292.0,2296.0,763.0,105248.0,105147.0
2026-01-14 22:15:00,2296.0,2302.0,2295.0,2301.0,1492.0,105147.0,105447.0
2026-01-14 22:30:00,2301.0,2313.0,2298.0,2303.0,4539.0,105447.0,106353.0
2026-01-14 22:45:00,2303.0,2307.0,2300.0,2307.0,1430.0,106353.0,106311.0
2026-01-15 09:00:00,2307.0,2307.0,2272.0,2274.0,7272.0,106311.0,108182.0
2026-01-15 09:15:00,2274.0,2279.0,2261.0,2266.0,3611.0,108182.0,108432.0
2026-01-15 09:30:00,2266.0,2273.0,2263.0,2270.0,2381.0,108432.0,108578.0
2026-01-15 09:45:00,2270.0,2270.0,2264.0,2264.0,1381.0,108578.0,108504.0
2026-01-15 10:00:00,2264.0,2272.0,2264.0,2272.0,855.0,108504.0,108631.0
2026-01-15 10:30:00,2270.0,2270.0,2262.0,2267.0,1736.0,108631.0,108551.0
2026-01-15 10:45:00,2267.0,2270.0,2264.0,2264.0,608.0,108551.0,108518.0
2026-01-15 11:00:00,2264.0,2271.0,2258.0,2265.0,1901.0,108518.0,108774.0
2026-01-15 11:15:00,2265.0,2268.0,2256.0,2259.0,1524.0,108774.0,109164.0
2026-01-15 13:30:00,2259.0,2264.0,2255.0,2264.0,1496.0,109164.0,109321.0
2026-01-15 13:45:00,2264.0,2271.0,2260.0,2263.0,1337.0,109321.0,109345.0
2026-01-15 14:00:00,2263.0,2269.0,2262.0,2269.0,363.0,109345.0,109427.0
2026-01-15 14:15:00,2269.0,2271.0,2265.0,2271.0,609.0,109427.0,109473.0
2026-01-15 14:30:00,2271.0,2273.0,2268.0,2272.0,636.0,109473.0,109556.0
2026-01-15 14:45:00,2272.0,2274.0,2270.0,2272.0,1065.0,109556.0,109525.0
2026-01-15 21:00:00,2265.0,2267.0,2249.0,2253.0,5647.0,109525.0,109221.0
2026-01-15 21:15:00,2253.0,2253.0,2241.0,2244.0,2512.0,109221.0,109509.0
2026-01-15 21:30:00,2244.0,2244.0,2234.0,2243.0,4449.0,109509.0,108938.0
2026-01-15 21:45:00,2243.0,2248.0,2240.0,2241.0,1010.0,108938.0,108957.0
2026-01-15 22:00:00,2241.0,2252.0,2241.0,2252.0,1297.0,108957.0,108446.0
2026-01-15 22:15:00,2252.0,2252.0,2245.0,2249.0,570.0,108446.0,108403.0
2026-01-15 22:30:00,2249.0,2249.0,2243.0,2244.0,665.0,108403.0,108636.0
2026-01-15 22:45:00,2244.0,2250.0,2244.0,2248.0,434.0,108636.0,108619.0
2026-01-16 09:00:00,2248.0,2266.0,2243.0,2262.0,3077.0,108619.0,108107.0
2026-01-16 09:15:00,2262.0,2269.0,2259.0,2265.0,1368.0,108107.0,107814.0
2026-01-16 09:30:00,2265.0,2270.0,2263.0,2268.0,1495.0,107814.0,108036.0
2026-01-16 09:45:00,2268.0,2273.0,2263.0,2264.0,1148.0,108036.0,108125.0
2026-01-16 10:00:00,2264.0,2268.0,2260.0,2262.0,1301.0,108125.0,108299.0
2026-01-16 10:30:00,2262.0,2262.0,2256.0,2261.0,828.0,108299.0,108128.0
2026-01-16 10:45:00,2261.0,2262.0,2254.0,2255.0,894.0,108128.0,108191.0
2026-01-16 11:00:00,2255.0,2258.0,2251.0,2253.0,789.0,108191.0,108195.0
2026-01-16 11:15:00,2253.0,2255.0,2249.0,2252.0,729.0,108195.0,108323.0
2026-01-16 13:30:00,2252.0,2255.0,2248.0,2251.0,364.0,108323.0,108222.0
2026-01-16 13:45:00,2251.0,2254.0,2248.0,2250.0,465.0,108222.0,108286.0
2026-01-16 14:00:00,2250.0,2251.0,2244.0,2249.0,2496.0,108286.0,108292.0
2026-01-16 14:15:00,2249.0,2249.0,2242.0,2245.0,1873.0,108292.0,109150.0
2026-01-16 14:30:00,2245.0,2247.0,2243.0,2244.0,1222.0,109150.0,109271.0
2026-01-16 14:45:00,2244.0,2248.0,2242.0,2248.0,1691.0,109271.0,109069.0
2026-01-16 21:00:00,2258.0,2306.0,2249.0,2253.0,2676.0,109069.0,108285.0
2026-01-16 21:15:00,2253.0,2258.0,2251.0,2254.0,1251.0,108285.0,107643.0
2026-01-16 21:30:00,2254.0,2262.0,2253.0,2261.0,809.0,107643.0,107570.0
2026-01-16 21:45:00,2261.0,2261.0,2254.0,2255.0,622.0,107570.0,107509.0
2026-01-16 22:00:00,2255.0,2257.0,2251.0,2255.0,704.0,107509.0,107430.0
2026-01-16 22:15:00,2255.0,2261.0,2255.0,2256.0,653.0,107430.0,107386.0
2026-01-16 22:30:00,2256.0,2258.0,2255.0,2256.0,390.0,107386.0,107436.0
2026-01-16 22:45:00,2256.0,2256.0,2253.0,2254.0,529.0,107436.0,107351.0
2026-01-19 09:00:00,2254.0,2257.0,2245.0,2251.0,3455.0,107351.0,108122.0
2026-01-19 09:15:00,2251.0,2251.0,2244.0,2246.0,2365.0,108122.0,108073.0
2026-01-19 09:30:00,2246.0,2252.0,2244.0,2248.0,2667.0,108073.0,108585.0
2026-01-19 09:45:00,2248.0,2248.0,2238.0,2240.0,1814.0,108585.0,108769.0
2026-01-19 10:00:00,2240.0,2247.0,2235.0,2244.0,2257.0,108769.0,108696.0
2026-01-19 10:30:00,2244.0,2245.0,2238.0,2238.0,850.0,108696.0,108512.0
2026-01-19 10:45:00,2238.0,2239.0,2235.0,2235.0,1165.0,108512.0,108745.0
2026-01-19 11:00:00,2235.0,2241.0,2232.0,2241.0,826.0,108745.0,108639.0
2026-01-19 11:15:00,2241.0,2245.0,2237.0,2237.0,760.0,108639.0,108323.0
2026-01-19 13:30:00,2236.0,2241.0,2236.0,2237.0,1624.0,108323.0,108144.0
2026-01-19 13:45:00,2237.0,2244.0,2237.0,2243.0,1715.0,108144.0,109036.0
2026-01-19 14:00:00,2243.0,2246.0,2239.0,2241.0,4305.0,109036.0,108857.0
2026-01-19 14:15:00,2241.0,2242.0,2234.0,2236.0,1501.0,108857.0,109075.0
2026-01-19 14:30:00,2236.0,2240.0,2234.0,2236.0,1455.0,109075.0,109251.0
2026-01-19 14:45:00,2236.0,2239.0,2234.0,2236.0,3696.0,109251.0,109805.0
2026-01-19 21:00:00,2232.0,2234.0,2214.0,2215.0,6735.0,109805.0,110438.0
2026-01-19 21:15:00,2215.0,2220.0,2211.0,2215.0,4807.0,110438.0,112553.0
2026-01-19 21:30:00,2215.0,2221.0,2213.0,2213.0,2233.0,112553.0,112816.0
2026-01-19 21:45:00,2213.0,2224.0,2213.0,2224.0,1362.0,112816.0,112595.0
2026-01-19 22:00:00,2224.0,2227.0,2219.0,2224.0,599.0,112595.0,112532.0
2026-01-19 22:15:00,2224.0,2229.0,2221.0,2223.0,1342.0,112532.0,112633.0
2026-01-19 22:30:00,2223.0,2224.0,2220.0,2222.0,466.0,112633.0,112460.0
2026-01-19 22:45:00,2222.0,2226.0,2220.0,2226.0,436.0,112460.0,112295.0
2026-01-20 09:00:00,2224.0,2227.0,2216.0,2221.0,2061.0,112295.0,112134.0
2026-01-20 09:15:00,2221.0,2223.0,2217.0,2219.0,1297.0,112134.0,112098.0
2026-01-20 09:30:00,2219.0,2221.0,2215.0,2220.0,1140.0,112098.0,112085.0
2026-01-20 09:45:00,2220.0,2220.0,2210.0,2212.0,2175.0,112085.0,111998.0
2026-01-20 10:00:00,2212.0,2215.0,2210.0,2212.0,1063.0,111998.0,112046.0
2026-01-20 10:30:00,2211.0,2216.0,2211.0,2214.0,910.0,112046.0,111888.0
2026-01-20 10:45:00,2214.0,2221.0,2211.0,2220.0,1419.0,111888.0,111660.0
2026-01-20 11:00:00,2220.0,2223.0,2215.0,2222.0,1229.0,111660.0,111585.0
2026-01-20 11:15:00,2222.0,2225.0,2220.0,2224.0,1223.0,111585.0,111811.0
2026-01-20 13:30:00,2224.0,2232.0,2224.0,2230.0,2433.0,111811.0,111658.0
2026-01-20 13:45:00,2230.0,2234.0,2229.0,2231.0,1390.0,111658.0,112002.0
2026-01-20 14:00:00,2231.0,2237.0,2230.0,2233.0,1295.0,112002.0,111907.0
2026-01-20 14:15:00,2233.0,2234.0,2224.0,2226.0,1233.0,111907.0,111876.0
2026-01-20 14:30:00,2226.0,2227.0,2223.0,2223.0,717.0,111876.0,111706.0
2026-01-20 14:45:00,2223.0,2226.0,2223.0,2225.0,827.0,111706.0,111593.0
2026-01-20 21:00:00,2227.0,2230.0,2220.0,2226.0,1597.0,111593.0,111795.0
2026-01-20 21:15:00,2226.0,2226.0,2222.0,2223.0,698.0,111795.0,111741.0
2026-01-20 21:30:00,2223.0,2224.0,2219.0,2222.0,792.0,111741.0,111841.0
2026-01-20 21:45:00,2222.0,2222.0,2218.0,2221.0,394.0,111841.0,111858.0
2026-01-20 22:00:00,2221.0,2227.0,2221.0,2225.0,647.0,111858.0,111850.0
2026-01-20 22:15:00,2225.0,2233.0,2224.0,2232.0,650.0,111850.0,111842.0
2026-01-20 22:30:00,2232.0,2238.0,2230.0,2236.0,3944.0,111842.0,111247.0
2026-01-20 22:45:00,2236.0,2241.0,2234.0,2239.0,1218.0,111247.0,111309.0
2026-01-21 09:00:00,2239.0,2240.0,2230.0,2234.0,3105.0,111309.0,111282.0
2026-01-21 09:15:00,2234.0,2239.0,2234.0,2237.0,722.0,111282.0,111196.0
2026-01-21 09:30:00,2237.0,2237.0,2228.0,2232.0,1323.0,111196.0,111113.0
2026-01-21 09:45:00,2232.0,2245.0,2232.0,2242.0,2101.0,111113.0,110767.0
2026-01-21 10:00:00,2242.0,2245.0,2237.0,2240.0,1913.0,110767.0,110356.0
2026-01-21 10:30:00,2241.0,2241.0,2235.0,2235.0,1112.0,110356.0,110478.0
2026-01-21 10:45:00,2235.0,2235.0,2227.0,2232.0,3883.0,110478.0,111421.0
2026-01-21 11:00:00,2232.0,2232.0,2224.0,2227.0,3346.0,111421.0,112421.0
2026-01-21 11:15:00,2227.0,2231.0,2224.0,2231.0,1458.0,112421.0,112484.0
2026-01-21 13:30:00,2231.0,2239.0,2229.0,2239.0,1448.0,112484.0,112471.0
2026-01-21 13:45:00,2239.0,2239.0,2231.0,2235.0,1775.0,112471.0,112845.0
2026-01-21 14:00:00,2235.0,2238.0,2232.0,2234.0,2361.0,112845.0,111956.0
2026-01-21 14:15:00,2234.0,2237.0,2230.0,2230.0,467.0,111956.0,111876.0
2026-01-21 14:30:00,2230.0,2233.0,2229.0,2233.0,1022.0,111876.0,112049.0
2026-01-21 14:45:00,2233.0,2235.0,2229.0,2232.0,928.0,112049.0,111970.0
2026-01-21 21:00:00,2236.0,2246.0,2236.0,2241.0,2794.0,111970.0,111627.0
2026-01-21 21:15:00,2241.0,2246.0,2238.0,2243.0,922.0,111627.0,111712.0
2026-01-21 21:30:00,2243.0,2248.0,2242.0,2243.0,753.0,111712.0,111676.0
2026-01-21 21:45:00,2243.0,2249.0,2243.0,2245.0,728.0,111676.0,111606.0
2026-01-21 22:00:00,2245.0,2249.0,2244.0,2248.0,548.0,111606.0,111558.0
2026-01-21 22:15:00,2248.0,2252.0,2247.0,2250.0,794.0,111558.0,111751.0
2026-01-21 22:30:00,2250.0,2252.0,2248.0,2251.0,380.0,111751.0,111785.0
2026-01-21 22:45:00,2251.0,2251.0,2247.0,2248.0,277.0,111785.0,111827.0
2026-01-22 09:00:00,2248.0,2258.0,2246.0,2256.0,1460.0,111827.0,111664.0
2026-01-22 09:15:00,2256.0,2261.0,2253.0,2259.0,946.0,111664.0,111771.0
2026-01-22 09:30:00,2259.0,2260.0,2252.0,2255.0,1419.0,111771.0,111886.0
2026-01-22 09:45:00,2255.0,2261.0,2254.0,2256.0,651.0,111886.0,111931.0
2026-01-22 10:00:00,2256.0,2259.0,2252.0,2253.0,1053.0,111931.0,111632.0
2026-01-22 10:30:00,2253.0,2254.0,2246.0,2253.0,1436.0,111632.0,111382.0
2026-01-22 10:45:00,2253.0,2263.0,2252.0,2261.0,2957.0,111382.0,110387.0
2026-01-22 11:00:00,2261.0,2267.0,2261.0,2265.0,1070.0,110387.0,110495.0
2026-01-22 11:15:00,2265.0,2268.0,2261.0,2265.0,783.0,110495.0,110511.0
2026-01-22 13:30:00,2265.0,2270.0,2263.0,2267.0,1027.0,110511.0,110645.0
2026-01-22 13:45:00,2267.0,2271.0,2267.0,2269.0,737.0,110645.0,110741.0
2026-01-22 14:00:00,2269.0,2272.0,2268.0,2269.0,447.0,110741.0,110616.0
2026-01-22 14:15:00,2269.0,2271.0,2264.0,2267.0,719.0,110616.0,110529.0
2026-01-22 14:30:00,2267.0,2273.0,2266.0,2273.0,694.0,110529.0,110344.0
2026-01-22 14:45:00,2273.0,2280.0,2270.0,2279.0,2744.0,110344.0,109841.0
2026-01-22 21:00:00,2274.0,2283.0,2269.0,2279.0,2613.0,109841.0,109761.0
2026-01-22 21:15:00,2279.0,2284.0,2278.0,2283.0,739.0,109761.0,109675.0
2026-01-22 21:30:00,2283.0,2289.0,2283.0,2287.0,2270.0,109675.0,110335.0
2026-01-22 21:45:00,2287.0,2289.0,2284.0,2285.0,783.0,110335.0,110294.0
2026-01-22 22:00:00,2285.0,2287.0,2280.0,2282.0,1009.0,110294.0,109756.0
2026-01-22 22:15:00,2282.0,2291.0,2282.0,2289.0,805.0,109756.0,109585.0
2026-01-22 22:30:00,2289.0,2291.0,2284.0,2288.0,482.0,109585.0,109501.0
2026-01-22 22:45:00,2288.0,2290.0,2286.0,2288.0,198.0,109501.0,109525.0
2026-01-23 09:00:00,2288.0,2289.0,2281.0,2286.0,1855.0,109525.0,109148.0
2026-01-23 09:15:00,2286.0,2288.0,2283.0,2283.0,874.0,109148.0,109040.0
2026-01-23 09:30:00,2283.0,2293.0,2280.0,2292.0,2568.0,109040.0,108946.0
2026-01-23 09:45:00,2292.0,2295.0,2284.0,2290.0,2478.0,108946.0,110097.0
2026-01-23 10:00:00,2290.0,2293.0,2288.0,2291.0,1993.0,110097.0,110190.0
2026-01-23 10:30:00,2289.0,2293.0,2278.0,2280.0,1921.0,110190.0,110568.0
2026-01-23 10:45:00,2280.0,2285.0,2275.0,2280.0,2424.0,110568.0,110781.0
2026-01-23 11:00:00,2280.0,2284.0,2277.0,2279.0,1005.0,110781.0,110876.0
2026-01-23 11:15:00,2279.0,2287.0,2275.0,2284.0,704.0,110876.0,110873.0
2026-01-23 13:30:00,2284.0,2292.0,2282.0,2291.0,1020.0,110873.0,111045.0
2026-01-23 13:45:00,2291.0,2296.0,2288.0,2295.0,1045.0,111045.0,111273.0
2026-01-23 14:00:00,2295.0,2310.0,2293.0,2304.0,4256.0,111273.0,112277.0
2026-01-23 14:15:00,2304.0,2310.0,2302.0,2307.0,2216.0,112277.0,112896.0
2026-01-23 14:30:00,2307.0,2310.0,2301.0,2309.0,2272.0,112896.0,113233.0
2026-01-23 14:45:00,2309.0,2321.0,2307.0,2319.0,4855.0,113233.0,114843.0
2026-01-23 21:00:00,2325.0,2335.0,2320.0,2334.0,5602.0,114843.0,116427.0
2026-01-23 21:15:00,2334.0,2340.0,2328.0,2337.0,4463.0,116427.0,118252.0
2026-01-23 21:30:00,2337.0,2343.0,2331.0,2341.0,1652.0,118252.0,118494.0
2026-01-23 21:45:00,2341.0,2362.0,2340.0,2358.0,5453.0,118494.0,119260.0
2026-01-23 22:00:00,2358.0,2358.0,2343.0,2344.0,2669.0,119260.0,119993.0
2026-01-23 22:15:00,2344.0,2353.0,2343.0,2353.0,696.0,119993.0,120176.0
2026-01-23 22:30:00,2353.0,2353.0,2343.0,2351.0,1177.0,120176.0,119894.0
2026-01-23 22:45:00,2351.0,2352.0,2347.0,2350.0,1226.0,119894.0,119687.0
2026-01-26 09:00:00,2350.0,2354.0,2339.0,2346.0,3521.0,119687.0,119884.0
2026-01-26 09:15:00,2346.0,2357.0,2343.0,2355.0,2547.0,119884.0,120206.0
2026-01-26 09:30:00,2355.0,2358.0,2349.0,2351.0,1281.0,120206.0,120396.0
2026-01-26 09:45:00,2351.0,2351.0,2340.0,2341.0,2216.0,120396.0,120877.0
2026-01-26 10:00:00,2341.0,2346.0,2340.0,2344.0,813.0,120877.0,120941.0
2026-01-26 10:30:00,2345.0,2360.0,2345.0,2359.0,1791.0,120941.0,121283.0
2026-01-26 10:45:00,2359.0,2363.0,2355.0,2355.0,1169.0,121283.0,121620.0
2026-01-26 11:00:00,2355.0,2356.0,2347.0,2351.0,2249.0,121620.0,121367.0
2026-01-26 11:15:00,2351.0,2356.0,2350.0,2352.0,649.0,121367.0,121423.0
2026-01-26 13:30:00,2352.0,2354.0,2344.0,2350.0,1053.0,121423.0,121326.0
2026-01-26 13:45:00,2350.0,2355.0,2347.0,2354.0,788.0,121326.0,121319.0
2026-01-26 14:00:00,2354.0,2361.0,2352.0,2361.0,792.0,121319.0,121510.0
2026-01-26 14:15:00,2361.0,2376.0,2357.0,2376.0,2382.0,121510.0,122143.0
2026-01-26 14:30:00,2376.0,2377.0,2362.0,2363.0,2483.0,122143.0,122802.0
2026-01-26 14:45:00,2363.0,2367.0,2358.0,2360.0,5362.0,122802.0,123531.0
2026-01-26 21:00:00,2352.0,2352.0,2332.0,2337.0,6348.0,123531.0,123346.0
2026-01-26 21:15:00,2337.0,2339.0,2324.0,2326.0,3708.0,123346.0,122904.0
2026-01-26 21:30:00,2326.0,2331.0,2316.0,2323.0,2854.0,122904.0,122752.0
2026-01-26 21:45:00,2323.0,2331.0,2321.0,2325.0,1155.0,122752.0,122681.0
2026-01-26 22:00:00,2325.0,2335.0,2322.0,2335.0,1224.0,122681.0,122369.0
2026-01-26 22:15:00,2335.0,2335.0,2327.0,2327.0,1121.0,122369.0,121992.0
2026-01-26 22:30:00,2327.0,2333.0,2327.0,2332.0,420.0,121992.0,121957.0
2026-01-26 22:45:00,2332.0,2333.0,2329.0,2331.0,642.0,121957.0,121891.0
2026-01-27 09:00:00,2332.0,2333.0,2320.0,2331.0,1879.0,121891.0,121405.0
2026-01-27 09:15:00,2331.0,2332.0,2324.0,2326.0,1061.0,121405.0,121167.0
2026-01-27 09:30:00,2326.0,2333.0,2323.0,2324.0,831.0,121167.0,121217.0
2026-01-27 09:45:00,2324.0,2326.0,2316.0,2317.0,1843.0,121217.0,121544.0
2026-01-27 10:00:00,2317.0,2329.0,2316.0,2327.0,844.0,121544.0,121508.0
2026-01-27 10:30:00,2327.0,2327.0,2320.0,2324.0,425.0,121508.0,121510.0
2026-01-27 10:45:00,2324.0,2329.0,2324.0,2326.0,309.0,121510.0,121535.0
2026-01-27 11:00:00,2326.0,2326.0,2315.0,2321.0,771.0,121535.0,121549.0
2026-01-27 11:15:00,2321.0,2321.0,2307.0,2315.0,2255.0,121549.0,121166.0
2026-01-27 13:30:00,2315.0,2319.0,2310.0,2313.0,973.0,121166.0,121392.0
2026-01-27 13:45:00,2313.0,2322.0,2313.0,2320.0,3467.0,121392.0,122895.0
2026-01-27 14:00:00,2320.0,2324.0,2318.0,2322.0,487.0,122895.0,123137.0
2026-01-27 14:15:00,2322.0,2324.0,2319.0,2323.0,580.0,123137.0,123214.0
2026-01-27 14:30:00,2323.0,2326.0,2319.0,2321.0,618.0,123214.0,123258.0
2026-01-27 14:45:00,2321.0,2330.0,2321.0,2329.0,975.0,123258.0,123208.0
2026-01-27 21:00:00,2324.0,2334.0,2321.0,2333.0,2410.0,123208.0,123926.0
2026-01-27 21:15:00,2333.0,2340.0,2331.0,2337.0,1364.0,123926.0,124166.0
2026-01-27 21:30:00,2337.0,2340.0,2333.0,2339.0,993.0,124166.0,124416.0
2026-01-27 21:45:00,2339.0,2341.0,2335.0,2338.0,1081.0,124416.0,124302.0
2026-01-27 22:00:00,2338.0,2339.0,2332.0,2332.0,594.0,124302.0,124258.0
2026-01-27 22:15:00,2332.0,2334.0,2327.0,2329.0,878.0,124258.0,124349.0
2026-01-27 22:30:00,2329.0,2338.0,2328.0,2337.0,2504.0,124349.0,124018.0
2026-01-27 22:45:00,2337.0,2338.0,2329.0,2334.0,2103.0,124018.0,123858.0
2026-01-28 09:00:00,2334.0,2355.0,2334.0,2344.0,3647.0,123858.0,123557.0
2026-01-28 09:15:00,2344.0,2348.0,2339.0,2343.0,1174.0,123557.0,123563.0
2026-01-28 09:30:00,2343.0,2350.0,2342.0,2349.0,1172.0,123563.0,123480.0
2026-01-28 09:45:00,2349.0,2357.0,2348.0,2352.0,1098.0,123480.0,123582.0
2026-01-28 10:00:00,2352.0,2363.0,2351.0,2352.0,1908.0,123582.0,123776.0
2026-01-28 10:30:00,2352.0,2359.0,2348.0,2351.0,761.0,123776.0,123795.0
2026-01-28 10:45:00,2351.0,2356.0,2348.0,2351.0,821.0,123795.0,124171.0
2026-01-28 11:00:00,2351.0,2359.0,2350.0,2359.0,892.0,124171.0,124596.0
2026-01-28 11:15:00,2359.0,2363.0,2355.0,2363.0,1037.0,124596.0,124596.0
2026-01-28 13:30:00,2362.0,2363.0,2356.0,2363.0,1168.0,124596.0,124693.0
2026-01-28 13:45:00,2363.0,2368.0,2358.0,2365.0,1345.0,124693.0,124794.0
2026-01-28 14:00:00,2365.0,2368.0,2363.0,2364.0,1113.0,124794.0,124481.0
2026-01-28 14:15:00,2364.0,2365.0,2358.0,2361.0,2208.0,124481.0,123925.0
2026-01-28 14:30:00,2361.0,2362.0,2353.0,2358.0,1249.0,123925.0,124038.0
2026-01-28 14:45:00,2358.0,2363.0,2357.0,2360.0,1037.0,124038.0,123789.0
2026-01-28 21:00:00,2364.0,2370.0,2350.0,2352.0,5475.0,123789.0,124103.0
2026-01-28 21:15:00,2352.0,2357.0,2349.0,2351.0,1621.0,124103.0,124138.0
2026-01-28 21:30:00,2351.0,2359.0,2351.0,2357.0,1338.0,124138.0,123988.0
2026-01-28 21:45:00,2357.0,2360.0,2356.0,2356.0,615.0,123988.0,123884.0
2026-01-28 22:00:00,2356.0,2361.0,2353.0,2356.0,967.0,123884.0,123829.0
2026-01-28 22:15:00,2356.0,2357.0,2346.0,2347.0,1400.0,123829.0,124139.0
2026-01-28 22:30:00,2347.0,2349.0,2338.0,2343.0,1521.0,124139.0,124155.0
2026-01-28 22:45:00,2343.0,2349.0,2339.0,2345.0,697.0,124155.0,123985.0
2026-01-29 09:00:00,2345.0,2363.0,2345.0,2356.0,2538.0,123985.0,123775.0
2026-01-29 09:15:00,2356.0,2357.0,2348.0,2356.0,968.0,123775.0,123856.0
2026-01-29 09:30:00,2356.0,2361.0,2355.0,2359.0,666.0,123856.0,123855.0
2026-01-29 09:45:00,2359.0,2363.0,2356.0,2361.0,627.0,123855.0,123953.0
2026-01-29 10:00:00,2361.0,2363.0,2355.0,2359.0,350.0,123953.0,123948.0
2026-01-29 10:30:00,2359.0,2363.0,2353.0,2358.0,581.0,123948.0,124036.0
2026-01-29 10:45:00,2358.0,2367.0,2358.0,2366.0,875.0,124036.0,124036.0
2026-01-29 11:00:00,2366.0,2368.0,2364.0,2365.0,697.0,124036.0,124124.0
2026-01-29 11:15:00,2365.0,2369.0,2363.0,2368.0,813.0,124124.0,124169.0
2026-01-29 13:30:00,2368.0,2378.0,2368.0,2377.0,2980.0,124169.0,124239.0
2026-01-29 13:45:00,2377.0,2380.0,2371.0,2376.0,1714.0,124239.0,124419.0
2026-01-29 14:00:00,2376.0,2379.0,2369.0,2371.0,1135.0,124419.0,124715.0
2026-01-29 14:15:00,2371.0,2376.0,2370.0,2370.0,726.0,124715.0,124829.0
2026-01-29 14:30:00,2370.0,2382.0,2369.0,2382.0,1435.0,124829.0,125081.0
2026-01-29 14:45:00,2382.0,2384.0,2375.0,2376.0,1282.0,125081.0,125274.0
2026-01-29 21:00:00,2383.0,2388.0,2377.0,2380.0,1958.0,125274.0,125270.0
2026-01-29 21:15:00,2380.0,2388.0,2376.0,2378.0,4410.0,125270.0,125389.0
2026-01-29 21:30:00,2378.0,2378.0,2369.0,2373.0,4968.0,125389.0,124947.0
2026-01-29 21:45:00,2373.0,2379.0,2368.0,2374.0,1239.0,124947.0,125143.0
2026-01-29 22:00:00,2374.0,2378.0,2373.0,2378.0,711.0,125143.0,125390.0
2026-01-29 22:15:00,2378.0,2391.0,2377.0,2387.0,4698.0,125390.0,127063.0
2026-01-29 22:30:00,2387.0,2412.0,2386.0,2404.0,4088.0,127063.0,126889.0
2026-01-29 22:45:00,2404.0,2406.0,2392.0,2403.0,2513.0,126889.0,126290.0
2026-01-30 09:00:00,2395.0,2395.0,2365.0,2369.0,6090.0,126290.0,126025.0
2026-01-30 09:15:00,2369.0,2371.0,2357.0,2360.0,3541.0,126025.0,127275.0
2026-01-30 09:30:00,2360.0,2365.0,2351.0,2352.0,2365.0,127275.0,127185.0
2026-01-30 09:45:00,2352.0,2354.0,2345.0,2349.0,3858.0,127185.0,127579.0
2026-01-30 10:00:00,2349.0,2354.0,2344.0,2346.0,1656.0,127579.0,127766.0
2026-01-30 10:30:00,2345.0,2350.0,2338.0,2346.0,3019.0,127766.0,128113.0
2026-01-30 10:45:00,2346.0,2349.0,2344.0,2348.0,1417.0,128113.0,128117.0
2026-01-30 11:00:00,2348.0,2348.0,2334.0,2338.0,2049.0,128117.0,128248.0
2026-01-30 11:15:00,2338.0,2345.0,2336.0,2344.0,683.0,128248.0,128290.0
2026-01-30 13:30:00,2344.0,2354.0,2344.0,2354.0,2000.0,128290.0,128061.0
2026-01-30 13:45:00,2354.0,2360.0,2350.0,2350.0,1379.0,128061.0,128053.0
2026-01-30 14:00:00,2350.0,2353.0,2345.0,2349.0,1024.0,128053.0,127964.0
2026-01-30 14:15:00,2349.0,2352.0,2343.0,2346.0,693.0,127964.0,127896.0
2026-01-30 14:30:00,2346.0,2352.0,2345.0,2349.0,594.0,127896.0,127919.0
2026-01-30 14:45:00,2349.0,2351.0,2344.0,2344.0,2873.0,127919.0,128689.0
2026-01-30 21:00:00,2350.0,2354.0,2340.0,2344.0,2727.0,128689.0,128788.0
2026-01-30 21:15:00,2344.0,2348.0,2341.0,2347.0,951.0,128788.0,128583.0
2026-01-30 21:30:00,2347.0,2353.0,2343.0,2352.0,1138.0,128583.0,128666.0
2026-01-30 21:45:00,2352.0,2352.0,2340.0,2346.0,950.0,128666.0,128715.0
2026-01-30 22:00:00,2346.0,2358.0,2346.0,2356.0,1361.0,128715.0,128705.0
2026-01-30 22:15:00,2356.0,2361.0,2355.0,2360.0,962.0,128705.0,128486.0
2026-01-30 22:30:00,2360.0,2362.0,2357.0,2361.0,1474.0,128486.0,127985.0
2026-01-30 22:45:00,2361.0,2363.0,2356.0,2361.0,1192.0,127985.0,127657.0
2026-02-02 09:00:00,2336.0,2336.0,2309.0,2313.0,8851.0,127657.0,128067.0
2026-02-02 09:15:00,2313.0,2317.0,2304.0,2311.0,4155.0,128067.0,127029.0
2026-02-02 09:30:00,2311.0,2311.0,2304.0,2309.0,1581.0,127029.0,126912.0
2026-02-02 09:45:00,2309.0,2310.0,2297.0,2298.0,2680.0,126912.0,126826.0
2026-02-02 10:00:00,2298.0,2303.0,2293.0,2297.0,1412.0,126826.0,126958.0
2026-02-02 10:30:00,2297.0,2300.0,2291.0,2295.0,1423.0,126958.0,127212.0
2026-02-02 10:45:00,2295.0,2297.0,2289.0,2289.0,1277.0,127212.0,126925.0
2026-02-02 11:00:00,2289.0,2293.0,2283.0,2285.0,1660.0,126925.0,126611.0
2026-02-02 11:15:00,2285.0,2292.0,2284.0,2285.0,6193.0,126611.0,129565.0
2026-02-02 13:30:00,2283.0,2284.0,2274.0,2281.0,5188.0,129565.0,128346.0
2026-02-02 13:45:00,2281.0,2285.0,2274.0,2280.0,1535.0,128346.0,128152.0
2026-02-02 14:00:00,2280.0,2285.0,2280.0,2283.0,1405.0,128152.0,128078.0
2026-02-02 14:15:00,2283.0,2283.0,2275.0,2277.0,862.0,128078.0,128129.0
2026-02-02 14:30:00,2277.0,2278.0,2273.0,2275.0,1221.0,128129.0,127709.0
2026-02-02 14:45:00,2275.0,2280.0,2270.0,2278.0,2185.0,127709.0,127609.0
2026-02-02 21:00:00,2279.0,2289.0,2279.0,2284.0,3466.0,127609.0,128278.0
2026-02-02 21:15:00,2284.0,2286.0,2280.0,2284.0,1563.0,128278.0,128316.0
2026-02-02 21:30:00,2284.0,2286.0,2282.0,2285.0,864.0,128316.0,128504.0
2026-02-02 21:45:00,2285.0,2288.0,2284.0,2287.0,823.0,128504.0,128118.0
2026-02-02 22:00:00,2287.0,2291.0,2287.0,2289.0,594.0,128118.0,128063.0
2026-02-02 22:15:00,2289.0,2291.0,2286.0,2289.0,429.0,128063.0,128154.0
2026-02-02 22:30:00,2289.0,2290.0,2287.0,2288.0,614.0,128154.0,128177.0
2026-02-02 22:45:00,2288.0,2290.0,2285.0,2288.0,620.0,128177.0,128078.0
2026-02-03 09:00:00,2288.0,2294.0,2285.0,2290.0,2523.0,128078.0,128566.0
2026-02-03 09:15:00,2290.0,2294.0,2290.0,2293.0,580.0,128566.0,128636.0
2026-02-03 09:30:00,2293.0,2295.0,2288.0,2293.0,1360.0,128636.0,128937.0
2026-02-03 09:45:00,2293.0,2295.0,2287.0,2290.0,987.0,128937.0,128736.0
2026-02-03 10:00:00,2290.0,2291.0,2285.0,2289.0,1667.0,128736.0,129090.0
2026-02-03 10:30:00,2287.0,2287.0,2278.0,2279.0,2545.0,129090.0,129180.0
2026-02-03 10:45:00,2279.0,2283.0,2275.0,2277.0,1698.0,129180.0,129241.0
2026-02-03 11:00:00,2277.0,2278.0,2268.0,2273.0,1596.0,129241.0,129175.0
2026-02-03 11:15:00,2273.0,2280.0,2272.0,2277.0,1201.0,129175.0,129415.0
2026-02-03 13:30:00,2278.0,2280.0,2273.0,2277.0,1149.0,129415.0,129399.0
2026-02-03 13:45:00,2277.0,2280.0,2275.0,2277.0,1086.0,129399.0,129934.0
2026-02-03 14:00:00,2277.0,2281.0,2274.0,2280.0,1983.0,129934.0,130778.0
2026-02-03 14:15:00,2280.0,2283.0,2277.0,2278.0,780.0,130778.0,130742.0
2026-02-03 14:30:00,2278.0,2281.0,2276.0,2280.0,396.0,130742.0,130676.0
2026-02-03 14:45:00,2280.0,2282.0,2278.0,2279.0,2165.0,130676.0,131295.0
2026-02-03 21:00:00,2279.0,2286.0,2273.0,2285.0,8744.0,131295.0,133882.0
2026-02-03 21:15:00,2285.0,2286.0,2275.0,2277.0,3541.0,133882.0,134080.0
2026-02-03 21:30:00,2277.0,2282.0,2274.0,2279.0,2848.0,134080.0,134613.0
2026-02-03 21:45:00,2279.0,2282.0,2276.0,2282.0,1967.0,134613.0,134710.0
2026-02-03 22:00:00,2282.0,2283.0,2278.0,2281.0,1340.0,134710.0,134519.0
2026-02-03 22:15:00,2281.0,2282.0,2279.0,2280.0,407.0,134519.0,134478.0
2026-02-03 22:30:00,2280.0,2287.0,2279.0,2285.0,949.0,134478.0,134114.0
2026-02-03 22:45:00,2285.0,2288.0,2283.0,2286.0,1209.0,134114.0,134131.0
2026-02-04 09:00:00,2286.0,2305.0,2286.0,2293.0,4556.0,134131.0,134367.0
2026-02-04 09:15:00,2293.0,2301.0,2293.0,2298.0,1766.0,134367.0,134297.0
2026-02-04 09:30:00,2298.0,2301.0,2296.0,2299.0,1762.0,134297.0,134065.0
2026-02-04 09:45:00,2299.0,2305.0,2295.0,2301.0,2011.0,134065.0,134353.0
2026-02-04 10:00:00,2301.0,2307.0,2301.0,2306.0,1111.0,134353.0,134572.0
2026-02-04 10:30:00,2306.0,2309.0,2303.0,2307.0,1268.0,134572.0,134583.0
2026-02-04 10:45:00,2307.0,2307.0,2300.0,2301.0,2248.0,134583.0,134424.0
2026-02-04 11:00:00,2301.0,2307.0,2297.0,2307.0,1182.0,134424.0,134607.0
2026-02-04 11:15:00,2307.0,2310.0,2302.0,2308.0,1432.0,134607.0,134516.0
2026-02-04 13:30:00,2308.0,2314.0,2307.0,2308.0,1880.0,134516.0,134177.0
2026-02-04 13:45:00,2308.0,2312.0,2308.0,2308.0,592.0,134177.0,134109.0
2026-02-04 14:00:00,2308.0,2311.0,2300.0,2310.0,1198.0,134109.0,133855.0
2026-02-04 14:15:00,2310.0,2310.0,2306.0,2308.0,474.0,133855.0,133951.0
2026-02-04 14:30:00,2308.0,2313.0,2307.0,2313.0,759.0,133951.0,133745.0
2026-02-04 14:45:00,2313.0,2316.0,2311.0,2315.0,1244.0,133745.0,133518.0
2026-02-04 21:00:00,2310.0,2317.0,2303.0,2307.0,3661.0,133518.0,134670.0
2026-02-04 21:15:00,2307.0,2312.0,2302.0,2308.0,1716.0,134670.0,134835.0
2026-02-04 21:30:00,2308.0,2313.0,2304.0,2305.0,1073.0,134835.0,135110.0
2026-02-04 21:45:00,2305.0,2309.0,2301.0,2302.0,942.0,135110.0,135337.0
2026-02-04 22:00:00,2302.0,2306.0,2301.0,2305.0,545.0,135337.0,135399.0
2026-02-04 22:15:00,2305.0,2309.0,2304.0,2308.0,323.0,135399.0,135349.0
2026-02-04 22:30:00,2308.0,2310.0,2303.0,2306.0,672.0,135349.0,135281.0
2026-02-04 22:45:00,2306.0,2307.0,2304.0,2305.0,328.0,135281.0,135170.0
2026-02-05 09:00:00,2305.0,2316.0,2303.0,2304.0,2431.0,135170.0,135839.0
2026-02-05 09:15:00,2304.0,2305.0,2296.0,2299.0,1225.0,135839.0,135747.0
2026-02-05 09:30:00,2299.0,2302.0,2297.0,2300.0,605.0,135747.0,135793.0
2026-02-05 09:45:00,2300.0,2301.0,2296.0,2297.0,796.0,135793.0,135875.0
2026-02-05 10:00:00,2297.0,2297.0,2291.0,2292.0,1740.0,135875.0,135993.0
2026-02-05 10:30:00,2292.0,2296.0,2287.0,2287.0,1836.0,135993.0,136188.0
2026-02-05 10:45:00,2287.0,2288.0,2277.0,2279.0,5328.0,136188.0,137158.0
2026-02-05 11:00:00,2279.0,2279.0,2268.0,2273.0,3319.0,137158.0,137066.0
2026-02-05 11:15:00,2273.0,2276.0,2271.0,2275.0,1351.0,137066.0,137037.0
2026-02-05 13:30:00,2274.0,2274.0,2266.0,2271.0,3265.0,137037.0,137157.0
2026-02-05 13:45:00,2271.0,2274.0,2266.0,2267.0,1438.0,137157.0,137218.0
2026-02-05 14:00:00,2267.0,2278.0,2266.0,2272.0,3249.0,137218.0,138244.0
2026-02-05 14:15:00,2272.0,2274.0,2266.0,2268.0,2876.0,138244.0,138864.0
2026-02-05 14:30:00,2268.0,2272.0,2267.0,2272.0,1054.0,138864.0,138544.0
2026-02-05 14:45:00,2272.0,2274.0,2268.0,2272.0,1500.0,138544.0,138404.0
2026-02-05 21:00:00,2265.0,2267.0,2248.0,2253.0,4247.0,138404.0,138395.0
2026-02-05 21:15:00,2253.0,2262.0,2251.0,2262.0,2827.0,138395.0,139239.0
2026-02-05 21:30:00,2262.0,2270.0,2260.0,2263.0,2570.0,139239.0,140053.0
2026-02-05 21:45:00,2263.0,2266.0,2261.0,2265.0,1082.0,140053.0,140515.0
2026-02-05 22:00:00,2265.0,2266.0,2263.0,2263.0,685.0,140515.0,140737.0
2026-02-05 22:15:00,2263.0,2269.0,2262.0,2267.0,953.0,140737.0,140681.0
2026-02-05 22:30:00,2267.0,2268.0,2263.0,2266.0,328.0,140681.0,140877.0
2026-02-05 22:45:00,2266.0,2273.0,2266.0,2271.0,817.0,140877.0,140793.0
2026-02-06 09:00:00,2266.0,2270.0,2256.0,2257.0,2205.0,140793.0,140986.0
2026-02-06 09:15:00,2257.0,2260.0,2255.0,2255.0,3505.0,140986.0,140394.0
2026-02-06 09:30:00,2255.0,2259.0,2254.0,2255.0,553.0,140394.0,140223.0
2026-02-06 09:45:00,2255.0,2268.0,2255.0,2265.0,1395.0,140223.0,140068.0
2026-02-06 10:00:00,2265.0,2275.0,2262.0,2273.0,2656.0,140068.0,140045.0
2026-02-06 10:30:00,2274.0,2287.0,2274.0,2282.0,4171.0,140045.0,139904.0
2026-02-06 10:45:00,2282.0,2283.0,2271.0,2273.0,3812.0,139904.0,140719.0
2026-02-06 11:00:00,2273.0,2282.0,2273.0,2274.0,2233.0,140719.0,141349.0
2026-02-06 11:15:00,2274.0,2282.0,2274.0,2279.0,1851.0,141349.0,141981.0
2026-02-06 13:30:00,2282.0,2285.0,2279.0,2283.0,2082.0,141981.0,141964.0
2026-02-06 13:45:00,2283.0,2289.0,2282.0,2283.0,1742.0,141964.0,142124.0
2026-02-06 14:00:00,2283.0,2286.0,2279.0,2280.0,2431.0,142124.0,142786.0
2026-02-06 14:15:00,2280.0,2286.0,2278.0,2280.0,6494.0,142786.0,142740.0
2026-02-06 14:30:00,2280.0,2283.0,2273.0,2273.0,1431.0,142740.0,142749.0
2026-02-06 14:45:00,2273.0,2278.0,2270.0,2273.0,2203.0,142749.0,142410.0
2026-02-06 21:00:00,2267.0,2278.0,2256.0,2276.0,4005.0,142410.0,141937.0
2026-02-06 21:15:00,2276.0,2280.0,2274.0,2277.0,1063.0,141937.0,142094.0
2026-02-06 21:30:00,2277.0,2282.0,2273.0,2274.0,2899.0,142094.0,142179.0
2026-02-06 21:45:00,2274.0,2275.0,2263.0,2263.0,2236.0,142179.0,142547.0
2026-02-06 22:00:00,2263.0,2270.0,2263.0,2268.0,1148.0,142547.0,142492.0
2026-02-06 22:15:00,2268.0,2268.0,2266.0,2266.0,331.0,142492.0,142466.0
2026-02-06 22:30:00,2266.0,2272.0,2265.0,2271.0,312.0,142466.0,142424.0
2026-02-06 22:45:00,2271.0,2277.0,2270.0,2275.0,849.0,142424.0,141981.0
2026-02-09 09:00:00,2275.0,2278.0,2258.0,2269.0,2156.0,141981.0,142146.0
2026-02-09 09:15:00,2269.0,2279.0,2268.0,2277.0,2039.0,142146.0,142792.0
2026-02-09 09:30:00,2277.0,2279.0,2271.0,2274.0,1959.0,142792.0,142769.0
2026-02-09 09:45:00,2274.0,2274.0,2268.0,2270.0,975.0,142769.0,142840.0
2026-02-09 10:00:00,2270.0,2279.0,2270.0,2277.0,2606.0,142840.0,143371.0
2026-02-09 10:30:00,2277.0,2279.0,2273.0,2278.0,1274.0,143371.0,143388.0
2026-02-09 10:45:00,2278.0,2280.0,2274.0,2277.0,663.0,143388.0,143357.0
2026-02-09 11:00:00,2277.0,2284.0,2276.0,2277.0,1161.0,143357.0,143660.0
2026-02-09 11:15:00,2277.0,2280.0,2276.0,2279.0,355.0,143660.0,143678.0
2026-02-09 13:30:00,2279.0,2285.0,2273.0,2273.0,1093.0,143678.0,143733.0
2026-02-09 13:45:00,2273.0,2276.0,2270.0,2275.0,960.0,143733.0,143713.0
2026-02-09 14:00:00,2275.0,2275.0,2268.0,2273.0,1184.0,143713.0,143806.0
2026-02-09 14:15:00,2273.0,2273.0,2268.0,2271.0,744.0,143806.0,143911.0
2026-02-09 14:30:00,2271.0,2271.0,2266.0,2268.0,680.0,143911.0,144075.0
2026-02-09 14:45:00,2268.0,2269.0,2265.0,2267.0,630.0,144075.0,144045.0
2026-02-09 21:00:00,2272.0,2272.0,2258.0,2262.0,2262.0,144045.0,144123.0
2026-02-09 21:15:00,2262.0,2266.0,2261.0,2262.0,494.0,144123.0,144132.0
2026-02-09 21:30:00,2262.0,2266.0,2259.0,2260.0,634.0,144132.0,144208.0
2026-02-09 21:45:00,2260.0,2264.0,2259.0,2261.0,435.0,144208.0,144300.0
2026-02-09 22:00:00,2261.0,2262.0,2257.0,2260.0,700.0,144300.0,143947.0
2026-02-09 22:15:00,2260.0,2263.0,2256.0,2263.0,376.0,143947.0,143916.0
2026-02-09 22:30:00,2263.0,2269.0,2260.0,2267.0,545.0,143916.0,143971.0
2026-02-09 22:45:00,2267.0,2274.0,2266.0,2273.0,1322.0,143971.0,144040.0
2026-02-10 09:00:00,2273.0,2274.0,2262.0,2263.0,1823.0,144040.0,143616.0
2026-02-10 09:15:00,2263.0,2271.0,2263.0,2271.0,1709.0,143616.0,144264.0
2026-02-10 09:30:00,2271.0,2275.0,2268.0,2269.0,1658.0,144264.0,144703.0
2026-02-10 09:45:00,2269.0,2271.0,2266.0,2267.0,557.0,144703.0,144705.0
2026-02-10 10:00:00,2267.0,2271.0,2266.0,2268.0,803.0,144705.0,144670.0
2026-02-10 10:30:00,2268.0,2270.0,2263.0,2267.0,2516.0,144670.0,144452.0
2026-02-10 10:45:00,2267.0,2274.0,2266.0,2269.0,3805.0,144452.0,146251.0
2026-02-10 11:00:00,2269.0,2271.0,2263.0,2267.0,1134.0,146251.0,146489.0
2026-02-10 11:15:00,2267.0,2268.0,2264.0,2266.0,198.0,146489.0,146506.0
2026-02-10 13:30:00,2266.0,2266.0,2260.0,2261.0,954.0,146506.0,146674.0
2026-02-10 13:45:00,2261.0,2266.0,2258.0,2260.0,1202.0,146674.0,146931.0
2026-02-10 14:00:00,2260.0,2269.0,2259.0,2266.0,1071.0,146931.0,147354.0
2026-02-10 14:15:00,2266.0,2268.0,2263.0,2265.0,472.0,147354.0,147328.0
2026-02-10 14:30:00,2265.0,2271.0,2264.0,2270.0,748.0,147328.0,147257.0
2026-02-10 14:45:00,2270.0,2272.0,2268.0,2270.0,2044.0,147257.0,146857.0
2026-02-10 21:00:00,2270.0,2278.0,2267.0,2268.0,1061.0,146857.0,146612.0
2026-02-10 21:15:00,2268.0,2270.0,2264.0,2264.0,435.0,146612.0,146736.0
2026-02-10 21:30:00,2264.0,2269.0,2262.0,2269.0,1293.0,146736.0,146851.0
2026-02-10 21:45:00,2269.0,2269.0,2263.0,2268.0,366.0,146851.0,146829.0
2026-02-10 22:00:00,2268.0,2269.0,2264.0,2269.0,244.0,146829.0,146915.0
2026-02-10 22:15:00,2269.0,2269.0,2266.0,2266.0,172.0,146915.0,146846.0
2026-02-10 22:30:00,2266.0,2267.0,2261.0,2264.0,351.0,146846.0,147039.0
2026-02-10 22:45:00,2264.0,2267.0,2262.0,2265.0,200.0,147039.0,147011.0
2026-02-11 09:00:00,2265.0,2275.0,2263.0,2270.0,1349.0,147011.0,146707.0
2026-02-11 09:15:00,2270.0,2275.0,2268.0,2272.0,769.0,146707.0,146752.0
2026-02-11 09:30:00,2272.0,2280.0,2272.0,2273.0,1097.0,146752.0,146450.0
2026-02-11 09:45:00,2273.0,2278.0,2273.0,2276.0,688.0,146450.0,146170.0
2026-02-11 10:00:00,2276.0,2283.0,2275.0,2282.0,1727.0,146170.0,146709.0
2026-02-11 10:30:00,2282.0,2285.0,2281.0,2282.0,982.0,146709.0,146552.0
2026-02-11 10:45:00,2282.0,2283.0,2277.0,2278.0,509.0,146552.0,146603.0
2026-02-11 11:00:00,2278.0,2279.0,2273.0,2277.0,525.0,146603.0,146552.0
2026-02-11 11:15:00,2277.0,2281.0,2276.0,2279.0,521.0,146552.0,146395.0
2026-02-11 13:30:00,2279.0,2283.0,2277.0,2277.0,549.0,146395.0,146502.0
2026-02-11 13:45:00,2277.0,2281.0,2276.0,2279.0,349.0,146502.0,146603.0
2026-02-11 14:00:00,2279.0,2283.0,2279.0,2279.0,953.0,146603.0,146592.0
2026-02-11 14:15:00,2279.0,2285.0,2279.0,2284.0,470.0,146592.0,146609.0
2026-02-11 14:30:00,2284.0,2285.0,2279.0,2279.0,913.0,146609.0,146520.0
2026-02-11 14:45:00,2279.0,2282.0,2279.0,2280.0,549.0,146520.0,146320.0
2026-02-11 21:00:00,2283.0,2289.0,2276.0,2281.0,1799.0,146320.0,146274.0
2026-02-11 21:15:00,2281.0,2288.0,2280.0,2284.0,578.0,146274.0,146020.0
2026-02-11 21:30:00,2284.0,2285.0,2276.0,2277.0,936.0,146020.0,146018.0
2026-02-11 21:45:00,2277.0,2281.0,2277.0,2279.0,208.0,146018.0,145991.0
2026-02-11 22:00:00,2279.0,2285.0,2276.0,2284.0,426.0,145991.0,145865.0
2026-02-11 22:15:00,2284.0,2284.0,2274.0,2277.0,565.0,145865.0,145749.0
2026-02-11 22:30:00,2277.0,2280.0,2276.0,2277.0,702.0,145749.0,145602.0
2026-02-11 22:45:00,2277.0,2277.0,2274.0,2275.0,276.0,145602.0,145503.0
2026-02-12 09:00:00,2275.0,2276.0,2267.0,2268.0,1294.0,145503.0,145462.0
2026-02-12 09:15:00,2268.0,2272.0,2267.0,2271.0,577.0,145462.0,145375.0
2026-02-12 09:30:00,2271.0,2274.0,2269.0,2269.0,313.0,145375.0,145347.0
2026-02-12 09:45:00,2269.0,2274.0,2269.0,2273.0,223.0,145347.0,145295.0
2026-02-12 10:00:00,2273.0,2279.0,2272.0,2279.0,494.0,145295.0,145086.0
2026-02-12 10:30:00,2279.0,2279.0,2266.0,2266.0,772.0,145086.0,145098.0
2026-02-12 10:45:00,2266.0,2273.0,2266.0,2268.0,641.0,145098.0,144899.0
2026-02-12 11:00:00,2268.0,2272.0,2266.0,2270.0,426.0,144899.0,144807.0
2026-02-12 11:15:00,2270.0,2271.0,2266.0,2271.0,1552.0,144807.0,145278.0
2026-02-12 13:30:00,2269.0,2272.0,2264.0,2267.0,666.0,145278.0,145054.0
2026-02-12 13:45:00,2267.0,2270.0,2266.0,2268.0,490.0,145054.0,144963.0
2026-02-12 14:00:00,2268.0,2270.0,2264.0,2264.0,498.0,144963.0,144685.0
2026-02-12 14:15:00,2264.0,2266.0,2261.0,2264.0,1398.0,144685.0,144750.0
2026-02-12 14:30:00,2264.0,2265.0,2262.0,2265.0,963.0,144750.0,144134.0
2026-02-12 14:45:00,2265.0,2265.0,2260.0,2261.0,1045.0,144134.0,143934.0
2026-02-12 21:00:00,2256.0,2270.0,2252.0,2267.0,1897.0,143934.0,143678.0
2026-02-12 21:15:00,2267.0,2271.0,2263.0,2264.0,502.0,143678.0,143565.0
2026-02-12 21:30:00,2264.0,2267.0,2262.0,2265.0,343.0,143565.0,143496.0
2026-02-12 21:45:00,2265.0,2272.0,2263.0,2269.0,642.0,143496.0,143523.0
2026-02-12 22:00:00,2269.0,2275.0,2269.0,2273.0,635.0,143523.0,143583.0
2026-02-12 22:15:00,2273.0,2274.0,2269.0,2270.0,677.0,143583.0,143454.0
2026-02-12 22:30:00,2270.0,2273.0,2269.0,2271.0,410.0,143454.0,143307.0
2026-02-12 22:45:00,2271.0,2272.0,2266.0,2268.0,268.0,143307.0,143303.0
2026-02-13 09:00:00,2268.0,2268.0,2235.0,2243.0,5569.0,143303.0,142625.0
2026-02-13 09:15:00,2243.0,2251.0,2243.0,2248.0,1304.0,142625.0,142364.0
2026-02-13 09:30:00,2248.0,2249.0,2242.0,2249.0,613.0,142364.0,142426.0
2026-02-13 09:45:00,2249.0,2249.0,2243.0,2245.0,1525.0,142426.0,142866.0
2026-02-13 10:00:00,2245.0,2245.0,2240.0,2242.0,997.0,142866.0,142752.0
2026-02-13 10:30:00,2242.0,2247.0,2238.0,2240.0,1780.0,142752.0,142712.0
2026-02-13 10:45:00,2240.0,2241.0,2237.0,2238.0,1253.0,142712.0,142953.0
2026-02-13 11:00:00,2238.0,2240.0,2235.0,2237.0,481.0,142953.0,142857.0
2026-02-13 11:15:00,2237.0,2238.0,2234.0,2237.0,452.0,142857.0,142810.0
2026-02-13 13:30:00,2237.0,2239.0,2234.0,2236.0,491.0,142810.0,142664.0
2026-02-13 13:45:00,2236.0,2237.0,2227.0,2228.0,1086.0,142664.0,142528.0
2026-02-13 14:00:00,2228.0,2228.0,2220.0,2223.0,1921.0,142528.0,142478.0
2026-02-13 14:15:00,2223.0,2228.0,2222.0,2226.0,1065.0,142478.0,142684.0
2026-02-13 14:30:00,2226.0,2232.0,2224.0,2226.0,1453.0,142684.0,142875.0
2026-02-13 14:45:00,2226.0,2227.0,2218.0,2220.0,2033.0,142875.0,143629.0
2026-02-24 09:00:00,2255.0,2275.0,2236.0,2272.0,11625.0,143629.0,142830.0
2026-02-24 09:15:00,2272.0,2284.0,2270.0,2283.0,4576.0,142830.0,142594.0
2026-02-24 09:30:00,2283.0,2302.0,2283.0,2300.0,5538.0,142594.0,141974.0
2026-02-24 09:45:00,2300.0,2302.0,2285.0,2299.0,5027.0,141974.0,142370.0
2026-02-24 10:00:00,2299.0,2304.0,2295.0,2304.0,2358.0,142370.0,142266.0
2026-02-24 10:30:00,2304.0,2310.0,2302.0,2309.0,2749.0,142266.0,142419.0
2026-02-24 10:45:00,2309.0,2317.0,2307.0,2315.0,2409.0,142419.0,142834.0
2026-02-24 11:00:00,2315.0,2316.0,2308.0,2313.0,1704.0,142834.0,143152.0
2026-02-24 11:15:00,2313.0,2314.0,2307.0,2312.0,1006.0,143152.0,143405.0
2026-02-24 13:30:00,2310.0,2311.0,2301.0,2311.0,2117.0,143405.0,143795.0
2026-02-24 13:45:00,2311.0,2313.0,2306.0,2311.0,2617.0,143795.0,144301.0
2026-02-24 14:00:00,2311.0,2315.0,2310.0,2314.0,1825.0,144301.0,145059.0
2026-02-24 14:15:00,2314.0,2316.0,2312.0,2312.0,664.0,145059.0,145175.0
2026-02-24 14:30:00,2312.0,2314.0,2306.0,2307.0,2768.0,145175.0,144982.0
2026-02-24 14:45:00,2307.0,2307.0,2300.0,2304.0,1444.0,144982.0,144723.0
2026-02-24 21:00:00,2300.0,2309.0,2300.0,2308.0,3870.0,144723.0,145391.0
2026-02-24 21:15:00,2308.0,2313.0,2307.0,2311.0,1885.0,145391.0,145967.0
2026-02-24 21:30:00,2311.0,2314.0,2309.0,2309.0,928.0,145967.0,146003.0
2026-02-24 21:45:00,2309.0,2311.0,2307.0,2307.0,485.0,146003.0,145962.0
2026-02-24 22:00:00,2307.0,2310.0,2307.0,2308.0,362.0,145962.0,145998.0
2026-02-24 22:15:00,2308.0,2313.0,2306.0,2313.0,499.0,145998.0,146104.0
2026-02-24 22:30:00,2313.0,2313.0,2309.0,2312.0,512.0,146104.0,146218.0
2026-02-24 22:45:00,2312.0,2314.0,2310.0,2311.0,486.0,146218.0,146295.0
2026-02-25 09:00:00,2311.0,2311.0,2303.0,2306.0,3833.0,146295.0,147093.0
2026-02-25 09:15:00,2306.0,2309.0,2298.0,2300.0,3394.0,147093.0,148023.0
2026-02-25 09:30:00,2300.0,2301.0,2291.0,2292.0,5540.0,148023.0,149101.0
2026-02-25 09:45:00,2292.0,2295.0,2286.0,2287.0,5282.0,149101.0,150605.0
2026-02-25 10:00:00,2287.0,2292.0,2286.0,2291.0,2574.0,150605.0,150785.0
2026-02-25 10:30:00,2291.0,2292.0,2288.0,2291.0,2654.0,150785.0,151215.0
2026-02-25 10:45:00,2291.0,2297.0,2289.0,2296.0,1831.0,151215.0,150968.0
2026-02-25 11:00:00,2296.0,2299.0,2295.0,2298.0,1332.0,150968.0,151260.0
2026-02-25 11:15:00,2298.0,2299.0,2295.0,2297.0,5650.0,151260.0,154503.0
2026-02-25 13:30:00,2296.0,2296.0,2289.0,2291.0,4712.0,154503.0,155500.0
2026-02-25 13:45:00,2291.0,2294.0,2290.0,2291.0,2567.0,155500.0,155986.0
2026-02-25 14:00:00,2291.0,2291.0,2286.0,2290.0,1317.0,155986.0,156083.0
2026-02-25 14:15:00,2290.0,2291.0,2285.0,2286.0,1954.0,156083.0,155382.0
2026-02-25 14:30:00,2286.0,2290.0,2285.0,2289.0,1711.0,155382.0,155322.0
2026-02-25 14:45:00,2289.0,2290.0,2285.0,2287.0,1436.0,155322.0,155327.0
2026-02-25 21:00:00,2289.0,2290.0,2280.0,2287.0,8399.0,155327.0,157993.0
2026-02-25 21:15:00,2287.0,2291.0,2286.0,2291.0,2087.0,157993.0,158666.0
2026-02-25 21:30:00,2291.0,2294.0,2288.0,2290.0,2219.0,158666.0,158685.0
2026-02-25 21:45:00,2290.0,2290.0,2283.0,2286.0,1822.0,158685.0,158670.0
2026-02-25 22:00:00,2286.0,2288.0,2283.0,2285.0,700.0,158670.0,159047.0
2026-02-25 22:15:00,2285.0,2285.0,2278.0,2278.0,1490.0,159047.0,159303.0
2026-02-25 22:30:00,2278.0,2284.0,2275.0,2283.0,1879.0,159303.0,158766.0
2026-02-25 22:45:00,2283.0,2285.0,2280.0,2283.0,1206.0,158766.0,158507.0
2026-02-26 09:00:00,2283.0,2284.0,2270.0,2277.0,6060.0,158507.0,160781.0
2026-02-26 09:15:00,2277.0,2285.0,2276.0,2284.0,1987.0,160781.0,160866.0
2026-02-26 09:30:00,2284.0,2285.0,2278.0,2280.0,1363.0,160866.0,160725.0
2026-02-26 09:45:00,2280.0,2280.0,2273.0,2274.0,1144.0,160725.0,160941.0
2026-02-26 10:00:00,2274.0,2278.0,2270.0,2270.0,2694.0,160941.0,161857.0
2026-02-26 10:30:00,2270.0,2270.0,2257.0,2259.0,4984.0,161857.0,162737.0
2026-02-26 10:45:00,2259.0,2263.0,2256.0,2257.0,3231.0,162737.0,163091.0
2026-02-26 11:00:00,2257.0,2259.0,2252.0,2252.0,2289.0,163091.0,163428.0
2026-02-26 11:15:00,2252.0,2259.0,2252.0,2256.0,2153.0,163428.0,163450.0
2026-02-26 13:30:00,2258.0,2259.0,2249.0,2251.0,3842.0,163450.0,164597.0
2026-02-26 13:45:00,2251.0,2253.0,2246.0,2249.0,2242.0,164597.0,165145.0
2026-02-26 14:00:00,2249.0,2249.0,2242.0,2245.0,2463.0,165145.0,165741.0
2026-02-26 14:15:00,2245.0,2247.0,2242.0,2247.0,1347.0,165741.0,166026.0
2026-02-26 14:30:00,2247.0,2247.0,2243.0,2246.0,1634.0,166026.0,166139.0
2026-02-26 14:45:00,2246.0,2250.0,2243.0,2248.0,4247.0,166139.0,167538.0
2026-02-26 21:00:00,2238.0,2239.0,2229.0,2236.0,9262.0,167538.0,168910.0
2026-02-26 21:15:00,2236.0,2240.0,2234.0,2239.0,2033.0,168910.0,169382.0
2026-02-26 21:30:00,2239.0,2241.0,2235.0,2239.0,1948.0,169382.0,169889.0
2026-02-26 21:45:00,2239.0,2240.0,2236.0,2237.0,1100.0,169889.0,170296.0
2026-02-26 22:00:00,2237.0,2237.0,2233.0,2234.0,1194.0,170296.0,170654.0
2026-02-26 22:15:00,2234.0,2234.0,2228.0,2229.0,3196.0,170654.0,170628.0
2026-02-26 22:30:00,2229.0,2234.0,2226.0,2226.0,1409.0,170628.0,170975.0
2026-02-26 22:45:00,2226.0,2232.0,2226.0,2232.0,624.0,170975.0,171011.0
2026-02-27 09:00:00,2232.0,2240.0,2224.0,2226.0,5208.0,171011.0,171837.0
2026-02-27 09:15:00,2226.0,2230.0,2224.0,2228.0,2185.0,171837.0,172294.0
2026-02-27 09:30:00,2228.0,2232.0,2225.0,2230.0,1922.0,172294.0,172808.0
2026-02-27 09:45:00,2230.0,2235.0,2228.0,2232.0,2332.0,172808.0,172691.0
2026-02-27 10:00:00,2232.0,2238.0,2227.0,2229.0,5749.0,172691.0,173260.0
2026-02-27 10:30:00,2230.0,2235.0,2224.0,2234.0,4150.0,173260.0,173186.0
2026-02-27 10:45:00,2234.0,2241.0,2234.0,2240.0,2320.0,173186.0,173031.0
2026-02-27 11:00:00,2240.0,2240.0,2235.0,2237.0,1990.0,173031.0,173533.0
2026-02-27 11:15:00,2237.0,2238.0,2230.0,2232.0,3292.0,173533.0,173936.0
2026-02-27 13:30:00,2237.0,2239.0,2231.0,2235.0,2163.0,173936.0,173676.0
2026-02-27 13:45:00,2235.0,2236.0,2231.0,2234.0,1536.0,173676.0,173656.0
2026-02-27 14:00:00,2234.0,2234.0,2230.0,2230.0,3175.0,173656.0,173425.0
2026-02-27 14:15:00,2230.0,2232.0,2228.0,2229.0,1583.0,173425.0,173523.0
2026-02-27 14:30:00,2229.0,2231.0,2228.0,2230.0,1571.0,173523.0,173860.0
2026-02-27 14:45:00,2230.0,2234.0,2229.0,2233.0,2775.0,173860.0,173732.0
2026-02-27 21:00:00,2266.0,2285.0,2259.0,2280.0,20698.0,173732.0,169299.0
2026-02-27 21:15:00,2280.0,2285.0,2277.0,2282.0,8832.0,169299.0,168573.0
2026-02-27 21:30:00,2282.0,2287.0,2277.0,2280.0,4374.0,168573.0,168593.0
2026-02-27 21:45:00,2280.0,2280.0,2262.0,2269.0,5778.0,168593.0,168892.0
2026-02-27 22:00:00,2269.0,2273.0,2266.0,2268.0,2410.0,168892.0,169268.0
2026-02-27 22:15:00,2268.0,2269.0,2259.0,2259.0,2301.0,169268.0,169768.0
2026-02-27 22:30:00,2259.0,2263.0,2250.0,2256.0,3580.0,169768.0,170256.0
2026-02-27 22:45:00,2256.0,2263.0,2256.0,2260.0,2656.0,170256.0,169762.0
2026-03-02 09:00:00,2260.0,2367.0,2260.0,2353.0,75309.0,169762.0,176684.0
2026-03-02 09:15:00,2353.0,2361.0,2320.0,2321.0,25098.0,176684.0,173873.0
2026-03-02 09:30:00,2321.0,2332.0,2320.0,2327.0,22171.0,173873.0,168871.0
2026-03-02 09:45:00,2327.0,2333.0,2320.0,2320.0,7681.0,168871.0,169531.0
2026-03-02 10:00:00,2320.0,2324.0,2305.0,2320.0,18170.0,169531.0,174861.0
2026-03-02 10:30:00,2321.0,2334.0,2321.0,2333.0,8497.0,174861.0,175974.0
2026-03-02 10:45:00,2333.0,2339.0,2327.0,2331.0,6247.0,175974.0,176079.0
2026-03-02 11:00:00,2331.0,2339.0,2328.0,2337.0,8855.0,176079.0,174292.0
2026-03-02 11:15:00,2337.0,2341.0,2331.0,2338.0,9204.0,174292.0,175136.0
2026-03-02 13:30:00,2340.0,2363.0,2340.0,2362.0,19523.0,175136.0,180038.0
2026-03-02 13:45:00,2362.0,2367.0,2362.0,2367.0,7914.0,180038.0,182600.0
2026-03-02 14:00:00,2367.0,2367.0,2367.0,2367.0,305.0,182600.0,182435.0
2026-03-02 14:15:00,2367.0,2367.0,2367.0,2367.0,212.0,182435.0,182259.0
2026-03-02 14:30:00,2367.0,2367.0,2367.0,2367.0,187.0,182259.0,182097.0
2026-03-02 14:45:00,2367.0,2367.0,2367.0,2367.0,308.0,182097.0,181799.0
2026-03-02 21:00:00,2389.0,2417.0,2378.0,2386.0,49260.0,181799.0,174255.0
2026-03-02 21:15:00,2386.0,2415.0,2386.0,2411.0,18395.0,174255.0,172107.0
2026-03-02 21:30:00,2411.0,2418.0,2401.0,2410.0,12816.0,172107.0,169973.0
2026-03-02 21:45:00,2410.0,2414.0,2402.0,2413.0,7995.0,169973.0,169567.0
2026-03-02 22:00:00,2413.0,2413.0,2404.0,2411.0,7250.0,169567.0,170353.0
2026-03-02 22:15:00,2411.0,2415.0,2373.0,2385.0,23228.0,170353.0,171156.0
2026-03-02 22:30:00,2385.0,2396.0,2369.0,2393.0,16445.0,171156.0,173619.0
2026-03-02 22:45:00,2393.0,2395.0,2380.0,2390.0,5505.0,173619.0,173086.0
2026-03-03 09:00:00,2390.0,2427.0,2390.0,2413.0,24622.0,173086.0,174495.0
2026-03-03 09:15:00,2413.0,2450.0,2412.0,2441.0,21486.0,174495.0,175286.0
2026-03-03 09:30:00,2441.0,2445.0,2421.0,2432.0,14294.0,175286.0,175495.0
2026-03-03 09:45:00,2432.0,2437.0,2417.0,2423.0,11378.0,175495.0,174653.0
2026-03-03 10:00:00,2423.0,2436.0,2419.0,2431.0,6123.0,174653.0,174544.0
2026-03-03 10:30:00,2435.0,2468.0,2435.0,2441.0,23799.0,174544.0,175243.0
2026-03-03 10:45:00,2441.0,2449.0,2437.0,2445.0,13802.0,175243.0,173714.0
2026-03-03 11:00:00,2445.0,2453.0,2442.0,2445.0,10583.0,173714.0,177710.0
2026-03-03 11:15:00,2445.0,2453.0,2442.0,2449.0,8186.0,177710.0,179377.0
2026-03-03 13:30:00,2449.0,2482.0,2449.0,2464.0,24700.0,179377.0,181642.0
2026-03-03 13:45:00,2464.0,2470.0,2451.0,2456.0,11409.0,181642.0,181971.0
2026-03-03 14:00:00,2456.0,2461.0,2441.0,2443.0,12299.0,181971.0,179839.0
2026-03-03 14:15:00,2443.0,2460.0,2443.0,2457.0,7462.0,179839.0,179769.0
2026-03-03 14:30:00,2457.0,2467.0,2455.0,2466.0,4730.0,179769.0,179657.0
2026-03-03 14:45:00,2466.0,2473.0,2458.0,2458.0,11228.0,179657.0,179251.0
2026-03-03 21:00:00,2500.0,2503.0,2467.0,2489.0,44608.0,179251.0,178393.0
2026-03-03 21:15:00,2489.0,2523.0,2487.0,2516.0,33024.0,178393.0,180589.0
2026-03-03 21:30:00,2516.0,2516.0,2488.0,2505.0,24388.0,180589.0,179469.0
2026-03-03 21:45:00,2505.0,2515.0,2501.0,2513.0,14410.0,179469.0,180446.0
2026-03-03 22:00:00,2513.0,2525.0,2496.0,2509.0,28642.0,180446.0,179788.0
2026-03-03 22:15:00,2509.0,2509.0,2495.0,2504.0,16092.0,179788.0,180420.0
2026-03-03 22:30:00,2504.0,2505.0,2491.0,2492.0,12896.0,180420.0,180963.0
2026-03-03 22:45:00,2492.0,2494.0,2472.0,2484.0,26287.0,180963.0,178230.0
2026-03-04 09:00:00,2476.0,2480.0,2450.0,2463.0,34568.0,178230.0,181059.0
2026-03-04 09:15:00,2463.0,2465.0,2349.0,2378.0,71459.0,181059.0,182978.0
2026-03-04 09:30:00,2378.0,2408.0,2375.0,2407.0,30988.0,182978.0,182105.0
2026-03-04 09:45:00,2407.0,2407.0,2371.0,2386.0,20043.0,182105.0,183055.0
2026-03-04 10:00:00,2386.0,2399.0,2385.0,2392.0,10808.0,183055.0,182845.0
2026-03-04 10:30:00,2390.0,2403.0,2380.0,2400.0,11392.0,182845.0,183908.0
2026-03-04 10:45:00,2400.0,2408.0,2393.0,2406.0,8038.0,183908.0,183710.0
2026-03-04 11:00:00,2406.0,2420.0,2397.0,2418.0,11632.0,183710.0,183165.0
2026-03-04 11:15:00,2418.0,2429.0,2401.0,2403.0,17891.0,183165.0,185660.0
2026-03-04 13:30:00,2412.0,2437.0,2412.0,2430.0,14861.0,185660.0,186910.0
2026-03-04 13:45:00,2430.0,2450.0,2426.0,2437.0,18096.0,186910.0,187811.0
2026-03-04 14:00:00,2437.0,2443.0,2433.0,2436.0,9318.0,187811.0,189116.0
2026-03-04 14:15:00,2436.0,2455.0,2435.0,2447.0,12073.0,189116.0,189939.0
2026-03-04 14:30:00,2447.0,2449.0,2435.0,2440.0,10090.0,189939.0,189193.0
2026-03-04 14:45:00,2440.0,2444.0,2427.0,2434.0,14498.0,189193.0,186222.0
2026-03-04 21:00:00,2396.0,2409.0,2374.0,2398.0,53107.0,186222.0,186639.0
2026-03-04 21:15:00,2398.0,2405.0,2384.0,2403.0,24986.0,186639.0,187781.0
2026-03-04 21:30:00,2403.0,2413.0,2395.0,2396.0,21548.0,187781.0,188764.0
2026-03-04 21:45:00,2396.0,2402.0,2386.0,2398.0,21232.0,188764.0,188876.0
2026-03-04 22:00:00,2398.0,2408.0,2397.0,2405.0,13786.0,188876.0,187604.0
2026-03-04 22:15:00,2405.0,2407.0,2399.0,2405.0,8506.0,187604.0,187813.0
2026-03-04 22:30:00,2405.0,2417.0,2404.0,2413.0,11683.0,187813.0,188080.0
2026-03-04 22:45:00,2413.0,2414.0,2402.0,2404.0,9045.0,188080.0,185069.0
2026-03-05 09:00:00,2404.0,2438.0,2404.0,2434.0,25038.0,185069.0,187073.0
2026-03-05 09:15:00,2434.0,2440.0,2423.0,2423.0,17512.0,187073.0,186025.0
2026-03-05 09:30:00,2423.0,2429.0,2416.0,2423.0,12347.0,186025.0,186780.0
2026-03-05 09:45:00,2423.0,2435.0,2422.0,2434.0,8402.0,186780.0,186952.0
2026-03-05 10:00:00,2434.0,2440.0,2430.0,2439.0,7652.0,186952.0,187179.0
2026-03-05 10:30:00,2440.0,2455.0,2435.0,2448.0,22898.0,187179.0,188076.0
2026-03-05 10:45:00,2448.0,2456.0,2446.0,2454.0,10307.0,188076.0,189159.0
2026-03-05 11:00:00,2454.0,2456.0,2438.0,2442.0,11424.0,189159.0,188260.0
2026-03-05 11:15:00,2442.0,2460.0,2442.0,2457.0,10481.0,188260.0,187228.0
2026-03-05 13:30:00,2460.0,2494.0,2460.0,2485.0,37506.0,187228.0,191782.0
2026-03-05 13:45:00,2485.0,2489.0,2475.0,2476.0,22843.0,191782.0,193569.0
2026-03-05 14:00:00,2476.0,2476.0,2450.0,2463.0,31116.0,193569.0,191350.0
2026-03-05 14:15:00,2463.0,2473.0,2452.0,2463.0,17610.0,191350.0,190670.0
2026-03-05 14:30:00,2463.0,2470.0,2458.0,2466.0,11957.0,190670.0,189577.0
2026-03-05 14:45:00,2466.0,2470.0,2408.0,2420.0,39504.0,189577.0,185877.0
2026-03-05 21:00:00,2432.0,2453.0,2412.0,2417.0,44326.0,185877.0,190250.0
2026-03-05 21:15:00,2417.0,2427.0,2410.0,2423.0,23266.0,190250.0,191803.0
2026-03-05 21:30:00,2423.0,2426.0,2401.0,2414.0,19550.0,191803.0,192598.0
2026-03-05 21:45:00,2414.0,2423.0,2414.0,2419.0,8461.0,192598.0,192680.0
2026-03-05 22:00:00,2419.0,2426.0,2414.0,2423.0,8000.0,192680.0,192861.0
2026-03-05 22:15:00,2423.0,2428.0,2419.0,2420.0,6470.0,192861.0,191962.0
2026-03-05 22:30:00,2420.0,2425.0,2416.0,2422.0,4997.0,191962.0,191647.0
2026-03-05 22:45:00,2422.0,2425.0,2418.0,2419.0,5863.0,191647.0,189395.0
2026-03-06 09:00:00,2419.0,2425.0,2408.0,2412.0,21525.0,189395.0,190688.0
2026-03-06 09:15:00,2412.0,2444.0,2411.0,2443.0,18279.0,190688.0,189969.0
2026-03-06 09:30:00,2443.0,2444.0,2426.0,2432.0,15752.0,189969.0,189739.0
2026-03-06 09:45:00,2432.0,2450.0,2432.0,2445.0,10625.0,189739.0,190167.0
2026-03-06 10:00:00,2445.0,2450.0,2438.0,2444.0,10110.0,190167.0,189677.0
2026-03-06 10:30:00,2445.0,2449.0,2436.0,2447.0,9574.0,189677.0,189302.0
2026-03-06 10:45:00,2447.0,2455.0,2444.0,2451.0,8696.0,189302.0,189280.0
2026-03-06 11:00:00,2451.0,2462.0,2450.0,2457.0,11893.0,189280.0,188084.0
2026-03-06 11:15:00,2457.0,2466.0,2450.0,2460.0,10480.0,188084.0,187306.0
2026-03-06 13:30:00,2461.0,2475.0,2461.0,2470.0,15998.0,187306.0,187393.0
2026-03-06 13:45:00,2470.0,2475.0,2464.0,2471.0,10242.0,187393.0,187761.0
2026-03-06 14:00:00,2471.0,2478.0,2466.0,2471.0,10266.0,187761.0,186909.0
2026-03-06 14:15:00,2471.0,2484.0,2470.0,2481.0,14321.0,186909.0,186923.0
2026-03-06 14:30:00,2481.0,2487.0,2470.0,2476.0,11686.0,186923.0,186690.0
2026-03-06 14:45:00,2476.0,2482.0,2472.0,2478.0,13201.0,186690.0,184187.0
2026-03-06 21:00:00,2556.0,2588.0,2522.0,2539.0,60617.0,184187.0,181794.0
2026-03-06 21:15:00,2539.0,2552.0,2532.0,2537.0,22754.0,181794.0,181514.0
2026-03-06 21:30:00,2537.0,2540.0,2528.0,2535.0,17415.0,181514.0,182314.0
2026-03-06 21:45:00,2535.0,2555.0,2535.0,2550.0,21480.0,182314.0,182854.0
2026-03-06 22:00:00,2550.0,2557.0,2532.0,2539.0,25341.0,182854.0,184343.0
2026-03-06 22:15:00,2539.0,2543.0,2531.0,2534.0,14836.0,184343.0,184274.0
2026-03-06 22:30:00,2534.0,2538.0,2524.0,2527.0,17548.0,184274.0,186022.0
2026-03-06 22:45:00,2527.0,2534.0,2511.0,2514.0,17936.0,186022.0,185969.0
2026-03-09 09:00:00,2514.0,2636.0,2514.0,2636.0,14749.0,185969.0,179083.0
2026-03-09 09:15:00,2636.0,2636.0,2636.0,2636.0,470.0,179083.0,178812.0
2026-03-09 09:30:00,2636.0,2636.0,2636.0,2636.0,172.0,178812.0,178705.0
2026-03-09 09:45:00,2636.0,2636.0,2636.0,2636.0,134.0,178705.0,178647.0
2026-03-09 10:00:00,2636.0,2636.0,2636.0,2636.0,521.0,178647.0,178324.0
2026-03-09 10:30:00,2636.0,2636.0,2636.0,2636.0,111.0,178324.0,178296.0
2026-03-09 10:45:00,2636.0,2636.0,2636.0,2636.0,65.0,178296.0,178259.0
2026-03-09 11:00:00,2636.0,2636.0,2636.0,2636.0,51.0,178259.0,178246.0
2026-03-09 11:15:00,2636.0,2636.0,2636.0,2636.0,68.0,178246.0,178229.0
2026-03-09 13:30:00,2636.0,2636.0,2608.0,2628.0,40150.0,178229.0,172032.0
2026-03-09 13:45:00,2628.0,2636.0,2614.0,2624.0,36137.0,172032.0,170956.0
2026-03-09 14:00:00,2624.0,2636.0,2608.0,2619.0,29769.0,170956.0,173215.0
2026-03-09 14:15:00,2619.0,2630.0,2615.0,2627.0,15666.0,173215.0,175563.0
2026-03-09 14:30:00,2627.0,2636.0,2625.0,2636.0,9660.0,175563.0,175509.0
2026-03-09 14:45:00,2636.0,2636.0,2630.0,2636.0,7313.0,175509.0,173547.0
2026-03-09 21:00:00,2603.0,2609.0,2546.0,2548.0,49102.0,173547.0,165612.0
2026-03-09 21:15:00,2548.0,2564.0,2541.0,2559.0,22597.0,165612.0,164206.0
2026-03-09 21:30:00,2559.0,2562.0,2530.0,2557.0,24727.0,164206.0,161138.0
2026-03-09 21:45:00,2557.0,2566.0,2542.0,2557.0,14648.0,161138.0,160144.0
2026-03-09 22:00:00,2557.0,2594.0,2556.0,2583.0,17580.0,160144.0,160748.0
2026-03-09 22:15:00,2583.0,2593.0,2581.0,2584.0,9627.0,160748.0,161316.0
2026-03-09 22:30:00,2584.0,2586.0,2553.0,2558.0,13199.0,161316.0,161106.0
2026-03-09 22:45:00,2558.0,2577.0,2548.0,2577.0,11805.0,161106.0,159902.0
2026-03-10 09:00:00,2577.0,2577.0,2370.0,2435.0,63176.0,159902.0,152739.0
2026-03-10 09:15:00,2435.0,2452.0,2432.0,2449.0,14627.0,152739.0,152276.0
2026-03-10 09:30:00,2449.0,2452.0,2424.0,2440.0,14116.0,152276.0,152620.0
2026-03-10 09:45:00,2440.0,2441.0,2425.0,2439.0,8562.0,152620.0,152874.0
2026-03-10 10:00:00,2439.0,2449.0,2439.0,2443.0,7334.0,152874.0,153653.0
2026-03-10 10:30:00,2444.0,2468.0,2441.0,2468.0,12181.0,153653.0,154350.0
2026-03-10 10:45:00,2468.0,2481.0,2463.0,2471.0,10688.0,154350.0,154315.0
2026-03-10 11:00:00,2471.0,2483.0,2461.0,2464.0,9239.0,154315.0,153487.0
2026-03-10 11:15:00,2464.0,2483.0,2461.0,2476.0,7147.0,153487.0,153021.0
2026-03-10 13:30:00,2473.0,2473.0,2449.0,2462.0,12379.0,153021.0,154670.0
2026-03-10 13:45:00,2462.0,2467.0,2454.0,2466.0,6594.0,154670.0,156119.0
2026-03-10 14:00:00,2466.0,2473.0,2463.0,2471.0,5509.0,156119.0,156435.0
2026-03-10 14:15:00,2471.0,2481.0,2464.0,2464.0,10350.0,156435.0,156878.0
2026-03-10 14:30:00,2464.0,2470.0,2462.0,2466.0,3883.0,156878.0,156855.0
2026-03-10 14:45:00,2466.0,2473.0,2461.0,2463.0,6519.0,156855.0,156026.0
2026-03-10 21:00:00,2478.0,2485.0,2442.0,2446.0,27522.0,156026.0,159263.0
2026-03-10 21:15:00,2446.0,2454.0,2444.0,2449.0,7419.0,159263.0,159082.0
2026-03-10 21:30:00,2449.0,2456.0,2444.0,2449.0,5976.0,159082.0,158139.0
2026-03-10 21:45:00,2449.0,2454.0,2448.0,2450.0,2778.0,158139.0,158097.0
2026-03-10 22:00:00,2450.0,2466.0,2450.0,2458.0,6946.0,158097.0,157841.0
2026-03-10 22:15:00,2458.0,2458.0,2438.0,2441.0,10034.0,157841.0,157683.0
2026-03-10 22:30:00,2441.0,2444.0,2430.0,2434.0,9244.0,157683.0,158622.0
2026-03-10 22:45:00,2434.0,2441.0,2432.0,2440.0,6976.0,158622.0,157297.0
2026-03-11 09:00:00,2440.0,2451.0,2420.0,2450.0,22051.0,157297.0,159811.0
2026-03-11 09:15:00,2450.0,2459.0,2446.0,2454.0,10085.0,159811.0,159787.0
2026-03-11 09:30:00,2454.0,2464.0,2451.0,2460.0,7208.0,159787.0,160293.0
2026-03-11 09:45:00,2460.0,2465.0,2456.0,2459.0,6176.0,160293.0,160592.0
2026-03-11 10:00:00,2459.0,2477.0,2456.0,2470.0,11329.0,160592.0,161150.0
2026-03-11 10:30:00,2473.0,2497.0,2473.0,2492.0,14765.0,161150.0,162229.0
2026-03-11 10:45:00,2492.0,2506.0,2490.0,2505.0,13489.0,162229.0,163808.0
2026-03-11 11:00:00,2505.0,2516.0,2504.0,2512.0,12036.0,163808.0,165609.0
2026-03-11 11:15:00,2512.0,2518.0,2501.0,2509.0,17140.0,165609.0,166778.0
2026-03-11 13:30:00,2508.0,2534.0,2497.0,2527.0,17292.0,166778.0,166872.0
2026-03-11 13:45:00,2527.0,2531.0,2514.0,2523.0,9758.0,166872.0,166842.0
2026-03-11 14:00:00,2523.0,2538.0,2523.0,2531.0,10436.0,166842.0,168458.0
2026-03-11 14:15:00,2531.0,2540.0,2525.0,2539.0,13865.0,168458.0,172293.0
2026-03-11 14:30:00,2539.0,2542.0,2525.0,2532.0,10711.0,172293.0,171697.0
2026-03-11 14:45:00,2532.0,2536.0,2522.0,2525.0,9842.0,171697.0,169706.0
2026-03-11 21:00:00,2550.0,2581.0,2536.0,2579.0,35205.0,169706.0,172292.0
2026-03-11 21:15:00,2579.0,2580.0,2557.0,2572.0,18128.0,172292.0,173838.0
2026-03-11 21:30:00,2572.0,2573.0,2541.0,2556.0,15875.0,173838.0,175128.0
2026-03-11 21:45:00,2556.0,2558.0,2535.0,2537.0,9122.0,175128.0,175089.0
2026-03-11 22:00:00,2537.0,2554.0,2533.0,2547.0,11232.0,175089.0,175083.0
2026-03-11 22:15:00,2547.0,2550.0,2530.0,2547.0,9453.0,175083.0,176799.0
2026-03-11 22:30:00,2547.0,2552.0,2543.0,2550.0,3695.0,176799.0,176476.0
2026-03-11 22:45:00,2550.0,2556.0,2549.0,2554.0,4897.0,176476.0,175008.0
2026-03-12 09:00:00,2554.0,2635.0,2554.0,2609.0,33254.0,175008.0,177546.0
2026-03-12 09:15:00,2609.0,2616.0,2595.0,2604.0,15524.0,177546.0,178595.0
2026-03-12 09:30:00,2604.0,2632.0,2603.0,2630.0,7918.0,178595.0,178623.0
2026-03-12 09:45:00,2630.0,2639.0,2624.0,2628.0,8496.0,178623.0,179167.0
2026-03-12 10:00:00,2628.0,2640.0,2626.0,2637.0,9537.0,179167.0,179983.0
2026-03-12 10:30:00,2638.0,2655.0,2627.0,2632.0,16385.0,179983.0,180573.0
2026-03-12 10:45:00,2632.0,2634.0,2608.0,2609.0,15188.0,180573.0,178857.0
2026-03-12 11:00:00,2609.0,2618.0,2599.0,2607.0,11641.0,178857.0,178884.0
2026-03-12 11:15:00,2607.0,2616.0,2595.0,2613.0,7953.0,178884.0,178661.0
2026-03-12 13:30:00,2601.0,2602.0,2568.0,2575.0,18306.0,178661.0,177670.0
2026-03-12 13:45:00,2575.0,2590.0,2553.0,2563.0,16316.0,177670.0,179614.0
2026-03-12 14:00:00,2563.0,2578.0,2554.0,2578.0,11296.0,179614.0,181342.0
2026-03-12 14:15:00,2578.0,2587.0,2571.0,2580.0,12940.0,181342.0,182646.0
2026-03-12 14:30:00,2580.0,2584.0,2565.0,2566.0,9311.0,182646.0,180357.0
2026-03-12 14:45:00,2566.0,2574.0,2555.0,2570.0,8712.0,180357.0,178610.0
2026-03-12 21:00:00,2598.0,2605.0,2572.0,2583.0,21166.0,178610.0,176037.0
2026-03-12 21:15:00,2583.0,2612.0,2583.0,2609.0,15978.0,176037.0,176784.0
2026-03-12 21:30:00,2609.0,2614.0,2598.0,2601.0,12342.0,176784.0,177641.0
2026-03-12 21:45:00,2601.0,2609.0,2595.0,2603.0,7879.0,177641.0,177613.0
2026-03-12 22:00:00,2603.0,2610.0,2596.0,2605.0,3515.0,177613.0,177700.0
2026-03-12 22:15:00,2605.0,2625.0,2605.0,2623.0,7486.0,177700.0,178858.0
2026-03-12 22:30:00,2623.0,2623.0,2609.0,2611.0,5392.0,178858.0,178074.0
2026-03-12 22:45:00,2611.0,2623.0,2606.0,2620.0,6324.0,178074.0,177905.0
2026-03-13 09:00:00,2620.0,2622.0,2604.0,2617.0,15223.0,177905.0,180395.0
2026-03-13 09:15:00,2617.0,2619.0,2603.0,2606.0,8843.0,180395.0,180234.0
2026-03-13 09:30:00,2606.0,2650.0,2605.0,2643.0,14066.0,180234.0,180959.0
2026-03-13 09:45:00,2643.0,2647.0,2635.0,2640.0,9388.0,180959.0,181512.0
2026-03-13 10:00:00,2640.0,2660.0,2631.0,2653.0,11223.0,181512.0,183186.0
2026-03-13 10:30:00,2654.0,2700.0,2648.0,2686.0,35230.0,183186.0,189412.0
2026-03-13 10:45:00,2686.0,2691.0,2664.0,2674.0,17723.0,189412.0,191693.0
2026-03-13 11:00:00,2674.0,2686.0,2665.0,2670.0,9530.0,191693.0,192169.0
2026-03-13 11:15:00,2670.0,2674.0,2659.0,2665.0,8953.0,192169.0,191575.0
2026-03-13 13:30:00,2658.0,2677.0,2654.0,2674.0,11170.0,191575.0,190982.0
2026-03-13 13:45:00,2674.0,2680.0,2658.0,2665.0,6615.0,190982.0,192193.0
2026-03-13 14:00:00,2665.0,2667.0,2648.0,2659.0,9201.0,192193.0,192497.0
2026-03-13 14:15:00,2659.0,2662.0,2641.0,2654.0,11057.0,192497.0,190255.0
2026-03-13 14:30:00,2654.0,2662.0,2646.0,2662.0,8638.0,190255.0,188364.0
2026-03-13 14:45:00,2662.0,2672.0,2659.0,2672.0,8609.0,188364.0,187675.0
2026-03-13 21:00:00,2646.0,2671.0,2629.0,2667.0,21649.0,187675.0,188084.0
2026-03-13 21:15:00,2667.0,2676.0,2658.0,2662.0,12347.0,188084.0,188590.0
2026-03-13 21:30:00,2662.0,2677.0,2657.0,2670.0,8954.0,188590.0,188480.0
2026-03-13 21:45:00,2670.0,2680.0,2670.0,2678.0,5393.0,188480.0,188405.0
2026-03-13 22:00:00,2678.0,2688.0,2677.0,2684.0,5742.0,188405.0,188591.0
2026-03-13 22:15:00,2684.0,2686.0,2676.0,2680.0,4986.0,188591.0,187702.0
2026-03-13 22:30:00,2680.0,2688.0,2678.0,2688.0,3093.0,187702.0,188134.0
2026-03-13 22:45:00,2688.0,2696.0,2683.0,2696.0,7938.0,188134.0,186541.0
2026-03-16 09:00:00,2696.0,2716.0,2668.0,2691.0,33009.0,186541.0,185025.0
2026-03-16 09:15:00,2691.0,2713.0,2687.0,2712.0,13965.0,185025.0,185403.0
2026-03-16 09:30:00,2712.0,2727.0,2701.0,2717.0,15947.0,185403.0,185947.0
2026-03-16 09:45:00,2717.0,2742.0,2717.0,2739.0,12252.0,185947.0,186238.0
2026-03-16 10:00:00,2739.0,2753.0,2734.0,2747.0,11947.0,186238.0,186759.0
2026-03-16 10:30:00,2747.0,2765.0,2736.0,2743.0,18465.0,186759.0,184043.0
2026-03-16 10:45:00,2743.0,2746.0,2728.0,2730.0,8486.0,184043.0,183701.0
2026-03-16 11:00:00,2730.0,2732.0,2711.0,2713.0,7209.0,183701.0,183220.0
2026-03-16 11:15:00,2713.0,2724.0,2707.0,2713.0,6346.0,183220.0,183660.0
2026-03-16 13:30:00,2715.0,2733.0,2715.0,2721.0,9078.0,183660.0,184210.0
2026-03-16 13:45:00,2721.0,2727.0,2712.0,2713.0,4821.0,184210.0,184373.0
2026-03-16 14:00:00,2713.0,2721.0,2703.0,2718.0,6228.0,184373.0,183992.0
2026-03-16 14:15:00,2718.0,2729.0,2717.0,2721.0,4777.0,183992.0,184673.0
2026-03-16 14:30:00,2721.0,2726.0,2718.0,2723.0,2469.0,184673.0,184481.0
2026-03-16 14:45:00,2723.0,2723.0,2707.0,2711.0,6412.0,184481.0,182864.0
2026-03-16 21:00:00,2670.0,2687.0,2650.0,2666.0,31819.0,182864.0,182058.0
2026-03-16 21:15:00,2666.0,2677.0,2658.0,2665.0,11582.0,182058.0,182201.0
2026-03-16 21:30:00,2665.0,2686.0,2656.0,2678.0,11570.0,182201.0,181244.0
2026-03-16 21:45:00,2678.0,2678.0,2643.0,2651.0,16187.0,181244.0,181580.0
2026-03-16 22:00:00,2651.0,2657.0,2641.0,2653.0,13967.0,181580.0,179545.0
2026-03-16 22:15:00,2653.0,2680.0,2653.0,2675.0,10210.0,179545.0,178459.0
2026-03-16 22:30:00,2675.0,2685.0,2673.0,2682.0,5412.0,178459.0,178662.0
2026-03-16 22:45:00,2682.0,2685.0,2676.0,2680.0,4692.0,178662.0,177759.0
2026-03-17 09:00:00,2680.0,2713.0,2680.0,2686.0,15867.0,177759.0,179736.0
2026-03-17 09:15:00,2686.0,2692.0,2678.0,2683.0,8719.0,179736.0,179647.0
2026-03-17 09:30:00,2683.0,2694.0,2681.0,2691.0,5738.0,179647.0,179109.0
2026-03-17 09:45:00,2691.0,2701.0,2690.0,2697.0,5939.0,179109.0,179686.0
2026-03-17 10:00:00,2697.0,2714.0,2695.0,2712.0,6309.0,179686.0,180247.0
2026-03-17 10:30:00,2713.0,2713.0,2682.0,2686.0,8083.0,180247.0,181367.0
2026-03-17 10:45:00,2686.0,2692.0,2681.0,2681.0,3501.0,181367.0,182019.0
2026-03-17 11:00:00,2681.0,2682.0,2668.0,2675.0,6957.0,182019.0,182546.0
2026-03-17 11:15:00,2675.0,2683.0,2669.0,2675.0,4502.0,182546.0,182428.0
2026-03-17 13:30:00,2672.0,2683.0,2657.0,2683.0,9484.0,182428.0,182286.0
2026-03-17 13:45:00,2683.0,2698.0,2677.0,2695.0,9005.0,182286.0,182897.0
2026-03-17 14:00:00,2695.0,2704.0,2690.0,2690.0,7666.0,182897.0,183662.0
2026-03-17 14:15:00,2690.0,2694.0,2684.0,2685.0,4656.0,183662.0,183488.0
2026-03-17 14:30:00,2685.0,2692.0,2680.0,2688.0,3975.0,183488.0,183347.0
2026-03-17 14:45:00,2688.0,2695.0,2686.0,2687.0,3956.0,183347.0,182830.0
2026-03-17 21:00:00,2675.0,2731.0,2673.0,2730.0,37275.0,182830.0,186419.0
2026-03-17 21:15:00,2730.0,2735.0,2720.0,2728.0,19483.0,186419.0,187299.0
2026-03-17 21:30:00,2728.0,2735.0,2720.0,2730.0,10719.0,187299.0,189107.0
2026-03-17 21:45:00,2730.0,2752.0,2725.0,2745.0,13985.0,189107.0,192815.0
2026-03-17 22:00:00,2745.0,2748.0,2731.0,2747.0,6516.0,192815.0,192363.0
2026-03-17 22:15:00,2747.0,2758.0,2744.0,2749.0,8229.0,192363.0,193943.0
2026-03-17 22:30:00,2749.0,2753.0,2732.0,2736.0,6848.0,193943.0,193324.0
2026-03-17 22:45:00,2736.0,2740.0,2731.0,2733.0,4911.0,193324.0,191682.0
2026-03-18 09:00:00,2733.0,2744.0,2720.0,2731.0,11211.0,191682.0,190698.0
2026-03-18 09:15:00,2731.0,2753.0,2730.0,2749.0,10805.0,190698.0,193783.0
2026-03-18 09:30:00,2749.0,2760.0,2743.0,2758.0,9584.0,193783.0,196259.0
2026-03-18 09:45:00,2758.0,2759.0,2738.0,2743.0,9284.0,196259.0,194710.0
2026-03-18 10:00:00,2743.0,2754.0,2726.0,2730.0,11298.0,194710.0,194938.0
2026-03-18 10:30:00,2727.0,2738.0,2718.0,2721.0,9767.0,194938.0,194361.0
2026-03-18 10:45:00,2721.0,2728.0,2716.0,2726.0,8784.0,194361.0,193511.0
2026-03-18 11:00:00,2726.0,2729.0,2709.0,2718.0,10328.0,193511.0,192431.0
2026-03-18 11:15:00,2718.0,2720.0,2700.0,2715.0,9777.0,192431.0,191289.0
2026-03-18 13:30:00,2710.0,2717.0,2703.0,2713.0,10144.0,191289.0,191261.0
2026-03-18 13:45:00,2713.0,2717.0,2702.0,2705.0,5436.0,191261.0,190440.0
2026-03-18 14:00:00,2705.0,2724.0,2695.0,2697.0,9772.0,190440.0,189773.0
2026-03-18 14:15:00,2697.0,2707.0,2693.0,2706.0,8705.0,189773.0,187822.0
2026-03-18 14:30:00,2706.0,2715.0,2700.0,2709.0,6889.0,187822.0,188683.0
2026-03-18 14:45:00,2709.0,2719.0,2709.0,2719.0,4344.0,188683.0,188473.0
2026-03-18 21:00:00,2880.0,2980.0,2810.0,2838.0,51118.0,188473.0,195779.0
2026-03-18 21:15:00,2838.0,2861.0,2826.0,2836.0,25946.0,195779.0,199255.0
2026-03-18 21:30:00,2836.0,2858.0,2833.0,2853.0,14013.0,199255.0,200946.0
2026-03-18 21:45:00,2853.0,2868.0,2847.0,2859.0,13898.0,200946.0,203363.0
2026-03-18 22:00:00,2859.0,2894.0,2850.0,2892.0,16088.0,203363.0,206772.0
2026-03-18 22:15:00,2892.0,2925.0,2892.0,2920.0,23414.0,206772.0,211318.0
2026-03-18 22:30:00,2920.0,2928.0,2898.0,2910.0,15824.0,211318.0,209797.0
2026-03-18 22:45:00,2910.0,2931.0,2901.0,2919.0,16662.0,209797.0,211112.0
2026-03-19 09:00:00,2919.0,2975.0,2919.0,2943.0,24357.0,211112.0,211629.0
2026-03-19 09:15:00,2943.0,2945.0,2911.0,2913.0,14578.0,211629.0,209981.0
2026-03-19 09:30:00,2913.0,2921.0,2906.0,2919.0,8709.0,209981.0,208976.0
2026-03-19 09:45:00,2919.0,2931.0,2908.0,2922.0,9256.0,208976.0,208203.0
2026-03-19 10:00:00,2922.0,2938.0,2910.0,2914.0,9917.0,208203.0,208288.0
2026-03-19 10:30:00,2913.0,2915.0,2895.0,2903.0,9315.0,208288.0,206868.0
2026-03-19 10:45:00,2903.0,2910.0,2894.0,2899.0,7262.0,206868.0,205548.0
2026-03-19 11:00:00,2899.0,2911.0,2897.0,2902.0,4777.0,205548.0,205495.0
2026-03-19 11:15:00,2902.0,2904.0,2881.0,2895.0,10936.0,205495.0,203093.0
2026-03-19 13:30:00,2896.0,2924.0,2888.0,2916.0,13251.0,203093.0,203410.0
2026-03-19 13:45:00,2916.0,2919.0,2907.0,2908.0,5601.0,203410.0,203370.0
2026-03-19 14:00:00,2908.0,2914.0,2901.0,2903.0,4140.0,203370.0,203772.0
2026-03-19 14:15:00,2903.0,2919.0,2901.0,2918.0,4156.0,203772.0,203163.0
2026-03-19 14:30:00,2918.0,2944.0,2913.0,2914.0,9313.0,203163.0,202901.0
2026-03-19 14:45:00,2914.0,2935.0,2912.0,2935.0,9921.0,202901.0,201611.0
2026-03-19 21:00:00,2900.0,2937.0,2887.0,2899.0,31802.0,201611.0,202940.0
2026-03-19 21:15:00,2899.0,2906.0,2862.0,2874.0,24539.0,202940.0,200620.0
2026-03-19 21:30:00,2874.0,2899.0,2871.0,2893.0,11704.0,200620.0,199935.0
2026-03-19 21:45:00,2893.0,2919.0,2887.0,2915.0,11605.0,199935.0,199933.0
2026-03-19 22:00:00,2915.0,2916.0,2898.0,2900.0,6059.0,199933.0,200402.0
2026-03-19 22:15:00,2900.0,2915.0,2897.0,2914.0,4421.0,200402.0,200067.0
2026-03-19 22:30:00,2914.0,2928.0,2910.0,2920.0,6207.0,200067.0,200123.0
2026-03-19 22:45:00,2920.0,2922.0,2907.0,2910.0,4521.0,200123.0,198888.0
2026-03-20 09:00:00,2910.0,2910.0,2828.0,2828.0,31387.0,198888.0,191965.0
2026-03-20 09:15:00,2828.0,2833.0,2799.0,2807.0,20108.0,191965.0,190221.0
2026-03-20 09:30:00,2807.0,2814.0,2795.0,2807.0,9471.0,190221.0,190285.0
2026-03-20 09:45:00,2807.0,2831.0,2806.0,2826.0,10205.0,190285.0,190440.0
2026-03-20 10:00:00,2826.0,2847.0,2823.0,2841.0,11757.0,190440.0,191402.0
2026-03-20 10:30:00,2844.0,2859.0,2835.0,2841.0,7747.0,191402.0,191086.0
2026-03-20 10:45:00,2841.0,2859.0,2839.0,2855.0,4491.0,191086.0,191471.0
2026-03-20 11:00:00,2855.0,2857.0,2845.0,2852.0,4281.0,191471.0,191239.0
2026-03-20 11:15:00,2852.0,2867.0,2851.0,2866.0,4449.0,191239.0,191299.0
2026-03-20 13:30:00,2866.0,2877.0,2864.0,2874.0,5705.0,191299.0,191843.0
2026-03-20 13:45:00,2874.0,2875.0,2854.0,2856.0,7596.0,191843.0,191303.0
2026-03-20 14:00:00,2856.0,2866.0,2854.0,2861.0,3867.0,191303.0,191071.0
2026-03-20 14:15:00,2861.0,2877.0,2859.0,2872.0,4169.0,191071.0,191282.0
2026-03-20 14:30:00,2872.0,2888.0,2872.0,2879.0,4775.0,191282.0,191459.0
2026-03-20 14:45:00,2879.0,2895.0,2878.0,2890.0,7511.0,191459.0,191482.0
2026-03-20 21:00:00,2900.0,2906.0,2876.0,2897.0,19398.0,191482.0,192902.0
2026-03-20 21:15:00,2897.0,2901.0,2880.0,2889.0,11340.0,192902.0,191884.0
2026-03-20 21:30:00,2889.0,2902.0,2881.0,2902.0,8893.0,191884.0,191592.0
2026-03-20 21:45:00,2902.0,2918.0,2900.0,2914.0,12121.0,191592.0,192847.0
2026-03-20 22:00:00,2914.0,2932.0,2904.0,2927.0,12241.0,192847.0,193323.0
2026-03-20 22:15:00,2927.0,2936.0,2916.0,2935.0,6877.0,193323.0,192592.0
2026-03-20 22:30:00,2935.0,2953.0,2932.0,2950.0,9925.0,192592.0,193341.0
2026-03-20 22:45:00,2950.0,2960.0,2941.0,2959.0,11086.0,193341.0,193379.0
2026-03-23 09:00:00,2959.0,3012.0,2959.0,2990.0,32281.0,193379.0,193318.0
2026-03-23 09:15:00,2990.0,3001.0,2971.0,2997.0,18072.0,193318.0,191734.0
2026-03-23 09:30:00,2997.0,3037.0,2991.0,3034.0,15618.0,191734.0,193990.0
2026-03-23 09:45:00,3034.0,3046.0,3021.0,3043.0,8644.0,193990.0,195176.0
2026-03-23 10:00:00,3043.0,3047.0,3002.0,3016.0,14072.0,195176.0,194440.0
2026-03-23 10:30:00,3017.0,3043.0,3017.0,3034.0,8600.0,194440.0,194508.0
2026-03-23 10:45:00,3034.0,3050.0,3031.0,3050.0,9605.0,194508.0,193704.0
2026-03-23 11:00:00,3050.0,3059.0,3045.0,3050.0,5452.0,193704.0,194396.0
2026-03-23 11:15:00,3050.0,3057.0,3039.0,3053.0,4805.0,194396.0,194239.0
2026-03-23 13:30:00,3049.0,3060.0,3034.0,3050.0,13533.0,194239.0,194113.0
2026-03-23 13:45:00,3050.0,3064.0,3043.0,3056.0,10533.0,194113.0,195358.0
2026-03-23 14:00:00,3056.0,3099.0,3053.0,3091.0,9230.0,195358.0,196651.0
2026-03-23 14:15:00,3091.0,3114.0,3090.0,3095.0,10524.0,196651.0,197219.0
2026-03-23 14:30:00,3095.0,3119.0,3090.0,3113.0,7339.0,197219.0,197170.0
2026-03-23 14:45:00,3113.0,3114.0,3097.0,3110.0,6657.0,197170.0,196765.0
2026-03-23 21:00:00,2910.0,2988.0,2904.0,2962.0,49088.0,196765.0,194530.0
2026-03-23 21:15:00,2962.0,3019.0,2961.0,3010.0,22694.0,194530.0,194893.0
2026-03-23 21:30:00,3010.0,3010.0,2971.0,2980.0,16418.0,194893.0,194904.0
2026-03-23 21:45:00,2980.0,2998.0,2966.0,2983.0,10779.0,194904.0,194821.0
2026-03-23 22:00:00,2983.0,2984.0,2942.0,2956.0,17951.0,194821.0,194908.0
2026-03-23 22:15:00,2956.0,2957.0,2925.0,2955.0,13378.0,194908.0,194160.0
2026-03-23 22:30:00,2955.0,2980.0,2953.0,2975.0,9451.0,194160.0,194442.0
2026-03-23 22:45:00,2975.0,2975.0,2928.0,2935.0,10129.0,194442.0,193966.0
2026-03-24 09:00:00,2935.0,3029.0,2935.0,3018.0,25029.0,193966.0,194076.0
2026-03-24 09:15:00,3018.0,3028.0,3002.0,3003.0,9745.0,194076.0,193828.0
2026-03-24 09:30:00,3003.0,3027.0,3001.0,3022.0,11253.0,193828.0,193365.0
2026-03-24 09:45:00,3022.0,3025.0,3004.0,3008.0,7378.0,193365.0,193828.0
2026-03-24 10:00:00,3008.0,3018.0,3002.0,3008.0,5375.0,193828.0,194315.0
2026-03-24 10:30:00,3007.0,3027.0,2996.0,2999.0,8496.0,194315.0,194318.0
2026-03-24 10:45:00,2999.0,3008.0,2988.0,3000.0,10171.0,194318.0,196707.0
2026-03-24 11:00:00,3000.0,3017.0,2998.0,3011.0,5664.0,196707.0,196958.0
2026-03-24 11:15:00,3011.0,3027.0,3008.0,3012.0,9541.0,196958.0,199018.0
2026-03-24 13:30:00,3012.0,3027.0,3012.0,3023.0,5792.0,199018.0,199722.0
2026-03-24 13:45:00,3023.0,3030.0,3005.0,3008.0,7508.0,199722.0,201025.0
2026-03-24 14:00:00,3008.0,3009.0,2951.0,2956.0,18179.0,201025.0,200783.0
2026-03-24 14:15:00,2956.0,2965.0,2936.0,2957.0,17073.0,200783.0,201567.0
2026-03-24 14:30:00,2957.0,2958.0,2930.0,2945.0,9467.0,201567.0,200530.0
2026-03-24 14:45:00,2945.0,2954.0,2920.0,2939.0,11343.0,200530.0,199049.0
2026-03-24 21:00:00,2974.0,2988.0,2949.0,2952.0,20731.0,199049.0,199566.0
2026-03-24 21:15:00,2952.0,2964.0,2946.0,2961.0,7214.0,199566.0,200115.0
2026-03-24 21:30:00,2961.0,2966.0,2947.0,2955.0,6422.0,200115.0,200681.0
2026-03-24 21:45:00,2955.0,2955.0,2926.0,2931.0,9839.0,200681.0,201980.0
2026-03-24 22:00:00,2931.0,2933.0,2904.0,2914.0,14066.0,201980.0,201810.0
2026-03-24 22:15:00,2914.0,2926.0,2890.0,2903.0,14368.0,201810.0,201796.0
2026-03-24 22:30:00,2903.0,2916.0,2876.0,2877.0,12603.0,201796.0,201987.0
2026-03-24 22:45:00,2877.0,2893.0,2843.0,2873.0,23956.0,201987.0,198066.0
2026-03-25 09:00:00,2795.0,2801.0,2762.0,2794.0,37897.0,198066.0,196510.0
2026-03-25 09:15:00,2794.0,2801.0,2785.0,2797.0,11173.0,196510.0,196265.0
2026-03-25 09:30:00,2797.0,2805.0,2788.0,2797.0,10426.0,196265.0,196946.0
2026-03-25 09:45:00,2797.0,2812.0,2793.0,2810.0,10354.0,196946.0,196429.0
2026-03-25 10:00:00,2810.0,2834.0,2805.0,2822.0,11842.0,196429.0,196379.0
2026-03-25 10:30:00,2824.0,2836.0,2823.0,2836.0,6857.0,196379.0,196589.0
2026-03-25 10:45:00,2836.0,2858.0,2836.0,2857.0,9409.0,196589.0,196510.0
2026-03-25 11:00:00,2857.0,2862.0,2839.0,2849.0,9538.0,196510.0,197595.0
2026-03-25 11:15:00,2849.0,2860.0,2839.0,2855.0,6982.0,197595.0,198133.0
2026-03-25 13:30:00,2858.0,2874.0,2854.0,2856.0,10301.0,198133.0,199756.0
2026-03-25 13:45:00,2856.0,2879.0,2855.0,2875.0,7069.0,199756.0,200771.0
2026-03-25 14:00:00,2875.0,2877.0,2867.0,2876.0,5838.0,200771.0,201748.0
2026-03-25 14:15:00,2876.0,2877.0,2857.0,2875.0,8496.0,201748.0,203466.0
2026-03-25 14:30:00,2875.0,2885.0,2868.0,2884.0,5192.0,203466.0,203319.0
2026-03-25 14:45:00,2884.0,2887.0,2874.0,2883.0,5465.0,203319.0,203244.0
2026-03-25 21:00:00,2910.0,2910.0,2854.0,2869.0,40842.0,203244.0,213232.0
2026-03-25 21:15:00,2869.0,2899.0,2860.0,2871.0,26030.0,213232.0,217241.0
2026-03-25 21:30:00,2871.0,2883.0,2861.0,2879.0,12145.0,217241.0,217774.0
2026-03-25 21:45:00,2879.0,2907.0,2879.0,2904.0,15517.0,217774.0,220599.0
2026-03-25 22:00:00,2904.0,2908.0,2889.0,2898.0,10915.0,220599.0,221721.0
2026-03-25 22:15:00,2898.0,2901.0,2891.0,2894.0,8678.0,221721.0,221193.0
2026-03-25 22:30:00,2894.0,2899.0,2889.0,2894.0,4915.0,221193.0,220935.0
2026-03-25 22:45:00,2894.0,2902.0,2884.0,2902.0,10436.0,220935.0,221056.0
2026-03-26 09:00:00,2922.0,2938.0,2912.0,2937.0,16683.0,221056.0,224052.0
2026-03-26 09:15:00,2937.0,2951.0,2935.0,2946.0,15987.0,224052.0,225729.0
2026-03-26 09:30:00,2946.0,2950.0,2934.0,2935.0,7883.0,225729.0,226212.0
2026-03-26 09:45:00,2935.0,2939.0,2923.0,2937.0,10771.0,226212.0,226485.0
2026-03-26 10:00:00,2937.0,2937.0,2920.0,2926.0,7817.0,226485.0,227287.0
2026-03-26 10:30:00,2925.0,2943.0,2922.0,2941.0,7718.0,227287.0,228233.0
2026-03-26 10:45:00,2941.0,2951.0,2938.0,2948.0,7783.0,228233.0,229849.0
2026-03-26 11:00:00,2948.0,2956.0,2938.0,2941.0,8820.0,229849.0,230520.0
2026-03-26 11:15:00,2941.0,2950.0,2940.0,2946.0,5434.0,230520.0,230877.0
2026-03-26 13:30:00,2947.0,2963.0,2943.0,2955.0,11163.0,230877.0,230063.0
2026-03-26 13:45:00,2955.0,2966.0,2952.0,2965.0,6066.0,230063.0,231301.0
2026-03-26 14:00:00,2965.0,2975.0,2950.0,2953.0,14056.0,231301.0,230886.0
2026-03-26 14:15:00,2953.0,2955.0,2935.0,2939.0,12616.0,230886.0,232347.0
2026-03-26 14:30:00,2939.0,2951.0,2933.0,2948.0,10950.0,232347.0,234381.0
2026-03-26 14:45:00,2948.0,2964.0,2944.0,2957.0,8488.0,234381.0,234111.0
2026-03-26 21:00:00,3002.0,3020.0,2989.0,2992.0,28055.0,234111.0,237902.0
2026-03-26 21:15:00,2992.0,2997.0,2980.0,2985.0,12422.0,237902.0,237858.0
2026-03-26 21:30:00,2985.0,2996.0,2981.0,2985.0,7851.0,237858.0,238496.0
2026-03-26 21:45:00,2985.0,2988.0,2973.0,2980.0,8529.0,238496.0,239490.0
2026-03-26 22:00:00,2980.0,2986.0,2975.0,2978.0,5581.0,239490.0,240191.0
2026-03-26 22:15:00,2978.0,2989.0,2971.0,2977.0,5919.0,240191.0,240174.0
2026-03-26 22:30:00,2977.0,2979.0,2959.0,2976.0,10889.0,240174.0,240238.0
2026-03-26 22:45:00,2976.0,2991.0,2974.0,2988.0,8585.0,240238.0,239963.0
2026-03-27 09:00:00,2988.0,2996.0,2960.0,2967.0,18618.0,239963.0,243268.0
2026-03-27 09:15:00,2967.0,2973.0,2956.0,2973.0,11847.0,243268.0,245608.0
2026-03-27 09:30:00,2973.0,2980.0,2962.0,2971.0,13287.0,245608.0,248015.0
2026-03-27 09:45:00,2971.0,2985.0,2956.0,2958.0,14761.0,248015.0,249990.0
2026-03-27 10:00:00,2958.0,2958.0,2944.0,2952.0,9014.0,249990.0,250523.0
2026-03-27 10:30:00,2955.0,2979.0,2955.0,2968.0,12056.0,250523.0,253118.0
2026-03-27 10:45:00,2968.0,2976.0,2958.0,2966.0,6402.0,253118.0,253361.0
2026-03-27 11:00:00,2966.0,2976.0,2959.0,2974.0,6642.0,253361.0,253664.0
2026-03-27 11:15:00,2974.0,2981.0,2970.0,2978.0,5969.0,253664.0,254087.0
2026-03-27 13:30:00,2980.0,2987.0,2965.0,2972.0,12673.0,254087.0,255566.0
2026-03-27 13:45:00,2972.0,2984.0,2970.0,2982.0,7811.0,255566.0,254682.0
2026-03-27 14:00:00,2982.0,2984.0,2971.0,2976.0,5984.0,254682.0,253977.0
2026-03-27 14:15:00,2976.0,2983.0,2972.0,2980.0,4153.0,253977.0,254680.0
2026-03-27 14:30:00,2980.0,3001.0,2979.0,2992.0,10474.0,254680.0,254445.0
2026-03-27 14:45:00,2992.0,3006.0,2990.0,3006.0,9501.0,254445.0,254175.0
2026-03-27 21:00:00,3051.0,3099.0,3037.0,3074.0,46053.0,254175.0,263068.0
2026-03-27 21:15:00,3074.0,3082.0,3056.0,3078.0,14975.0,263068.0,264549.0
2026-03-27 21:30:00,3078.0,3090.0,3074.0,3076.0,9382.0,264549.0,265527.0
2026-03-27 21:45:00,3076.0,3090.0,3069.0,3086.0,8964.0,265527.0,265799.0
2026-03-27 22:00:00,3086.0,3087.0,3073.0,3082.0,6805.0,265799.0,266040.0
2026-03-27 22:15:00,3082.0,3092.0,3075.0,3086.0,9328.0,266040.0,267659.0
2026-03-27 22:30:00,3086.0,3087.0,3078.0,3082.0,6323.0,267659.0,266790.0
2026-03-27 22:45:00,3082.0,3087.0,3060.0,3073.0,9885.0,266790.0,264097.0
2026-03-30 09:00:00,3073.0,3156.0,3073.0,3130.0,45053.0,264097.0,269261.0
2026-03-30 09:15:00,3130.0,3144.0,3116.0,3142.0,23760.0,269261.0,270527.0
2026-03-30 09:30:00,3142.0,3150.0,3135.0,3138.0,16339.0,270527.0,272143.0
2026-03-30 09:45:00,3138.0,3146.0,3131.0,3136.0,8979.0,272143.0,272743.0
2026-03-30 10:00:00,3136.0,3159.0,3127.0,3158.0,13059.0,272743.0,275061.0
2026-03-30 10:30:00,3158.0,3160.0,3124.0,3126.0,15030.0,275061.0,274328.0
2026-03-30 10:45:00,3126.0,3131.0,3110.0,3116.0,12096.0,274328.0,274212.0
2026-03-30 11:00:00,3116.0,3117.0,3070.0,3084.0,23538.0,274212.0,272494.0
2026-03-30 11:15:00,3084.0,3097.0,3053.0,3070.0,21592.0,272494.0,271709.0
2026-03-30 13:30:00,3072.0,3089.0,3072.0,3083.0,19301.0,271709.0,271554.0
2026-03-30 13:45:00,3083.0,3088.0,3050.0,3061.0,15168.0,271554.0,273194.0
2026-03-30 14:00:00,3061.0,3065.0,3050.0,3057.0,12008.0,273194.0,273160.0
2026-03-30 14:15:00,3057.0,3060.0,3043.0,3055.0,11412.0,273160.0,272840.0
2026-03-30 14:30:00,3055.0,3055.0,3020.0,3033.0,17047.0,272840.0,270871.0
2026-03-30 14:45:00,3033.0,3040.0,3018.0,3037.0,10935.0,270871.0,269692.0
2026-03-30 21:00:00,3015.0,3034.0,2999.0,3031.0,29939.0,269692.0,269625.0
2026-03-30 21:15:00,3031.0,3055.0,3031.0,3049.0,20328.0,269625.0,271836.0
2026-03-30 21:30:00,3049.0,3059.0,3041.0,3056.0,15575.0,271836.0,272001.0
2026-03-30 21:45:00,3056.0,3067.0,3048.0,3053.0,11720.0,272001.0,272518.0
2026-03-30 22:00:00,3053.0,3057.0,3041.0,3047.0,9583.0,272518.0,271786.0
2026-03-30 22:15:00,3047.0,3054.0,3041.0,3041.0,5254.0,271786.0,271449.0
2026-03-30 22:30:00,3041.0,3054.0,3041.0,3051.0,3194.0,271449.0,271315.0
2026-03-30 22:45:00,3051.0,3051.0,3036.0,3049.0,5243.0,271315.0,270821.0
2026-03-31 09:00:00,3049.0,3073.0,3037.0,3041.0,21604.0,270821.0,269736.0
2026-03-31 09:15:00,3041.0,3043.0,2978.0,2980.0,32910.0,269736.0,270133.0
2026-03-31 09:30:00,2980.0,2991.0,2952.0,2962.0,35411.0,270133.0,269860.0
2026-03-31 09:45:00,2962.0,2977.0,2955.0,2970.0,19207.0,269860.0,272930.0
2026-03-31 10:00:00,2970.0,2974.0,2912.0,2936.0,38208.0,272930.0,265600.0
2026-03-31 10:30:00,2936.0,2972.0,2936.0,2965.0,17144.0,265600.0,265853.0
2026-03-31 10:45:00,2965.0,2977.0,2959.0,2974.0,11603.0,265853.0,266323.0
2026-03-31 11:00:00,2974.0,2975.0,2942.0,2946.0,10974.0,266323.0,267607.0
2026-03-31 11:15:00,2946.0,2957.0,2943.0,2950.0,7967.0,267607.0,266186.0
2026-03-31 13:30:00,2959.0,2975.0,2953.0,2956.0,12265.0,266186.0,266587.0
2026-03-31 13:45:00,2956.0,2960.0,2949.0,2952.0,8926.0,266587.0,267064.0
2026-03-31 14:00:00,2952.0,2968.0,2947.0,2964.0,9415.0,267064.0,268506.0
2026-03-31 14:15:00,2964.0,2966.0,2942.0,2948.0,12777.0,268506.0,268778.0
2026-03-31 14:30:00,2948.0,2965.0,2946.0,2961.0,6929.0,268778.0,268376.0
2026-03-31 14:45:00,2961.0,2965.0,2956.0,2958.0,6819.0,268376.0,267286.0
2026-03-31 21:00:00,2958.0,2959.0,2923.0,2942.0,25104.0,267286.0,268660.0
2026-03-31 21:15:00,2942.0,2958.0,2936.0,2955.0,12797.0,268660.0,270068.0
2026-03-31 21:30:00,2955.0,2956.0,2941.0,2949.0,9158.0,270068.0,270768.0
2026-03-31 21:45:00,2949.0,2964.0,2945.0,2954.0,8740.0,270768.0,271229.0
2026-03-31 22:00:00,2954.0,2959.0,2948.0,2948.0,5397.0,271229.0,270745.0
2026-03-31 22:15:00,2948.0,2960.0,2948.0,2955.0,3745.0,270745.0,270656.0
2026-03-31 22:30:00,2955.0,2974.0,2953.0,2966.0,7932.0,270656.0,271322.0
2026-03-31 22:45:00,2966.0,2998.0,2966.0,2998.0,14217.0,271322.0,270424.0
2026-04-01 09:00:00,2998.0,2998.0,2913.0,2930.0,41419.0,270424.0,268717.0
2026-04-01 09:15:00,2930.0,2936.0,2875.0,2884.0,39163.0,268717.0,274927.0
2026-04-01 09:30:00,2884.0,2917.0,2882.0,2902.0,16543.0,274927.0,275033.0
2026-04-01 09:45:00,2902.0,2919.0,2896.0,2915.0,9550.0,275033.0,275630.0
2026-04-01 10:00:00,2915.0,2915.0,2889.0,2899.0,15903.0,275630.0,276253.0
2026-04-01 10:30:00,2896.0,2912.0,2895.0,2908.0,11189.0,276253.0,276850.0
2026-04-01 10:45:00,2908.0,2932.0,2904.0,2931.0,12185.0,276850.0,277460.0
2026-04-01 11:00:00,2931.0,2941.0,2913.0,2918.0,13915.0,277460.0,278653.0
2026-04-01 11:15:00,2918.0,2936.0,2914.0,2934.0,10109.0,278653.0,278251.0
2026-04-01 13:30:00,2914.0,2914.0,2855.0,2860.0,37112.0,278251.0,281893.0
2026-04-01 13:45:00,2860.0,2866.0,2826.0,2846.0,43399.0,281893.0,278727.0
2026-04-01 14:00:00,2846.0,2850.0,2811.0,2815.0,30635.0,278727.0,277629.0
2026-04-01 14:15:00,2815.0,2831.0,2801.0,2804.0,21991.0,277629.0,276521.0
2026-04-01 14:30:00,2804.0,2804.0,2762.0,2768.0,37282.0,276521.0,274809.0
2026-04-01 14:45:00,2768.0,2799.0,2763.0,2778.0,27242.0,274809.0,271151.0
2026-04-01 21:00:00,2820.0,2848.0,2800.0,2820.0,45581.0,271151.0,269186.0
2026-04-01 21:15:00,2820.0,2830.0,2813.0,2816.0,13706.0,269186.0,268968.0
2026-04-01 21:30:00,2816.0,2818.0,2787.0,2798.0,18654.0,268968.0,270409.0
2026-04-01 21:45:00,2798.0,2806.0,2792.0,2802.0,9228.0,270409.0,271337.0
2026-04-01 22:00:00,2802.0,2812.0,2796.0,2797.0,8322.0,271337.0,271553.0
2026-04-01 22:15:00,2797.0,2814.0,2795.0,2807.0,7576.0,271553.0,271181.0
2026-04-01 22:30:00,2807.0,2830.0,2803.0,2819.0,15883.0,271181.0,270297.0
2026-04-01 22:45:00,2819.0,2822.0,2811.0,2818.0,7142.0,270297.0,268135.0
2026-04-02 09:00:00,2818.0,2842.0,2783.0,2823.0,35043.0,268135.0,270752.0
2026-04-02 09:15:00,2823.0,2876.0,2822.0,2869.0,43747.0,270752.0,273209.0
2026-04-02 09:30:00,2869.0,2896.0,2867.0,2891.0,30747.0,273209.0,273695.0
2026-04-02 09:45:00,2891.0,2900.0,2875.0,2883.0,22651.0,273695.0,274144.0
2026-04-02 10:00:00,2883.0,2903.0,2873.0,2898.0,19321.0,274144.0,275888.0
2026-04-02 10:30:00,2895.0,2903.0,2887.0,2895.0,14982.0,275888.0,278553.0
2026-04-02 10:45:00,2895.0,2912.0,2893.0,2901.0,16763.0,278553.0,280621.0
2026-04-02 11:00:00,2901.0,2911.0,2900.0,2906.0,8857.0,280621.0,281512.0
2026-04-02 11:15:00,2906.0,2911.0,2895.0,2898.0,10815.0,281512.0,281331.0
2026-04-02 13:30:00,2910.0,2939.0,2910.0,2937.0,24477.0,281331.0,282018.0
2026-04-02 13:45:00,2937.0,2946.0,2935.0,2941.0,18323.0,282018.0,285797.0
2026-04-02 14:00:00,2941.0,2950.0,2938.0,2944.0,19810.0,285797.0,286743.0
2026-04-02 14:15:00,2944.0,2967.0,2942.0,2958.0,31521.0,286743.0,291023.0
2026-04-02 14:30:00,2958.0,2963.0,2949.0,2952.0,16102.0,291023.0,292956.0
2026-04-02 14:45:00,2952.0,2958.0,2941.0,2943.0,13431.0,292956.0,290263.0
2026-04-02 21:00:00,3050.0,3055.0,2971.0,2991.0,50738.0,290263.0,294859.0
2026-04-02 21:15:00,2991.0,2992.0,2958.0,2960.0,23651.0,294859.0,293252.0
2026-04-02 21:30:00,2960.0,2962.0,2932.0,2946.0,28900.0,293252.0,294941.0
2026-04-02 21:45:00,2946.0,2946.0,2918.0,2927.0,22384.0,294941.0,296421.0
2026-04-02 22:00:00,2927.0,2946.0,2925.0,2938.0,19842.0,296421.0,296985.0
2026-04-02 22:15:00,2938.0,2938.0,2907.0,2913.0,16391.0,296985.0,295680.0
2026-04-02 22:30:00,2913.0,2915.0,2859.0,2860.0,35523.0,295680.0,292682.0
2026-04-02 22:45:00,2860.0,2896.0,2858.0,2886.0,25633.0,292682.0,287902.0
2026-04-03 09:00:00,2886.0,2930.0,2886.0,2919.0,30300.0,287902.0,290034.0
2026-04-03 09:15:00,2919.0,2920.0,2896.0,2914.0,16101.0,290034.0,289986.0
2026-04-03 09:30:00,2914.0,2921.0,2908.0,2913.0,8427.0,289986.0,290214.0
2026-04-03 09:45:00,2913.0,2935.0,2913.0,2925.0,12709.0,290214.0,291786.0
2026-04-03 10:00:00,2925.0,2930.0,2919.0,2927.0,9548.0,291786.0,292926.0
2026-04-03 10:30:00,2926.0,2932.0,2907.0,2927.0,13904.0,292926.0,294279.0
2026-04-03 10:45:00,2927.0,2945.0,2919.0,2940.0,12657.0,294279.0,295935.0
2026-04-03 11:00:00,2940.0,2944.0,2929.0,2936.0,8118.0,295935.0,296126.0
2026-04-03 11:15:00,2936.0,2943.0,2929.0,2937.0,5944.0,296126.0,296576.0
2026-04-03 13:30:00,2937.0,2977.0,2930.0,2963.0,39274.0,296576.0,305586.0
2026-04-03 13:45:00,2963.0,2994.0,2962.0,2978.0,42823.0,305586.0,319934.0
2026-04-03 14:00:00,2978.0,2991.0,2971.0,2984.0,16558.0,319934.0,321124.0
2026-04-03 14:15:00,2984.0,2987.0,2966.0,2976.0,12022.0,321124.0,320166.0
2026-04-03 14:30:00,2976.0,2997.0,2974.0,2994.0,14821.0,320166.0,320738.0
2026-04-03 14:45:00,2994.0,3011.0,2980.0,3010.0,28133.0,320738.0,322326.0
2026-04-07 09:00:00,3100.0,3100.0,3030.0,3068.0,72084.0,322326.0,333868.0
2026-04-07 09:15:00,3068.0,3091.0,3064.0,3088.0,31762.0,333868.0,340030.0
2026-04-07 09:30:00,3088.0,3111.0,3087.0,3097.0,29343.0,340030.0,342660.0
2026-04-07 09:45:00,3097.0,3112.0,3084.0,3107.0,21261.0,342660.0,344000.0
2026-04-07 10:00:00,3107.0,3110.0,3088.0,3105.0,16752.0,344000.0,344822.0
2026-04-07 10:30:00,3101.0,3146.0,3096.0,3141.0,34867.0,344822.0,352674.0
2026-04-07 10:45:00,3141.0,3146.0,3111.0,3118.0,20248.0,352674.0,353883.0
2026-04-07 11:00:00,3118.0,3132.0,3103.0,3128.0,20122.0,353883.0,354598.0
2026-04-07 11:15:00,3128.0,3145.0,3121.0,3139.0,19425.0,354598.0,355996.0
2026-04-07 13:30:00,3145.0,3200.0,3142.0,3185.0,42870.0,355996.0,360927.0
2026-04-07 13:45:00,3185.0,3192.0,3149.0,3160.0,31196.0,360927.0,362374.0
2026-04-07 14:00:00,3160.0,3166.0,3144.0,3161.0,22314.0,362374.0,364389.0
2026-04-07 14:15:00,3161.0,3181.0,3158.0,3158.0,20643.0,364389.0,364400.0
2026-04-07 14:30:00,3158.0,3168.0,3153.0,3159.0,14774.0,364400.0,364707.0
2026-04-07 14:45:00,3159.0,3175.0,3154.0,3159.0,17041.0,364707.0,361483.0
2026-04-07 21:00:00,3149.0,3181.0,3123.0,3138.0,55282.0,361483.0,359670.0
2026-04-07 21:15:00,3138.0,3159.0,3121.0,3134.0,27063.0,359670.0,359758.0
2026-04-07 21:30:00,3134.0,3159.0,3127.0,3155.0,15666.0,359758.0,360452.0
2026-04-07 21:45:00,3155.0,3168.0,3145.0,3161.0,19584.0,360452.0,359109.0
2026-04-07 22:00:00,3161.0,3187.0,3156.0,3186.0,25791.0,359109.0,361584.0
2026-04-07 22:15:00,3186.0,3210.0,3184.0,3199.0,36500.0,361584.0,366396.0
2026-04-07 22:30:00,3199.0,3206.0,3187.0,3198.0,24661.0,366396.0,368041.0
2026-04-07 22:45:00,3198.0,3235.0,3192.0,3234.0,27682.0,368041.0,368500.0
2026-04-08 09:00:00,3234.0,3234.0,2793.0,2927.0,161310.0,368500.0,342887.0
2026-04-08 09:15:00,2927.0,2945.0,2924.0,2942.0,42928.0,342887.0,336134.0
2026-04-08 09:30:00,2942.0,2944.0,2926.0,2943.0,18895.0,336134.0,336152.0
2026-04-08 09:45:00,2943.0,2943.0,2921.0,2928.0,22952.0,336152.0,334283.0
2026-04-08 10:00:00,2928.0,2939.0,2925.0,2933.0,11027.0,334283.0,334071.0
2026-04-08 10:30:00,2938.0,2939.0,2925.0,2930.0,14773.0,334071.0,333204.0
2026-04-08 10:45:00,2930.0,2964.0,2929.0,2953.0,20419.0,333204.0,335800.0
2026-04-08 11:00:00,2953.0,2953.0,2938.0,2942.0,13054.0,335800.0,336000.0
2026-04-08 11:15:00,2942.0,2949.0,2938.0,2941.0,6997.0,336000.0,335589.0
2026-04-08 13:30:00,2938.0,2943.0,2929.0,2937.0,14076.0,335589.0,337397.0
2026-04-08 13:45:00,2937.0,2940.0,2927.0,2929.0,12501.0,337397.0,338235.0
2026-04-08 14:00:00,2929.0,2930.0,2881.0,2883.0,36706.0,338235.0,337008.0
2026-04-08 14:15:00,2883.0,2892.0,2851.0,2865.0,46437.0,337008.0,337936.0
2026-04-08 14:30:00,2865.0,2896.0,2864.0,2877.0,40188.0,337936.0,342296.0
2026-04-08 14:45:00,2877.0,2888.0,2854.0,2873.0,50043.0,342296.0,341134.0
2026-04-08 21:00:00,2858.0,2872.0,2839.0,2864.0,57096.0,341134.0,337594.0
2026-04-08 21:15:00,2864.0,2873.0,2858.0,2868.0,18490.0,337594.0,336815.0
2026-04-08 21:30:00,2868.0,2868.0,2857.0,2864.0,11858.0,336815.0,335009.0
2026-04-08 21:45:00,2864.0,2864.0,2855.0,2863.0,10315.0,335009.0,333171.0
2026-04-08 22:00:00,2863.0,2864.0,2833.0,2838.0,19296.0,333171.0,331560.0
2026-04-08 22:15:00,2838.0,2850.0,2830.0,2845.0,17646.0,331560.0,331073.0
2026-04-08 22:30:00,2845.0,2864.0,2842.0,2858.0,24196.0,331073.0,329272.0
2026-04-08 22:45:00,2858.0,2865.0,2851.0,2857.0,19475.0,329272.0,325375.0
2026-04-09 09:00:00,2857.0,2939.0,2857.0,2923.0,59724.0,325375.0,327313.0
2026-04-09 09:15:00,2923.0,2930.0,2913.0,2930.0,15441.0,327313.0,327482.0
2026-04-09 09:30:00,2930.0,2930.0,2905.0,2911.0,16242.0,327482.0,327675.0
2026-04-09 09:45:00,2911.0,2911.0,2875.0,2885.0,25589.0,327675.0,326728.0
2026-04-09 10:00:00,2885.0,2889.0,2875.0,2884.0,14599.0,326728.0,327085.0
2026-04-09 10:30:00,2884.0,2887.0,2869.0,2878.0,11609.0,327085.0,329191.0
2026-04-09 10:45:00,2878.0,2907.0,2876.0,2907.0,17282.0,329191.0,330936.0
2026-04-09 11:00:00,2907.0,2914.0,2898.0,2909.0,14346.0,330936.0,332468.0
2026-04-09 11:15:00,2909.0,2924.0,2909.0,2914.0,14399.0,332468.0,333714.0
2026-04-09 13:30:00,2923.0,2932.0,2911.0,2918.0,26274.0,333714.0,335649.0
2026-04-09 13:45:00,2918.0,2922.0,2910.0,2918.0,14057.0,335649.0,336713.0
2026-04-09 14:00:00,2918.0,2920.0,2906.0,2916.0,11932.0,336713.0,336776.0
2026-04-09 14:15:00,2916.0,2921.0,2910.0,2915.0,7757.0,336776.0,337175.0
2026-04-09 14:30:00,2915.0,2918.0,2911.0,2914.0,5610.0,337175.0,337292.0
2026-04-09 14:45:00,2914.0,2920.0,2909.0,2913.0,12760.0,337292.0,336743.0
2026-04-09 21:00:00,2946.0,2947.0,2921.0,2925.0,29199.0,336743.0,339790.0
2026-04-09 21:15:00,2925.0,2925.0,2898.0,2902.0,27355.0,339790.0,341992.0
2026-04-09 21:30:00,2902.0,2918.0,2902.0,2912.0,18086.0,341992.0,347104.0
2026-04-09 21:45:00,2912.0,2932.0,2911.0,2926.0,21548.0,347104.0,351357.0
2026-04-09 22:00:00,2926.0,2932.0,2919.0,2921.0,13195.0,351357.0,352475.0
2026-04-09 22:15:00,2921.0,2932.0,2921.0,2930.0,8422.0,352475.0,352650.0
2026-04-09 22:30:00,2930.0,2943.0,2927.0,2935.0,13327.0,352650.0,352381.0
2026-04-09 22:45:00,2935.0,2935.0,2926.0,2926.0,10137.0,352381.0,350391.0
2026-04-10 09:00:00,2926.0,2926.0,2901.0,2906.0,28613.0,350391.0,351494.0
2026-04-10 09:15:00,2906.0,2908.0,2884.0,2886.0,26327.0,351494.0,355768.0
2026-04-10 09:30:00,2886.0,2889.0,2858.0,2872.0,33517.0,355768.0,356087.0
2026-04-10 09:45:00,2872.0,2881.0,2870.0,2870.0,14448.0,356087.0,356784.0
2026-04-10 10:00:00,2870.0,2883.0,2868.0,2873.0,9608.0,356784.0,355831.0
2026-04-10 10:30:00,2874.0,2893.0,2866.0,2871.0,22715.0,355831.0,359482.0
2026-04-10 10:45:00,2871.0,2872.0,2848.0,2857.0,21144.0,359482.0,360677.0
2026-04-10 11:00:00,2857.0,2859.0,2821.0,2840.0,37940.0,360677.0,364524.0
2026-04-10 11:15:00,2840.0,2850.0,2830.0,2844.0,33490.0,364524.0,363881.0
2026-04-10 13:30:00,2844.0,2845.0,2827.0,2834.0,23640.0,363881.0,369102.0
2026-04-10 13:45:00,2834.0,2837.0,2812.0,2823.0,24201.0,369102.0,373262.0
2026-04-10 14:00:00,2823.0,2829.0,2820.0,2826.0,11512.0,373262.0,373782.0
2026-04-10 14:15:00,2826.0,2844.0,2824.0,2839.0,17995.0,373782.0,373744.0
2026-04-10 14:30:00,2839.0,2839.0,2825.0,2830.0,10727.0,373744.0,373533.0
2026-04-10 14:45:00,2830.0,2835.0,2824.0,2834.0,12529.0,373533.0,372315.0
2026-04-10 21:00:00,2810.0,2827.0,2783.0,2794.0,46037.0,372315.0,381030.0
2026-04-10 21:15:00,2794.0,2802.0,2788.0,2794.0,25686.0,381030.0,384219.0
2026-04-10 21:30:00,2794.0,2807.0,2791.0,2804.0,16471.0,384219.0,387604.0
2026-04-10 21:45:00,2804.0,2804.0,2776.0,2782.0,29510.0,387604.0,387657.0
2026-04-10 22:00:00,2782.0,2782.0,2744.0,2752.0,65360.0,387657.0,389321.0
2026-04-10 22:15:00,2752.0,2761.0,2740.0,2756.0,36987.0,389321.0,386918.0
2026-04-10 22:30:00,2756.0,2777.0,2751.0,2774.0,25426.0,386918.0,386955.0
2026-04-10 22:45:00,2774.0,2796.0,2765.0,2794.0,30658.0,386955.0,380843.0
2026-04-13 09:00:00,2906.0,2990.0,2854.0,2858.0,117638.0,380843.0,383937.0
2026-04-13 09:15:00,2858.0,2880.0,2850.0,2880.0,43933.0,383937.0,386197.0
2026-04-13 09:30:00,2880.0,2892.0,2872.0,2872.0,23927.0,386197.0,388879.0
2026-04-13 09:45:00,2872.0,2879.0,2855.0,2862.0,23790.0,388879.0,392031.0
2026-04-13 10:00:00,2862.0,2869.0,2844.0,2859.0,27237.0,392031.0,391608.0
2026-04-13 10:30:00,2859.0,2871.0,2851.0,2861.0,13521.0,391608.0,392718.0
2026-04-13 10:45:00,2861.0,2874.0,2857.0,2859.0,15903.0,392718.0,394569.0
2026-04-13 11:00:00,2859.0,2871.0,2849.0,2870.0,14549.0,394569.0,395752.0
2026-04-13 11:15:00,2870.0,2890.0,2869.0,2877.0,25001.0,395752.0,395433.0
2026-04-13 13:30:00,2877.0,2889.0,2875.0,2878.0,20198.0,395433.0,397504.0
2026-04-13 13:45:00,2878.0,2884.0,2868.0,2879.0,11437.0,397504.0,398062.0
2026-04-13 14:00:00,2879.0,2881.0,2870.0,2877.0,8579.0,398062.0,399167.0
2026-04-13 14:15:00,2877.0,2877.0,2865.0,2870.0,9675.0,399167.0,399755.0
2026-04-13 14:30:00,2870.0,2873.0,2864.0,2871.0,9243.0,399755.0,401158.0
2026-04-13 14:45:00,2871.0,2871.0,2861.0,2864.0,14788.0,401158.0,400315.0
2026-04-13 21:00:00,2860.0,2877.0,2848.0,2868.0,39061.0,400315.0,411010.0
2026-04-13 21:15:00,2868.0,2884.0,2865.0,2870.0,26133.0,411010.0,413871.0
2026-04-13 21:30:00,2870.0,2879.0,2865.0,2877.0,15612.0,413871.0,416048.0
2026-04-13 21:45:00,2877.0,2878.0,2821.0,2825.0,59280.0,416048.0,414120.0
2026-04-13 22:00:00,2825.0,2829.0,2803.0,2816.0,39679.0,414120.0,414569.0
2026-04-13 22:15:00,2816.0,2842.0,2815.0,2821.0,30135.0,414569.0,412869.0
2026-04-13 22:30:00,2821.0,2825.0,2806.0,2824.0,28844.0,412869.0,408724.0
2026-04-13 22:45:00,2824.0,2837.0,2819.0,2823.0,19114.0,408724.0,405971.0
2026-04-14 09:00:00,2823.0,2823.0,2751.0,2794.0,66350.0,405971.0,413785.0
2026-04-14 09:15:00,2794.0,2807.0,2794.0,2794.0,19712.0,413785.0,415558.0
2026-04-14 09:30:00,2794.0,2800.0,2785.0,2793.0,14853.0,415558.0,417541.0
2026-04-14 09:45:00,2793.0,2804.0,2791.0,2802.0,9846.0,417541.0,418024.0
2026-04-14 10:00:00,2802.0,2808.0,2795.0,2801.0,13269.0,418024.0,418371.0
2026-04-14 10:30:00,2801.0,2812.0,2796.0,2809.0,12774.0,418371.0,420227.0
2026-04-14 10:45:00,2809.0,2825.0,2809.0,2814.0,17977.0,420227.0,421994.0
2026-04-14 11:00:00,2814.0,2835.0,2811.0,2828.0,16958.0,421994.0,421778.0
2026-04-14 11:15:00,2828.0,2837.0,2821.0,2828.0,17305.0,421778.0,421631.0
2026-04-14 13:30:00,2822.0,2830.0,2817.0,2826.0,13471.0,421631.0,422973.0
2026-04-14 13:45:00,2826.0,2828.0,2818.0,2828.0,8212.0,422973.0,424672.0
2026-04-14 14:00:00,2828.0,2831.0,2814.0,2815.0,13590.0,424672.0,425617.0
2026-04-14 14:15:00,2815.0,2816.0,2805.0,2813.0,11904.0,425617.0,425441.0
2026-04-14 14:30:00,2813.0,2827.0,2813.0,2823.0,9951.0,425441.0,426976.0
2026-04-14 14:45:00,2823.0,2830.0,2823.0,2828.0,13906.0,426976.0,425613.0
2026-04-14 21:00:00,2811.0,2848.0,2811.0,2834.0,60809.0,425613.0,436557.0
2026-04-14 21:15:00,2834.0,2834.0,2818.0,2828.0,25912.0,436557.0,438191.0
2026-04-14 21:30:00,2828.0,2831.0,2818.0,2820.0,16019.0,438191.0,439439.0
2026-04-14 21:45:00,2820.0,2822.0,2798.0,2803.0,29749.0,439439.0,441442.0
2026-04-14 22:00:00,2803.0,2806.0,2790.0,2795.0,36957.0,441442.0,441326.0
2026-04-14 22:15:00,2795.0,2801.0,2785.0,2788.0,35224.0,441326.0,439535.0
2026-04-14 22:30:00,2788.0,2807.0,2787.0,2804.0,30709.0,439535.0,437531.0
2026-04-14 22:45:00,2804.0,2821.0,2803.0,2812.0,25727.0,437531.0,432325.0
2026-04-15 09:00:00,2812.0,2812.0,2770.0,2774.0,65670.0,432325.0,440726.0
2026-04-15 09:15:00,2774.0,2783.0,2772.0,2774.0,24132.0,440726.0,440965.0
2026-04-15 09:30:00,2774.0,2781.0,2765.0,2779.0,28547.0,440965.0,441318.0
2026-04-15 09:45:00,2779.0,2790.0,2776.0,2783.0,23521.0,441318.0,442686.0
2026-04-15 10:00:00,2783.0,2799.0,2780.0,2794.0,20708.0,442686.0,443243.0
2026-04-15 10:30:00,2796.0,2829.0,2796.0,2824.0,44113.0,443243.0,447848.0
2026-04-15 10:45:00,2824.0,2835.0,2813.0,2832.0,31018.0,447848.0,450569.0
2026-04-15 11:00:00,2832.0,2840.0,2823.0,2831.0,25641.0,450569.0,453441.0
2026-04-15 11:15:00,2831.0,2833.0,2820.0,2826.0,19309.0,453441.0,455226.0
2026-04-15 13:30:00,2832.0,2848.0,2828.0,2847.0,30954.0,455226.0,460101.0
2026-04-15 13:45:00,2847.0,2859.0,2837.0,2841.0,44368.0,460101.0,465498.0
2026-04-15 14:00:00,2841.0,2845.0,2835.0,2840.0,22173.0,465498.0,469538.0
2026-04-15 14:15:00,2840.0,2844.0,2835.0,2837.0,20559.0,469538.0,472774.0
2026-04-15 14:30:00,2837.0,2845.0,2833.0,2839.0,16508.0,472774.0,474879.0
2026-04-15 14:45:00,2839.0,2846.0,2838.0,2844.0,15491.0,474879.0,473584.0
2026-04-15 21:00:00,2850.0,2864.0,2825.0,2844.0,65682.0,473584.0,482498.0
2026-04-15 21:15:00,2844.0,2844.0,2833.0,2841.0,25775.0,482498.0,481964.0
2026-04-15 21:30:00,2841.0,2843.0,2833.0,2840.0,18331.0,481964.0,483415.0
2026-04-15 21:45:00,2840.0,2853.0,2837.0,2841.0,19627.0,483415.0,485194.0
2026-04-15 22:00:00,2841.0,2848.0,2837.0,2843.0,11251.0,485194.0,485280.0
2026-04-15 22:15:00,2843.0,2845.0,2838.0,2840.0,8595.0,485280.0,485389.0
2026-04-15 22:30:00,2840.0,2853.0,2840.0,2850.0,14479.0,485389.0,485909.0
2026-04-15 22:45:00,2850.0,2853.0,2847.0,2848.0,11143.0,485909.0,483535.0
2026-04-16 09:00:00,2848.0,2861.0,2837.0,2858.0,51792.0,483535.0,497275.0
2026-04-16 09:15:00,2858.0,2867.0,2855.0,2862.0,30616.0,497275.0,502812.0
2026-04-16 09:30:00,2862.0,2890.0,2860.0,2887.0,59844.0,502812.0,510448.0
2026-04-16 09:45:00,2887.0,2902.0,2880.0,2894.0,52987.0,510448.0,518906.0
2026-04-16 10:00:00,2894.0,2916.0,2892.0,2900.0,58323.0,518906.0,519822.0
2026-04-16 10:30:00,2901.0,2909.0,2896.0,2897.0,29138.0,519822.0,525103.0
2026-04-16 10:45:00,2897.0,2898.0,2880.0,2887.0,34476.0,525103.0,524863.0
2026-04-16 11:00:00,2887.0,2890.0,2881.0,2887.0,16435.0,524863.0,526835.0
2026-04-16 11:15:00,2887.0,2902.0,2887.0,2895.0,29772.0,526835.0,526161.0
2026-04-16 13:30:00,2897.0,2903.0,2886.0,2898.0,30956.0,526161.0,531426.0
2026-04-16 13:45:00,2898.0,2901.0,2891.0,2893.0,14409.0,531426.0,532849.0
2026-04-16 14:00:00,2893.0,2895.0,2888.0,2894.0,13956.0,532849.0,533711.0
2026-04-16 14:15:00,2894.0,2901.0,2888.0,2901.0,12742.0,533711.0,534301.0
2026-04-16 14:30:00,2901.0,2907.0,2895.0,2906.0,17770.0,534301.0,535291.0
2026-04-16 14:45:00,2906.0,2915.0,2905.0,2908.0,30498.0,535291.0,533512.0
2026-04-16 21:00:00,2923.0,2938.0,2911.0,2933.0,125983.0,533512.0,563741.0
2026-04-16 21:15:00,2933.0,2936.0,2920.0,2927.0,61617.0,563741.0,564929.0
2026-04-16 21:30:00,2927.0,2954.0,2927.0,2951.0,80930.0,564929.0,578945.0
2026-04-16 21:45:00,2951.0,2966.0,2949.0,2953.0,89829.0,578945.0,590832.0
2026-04-16 22:00:00,2953.0,2959.0,2935.0,2943.0,74597.0,590832.0,586630.0
2026-04-16 22:15:00,2943.0,2947.0,2934.0,2936.0,40345.0,586630.0,586138.0
2026-04-16 22:30:00,2936.0,2949.0,2935.0,2944.0,30693.0,586138.0,585759.0
2026-04-16 22:45:00,2944.0,2945.0,2937.0,2938.0,28187.0,585759.0,576403.0
2026-04-17 09:00:00,2938.0,2946.0,2924.0,2936.0,55818.0,576403.0,585486.0
2026-04-17 09:15:00,2936.0,2936.0,2909.0,2917.0,65976.0,585486.0,588981.0
2026-04-17 09:30:00,2917.0,2922.0,2906.0,2909.0,36219.0,588981.0,589456.0
2026-04-17 09:45:00,2909.0,2925.0,2899.0,2917.0,45913.0,589456.0,591243.0
2026-04-17 10:00:00,2917.0,2932.0,2912.0,2926.0,33765.0,591243.0,594358.0
2026-04-17 10:30:00,2926.0,2933.0,2916.0,2920.0,32218.0,594358.0,596982.0
2026-04-17 10:45:00,2920.0,2929.0,2912.0,2918.0,26152.0,596982.0,598079.0
2026-04-17 11:00:00,2918.0,2937.0,2918.0,2932.0,31098.0,598079.0,600865.0
2026-04-17 11:15:00,2932.0,2935.0,2919.0,2923.0,27378.0,600865.0,596368.0
2026-04-17 13:30:00,2918.0,2918.0,2894.0,2907.0,66635.0,596368.0,601477.0
2026-04-17 13:45:00,2907.0,2907.0,2891.0,2896.0,32280.0,601477.0,604108.0
2026-04-17 14:00:00,2896.0,2910.0,2895.0,2905.0,33333.0,604108.0,604337.0
2026-04-17 14:15:00,2905.0,2913.0,2896.0,2909.0,24494.0,604337.0,603934.0
2026-04-17 14:30:00,2909.0,2921.0,2908.0,2913.0,37765.0,603934.0,600386.0
2026-04-17 14:45:00,2913.0,2921.0,2912.0,2916.0,34722.0,600386.0,594382.0
2026-04-17 21:00:00,2800.0,2860.0,2789.0,2820.0,272557.0,594382.0,600633.0
2026-04-17 21:15:00,2820.0,2843.0,2819.0,2837.0,100221.0,600633.0,614097.0
2026-04-17 21:30:00,2837.0,2846.0,2826.0,2838.0,83439.0,614097.0,625717.0
2026-04-17 21:45:00,2838.0,2858.0,2833.0,2848.0,77365.0,625717.0,636568.0
2026-04-17 22:00:00,2848.0,2872.0,2846.0,2862.0,86956.0,636568.0,654399.0
2026-04-17 22:15:00,2862.0,2866.0,2849.0,2849.0,60106.0,654399.0,653157.0
2026-04-17 22:30:00,2849.0,2850.0,2826.0,2829.0,85868.0,653157.0,651257.0
2026-04-17 22:45:00,2829.0,2835.0,2823.0,2831.0,79145.0,651257.0,636102.0
2026-04-20 09:00:00,2831.0,2981.0,2831.0,2892.0,172648.0,636102.0,629988.0
2026-04-20 09:15:00,2892.0,2900.0,2890.0,2892.0,35957.0,629988.0,631295.0
2026-04-20 09:30:00,2892.0,2894.0,2881.0,2888.0,36848.0,631295.0,633497.0
2026-04-20 09:45:00,2888.0,2892.0,2875.0,2877.0,29437.0,633497.0,633073.0
2026-04-20 10:00:00,2877.0,2879.0,2865.0,2871.0,44116.0,633073.0,628666.0
2026-04-20 10:30:00,2870.0,2870.0,2837.0,2843.0,92201.0,628666.0,626267.0
2026-04-20 10:45:00,2843.0,2862.0,2839.0,2859.0,43829.0,626267.0,620840.0
2026-04-20 11:00:00,2859.0,2872.0,2856.0,2870.0,26533.0,620840.0,620340.0
2026-04-20 11:15:00,2870.0,2880.0,2864.0,2866.0,32535.0,620340.0,620325.0
2026-04-20 13:30:00,2873.0,2873.0,2848.0,2852.0,37989.0,620325.0,625931.0
2026-04-20 13:45:00,2852.0,2861.0,2849.0,2859.0,24697.0,625931.0,629107.0
2026-04-20 14:00:00,2859.0,2864.0,2844.0,2850.0,30544.0,629107.0,631756.0
2026-04-20 14:15:00,2850.0,2856.0,2847.0,2854.0,18132.0,631756.0,632504.0
2026-04-20 14:30:00,2854.0,2861.0,2849.0,2856.0,24063.0,632504.0,632900.0
2026-04-20 14:45:00,2856.0,2863.0,2855.0,2856.0,30361.0,632900.0,627251.0
2026-04-20 21:00:00,2856.0,2857.0,2828.0,2833.0,116160.0,627251.0,637770.0
2026-04-20 21:15:00,2833.0,2837.0,2822.0,2824.0,60159.0,637770.0,642076.0
2026-04-20 21:30:00,2824.0,2828.0,2812.0,2816.0,61390.0,642076.0,644027.0
2026-04-20 21:45:00,2816.0,2820.0,2810.0,2817.0,34083.0,644027.0,645956.0
2026-04-20 22:00:00,2817.0,2832.0,2816.0,2825.0,44187.0,645956.0,646506.0
2026-04-20 22:15:00,2825.0,2825.0,2814.0,2814.0,32713.0,646506.0,647606.0
2026-04-20 22:30:00,2814.0,2822.0,2808.0,2820.0,37083.0,647606.0,642837.0
2026-04-20 22:45:00,2820.0,2828.0,2818.0,2824.0,36776.0,642837.0,632015.0
2026-04-21 09:00:00,2824.0,2832.0,2814.0,2830.0,49518.0,632015.0,630361.0
2026-04-21 09:15:00,2830.0,2835.0,2818.0,2820.0,29966.0,630361.0,628562.0
2026-04-21 09:30:00,2820.0,2825.0,2811.0,2824.0,33613.0,628562.0,630303.0
2026-04-21 09:45:00,2824.0,2831.0,2819.0,2827.0,21416.0,630303.0,629976.0
2026-04-21 10:00:00,2827.0,2839.0,2824.0,2827.0,30889.0,629976.0,629681.0
2026-04-21 10:30:00,2825.0,2829.0,2818.0,2821.0,29424.0,629681.0,629187.0
2026-04-21 10:45:00,2821.0,2832.0,2821.0,2825.0,22673.0,629187.0,629215.0
2026-04-21 11:00:00,2825.0,2833.0,2825.0,2831.0,16738.0,629215.0,626567.0
2026-04-21 11:15:00,2831.0,2842.0,2826.0,2835.0,32115.0,626567.0,622910.0
2026-04-21 13:30:00,2820.0,2822.0,2805.0,2818.0,89400.0,622910.0,626293.0
2026-04-21 13:45:00,2818.0,2824.0,2814.0,2816.0,22954.0,626293.0,627035.0
2026-04-21 14:00:00,2816.0,2823.0,2816.0,2820.0,18185.0,627035.0,626133.0
2026-04-21 14:15:00,2820.0,2821.0,2805.0,2810.0,40300.0,626133.0,629453.0
2026-04-21 14:30:00,2810.0,2821.0,2807.0,2820.0,31051.0,629453.0,626246.0
2026-04-21 14:45:00,2820.0,2828.0,2817.0,2824.0,43338.0,626246.0,617392.0
2026-04-21 21:00:00,2836.0,2844.0,2829.0,2833.0,85661.0,617392.0,616725.0
2026-04-21 21:15:00,2833.0,2835.0,2828.0,2829.0,25594.0,616725.0,616501.0
2026-04-21 21:30:00,2829.0,2835.0,2825.0,2830.0,21095.0,616501.0,615899.0
2026-04-21 21:45:00,2830.0,2832.0,2826.0,2831.0,13633.0,615899.0,615478.0
2026-04-21 22:00:00,2831.0,2840.0,2831.0,2839.0,24559.0,615478.0,615994.0
2026-04-21 22:15:00,2839.0,2849.0,2836.0,2839.0,35501.0,615994.0,615685.0
2026-04-21 22:30:00,2839.0,2845.0,2837.0,2842.0,18252.0,615685.0,613514.0
2026-04-21 22:45:00,2842.0,2853.0,2842.0,2851.0,33587.0,613514.0,607251.0
2026-04-22 09:00:00,2851.0,2857.0,2822.0,2825.0,89898.0,607251.0,608931.0
2026-04-22 09:15:00,2825.0,2829.0,2821.0,2822.0,22249.0,608931.0,611176.0
2026-04-22 09:30:00,2822.0,2839.0,2822.0,2839.0,30033.0,611176.0,608182.0
2026-04-22 09:45:00,2839.0,2845.0,2834.0,2840.0,28826.0,608182.0,608149.0
2026-04-22 10:00:00,2840.0,2847.0,2838.0,2841.0,23576.0,608149.0,609183.0
2026-04-22 10:30:00,2841.0,2846.0,2832.0,2844.0,26090.0,609183.0,608283.0
2026-04-22 10:45:00,2844.0,2858.0,2842.0,2856.0,44849.0,608283.0,616578.0
2026-04-22 11:00:00,2856.0,2881.0,2853.0,2876.0,54991.0,616578.0,618722.0
2026-04-22 11:15:00,2876.0,2879.0,2865.0,2870.0,38048.0,618722.0,616275.0
2026-04-22 13:30:00,2853.0,2857.0,2843.0,2853.0,67153.0,616275.0,612818.0
2026-04-22 13:45:00,2853.0,2858.0,2849.0,2852.0,16913.0,612818.0,614021.0
2026-04-22 14:00:00,2852.0,2857.0,2847.0,2852.0,20706.0,614021.0,614466.0
2026-04-22 14:15:00,2852.0,2855.0,2847.0,2848.0,13900.0,614466.0,615519.0
2026-04-22 14:30:00,2848.0,2855.0,2847.0,2849.0,20294.0,615519.0,615337.0
2026-04-22 14:45:00,2849.0,2853.0,2848.0,2848.0,24699.0,615337.0,609729.0
2026-04-22 21:00:00,2868.0,2882.0,2864.0,2874.0,98332.0,609729.0,623281.0
2026-04-22 21:15:00,2874.0,2880.0,2857.0,2858.0,58939.0,623281.0,627465.0
2026-04-22 21:30:00,2858.0,2865.0,2855.0,2857.0,24843.0,627465.0,629448.0
2026-04-22 21:45:00,2857.0,2860.0,2853.0,2858.0,20591.0,629448.0,631323.0
2026-04-22 22:00:00,2858.0,2860.0,2851.0,2856.0,19743.0,631323.0,627877.0
2026-04-22 22:15:00,2856.0,2861.0,2853.0,2857.0,14035.0,627877.0,628347.0
2026-04-22 22:30:00,2857.0,2863.0,2855.0,2863.0,16903.0,628347.0,626761.0
2026-04-22 22:45:00,2863.0,2863.0,2857.0,2857.0,17448.0,626761.0,619236.0
2026-04-23 09:00:00,2857.0,2871.0,2857.0,2863.0,40648.0,619236.0,619584.0
2026-04-23 09:15:00,2863.0,2871.0,2852.0,2869.0,28097.0,619584.0,619281.0
2026-04-23 09:30:00,2869.0,2874.0,2844.0,2845.0,45272.0,619281.0,622037.0
2026-04-23 09:45:00,2845.0,2855.0,2844.0,2854.0,26757.0,622037.0,623562.0
2026-04-23 10:00:00,2854.0,2862.0,2850.0,2862.0,17455.0,623562.0,622836.0
2026-04-23 10:30:00,2865.0,2870.0,2857.0,2865.0,31124.0,622836.0,622617.0
2026-04-23 10:45:00,2865.0,2892.0,2865.0,2886.0,73005.0,622617.0,634359.0
2026-04-23 11:00:00,2886.0,2894.0,2878.0,2890.0,57735.0,634359.0,634460.0
2026-04-23 11:15:00,2890.0,2894.0,2878.0,2884.0,45318.0,634460.0,632633.0
2026-04-23 13:30:00,2878.0,2882.0,2866.0,2879.0,46299.0,632633.0,623120.0
2026-04-23 13:45:00,2879.0,2885.0,2870.0,2871.0,29354.0,623120.0,623200.0
2026-04-23 14:00:00,2871.0,2875.0,2868.0,2872.0,20027.0,623200.0,622368.0
2026-04-23 14:15:00,2872.0,2880.0,2870.0,2876.0,13408.0,622368.0,621395.0
2026-04-23 14:30:00,2876.0,2879.0,2872.0,2876.0,12717.0,621395.0,620607.0
2026-04-23 14:45:00,2876.0,2880.0,2873.0,2879.0,23298.0,620607.0,615961.0
2026-04-23 21:00:00,2872.0,2889.0,2866.0,2887.0,62125.0,615961.0,623866.0
2026-04-23 21:15:00,2887.0,2887.0,2879.0,2883.0,23257.0,623866.0,627007.0
2026-04-23 21:30:00,2883.0,2887.0,2878.0,2885.0,21677.0,627007.0,628171.0
2026-04-23 21:45:00,2885.0,2887.0,2878.0,2883.0,19600.0,628171.0,627747.0
2026-04-23 22:00:00,2883.0,2890.0,2881.0,2883.0,22245.0,627747.0,628140.0
2026-04-23 22:15:00,2883.0,2883.0,2874.0,2879.0,21366.0,628140.0,626423.0
2026-04-23 22:30:00,2879.0,2887.0,2877.0,2886.0,14450.0,626423.0,624653.0
2026-04-23 22:45:00,2886.0,2890.0,2881.0,2884.0,24946.0,624653.0,621388.0
2026-04-24 09:00:00,2884.0,2930.0,2884.0,2897.0,81839.0,621388.0,625144.0
2026-04-24 09:15:00,2897.0,2917.0,2894.0,2916.0,37472.0,625144.0,629550.0
2026-04-24 09:30:00,2916.0,2923.0,2908.0,2912.0,45027.0,629550.0,633300.0
2026-04-24 09:45:00,2912.0,2914.0,2903.0,2911.0,31340.0,633300.0,630954.0
2026-04-24 10:00:00,2911.0,2911.0,2896.0,2902.0,30070.0,630954.0,630507.0
2026-04-24 10:30:00,2901.0,2905.0,2893.0,2894.0,24893.0,630507.0,632303.0
2026-04-24 10:45:00,2894.0,2899.0,2892.0,2899.0,16329.0,632303.0,632079.0
2026-04-24 11:00:00,2899.0,2899.0,2892.0,2894.0,13123.0,632079.0,632177.0
2026-04-24 11:15:00,2894.0,2895.0,2885.0,2890.0,19594.0,632177.0,629032.0
2026-04-24 13:30:00,2886.0,2891.0,2883.0,2889.0,22170.0,629032.0,629212.0
2026-04-24 13:45:00,2889.0,2902.0,2889.0,2896.0,23486.0,629212.0,631297.0
2026-04-24 14:00:00,2896.0,2900.0,2892.0,2893.0,13152.0,631297.0,632767.0
2026-04-24 14:15:00,2893.0,2899.0,2892.0,2899.0,12796.0,632767.0,633679.0
2026-04-24 14:30:00,2899.0,2899.0,2890.0,2894.0,13299.0,633679.0,633138.0
2026-04-24 14:45:00,2894.0,2901.0,2892.0,2895.0,28354.0,633138.0,631322.0
2026-04-24 21:00:00,2891.0,2911.0,2889.0,2903.0,79071.0,631322.0,649026.0
2026-04-24 21:15:00,2903.0,2906.0,2894.0,2898.0,29688.0,649026.0,650458.0
2026-04-24 21:30:00,2898.0,2905.0,2896.0,2898.0,18568.0,650458.0,648002.0
2026-04-24 21:45:00,2898.0,2899.0,2886.0,2889.0,35010.0,648002.0,646912.0
2026-04-24 22:00:00,2889.0,2892.0,2883.0,2887.0,23088.0,646912.0,644587.0
2026-04-24 22:15:00,2887.0,2893.0,2885.0,2892.0,13612.0,644587.0,642772.0
2026-04-24 22:30:00,2892.0,2893.0,2885.0,2886.0,16528.0,642772.0,637556.0
2026-04-24 22:45:00,2886.0,2890.0,2884.0,2888.0,20646.0,637556.0,628025.0
2026-04-27 09:00:00,2888.0,2912.0,2888.0,2905.0,72221.0,628025.0,630017.0
2026-04-27 09:15:00,2905.0,2927.0,2900.0,2924.0,46521.0,630017.0,639757.0
2026-04-27 09:30:00,2924.0,2935.0,2921.0,2926.0,43858.0,639757.0,647879.0
2026-04-27 09:45:00,2926.0,2931.0,2919.0,2926.0,25337.0,647879.0,647244.0
2026-04-27 10:00:00,2926.0,2929.0,2920.0,2924.0,14998.0,647244.0,646434.0
2026-04-27 10:30:00,2922.0,2929.0,2914.0,2924.0,29604.0,646434.0,644546.0
2026-04-27 10:45:00,2924.0,2932.0,2920.0,2930.0,17864.0,644546.0,646589.0
2026-04-27 11:00:00,2930.0,2938.0,2926.0,2935.0,25015.0,646589.0,651423.0
2026-04-27 11:15:00,2935.0,2936.0,2926.0,2928.0,15575.0,651423.0,650885.0
2026-04-27 13:30:00,2938.0,2949.0,2933.0,2943.0,39950.0,650885.0,659926.0
2026-04-27 13:45:00,2943.0,2946.0,2931.0,2934.0,25267.0,659926.0,655938.0
2026-04-27 14:00:00,2934.0,2936.0,2928.0,2935.0,22731.0,655938.0,653317.0
2026-04-27 14:15:00,2935.0,2936.0,2927.0,2931.0,15308.0,653317.0,652519.0
2026-04-27 14:30:00,2931.0,2932.0,2928.0,2930.0,11111.0,652519.0,652370.0
2026-04-27 14:45:00,2930.0,2939.0,2929.0,2939.0,25740.0,652370.0,648738.0
2026-04-27 21:00:00,2938.0,2944.0,2931.0,2933.0,53382.0,648738.0,653590.0
2026-04-27 21:15:00,2933.0,2934.0,2925.0,2930.0,23211.0,653590.0,652311.0
2026-04-27 21:30:00,2930.0,2935.0,2927.0,2931.0,16188.0,652311.0,651491.0
2026-04-27 21:45:00,2931.0,2935.0,2925.0,2927.0,18068.0,651491.0,649885.0
2026-04-27 22:00:00,2927.0,2927.0,2920.0,2923.0,24704.0,649885.0,645747.0
2026-04-27 22:15:00,2923.0,2926.0,2921.0,2925.0,10488.0,645747.0,644380.0
2026-04-27 22:30:00,2925.0,2928.0,2922.0,2926.0,10732.0,644380.0,643000.0
2026-04-27 22:45:00,2926.0,2934.0,2925.0,2932.0,14433.0,643000.0,639915.0
2026-04-28 09:00:00,2932.0,2946.0,2932.0,2942.0,41407.0,639915.0,642242.0
2026-04-28 09:15:00,2942.0,2946.0,2939.0,2940.0,19615.0,642242.0,644172.0
2026-04-28 09:30:00,2940.0,2941.0,2930.0,2934.0,18978.0,644172.0,642912.0
2026-04-28 09:45:00,2934.0,2949.0,2934.0,2946.0,24770.0,642912.0,644044.0
2026-04-28 10:00:00,2946.0,2955.0,2940.0,2953.0,27166.0,644044.0,644733.0
2026-04-28 10:30:00,2953.0,2959.0,2951.0,2954.0,26499.0,644733.0,649512.0
2026-04-28 10:45:00,2954.0,2957.0,2951.0,2952.0,11295.0,649512.0,649287.0
2026-04-28 11:00:00,2952.0,2959.0,2950.0,2955.0,14510.0,649287.0,651177.0
2026-04-28 11:15:00,2955.0,2982.0,2952.0,2978.0,44949.0,651177.0,658367.0
2026-04-28 13:30:00,2978.0,3003.0,2978.0,3000.0,79285.0,658367.0,671749.0
2026-04-28 13:45:00,3000.0,3006.0,2994.0,2998.0,46388.0,671749.0,677854.0
2026-04-28 14:00:00,2998.0,2998.0,2991.0,2996.0,29912.0,677854.0,672077.0
2026-04-28 14:15:00,2996.0,3008.0,2992.0,2993.0,35377.0,672077.0,674340.0
2026-04-28 14:30:00,2993.0,3004.0,2984.0,3003.0,34185.0,674340.0,672700.0
2026-04-28 14:45:00,3003.0,3036.0,3002.0,3020.0,88678.0,672700.0,676317.0
2026-04-28 21:00:00,3028.0,3029.0,3011.0,3016.0,82892.0,676317.0,678082.0
2026-04-28 21:15:00,3016.0,3023.0,3011.0,3013.0,39537.0,678082.0,679530.0
2026-04-28 21:30:00,3013.0,3016.0,2994.0,2997.0,62520.0,679530.0,678268.0
2026-04-28 21:45:00,2997.0,2998.0,2988.0,2989.0,35702.0,678268.0,677444.0
2026-04-28 22:00:00,2989.0,3004.0,2988.0,3003.0,30302.0,677444.0,676195.0
2026-04-28 22:15:00,3003.0,3004.0,2995.0,2997.0,20089.0,676195.0,674501.0
2026-04-28 22:30:00,2997.0,3005.0,2994.0,2999.0,18494.0,674501.0,673234.0
2026-04-28 22:45:00,2999.0,3003.0,2997.0,2997.0,18871.0,673234.0,668439.0
2026-04-29 09:00:00,2997.0,3004.0,2990.0,3003.0,31662.0,668439.0,669750.0
2026-04-29 09:15:00,3003.0,3015.0,3000.0,3014.0,27025.0,669750.0,670008.0
2026-04-29 09:30:00,3014.0,3015.0,3005.0,3007.0,18908.0,670008.0,669629.0
2026-04-29 09:45:00,3007.0,3014.0,3003.0,3007.0,13522.0,669629.0,669077.0
2026-04-29 10:00:00,3007.0,3010.0,2993.0,2998.0,25596.0,669077.0,667304.0
2026-04-29 10:30:00,2992.0,2994.0,2985.0,2992.0,30575.0,667304.0,666189.0
2026-04-29 10:45:00,2992.0,2996.0,2982.0,2990.0,22662.0,666189.0,666918.0
2026-04-29 11:00:00,2990.0,2993.0,2984.0,2989.0,12469.0,666918.0,667818.0
2026-04-29 11:15:00,2989.0,2998.0,2988.0,2989.0,15723.0,667818.0,665905.0
2026-04-29 13:30:00,2995.0,2999.0,2989.0,2991.0,19583.0,665905.0,666007.0
2026-04-29 13:45:00,2991.0,2998.0,2989.0,2996.0,11671.0,666007.0,666342.0
2026-04-29 14:00:00,2996.0,2999.0,2992.0,2999.0,10069.0,666342.0,666609.0
2026-04-29 14:15:00,2999.0,3003.0,2995.0,3002.0,14134.0,666609.0,665533.0
2026-04-29 14:30:00,3002.0,3007.0,3001.0,3006.0,19860.0,665533.0,665914.0
2026-04-29 14:45:00,3006.0,3013.0,3005.0,3007.0,32552.0,665914.0,663559.0
2026-04-29 21:00:00,3037.0,3049.0,3024.0,3026.0,112787.0,663559.0,677575.0
2026-04-29 21:15:00,3026.0,3036.0,3025.0,3031.0,32819.0,677575.0,679963.0
2026-04-29 21:30:00,3031.0,3035.0,3026.0,3029.0,24699.0,679963.0,682151.0
2026-04-29 21:45:00,3029.0,3032.0,3019.0,3024.0,26102.0,682151.0,682014.0
2026-04-29 22:00:00,3024.0,3024.0,3018.0,3022.0,12961.0,682014.0,682292.0
2026-04-29 22:15:00,3022.0,3026.0,3019.0,3023.0,10824.0,682292.0,682255.0
2026-04-29 22:30:00,3023.0,3028.0,3011.0,3017.0,28272.0,682255.0,683142.0
2026-04-29 22:45:00,3017.0,3022.0,3015.0,3016.0,13294.0,683142.0,678129.0
2026-04-30 09:00:00,3016.0,3032.0,3007.0,3011.0,43518.0,678129.0,678505.0
2026-04-30 09:15:00,3011.0,3019.0,3009.0,3012.0,13684.0,678505.0,679802.0
2026-04-30 09:30:00,3012.0,3015.0,3004.0,3009.0,18594.0,679802.0,680036.0
2026-04-30 09:45:00,3009.0,3011.0,3000.0,3001.0,15582.0,680036.0,678982.0
2026-04-30 10:00:00,3001.0,3005.0,2992.0,2996.0,27658.0,678982.0,678699.0
2026-04-30 10:30:00,2997.0,3012.0,2997.0,3002.0,35626.0,678699.0,677985.0
2026-04-30 10:45:00,3002.0,3004.0,2996.0,3004.0,12734.0,677985.0,677524.0
2026-04-30 11:00:00,3004.0,3012.0,2998.0,3012.0,15012.0,677524.0,675736.0
2026-04-30 11:15:00,3012.0,3017.0,3007.0,3016.0,16818.0,675736.0,673975.0
2026-04-30 13:30:00,3020.0,3021.0,3010.0,3011.0,19763.0,673975.0,672784.0
2026-04-30 13:45:00,3011.0,3018.0,3008.0,3018.0,15598.0,672784.0,671253.0
2026-04-30 14:00:00,3018.0,3018.0,3005.0,3006.0,18460.0,671253.0,668608.0
2026-04-30 14:15:00,3006.0,3016.0,3004.0,3014.0,15212.0,668608.0,666462.0
2026-04-30 14:30:00,3014.0,3014.0,2999.0,3002.0,21966.0,666462.0,663720.0
2026-04-30 14:45:00,3002.0,3009.0,2998.0,3009.0,36551.0,663720.0,650887.0
2026-05-06 09:00:00,2986.0,3026.0,2986.0,3020.0,84475.0,650887.0,664095.0
2026-05-06 09:15:00,3020.0,3041.0,3012.0,3034.0,53027.0,664095.0,668900.0
2026-05-06 09:30:00,3034.0,3036.0,3014.0,3020.0,34998.0,668900.0,669209.0
2026-05-06 09:45:00,3020.0,3044.0,3020.0,3042.0,26446.0,669209.0,672604.0
2026-05-06 10:00:00,3042.0,3050.0,3036.0,3046.0,31369.0,672604.0,678888.0
2026-05-06 10:30:00,3046.0,3053.0,3032.0,3032.0,32322.0,678888.0,680394.0
2026-05-06 10:45:00,3032.0,3047.0,3032.0,3039.0,19599.0,680394.0,683087.0
2026-05-06 11:00:00,3039.0,3040.0,3031.0,3039.0,17023.0,683087.0,681252.0
2026-05-06 11:15:00,3039.0,3043.0,3036.0,3037.0,9741.0,681252.0,681337.0
2026-05-06 13:30:00,3037.0,3063.0,3037.0,3055.0,35852.0,681337.0,685791.0
2026-05-06 13:45:00,3055.0,3059.0,3049.0,3054.0,19241.0,685791.0,687380.0
2026-05-06 14:00:00,3054.0,3054.0,3034.0,3037.0,30987.0,687380.0,686821.0
2026-05-06 14:15:00,3037.0,3057.0,3037.0,3054.0,27837.0,686821.0,689196.0
2026-05-06 14:30:00,3054.0,3058.0,3050.0,3055.0,17892.0,689196.0,690867.0
2026-05-06 14:45:00,3055.0,3055.0,3043.0,3045.0,24011.0,690867.0,684807.0
2026-05-06 21:00:00,2995.0,2995.0,2964.0,2975.0,189311.0,684807.0,683301.0
2026-05-06 21:15:00,2975.0,2985.0,2973.0,2976.0,36934.0,683301.0,681917.0
2026-05-06 21:30:00,2976.0,2977.0,2958.0,2965.0,64429.0,681917.0,689263.0
2026-05-06 21:45:00,2965.0,2967.0,2953.0,2956.0,35798.0,689263.0,692574.0
2026-05-06 22:00:00,2956.0,2964.0,2954.0,2954.0,30007.0,692574.0,693431.0
2026-05-06 22:15:00,2954.0,2961.0,2953.0,2960.0,17208.0,693431.0,693343.0
2026-05-06 22:30:00,2960.0,2962.0,2955.0,2957.0,21971.0,693343.0,690481.0
2026-05-06 22:45:00,2957.0,2960.0,2947.0,2955.0,36934.0,690481.0,685724.0
2026-05-07 09:00:00,2955.0,2971.0,2934.0,2937.0,76029.0,685724.0,689083.0
2026-05-07 09:15:00,2937.0,2941.0,2920.0,2921.0,44106.0,689083.0,692332.0
2026-05-07 09:30:00,2921.0,2924.0,2898.0,2902.0,72320.0,692332.0,695374.0
2026-05-07 09:45:00,2902.0,2905.0,2885.0,2886.0,64416.0,695374.0,692757.0
2026-05-07 10:00:00,2886.0,2899.0,2882.0,2898.0,51527.0,692757.0,691693.0
2026-05-07 10:30:00,2900.0,2909.0,2898.0,2900.0,43186.0,691693.0,689641.0
2026-05-07 10:45:00,2900.0,2905.0,2891.0,2896.0,25457.0,689641.0,690115.0
2026-05-07 11:00:00,2896.0,2901.0,2892.0,2895.0,18749.0,690115.0,689456.0
2026-05-07 11:15:00,2895.0,2909.0,2895.0,2901.0,24425.0,689456.0,686749.0
2026-05-07 13:30:00,2900.0,2902.0,2892.0,2894.0,25547.0,686749.0,684903.0
2026-05-07 13:45:00,2894.0,2894.0,2884.0,2891.0,30272.0,684903.0,683427.0
2026-05-07 14:00:00,2891.0,2892.0,2885.0,2887.0,19819.0,683427.0,682451.0
2026-05-07 14:15:00,2887.0,2889.0,2882.0,2886.0,21484.0,682451.0,681240.0
2026-05-07 14:30:00,2886.0,2888.0,2864.0,2867.0,47876.0,681240.0,678461.0
2026-05-07 14:45:00,2867.0,2877.0,2866.0,2870.0,49123.0,678461.0,676324.0
2026-05-07 21:00:00,2830.0,2856.0,2827.0,2847.0,141134.0,676324.0,681653.0
2026-05-07 21:15:00,2847.0,2847.0,2833.0,2836.0,38751.0,681653.0,683621.0
2026-05-07 21:30:00,2836.0,2838.0,2831.0,2837.0,20062.0,683621.0,683403.0
2026-05-07 21:45:00,2837.0,2842.0,2834.0,2836.0,18961.0,683403.0,682004.0
2026-05-07 22:00:00,2836.0,2840.0,2833.0,2835.0,12731.0,682004.0,680450.0
2026-05-07 22:15:00,2835.0,2840.0,2834.0,2839.0,10235.0,680450.0,679496.0
2026-05-07 22:30:00,2839.0,2849.0,2839.0,2847.0,20747.0,679496.0,677458.0
2026-05-07 22:45:00,2847.0,2852.0,2845.0,2851.0,19014.0,677458.0,672608.0
2026-05-08 09:00:00,2851.0,2920.0,2851.0,2872.0,107014.0,672608.0,667510.0
2026-05-08 09:15:00,2872.0,2874.0,2862.0,2865.0,26067.0,667510.0,669142.0
2026-05-08 09:30:00,2865.0,2872.0,2863.0,2868.0,21467.0,669142.0,669122.0
2026-05-08 09:45:00,2868.0,2872.0,2860.0,2865.0,16727.0,669122.0,669658.0
2026-05-08 10:00:00,2865.0,2870.0,2862.0,2866.0,12341.0,669658.0,669852.0
2026-05-08 10:30:00,2867.0,2874.0,2860.0,2873.0,24222.0,669852.0,669418.0
2026-05-08 10:45:00,2873.0,2874.0,2860.0,2861.0,19039.0,669418.0,668859.0
2026-05-08 11:00:00,2861.0,2869.0,2856.0,2867.0,22284.0,668859.0,669196.0
2026-05-08 11:15:00,2867.0,2869.0,2859.0,2863.0,13207.0,669196.0,669712.0
2026-05-08 13:30:00,2863.0,2870.0,2855.0,2860.0,33771.0,669712.0,665325.0
2026-05-08 13:45:00,2860.0,2863.0,2852.0,2857.0,18956.0,665325.0,665707.0
2026-05-08 14:00:00,2857.0,2860.0,2854.0,2857.0,15764.0,665707.0,667957.0
2026-05-08 14:15:00,2857.0,2858.0,2850.0,2853.0,18709.0,667957.0,667722.0
2026-05-08 14:30:00,2853.0,2857.0,2851.0,2854.0,14042.0,667722.0,667037.0
2026-05-08 14:45:00,2854.0,2860.0,2853.0,2855.0,25362.0,667037.0,664309.0
2026-05-08 21:00:00,2854.0,2880.0,2842.0,2876.0,80150.0,664309.0,671356.0
2026-05-08 21:15:00,2876.0,2885.0,2868.0,2871.0,51789.0,671356.0,669828.0
2026-05-08 21:30:00,2871.0,2873.0,2865.0,2868.0,22709.0,669828.0,669496.0
2026-05-08 21:45:00,2868.0,2868.0,2859.0,2860.0,19104.0,669496.0,668816.0
2026-05-08 22:00:00,2860.0,2875.0,2859.0,2869.0,22199.0,668816.0,667295.0
2026-05-08 22:15:00,2869.0,2883.0,2868.0,2880.0,26877.0,667295.0,666259.0
2026-05-08 22:30:00,2880.0,2886.0,2875.0,2875.0,20032.0,666259.0,664542.0
2026-05-08 22:45:00,2875.0,2883.0,2875.0,2880.0,21256.0,664542.0,657502.0
2026-05-11 09:00:00,2880.0,2921.0,2880.0,2903.0,94682.0,657502.0,660170.0
2026-05-11 09:15:00,2903.0,2905.0,2896.0,2899.0,22680.0,660170.0,660923.0
2026-05-11 09:30:00,2899.0,2923.0,2899.0,2923.0,49970.0,660923.0,663706.0
2026-05-11 09:45:00,2923.0,2928.0,2913.0,2914.0,39537.0,663706.0,664186.0
2026-05-11 10:00:00,2914.0,2926.0,2913.0,2920.0,18322.0,664186.0,663740.0
2026-05-11 10:30:00,2920.0,2925.0,2914.0,2923.0,20878.0,663740.0,664802.0
2026-05-11 10:45:00,2923.0,2930.0,2922.0,2926.0,19492.0,664802.0,666962.0
2026-05-11 11:00:00,2926.0,2929.0,2916.0,2918.0,14220.0,666962.0,666583.0
2026-05-11 11:15:00,2918.0,2920.0,2911.0,2917.0,26978.0,666583.0,663592.0
2026-05-11 13:30:00,2918.0,2931.0,2917.0,2927.0,29977.0,663592.0,666232.0
2026-05-11 13:45:00,2927.0,2930.0,2919.0,2919.0,18137.0,666232.0,665602.0
2026-05-11 14:00:00,2919.0,2922.0,2917.0,2918.0,14531.0,665602.0,664134.0
2026-05-11 14:15:00,2918.0,2921.0,2911.0,2911.0,13264.0,664134.0,662750.0
2026-05-11 14:30:00,2911.0,2913.0,2880.0,2882.0,78754.0,662750.0,663086.0
2026-05-11 14:45:00,2882.0,2885.0,2874.0,2882.0,57546.0,663086.0,663563.0
2026-05-11 21:00:00,2875.0,2890.0,2867.0,2870.0,74087.0,663563.0,672743.0
2026-05-11 21:15:00,2870.0,2880.0,2870.0,2877.0,22144.0,672743.0,673772.0
2026-05-11 21:30:00,2877.0,2883.0,2875.0,2877.0,21553.0,673772.0,674846.0
2026-05-11 21:45:00,2877.0,2885.0,2876.0,2885.0,17978.0,674846.0,676592.0
2026-05-11 22:00:00,2885.0,2891.0,2884.0,2887.0,19505.0,676592.0,675823.0
2026-05-11 22:15:00,2887.0,2893.0,2886.0,2889.0,13212.0,675823.0,676579.0
2026-05-11 22:30:00,2889.0,2896.0,2888.0,2891.0,17891.0,676579.0,675578.0
2026-05-11 22:45:00,2891.0,2894.0,2891.0,2892.0,12255.0,675578.0,671907.0
2026-05-12 09:00:00,2892.0,2899.0,2884.0,2888.0,33933.0,671907.0,674986.0
2026-05-12 09:15:00,2888.0,2905.0,2887.0,2902.0,28560.0,674986.0,676091.0
2026-05-12 09:30:00,2902.0,2906.0,2892.0,2902.0,22773.0,676091.0,679960.0
2026-05-12 09:45:00,2902.0,2907.0,2899.0,2902.0,18196.0,679960.0,679965.0
2026-05-12 10:00:00,2902.0,2916.0,2900.0,2907.0,32819.0,679965.0,680690.0
2026-05-12 10:30:00,2909.0,2918.0,2908.0,2913.0,23314.0,680690.0,683412.0
2026-05-12 10:45:00,2913.0,2915.0,2895.0,2898.0,24287.0,683412.0,683616.0
2026-05-12 11:00:00,2898.0,2901.0,2890.0,2894.0,20553.0,683616.0,682629.0
2026-05-12 11:15:00,2894.0,2897.0,2891.0,2894.0,11263.0,682629.0,682515.0
2026-05-12 13:30:00,2891.0,2900.0,2890.0,2898.0,19299.0,682515.0,682091.0
2026-05-12 13:45:00,2898.0,2911.0,2897.0,2902.0,26604.0,682091.0,683302.0
2026-05-12 14:00:00,2902.0,2914.0,2901.0,2909.0,21105.0,683302.0,687010.0
2026-05-12 14:15:00,2909.0,2914.0,2907.0,2913.0,18682.0,687010.0,689225.0
2026-05-12 14:30:00,2913.0,2916.0,2907.0,2908.0,28469.0,689225.0,689449.0
2026-05-12 14:45:00,2908.0,2915.0,2903.0,2915.0,31900.0,689449.0,686252.0
2026-05-12 21:00:00,2916.0,2920.0,2908.0,2910.0,54356.0,686252.0,693720.0
2026-05-12 21:15:00,2910.0,2913.0,2906.0,2912.0,23541.0,693720.0,695976.0
2026-05-12 21:30:00,2912.0,2921.0,2911.0,2914.0,27832.0,695976.0,699972.0
2026-05-12 21:45:00,2914.0,2915.0,2909.0,2909.0,10922.0,699972.0,700503.0
2026-05-12 22:00:00,2909.0,2912.0,2906.0,2907.0,13389.0,700503.0,700616.0
2026-05-12 22:15:00,2907.0,2911.0,2905.0,2911.0,10048.0,700616.0,700658.0
2026-05-12 22:30:00,2911.0,2914.0,2907.0,2908.0,8378.0,700658.0,700560.0
2026-05-12 22:45:00,2908.0,2913.0,2907.0,2911.0,12695.0,700560.0,698640.0
2026-05-13 09:00:00,2911.0,2911.0,2886.0,2891.0,50600.0,698640.0,700507.0
2026-05-13 09:15:00,2891.0,2895.0,2885.0,2890.0,30893.0,700507.0,704175.0
2026-05-13 09:30:00,2890.0,2896.0,2888.0,2895.0,17960.0,704175.0,704424.0
2026-05-13 09:45:00,2895.0,2907.0,2891.0,2903.0,22207.0,704424.0,702268.0
2026-05-13 10:00:00,2903.0,2914.0,2900.0,2911.0,22441.0,702268.0,703910.0
2026-05-13 10:30:00,2911.0,2913.0,2907.0,2908.0,13673.0,703910.0,704200.0
2026-05-13 10:45:00,2908.0,2908.0,2884.0,2893.0,32087.0,704200.0,702177.0
2026-05-13 11:00:00,2893.0,2895.0,2887.0,2890.0,18250.0,702177.0,702695.0
2026-05-13 11:15:00,2890.0,2894.0,2885.0,2889.0,15213.0,702695.0,701997.0
2026-05-13 13:30:00,2886.0,2888.0,2874.0,2881.0,34387.0,701997.0,703515.0
2026-05-13 13:45:00,2881.0,2884.0,2877.0,2884.0,16465.0,703515.0,705588.0
2026-05-13 14:00:00,2884.0,2889.0,2881.0,2886.0,27636.0,705588.0,703686.0
2026-05-13 14:15:00,2886.0,2890.0,2883.0,2886.0,16251.0,703686.0,704784.0
2026-05-13 14:30:00,2886.0,2899.0,2885.0,2898.0,18861.0,704784.0,704301.0
2026-05-13 14:45:00,2898.0,2911.0,2898.0,2906.0,43542.0,704301.0,704077.0
2026-05-13 21:00:00,2918.0,2927.0,2909.0,2913.0,62546.0,704077.0,713505.0
2026-05-13 21:15:00,2913.0,2925.0,2913.0,2917.0,34488.0,713505.0,718923.0
2026-05-13 21:30:00,2917.0,2917.0,2903.0,2907.0,32763.0,718923.0,718327.0
2026-05-13 21:45:00,2907.0,2910.0,2903.0,2908.0,13781.0,718327.0,719396.0
2026-05-13 22:00:00,2908.0,2910.0,2902.0,2909.0,16334.0,719396.0,721186.0
2026-05-13 22:15:00,2909.0,2912.0,2906.0,2909.0,9037.0,721186.0,721683.0
2026-05-13 22:30:00,2909.0,2910.0,2904.0,2904.0,8860.0,721683.0,720888.0
2026-05-13 22:45:00,2904.0,2907.0,2892.0,2895.0,24867.0,720888.0,715885.0
2026-05-14 09:00:00,2895.0,2900.0,2879.0,2882.0,52359.0,715885.0,710418.0
2026-05-14 09:15:00,2882.0,2886.0,2876.0,2879.0,30664.0,710418.0,707715.0
2026-05-14 09:30:00,2879.0,2882.0,2869.0,2870.0,33304.0,707715.0,705750.0
2026-05-14 09:45:00,2870.0,2873.0,2863.0,2867.0,33373.0,705750.0,700206.0
2026-05-14 10:00:00,2867.0,2870.0,2855.0,2858.0,28291.0,700206.0,696945.0
2026-05-14 10:30:00,2859.0,2874.0,2859.0,2868.0,31591.0,696945.0,693407.0
2026-05-14 10:45:00,2868.0,2869.0,2859.0,2867.0,17286.0,693407.0,693911.0
2026-05-14 11:00:00,2867.0,2869.0,2862.0,2867.0,10346.0,693911.0,693501.0
2026-05-14 11:15:00,2867.0,2869.0,2862.0,2865.0,9987.0,693501.0,693021.0
2026-05-14 13:30:00,2869.0,2876.0,2866.0,2866.0,18566.0,693021.0,691116.0
2026-05-14 13:45:00,2866.0,2869.0,2860.0,2861.0,10856.0,691116.0,691435.0
2026-05-14 14:00:00,2861.0,2864.0,2855.0,2863.0,21853.0,691435.0,692921.0
2026-05-14 14:15:00,2863.0,2872.0,2861.0,2872.0,16203.0,692921.0,691140.0
2026-05-14 14:30:00,2872.0,2872.0,2851.0,2851.0,23330.0,691140.0,690839.0
2026-05-14 14:45:00,2851.0,2861.0,2849.0,2860.0,32593.0,690839.0,686614.0
2026-05-14 21:00:00,2850.0,2879.0,2850.0,2876.0,77691.0,686614.0,695650.0
2026-05-14 21:15:00,2876.0,2885.0,2875.0,2881.0,40317.0,695650.0,698738.0
2026-05-14 21:30:00,2881.0,2886.0,2877.0,2885.0,21186.0,698738.0,700150.0
2026-05-14 21:45:00,2885.0,2888.0,2878.0,2886.0,20961.0,700150.0,699756.0
2026-05-14 22:00:00,2886.0,2918.0,2886.0,2906.0,95713.0,699756.0,705522.0
2026-05-14 22:15:00,2906.0,2909.0,2899.0,2903.0,35059.0,705522.0,707450.0
2026-05-14 22:30:00,2903.0,2905.0,2897.0,2900.0,28222.0,707450.0,704611.0
2026-05-14 22:45:00,2900.0,2904.0,2897.0,2903.0,22090.0,704611.0,698280.0
2026-05-15 09:00:00,2903.0,2911.0,2903.0,2905.0,40690.0,698280.0,700814.0
2026-05-15 09:15:00,2905.0,2913.0,2903.0,2910.0,23196.0,700814.0,698557.0
2026-05-15 09:30:00,2910.0,2914.0,2906.0,2907.0,14729.0,698557.0,699377.0
2026-05-15 09:45:00,2907.0,2909.0,2901.0,2904.0,16472.0,699377.0,698969.0
2026-05-15 10:00:00,2904.0,2917.0,2904.0,2909.0,24977.0,698969.0,701354.0
2026-05-15 10:30:00,2912.0,2925.0,2911.0,2913.0,47780.0,701354.0,706849.0
2026-05-15 10:45:00,2913.0,2916.0,2906.0,2913.0,19928.0,706849.0,707506.0
2026-05-15 11:00:00,2913.0,2916.0,2904.0,2906.0,16608.0,707506.0,706094.0
2026-05-15 11:15:00,2906.0,2907.0,2898.0,2903.0,22103.0,706094.0,702272.0
2026-05-15 13:30:00,2903.0,2920.0,2903.0,2916.0,32973.0,702272.0,703448.0
2026-05-15 13:45:00,2916.0,2923.0,2913.0,2916.0,23369.0,703448.0,707815.0
2026-05-15 14:00:00,2916.0,2935.0,2913.0,2929.0,53902.0,707815.0,712366.0
2026-05-15 14:15:00,2929.0,2930.0,2914.0,2915.0,28593.0,712366.0,708695.0
2026-05-15 14:30:00,2915.0,2918.0,2899.0,2902.0,37288.0,708695.0,703391.0
2026-05-15 14:45:00,2902.0,2909.0,2898.0,2907.0,36032.0,703391.0,693841.0
2026-05-15 21:00:00,2920.0,2920.0,2901.0,2906.0,55660.0,693841.0,693784.0
2026-05-15 21:15:00,2906.0,2907.0,2894.0,2901.0,30724.0,693784.0,693970.0
2026-05-15 21:30:00,2901.0,2909.0,2895.0,2909.0,19485.0,693970.0,695113.0
2026-05-15 21:45:00,2909.0,2909.0,2900.0,2901.0,17011.0,695113.0,696546.0
2026-05-15 22:00:00,2901.0,2907.0,2895.0,2897.0,20716.0,696546.0,697658.0
2026-05-15 22:15:00,2897.0,2907.0,2895.0,2904.0,15728.0,697658.0,696705.0
2026-05-15 22:30:00,2904.0,2910.0,2902.0,2908.0,13170.0,696705.0,697393.0
2026-05-15 22:45:00,2908.0,2913.0,2904.0,2905.0,19346.0,697393.0,693282.0
2026-05-18 09:00:00,2905.0,2974.0,2905.0,2963.0,154850.0,693282.0,703982.0
2026-05-18 09:15:00,2963.0,2985.0,2960.0,2983.0,63670.0,703982.0,708126.0
2026-05-18 09:30:00,2983.0,2996.0,2975.0,2978.0,68572.0,708126.0,714683.0
2026-05-18 09:45:00,2978.0,2978.0,2964.0,2975.0,44861.0,714683.0,709892.0
2026-05-18 10:00:00,2975.0,2986.0,2973.0,2980.0,29716.0,709892.0,713599.0
2026-05-18 10:30:00,2980.0,2985.0,2977.0,2981.0,21740.0,713599.0,714226.0
2026-05-18 10:45:00,2981.0,2987.0,2976.0,2980.0,16305.0,714226.0,713756.0
2026-05-18 11:00:00,2980.0,2985.0,2979.0,2980.0,13790.0,713756.0,715069.0
2026-05-18 11:15:00,2980.0,2988.0,2977.0,2987.0,18831.0,715069.0,717585.0
2026-05-18 13:30:00,2988.0,2989.0,2980.0,2984.0,23209.0,717585.0,720069.0
2026-05-18 13:45:00,2984.0,2985.0,2974.0,2976.0,19981.0,720069.0,720210.0
2026-05-18 14:00:00,2976.0,2978.0,2974.0,2975.0,11039.0,720210.0,719482.0
2026-05-18 14:15:00,2975.0,2976.0,2968.0,2973.0,18307.0,719482.0,717777.0
2026-05-18 14:30:00,2973.0,2981.0,2973.0,2975.0,14713.0,717777.0,716781.0
2026-05-18 14:45:00,2975.0,2979.0,2972.0,2979.0,23301.0,716781.0,714212.0
2026-05-18 21:00:00,2949.0,2949.0,2918.0,2919.0,127721.0,714212.0,706165.0
2026-05-18 21:15:00,2919.0,2931.0,2918.0,2922.0,46450.0,706165.0,701378.0
2026-05-18 21:30:00,2922.0,2934.0,2918.0,2931.0,31785.0,701378.0,699939.0
2026-05-18 21:45:00,2931.0,2933.0,2919.0,2923.0,24200.0,699939.0,700112.0
2026-05-18 22:00:00,2923.0,2938.0,2923.0,2937.0,28250.0,700112.0,697960.0
2026-05-18 22:15:00,2937.0,2945.0,2933.0,2944.0,22850.0,697960.0,696015.0
2026-05-18 22:30:00,2944.0,2951.0,2942.0,2946.0,20288.0,696015.0,695844.0
2026-05-18 22:45:00,2946.0,2955.0,2945.0,2952.0,19347.0,695844.0,691548.0
2026-05-19 09:00:00,2952.0,2952.0,2935.0,2947.0,31924.0,691548.0,690517.0
2026-05-19 09:15:00,2947.0,2954.0,2946.0,2952.0,18017.0,690517.0,690855.0
2026-05-19 09:30:00,2952.0,2952.0,2942.0,2947.0,13721.0,690855.0,691704.0
2026-05-19 09:45:00,2947.0,2951.0,2933.0,2935.0,22814.0,691704.0,693597.0
2026-05-19 10:00:00,2935.0,2938.0,2927.0,2931.0,26025.0,693597.0,696480.0
2026-05-19 10:30:00,2930.0,2943.0,2929.0,2939.0,22710.0,696480.0,700555.0
2026-05-19 10:45:00,2939.0,2961.0,2939.0,2957.0,32257.0,700555.0,703564.0
2026-05-19 11:00:00,2957.0,2969.0,2956.0,2959.0,28947.0,703564.0,705938.0
2026-05-19 11:15:00,2959.0,2961.0,2955.0,2958.0,12029.0,705938.0,705893.0
2026-05-19 13:30:00,2961.0,2974.0,2961.0,2969.0,29272.0,705893.0,709703.0
2026-05-19 13:45:00,2969.0,2970.0,2963.0,2965.0,13538.0,709703.0,710037.0
2026-05-19 14:00:00,2965.0,2971.0,2959.0,2961.0,13955.0,710037.0,710789.0
2026-05-19 14:15:00,2961.0,2971.0,2960.0,2968.0,13233.0,710789.0,711379.0
2026-05-19 14:30:00,2968.0,2969.0,2965.0,2969.0,9349.0,711379.0,712447.0
2026-05-19 14:45:00,2969.0,2969.0,2961.0,2963.0,21888.0,712447.0,710052.0
2026-05-19 21:00:00,2966.0,2983.0,2960.0,2981.0,62483.0,710052.0,715594.0
2026-05-19 21:15:00,2981.0,2996.0,2978.0,2995.0,57182.0,715594.0,722491.0
2026-05-19 21:30:00,2995.0,2997.0,2984.0,2985.0,37837.0,722491.0,722140.0
2026-05-19 21:45:00,2985.0,2986.0,2971.0,2974.0,35830.0,722140.0,719305.0
2026-05-19 22:00:00,2974.0,2983.0,2969.0,2982.0,24279.0,719305.0,719675.0
2026-05-19 22:15:00,2982.0,2982.0,2973.0,2975.0,9174.0,719675.0,719991.0
2026-05-19 22:30:00,2975.0,2978.0,2973.0,2974.0,12390.0,719991.0,717964.0
2026-05-19 22:45:00,2974.0,2982.0,2973.0,2979.0,13804.0,717964.0,714150.0
2026-05-20 09:00:00,2979.0,2993.0,2976.0,2981.0,33215.0,714150.0,718032.0
2026-05-20 09:15:00,2981.0,2992.0,2974.0,2991.0,20825.0,718032.0,720485.0
2026-05-20 09:30:00,2991.0,2995.0,2982.0,2985.0,24475.0,720485.0,723070.0
2026-05-20 09:45:00,2985.0,2989.0,2974.0,2979.0,27963.0,723070.0,722082.0
2026-05-20 10:00:00,2979.0,2980.0,2970.0,2977.0,19652.0,722082.0,721914.0
2026-05-20 10:30:00,2980.0,2992.0,2980.0,2985.0,24526.0,721914.0,722222.0
2026-05-20 10:45:00,2985.0,2988.0,2974.0,2977.0,20815.0,722222.0,722936.0
2026-05-20 11:00:00,2977.0,2987.0,2977.0,2983.0,13584.0,722936.0,723695.0
2026-05-20 11:15:00,2983.0,2984.0,2975.0,2979.0,13120.0,723695.0,721264.0
2026-05-20 13:30:00,2976.0,2978.0,2969.0,2975.0,21545.0,721264.0,720422.0
2026-05-20 13:45:00,2975.0,2988.0,2974.0,2984.0,24734.0,720422.0,719085.0
2026-05-20 14:00:00,2984.0,2988.0,2979.0,2988.0,15653.0,719085.0,720010.0
2026-05-20 14:15:00,2988.0,2988.0,2974.0,2978.0,21187.0,720010.0,720459.0
2026-05-20 14:30:00,2978.0,2980.0,2972.0,2972.0,13846.0,720459.0,718876.0
2026-05-20 14:45:00,2972.0,2976.0,2967.0,2968.0,26595.0,718876.0,713779.0
2026-05-20 21:00:00,2960.0,2975.0,2957.0,2964.0,55165.0,713779.0,725279.0
2026-05-20 21:15:00,2964.0,2974.0,2963.0,2973.0,19074.0,725279.0,724317.0
2026-05-20 21:30:00,2973.0,2974.0,2967.0,2969.0,15345.0,724317.0,722640.0
2026-05-20 21:45:00,2969.0,2971.0,2966.0,2969.0,9252.0,722640.0,723036.0
2026-05-20 22:00:00,2969.0,2978.0,2967.0,2967.0,22192.0,723036.0,720656.0
2026-05-20 22:15:00,2967.0,2968.0,2947.0,2948.0,61628.0,720656.0,719656.0
2026-05-20 22:30:00,2948.0,2951.0,2935.0,2946.0,47718.0,719656.0,715558.0
2026-05-20 22:45:00,2946.0,2950.0,2944.0,2950.0,19441.0,715558.0,710297.0
2026-05-21 09:00:00,2950.0,2955.0,2940.0,2954.0,31532.0,710297.0,708395.0
2026-05-21 09:15:00,2954.0,2961.0,2953.0,2956.0,19683.0,708395.0,709112.0
2026-05-21 09:30:00,2956.0,2958.0,2952.0,2955.0,12613.0,709112.0,710935.0
2026-05-21 09:45:00,2955.0,2955.0,2936.0,2942.0,30749.0,710935.0,708755.0
2026-05-21 10:00:00,2942.0,2948.0,2940.0,2943.0,15890.0,708755.0,707920.0
2026-05-21 10:30:00,2943.0,2960.0,2942.0,2958.0,21797.0,707920.0,708654.0
2026-05-21 10:45:00,2958.0,2970.0,2957.0,2968.0,30545.0,708654.0,712551.0
2026-05-21 11:00:00,2968.0,2973.0,2967.0,2969.0,20189.0,712551.0,716875.0
2026-05-21 11:15:00,2969.0,2976.0,2967.0,2968.0,14975.0,716875.0,718030.0
2026-05-21 13:30:00,2969.0,2976.0,2964.0,2968.0,16524.0,718030.0,720280.0
2026-05-21 13:45:00,2968.0,2971.0,2953.0,2959.0,24099.0,720280.0,718022.0
2026-05-21 14:00:00,2959.0,2963.0,2955.0,2958.0,14829.0,718022.0,717636.0
2026-05-21 14:15:00,2958.0,2959.0,2944.0,2951.0,25983.0,717636.0,716864.0
2026-05-21 14:30:00,2951.0,2955.0,2950.0,2952.0,14563.0,716864.0,715218.0
2026-05-21 14:45:00,2952.0,2965.0,2951.0,2963.0,28404.0,715218.0,713541.0
2026-05-21 21:00:00,2975.0,2989.0,2970.0,2986.0,91690.0,713541.0,720520.0
2026-05-21 21:15:00,2986.0,2992.0,2974.0,2979.0,51708.0,720520.0,720642.0
2026-05-21 21:30:00,2979.0,2984.0,2973.0,2975.0,23217.0,720642.0,719854.0
2026-05-21 21:45:00,2975.0,2980.0,2955.0,2957.0,44488.0,719854.0,713078.0
2026-05-21 22:00:00,2957.0,2973.0,2957.0,2967.0,30781.0,713078.0,714047.0
2026-05-21 22:15:00,2967.0,2968.0,2960.0,2961.0,15151.0,714047.0,711394.0
2026-05-21 22:30:00,2961.0,2968.0,2960.0,2964.0,14241.0,711394.0,709026.0
2026-05-21 22:45:00,2964.0,2966.0,2957.0,2960.0,19822.0,709026.0,703368.0
2026-05-22 09:00:00,2960.0,2960.0,2928.0,2937.0,64685.0,703368.0,698992.0
2026-05-22 09:15:00,2937.0,2938.0,2924.0,2928.0,52630.0,698992.0,696220.0
2026-05-22 09:30:00,2928.0,2931.0,2905.0,2906.0,52206.0,696220.0,692959.0
2026-05-22 09:45:00,2906.0,2915.0,2903.0,2909.0,39532.0,692959.0,690263.0
2026-05-22 10:00:00,2909.0,2915.0,2905.0,2915.0,22516.0,690263.0,690486.0
2026-05-22 10:30:00,2915.0,2916.0,2886.0,2886.0,48204.0,690486.0,690486.0
2026-05-22 10:45:00,2886.0,2901.0,2886.0,2896.0,36384.0,690486.0,688457.0
2026-05-22 11:00:00,2896.0,2908.0,2889.0,2900.0,41972.0,688457.0,692297.0
2026-05-22 11:15:00,2900.0,2913.0,2897.0,2905.0,22572.0,692297.0,690940.0
2026-05-22 13:30:00,2908.0,2912.0,2902.0,2909.0,23911.0,690940.0,691479.0
2026-05-22 13:45:00,2909.0,2932.0,2908.0,2930.0,43010.0,691479.0,691736.0
2026-05-22 14:00:00,2930.0,2933.0,2924.0,2925.0,27359.0,691736.0,692926.0
2026-05-22 14:15:00,2925.0,2926.0,2917.0,2918.0,17171.0,692926.0,692145.0
2026-05-22 14:30:00,2918.0,2925.0,2917.0,2923.0,13331.0,692145.0,693217.0
2026-05-22 14:45:00,2923.0,2930.0,2922.0,2927.0,25254.0,693217.0,690880.0
2026-05-22 21:00:00,2910.0,2924.0,2907.0,2915.0,77000.0,690880.0,703317.0
2026-05-22 21:15:00,2915.0,2926.0,2914.0,2925.0,26263.0,703317.0,706340.0
2026-05-22 21:30:00,2925.0,2942.0,2925.0,2939.0,57338.0,706340.0,714756.0
2026-05-22 21:45:00,2939.0,2965.0,2938.0,2958.0,73914.0,714756.0,733883.0
2026-05-22 22:00:00,2958.0,2962.0,2949.0,2955.0,34826.0,733883.0,734187.0
2026-05-22 22:15:00,2955.0,2956.0,2951.0,2955.0,14498.0,734187.0,734905.0
2026-05-22 22:30:00,2955.0,2958.0,2952.0,2954.0,12660.0,734905.0,734726.0
2026-05-22 22:45:00,2954.0,2962.0,2952.0,2961.0,26302.0,734726.0,730744.0
2026-05-25 09:00:00,2961.0,2961.0,2907.0,2926.0,165518.0,730744.0,719320.0
2026-05-25 09:15:00,2926.0,2937.0,2923.0,2932.0,51872.0,719320.0,722577.0
2026-05-25 09:30:00,2932.0,2944.0,2918.0,2919.0,52199.0,722577.0,720825.0
2026-05-25 09:45:00,2919.0,2926.0,2912.0,2918.0,33710.0,720825.0,721877.0
2026-05-25 10:00:00,2918.0,2928.0,2916.0,2919.0,21804.0,721877.0,722280.0
2026-05-25 10:30:00,2919.0,2923.0,2888.0,2891.0,84938.0,722280.0,723030.0
2026-05-25 10:45:00,2891.0,2895.0,2882.0,2882.0,58588.0,723030.0,722521.0
2026-05-25 11:00:00,2882.0,2882.0,2840.0,2844.0,113469.0,722521.0,722044.0
2026-05-25 11:15:00,2844.0,2846.0,2819.0,2819.0,132557.0,722044.0,729867.0
2026-05-25 13:30:00,2819.0,2832.0,2814.0,2822.0,100897.0,729867.0,731894.0
2026-05-25 13:45:00,2822.0,2835.0,2818.0,2835.0,41173.0,731894.0,733906.0
2026-05-25 14:00:00,2835.0,2845.0,2830.0,2840.0,60178.0,733906.0,731862.0
2026-05-25 14:15:00,2840.0,2842.0,2832.0,2839.0,25844.0,731862.0,730183.0
2026-05-25 14:30:00,2839.0,2844.0,2837.0,2843.0,25258.0,730183.0,727691.0
2026-05-25 14:45:00,2843.0,2847.0,2840.0,2844.0,39369.0,727691.0,724481.0
2026-05-25 21:00:00,2839.0,2849.0,2830.0,2841.0,70820.0,724481.0,730695.0
2026-05-25 21:15:00,2841.0,2848.0,2839.0,2842.0,24225.0,730695.0,733403.0
2026-05-25 21:30:00,2842.0,2844.0,2834.0,2839.0,28699.0,733403.0,734251.0
2026-05-25 21:45:00,2839.0,2843.0,2834.0,2837.0,14366.0,734251.0,734005.0
2026-05-25 22:00:00,2837.0,2843.0,2837.0,2843.0,11887.0,734005.0,732809.0
2026-05-25 22:15:00,2843.0,2847.0,2840.0,2842.0,12732.0,732809.0,732573.0
2026-05-25 22:30:00,2842.0,2849.0,2842.0,2845.0,12343.0,732573.0,730896.0
2026-05-25 22:45:00,2845.0,2854.0,2844.0,2850.0,25613.0,730896.0,724631.0
2026-05-26 09:00:00,2850.0,2862.0,2847.0,2849.0,49787.0,724631.0,724474.0
2026-05-26 09:15:00,2849.0,2861.0,2848.0,2858.0,20330.0,724474.0,724319.0
2026-05-26 09:30:00,2858.0,2867.0,2857.0,2858.0,27509.0,724319.0,720183.0
2026-05-26 09:45:00,2858.0,2864.0,2847.0,2851.0,26488.0,720183.0,719161.0
2026-05-26 10:00:00,2851.0,2853.0,2829.0,2837.0,45443.0,719161.0,715698.0
2026-05-26 10:30:00,2836.0,2837.0,2830.0,2833.0,21107.0,715698.0,714587.0
2026-05-26 10:45:00,2833.0,2840.0,2830.0,2833.0,18295.0,714587.0,716179.0
2026-05-26 11:00:00,2833.0,2836.0,2822.0,2827.0,31710.0,716179.0,717462.0
2026-05-26 11:15:00,2827.0,2834.0,2824.0,2828.0,17885.0,717462.0,715929.0
2026-05-26 13:30:00,2834.0,2842.0,2830.0,2833.0,35476.0,715929.0,716852.0
2026-05-26 13:45:00,2833.0,2847.0,2833.0,2845.0,26506.0,716852.0,714265.0
2026-05-26 14:00:00,2845.0,2846.0,2831.0,2832.0,17103.0,714265.0,714060.0
2026-05-26 14:15:00,2832.0,2841.0,2831.0,2837.0,16920.0,714060.0,713426.0
2026-05-26 14:30:00,2837.0,2838.0,2833.0,2836.0,9590.0,713426.0,712880.0
2026-05-26 14:45:00,2836.0,2845.0,2834.0,2837.0,23971.0,712880.0,709137.0
2026-05-26 21:00:00,2845.0,2856.0,2839.0,2850.0,63368.0,709137.0,712223.0
2026-05-26 21:15:00,2850.0,2864.0,2850.0,2862.0,32313.0,712223.0,715693.0
2026-05-26 21:30:00,2862.0,2862.0,2853.0,2856.0,24178.0,715693.0,718180.0
2026-05-26 21:45:00,2856.0,2869.0,2855.0,2863.0,26181.0,718180.0,718101.0
2026-05-26 22:00:00,2863.0,2865.0,2855.0,2862.0,20014.0,718101.0,718879.0
2026-05-26 22:15:00,2862.0,2864.0,2859.0,2861.0,9451.0,718879.0,720548.0
2026-05-26 22:30:00,2861.0,2862.0,2857.0,2860.0,11919.0,720548.0,720914.0
2026-05-26 22:45:00,2860.0,2864.0,2859.0,2862.0,12332.0,720914.0,718471.0
2026-05-27 09:00:00,2862.0,2862.0,2834.0,2837.0,60059.0,718471.0,719894.0
2026-05-27 09:15:00,2837.0,2845.0,2836.0,2839.0,20967.0,719894.0,719612.0
2026-05-27 09:30:00,2839.0,2841.0,2828.0,2834.0,30046.0,719612.0,720622.0
2026-05-27 09:45:00,2834.0,2840.0,2831.0,2836.0,22655.0,720622.0,719926.0
2026-05-27 10:00:00,2836.0,2839.0,2832.0,2838.0,12877.0,719926.0,720592.0
2026-05-27 10:30:00,2836.0,2839.0,2830.0,2835.0,14931.0,720592.0,719890.0
2026-05-27 10:45:00,2835.0,2837.0,2815.0,2816.0,45056.0,719890.0,728056.0
2026-05-27 11:00:00,2816.0,2818.0,2797.0,2810.0,75810.0,728056.0,735160.0
2026-05-27 11:15:00,2810.0,2813.0,2803.0,2807.0,25026.0,735160.0,733115.0
2026-05-27 13:30:00,2807.0,2812.0,2795.0,2810.0,39817.0,733115.0,732121.0
2026-05-27 13:45:00,2810.0,2815.0,2795.0,2797.0,32566.0,732121.0,734683.0
2026-05-27 14:00:00,2797.0,2804.0,2792.0,2802.0,34915.0,734683.0,734590.0
2026-05-27 14:15:00,2802.0,2814.0,2800.0,2812.0,29113.0,734590.0,731721.0
2026-05-27 14:30:00,2812.0,2814.0,2807.0,2807.0,15666.0,731721.0,730026.0
2026-05-27 14:45:00,2807.0,2809.0,2801.0,2804.0,25485.0,730026.0,726267.0
2026-05-27 21:00:00,2765.0,2784.0,2756.0,2778.0,136536.0,726267.0,737256.0
2026-05-27 21:15:00,2778.0,2791.0,2778.0,2786.0,42297.0,737256.0,736072.0
2026-05-27 21:30:00,2786.0,2796.0,2784.0,2794.0,29451.0,736072.0,739299.0
2026-05-27 21:45:00,2794.0,2800.0,2792.0,2798.0,25965.0,739299.0,741691.0
2026-05-27 22:00:00,2798.0,2805.0,2797.0,2800.0,27218.0,741691.0,744276.0
2026-05-27 22:15:00,2800.0,2808.0,2797.0,2803.0,17058.0,744276.0,743036.0
2026-05-27 22:30:00,2803.0,2813.0,2802.0,2809.0,21264.0,743036.0,742490.0
2026-05-27 22:45:00,2809.0,2820.0,2809.0,2818.0,30231.0,742490.0,737005.0
2026-05-28 09:00:00,2818.0,2829.0,2813.0,2814.0,50520.0,737005.0,734245.0
2026-05-28 09:15:00,2814.0,2822.0,2812.0,2820.0,20948.0,734245.0,734824.0
2026-05-28 09:30:00,2820.0,2827.0,2816.0,2827.0,19189.0,734824.0,734259.0
2026-05-28 09:45:00,2827.0,2834.0,2823.0,2826.0,23625.0,734259.0,732544.0
2026-05-28 10:00:00,2826.0,2828.0,2816.0,2819.0,15330.0,732544.0,732826.0
2026-05-28 10:30:00,2820.0,2832.0,2812.0,2831.0,26158.0,732826.0,732589.0
2026-05-28 10:45:00,2831.0,2835.0,2826.0,2827.0,23143.0,732589.0,732284.0
2026-05-28 11:00:00,2827.0,2845.0,2827.0,2844.0,28215.0,732284.0,732872.0
2026-05-28 11:15:00,2844.0,2856.0,2840.0,2842.0,44721.0,732872.0,733966.0
2026-05-28 13:30:00,2850.0,2853.0,2836.0,2845.0,48204.0,733966.0,731564.0
2026-05-28 13:45:00,2845.0,2845.0,2832.0,2837.0,18828.0,731564.0,732749.0
2026-05-28 14:00:00,2837.0,2840.0,2834.0,2839.0,10061.0,732749.0,732749.0
2026-05-28 14:15:00,2839.0,2841.0,2836.0,2838.0,13341.0,732749.0,733177.0
2026-05-28 14:30:00,2838.0,2838.0,2823.0,2826.0,31368.0,733177.0,735142.0
2026-05-28 14:45:00,2826.0,2831.0,2822.0,2825.0,25940.0,735142.0,731776.0
2026-05-28 21:00:00,2814.0,2830.0,2814.0,2825.0,65769.0,731776.0,735184.0
2026-05-28 21:15:00,2825.0,2826.0,2813.0,2821.0,31602.0,735184.0,739304.0
2026-05-28 21:30:00,2821.0,2826.0,2816.0,2817.0,25743.0,739304.0,739988.0
2026-05-28 21:45:00,2817.0,2818.0,2802.0,2805.0,55300.0,739988.0,741871.0
2026-05-28 22:00:00,2805.0,2808.0,2782.0,2787.0,68414.0,741871.0,745259.0
2026-05-28 22:15:00,2787.0,2796.0,2785.0,2790.0,50293.0,745259.0,742601.0
2026-05-28 22:30:00,2790.0,2804.0,2788.0,2796.0,32279.0,742601.0,737609.0
2026-05-28 22:45:00,2796.0,2799.0,2792.0,2794.0,25210.0,737609.0,735324.0
2026-05-29 09:00:00,2794.0,2801.0,2787.0,2790.0,44817.0,735324.0,733111.0
2026-05-29 09:15:00,2790.0,2793.0,2784.0,2792.0,19936.0,733111.0,734537.0
2026-05-29 09:30:00,2792.0,2800.0,2789.0,2795.0,15514.0,734537.0,734350.0
2026-05-29 09:45:00,2795.0,2799.0,2788.0,2788.0,14292.0,734350.0,735104.0
2026-05-29 10:00:00,2788.0,2791.0,2783.0,2788.0,18255.0,735104.0,735854.0
2026-05-29 10:30:00,2790.0,2802.0,2785.0,2792.0,35044.0,735854.0,737364.0
2026-05-29 10:45:00,2792.0,2794.0,2788.0,2789.0,10628.0,737364.0,737548.0
2026-05-29 11:00:00,2789.0,2790.0,2770.0,2777.0,47781.0,737548.0,743286.0
2026-05-29 11:15:00,2777.0,2780.0,2771.0,2779.0,23233.0,743286.0,743172.0
2026-05-29 13:30:00,2780.0,2789.0,2773.0,2789.0,35008.0,743172.0,736933.0
2026-05-29 13:45:00,2789.0,2805.0,2783.0,2794.0,51250.0,736933.0,733569.0
2026-05-29 14:00:00,2794.0,2796.0,2788.0,2791.0,17548.0,733569.0,732752.0
2026-05-29 14:15:00,2791.0,2795.0,2782.0,2790.0,18130.0,732752.0,731445.0
2026-05-29 14:30:00,2790.0,2791.0,2786.0,2789.0,9259.0,731445.0,730835.0
2026-05-29 14:45:00,2789.0,2795.0,2789.0,2793.0,22870.0,730835.0,724503.0
2026-05-29 21:00:00,2792.0,2792.0,2780.0,2783.0,42511.0,724503.0,723198.0
2026-05-29 21:15:00,2783.0,2787.0,2775.0,2776.0,29548.0,723198.0,724143.0
2026-05-29 21:30:00,2776.0,2779.0,2765.0,2767.0,32737.0,724143.0,725872.0
2026-05-29 21:45:00,2767.0,2788.0,2766.0,2786.0,40080.0,725872.0,722797.0
2026-05-29 22:00:00,2786.0,2802.0,2786.0,2788.0,39633.0,722797.0,721644.0
2026-05-29 22:15:00,2788.0,2797.0,2787.0,2794.0,16387.0,721644.0,720616.0
2026-05-29 22:30:00,2794.0,2798.0,2791.0,2793.0,14302.0,720616.0,719759.0
2026-05-29 22:45:00,2793.0,2796.0,2787.0,2793.0,19936.0,719759.0,715351.0
2026-06-01 09:00:00,2793.0,2824.0,2793.0,2820.0,79705.0,715351.0,712277.0
2026-06-01 09:15:00,2820.0,2827.0,2819.0,2824.0,26387.0,712277.0,711190.0
2026-06-01 09:30:00,2824.0,2840.0,2822.0,2837.0,35108.0,711190.0,709816.0
2026-06-01 09:45:00,2837.0,2858.0,2837.0,2849.0,52773.0,709816.0,712268.0
2026-06-01 10:00:00,2849.0,2855.0,2846.0,2853.0,24949.0,712268.0,714155.0
2026-06-01 10:30:00,2852.0,2852.0,2844.0,2846.0,26333.0,714155.0,714624.0
2026-06-01 10:45:00,2846.0,2848.0,2833.0,2839.0,27851.0,714624.0,712417.0
2026-06-01 11:00:00,2839.0,2845.0,2838.0,2841.0,11727.0,712417.0,712897.0
2026-06-01 11:15:00,2841.0,2845.0,2836.0,2844.0,15303.0,712897.0,713310.0
2026-06-01 13:30:00,2845.0,2849.0,2837.0,2842.0,20631.0,713310.0,713163.0
2026-06-01 13:45:00,2842.0,2860.0,2839.0,2860.0,36111.0,713163.0,716096.0
2026-06-01 14:00:00,2860.0,2866.0,2857.0,2862.0,43244.0,716096.0,718863.0
2026-06-01 14:15:00,2862.0,2862.0,2855.0,2858.0,21387.0,718863.0,716438.0
2026-06-01 14:30:00,2858.0,2867.0,2857.0,2862.0,30637.0,716438.0,715737.0
2026-06-01 14:45:00,2862.0,2872.0,2861.0,2864.0,40314.0,715737.0,707789.0
2026-06-01 21:00:00,2858.0,2880.0,2858.0,2877.0,82427.0,707789.0,717772.0
2026-06-01 21:15:00,2877.0,2933.0,2874.0,2931.0,168616.0,717772.0,735088.0
2026-06-01 21:30:00,2931.0,2942.0,2920.0,2939.0,111125.0,735088.0,741180.0
2026-06-01 21:45:00,2939.0,2950.0,2936.0,2949.0,61060.0,741180.0,748094.0
2026-06-01 22:00:00,2949.0,2952.0,2942.0,2944.0,57495.0,748094.0,747899.0
2026-06-01 22:15:00,2944.0,2952.0,2940.0,2948.0,39083.0,747899.0,750057.0
2026-06-01 22:30:00,2948.0,2955.0,2946.0,2949.0,26999.0,750057.0,750415.0
2026-06-01 22:45:00,2949.0,2953.0,2946.0,2951.0,26415.0,750415.0,741226.0
2026-06-02 09:00:00,2951.0,2951.0,2891.0,2894.0,119866.0,741226.0,732313.0
2026-06-02 09:15:00,2894.0,2899.0,2886.0,2892.0,45149.0,732313.0,722409.0
2026-06-02 09:30:00,2892.0,2894.0,2882.0,2886.0,28538.0,722409.0,720984.0
2026-06-02 09:45:00,2886.0,2897.0,2882.0,2891.0,23793.0,720984.0,719954.0
2026-06-02 10:00:00,2891.0,2892.0,2882.0,2889.0,22109.0,719954.0,718689.0
2026-06-02 10:30:00,2892.0,2904.0,2891.0,2903.0,29155.0,718689.0,719905.0
2026-06-02 10:45:00,2903.0,2909.0,2899.0,2907.0,18089.0,719905.0,721080.0
2026-06-02 11:00:00,2907.0,2917.0,2906.0,2913.0,23418.0,721080.0,721624.0
2026-06-02 11:15:00,2913.0,2917.0,2907.0,2907.0,20819.0,721624.0,722188.0
2026-06-02 13:30:00,2905.0,2905.0,2876.0,2877.0,50276.0,722188.0,720646.0
2026-06-02 13:45:00,2877.0,2896.0,2876.0,2889.0,30361.0,720646.0,722095.0
2026-06-02 14:00:00,2889.0,2891.0,2884.0,2889.0,17864.0,722095.0,722938.0
2026-06-02 14:15:00,2889.0,2893.0,2883.0,2885.0,12704.0,722938.0,722715.0
2026-06-02 14:30:00,2885.0,2891.0,2883.0,2890.0,11869.0,722715.0,720538.0
2026-06-02 14:45:00,2890.0,2892.0,2886.0,2890.0,19860.0,720538.0,716423.0
2026-06-02 21:00:00,2897.0,2901.0,2885.0,2892.0,65274.0,716423.0,718395.0
2026-06-02 21:15:00,2892.0,2899.0,2892.0,2898.0,14631.0,718395.0,721009.0
2026-06-02 21:30:00,2898.0,2904.0,2891.0,2898.0,27437.0,721009.0,723414.0
2026-06-02 21:45:00,2898.0,2900.0,2895.0,2897.0,12434.0,723414.0,723243.0
2026-06-02 22:00:00,2897.0,2904.0,2896.0,2898.0,20109.0,723243.0,724562.0
2026-06-02 22:15:00,2898.0,2902.0,2890.0,2890.0,14027.0,724562.0,724128.0
2026-06-02 22:30:00,2890.0,2891.0,2881.0,2886.0,28312.0,724128.0,723523.0
2026-06-02 22:45:00,2886.0,2890.0,2885.0,2886.0,13217.0,723523.0,721344.0
2026-06-03 09:00:00,2886.0,2926.0,2886.0,2910.0,79758.0,721344.0,721218.0
2026-06-03 09:15:00,2910.0,2915.0,2905.0,2908.0,24996.0,721218.0,722416.0
2026-06-03 09:30:00,2908.0,2910.0,2899.0,2902.0,17121.0,722416.0,721455.0
2026-06-03 09:45:00,2902.0,2904.0,2891.0,2900.0,24172.0,721455.0,723735.0
2026-06-03 10:00:00,2900.0,2911.0,2898.0,2903.0,18620.0,723735.0,723201.0
2026-06-03 10:30:00,2902.0,2913.0,2898.0,2912.0,20122.0,723201.0,724210.0
2026-06-03 10:45:00,2912.0,2933.0,2911.0,2919.0,42935.0,724210.0,728738.0
2026-06-03 11:00:00,2919.0,2925.0,2917.0,2921.0,20551.0,728738.0,727802.0
2026-06-03 11:15:00,2921.0,2923.0,2908.0,2915.0,18144.0,727802.0,725931.0
2026-06-03 13:30:00,2918.0,2924.0,2915.0,2921.0,19437.0,725931.0,728475.0
2026-06-03 13:45:00,2921.0,2931.0,2919.0,2928.0,16992.0,728475.0,731698.0
2026-06-03 14:00:00,2928.0,2928.0,2919.0,2923.0,17312.0,731698.0,732394.0
2026-06-03 14:15:00,2923.0,2924.0,2916.0,2918.0,12233.0,732394.0,732287.0
2026-06-03 14:30:00,2918.0,2924.0,2915.0,2922.0,19777.0,732287.0,727560.0
2026-06-03 14:45:00,2922.0,2928.0,2922.0,2926.0,23439.0,727560.0,726223.0
2026-06-03 21:00:00,2938.0,2938.0,2924.0,2928.0,56636.0,726223.0,731014.0
2026-06-03 21:15:00,2928.0,2931.0,2918.0,2924.0,26828.0,731014.0,733334.0
2026-06-03 21:30:00,2924.0,2924.0,2917.0,2922.0,17700.0,733334.0,736152.0
2026-06-03 21:45:00,2922.0,2923.0,2914.0,2914.0,10966.0,736152.0,735956.0
2026-06-03 22:00:00,2914.0,2924.0,2914.0,2918.0,13040.0,735956.0,735315.0
2026-06-03 22:15:00,2918.0,2925.0,2918.0,2922.0,10785.0,735315.0,735606.0
2026-06-03 22:30:00,2922.0,2933.0,2920.0,2931.0,18847.0,735606.0,734210.0
2026-06-03 22:45:00,2931.0,2933.0,2927.0,2930.0,18223.0,734210.0,734116.0
2026-06-04 09:00:00,2930.0,2930.0,2898.0,2909.0,53931.0,734116.0,733376.0
2026-06-04 09:15:00,2909.0,2917.0,2905.0,2912.0,27383.0,733376.0,734295.0
2026-06-04 09:30:00,2912.0,2913.0,2902.0,2908.0,19169.0,734295.0,735539.0
2026-06-04 09:45:00,2908.0,2909.0,2899.0,2901.0,17010.0,735539.0,735349.0
2026-06-04 10:00:00,2901.0,2903.0,2894.0,2899.0,22248.0,735349.0,733076.0
2026-06-04 10:30:00,2900.0,2901.0,2892.0,2893.0,28751.0,733076.0,732047.0
2026-06-04 10:45:00,2893.0,2896.0,2871.0,2874.0,60690.0,732047.0,724353.0
2026-06-04 11:00:00,2874.0,2878.0,2868.0,2874.0,34597.0,724353.0,719053.0
2026-06-04 11:15:00,2874.0,2884.0,2874.0,2879.0,22708.0,719053.0,713694.0
2026-06-04 13:30:00,2888.0,2897.0,2879.0,2879.0,41218.0,713694.0,709065.0
2026-06-04 13:45:00,2879.0,2884.0,2872.0,2876.0,18655.0,709065.0,705962.0
2026-06-04 14:00:00,2876.0,2879.0,2873.0,2875.0,13388.0,705962.0,705501.0
2026-06-04 14:15:00,2875.0,2883.0,2874.0,2877.0,13226.0,705501.0,703770.0
2026-06-04 14:30:00,2877.0,2877.0,2868.0,2875.0,21961.0,703770.0,699614.0
2026-06-04 14:45:00,2875.0,2880.0,2874.0,2877.0,21466.0,699614.0,694911.0
2026-06-04 21:00:00,2855.0,2880.0,2855.0,2875.0,75562.0,694911.0,709624.0
2026-06-04 21:15:00,2875.0,2889.0,2874.0,2888.0,33223.0,709624.0,714365.0
2026-06-04 21:30:00,2888.0,2894.0,2882.0,2886.0,33057.0,714365.0,720562.0
2026-06-04 21:45:00,2886.0,2888.0,2880.0,2882.0,14928.0,720562.0,721172.0
2026-06-04 22:00:00,2882.0,2890.0,2882.0,2885.0,12163.0,721172.0,722191.0
2026-06-04 22:15:00,2885.0,2893.0,2881.0,2890.0,13419.0,722191.0,722043.0
2026-06-04 22:30:00,2890.0,2890.0,2881.0,2882.0,9032.0,722043.0,721584.0
2026-06-04 22:45:00,2882.0,2889.0,2882.0,2888.0,13414.0,721584.0,718165.0
2026-06-05 09:00:00,2888.0,2888.0,2870.0,2883.0,35809.0,718165.0,717046.0
2026-06-05 09:15:00,2883.0,2906.0,2880.0,2900.0,45826.0,717046.0,720330.0
2026-06-05 09:30:00,2900.0,2913.0,2894.0,2909.0,43499.0,720330.0,723291.0
2026-06-05 09:45:00,2909.0,2909.0,2889.0,2894.0,30185.0,723291.0,724390.0
2026-06-05 10:00:00,2894.0,2906.0,2892.0,2903.0,17796.0,724390.0,725793.0
2026-06-05 10:30:00,2904.0,2912.0,2904.0,2910.0,27451.0,725793.0,727626.0
2026-06-05 10:45:00,2910.0,2921.0,2908.0,2916.0,29941.0,727626.0,731586.0
2026-06-05 11:00:00,2916.0,2920.0,2908.0,2912.0,22351.0,731586.0,734065.0
2026-06-05 11:15:00,2912.0,2918.0,2906.0,2916.0,20527.0,734065.0,735709.0
2026-06-05 13:30:00,2917.0,2919.0,2907.0,2908.0,21541.0,735709.0,737490.0
2026-06-05 13:45:00,2908.0,2912.0,2903.0,2909.0,14785.0,737490.0,737973.0
2026-06-05 14:00:00,2909.0,2911.0,2900.0,2903.0,14232.0,737973.0,737707.0
2026-06-05 14:15:00,2903.0,2907.0,2897.0,2900.0,15200.0,737707.0,738177.0
2026-06-05 14:30:00,2900.0,2906.0,2898.0,2905.0,13061.0,738177.0,738122.0
2026-06-05 14:45:00,2905.0,2911.0,2902.0,2906.0,21655.0,738122.0,735338.0
2026-06-05 21:00:00,2898.0,2909.0,2892.0,2901.0,47373.0,735338.0,738963.0
2026-06-05 21:15:00,2901.0,2917.0,2899.0,2907.0,43439.0,738963.0,743729.0
2026-06-05 21:30:00,2907.0,2908.0,2898.0,2905.0,23892.0,743729.0,743981.0
2026-06-05 21:45:00,2905.0,2905.0,2891.0,2900.0,24091.0,743981.0,742660.0
2026-06-05 22:00:00,2900.0,2903.0,2891.0,2897.0,17672.0,742660.0,741631.0
2026-06-05 22:15:00,2897.0,2912.0,2897.0,2903.0,23122.0,741631.0,739701.0
2026-06-05 22:30:00,2903.0,2909.0,2903.0,2904.0,10739.0,739701.0,739637.0
2026-06-05 22:45:00,2904.0,2905.0,2900.0,2904.0,14585.0,739637.0,735820.0
2026-06-08 09:00:00,2904.0,2929.0,2888.0,2919.0,93488.0,735820.0,736603.0
2026-06-08 09:15:00,2919.0,2938.0,2914.0,2935.0,67691.0,736603.0,748504.0
2026-06-08 09:30:00,2935.0,2949.0,2926.0,2929.0,71055.0,748504.0,756404.0
2026-06-08 09:45:00,2929.0,2942.0,2926.0,2939.0,29387.0,756404.0,759555.0
2026-06-08 10:00:00,2939.0,2948.0,2934.0,2947.0,25834.0,759555.0,763592.0
2026-06-08 10:30:00,2949.0,2961.0,2946.0,2950.0,55134.0,763592.0,771172.0
2026-06-08 10:45:00,2950.0,2975.0,2940.0,2973.0,56456.0,771172.0,777766.0
2026-06-08 11:00:00,2973.0,2994.0,2971.0,2979.0,80637.0,777766.0,790274.0
2026-06-08 11:15:00,2979.0,2985.0,2971.0,2977.0,30651.0,790274.0,789311.0
2026-06-08 13:30:00,2985.0,3023.0,2982.0,3007.0,111337.0,789311.0,798941.0
2026-06-08 13:45:00,3007.0,3020.0,3001.0,3011.0,47677.0,798941.0,801837.0
2026-06-08 14:00:00,3011.0,3039.0,3011.0,3033.0,65923.0,801837.0,811603.0
2026-06-08 14:15:00,3033.0,3037.0,3026.0,3034.0,35966.0,811603.0,815872.0
2026-06-08 14:30:00,3034.0,3046.0,3027.0,3038.0,47281.0,815872.0,818406.0
2026-06-08 14:45:00,3038.0,3049.0,3032.0,3049.0,51689.0,818406.0,816549.0
2026-06-08 21:00:00,3002.0,3008.0,2964.0,2972.0,194258.0,816549.0,795646.0
2026-06-08 21:15:00,2972.0,2980.0,2962.0,2964.0,73150.0,795646.0,794730.0
2026-06-08 21:30:00,2964.0,2972.0,2955.0,2968.0,54661.0,794730.0,788415.0
2026-06-08 21:45:00,2968.0,2969.0,2957.0,2960.0,27606.0,788415.0,788046.0
2026-06-08 22:00:00,2960.0,2974.0,2958.0,2969.0,27945.0,788046.0,785835.0
2026-06-08 22:15:00,2969.0,2972.0,2962.0,2965.0,14317.0,785835.0,783741.0
2026-06-08 22:30:00,2965.0,2981.0,2964.0,2976.0,28654.0,783741.0,785986.0
2026-06-08 22:45:00,2976.0,2983.0,2971.0,2977.0,25398.0,785986.0,782047.0
2026-06-09 09:00:00,2968.0,2970.0,2949.0,2955.0,58020.0,782047.0,783860.0
2026-06-09 09:15:00,2955.0,2962.0,2950.0,2950.0,24441.0,783860.0,784579.0
2026-06-09 09:30:00,2950.0,2951.0,2934.0,2939.0,36209.0,784579.0,781274.0
2026-06-09 09:45:00,2939.0,2956.0,2935.0,2954.0,27172.0,781274.0,780837.0
2026-06-09 10:00:00,2954.0,2956.0,2944.0,2949.0,21107.0,780837.0,780493.0
2026-06-09 10:30:00,2951.0,2968.0,2951.0,2964.0,38895.0,780493.0,780437.0
2026-06-09 10:45:00,2964.0,2965.0,2955.0,2958.0,16565.0,780437.0,780169.0
2026-06-09 11:00:00,2958.0,2959.0,2951.0,2955.0,13712.0,780169.0,779365.0
2026-06-09 11:15:00,2955.0,2959.0,2948.0,2951.0,12926.0,779365.0,778347.0
2026-06-09 13:30:00,2947.0,2952.0,2928.0,2931.0,49979.0,778347.0,771811.0
2026-06-09 13:45:00,2931.0,2937.0,2925.0,2930.0,31111.0,771811.0,770410.0
2026-06-09 14:00:00,2930.0,2949.0,2923.0,2948.0,44301.0,770410.0,769645.0
2026-06-09 14:15:00,2948.0,2950.0,2939.0,2946.0,22565.0,769645.0,770944.0
2026-06-09 14:30:00,2946.0,2957.0,2944.0,2952.0,26172.0,770944.0,770379.0
2026-06-09 14:45:00,2952.0,2966.0,2949.0,2963.0,33851.0,770379.0,770774.0
2026-06-09 21:00:00,2957.0,2962.0,2941.0,2947.0,72625.0,770774.0,767451.0
2026-06-09 21:15:00,2947.0,2950.0,2933.0,2933.0,37171.0,767451.0,768693.0
2026-06-09 21:30:00,2933.0,2936.0,2926.0,2932.0,42144.0,768693.0,767200.0
2026-06-09 21:45:00,2932.0,2933.0,2922.0,2928.0,31328.0,767200.0,766343.0
2026-06-09 22:00:00,2928.0,2929.0,2917.0,2928.0,37761.0,766343.0,764944.0
2026-06-09 22:15:00,2928.0,2932.0,2919.0,2925.0,27494.0,764944.0,764375.0
2026-06-09 22:30:00,2925.0,2931.0,2923.0,2928.0,20133.0,764375.0,763440.0
2026-06-09 22:45:00,2928.0,2929.0,2924.0,2929.0,16972.0,763440.0,759464.0
2026-06-10 09:00:00,2929.0,2965.0,2929.0,2941.0,78080.0,759464.0,759167.0
2026-06-10 09:15:00,2941.0,2947.0,2934.0,2944.0,26585.0,759167.0,759190.0
2026-06-10 09:30:00,2944.0,2975.0,2937.0,2973.0,55353.0,759190.0,766202.0
2026-06-10 09:45:00,2973.0,2985.0,2967.0,2984.0,56163.0,766202.0,774640.0
2026-06-10 10:00:00,2984.0,2998.0,2978.0,2985.0,61022.0,774640.0,782214.0
2026-06-10 10:30:00,2984.0,2984.0,2970.0,2973.0,37431.0,782214.0,785945.0
2026-06-10 10:45:00,2973.0,2977.0,2965.0,2969.0,25336.0,785945.0,786543.0
2026-06-10 11:00:00,2969.0,2974.0,2967.0,2971.0,11690.0,786543.0,788242.0
2026-06-10 11:15:00,2971.0,2976.0,2966.0,2968.0,14248.0,788242.0,787627.0
2026-06-10 13:30:00,2956.0,2965.0,2943.0,2959.0,68030.0,787627.0,782357.0
2026-06-10 13:45:00,2959.0,2964.0,2948.0,2957.0,27391.0,782357.0,781607.0
2026-06-10 14:00:00,2957.0,2970.0,2954.0,2962.0,26584.0,781607.0,783196.0
2026-06-10 14:15:00,2962.0,2972.0,2957.0,2967.0,19554.0,783196.0,785423.0
2026-06-10 14:30:00,2967.0,2982.0,2966.0,2979.0,38657.0,785423.0,790553.0
2026-06-10 14:45:00,2979.0,2983.0,2971.0,2972.0,40355.0,790553.0,788063.0
2026-06-10 21:00:00,2986.0,3019.0,2982.0,3010.0,122636.0,788063.0,803251.0
2026-06-10 21:15:00,3010.0,3012.0,2998.0,3002.0,44772.0,803251.0,809898.0
2026-06-10 21:30:00,3002.0,3007.0,2990.0,2992.0,30623.0,809898.0,808809.0
2026-06-10 21:45:00,2992.0,3002.0,2989.0,2997.0,25707.0,808809.0,807659.0
2026-06-10 22:00:00,2997.0,3004.0,2994.0,2998.0,22316.0,807659.0,808901.0
2026-06-10 22:15:00,2998.0,2999.0,2989.0,2992.0,17170.0,808901.0,807430.0
2026-06-10 22:30:00,2992.0,2999.0,2990.0,2997.0,12543.0,807430.0,805865.0
2026-06-10 22:45:00,2997.0,3002.0,2994.0,2996.0,20110.0,805865.0,802605.0
2026-06-11 09:00:00,2996.0,3048.0,2996.0,3032.0,136588.0,802605.0,818017.0
2026-06-11 09:15:00,3032.0,3035.0,3023.0,3026.0,32850.0,818017.0,821861.0
2026-06-11 09:30:00,3026.0,3034.0,3025.0,3034.0,25489.0,821861.0,823313.0
2026-06-11 09:45:00,3034.0,3065.0,3033.0,3059.0,93984.0,823313.0,838686.0
2026-06-11 10:00:00,3059.0,3059.0,3036.0,3044.0,47999.0,838686.0,838251.0
2026-06-11 10:30:00,3045.0,3061.0,3045.0,3052.0,39916.0,838251.0,844423.0
2026-06-11 10:45:00,3052.0,3053.0,3032.0,3036.0,33988.0,844423.0,840369.0
2026-06-11 11:00:00,3036.0,3046.0,3032.0,3045.0,19906.0,840369.0,838507.0
2026-06-11 11:15:00,3045.0,3051.0,3031.0,3048.0,27850.0,838507.0,836152.0
2026-06-11 13:30:00,3036.0,3036.0,3010.0,3012.0,82782.0,836152.0,832602.0
2026-06-11 13:45:00,3012.0,3014.0,3005.0,3011.0,41028.0,832602.0,834475.0
2026-06-11 14:00:00,3011.0,3021.0,3009.0,3010.0,27643.0,834475.0,834822.0
2026-06-11 14:15:00,3010.0,3019.0,3009.0,3015.0,15718.0,834822.0,834129.0
2026-06-11 14:30:00,3015.0,3024.0,3015.0,3022.0,20917.0,834129.0,835451.0
2026-06-11 14:45:00,3022.0,3033.0,3020.0,3025.0,32009.0,835451.0,837630.0
2026-06-11 21:00:00,3029.0,3072.0,3021.0,3069.0,140981.0,837630.0,866470.0
2026-06-11 21:15:00,3069.0,3074.0,3064.0,3070.0,71759.0,866470.0,882388.0
2026-06-11 21:30:00,3070.0,3070.0,3052.0,3052.0,59028.0,882388.0,877965.0
2026-06-11 21:45:00,3052.0,3054.0,3035.0,3042.0,66494.0,877965.0,868932.0
2026-06-11 22:00:00,3042.0,3051.0,3040.0,3048.0,24881.0,868932.0,868423.0
2026-06-11 22:15:00,3048.0,3056.0,3047.0,3051.0,24071.0,868423.0,869587.0
2026-06-11 22:30:00,3051.0,3064.0,3051.0,3060.0,26108.0,869587.0,871907.0
2026-06-11 22:45:00,3060.0,3062.0,3056.0,3061.0,25575.0,871907.0,869904.0
2026-06-12 09:00:00,3061.0,3061.0,2963.0,2997.0,165553.0,869904.0,854015.0
2026-06-12 09:15:00,2997.0,2999.0,2987.0,2996.0,44111.0,854015.0,848686.0
2026-06-12 09:30:00,2996.0,2998.0,2974.0,2983.0,51267.0,848686.0,841010.0
2026-06-12 09:45:00,2983.0,3000.0,2982.0,2992.0,36941.0,841010.0,840690.0
2026-06-12 10:00:00,2992.0,2995.0,2985.0,2990.0,23186.0,840690.0,839134.0
2026-06-12 10:30:00,2991.0,2997.0,2987.0,2992.0,18081.0,839134.0,838726.0
2026-06-12 10:45:00,2992.0,3013.0,2990.0,3008.0,40115.0,838726.0,841196.0
2026-06-12 11:00:00,3008.0,3018.0,3007.0,3014.0,26477.0,841196.0,843709.0
2026-06-12 11:15:00,3014.0,3032.0,3013.0,3019.0,42900.0,843709.0,845018.0
2026-06-12 13:30:00,3005.0,3013.0,2994.0,3000.0,56982.0,845018.0,845158.0
2026-06-12 13:45:00,3000.0,3006.0,2996.0,3004.0,21484.0,845158.0,845999.0
2026-06-12 14:00:00,3004.0,3006.0,2997.0,3006.0,18707.0,845999.0,847184.0
2026-06-12 14:15:00,3006.0,3012.0,3005.0,3007.0,17859.0,847184.0,849703.0
2026-06-12 14:30:00,3007.0,3010.0,3002.0,3006.0,12925.0,849703.0,850184.0
2026-06-12 14:45:00,3006.0,3015.0,3005.0,3010.0,26611.0,850184.0,848577.0
2026-06-12 21:00:00,3000.0,3025.0,2998.0,3015.0,85581.0,848577.0,857024.0
2026-06-12 21:15:00,3015.0,3021.0,3005.0,3021.0,42054.0,857024.0,862613.0
2026-06-12 21:30:00,3021.0,3036.0,3018.0,3032.0,49992.0,862613.0,871946.0
2026-06-12 21:45:00,3032.0,3043.0,3030.0,3038.0,40790.0,871946.0,878029.0
2026-06-12 22:00:00,3038.0,3043.0,3029.0,3030.0,26542.0,878029.0,878273.0
2026-06-12 22:15:00,3030.0,3033.0,3023.0,3031.0,20152.0,878273.0,877272.0
2026-06-12 22:30:00,3031.0,3036.0,3030.0,3034.0,16452.0,877272.0,878045.0
2026-06-12 22:45:00,3034.0,3041.0,3028.0,3033.0,35299.0,878045.0,873100.0
2026-06-15 09:00:00,3033.0,3033.0,2828.0,2834.0,459503.0,873100.0,858436.0
2026-06-15 09:15:00,2834.0,2836.0,2783.0,2788.0,223058.0,858436.0,859416.0
2026-06-15 09:30:00,2788.0,2792.0,2771.0,2782.0,105511.0,859416.0,860664.0
2026-06-15 09:45:00,2782.0,2802.0,2776.0,2793.0,99062.0,860664.0,843867.0
2026-06-15 10:00:00,2793.0,2795.0,2779.0,2786.0,45208.0,843867.0,839535.0
2026-06-15 10:30:00,2784.0,2784.0,2757.0,2761.0,91949.0,839535.0,833747.0
2026-06-15 10:45:00,2761.0,2765.0,2750.0,2761.0,82031.0,833747.0,830931.0
2026-06-15 11:00:00,2761.0,2767.0,2750.0,2754.0,54644.0,830931.0,827282.0
2026-06-15 11:15:00,2754.0,2758.0,2750.0,2756.0,27767.0,827282.0,823270.0
2026-06-15 13:30:00,2770.0,2773.0,2759.0,2766.0,58809.0,823270.0,814617.0
2026-06-15 13:45:00,2766.0,2779.0,2760.0,2773.0,49614.0,814617.0,806519.0
2026-06-15 14:00:00,2773.0,2782.0,2769.0,2776.0,39836.0,806519.0,800430.0
2026-06-15 14:15:00,2776.0,2776.0,2765.0,2770.0,29840.0,800430.0,801935.0
2026-06-15 14:30:00,2770.0,2777.0,2766.0,2770.0,26363.0,801935.0,801726.0
2026-06-15 14:45:00,2770.0,2775.0,2766.0,2770.0,40784.0,801726.0,794847.0
2026-06-15 21:00:00,2769.0,2769.0,2742.0,2763.0,137553.0,794847.0,781277.0
2026-06-15 21:15:00,2763.0,2774.0,2763.0,2773.0,47787.0,781277.0,777298.0
2026-06-15 21:30:00,2773.0,2782.0,2757.0,2762.0,59661.0,777298.0,779960.0
2026-06-15 21:45:00,2762.0,2764.0,2757.0,2762.0,23845.0,779960.0,782000.0
2026-06-15 22:00:00,2762.0,2774.0,2756.0,2770.0,38378.0,782000.0,782370.0
2026-06-15 22:15:00,2770.0,2770.0,2759.0,2760.0,22552.0,782370.0,784246.0
2026-06-15 22:30:00,2760.0,2763.0,2759.0,2761.0,15992.0,784246.0,781784.0
2026-06-15 22:45:00,2761.0,2769.0,2761.0,2767.0,24071.0,781784.0,772866.0
2026-06-16 09:00:00,2767.0,2778.0,2714.0,2716.0,166865.0,772866.0,782687.0
2026-06-16 09:15:00,2716.0,2716.0,2678.0,2700.0,195564.0,782687.0,786072.0
2026-06-16 09:30:00,2700.0,2713.0,2693.0,2693.0,76272.0,786072.0,782991.0
2026-06-16 09:45:00,2693.0,2696.0,2686.0,2689.0,48620.0,782991.0,780495.0
2026-06-16 10:00:00,2689.0,2691.0,2668.0,2679.0,71175.0,780495.0,781713.0
2026-06-16 10:30:00,2679.0,2683.0,2666.0,2677.0,57088.0,781713.0,787352.0
2026-06-16 10:45:00,2677.0,2678.0,2666.0,2677.0,41680.0,787352.0,785010.0
2026-06-16 11:00:00,2677.0,2679.0,2658.0,2666.0,42976.0,785010.0,785482.0
2026-06-16 11:15:00,2666.0,2668.0,2659.0,2666.0,38088.0,785482.0,783540.0
2026-06-16 13:30:00,2661.0,2685.0,2650.0,2683.0,92366.0,783540.0,776620.0
2026-06-16 13:45:00,2683.0,2690.0,2680.0,2683.0,45801.0,776620.0,776242.0
2026-06-16 14:00:00,2683.0,2685.0,2674.0,2676.0,29489.0,776242.0,774579.0
2026-06-16 14:15:00,2676.0,2682.0,2671.0,2681.0,23826.0,774579.0,772927.0
2026-06-16 14:30:00,2681.0,2686.0,2677.0,2685.0,24923.0,772927.0,771387.0
2026-06-16 14:45:00,2685.0,2688.0,2683.0,2684.0,37251.0,771387.0,761331.0
2026-06-16 21:00:00,2637.0,2675.0,2637.0,2670.0,149906.0,761331.0,771053.0
2026-06-16 21:15:00,2670.0,2674.0,2661.0,2671.0,36358.0,771053.0,772804.0
2026-06-16 21:30:00,2671.0,2678.0,2667.0,2677.0,34045.0,772804.0,773300.0
2026-06-16 21:45:00,2677.0,2682.0,2669.0,2669.0,33621.0,773300.0,771837.0
2026-06-16 22:00:00,2669.0,2677.0,2669.0,2675.0,17362.0,771837.0,770369.0
2026-06-16 22:15:00,2675.0,2676.0,2666.0,2669.0,20733.0,770369.0,767622.0
2026-06-16 22:30:00,2669.0,2670.0,2661.0,2664.0,25390.0,767622.0,764578.0
2026-06-16 22:45:00,2664.0,2668.0,2659.0,2667.0,29194.0,764578.0,758780.0
2026-06-17 09:00:00,2667.0,2679.0,2655.0,2658.0,71303.0,758780.0,756381.0
2026-06-17 09:15:00,2658.0,2663.0,2642.0,2647.0,51244.0,756381.0,757551.0
2026-06-17 09:30:00,2647.0,2653.0,2631.0,2635.0,74496.0,757551.0,758927.0
2026-06-17 09:45:00,2635.0,2650.0,2628.0,2630.0,61577.0,758927.0,755393.0
2026-06-17 10:00:00,2630.0,2635.0,2620.0,2625.0,62746.0,755393.0,755035.0
2026-06-17 10:30:00,2625.0,2629.0,2614.0,2626.0,47307.0,755035.0,759002.0
2026-06-17 10:45:00,2626.0,2626.0,2610.0,2615.0,33513.0,759002.0,763049.0
2026-06-17 11:00:00,2615.0,2619.0,2609.0,2610.0,29759.0,763049.0,765183.0
2026-06-17 11:15:00,2610.0,2616.0,2607.0,2611.0,29993.0,765183.0,762627.0
2026-06-17 13:30:00,2601.0,2633.0,2600.0,2626.0,98249.0,762627.0,758053.0
2026-06-17 13:45:00,2626.0,2644.0,2623.0,2639.0,56396.0,758053.0,757682.0
2026-06-17 14:00:00,2639.0,2639.0,2617.0,2629.0,57614.0,757682.0,761695.0
2026-06-17 14:15:00,2629.0,2632.0,2623.0,2623.0,17818.0,761695.0,760864.0
2026-06-17 14:30:00,2623.0,2629.0,2618.0,2619.0,23722.0,760864.0,758540.0
2026-06-17 14:45:00,2619.0,2620.0,2607.0,2614.0,54925.0,758540.0,755190.0
2026-06-17 21:00:00,2638.0,2638.0,2616.0,2617.0,96877.0,755190.0,753261.0
2026-06-17 21:15:00,2617.0,2624.0,2613.0,2622.0,45232.0,753261.0,753530.0
2026-06-17 21:30:00,2622.0,2630.0,2622.0,2626.0,32050.0,753530.0,748925.0
2026-06-17 21:45:00,2626.0,2631.0,2624.0,2625.0,22033.0,748925.0,748387.0
2026-06-17 22:00:00,2625.0,2631.0,2616.0,2631.0,37468.0,748387.0,747453.0
2026-06-17 22:15:00,2631.0,2635.0,2622.0,2627.0,30987.0,747453.0,746425.0
2026-06-17 22:30:00,2627.0,2630.0,2625.0,2627.0,15001.0,746425.0,746376.0
2026-06-17 22:45:00,2627.0,2639.0,2626.0,2632.0,46251.0,746376.0,736043.0
2026-06-18 09:00:00,2632.0,2632.0,2590.0,2604.0,127069.0,736043.0,742842.0
2026-06-18 09:15:00,2604.0,2612.0,2584.0,2585.0,60192.0,742842.0,744022.0
2026-06-18 09:30:00,2585.0,2597.0,2585.0,2589.0,37030.0,744022.0,744685.0
2026-06-18 09:45:00,2589.0,2596.0,2582.0,2589.0,36848.0,744685.0,742930.0
2026-06-18 10:00:00,2589.0,2590.0,2572.0,2574.0,52817.0,742930.0,742071.0
2026-06-18 10:30:00,2574.0,2586.0,2569.0,2579.0,51047.0,742071.0,740654.0
2026-06-18 10:45:00,2579.0,2585.0,2567.0,2570.0,36174.0,740654.0,739101.0
2026-06-18 11:00:00,2570.0,2574.0,2563.0,2566.0,33104.0,739101.0,740205.0
2026-06-18 11:15:00,2566.0,2574.0,2561.0,2567.0,33876.0,740205.0,734407.0
2026-06-18 13:30:00,2551.0,2568.0,2550.0,2565.0,71407.0,734407.0,735816.0
2026-06-18 13:45:00,2565.0,2566.0,2549.0,2558.0,42384.0,735816.0,737505.0
2026-06-18 14:00:00,2558.0,2561.0,2549.0,2557.0,39419.0,737505.0,735822.0
2026-06-18 14:15:00,2557.0,2560.0,2547.0,2552.0,37459.0,735822.0,732055.0
2026-06-18 14:30:00,2552.0,2566.0,2549.0,2558.0,45175.0,732055.0,730253.0
2026-06-18 14:45:00,2558.0,2569.0,2556.0,2566.0,53858.0,730253.0,715618.0
2026-06-22 09:00:00,2609.0,2614.0,2569.0,2575.0,165926.0,715618.0,719317.0
2026-06-22 09:15:00,2575.0,2579.0,2529.0,2530.0,113371.0,719317.0,724696.0
2026-06-22 09:30:00,2530.0,2541.0,2521.0,2524.0,64722.0,724696.0,732106.0
2026-06-22 09:45:00,2524.0,2529.0,2517.0,2523.0,47403.0,732106.0,734401.0
2026-06-22 10:00:00,2523.0,2524.0,2506.0,2509.0,54483.0,734401.0,739782.0
2026-06-22 10:30:00,2509.0,2510.0,2494.0,2499.0,59293.0,739782.0,743277.0
2026-06-22 10:45:00,2499.0,2520.0,2496.0,2517.0,64566.0,743277.0,736827.0
2026-06-22 11:00:00,2517.0,2524.0,2513.0,2518.0,57957.0,736827.0,729921.0
2026-06-22 11:15:00,2518.0,2523.0,2515.0,2517.0,25560.0,729921.0,727904.0
2026-06-22 13:30:00,2505.0,2510.0,2497.0,2504.0,51568.0,727904.0,727638.0
2026-06-22 13:45:00,2504.0,2507.0,2488.0,2497.0,53998.0,727638.0,732448.0
2026-06-22 14:00:00,2497.0,2522.0,2490.0,2518.0,62635.0,732448.0,723049.0
2026-06-22 14:15:00,2518.0,2523.0,2509.0,2518.0,35809.0,723049.0,719170.0
2026-06-22 14:30:00,2518.0,2528.0,2515.0,2524.0,39656.0,719170.0,711715.0
2026-06-22 14:45:00,2524.0,2530.0,2520.0,2528.0,51006.0,711715.0,692562.0
2026-06-22 21:00:00,2508.0,2525.0,2505.0,2515.0,87791.0,692562.0,697932.0
2026-06-22 21:15:00,2515.0,2523.0,2515.0,2519.0,29409.0,697932.0,698433.0
2026-06-22 21:30:00,2519.0,2520.0,2503.0,2503.0,48116.0,698433.0,703927.0
2026-06-22 21:45:00,2503.0,2505.0,2493.0,2499.0,58561.0,703927.0,707093.0
2026-06-22 22:00:00,2499.0,2501.0,2489.0,2495.0,38425.0,707093.0,708357.0
2026-06-22 22:15:00,2495.0,2501.0,2493.0,2498.0,20228.0,708357.0,707001.0
2026-06-22 22:30:00,2498.0,2517.0,2497.0,2516.0,41987.0,707001.0,705015.0
2026-06-22 22:45:00,2516.0,2517.0,2506.0,2508.0,26438.0,705015.0,697621.0
2026-06-23 09:00:00,2508.0,2534.0,2506.0,2534.0,104213.0,697621.0,708586.0
2026-06-23 09:15:00,2534.0,2559.0,2533.0,2551.0,132482.0,708586.0,707260.0
2026-06-23 09:30:00,2551.0,2553.0,2531.0,2536.0,60678.0,707260.0,709688.0
2026-06-23 09:45:00,2536.0,2540.0,2526.0,2531.0,36669.0,709688.0,708473.0
2026-06-23 10:00:00,2531.0,2536.0,2529.0,2532.0,17984.0,708473.0,706664.0
2026-06-23 10:30:00,2532.0,2545.0,2527.0,2531.0,34753.0,706664.0,706052.0
2026-06-23 10:45:00,2531.0,2535.0,2512.0,2514.0,38497.0,706052.0,704224.0
2026-06-23 11:00:00,2514.0,2518.0,2510.0,2513.0,33669.0,704224.0,700015.0
2026-06-23 11:15:00,2513.0,2516.0,2509.0,2514.0,21984.0,700015.0,697342.0
2026-06-23 13:30:00,2513.0,2513.0,2501.0,2504.0,40149.0,697342.0,693703.0
2026-06-23 13:45:00,2504.0,2507.0,2495.0,2496.0,35570.0,693703.0,695505.0
2026-06-23 14:00:00,2496.0,2510.0,2495.0,2510.0,28990.0,695505.0,692999.0
2026-06-23 14:15:00,2510.0,2510.0,2494.0,2500.0,25505.0,692999.0,689906.0
2026-06-23 14:30:00,2500.0,2501.0,2485.0,2492.0,39466.0,689906.0,690254.0
2026-06-23 14:45:00,2492.0,2496.0,2489.0,2493.0,30738.0,690254.0,682499.0
2026-06-23 21:00:00,2501.0,2506.0,2489.0,2495.0,80493.0,682499.0,691951.0
2026-06-23 21:15:00,2495.0,2502.0,2493.0,2494.0,25057.0,691951.0,692690.0
2026-06-23 21:30:00,2494.0,2497.0,2482.0,2485.0,43420.0,692690.0,696393.0
2026-06-23 21:45:00,2485.0,2490.0,2480.0,2490.0,26131.0,696393.0,694892.0
2026-06-23 22:00:00,2490.0,2496.0,2487.0,2496.0,23588.0,694892.0,692386.0
2026-06-23 22:15:00,2496.0,2497.0,2490.0,2492.0,13550.0,692386.0,691628.0
2026-06-23 22:30:00,2492.0,2508.0,2491.0,2504.0,32326.0,691628.0,686880.0
2026-06-23 22:45:00,2504.0,2508.0,2499.0,2502.0,25575.0,686880.0,681840.0
2026-06-24 09:00:00,2502.0,2502.0,2474.0,2485.0,67888.0,681840.0,683246.0
2026-06-24 09:15:00,2485.0,2513.0,2485.0,2503.0,63771.0,683246.0,684276.0
2026-06-24 09:30:00,2503.0,2505.0,2488.0,2491.0,33427.0,684276.0,681565.0
2026-06-24 09:45:00,2491.0,2494.0,2471.0,2486.0,75328.0,681565.0,685722.0
2026-06-24 10:00:00,2486.0,2489.0,2479.0,2481.0,23469.0,685722.0,686879.0
2026-06-24 10:30:00,2480.0,2480.0,2448.0,2460.0,133928.0,686879.0,690886.0
2026-06-24 10:45:00,2460.0,2468.0,2447.0,2449.0,48361.0,690886.0,694029.0
2026-06-24 11:00:00,2449.0,2458.0,2446.0,2453.0,36732.0,694029.0,696688.0
2026-06-24 11:15:00,2453.0,2460.0,2451.0,2456.0,20357.0,696688.0,693529.0
2026-06-24 13:30:00,2460.0,2477.0,2459.0,2466.0,61022.0,693529.0,687659.0
2026-06-24 13:45:00,2466.0,2475.0,2463.0,2467.0,33123.0,687659.0,686660.0
2026-06-24 14:00:00,2467.0,2484.0,2466.0,2468.0,50442.0,686660.0,686925.0
2026-06-24 14:15:00,2468.0,2469.0,2460.0,2465.0,28986.0,686925.0,687027.0
2026-06-24 14:30:00,2465.0,2466.0,2455.0,2459.0,23559.0,687027.0,684505.0
2026-06-24 14:45:00,2459.0,2462.0,2453.0,2459.0,37006.0,684505.0,679449.0
2026-06-24 21:00:00,2439.0,2451.0,2419.0,2431.0,184816.0,679449.0,710461.0
2026-06-24 21:15:00,2431.0,2432.0,2408.0,2415.0,105519.0,710461.0,727465.0
2026-06-24 21:30:00,2415.0,2415.0,2407.0,2415.0,59835.0,727465.0,735699.0
2026-06-24 21:45:00,2415.0,2424.0,2408.0,2408.0,68463.0,735699.0,733184.0
2026-06-24 22:00:00,2408.0,2421.0,2408.0,2416.0,36922.0,733184.0,731942.0
2026-06-24 22:15:00,2416.0,2435.0,2416.0,2430.0,61114.0,731942.0,727903.0
2026-06-24 22:30:00,2430.0,2437.0,2427.0,2429.0,49118.0,727903.0,730816.0
2026-06-24 22:45:00,2429.0,2431.0,2425.0,2429.0,31570.0,730816.0,723888.0
2026-06-25 09:00:00,2429.0,2431.0,2398.0,2417.0,131225.0,723888.0,728501.0
2026-06-25 09:15:00,2417.0,2434.0,2417.0,2421.0,67883.0,728501.0,733659.0
2026-06-25 09:30:00,2421.0,2439.0,2418.0,2430.0,60346.0,733659.0,741503.0
2026-06-25 09:45:00,2430.0,2439.0,2424.0,2439.0,43101.0,741503.0,745240.0
2026-06-25 10:00:00,2439.0,2444.0,2426.0,2432.0,47856.0,745240.0,744854.0
2026-06-25 10:30:00,2432.0,2450.0,2432.0,2447.0,54755.0,744854.0,746274.0
2026-06-25 10:45:00,2447.0,2458.0,2443.0,2453.0,64000.0,746274.0,742759.0
2026-06-25 11:00:00,2453.0,2455.0,2434.0,2441.0,39746.0,742759.0,739257.0
2026-06-25 11:15:00,2441.0,2446.0,2435.0,2442.0,26612.0,739257.0,736311.0
2026-06-25 13:30:00,2450.0,2450.0,2418.0,2425.0,74897.0,736311.0,733663.0
2026-06-25 13:45:00,2425.0,2430.0,2405.0,2406.0,69044.0,733663.0,730395.0
2026-06-25 14:00:00,2406.0,2424.0,2404.0,2424.0,65722.0,730395.0,728205.0
2026-06-25 14:15:00,2424.0,2428.0,2419.0,2427.0,42551.0,728205.0,728537.0
2026-06-25 14:30:00,2427.0,2427.0,2419.0,2422.0,27770.0,728537.0,725470.0
2026-06-25 14:45:00,2422.0,2429.0,2418.0,2429.0,34628.0,725470.0,716209.0
2026-06-25 21:00:00,2435.0,2455.0,2426.0,2452.0,122063.0,716209.0,734098.0
2026-06-25 21:15:00,2452.0,2458.0,2447.0,2448.0,72761.0,734098.0,747861.0
2026-06-25 21:30:00,2448.0,2454.0,2442.0,2453.0,49794.0,747861.0,749885.0
2026-06-25 21:45:00,2453.0,2455.0,2449.0,2454.0,22946.0,749885.0,750897.0
2026-06-25 22:00:00,2454.0,2456.0,2443.0,2453.0,44033.0,750897.0,752176.0
2026-06-25 22:15:00,2453.0,2464.0,2448.0,2459.0,49371.0,752176.0,751959.0
2026-06-25 22:30:00,2459.0,2459.0,2446.0,2452.0,49147.0,751959.0,748742.0
2026-06-25 22:45:00,2452.0,2454.0,2447.0,2454.0,30957.0,748742.0,737962.0
2026-06-26 09:00:00,2454.0,2474.0,2454.0,2461.0,124394.0,737962.0,727796.0
2026-06-26 09:15:00,2461.0,2478.0,2457.0,2469.0,66943.0,727796.0,727837.0
2026-06-26 09:30:00,2469.0,2470.0,2460.0,2462.0,30328.0,727837.0,725748.0
2026-06-26 09:45:00,2462.0,2463.0,2453.0,2455.0,36048.0,725748.0,721858.0
2026-06-26 10:00:00,2455.0,2456.0,2442.0,2448.0,40738.0,721858.0,719541.0
2026-06-26 10:30:00,2448.0,2448.0,2435.0,2444.0,44530.0,719541.0,712761.0
2026-06-26 10:45:00,2444.0,2445.0,2436.0,2438.0,23782.0,712761.0,711239.0
2026-06-26 11:00:00,2438.0,2439.0,2431.0,2433.0,32127.0,711239.0,710769.0
2026-06-26 11:15:00,2433.0,2435.0,2428.0,2435.0,30869.0,710769.0,706931.0
2026-06-26 13:30:00,2433.0,2436.0,2425.0,2433.0,40323.0,706931.0,709039.0
2026-06-26 13:45:00,2433.0,2448.0,2429.0,2444.0,43192.0,709039.0,707495.0
2026-06-26 14:00:00,2444.0,2445.0,2438.0,2439.0,17574.0,707495.0,707246.0
2026-06-26 14:15:00,2439.0,2444.0,2436.0,2438.0,24384.0,707246.0,705457.0
2026-06-26 14:30:00,2438.0,2438.0,2429.0,2431.0,32781.0,705457.0,704156.0
2026-06-26 14:45:00,2431.0,2433.0,2426.0,2430.0,35112.0,704156.0,699787.0
2026-06-26 21:00:00,2418.0,2438.0,2410.0,2435.0,83363.0,699787.0,703713.0
2026-06-26 21:15:00,2435.0,2452.0,2434.0,2449.0,69070.0,703713.0,713407.0
2026-06-26 21:30:00,2449.0,2457.0,2444.0,2447.0,64581.0,713407.0,724038.0
2026-06-26 21:45:00,2447.0,2454.0,2442.0,2453.0,42918.0,724038.0,727626.0
2026-06-26 22:00:00,2453.0,2459.0,2450.0,2457.0,44630.0,727626.0,733603.0
2026-06-26 22:15:00,2457.0,2457.0,2447.0,2449.0,25557.0,733603.0,730839.0
2026-06-26 22:30:00,2449.0,2451.0,2444.0,2446.0,25676.0,730839.0,726800.0
2026-06-26 22:45:00,2446.0,2457.0,2446.0,2457.0,29151.0,726800.0,714999.0
2026-06-29 09:00:00,2457.0,2467.0,2437.0,2445.0,131361.0,714999.0,718439.0
2026-06-29 09:15:00,2445.0,2450.0,2436.0,2441.0,53912.0,718439.0,718382.0
2026-06-29 09:30:00,2441.0,2447.0,2430.0,2431.0,66147.0,718382.0,716949.0
2026-06-29 09:45:00,2431.0,2437.0,2426.0,2429.0,50903.0,716949.0,717191.0
2026-06-29 10:00:00,2429.0,2436.0,2425.0,2431.0,41196.0,717191.0,719324.0
2026-06-29 10:30:00,2431.0,2437.0,2425.0,2433.0,47269.0,719324.0,719032.0
2026-06-29 10:45:00,2433.0,2447.0,2430.0,2444.0,34145.0,719032.0,715810.0
2026-06-29 11:00:00,2444.0,2457.0,2443.0,2449.0,53549.0,715810.0,713159.0
2026-06-29 11:15:00,2449.0,2455.0,2441.0,2451.0,31195.0,713159.0,708176.0
2026-06-29 13:30:00,2446.0,2450.0,2436.0,2447.0,47169.0,708176.0,705829.0
2026-06-29 13:45:00,2447.0,2451.0,2440.0,2445.0,23221.0,705829.0,706865.0
2026-06-29 14:00:00,2445.0,2457.0,2445.0,2450.0,35368.0,706865.0,712735.0
2026-06-29 14:15:00,2450.0,2465.0,2448.0,2463.0,43270.0,712735.0,711736.0
2026-06-29 14:30:00,2463.0,2471.0,2459.0,2461.0,50442.0,711736.0,714220.0
2026-06-29 14:45:00,2461.0,2464.0,2458.0,2460.0,38767.0,714220.0,707950.0
2026-06-29 21:00:00,2463.0,2463.0,2435.0,2443.0,124276.0,707950.0,710463.0
2026-06-29 21:15:00,2443.0,2447.0,2439.0,2442.0,29775.0,710463.0,712082.0
2026-06-29 21:30:00,2442.0,2445.0,2440.0,2442.0,15435.0,712082.0,711373.0
2026-06-29 21:45:00,2442.0,2449.0,2442.0,2446.0,18783.0,711373.0,710107.0
2026-06-29 22:00:00,2446.0,2449.0,2444.0,2449.0,16426.0,710107.0,708074.0
2026-06-29 22:15:00,2449.0,2454.0,2449.0,2452.0,23488.0,708074.0,707007.0
2026-06-29 22:30:00,2452.0,2454.0,2448.0,2450.0,11286.0,707007.0,705090.0
2026-06-29 22:45:00,2450.0,2454.0,2449.0,2452.0,16923.0,705090.0,697830.0
2026-06-30 09:00:00,2452.0,2461.0,2444.0,2451.0,44729.0,697830.0,693325.0
2026-06-30 09:15:00,2451.0,2454.0,2446.0,2446.0,22856.0,693325.0,691413.0
2026-06-30 09:30:00,2446.0,2452.0,2443.0,2447.0,23952.0,691413.0,692251.0
2026-06-30 09:45:00,2447.0,2448.0,2425.0,2429.0,89918.0,692251.0,702943.0
2026-06-30 10:00:00,2429.0,2443.0,2429.0,2433.0,53760.0,702943.0,702345.0
2026-06-30 10:30:00,2435.0,2438.0,2427.0,2431.0,35868.0,702345.0,705580.0
2026-06-30 10:45:00,2431.0,2455.0,2431.0,2442.0,70443.0,705580.0,700746.0
2026-06-30 11:00:00,2442.0,2446.0,2428.0,2433.0,52670.0,700746.0,707903.0
2026-06-30 11:15:00,2433.0,2440.0,2431.0,2434.0,33674.0,707903.0,705318.0
2026-06-30 13:30:00,2429.0,2429.0,2415.0,2426.0,86409.0,705318.0,718082.0
2026-06-30 13:45:00,2426.0,2427.0,2400.0,2401.0,109931.0,718082.0,726165.0
2026-06-30 14:00:00,2401.0,2418.0,2401.0,2415.0,53967.0,726165.0,718790.0
2026-06-30 14:15:00,2415.0,2418.0,2405.0,2406.0,31156.0,718790.0,719385.0
2026-06-30 14:30:00,2406.0,2422.0,2405.0,2419.0,38179.0,719385.0,713268.0
2026-06-30 14:45:00,2419.0,2430.0,2419.0,2428.0,58441.0,713268.0,700024.0
2026-06-30 21:00:00,2441.0,2451.0,2432.0,2442.0,130148.0,700024.0,696159.0
2026-06-30 21:15:00,2442.0,2445.0,2428.0,2434.0,47028.0,696159.0,701397.0
2026-06-30 21:30:00,2434.0,2434.0,2416.0,2416.0,59528.0,701397.0,712683.0
2026-06-30 21:45:00,2416.0,2417.0,2412.0,2415.0,52299.0,712683.0,724288.0
2026-06-30 22:00:00,2415.0,2418.0,2406.0,2410.0,45284.0,724288.0,732360.0
2026-06-30 22:15:00,2410.0,2416.0,2408.0,2415.0,28486.0,732360.0,730845.0
2026-06-30 22:30:00,2415.0,2417.0,2412.0,2412.0,18189.0,730845.0,730158.0
2026-06-30 22:45:00,2412.0,2416.0,2410.0,2411.0,24277.0,730158.0,720897.0
2026-07-01 09:00:00,2411.0,2420.0,2402.0,2420.0,57918.0,720897.0,719763.0
2026-07-01 09:15:00,2420.0,2420.0,2393.0,2398.0,85569.0,719763.0,732202.0
2026-07-01 09:30:00,2398.0,2400.0,2386.0,2390.0,52819.0,732202.0,740255.0
2026-07-01 09:45:00,2390.0,2393.0,2382.0,2390.0,44707.0,740255.0,743175.0
2026-07-01 10:00:00,2390.0,2392.0,2383.0,2385.0,30253.0,743175.0,745194.0
2026-07-01 10:30:00,2385.0,2388.0,2379.0,2382.0,34110.0,745194.0,748201.0
2026-07-01 10:45:00,2382.0,2386.0,2375.0,2379.0,40059.0,748201.0,750643.0
2026-07-01 11:00:00,2379.0,2388.0,2378.0,2383.0,26202.0,750643.0,749084.0
2026-07-01 11:15:00,2383.0,2389.0,2382.0,2384.0,27179.0,749084.0,748412.0
2026-07-01 13:30:00,2384.0,2388.0,2379.0,2381.0,26080.0,748412.0,749935.0
2026-07-01 13:45:00,2381.0,2386.0,2374.0,2376.0,31465.0,749935.0,752838.0
2026-07-01 14:00:00,2376.0,2383.0,2374.0,2378.0,29633.0,752838.0,752352.0
2026-07-01 14:15:00,2378.0,2380.0,2375.0,2378.0,23254.0,752352.0,751700.0
2026-07-01 14:30:00,2378.0,2379.0,2368.0,2371.0,41411.0,751700.0,755916.0
2026-07-01 14:45:00,2371.0,2373.0,2347.0,2350.0,105007.0,755916.0,751100.0
2026-07-01 21:00:00,2343.0,2360.0,2341.0,2353.0,116865.0,751100.0,758057.0
2026-07-01 21:15:00,2353.0,2355.0,2345.0,2350.0,54852.0,758057.0,765197.0
2026-07-01 21:30:00,2350.0,2351.0,2344.0,2348.0,31237.0,765197.0,766532.0
2026-07-01 21:45:00,2348.0,2356.0,2347.0,2350.0,31390.0,766532.0,764026.0
2026-07-01 22:00:00,2350.0,2351.0,2345.0,2347.0,19259.0,764026.0,765404.0
2026-07-01 22:15:00,2347.0,2351.0,2342.0,2347.0,34899.0,765404.0,766843.0
2026-07-01 22:30:00,2347.0,2348.0,2337.0,2339.0,43673.0,766843.0,770949.0
2026-07-01 22:45:00,2339.0,2340.0,2327.0,2329.0,64735.0,770949.0,765615.0
2026-07-02 09:00:00,2329.0,2330.0,2311.0,2324.0,115261.0,765615.0,763366.0
2026-07-02 09:15:00,2324.0,2325.0,2306.0,2317.0,65125.0,763366.0,763156.0
2026-07-02 09:30:00,2317.0,2331.0,2314.0,2328.0,51999.0,763156.0,765673.0
2026-07-02 09:45:00,2328.0,2330.0,2319.0,2326.0,28383.0,765673.0,764428.0
2026-07-02 10:00:00,2326.0,2338.0,2322.0,2331.0,43551.0,764428.0,762740.0
2026-07-02 10:30:00,2329.0,2336.0,2325.0,2329.0,27980.0,762740.0,759458.0
2026-07-02 10:45:00,2329.0,2332.0,2325.0,2326.0,18376.0,759458.0,760525.0
2026-07-02 11:00:00,2326.0,2328.0,2322.0,2323.0,18021.0,760525.0,759667.0
2026-07-02 11:15:00,2323.0,2326.0,2320.0,2323.0,23740.0,759667.0,758261.0
2026-07-02 13:30:00,2325.0,2337.0,2325.0,2334.0,54954.0,758261.0,759708.0
2026-07-02 13:45:00,2334.0,2338.0,2330.0,2332.0,29198.0,759708.0,758555.0
2026-07-02 14:00:00,2332.0,2333.0,2327.0,2331.0,25295.0,758555.0,755748.0
2026-07-02 14:15:00,2331.0,2356.0,2330.0,2355.0,64861.0,755748.0,751573.0
2026-07-02 14:30:00,2355.0,2358.0,2346.0,2352.0,74830.0,751573.0,748260.0
2026-07-02 14:45:00,2352.0,2352.0,2338.0,2347.0,52696.0,748260.0,739481.0
2026-07-02 21:00:00,2346.0,2356.0,2340.0,2343.0,83308.0,739481.0,747072.0
2026-07-02 21:15:00,2343.0,2347.0,2341.0,2347.0,28239.0,747072.0,751300.0
2026-07-02 21:30:00,2347.0,2361.0,2345.0,2357.0,55633.0,751300.0,751928.0
2026-07-02 21:45:00,2357.0,2372.0,2357.0,2370.0,117000.0,751928.0,742654.0
2026-07-02 22:00:00,2370.0,2377.0,2367.0,2373.0,67690.0,742654.0,742429.0
2026-07-02 22:15:00,2373.0,2382.0,2369.0,2370.0,62539.0,742429.0,737303.0
2026-07-02 22:30:00,2370.0,2378.0,2369.0,2377.0,29220.0,737303.0,737529.0
2026-07-02 22:45:00,2377.0,2387.0,2375.0,2386.0,64056.0,737529.0,731506.0
2026-07-03 09:00:00,2386.0,2398.0,2374.0,2374.0,83788.0,731506.0,717197.0
2026-07-03 09:15:00,2374.0,2376.0,2366.0,2371.0,48759.0,717197.0,708936.0
2026-07-03 09:30:00,2371.0,2392.0,2370.0,2391.0,58745.0,708936.0,706373.0
2026-07-03 09:45:00,2391.0,2394.0,2380.0,2386.0,55799.0,706373.0,703973.0
2026-07-03 10:00:00,2386.0,2388.0,2381.0,2385.0,24921.0,703973.0,704884.0
2026-07-03 10:30:00,2385.0,2388.0,2376.0,2386.0,35068.0,704884.0,701856.0
2026-07-03 10:45:00,2386.0,2386.0,2365.0,2371.0,50496.0,701856.0,697583.0
2026-07-03 11:00:00,2371.0,2378.0,2369.0,2376.0,27369.0,697583.0,693203.0
2026-07-03 11:15:00,2376.0,2391.0,2375.0,2386.0,49604.0,693203.0,690077.0
2026-07-03 13:30:00,2386.0,2394.0,2380.0,2390.0,36885.0,690077.0,695161.0
2026-07-03 13:45:00,2390.0,2391.0,2383.0,2384.0,24655.0,695161.0,694624.0
2026-07-03 14:00:00,2384.0,2386.0,2377.0,2378.0,25441.0,694624.0,694743.0
2026-07-03 14:15:00,2378.0,2382.0,2374.0,2376.0,24436.0,694743.0,695210.0
2026-07-03 14:30:00,2376.0,2383.0,2375.0,2379.0,17441.0,695210.0,695807.0
2026-07-03 14:45:00,2379.0,2383.0,2373.0,2377.0,37752.0,695807.0,691119.0
2026-07-03 21:00:00,2372.0,2382.0,2363.0,2373.0,87084.0,691119.0,692820.0
2026-07-03 21:15:00,2373.0,2376.0,2364.0,2366.0,39510.0,692820.0,695340.0
2026-07-03 21:30:00,2366.0,2374.0,2363.0,2370.0,28731.0,695340.0,694779.0
2026-07-03 21:45:00,2370.0,2381.0,2369.0,2379.0,40714.0,694779.0,698364.0
2026-07-03 22:00:00,2379.0,2389.0,2376.0,2388.0,38904.0,698364.0,698312.0
2026-07-03 22:15:00,2388.0,2388.0,2380.0,2381.0,25045.0,698312.0,699118.0
2026-07-03 22:30:00,2381.0,2386.0,2380.0,2384.0,16113.0,699118.0,696941.0
2026-07-03 22:45:00,2384.0,2386.0,2380.0,2386.0,23168.0,696941.0,686510.0
2026-07-06 09:00:00,2386.0,2403.0,2373.0,2399.0,102641.0,686510.0,675733.0
2026-07-06 09:15:00,2399.0,2405.0,2392.0,2397.0,49341.0,675733.0,680342.0
2026-07-06 09:30:00,2397.0,2398.0,2379.0,2384.0,43744.0,680342.0,682035.0
2026-07-06 09:45:00,2384.0,2399.0,2384.0,2392.0,39926.0,682035.0,680282.0
2026-07-06 10:00:00,2392.0,2403.0,2390.0,2397.0,29790.0,680282.0,680476.0
2026-07-06 10:30:00,2396.0,2396.0,2380.0,2380.0,38358.0,680476.0,677827.0
2026-07-06 10:45:00,2380.0,2383.0,2375.0,2379.0,30301.0,677827.0,679903.0
2026-07-06 11:00:00,2379.0,2380.0,2375.0,2377.0,17158.0,679903.0,680282.0
2026-07-06 11:15:00,2377.0,2384.0,2376.0,2380.0,15693.0,680282.0,677866.0
2026-07-06 13:30:00,2384.0,2390.0,2381.0,2382.0,34071.0,677866.0,674969.0
2026-07-06 13:45:00,2382.0,2383.0,2377.0,2377.0,23011.0,674969.0,679109.0
2026-07-06 14:00:00,2377.0,2383.0,2376.0,2380.0,18141.0,679109.0,680830.0
2026-07-06 14:15:00,2380.0,2385.0,2375.0,2375.0,22130.0,680830.0,679968.0
2026-07-06 14:30:00,2375.0,2376.0,2371.0,2372.0,34046.0,679968.0,682753.0
2026-07-06 14:45:00,2372.0,2372.0,2361.0,2363.0,63678.0,682753.0,678018.0
2026-07-06 21:00:00,2361.0,2370.0,2352.0,2367.0,87721.0,678018.0,686929.0
2026-07-06 21:15:00,2367.0,2380.0,2365.0,2380.0,58800.0,686929.0,693354.0
2026-07-06 21:30:00,2380.0,2380.0,2374.0,2377.0,26714.0,693354.0,697341.0
2026-07-06 21:45:00,2377.0,2393.0,2375.0,2392.0,57599.0,697341.0,701610.0
2026-07-06 22:00:00,2392.0,2393.0,2385.0,2386.0,39222.0,701610.0,701859.0
2026-07-06 22:15:00,2386.0,2394.0,2384.0,2391.0,29561.0,701859.0,703256.0
2026-07-06 22:30:00,2391.0,2393.0,2387.0,2391.0,23115.0,703256.0,702028.0
2026-07-06 22:45:00,2391.0,2392.0,2386.0,2392.0,28227.0,702028.0,695896.0
2026-07-07 09:00:00,2392.0,2399.0,2385.0,2391.0,53209.0,695896.0,697233.0
2026-07-07 09:15:00,2391.0,2392.0,2383.0,2390.0,37227.0,697233.0,694178.0
2026-07-07 09:30:00,2390.0,2394.0,2386.0,2393.0,18062.0,694178.0,694887.0
2026-07-07 09:45:00,2393.0,2404.0,2393.0,2403.0,48568.0,694887.0,700614.0
2026-07-07 10:00:00,2403.0,2403.0,2395.0,2397.0,23549.0,700614.0,701208.0
2026-07-07 10:30:00,2398.0,2410.0,2388.0,2390.0,61319.0,701208.0,698208.0
2026-07-07 10:45:00,2390.0,2393.0,2380.0,2382.0,44490.0,698208.0,696486.0
2026-07-07 11:00:00,2382.0,2394.0,2382.0,2392.0,28810.0,696486.0,694041.0
2026-07-07 11:15:00,2392.0,2393.0,2387.0,2391.0,16819.0,694041.0,692297.0
2026-07-07 13:30:00,2393.0,2398.0,2388.0,2389.0,28704.0,692297.0,694482.0
2026-07-07 13:45:00,2389.0,2405.0,2385.0,2405.0,41176.0,694482.0,700964.0
2026-07-07 14:00:00,2405.0,2407.0,2396.0,2399.0,42305.0,700964.0,705169.0
2026-07-07 14:15:00,2399.0,2413.0,2397.0,2406.0,49688.0,705169.0,708133.0
2026-07-07 14:30:00,2406.0,2406.0,2398.0,2404.0,27967.0,708133.0,705334.0
2026-07-07 14:45:00,2404.0,2408.0,2401.0,2404.0,35415.0,705334.0,700156.0
2026-07-07 21:00:00,2400.0,2407.0,2395.0,2401.0,79766.0,700156.0,706945.0
2026-07-07 21:15:00,2401.0,2411.0,2398.0,2403.0,51847.0,706945.0,712286.0
2026-07-07 21:30:00,2403.0,2404.0,2391.0,2395.0,64778.0,712286.0,716560.0
2026-07-07 21:45:00,2395.0,2397.0,2383.0,2387.0,64898.0,716560.0,714631.0
2026-07-07 22:00:00,2387.0,2400.0,2387.0,2399.0,45095.0,714631.0,712542.0
2026-07-07 22:15:00,2399.0,2399.0,2381.0,2390.0,50746.0,712542.0,715822.0
2026-07-07 22:30:00,2390.0,2392.0,2386.0,2387.0,19293.0,715822.0,715089.0
2026-07-07 22:45:00,2387.0,2390.0,2386.0,2387.0,20706.0,715089.0,707760.0
2026-07-08 09:00:00,2387.0,2462.0,2387.0,2449.0,290514.0,707760.0,700672.0
2026-07-08 09:15:00,2449.0,2454.0,2435.0,2443.0,78991.0,700672.0,698076.0
2026-07-08 09:30:00,2443.0,2468.0,2442.0,2467.0,92644.0,698076.0,701657.0
2026-07-08 09:45:00,2467.0,2487.0,2464.0,2483.0,124914.0,701657.0,706162.0
2026-07-08 10:00:00,2483.0,2489.0,2475.0,2480.0,68919.0,706162.0,707809.0
2026-07-08 10:30:00,2483.0,2494.0,2475.0,2476.0,70114.0,707809.0,709566.0
2026-07-08 10:45:00,2476.0,2486.0,2476.0,2484.0,28866.0,709566.0,710834.0
2026-07-08 11:00:00,2484.0,2504.0,2483.0,2498.0,84376.0,710834.0,718512.0
2026-07-08 11:15:00,2498.0,2508.0,2496.0,2507.0,61816.0,718512.0,724927.0
2026-07-08 13:30:00,2520.0,2527.0,2505.0,2510.0,152305.0,724927.0,727674.0
2026-07-08 13:45:00,2510.0,2513.0,2502.0,2505.0,55095.0,727674.0,725603.0
2026-07-08 14:00:00,2505.0,2507.0,2490.0,2496.0,81960.0,725603.0,715411.0
2026-07-08 14:15:00,2496.0,2497.0,2487.0,2492.0,47355.0,715411.0,715323.0
2026-07-08 14:30:00,2492.0,2496.0,2486.0,2493.0,33770.0,715323.0,711717.0
2026-07-08 14:45:00,2493.0,2495.0,2487.0,2488.0,48441.0,711717.0,697883.0
2026-07-08 21:00:00,2508.0,2516.0,2497.0,2507.0,173029.0,697883.0,694365.0
2026-07-08 21:15:00,2507.0,2515.0,2505.0,2510.0,58870.0,694365.0,697168.0
2026-07-08 21:30:00,2510.0,2511.0,2494.0,2496.0,58032.0,697168.0,695853.0
2026-07-08 21:45:00,2496.0,2502.0,2492.0,2502.0,46015.0,695853.0,695077.0
2026-07-08 22:00:00,2502.0,2513.0,2500.0,2512.0,55391.0,695077.0,695480.0
2026-07-08 22:15:00,2512.0,2523.0,2511.0,2523.0,68670.0,695480.0,692927.0
2026-07-08 22:30:00,2523.0,2529.0,2521.0,2526.0,85455.0,692927.0,684387.0
2026-07-08 22:45:00,2526.0,2536.0,2523.0,2534.0,67666.0,684387.0,675448.0
2026-07-09 09:00:00,2534.0,2534.0,2497.0,2514.0,119581.0,675448.0,671308.0
2026-07-09 09:15:00,2514.0,2519.0,2507.0,2512.0,47678.0,671308.0,671689.0
2026-07-09 09:30:00,2512.0,2514.0,2507.0,2510.0,31105.0,671689.0,670899.0
2026-07-09 09:45:00,2510.0,2513.0,2505.0,2511.0,31545.0,670899.0,671229.0
2026-07-09 10:00:00,2511.0,2513.0,2499.0,2507.0,39032.0,671229.0,669921.0
2026-07-09 10:30:00,2509.0,2521.0,2509.0,2513.0,46397.0,669921.0,669907.0
2026-07-09 10:45:00,2513.0,2524.0,2512.0,2516.0,36778.0,669907.0,669518.0
2026-07-09 11:00:00,2516.0,2522.0,2507.0,2508.0,27300.0,669518.0,667504.0
2026-07-09 11:15:00,2508.0,2518.0,2508.0,2514.0,22369.0,667504.0,665447.0
2026-07-09 13:30:00,2514.0,2515.0,2485.0,2485.0,102808.0,665447.0,661847.0
2026-07-09 13:45:00,2485.0,2491.0,2462.0,2472.0,158594.0,661847.0,663924.0
2026-07-09 14:00:00,2472.0,2483.0,2468.0,2477.0,82088.0,663924.0,662897.0
2026-07-09 14:15:00,2477.0,2480.0,2472.0,2474.0,35079.0,662897.0,658314.0
2026-07-09 14:30:00,2474.0,2481.0,2474.0,2480.0,24165.0,658314.0,658287.0
2026-07-09 14:45:00,2480.0,2490.0,2479.0,2488.0,52205.0,658287.0,649423.0
2026-07-09 21:00:00,2500.0,2505.0,2475.0,2481.0,148543.0,649423.0,668233.0
2026-07-09 21:15:00,2481.0,2481.0,2468.0,2474.0,70123.0,668233.0,670333.0
2026-07-09 21:30:00,2474.0,2480.0,2466.0,2467.0,52938.0,670333.0,670301.0
2026-07-09 21:45:00,2467.0,2476.0,2467.0,2472.0,28383.0,670301.0,670409.0
2026-07-09 22:00:00,2472.0,2476.0,2464.0,2468.0,34338.0,670409.0,670271.0
2026-07-09 22:15:00,2468.0,2475.0,2467.0,2474.0,20913.0,670271.0,667833.0
2026-07-09 22:30:00,2474.0,2477.0,2468.0,2474.0,26982.0,667833.0,663051.0
2026-07-09 22:45:00,2474.0,2478.0,2469.0,2473.0,30215.0,663051.0,652904.0
2026-07-10 09:00:00,2473.0,2473.0,2447.0,2466.0,111455.0,652904.0,652454.0
2026-07-10 09:15:00,2466.0,2477.0,2466.0,2472.0,48722.0,652454.0,653624.0
2026-07-10 09:30:00,2472.0,2483.0,2468.0,2482.0,46326.0,653624.0,655489.0
2026-07-10 09:45:00,2482.0,2491.0,2480.0,2486.0,54064.0,655489.0,661628.0
2026-07-10 10:00:00,2486.0,2492.0,2484.0,2491.0,32523.0,661628.0,664005.0
2026-07-10 10:30:00,2493.0,2500.0,2490.0,2494.0,46379.0,664005.0,664754.0
2026-07-10 10:45:00,2494.0,2496.0,2489.0,2490.0,25157.0,664754.0,663183.0
2026-07-10 11:00:00,2490.0,2492.0,2479.0,2483.0,34254.0,663183.0,661582.0
2026-07-10 11:15:00,2483.0,2490.0,2480.0,2489.0,20948.0,661582.0,659706.0
2026-07-10 13:30:00,2489.0,2489.0,2481.0,2485.0,20238.0,659706.0,661014.0
2026-07-10 13:45:00,2485.0,2486.0,2475.0,2480.0,33503.0,661014.0,661593.0
2026-07-10 14:00:00,2480.0,2481.0,2472.0,2473.0,23793.0,661593.0,660235.0
2026-07-10 14:15:00,2473.0,2479.0,2470.0,2474.0,28959.0,660235.0,657798.0
2026-07-10 14:30:00,2474.0,2479.0,2472.0,2479.0,22868.0,657798.0,657937.0
2026-07-10 14:45:00,2479.0,2481.0,2476.0,2480.0,35846.0,657937.0,656517.0
2026-07-10 21:00:00,2477.0,2492.0,2475.0,2479.0,87814.0,656517.0,660664.0
2026-07-10 21:15:00,2479.0,2489.0,2478.0,2483.0,27139.0,660664.0,663019.0
2026-07-10 21:30:00,2483.0,2485.0,2475.0,2478.0,29600.0,663019.0,666193.0
2026-07-10 21:45:00,2478.0,2483.0,2476.0,2481.0,16909.0,666193.0,667182.0
2026-07-10 22:00:00,2481.0,2488.0,2481.0,2486.0,24704.0,667182.0,667154.0
2026-07-10 22:15:00,2486.0,2489.0,2484.0,2485.0,13369.0,667154.0,665829.0
2026-07-10 22:30:00,2485.0,2500.0,2482.0,2492.0,56333.0,665829.0,661602.0
2026-07-10 22:45:00,2492.0,2493.0,2488.0,2490.0,25282.0,661602.0,649683.0
2026-07-13 09:00:00,2490.0,2572.0,2490.0,2551.0,228315.0,649683.0,642095.0
2026-07-13 09:15:00,2551.0,2555.0,2544.0,2552.0,56827.0,642095.0,640928.0
2026-07-13 09:30:00,2552.0,2574.0,2551.0,2569.0,112468.0,640928.0,637470.0
2026-07-13 09:45:00,2569.0,2573.0,2560.0,2560.0,51818.0,637470.0,634224.0
2026-07-13 10:00:00,2560.0,2564.0,2544.0,2547.0,78596.0,634224.0,632037.0
2026-07-13 10:30:00,2551.0,2551.0,2538.0,2546.0,85304.0,632037.0,642373.0
2026-07-13 10:45:00,2546.0,2546.0,2534.0,2541.0,35896.0,642373.0,644072.0
2026-07-13 11:00:00,2541.0,2543.0,2536.0,2539.0,22188.0,644072.0,646296.0
2026-07-13 11:15:00,2539.0,2540.0,2534.0,2539.0,23157.0,646296.0,647251.0
2026-07-13 13:30:00,2545.0,2552.0,2543.0,2551.0,48369.0,647251.0,647085.0
2026-07-13 13:45:00,2551.0,2554.0,2539.0,2541.0,33693.0,647085.0,647651.0
2026-07-13 14:00:00,2541.0,2544.0,2534.0,2537.0,30516.0,647651.0,651005.0
2026-07-13 14:15:00,2537.0,2539.0,2524.0,2526.0,45526.0,651005.0,652866.0
2026-07-13 14:30:00,2526.0,2527.0,2514.0,2519.0,58445.0,652866.0,655123.0
2026-07-13 14:45:00,2519.0,2521.0,2514.0,2516.0,45774.0,655123.0,652549.0
2026-07-13 21:00:00,2512.0,2525.0,2507.0,2512.0,108630.0,652549.0,660019.0
2026-07-13 21:15:00,2512.0,2516.0,2504.0,2511.0,50025.0,660019.0,661939.0
2026-07-13 21:30:00,2511.0,2526.0,2510.0,2523.0,58112.0,661939.0,663884.0
2026-07-13 21:45:00,2523.0,2530.0,2517.0,2518.0,45146.0,663884.0,662298.0
2026-07-13 22:00:00,2518.0,2526.0,2515.0,2523.0,31156.0,662298.0,661751.0
2026-07-13 22:15:00,2523.0,2570.0,2521.0,2567.0,209007.0,661751.0,668415.0
2026-07-13 22:30:00,2567.0,2578.0,2563.0,2573.0,134800.0,668415.0,673353.0
2026-07-13 22:45:00,2573.0,2576.0,2564.0,2571.0,71442.0,673353.0,658447.0
2026-07-14 09:00:00,2571.0,2733.0,2571.0,2672.0,311371.0,658447.0,670112.0
2026-07-14 09:15:00,2672.0,2672.0,2652.0,2670.0,96930.0,670112.0,670015.0
2026-07-14 09:30:00,2670.0,2687.0,2662.0,2683.0,92874.0,670015.0,674948.0
2026-07-14 09:45:00,2683.0,2693.0,2666.0,2677.0,89113.0,674948.0,671527.0
2026-07-14 10:00:00,2677.0,2678.0,2649.0,2651.0,87112.0,671527.0,661839.0
2026-07-14 10:30:00,2651.0,2652.0,2622.0,2642.0,140666.0,661839.0,660199.0
2026-07-14 10:45:00,2642.0,2651.0,2637.0,2645.0,46988.0,660199.0,659972.0
2026-07-14 11:00:00,2645.0,2652.0,2638.0,2641.0,39908.0,659972.0,657947.0
2026-07-14 11:15:00,2641.0,2649.0,2641.0,2646.0,32856.0,657947.0,655526.0
2026-07-14 13:30:00,2645.0,2645.0,2612.0,2615.0,97675.0,655526.0,660104.0
2026-07-14 13:45:00,2615.0,2628.0,2612.0,2624.0,49314.0,660104.0,660062.0
2026-07-14 14:00:00,2624.0,2639.0,2624.0,2630.0,50414.0,660062.0,658197.0
2026-07-14 14:15:00,2630.0,2634.0,2622.0,2633.0,37187.0,658197.0,660944.0
2026-07-14 14:30:00,2633.0,2634.0,2626.0,2633.0,35909.0,660944.0,661048.0
2026-07-14 14:45:00,2633.0,2641.0,2630.0,2632.0,53953.0,661048.0,654749.0
2026-07-14 21:00:00,2650.0,2652.0,2629.0,2647.0,153298.0,654749.0,673837.0
2026-07-14 21:15:00,2647.0,2647.0,2631.0,2635.0,68860.0,673837.0,675131.0
2026-07-14 21:30:00,2635.0,2642.0,2621.0,2625.0,73755.0,675131.0,679169.0
2026-07-14 21:45:00,2625.0,2630.0,2623.0,2625.0,37013.0,679169.0,682314.0
2026-07-14 22:00:00,2625.0,2630.0,2622.0,2629.0,27270.0,682314.0,680190.0
2026-07-14 22:15:00,2629.0,2632.0,2621.0,2622.0,31060.0,680190.0,680227.0
2026-07-14 22:30:00,2622.0,2624.0,2615.0,2619.0,50408.0,680227.0,679388.0
2026-07-14 22:45:00,2619.0,2622.0,2613.0,2617.0,44411.0,679388.0,667567.0
2026-07-15 09:00:00,2617.0,2652.0,2617.0,2638.0,143134.0,667567.0,665237.0
2026-07-15 09:15:00,2638.0,2639.0,2627.0,2637.0,53129.0,665237.0,664281.0
2026-07-15 09:30:00,2637.0,2649.0,2635.0,2644.0,49355.0,664281.0,665701.0
2026-07-15 09:45:00,2644.0,2656.0,2641.0,2649.0,54391.0,665701.0,667520.0
2026-07-15 10:00:00,2649.0,2656.0,2641.0,2649.0,46158.0,667520.0,667536.0
2026-07-15 10:30:00,2649.0,2654.0,2642.0,2653.0,32577.0,667536.0,670438.0
2026-07-15 10:45:00,2653.0,2666.0,2651.0,2660.0,63150.0,670438.0,678781.0
2026-07-15 11:00:00,2660.0,2660.0,2648.0,2654.0,42450.0,678781.0,675092.0
2026-07-15 11:15:00,2654.0,2654.0,2644.0,2646.0,46487.0,675092.0,675065.0
2026-07-15 13:30:00,2641.0,2645.0,2630.0,2643.0,76889.0,675065.0,671918.0
2026-07-15 13:45:00,2643.0,2646.0,2636.0,2644.0,35949.0,671918.0,671281.0
2026-07-15 14:00:00,2644.0,2651.0,2642.0,2644.0,31108.0,671281.0,671614.0
2026-07-15 14:15:00,2644.0,2651.0,2643.0,2645.0,29243.0,671614.0,671620.0
2026-07-15 14:30:00,2645.0,2645.0,2639.0,2644.0,25574.0,671620.0,669541.0
2026-07-15 14:45:00,2644.0,2651.0,2641.0,2648.0,39466.0,669541.0,661260.0
2026-07-15 21:00:00,2644.0,2650.0,2620.0,2638.0,139796.0,661260.0,663296.0
2026-07-15 21:15:00,2638.0,2646.0,2636.0,2646.0,50155.0,663296.0,669215.0
2026-07-15 21:30:00,2646.0,2651.0,2636.0,2649.0,48535.0,669215.0,669702.0
2026-07-15 21:45:00,2649.0,2660.0,2641.0,2645.0,93539.0,669702.0,675859.0
2026-07-15 22:00:00,2645.0,2650.0,2641.0,2646.0,38525.0,675859.0,675593.0
2026-07-15 22:15:00,2646.0,2649.0,2637.0,2640.0,33895.0,675593.0,673307.0
2026-07-15 22:30:00,2640.0,2640.0,2631.0,2636.0,53311.0,673307.0,669966.0
2026-07-15 22:45:00,2636.0,2638.0,2625.0,2628.0,55543.0,669966.0,666304.0
2026-07-16 09:00:00,2628.0,2656.0,2628.0,2655.0,89486.0,666304.0,665586.0
2026-07-16 09:15:00,2655.0,2657.0,2645.0,2648.0,40609.0,665586.0,666520.0
2026-07-16 09:30:00,2648.0,2650.0,2636.0,2642.0,41269.0,666520.0,667717.0
2026-07-16 09:45:00,2642.0,2645.0,2633.0,2634.0,35549.0,667717.0,670711.0
2026-07-16 10:00:00,2634.0,2637.0,2626.0,2633.0,60175.0,670711.0,676519.0
2026-07-16 10:30:00,2635.0,2636.0,2616.0,2624.0,74520.0,676519.0,685377.0
2026-07-16 10:45:00,2624.0,2625.0,2614.0,2619.0,36188.0,685377.0,684150.0
2026-07-16 11:00:00,2619.0,2627.0,2618.0,2627.0,27774.0,684150.0,682343.0
2026-07-16 11:15:00,2627.0,2628.0,2616.0,2623.0,26786.0,682343.0,681314.0
2026-07-16 13:30:00,2615.0,2625.0,2607.0,2621.0,58565.0,681314.0,680381.0
2026-07-16 13:45:00,2621.0,2627.0,2618.0,2624.0,24375.0,680381.0,679228.0
2026-07-16 14:00:00,2624.0,2633.0,2620.0,2626.0,35691.0,679228.0,678637.0
2026-07-16 14:15:00,2626.0,2635.0,2624.0,2632.0,32107.0,678637.0,673171.0
2026-07-16 14:30:00,2632.0,2635.0,2627.0,2631.0,24230.0,673171.0,671107.0
2026-07-16 14:45:00,2631.0,2635.0,2628.0,2633.0,34778.0,671107.0,665134.0
2026-07-16 21:00:00,2645.0,2662.0,2640.0,2650.0,132950.0,665134.0,678911.0
2026-07-16 21:15:00,2650.0,2651.0,2636.0,2639.0,49340.0,678911.0,679498.0
2026-07-16 21:30:00,2639.0,2648.0,2636.0,2639.0,40164.0,679498.0,679841.0
2026-07-16 21:45:00,2639.0,2644.0,2637.0,2643.0,23283.0,679841.0,677910.0
2026-07-16 22:00:00,2643.0,2644.0,2637.0,2643.0,20018.0,677910.0,678113.0
2026-07-16 22:15:00,2643.0,2647.0,2640.0,2641.0,20057.0,678113.0,676576.0
2026-07-16 22:30:00,2641.0,2643.0,2639.0,2641.0,11940.0,676576.0,674885.0
2026-07-16 22:45:00,2641.0,2642.0,2637.0,2638.0,24075.0,674885.0,665778.0
2026-07-17 09:00:00,2638.0,2653.0,2633.0,2652.0,62118.0,665778.0,667494.0
2026-07-17 09:15:00,2652.0,2652.0,2644.0,2648.0,33885.0,667494.0,670865.0
2026-07-17 09:30:00,2648.0,2652.0,2629.0,2640.0,60084.0,670865.0,671914.0
2026-07-17 09:45:00,2640.0,2641.0,2625.0,2625.0,40859.0,671914.0,672184.0
2026-07-17 10:00:00,2625.0,2636.0,2624.0,2631.0,33037.0,672184.0,671402.0
2026-07-17 10:30:00,2628.0,2630.0,2621.0,2625.0,26282.0,671402.0,672239.0
2026-07-17 10:45:00,2625.0,2628.0,2622.0,2625.0,21146.0,672239.0,672297.0
2026-07-17 11:00:00,2625.0,2627.0,2618.0,2627.0,29854.0,672297.0,670044.0
2026-07-17 11:15:00,2627.0,2631.0,2621.0,2629.0,20244.0,670044.0,666226.0
2026-07-17 13:30:00,2625.0,2631.0,2615.0,2619.0,50268.0,666226.0,667958.0
2026-07-17 13:45:00,2619.0,2625.0,2614.0,2621.0,32214.0,667958.0,667327.0
2026-07-17 14:00:00,2621.0,2623.0,2613.0,2622.0,31942.0,667327.0,665890.0
2026-07-17 14:15:00,2622.0,2625.0,2617.0,2620.0,23542.0,665890.0,665819.0
2026-07-17 14:30:00,2620.0,2628.0,2619.0,2625.0,26964.0,665819.0,661298.0
2026-07-17 14:45:00,2625.0,2630.0,2623.0,2630.0,31827.0,661298.0,654879.0
2026-07-17 21:00:00,2644.0,2660.0,2643.0,2653.0,127447.0,654879.0,662462.0
2026-07-17 21:15:00,2653.0,2692.0,2651.0,2684.0,177001.0,662462.0,671769.0
2026-07-17 21:30:00,2684.0,2707.0,2679.0,2705.0,119981.0,671769.0,678566.0
2026-07-17 21:45:00,2705.0,2714.0,2698.0,2709.0,100145.0,678566.0,684145.0
2026-07-17 22:00:00,2709.0,2724.0,2707.0,2717.0,112589.0,684145.0,689255.0
2026-07-17 22:15:00,2717.0,2718.0,2704.0,2712.0,79159.0,689255.0,683806.0
2026-07-17 22:30:00,2712.0,2713.0,2706.0,2709.0,41172.0,683806.0,680274.0
2026-07-17 22:45:00,2709.0,2710.0,2702.0,2705.0,61334.0,680274.0,658094.0
2026-07-20 09:00:00,2705.0,2792.0,2705.0,2767.0,223507.0,658094.0,655825.0
2026-07-20 09:15:00,2767.0,2777.0,2758.0,2772.0,76245.0,655825.0,658240.0
2026-07-20 09:30:00,2772.0,2794.0,2771.0,2786.0,82477.0,658240.0,662523.0
2026-07-20 09:45:00,2786.0,2791.0,2778.0,2784.0,59420.0,662523.0,666395.0
2026-07-20 10:00:00,2784.0,2813.0,2780.0,2811.0,79985.0,666395.0,667804.0
2026-07-20 10:30:00,2809.0,2809.0,2787.0,2797.0,81456.0,667804.0,668391.0
2026-07-20 10:45:00,2797.0,2797.0,2785.0,2787.0,43010.0,668391.0,668800.0
2026-07-20 11:00:00,2787.0,2788.0,2780.0,2784.0,36883.0,668800.0,667456.0
2026-07-20 11:15:00,2784.0,2788.0,2780.0,2783.0,28212.0,667456.0,666197.0
2026-07-20 13:30:00,2786.0,2791.0,2778.0,2790.0,44544.0,666197.0,665303.0
2026-07-20 13:45:00,2790.0,2794.0,2786.0,2792.0,28124.0,665303.0,666417.0
2026-07-20 14:00:00,2792.0,2804.0,2792.0,2800.0,41673.0,666417.0,667209.0
2026-07-20 14:15:00,2800.0,2815.0,2799.0,2805.0,45157.0,667209.0,668950.0
2026-07-20 14:30:00,2805.0,2812.0,2796.0,2798.0,40380.0,668950.0,668145.0
2026-07-20 14:45:00,2798.0,2803.0,2790.0,2802.0,62231.0,668145.0,661579.0
2026-07-20 21:00:00,2758.0,2770.0,2696.0,2708.0,344016.0,661579.0,651384.0
2026-07-20 21:15:00,2708.0,2712.0,2699.0,2706.0,90603.0,651384.0,648858.0
2026-07-20 21:30:00,2706.0,2709.0,2699.0,2708.0,66325.0,648858.0,648294.0
2026-07-20 21:45:00,2708.0,2721.0,2705.0,2713.0,82568.0,648294.0,643039.0
2026-07-20 22:00:00,2713.0,2725.0,2710.0,2724.0,57959.0,643039.0,642166.0
2026-07-20 22:15:00,2724.0,2724.0,2716.0,2718.0,32574.0,642166.0,642134.0
2026-07-20 22:30:00,2718.0,2722.0,2713.0,2716.0,34916.0,642134.0,639808.0
2026-07-20 22:45:00,2716.0,2730.0,2715.0,2725.0,50497.0,639808.0,628508.0
2026-07-21 09:00:00,2725.0,2735.0,2715.0,2727.0,84873.0,628508.0,628206.0
2026-07-21 09:15:00,2727.0,2727.0,2717.0,2722.0,34395.0,628206.0,630337.0
2026-07-21 09:30:00,2722.0,2733.0,2722.0,2728.0,32684.0,630337.0,629582.0
2026-07-21 09:45:00,2728.0,2732.0,2721.0,2728.0,23457.0,629582.0,629260.0
2026-07-21 10:00:00,2728.0,2731.0,2718.0,2724.0,28321.0,629260.0,629307.0
2026-07-21 10:30:00,2724.0,2730.0,2716.0,2729.0,29658.0,629307.0,627852.0
2026-07-21 10:45:00,2729.0,2731.0,2686.0,2691.0,117471.0,627852.0,617453.0
2026-07-21 11:00:00,2691.0,2714.0,2687.0,2711.0,60927.0,617453.0,611353.0
2026-07-21 11:15:00,2711.0,2713.0,2704.0,2705.0,33354.0,611353.0,609976.0
2026-07-21 13:30:00,2708.0,2714.0,2696.0,2700.0,40817.0,609976.0,613299.0
2026-07-21 13:45:00,2700.0,2704.0,2692.0,2701.0,46755.0,613299.0,613206.0
2026-07-21 14:00:00,2701.0,2707.0,2696.0,2704.0,28890.0,613206.0,608808.0
2026-07-21 14:15:00,2704.0,2706.0,2698.0,2698.0,23378.0,608808.0,610832.0
2026-07-21 14:30:00,2698.0,2704.0,2697.0,2702.0,19086.0,610832.0,610700.0
2026-07-21 14:45:00,2702.0,2708.0,2700.0,2707.0,39372.0,610700.0,603375.0
2026-07-21 21:00:00,2750.0,2759.0,2723.0,2728.0,192745.0,603375.0,633051.0
2026-07-21 21:15:00,2728.0,2731.0,2719.0,2727.0,60892.0,633051.0,640400.0
2026-07-21 21:30:00,2727.0,2735.0,2708.0,2725.0,89617.0,640400.0,643180.0
2026-07-21 21:45:00,2725.0,2728.0,2710.0,2718.0,51727.0,643180.0,647195.0
2026-07-21 22:00:00,2718.0,2718.0,2705.0,2710.0,57762.0,647195.0,651603.0
2026-07-21 22:15:00,2710.0,2716.0,2706.0,2710.0,39261.0,651603.0,655713.0
2026-07-21 22:30:00,2710.0,2719.0,2708.0,2710.0,40576.0,655713.0,655090.0
2026-07-21 22:45:00,2710.0,2711.0,2702.0,2704.0,47565.0,655090.0,649199.0
2026-07-22 09:00:00,2704.0,2728.0,2704.0,2723.0,92363.0,649199.0,646610.0
2026-07-22 09:15:00,2723.0,2737.0,2721.0,2730.0,58668.0,646610.0,648268.0
2026-07-22 09:30:00,2730.0,2736.0,2725.0,2726.0,37787.0,648268.0,646277.0
2026-07-22 09:45:00,2726.0,2728.0,2708.0,2710.0,68949.0,646277.0,649048.0
2026-07-22 10:00:00,2710.0,2716.0,2694.0,2695.0,58621.0,649048.0,655426.0
2026-07-22 10:30:00,2696.0,2698.0,2672.0,2682.0,115936.0,655426.0,657368.0
2026-07-22 10:45:00,2682.0,2689.0,2677.0,2689.0,51041.0,657368.0,658252.0
2026-07-22 11:00:00,2689.0,2703.0,2686.0,2703.0,50678.0,658252.0,655034.0
2026-07-22 11:15:00,2703.0,2707.0,2700.0,2706.0,18021.0,655034.0,652553.0
