time,open,high,low,close,volume,open_oi,close_oi
2025-09-12 21:00:00,8840.0,8936.0,8840.0,8840.0,16.0,0.0,13.0
2025-09-12 21:30:00,8840.0,8878.0,8840.0,8878.0,4.0,13.0,17.0
2025-09-12 22:00:00,8878.0,8878.0,8878.0,8878.0,0.0,17.0,17.0
2025-09-12 22:30:00,8878.0,8878.0,8860.0,8860.0,1.0,17.0,17.0
2025-09-15 09:00:00,8860.0,8930.0,8858.0,8858.0,37.0,17.0,43.0
2025-09-15 09:30:00,8858.0,8858.0,8858.0,8858.0,0.0,43.0,43.0
2025-09-15 10:00:00,8858.0,8858.0,8858.0,8858.0,0.0,43.0,43.0
2025-09-15 10:30:00,8858.0,8858.0,8846.0,8846.0,9.0,43.0,50.0
2025-09-15 11:00:00,8846.0,8846.0,8844.0,8844.0,1.0,50.0,50.0
2025-09-15 13:30:00,8844.0,8880.0,8840.0,8880.0,16.0,50.0,62.0
2025-09-15 14:00:00,8880.0,8880.0,8866.0,8866.0,3.0,62.0,65.0
2025-09-15 14:30:00,8866.0,8870.0,8866.0,8866.0,7.0,65.0,70.0
2025-09-15 21:00:00,8856.0,8906.0,8852.0,8868.0,16.0,70.0,78.0
2025-09-15 21:30:00,8868.0,8884.0,8868.0,8884.0,6.0,78.0,79.0
2025-09-15 22:00:00,8884.0,8888.0,8884.0,8888.0,2.0,79.0,80.0
2025-09-15 22:30:00,8888.0,8888.0,8866.0,8866.0,4.0,80.0,83.0
2025-09-16 09:00:00,8866.0,8890.0,8866.0,8890.0,15.0,83.0,74.0
2025-09-16 09:30:00,8890.0,8898.0,8890.0,8898.0,1.0,74.0,75.0
2025-09-16 10:00:00,8898.0,8898.0,8898.0,8898.0,0.0,75.0,75.0
2025-09-16 10:30:00,8898.0,8898.0,8868.0,8868.0,3.0,75.0,77.0
2025-09-16 11:00:00,8868.0,8890.0,8868.0,8890.0,1.0,77.0,76.0
2025-09-16 13:30:00,8890.0,8908.0,8890.0,8908.0,3.0,76.0,76.0
2025-09-16 14:00:00,8908.0,8908.0,8900.0,8902.0,3.0,76.0,76.0
2025-09-16 14:30:00,8902.0,8914.0,8900.0,8900.0,3.0,76.0,78.0
2025-09-16 21:00:00,8930.0,8946.0,8906.0,8946.0,44.0,78.0,64.0
2025-09-16 21:30:00,8946.0,8946.0,8936.0,8938.0,3.0,64.0,65.0
2025-09-16 22:00:00,8938.0,8964.0,8922.0,8964.0,13.0,65.0,74.0
2025-09-16 22:30:00,8964.0,8964.0,8942.0,8952.0,4.0,74.0,76.0
2025-09-17 09:00:00,8952.0,8982.0,8952.0,8972.0,9.0,76.0,77.0
2025-09-17 09:30:00,8972.0,8972.0,8940.0,8940.0,6.0,77.0,80.0
2025-09-17 10:00:00,8940.0,8940.0,8940.0,8940.0,0.0,80.0,80.0
2025-09-17 10:30:00,8940.0,8940.0,8914.0,8926.0,7.0,80.0,82.0
2025-09-17 11:00:00,8926.0,8926.0,8900.0,8920.0,5.0,82.0,87.0
2025-09-17 13:30:00,8920.0,8920.0,8878.0,8878.0,12.0,87.0,93.0
2025-09-17 14:00:00,8878.0,8892.0,8872.0,8892.0,5.0,93.0,94.0
2025-09-17 14:30:00,8892.0,8892.0,8878.0,8888.0,3.0,94.0,92.0
2025-09-17 21:00:00,8890.0,8902.0,8880.0,8902.0,11.0,92.0,100.0
2025-09-17 21:30:00,8902.0,8902.0,8870.0,8870.0,32.0,100.0,113.0
2025-09-17 22:00:00,8870.0,8886.0,8856.0,8872.0,27.0,113.0,108.0
2025-09-17 22:30:00,8872.0,8872.0,8848.0,8860.0,6.0,108.0,114.0
2025-09-18 09:00:00,8844.0,8846.0,8820.0,8828.0,25.0,114.0,131.0
2025-09-18 09:30:00,8828.0,8842.0,8828.0,8842.0,3.0,131.0,133.0
2025-09-18 10:00:00,8842.0,8842.0,8842.0,8842.0,3.0,133.0,135.0
2025-09-18 10:30:00,8842.0,8842.0,8784.0,8784.0,20.0,135.0,150.0
2025-09-18 11:00:00,8784.0,8804.0,8780.0,8790.0,10.0,150.0,151.0
2025-09-18 13:30:00,8790.0,8798.0,8788.0,8798.0,2.0,151.0,152.0
2025-09-18 14:00:00,8798.0,8798.0,8788.0,8788.0,3.0,152.0,150.0
2025-09-18 14:30:00,8788.0,8796.0,8784.0,8784.0,7.0,150.0,152.0
2025-09-18 21:00:00,8814.0,8818.0,8810.0,8816.0,4.0,152.0,150.0
2025-09-18 21:30:00,8816.0,8816.0,8800.0,8800.0,10.0,150.0,158.0
2025-09-18 22:00:00,8800.0,8840.0,8800.0,8830.0,13.0,158.0,156.0
2025-09-18 22:30:00,8830.0,8836.0,8830.0,8836.0,2.0,156.0,154.0
2025-09-19 09:00:00,8836.0,8844.0,8836.0,8844.0,1.0,154.0,154.0
2025-09-19 09:30:00,8844.0,8844.0,8828.0,8828.0,2.0,154.0,153.0
2025-09-19 10:00:00,8828.0,8828.0,8828.0,8828.0,0.0,153.0,153.0
2025-09-19 10:30:00,8828.0,8828.0,8822.0,8822.0,1.0,153.0,154.0
2025-09-19 11:00:00,8822.0,8830.0,8822.0,8830.0,2.0,154.0,152.0
2025-09-19 13:30:00,8830.0,8830.0,8800.0,8800.0,3.0,152.0,154.0
2025-09-19 14:00:00,8800.0,8800.0,8796.0,8796.0,5.0,154.0,159.0
2025-09-19 14:30:00,8796.0,8796.0,8784.0,8792.0,10.0,159.0,169.0
2025-09-19 21:00:00,8786.0,8786.0,8768.0,8768.0,6.0,169.0,172.0
2025-09-19 21:30:00,8768.0,8768.0,8766.0,8766.0,10.0,172.0,178.0
2025-09-19 22:00:00,8766.0,8780.0,8760.0,8780.0,10.0,178.0,183.0
2025-09-19 22:30:00,8780.0,8780.0,8760.0,8760.0,5.0,183.0,186.0
2025-09-22 09:00:00,8754.0,8760.0,8722.0,8742.0,30.0,186.0,202.0
2025-09-22 09:30:00,8742.0,8760.0,8742.0,8760.0,14.0,202.0,212.0
2025-09-22 10:00:00,8760.0,8760.0,8760.0,8760.0,0.0,212.0,212.0
2025-09-22 10:30:00,8760.0,8780.0,8760.0,8778.0,4.0,212.0,210.0
2025-09-22 11:00:00,8778.0,8792.0,8778.0,8790.0,3.0,210.0,211.0
2025-09-22 13:30:00,8794.0,8804.0,8794.0,8804.0,10.0,211.0,212.0
2025-09-22 14:00:00,8804.0,8818.0,8804.0,8818.0,8.0,212.0,215.0
2025-09-22 14:30:00,8818.0,8818.0,8802.0,8802.0,10.0,215.0,215.0
2025-09-22 21:00:00,8776.0,8776.0,8664.0,8664.0,75.0,215.0,274.0
2025-09-22 21:30:00,8664.0,8666.0,8640.0,8640.0,20.0,274.0,285.0
2025-09-22 22:00:00,8640.0,8666.0,8640.0,8648.0,32.0,285.0,317.0
2025-09-22 22:30:00,8648.0,8648.0,8636.0,8646.0,9.0,317.0,323.0
2025-09-23 09:00:00,8636.0,8636.0,8514.0,8514.0,154.0,323.0,448.0
2025-09-23 09:30:00,8514.0,8514.0,8426.0,8426.0,126.0,448.0,516.0
2025-09-23 10:00:00,8426.0,8426.0,8398.0,8398.0,113.0,516.0,509.0
2025-09-23 10:30:00,8398.0,8446.0,8398.0,8446.0,70.0,509.0,538.0
2025-09-23 11:00:00,8446.0,8454.0,8412.0,8422.0,9.0,538.0,544.0
2025-09-23 13:30:00,8422.0,8424.0,8410.0,8420.0,5.0,544.0,546.0
2025-09-23 14:00:00,8420.0,8446.0,8420.0,8446.0,9.0,546.0,551.0
2025-09-23 14:30:00,8446.0,8498.0,8446.0,8480.0,62.0,551.0,548.0
2025-09-23 21:00:00,8500.0,8538.0,8500.0,8534.0,46.0,548.0,565.0
2025-09-23 21:30:00,8534.0,8550.0,8520.0,8550.0,40.0,565.0,575.0
2025-09-23 22:00:00,8550.0,8564.0,8548.0,8564.0,30.0,575.0,577.0
2025-09-23 22:30:00,8564.0,8570.0,8556.0,8566.0,15.0,577.0,581.0
2025-09-24 09:00:00,8566.0,8566.0,8508.0,8532.0,21.0,581.0,598.0
2025-09-24 09:30:00,8532.0,8544.0,8532.0,8544.0,1.0,598.0,598.0
2025-09-24 10:00:00,8544.0,8544.0,8540.0,8540.0,1.0,598.0,599.0
2025-09-24 10:30:00,8542.0,8560.0,8542.0,8560.0,2.0,599.0,598.0
2025-09-24 11:00:00,8560.0,8560.0,8538.0,8550.0,8.0,598.0,594.0
2025-09-24 13:30:00,8550.0,8610.0,8550.0,8590.0,29.0,594.0,586.0
2025-09-24 14:00:00,8590.0,8608.0,8590.0,8592.0,5.0,586.0,586.0
2025-09-24 14:30:00,8592.0,8600.0,8578.0,8588.0,12.0,586.0,586.0
2025-09-24 21:00:00,8622.0,8664.0,8622.0,8638.0,68.0,586.0,588.0
2025-09-24 21:30:00,8638.0,8638.0,8600.0,8608.0,32.0,588.0,590.0
2025-09-24 22:00:00,8608.0,8610.0,8608.0,8610.0,2.0,590.0,591.0
2025-09-24 22:30:00,8610.0,8632.0,8610.0,8632.0,5.0,591.0,592.0
2025-09-25 09:00:00,8632.0,8678.0,8632.0,8660.0,22.0,592.0,593.0
2025-09-25 09:30:00,8660.0,8664.0,8660.0,8660.0,14.0,593.0,599.0
2025-09-25 10:00:00,8660.0,8660.0,8650.0,8650.0,2.0,599.0,599.0
2025-09-25 10:30:00,8660.0,8660.0,8660.0,8660.0,7.0,599.0,599.0
2025-09-25 11:00:00,8660.0,8666.0,8654.0,8666.0,8.0,599.0,599.0
2025-09-25 13:30:00,8666.0,8666.0,8642.0,8642.0,8.0,599.0,597.0
2025-09-25 14:00:00,8642.0,8650.0,8640.0,8640.0,8.0,597.0,599.0
2025-09-25 14:30:00,8640.0,8666.0,8640.0,8654.0,33.0,599.0,584.0
2025-09-25 21:00:00,8654.0,8688.0,8654.0,8686.0,39.0,584.0,563.0
2025-09-25 21:30:00,8686.0,8688.0,8662.0,8680.0,14.0,563.0,561.0
2025-09-25 22:00:00,8680.0,8680.0,8680.0,8680.0,0.0,561.0,561.0
2025-09-25 22:30:00,8680.0,8686.0,8660.0,8678.0,6.0,561.0,560.0
2025-09-26 09:00:00,8678.0,8710.0,8678.0,8696.0,16.0,560.0,565.0
2025-09-26 09:30:00,8696.0,8700.0,8686.0,8690.0,7.0,565.0,568.0
2025-09-26 10:00:00,8690.0,8690.0,8690.0,8690.0,0.0,568.0,568.0
2025-09-26 10:30:00,8690.0,8700.0,8690.0,8698.0,31.0,568.0,581.0
2025-09-26 11:00:00,8698.0,8706.0,8688.0,8688.0,26.0,581.0,590.0
2025-09-26 13:30:00,8684.0,8696.0,8680.0,8696.0,25.0,590.0,594.0
2025-09-26 14:00:00,8696.0,8708.0,8668.0,8704.0,15.0,594.0,593.0
2025-09-26 14:30:00,8704.0,8704.0,8660.0,8660.0,19.0,593.0,588.0
2025-09-26 21:00:00,8676.0,8678.0,8658.0,8664.0,23.0,588.0,590.0
2025-09-26 21:30:00,8664.0,8686.0,8664.0,8678.0,2.0,590.0,588.0
2025-09-26 22:00:00,8678.0,8706.0,8678.0,8702.0,12.0,588.0,589.0
2025-09-26 22:30:00,8702.0,8702.0,8700.0,8700.0,9.0,589.0,589.0
2025-09-29 09:00:00,8700.0,8700.0,8650.0,8670.0,16.0,589.0,595.0
2025-09-29 09:30:00,8670.0,8688.0,8670.0,8684.0,6.0,595.0,595.0
2025-09-29 10:00:00,8684.0,8684.0,8664.0,8664.0,27.0,595.0,596.0
2025-09-29 10:30:00,8664.0,8680.0,8648.0,8656.0,21.0,596.0,595.0
2025-09-29 11:00:00,8656.0,8674.0,8656.0,8674.0,3.0,595.0,596.0
2025-09-29 13:30:00,8674.0,8694.0,8674.0,8682.0,35.0,596.0,608.0
2025-09-29 14:00:00,8682.0,8688.0,8680.0,8686.0,41.0,608.0,606.0
2025-09-29 14:30:00,8686.0,8688.0,8666.0,8688.0,9.0,606.0,603.0
2025-09-29 21:00:00,8630.0,8648.0,8612.0,8634.0,39.0,603.0,599.0
2025-09-29 21:30:00,8634.0,8634.0,8612.0,8612.0,1.0,599.0,599.0
2025-09-29 22:00:00,8612.0,8662.0,8612.0,8654.0,15.0,599.0,592.0
2025-09-29 22:30:00,8654.0,8672.0,8654.0,8672.0,1.0,592.0,592.0
2025-09-30 09:00:00,8672.0,8672.0,8638.0,8640.0,32.0,592.0,596.0
2025-09-30 09:30:00,8640.0,8640.0,8634.0,8634.0,6.0,596.0,597.0
2025-09-30 10:00:00,8634.0,8634.0,8618.0,8618.0,2.0,597.0,597.0
2025-09-30 10:30:00,8618.0,8618.0,8600.0,8600.0,7.0,597.0,600.0
2025-09-30 11:00:00,8600.0,8612.0,8600.0,8608.0,25.0,600.0,618.0
2025-09-30 13:30:00,8598.0,8610.0,8582.0,8610.0,18.0,618.0,622.0
2025-09-30 14:00:00,8610.0,8610.0,8590.0,8600.0,18.0,622.0,638.0
2025-09-30 14:30:00,8600.0,8632.0,8600.0,8632.0,40.0,638.0,663.0
2025-10-09 09:00:00,8798.0,8860.0,8798.0,8830.0,209.0,663.0,751.0
2025-10-09 09:30:00,8830.0,8864.0,8828.0,8864.0,33.0,751.0,741.0
2025-10-09 10:00:00,8864.0,8876.0,8862.0,8876.0,24.0,741.0,729.0
2025-10-09 10:30:00,8876.0,8902.0,8858.0,8876.0,78.0,729.0,717.0
2025-10-09 11:00:00,8876.0,8876.0,8870.0,8870.0,8.0,717.0,712.0
2025-10-09 13:30:00,8890.0,8916.0,8890.0,8908.0,41.0,712.0,722.0
2025-10-09 14:00:00,8908.0,8910.0,8908.0,8910.0,18.0,722.0,726.0
2025-10-09 14:30:00,8910.0,8916.0,8884.0,8916.0,13.0,726.0,734.0
2025-10-09 21:00:00,8900.0,8938.0,8900.0,8938.0,121.0,734.0,790.0
2025-10-09 21:30:00,8938.0,8948.0,8918.0,8918.0,103.0,790.0,792.0
2025-10-09 22:00:00,8918.0,8934.0,8916.0,8920.0,21.0,792.0,795.0
2025-10-09 22:30:00,8920.0,8966.0,8920.0,8966.0,81.0,795.0,802.0
2025-10-10 09:00:00,8966.0,8978.0,8944.0,8962.0,95.0,802.0,845.0
2025-10-10 09:30:00,8962.0,8968.0,8950.0,8964.0,186.0,845.0,963.0
2025-10-10 10:00:00,8964.0,8964.0,8958.0,8960.0,73.0,963.0,1020.0
2025-10-10 10:30:00,8960.0,8966.0,8950.0,8950.0,218.0,1020.0,1076.0
2025-10-10 11:00:00,8950.0,8968.0,8950.0,8960.0,208.0,1076.0,1179.0
2025-10-10 13:30:00,8938.0,8938.0,8810.0,8876.0,499.0,1179.0,1455.0
2025-10-10 14:00:00,8876.0,8904.0,8876.0,8896.0,132.0,1455.0,1532.0
2025-10-10 14:30:00,8896.0,8904.0,8886.0,8892.0,85.0,1532.0,1567.0
2025-10-10 21:00:00,8894.0,8912.0,8886.0,8906.0,312.0,1567.0,1697.0
2025-10-10 21:30:00,8906.0,8906.0,8880.0,8886.0,190.0,1697.0,1696.0
2025-10-10 22:00:00,8886.0,8886.0,8852.0,8852.0,73.0,1696.0,1691.0
2025-10-10 22:30:00,8852.0,8874.0,8852.0,8874.0,68.0,1691.0,1691.0
2025-10-13 09:00:00,8874.0,8874.0,8836.0,8854.0,237.0,1691.0,1682.0
2025-10-13 09:30:00,8854.0,8862.0,8854.0,8862.0,36.0,1682.0,1687.0
2025-10-13 10:00:00,8862.0,8862.0,8840.0,8842.0,32.0,1687.0,1698.0
2025-10-13 10:30:00,8842.0,8852.0,8822.0,8830.0,157.0,1698.0,1822.0
2025-10-13 11:00:00,8830.0,8838.0,8820.0,8824.0,49.0,1822.0,1821.0
2025-10-13 13:30:00,8824.0,8848.0,8824.0,8840.0,85.0,1821.0,1902.0
2025-10-13 14:00:00,8840.0,8840.0,8840.0,8840.0,10.0,1902.0,1912.0
2025-10-13 14:30:00,8840.0,8870.0,8840.0,8870.0,53.0,1912.0,1885.0
2025-10-13 21:00:00,8874.0,8894.0,8866.0,8880.0,61.0,1885.0,1906.0
2025-10-13 21:30:00,8880.0,8918.0,8880.0,8910.0,22.0,1906.0,1899.0
2025-10-13 22:00:00,8910.0,8910.0,8888.0,8888.0,8.0,1899.0,1901.0
2025-10-13 22:30:00,8888.0,8920.0,8888.0,8910.0,17.0,1901.0,1902.0
2025-10-14 09:00:00,8910.0,8946.0,8910.0,8922.0,65.0,1902.0,1887.0
2025-10-14 09:30:00,8922.0,8938.0,8920.0,8926.0,72.0,1887.0,1891.0
2025-10-14 10:00:00,8926.0,8932.0,8888.0,8888.0,51.0,1891.0,1905.0
2025-10-14 10:30:00,8888.0,8916.0,8886.0,8896.0,34.0,1905.0,1917.0
2025-10-14 11:00:00,8896.0,8900.0,8866.0,8878.0,69.0,1917.0,1941.0
2025-10-14 13:30:00,8872.0,8872.0,8808.0,8834.0,114.0,1941.0,1992.0
2025-10-14 14:00:00,8834.0,8840.0,8830.0,8840.0,45.0,1992.0,2020.0
2025-10-14 14:30:00,8840.0,8868.0,8840.0,8868.0,31.0,2020.0,2023.0
2025-10-14 21:00:00,8838.0,8866.0,8834.0,8866.0,75.0,2023.0,2070.0
2025-10-14 21:30:00,8866.0,8878.0,8848.0,8856.0,13.0,2070.0,2074.0
2025-10-14 22:00:00,8856.0,8880.0,8856.0,8870.0,28.0,2074.0,2083.0
2025-10-14 22:30:00,8870.0,8880.0,8870.0,8880.0,13.0,2083.0,2091.0
2025-10-15 09:00:00,8880.0,8908.0,8880.0,8906.0,50.0,2091.0,2098.0
2025-10-15 09:30:00,8906.0,8914.0,8884.0,8914.0,19.0,2098.0,2096.0
2025-10-15 10:00:00,8914.0,8916.0,8910.0,8910.0,5.0,2096.0,2099.0
2025-10-15 10:30:00,8910.0,8910.0,8860.0,8862.0,29.0,2099.0,2109.0
2025-10-15 11:00:00,8862.0,8884.0,8846.0,8884.0,38.0,2109.0,2132.0
2025-10-15 13:30:00,8884.0,8932.0,8884.0,8914.0,283.0,2132.0,2216.0
2025-10-15 14:00:00,8914.0,8914.0,8894.0,8900.0,13.0,2216.0,2217.0
2025-10-15 14:30:00,8900.0,8914.0,8886.0,8910.0,41.0,2217.0,2195.0
2025-10-15 21:00:00,8930.0,8930.0,8912.0,8928.0,24.0,2195.0,2186.0
2025-10-15 21:30:00,8928.0,8932.0,8914.0,8928.0,22.0,2186.0,2190.0
2025-10-15 22:00:00,8928.0,8940.0,8924.0,8934.0,18.0,2190.0,2185.0
2025-10-15 22:30:00,8934.0,8948.0,8928.0,8946.0,88.0,2185.0,2228.0
2025-10-16 09:00:00,8946.0,8978.0,8946.0,8974.0,198.0,2228.0,2346.0
2025-10-16 09:30:00,8974.0,8994.0,8956.0,8960.0,215.0,2346.0,2474.0
2025-10-16 10:00:00,8960.0,8970.0,8960.0,8970.0,1.0,2474.0,2475.0
2025-10-16 10:30:00,8970.0,8970.0,8940.0,8958.0,19.0,2475.0,2479.0
2025-10-16 11:00:00,8958.0,8962.0,8902.0,8910.0,84.0,2479.0,2466.0
2025-10-16 13:30:00,8904.0,8936.0,8904.0,8936.0,44.0,2466.0,2488.0
2025-10-16 14:00:00,8936.0,8942.0,8936.0,8942.0,8.0,2488.0,2490.0
2025-10-16 14:30:00,8942.0,8956.0,8932.0,8956.0,83.0,2490.0,2481.0
2025-10-16 21:00:00,8962.0,8986.0,8948.0,8980.0,70.0,2481.0,2491.0
2025-10-16 21:30:00,8980.0,9010.0,8978.0,9000.0,41.0,2491.0,2500.0
2025-10-16 22:00:00,9000.0,9004.0,8976.0,8990.0,41.0,2500.0,2511.0
2025-10-16 22:30:00,8990.0,9004.0,8990.0,9000.0,25.0,2511.0,2501.0
2025-10-17 09:00:00,8988.0,9084.0,8956.0,8996.0,171.0,2501.0,2584.0
2025-10-17 09:30:00,8996.0,8996.0,8984.0,8994.0,35.0,2584.0,2601.0
2025-10-17 10:00:00,8994.0,8994.0,8960.0,8960.0,85.0,2601.0,2571.0
2025-10-17 10:30:00,8960.0,8996.0,8960.0,8960.0,199.0,2571.0,2499.0
2025-10-17 11:00:00,8960.0,8966.0,8956.0,8956.0,163.0,2499.0,2502.0
2025-10-17 13:30:00,8956.0,8980.0,8956.0,8962.0,83.0,2502.0,2528.0
2025-10-17 14:00:00,8962.0,8968.0,8956.0,8956.0,16.0,2528.0,2526.0
2025-10-17 14:30:00,8956.0,8964.0,8940.0,8946.0,43.0,2526.0,2532.0
2025-10-17 21:00:00,9000.0,9014.0,8986.0,9002.0,77.0,2532.0,2558.0
2025-10-17 21:30:00,9002.0,9046.0,8992.0,9032.0,74.0,2558.0,2601.0
2025-10-17 22:00:00,9032.0,9032.0,8998.0,9014.0,33.0,2601.0,2599.0
2025-10-17 22:30:00,9014.0,9020.0,9000.0,9000.0,21.0,2599.0,2595.0
2025-10-20 09:00:00,9000.0,9046.0,9000.0,9040.0,57.0,2595.0,2617.0
2025-10-20 09:30:00,9040.0,9044.0,9026.0,9044.0,7.0,2617.0,2619.0
2025-10-20 10:00:00,9044.0,9050.0,9040.0,9048.0,8.0,2619.0,2621.0
2025-10-20 10:30:00,9048.0,9054.0,9040.0,9040.0,35.0,2621.0,2613.0
2025-10-20 11:00:00,9040.0,9040.0,9030.0,9032.0,18.0,2613.0,2613.0
2025-10-20 13:30:00,9032.0,9052.0,9032.0,9034.0,36.0,2613.0,2639.0
2025-10-20 14:00:00,9034.0,9034.0,9016.0,9030.0,33.0,2639.0,2641.0
2025-10-20 14:30:00,9030.0,9030.0,8986.0,8998.0,29.0,2641.0,2634.0
2025-10-20 21:00:00,8998.0,9002.0,8962.0,8990.0,159.0,2634.0,2710.0
2025-10-20 21:30:00,8990.0,8996.0,8982.0,8992.0,54.0,2710.0,2698.0
2025-10-20 22:00:00,8992.0,9000.0,8988.0,8988.0,10.0,2698.0,2697.0
2025-10-20 22:30:00,8988.0,8998.0,8986.0,8994.0,14.0,2697.0,2692.0
2025-10-21 09:00:00,8998.0,9020.0,8998.0,9020.0,42.0,2692.0,2688.0
2025-10-21 09:30:00,9020.0,9020.0,9000.0,9004.0,23.0,2688.0,2688.0
2025-10-21 10:00:00,9004.0,9014.0,9000.0,9000.0,7.0,2688.0,2684.0
2025-10-21 10:30:00,9000.0,9068.0,9000.0,9068.0,62.0,2684.0,2695.0
2025-10-21 11:00:00,9068.0,9068.0,9052.0,9052.0,50.0,2695.0,2688.0
2025-10-21 13:30:00,9046.0,9048.0,9026.0,9034.0,59.0,2688.0,2665.0
2025-10-21 14:00:00,9034.0,9034.0,9026.0,9026.0,59.0,2665.0,2714.0
2025-10-21 14:30:00,9026.0,9030.0,9000.0,9000.0,161.0,2714.0,2795.0
2025-10-21 21:00:00,8988.0,9008.0,8970.0,9006.0,114.0,2795.0,2855.0
2025-10-21 21:30:00,9006.0,9006.0,8966.0,8970.0,129.0,2855.0,2927.0
2025-10-21 22:00:00,8970.0,8988.0,8968.0,8986.0,13.0,2927.0,2923.0
2025-10-21 22:30:00,8986.0,8986.0,8970.0,8970.0,4.0,2923.0,2923.0
2025-10-22 09:00:00,8970.0,8980.0,8956.0,8970.0,664.0,2923.0,3404.0
2025-10-22 09:30:00,8970.0,8972.0,8920.0,8938.0,230.0,3404.0,3457.0
2025-10-22 10:00:00,8938.0,8954.0,8920.0,8920.0,136.0,3457.0,3452.0
2025-10-22 10:30:00,8920.0,8954.0,8920.0,8950.0,35.0,3452.0,3456.0
2025-10-22 11:00:00,8950.0,8966.0,8950.0,8966.0,16.0,3456.0,3458.0
2025-10-22 13:30:00,8966.0,8970.0,8932.0,8932.0,38.0,3458.0,3451.0
2025-10-22 14:00:00,8932.0,8932.0,8916.0,8924.0,200.0,3451.0,3551.0
2025-10-22 14:30:00,8924.0,8926.0,8918.0,8926.0,108.0,3551.0,3608.0
2025-10-22 21:00:00,8918.0,8924.0,8896.0,8898.0,175.0,3608.0,3622.0
2025-10-22 21:30:00,8898.0,8908.0,8890.0,8900.0,145.0,3622.0,3691.0
2025-10-22 22:00:00,8900.0,8902.0,8880.0,8892.0,130.0,3691.0,3741.0
2025-10-22 22:30:00,8892.0,8892.0,8880.0,8884.0,63.0,3741.0,3730.0
2025-10-23 09:00:00,8890.0,8900.0,8862.0,8862.0,179.0,3730.0,3721.0
2025-10-23 09:30:00,8862.0,8896.0,8862.0,8888.0,80.0,3721.0,3755.0
2025-10-23 10:00:00,8888.0,8896.0,8880.0,8880.0,27.0,3755.0,3770.0
2025-10-23 10:30:00,8880.0,8894.0,8860.0,8884.0,117.0,3770.0,3843.0
2025-10-23 11:00:00,8884.0,8884.0,8864.0,8874.0,58.0,3843.0,3864.0
2025-10-23 13:30:00,8888.0,8904.0,8884.0,8904.0,57.0,3864.0,3865.0
2025-10-23 14:00:00,8904.0,8904.0,8868.0,8886.0,122.0,3865.0,3938.0
2025-10-23 14:30:00,8886.0,8894.0,8874.0,8888.0,37.0,3938.0,3929.0
2025-10-23 21:00:00,8928.0,8940.0,8900.0,8900.0,50.0,3929.0,3926.0
2025-10-23 21:30:00,8900.0,8902.0,8876.0,8902.0,13.0,3926.0,3929.0
2025-10-23 22:00:00,8902.0,8902.0,8890.0,8890.0,18.0,3929.0,3922.0
2025-10-23 22:30:00,8890.0,8894.0,8882.0,8882.0,5.0,3922.0,3919.0
2025-10-24 09:00:00,8882.0,8882.0,8862.0,8868.0,126.0,3919.0,3895.0
2025-10-24 09:30:00,8868.0,8876.0,8852.0,8860.0,134.0,3895.0,3874.0
2025-10-24 10:00:00,8860.0,8860.0,8840.0,8840.0,35.0,3874.0,3866.0
2025-10-24 10:30:00,8840.0,8856.0,8840.0,8840.0,45.0,3866.0,3877.0
2025-10-24 11:00:00,8840.0,8874.0,8822.0,8874.0,56.0,3877.0,3894.0
2025-10-24 13:30:00,8874.0,8880.0,8860.0,8868.0,36.0,3894.0,3904.0
2025-10-24 14:00:00,8868.0,8880.0,8866.0,8878.0,13.0,3904.0,3910.0
2025-10-24 14:30:00,8878.0,8878.0,8852.0,8858.0,64.0,3910.0,3916.0
2025-10-24 21:00:00,8860.0,8864.0,8854.0,8858.0,148.0,3916.0,3955.0
2025-10-24 21:30:00,8858.0,8876.0,8852.0,8852.0,65.0,3955.0,3977.0
2025-10-24 22:00:00,8852.0,8862.0,8848.0,8860.0,72.0,3977.0,3996.0
2025-10-24 22:30:00,8860.0,8860.0,8840.0,8856.0,46.0,3996.0,4004.0
2025-10-27 09:00:00,8856.0,8872.0,8838.0,8856.0,144.0,4004.0,3958.0
2025-10-27 09:30:00,8856.0,8860.0,8840.0,8848.0,44.0,3958.0,3963.0
2025-10-27 10:00:00,8848.0,8858.0,8848.0,8858.0,3.0,3963.0,3962.0
2025-10-27 10:30:00,8858.0,8864.0,8850.0,8862.0,14.0,3962.0,3967.0
2025-10-27 11:00:00,8862.0,8862.0,8852.0,8858.0,7.0,3967.0,3968.0
2025-10-27 13:30:00,8858.0,8860.0,8854.0,8860.0,43.0,3968.0,3994.0
2025-10-27 14:00:00,8860.0,8866.0,8860.0,8864.0,13.0,3994.0,3994.0
2025-10-27 14:30:00,8864.0,8864.0,8840.0,8864.0,116.0,3994.0,4062.0
2025-10-27 21:00:00,8838.0,8842.0,8818.0,8818.0,191.0,4062.0,4116.0
2025-10-27 21:30:00,8818.0,8822.0,8800.0,8806.0,153.0,4116.0,4114.0
2025-10-27 22:00:00,8806.0,8820.0,8800.0,8812.0,29.0,4114.0,4118.0
2025-10-27 22:30:00,8812.0,8816.0,8792.0,8800.0,71.0,4118.0,4090.0
2025-10-28 09:00:00,8804.0,8826.0,8804.0,8818.0,19.0,4090.0,4090.0
2025-10-28 09:30:00,8818.0,8818.0,8802.0,8810.0,23.0,4090.0,4094.0
2025-10-28 10:00:00,8810.0,8810.0,8802.0,8810.0,8.0,4094.0,4096.0
2025-10-28 10:30:00,8804.0,8804.0,8764.0,8766.0,295.0,4096.0,4253.0
2025-10-28 11:00:00,8766.0,8786.0,8758.0,8766.0,76.0,4253.0,4280.0
2025-10-28 13:30:00,8766.0,8794.0,8766.0,8780.0,42.0,4280.0,4277.0
2025-10-28 14:00:00,8780.0,8786.0,8752.0,8758.0,74.0,4277.0,4273.0
2025-10-28 14:30:00,8758.0,8766.0,8750.0,8754.0,15.0,4273.0,4278.0
2025-10-28 21:00:00,8716.0,8720.0,8676.0,8678.0,270.0,4278.0,4232.0
2025-10-28 21:30:00,8678.0,8680.0,8636.0,8646.0,122.0,4232.0,4192.0
2025-10-28 22:00:00,8646.0,8656.0,8616.0,8642.0,271.0,4192.0,4324.0
2025-10-28 22:30:00,8642.0,8642.0,8624.0,8624.0,49.0,4324.0,4324.0
2025-10-29 09:00:00,8624.0,8680.0,8592.0,8664.0,478.0,4324.0,4447.0
2025-10-29 09:30:00,8664.0,8732.0,8658.0,8696.0,229.0,4447.0,4518.0
2025-10-29 10:00:00,8696.0,8706.0,8688.0,8696.0,25.0,4518.0,4512.0
2025-10-29 10:30:00,8696.0,8704.0,8626.0,8634.0,670.0,4512.0,4283.0
2025-10-29 11:00:00,8634.0,8638.0,8612.0,8626.0,227.0,4283.0,4325.0
2025-10-29 13:30:00,8626.0,8654.0,8624.0,8638.0,101.0,4325.0,4337.0
2025-10-29 14:00:00,8638.0,8646.0,8632.0,8642.0,147.0,4337.0,4354.0
2025-10-29 14:30:00,8642.0,8674.0,8642.0,8674.0,435.0,4354.0,4609.0
2025-10-29 21:00:00,8630.0,8632.0,8604.0,8632.0,96.0,4609.0,4611.0
2025-10-29 21:30:00,8632.0,8652.0,8632.0,8652.0,52.0,4611.0,4611.0
2025-10-29 22:00:00,8652.0,8666.0,8642.0,8656.0,22.0,4611.0,4619.0
2025-10-29 22:30:00,8656.0,8664.0,8650.0,8650.0,45.0,4619.0,4617.0
2025-10-30 09:00:00,8650.0,8680.0,8650.0,8664.0,44.0,4617.0,4626.0
2025-10-30 09:30:00,8664.0,8674.0,8660.0,8660.0,41.0,4626.0,4639.0
2025-10-30 10:00:00,8660.0,8662.0,8654.0,8658.0,34.0,4639.0,4649.0
2025-10-30 10:30:00,8668.0,8668.0,8632.0,8636.0,90.0,4649.0,4670.0
2025-10-30 11:00:00,8636.0,8646.0,8636.0,8644.0,30.0,4670.0,4683.0
2025-10-30 13:30:00,8638.0,8648.0,8624.0,8642.0,26.0,4683.0,4685.0
2025-10-30 14:00:00,8642.0,8646.0,8638.0,8638.0,42.0,4685.0,4690.0
2025-10-30 14:30:00,8638.0,8658.0,8638.0,8654.0,18.0,4690.0,4694.0
2025-10-30 21:00:00,8672.0,8678.0,8642.0,8654.0,84.0,4694.0,4670.0
2025-10-30 21:30:00,8654.0,8668.0,8648.0,8656.0,41.0,4670.0,4695.0
2025-10-30 22:00:00,8656.0,8656.0,8644.0,8650.0,47.0,4695.0,4708.0
2025-10-30 22:30:00,8650.0,8650.0,8634.0,8646.0,21.0,4708.0,4706.0
2025-10-31 09:00:00,8646.0,8670.0,8646.0,8658.0,14.0,4706.0,4704.0
2025-10-31 09:30:00,8658.0,8658.0,8642.0,8644.0,21.0,4704.0,4695.0
2025-10-31 10:00:00,8644.0,8654.0,8644.0,8654.0,2.0,4695.0,4695.0
2025-10-31 10:30:00,8654.0,8654.0,8628.0,8654.0,38.0,4695.0,4706.0
2025-10-31 11:00:00,8654.0,8654.0,8606.0,8606.0,36.0,4706.0,4714.0
2025-10-31 13:30:00,8606.0,8632.0,8606.0,8630.0,38.0,4714.0,4725.0
2025-10-31 14:00:00,8630.0,8642.0,8624.0,8624.0,14.0,4725.0,4723.0
2025-10-31 14:30:00,8624.0,8630.0,8608.0,8612.0,103.0,4723.0,4724.0
2025-10-31 21:00:00,8608.0,8618.0,8588.0,8588.0,193.0,4724.0,4826.0
2025-10-31 21:30:00,8588.0,8594.0,8560.0,8562.0,241.0,4826.0,4962.0
2025-10-31 22:00:00,8562.0,8570.0,8536.0,8536.0,316.0,4962.0,5076.0
2025-10-31 22:30:00,8536.0,8578.0,8534.0,8550.0,751.0,5076.0,5641.0
2025-11-03 09:00:00,8550.0,8610.0,8550.0,8610.0,89.0,5641.0,5644.0
2025-11-03 09:30:00,8610.0,8618.0,8594.0,8600.0,85.0,5644.0,5676.0
2025-11-03 10:00:00,8600.0,8610.0,8600.0,8602.0,9.0,5676.0,5675.0
2025-11-03 10:30:00,8602.0,8628.0,8580.0,8596.0,108.0,5675.0,5719.0
2025-11-03 11:00:00,8596.0,8606.0,8578.0,8578.0,123.0,5719.0,5800.0
2025-11-03 13:30:00,8576.0,8600.0,8564.0,8600.0,61.0,5800.0,5825.0
2025-11-03 14:00:00,8600.0,8600.0,8588.0,8592.0,31.0,5825.0,5831.0
2025-11-03 14:30:00,8592.0,8592.0,8576.0,8586.0,81.0,5831.0,5784.0
2025-11-03 21:00:00,8560.0,8560.0,8524.0,8540.0,264.0,5784.0,5734.0
2025-11-03 21:30:00,8540.0,8554.0,8536.0,8552.0,72.0,5734.0,5741.0
2025-11-03 22:00:00,8552.0,8564.0,8548.0,8552.0,90.0,5741.0,5784.0
2025-11-03 22:30:00,8552.0,8594.0,8550.0,8592.0,96.0,5784.0,5813.0
2025-11-04 09:00:00,8624.0,8668.0,8620.0,8646.0,403.0,5813.0,5900.0
2025-11-04 09:30:00,8646.0,8658.0,8630.0,8640.0,64.0,5900.0,5928.0
2025-11-04 10:00:00,8640.0,8640.0,8630.0,8630.0,10.0,5928.0,5930.0
2025-11-04 10:30:00,8630.0,8656.0,8614.0,8640.0,405.0,5930.0,6180.0
2025-11-04 11:00:00,8640.0,8644.0,8590.0,8598.0,126.0,6180.0,6196.0
2025-11-04 13:30:00,8610.0,8620.0,8592.0,8602.0,145.0,6196.0,6189.0
2025-11-04 14:00:00,8602.0,8630.0,8602.0,8606.0,65.0,6189.0,6225.0
2025-11-04 14:30:00,8606.0,8610.0,8600.0,8606.0,161.0,6225.0,6268.0
2025-11-04 21:00:00,8604.0,8610.0,8580.0,8610.0,302.0,6268.0,6303.0
2025-11-04 21:30:00,8610.0,8610.0,8596.0,8608.0,179.0,6303.0,6277.0
2025-11-04 22:00:00,8608.0,8658.0,8608.0,8638.0,154.0,6277.0,6236.0
2025-11-04 22:30:00,8638.0,8640.0,8624.0,8638.0,166.0,6236.0,6246.0
2025-11-05 09:00:00,8638.0,8638.0,8592.0,8600.0,159.0,6246.0,6294.0
2025-11-05 09:30:00,8600.0,8624.0,8584.0,8624.0,181.0,6294.0,6274.0
2025-11-05 10:00:00,8624.0,8628.0,8618.0,8618.0,72.0,6274.0,6235.0
2025-11-05 10:30:00,8618.0,8624.0,8600.0,8602.0,82.0,6235.0,6252.0
2025-11-05 11:00:00,8602.0,8630.0,8600.0,8630.0,216.0,6252.0,6319.0
2025-11-05 13:30:00,8636.0,8644.0,8598.0,8614.0,440.0,6319.0,6490.0
2025-11-05 14:00:00,8614.0,8630.0,8610.0,8620.0,191.0,6490.0,6565.0
2025-11-05 14:30:00,8620.0,8626.0,8606.0,8616.0,188.0,6565.0,6601.0
2025-11-05 21:00:00,8602.0,8620.0,8586.0,8618.0,79.0,6601.0,6612.0
2025-11-05 21:30:00,8618.0,8620.0,8606.0,8606.0,103.0,6612.0,6617.0
2025-11-05 22:00:00,8606.0,8620.0,8602.0,8612.0,37.0,6617.0,6630.0
2025-11-05 22:30:00,8612.0,8616.0,8606.0,8612.0,41.0,6630.0,6612.0
2025-11-06 09:00:00,8612.0,8652.0,8610.0,8650.0,174.0,6612.0,6681.0
2025-11-06 09:30:00,8650.0,8656.0,8642.0,8642.0,207.0,6681.0,6697.0
2025-11-06 10:00:00,8642.0,8656.0,8640.0,8646.0,56.0,6697.0,6716.0
2025-11-06 10:30:00,8652.0,8670.0,8642.0,8660.0,344.0,6716.0,6830.0
2025-11-06 11:00:00,8660.0,8678.0,8660.0,8668.0,48.0,6830.0,6841.0
2025-11-06 13:30:00,8670.0,8686.0,8670.0,8684.0,466.0,6841.0,7006.0
2025-11-06 14:00:00,8684.0,8714.0,8680.0,8698.0,588.0,7006.0,7307.0
2025-11-06 14:30:00,8698.0,8708.0,8694.0,8708.0,592.0,7307.0,7674.0
2025-11-06 21:00:00,8728.0,8728.0,8694.0,8694.0,172.0,7674.0,7686.0
2025-11-06 21:30:00,8694.0,8698.0,8682.0,8686.0,46.0,7686.0,7680.0
2025-11-06 22:00:00,8686.0,8696.0,8674.0,8680.0,22.0,7680.0,7685.0
2025-11-06 22:30:00,8680.0,8680.0,8666.0,8674.0,106.0,7685.0,7763.0
2025-11-07 09:00:00,8660.0,8674.0,8644.0,8660.0,115.0,7763.0,7790.0
2025-11-07 09:30:00,8660.0,8682.0,8658.0,8658.0,49.0,7790.0,7788.0
2025-11-07 10:00:00,8658.0,8672.0,8658.0,8672.0,20.0,7788.0,7786.0
2025-11-07 10:30:00,8672.0,8680.0,8648.0,8654.0,58.0,7786.0,7799.0
2025-11-07 11:00:00,8654.0,8660.0,8614.0,8634.0,109.0,7799.0,7833.0
2025-11-07 13:30:00,8634.0,8656.0,8622.0,8656.0,35.0,7833.0,7829.0
2025-11-07 14:00:00,8656.0,8682.0,8654.0,8666.0,145.0,7829.0,7895.0
2025-11-07 14:30:00,8666.0,8666.0,8636.0,8640.0,60.0,7895.0,7904.0
2025-11-07 21:00:00,8632.0,8648.0,8632.0,8648.0,62.0,7904.0,7902.0
2025-11-07 21:30:00,8648.0,8648.0,8622.0,8626.0,66.0,7902.0,7932.0
2025-11-07 22:00:00,8626.0,8628.0,8618.0,8626.0,31.0,7932.0,7915.0
2025-11-07 22:30:00,8626.0,8630.0,8618.0,8630.0,32.0,7915.0,7907.0
2025-11-10 09:00:00,8630.0,8668.0,8630.0,8644.0,109.0,7907.0,7899.0
2025-11-10 09:30:00,8644.0,8644.0,8622.0,8628.0,29.0,7899.0,7905.0
2025-11-10 10:00:00,8628.0,8628.0,8614.0,8616.0,36.0,7905.0,7935.0
2025-11-10 10:30:00,8616.0,8660.0,8612.0,8660.0,86.0,7935.0,7877.0
2025-11-10 11:00:00,8660.0,8670.0,8642.0,8660.0,67.0,7877.0,7839.0
2025-11-10 13:30:00,8660.0,8708.0,8644.0,8700.0,453.0,7839.0,7955.0
2025-11-10 14:00:00,8700.0,8710.0,8684.0,8708.0,231.0,7955.0,8077.0
2025-11-10 14:30:00,8708.0,8710.0,8662.0,8664.0,379.0,8077.0,8374.0
2025-11-10 21:00:00,8672.0,8694.0,8660.0,8670.0,442.0,8374.0,8464.0
2025-11-10 21:30:00,8670.0,8696.0,8670.0,8686.0,150.0,8464.0,8513.0
2025-11-10 22:00:00,8686.0,8694.0,8684.0,8686.0,19.0,8513.0,8500.0
2025-11-10 22:30:00,8686.0,8688.0,8674.0,8680.0,131.0,8500.0,8507.0
2025-11-11 09:00:00,8680.0,8716.0,8680.0,8708.0,365.0,8507.0,8553.0
2025-11-11 09:30:00,8708.0,8708.0,8690.0,8704.0,65.0,8553.0,8558.0
2025-11-11 10:00:00,8704.0,8708.0,8696.0,8708.0,47.0,8558.0,8565.0
2025-11-11 10:30:00,8708.0,8708.0,8690.0,8690.0,198.0,8565.0,8634.0
2025-11-11 11:00:00,8690.0,8716.0,8688.0,8710.0,296.0,8634.0,8674.0
2025-11-11 13:30:00,8724.0,8752.0,8716.0,8722.0,335.0,8674.0,8704.0
2025-11-11 14:00:00,8722.0,8722.0,8694.0,8712.0,232.0,8704.0,8795.0
2025-11-11 14:30:00,8712.0,8736.0,8700.0,8702.0,186.0,8795.0,8851.0
2025-11-11 21:00:00,8700.0,8700.0,8670.0,8682.0,242.0,8851.0,8837.0
2025-11-11 21:30:00,8682.0,8688.0,8670.0,8680.0,85.0,8837.0,8884.0
2025-11-11 22:00:00,8680.0,8686.0,8678.0,8678.0,29.0,8884.0,8892.0
2025-11-11 22:30:00,8678.0,8688.0,8676.0,8682.0,16.0,8892.0,8892.0
2025-11-12 09:00:00,8682.0,8708.0,8680.0,8700.0,92.0,8892.0,8907.0
2025-11-12 09:30:00,8700.0,8702.0,8684.0,8702.0,33.0,8907.0,8912.0
2025-11-12 10:00:00,8702.0,8706.0,8696.0,8706.0,106.0,8912.0,8991.0
2025-11-12 10:30:00,8706.0,8706.0,8680.0,8688.0,176.0,8991.0,9005.0
2025-11-12 11:00:00,8688.0,8698.0,8680.0,8692.0,83.0,9005.0,9037.0
2025-11-12 13:30:00,8682.0,8702.0,8682.0,8696.0,93.0,9037.0,9039.0
2025-11-12 14:00:00,8696.0,8710.0,8696.0,8696.0,64.0,9039.0,9031.0
2025-11-12 14:30:00,8696.0,8710.0,8694.0,8694.0,28.0,9031.0,9027.0
2025-11-12 21:00:00,8670.0,8680.0,8646.0,8668.0,356.0,9027.0,9138.0
2025-11-12 21:30:00,8668.0,8672.0,8660.0,8668.0,14.0,9138.0,9132.0
2025-11-12 22:00:00,8668.0,8668.0,8640.0,8640.0,192.0,9132.0,9247.0
2025-11-12 22:30:00,8640.0,8642.0,8604.0,8616.0,186.0,9247.0,9255.0
2025-11-13 09:00:00,8616.0,8646.0,8602.0,8620.0,335.0,9255.0,9388.0
2025-11-13 09:30:00,8620.0,8660.0,8620.0,8658.0,352.0,9388.0,9341.0
2025-11-13 10:00:00,8658.0,8664.0,8652.0,8652.0,33.0,9341.0,9340.0
2025-11-13 10:30:00,8652.0,8654.0,8616.0,8648.0,96.0,9340.0,9381.0
2025-11-13 11:00:00,8648.0,8656.0,8636.0,8652.0,52.0,9381.0,9372.0
2025-11-13 13:30:00,8660.0,8688.0,8660.0,8680.0,396.0,9372.0,9339.0
2025-11-13 14:00:00,8680.0,8680.0,8664.0,8674.0,193.0,9339.0,9479.0
2025-11-13 14:30:00,8674.0,8698.0,8674.0,8690.0,421.0,9479.0,9455.0
2025-11-13 21:00:00,8668.0,8684.0,8668.0,8674.0,152.0,9455.0,9558.0
2025-11-13 21:30:00,8674.0,8674.0,8658.0,8666.0,67.0,9558.0,9593.0
2025-11-13 22:00:00,8666.0,8680.0,8664.0,8664.0,65.0,9593.0,9618.0
2025-11-13 22:30:00,8664.0,8678.0,8664.0,8672.0,50.0,9618.0,9615.0
2025-11-14 09:00:00,8666.0,8666.0,8644.0,8658.0,127.0,9615.0,9682.0
2025-11-14 09:30:00,8658.0,8666.0,8646.0,8656.0,36.0,9682.0,9676.0
2025-11-14 10:00:00,8656.0,8656.0,8642.0,8642.0,18.0,9676.0,9684.0
2025-11-14 10:30:00,8642.0,8652.0,8626.0,8630.0,113.0,9684.0,9716.0
2025-11-14 11:00:00,8630.0,8650.0,8604.0,8612.0,565.0,9716.0,9535.0
2025-11-14 13:30:00,8612.0,8612.0,8570.0,8594.0,842.0,9535.0,10001.0
2025-11-14 14:00:00,8594.0,8638.0,8594.0,8638.0,142.0,10001.0,9942.0
2025-11-14 14:30:00,8638.0,8642.0,8616.0,8624.0,153.0,9942.0,9926.0
2025-11-14 21:00:00,8638.0,8682.0,8638.0,8682.0,199.0,9926.0,9900.0
2025-11-14 21:30:00,8682.0,8684.0,8666.0,8672.0,143.0,9900.0,9895.0
2025-11-14 22:00:00,8672.0,8680.0,8662.0,8676.0,129.0,9895.0,9918.0
2025-11-14 22:30:00,8676.0,8682.0,8658.0,8680.0,106.0,9918.0,9941.0
2025-11-17 09:00:00,8680.0,8680.0,8640.0,8654.0,357.0,9941.0,10092.0
2025-11-17 09:30:00,8654.0,8654.0,8630.0,8630.0,126.0,10092.0,10137.0
2025-11-17 10:00:00,8630.0,8630.0,8610.0,8610.0,80.0,10137.0,10192.0
2025-11-17 10:30:00,8610.0,8658.0,8604.0,8654.0,122.0,10192.0,10156.0
2025-11-17 11:00:00,8654.0,8654.0,8634.0,8644.0,108.0,10156.0,10173.0
2025-11-17 13:30:00,8644.0,8676.0,8642.0,8658.0,455.0,10173.0,10459.0
2025-11-17 14:00:00,8658.0,8678.0,8658.0,8662.0,63.0,10459.0,10471.0
2025-11-17 14:30:00,8662.0,8670.0,8642.0,8646.0,167.0,10471.0,10528.0
2025-11-17 21:00:00,8652.0,8662.0,8644.0,8648.0,177.0,10528.0,10547.0
2025-11-17 21:30:00,8648.0,8658.0,8646.0,8650.0,244.0,10547.0,10507.0
2025-11-17 22:00:00,8650.0,8650.0,8642.0,8646.0,40.0,10507.0,10510.0
2025-11-17 22:30:00,8646.0,8668.0,8646.0,8668.0,90.0,10510.0,10549.0
2025-11-18 09:00:00,8672.0,8698.0,8668.0,8670.0,390.0,10549.0,10659.0
2025-11-18 09:30:00,8670.0,8682.0,8644.0,8644.0,57.0,10659.0,10675.0
2025-11-18 10:00:00,8644.0,8656.0,8644.0,8652.0,25.0,10675.0,10681.0
2025-11-18 10:30:00,8652.0,8670.0,8636.0,8656.0,174.0,10681.0,10760.0
2025-11-18 11:00:00,8656.0,8696.0,8652.0,8688.0,199.0,10760.0,10750.0
2025-11-18 13:30:00,8688.0,8692.0,8680.0,8682.0,418.0,10750.0,11008.0
2025-11-18 14:00:00,8682.0,8682.0,8660.0,8676.0,245.0,11008.0,11097.0
2025-11-18 14:30:00,8676.0,8692.0,8670.0,8692.0,430.0,11097.0,11279.0
2025-11-18 21:00:00,8786.0,8822.0,8726.0,8804.0,2243.0,11279.0,11933.0
2025-11-18 21:30:00,8804.0,8820.0,8794.0,8820.0,329.0,11933.0,11842.0
2025-11-18 22:00:00,8820.0,8820.0,8804.0,8804.0,98.0,11842.0,11879.0
2025-11-18 22:30:00,8804.0,8810.0,8800.0,8800.0,113.0,11879.0,11881.0
2025-11-19 09:00:00,8802.0,8820.0,8792.0,8814.0,437.0,11881.0,12087.0
2025-11-19 09:30:00,8814.0,8834.0,8810.0,8810.0,297.0,12087.0,12037.0
2025-11-19 10:00:00,8810.0,8834.0,8810.0,8822.0,119.0,12037.0,12059.0
2025-11-19 10:30:00,8822.0,8836.0,8800.0,8824.0,421.0,12059.0,12100.0
2025-11-19 11:00:00,8824.0,8838.0,8768.0,8780.0,537.0,12100.0,12011.0
2025-11-19 13:30:00,8780.0,8788.0,8772.0,8778.0,77.0,12011.0,12030.0
2025-11-19 14:00:00,8778.0,8782.0,8762.0,8770.0,84.0,12030.0,12051.0
2025-11-19 14:30:00,8770.0,8796.0,8770.0,8792.0,198.0,12051.0,12113.0
2025-11-19 21:00:00,8782.0,8788.0,8766.0,8772.0,538.0,12113.0,12298.0
2025-11-19 21:30:00,8772.0,8788.0,8754.0,8760.0,323.0,12298.0,12369.0
2025-11-19 22:00:00,8760.0,8770.0,8760.0,8764.0,189.0,12369.0,12381.0
2025-11-19 22:30:00,8764.0,8768.0,8744.0,8748.0,123.0,12381.0,12402.0
2025-11-20 09:00:00,8748.0,8750.0,8714.0,8716.0,586.0,12402.0,12459.0
2025-11-20 09:30:00,8716.0,8736.0,8698.0,8730.0,453.0,12459.0,12539.0
2025-11-20 10:00:00,8730.0,8730.0,8710.0,8720.0,36.0,12539.0,12561.0
2025-11-20 10:30:00,8720.0,8724.0,8702.0,8702.0,94.0,12561.0,12585.0
2025-11-20 11:00:00,8702.0,8722.0,8680.0,8700.0,144.0,12585.0,12670.0
2025-11-20 13:30:00,8692.0,8692.0,8640.0,8642.0,683.0,12670.0,13050.0
2025-11-20 14:00:00,8642.0,8650.0,8622.0,8626.0,271.0,13050.0,13074.0
2025-11-20 14:30:00,8626.0,8640.0,8616.0,8630.0,323.0,13074.0,13159.0
2025-11-20 21:00:00,8630.0,8662.0,8626.0,8636.0,934.0,13159.0,13254.0
2025-11-20 21:30:00,8636.0,8646.0,8628.0,8632.0,300.0,13254.0,13289.0
2025-11-20 22:00:00,8632.0,8638.0,8626.0,8630.0,123.0,13289.0,13268.0
2025-11-20 22:30:00,8630.0,8642.0,8622.0,8632.0,351.0,13268.0,13255.0
2025-11-21 09:00:00,8620.0,8620.0,8568.0,8582.0,885.0,13255.0,13682.0
2025-11-21 09:30:00,8582.0,8598.0,8504.0,8510.0,1106.0,13682.0,14263.0
2025-11-21 10:00:00,8510.0,8546.0,8510.0,8538.0,169.0,14263.0,14218.0
2025-11-21 10:30:00,8536.0,8604.0,8536.0,8594.0,387.0,14218.0,14164.0
2025-11-21 11:00:00,8594.0,8622.0,8594.0,8616.0,237.0,14164.0,14212.0
2025-11-21 13:30:00,8622.0,8630.0,8588.0,8596.0,120.0,14212.0,14189.0
2025-11-21 14:00:00,8596.0,8596.0,8546.0,8556.0,306.0,14189.0,14275.0
2025-11-21 14:30:00,8556.0,8564.0,8524.0,8532.0,530.0,14275.0,14510.0
2025-11-21 21:00:00,8500.0,8506.0,8460.0,8500.0,1466.0,14510.0,15239.0
2025-11-21 21:30:00,8500.0,8510.0,8490.0,8496.0,274.0,15239.0,15329.0
2025-11-21 22:00:00,8496.0,8496.0,8472.0,8478.0,481.0,15329.0,15420.0
2025-11-21 22:30:00,8478.0,8484.0,8450.0,8454.0,284.0,15420.0,15330.0
2025-11-24 09:00:00,8454.0,8538.0,8454.0,8518.0,1613.0,15330.0,15217.0
2025-11-24 09:30:00,8518.0,8526.0,8506.0,8516.0,184.0,15217.0,15168.0
2025-11-24 10:00:00,8516.0,8516.0,8484.0,8490.0,57.0,15168.0,15142.0
2025-11-24 10:30:00,8490.0,8516.0,8482.0,8482.0,128.0,15142.0,15157.0
2025-11-24 11:00:00,8482.0,8488.0,8460.0,8478.0,616.0,15157.0,15538.0
2025-11-24 13:30:00,8492.0,8508.0,8490.0,8506.0,234.0,15538.0,15527.0
2025-11-24 14:00:00,8506.0,8512.0,8494.0,8498.0,182.0,15527.0,15606.0
2025-11-24 14:30:00,8498.0,8508.0,8470.0,8474.0,385.0,15606.0,15707.0
2025-11-24 21:00:00,8456.0,8456.0,8400.0,8420.0,1578.0,15707.0,16165.0
2025-11-24 21:30:00,8420.0,8448.0,8418.0,8436.0,314.0,16165.0,16060.0
2025-11-24 22:00:00,8436.0,8450.0,8426.0,8428.0,167.0,16060.0,16069.0
2025-11-24 22:30:00,8428.0,8438.0,8418.0,8432.0,315.0,16069.0,16048.0
2025-11-25 09:00:00,8450.0,8458.0,8416.0,8420.0,578.0,16048.0,16292.0
2025-11-25 09:30:00,8420.0,8428.0,8402.0,8422.0,414.0,16292.0,16458.0
2025-11-25 10:00:00,8422.0,8428.0,8420.0,8426.0,69.0,16458.0,16467.0
2025-11-25 10:30:00,8426.0,8456.0,8426.0,8430.0,527.0,16467.0,16452.0
2025-11-25 11:00:00,8430.0,8438.0,8400.0,8412.0,507.0,16452.0,16569.0
2025-11-25 13:30:00,8410.0,8410.0,8352.0,8366.0,1630.0,16569.0,16827.0
2025-11-25 14:00:00,8366.0,8372.0,8352.0,8364.0,340.0,16827.0,16763.0
2025-11-25 14:30:00,8364.0,8370.0,8350.0,8362.0,1399.0,16763.0,17314.0
2025-11-25 21:00:00,8352.0,8352.0,8314.0,8314.0,823.0,17314.0,17527.0
2025-11-25 21:30:00,8314.0,8326.0,8304.0,8306.0,487.0,17527.0,17537.0
2025-11-25 22:00:00,8306.0,8320.0,8306.0,8320.0,63.0,17537.0,17547.0
2025-11-25 22:30:00,8320.0,8326.0,8304.0,8316.0,184.0,17547.0,17628.0
2025-11-26 09:00:00,8330.0,8366.0,8330.0,8360.0,362.0,17628.0,17503.0
2025-11-26 09:30:00,8360.0,8370.0,8346.0,8350.0,242.0,17503.0,17464.0
2025-11-26 10:00:00,8350.0,8350.0,8342.0,8346.0,81.0,17464.0,17480.0
2025-11-26 10:30:00,8346.0,8372.0,8342.0,8342.0,250.0,17480.0,17546.0
2025-11-26 11:00:00,8342.0,8396.0,8342.0,8384.0,921.0,17546.0,17896.0
2025-11-26 13:30:00,8394.0,8408.0,8370.0,8386.0,431.0,17896.0,17777.0
2025-11-26 14:00:00,8386.0,8406.0,8380.0,8398.0,231.0,17777.0,17806.0
2025-11-26 14:30:00,8398.0,8398.0,8374.0,8388.0,425.0,17806.0,17842.0
2025-11-26 21:00:00,8370.0,8390.0,8352.0,8354.0,484.0,17842.0,17893.0
2025-11-26 21:30:00,8354.0,8366.0,8348.0,8362.0,392.0,17893.0,17969.0
2025-11-26 22:00:00,8362.0,8374.0,8354.0,8366.0,329.0,17969.0,18071.0
2025-11-26 22:30:00,8366.0,8366.0,8354.0,8356.0,192.0,18071.0,18147.0
2025-11-27 09:00:00,8370.0,8400.0,8370.0,8380.0,399.0,18147.0,18000.0
2025-11-27 09:30:00,8380.0,8422.0,8380.0,8416.0,317.0,18000.0,18000.0
2025-11-27 10:00:00,8416.0,8422.0,8412.0,8416.0,134.0,18000.0,17966.0
2025-11-27 10:30:00,8416.0,8430.0,8408.0,8422.0,473.0,17966.0,17870.0
2025-11-27 11:00:00,8422.0,8442.0,8420.0,8436.0,121.0,17870.0,17868.0
2025-11-27 13:30:00,8436.0,8444.0,8430.0,8432.0,595.0,17868.0,17866.0
2025-11-27 14:00:00,8432.0,8458.0,8432.0,8450.0,330.0,17866.0,17825.0
2025-11-27 14:30:00,8450.0,8470.0,8450.0,8460.0,491.0,17825.0,17809.0
2025-11-27 21:00:00,8464.0,8502.0,8464.0,8500.0,374.0,17809.0,17791.0
2025-11-27 21:30:00,8500.0,8520.0,8492.0,8510.0,491.0,17791.0,17748.0
2025-11-27 22:00:00,8510.0,8526.0,8498.0,8514.0,147.0,17748.0,17735.0
2025-11-27 22:30:00,8514.0,8520.0,8502.0,8520.0,52.0,17735.0,17739.0
2025-11-28 09:00:00,8520.0,8544.0,8486.0,8504.0,627.0,17739.0,17761.0
2025-11-28 09:30:00,8504.0,8518.0,8504.0,8518.0,275.0,17761.0,17893.0
2025-11-28 10:00:00,8518.0,8530.0,8516.0,8530.0,71.0,17893.0,17929.0
2025-11-28 10:30:00,8530.0,8536.0,8518.0,8528.0,318.0,17929.0,18141.0
2025-11-28 11:00:00,8528.0,8536.0,8512.0,8520.0,511.0,18141.0,18314.0
2025-11-28 13:30:00,8520.0,8524.0,8512.0,8518.0,181.0,18314.0,18365.0
2025-11-28 14:00:00,8518.0,8528.0,8516.0,8522.0,113.0,18365.0,18428.0
2025-11-28 14:30:00,8522.0,8552.0,8522.0,8544.0,441.0,18428.0,18314.0
2025-11-28 21:00:00,8536.0,8548.0,8532.0,8540.0,284.0,18314.0,18343.0
2025-11-28 21:30:00,8540.0,8540.0,8496.0,8496.0,222.0,18343.0,18320.0
2025-11-28 22:00:00,8496.0,8514.0,8496.0,8504.0,105.0,18320.0,18335.0
2025-11-28 22:30:00,8504.0,8556.0,8504.0,8546.0,576.0,18335.0,18307.0
2025-12-01 09:00:00,8546.0,8562.0,8508.0,8524.0,562.0,18307.0,18311.0
2025-12-01 09:30:00,8524.0,8536.0,8516.0,8526.0,232.0,18311.0,18317.0
2025-12-01 10:00:00,8526.0,8538.0,8524.0,8528.0,103.0,18317.0,18330.0
2025-12-01 10:30:00,8528.0,8536.0,8492.0,8520.0,1099.0,18330.0,18720.0
2025-12-01 11:00:00,8520.0,8528.0,8510.0,8518.0,701.0,18720.0,18832.0
2025-12-01 13:30:00,8518.0,8532.0,8510.0,8524.0,73.0,18832.0,18839.0
2025-12-01 14:00:00,8524.0,8534.0,8514.0,8520.0,166.0,18839.0,18852.0
2025-12-01 14:30:00,8520.0,8536.0,8520.0,8534.0,377.0,18852.0,18840.0
2025-12-01 21:00:00,8502.0,8502.0,8470.0,8470.0,553.0,18840.0,19016.0
2025-12-01 21:30:00,8470.0,8482.0,8460.0,8462.0,185.0,19016.0,19050.0
2025-12-01 22:00:00,8462.0,8472.0,8462.0,8464.0,83.0,19050.0,19065.0
2025-12-01 22:30:00,8464.0,8488.0,8464.0,8474.0,102.0,19065.0,19037.0
2025-12-02 09:00:00,8474.0,8496.0,8470.0,8492.0,342.0,19037.0,19109.0
2025-12-02 09:30:00,8492.0,8502.0,8488.0,8496.0,611.0,19109.0,19213.0
2025-12-02 10:00:00,8496.0,8502.0,8484.0,8498.0,619.0,19213.0,19382.0
2025-12-02 10:30:00,8498.0,8542.0,8492.0,8538.0,1034.0,19382.0,19435.0
2025-12-02 11:00:00,8538.0,8552.0,8516.0,8544.0,891.0,19435.0,19561.0
2025-12-02 13:30:00,8548.0,8566.0,8548.0,8558.0,392.0,19561.0,19628.0
2025-12-02 14:00:00,8558.0,8564.0,8554.0,8562.0,153.0,19628.0,19633.0
2025-12-02 14:30:00,8562.0,8570.0,8552.0,8568.0,572.0,19633.0,19867.0
2025-12-02 21:00:00,8586.0,8604.0,8552.0,8564.0,808.0,19867.0,19976.0
2025-12-02 21:30:00,8564.0,8576.0,8558.0,8566.0,136.0,19976.0,19991.0
2025-12-02 22:00:00,8566.0,8580.0,8566.0,8574.0,31.0,19991.0,19992.0
2025-12-02 22:30:00,8574.0,8582.0,8556.0,8568.0,246.0,19992.0,20127.0
2025-12-03 09:00:00,8582.0,8606.0,8578.0,8596.0,543.0,20127.0,20233.0
2025-12-03 09:30:00,8596.0,8620.0,8596.0,8618.0,396.0,20233.0,20188.0
2025-12-03 10:00:00,8618.0,8626.0,8610.0,8616.0,699.0,20188.0,20624.0
2025-12-03 10:30:00,8616.0,8626.0,8596.0,8616.0,422.0,20624.0,20766.0
2025-12-03 11:00:00,8616.0,8626.0,8604.0,8618.0,979.0,20766.0,21341.0
2025-12-03 13:30:00,8632.0,8646.0,8618.0,8626.0,576.0,21341.0,21677.0
2025-12-03 14:00:00,8626.0,8634.0,8618.0,8626.0,395.0,21677.0,21875.0
2025-12-03 14:30:00,8626.0,8628.0,8580.0,8596.0,1157.0,21875.0,22412.0
2025-12-03 21:00:00,8610.0,8616.0,8584.0,8588.0,546.0,22412.0,22231.0
2025-12-03 21:30:00,8588.0,8596.0,8574.0,8588.0,139.0,22231.0,22216.0
2025-12-03 22:00:00,8588.0,8588.0,8574.0,8574.0,196.0,22216.0,22119.0
2025-12-03 22:30:00,8574.0,8580.0,8570.0,8570.0,149.0,22119.0,22124.0
2025-12-04 09:00:00,8556.0,8558.0,8534.0,8550.0,700.0,22124.0,22354.0
2025-12-04 09:30:00,8550.0,8552.0,8528.0,8530.0,611.0,22354.0,22512.0
2025-12-04 10:00:00,8530.0,8540.0,8526.0,8534.0,234.0,22512.0,22585.0
2025-12-04 10:30:00,8532.0,8562.0,8520.0,8552.0,883.0,22585.0,22841.0
2025-12-04 11:00:00,8552.0,8558.0,8534.0,8544.0,328.0,22841.0,22937.0
2025-12-04 13:30:00,8532.0,8532.0,8502.0,8526.0,461.0,22937.0,23137.0
2025-12-04 14:00:00,8526.0,8528.0,8510.0,8514.0,274.0,23137.0,23251.0
2025-12-04 14:30:00,8514.0,8548.0,8514.0,8534.0,522.0,23251.0,23129.0
2025-12-04 21:00:00,8524.0,8540.0,8516.0,8538.0,131.0,23129.0,23122.0
2025-12-04 21:30:00,8538.0,8546.0,8532.0,8536.0,66.0,23122.0,23118.0
2025-12-04 22:00:00,8536.0,8542.0,8532.0,8532.0,124.0,23118.0,23171.0
2025-12-04 22:30:00,8532.0,8536.0,8520.0,8536.0,178.0,23171.0,23176.0
2025-12-05 09:00:00,8550.0,8586.0,8550.0,8560.0,582.0,23176.0,23183.0
2025-12-05 09:30:00,8560.0,8582.0,8558.0,8574.0,336.0,23183.0,23321.0
2025-12-05 10:00:00,8574.0,8576.0,8560.0,8560.0,163.0,23321.0,23385.0
2025-12-05 10:30:00,8560.0,8584.0,8556.0,8576.0,316.0,23385.0,23456.0
2025-12-05 11:00:00,8576.0,8578.0,8550.0,8560.0,324.0,23456.0,23611.0
2025-12-05 13:30:00,8560.0,8596.0,8560.0,8580.0,1184.0,23611.0,24050.0
2025-12-05 14:00:00,8580.0,8604.0,8576.0,8600.0,370.0,24050.0,24154.0
2025-12-05 14:30:00,8600.0,8608.0,8590.0,8604.0,575.0,24154.0,24326.0
2025-12-05 21:00:00,8612.0,8628.0,8604.0,8610.0,307.0,24326.0,24237.0
2025-12-05 21:30:00,8610.0,8620.0,8602.0,8610.0,167.0,24237.0,24212.0
2025-12-05 22:00:00,8610.0,8618.0,8602.0,8606.0,47.0,24212.0,24193.0
2025-12-05 22:30:00,8606.0,8618.0,8606.0,8618.0,76.0,24193.0,24167.0
2025-12-08 09:00:00,8600.0,8600.0,8552.0,8574.0,556.0,24167.0,24283.0
2025-12-08 09:30:00,8574.0,8580.0,8560.0,8566.0,161.0,24283.0,24315.0
2025-12-08 10:00:00,8566.0,8568.0,8558.0,8560.0,92.0,24315.0,24330.0
2025-12-08 10:30:00,8560.0,8582.0,8550.0,8574.0,642.0,24330.0,24512.0
2025-12-08 11:00:00,8574.0,8586.0,8544.0,8544.0,231.0,24512.0,24566.0
2025-12-08 13:30:00,8536.0,8562.0,8530.0,8544.0,287.0,24566.0,24630.0
2025-12-08 14:00:00,8544.0,8560.0,8540.0,8552.0,202.0,24630.0,24692.0
2025-12-08 14:30:00,8552.0,8554.0,8542.0,8546.0,83.0,24692.0,24705.0
2025-12-08 21:00:00,8528.0,8536.0,8514.0,8530.0,291.0,24705.0,24730.0
2025-12-08 21:30:00,8530.0,8548.0,8530.0,8544.0,82.0,24730.0,24700.0
2025-12-08 22:00:00,8544.0,8544.0,8532.0,8542.0,87.0,24700.0,24759.0
2025-12-08 22:30:00,8542.0,8552.0,8526.0,8526.0,178.0,24759.0,24794.0
2025-12-09 09:00:00,8520.0,8534.0,8504.0,8518.0,452.0,24794.0,24803.0
2025-12-09 09:30:00,8518.0,8532.0,8504.0,8526.0,275.0,24803.0,24877.0
2025-12-09 10:00:00,8526.0,8532.0,8514.0,8516.0,118.0,24877.0,24922.0
2025-12-09 10:30:00,8516.0,8516.0,8464.0,8470.0,816.0,24922.0,25317.0
2025-12-09 11:00:00,8470.0,8478.0,8452.0,8452.0,862.0,25317.0,25547.0
2025-12-09 13:30:00,8446.0,8452.0,8420.0,8430.0,919.0,25547.0,25650.0
2025-12-09 14:00:00,8430.0,8476.0,8424.0,8468.0,695.0,25650.0,25836.0
2025-12-09 14:30:00,8468.0,8494.0,8468.0,8472.0,474.0,25836.0,25935.0
2025-12-09 21:00:00,8490.0,8508.0,8460.0,8460.0,680.0,25935.0,26311.0
2025-12-09 21:30:00,8460.0,8480.0,8458.0,8480.0,203.0,26311.0,26393.0
2025-12-09 22:00:00,8480.0,8482.0,8464.0,8472.0,413.0,26393.0,26586.0
2025-12-09 22:30:00,8472.0,8516.0,8464.0,8506.0,575.0,26586.0,26819.0
2025-12-10 09:00:00,8516.0,8536.0,8490.0,8524.0,894.0,26819.0,27141.0
2025-12-10 09:30:00,8524.0,8534.0,8492.0,8492.0,706.0,27141.0,27437.0
2025-12-10 10:00:00,8492.0,8508.0,8490.0,8500.0,465.0,27437.0,27543.0
2025-12-10 10:30:00,8500.0,8550.0,8494.0,8530.0,962.0,27543.0,27837.0
2025-12-10 11:00:00,8530.0,8546.0,8516.0,8534.0,701.0,27837.0,28119.0
2025-12-10 13:30:00,8412.0,8412.0,8338.0,8400.0,6772.0,28119.0,29754.0
2025-12-10 14:00:00,8400.0,8402.0,8370.0,8382.0,2233.0,29754.0,30782.0
2025-12-10 14:30:00,8382.0,8424.0,8376.0,8384.0,1611.0,30782.0,30423.0
2025-12-10 21:00:00,8414.0,8554.0,8414.0,8552.0,3367.0,30423.0,30864.0
2025-12-10 21:30:00,8552.0,8560.0,8534.0,8552.0,931.0,30864.0,30755.0
2025-12-10 22:00:00,8552.0,8558.0,8508.0,8512.0,1340.0,30755.0,30836.0
2025-12-10 22:30:00,8512.0,8526.0,8508.0,8516.0,219.0,30836.0,30847.0
2025-12-11 09:00:00,8520.0,8526.0,8496.0,8520.0,621.0,30847.0,30958.0
2025-12-11 09:30:00,8520.0,8540.0,8516.0,8532.0,558.0,30958.0,31046.0
2025-12-11 10:00:00,8532.0,8534.0,8514.0,8516.0,270.0,31046.0,31159.0
2025-12-11 10:30:00,8516.0,8554.0,8512.0,8542.0,863.0,31159.0,31328.0
2025-12-11 11:00:00,8542.0,8558.0,8532.0,8542.0,472.0,31328.0,31448.0
2025-12-11 13:30:00,8538.0,8550.0,8522.0,8526.0,606.0,31448.0,31508.0
2025-12-11 14:00:00,8526.0,8534.0,8520.0,8524.0,268.0,31508.0,31561.0
2025-12-11 14:30:00,8524.0,8524.0,8490.0,8500.0,1244.0,31561.0,31458.0
2025-12-11 21:00:00,8496.0,8496.0,8440.0,8458.0,2038.0,31458.0,31432.0
2025-12-11 21:30:00,8458.0,8468.0,8418.0,8422.0,2730.0,31432.0,32516.0
2025-12-11 22:00:00,8422.0,8444.0,8420.0,8438.0,912.0,32516.0,32825.0
2025-12-11 22:30:00,8438.0,8438.0,8386.0,8390.0,893.0,32825.0,33108.0
2025-12-12 09:00:00,8446.0,8450.0,8396.0,8416.0,1691.0,33108.0,33316.0
2025-12-12 09:30:00,8416.0,8438.0,8412.0,8432.0,998.0,33316.0,33773.0
2025-12-12 10:00:00,8432.0,8438.0,8416.0,8428.0,492.0,33773.0,33967.0
2025-12-12 10:30:00,8428.0,8438.0,8394.0,8402.0,1510.0,33967.0,34433.0
2025-12-12 11:00:00,8402.0,8420.0,8396.0,8408.0,1124.0,34433.0,34839.0
2025-12-12 13:30:00,8404.0,8412.0,8386.0,8408.0,1276.0,34839.0,35147.0
2025-12-12 14:00:00,8408.0,8410.0,8388.0,8398.0,666.0,35147.0,35099.0
2025-12-12 14:30:00,8398.0,8414.0,8392.0,8410.0,1132.0,35099.0,35174.0
2025-12-12 21:00:00,8380.0,8380.0,8320.0,8366.0,1708.0,35174.0,35597.0
2025-12-12 21:30:00,8366.0,8380.0,8356.0,8358.0,471.0,35597.0,35793.0
2025-12-12 22:00:00,8358.0,8382.0,8354.0,8380.0,540.0,35793.0,35715.0
2025-12-12 22:30:00,8380.0,8382.0,8356.0,8374.0,896.0,35715.0,35600.0
2025-12-15 09:00:00,8356.0,8360.0,8324.0,8352.0,2167.0,35600.0,36236.0
2025-12-15 09:30:00,8352.0,8352.0,8330.0,8344.0,1142.0,36236.0,36492.0
2025-12-15 10:00:00,8344.0,8366.0,8340.0,8352.0,484.0,36492.0,36577.0
2025-12-15 10:30:00,8352.0,8382.0,8346.0,8368.0,2577.0,36577.0,36876.0
2025-12-15 11:00:00,8368.0,8414.0,8366.0,8412.0,1473.0,36876.0,36951.0
2025-12-15 13:30:00,8378.0,8388.0,8362.0,8366.0,2237.0,36951.0,36980.0
2025-12-15 14:00:00,8366.0,8378.0,8362.0,8374.0,1629.0,36980.0,36768.0
2025-12-15 14:30:00,8374.0,8380.0,8350.0,8350.0,1540.0,36768.0,37158.0
2025-12-15 21:00:00,8310.0,8338.0,8310.0,8326.0,1167.0,37158.0,37625.0
2025-12-15 21:30:00,8326.0,8330.0,8316.0,8322.0,175.0,37625.0,37674.0
2025-12-15 22:00:00,8322.0,8328.0,8316.0,8318.0,105.0,37674.0,37706.0
2025-12-15 22:30:00,8318.0,8318.0,8298.0,8298.0,695.0,37706.0,37866.0
2025-12-16 09:00:00,8296.0,8320.0,8290.0,8296.0,995.0,37866.0,38168.0
2025-12-16 09:30:00,8296.0,8300.0,8276.0,8280.0,1401.0,38168.0,38505.0
2025-12-16 10:00:00,8280.0,8280.0,8268.0,8272.0,644.0,38505.0,38722.0
2025-12-16 10:30:00,8282.0,8290.0,8256.0,8262.0,2102.0,38722.0,39465.0
2025-12-16 11:00:00,8262.0,8274.0,8250.0,8266.0,1530.0,39465.0,40085.0
2025-12-16 13:30:00,8274.0,8304.0,8272.0,8288.0,1496.0,40085.0,40605.0
2025-12-16 14:00:00,8288.0,8288.0,8272.0,8284.0,578.0,40605.0,40827.0
2025-12-16 14:30:00,8284.0,8302.0,8280.0,8290.0,1105.0,40827.0,40812.0
2025-12-16 21:00:00,8268.0,8268.0,8210.0,8222.0,5693.0,40812.0,41503.0
2025-12-16 21:30:00,8222.0,8246.0,8200.0,8210.0,3475.0,41503.0,42256.0
2025-12-16 22:00:00,8210.0,8216.0,8196.0,8204.0,1912.0,42256.0,43005.0
2025-12-16 22:30:00,8204.0,8208.0,8180.0,8188.0,1255.0,43005.0,43309.0
2025-12-17 09:00:00,8188.0,8230.0,8184.0,8224.0,1778.0,43309.0,43538.0
2025-12-17 09:30:00,8224.0,8240.0,8216.0,8230.0,954.0,43538.0,43820.0
2025-12-17 10:00:00,8230.0,8242.0,8226.0,8236.0,334.0,43820.0,43818.0
2025-12-17 10:30:00,8236.0,8244.0,8214.0,8240.0,2018.0,43818.0,44400.0
2025-12-17 11:00:00,8240.0,8264.0,8226.0,8244.0,2025.0,44400.0,44900.0
2025-12-17 13:30:00,8264.0,8290.0,8260.0,8280.0,1794.0,44900.0,45327.0
2025-12-17 14:00:00,8280.0,8286.0,8252.0,8256.0,847.0,45327.0,45350.0
2025-12-17 14:30:00,8256.0,8270.0,8232.0,8240.0,1041.0,45350.0,45252.0
2025-12-17 21:00:00,8250.0,8292.0,8236.0,8292.0,1580.0,45252.0,45447.0
2025-12-17 21:30:00,8292.0,8324.0,8288.0,8322.0,1338.0,45447.0,45369.0
2025-12-17 22:00:00,8322.0,8326.0,8304.0,8312.0,753.0,45369.0,45337.0
2025-12-17 22:30:00,8312.0,8322.0,8296.0,8300.0,492.0,45337.0,45236.0
2025-12-18 09:00:00,8320.0,8348.0,8314.0,8320.0,1341.0,45236.0,45423.0
2025-12-18 09:30:00,8320.0,8332.0,8306.0,8320.0,809.0,45423.0,45544.0
2025-12-18 10:00:00,8320.0,8324.0,8306.0,8312.0,216.0,45544.0,45596.0
2025-12-18 10:30:00,8312.0,8354.0,8306.0,8332.0,923.0,45596.0,45820.0
2025-12-18 11:00:00,8332.0,8338.0,8316.0,8336.0,634.0,45820.0,45818.0
2025-12-18 13:30:00,8328.0,8334.0,8310.0,8312.0,720.0,45818.0,45939.0
2025-12-18 14:00:00,8312.0,8324.0,8310.0,8314.0,424.0,45939.0,45949.0
2025-12-18 14:30:00,8314.0,8316.0,8270.0,8280.0,1342.0,45949.0,46180.0
2025-12-18 21:00:00,8290.0,8298.0,8276.0,8290.0,875.0,46180.0,46338.0
2025-12-18 21:30:00,8290.0,8310.0,8288.0,8300.0,449.0,46338.0,46440.0
2025-12-18 22:00:00,8300.0,8314.0,8294.0,8310.0,265.0,46440.0,46427.0
2025-12-18 22:30:00,8310.0,8312.0,8280.0,8312.0,433.0,46427.0,46399.0
2025-12-19 09:00:00,8304.0,8304.0,8264.0,8264.0,791.0,46399.0,46555.0
2025-12-19 09:30:00,8264.0,8264.0,8224.0,8224.0,1030.0,46555.0,46750.0
2025-12-19 10:00:00,8224.0,8240.0,8220.0,8236.0,380.0,46750.0,46794.0
2025-12-19 10:30:00,8236.0,8246.0,8192.0,8194.0,1210.0,46794.0,46962.0
2025-12-19 11:00:00,8194.0,8224.0,8192.0,8208.0,1532.0,46962.0,47079.0
2025-12-19 13:30:00,8208.0,8226.0,8190.0,8194.0,1051.0,47079.0,47394.0
2025-12-19 14:00:00,8194.0,8220.0,8192.0,8210.0,796.0,47394.0,47803.0
2025-12-19 14:30:00,8210.0,8234.0,8198.0,8206.0,1023.0,47803.0,48054.0
2025-12-19 21:00:00,8200.0,8200.0,8134.0,8196.0,2007.0,48054.0,47972.0
2025-12-19 21:30:00,8196.0,8212.0,8192.0,8196.0,843.0,47972.0,47646.0
2025-12-19 22:00:00,8196.0,8200.0,8182.0,8194.0,156.0,47646.0,47641.0
2025-12-19 22:30:00,8194.0,8208.0,8188.0,8188.0,196.0,47641.0,47613.0
2025-12-22 09:00:00,8200.0,8246.0,8200.0,8242.0,1439.0,47613.0,47665.0
2025-12-22 09:30:00,8242.0,8250.0,8230.0,8236.0,1353.0,47665.0,47390.0
2025-12-22 10:00:00,8236.0,8244.0,8232.0,8242.0,148.0,47390.0,47400.0
2025-12-22 10:30:00,8242.0,8246.0,8198.0,8216.0,1669.0,47400.0,47310.0
2025-12-22 11:00:00,8216.0,8230.0,8208.0,8216.0,589.0,47310.0,47454.0
2025-12-22 13:30:00,8246.0,8314.0,8246.0,8290.0,3064.0,47454.0,47077.0
2025-12-22 14:00:00,8290.0,8304.0,8290.0,8300.0,439.0,47077.0,46983.0
2025-12-22 14:30:00,8300.0,8312.0,8296.0,8298.0,1450.0,46983.0,46648.0
2025-12-22 21:00:00,8328.0,8370.0,8314.0,8366.0,2089.0,46648.0,46599.0
2025-12-22 21:30:00,8366.0,8378.0,8362.0,8370.0,1371.0,46599.0,46930.0
2025-12-22 22:00:00,8370.0,8376.0,8362.0,8372.0,691.0,46930.0,46934.0
2025-12-22 22:30:00,8372.0,8372.0,8346.0,8358.0,556.0,46934.0,46902.0
2025-12-23 09:00:00,8366.0,8366.0,8290.0,8298.0,2130.0,46902.0,47129.0
2025-12-23 09:30:00,8298.0,8324.0,8294.0,8320.0,627.0,47129.0,47182.0
2025-12-23 10:00:00,8320.0,8328.0,8312.0,8324.0,114.0,47182.0,47172.0
2025-12-23 10:30:00,8324.0,8346.0,8314.0,8344.0,826.0,47172.0,47395.0
2025-12-23 11:00:00,8344.0,8362.0,8340.0,8356.0,868.0,47395.0,47598.0
2025-12-23 13:30:00,8328.0,8352.0,8318.0,8344.0,1395.0,47598.0,47418.0
2025-12-23 14:00:00,8344.0,8348.0,8338.0,8344.0,329.0,47418.0,47442.0
2025-12-23 14:30:00,8344.0,8382.0,8342.0,8372.0,1546.0,47442.0,47407.0
2025-12-23 21:00:00,8370.0,8422.0,8370.0,8414.0,4211.0,47407.0,47928.0
2025-12-23 21:30:00,8414.0,8422.0,8388.0,8416.0,1230.0,47928.0,48008.0
2025-12-23 22:00:00,8416.0,8416.0,8378.0,8388.0,914.0,48008.0,48146.0
2025-12-23 22:30:00,8388.0,8390.0,8366.0,8372.0,541.0,48146.0,48069.0
2025-12-24 09:00:00,8372.0,8404.0,8370.0,8384.0,1189.0,48069.0,47887.0
2025-12-24 09:30:00,8384.0,8416.0,8384.0,8408.0,919.0,47887.0,47892.0
2025-12-24 10:00:00,8408.0,8410.0,8398.0,8406.0,254.0,47892.0,47906.0
2025-12-24 10:30:00,8406.0,8416.0,8386.0,8390.0,2102.0,47906.0,47963.0
2025-12-24 11:00:00,8390.0,8402.0,8376.0,8384.0,1186.0,47963.0,48105.0
2025-12-24 13:30:00,8376.0,8410.0,8376.0,8406.0,1167.0,48105.0,48075.0
2025-12-24 14:00:00,8406.0,8406.0,8386.0,8394.0,627.0,48075.0,47847.0
2025-12-24 14:30:00,8394.0,8396.0,8362.0,8364.0,1126.0,47847.0,47767.0
2025-12-24 21:00:00,8384.0,8406.0,8384.0,8398.0,1097.0,47767.0,47787.0
2025-12-24 21:30:00,8398.0,8448.0,8394.0,8444.0,1403.0,47787.0,47877.0
2025-12-24 22:00:00,8444.0,8450.0,8432.0,8434.0,751.0,47877.0,47945.0
2025-12-24 22:30:00,8434.0,8442.0,8422.0,8432.0,524.0,47945.0,47942.0
2025-12-25 09:00:00,8442.0,8458.0,8420.0,8432.0,1724.0,47942.0,48117.0
2025-12-25 09:30:00,8432.0,8440.0,8412.0,8434.0,816.0,48117.0,48242.0
2025-12-25 10:00:00,8434.0,8442.0,8418.0,8420.0,306.0,48242.0,48239.0
2025-12-25 10:30:00,8422.0,8432.0,8414.0,8426.0,450.0,48239.0,48364.0
2025-12-25 11:00:00,8426.0,8430.0,8408.0,8420.0,440.0,48364.0,48329.0
2025-12-25 13:30:00,8420.0,8430.0,8406.0,8420.0,751.0,48329.0,48196.0
2025-12-25 14:00:00,8420.0,8430.0,8420.0,8426.0,272.0,48196.0,48233.0
2025-12-25 14:30:00,8426.0,8442.0,8420.0,8426.0,632.0,48233.0,48259.0
2025-12-25 21:00:00,8400.0,8478.0,8400.0,8446.0,1476.0,48259.0,48320.0
2025-12-25 21:30:00,8446.0,8446.0,8432.0,8440.0,385.0,48320.0,48373.0
2025-12-25 22:00:00,8440.0,8446.0,8434.0,8440.0,327.0,48373.0,48510.0
2025-12-25 22:30:00,8440.0,8456.0,8436.0,8446.0,294.0,48510.0,48537.0
2025-12-26 09:00:00,8446.0,8460.0,8420.0,8422.0,1939.0,48537.0,47764.0
2025-12-26 09:30:00,8422.0,8424.0,8384.0,8398.0,1169.0,47764.0,47812.0
2025-12-26 10:00:00,8398.0,8422.0,8396.0,8414.0,371.0,47812.0,47813.0
2025-12-26 10:30:00,8414.0,8468.0,8414.0,8462.0,2112.0,47813.0,47695.0
2025-12-26 11:00:00,8462.0,8484.0,8448.0,8454.0,1608.0,47695.0,47950.0
2025-12-26 13:30:00,8454.0,8476.0,8448.0,8468.0,839.0,47950.0,48078.0
2025-12-26 14:00:00,8468.0,8478.0,8464.0,8470.0,615.0,48078.0,48208.0
2025-12-26 14:30:00,8470.0,8470.0,8446.0,8448.0,1416.0,48208.0,48261.0
2025-12-26 21:00:00,8478.0,8492.0,8462.0,8472.0,2114.0,48261.0,48419.0
2025-12-26 21:30:00,8472.0,8480.0,8458.0,8462.0,459.0,48419.0,48384.0
2025-12-26 22:00:00,8462.0,8466.0,8454.0,8462.0,395.0,48384.0,48414.0
2025-12-26 22:30:00,8462.0,8466.0,8450.0,8458.0,327.0,48414.0,48402.0
2025-12-29 09:00:00,8450.0,8450.0,8408.0,8432.0,1412.0,48402.0,48611.0
2025-12-29 09:30:00,8432.0,8438.0,8410.0,8422.0,794.0,48611.0,48546.0
2025-12-29 10:00:00,8422.0,8434.0,8422.0,8430.0,228.0,48546.0,48529.0
2025-12-29 10:30:00,8430.0,8450.0,8402.0,8402.0,984.0,48529.0,48725.0
2025-12-29 11:00:00,8402.0,8448.0,8402.0,8426.0,1875.0,48725.0,49207.0
2025-12-29 13:30:00,8448.0,8452.0,8436.0,8440.0,1116.0,49207.0,49349.0
2025-12-29 14:00:00,8440.0,8448.0,8432.0,8438.0,1801.0,49349.0,49700.0
2025-12-29 14:30:00,8438.0,8442.0,8402.0,8406.0,1263.0,49700.0,49728.0
2025-12-29 21:00:00,8406.0,8452.0,8404.0,8434.0,1881.0,49728.0,49622.0
2025-12-29 21:30:00,8434.0,8442.0,8424.0,8430.0,381.0,49622.0,49611.0
2025-12-29 22:00:00,8430.0,8432.0,8422.0,8426.0,236.0,49611.0,49607.0
2025-12-29 22:30:00,8426.0,8442.0,8418.0,8436.0,701.0,49607.0,49713.0
2025-12-30 09:00:00,8430.0,8454.0,8424.0,8452.0,1064.0,49713.0,49612.0
2025-12-30 09:30:00,8452.0,8474.0,8442.0,8472.0,1038.0,49612.0,49513.0
2025-12-30 10:00:00,8472.0,8474.0,8460.0,8466.0,495.0,49513.0,49486.0
2025-12-30 10:30:00,8464.0,8492.0,8454.0,8488.0,1670.0,49486.0,49480.0
2025-12-30 11:00:00,8488.0,8510.0,8482.0,8506.0,1683.0,49480.0,49522.0
2025-12-30 13:30:00,8496.0,8556.0,8496.0,8536.0,3861.0,49522.0,48953.0
2025-12-30 14:00:00,8536.0,8554.0,8534.0,8538.0,1036.0,48953.0,48932.0
2025-12-30 14:30:00,8538.0,8548.0,8528.0,8534.0,2129.0,48932.0,48403.0
2025-12-30 21:00:00,8522.0,8524.0,8498.0,8502.0,3272.0,48403.0,48582.0
2025-12-30 21:30:00,8502.0,8518.0,8496.0,8506.0,1060.0,48582.0,48331.0
2025-12-30 22:00:00,8506.0,8514.0,8504.0,8508.0,1267.0,48331.0,48837.0
2025-12-30 22:30:00,8508.0,8520.0,8504.0,8520.0,912.0,48837.0,48864.0
2025-12-31 09:00:00,8510.0,8510.0,8486.0,8504.0,1768.0,48864.0,48859.0
2025-12-31 09:30:00,8504.0,8508.0,8490.0,8492.0,1329.0,48859.0,48714.0
2025-12-31 10:00:00,8492.0,8494.0,8482.0,8492.0,603.0,48714.0,48839.0
2025-12-31 10:30:00,8492.0,8500.0,8476.0,8482.0,1870.0,48839.0,48868.0
2025-12-31 11:00:00,8482.0,8494.0,8470.0,8478.0,760.0,48868.0,48797.0
2025-12-31 13:30:00,8484.0,8496.0,8470.0,8472.0,780.0,48797.0,48777.0
2025-12-31 14:00:00,8472.0,8472.0,8458.0,8464.0,2134.0,48777.0,49558.0
2025-12-31 14:30:00,8464.0,8466.0,8454.0,8462.0,1802.0,49558.0,49329.0
2026-01-05 09:00:00,8440.0,8480.0,8412.0,8428.0,5525.0,49329.0,49312.0
2026-01-05 09:30:00,8428.0,8440.0,8404.0,8424.0,2067.0,49312.0,49494.0
2026-01-05 10:00:00,8424.0,8428.0,8412.0,8424.0,458.0,49494.0,49521.0
2026-01-05 10:30:00,8424.0,8430.0,8394.0,8418.0,2541.0,49521.0,49621.0
2026-01-05 11:00:00,8418.0,8424.0,8392.0,8398.0,1555.0,49621.0,50073.0
2026-01-05 13:30:00,8388.0,8388.0,8300.0,8310.0,5634.0,50073.0,51367.0
2026-01-05 14:00:00,8310.0,8338.0,8302.0,8326.0,2164.0,51367.0,51521.0
2026-01-05 14:30:00,8326.0,8376.0,8318.0,8376.0,3175.0,51521.0,51817.0
2026-01-05 21:00:00,8400.0,8406.0,8352.0,8362.0,3809.0,51817.0,52261.0
2026-01-05 21:30:00,8362.0,8380.0,8360.0,8380.0,2043.0,52261.0,53085.0
2026-01-05 22:00:00,8380.0,8388.0,8366.0,8374.0,2185.0,53085.0,53064.0
2026-01-05 22:30:00,8374.0,8382.0,8364.0,8368.0,1117.0,53064.0,53266.0
2026-01-06 09:00:00,8380.0,8432.0,8380.0,8416.0,2968.0,53266.0,53109.0
2026-01-06 09:30:00,8416.0,8442.0,8412.0,8440.0,1978.0,53109.0,53534.0
2026-01-06 10:00:00,8440.0,8440.0,8422.0,8424.0,646.0,53534.0,53430.0
2026-01-06 10:30:00,8424.0,8440.0,8418.0,8440.0,1340.0,53430.0,53194.0
2026-01-06 11:00:00,8440.0,8442.0,8390.0,8396.0,1862.0,53194.0,53415.0
2026-01-06 13:30:00,8390.0,8390.0,8350.0,8358.0,2534.0,53415.0,54238.0
2026-01-06 14:00:00,8358.0,8380.0,8354.0,8380.0,1102.0,54238.0,54403.0
2026-01-06 14:30:00,8380.0,8396.0,8372.0,8382.0,1231.0,54403.0,54283.0
2026-01-06 21:00:00,8370.0,8410.0,8366.0,8390.0,4424.0,54283.0,54286.0
2026-01-06 21:30:00,8390.0,8398.0,8378.0,8392.0,1556.0,54286.0,54668.0
2026-01-06 22:00:00,8392.0,8430.0,8390.0,8426.0,2290.0,54668.0,54789.0
2026-01-06 22:30:00,8426.0,8446.0,8426.0,8428.0,1352.0,54789.0,54868.0
2026-01-07 09:00:00,8396.0,8404.0,8368.0,8390.0,2493.0,54868.0,55551.0
2026-01-07 09:30:00,8390.0,8404.0,8380.0,8394.0,1334.0,55551.0,55591.0
2026-01-07 10:00:00,8394.0,8410.0,8390.0,8410.0,564.0,55591.0,55643.0
2026-01-07 10:30:00,8410.0,8428.0,8402.0,8416.0,1705.0,55643.0,55340.0
2026-01-07 11:00:00,8416.0,8420.0,8404.0,8412.0,853.0,55340.0,55272.0
2026-01-07 13:30:00,8406.0,8428.0,8376.0,8422.0,2838.0,55272.0,55465.0
2026-01-07 14:00:00,8422.0,8444.0,8416.0,8432.0,3093.0,55465.0,55657.0
2026-01-07 14:30:00,8432.0,8466.0,8414.0,8452.0,3418.0,55657.0,55853.0
2026-01-07 21:00:00,8462.0,8564.0,8462.0,8540.0,11388.0,55853.0,56927.0
2026-01-07 21:30:00,8540.0,8550.0,8524.0,8536.0,4753.0,56927.0,56127.0
2026-01-07 22:00:00,8536.0,8542.0,8512.0,8526.0,1409.0,56127.0,56151.0
2026-01-07 22:30:00,8526.0,8528.0,8482.0,8482.0,2836.0,56151.0,56092.0
2026-01-08 09:00:00,8466.0,8546.0,8460.0,8538.0,3446.0,56092.0,56302.0
2026-01-08 09:30:00,8538.0,8584.0,8536.0,8564.0,5194.0,56302.0,57185.0
2026-01-08 10:00:00,8564.0,8574.0,8558.0,8570.0,528.0,57185.0,57219.0
2026-01-08 10:30:00,8568.0,8568.0,8508.0,8516.0,4703.0,57219.0,57935.0
2026-01-08 11:00:00,8516.0,8516.0,8448.0,8490.0,5064.0,57935.0,57956.0
2026-01-08 13:30:00,8474.0,8510.0,8466.0,8508.0,3620.0,57956.0,57808.0
2026-01-08 14:00:00,8508.0,8522.0,8496.0,8520.0,1229.0,57808.0,57952.0
2026-01-08 14:30:00,8520.0,8520.0,8490.0,8500.0,1783.0,57952.0,57793.0
2026-01-08 21:00:00,8520.0,8548.0,8506.0,8516.0,2503.0,57793.0,58187.0
2026-01-08 21:30:00,8516.0,8532.0,8504.0,8514.0,911.0,58187.0,58309.0
2026-01-08 22:00:00,8514.0,8514.0,8494.0,8494.0,750.0,58309.0,58253.0
2026-01-08 22:30:00,8494.0,8502.0,8482.0,8494.0,1243.0,58253.0,58283.0
2026-01-09 09:00:00,8522.0,8538.0,8512.0,8518.0,2261.0,58283.0,58557.0
2026-01-09 09:30:00,8518.0,8528.0,8514.0,8522.0,1011.0,58557.0,58569.0
2026-01-09 10:00:00,8522.0,8530.0,8520.0,8526.0,550.0,58569.0,58647.0
2026-01-09 10:30:00,8526.0,8540.0,8498.0,8538.0,3369.0,58647.0,59584.0
2026-01-09 11:00:00,8538.0,8550.0,8524.0,8546.0,1777.0,59584.0,60019.0
2026-01-09 13:30:00,8562.0,8576.0,8550.0,8552.0,4040.0,60019.0,60665.0
2026-01-09 14:00:00,8552.0,8564.0,8548.0,8560.0,1186.0,60665.0,60670.0
2026-01-09 14:30:00,8560.0,8576.0,8552.0,8570.0,3370.0,60670.0,61094.0
2026-01-09 21:00:00,8528.0,8534.0,8498.0,8516.0,3004.0,61094.0,61570.0
2026-01-09 21:30:00,8516.0,8534.0,8510.0,8534.0,755.0,61570.0,61446.0
2026-01-09 22:00:00,8534.0,8556.0,8530.0,8554.0,767.0,61446.0,61393.0
2026-01-09 22:30:00,8554.0,8566.0,8544.0,8546.0,807.0,61393.0,61334.0
2026-01-12 09:00:00,8546.0,8558.0,8520.0,8540.0,2546.0,61334.0,61549.0
2026-01-12 09:30:00,8540.0,8540.0,8506.0,8506.0,1714.0,61549.0,61583.0
2026-01-12 10:00:00,8506.0,8510.0,8496.0,8502.0,660.0,61583.0,61750.0
2026-01-12 10:30:00,8502.0,8522.0,8478.0,8520.0,1788.0,61750.0,61990.0
2026-01-12 11:00:00,8520.0,8530.0,8504.0,8516.0,1620.0,61990.0,62209.0
2026-01-12 13:30:00,8480.0,8568.0,8472.0,8566.0,8941.0,62209.0,63331.0
2026-01-12 14:00:00,8566.0,8644.0,8562.0,8624.0,8910.0,63331.0,65467.0
2026-01-12 14:30:00,8624.0,8628.0,8598.0,8618.0,4497.0,65467.0,65048.0
2026-01-12 21:00:00,8626.0,8678.0,8626.0,8666.0,4573.0,65048.0,65348.0
2026-01-12 21:30:00,8666.0,8676.0,8654.0,8668.0,1855.0,65348.0,65662.0
2026-01-12 22:00:00,8668.0,8670.0,8636.0,8648.0,3169.0,65662.0,64812.0
2026-01-12 22:30:00,8648.0,8698.0,8648.0,8686.0,3424.0,64812.0,64629.0
2026-01-13 09:00:00,8662.0,8746.0,8656.0,8744.0,6868.0,64629.0,65337.0
2026-01-13 09:30:00,8744.0,8766.0,8732.0,8734.0,3754.0,65337.0,65951.0
2026-01-13 10:00:00,8734.0,8756.0,8732.0,8740.0,703.0,65951.0,66030.0
2026-01-13 10:30:00,8740.0,8746.0,8718.0,8736.0,3202.0,66030.0,65559.0
2026-01-13 11:00:00,8736.0,8740.0,8706.0,8720.0,2436.0,65559.0,66057.0
2026-01-13 13:30:00,8724.0,8724.0,8676.0,8686.0,4740.0,66057.0,65323.0
2026-01-13 14:00:00,8686.0,8688.0,8666.0,8682.0,1567.0,65323.0,65190.0
2026-01-13 14:30:00,8682.0,8692.0,8660.0,8678.0,2667.0,65190.0,64731.0
2026-01-13 21:00:00,8656.0,8670.0,8624.0,8628.0,3959.0,64731.0,64620.0
2026-01-13 21:30:00,8628.0,8650.0,8622.0,8622.0,1955.0,64620.0,64965.0
2026-01-13 22:00:00,8622.0,8638.0,8618.0,8636.0,1031.0,64965.0,65055.0
2026-01-13 22:30:00,8636.0,8674.0,8632.0,8670.0,2688.0,65055.0,65721.0
2026-01-14 09:00:00,8674.0,8696.0,8664.0,8684.0,3907.0,65721.0,66835.0
2026-01-14 09:30:00,8684.0,8702.0,8674.0,8698.0,3298.0,66835.0,66750.0
2026-01-14 10:00:00,8698.0,8710.0,8696.0,8704.0,1743.0,66750.0,66744.0
2026-01-14 10:30:00,8704.0,8742.0,8696.0,8734.0,2454.0,66744.0,66698.0
2026-01-14 11:00:00,8734.0,8750.0,8726.0,8732.0,3228.0,66698.0,67498.0
2026-01-14 13:30:00,8726.0,8728.0,8658.0,8678.0,5661.0,67498.0,67520.0
2026-01-14 14:00:00,8678.0,8716.0,8674.0,8698.0,5337.0,67520.0,66878.0
2026-01-14 14:30:00,8698.0,8704.0,8672.0,8682.0,2974.0,66878.0,67262.0
2026-01-14 21:00:00,8680.0,8730.0,8628.0,8656.0,12310.0,67262.0,67482.0
2026-01-14 21:30:00,8656.0,8662.0,8636.0,8648.0,3697.0,67482.0,67172.0
2026-01-14 22:00:00,8648.0,8672.0,8644.0,8660.0,1365.0,67172.0,67191.0
2026-01-14 22:30:00,8660.0,8660.0,8616.0,8620.0,3026.0,67191.0,67251.0
2026-01-15 09:00:00,8614.0,8614.0,8568.0,8572.0,7577.0,67251.0,66235.0
2026-01-15 09:30:00,8572.0,8580.0,8532.0,8554.0,3393.0,66235.0,65921.0
2026-01-15 10:00:00,8554.0,8564.0,8548.0,8564.0,865.0,65921.0,66007.0
2026-01-15 10:30:00,8564.0,8598.0,8552.0,8554.0,3257.0,66007.0,66060.0
2026-01-15 11:00:00,8554.0,8568.0,8542.0,8552.0,1739.0,66060.0,66091.0
2026-01-15 13:30:00,8560.0,8574.0,8548.0,8548.0,1397.0,66091.0,65954.0
2026-01-15 14:00:00,8548.0,8576.0,8548.0,8570.0,1751.0,65954.0,65870.0
2026-01-15 14:30:00,8570.0,8578.0,8558.0,8564.0,2301.0,65870.0,65589.0
2026-01-15 21:00:00,8532.0,8532.0,8478.0,8518.0,5567.0,65589.0,65618.0
2026-01-15 21:30:00,8518.0,8530.0,8502.0,8528.0,1816.0,65618.0,65513.0
2026-01-15 22:00:00,8528.0,8532.0,8512.0,8526.0,1869.0,65513.0,65494.0
2026-01-15 22:30:00,8526.0,8632.0,8526.0,8626.0,5825.0,65494.0,65934.0
2026-01-16 09:00:00,8648.0,8682.0,8646.0,8674.0,7408.0,65934.0,66929.0
2026-01-16 09:30:00,8674.0,8680.0,8658.0,8662.0,1477.0,66929.0,66994.0
2026-01-16 10:00:00,8662.0,8664.0,8632.0,8638.0,1558.0,66994.0,66738.0
2026-01-16 10:30:00,8638.0,8644.0,8602.0,8616.0,5189.0,66738.0,66984.0
2026-01-16 11:00:00,8616.0,8636.0,8614.0,8626.0,3063.0,66984.0,67135.0
2026-01-16 13:30:00,8646.0,8668.0,8614.0,8636.0,5113.0,67135.0,67133.0
2026-01-16 14:00:00,8636.0,8642.0,8628.0,8628.0,2277.0,67133.0,66944.0
2026-01-16 14:30:00,8628.0,8664.0,8624.0,8662.0,2479.0,66944.0,66484.0
2026-01-16 21:00:00,8632.0,8638.0,8614.0,8622.0,2100.0,66484.0,66283.0
2026-01-16 21:30:00,8622.0,8650.0,8622.0,8642.0,801.0,66283.0,66391.0
2026-01-16 22:00:00,8642.0,8662.0,8634.0,8638.0,1364.0,66391.0,66728.0
2026-01-16 22:30:00,8638.0,8638.0,8608.0,8612.0,1330.0,66728.0,66719.0
2026-01-19 09:00:00,8610.0,8642.0,8610.0,8626.0,1317.0,66719.0,66749.0
2026-01-19 09:30:00,8626.0,8632.0,8592.0,8610.0,1963.0,66749.0,66313.0
2026-01-19 10:00:00,8610.0,8648.0,8604.0,8644.0,627.0,66313.0,66170.0
2026-01-19 10:30:00,8644.0,8644.0,8602.0,8612.0,2267.0,66170.0,65918.0
2026-01-19 11:00:00,8612.0,8636.0,8610.0,8620.0,1589.0,65918.0,66152.0
2026-01-19 13:30:00,8638.0,8642.0,8614.0,8624.0,1022.0,66152.0,66022.0
2026-01-19 14:00:00,8624.0,8644.0,8622.0,8644.0,1547.0,66022.0,65846.0
2026-01-19 14:30:00,8644.0,8650.0,8604.0,8622.0,3199.0,65846.0,66014.0
2026-01-19 21:00:00,8636.0,8692.0,8636.0,8672.0,3979.0,66014.0,66293.0
2026-01-19 21:30:00,8672.0,8686.0,8660.0,8684.0,1433.0,66293.0,66459.0
2026-01-19 22:00:00,8684.0,8696.0,8676.0,8692.0,1254.0,66459.0,66668.0
2026-01-19 22:30:00,8692.0,8698.0,8676.0,8680.0,1030.0,66668.0,66785.0
2026-01-20 09:00:00,8680.0,8712.0,8674.0,8704.0,2263.0,66785.0,66856.0
2026-01-20 09:30:00,8704.0,8706.0,8680.0,8686.0,1228.0,66856.0,67042.0
2026-01-20 10:00:00,8686.0,8692.0,8672.0,8676.0,724.0,67042.0,66859.0
2026-01-20 10:30:00,8676.0,8724.0,8672.0,8724.0,2707.0,66859.0,66952.0
2026-01-20 11:00:00,8724.0,8748.0,8714.0,8724.0,3352.0,66952.0,67867.0
2026-01-20 13:30:00,8730.0,8748.0,8724.0,8740.0,1190.0,67867.0,68159.0
2026-01-20 14:00:00,8740.0,8742.0,8722.0,8726.0,1661.0,68159.0,68634.0
2026-01-20 14:30:00,8726.0,8734.0,8714.0,8716.0,3776.0,68634.0,69437.0
2026-01-20 21:00:00,8736.0,8790.0,8724.0,8774.0,5430.0,69437.0,70450.0
2026-01-20 21:30:00,8774.0,8778.0,8750.0,8764.0,3490.0,70450.0,70650.0
2026-01-20 22:00:00,8764.0,8770.0,8752.0,8770.0,1701.0,70650.0,70528.0
2026-01-20 22:30:00,8770.0,8774.0,8758.0,8770.0,1402.0,70528.0,70636.0
2026-01-21 09:00:00,8760.0,8766.0,8736.0,8756.0,1864.0,70636.0,70321.0
2026-01-21 09:30:00,8756.0,8786.0,8750.0,8774.0,1259.0,70321.0,70366.0
2026-01-21 10:00:00,8774.0,8794.0,8774.0,8790.0,1028.0,70366.0,70658.0
2026-01-21 10:30:00,8790.0,8792.0,8762.0,8768.0,2840.0,70658.0,70768.0
2026-01-21 11:00:00,8768.0,8786.0,8766.0,8774.0,4656.0,70768.0,72903.0
2026-01-21 13:30:00,8778.0,8808.0,8778.0,8802.0,4995.0,72903.0,73013.0
2026-01-21 14:00:00,8802.0,8804.0,8752.0,8754.0,3106.0,73013.0,73422.0
2026-01-21 14:30:00,8754.0,8804.0,8736.0,8794.0,5062.0,73422.0,72904.0
2026-01-21 21:00:00,8802.0,8866.0,8802.0,8864.0,6388.0,72904.0,74086.0
2026-01-21 21:30:00,8864.0,8882.0,8852.0,8858.0,3395.0,74086.0,74732.0
2026-01-21 22:00:00,8858.0,8860.0,8842.0,8850.0,1831.0,74732.0,74741.0
2026-01-21 22:30:00,8850.0,8876.0,8850.0,8870.0,1961.0,74741.0,74845.0
2026-01-22 09:00:00,8888.0,8920.0,8884.0,8908.0,4153.0,74845.0,74826.0
2026-01-22 09:30:00,8908.0,8908.0,8874.0,8880.0,3787.0,74826.0,74643.0
2026-01-22 10:00:00,8880.0,8894.0,8876.0,8882.0,512.0,74643.0,74683.0
2026-01-22 10:30:00,8884.0,8898.0,8874.0,8890.0,2724.0,74683.0,74455.0
2026-01-22 11:00:00,8890.0,8904.0,8876.0,8880.0,2421.0,74455.0,73820.0
2026-01-22 13:30:00,8868.0,8872.0,8852.0,8864.0,2623.0,73820.0,73987.0
2026-01-22 14:00:00,8864.0,8878.0,8862.0,8862.0,3987.0,73987.0,75643.0
2026-01-22 14:30:00,8862.0,8906.0,8856.0,8898.0,6620.0,75643.0,76334.0
2026-01-22 21:00:00,8884.0,8904.0,8876.0,8886.0,3685.0,76334.0,76012.0
2026-01-22 21:30:00,8886.0,8890.0,8876.0,8890.0,1981.0,76012.0,75776.0
2026-01-22 22:00:00,8890.0,8912.0,8886.0,8906.0,4865.0,75776.0,74572.0
2026-01-22 22:30:00,8906.0,8910.0,8866.0,8870.0,1651.0,74572.0,74191.0
2026-01-23 09:00:00,8882.0,8904.0,8862.0,8896.0,1608.0,74191.0,74251.0
2026-01-23 09:30:00,8896.0,8910.0,8888.0,8892.0,2947.0,74251.0,75429.0
2026-01-23 10:00:00,8892.0,8896.0,8870.0,8884.0,1701.0,75429.0,75987.0
2026-01-23 10:30:00,8878.0,8882.0,8856.0,8878.0,2841.0,75987.0,76404.0
2026-01-23 11:00:00,8878.0,8886.0,8868.0,8878.0,1027.0,76404.0,76396.0
2026-01-23 13:30:00,8870.0,8888.0,8864.0,8880.0,1636.0,76396.0,76610.0
2026-01-23 14:00:00,8880.0,8880.0,8862.0,8870.0,741.0,76610.0,76610.0
2026-01-23 14:30:00,8870.0,8884.0,8856.0,8872.0,4167.0,76610.0,77118.0
2026-01-23 21:00:00,8906.0,8944.0,8904.0,8926.0,3983.0,77118.0,77508.0
2026-01-23 21:30:00,8926.0,8952.0,8918.0,8940.0,2213.0,77508.0,78108.0
2026-01-23 22:00:00,8940.0,8980.0,8938.0,8974.0,2447.0,78108.0,78207.0
2026-01-23 22:30:00,8974.0,8994.0,8962.0,8982.0,4076.0,78207.0,78662.0
2026-01-26 09:00:00,8966.0,8966.0,8896.0,8930.0,5014.0,78662.0,78363.0
2026-01-26 09:30:00,8930.0,8950.0,8928.0,8938.0,1422.0,78363.0,78318.0
2026-01-26 10:00:00,8938.0,8958.0,8938.0,8956.0,517.0,78318.0,78449.0
2026-01-26 10:30:00,8956.0,8960.0,8924.0,8934.0,2907.0,78449.0,78119.0
2026-01-26 11:00:00,8934.0,8976.0,8928.0,8950.0,2238.0,78119.0,78693.0
2026-01-26 13:30:00,8974.0,8982.0,8958.0,8972.0,2094.0,78693.0,79062.0
2026-01-26 14:00:00,8972.0,9020.0,8968.0,9018.0,3660.0,79062.0,79992.0
2026-01-26 14:30:00,9018.0,9052.0,9000.0,9050.0,8069.0,79992.0,81542.0
2026-01-26 21:00:00,9028.0,9040.0,9000.0,9008.0,5547.0,81542.0,82813.0
2026-01-26 21:30:00,9008.0,9022.0,8992.0,9012.0,1475.0,82813.0,83034.0
2026-01-26 22:00:00,9012.0,9110.0,9008.0,9102.0,6160.0,83034.0,85249.0
2026-01-26 22:30:00,9102.0,9136.0,9098.0,9112.0,4591.0,85249.0,85811.0
2026-01-27 09:00:00,9080.0,9100.0,9050.0,9070.0,5290.0,85811.0,85962.0
2026-01-27 09:30:00,9070.0,9090.0,9022.0,9040.0,3215.0,85962.0,85959.0
2026-01-27 10:00:00,9040.0,9078.0,9038.0,9072.0,1274.0,85959.0,86102.0
2026-01-27 10:30:00,9072.0,9084.0,9044.0,9058.0,6639.0,86102.0,89182.0
2026-01-27 11:00:00,9058.0,9134.0,9052.0,9120.0,8426.0,89182.0,90723.0
2026-01-27 13:30:00,9106.0,9128.0,9098.0,9114.0,3267.0,90723.0,91011.0
2026-01-27 14:00:00,9114.0,9144.0,9114.0,9142.0,2062.0,91011.0,91602.0
2026-01-27 14:30:00,9142.0,9180.0,9134.0,9164.0,6356.0,91602.0,93006.0
2026-01-27 21:00:00,9172.0,9228.0,9172.0,9196.0,10441.0,93006.0,94771.0
2026-01-27 21:30:00,9196.0,9202.0,9170.0,9180.0,3742.0,94771.0,95255.0
2026-01-27 22:00:00,9180.0,9182.0,9150.0,9154.0,2722.0,95255.0,95541.0
2026-01-27 22:30:00,9154.0,9164.0,9124.0,9148.0,4089.0,95541.0,96313.0
2026-01-28 09:00:00,9168.0,9194.0,9158.0,9168.0,2392.0,96313.0,96128.0
2026-01-28 09:30:00,9168.0,9196.0,9168.0,9182.0,3113.0,96128.0,96141.0
2026-01-28 10:00:00,9182.0,9194.0,9166.0,9186.0,3617.0,96141.0,96521.0
2026-01-28 10:30:00,9186.0,9206.0,9174.0,9188.0,5730.0,96521.0,97271.0
2026-01-28 11:00:00,9188.0,9204.0,9168.0,9184.0,9841.0,97271.0,99747.0
2026-01-28 13:30:00,9182.0,9202.0,9180.0,9198.0,3046.0,99747.0,99781.0
2026-01-28 14:00:00,9198.0,9214.0,9190.0,9198.0,1814.0,99781.0,99993.0
2026-01-28 14:30:00,9198.0,9214.0,9190.0,9210.0,2336.0,99993.0,100294.0
2026-01-28 21:00:00,9200.0,9262.0,9200.0,9228.0,9201.0,100294.0,103316.0
2026-01-28 21:30:00,9228.0,9276.0,9228.0,9268.0,2437.0,103316.0,103830.0
2026-01-28 22:00:00,9268.0,9292.0,9256.0,9262.0,3853.0,103830.0,104835.0
2026-01-28 22:30:00,9262.0,9276.0,9240.0,9272.0,2845.0,104835.0,104169.0
2026-01-29 09:00:00,9250.0,9260.0,9218.0,9242.0,4972.0,104169.0,104615.0
2026-01-29 09:30:00,9242.0,9264.0,9242.0,9256.0,1898.0,104615.0,105067.0
2026-01-29 10:00:00,9256.0,9260.0,9238.0,9240.0,849.0,105067.0,105162.0
2026-01-29 10:30:00,9242.0,9250.0,9222.0,9238.0,4033.0,105162.0,106208.0
2026-01-29 11:00:00,9238.0,9284.0,9236.0,9284.0,2644.0,106208.0,106713.0
2026-01-29 13:30:00,9284.0,9300.0,9232.0,9258.0,3535.0,106713.0,106905.0
2026-01-29 14:00:00,9258.0,9276.0,9250.0,9268.0,1045.0,106905.0,106837.0
2026-01-29 14:30:00,9268.0,9308.0,9266.0,9294.0,7486.0,106837.0,108410.0
2026-01-29 21:00:00,9310.0,9310.0,9280.0,9284.0,6303.0,108410.0,108984.0
2026-01-29 21:30:00,9284.0,9286.0,9228.0,9246.0,6904.0,108984.0,107672.0
2026-01-29 22:00:00,9246.0,9308.0,9246.0,9304.0,3702.0,107672.0,108105.0
2026-01-29 22:30:00,9304.0,9306.0,9258.0,9270.0,2927.0,108105.0,108566.0
2026-01-30 09:00:00,9240.0,9240.0,9160.0,9184.0,5929.0,108566.0,107973.0
2026-01-30 09:30:00,9184.0,9192.0,9150.0,9154.0,2896.0,107973.0,107667.0
2026-01-30 10:00:00,9154.0,9166.0,9134.0,9150.0,3250.0,107667.0,107013.0
2026-01-30 10:30:00,9150.0,9174.0,9112.0,9162.0,6169.0,107013.0,106460.0
2026-01-30 11:00:00,9162.0,9162.0,9132.0,9152.0,2096.0,106460.0,106697.0
2026-01-30 13:30:00,9144.0,9198.0,9144.0,9178.0,4033.0,106697.0,107434.0
2026-01-30 14:00:00,9178.0,9184.0,9166.0,9170.0,1314.0,107434.0,107620.0
2026-01-30 14:30:00,9170.0,9172.0,9148.0,9160.0,5259.0,107620.0,108682.0
2026-01-30 21:00:00,9140.0,9186.0,9140.0,9178.0,5028.0,108682.0,109107.0
2026-01-30 21:30:00,9178.0,9196.0,9154.0,9172.0,3404.0,109107.0,109760.0
2026-01-30 22:00:00,9172.0,9248.0,9170.0,9234.0,4943.0,109760.0,111072.0
2026-01-30 22:30:00,9234.0,9236.0,9212.0,9222.0,2222.0,111072.0,111132.0
2026-02-02 09:00:00,9180.0,9180.0,9036.0,9042.0,8227.0,111132.0,110705.0
2026-02-02 09:30:00,9042.0,9054.0,8992.0,9010.0,4331.0,110705.0,110669.0
2026-02-02 10:00:00,9010.0,9012.0,8986.0,9000.0,1171.0,110669.0,110551.0
2026-02-02 10:30:00,8998.0,9002.0,8958.0,8962.0,2441.0,110551.0,110435.0
2026-02-02 11:00:00,8962.0,8964.0,8940.0,8940.0,2461.0,110435.0,110451.0
2026-02-02 13:30:00,8932.0,8960.0,8906.0,8954.0,3973.0,110451.0,109817.0
2026-02-02 14:00:00,8954.0,8966.0,8938.0,8956.0,2051.0,109817.0,109531.0
2026-02-02 14:30:00,8956.0,8970.0,8938.0,8958.0,3202.0,109531.0,109465.0
2026-02-02 21:00:00,9014.0,9022.0,8988.0,9002.0,5085.0,109465.0,108957.0
2026-02-02 21:30:00,9002.0,9040.0,8998.0,9032.0,2602.0,108957.0,109090.0
2026-02-02 22:00:00,9032.0,9044.0,9024.0,9028.0,1599.0,109090.0,109383.0
2026-02-02 22:30:00,9028.0,9040.0,9024.0,9030.0,1545.0,109383.0,108893.0
2026-02-03 09:00:00,9040.0,9090.0,9040.0,9078.0,3663.0,108893.0,109263.0
2026-02-03 09:30:00,9078.0,9080.0,9044.0,9058.0,1846.0,109263.0,109490.0
2026-02-03 10:00:00,9058.0,9062.0,9042.0,9046.0,779.0,109490.0,109434.0
2026-02-03 10:30:00,9042.0,9060.0,9020.0,9044.0,3724.0,109434.0,109395.0
2026-02-03 11:00:00,9044.0,9054.0,9030.0,9034.0,2113.0,109395.0,109520.0
2026-02-03 13:30:00,9042.0,9056.0,9028.0,9044.0,1521.0,109520.0,109074.0
2026-02-03 14:00:00,9044.0,9052.0,9030.0,9050.0,2364.0,109074.0,109036.0
2026-02-03 14:30:00,9050.0,9056.0,9038.0,9040.0,3080.0,109036.0,108871.0
2026-02-03 21:00:00,9080.0,9178.0,9080.0,9148.0,9737.0,108871.0,110354.0
2026-02-03 21:30:00,9148.0,9148.0,9132.0,9132.0,2252.0,110354.0,110995.0
2026-02-03 22:00:00,9132.0,9144.0,9116.0,9126.0,2029.0,110995.0,111153.0
2026-02-03 22:30:00,9126.0,9134.0,9096.0,9096.0,2570.0,111153.0,111431.0
2026-02-04 09:00:00,9120.0,9134.0,9100.0,9116.0,2362.0,111431.0,111469.0
2026-02-04 09:30:00,9116.0,9138.0,9112.0,9118.0,983.0,111469.0,111696.0
2026-02-04 10:00:00,9118.0,9136.0,9118.0,9130.0,400.0,111696.0,111773.0
2026-02-04 10:30:00,9130.0,9136.0,9046.0,9062.0,3528.0,111773.0,111693.0
2026-02-04 11:00:00,9062.0,9090.0,9060.0,9080.0,2262.0,111693.0,111868.0
2026-02-04 13:30:00,9092.0,9094.0,9054.0,9062.0,3368.0,111868.0,111288.0
2026-02-04 14:00:00,9062.0,9072.0,9054.0,9068.0,2235.0,111288.0,111809.0
2026-02-04 14:30:00,9068.0,9094.0,9068.0,9086.0,1644.0,111809.0,111721.0
2026-02-04 21:00:00,9088.0,9126.0,9048.0,9112.0,6215.0,111721.0,112078.0
2026-02-04 21:30:00,9112.0,9114.0,9072.0,9076.0,2974.0,112078.0,111476.0
2026-02-04 22:00:00,9076.0,9090.0,9068.0,9088.0,1123.0,111476.0,111439.0
2026-02-04 22:30:00,9088.0,9104.0,9072.0,9088.0,2269.0,111439.0,111377.0
2026-02-05 09:00:00,9124.0,9154.0,9108.0,9112.0,4201.0,111377.0,111497.0
2026-02-05 09:30:00,9112.0,9126.0,9106.0,9108.0,1035.0,111497.0,111436.0
2026-02-05 10:00:00,9108.0,9112.0,9078.0,9082.0,2480.0,111436.0,111262.0
2026-02-05 10:30:00,9082.0,9104.0,9036.0,9044.0,6231.0,111262.0,109914.0
2026-02-05 11:00:00,9044.0,9062.0,9024.0,9032.0,2377.0,109914.0,109541.0
2026-02-05 13:30:00,9058.0,9058.0,9030.0,9044.0,2152.0,109541.0,109398.0
2026-02-05 14:00:00,9044.0,9062.0,9038.0,9054.0,1464.0,109398.0,109569.0
2026-02-05 14:30:00,9054.0,9054.0,9006.0,9014.0,4072.0,109569.0,109001.0
2026-02-05 21:00:00,9004.0,9038.0,8986.0,9028.0,4124.0,109001.0,108519.0
2026-02-05 21:30:00,9028.0,9036.0,9020.0,9024.0,1075.0,108519.0,108382.0
2026-02-05 22:00:00,9024.0,9052.0,9018.0,9050.0,1708.0,108382.0,108269.0
2026-02-05 22:30:00,9050.0,9052.0,9036.0,9048.0,1235.0,108269.0,108522.0
2026-02-06 09:00:00,9020.0,9038.0,8988.0,8990.0,4603.0,108522.0,108120.0
2026-02-06 09:30:00,8990.0,9020.0,8980.0,9014.0,3114.0,108120.0,107557.0
2026-02-06 10:00:00,9014.0,9030.0,9008.0,9022.0,758.0,107557.0,107339.0
2026-02-06 10:30:00,9022.0,9034.0,9006.0,9008.0,1637.0,107339.0,107313.0
2026-02-06 11:00:00,9008.0,9042.0,8992.0,9040.0,2135.0,107313.0,107309.0
2026-02-06 13:30:00,9040.0,9046.0,9028.0,9032.0,2672.0,107309.0,107579.0
2026-02-06 14:00:00,9032.0,9036.0,9004.0,9014.0,1502.0,107579.0,107213.0
2026-02-06 14:30:00,9014.0,9014.0,8994.0,8998.0,3160.0,107213.0,106885.0
2026-02-06 21:00:00,8962.0,8994.0,8950.0,8976.0,3065.0,106885.0,106669.0
2026-02-06 21:30:00,8976.0,8986.0,8930.0,8930.0,4351.0,106669.0,107286.0
2026-02-06 22:00:00,8930.0,8954.0,8922.0,8952.0,3042.0,107286.0,106910.0
2026-02-06 22:30:00,8952.0,8976.0,8946.0,8968.0,1576.0,106910.0,106776.0
2026-02-09 09:00:00,8950.0,8998.0,8942.0,8996.0,3666.0,106776.0,106701.0
2026-02-09 09:30:00,8996.0,8998.0,8980.0,8986.0,962.0,106701.0,106578.0
2026-02-09 10:00:00,8986.0,9014.0,8980.0,9014.0,801.0,106578.0,106547.0
2026-02-09 10:30:00,9016.0,9016.0,8978.0,8984.0,1455.0,106547.0,106259.0
2026-02-09 11:00:00,8984.0,9012.0,8978.0,9008.0,1235.0,106259.0,106105.0
2026-02-09 13:30:00,9026.0,9032.0,8990.0,8998.0,1579.0,106105.0,105816.0
2026-02-09 14:00:00,8998.0,9000.0,8982.0,8998.0,1496.0,105816.0,105787.0
2026-02-09 14:30:00,8998.0,9006.0,8988.0,8988.0,1509.0,105787.0,105241.0
2026-02-09 21:00:00,8994.0,8994.0,8940.0,8940.0,3087.0,105241.0,105051.0
2026-02-09 21:30:00,8940.0,8942.0,8884.0,8898.0,3212.0,105051.0,104773.0
2026-02-09 22:00:00,8898.0,8922.0,8896.0,8918.0,1122.0,104773.0,104522.0
2026-02-09 22:30:00,8918.0,8958.0,8916.0,8944.0,1892.0,104522.0,104043.0
2026-02-10 09:00:00,8972.0,8972.0,8930.0,8940.0,2702.0,104043.0,103217.0
2026-02-10 09:30:00,8940.0,8960.0,8940.0,8960.0,654.0,103217.0,103062.0
2026-02-10 10:00:00,8960.0,8980.0,8956.0,8976.0,1134.0,103062.0,102675.0
2026-02-10 10:30:00,8976.0,8984.0,8946.0,8946.0,1757.0,102675.0,102248.0
2026-02-10 11:00:00,8946.0,8952.0,8906.0,8912.0,2386.0,102248.0,101757.0
2026-02-10 13:30:00,8962.0,9004.0,8944.0,8950.0,4468.0,101757.0,102181.0
2026-02-10 14:00:00,8950.0,8950.0,8904.0,8908.0,2322.0,102181.0,102046.0
2026-02-10 14:30:00,8908.0,8922.0,8906.0,8912.0,3798.0,102046.0,100880.0
2026-02-10 21:00:00,8880.0,8912.0,8876.0,8900.0,3023.0,100880.0,100986.0
2026-02-10 21:30:00,8900.0,8902.0,8884.0,8892.0,1056.0,100986.0,100988.0
2026-02-10 22:00:00,8892.0,8892.0,8870.0,8882.0,1352.0,100988.0,101090.0
2026-02-10 22:30:00,8882.0,8888.0,8866.0,8874.0,1399.0,101090.0,100900.0
2026-02-11 09:00:00,8896.0,8908.0,8884.0,8892.0,2864.0,100900.0,100246.0
2026-02-11 09:30:00,8892.0,8900.0,8874.0,8884.0,1293.0,100246.0,100081.0
2026-02-11 10:00:00,8884.0,8898.0,8882.0,8888.0,548.0,100081.0,99979.0
2026-02-11 10:30:00,8888.0,8914.0,8882.0,8906.0,1819.0,99979.0,99674.0
2026-02-11 11:00:00,8906.0,8912.0,8892.0,8904.0,1439.0,99674.0,99915.0
2026-02-11 13:30:00,8922.0,8928.0,8898.0,8906.0,2012.0,99915.0,99867.0
2026-02-11 14:00:00,8906.0,8910.0,8892.0,8904.0,1036.0,99867.0,99911.0
2026-02-11 14:30:00,8904.0,8906.0,8876.0,8886.0,3577.0,99911.0,99240.0
2026-02-11 21:00:00,8906.0,8910.0,8876.0,8876.0,4076.0,99240.0,98037.0
2026-02-11 21:30:00,8876.0,8890.0,8868.0,8882.0,2667.0,98037.0,96914.0
2026-02-11 22:00:00,8882.0,8896.0,8872.0,8878.0,835.0,96914.0,96777.0
2026-02-11 22:30:00,8878.0,8880.0,8850.0,8854.0,1224.0,96777.0,96665.0
2026-02-12 09:00:00,8848.0,8860.0,8820.0,8858.0,2753.0,96665.0,96339.0
2026-02-12 09:30:00,8858.0,8860.0,8840.0,8852.0,1522.0,96339.0,95834.0
2026-02-12 10:00:00,8852.0,8858.0,8846.0,8848.0,1022.0,95834.0,95406.0
2026-02-12 10:30:00,8848.0,8858.0,8824.0,8830.0,3462.0,95406.0,94662.0
2026-02-12 11:00:00,8830.0,8832.0,8812.0,8822.0,4010.0,94662.0,93447.0
2026-02-12 13:30:00,8822.0,8834.0,8812.0,8824.0,2346.0,93447.0,92778.0
2026-02-12 14:00:00,8824.0,8824.0,8796.0,8800.0,1545.0,92778.0,92742.0
2026-02-12 14:30:00,8800.0,8806.0,8766.0,8768.0,4287.0,92742.0,93170.0
2026-02-12 21:00:00,8780.0,8810.0,8762.0,8804.0,3116.0,93170.0,92677.0
2026-02-12 21:30:00,8804.0,8804.0,8782.0,8782.0,1458.0,92677.0,92477.0
2026-02-12 22:00:00,8782.0,8790.0,8776.0,8784.0,839.0,92477.0,92387.0
2026-02-12 22:30:00,8784.0,8816.0,8784.0,8786.0,2869.0,92387.0,91858.0
2026-02-13 09:00:00,8792.0,8792.0,8740.0,8754.0,4259.0,91858.0,90474.0
2026-02-13 09:30:00,8754.0,8766.0,8746.0,8750.0,2630.0,90474.0,90302.0
2026-02-13 10:00:00,8750.0,8760.0,8744.0,8750.0,1347.0,90302.0,90166.0
2026-02-13 10:30:00,8750.0,8762.0,8720.0,8728.0,2621.0,90166.0,90263.0
2026-02-13 11:00:00,8728.0,8744.0,8712.0,8716.0,2026.0,90263.0,90749.0
2026-02-13 13:30:00,8708.0,8718.0,8702.0,8708.0,2568.0,90749.0,90006.0
2026-02-13 14:00:00,8708.0,8708.0,8672.0,8682.0,3788.0,90006.0,89640.0
2026-02-13 14:30:00,8682.0,8704.0,8674.0,8696.0,3778.0,89640.0,88802.0
2026-02-24 09:00:00,8806.0,8878.0,8806.0,8844.0,9944.0,88802.0,88127.0
2026-02-24 09:30:00,8844.0,8890.0,8836.0,8886.0,2799.0,88127.0,88486.0
2026-02-24 10:00:00,8886.0,8890.0,8872.0,8884.0,1800.0,88486.0,87687.0
2026-02-24 10:30:00,8886.0,8900.0,8864.0,8882.0,3921.0,87687.0,87089.0
2026-02-24 11:00:00,8882.0,8882.0,8834.0,8860.0,3948.0,87089.0,86555.0
2026-02-24 13:30:00,8850.0,8850.0,8824.0,8844.0,1391.0,86555.0,86748.0
2026-02-24 14:00:00,8844.0,8854.0,8840.0,8844.0,904.0,86748.0,86831.0
2026-02-24 14:30:00,8844.0,8844.0,8814.0,8814.0,3055.0,86831.0,86598.0
2026-02-24 21:00:00,8804.0,8804.0,8770.0,8784.0,5402.0,86598.0,87451.0
2026-02-24 21:30:00,8784.0,8804.0,8780.0,8798.0,1470.0,87451.0,87625.0
2026-02-24 22:00:00,8798.0,8804.0,8768.0,8788.0,2553.0,87625.0,87458.0
2026-02-24 22:30:00,8788.0,8820.0,8788.0,8820.0,2347.0,87458.0,87195.0
2026-02-25 09:00:00,8810.0,8852.0,8810.0,8852.0,2568.0,87195.0,87526.0
2026-02-25 09:30:00,8852.0,8852.0,8824.0,8826.0,1056.0,87526.0,87723.0
2026-02-25 10:00:00,8826.0,8840.0,8826.0,8836.0,1154.0,87723.0,87867.0
2026-02-25 10:30:00,8836.0,8872.0,8822.0,8860.0,3855.0,87867.0,87563.0
2026-02-25 11:00:00,8860.0,8864.0,8840.0,8846.0,1208.0,87563.0,87643.0
2026-02-25 13:30:00,8844.0,8928.0,8840.0,8912.0,7525.0,87643.0,89023.0
2026-02-25 14:00:00,8912.0,8914.0,8882.0,8886.0,2806.0,89023.0,89466.0
2026-02-25 14:30:00,8886.0,8886.0,8848.0,8848.0,4566.0,89466.0,89531.0
2026-02-25 21:00:00,8818.0,8842.0,8798.0,8834.0,4116.0,89531.0,89756.0
2026-02-25 21:30:00,8834.0,8836.0,8816.0,8818.0,4540.0,89756.0,89223.0
2026-02-25 22:00:00,8818.0,8832.0,8816.0,8820.0,1887.0,89223.0,89018.0
2026-02-25 22:30:00,8820.0,8820.0,8786.0,8788.0,2841.0,89018.0,88782.0
2026-02-26 09:00:00,8822.0,8838.0,8796.0,8822.0,3605.0,88782.0,89205.0
2026-02-26 09:30:00,8822.0,8828.0,8802.0,8814.0,1344.0,89205.0,88848.0
2026-02-26 10:00:00,8814.0,8814.0,8796.0,8800.0,1056.0,88848.0,88616.0
2026-02-26 10:30:00,8798.0,8804.0,8758.0,8772.0,6749.0,88616.0,88658.0
2026-02-26 11:00:00,8772.0,8774.0,8744.0,8752.0,5761.0,88658.0,88993.0
2026-02-26 13:30:00,8756.0,8774.0,8746.0,8750.0,3397.0,88993.0,88684.0
2026-02-26 14:00:00,8750.0,8754.0,8706.0,8730.0,5495.0,88684.0,88143.0
2026-02-26 14:30:00,8730.0,8742.0,8716.0,8738.0,6404.0,88143.0,88827.0
2026-02-26 21:00:00,8750.0,8796.0,8718.0,8796.0,7295.0,88827.0,88769.0
2026-02-26 21:30:00,8796.0,8818.0,8784.0,8818.0,3945.0,88769.0,88939.0
2026-02-26 22:00:00,8818.0,8820.0,8804.0,8812.0,1982.0,88939.0,88947.0
2026-02-26 22:30:00,8812.0,8818.0,8766.0,8782.0,3015.0,88947.0,88387.0
2026-02-27 09:00:00,8792.0,8810.0,8782.0,8792.0,2586.0,88387.0,88290.0
2026-02-27 09:30:00,8792.0,8794.0,8774.0,8782.0,1222.0,88290.0,88338.0
2026-02-27 10:00:00,8782.0,8792.0,8780.0,8786.0,471.0,88338.0,88290.0
2026-02-27 10:30:00,8786.0,8798.0,8740.0,8748.0,3839.0,88290.0,88329.0
2026-02-27 11:00:00,8748.0,8772.0,8744.0,8748.0,2530.0,88329.0,88386.0
2026-02-27 13:30:00,8762.0,8776.0,8758.0,8766.0,1898.0,88386.0,88265.0
2026-02-27 14:00:00,8766.0,8766.0,8748.0,8756.0,1532.0,88265.0,88619.0
2026-02-27 14:30:00,8756.0,8800.0,8754.0,8794.0,3638.0,88619.0,88584.0
2026-02-27 21:00:00,8814.0,8836.0,8808.0,8822.0,4104.0,88584.0,88713.0
2026-02-27 21:30:00,8822.0,8828.0,8790.0,8800.0,1540.0,88713.0,88615.0
2026-02-27 22:00:00,8800.0,8822.0,8798.0,8810.0,1679.0,88615.0,88727.0
2026-02-27 22:30:00,8810.0,8816.0,8784.0,8808.0,2316.0,88727.0,88676.0
2026-03-02 09:00:00,8856.0,8912.0,8842.0,8846.0,10448.0,88676.0,88127.0
2026-03-02 09:30:00,8846.0,8872.0,8818.0,8828.0,3323.0,88127.0,88235.0
2026-03-02 10:00:00,8828.0,8836.0,8812.0,8826.0,1054.0,88235.0,88132.0
2026-03-02 10:30:00,8826.0,8870.0,8826.0,8836.0,3446.0,88132.0,88143.0
2026-03-02 11:00:00,8836.0,8920.0,8834.0,8910.0,5238.0,88143.0,88526.0
2026-03-02 13:30:00,8924.0,8944.0,8920.0,8928.0,11815.0,88526.0,90127.0
2026-03-02 14:00:00,8928.0,8942.0,8922.0,8938.0,4010.0,90127.0,89840.0
2026-03-02 14:30:00,8938.0,8940.0,8910.0,8920.0,6371.0,89840.0,90314.0
2026-03-02 21:00:00,8962.0,9040.0,8952.0,9014.0,10409.0,90314.0,90670.0
2026-03-02 21:30:00,9014.0,9024.0,9000.0,9020.0,3390.0,90670.0,90735.0
2026-03-02 22:00:00,9020.0,9032.0,8990.0,8996.0,4003.0,90735.0,89836.0
2026-03-02 22:30:00,8996.0,9004.0,8958.0,8970.0,4505.0,89836.0,88973.0
2026-03-03 09:00:00,8950.0,9044.0,8950.0,9044.0,5555.0,88973.0,89157.0
2026-03-03 09:30:00,9044.0,9050.0,8994.0,8998.0,5273.0,89157.0,89389.0
2026-03-03 10:00:00,8998.0,8998.0,8972.0,8978.0,3309.0,89389.0,88767.0
2026-03-03 10:30:00,8980.0,9002.0,8962.0,8984.0,6145.0,88767.0,90597.0
2026-03-03 11:00:00,8984.0,8992.0,8968.0,8970.0,1828.0,90597.0,90486.0
2026-03-03 13:30:00,8988.0,9022.0,8988.0,8994.0,4727.0,90486.0,89838.0
2026-03-03 14:00:00,8994.0,9002.0,8970.0,8990.0,2923.0,89838.0,89104.0
2026-03-03 14:30:00,8990.0,9012.0,8984.0,9004.0,3599.0,89104.0,88880.0
2026-03-03 21:00:00,9040.0,9090.0,9030.0,9078.0,10598.0,88880.0,90163.0
2026-03-03 21:30:00,9078.0,9090.0,9062.0,9090.0,3757.0,90163.0,90395.0
2026-03-03 22:00:00,9090.0,9096.0,9066.0,9080.0,2835.0,90395.0,90663.0
2026-03-03 22:30:00,9080.0,9080.0,9040.0,9056.0,4667.0,90663.0,90621.0
2026-03-04 09:00:00,9052.0,9052.0,8944.0,8960.0,11114.0,90621.0,89667.0
2026-03-04 09:30:00,8960.0,9002.0,8958.0,8994.0,2893.0,89667.0,89929.0
2026-03-04 10:00:00,8994.0,9008.0,8988.0,9004.0,1254.0,89929.0,89851.0
2026-03-04 10:30:00,8996.0,9010.0,8974.0,8992.0,3872.0,89851.0,90291.0
2026-03-04 11:00:00,8992.0,9028.0,8990.0,9002.0,3606.0,90291.0,91076.0
2026-03-04 13:30:00,9024.0,9032.0,8992.0,9024.0,3447.0,91076.0,91771.0
2026-03-04 14:00:00,9024.0,9030.0,9018.0,9024.0,1352.0,91771.0,91917.0
2026-03-04 14:30:00,9024.0,9036.0,9018.0,9024.0,3458.0,91917.0,92208.0
2026-03-04 21:00:00,8996.0,8996.0,8926.0,8950.0,9129.0,92208.0,92968.0
2026-03-04 21:30:00,8950.0,8974.0,8946.0,8972.0,2954.0,92968.0,92806.0
2026-03-04 22:00:00,8972.0,8982.0,8936.0,8952.0,3496.0,92806.0,93077.0
2026-03-04 22:30:00,8952.0,8986.0,8952.0,8974.0,3472.0,93077.0,92718.0
2026-03-05 09:00:00,8988.0,9020.0,8988.0,9006.0,4551.0,92718.0,93909.0
2026-03-05 09:30:00,9006.0,9006.0,8986.0,8994.0,2053.0,93909.0,93938.0
2026-03-05 10:00:00,8994.0,9014.0,8992.0,9014.0,3042.0,93938.0,93862.0
2026-03-05 10:30:00,9010.0,9028.0,8998.0,9022.0,5616.0,93862.0,93105.0
2026-03-05 11:00:00,9022.0,9028.0,8994.0,9010.0,4374.0,93105.0,93435.0
2026-03-05 13:30:00,9058.0,9118.0,9054.0,9074.0,14416.0,93435.0,95175.0
2026-03-05 14:00:00,9074.0,9104.0,9062.0,9088.0,7051.0,95175.0,96792.0
2026-03-05 14:30:00,9088.0,9140.0,9086.0,9092.0,13300.0,96792.0,98074.0
2026-03-05 21:00:00,9100.0,9116.0,9062.0,9080.0,9773.0,98074.0,98829.0
2026-03-05 21:30:00,9080.0,9142.0,9076.0,9132.0,5487.0,98829.0,99745.0
2026-03-05 22:00:00,9132.0,9138.0,9112.0,9128.0,3718.0,99745.0,100361.0
2026-03-05 22:30:00,9128.0,9162.0,9120.0,9160.0,4052.0,100361.0,101050.0
2026-03-06 09:00:00,9182.0,9196.0,9102.0,9128.0,7910.0,101050.0,100833.0
2026-03-06 09:30:00,9128.0,9188.0,9124.0,9182.0,5632.0,100833.0,101710.0
2026-03-06 10:00:00,9182.0,9182.0,9132.0,9148.0,3708.0,101710.0,100652.0
2026-03-06 10:30:00,9152.0,9180.0,9140.0,9178.0,6118.0,100652.0,101325.0
2026-03-06 11:00:00,9178.0,9190.0,9164.0,9188.0,3656.0,101325.0,101572.0
2026-03-06 13:30:00,9178.0,9208.0,9158.0,9202.0,7140.0,101572.0,102895.0
2026-03-06 14:00:00,9202.0,9228.0,9194.0,9228.0,5687.0,102895.0,103784.0
2026-03-06 14:30:00,9228.0,9228.0,9180.0,9198.0,6854.0,103784.0,104815.0
2026-03-06 21:00:00,9320.0,9420.0,9312.0,9410.0,27193.0,104815.0,105438.0
2026-03-06 21:30:00,9410.0,9466.0,9344.0,9452.0,13891.0,105438.0,106703.0
2026-03-06 22:00:00,9452.0,9492.0,9438.0,9450.0,6267.0,106703.0,107349.0
2026-03-06 22:30:00,9450.0,9460.0,9392.0,9410.0,7528.0,107349.0,106980.0
2026-03-09 09:00:00,9510.0,9792.0,9510.0,9786.0,20812.0,106980.0,107885.0
2026-03-09 09:30:00,9786.0,9792.0,9734.0,9792.0,6622.0,107885.0,108204.0
2026-03-09 10:00:00,9792.0,9792.0,9792.0,9792.0,256.0,108204.0,108183.0
2026-03-09 10:30:00,9792.0,9792.0,9792.0,9792.0,1542.0,108183.0,108891.0
2026-03-09 11:00:00,9792.0,9792.0,9792.0,9792.0,1801.0,108891.0,108835.0
2026-03-09 13:30:00,9790.0,9792.0,9520.0,9568.0,35130.0,108835.0,106772.0
2026-03-09 14:00:00,9568.0,9636.0,9512.0,9580.0,19440.0,106772.0,110329.0
2026-03-09 14:30:00,9580.0,9726.0,9552.0,9632.0,15423.0,110329.0,108970.0
2026-03-09 21:00:00,9502.0,9598.0,9494.0,9532.0,21046.0,108970.0,107771.0
2026-03-09 21:30:00,9532.0,9580.0,9464.0,9552.0,11264.0,107771.0,106973.0
2026-03-09 22:00:00,9552.0,9638.0,9538.0,9622.0,8459.0,106973.0,106643.0
2026-03-09 22:30:00,9622.0,9650.0,9580.0,9640.0,8190.0,106643.0,105343.0
2026-03-10 09:00:00,9450.0,9450.0,9210.0,9290.0,29496.0,105343.0,98576.0
2026-03-10 09:30:00,9290.0,9316.0,9238.0,9292.0,10824.0,98576.0,98872.0
2026-03-10 10:00:00,9292.0,9314.0,9290.0,9306.0,2407.0,98872.0,99153.0
2026-03-10 10:30:00,9310.0,9396.0,9310.0,9384.0,11722.0,99153.0,99541.0
2026-03-10 11:00:00,9384.0,9416.0,9368.0,9414.0,5706.0,99541.0,99821.0
2026-03-10 13:30:00,9392.0,9402.0,9352.0,9392.0,8403.0,99821.0,100215.0
2026-03-10 14:00:00,9392.0,9416.0,9384.0,9398.0,4091.0,100215.0,100615.0
2026-03-10 14:30:00,9398.0,9436.0,9398.0,9426.0,7785.0,100615.0,99632.0
2026-03-10 21:00:00,9430.0,9456.0,9378.0,9392.0,12334.0,99632.0,101250.0
2026-03-10 21:30:00,9392.0,9404.0,9366.0,9404.0,7065.0,101250.0,101530.0
2026-03-10 22:00:00,9404.0,9420.0,9372.0,9374.0,6229.0,101530.0,102196.0
2026-03-10 22:30:00,9374.0,9380.0,9290.0,9308.0,11198.0,102196.0,101077.0
2026-03-11 09:00:00,9336.0,9404.0,9330.0,9384.0,9281.0,101077.0,101473.0
2026-03-11 09:30:00,9384.0,9416.0,9384.0,9408.0,3862.0,101473.0,102161.0
2026-03-11 10:00:00,9408.0,9424.0,9404.0,9408.0,2258.0,102161.0,102415.0
2026-03-11 10:30:00,9414.0,9444.0,9398.0,9428.0,5965.0,102415.0,103182.0
2026-03-11 11:00:00,9428.0,9444.0,9412.0,9440.0,4617.0,103182.0,103591.0
2026-03-11 13:30:00,9442.0,9454.0,9424.0,9452.0,5677.0,103591.0,103631.0
2026-03-11 14:00:00,9452.0,9462.0,9440.0,9460.0,3856.0,103631.0,103439.0
2026-03-11 14:30:00,9460.0,9480.0,9444.0,9470.0,6731.0,103439.0,103963.0
2026-03-11 21:00:00,9550.0,9630.0,9534.0,9576.0,22985.0,103963.0,104278.0
2026-03-11 21:30:00,9576.0,9580.0,9520.0,9520.0,9005.0,104278.0,104687.0
2026-03-11 22:00:00,9520.0,9562.0,9516.0,9560.0,5705.0,104687.0,104861.0
2026-03-11 22:30:00,9560.0,9576.0,9532.0,9550.0,3945.0,104861.0,104884.0
2026-03-12 09:00:00,9602.0,9684.0,9586.0,9640.0,19962.0,104884.0,106812.0
2026-03-12 09:30:00,9640.0,9718.0,9638.0,9708.0,13003.0,106812.0,108074.0
2026-03-12 10:00:00,9708.0,9718.0,9700.0,9710.0,2432.0,108074.0,108353.0
2026-03-12 10:30:00,9704.0,9704.0,9628.0,9640.0,11852.0,108353.0,108383.0
2026-03-12 11:00:00,9640.0,9690.0,9630.0,9676.0,5119.0,108383.0,108106.0
2026-03-12 13:30:00,9642.0,9650.0,9588.0,9616.0,16207.0,108106.0,110247.0
2026-03-12 14:00:00,9616.0,9664.0,9610.0,9626.0,5082.0,110247.0,110419.0
2026-03-12 14:30:00,9626.0,9640.0,9574.0,9602.0,6431.0,110419.0,110566.0
2026-03-12 21:00:00,9612.0,9652.0,9588.0,9650.0,12562.0,110566.0,111957.0
2026-03-12 21:30:00,9650.0,9656.0,9622.0,9654.0,7159.0,111957.0,112867.0
2026-03-12 22:00:00,9654.0,9698.0,9640.0,9696.0,8996.0,112867.0,114039.0
2026-03-12 22:30:00,9696.0,9702.0,9668.0,9690.0,5189.0,114039.0,113424.0
2026-03-13 09:00:00,9672.0,9686.0,9634.0,9646.0,10060.0,113424.0,112722.0
2026-03-13 09:30:00,9646.0,9710.0,9646.0,9698.0,6321.0,112722.0,113192.0
2026-03-13 10:00:00,9698.0,9704.0,9684.0,9704.0,1452.0,113192.0,113063.0
2026-03-13 10:30:00,9706.0,9746.0,9656.0,9722.0,10590.0,113063.0,114349.0
2026-03-13 11:00:00,9722.0,9736.0,9694.0,9708.0,5707.0,114349.0,114439.0
2026-03-13 13:30:00,9700.0,9702.0,9626.0,9636.0,9341.0,114439.0,113438.0
2026-03-13 14:00:00,9636.0,9652.0,9586.0,9624.0,13203.0,113438.0,112911.0
2026-03-13 14:30:00,9624.0,9660.0,9604.0,9652.0,8668.0,112911.0,113779.0
2026-03-13 21:00:00,9602.0,9700.0,9600.0,9642.0,16464.0,113779.0,115580.0
2026-03-13 21:30:00,9642.0,9706.0,9640.0,9700.0,11512.0,115580.0,117462.0
2026-03-13 22:00:00,9700.0,9754.0,9678.0,9688.0,13304.0,117462.0,118697.0
2026-03-13 22:30:00,9688.0,9734.0,9688.0,9732.0,4388.0,118697.0,118537.0
2026-03-16 09:00:00,9702.0,9834.0,9646.0,9820.0,31512.0,118537.0,123880.0
2026-03-16 09:30:00,9820.0,9860.0,9784.0,9844.0,17034.0,123880.0,127989.0
2026-03-16 10:00:00,9844.0,9866.0,9830.0,9842.0,7351.0,127989.0,129119.0
2026-03-16 10:30:00,9838.0,9874.0,9806.0,9824.0,12098.0,129119.0,129658.0
2026-03-16 11:00:00,9824.0,9872.0,9808.0,9864.0,13426.0,129658.0,130626.0
2026-03-16 13:30:00,9872.0,9888.0,9800.0,9808.0,8525.0,130626.0,131033.0
2026-03-16 14:00:00,9808.0,9876.0,9802.0,9844.0,9771.0,131033.0,132399.0
2026-03-16 14:30:00,9844.0,9864.0,9834.0,9858.0,7927.0,132399.0,131760.0
2026-03-16 21:00:00,9800.0,9844.0,9744.0,9776.0,16452.0,131760.0,133242.0
2026-03-16 21:30:00,9776.0,9800.0,9684.0,9710.0,19189.0,133242.0,132955.0
2026-03-16 22:00:00,9710.0,9744.0,9698.0,9726.0,9929.0,132955.0,132893.0
2026-03-16 22:30:00,9726.0,9764.0,9724.0,9750.0,7538.0,132893.0,133605.0
2026-03-17 09:00:00,9740.0,9752.0,9702.0,9746.0,10959.0,133605.0,134509.0
2026-03-17 09:30:00,9746.0,9804.0,9736.0,9792.0,9827.0,134509.0,136135.0
2026-03-17 10:00:00,9792.0,9808.0,9788.0,9790.0,3426.0,136135.0,136921.0
2026-03-17 10:30:00,9790.0,9800.0,9768.0,9786.0,7429.0,136921.0,138236.0
2026-03-17 11:00:00,9786.0,9786.0,9746.0,9758.0,6693.0,138236.0,137550.0
2026-03-17 13:30:00,9752.0,9808.0,9720.0,9796.0,13542.0,137550.0,137229.0
2026-03-17 14:00:00,9796.0,9802.0,9776.0,9786.0,5283.0,137229.0,137157.0
2026-03-17 14:30:00,9786.0,9818.0,9774.0,9810.0,8127.0,137157.0,138917.0
2026-03-17 21:00:00,9836.0,9842.0,9784.0,9810.0,13948.0,138917.0,141904.0
2026-03-17 21:30:00,9810.0,9822.0,9784.0,9796.0,7485.0,141904.0,142108.0
2026-03-17 22:00:00,9796.0,9832.0,9784.0,9810.0,9364.0,142108.0,143734.0
2026-03-17 22:30:00,9810.0,9812.0,9750.0,9760.0,9487.0,143734.0,143956.0
2026-03-18 09:00:00,9750.0,9790.0,9728.0,9770.0,9551.0,143956.0,143532.0
2026-03-18 09:30:00,9770.0,9788.0,9714.0,9728.0,13538.0,143532.0,141951.0
2026-03-18 10:00:00,9728.0,9742.0,9702.0,9732.0,5567.0,141951.0,141864.0
2026-03-18 10:30:00,9726.0,9738.0,9672.0,9704.0,12767.0,141864.0,141045.0
2026-03-18 11:00:00,9704.0,9720.0,9652.0,9670.0,11133.0,141045.0,140872.0
2026-03-18 13:30:00,9638.0,9652.0,9614.0,9618.0,15519.0,140872.0,141209.0
2026-03-18 14:00:00,9618.0,9648.0,9618.0,9624.0,6657.0,141209.0,141830.0
2026-03-18 14:30:00,9624.0,9630.0,9590.0,9608.0,10625.0,141830.0,141142.0
2026-03-18 21:00:00,9710.0,9758.0,9708.0,9732.0,22030.0,141142.0,141137.0
2026-03-18 21:30:00,9732.0,9754.0,9708.0,9754.0,14193.0,141137.0,142583.0
2026-03-18 22:00:00,9754.0,9762.0,9716.0,9752.0,9483.0,142583.0,143262.0
2026-03-18 22:30:00,9752.0,9772.0,9744.0,9750.0,7956.0,143262.0,144388.0
2026-03-19 09:00:00,9770.0,9802.0,9738.0,9744.0,14335.0,144388.0,145533.0
2026-03-19 09:30:00,9744.0,9756.0,9724.0,9752.0,6395.0,145533.0,145385.0
2026-03-19 10:00:00,9752.0,9768.0,9726.0,9728.0,3370.0,145385.0,145375.0
2026-03-19 10:30:00,9728.0,9730.0,9658.0,9688.0,16213.0,145375.0,144041.0
2026-03-19 11:00:00,9688.0,9714.0,9678.0,9690.0,6366.0,144041.0,144394.0
2026-03-19 13:30:00,9692.0,9704.0,9676.0,9702.0,5801.0,144394.0,144326.0
2026-03-19 14:00:00,9702.0,9720.0,9676.0,9686.0,6082.0,144326.0,144156.0
2026-03-19 14:30:00,9686.0,9716.0,9664.0,9706.0,8969.0,144156.0,145877.0
2026-03-19 21:00:00,9712.0,9738.0,9614.0,9650.0,31272.0,145877.0,144880.0
2026-03-19 21:30:00,9650.0,9680.0,9640.0,9662.0,9467.0,144880.0,144395.0
2026-03-19 22:00:00,9662.0,9688.0,9622.0,9656.0,8950.0,144395.0,144260.0
2026-03-19 22:30:00,9656.0,9680.0,9650.0,9660.0,3728.0,144260.0,144240.0
2026-03-20 09:00:00,9636.0,9650.0,9602.0,9612.0,14117.0,144240.0,144551.0
2026-03-20 09:30:00,9612.0,9648.0,9596.0,9630.0,8066.0,144551.0,144479.0
2026-03-20 10:00:00,9630.0,9660.0,9626.0,9656.0,1681.0,144479.0,144445.0
2026-03-20 10:30:00,9656.0,9674.0,9640.0,9654.0,4194.0,144445.0,144587.0
2026-03-20 11:00:00,9654.0,9716.0,9652.0,9714.0,7645.0,144587.0,145858.0
2026-03-20 13:30:00,9720.0,9724.0,9682.0,9686.0,7714.0,145858.0,145902.0
2026-03-20 14:00:00,9686.0,9700.0,9676.0,9682.0,4738.0,145902.0,145033.0
2026-03-20 14:30:00,9682.0,9686.0,9650.0,9658.0,6128.0,145033.0,144537.0
2026-03-20 21:00:00,9686.0,9700.0,9656.0,9696.0,10579.0,144537.0,145632.0
2026-03-20 21:30:00,9696.0,9736.0,9682.0,9736.0,12427.0,145632.0,148241.0
2026-03-20 22:00:00,9736.0,9736.0,9632.0,9648.0,12969.0,148241.0,148714.0
2026-03-20 22:30:00,9648.0,9706.0,9648.0,9704.0,6834.0,148714.0,149077.0
2026-03-23 09:00:00,9700.0,9746.0,9674.0,9738.0,15872.0,149077.0,149562.0
2026-03-23 09:30:00,9738.0,9842.0,9732.0,9830.0,22101.0,149562.0,152724.0
2026-03-23 10:00:00,9830.0,9834.0,9784.0,9806.0,8788.0,152724.0,153651.0
2026-03-23 10:30:00,9804.0,9874.0,9804.0,9874.0,13877.0,153651.0,157388.0
2026-03-23 11:00:00,9874.0,9906.0,9856.0,9900.0,13332.0,157388.0,160866.0
2026-03-23 13:30:00,9884.0,9890.0,9844.0,9868.0,9318.0,160866.0,161026.0
2026-03-23 14:00:00,9868.0,9900.0,9862.0,9874.0,7699.0,161026.0,162065.0
2026-03-23 14:30:00,9874.0,9894.0,9866.0,9888.0,8105.0,162065.0,162965.0
2026-03-23 21:00:00,9660.0,9694.0,9508.0,9680.0,53810.0,162965.0,154695.0
2026-03-23 21:30:00,9680.0,9700.0,9628.0,9656.0,12463.0,154695.0,154767.0
2026-03-23 22:00:00,9656.0,9658.0,9568.0,9602.0,19076.0,154767.0,154259.0
2026-03-23 22:30:00,9602.0,9624.0,9570.0,9574.0,10734.0,154259.0,151548.0
2026-03-24 09:00:00,9612.0,9704.0,9612.0,9670.0,16296.0,151548.0,151464.0
2026-03-24 09:30:00,9670.0,9698.0,9652.0,9688.0,7667.0,151464.0,150918.0
2026-03-24 10:00:00,9688.0,9734.0,9682.0,9724.0,4962.0,150918.0,151643.0
2026-03-24 10:30:00,9722.0,9740.0,9684.0,9688.0,10466.0,151643.0,152207.0
2026-03-24 11:00:00,9688.0,9726.0,9684.0,9700.0,6857.0,152207.0,153310.0
2026-03-24 13:30:00,9706.0,9726.0,9690.0,9690.0,6319.0,153310.0,154077.0
2026-03-24 14:00:00,9690.0,9692.0,9598.0,9624.0,14101.0,154077.0,153364.0
2026-03-24 14:30:00,9624.0,9648.0,9610.0,9622.0,10494.0,153364.0,152592.0
2026-03-24 21:00:00,9614.0,9644.0,9608.0,9636.0,11896.0,152592.0,152938.0
2026-03-24 21:30:00,9636.0,9658.0,9618.0,9648.0,11322.0,152938.0,154472.0
2026-03-24 22:00:00,9648.0,9650.0,9600.0,9606.0,13473.0,154472.0,154049.0
2026-03-24 22:30:00,9606.0,9626.0,9576.0,9586.0,11454.0,154049.0,152211.0
2026-03-25 09:00:00,9488.0,9500.0,9440.0,9496.0,30801.0,152211.0,152103.0
2026-03-25 09:30:00,9496.0,9516.0,9480.0,9500.0,8194.0,152103.0,152671.0
2026-03-25 10:00:00,9500.0,9528.0,9498.0,9522.0,3092.0,152671.0,153218.0
2026-03-25 10:30:00,9522.0,9546.0,9510.0,9540.0,10825.0,153218.0,155418.0
2026-03-25 11:00:00,9540.0,9542.0,9488.0,9514.0,7690.0,155418.0,155415.0
2026-03-25 13:30:00,9516.0,9554.0,9516.0,9542.0,10532.0,155415.0,157505.0
2026-03-25 14:00:00,9542.0,9562.0,9516.0,9524.0,7107.0,157505.0,158285.0
2026-03-25 14:30:00,9524.0,9546.0,9508.0,9510.0,8770.0,158285.0,157295.0
2026-03-25 21:00:00,9536.0,9536.0,9486.0,9506.0,17590.0,157295.0,159809.0
2026-03-25 21:30:00,9506.0,9524.0,9490.0,9518.0,8336.0,159809.0,160555.0
2026-03-25 22:00:00,9518.0,9532.0,9498.0,9522.0,6707.0,160555.0,160847.0
2026-03-25 22:30:00,9522.0,9536.0,9506.0,9530.0,5088.0,160847.0,160551.0
2026-03-26 09:00:00,9572.0,9598.0,9550.0,9578.0,15401.0,160551.0,161952.0
2026-03-26 09:30:00,9578.0,9586.0,9558.0,9564.0,6208.0,161952.0,162789.0
2026-03-26 10:00:00,9564.0,9564.0,9546.0,9552.0,3236.0,162789.0,163064.0
2026-03-26 10:30:00,9548.0,9622.0,9546.0,9608.0,14203.0,163064.0,166731.0
2026-03-26 11:00:00,9608.0,9614.0,9586.0,9606.0,8596.0,166731.0,168468.0
2026-03-26 13:30:00,9606.0,9626.0,9602.0,9614.0,8522.0,168468.0,170188.0
2026-03-26 14:00:00,9614.0,9618.0,9590.0,9610.0,6828.0,170188.0,170912.0
2026-03-26 14:30:00,9610.0,9626.0,9592.0,9610.0,16148.0,170912.0,171581.0
2026-03-26 21:00:00,9668.0,9668.0,9620.0,9622.0,17714.0,171581.0,172533.0
2026-03-26 21:30:00,9622.0,9632.0,9582.0,9590.0,13206.0,172533.0,173581.0
2026-03-26 22:00:00,9590.0,9642.0,9588.0,9632.0,9110.0,173581.0,174144.0
2026-03-26 22:30:00,9632.0,9652.0,9612.0,9648.0,11130.0,174144.0,173403.0
2026-03-27 09:00:00,9640.0,9640.0,9590.0,9594.0,11729.0,173403.0,173382.0
2026-03-27 09:30:00,9594.0,9606.0,9584.0,9590.0,6045.0,173382.0,173746.0
2026-03-27 10:00:00,9590.0,9604.0,9572.0,9594.0,4595.0,173746.0,174367.0
2026-03-27 10:30:00,9596.0,9632.0,9576.0,9626.0,17874.0,174367.0,175569.0
2026-03-27 11:00:00,9626.0,9658.0,9626.0,9658.0,10067.0,175569.0,178955.0
2026-03-27 13:30:00,9658.0,9680.0,9648.0,9670.0,14081.0,178955.0,181947.0
2026-03-27 14:00:00,9670.0,9710.0,9664.0,9698.0,13793.0,181947.0,185541.0
2026-03-27 14:30:00,9698.0,9728.0,9690.0,9724.0,14748.0,185541.0,187237.0
2026-03-27 21:00:00,9780.0,9792.0,9742.0,9768.0,19460.0,187237.0,190305.0
2026-03-27 21:30:00,9768.0,9780.0,9740.0,9746.0,9353.0,190305.0,191307.0
2026-03-27 22:00:00,9746.0,9748.0,9694.0,9704.0,11804.0,191307.0,190706.0
2026-03-27 22:30:00,9704.0,9708.0,9648.0,9668.0,12227.0,190706.0,187968.0
2026-03-30 09:00:00,9726.0,9764.0,9710.0,9730.0,24268.0,187968.0,191247.0
2026-03-30 09:30:00,9730.0,9746.0,9700.0,9712.0,6965.0,191247.0,192483.0
2026-03-30 10:00:00,9712.0,9764.0,9712.0,9762.0,9589.0,192483.0,196236.0
2026-03-30 10:30:00,9766.0,9766.0,9722.0,9732.0,20744.0,196236.0,200867.0
2026-03-30 11:00:00,9732.0,9738.0,9684.0,9696.0,14283.0,200867.0,203155.0
2026-03-30 13:30:00,9716.0,9742.0,9708.0,9720.0,10082.0,203155.0,205213.0
2026-03-30 14:00:00,9720.0,9738.0,9712.0,9734.0,4888.0,205213.0,206360.0
2026-03-30 14:30:00,9734.0,9946.0,9714.0,9900.0,78082.0,206360.0,223341.0
2026-03-30 21:00:00,9910.0,9966.0,9864.0,9966.0,46585.0,223341.0,232666.0
2026-03-30 21:30:00,9966.0,10058.0,9946.0,10038.0,44166.0,232666.0,240148.0
2026-03-30 22:00:00,10038.0,10062.0,9982.0,9982.0,21680.0,240148.0,240345.0
2026-03-30 22:30:00,9982.0,10012.0,9972.0,9998.0,18918.0,240345.0,239524.0
2026-03-31 09:00:00,9970.0,10016.0,9888.0,9906.0,49180.0,239524.0,238255.0
2026-03-31 09:30:00,9906.0,9920.0,9806.0,9878.0,52175.0,238255.0,238418.0
2026-03-31 10:00:00,9878.0,9912.0,9830.0,9900.0,16594.0,238418.0,238220.0
2026-03-31 10:30:00,9898.0,9926.0,9864.0,9892.0,21048.0,238220.0,240557.0
2026-03-31 11:00:00,9892.0,9908.0,9872.0,9884.0,12790.0,240557.0,243246.0
2026-03-31 13:30:00,9898.0,9910.0,9842.0,9846.0,15780.0,243246.0,243444.0
2026-03-31 14:00:00,9846.0,9902.0,9844.0,9896.0,18037.0,243444.0,245371.0
2026-03-31 14:30:00,9896.0,9900.0,9876.0,9888.0,12887.0,245371.0,245879.0
2026-03-31 21:00:00,10088.0,10168.0,10026.0,10126.0,95924.0,245879.0,264335.0
2026-03-31 21:30:00,10126.0,10126.0,10070.0,10098.0,25247.0,264335.0,266493.0
2026-03-31 22:00:00,10098.0,10110.0,10056.0,10084.0,19171.0,266493.0,265879.0
2026-03-31 22:30:00,10084.0,10118.0,10066.0,10110.0,15732.0,265879.0,267697.0
2026-04-01 09:00:00,10018.0,10054.0,9968.0,9994.0,45993.0,267697.0,265862.0
2026-04-01 09:30:00,9994.0,10064.0,9994.0,10060.0,21012.0,265862.0,269165.0
2026-04-01 10:00:00,10060.0,10074.0,10026.0,10042.0,11582.0,269165.0,270758.0
2026-04-01 10:30:00,10040.0,10076.0,10010.0,10050.0,24249.0,270758.0,271651.0
2026-04-01 11:00:00,10050.0,10080.0,10034.0,10064.0,13759.0,271651.0,274402.0
2026-04-01 13:30:00,10050.0,10050.0,9940.0,9962.0,45258.0,274402.0,269803.0
2026-04-01 14:00:00,9962.0,9972.0,9868.0,9906.0,52127.0,269803.0,270226.0
2026-04-01 14:30:00,9906.0,9920.0,9810.0,9824.0,50053.0,270226.0,263158.0
2026-04-01 21:00:00,9900.0,9900.0,9828.0,9844.0,33757.0,263158.0,265107.0
2026-04-01 21:30:00,9844.0,9848.0,9768.0,9816.0,32590.0,265107.0,263722.0
2026-04-01 22:00:00,9816.0,9838.0,9794.0,9816.0,15207.0,263722.0,264410.0
2026-04-01 22:30:00,9816.0,9830.0,9788.0,9794.0,11717.0,264410.0,263173.0
2026-04-02 09:00:00,9780.0,9940.0,9756.0,9920.0,65433.0,263173.0,269099.0
2026-04-02 09:30:00,9920.0,9976.0,9910.0,9948.0,33692.0,269099.0,275917.0
2026-04-02 10:00:00,9948.0,9974.0,9938.0,9972.0,11664.0,275917.0,279272.0
2026-04-02 10:30:00,9974.0,10006.0,9956.0,9996.0,25292.0,279272.0,282307.0
2026-04-02 11:00:00,9996.0,10018.0,9986.0,9996.0,17948.0,282307.0,283186.0
2026-04-02 13:30:00,10008.0,10056.0,9998.0,10048.0,27908.0,283186.0,289559.0
2026-04-02 14:00:00,10048.0,10050.0,9996.0,10020.0,22042.0,289559.0,289521.0
2026-04-02 14:30:00,10020.0,10032.0,9996.0,10008.0,17726.0,289521.0,288488.0
2026-04-02 21:00:00,10086.0,10116.0,9972.0,10014.0,56103.0,288488.0,290476.0
2026-04-02 21:30:00,10014.0,10050.0,9998.0,10012.0,27019.0,290476.0,292790.0
2026-04-02 22:00:00,10012.0,10030.0,9962.0,9988.0,23798.0,292790.0,293009.0
2026-04-02 22:30:00,9988.0,9996.0,9920.0,9952.0,32780.0,293009.0,289178.0
2026-04-03 09:00:00,9974.0,9994.0,9948.0,9968.0,25881.0,289178.0,292700.0
2026-04-03 09:30:00,9968.0,9990.0,9962.0,9990.0,11859.0,292700.0,292944.0
2026-04-03 10:00:00,9990.0,9990.0,9964.0,9974.0,4514.0,292944.0,292483.0
2026-04-03 10:30:00,9976.0,9988.0,9930.0,9984.0,18640.0,292483.0,293050.0
2026-04-03 11:00:00,9984.0,9988.0,9938.0,9966.0,11787.0,293050.0,291874.0
2026-04-03 13:30:00,9968.0,10016.0,9954.0,10012.0,22857.0,291874.0,294905.0
2026-04-03 14:00:00,10012.0,10022.0,9988.0,10002.0,17643.0,294905.0,295053.0
2026-04-03 14:30:00,10002.0,10016.0,9970.0,9988.0,20007.0,295053.0,292554.0
2026-04-07 09:00:00,10034.0,10046.0,9942.0,9974.0,44442.0,292554.0,295667.0
2026-04-07 09:30:00,9974.0,10030.0,9960.0,10026.0,27322.0,295667.0,300443.0
2026-04-07 10:00:00,10026.0,10038.0,10010.0,10026.0,11427.0,300443.0,302487.0
2026-04-07 10:30:00,10026.0,10042.0,9998.0,10028.0,21858.0,302487.0,303987.0
2026-04-07 11:00:00,10028.0,10046.0,10010.0,10044.0,15946.0,303987.0,305392.0
2026-04-07 13:30:00,10046.0,10058.0,10006.0,10016.0,28829.0,305392.0,308490.0
2026-04-07 14:00:00,10016.0,10026.0,9958.0,10004.0,35011.0,308490.0,306590.0
2026-04-07 14:30:00,10004.0,10010.0,9980.0,9988.0,20749.0,306590.0,305795.0
2026-04-07 21:00:00,9988.0,9988.0,9896.0,9916.0,86616.0,305795.0,307275.0
2026-04-07 21:30:00,9916.0,9948.0,9892.0,9940.0,30723.0,307275.0,305946.0
2026-04-07 22:00:00,9940.0,9940.0,9900.0,9914.0,20058.0,305946.0,304326.0
2026-04-07 22:30:00,9914.0,9924.0,9872.0,9900.0,29725.0,304326.0,300044.0
2026-04-08 09:00:00,9600.0,9650.0,9402.0,9610.0,138981.0,300044.0,297738.0
2026-04-08 09:30:00,9610.0,9628.0,9578.0,9606.0,40576.0,297738.0,299864.0
2026-04-08 10:00:00,9606.0,9628.0,9596.0,9626.0,15665.0,299864.0,301050.0
2026-04-08 10:30:00,9626.0,9668.0,9606.0,9664.0,31965.0,301050.0,305362.0
2026-04-08 11:00:00,9664.0,9668.0,9612.0,9628.0,19934.0,305362.0,305508.0
2026-04-08 13:30:00,9624.0,9624.0,9562.0,9600.0,41793.0,305508.0,309600.0
2026-04-08 14:00:00,9600.0,9608.0,9558.0,9558.0,29269.0,309600.0,308275.0
2026-04-08 14:30:00,9558.0,9576.0,9548.0,9568.0,34915.0,308275.0,306120.0
2026-04-08 21:00:00,9534.0,9560.0,9508.0,9560.0,57876.0,306120.0,313409.0
2026-04-08 21:30:00,9560.0,9578.0,9554.0,9576.0,19260.0,313409.0,313796.0
2026-04-08 22:00:00,9576.0,9582.0,9562.0,9574.0,16356.0,313796.0,314542.0
2026-04-08 22:30:00,9574.0,9616.0,9572.0,9608.0,28342.0,314542.0,314382.0
2026-04-09 09:00:00,9630.0,9678.0,9630.0,9672.0,44245.0,314382.0,316965.0
2026-04-09 09:30:00,9672.0,9672.0,9612.0,9626.0,27673.0,316965.0,317568.0
2026-04-09 10:00:00,9626.0,9634.0,9612.0,9628.0,10666.0,317568.0,319068.0
2026-04-09 10:30:00,9630.0,9652.0,9606.0,9652.0,24095.0,319068.0,320608.0
2026-04-09 11:00:00,9652.0,9658.0,9634.0,9650.0,13751.0,320608.0,319921.0
2026-04-09 13:30:00,9652.0,9672.0,9638.0,9646.0,23607.0,319921.0,321946.0
2026-04-09 14:00:00,9646.0,9664.0,9640.0,9658.0,13159.0,321946.0,321432.0
2026-04-09 14:30:00,9658.0,9660.0,9640.0,9650.0,22615.0,321432.0,318083.0
2026-04-09 21:00:00,9688.0,9718.0,9670.0,9688.0,62341.0,318083.0,322502.0
2026-04-09 21:30:00,9688.0,9725.0,9687.0,9723.0,35152.0,322502.0,326530.0
2026-04-09 22:00:00,9723.0,9748.0,9710.0,9730.0,34980.0,326530.0,329120.0
2026-04-09 22:30:00,9730.0,9752.0,9720.0,9750.0,33412.0,329120.0,329331.0
2026-04-10 09:00:00,9720.0,9722.0,9672.0,9682.0,64057.0,329331.0,331129.0
2026-04-10 09:30:00,9682.0,9724.0,9682.0,9692.0,32726.0,331129.0,333546.0
2026-04-10 10:00:00,9692.0,9709.0,9690.0,9701.0,10853.0,333546.0,333623.0
2026-04-10 10:30:00,9700.0,9715.0,9663.0,9681.0,43442.0,333623.0,335266.0
2026-04-10 11:00:00,9681.0,9722.0,9660.0,9718.0,41117.0,335266.0,337123.0
2026-04-10 13:30:00,9692.0,9699.0,9632.0,9668.0,65823.0,337123.0,336712.0
2026-04-10 14:00:00,9668.0,9672.0,9646.0,9662.0,22348.0,336712.0,338001.0
2026-04-10 14:30:00,9662.0,9668.0,9616.0,9621.0,44304.0,338001.0,338468.0
2026-04-10 21:00:00,9568.0,9595.0,9550.0,9575.0,63093.0,338468.0,342664.0
2026-04-10 21:30:00,9575.0,9576.0,9539.0,9553.0,46120.0,342664.0,344050.0
2026-04-10 22:00:00,9553.0,9578.0,9538.0,9543.0,27013.0,344050.0,342890.0
2026-04-10 22:30:00,9543.0,9545.0,9518.0,9540.0,37604.0,342890.0,337842.0
2026-04-13 09:00:00,9640.0,9670.0,9615.0,9635.0,75005.0,337842.0,337126.0
2026-04-13 09:30:00,9635.0,9655.0,9620.0,9625.0,28794.0,337126.0,337902.0
2026-04-13 10:00:00,9625.0,9642.0,9625.0,9630.0,9243.0,337902.0,338040.0
2026-04-13 10:30:00,9631.0,9638.0,9604.0,9627.0,30250.0,338040.0,339758.0
2026-04-13 11:00:00,9627.0,9660.0,9624.0,9650.0,29898.0,339758.0,342165.0
2026-04-13 13:30:00,9646.0,9646.0,9599.0,9615.0,32879.0,342165.0,342798.0
2026-04-13 14:00:00,9615.0,9616.0,9556.0,9563.0,44302.0,342798.0,343580.0
2026-04-13 14:30:00,9563.0,9576.0,9546.0,9546.0,30812.0,343580.0,342210.0
2026-04-13 21:00:00,9559.0,9577.0,9527.0,9559.0,56690.0,342210.0,348453.0
2026-04-13 21:30:00,9559.0,9563.0,9497.0,9501.0,59589.0,348453.0,349156.0
2026-04-13 22:00:00,9501.0,9514.0,9490.0,9503.0,34559.0,349156.0,349606.0
2026-04-13 22:30:00,9503.0,9530.0,9491.0,9525.0,25952.0,349606.0,347453.0
2026-04-14 09:00:00,9465.0,9474.0,9435.0,9455.0,68604.0,347453.0,347906.0
2026-04-14 09:30:00,9455.0,9459.0,9430.0,9443.0,24944.0,347906.0,350621.0
2026-04-14 10:00:00,9443.0,9457.0,9435.0,9453.0,11301.0,350621.0,350660.0
2026-04-14 10:30:00,9453.0,9456.0,9412.0,9427.0,46738.0,350660.0,355277.0
2026-04-14 11:00:00,9427.0,9445.0,9416.0,9440.0,33108.0,355277.0,355647.0
2026-04-14 13:30:00,9432.0,9456.0,9418.0,9425.0,30569.0,355647.0,354459.0
2026-04-14 14:00:00,9425.0,9443.0,9423.0,9431.0,22108.0,354459.0,356501.0
2026-04-14 14:30:00,9431.0,9436.0,9407.0,9433.0,33659.0,356501.0,356889.0
2026-04-14 21:00:00,9420.0,9420.0,9380.0,9393.0,60486.0,356889.0,364875.0
2026-04-14 21:30:00,9393.0,9395.0,9339.0,9361.0,59896.0,364875.0,369653.0
2026-04-14 22:00:00,9361.0,9365.0,9333.0,9336.0,37077.0,369653.0,371281.0
2026-04-14 22:30:00,9336.0,9359.0,9330.0,9351.0,28917.0,371281.0,369355.0
2026-04-15 09:00:00,9314.0,9348.0,9302.0,9329.0,54866.0,369355.0,371729.0
2026-04-15 09:30:00,9329.0,9360.0,9313.0,9353.0,29774.0,371729.0,374332.0
2026-04-15 10:00:00,9353.0,9364.0,9347.0,9363.0,8117.0,374332.0,374363.0
2026-04-15 10:30:00,9365.0,9395.0,9356.0,9395.0,43284.0,374363.0,373929.0
2026-04-15 11:00:00,9395.0,9405.0,9368.0,9386.0,28485.0,373929.0,376089.0
2026-04-15 13:30:00,9398.0,9428.0,9391.0,9415.0,38725.0,376089.0,377841.0
2026-04-15 14:00:00,9415.0,9429.0,9400.0,9407.0,27529.0,377841.0,379286.0
2026-04-15 14:30:00,9407.0,9422.0,9404.0,9411.0,25354.0,379286.0,378362.0
2026-04-15 21:00:00,9421.0,9425.0,9357.0,9359.0,57830.0,378362.0,384956.0
2026-04-15 21:30:00,9359.0,9364.0,9337.0,9344.0,47380.0,384956.0,386476.0
2026-04-15 22:00:00,9344.0,9352.0,9325.0,9326.0,31695.0,386476.0,387737.0
2026-04-15 22:30:00,9326.0,9363.0,9326.0,9363.0,31929.0,387737.0,383955.0
2026-04-16 09:00:00,9365.0,9365.0,9340.0,9358.0,34054.0,383955.0,385148.0
2026-04-16 09:30:00,9358.0,9403.0,9357.0,9395.0,36246.0,385148.0,386834.0
2026-04-16 10:00:00,9395.0,9417.0,9388.0,9417.0,17905.0,386834.0,387798.0
2026-04-16 10:30:00,9418.0,9424.0,9368.0,9382.0,44616.0,387798.0,390662.0
2026-04-16 11:00:00,9382.0,9383.0,9366.0,9376.0,22121.0,390662.0,391260.0
2026-04-16 13:30:00,9372.0,9384.0,9353.0,9377.0,32464.0,391260.0,392703.0
2026-04-16 14:00:00,9377.0,9411.0,9367.0,9406.0,33466.0,392703.0,393179.0
2026-04-16 14:30:00,9406.0,9415.0,9388.0,9402.0,34805.0,393179.0,392639.0
2026-04-16 21:00:00,9430.0,9450.0,9390.0,9398.0,61717.0,392639.0,394686.0
2026-04-16 21:30:00,9398.0,9443.0,9388.0,9432.0,51561.0,394686.0,398406.0
2026-04-16 22:00:00,9432.0,9457.0,9417.0,9454.0,47458.0,398406.0,399157.0
2026-04-16 22:30:00,9454.0,9500.0,9450.0,9489.0,56126.0,399157.0,398253.0
2026-04-17 09:00:00,9478.0,9478.0,9438.0,9452.0,46647.0,398253.0,399088.0
2026-04-17 09:30:00,9452.0,9460.0,9433.0,9457.0,27128.0,399088.0,400731.0
2026-04-17 10:00:00,9457.0,9465.0,9427.0,9439.0,16594.0,400731.0,400421.0
2026-04-17 10:30:00,9441.0,9485.0,9438.0,9470.0,39039.0,400421.0,402011.0
2026-04-17 11:00:00,9470.0,9493.0,9455.0,9479.0,29183.0,402011.0,403501.0
2026-04-17 13:30:00,9462.0,9462.0,9411.0,9444.0,44207.0,403501.0,403360.0
2026-04-17 14:00:00,9444.0,9470.0,9436.0,9463.0,22120.0,403360.0,404180.0
2026-04-17 14:30:00,9463.0,9508.0,9460.0,9492.0,53011.0,404180.0,404381.0
2026-04-17 21:00:00,9312.0,9383.0,9200.0,9355.0,154232.0,404381.0,411306.0
2026-04-17 21:30:00,9355.0,9414.0,9338.0,9392.0,72494.0,411306.0,418804.0
2026-04-17 22:00:00,9392.0,9395.0,9372.0,9382.0,27252.0,418804.0,417750.0
2026-04-17 22:30:00,9382.0,9403.0,9366.0,9399.0,30505.0,417750.0,413773.0
2026-04-20 09:00:00,9458.0,9487.0,9426.0,9487.0,75296.0,413773.0,417552.0
2026-04-20 09:30:00,9487.0,9487.0,9442.0,9465.0,30654.0,417552.0,418983.0
2026-04-20 10:00:00,9465.0,9516.0,9463.0,9493.0,29708.0,418983.0,421397.0
2026-04-20 10:30:00,9492.0,9492.0,9442.0,9474.0,41868.0,421397.0,422068.0
2026-04-20 11:00:00,9474.0,9486.0,9464.0,9481.0,21083.0,422068.0,422272.0
2026-04-20 13:30:00,9479.0,9506.0,9471.0,9497.0,32978.0,422272.0,423818.0
2026-04-20 14:00:00,9497.0,9497.0,9471.0,9495.0,23072.0,423818.0,423737.0
2026-04-20 14:30:00,9495.0,9496.0,9466.0,9486.0,32586.0,423737.0,419058.0
2026-04-20 21:00:00,9481.0,9492.0,9435.0,9438.0,59678.0,419058.0,424106.0
2026-04-20 21:30:00,9438.0,9473.0,9434.0,9469.0,36604.0,424106.0,425894.0
2026-04-20 22:00:00,9469.0,9500.0,9468.0,9473.0,43503.0,425894.0,428066.0
2026-04-20 22:30:00,9473.0,9500.0,9459.0,9488.0,36465.0,428066.0,424918.0
2026-04-21 09:00:00,9500.0,9600.0,9488.0,9583.0,125954.0,424918.0,444759.0
2026-04-21 09:30:00,9583.0,9608.0,9566.0,9598.0,55102.0,444759.0,448164.0
2026-04-21 10:00:00,9598.0,9608.0,9586.0,9586.0,22642.0,448164.0,447492.0
2026-04-21 10:30:00,9585.0,9601.0,9568.0,9592.0,39747.0,447492.0,448069.0
2026-04-21 11:00:00,9592.0,9592.0,9556.0,9572.0,30491.0,448069.0,445382.0
2026-04-21 13:30:00,9558.0,9794.0,9558.0,9772.0,222764.0,445382.0,480268.0
2026-04-21 14:00:00,9772.0,9786.0,9728.0,9732.0,108924.0,480268.0,475232.0
2026-04-21 14:30:00,9732.0,9753.0,9710.0,9730.0,84782.0,475232.0,464242.0
2026-04-21 21:00:00,9720.0,9760.0,9710.0,9728.0,106811.0,464242.0,470617.0
2026-04-21 21:30:00,9728.0,9731.0,9695.0,9730.0,69440.0,470617.0,468940.0
2026-04-21 22:00:00,9730.0,9786.0,9725.0,9773.0,92298.0,468940.0,482566.0
2026-04-21 22:30:00,9773.0,9792.0,9769.0,9775.0,52817.0,482566.0,475511.0
2026-04-22 09:00:00,9794.0,9858.0,9762.0,9831.0,126238.0,475511.0,489500.0
2026-04-22 09:30:00,9831.0,9847.0,9812.0,9835.0,41898.0,489500.0,488866.0
2026-04-22 10:00:00,9835.0,9853.0,9825.0,9826.0,22388.0,488866.0,488553.0
2026-04-22 10:30:00,9824.0,9832.0,9793.0,9822.0,53860.0,488553.0,486342.0
2026-04-22 11:00:00,9822.0,9855.0,9818.0,9831.0,40845.0,486342.0,486778.0
2026-04-22 13:30:00,9810.0,9812.0,9762.0,9795.0,96998.0,486778.0,481652.0
2026-04-22 14:00:00,9795.0,9800.0,9777.0,9792.0,32567.0,481652.0,479432.0
2026-04-22 14:30:00,9792.0,9845.0,9792.0,9822.0,72395.0,479432.0,481396.0
2026-04-22 21:00:00,9864.0,9885.0,9845.0,9853.0,106774.0,481396.0,490349.0
2026-04-22 21:30:00,9853.0,9864.0,9838.0,9851.0,42934.0,490349.0,489899.0
2026-04-22 22:00:00,9851.0,9863.0,9831.0,9854.0,41961.0,489899.0,491527.0
2026-04-22 22:30:00,9854.0,9863.0,9832.0,9833.0,37908.0,491527.0,488859.0
2026-04-23 09:00:00,9820.0,9838.0,9780.0,9797.0,89559.0,488859.0,489717.0
2026-04-23 09:30:00,9797.0,9798.0,9730.0,9753.0,81052.0,489717.0,482934.0
2026-04-23 10:00:00,9753.0,9781.0,9751.0,9779.0,27854.0,482934.0,483821.0
2026-04-23 10:30:00,9779.0,9829.0,9771.0,9823.0,58147.0,483821.0,486547.0
2026-04-23 11:00:00,9823.0,9847.0,9806.0,9824.0,53862.0,486547.0,484790.0
2026-04-23 13:30:00,9818.0,9829.0,9794.0,9803.0,43322.0,484790.0,482479.0
2026-04-23 14:00:00,9803.0,9814.0,9772.0,9796.0,46274.0,482479.0,479121.0
2026-04-23 14:30:00,9796.0,9801.0,9766.0,9781.0,44725.0,479121.0,470399.0
2026-04-23 21:00:00,9742.0,9820.0,9740.0,9810.0,89802.0,470399.0,483764.0
2026-04-23 21:30:00,9810.0,9855.0,9802.0,9833.0,79011.0,483764.0,492876.0
2026-04-23 22:00:00,9833.0,9846.0,9805.0,9811.0,48530.0,492876.0,489738.0
2026-04-23 22:30:00,9811.0,9823.0,9798.0,9803.0,35560.0,489738.0,483989.0
2026-04-24 09:00:00,9843.0,9843.0,9803.0,9828.0,57657.0,483989.0,484304.0
2026-04-24 09:30:00,9828.0,9840.0,9772.0,9788.0,62237.0,484304.0,480227.0
2026-04-24 10:00:00,9788.0,9794.0,9763.0,9787.0,30588.0,480227.0,474999.0
2026-04-24 10:30:00,9786.0,9799.0,9756.0,9764.0,41242.0,474999.0,474437.0
2026-04-24 11:00:00,9764.0,9782.0,9752.0,9774.0,29800.0,474437.0,471291.0
2026-04-24 13:30:00,9785.0,9799.0,9757.0,9762.0,50964.0,471291.0,473264.0
2026-04-24 14:00:00,9762.0,9783.0,9711.0,9761.0,95083.0,473264.0,471294.0
2026-04-24 14:30:00,9761.0,9780.0,9745.0,9778.0,57884.0,471294.0,470423.0
2026-04-24 21:00:00,9773.0,9802.0,9748.0,9784.0,83580.0,470423.0,475421.0
2026-04-24 21:30:00,9784.0,9795.0,9764.0,9779.0,36339.0,475421.0,475614.0
2026-04-24 22:00:00,9779.0,9795.0,9771.0,9788.0,32343.0,475614.0,474658.0
2026-04-24 22:30:00,9788.0,9790.0,9766.0,9777.0,30675.0,474658.0,469870.0
2026-04-27 09:00:00,9801.0,9900.0,9801.0,9859.0,156139.0,469870.0,472145.0
2026-04-27 09:30:00,9859.0,9862.0,9825.0,9834.0,44758.0,472145.0,475382.0
2026-04-27 10:00:00,9834.0,9859.0,9831.0,9852.0,21783.0,475382.0,479737.0
2026-04-27 10:30:00,9853.0,9853.0,9811.0,9836.0,46221.0,479737.0,482588.0
2026-04-27 11:00:00,9836.0,9843.0,9784.0,9807.0,54496.0,482588.0,480469.0
2026-04-27 13:30:00,9809.0,9845.0,9802.0,9828.0,51806.0,480469.0,480713.0
2026-04-27 14:00:00,9828.0,9840.0,9800.0,9805.0,36010.0,480713.0,481752.0
2026-04-27 14:30:00,9805.0,9816.0,9784.0,9785.0,49136.0,481752.0,478632.0
2026-04-27 21:00:00,9760.0,9780.0,9728.0,9749.0,113105.0,478632.0,484984.0
2026-04-27 21:30:00,9749.0,9778.0,9742.0,9757.0,49660.0,484984.0,485848.0
2026-04-27 22:00:00,9757.0,9784.0,9743.0,9776.0,44298.0,485848.0,483393.0
2026-04-27 22:30:00,9776.0,9788.0,9770.0,9786.0,28904.0,483393.0,479058.0
2026-04-28 09:00:00,9792.0,9805.0,9763.0,9794.0,55578.0,479058.0,482866.0
2026-04-28 09:30:00,9794.0,9828.0,9771.0,9772.0,59275.0,482866.0,480491.0
2026-04-28 10:00:00,9772.0,9775.0,9745.0,9748.0,30620.0,480491.0,478183.0
2026-04-28 10:30:00,9748.0,9774.0,9682.0,9690.0,81435.0,478183.0,475700.0
2026-04-28 11:00:00,9690.0,9728.0,9672.0,9724.0,77390.0,475700.0,468313.0
2026-04-28 13:30:00,9722.0,9768.0,9701.0,9749.0,66546.0,468313.0,468530.0
2026-04-28 14:00:00,9749.0,9758.0,9733.0,9743.0,32109.0,468530.0,468495.0
2026-04-28 14:30:00,9743.0,9773.0,9725.0,9759.0,51820.0,468495.0,463101.0
2026-04-28 21:00:00,9750.0,9772.0,9724.0,9732.0,80900.0,463101.0,470099.0
2026-04-28 21:30:00,9732.0,9739.0,9688.0,9692.0,70829.0,470099.0,470497.0
2026-04-28 22:00:00,9692.0,9722.0,9684.0,9720.0,42125.0,470497.0,467667.0
2026-04-28 22:30:00,9720.0,9722.0,9654.0,9660.0,68837.0,467667.0,455584.0
2026-04-29 09:00:00,9682.0,9710.0,9671.0,9705.0,60144.0,455584.0,453947.0
2026-04-29 09:30:00,9705.0,9724.0,9685.0,9718.0,35493.0,453947.0,453027.0
2026-04-29 10:00:00,9718.0,9724.0,9705.0,9718.0,17851.0,453027.0,452795.0
2026-04-29 10:30:00,9715.0,9733.0,9676.0,9719.0,55864.0,452795.0,454945.0
2026-04-29 11:00:00,9719.0,9745.0,9713.0,9732.0,30528.0,454945.0,455390.0
2026-04-29 13:30:00,9748.0,9770.0,9736.0,9751.0,55064.0,455390.0,457731.0
2026-04-29 14:00:00,9751.0,9800.0,9750.0,9785.0,58368.0,457731.0,463441.0
2026-04-29 14:30:00,9785.0,9795.0,9762.0,9780.0,46278.0,463441.0,457444.0
2026-04-29 21:00:00,9850.0,9860.0,9805.0,9838.0,91335.0,457444.0,452065.0
2026-04-29 21:30:00,9838.0,9852.0,9809.0,9815.0,39587.0,452065.0,448841.0
2026-04-29 22:00:00,9815.0,9816.0,9778.0,9781.0,36207.0,448841.0,447405.0
2026-04-29 22:30:00,9781.0,9797.0,9773.0,9793.0,27956.0,447405.0,445442.0
2026-04-30 09:00:00,9833.0,9848.0,9811.0,9832.0,54533.0,445442.0,445666.0
2026-04-30 09:30:00,9832.0,9833.0,9798.0,9813.0,26140.0,445666.0,444066.0
2026-04-30 10:00:00,9813.0,9818.0,9802.0,9812.0,8373.0,444066.0,443645.0
2026-04-30 10:30:00,9819.0,9852.0,9819.0,9831.0,40319.0,443645.0,444532.0
2026-04-30 11:00:00,9831.0,9873.0,9831.0,9869.0,32886.0,444532.0,444726.0
2026-04-30 13:30:00,9873.0,9877.0,9824.0,9845.0,40146.0,444726.0,442035.0
2026-04-30 14:00:00,9845.0,9852.0,9822.0,9845.0,25303.0,442035.0,441196.0
2026-04-30 14:30:00,9845.0,9854.0,9821.0,9821.0,35187.0,441196.0,433100.0
2026-05-06 09:00:00,9888.0,9993.0,9870.0,9948.0,134566.0,433100.0,448961.0
2026-05-06 09:30:00,9948.0,9965.0,9915.0,9965.0,50041.0,448961.0,451494.0
2026-05-06 10:00:00,9965.0,9976.0,9935.0,9938.0,25951.0,451494.0,453872.0
2026-05-06 10:30:00,9937.0,9939.0,9878.0,9884.0,64232.0,453872.0,453062.0
2026-05-06 11:00:00,9884.0,9892.0,9846.0,9856.0,52273.0,453062.0,452892.0
2026-05-06 13:30:00,9859.0,9878.0,9827.0,9839.0,49734.0,452892.0,455295.0
2026-05-06 14:00:00,9839.0,9853.0,9804.0,9849.0,51881.0,455295.0,455376.0
2026-05-06 14:30:00,9849.0,9878.0,9844.0,9864.0,36971.0,455376.0,454936.0
2026-05-06 21:00:00,9701.0,9824.0,9701.0,9808.0,128496.0,454936.0,467480.0
2026-05-06 21:30:00,9808.0,9812.0,9770.0,9784.0,62324.0,467480.0,468748.0
2026-05-06 22:00:00,9784.0,9807.0,9774.0,9789.0,31031.0,468748.0,469265.0
2026-05-06 22:30:00,9789.0,9806.0,9783.0,9791.0,25152.0,469265.0,463789.0
2026-05-07 09:00:00,9805.0,9830.0,9763.0,9764.0,73261.0,463789.0,466558.0
2026-05-07 09:30:00,9764.0,9766.0,9710.0,9726.0,74653.0,466558.0,469716.0
2026-05-07 10:00:00,9726.0,9739.0,9705.0,9706.0,27720.0,469716.0,471221.0
2026-05-07 10:30:00,9707.0,9743.0,9676.0,9736.0,70656.0,471221.0,471160.0
2026-05-07 11:00:00,9736.0,9759.0,9735.0,9750.0,34736.0,471160.0,468641.0
2026-05-07 13:30:00,9752.0,9766.0,9746.0,9751.0,27155.0,468641.0,468260.0
2026-05-07 14:00:00,9751.0,9759.0,9728.0,9756.0,27207.0,468260.0,467333.0
2026-05-07 14:30:00,9756.0,9776.0,9746.0,9752.0,35195.0,467333.0,463822.0
2026-05-07 21:00:00,9670.0,9693.0,9632.0,9677.0,125829.0,463822.0,465660.0
2026-05-07 21:30:00,9677.0,9707.0,9677.0,9685.0,46063.0,465660.0,468963.0
2026-05-07 22:00:00,9685.0,9692.0,9649.0,9679.0,49330.0,468963.0,469792.0
2026-05-07 22:30:00,9679.0,9694.0,9676.0,9693.0,26124.0,469792.0,466603.0
2026-05-08 09:00:00,9740.0,9750.0,9716.0,9724.0,65264.0,466603.0,470223.0
2026-05-08 09:30:00,9724.0,9740.0,9708.0,9730.0,26729.0,470223.0,470564.0
2026-05-08 10:00:00,9730.0,9742.0,9720.0,9740.0,14875.0,470564.0,472132.0
2026-05-08 10:30:00,9738.0,9756.0,9702.0,9710.0,55199.0,472132.0,473808.0
2026-05-08 11:00:00,9710.0,9728.0,9671.0,9678.0,52723.0,473808.0,471828.0
2026-05-08 13:30:00,9681.0,9689.0,9661.0,9678.0,38444.0,471828.0,473755.0
2026-05-08 14:00:00,9678.0,9689.0,9658.0,9667.0,31137.0,473755.0,470999.0
2026-05-08 14:30:00,9667.0,9693.0,9664.0,9680.0,35793.0,470999.0,468975.0
2026-05-08 21:00:00,9650.0,9675.0,9640.0,9651.0,65481.0,468975.0,475817.0
2026-05-08 21:30:00,9651.0,9660.0,9632.0,9642.0,49325.0,475817.0,476636.0
2026-05-08 22:00:00,9642.0,9684.0,9641.0,9684.0,47395.0,476636.0,473227.0
2026-05-08 22:30:00,9684.0,9696.0,9681.0,9691.0,32742.0,473227.0,467867.0
2026-05-11 09:00:00,9742.0,9746.0,9714.0,9740.0,71458.0,467867.0,469015.0
2026-05-11 09:30:00,9740.0,9759.0,9727.0,9738.0,37429.0,469015.0,467449.0
2026-05-11 10:00:00,9738.0,9748.0,9726.0,9730.0,13137.0,467449.0,466959.0
2026-05-11 10:30:00,9729.0,9742.0,9715.0,9738.0,31313.0,466959.0,467182.0
2026-05-11 11:00:00,9738.0,9748.0,9698.0,9701.0,40289.0,467182.0,466645.0
2026-05-11 13:30:00,9703.0,9732.0,9703.0,9709.0,34750.0,466645.0,468270.0
2026-05-11 14:00:00,9709.0,9724.0,9703.0,9707.0,18945.0,468270.0,467949.0
2026-05-11 14:30:00,9707.0,9710.0,9660.0,9682.0,63195.0,467949.0,466097.0
2026-05-11 21:00:00,9670.0,9684.0,9636.0,9644.0,72864.0,466097.0,473466.0
2026-05-11 21:30:00,9644.0,9655.0,9611.0,9628.0,62689.0,473466.0,473359.0
2026-05-11 22:00:00,9628.0,9645.0,9627.0,9634.0,29102.0,473359.0,473116.0
2026-05-11 22:30:00,9634.0,9650.0,9631.0,9649.0,24426.0,473116.0,468854.0
2026-05-12 09:00:00,9659.0,9694.0,9648.0,9693.0,56996.0,468854.0,468286.0
2026-05-12 09:30:00,9693.0,9704.0,9663.0,9668.0,43239.0,468286.0,465503.0
2026-05-12 10:00:00,9668.0,9668.0,9616.0,9617.0,41649.0,465503.0,467031.0
2026-05-12 10:30:00,9620.0,9626.0,9591.0,9597.0,63479.0,467031.0,474770.0
2026-05-12 11:00:00,9597.0,9600.0,9553.0,9565.0,61830.0,474770.0,480710.0
2026-05-12 13:30:00,9548.0,9564.0,9520.0,9535.0,68963.0,480710.0,488812.0
2026-05-12 14:00:00,9535.0,9580.0,9534.0,9578.0,48954.0,488812.0,486892.0
2026-05-12 14:30:00,9578.0,9579.0,9563.0,9565.0,36706.0,486892.0,482989.0
2026-05-12 21:00:00,9580.0,9594.0,9569.0,9584.0,69927.0,482989.0,477001.0
2026-05-12 21:30:00,9584.0,9589.0,9566.0,9571.0,30123.0,477001.0,477622.0
2026-05-12 22:00:00,9571.0,9586.0,9568.0,9584.0,24790.0,477622.0,477322.0
2026-05-12 22:30:00,9584.0,9593.0,9571.0,9589.0,21926.0,477322.0,473817.0
2026-05-13 09:00:00,9598.0,9599.0,9541.0,9542.0,58751.0,473817.0,474938.0
2026-05-13 09:30:00,9542.0,9587.0,9542.0,9574.0,30287.0,474938.0,474912.0
2026-05-13 10:00:00,9574.0,9593.0,9570.0,9590.0,12244.0,474912.0,475012.0
2026-05-13 10:30:00,9589.0,9593.0,9514.0,9529.0,56825.0,475012.0,478620.0
2026-05-13 11:00:00,9529.0,9543.0,9515.0,9523.0,36391.0,478620.0,479769.0
2026-05-13 13:30:00,9520.0,9520.0,9490.0,9493.0,58041.0,479769.0,485246.0
2026-05-13 14:00:00,9493.0,9503.0,9477.0,9491.0,48655.0,485246.0,486947.0
2026-05-13 14:30:00,9491.0,9505.0,9489.0,9492.0,31015.0,486947.0,482998.0
2026-05-13 21:00:00,9512.0,9528.0,9493.0,9495.0,64323.0,482998.0,487090.0
2026-05-13 21:30:00,9495.0,9508.0,9484.0,9503.0,34790.0,487090.0,488956.0
2026-05-13 22:00:00,9503.0,9543.0,9499.0,9536.0,46268.0,488956.0,487871.0
2026-05-13 22:30:00,9536.0,9554.0,9521.0,9530.0,44166.0,487871.0,481496.0
2026-05-14 09:00:00,9498.0,9529.0,9495.0,9507.0,51455.0,481496.0,485094.0
2026-05-14 09:30:00,9507.0,9508.0,9452.0,9466.0,60725.0,485094.0,486871.0
2026-05-14 10:00:00,9466.0,9483.0,9462.0,9477.0,19371.0,486871.0,487717.0
2026-05-14 10:30:00,9477.0,9482.0,9441.0,9465.0,50698.0,487717.0,490844.0
2026-05-14 11:00:00,9465.0,9467.0,9442.0,9451.0,29149.0,490844.0,490537.0
2026-05-14 13:30:00,9460.0,9470.0,9425.0,9431.0,51003.0,490537.0,495865.0
2026-05-14 14:00:00,9431.0,9451.0,9424.0,9444.0,35581.0,495865.0,493996.0
2026-05-14 14:30:00,9444.0,9448.0,9404.0,9405.0,49397.0,493996.0,493665.0
2026-05-14 21:00:00,9372.0,9409.0,9366.0,9408.0,84539.0,493665.0,497524.0
2026-05-14 21:30:00,9408.0,9424.0,9404.0,9419.0,41989.0,497524.0,496046.0
2026-05-14 22:00:00,9419.0,9432.0,9412.0,9424.0,29611.0,496046.0,495890.0
2026-05-14 22:30:00,9424.0,9426.0,9406.0,9415.0,23753.0,495890.0,492980.0
2026-05-15 09:00:00,9429.0,9475.0,9429.0,9470.0,82335.0,492980.0,492407.0
2026-05-15 09:30:00,9470.0,9476.0,9433.0,9435.0,36305.0,492407.0,493029.0
2026-05-15 10:00:00,9435.0,9455.0,9431.0,9437.0,15855.0,493029.0,493293.0
2026-05-15 10:30:00,9437.0,9471.0,9430.0,9470.0,38586.0,493293.0,494616.0
2026-05-15 11:00:00,9470.0,9475.0,9444.0,9469.0,28064.0,494616.0,492104.0
2026-05-15 13:30:00,9470.0,9471.0,9424.0,9432.0,43814.0,492104.0,490457.0
2026-05-15 14:00:00,9432.0,9441.0,9418.0,9421.0,30447.0,490457.0,490060.0
2026-05-15 14:30:00,9421.0,9437.0,9407.0,9420.0,34123.0,490060.0,485649.0
2026-05-15 21:00:00,9420.0,9426.0,9380.0,9422.0,61118.0,485649.0,492004.0
2026-05-15 21:30:00,9422.0,9463.0,9417.0,9445.0,62901.0,492004.0,497469.0
2026-05-15 22:00:00,9445.0,9472.0,9439.0,9463.0,39357.0,497469.0,500100.0
2026-05-15 22:30:00,9463.0,9477.0,9451.0,9462.0,35848.0,500100.0,497210.0
2026-05-18 09:00:00,9500.0,9554.0,9495.0,9543.0,102846.0,497210.0,497747.0
2026-05-18 09:30:00,9543.0,9548.0,9506.0,9515.0,42888.0,497747.0,499470.0
2026-05-18 10:00:00,9515.0,9532.0,9512.0,9514.0,12525.0,499470.0,500307.0
2026-05-18 10:30:00,9513.0,9522.0,9499.0,9509.0,32983.0,500307.0,501059.0
2026-05-18 11:00:00,9509.0,9551.0,9508.0,9549.0,38665.0,501059.0,502313.0
2026-05-18 13:30:00,9558.0,9585.0,9558.0,9577.0,60389.0,502313.0,507576.0
2026-05-18 14:00:00,9577.0,9592.0,9566.0,9573.0,33857.0,507576.0,507545.0
2026-05-18 14:30:00,9573.0,9594.0,9570.0,9576.0,42624.0,507545.0,501872.0
2026-05-18 21:00:00,9524.0,9544.0,9492.0,9507.0,94678.0,501872.0,501851.0
2026-05-18 21:30:00,9507.0,9546.0,9505.0,9542.0,39618.0,501851.0,503877.0
2026-05-18 22:00:00,9542.0,9571.0,9535.0,9564.0,41890.0,503877.0,506058.0
2026-05-18 22:30:00,9564.0,9582.0,9560.0,9577.0,29588.0,506058.0,502935.0
2026-05-19 09:00:00,9565.0,9578.0,9547.0,9576.0,42378.0,502935.0,502704.0
2026-05-19 09:30:00,9576.0,9578.0,9538.0,9543.0,32334.0,502704.0,499701.0
2026-05-19 10:00:00,9543.0,9551.0,9526.0,9543.0,21614.0,499701.0,497964.0
2026-05-19 10:30:00,9543.0,9551.0,9520.0,9546.0,34749.0,497964.0,498159.0
2026-05-19 11:00:00,9546.0,9565.0,9524.0,9531.0,30835.0,498159.0,496318.0
2026-05-19 13:30:00,9531.0,9610.0,9531.0,9605.0,65627.0,496318.0,503252.0
2026-05-19 14:00:00,9605.0,9655.0,9596.0,9641.0,83058.0,503252.0,508632.0
2026-05-19 14:30:00,9641.0,9707.0,9636.0,9672.0,128900.0,508632.0,504322.0
2026-05-19 21:00:00,9670.0,9683.0,9654.0,9676.0,65686.0,504322.0,505450.0
2026-05-19 21:30:00,9676.0,9677.0,9639.0,9643.0,45070.0,505450.0,500803.0
2026-05-19 22:00:00,9643.0,9657.0,9638.0,9641.0,28399.0,500803.0,499256.0
2026-05-19 22:30:00,9641.0,9673.0,9636.0,9655.0,34976.0,499256.0,496765.0
2026-05-20 09:00:00,9649.0,9649.0,9605.0,9632.0,74042.0,496765.0,494210.0
2026-05-20 09:30:00,9632.0,9646.0,9584.0,9599.0,57236.0,494210.0,492254.0
2026-05-20 10:00:00,9599.0,9604.0,9587.0,9602.0,14372.0,492254.0,491562.0
2026-05-20 10:30:00,9602.0,9625.0,9592.0,9599.0,38973.0,491562.0,491133.0
2026-05-20 11:00:00,9599.0,9652.0,9598.0,9646.0,36110.0,491133.0,491812.0
2026-05-20 13:30:00,9791.0,9858.0,9751.0,9783.0,237750.0,491812.0,486800.0
2026-05-20 14:00:00,9783.0,9813.0,9759.0,9806.0,79980.0,486800.0,489297.0
2026-05-20 14:30:00,9806.0,9813.0,9720.0,9721.0,91878.0,489297.0,477401.0
2026-05-20 21:00:00,9685.0,9755.0,9677.0,9742.0,100577.0,477401.0,484516.0
2026-05-20 21:30:00,9742.0,9746.0,9707.0,9713.0,50905.0,484516.0,485916.0
2026-05-20 22:00:00,9713.0,9721.0,9627.0,9643.0,110186.0,485916.0,488113.0
2026-05-20 22:30:00,9643.0,9653.0,9623.0,9635.0,55136.0,488113.0,483918.0
2026-05-21 09:00:00,9622.0,9652.0,9607.0,9646.0,73090.0,483918.0,488174.0
2026-05-21 09:30:00,9646.0,9655.0,9625.0,9632.0,40049.0,488174.0,488318.0
2026-05-21 10:00:00,9632.0,9646.0,9627.0,9629.0,13556.0,488318.0,487875.0
2026-05-21 10:30:00,9627.0,9628.0,9565.0,9588.0,98702.0,487875.0,490214.0
2026-05-21 11:00:00,9588.0,9618.0,9585.0,9601.0,43704.0,490214.0,486839.0
2026-05-21 13:30:00,9601.0,9631.0,9588.0,9592.0,43454.0,486839.0,485579.0
2026-05-21 14:00:00,9592.0,9598.0,9555.0,9557.0,44995.0,485579.0,484733.0
2026-05-21 14:30:00,9557.0,9565.0,9511.0,9518.0,77395.0,484733.0,481597.0
2026-05-21 21:00:00,9518.0,9550.0,9484.0,9507.0,115211.0,481597.0,486018.0
2026-05-21 21:30:00,9507.0,9512.0,9440.0,9458.0,86354.0,486018.0,487323.0
2026-05-21 22:00:00,9458.0,9482.0,9444.0,9448.0,52718.0,487323.0,485511.0
2026-05-21 22:30:00,9448.0,9465.0,9428.0,9444.0,57702.0,485511.0,485190.0
2026-05-22 09:00:00,9430.0,9471.0,9422.0,9458.0,61590.0,485190.0,487755.0
2026-05-22 09:30:00,9458.0,9475.0,9447.0,9460.0,41220.0,487755.0,488216.0
2026-05-22 10:00:00,9460.0,9475.0,9459.0,9462.0,12548.0,488216.0,488020.0
2026-05-22 10:30:00,9462.0,9521.0,9444.0,9520.0,79760.0,488020.0,488934.0
2026-05-22 11:00:00,9520.0,9546.0,9496.0,9517.0,60980.0,488934.0,480812.0
2026-05-22 13:30:00,9516.0,9524.0,9470.0,9496.0,60069.0,480812.0,480741.0
2026-05-22 14:00:00,9496.0,9497.0,9460.0,9476.0,45347.0,480741.0,483304.0
2026-05-22 14:30:00,9476.0,9487.0,9467.0,9471.0,37516.0,483304.0,480438.0
2026-05-22 21:00:00,9449.0,9466.0,9431.0,9457.0,61192.0,480438.0,488229.0
2026-05-22 21:30:00,9457.0,9478.0,9446.0,9460.0,36159.0,488229.0,488362.0
2026-05-22 22:00:00,9460.0,9475.0,9452.0,9458.0,23094.0,488362.0,488940.0
2026-05-22 22:30:00,9458.0,9473.0,9453.0,9460.0,18962.0,488940.0,485621.0
2026-05-25 09:00:00,9420.0,9444.0,9332.0,9430.0,129656.0,485621.0,499181.0
2026-05-25 09:30:00,9430.0,9486.0,9430.0,9470.0,53845.0,499181.0,504588.0
2026-05-25 10:00:00,9470.0,9492.0,9470.0,9472.0,23065.0,504588.0,505698.0
2026-05-25 10:30:00,9472.0,9491.0,9453.0,9466.0,43013.0,505698.0,506173.0
2026-05-25 11:00:00,9466.0,9467.0,9382.0,9407.0,68605.0,506173.0,505423.0
2026-05-25 13:30:00,9410.0,9475.0,9398.0,9446.0,69467.0,505423.0,509413.0
2026-05-25 14:00:00,9446.0,9458.0,9428.0,9447.0,35821.0,509413.0,510606.0
2026-05-25 14:30:00,9447.0,9467.0,9434.0,9464.0,40849.0,510606.0,508551.0
2026-05-25 21:00:00,9460.0,9481.0,9432.0,9476.0,71999.0,508551.0,514544.0
2026-05-25 21:30:00,9476.0,9512.0,9471.0,9494.0,65926.0,514544.0,518914.0
2026-05-25 22:00:00,9494.0,9505.0,9480.0,9492.0,32939.0,518914.0,516830.0
2026-05-25 22:30:00,9492.0,9516.0,9489.0,9497.0,35724.0,516830.0,512273.0
2026-05-26 09:00:00,9486.0,9524.0,9478.0,9522.0,73280.0,512273.0,516309.0
2026-05-26 09:30:00,9522.0,9540.0,9503.0,9516.0,59528.0,516309.0,514410.0
2026-05-26 10:00:00,9516.0,9528.0,9500.0,9509.0,19095.0,514410.0,512800.0
2026-05-26 10:30:00,9509.0,9538.0,9481.0,9503.0,66888.0,512800.0,511047.0
2026-05-26 11:00:00,9503.0,9504.0,9467.0,9488.0,45489.0,511047.0,505013.0
2026-05-26 13:30:00,9505.0,9520.0,9452.0,9456.0,60691.0,505013.0,503653.0
2026-05-26 14:00:00,9456.0,9461.0,9424.0,9457.0,49788.0,503653.0,501664.0
2026-05-26 14:30:00,9457.0,9464.0,9420.0,9433.0,42465.0,501664.0,500017.0
2026-05-26 21:00:00,9475.0,9492.0,9461.0,9483.0,65805.0,500017.0,498780.0
2026-05-26 21:30:00,9483.0,9503.0,9469.0,9485.0,47534.0,498780.0,499291.0
2026-05-26 22:00:00,9485.0,9485.0,9445.0,9453.0,61068.0,499291.0,503954.0
2026-05-26 22:30:00,9453.0,9464.0,9439.0,9459.0,32043.0,503954.0,500156.0
2026-05-27 09:00:00,9460.0,9492.0,9438.0,9489.0,52244.0,500156.0,501422.0
2026-05-27 09:30:00,9489.0,9551.0,9472.0,9533.0,87059.0,501422.0,504972.0
2026-05-27 10:00:00,9533.0,9565.0,9519.0,9535.0,41149.0,504972.0,504173.0
2026-05-27 10:30:00,9534.0,9572.0,9533.0,9542.0,60794.0,504173.0,504320.0
2026-05-27 11:00:00,9542.0,9579.0,9529.0,9551.0,67326.0,504320.0,505552.0
2026-05-27 13:30:00,9551.0,9566.0,9517.0,9522.0,53161.0,505552.0,502991.0
2026-05-27 14:00:00,9522.0,9531.0,9508.0,9512.0,42272.0,502991.0,498118.0
2026-05-27 14:30:00,9512.0,9526.0,9497.0,9517.0,40364.0,498118.0,493770.0
2026-05-27 21:00:00,9486.0,9508.0,9468.0,9498.0,69145.0,493770.0,496329.0
2026-05-27 21:30:00,9498.0,9534.0,9493.0,9530.0,46011.0,496329.0,496695.0
2026-05-27 22:00:00,9530.0,9545.0,9518.0,9531.0,38262.0,496695.0,496017.0
2026-05-27 22:30:00,9531.0,9568.0,9528.0,9550.0,42297.0,496017.0,491839.0
2026-05-28 09:00:00,9558.0,9567.0,9535.0,9541.0,43022.0,491839.0,493037.0
2026-05-28 09:30:00,9541.0,9562.0,9533.0,9547.0,30863.0,493037.0,492370.0
2026-05-28 10:00:00,9547.0,9572.0,9542.0,9554.0,20584.0,492370.0,491701.0
2026-05-28 10:30:00,9554.0,9598.0,9546.0,9567.0,75037.0,491701.0,491258.0
2026-05-28 11:00:00,9567.0,9603.0,9566.0,9594.0,41257.0,491258.0,490577.0
2026-05-28 13:30:00,9604.0,9608.0,9568.0,9590.0,42041.0,490577.0,490065.0
2026-05-28 14:00:00,9590.0,9617.0,9587.0,9610.0,44645.0,490065.0,488733.0
2026-05-28 14:30:00,9610.0,9622.0,9594.0,9599.0,44950.0,488733.0,481223.0
2026-05-28 21:00:00,9593.0,9645.0,9588.0,9641.0,79103.0,481223.0,491750.0
2026-05-28 21:30:00,9641.0,9650.0,9605.0,9614.0,61285.0,491750.0,490003.0
2026-05-28 22:00:00,9614.0,9618.0,9572.0,9586.0,63789.0,490003.0,487073.0
2026-05-28 22:30:00,9586.0,9590.0,9571.0,9576.0,42844.0,487073.0,483525.0
2026-05-29 09:00:00,9595.0,9620.0,9585.0,9608.0,54301.0,483525.0,485399.0
2026-05-29 09:30:00,9608.0,9613.0,9580.0,9587.0,30372.0,485399.0,485362.0
2026-05-29 10:00:00,9587.0,9602.0,9575.0,9575.0,20248.0,485362.0,485393.0
2026-05-29 10:30:00,9574.0,9594.0,9552.0,9587.0,61345.0,485393.0,486724.0
2026-05-29 11:00:00,9587.0,9596.0,9573.0,9580.0,27954.0,486724.0,485745.0
2026-05-29 13:30:00,9594.0,9634.0,9586.0,9603.0,64012.0,485745.0,489947.0
2026-05-29 14:00:00,9603.0,9610.0,9577.0,9589.0,36040.0,489947.0,490527.0
2026-05-29 14:30:00,9589.0,9598.0,9581.0,9592.0,30935.0,490527.0,485911.0
2026-05-29 21:00:00,9616.0,9616.0,9583.0,9596.0,49195.0,485911.0,489004.0
2026-05-29 21:30:00,9596.0,9614.0,9574.0,9614.0,39294.0,489004.0,488915.0
2026-05-29 22:00:00,9614.0,9645.0,9612.0,9629.0,63745.0,488915.0,487743.0
2026-05-29 22:30:00,9629.0,9654.0,9616.0,9617.0,61719.0,487743.0,484164.0
2026-06-01 09:00:00,9632.0,9694.0,9628.0,9671.0,87265.0,484164.0,491819.0
2026-06-01 09:30:00,9671.0,9690.0,9653.0,9669.0,45640.0,491819.0,494594.0
2026-06-01 10:00:00,9669.0,9697.0,9669.0,9692.0,18285.0,494594.0,496599.0
2026-06-01 10:30:00,9695.0,9698.0,9666.0,9687.0,38058.0,496599.0,497310.0
2026-06-01 11:00:00,9687.0,9697.0,9665.0,9683.0,29364.0,497310.0,498161.0
2026-06-01 13:30:00,9693.0,9728.0,9691.0,9711.0,70957.0,498161.0,505239.0
2026-06-01 14:00:00,9711.0,9732.0,9705.0,9714.0,39705.0,505239.0,507454.0
2026-06-01 14:30:00,9714.0,9730.0,9705.0,9729.0,44694.0,507454.0,503862.0
2026-06-01 21:00:00,9742.0,9757.0,9692.0,9753.0,98783.0,503862.0,509543.0
2026-06-01 21:30:00,9753.0,9760.0,9731.0,9747.0,47711.0,509543.0,508297.0
2026-06-01 22:00:00,9747.0,9764.0,9721.0,9757.0,37972.0,508297.0,506362.0
2026-06-01 22:30:00,9757.0,9774.0,9751.0,9769.0,34029.0,506362.0,504487.0
2026-06-02 09:00:00,9745.0,9745.0,9700.0,9717.0,77560.0,504487.0,504370.0
2026-06-02 09:30:00,9717.0,9717.0,9687.0,9708.0,43550.0,504370.0,500594.0
2026-06-02 10:00:00,9708.0,9718.0,9694.0,9715.0,12378.0,500594.0,500076.0
2026-06-02 10:30:00,9715.0,9743.0,9715.0,9719.0,41228.0,500076.0,498604.0
2026-06-02 11:00:00,9719.0,9740.0,9717.0,9721.0,19676.0,498604.0,497685.0
2026-06-02 13:30:00,9735.0,9735.0,9695.0,9711.0,41862.0,497685.0,498122.0
2026-06-02 14:00:00,9711.0,9714.0,9689.0,9694.0,25774.0,498122.0,498609.0
2026-06-02 14:30:00,9694.0,9726.0,9691.0,9726.0,29303.0,498609.0,496267.0
2026-06-02 21:00:00,9718.0,9733.0,9676.0,9732.0,74134.0,496267.0,504070.0
2026-06-02 21:30:00,9732.0,9734.0,9692.0,9695.0,39884.0,504070.0,504520.0
2026-06-02 22:00:00,9695.0,9703.0,9670.0,9690.0,44087.0,504520.0,505253.0
2026-06-02 22:30:00,9690.0,9695.0,9663.0,9684.0,36568.0,505253.0,499635.0
2026-06-03 09:00:00,9700.0,9779.0,9700.0,9747.0,122143.0,499635.0,503266.0
2026-06-03 09:30:00,9747.0,9754.0,9729.0,9747.0,40344.0,503266.0,503360.0
2026-06-03 10:00:00,9747.0,9771.0,9740.0,9743.0,33096.0,503360.0,505732.0
2026-06-03 10:30:00,9739.0,9739.0,9705.0,9718.0,69119.0,505732.0,509949.0
2026-06-03 11:00:00,9718.0,9744.0,9683.0,9692.0,60433.0,509949.0,513143.0
2026-06-03 13:30:00,9694.0,9771.0,9691.0,9771.0,64683.0,513143.0,517115.0
2026-06-03 14:00:00,9771.0,9775.0,9739.0,9746.0,75054.0,517115.0,521035.0
2026-06-03 14:30:00,9746.0,9788.0,9726.0,9766.0,87933.0,521035.0,524130.0
2026-06-03 21:00:00,9800.0,9825.0,9776.0,9816.0,113332.0,524130.0,537465.0
2026-06-03 21:30:00,9816.0,9817.0,9760.0,9764.0,76093.0,537465.0,538171.0
2026-06-03 22:00:00,9764.0,9804.0,9760.0,9797.0,48570.0,538171.0,536488.0
2026-06-03 22:30:00,9797.0,9801.0,9779.0,9780.0,31786.0,536488.0,530858.0
2026-06-04 09:00:00,9770.0,9770.0,9705.0,9716.0,96217.0,530858.0,531402.0
2026-06-04 09:30:00,9716.0,9721.0,9697.0,9714.0,41497.0,531402.0,532153.0
2026-06-04 10:00:00,9714.0,9720.0,9695.0,9700.0,19233.0,532153.0,531494.0
2026-06-04 10:30:00,9701.0,9718.0,9606.0,9614.0,127291.0,531494.0,528662.0
2026-06-04 11:00:00,9614.0,9628.0,9604.0,9613.0,50785.0,528662.0,528999.0
2026-06-04 13:30:00,9628.0,9639.0,9617.0,9621.0,42254.0,528999.0,527072.0
2026-06-04 14:00:00,9621.0,9625.0,9591.0,9606.0,40092.0,527072.0,524416.0
2026-06-04 14:30:00,9606.0,9606.0,9559.0,9574.0,71606.0,524416.0,519053.0
2026-06-04 21:00:00,9540.0,9588.0,9534.0,9563.0,85274.0,519053.0,521360.0
2026-06-04 21:30:00,9563.0,9566.0,9511.0,9516.0,68133.0,521360.0,522238.0
2026-06-04 22:00:00,9516.0,9516.0,9486.0,9493.0,76402.0,522238.0,519275.0
2026-06-04 22:30:00,9493.0,9496.0,9453.0,9475.0,72488.0,519275.0,517760.0
2026-06-05 09:00:00,9475.0,9489.0,9452.0,9476.0,70616.0,517760.0,519052.0
2026-06-05 09:30:00,9476.0,9499.0,9462.0,9479.0,42496.0,519052.0,520586.0
2026-06-05 10:00:00,9479.0,9493.0,9471.0,9490.0,14537.0,520586.0,520451.0
2026-06-05 10:30:00,9489.0,9500.0,9438.0,9446.0,58371.0,520451.0,525063.0
2026-06-05 11:00:00,9446.0,9457.0,9422.0,9433.0,46014.0,525063.0,527615.0
2026-06-05 13:30:00,9444.0,9457.0,9384.0,9394.0,86376.0,527615.0,533040.0
2026-06-05 14:00:00,9394.0,9400.0,9370.0,9373.0,50054.0,533040.0,536384.0
2026-06-05 14:30:00,9373.0,9412.0,9371.0,9382.0,56728.0,536384.0,534188.0
2026-06-05 21:00:00,9420.0,9423.0,9386.0,9397.0,59985.0,534188.0,539956.0
2026-06-05 21:30:00,9397.0,9417.0,9381.0,9406.0,43009.0,539956.0,540019.0
2026-06-05 22:00:00,9406.0,9406.0,9379.0,9382.0,34397.0,540019.0,539679.0
2026-06-05 22:30:00,9382.0,9408.0,9376.0,9386.0,35687.0,539679.0,537250.0
2026-06-08 09:00:00,9365.0,9375.0,9285.0,9369.0,150176.0,537250.0,537300.0
2026-06-08 09:30:00,9369.0,9402.0,9368.0,9374.0,68383.0,537300.0,534822.0
2026-06-08 10:00:00,9374.0,9390.0,9373.0,9387.0,12825.0,534822.0,534100.0
2026-06-08 10:30:00,9390.0,9435.0,9390.0,9424.0,58650.0,534100.0,535394.0
2026-06-08 11:00:00,9424.0,9430.0,9404.0,9419.0,29491.0,535394.0,533510.0
2026-06-08 13:30:00,9405.0,9457.0,9397.0,9407.0,69656.0,533510.0,529507.0
2026-06-08 14:00:00,9407.0,9428.0,9402.0,9408.0,33306.0,529507.0,530400.0
2026-06-08 14:30:00,9408.0,9426.0,9402.0,9424.0,33674.0,530400.0,524650.0
2026-06-08 21:00:00,9388.0,9407.0,9357.0,9367.0,86055.0,524650.0,528567.0
2026-06-08 21:30:00,9367.0,9380.0,9355.0,9364.0,36584.0,528567.0,527992.0
2026-06-08 22:00:00,9364.0,9419.0,9361.0,9394.0,60661.0,527992.0,531065.0
2026-06-08 22:30:00,9394.0,9422.0,9394.0,9407.0,29497.0,531065.0,529620.0
2026-06-09 09:00:00,9403.0,9404.0,9325.0,9332.0,72622.0,529620.0,536280.0
2026-06-09 09:30:00,9332.0,9346.0,9315.0,9336.0,36347.0,536280.0,537615.0
2026-06-09 10:00:00,9336.0,9344.0,9324.0,9337.0,12961.0,537615.0,538890.0
2026-06-09 10:30:00,9339.0,9357.0,9308.0,9312.0,38014.0,538890.0,541321.0
2026-06-09 11:00:00,9312.0,9313.0,9263.0,9268.0,81266.0,541321.0,544423.0
2026-06-09 13:30:00,9252.0,9282.0,9221.0,9264.0,81167.0,544423.0,545696.0
2026-06-09 14:00:00,9264.0,9274.0,9241.0,9261.0,35127.0,545696.0,545271.0
2026-06-09 14:30:00,9261.0,9297.0,9255.0,9265.0,49875.0,545271.0,541566.0
2026-06-09 21:00:00,9298.0,9325.0,9278.0,9308.0,76177.0,541566.0,545758.0
2026-06-09 21:30:00,9308.0,9320.0,9292.0,9302.0,39359.0,545758.0,544747.0
2026-06-09 22:00:00,9302.0,9324.0,9295.0,9296.0,34428.0,544747.0,543410.0
2026-06-09 22:30:00,9296.0,9302.0,9261.0,9266.0,48393.0,543410.0,537089.0
2026-06-10 09:00:00,9265.0,9298.0,9243.0,9249.0,54839.0,537089.0,539631.0
2026-06-10 09:30:00,9249.0,9285.0,9243.0,9279.0,38146.0,539631.0,541326.0
2026-06-10 10:00:00,9279.0,9297.0,9269.0,9289.0,26014.0,541326.0,541239.0
2026-06-10 10:30:00,9287.0,9303.0,9255.0,9301.0,42475.0,541239.0,541576.0
2026-06-10 11:00:00,9301.0,9320.0,9289.0,9311.0,37305.0,541576.0,541461.0
2026-06-10 13:30:00,9269.0,9286.0,9208.0,9279.0,104439.0,541461.0,546885.0
2026-06-10 14:00:00,9279.0,9314.0,9276.0,9303.0,53803.0,546885.0,547019.0
2026-06-10 14:30:00,9303.0,9322.0,9287.0,9316.0,46520.0,547019.0,544130.0
2026-06-10 21:00:00,9334.0,9351.0,9312.0,9338.0,78320.0,544130.0,550527.0
2026-06-10 21:30:00,9338.0,9369.0,9333.0,9363.0,47790.0,550527.0,552549.0
2026-06-10 22:00:00,9363.0,9379.0,9359.0,9364.0,33491.0,552549.0,550913.0
2026-06-10 22:30:00,9364.0,9374.0,9356.0,9371.0,25858.0,550913.0,546985.0
2026-06-11 09:00:00,9380.0,9405.0,9340.0,9344.0,70737.0,546985.0,547499.0
2026-06-11 09:30:00,9344.0,9378.0,9341.0,9368.0,39178.0,547499.0,544899.0
2026-06-11 10:00:00,9368.0,9374.0,9354.0,9363.0,10615.0,544899.0,543803.0
2026-06-11 10:30:00,9363.0,9388.0,9352.0,9356.0,35050.0,543803.0,542336.0
2026-06-11 11:00:00,9356.0,9380.0,9341.0,9372.0,34424.0,542336.0,540318.0
2026-06-11 13:30:00,9368.0,9375.0,9347.0,9367.0,29103.0,540318.0,539098.0
2026-06-11 14:00:00,9367.0,9420.0,9367.0,9396.0,61710.0,539098.0,536735.0
2026-06-11 14:30:00,9396.0,9409.0,9386.0,9393.0,35924.0,536735.0,531072.0
2026-06-11 21:00:00,9388.0,9400.0,9370.0,9393.0,50667.0,531072.0,534874.0
2026-06-11 21:30:00,9393.0,9394.0,9360.0,9365.0,34781.0,534874.0,535687.0
2026-06-11 22:00:00,9365.0,9378.0,9363.0,9374.0,22663.0,535687.0,536230.0
2026-06-11 22:30:00,9374.0,9395.0,9372.0,9382.0,24744.0,536230.0,533421.0
2026-06-12 09:00:00,9339.0,9357.0,9321.0,9347.0,66909.0,533421.0,534243.0
2026-06-12 09:30:00,9347.0,9350.0,9316.0,9334.0,38360.0,534243.0,535970.0
2026-06-12 10:00:00,9334.0,9355.0,9334.0,9345.0,16939.0,535970.0,535398.0
2026-06-12 10:30:00,9343.0,9375.0,9331.0,9368.0,35153.0,535398.0,533763.0
2026-06-12 11:00:00,9368.0,9404.0,9368.0,9397.0,44745.0,533763.0,533321.0
2026-06-12 13:30:00,9380.0,9380.0,9332.0,9345.0,52438.0,533321.0,536067.0
2026-06-12 14:00:00,9345.0,9356.0,9341.0,9350.0,21327.0,536067.0,538495.0
2026-06-12 14:30:00,9350.0,9351.0,9306.0,9321.0,55568.0,538495.0,538984.0
2026-06-12 21:00:00,9289.0,9324.0,9271.0,9298.0,73057.0,538984.0,544714.0
2026-06-12 21:30:00,9298.0,9323.0,9296.0,9318.0,33399.0,544714.0,544860.0
2026-06-12 22:00:00,9318.0,9323.0,9299.0,9308.0,24457.0,544860.0,545492.0
2026-06-12 22:30:00,9308.0,9320.0,9298.0,9307.0,23503.0,545492.0,541642.0
2026-06-15 09:00:00,9266.0,9266.0,9166.0,9190.0,156423.0,541642.0,550230.0
2026-06-15 09:30:00,9190.0,9254.0,9169.0,9253.0,83589.0,550230.0,549800.0
2026-06-15 10:00:00,9253.0,9255.0,9232.0,9236.0,19108.0,549800.0,548687.0
2026-06-15 10:30:00,9235.0,9235.0,9166.0,9200.0,73672.0,548687.0,554014.0
2026-06-15 11:00:00,9200.0,9242.0,9187.0,9216.0,40547.0,554014.0,548960.0
2026-06-15 13:30:00,9235.0,9250.0,9217.0,9237.0,38827.0,548960.0,549941.0
2026-06-15 14:00:00,9237.0,9245.0,9224.0,9241.0,22772.0,549941.0,550146.0
2026-06-15 14:30:00,9241.0,9250.0,9225.0,9232.0,38206.0,550146.0,546990.0
2026-06-15 21:00:00,9197.0,9214.0,9151.0,9153.0,98149.0,546990.0,559520.0
2026-06-15 21:30:00,9153.0,9186.0,9151.0,9180.0,46174.0,559520.0,558915.0
2026-06-15 22:00:00,9180.0,9207.0,9178.0,9203.0,39617.0,558915.0,555598.0
2026-06-15 22:30:00,9203.0,9220.0,9183.0,9216.0,33244.0,555598.0,551253.0
2026-06-16 09:00:00,9234.0,9284.0,9223.0,9276.0,88346.0,551253.0,553072.0
2026-06-16 09:30:00,9276.0,9290.0,9243.0,9255.0,51248.0,553072.0,552526.0
2026-06-16 10:00:00,9255.0,9269.0,9251.0,9258.0,12495.0,552526.0,551878.0
2026-06-16 10:30:00,9257.0,9272.0,9229.0,9263.0,48937.0,551878.0,551743.0
2026-06-16 11:00:00,9263.0,9289.0,9261.0,9280.0,38037.0,551743.0,550362.0
2026-06-16 13:30:00,9269.0,9278.0,9244.0,9274.0,39795.0,550362.0,548117.0
2026-06-16 14:00:00,9274.0,9303.0,9266.0,9284.0,46302.0,548117.0,546327.0
2026-06-16 14:30:00,9284.0,9385.0,9282.0,9357.0,122020.0,546327.0,541072.0
2026-06-16 21:00:00,9337.0,9391.0,9326.0,9379.0,91208.0,541072.0,542321.0
2026-06-16 21:30:00,9379.0,9427.0,9379.0,9420.0,76858.0,542321.0,544690.0
2026-06-16 22:00:00,9420.0,9430.0,9376.0,9377.0,71786.0,544690.0,539698.0
2026-06-16 22:30:00,9377.0,9379.0,9347.0,9349.0,56949.0,539698.0,529568.0
2026-06-17 09:00:00,9340.0,9373.0,9336.0,9353.0,65434.0,529568.0,529706.0
2026-06-17 09:30:00,9353.0,9369.0,9341.0,9351.0,31601.0,529706.0,530556.0
2026-06-17 10:00:00,9351.0,9352.0,9311.0,9330.0,31092.0,530556.0,528341.0
2026-06-17 10:30:00,9331.0,9360.0,9315.0,9357.0,40588.0,528341.0,529255.0
2026-06-17 11:00:00,9357.0,9364.0,9334.0,9347.0,23704.0,529255.0,528721.0
2026-06-17 13:30:00,9345.0,9358.0,9328.0,9346.0,30986.0,528721.0,529231.0
2026-06-17 14:00:00,9346.0,9364.0,9334.0,9360.0,32680.0,529231.0,529671.0
2026-06-17 14:30:00,9360.0,9380.0,9330.0,9349.0,57375.0,529671.0,525832.0
2026-06-17 21:00:00,9375.0,9391.0,9360.0,9375.0,75638.0,525832.0,531243.0
2026-06-17 21:30:00,9375.0,9404.0,9358.0,9391.0,52707.0,531243.0,531756.0
2026-06-17 22:00:00,9391.0,9400.0,9368.0,9381.0,39226.0,531756.0,529435.0
2026-06-17 22:30:00,9381.0,9412.0,9380.0,9391.0,45311.0,529435.0,523589.0
2026-06-18 09:00:00,9370.0,9370.0,9326.0,9330.0,63655.0,523589.0,523532.0
2026-06-18 09:30:00,9330.0,9340.0,9314.0,9330.0,33971.0,523532.0,522915.0
2026-06-18 10:00:00,9330.0,9335.0,9315.0,9326.0,12971.0,522915.0,522873.0
2026-06-18 10:30:00,9327.0,9333.0,9275.0,9282.0,68212.0,522873.0,519779.0
2026-06-18 11:00:00,9282.0,9297.0,9253.0,9272.0,54292.0,519779.0,521230.0
2026-06-18 13:30:00,9264.0,9282.0,9239.0,9248.0,52714.0,521230.0,521885.0
2026-06-18 14:00:00,9248.0,9258.0,9220.0,9249.0,49424.0,521885.0,521743.0
2026-06-18 14:30:00,9249.0,9316.0,9245.0,9301.0,67393.0,521743.0,513210.0
2026-06-22 09:00:00,9378.0,9422.0,9359.0,9364.0,143856.0,513210.0,514828.0
2026-06-22 09:30:00,9364.0,9376.0,9342.0,9366.0,46132.0,514828.0,513875.0
2026-06-22 10:00:00,9366.0,9381.0,9360.0,9364.0,16928.0,513875.0,513448.0
2026-06-22 10:30:00,9360.0,9405.0,9349.0,9373.0,66704.0,513448.0,514736.0
2026-06-22 11:00:00,9373.0,9388.0,9362.0,9373.0,34304.0,514736.0,512454.0
2026-06-22 13:30:00,9360.0,9380.0,9316.0,9373.0,54550.0,512454.0,512872.0
2026-06-22 14:00:00,9373.0,9387.0,9351.0,9367.0,37628.0,512872.0,512508.0
2026-06-22 14:30:00,9367.0,9379.0,9355.0,9366.0,29525.0,512508.0,506493.0
2026-06-22 21:00:00,9362.0,9402.0,9352.0,9368.0,76108.0,506493.0,512042.0
2026-06-22 21:30:00,9368.0,9398.0,9362.0,9395.0,48687.0,512042.0,514303.0
2026-06-22 22:00:00,9395.0,9418.0,9383.0,9397.0,60641.0,514303.0,513063.0
2026-06-22 22:30:00,9397.0,9411.0,9377.0,9381.0,37346.0,513063.0,506723.0
2026-06-23 09:00:00,9387.0,9446.0,9380.0,9443.0,69576.0,506723.0,510062.0
2026-06-23 09:30:00,9443.0,9470.0,9424.0,9433.0,83607.0,510062.0,506627.0
2026-06-23 10:00:00,9433.0,9443.0,9429.0,9437.0,10774.0,506627.0,506186.0
2026-06-23 10:30:00,9438.0,9455.0,9422.0,9439.0,41713.0,506186.0,505460.0
2026-06-23 11:00:00,9439.0,9440.0,9337.0,9379.0,116842.0,505460.0,494328.0
2026-06-23 13:30:00,9335.0,9353.0,9296.0,9321.0,86303.0,494328.0,492817.0
2026-06-23 14:00:00,9321.0,9324.0,9280.0,9284.0,47055.0,492817.0,495690.0
2026-06-23 14:30:00,9284.0,9315.0,9273.0,9308.0,56154.0,495690.0,495107.0
2026-06-23 21:00:00,9312.0,9318.0,9261.0,9274.0,79524.0,495107.0,507527.0
2026-06-23 21:30:00,9274.0,9324.0,9272.0,9308.0,57574.0,507527.0,510096.0
2026-06-23 22:00:00,9308.0,9316.0,9299.0,9309.0,23288.0,510096.0,508981.0
2026-06-23 22:30:00,9309.0,9335.0,9307.0,9318.0,41215.0,508981.0,503770.0
2026-06-24 09:00:00,9323.0,9374.0,9308.0,9372.0,66257.0,503770.0,501912.0
2026-06-24 09:30:00,9372.0,9396.0,9362.0,9370.0,53968.0,501912.0,500727.0
2026-06-24 10:00:00,9370.0,9383.0,9365.0,9375.0,12375.0,500727.0,500385.0
2026-06-24 10:30:00,9374.0,9390.0,9348.0,9352.0,42462.0,500385.0,497569.0
2026-06-24 11:00:00,9352.0,9362.0,9319.0,9334.0,44040.0,497569.0,496424.0
2026-06-24 13:30:00,9343.0,9355.0,9306.0,9320.0,36414.0,496424.0,499231.0
2026-06-24 14:00:00,9320.0,9354.0,9316.0,9326.0,36100.0,499231.0,498443.0
2026-06-24 14:30:00,9326.0,9338.0,9307.0,9335.0,39468.0,498443.0,496830.0
2026-06-24 21:00:00,9284.0,9299.0,9220.0,9232.0,127217.0,496830.0,514951.0
2026-06-24 21:30:00,9232.0,9240.0,9172.0,9188.0,108938.0,514951.0,529414.0
2026-06-24 22:00:00,9188.0,9242.0,9184.0,9232.0,52290.0,529414.0,529216.0
2026-06-24 22:30:00,9232.0,9254.0,9196.0,9202.0,55197.0,529216.0,526026.0
2026-06-25 09:00:00,9186.0,9186.0,9044.0,9055.0,184698.0,526026.0,546555.0
2026-06-25 09:30:00,9055.0,9065.0,9028.0,9057.0,61377.0,546555.0,553179.0
2026-06-25 10:00:00,9057.0,9067.0,9039.0,9060.0,23445.0,553179.0,554457.0
2026-06-25 10:30:00,9062.0,9132.0,9062.0,9131.0,98508.0,554457.0,548076.0
2026-06-25 11:00:00,9131.0,9142.0,9114.0,9125.0,42779.0,548076.0,543743.0
2026-06-25 13:30:00,9130.0,9140.0,9106.0,9113.0,35811.0,543743.0,545699.0
2026-06-25 14:00:00,9113.0,9119.0,9095.0,9117.0,29745.0,545699.0,546170.0
2026-06-25 14:30:00,9117.0,9162.0,9115.0,9160.0,49883.0,546170.0,540837.0
2026-06-25 21:00:00,9163.0,9231.0,9143.0,9219.0,129416.0,540837.0,543313.0
2026-06-25 21:30:00,9219.0,9240.0,9208.0,9240.0,55385.0,543313.0,540587.0
2026-06-25 22:00:00,9240.0,9275.0,9225.0,9260.0,79317.0,540587.0,536952.0
2026-06-25 22:30:00,9260.0,9287.0,9257.0,9282.0,59592.0,536952.0,531471.0
2026-06-26 09:00:00,9299.0,9330.0,9255.0,9275.0,105337.0,531471.0,518287.0
2026-06-26 09:30:00,9275.0,9286.0,9260.0,9282.0,33271.0,518287.0,516765.0
2026-06-26 10:00:00,9282.0,9294.0,9275.0,9283.0,15843.0,516765.0,515660.0
2026-06-26 10:30:00,9280.0,9280.0,9244.0,9251.0,46092.0,515660.0,514166.0
2026-06-26 11:00:00,9251.0,9266.0,9234.0,9260.0,42178.0,514166.0,510549.0
2026-06-26 13:30:00,9260.0,9325.0,9250.0,9311.0,79030.0,510549.0,512246.0
2026-06-26 14:00:00,9311.0,9339.0,9305.0,9312.0,54642.0,512246.0,510457.0
2026-06-26 14:30:00,9312.0,9316.0,9291.0,9315.0,51761.0,510457.0,502120.0
2026-06-26 21:00:00,9272.0,9302.0,9265.0,9293.0,69358.0,502120.0,506747.0
2026-06-26 21:30:00,9293.0,9299.0,9262.0,9277.0,44529.0,506747.0,506998.0
2026-06-26 22:00:00,9277.0,9285.0,9247.0,9255.0,43841.0,506998.0,506585.0
2026-06-26 22:30:00,9255.0,9270.0,9244.0,9267.0,42650.0,506585.0,500500.0
2026-06-29 09:00:00,9280.0,9355.0,9271.0,9347.0,110577.0,500500.0,500522.0
2026-06-29 09:30:00,9347.0,9380.0,9343.0,9352.0,48619.0,500522.0,498446.0
2026-06-29 10:00:00,9352.0,9362.0,9341.0,9342.0,15679.0,498446.0,496985.0
2026-06-29 10:30:00,9343.0,9371.0,9331.0,9357.0,39243.0,496985.0,497131.0
2026-06-29 11:00:00,9357.0,9360.0,9340.0,9351.0,23138.0,497131.0,494774.0
2026-06-29 13:30:00,9344.0,9362.0,9333.0,9354.0,30398.0,494774.0,493582.0
2026-06-29 14:00:00,9354.0,9390.0,9353.0,9388.0,40595.0,493582.0,494113.0
2026-06-29 14:30:00,9388.0,9406.0,9372.0,9379.0,57341.0,494113.0,487519.0
2026-06-29 21:00:00,9380.0,9392.0,9365.0,9366.0,53006.0,487519.0,492474.0
2026-06-29 21:30:00,9366.0,9377.0,9354.0,9358.0,28603.0,492474.0,491826.0
2026-06-29 22:00:00,9358.0,9374.0,9344.0,9366.0,32486.0,491826.0,491527.0
2026-06-29 22:30:00,9366.0,9367.0,9346.0,9355.0,20685.0,491527.0,488076.0
2026-06-30 09:00:00,9342.0,9342.0,9295.0,9314.0,71499.0,488076.0,488787.0
2026-06-30 09:30:00,9314.0,9329.0,9296.0,9303.0,37243.0,488787.0,489264.0
2026-06-30 10:00:00,9303.0,9320.0,9297.0,9318.0,13401.0,489264.0,487396.0
2026-06-30 10:30:00,9320.0,9325.0,9283.0,9305.0,47031.0,487396.0,487127.0
2026-06-30 11:00:00,9305.0,9314.0,9284.0,9300.0,27345.0,487127.0,486266.0
2026-06-30 13:30:00,9287.0,9311.0,9281.0,9303.0,27251.0,486266.0,485749.0
2026-06-30 14:00:00,9303.0,9316.0,9289.0,9291.0,28547.0,485749.0,484441.0
2026-06-30 14:30:00,9291.0,9297.0,9270.0,9272.0,43789.0,484441.0,485051.0
2026-06-30 21:00:00,9268.0,9305.0,9251.0,9284.0,73024.0,485051.0,490120.0
2026-06-30 21:30:00,9284.0,9285.0,9261.0,9284.0,33005.0,490120.0,489986.0
2026-06-30 22:00:00,9284.0,9289.0,9256.0,9267.0,30795.0,489986.0,489361.0
2026-06-30 22:30:00,9267.0,9273.0,9228.0,9234.0,49430.0,489361.0,484254.0
2026-07-01 09:00:00,9250.0,9257.0,9182.0,9190.0,88710.0,484254.0,489184.0
2026-07-01 09:30:00,9190.0,9228.0,9189.0,9215.0,35917.0,489184.0,490468.0
2026-07-01 10:00:00,9215.0,9222.0,9194.0,9220.0,13638.0,490468.0,490041.0
2026-07-01 10:30:00,9222.0,9277.0,9209.0,9268.0,55642.0,490041.0,490134.0
2026-07-01 11:00:00,9268.0,9305.0,9265.0,9300.0,48315.0,490134.0,485416.0
2026-07-01 13:30:00,9300.0,9312.0,9270.0,9273.0,40188.0,485416.0,483273.0
2026-07-01 14:00:00,9273.0,9284.0,9257.0,9273.0,30158.0,483273.0,481066.0
2026-07-01 14:30:00,9273.0,9274.0,9246.0,9268.0,28892.0,481066.0,478206.0
2026-07-01 21:00:00,9238.0,9278.0,9238.0,9256.0,55919.0,478206.0,483394.0
2026-07-01 21:30:00,9256.0,9292.0,9242.0,9277.0,48742.0,483394.0,482973.0
2026-07-01 22:00:00,9277.0,9283.0,9266.0,9274.0,21810.0,482973.0,483341.0
2026-07-01 22:30:00,9274.0,9301.0,9256.0,9258.0,43142.0,483341.0,479405.0
2026-07-02 09:00:00,9260.0,9290.0,9232.0,9234.0,56426.0,479405.0,483646.0
2026-07-02 09:30:00,9234.0,9261.0,9233.0,9248.0,37914.0,483646.0,484927.0
2026-07-02 10:00:00,9248.0,9255.0,9238.0,9246.0,11827.0,484927.0,485931.0
2026-07-02 10:30:00,9247.0,9258.0,9228.0,9237.0,33323.0,485931.0,489421.0
2026-07-02 11:00:00,9237.0,9254.0,9220.0,9224.0,25499.0,489421.0,489047.0
2026-07-02 13:30:00,9223.0,9235.0,9193.0,9210.0,55898.0,489047.0,492302.0
2026-07-02 14:00:00,9210.0,9215.0,9165.0,9199.0,62357.0,492302.0,500537.0
2026-07-02 14:30:00,9199.0,9208.0,9161.0,9164.0,57325.0,500537.0,505312.0
2026-07-02 21:00:00,9171.0,9184.0,9120.0,9144.0,99105.0,505312.0,517987.0
2026-07-02 21:30:00,9144.0,9185.0,9144.0,9172.0,58257.0,517987.0,519582.0
2026-07-02 22:00:00,9172.0,9175.0,9143.0,9145.0,31277.0,519582.0,519773.0
2026-07-02 22:30:00,9145.0,9156.0,9136.0,9149.0,26722.0,519773.0,517653.0
2026-07-03 09:00:00,9157.0,9194.0,9148.0,9181.0,56376.0,517653.0,515933.0
2026-07-03 09:30:00,9181.0,9195.0,9165.0,9177.0,31129.0,515933.0,514390.0
2026-07-03 10:00:00,9177.0,9211.0,9174.0,9202.0,23794.0,514390.0,512523.0
2026-07-03 10:30:00,9202.0,9202.0,9115.0,9121.0,70397.0,512523.0,523325.0
2026-07-03 11:00:00,9121.0,9155.0,9118.0,9148.0,42363.0,523325.0,523349.0
2026-07-03 13:30:00,9147.0,9147.0,9106.0,9123.0,52710.0,523349.0,531402.0
2026-07-03 14:00:00,9123.0,9137.0,9111.0,9114.0,33619.0,531402.0,534225.0
2026-07-03 14:30:00,9114.0,9119.0,9096.0,9104.0,56157.0,534225.0,538310.0
2026-07-03 21:00:00,9090.0,9123.0,9084.0,9119.0,61931.0,538310.0,546810.0
2026-07-03 21:30:00,9119.0,9143.0,9116.0,9130.0,34274.0,546810.0,544441.0
2026-07-03 22:00:00,9130.0,9143.0,9116.0,9121.0,26107.0,544441.0,542747.0
2026-07-03 22:30:00,9121.0,9175.0,9115.0,9169.0,51485.0,542747.0,530838.0
2026-07-06 09:00:00,9172.0,9236.0,9172.0,9233.0,105418.0,530838.0,520925.0
2026-07-06 09:30:00,9233.0,9279.0,9228.0,9264.0,74532.0,520925.0,517824.0
2026-07-06 10:00:00,9264.0,9270.0,9245.0,9249.0,25238.0,517824.0,515038.0
2026-07-06 10:30:00,9245.0,9256.0,9227.0,9234.0,54457.0,515038.0,507919.0
2026-07-06 11:00:00,9234.0,9253.0,9233.0,9253.0,20627.0,507919.0,504500.0
2026-07-06 13:30:00,9247.0,9251.0,9230.0,9237.0,24572.0,504500.0,504585.0
2026-07-06 14:00:00,9237.0,9258.0,9235.0,9245.0,22921.0,504585.0,501820.0
2026-07-06 14:30:00,9245.0,9246.0,9228.0,9245.0,28711.0,501820.0,498198.0
2026-07-06 21:00:00,9251.0,9270.0,9237.0,9263.0,62812.0,498198.0,499531.0
2026-07-06 21:30:00,9263.0,9295.0,9256.0,9286.0,54675.0,499531.0,498702.0
2026-07-06 22:00:00,9286.0,9295.0,9277.0,9290.0,28500.0,498702.0,498659.0
2026-07-06 22:30:00,9290.0,9305.0,9283.0,9296.0,33589.0,498659.0,495291.0
2026-07-07 09:00:00,9298.0,9300.0,9269.0,9300.0,51810.0,495291.0,497351.0
2026-07-07 09:30:00,9300.0,9355.0,9296.0,9347.0,76164.0,497351.0,497830.0
2026-07-07 10:00:00,9347.0,9356.0,9339.0,9347.0,20329.0,497830.0,497635.0
2026-07-07 10:30:00,9342.0,9350.0,9327.0,9332.0,35293.0,497635.0,493408.0
2026-07-07 11:00:00,9332.0,9347.0,9314.0,9316.0,29140.0,493408.0,490475.0
2026-07-07 13:30:00,9321.0,9333.0,9316.0,9329.0,29228.0,490475.0,490369.0
2026-07-07 14:00:00,9329.0,9342.0,9314.0,9341.0,27559.0,490369.0,489086.0
2026-07-07 14:30:00,9341.0,9346.0,9326.0,9340.0,31508.0,489086.0,484001.0
2026-07-07 21:00:00,9320.0,9338.0,9306.0,9321.0,69039.0,484001.0,489416.0
2026-07-07 21:30:00,9321.0,9323.0,9286.0,9302.0,52751.0,489416.0,492844.0
2026-07-07 22:00:00,9302.0,9322.0,9295.0,9308.0,32961.0,492844.0,491672.0
2026-07-07 22:30:00,9308.0,9312.0,9296.0,9302.0,18869.0,491672.0,488986.0
2026-07-08 09:00:00,9341.0,9368.0,9336.0,9353.0,65999.0,488986.0,486922.0
2026-07-08 09:30:00,9353.0,9392.0,9351.0,9385.0,45805.0,486922.0,487507.0
2026-07-08 10:00:00,9385.0,9386.0,9364.0,9364.0,21740.0,487507.0,487009.0
2026-07-08 10:30:00,9362.0,9392.0,9352.0,9391.0,34475.0,487009.0,487704.0
2026-07-08 11:00:00,9391.0,9394.0,9375.0,9379.0,23972.0,487704.0,486563.0
2026-07-08 13:30:00,9381.0,9384.0,9362.0,9377.0,28764.0,486563.0,484439.0
2026-07-08 14:00:00,9377.0,9382.0,9348.0,9364.0,31609.0,484439.0,482458.0
2026-07-08 14:30:00,9364.0,9369.0,9340.0,9341.0,30449.0,482458.0,479459.0
2026-07-08 21:00:00,9384.0,9403.0,9372.0,9392.0,79859.0,479459.0,486307.0
2026-07-08 21:30:00,9392.0,9395.0,9360.0,9375.0,38443.0,486307.0,483903.0
2026-07-08 22:00:00,9375.0,9420.0,9371.0,9420.0,50573.0,483903.0,484852.0
2026-07-08 22:30:00,9420.0,9439.0,9411.0,9422.0,53267.0,484852.0,477617.0
2026-07-09 09:00:00,9415.0,9415.0,9386.0,9402.0,53638.0,477617.0,477861.0
2026-07-09 09:30:00,9402.0,9403.0,9382.0,9396.0,22858.0,477861.0,476521.0
2026-07-09 10:00:00,9396.0,9403.0,9386.0,9399.0,13361.0,476521.0,476146.0
2026-07-09 10:30:00,9400.0,9417.0,9385.0,9389.0,33660.0,476146.0,474624.0
2026-07-09 11:00:00,9389.0,9396.0,9344.0,9375.0,46025.0,474624.0,470748.0
2026-07-09 13:30:00,9378.0,9385.0,9367.0,9372.0,27858.0,470748.0,471057.0
2026-07-09 14:00:00,9372.0,9390.0,9360.0,9361.0,26677.0,471057.0,469894.0
2026-07-09 14:30:00,9361.0,9367.0,9331.0,9354.0,42562.0,469894.0,467446.0
2026-07-09 21:00:00,9331.0,9352.0,9320.0,9329.0,59540.0,467446.0,472091.0
2026-07-09 21:30:00,9329.0,9344.0,9318.0,9333.0,32734.0,472091.0,472845.0
2026-07-09 22:00:00,9333.0,9337.0,9314.0,9324.0,26247.0,472845.0,471493.0
2026-07-09 22:30:00,9324.0,9329.0,9314.0,9322.0,23673.0,471493.0,468301.0
2026-07-10 09:00:00,9301.0,9311.0,9255.0,9294.0,95027.0,468301.0,470521.0
2026-07-10 09:30:00,9294.0,9312.0,9279.0,9284.0,32798.0,470521.0,471766.0
2026-07-10 10:00:00,9284.0,9300.0,9275.0,9296.0,12841.0,471766.0,472188.0
2026-07-10 10:30:00,9298.0,9322.0,9291.0,9313.0,33801.0,472188.0,473819.0
2026-07-10 11:00:00,9313.0,9320.0,9280.0,9296.0,32998.0,473819.0,474919.0
2026-07-10 13:30:00,9270.0,9293.0,9236.0,9243.0,84558.0,474919.0,481238.0
2026-07-10 14:00:00,9243.0,9245.0,9218.0,9234.0,51449.0,481238.0,488028.0
2026-07-10 14:30:00,9234.0,9239.0,9210.0,9222.0,60425.0,488028.0,493058.0
2026-07-10 21:00:00,9234.0,9250.0,9222.0,9239.0,49019.0,493058.0,494769.0
2026-07-10 21:30:00,9239.0,9248.0,9226.0,9235.0,26534.0,494769.0,496340.0
2026-07-10 22:00:00,9235.0,9248.0,9235.0,9243.0,17750.0,496340.0,495485.0
2026-07-10 22:30:00,9243.0,9280.0,9240.0,9279.0,40589.0,495485.0,489964.0
2026-07-13 09:00:00,9329.0,9348.0,9289.0,9298.0,84328.0,489964.0,485541.0
2026-07-13 09:30:00,9298.0,9303.0,9269.0,9271.0,32295.0,485541.0,484908.0
2026-07-13 10:00:00,9271.0,9283.0,9267.0,9271.0,11685.0,484908.0,485038.0
2026-07-13 10:30:00,9269.0,9283.0,9257.0,9269.0,34221.0,485038.0,486172.0
2026-07-13 11:00:00,9269.0,9270.0,9245.0,9250.0,27517.0,486172.0,486686.0
2026-07-13 13:30:00,9262.0,9278.0,9254.0,9264.0,30824.0,486686.0,485702.0
2026-07-13 14:00:00,9264.0,9268.0,9213.0,9223.0,43355.0,485702.0,486844.0
2026-07-13 14:30:00,9223.0,9230.0,9211.0,9212.0,31252.0,486844.0,487644.0
2026-07-13 21:00:00,9221.0,9248.0,9221.0,9228.0,56201.0,487644.0,493436.0
2026-07-13 21:30:00,9228.0,9251.0,9204.0,9213.0,44238.0,493436.0,495137.0
2026-07-13 22:00:00,9213.0,9256.0,9194.0,9255.0,68700.0,495137.0,493583.0
2026-07-13 22:30:00,9255.0,9262.0,9235.0,9245.0,27480.0,493583.0,490673.0
2026-07-14 09:00:00,9278.0,9304.0,9254.0,9274.0,84892.0,490673.0,486409.0
2026-07-14 09:30:00,9274.0,9278.0,9249.0,9275.0,29020.0,486409.0,487463.0
2026-07-14 10:00:00,9275.0,9282.0,9263.0,9271.0,13268.0,487463.0,487346.0
2026-07-14 10:30:00,9270.0,9300.0,9259.0,9280.0,43226.0,487346.0,485272.0
2026-07-14 11:00:00,9280.0,9300.0,9276.0,9285.0,30089.0,485272.0,484365.0
2026-07-14 13:30:00,9292.0,9300.0,9264.0,9291.0,35718.0,484365.0,484479.0
2026-07-14 14:00:00,9291.0,9355.0,9288.0,9342.0,76729.0,484479.0,484695.0
2026-07-14 14:30:00,9342.0,9374.0,9335.0,9351.0,58851.0,484695.0,473046.0
2026-07-14 21:00:00,9370.0,9371.0,9322.0,9329.0,69560.0,473046.0,473380.0
2026-07-14 21:30:00,9329.0,9349.0,9326.0,9333.0,33485.0,473380.0,473228.0
2026-07-14 22:00:00,9333.0,9336.0,9309.0,9312.0,28956.0,473228.0,470895.0
2026-07-14 22:30:00,9312.0,9326.0,9302.0,9314.0,25971.0,470895.0,467054.0
2026-07-15 09:00:00,9332.0,9344.0,9290.0,9307.0,53354.0,467054.0,467348.0
2026-07-15 09:30:00,9307.0,9309.0,9285.0,9293.0,25632.0,467348.0,467417.0
2026-07-15 10:00:00,9293.0,9308.0,9283.0,9307.0,15712.0,467417.0,467653.0
2026-07-15 10:30:00,9307.0,9338.0,9297.0,9337.0,33787.0,467653.0,466804.0
2026-07-15 11:00:00,9337.0,9344.0,9312.0,9316.0,34256.0,466804.0,463307.0
2026-07-15 13:30:00,9320.0,9332.0,9275.0,9282.0,45612.0,463307.0,463115.0
2026-07-15 14:00:00,9282.0,9284.0,9249.0,9258.0,52662.0,463115.0,469678.0
2026-07-15 14:30:00,9258.0,9282.0,9253.0,9279.0,36580.0,469678.0,465985.0
2026-07-15 21:00:00,9275.0,9295.0,9262.0,9281.0,45589.0,465985.0,472198.0
2026-07-15 21:30:00,9281.0,9281.0,9244.0,9256.0,39311.0,472198.0,474319.0
2026-07-15 22:00:00,9256.0,9268.0,9248.0,9265.0,23371.0,474319.0,474143.0
2026-07-15 22:30:00,9265.0,9276.0,9257.0,9265.0,22171.0,474143.0,471208.0
2026-07-16 09:00:00,9280.0,9325.0,9276.0,9284.0,66549.0,471208.0,470542.0
2026-07-16 09:30:00,9284.0,9285.0,9234.0,9246.0,55098.0,470542.0,472885.0
2026-07-16 10:00:00,9246.0,9250.0,9231.0,9242.0,12963.0,472885.0,473964.0
2026-07-16 10:30:00,9245.0,9254.0,9228.0,9235.0,29880.0,473964.0,476639.0
2026-07-16 11:00:00,9235.0,9256.0,9228.0,9229.0,26475.0,476639.0,478563.0
2026-07-16 13:30:00,9222.0,9234.0,9213.0,9220.0,34180.0,478563.0,483108.0
2026-07-16 14:00:00,9220.0,9240.0,9212.0,9239.0,28979.0,483108.0,484074.0
2026-07-16 14:30:00,9239.0,9245.0,9221.0,9244.0,31408.0,484074.0,480261.0
2026-07-16 21:00:00,9271.0,9278.0,9247.0,9259.0,56639.0,480261.0,481026.0
2026-07-16 21:30:00,9259.0,9263.0,9238.0,9259.0,28929.0,481026.0,481302.0
2026-07-16 22:00:00,9259.0,9275.0,9251.0,9263.0,25298.0,481302.0,480798.0
2026-07-16 22:30:00,9263.0,9264.0,9240.0,9242.0,24980.0,480798.0,477440.0
2026-07-17 09:00:00,9266.0,9302.0,9265.0,9277.0,74489.0,477440.0,477253.0
2026-07-17 09:30:00,9277.0,9278.0,9221.0,9239.0,68528.0,477253.0,475247.0
2026-07-17 10:00:00,9239.0,9268.0,9239.0,9266.0,19090.0,475247.0,474472.0
2026-07-17 10:30:00,9266.0,9267.0,9210.0,9224.0,51196.0,474472.0,478191.0
2026-07-17 11:00:00,9224.0,9239.0,9214.0,9239.0,23383.0,478191.0,476427.0
2026-07-17 13:30:00,9235.0,9235.0,9202.0,9206.0,41397.0,476427.0,477665.0
2026-07-17 14:00:00,9206.0,9241.0,9191.0,9226.0,44101.0,477665.0,476248.0
2026-07-17 14:30:00,9226.0,9240.0,9224.0,9232.0,22334.0,476248.0,473284.0
2026-07-17 21:00:00,9260.0,9287.0,9253.0,9265.0,70366.0,473284.0,469004.0
2026-07-17 21:30:00,9265.0,9303.0,9261.0,9300.0,43251.0,469004.0,468615.0
2026-07-17 22:00:00,9300.0,9312.0,9276.0,9286.0,36436.0,468615.0,464409.0
2026-07-17 22:30:00,9286.0,9315.0,9282.0,9312.0,24675.0,464409.0,460238.0
2026-07-20 09:00:00,9330.0,9394.0,9330.0,9358.0,117022.0,460238.0,455670.0
2026-07-20 09:30:00,9358.0,9389.0,9354.0,9383.0,31131.0,455670.0,455499.0
2026-07-20 10:00:00,9383.0,9387.0,9368.0,9368.0,14224.0,455499.0,453955.0
2026-07-20 10:30:00,9361.0,9365.0,9323.0,9323.0,50106.0,453955.0,448844.0
2026-07-20 11:00:00,9323.0,9355.0,9318.0,9352.0,33584.0,448844.0,444413.0
2026-07-20 13:30:00,9355.0,9355.0,9331.0,9335.0,21490.0,444413.0,443055.0
2026-07-20 14:00:00,9335.0,9362.0,9335.0,9343.0,22959.0,443055.0,441547.0
2026-07-20 14:30:00,9343.0,9390.0,9343.0,9389.0,42616.0,441547.0,440227.0
2026-07-20 21:00:00,9368.0,9372.0,9318.0,9323.0,76541.0,440227.0,442627.0
2026-07-20 21:30:00,9323.0,9328.0,9296.0,9317.0,51497.0,442627.0,441572.0
2026-07-20 22:00:00,9317.0,9335.0,9314.0,9329.0,21416.0,441572.0,440245.0
2026-07-20 22:30:00,9329.0,9335.0,9310.0,9334.0,22405.0,440245.0,436977.0
2026-07-21 09:00:00,9340.0,9345.0,9245.0,9269.0,94378.0,436977.0,441940.0
2026-07-21 09:30:00,9269.0,9287.0,9263.0,9265.0,31943.0,441940.0,444148.0
2026-07-21 10:00:00,9265.0,9272.0,9248.0,9261.0,16767.0,444148.0,447279.0
2026-07-21 10:30:00,9266.0,9273.0,9246.0,9246.0,30897.0,447279.0,449026.0
2026-07-21 11:00:00,9246.0,9272.0,9239.0,9259.0,35456.0,449026.0,449070.0
2026-07-21 13:30:00,9260.0,9265.0,9246.0,9259.0,25393.0,449070.0,452204.0
2026-07-21 14:00:00,9259.0,9265.0,9244.0,9245.0,21299.0,452204.0,453630.0
2026-07-21 14:30:00,9245.0,9252.0,9212.0,9240.0,63365.0,453630.0,460238.0
2026-07-21 21:00:00,9276.0,9276.0,9247.0,9263.0,54865.0,460238.0,462312.0
2026-07-21 21:30:00,9263.0,9266.0,9243.0,9264.0,28758.0,462312.0,462848.0
2026-07-21 22:00:00,9264.0,9268.0,9240.0,9244.0,22264.0,462848.0,462574.0
2026-07-21 22:30:00,9244.0,9255.0,9226.0,9241.0,31190.0,462574.0,459773.0
2026-07-22 09:00:00,9246.0,9303.0,9242.0,9293.0,80480.0,459773.0,453593.0
2026-07-22 09:30:00,9293.0,9308.0,9280.0,9288.0,38510.0,453593.0,449464.0
2026-07-22 10:00:00,9288.0,9298.0,9283.0,9289.0,12709.0,449464.0,449157.0
2026-07-22 10:30:00,9287.0,9287.0,9226.0,9235.0,71139.0,449157.0,454194.0
2026-07-22 11:00:00,9235.0,9242.0,9228.0,9241.0,14619.0,454194.0,454738.0
