time,open,high,low,close,volume,open_oi,close_oi
2026-06-17 22:01:00,1137.0,1138.0,1137.0,1138.0,496.0,1387936.0,1388196.0
2026-06-17 22:02:00,1138.0,1138.0,1136.0,1137.0,4082.0,1388196.0,1388509.0
2026-06-17 22:03:00,1137.0,1137.0,1136.0,1136.0,958.0,1388509.0,1388863.0
2026-06-17 22:04:00,1136.0,1137.0,1136.0,1136.0,1815.0,1388863.0,1389525.0
2026-06-17 22:05:00,1136.0,1137.0,1135.0,1136.0,5275.0,1389525.0,1391431.0
2026-06-17 22:06:00,1136.0,1137.0,1136.0,1137.0,855.0,1391431.0,1391546.0
2026-06-17 22:07:00,1137.0,1137.0,1135.0,1136.0,4740.0,1391546.0,1392251.0
2026-06-17 22:08:00,1136.0,1137.0,1135.0,1137.0,1346.0,1392251.0,1392333.0
2026-06-17 22:09:00,1137.0,1137.0,1136.0,1137.0,544.0,1392333.0,1392265.0
2026-06-17 22:10:00,1137.0,1138.0,1136.0,1138.0,6393.0,1392265.0,1393739.0
2026-06-17 22:11:00,1138.0,1138.0,1136.0,1137.0,4479.0,1393739.0,1394267.0
2026-06-17 22:12:00,1137.0,1138.0,1136.0,1138.0,2051.0,1394267.0,1394276.0
2026-06-17 22:13:00,1138.0,1138.0,1137.0,1138.0,431.0,1394276.0,1394317.0
2026-06-17 22:14:00,1138.0,1138.0,1137.0,1137.0,3019.0,1394317.0,1395154.0
2026-06-17 22:15:00,1137.0,1138.0,1136.0,1137.0,842.0,1395154.0,1395408.0
2026-06-17 22:16:00,1137.0,1138.0,1137.0,1138.0,666.0,1395408.0,1395386.0
2026-06-17 22:17:00,1138.0,1138.0,1137.0,1138.0,457.0,1395386.0,1395441.0
2026-06-17 22:18:00,1138.0,1138.0,1137.0,1138.0,212.0,1395441.0,1395527.0
2026-06-17 22:19:00,1138.0,1138.0,1136.0,1137.0,2591.0,1395527.0,1396836.0
2026-06-17 22:20:00,1137.0,1138.0,1136.0,1138.0,2945.0,1396836.0,1396682.0
2026-06-17 22:21:00,1138.0,1138.0,1136.0,1137.0,2275.0,1396682.0,1397195.0
2026-06-17 22:22:00,1137.0,1138.0,1136.0,1138.0,1453.0,1397195.0,1397271.0
2026-06-17 22:23:00,1138.0,1138.0,1136.0,1136.0,1259.0,1397271.0,1397222.0
2026-06-17 22:24:00,1136.0,1138.0,1136.0,1137.0,2246.0,1397222.0,1397351.0
2026-06-17 22:25:00,1137.0,1138.0,1136.0,1136.0,755.0,1397351.0,1397435.0
2026-06-17 22:26:00,1136.0,1137.0,1136.0,1136.0,945.0,1397435.0,1397604.0
2026-06-17 22:27:00,1136.0,1137.0,1136.0,1137.0,1269.0,1397604.0,1397753.0
2026-06-17 22:28:00,1137.0,1137.0,1136.0,1136.0,1020.0,1397753.0,1398217.0
2026-06-17 22:29:00,1136.0,1137.0,1136.0,1136.0,305.0,1398217.0,1398194.0
2026-06-17 22:30:00,1136.0,1137.0,1136.0,1136.0,586.0,1398194.0,1397997.0
2026-06-17 22:31:00,1136.0,1137.0,1136.0,1137.0,503.0,1397997.0,1397996.0
2026-06-17 22:32:00,1137.0,1138.0,1136.0,1136.0,3170.0,1397996.0,1399293.0
2026-06-17 22:33:00,1136.0,1138.0,1136.0,1137.0,1968.0,1399293.0,1400036.0
2026-06-17 22:34:00,1137.0,1137.0,1136.0,1137.0,399.0,1400036.0,1400101.0
2026-06-17 22:35:00,1137.0,1137.0,1136.0,1137.0,449.0,1400101.0,1400057.0
2026-06-17 22:36:00,1137.0,1137.0,1136.0,1137.0,748.0,1400057.0,1399725.0
2026-06-17 22:37:00,1137.0,1137.0,1136.0,1136.0,564.0,1399725.0,1399879.0
2026-06-17 22:38:00,1136.0,1137.0,1136.0,1136.0,430.0,1399879.0,1400199.0
2026-06-17 22:39:00,1136.0,1137.0,1136.0,1136.0,348.0,1400199.0,1400233.0
2026-06-17 22:40:00,1136.0,1137.0,1135.0,1135.0,5523.0,1400233.0,1401846.0
2026-06-17 22:41:00,1135.0,1136.0,1135.0,1135.0,806.0,1401846.0,1402047.0
2026-06-17 22:42:00,1135.0,1137.0,1135.0,1137.0,2105.0,1402047.0,1402592.0
2026-06-17 22:43:00,1137.0,1137.0,1135.0,1136.0,1803.0,1402592.0,1402119.0
2026-06-17 22:44:00,1136.0,1136.0,1135.0,1135.0,842.0,1402119.0,1402074.0
2026-06-17 22:45:00,1135.0,1137.0,1135.0,1136.0,2834.0,1402074.0,1402479.0
2026-06-17 22:46:00,1136.0,1137.0,1136.0,1136.0,569.0,1402479.0,1402540.0
2026-06-17 22:47:00,1136.0,1137.0,1136.0,1137.0,797.0,1402540.0,1402676.0
2026-06-17 22:48:00,1137.0,1137.0,1136.0,1136.0,940.0,1402676.0,1402605.0
2026-06-17 22:49:00,1136.0,1137.0,1136.0,1136.0,520.0,1402605.0,1402631.0
2026-06-17 22:50:00,1136.0,1137.0,1136.0,1136.0,571.0,1402631.0,1402861.0
2026-06-17 22:51:00,1136.0,1137.0,1136.0,1137.0,497.0,1402861.0,1403000.0
2026-06-17 22:52:00,1137.0,1137.0,1136.0,1136.0,585.0,1403000.0,1403025.0
2026-06-17 22:53:00,1136.0,1137.0,1136.0,1136.0,620.0,1403025.0,1403156.0
2026-06-17 22:54:00,1136.0,1137.0,1136.0,1137.0,776.0,1403156.0,1403200.0
2026-06-17 22:55:00,1137.0,1137.0,1136.0,1136.0,984.0,1403200.0,1403227.0
2026-06-17 22:56:00,1136.0,1136.0,1135.0,1136.0,5005.0,1403227.0,1403306.0
2026-06-17 22:57:00,1136.0,1136.0,1135.0,1135.0,2492.0,1403306.0,1404377.0
2026-06-17 22:58:00,1135.0,1136.0,1135.0,1135.0,4007.0,1404377.0,1405322.0
2026-06-17 22:59:00,1135.0,1136.0,1135.0,1136.0,7074.0,1405322.0,1404183.0
2026-06-18 09:00:00,1136.0,1138.0,1136.0,1137.0,8266.0,1404183.0,1404679.0
2026-06-18 09:01:00,1137.0,1137.0,1135.0,1135.0,5524.0,1404679.0,1405944.0
2026-06-18 09:02:00,1135.0,1136.0,1133.0,1134.0,13432.0,1405944.0,1407011.0
2026-06-18 09:03:00,1134.0,1135.0,1133.0,1134.0,6106.0,1407011.0,1407545.0
2026-06-18 09:04:00,1134.0,1136.0,1134.0,1135.0,2497.0,1407545.0,1407706.0
2026-06-18 09:05:00,1135.0,1137.0,1135.0,1137.0,4842.0,1407706.0,1408092.0
2026-06-18 09:06:00,1137.0,1137.0,1136.0,1137.0,2066.0,1408092.0,1408174.0
2026-06-18 09:07:00,1137.0,1137.0,1135.0,1137.0,4801.0,1408174.0,1409387.0
2026-06-18 09:08:00,1137.0,1138.0,1136.0,1138.0,5580.0,1409387.0,1409307.0
2026-06-18 09:09:00,1138.0,1138.0,1136.0,1136.0,3379.0,1409307.0,1409488.0
2026-06-18 09:10:00,1136.0,1137.0,1136.0,1137.0,1401.0,1409488.0,1409567.0
2026-06-18 09:11:00,1137.0,1137.0,1136.0,1137.0,567.0,1409567.0,1409651.0
2026-06-18 09:12:00,1137.0,1137.0,1135.0,1135.0,3637.0,1409651.0,1410514.0
2026-06-18 09:13:00,1135.0,1137.0,1135.0,1137.0,1854.0,1410514.0,1409883.0
2026-06-18 09:14:00,1137.0,1137.0,1136.0,1137.0,1472.0,1409883.0,1410085.0
2026-06-18 09:15:00,1137.0,1137.0,1136.0,1136.0,1576.0,1410085.0,1409730.0
2026-06-18 09:16:00,1136.0,1137.0,1135.0,1136.0,3461.0,1409730.0,1410459.0
2026-06-18 09:17:00,1136.0,1137.0,1136.0,1136.0,1823.0,1410459.0,1409860.0
2026-06-18 09:18:00,1136.0,1138.0,1136.0,1137.0,4637.0,1409860.0,1411701.0
2026-06-18 09:19:00,1137.0,1138.0,1136.0,1136.0,1519.0,1411701.0,1411213.0
2026-06-18 09:20:00,1136.0,1137.0,1136.0,1136.0,1124.0,1411213.0,1411417.0
2026-06-18 09:21:00,1136.0,1137.0,1136.0,1136.0,762.0,1411417.0,1411647.0
2026-06-18 09:22:00,1136.0,1137.0,1136.0,1136.0,580.0,1411647.0,1411839.0
2026-06-18 09:23:00,1136.0,1137.0,1136.0,1136.0,469.0,1411839.0,1411731.0
2026-06-18 09:24:00,1136.0,1137.0,1136.0,1136.0,797.0,1411731.0,1411641.0
2026-06-18 09:25:00,1136.0,1137.0,1135.0,1136.0,3194.0,1411641.0,1411529.0
2026-06-18 09:26:00,1136.0,1137.0,1136.0,1136.0,3858.0,1411529.0,1411372.0
2026-06-18 09:27:00,1136.0,1137.0,1135.0,1136.0,3122.0,1411372.0,1411754.0
2026-06-18 09:28:00,1136.0,1137.0,1136.0,1136.0,1697.0,1411754.0,1412238.0
2026-06-18 09:29:00,1136.0,1137.0,1135.0,1135.0,908.0,1412238.0,1412033.0
2026-06-18 09:30:00,1135.0,1137.0,1135.0,1136.0,1635.0,1412033.0,1411685.0
2026-06-18 09:31:00,1136.0,1137.0,1136.0,1137.0,824.0,1411685.0,1411839.0
2026-06-18 09:32:00,1137.0,1137.0,1136.0,1136.0,1354.0,1411839.0,1411638.0
2026-06-18 09:33:00,1136.0,1137.0,1136.0,1136.0,677.0,1411638.0,1411362.0
2026-06-18 09:34:00,1136.0,1139.0,1136.0,1139.0,8167.0,1411362.0,1411330.0
2026-06-18 09:35:00,1139.0,1140.0,1138.0,1139.0,5358.0,1411330.0,1409705.0
2026-06-18 09:36:00,1139.0,1140.0,1138.0,1138.0,3761.0,1409705.0,1408175.0
2026-06-18 09:37:00,1138.0,1140.0,1138.0,1140.0,5563.0,1408175.0,1407833.0
2026-06-18 09:38:00,1140.0,1140.0,1138.0,1138.0,1786.0,1407833.0,1407332.0
2026-06-18 09:39:00,1138.0,1139.0,1138.0,1139.0,1545.0,1407332.0,1406851.0
2026-06-18 09:40:00,1139.0,1139.0,1137.0,1137.0,2242.0,1406851.0,1406027.0
2026-06-18 09:41:00,1137.0,1138.0,1136.0,1137.0,2271.0,1406027.0,1406067.0
2026-06-18 09:42:00,1137.0,1138.0,1137.0,1137.0,924.0,1406067.0,1405877.0
2026-06-18 09:43:00,1137.0,1138.0,1137.0,1137.0,996.0,1405877.0,1405588.0
2026-06-18 09:44:00,1137.0,1138.0,1137.0,1137.0,1460.0,1405588.0,1405454.0
2026-06-18 09:45:00,1137.0,1138.0,1137.0,1137.0,648.0,1405454.0,1405453.0
2026-06-18 09:46:00,1137.0,1138.0,1136.0,1137.0,2105.0,1405453.0,1404991.0
2026-06-18 09:47:00,1137.0,1137.0,1136.0,1136.0,827.0,1404991.0,1405034.0
2026-06-18 09:48:00,1136.0,1137.0,1136.0,1137.0,987.0,1405034.0,1405069.0
2026-06-18 09:49:00,1137.0,1137.0,1135.0,1136.0,4481.0,1405069.0,1405722.0
2026-06-18 09:50:00,1136.0,1137.0,1136.0,1136.0,728.0,1405722.0,1405562.0
2026-06-18 09:51:00,1136.0,1137.0,1136.0,1136.0,1678.0,1405562.0,1405305.0
2026-06-18 09:52:00,1136.0,1137.0,1136.0,1136.0,1262.0,1405305.0,1405097.0
2026-06-18 09:53:00,1136.0,1136.0,1133.0,1135.0,10522.0,1405097.0,1407507.0
2026-06-18 09:54:00,1135.0,1135.0,1134.0,1135.0,1080.0,1407507.0,1406909.0
2026-06-18 09:55:00,1135.0,1135.0,1134.0,1135.0,1086.0,1406909.0,1406948.0
2026-06-18 09:56:00,1135.0,1135.0,1133.0,1134.0,3803.0,1406948.0,1407350.0
2026-06-18 09:57:00,1134.0,1135.0,1133.0,1135.0,7481.0,1407350.0,1407503.0
2026-06-18 09:58:00,1135.0,1135.0,1134.0,1134.0,600.0,1407503.0,1407440.0
2026-06-18 09:59:00,1134.0,1136.0,1134.0,1135.0,2184.0,1407440.0,1407598.0
2026-06-18 10:00:00,1135.0,1136.0,1134.0,1135.0,1019.0,1407598.0,1407720.0
2026-06-18 10:01:00,1135.0,1136.0,1134.0,1136.0,1121.0,1407720.0,1407656.0
2026-06-18 10:02:00,1136.0,1136.0,1134.0,1135.0,1801.0,1407656.0,1407827.0
2026-06-18 10:03:00,1135.0,1135.0,1134.0,1134.0,350.0,1407827.0,1407811.0
2026-06-18 10:04:00,1134.0,1136.0,1134.0,1134.0,2309.0,1407811.0,1408199.0
2026-06-18 10:05:00,1134.0,1136.0,1134.0,1135.0,1432.0,1408199.0,1408214.0
2026-06-18 10:06:00,1135.0,1136.0,1135.0,1135.0,1125.0,1408214.0,1408277.0
2026-06-18 10:07:00,1135.0,1137.0,1135.0,1136.0,2444.0,1408277.0,1408133.0
2026-06-18 10:08:00,1136.0,1137.0,1136.0,1137.0,724.0,1408133.0,1407972.0
2026-06-18 10:09:00,1137.0,1138.0,1136.0,1136.0,3074.0,1407972.0,1407815.0
2026-06-18 10:10:00,1136.0,1138.0,1136.0,1137.0,1432.0,1407815.0,1407905.0
2026-06-18 10:11:00,1137.0,1138.0,1137.0,1137.0,540.0,1407905.0,1407950.0
2026-06-18 10:12:00,1137.0,1138.0,1137.0,1137.0,2308.0,1407950.0,1407913.0
2026-06-18 10:13:00,1137.0,1138.0,1137.0,1137.0,1470.0,1407913.0,1407543.0
2026-06-18 10:14:00,1137.0,1138.0,1137.0,1137.0,1212.0,1407543.0,1406823.0
2026-06-18 10:30:00,1138.0,1138.0,1136.0,1137.0,6500.0,1406823.0,1406068.0
2026-06-18 10:31:00,1137.0,1138.0,1136.0,1136.0,1541.0,1406068.0,1405514.0
2026-06-18 10:32:00,1136.0,1137.0,1136.0,1137.0,1230.0,1405514.0,1405444.0
2026-06-18 10:33:00,1137.0,1137.0,1136.0,1136.0,1225.0,1405444.0,1405572.0
2026-06-18 10:34:00,1136.0,1137.0,1136.0,1137.0,485.0,1405572.0,1405598.0
2026-06-18 10:35:00,1137.0,1137.0,1136.0,1137.0,544.0,1405598.0,1405667.0
2026-06-18 10:36:00,1137.0,1137.0,1136.0,1137.0,1399.0,1405667.0,1405545.0
2026-06-18 10:37:00,1137.0,1137.0,1136.0,1137.0,674.0,1405545.0,1405454.0
2026-06-18 10:38:00,1137.0,1137.0,1136.0,1136.0,594.0,1405454.0,1405323.0
2026-06-18 10:39:00,1136.0,1137.0,1136.0,1137.0,569.0,1405323.0,1405260.0
2026-06-18 10:40:00,1137.0,1137.0,1136.0,1137.0,731.0,1405260.0,1405163.0
2026-06-18 10:41:00,1137.0,1138.0,1136.0,1138.0,2423.0,1405163.0,1405781.0
2026-06-18 10:42:00,1138.0,1138.0,1137.0,1137.0,611.0,1405781.0,1405504.0
2026-06-18 10:43:00,1137.0,1138.0,1136.0,1137.0,2246.0,1405504.0,1405076.0
2026-06-18 10:44:00,1137.0,1138.0,1136.0,1138.0,2262.0,1405076.0,1406289.0
2026-06-18 10:45:00,1138.0,1138.0,1137.0,1138.0,491.0,1406289.0,1406197.0
2026-06-18 10:46:00,1138.0,1138.0,1137.0,1138.0,744.0,1406197.0,1405994.0
2026-06-18 10:47:00,1138.0,1138.0,1137.0,1137.0,312.0,1405994.0,1406007.0
2026-06-18 10:48:00,1137.0,1138.0,1137.0,1137.0,1981.0,1406007.0,1405546.0
2026-06-18 10:49:00,1137.0,1138.0,1136.0,1137.0,1331.0,1405546.0,1404995.0
2026-06-18 10:50:00,1137.0,1138.0,1137.0,1137.0,1455.0,1404995.0,1404921.0
2026-06-18 10:51:00,1137.0,1137.0,1135.0,1136.0,2970.0,1404921.0,1404750.0
2026-06-18 10:52:00,1136.0,1137.0,1135.0,1136.0,3472.0,1404750.0,1404649.0
2026-06-18 10:53:00,1136.0,1137.0,1136.0,1137.0,681.0,1404649.0,1404843.0
2026-06-18 10:54:00,1137.0,1137.0,1136.0,1136.0,494.0,1404843.0,1404689.0
2026-06-18 10:55:00,1136.0,1138.0,1136.0,1138.0,2648.0,1404689.0,1404220.0
2026-06-18 10:56:00,1138.0,1138.0,1137.0,1137.0,2192.0,1404220.0,1403481.0
2026-06-18 10:57:00,1137.0,1138.0,1136.0,1137.0,1609.0,1403481.0,1402870.0
2026-06-18 10:58:00,1137.0,1138.0,1136.0,1138.0,672.0,1402870.0,1402881.0
2026-06-18 10:59:00,1138.0,1138.0,1137.0,1137.0,347.0,1402881.0,1402949.0
2026-06-18 11:00:00,1137.0,1138.0,1136.0,1137.0,1229.0,1402949.0,1402588.0
2026-06-18 11:01:00,1137.0,1138.0,1137.0,1137.0,679.0,1402588.0,1402663.0
2026-06-18 11:02:00,1137.0,1138.0,1137.0,1137.0,421.0,1402663.0,1402687.0
2026-06-18 11:03:00,1137.0,1138.0,1137.0,1138.0,457.0,1402687.0,1402612.0
2026-06-18 11:04:00,1138.0,1138.0,1137.0,1138.0,647.0,1402612.0,1402431.0
2026-06-18 11:05:00,1138.0,1138.0,1137.0,1137.0,392.0,1402431.0,1402394.0
2026-06-18 11:06:00,1137.0,1138.0,1137.0,1138.0,936.0,1402394.0,1402256.0
2026-06-18 11:07:00,1138.0,1138.0,1137.0,1138.0,835.0,1402256.0,1402040.0
2026-06-18 11:08:00,1138.0,1138.0,1136.0,1136.0,1663.0,1402040.0,1401586.0
2026-06-18 11:09:00,1136.0,1137.0,1136.0,1137.0,289.0,1401586.0,1401680.0
2026-06-18 11:10:00,1137.0,1137.0,1136.0,1137.0,848.0,1401680.0,1402072.0
2026-06-18 11:11:00,1137.0,1137.0,1136.0,1136.0,378.0,1402072.0,1401959.0
2026-06-18 11:12:00,1136.0,1137.0,1136.0,1136.0,232.0,1401959.0,1401873.0
2026-06-18 11:13:00,1136.0,1137.0,1136.0,1136.0,275.0,1401873.0,1401887.0
2026-06-18 11:14:00,1136.0,1137.0,1136.0,1137.0,743.0,1401887.0,1402090.0
2026-06-18 11:15:00,1137.0,1137.0,1136.0,1137.0,920.0,1402090.0,1402110.0
2026-06-18 11:16:00,1137.0,1138.0,1136.0,1137.0,1800.0,1402110.0,1402411.0
2026-06-18 11:17:00,1137.0,1138.0,1136.0,1137.0,1308.0,1402411.0,1402328.0
2026-06-18 11:18:00,1137.0,1137.0,1136.0,1137.0,106.0,1402328.0,1402273.0
2026-06-18 11:19:00,1137.0,1137.0,1136.0,1137.0,469.0,1402273.0,1402186.0
2026-06-18 11:20:00,1137.0,1137.0,1136.0,1136.0,635.0,1402186.0,1402192.0
2026-06-18 11:21:00,1136.0,1137.0,1135.0,1136.0,2685.0,1402192.0,1402494.0
2026-06-18 11:22:00,1136.0,1137.0,1135.0,1136.0,1720.0,1402494.0,1402305.0
2026-06-18 11:23:00,1136.0,1137.0,1135.0,1136.0,1343.0,1402305.0,1402353.0
2026-06-18 11:24:00,1136.0,1137.0,1135.0,1135.0,712.0,1402353.0,1402274.0
2026-06-18 11:25:00,1135.0,1137.0,1135.0,1136.0,646.0,1402274.0,1402164.0
2026-06-18 11:26:00,1136.0,1136.0,1135.0,1135.0,259.0,1402164.0,1402157.0
2026-06-18 11:27:00,1135.0,1136.0,1135.0,1135.0,359.0,1402157.0,1402170.0
2026-06-18 11:28:00,1135.0,1136.0,1135.0,1136.0,1232.0,1402170.0,1402153.0
2026-06-18 11:29:00,1136.0,1137.0,1135.0,1136.0,2998.0,1402153.0,1401887.0
2026-06-18 13:30:00,1135.0,1136.0,1135.0,1136.0,2498.0,1401887.0,1402316.0
2026-06-18 13:31:00,1136.0,1137.0,1136.0,1137.0,988.0,1402316.0,1402270.0
2026-06-18 13:32:00,1137.0,1137.0,1135.0,1136.0,2351.0,1402270.0,1402135.0
2026-06-18 13:33:00,1136.0,1136.0,1135.0,1136.0,1843.0,1402135.0,1402613.0
2026-06-18 13:34:00,1136.0,1137.0,1136.0,1136.0,679.0,1402613.0,1402849.0
2026-06-18 13:35:00,1136.0,1137.0,1135.0,1136.0,1157.0,1402849.0,1402880.0
2026-06-18 13:36:00,1136.0,1137.0,1135.0,1137.0,1249.0,1402880.0,1402878.0
2026-06-18 13:37:00,1137.0,1137.0,1136.0,1136.0,612.0,1402878.0,1402926.0
2026-06-18 13:38:00,1136.0,1137.0,1136.0,1137.0,444.0,1402926.0,1402878.0
2026-06-18 13:39:00,1137.0,1137.0,1136.0,1137.0,357.0,1402878.0,1402938.0
2026-06-18 13:40:00,1137.0,1138.0,1136.0,1137.0,4778.0,1402938.0,1403055.0
2026-06-18 13:41:00,1137.0,1137.0,1136.0,1137.0,561.0,1403055.0,1403064.0
2026-06-18 13:42:00,1137.0,1137.0,1136.0,1137.0,339.0,1403064.0,1403147.0
2026-06-18 13:43:00,1137.0,1137.0,1136.0,1137.0,798.0,1403147.0,1403196.0
2026-06-18 13:44:00,1137.0,1138.0,1136.0,1137.0,1257.0,1403196.0,1403087.0
2026-06-18 13:45:00,1137.0,1138.0,1136.0,1137.0,2140.0,1403087.0,1403252.0
2026-06-18 13:46:00,1137.0,1137.0,1136.0,1137.0,581.0,1403252.0,1403299.0
2026-06-18 13:47:00,1137.0,1137.0,1135.0,1135.0,5520.0,1403299.0,1405416.0
2026-06-18 13:48:00,1135.0,1137.0,1135.0,1135.0,1162.0,1405416.0,1405668.0
2026-06-18 13:49:00,1135.0,1136.0,1135.0,1135.0,1059.0,1405668.0,1406003.0
2026-06-18 13:50:00,1135.0,1136.0,1135.0,1135.0,1628.0,1406003.0,1406428.0
2026-06-18 13:51:00,1135.0,1136.0,1135.0,1135.0,1117.0,1406428.0,1407025.0
2026-06-18 13:52:00,1135.0,1136.0,1134.0,1134.0,3572.0,1407025.0,1408289.0
2026-06-18 13:53:00,1134.0,1135.0,1131.0,1132.0,17082.0,1408289.0,1411118.0
2026-06-18 13:54:00,1132.0,1133.0,1131.0,1132.0,5511.0,1411118.0,1411592.0
2026-06-18 13:55:00,1132.0,1133.0,1131.0,1132.0,5374.0,1411592.0,1413180.0
2026-06-18 13:56:00,1132.0,1133.0,1131.0,1131.0,2917.0,1413180.0,1414408.0
2026-06-18 13:57:00,1131.0,1132.0,1131.0,1131.0,2059.0,1414408.0,1414765.0
2026-06-18 13:58:00,1131.0,1132.0,1131.0,1132.0,998.0,1414765.0,1414992.0
2026-06-18 13:59:00,1132.0,1132.0,1131.0,1131.0,1625.0,1414992.0,1414998.0
2026-06-18 14:00:00,1131.0,1132.0,1131.0,1131.0,1209.0,1414998.0,1415307.0
2026-06-18 14:01:00,1131.0,1132.0,1131.0,1131.0,5200.0,1415307.0,1416245.0
2026-06-18 14:02:00,1131.0,1132.0,1128.0,1129.0,22668.0,1416245.0,1419874.0
2026-06-18 14:03:00,1129.0,1130.0,1128.0,1129.0,5318.0,1419874.0,1419706.0
2026-06-18 14:04:00,1129.0,1130.0,1128.0,1129.0,5612.0,1419706.0,1420766.0
2026-06-18 14:05:00,1129.0,1130.0,1128.0,1129.0,6216.0,1420766.0,1421019.0
2026-06-18 14:06:00,1129.0,1130.0,1128.0,1129.0,5601.0,1421019.0,1420808.0
2026-06-18 14:07:00,1129.0,1129.0,1128.0,1128.0,1685.0,1420808.0,1421204.0
2026-06-18 14:08:00,1128.0,1129.0,1127.0,1127.0,7081.0,1421204.0,1423391.0
2026-06-18 14:09:00,1127.0,1128.0,1127.0,1127.0,2747.0,1423391.0,1423091.0
2026-06-18 14:10:00,1127.0,1128.0,1126.0,1126.0,8629.0,1423091.0,1422664.0
2026-06-18 14:11:00,1126.0,1127.0,1126.0,1126.0,4670.0,1422664.0,1422326.0
2026-06-18 14:12:00,1126.0,1127.0,1126.0,1127.0,4154.0,1422326.0,1423026.0
2026-06-18 14:13:00,1127.0,1127.0,1126.0,1127.0,2362.0,1423026.0,1423767.0
2026-06-18 14:14:00,1127.0,1127.0,1126.0,1126.0,3019.0,1423767.0,1423437.0
2026-06-18 14:15:00,1126.0,1127.0,1126.0,1127.0,1610.0,1423437.0,1424049.0
2026-06-18 14:16:00,1127.0,1127.0,1126.0,1127.0,1723.0,1424049.0,1423656.0
2026-06-18 14:17:00,1127.0,1127.0,1125.0,1127.0,6024.0,1423656.0,1424421.0
2026-06-18 14:18:00,1127.0,1127.0,1126.0,1126.0,1742.0,1424421.0,1424049.0
2026-06-18 14:19:00,1126.0,1127.0,1126.0,1126.0,1349.0,1424049.0,1424032.0
2026-06-18 14:20:00,1126.0,1129.0,1126.0,1128.0,6472.0,1424032.0,1423418.0
2026-06-18 14:21:00,1128.0,1130.0,1128.0,1129.0,7441.0,1423418.0,1421395.0
2026-06-18 14:22:00,1129.0,1130.0,1129.0,1129.0,1508.0,1421395.0,1421071.0
2026-06-18 14:23:00,1129.0,1132.0,1129.0,1130.0,11590.0,1421071.0,1419588.0
2026-06-18 14:24:00,1130.0,1131.0,1129.0,1130.0,3067.0,1419588.0,1418889.0
2026-06-18 14:25:00,1130.0,1131.0,1129.0,1130.0,1842.0,1418889.0,1418894.0
2026-06-18 14:26:00,1130.0,1131.0,1130.0,1131.0,1272.0,1418894.0,1418860.0
2026-06-18 14:27:00,1131.0,1131.0,1130.0,1130.0,2289.0,1418860.0,1418436.0
2026-06-18 14:28:00,1130.0,1130.0,1128.0,1128.0,2428.0,1418436.0,1417842.0
2026-06-18 14:29:00,1128.0,1129.0,1128.0,1128.0,2623.0,1417842.0,1418008.0
2026-06-18 14:30:00,1128.0,1129.0,1127.0,1128.0,2432.0,1418008.0,1418402.0
2026-06-18 14:31:00,1128.0,1129.0,1127.0,1128.0,3626.0,1418402.0,1418697.0
2026-06-18 14:32:00,1128.0,1129.0,1128.0,1129.0,847.0,1418697.0,1418707.0
2026-06-18 14:33:00,1129.0,1130.0,1128.0,1129.0,2245.0,1418707.0,1418418.0
2026-06-18 14:34:00,1129.0,1130.0,1128.0,1129.0,1870.0,1418418.0,1417916.0
2026-06-18 14:35:00,1129.0,1129.0,1128.0,1129.0,680.0,1417916.0,1417673.0
2026-06-18 14:36:00,1129.0,1129.0,1128.0,1128.0,2883.0,1417673.0,1417453.0
2026-06-18 14:37:00,1128.0,1129.0,1127.0,1127.0,2468.0,1417453.0,1416916.0
2026-06-18 14:38:00,1127.0,1128.0,1127.0,1127.0,917.0,1416916.0,1416672.0
2026-06-18 14:39:00,1127.0,1128.0,1127.0,1128.0,732.0,1416672.0,1416606.0
2026-06-18 14:40:00,1128.0,1128.0,1127.0,1128.0,1123.0,1416606.0,1416613.0
2026-06-18 14:41:00,1128.0,1128.0,1127.0,1127.0,791.0,1416613.0,1416711.0
2026-06-18 14:42:00,1127.0,1128.0,1127.0,1128.0,1106.0,1416711.0,1416472.0
2026-06-18 14:43:00,1128.0,1129.0,1127.0,1129.0,3056.0,1416472.0,1416069.0
2026-06-18 14:44:00,1129.0,1129.0,1128.0,1128.0,2992.0,1416069.0,1415742.0
2026-06-18 14:45:00,1128.0,1129.0,1128.0,1128.0,1370.0,1415742.0,1414979.0
2026-06-18 14:46:00,1128.0,1129.0,1128.0,1128.0,2465.0,1414979.0,1414776.0
2026-06-18 14:47:00,1128.0,1128.0,1127.0,1128.0,1037.0,1414776.0,1414757.0
2026-06-18 14:48:00,1128.0,1128.0,1127.0,1128.0,1034.0,1414757.0,1414868.0
2026-06-18 14:49:00,1128.0,1129.0,1127.0,1128.0,3663.0,1414868.0,1414298.0
2026-06-18 14:50:00,1128.0,1129.0,1127.0,1128.0,2797.0,1414298.0,1413947.0
2026-06-18 14:51:00,1128.0,1129.0,1127.0,1128.0,2594.0,1413947.0,1413617.0
2026-06-18 14:52:00,1128.0,1128.0,1127.0,1128.0,1850.0,1413617.0,1413059.0
2026-06-18 14:53:00,1128.0,1129.0,1127.0,1128.0,3940.0,1413059.0,1412822.0
2026-06-18 14:54:00,1128.0,1129.0,1127.0,1129.0,2519.0,1412822.0,1411993.0
2026-06-18 14:55:00,1129.0,1129.0,1127.0,1128.0,3970.0,1411993.0,1411133.0
2026-06-18 14:56:00,1128.0,1129.0,1127.0,1128.0,5395.0,1411133.0,1410091.0
2026-06-18 14:57:00,1128.0,1129.0,1128.0,1128.0,5747.0,1410091.0,1408742.0
2026-06-18 14:58:00,1128.0,1129.0,1128.0,1128.0,3475.0,1408742.0,1407068.0
2026-06-18 14:59:00,1128.0,1129.0,1127.0,1127.0,10176.0,1407068.0,1403465.0
2026-06-22 09:00:00,1126.0,1135.0,1126.0,1130.0,34173.0,1403465.0,1405035.0
2026-06-22 09:01:00,1130.0,1131.0,1129.0,1130.0,8451.0,1405035.0,1406381.0
2026-06-22 09:02:00,1130.0,1131.0,1128.0,1130.0,9849.0,1406381.0,1408346.0
2026-06-22 09:03:00,1130.0,1131.0,1127.0,1127.0,8330.0,1408346.0,1411687.0
2026-06-22 09:04:00,1127.0,1128.0,1125.0,1125.0,8810.0,1411687.0,1413397.0
2026-06-22 09:05:00,1125.0,1127.0,1123.0,1125.0,14006.0,1413397.0,1417640.0
2026-06-22 09:06:00,1125.0,1128.0,1125.0,1127.0,6431.0,1417640.0,1418151.0
2026-06-22 09:07:00,1127.0,1128.0,1126.0,1126.0,4233.0,1418151.0,1419940.0
2026-06-22 09:08:00,1126.0,1127.0,1124.0,1124.0,7496.0,1419940.0,1421754.0
2026-06-22 09:09:00,1124.0,1126.0,1124.0,1126.0,3976.0,1421754.0,1423102.0
2026-06-22 09:10:00,1126.0,1126.0,1124.0,1124.0,2744.0,1423102.0,1424091.0
2026-06-22 09:11:00,1124.0,1125.0,1123.0,1124.0,5015.0,1424091.0,1423099.0
2026-06-22 09:12:00,1124.0,1125.0,1124.0,1125.0,1323.0,1423099.0,1423212.0
2026-06-22 09:13:00,1125.0,1125.0,1124.0,1125.0,4301.0,1423212.0,1424555.0
2026-06-22 09:14:00,1125.0,1126.0,1124.0,1126.0,3246.0,1424555.0,1425706.0
2026-06-22 09:15:00,1126.0,1126.0,1124.0,1125.0,1962.0,1425706.0,1425811.0
2026-06-22 09:16:00,1125.0,1128.0,1125.0,1128.0,5315.0,1425811.0,1425768.0
2026-06-22 09:17:00,1128.0,1128.0,1125.0,1126.0,4527.0,1425768.0,1425656.0
2026-06-22 09:18:00,1126.0,1127.0,1125.0,1126.0,1645.0,1425656.0,1425840.0
2026-06-22 09:19:00,1126.0,1127.0,1125.0,1125.0,3181.0,1425840.0,1426035.0
2026-06-22 09:20:00,1125.0,1127.0,1125.0,1126.0,1653.0,1426035.0,1426423.0
2026-06-22 09:21:00,1126.0,1128.0,1126.0,1127.0,2292.0,1426423.0,1426812.0
2026-06-22 09:22:00,1127.0,1128.0,1127.0,1127.0,1180.0,1426812.0,1426958.0
2026-06-22 09:23:00,1127.0,1128.0,1127.0,1128.0,1171.0,1426958.0,1426868.0
2026-06-22 09:24:00,1128.0,1129.0,1127.0,1129.0,3969.0,1426868.0,1428042.0
2026-06-22 09:25:00,1129.0,1130.0,1127.0,1130.0,3879.0,1428042.0,1427474.0
2026-06-22 09:26:00,1130.0,1131.0,1128.0,1128.0,6782.0,1427474.0,1428046.0
2026-06-22 09:27:00,1128.0,1131.0,1128.0,1129.0,5386.0,1428046.0,1428768.0
2026-06-22 09:28:00,1129.0,1130.0,1128.0,1128.0,1857.0,1428768.0,1428991.0
2026-06-22 09:29:00,1128.0,1130.0,1128.0,1129.0,1504.0,1428991.0,1429149.0
2026-06-22 09:30:00,1129.0,1132.0,1129.0,1131.0,8863.0,1429149.0,1429128.0
2026-06-22 09:31:00,1131.0,1131.0,1129.0,1130.0,3529.0,1429128.0,1429556.0
2026-06-22 09:32:00,1130.0,1131.0,1130.0,1130.0,895.0,1429556.0,1429623.0
2026-06-22 09:33:00,1130.0,1131.0,1130.0,1130.0,734.0,1429623.0,1429510.0
2026-06-22 09:34:00,1130.0,1131.0,1130.0,1130.0,829.0,1429510.0,1429404.0
2026-06-22 09:35:00,1130.0,1131.0,1129.0,1129.0,3657.0,1429404.0,1429327.0
2026-06-22 09:36:00,1129.0,1131.0,1129.0,1130.0,1862.0,1429327.0,1429353.0
2026-06-22 09:37:00,1130.0,1131.0,1129.0,1129.0,1670.0,1429353.0,1429385.0
2026-06-22 09:38:00,1129.0,1130.0,1128.0,1129.0,2886.0,1429385.0,1429134.0
2026-06-22 09:39:00,1129.0,1130.0,1127.0,1129.0,4223.0,1429134.0,1429645.0
2026-06-22 09:40:00,1129.0,1129.0,1128.0,1129.0,1016.0,1429645.0,1429331.0
2026-06-22 09:41:00,1129.0,1130.0,1129.0,1129.0,514.0,1429331.0,1429426.0
2026-06-22 09:42:00,1129.0,1130.0,1128.0,1128.0,1610.0,1429426.0,1429159.0
2026-06-22 09:43:00,1128.0,1129.0,1128.0,1128.0,562.0,1429159.0,1429205.0
2026-06-22 09:44:00,1128.0,1130.0,1128.0,1129.0,795.0,1429205.0,1429179.0
2026-06-22 09:45:00,1129.0,1130.0,1129.0,1129.0,388.0,1429179.0,1429374.0
2026-06-22 09:46:00,1129.0,1130.0,1128.0,1129.0,1146.0,1429374.0,1429157.0
2026-06-22 09:47:00,1129.0,1130.0,1129.0,1130.0,360.0,1429157.0,1429192.0
2026-06-22 09:48:00,1130.0,1130.0,1128.0,1128.0,961.0,1429192.0,1429182.0
2026-06-22 09:49:00,1128.0,1129.0,1128.0,1128.0,246.0,1429182.0,1429186.0
2026-06-22 09:50:00,1128.0,1129.0,1127.0,1128.0,2455.0,1429186.0,1429183.0
2026-06-22 09:51:00,1128.0,1129.0,1128.0,1128.0,410.0,1429183.0,1429285.0
2026-06-22 09:52:00,1128.0,1129.0,1127.0,1128.0,2049.0,1429285.0,1429493.0
2026-06-22 09:53:00,1128.0,1129.0,1128.0,1128.0,250.0,1429493.0,1429551.0
2026-06-22 09:54:00,1128.0,1129.0,1127.0,1128.0,1389.0,1429551.0,1429483.0
2026-06-22 09:55:00,1128.0,1129.0,1128.0,1128.0,367.0,1429483.0,1429465.0
2026-06-22 09:56:00,1128.0,1129.0,1127.0,1127.0,690.0,1429465.0,1429614.0
2026-06-22 09:57:00,1127.0,1129.0,1127.0,1128.0,793.0,1429614.0,1429502.0
2026-06-22 09:58:00,1128.0,1129.0,1127.0,1128.0,1217.0,1429502.0,1429589.0
2026-06-22 09:59:00,1128.0,1129.0,1127.0,1128.0,606.0,1429589.0,1429685.0
2026-06-22 10:00:00,1128.0,1129.0,1127.0,1127.0,466.0,1429685.0,1429690.0
2026-06-22 10:01:00,1127.0,1128.0,1126.0,1127.0,3547.0,1429690.0,1430921.0
2026-06-22 10:02:00,1127.0,1128.0,1126.0,1126.0,750.0,1430921.0,1430963.0
2026-06-22 10:03:00,1126.0,1128.0,1126.0,1127.0,1244.0,1430963.0,1430882.0
2026-06-22 10:04:00,1127.0,1128.0,1126.0,1126.0,1203.0,1430882.0,1430909.0
2026-06-22 10:05:00,1126.0,1127.0,1126.0,1126.0,282.0,1430909.0,1430932.0
2026-06-22 10:06:00,1126.0,1128.0,1126.0,1127.0,1439.0,1430932.0,1431029.0
2026-06-22 10:07:00,1127.0,1128.0,1127.0,1127.0,492.0,1431029.0,1430973.0
2026-06-22 10:08:00,1127.0,1128.0,1127.0,1127.0,373.0,1430973.0,1430911.0
2026-06-22 10:09:00,1127.0,1128.0,1127.0,1127.0,206.0,1430911.0,1430884.0
2026-06-22 10:10:00,1127.0,1128.0,1127.0,1127.0,229.0,1430884.0,1430841.0
2026-06-22 10:11:00,1127.0,1128.0,1127.0,1128.0,773.0,1430841.0,1431063.0
2026-06-22 10:12:00,1128.0,1128.0,1127.0,1127.0,291.0,1431063.0,1431084.0
2026-06-22 10:13:00,1127.0,1128.0,1127.0,1127.0,290.0,1431084.0,1431151.0
2026-06-22 10:14:00,1127.0,1128.0,1127.0,1128.0,805.0,1431151.0,1430976.0
2026-06-22 10:30:00,1128.0,1128.0,1125.0,1126.0,5008.0,1430976.0,1432422.0
2026-06-22 10:31:00,1126.0,1127.0,1125.0,1127.0,2148.0,1432422.0,1433048.0
2026-06-22 10:32:00,1127.0,1127.0,1126.0,1126.0,534.0,1433048.0,1433138.0
2026-06-22 10:33:00,1126.0,1127.0,1126.0,1127.0,283.0,1433138.0,1433081.0
2026-06-22 10:34:00,1127.0,1127.0,1126.0,1127.0,256.0,1433081.0,1433095.0
2026-06-22 10:35:00,1127.0,1127.0,1126.0,1126.0,459.0,1433095.0,1432917.0
2026-06-22 10:36:00,1126.0,1127.0,1126.0,1127.0,321.0,1432917.0,1432939.0
2026-06-22 10:37:00,1127.0,1128.0,1126.0,1126.0,2507.0,1432939.0,1432327.0
2026-06-22 10:38:00,1126.0,1128.0,1126.0,1127.0,1567.0,1432327.0,1432301.0
2026-06-22 10:39:00,1127.0,1128.0,1126.0,1128.0,630.0,1432301.0,1432343.0
2026-06-22 10:40:00,1128.0,1128.0,1127.0,1128.0,266.0,1432343.0,1432181.0
2026-06-22 10:41:00,1128.0,1128.0,1127.0,1127.0,532.0,1432181.0,1432163.0
2026-06-22 10:42:00,1127.0,1128.0,1127.0,1127.0,313.0,1432163.0,1432195.0
2026-06-22 10:43:00,1127.0,1128.0,1127.0,1128.0,509.0,1432195.0,1432173.0
2026-06-22 10:44:00,1128.0,1128.0,1127.0,1128.0,253.0,1432173.0,1432108.0
2026-06-22 10:45:00,1128.0,1128.0,1126.0,1126.0,1543.0,1432108.0,1432302.0
2026-06-22 10:46:00,1126.0,1127.0,1126.0,1126.0,365.0,1432302.0,1432251.0
2026-06-22 10:47:00,1126.0,1127.0,1126.0,1127.0,450.0,1432251.0,1432313.0
2026-06-22 10:48:00,1127.0,1127.0,1125.0,1126.0,2858.0,1432313.0,1432790.0
2026-06-22 10:49:00,1126.0,1127.0,1125.0,1126.0,924.0,1432790.0,1432912.0
2026-06-22 10:50:00,1126.0,1127.0,1126.0,1127.0,559.0,1432912.0,1432986.0
2026-06-22 10:51:00,1127.0,1128.0,1126.0,1128.0,1950.0,1432986.0,1432761.0
2026-06-22 10:52:00,1128.0,1128.0,1126.0,1128.0,1224.0,1432761.0,1432230.0
2026-06-22 10:53:00,1128.0,1128.0,1127.0,1127.0,741.0,1432230.0,1431984.0
2026-06-22 10:54:00,1127.0,1128.0,1127.0,1128.0,614.0,1431984.0,1431905.0
2026-06-22 10:55:00,1128.0,1128.0,1126.0,1127.0,927.0,1431905.0,1431814.0
2026-06-22 10:56:00,1127.0,1127.0,1126.0,1126.0,243.0,1431814.0,1431809.0
2026-06-22 10:57:00,1126.0,1128.0,1126.0,1126.0,1471.0,1431809.0,1432122.0
2026-06-22 10:58:00,1126.0,1128.0,1126.0,1127.0,677.0,1432122.0,1431774.0
2026-06-22 10:59:00,1127.0,1128.0,1126.0,1127.0,487.0,1431774.0,1431716.0
2026-06-22 11:00:00,1127.0,1128.0,1127.0,1127.0,265.0,1431716.0,1431760.0
2026-06-22 11:01:00,1127.0,1129.0,1127.0,1127.0,2927.0,1431760.0,1431576.0
2026-06-22 11:02:00,1127.0,1128.0,1127.0,1128.0,1650.0,1431576.0,1430623.0
2026-06-22 11:03:00,1128.0,1128.0,1127.0,1127.0,449.0,1430623.0,1430442.0
2026-06-22 11:04:00,1127.0,1128.0,1127.0,1128.0,168.0,1430442.0,1430409.0
2026-06-22 11:05:00,1128.0,1128.0,1127.0,1128.0,222.0,1430409.0,1430424.0
2026-06-22 11:06:00,1128.0,1128.0,1126.0,1127.0,4490.0,1430424.0,1430432.0
2026-06-22 11:07:00,1127.0,1127.0,1126.0,1126.0,560.0,1430432.0,1430526.0
2026-06-22 11:08:00,1126.0,1127.0,1126.0,1126.0,459.0,1430526.0,1430523.0
2026-06-22 11:09:00,1126.0,1128.0,1126.0,1128.0,965.0,1430523.0,1430464.0
2026-06-22 11:10:00,1128.0,1128.0,1126.0,1127.0,642.0,1430464.0,1430359.0
2026-06-22 11:11:00,1127.0,1127.0,1126.0,1127.0,543.0,1430359.0,1430333.0
2026-06-22 11:12:00,1127.0,1127.0,1126.0,1126.0,157.0,1430333.0,1430444.0
2026-06-22 11:13:00,1126.0,1127.0,1126.0,1126.0,153.0,1430444.0,1430527.0
2026-06-22 11:14:00,1126.0,1127.0,1126.0,1127.0,228.0,1430527.0,1430562.0
2026-06-22 11:15:00,1127.0,1127.0,1126.0,1127.0,215.0,1430562.0,1430699.0
2026-06-22 11:16:00,1127.0,1127.0,1126.0,1126.0,149.0,1430699.0,1430737.0
2026-06-22 11:17:00,1126.0,1127.0,1126.0,1126.0,339.0,1430737.0,1430806.0
2026-06-22 11:18:00,1126.0,1127.0,1126.0,1127.0,418.0,1430806.0,1431040.0
2026-06-22 11:19:00,1127.0,1127.0,1126.0,1127.0,2715.0,1431040.0,1430371.0
2026-06-22 11:20:00,1127.0,1127.0,1126.0,1126.0,581.0,1430371.0,1430167.0
2026-06-22 11:21:00,1126.0,1127.0,1126.0,1127.0,533.0,1430167.0,1430131.0
2026-06-22 11:22:00,1127.0,1127.0,1125.0,1125.0,2991.0,1430131.0,1429086.0
2026-06-22 11:23:00,1125.0,1126.0,1125.0,1125.0,985.0,1429086.0,1429308.0
2026-06-22 11:24:00,1125.0,1127.0,1125.0,1125.0,1510.0,1429308.0,1429358.0
2026-06-22 11:25:00,1125.0,1127.0,1125.0,1127.0,2709.0,1429358.0,1430430.0
2026-06-22 11:26:00,1127.0,1127.0,1126.0,1127.0,268.0,1430430.0,1430514.0
2026-06-22 11:27:00,1127.0,1127.0,1125.0,1126.0,1210.0,1430514.0,1430166.0
2026-06-22 11:28:00,1126.0,1127.0,1126.0,1127.0,577.0,1430166.0,1429987.0
2026-06-22 11:29:00,1127.0,1127.0,1126.0,1127.0,1265.0,1429987.0,1429363.0
2026-06-22 13:30:00,1127.0,1129.0,1127.0,1129.0,3294.0,1429363.0,1430112.0
2026-06-22 13:31:00,1129.0,1130.0,1128.0,1130.0,3726.0,1430112.0,1428493.0
2026-06-22 13:32:00,1130.0,1130.0,1129.0,1129.0,1127.0,1428493.0,1428328.0
2026-06-22 13:33:00,1129.0,1130.0,1128.0,1128.0,1726.0,1428328.0,1427890.0
2026-06-22 13:34:00,1128.0,1129.0,1128.0,1128.0,458.0,1427890.0,1427999.0
2026-06-22 13:35:00,1128.0,1130.0,1128.0,1130.0,2469.0,1427999.0,1428305.0
2026-06-22 13:36:00,1130.0,1130.0,1128.0,1129.0,937.0,1428305.0,1428376.0
2026-06-22 13:37:00,1129.0,1130.0,1128.0,1129.0,947.0,1428376.0,1428420.0
2026-06-22 13:38:00,1129.0,1130.0,1128.0,1129.0,532.0,1428420.0,1428398.0
2026-06-22 13:39:00,1129.0,1130.0,1129.0,1129.0,1989.0,1428398.0,1428013.0
2026-06-22 13:40:00,1129.0,1130.0,1128.0,1129.0,1459.0,1428013.0,1427630.0
2026-06-22 13:41:00,1129.0,1132.0,1129.0,1131.0,8542.0,1427630.0,1426637.0
2026-06-22 13:42:00,1131.0,1132.0,1130.0,1131.0,1586.0,1426637.0,1426312.0
2026-06-22 13:43:00,1131.0,1131.0,1130.0,1130.0,1056.0,1426312.0,1426107.0
2026-06-22 13:44:00,1130.0,1131.0,1130.0,1131.0,1498.0,1426107.0,1426061.0
2026-06-22 13:45:00,1131.0,1131.0,1129.0,1130.0,3750.0,1426061.0,1427274.0
2026-06-22 13:46:00,1130.0,1130.0,1129.0,1129.0,331.0,1427274.0,1427391.0
2026-06-22 13:47:00,1129.0,1130.0,1128.0,1129.0,2131.0,1427391.0,1427142.0
2026-06-22 13:48:00,1129.0,1130.0,1129.0,1130.0,285.0,1427142.0,1427060.0
2026-06-22 13:49:00,1130.0,1130.0,1129.0,1129.0,190.0,1427060.0,1427146.0
2026-06-22 13:50:00,1129.0,1130.0,1129.0,1130.0,338.0,1427146.0,1427181.0
2026-06-22 13:51:00,1130.0,1130.0,1129.0,1129.0,301.0,1427181.0,1427205.0
2026-06-22 13:52:00,1129.0,1130.0,1129.0,1129.0,295.0,1427205.0,1427243.0
2026-06-22 13:53:00,1129.0,1131.0,1129.0,1130.0,2429.0,1427243.0,1427222.0
2026-06-22 13:54:00,1130.0,1131.0,1129.0,1130.0,1077.0,1427222.0,1427277.0
2026-06-22 13:55:00,1130.0,1131.0,1129.0,1129.0,788.0,1427277.0,1427378.0
2026-06-22 13:56:00,1129.0,1130.0,1129.0,1129.0,253.0,1427378.0,1427337.0
2026-06-22 13:57:00,1129.0,1130.0,1128.0,1128.0,2340.0,1427337.0,1427958.0
2026-06-22 13:58:00,1128.0,1129.0,1128.0,1128.0,384.0,1427958.0,1428136.0
2026-06-22 13:59:00,1128.0,1130.0,1128.0,1129.0,845.0,1428136.0,1428334.0
2026-06-22 14:00:00,1129.0,1130.0,1128.0,1128.0,830.0,1428334.0,1428517.0
2026-06-22 14:01:00,1128.0,1129.0,1128.0,1128.0,420.0,1428517.0,1428540.0
2026-06-22 14:02:00,1128.0,1128.0,1127.0,1127.0,2836.0,1428540.0,1429102.0
2026-06-22 14:03:00,1127.0,1128.0,1127.0,1128.0,333.0,1429102.0,1428955.0
2026-06-22 14:04:00,1128.0,1129.0,1127.0,1129.0,1463.0,1428955.0,1428990.0
2026-06-22 14:05:00,1129.0,1129.0,1127.0,1128.0,1081.0,1428990.0,1429105.0
2026-06-22 14:06:00,1128.0,1129.0,1127.0,1128.0,1355.0,1429105.0,1428923.0
2026-06-22 14:07:00,1128.0,1129.0,1127.0,1128.0,583.0,1428923.0,1429069.0
2026-06-22 14:08:00,1128.0,1129.0,1127.0,1128.0,1408.0,1429069.0,1429385.0
2026-06-22 14:09:00,1128.0,1129.0,1127.0,1128.0,988.0,1429385.0,1429571.0
2026-06-22 14:10:00,1128.0,1129.0,1127.0,1127.0,584.0,1429571.0,1429676.0
2026-06-22 14:11:00,1127.0,1129.0,1127.0,1129.0,737.0,1429676.0,1429681.0
2026-06-22 14:12:00,1129.0,1129.0,1127.0,1128.0,736.0,1429681.0,1429658.0
2026-06-22 14:13:00,1128.0,1128.0,1126.0,1127.0,2600.0,1429658.0,1430490.0
2026-06-22 14:14:00,1127.0,1128.0,1126.0,1127.0,1217.0,1430490.0,1430400.0
2026-06-22 14:15:00,1127.0,1128.0,1126.0,1128.0,662.0,1430400.0,1430415.0
2026-06-22 14:16:00,1128.0,1128.0,1126.0,1127.0,966.0,1430415.0,1430620.0
2026-06-22 14:17:00,1127.0,1128.0,1127.0,1128.0,275.0,1430620.0,1430744.0
2026-06-22 14:18:00,1128.0,1128.0,1126.0,1126.0,1652.0,1430744.0,1431353.0
2026-06-22 14:19:00,1126.0,1128.0,1126.0,1127.0,1206.0,1431353.0,1431021.0
2026-06-22 14:20:00,1127.0,1127.0,1126.0,1126.0,356.0,1431021.0,1431068.0
2026-06-22 14:21:00,1126.0,1127.0,1126.0,1126.0,442.0,1431068.0,1431067.0
2026-06-22 14:22:00,1126.0,1127.0,1126.0,1127.0,324.0,1431067.0,1431046.0
2026-06-22 14:23:00,1127.0,1127.0,1126.0,1126.0,483.0,1431046.0,1431034.0
2026-06-22 14:24:00,1126.0,1127.0,1126.0,1127.0,1832.0,1431034.0,1431226.0
2026-06-22 14:25:00,1127.0,1127.0,1125.0,1126.0,2632.0,1431226.0,1431753.0
2026-06-22 14:26:00,1126.0,1128.0,1126.0,1127.0,2521.0,1431753.0,1431772.0
2026-06-22 14:27:00,1127.0,1127.0,1126.0,1127.0,274.0,1431772.0,1431678.0
2026-06-22 14:28:00,1127.0,1127.0,1126.0,1126.0,452.0,1431678.0,1431639.0
2026-06-22 14:29:00,1126.0,1128.0,1126.0,1128.0,1026.0,1431639.0,1431440.0
2026-06-22 14:30:00,1128.0,1128.0,1127.0,1127.0,322.0,1431440.0,1431554.0
2026-06-22 14:31:00,1127.0,1128.0,1126.0,1127.0,1696.0,1431554.0,1431544.0
2026-06-22 14:32:00,1127.0,1128.0,1126.0,1127.0,1770.0,1431544.0,1431105.0
2026-06-22 14:33:00,1127.0,1128.0,1126.0,1127.0,823.0,1431105.0,1430996.0
2026-06-22 14:34:00,1127.0,1127.0,1126.0,1127.0,317.0,1430996.0,1430883.0
2026-06-22 14:35:00,1127.0,1127.0,1126.0,1126.0,189.0,1430883.0,1430822.0
2026-06-22 14:36:00,1126.0,1128.0,1126.0,1127.0,1582.0,1430822.0,1430497.0
2026-06-22 14:37:00,1127.0,1128.0,1126.0,1128.0,1586.0,1430497.0,1430670.0
2026-06-22 14:38:00,1128.0,1128.0,1127.0,1128.0,324.0,1430670.0,1430677.0
2026-06-22 14:39:00,1128.0,1128.0,1126.0,1127.0,1168.0,1430677.0,1430414.0
2026-06-22 14:40:00,1127.0,1127.0,1126.0,1126.0,325.0,1430414.0,1430283.0
2026-06-22 14:41:00,1126.0,1127.0,1126.0,1126.0,1090.0,1430283.0,1429775.0
2026-06-22 14:42:00,1126.0,1127.0,1126.0,1126.0,578.0,1429775.0,1429800.0
2026-06-22 14:43:00,1126.0,1128.0,1126.0,1127.0,2633.0,1429800.0,1428965.0
2026-06-22 14:44:00,1127.0,1127.0,1126.0,1127.0,466.0,1428965.0,1428895.0
2026-06-22 14:45:00,1127.0,1127.0,1126.0,1127.0,395.0,1428895.0,1428912.0
2026-06-22 14:46:00,1127.0,1127.0,1126.0,1127.0,648.0,1428912.0,1429095.0
2026-06-22 14:47:00,1127.0,1127.0,1126.0,1126.0,378.0,1429095.0,1429047.0
2026-06-22 14:48:00,1126.0,1127.0,1125.0,1126.0,2253.0,1429047.0,1429734.0
2026-06-22 14:49:00,1126.0,1126.0,1125.0,1126.0,2031.0,1429734.0,1429788.0
2026-06-22 14:50:00,1126.0,1126.0,1125.0,1125.0,990.0,1429788.0,1429960.0
2026-06-22 14:51:00,1125.0,1127.0,1125.0,1126.0,1354.0,1429960.0,1430158.0
2026-06-22 14:52:00,1126.0,1128.0,1126.0,1127.0,2544.0,1430158.0,1428755.0
2026-06-22 14:53:00,1127.0,1128.0,1126.0,1126.0,1279.0,1428755.0,1428514.0
2026-06-22 14:54:00,1126.0,1127.0,1126.0,1126.0,622.0,1428514.0,1428496.0
2026-06-22 14:55:00,1126.0,1128.0,1126.0,1128.0,1624.0,1428496.0,1428218.0
2026-06-22 14:56:00,1128.0,1128.0,1127.0,1127.0,873.0,1428218.0,1428058.0
2026-06-22 14:57:00,1127.0,1128.0,1127.0,1127.0,2827.0,1428058.0,1428115.0
2026-06-22 14:58:00,1127.0,1129.0,1127.0,1127.0,4138.0,1428115.0,1427656.0
2026-06-22 14:59:00,1127.0,1128.0,1127.0,1128.0,4549.0,1427656.0,1426618.0
2026-06-22 21:00:00,1129.0,1129.0,1126.0,1127.0,10324.0,1426618.0,1426121.0
2026-06-22 21:01:00,1127.0,1127.0,1123.0,1125.0,13380.0,1426121.0,1428969.0
2026-06-22 21:02:00,1125.0,1126.0,1123.0,1125.0,7591.0,1428969.0,1431197.0
2026-06-22 21:03:00,1125.0,1126.0,1124.0,1125.0,6225.0,1431197.0,1431911.0
2026-06-22 21:04:00,1125.0,1126.0,1124.0,1125.0,4556.0,1431911.0,1431118.0
2026-06-22 21:05:00,1125.0,1125.0,1123.0,1124.0,4769.0,1431118.0,1432528.0
2026-06-22 21:06:00,1124.0,1125.0,1123.0,1124.0,4516.0,1432528.0,1435010.0
2026-06-22 21:07:00,1124.0,1125.0,1124.0,1124.0,1420.0,1435010.0,1434879.0
2026-06-22 21:08:00,1124.0,1125.0,1123.0,1123.0,4271.0,1434879.0,1435261.0
2026-06-22 21:09:00,1123.0,1124.0,1121.0,1123.0,17069.0,1435261.0,1435844.0
2026-06-22 21:10:00,1123.0,1123.0,1122.0,1122.0,3034.0,1435844.0,1436609.0
2026-06-22 21:11:00,1122.0,1123.0,1121.0,1123.0,6755.0,1436609.0,1438266.0
2026-06-22 21:12:00,1123.0,1124.0,1123.0,1124.0,1763.0,1438266.0,1437977.0
2026-06-22 21:13:00,1124.0,1124.0,1122.0,1123.0,3086.0,1437977.0,1438565.0
2026-06-22 21:14:00,1123.0,1124.0,1122.0,1123.0,2156.0,1438565.0,1438679.0
2026-06-22 21:15:00,1123.0,1124.0,1122.0,1123.0,1684.0,1438679.0,1438838.0
2026-06-22 21:16:00,1123.0,1123.0,1121.0,1121.0,4332.0,1438838.0,1439102.0
2026-06-22 21:17:00,1121.0,1123.0,1121.0,1121.0,3505.0,1439102.0,1440351.0
2026-06-22 21:18:00,1121.0,1122.0,1120.0,1121.0,8119.0,1440351.0,1441875.0
2026-06-22 21:19:00,1121.0,1122.0,1120.0,1121.0,7355.0,1441875.0,1443165.0
2026-06-22 21:20:00,1121.0,1122.0,1120.0,1121.0,3169.0,1443165.0,1443605.0
2026-06-22 21:21:00,1121.0,1122.0,1121.0,1121.0,1999.0,1443605.0,1443742.0
2026-06-22 21:22:00,1121.0,1122.0,1121.0,1122.0,918.0,1443742.0,1443958.0
2026-06-22 21:23:00,1122.0,1122.0,1119.0,1121.0,11859.0,1443958.0,1449139.0
2026-06-22 21:24:00,1121.0,1121.0,1120.0,1120.0,2867.0,1449139.0,1449272.0
2026-06-22 21:25:00,1120.0,1121.0,1120.0,1121.0,1423.0,1449272.0,1449139.0
2026-06-22 21:26:00,1121.0,1121.0,1120.0,1121.0,1302.0,1449139.0,1449011.0
2026-06-22 21:27:00,1121.0,1121.0,1120.0,1121.0,3873.0,1449011.0,1448989.0
2026-06-22 21:28:00,1121.0,1121.0,1120.0,1120.0,1171.0,1448989.0,1448976.0
2026-06-22 21:29:00,1120.0,1121.0,1120.0,1121.0,748.0,1448976.0,1449007.0
2026-06-22 21:30:00,1121.0,1121.0,1120.0,1120.0,754.0,1449007.0,1448855.0
2026-06-22 21:31:00,1120.0,1121.0,1120.0,1120.0,894.0,1448855.0,1448720.0
2026-06-22 21:32:00,1120.0,1121.0,1120.0,1121.0,305.0,1448720.0,1448728.0
2026-06-22 21:33:00,1121.0,1121.0,1120.0,1120.0,406.0,1448728.0,1448607.0
2026-06-22 21:34:00,1120.0,1121.0,1120.0,1121.0,726.0,1448607.0,1448213.0
2026-06-22 21:35:00,1121.0,1122.0,1120.0,1121.0,4133.0,1448213.0,1449589.0
2026-06-22 21:36:00,1121.0,1122.0,1121.0,1121.0,958.0,1449589.0,1449679.0
2026-06-22 21:37:00,1121.0,1122.0,1120.0,1120.0,1157.0,1449679.0,1449227.0
2026-06-22 21:38:00,1120.0,1121.0,1120.0,1121.0,464.0,1449227.0,1449196.0
2026-06-22 21:39:00,1121.0,1122.0,1120.0,1122.0,3256.0,1449196.0,1448580.0
2026-06-22 21:40:00,1122.0,1122.0,1121.0,1121.0,982.0,1448580.0,1448418.0
2026-06-22 21:41:00,1121.0,1122.0,1121.0,1122.0,1939.0,1448418.0,1448196.0
2026-06-22 21:42:00,1122.0,1122.0,1121.0,1121.0,1617.0,1448196.0,1448522.0
2026-06-22 21:43:00,1121.0,1122.0,1120.0,1120.0,1861.0,1448522.0,1448859.0
2026-06-22 21:44:00,1120.0,1121.0,1120.0,1121.0,668.0,1448859.0,1449092.0
2026-06-22 21:45:00,1121.0,1121.0,1120.0,1120.0,469.0,1449092.0,1449303.0
2026-06-22 21:46:00,1120.0,1121.0,1120.0,1120.0,565.0,1449303.0,1449332.0
2026-06-22 21:47:00,1120.0,1121.0,1120.0,1121.0,477.0,1449332.0,1449444.0
2026-06-22 21:48:00,1121.0,1121.0,1120.0,1120.0,562.0,1449444.0,1449418.0
2026-06-22 21:49:00,1120.0,1121.0,1120.0,1120.0,5286.0,1449418.0,1450381.0
2026-06-22 21:50:00,1120.0,1120.0,1118.0,1118.0,7527.0,1450381.0,1451891.0
2026-06-22 21:51:00,1118.0,1120.0,1118.0,1119.0,6139.0,1451891.0,1452362.0
2026-06-22 21:52:00,1119.0,1120.0,1118.0,1119.0,2058.0,1452362.0,1452531.0
2026-06-22 21:53:00,1119.0,1120.0,1118.0,1119.0,2543.0,1452531.0,1453072.0
2026-06-22 21:54:00,1119.0,1120.0,1118.0,1119.0,2322.0,1453072.0,1453320.0
2026-06-22 21:55:00,1119.0,1120.0,1119.0,1120.0,595.0,1453320.0,1453177.0
2026-06-22 21:56:00,1120.0,1120.0,1119.0,1119.0,823.0,1453177.0,1453375.0
2026-06-22 21:57:00,1119.0,1120.0,1119.0,1119.0,613.0,1453375.0,1453403.0
2026-06-22 21:58:00,1119.0,1120.0,1119.0,1119.0,462.0,1453403.0,1453534.0
2026-06-22 21:59:00,1119.0,1120.0,1119.0,1120.0,603.0,1453534.0,1453811.0
2026-06-22 22:00:00,1120.0,1120.0,1119.0,1119.0,485.0,1453811.0,1453943.0
2026-06-22 22:01:00,1119.0,1120.0,1119.0,1119.0,774.0,1453943.0,1454014.0
2026-06-22 22:02:00,1119.0,1120.0,1119.0,1120.0,2092.0,1454014.0,1454848.0
2026-06-22 22:03:00,1120.0,1120.0,1119.0,1120.0,389.0,1454848.0,1454887.0
2026-06-22 22:04:00,1120.0,1122.0,1119.0,1122.0,5906.0,1454887.0,1454645.0
2026-06-22 22:05:00,1122.0,1122.0,1120.0,1120.0,960.0,1454645.0,1454289.0
2026-06-22 22:06:00,1120.0,1121.0,1120.0,1120.0,525.0,1454289.0,1454264.0
2026-06-22 22:07:00,1120.0,1121.0,1120.0,1121.0,809.0,1454264.0,1453948.0
2026-06-22 22:08:00,1121.0,1121.0,1120.0,1120.0,455.0,1453948.0,1453665.0
2026-06-22 22:09:00,1120.0,1121.0,1120.0,1121.0,193.0,1453665.0,1453588.0
2026-06-22 22:10:00,1121.0,1121.0,1120.0,1121.0,264.0,1453588.0,1453389.0
2026-06-22 22:11:00,1121.0,1121.0,1120.0,1121.0,207.0,1453389.0,1453319.0
2026-06-22 22:12:00,1121.0,1121.0,1120.0,1121.0,494.0,1453319.0,1453215.0
2026-06-22 22:13:00,1121.0,1122.0,1120.0,1121.0,2486.0,1453215.0,1453708.0
2026-06-22 22:14:00,1121.0,1122.0,1121.0,1121.0,768.0,1453708.0,1453974.0
2026-06-22 22:15:00,1121.0,1122.0,1121.0,1122.0,833.0,1453974.0,1454264.0
2026-06-22 22:16:00,1122.0,1122.0,1121.0,1122.0,343.0,1454264.0,1454269.0
2026-06-22 22:17:00,1122.0,1122.0,1121.0,1121.0,369.0,1454269.0,1454208.0
2026-06-22 22:18:00,1121.0,1122.0,1121.0,1122.0,447.0,1454208.0,1454182.0
2026-06-22 22:19:00,1122.0,1122.0,1120.0,1121.0,2576.0,1454182.0,1453353.0
2026-06-22 22:20:00,1121.0,1122.0,1121.0,1121.0,740.0,1453353.0,1453197.0
2026-06-22 22:21:00,1121.0,1122.0,1121.0,1121.0,287.0,1453197.0,1453135.0
2026-06-22 22:22:00,1121.0,1122.0,1121.0,1122.0,280.0,1453135.0,1453094.0
2026-06-22 22:23:00,1122.0,1125.0,1121.0,1125.0,11896.0,1453094.0,1448569.0
2026-06-22 22:24:00,1125.0,1125.0,1123.0,1124.0,3274.0,1448569.0,1447308.0
2026-06-22 22:25:00,1124.0,1125.0,1123.0,1124.0,1863.0,1447308.0,1447249.0
2026-06-22 22:26:00,1124.0,1125.0,1123.0,1124.0,1236.0,1447249.0,1446528.0
2026-06-22 22:27:00,1124.0,1124.0,1123.0,1123.0,324.0,1446528.0,1446360.0
2026-06-22 22:28:00,1123.0,1124.0,1123.0,1124.0,432.0,1446360.0,1446254.0
2026-06-22 22:29:00,1124.0,1124.0,1123.0,1123.0,266.0,1446254.0,1446282.0
2026-06-22 22:30:00,1123.0,1124.0,1123.0,1123.0,424.0,1446282.0,1446374.0
2026-06-22 22:31:00,1123.0,1124.0,1122.0,1122.0,1674.0,1446374.0,1446832.0
2026-06-22 22:32:00,1122.0,1123.0,1122.0,1122.0,1100.0,1446832.0,1446922.0
2026-06-22 22:33:00,1122.0,1123.0,1122.0,1122.0,94.0,1446922.0,1446932.0
2026-06-22 22:34:00,1122.0,1123.0,1122.0,1123.0,127.0,1446932.0,1446913.0
2026-06-22 22:35:00,1123.0,1123.0,1122.0,1122.0,482.0,1446913.0,1446915.0
2026-06-22 22:36:00,1122.0,1123.0,1122.0,1123.0,236.0,1446915.0,1446900.0
2026-06-22 22:37:00,1123.0,1123.0,1122.0,1122.0,383.0,1446900.0,1446797.0
2026-06-22 22:38:00,1122.0,1123.0,1122.0,1123.0,227.0,1446797.0,1446639.0
2026-06-22 22:39:00,1123.0,1123.0,1122.0,1123.0,174.0,1446639.0,1446646.0
2026-06-22 22:40:00,1123.0,1123.0,1122.0,1123.0,125.0,1446646.0,1446617.0
2026-06-22 22:41:00,1123.0,1123.0,1122.0,1123.0,250.0,1446617.0,1446557.0
2026-06-22 22:42:00,1123.0,1124.0,1122.0,1122.0,3439.0,1446557.0,1445562.0
2026-06-22 22:43:00,1122.0,1124.0,1122.0,1123.0,690.0,1445562.0,1445540.0
2026-06-22 22:44:00,1123.0,1124.0,1122.0,1123.0,637.0,1445540.0,1445441.0
2026-06-22 22:45:00,1123.0,1124.0,1122.0,1123.0,789.0,1445441.0,1445157.0
2026-06-22 22:46:00,1123.0,1123.0,1122.0,1122.0,548.0,1445157.0,1445031.0
2026-06-22 22:47:00,1122.0,1123.0,1122.0,1123.0,402.0,1445031.0,1444915.0
2026-06-22 22:48:00,1123.0,1123.0,1122.0,1123.0,259.0,1444915.0,1444859.0
2026-06-22 22:49:00,1123.0,1123.0,1122.0,1122.0,158.0,1444859.0,1444790.0
2026-06-22 22:50:00,1122.0,1124.0,1122.0,1123.0,2150.0,1444790.0,1444519.0
2026-06-22 22:51:00,1123.0,1123.0,1122.0,1123.0,339.0,1444519.0,1444492.0
2026-06-22 22:52:00,1123.0,1123.0,1121.0,1121.0,2165.0,1444492.0,1444066.0
2026-06-22 22:53:00,1121.0,1123.0,1121.0,1123.0,1073.0,1444066.0,1443880.0
2026-06-22 22:54:00,1123.0,1123.0,1121.0,1122.0,1929.0,1443880.0,1442871.0
2026-06-22 22:55:00,1122.0,1123.0,1122.0,1122.0,398.0,1442871.0,1442711.0
2026-06-22 22:56:00,1122.0,1123.0,1122.0,1122.0,308.0,1442711.0,1442586.0
2026-06-22 22:57:00,1122.0,1123.0,1122.0,1123.0,390.0,1442586.0,1442315.0
2026-06-22 22:58:00,1123.0,1123.0,1121.0,1122.0,2132.0,1442315.0,1441552.0
2026-06-22 22:59:00,1122.0,1122.0,1121.0,1122.0,1812.0,1441552.0,1440839.0
2026-06-23 09:00:00,1122.0,1124.0,1121.0,1123.0,5396.0,1440839.0,1440610.0
2026-06-23 09:01:00,1123.0,1125.0,1123.0,1124.0,5747.0,1440610.0,1439978.0
2026-06-23 09:02:00,1124.0,1126.0,1123.0,1126.0,6716.0,1439978.0,1437950.0
2026-06-23 09:03:00,1126.0,1126.0,1124.0,1124.0,3669.0,1437950.0,1437246.0
2026-06-23 09:04:00,1124.0,1126.0,1124.0,1125.0,3025.0,1437246.0,1436824.0
2026-06-23 09:05:00,1125.0,1126.0,1123.0,1125.0,6489.0,1436824.0,1436343.0
2026-06-23 09:06:00,1125.0,1127.0,1124.0,1127.0,6379.0,1436343.0,1434539.0
2026-06-23 09:07:00,1127.0,1128.0,1126.0,1127.0,4731.0,1434539.0,1433457.0
2026-06-23 09:08:00,1127.0,1129.0,1127.0,1127.0,8855.0,1433457.0,1430915.0
2026-06-23 09:09:00,1127.0,1128.0,1127.0,1127.0,1786.0,1430915.0,1431011.0
2026-06-23 09:10:00,1127.0,1128.0,1127.0,1127.0,3348.0,1431011.0,1429840.0
2026-06-23 09:11:00,1127.0,1129.0,1127.0,1129.0,5625.0,1429840.0,1428158.0
2026-06-23 09:12:00,1129.0,1129.0,1127.0,1127.0,3209.0,1428158.0,1428291.0
2026-06-23 09:13:00,1127.0,1129.0,1127.0,1129.0,3440.0,1428291.0,1428104.0
2026-06-23 09:14:00,1129.0,1129.0,1128.0,1129.0,2082.0,1428104.0,1427989.0
2026-06-23 09:15:00,1129.0,1130.0,1128.0,1129.0,8048.0,1427989.0,1428284.0
2026-06-23 09:16:00,1129.0,1129.0,1128.0,1129.0,1127.0,1428284.0,1428207.0
2026-06-23 09:17:00,1129.0,1130.0,1128.0,1129.0,2603.0,1428207.0,1429016.0
2026-06-23 09:18:00,1129.0,1130.0,1128.0,1129.0,2620.0,1429016.0,1428647.0
2026-06-23 09:19:00,1129.0,1130.0,1128.0,1128.0,5910.0,1428647.0,1427677.0
2026-06-23 09:20:00,1128.0,1129.0,1128.0,1128.0,1850.0,1427677.0,1426965.0
2026-06-23 09:21:00,1128.0,1130.0,1128.0,1130.0,1070.0,1426965.0,1426666.0
2026-06-23 09:22:00,1130.0,1132.0,1129.0,1132.0,9285.0,1426666.0,1426390.0
2026-06-23 09:23:00,1132.0,1133.0,1131.0,1132.0,8534.0,1426390.0,1424442.0
2026-06-23 09:24:00,1132.0,1133.0,1131.0,1132.0,7666.0,1424442.0,1423257.0
2026-06-23 09:25:00,1132.0,1133.0,1131.0,1133.0,4037.0,1423257.0,1424364.0
2026-06-23 09:26:00,1133.0,1134.0,1132.0,1132.0,6129.0,1424364.0,1424401.0
2026-06-23 09:27:00,1132.0,1133.0,1132.0,1132.0,1960.0,1424401.0,1424492.0
2026-06-23 09:28:00,1132.0,1133.0,1131.0,1131.0,5669.0,1424492.0,1422758.0
2026-06-23 09:29:00,1131.0,1132.0,1131.0,1132.0,1325.0,1422758.0,1422586.0
2026-06-23 09:30:00,1132.0,1132.0,1130.0,1130.0,6319.0,1422586.0,1421370.0
2026-06-23 09:31:00,1130.0,1132.0,1130.0,1131.0,1696.0,1421370.0,1421088.0
2026-06-23 09:32:00,1131.0,1132.0,1130.0,1131.0,3224.0,1421088.0,1419985.0
2026-06-23 09:33:00,1131.0,1132.0,1131.0,1131.0,1973.0,1419985.0,1420359.0
2026-06-23 09:34:00,1131.0,1132.0,1131.0,1131.0,648.0,1420359.0,1420266.0
2026-06-23 09:35:00,1131.0,1132.0,1131.0,1131.0,460.0,1420266.0,1420241.0
2026-06-23 09:36:00,1131.0,1132.0,1131.0,1131.0,588.0,1420241.0,1420051.0
2026-06-23 09:37:00,1131.0,1132.0,1131.0,1131.0,1392.0,1420051.0,1419441.0
2026-06-23 09:38:00,1131.0,1132.0,1131.0,1131.0,651.0,1419441.0,1419071.0
2026-06-23 09:39:00,1131.0,1132.0,1130.0,1130.0,2467.0,1419071.0,1417766.0
2026-06-23 09:40:00,1130.0,1131.0,1130.0,1130.0,3113.0,1417766.0,1417565.0
2026-06-23 09:41:00,1130.0,1131.0,1130.0,1131.0,569.0,1417565.0,1417488.0
2026-06-23 09:42:00,1131.0,1131.0,1129.0,1129.0,4318.0,1417488.0,1417694.0
2026-06-23 09:43:00,1129.0,1131.0,1129.0,1130.0,3961.0,1417694.0,1417406.0
2026-06-23 09:44:00,1130.0,1131.0,1130.0,1130.0,598.0,1417406.0,1417280.0
2026-06-23 09:45:00,1130.0,1131.0,1129.0,1130.0,2289.0,1417280.0,1416244.0
2026-06-23 09:46:00,1130.0,1131.0,1129.0,1129.0,1083.0,1416244.0,1415697.0
2026-06-23 09:47:00,1129.0,1131.0,1129.0,1130.0,1790.0,1415697.0,1415577.0
2026-06-23 09:48:00,1130.0,1132.0,1130.0,1132.0,3521.0,1415577.0,1415477.0
2026-06-23 09:49:00,1132.0,1132.0,1130.0,1131.0,1586.0,1415477.0,1415410.0
2026-06-23 09:50:00,1131.0,1132.0,1130.0,1131.0,1593.0,1415410.0,1415582.0
2026-06-23 09:51:00,1131.0,1132.0,1130.0,1131.0,744.0,1415582.0,1415500.0
2026-06-23 09:52:00,1131.0,1132.0,1131.0,1132.0,288.0,1415500.0,1415427.0
2026-06-23 09:53:00,1132.0,1132.0,1131.0,1132.0,520.0,1415427.0,1415330.0
2026-06-23 09:54:00,1132.0,1132.0,1131.0,1131.0,2710.0,1415330.0,1415362.0
2026-06-23 09:55:00,1131.0,1132.0,1130.0,1131.0,1871.0,1415362.0,1415642.0
2026-06-23 09:56:00,1131.0,1133.0,1131.0,1132.0,5605.0,1415642.0,1416596.0
2026-06-23 09:57:00,1132.0,1133.0,1131.0,1132.0,1671.0,1416596.0,1416469.0
2026-06-23 09:58:00,1132.0,1132.0,1131.0,1132.0,782.0,1416469.0,1416030.0
2026-06-23 09:59:00,1132.0,1132.0,1131.0,1132.0,1028.0,1416030.0,1415656.0
2026-06-23 10:00:00,1132.0,1133.0,1131.0,1131.0,3653.0,1415656.0,1415686.0
2026-06-23 10:01:00,1131.0,1132.0,1131.0,1132.0,961.0,1415686.0,1415806.0
2026-06-23 10:02:00,1132.0,1135.0,1131.0,1133.0,13802.0,1415806.0,1409444.0
2026-06-23 10:03:00,1133.0,1134.0,1132.0,1132.0,5829.0,1409444.0,1408469.0
2026-06-23 10:04:00,1132.0,1133.0,1131.0,1131.0,3251.0,1408469.0,1407923.0
2026-06-23 10:05:00,1131.0,1133.0,1131.0,1132.0,1046.0,1407923.0,1407814.0
2026-06-23 10:06:00,1132.0,1133.0,1131.0,1132.0,1493.0,1407814.0,1407798.0
2026-06-23 10:07:00,1132.0,1133.0,1131.0,1131.0,1978.0,1407798.0,1408316.0
2026-06-23 10:08:00,1131.0,1132.0,1131.0,1131.0,812.0,1408316.0,1408142.0
2026-06-23 10:09:00,1131.0,1132.0,1131.0,1132.0,293.0,1408142.0,1408178.0
2026-06-23 10:10:00,1132.0,1132.0,1131.0,1131.0,757.0,1408178.0,1408059.0
2026-06-23 10:11:00,1131.0,1132.0,1131.0,1132.0,232.0,1408059.0,1407957.0
2026-06-23 10:12:00,1132.0,1133.0,1131.0,1131.0,2569.0,1407957.0,1407780.0
2026-06-23 10:13:00,1131.0,1133.0,1131.0,1132.0,1384.0,1407780.0,1408188.0
2026-06-23 10:14:00,1132.0,1132.0,1131.0,1132.0,907.0,1408188.0,1408515.0
2026-06-23 10:30:00,1132.0,1132.0,1130.0,1131.0,4252.0,1408515.0,1407689.0
2026-06-23 10:31:00,1131.0,1132.0,1131.0,1131.0,666.0,1407689.0,1407501.0
2026-06-23 10:32:00,1131.0,1132.0,1131.0,1132.0,636.0,1407501.0,1407148.0
2026-06-23 10:33:00,1132.0,1132.0,1131.0,1132.0,392.0,1407148.0,1407108.0
2026-06-23 10:34:00,1132.0,1132.0,1131.0,1131.0,992.0,1407108.0,1407122.0
2026-06-23 10:35:00,1131.0,1133.0,1131.0,1131.0,3557.0,1407122.0,1407322.0
2026-06-23 10:36:00,1131.0,1132.0,1131.0,1132.0,357.0,1407322.0,1407121.0
2026-06-23 10:37:00,1132.0,1132.0,1131.0,1131.0,742.0,1407121.0,1406815.0
2026-06-23 10:38:00,1131.0,1132.0,1130.0,1130.0,3207.0,1406815.0,1405991.0
2026-06-23 10:39:00,1130.0,1132.0,1130.0,1131.0,2339.0,1405991.0,1405470.0
2026-06-23 10:40:00,1131.0,1131.0,1130.0,1131.0,554.0,1405470.0,1405416.0
2026-06-23 10:41:00,1131.0,1133.0,1130.0,1133.0,3465.0,1405416.0,1405110.0
2026-06-23 10:42:00,1133.0,1133.0,1131.0,1131.0,1641.0,1405110.0,1404957.0
2026-06-23 10:43:00,1131.0,1132.0,1131.0,1131.0,242.0,1404957.0,1404823.0
2026-06-23 10:44:00,1131.0,1132.0,1131.0,1132.0,300.0,1404823.0,1404923.0
2026-06-23 10:45:00,1132.0,1132.0,1131.0,1132.0,240.0,1404923.0,1404975.0
2026-06-23 10:46:00,1132.0,1132.0,1131.0,1131.0,608.0,1404975.0,1404800.0
2026-06-23 10:47:00,1131.0,1132.0,1131.0,1132.0,401.0,1404800.0,1404708.0
2026-06-23 10:48:00,1132.0,1132.0,1131.0,1131.0,327.0,1404708.0,1404640.0
2026-06-23 10:49:00,1131.0,1132.0,1131.0,1132.0,339.0,1404640.0,1404486.0
2026-06-23 10:50:00,1132.0,1132.0,1131.0,1131.0,283.0,1404486.0,1404429.0
2026-06-23 10:51:00,1131.0,1132.0,1130.0,1130.0,2604.0,1404429.0,1404334.0
2026-06-23 10:52:00,1130.0,1131.0,1130.0,1130.0,758.0,1404334.0,1404456.0
2026-06-23 10:53:00,1130.0,1131.0,1130.0,1131.0,340.0,1404456.0,1404381.0
2026-06-23 10:54:00,1131.0,1131.0,1130.0,1130.0,339.0,1404381.0,1404361.0
2026-06-23 10:55:00,1130.0,1131.0,1130.0,1130.0,723.0,1404361.0,1404392.0
2026-06-23 10:56:00,1130.0,1131.0,1130.0,1130.0,731.0,1404392.0,1404341.0
2026-06-23 10:57:00,1130.0,1131.0,1130.0,1131.0,439.0,1404341.0,1404336.0
2026-06-23 10:58:00,1131.0,1131.0,1129.0,1129.0,4107.0,1404336.0,1403309.0
2026-06-23 10:59:00,1129.0,1130.0,1129.0,1129.0,616.0,1403309.0,1403130.0
2026-06-23 11:00:00,1129.0,1130.0,1129.0,1129.0,515.0,1403130.0,1403008.0
2026-06-23 11:01:00,1129.0,1130.0,1129.0,1130.0,2048.0,1403008.0,1402846.0
2026-06-23 11:02:00,1130.0,1130.0,1129.0,1129.0,759.0,1402846.0,1402957.0
2026-06-23 11:03:00,1129.0,1130.0,1129.0,1130.0,301.0,1402957.0,1402968.0
2026-06-23 11:04:00,1130.0,1130.0,1129.0,1129.0,461.0,1402968.0,1403018.0
2026-06-23 11:05:00,1129.0,1131.0,1129.0,1130.0,3251.0,1403018.0,1402873.0
2026-06-23 11:06:00,1130.0,1131.0,1129.0,1130.0,790.0,1402873.0,1402630.0
2026-06-23 11:07:00,1130.0,1130.0,1129.0,1129.0,341.0,1402630.0,1402716.0
2026-06-23 11:08:00,1129.0,1130.0,1129.0,1129.0,558.0,1402716.0,1402590.0
2026-06-23 11:09:00,1129.0,1130.0,1128.0,1128.0,3474.0,1402590.0,1402622.0
2026-06-23 11:10:00,1128.0,1129.0,1128.0,1128.0,2214.0,1402622.0,1401890.0
2026-06-23 11:11:00,1128.0,1129.0,1128.0,1129.0,668.0,1401890.0,1401680.0
2026-06-23 11:12:00,1129.0,1129.0,1128.0,1128.0,916.0,1401680.0,1401168.0
2026-06-23 11:13:00,1128.0,1129.0,1128.0,1128.0,478.0,1401168.0,1401179.0
2026-06-23 11:14:00,1128.0,1129.0,1127.0,1128.0,2759.0,1401179.0,1401004.0
2026-06-23 11:15:00,1128.0,1129.0,1128.0,1128.0,625.0,1401004.0,1400850.0
2026-06-23 11:16:00,1128.0,1129.0,1127.0,1128.0,2147.0,1400850.0,1400379.0
2026-06-23 11:17:00,1128.0,1129.0,1128.0,1129.0,543.0,1400379.0,1400199.0
2026-06-23 11:18:00,1129.0,1129.0,1128.0,1129.0,481.0,1400199.0,1400144.0
2026-06-23 11:19:00,1129.0,1129.0,1128.0,1128.0,813.0,1400144.0,1400347.0
2026-06-23 11:20:00,1128.0,1129.0,1128.0,1128.0,459.0,1400347.0,1400366.0
2026-06-23 11:21:00,1128.0,1129.0,1128.0,1129.0,425.0,1400366.0,1400430.0
2026-06-23 11:22:00,1129.0,1129.0,1128.0,1128.0,365.0,1400430.0,1400511.0
2026-06-23 11:23:00,1128.0,1130.0,1128.0,1129.0,3009.0,1400511.0,1399599.0
2026-06-23 11:24:00,1129.0,1130.0,1128.0,1129.0,1894.0,1399599.0,1399095.0
2026-06-23 11:25:00,1129.0,1129.0,1128.0,1129.0,308.0,1399095.0,1399124.0
2026-06-23 11:26:00,1129.0,1129.0,1128.0,1129.0,1273.0,1399124.0,1399511.0
2026-06-23 11:27:00,1129.0,1129.0,1128.0,1128.0,921.0,1399511.0,1399994.0
2026-06-23 11:28:00,1128.0,1129.0,1127.0,1127.0,3371.0,1399994.0,1399128.0
2026-06-23 11:29:00,1127.0,1129.0,1127.0,1128.0,1876.0,1399128.0,1398832.0
2026-06-23 13:30:00,1127.0,1129.0,1127.0,1128.0,7096.0,1398832.0,1397576.0
2026-06-23 13:31:00,1128.0,1128.0,1126.0,1127.0,6062.0,1397576.0,1399537.0
2026-06-23 13:32:00,1127.0,1128.0,1126.0,1126.0,3458.0,1399537.0,1400056.0
2026-06-23 13:33:00,1126.0,1128.0,1126.0,1127.0,3632.0,1400056.0,1401416.0
2026-06-23 13:34:00,1127.0,1128.0,1127.0,1127.0,940.0,1401416.0,1401516.0
2026-06-23 13:35:00,1127.0,1128.0,1126.0,1128.0,2080.0,1401516.0,1401055.0
2026-06-23 13:36:00,1128.0,1128.0,1126.0,1126.0,2440.0,1401055.0,1400519.0
2026-06-23 13:37:00,1126.0,1128.0,1126.0,1127.0,1627.0,1400519.0,1400236.0
2026-06-23 13:38:00,1127.0,1128.0,1127.0,1128.0,572.0,1400236.0,1400121.0
2026-06-23 13:39:00,1128.0,1128.0,1127.0,1127.0,447.0,1400121.0,1400191.0
2026-06-23 13:40:00,1127.0,1130.0,1127.0,1130.0,5180.0,1400191.0,1400518.0
2026-06-23 13:41:00,1130.0,1131.0,1129.0,1131.0,4669.0,1400518.0,1400457.0
2026-06-23 13:42:00,1131.0,1131.0,1130.0,1131.0,717.0,1400457.0,1400305.0
2026-06-23 13:43:00,1131.0,1131.0,1130.0,1130.0,485.0,1400305.0,1400470.0
2026-06-23 13:44:00,1130.0,1131.0,1130.0,1131.0,1045.0,1400470.0,1400467.0
2026-06-23 13:45:00,1131.0,1131.0,1130.0,1131.0,505.0,1400467.0,1400386.0
2026-06-23 13:46:00,1131.0,1131.0,1129.0,1130.0,4527.0,1400386.0,1398125.0
2026-06-23 13:47:00,1130.0,1131.0,1130.0,1131.0,417.0,1398125.0,1398092.0
2026-06-23 13:48:00,1131.0,1131.0,1130.0,1130.0,375.0,1398092.0,1398041.0
2026-06-23 13:49:00,1130.0,1132.0,1130.0,1131.0,3305.0,1398041.0,1398748.0
2026-06-23 13:50:00,1131.0,1132.0,1130.0,1131.0,2602.0,1398748.0,1398107.0
2026-06-23 13:51:00,1131.0,1132.0,1130.0,1131.0,1449.0,1398107.0,1398367.0
2026-06-23 13:52:00,1131.0,1131.0,1130.0,1130.0,397.0,1398367.0,1398245.0
2026-06-23 13:53:00,1130.0,1131.0,1130.0,1130.0,581.0,1398245.0,1398046.0
2026-06-23 13:54:00,1130.0,1131.0,1128.0,1129.0,5101.0,1398046.0,1397911.0
2026-06-23 13:55:00,1129.0,1129.0,1128.0,1129.0,706.0,1397911.0,1397786.0
2026-06-23 13:56:00,1129.0,1129.0,1127.0,1128.0,2247.0,1397786.0,1397277.0
2026-06-23 13:57:00,1128.0,1128.0,1127.0,1127.0,772.0,1397277.0,1397189.0
2026-06-23 13:58:00,1127.0,1129.0,1127.0,1128.0,2132.0,1397189.0,1397516.0
2026-06-23 13:59:00,1128.0,1128.0,1127.0,1128.0,1875.0,1397516.0,1396765.0
2026-06-23 14:00:00,1128.0,1128.0,1127.0,1127.0,577.0,1396765.0,1396638.0
2026-06-23 14:01:00,1127.0,1128.0,1127.0,1127.0,568.0,1396638.0,1396652.0
2026-06-23 14:02:00,1127.0,1128.0,1127.0,1128.0,356.0,1396652.0,1396569.0
2026-06-23 14:03:00,1128.0,1128.0,1127.0,1128.0,331.0,1396569.0,1396458.0
2026-06-23 14:04:00,1128.0,1128.0,1127.0,1127.0,384.0,1396458.0,1396332.0
2026-06-23 14:05:00,1127.0,1128.0,1127.0,1127.0,359.0,1396332.0,1396338.0
2026-06-23 14:06:00,1127.0,1128.0,1126.0,1127.0,5460.0,1396338.0,1394584.0
2026-06-23 14:07:00,1127.0,1127.0,1126.0,1126.0,754.0,1394584.0,1394417.0
2026-06-23 14:08:00,1126.0,1127.0,1126.0,1126.0,712.0,1394417.0,1394579.0
2026-06-23 14:09:00,1126.0,1128.0,1126.0,1127.0,3459.0,1394579.0,1393751.0
2026-06-23 14:10:00,1127.0,1128.0,1127.0,1127.0,347.0,1393751.0,1393806.0
2026-06-23 14:11:00,1127.0,1127.0,1126.0,1127.0,1834.0,1393806.0,1393381.0
2026-06-23 14:12:00,1127.0,1128.0,1126.0,1127.0,1008.0,1393381.0,1393260.0
2026-06-23 14:13:00,1127.0,1127.0,1126.0,1127.0,652.0,1393260.0,1393344.0
2026-06-23 14:14:00,1127.0,1128.0,1126.0,1127.0,1782.0,1393344.0,1392918.0
2026-06-23 14:15:00,1127.0,1128.0,1127.0,1127.0,1265.0,1392918.0,1393031.0
2026-06-23 14:16:00,1127.0,1128.0,1127.0,1128.0,468.0,1393031.0,1392917.0
2026-06-23 14:17:00,1128.0,1128.0,1126.0,1126.0,1713.0,1392917.0,1392668.0
2026-06-23 14:18:00,1126.0,1127.0,1126.0,1126.0,392.0,1392668.0,1392524.0
2026-06-23 14:19:00,1126.0,1127.0,1126.0,1127.0,408.0,1392524.0,1392336.0
2026-06-23 14:20:00,1127.0,1127.0,1126.0,1127.0,492.0,1392336.0,1392179.0
2026-06-23 14:21:00,1127.0,1127.0,1125.0,1126.0,6536.0,1392179.0,1393045.0
2026-06-23 14:22:00,1126.0,1126.0,1125.0,1126.0,599.0,1393045.0,1392973.0
2026-06-23 14:23:00,1126.0,1127.0,1125.0,1126.0,2887.0,1392973.0,1392238.0
2026-06-23 14:24:00,1126.0,1126.0,1124.0,1125.0,3758.0,1392238.0,1392200.0
2026-06-23 14:25:00,1125.0,1125.0,1124.0,1125.0,1213.0,1392200.0,1392195.0
2026-06-23 14:26:00,1125.0,1125.0,1124.0,1124.0,2184.0,1392195.0,1392097.0
2026-06-23 14:27:00,1124.0,1125.0,1124.0,1125.0,2162.0,1392097.0,1392196.0
2026-06-23 14:28:00,1125.0,1125.0,1124.0,1125.0,2162.0,1392196.0,1392535.0
2026-06-23 14:29:00,1125.0,1125.0,1124.0,1124.0,675.0,1392535.0,1392516.0
2026-06-23 14:30:00,1124.0,1126.0,1124.0,1125.0,3533.0,1392516.0,1392287.0
2026-06-23 14:31:00,1125.0,1126.0,1124.0,1125.0,986.0,1392287.0,1392441.0
2026-06-23 14:32:00,1125.0,1126.0,1124.0,1125.0,1453.0,1392441.0,1392735.0
2026-06-23 14:33:00,1125.0,1126.0,1125.0,1126.0,563.0,1392735.0,1393023.0
2026-06-23 14:34:00,1126.0,1126.0,1125.0,1126.0,315.0,1393023.0,1393027.0
2026-06-23 14:35:00,1126.0,1126.0,1124.0,1125.0,1569.0,1393027.0,1393591.0
2026-06-23 14:36:00,1125.0,1126.0,1124.0,1125.0,1251.0,1393591.0,1393133.0
2026-06-23 14:37:00,1125.0,1125.0,1124.0,1125.0,1217.0,1393133.0,1392992.0
2026-06-23 14:38:00,1125.0,1126.0,1124.0,1126.0,2191.0,1392992.0,1392767.0
2026-06-23 14:39:00,1126.0,1126.0,1125.0,1126.0,485.0,1392767.0,1392644.0
2026-06-23 14:40:00,1126.0,1127.0,1125.0,1127.0,4630.0,1392644.0,1391863.0
2026-06-23 14:41:00,1127.0,1127.0,1125.0,1127.0,1628.0,1391863.0,1391864.0
2026-06-23 14:42:00,1127.0,1128.0,1126.0,1127.0,2059.0,1391864.0,1391690.0
2026-06-23 14:43:00,1127.0,1128.0,1126.0,1128.0,1604.0,1391690.0,1391311.0
2026-06-23 14:44:00,1128.0,1128.0,1126.0,1128.0,2230.0,1391311.0,1390524.0
2026-06-23 14:45:00,1128.0,1129.0,1127.0,1127.0,3085.0,1390524.0,1390710.0
2026-06-23 14:46:00,1127.0,1128.0,1127.0,1127.0,547.0,1390710.0,1390581.0
2026-06-23 14:47:00,1127.0,1128.0,1127.0,1128.0,901.0,1390581.0,1390214.0
2026-06-23 14:48:00,1128.0,1128.0,1127.0,1127.0,954.0,1390214.0,1390102.0
2026-06-23 14:49:00,1127.0,1129.0,1127.0,1129.0,4188.0,1390102.0,1389960.0
2026-06-23 14:50:00,1129.0,1130.0,1128.0,1130.0,4477.0,1389960.0,1388066.0
2026-06-23 14:51:00,1130.0,1130.0,1129.0,1129.0,1673.0,1388066.0,1387884.0
2026-06-23 14:52:00,1129.0,1130.0,1128.0,1129.0,3139.0,1387884.0,1387841.0
2026-06-23 14:53:00,1129.0,1130.0,1129.0,1129.0,818.0,1387841.0,1387939.0
2026-06-23 14:54:00,1129.0,1131.0,1129.0,1131.0,2668.0,1387939.0,1388469.0
2026-06-23 14:55:00,1131.0,1131.0,1130.0,1131.0,1978.0,1388469.0,1388276.0
2026-06-23 14:56:00,1131.0,1131.0,1130.0,1131.0,1902.0,1388276.0,1387864.0
2026-06-23 14:57:00,1131.0,1131.0,1130.0,1131.0,2166.0,1387864.0,1387719.0
2026-06-23 14:58:00,1131.0,1132.0,1130.0,1131.0,8146.0,1387719.0,1384918.0
2026-06-23 14:59:00,1131.0,1132.0,1131.0,1132.0,5402.0,1384918.0,1384548.0
2026-06-23 21:00:00,1129.0,1132.0,1127.0,1127.0,17424.0,1384548.0,1386244.0
2026-06-23 21:01:00,1127.0,1129.0,1127.0,1129.0,4355.0,1386244.0,1387784.0
2026-06-23 21:02:00,1129.0,1131.0,1127.0,1127.0,12392.0,1387784.0,1389128.0
2026-06-23 21:03:00,1127.0,1128.0,1127.0,1128.0,7214.0,1389128.0,1390336.0
2026-06-23 21:04:00,1128.0,1130.0,1127.0,1129.0,5979.0,1390336.0,1391699.0
2026-06-23 21:05:00,1129.0,1131.0,1128.0,1130.0,4541.0,1391699.0,1393509.0
2026-06-23 21:06:00,1130.0,1131.0,1129.0,1129.0,4911.0,1393509.0,1394466.0
2026-06-23 21:07:00,1129.0,1131.0,1129.0,1130.0,2160.0,1394466.0,1395096.0
2026-06-23 21:08:00,1130.0,1131.0,1130.0,1131.0,1519.0,1395096.0,1395358.0
2026-06-23 21:09:00,1131.0,1131.0,1130.0,1131.0,1392.0,1395358.0,1395760.0
2026-06-23 21:10:00,1131.0,1132.0,1130.0,1131.0,4947.0,1395760.0,1396911.0
2026-06-23 21:11:00,1131.0,1131.0,1129.0,1129.0,11546.0,1396911.0,1400695.0
2026-06-23 21:12:00,1129.0,1131.0,1129.0,1129.0,7159.0,1400695.0,1398908.0
2026-06-23 21:13:00,1129.0,1130.0,1128.0,1128.0,2941.0,1398908.0,1400052.0
2026-06-23 21:14:00,1128.0,1129.0,1128.0,1129.0,711.0,1400052.0,1400173.0
2026-06-23 21:15:00,1129.0,1129.0,1127.0,1127.0,3634.0,1400173.0,1400903.0
2026-06-23 21:16:00,1127.0,1129.0,1127.0,1128.0,3240.0,1400903.0,1401318.0
2026-06-23 21:17:00,1128.0,1130.0,1128.0,1129.0,2646.0,1401318.0,1402444.0
2026-06-23 21:18:00,1129.0,1130.0,1129.0,1130.0,861.0,1402444.0,1402395.0
2026-06-23 21:19:00,1130.0,1130.0,1129.0,1130.0,621.0,1402395.0,1402346.0
2026-06-23 21:20:00,1130.0,1130.0,1128.0,1129.0,3663.0,1402346.0,1403411.0
2026-06-23 21:21:00,1129.0,1129.0,1128.0,1128.0,666.0,1403411.0,1403652.0
2026-06-23 21:22:00,1128.0,1129.0,1128.0,1129.0,781.0,1403652.0,1403593.0
2026-06-23 21:23:00,1129.0,1129.0,1127.0,1127.0,2139.0,1403593.0,1404256.0
2026-06-23 21:24:00,1127.0,1129.0,1127.0,1128.0,2287.0,1404256.0,1404872.0
2026-06-23 21:25:00,1128.0,1129.0,1126.0,1126.0,4575.0,1404872.0,1405004.0
2026-06-23 21:26:00,1126.0,1127.0,1125.0,1125.0,4286.0,1405004.0,1406293.0
2026-06-23 21:27:00,1125.0,1127.0,1125.0,1126.0,4632.0,1406293.0,1406381.0
2026-06-23 21:28:00,1126.0,1126.0,1125.0,1126.0,1308.0,1406381.0,1406949.0
2026-06-23 21:29:00,1126.0,1126.0,1125.0,1125.0,2595.0,1406949.0,1407988.0
2026-06-23 21:30:00,1125.0,1126.0,1125.0,1125.0,3328.0,1407988.0,1409095.0
2026-06-23 21:31:00,1125.0,1126.0,1125.0,1126.0,1038.0,1409095.0,1409733.0
2026-06-23 21:32:00,1126.0,1127.0,1125.0,1126.0,3810.0,1409733.0,1410709.0
2026-06-23 21:33:00,1126.0,1126.0,1125.0,1125.0,2124.0,1410709.0,1410672.0
2026-06-23 21:34:00,1125.0,1127.0,1125.0,1127.0,1913.0,1410672.0,1411979.0
2026-06-23 21:35:00,1127.0,1127.0,1126.0,1127.0,795.0,1411979.0,1411892.0
2026-06-23 21:36:00,1127.0,1127.0,1125.0,1126.0,2836.0,1411892.0,1411639.0
2026-06-23 21:37:00,1126.0,1127.0,1126.0,1127.0,431.0,1411639.0,1411945.0
2026-06-23 21:38:00,1127.0,1127.0,1126.0,1127.0,711.0,1411945.0,1411969.0
2026-06-23 21:39:00,1127.0,1127.0,1126.0,1126.0,143.0,1411969.0,1412008.0
2026-06-23 21:40:00,1126.0,1127.0,1126.0,1127.0,158.0,1412008.0,1412031.0
2026-06-23 21:41:00,1127.0,1127.0,1126.0,1126.0,396.0,1412031.0,1412183.0
2026-06-23 21:42:00,1126.0,1127.0,1126.0,1127.0,356.0,1412183.0,1412262.0
2026-06-23 21:43:00,1127.0,1127.0,1126.0,1127.0,327.0,1412262.0,1412328.0
2026-06-23 21:44:00,1127.0,1127.0,1126.0,1126.0,525.0,1412328.0,1412581.0
2026-06-23 21:45:00,1126.0,1128.0,1126.0,1128.0,2641.0,1412581.0,1412947.0
2026-06-23 21:46:00,1128.0,1128.0,1126.0,1126.0,1628.0,1412947.0,1412415.0
2026-06-23 21:47:00,1126.0,1128.0,1126.0,1127.0,1174.0,1412415.0,1412864.0
2026-06-23 21:48:00,1127.0,1127.0,1126.0,1127.0,288.0,1412864.0,1413001.0
2026-06-23 21:49:00,1127.0,1127.0,1126.0,1127.0,183.0,1413001.0,1413112.0
2026-06-23 21:50:00,1127.0,1127.0,1126.0,1126.0,261.0,1413112.0,1413232.0
2026-06-23 21:51:00,1126.0,1127.0,1126.0,1126.0,326.0,1413232.0,1413316.0
2026-06-23 21:52:00,1126.0,1127.0,1126.0,1127.0,542.0,1413316.0,1413506.0
2026-06-23 21:53:00,1127.0,1128.0,1126.0,1128.0,1738.0,1413506.0,1413632.0
2026-06-23 21:54:00,1128.0,1128.0,1127.0,1127.0,170.0,1413632.0,1413603.0
2026-06-23 21:55:00,1127.0,1128.0,1127.0,1127.0,1098.0,1413603.0,1413579.0
2026-06-23 21:56:00,1127.0,1128.0,1126.0,1127.0,1464.0,1413579.0,1413515.0
2026-06-23 21:57:00,1127.0,1127.0,1126.0,1126.0,536.0,1413515.0,1413513.0
2026-06-23 21:58:00,1126.0,1128.0,1126.0,1127.0,248.0,1413513.0,1413498.0
2026-06-23 21:59:00,1127.0,1128.0,1127.0,1127.0,391.0,1413498.0,1413575.0
2026-06-23 22:00:00,1127.0,1128.0,1127.0,1128.0,363.0,1413575.0,1413715.0
2026-06-23 22:01:00,1128.0,1128.0,1127.0,1127.0,251.0,1413715.0,1413862.0
2026-06-23 22:02:00,1127.0,1128.0,1127.0,1127.0,152.0,1413862.0,1413916.0
2026-06-23 22:03:00,1127.0,1128.0,1127.0,1127.0,137.0,1413916.0,1413948.0
2026-06-23 22:04:00,1127.0,1128.0,1127.0,1127.0,243.0,1413948.0,1413935.0
2026-06-23 22:05:00,1127.0,1128.0,1127.0,1127.0,119.0,1413935.0,1413945.0
2026-06-23 22:06:00,1127.0,1129.0,1127.0,1129.0,3221.0,1413945.0,1413834.0
2026-06-23 22:07:00,1129.0,1130.0,1128.0,1129.0,3411.0,1413834.0,1413949.0
2026-06-23 22:08:00,1129.0,1130.0,1128.0,1129.0,3708.0,1413949.0,1414980.0
2026-06-23 22:09:00,1129.0,1130.0,1128.0,1130.0,2181.0,1414980.0,1415516.0
2026-06-23 22:10:00,1130.0,1130.0,1128.0,1129.0,1140.0,1415516.0,1415387.0
2026-06-23 22:11:00,1129.0,1130.0,1129.0,1130.0,322.0,1415387.0,1415488.0
2026-06-23 22:12:00,1130.0,1130.0,1129.0,1129.0,402.0,1415488.0,1415634.0
2026-06-23 22:13:00,1129.0,1130.0,1129.0,1130.0,345.0,1415634.0,1415810.0
2026-06-23 22:14:00,1130.0,1130.0,1129.0,1130.0,302.0,1415810.0,1415904.0
2026-06-23 22:15:00,1130.0,1130.0,1129.0,1130.0,199.0,1415904.0,1415941.0
2026-06-23 22:16:00,1130.0,1130.0,1129.0,1129.0,282.0,1415941.0,1416005.0
2026-06-23 22:17:00,1129.0,1130.0,1129.0,1129.0,340.0,1416005.0,1416137.0
2026-06-23 22:18:00,1129.0,1130.0,1128.0,1128.0,1888.0,1416137.0,1415942.0
2026-06-23 22:19:00,1128.0,1129.0,1128.0,1128.0,173.0,1415942.0,1415960.0
2026-06-23 22:20:00,1128.0,1129.0,1128.0,1128.0,337.0,1415960.0,1415981.0
2026-06-23 22:21:00,1128.0,1129.0,1127.0,1128.0,2626.0,1415981.0,1416347.0
2026-06-23 22:22:00,1128.0,1129.0,1127.0,1128.0,1217.0,1416347.0,1416542.0
2026-06-23 22:23:00,1128.0,1128.0,1127.0,1127.0,385.0,1416542.0,1416659.0
2026-06-23 22:24:00,1127.0,1128.0,1127.0,1127.0,293.0,1416659.0,1416593.0
2026-06-23 22:25:00,1127.0,1128.0,1127.0,1128.0,118.0,1416593.0,1416590.0
2026-06-23 22:26:00,1128.0,1128.0,1127.0,1127.0,219.0,1416590.0,1416558.0
2026-06-23 22:27:00,1127.0,1128.0,1127.0,1127.0,252.0,1416558.0,1416500.0
2026-06-23 22:28:00,1127.0,1128.0,1127.0,1128.0,536.0,1416500.0,1416367.0
2026-06-23 22:29:00,1128.0,1128.0,1127.0,1127.0,142.0,1416367.0,1416429.0
2026-06-23 22:30:00,1127.0,1128.0,1127.0,1128.0,299.0,1416429.0,1416604.0
2026-06-23 22:31:00,1128.0,1128.0,1127.0,1127.0,255.0,1416604.0,1416586.0
2026-06-23 22:32:00,1127.0,1128.0,1127.0,1128.0,120.0,1416586.0,1416591.0
2026-06-23 22:33:00,1128.0,1128.0,1127.0,1127.0,216.0,1416591.0,1416550.0
2026-06-23 22:34:00,1127.0,1128.0,1126.0,1126.0,3179.0,1416550.0,1416168.0
2026-06-23 22:35:00,1126.0,1128.0,1126.0,1127.0,1676.0,1416168.0,1416922.0
2026-06-23 22:36:00,1127.0,1128.0,1127.0,1127.0,150.0,1416922.0,1416985.0
2026-06-23 22:37:00,1127.0,1128.0,1127.0,1128.0,113.0,1416985.0,1417021.0
2026-06-23 22:38:00,1128.0,1128.0,1127.0,1127.0,111.0,1417021.0,1417035.0
2026-06-23 22:39:00,1127.0,1129.0,1127.0,1128.0,2759.0,1417035.0,1417092.0
2026-06-23 22:40:00,1128.0,1129.0,1128.0,1129.0,1432.0,1417092.0,1416742.0
2026-06-23 22:41:00,1129.0,1129.0,1128.0,1128.0,201.0,1416742.0,1416819.0
2026-06-23 22:42:00,1128.0,1129.0,1128.0,1128.0,287.0,1416819.0,1416842.0
2026-06-23 22:43:00,1128.0,1129.0,1128.0,1128.0,267.0,1416842.0,1416808.0
2026-06-23 22:44:00,1128.0,1129.0,1128.0,1128.0,377.0,1416808.0,1416812.0
2026-06-23 22:45:00,1128.0,1129.0,1128.0,1129.0,200.0,1416812.0,1416881.0
2026-06-23 22:46:00,1129.0,1129.0,1128.0,1128.0,315.0,1416881.0,1416904.0
2026-06-23 22:47:00,1128.0,1129.0,1128.0,1129.0,401.0,1416904.0,1416781.0
2026-06-23 22:48:00,1129.0,1129.0,1128.0,1128.0,219.0,1416781.0,1416721.0
2026-06-23 22:49:00,1128.0,1129.0,1128.0,1128.0,148.0,1416721.0,1416722.0
2026-06-23 22:50:00,1128.0,1129.0,1128.0,1128.0,186.0,1416722.0,1416755.0
2026-06-23 22:51:00,1128.0,1129.0,1128.0,1129.0,485.0,1416755.0,1416613.0
2026-06-23 22:52:00,1129.0,1129.0,1128.0,1128.0,245.0,1416613.0,1416702.0
2026-06-23 22:53:00,1128.0,1129.0,1128.0,1128.0,286.0,1416702.0,1416726.0
2026-06-23 22:54:00,1128.0,1129.0,1128.0,1129.0,370.0,1416726.0,1416808.0
2026-06-23 22:55:00,1129.0,1129.0,1127.0,1127.0,3354.0,1416808.0,1416422.0
2026-06-23 22:56:00,1127.0,1128.0,1127.0,1128.0,507.0,1416422.0,1416310.0
2026-06-23 22:57:00,1128.0,1128.0,1127.0,1128.0,414.0,1416310.0,1416344.0
2026-06-23 22:58:00,1128.0,1129.0,1127.0,1128.0,2150.0,1416344.0,1416039.0
2026-06-23 22:59:00,1128.0,1129.0,1127.0,1129.0,3404.0,1416039.0,1414698.0
2026-06-24 09:00:00,1129.0,1129.0,1127.0,1127.0,3591.0,1414698.0,1412775.0
2026-06-24 09:01:00,1127.0,1128.0,1127.0,1127.0,1171.0,1412775.0,1412912.0
2026-06-24 09:02:00,1127.0,1129.0,1127.0,1127.0,3111.0,1412912.0,1413805.0
2026-06-24 09:03:00,1127.0,1129.0,1127.0,1128.0,3147.0,1413805.0,1414982.0
2026-06-24 09:04:00,1128.0,1129.0,1127.0,1128.0,2130.0,1414982.0,1414606.0
2026-06-24 09:05:00,1128.0,1129.0,1126.0,1127.0,3066.0,1414606.0,1414925.0
2026-06-24 09:06:00,1127.0,1127.0,1125.0,1125.0,4840.0,1414925.0,1415725.0
2026-06-24 09:07:00,1125.0,1127.0,1125.0,1127.0,3376.0,1415725.0,1416436.0
2026-06-24 09:08:00,1127.0,1127.0,1126.0,1126.0,536.0,1416436.0,1416558.0
2026-06-24 09:09:00,1126.0,1127.0,1126.0,1127.0,880.0,1416558.0,1416396.0
2026-06-24 09:10:00,1127.0,1128.0,1126.0,1128.0,3758.0,1416396.0,1416281.0
2026-06-24 09:11:00,1128.0,1128.0,1127.0,1127.0,495.0,1416281.0,1416149.0
2026-06-24 09:12:00,1127.0,1128.0,1126.0,1126.0,1197.0,1416149.0,1416453.0
2026-06-24 09:13:00,1126.0,1127.0,1124.0,1124.0,6282.0,1416453.0,1418141.0
2026-06-24 09:14:00,1124.0,1125.0,1124.0,1125.0,1963.0,1418141.0,1418264.0
2026-06-24 09:15:00,1125.0,1126.0,1124.0,1125.0,3868.0,1418264.0,1419356.0
2026-06-24 09:16:00,1125.0,1127.0,1125.0,1125.0,2698.0,1419356.0,1419399.0
2026-06-24 09:17:00,1125.0,1127.0,1125.0,1126.0,1404.0,1419399.0,1420086.0
2026-06-24 09:18:00,1126.0,1126.0,1125.0,1126.0,933.0,1420086.0,1420332.0
2026-06-24 09:19:00,1126.0,1127.0,1125.0,1126.0,2645.0,1420332.0,1420260.0
2026-06-24 09:20:00,1126.0,1127.0,1126.0,1127.0,450.0,1420260.0,1420142.0
2026-06-24 09:21:00,1127.0,1127.0,1126.0,1126.0,1035.0,1420142.0,1419755.0
2026-06-24 09:22:00,1126.0,1127.0,1126.0,1126.0,268.0,1419755.0,1419758.0
2026-06-24 09:23:00,1126.0,1127.0,1125.0,1125.0,5062.0,1419758.0,1418266.0
2026-06-24 09:24:00,1125.0,1127.0,1125.0,1126.0,1403.0,1418266.0,1418706.0
2026-06-24 09:25:00,1126.0,1127.0,1126.0,1126.0,225.0,1418706.0,1418619.0
2026-06-24 09:26:00,1126.0,1127.0,1126.0,1126.0,527.0,1418619.0,1418375.0
2026-06-24 09:27:00,1126.0,1127.0,1126.0,1127.0,244.0,1418375.0,1418325.0
2026-06-24 09:28:00,1127.0,1127.0,1125.0,1125.0,1375.0,1418325.0,1418600.0
2026-06-24 09:29:00,1125.0,1126.0,1125.0,1125.0,940.0,1418600.0,1418356.0
2026-06-24 09:30:00,1125.0,1126.0,1124.0,1124.0,2488.0,1418356.0,1418147.0
2026-06-24 09:31:00,1124.0,1125.0,1124.0,1125.0,1475.0,1418147.0,1418508.0
2026-06-24 09:32:00,1125.0,1125.0,1123.0,1124.0,9221.0,1418508.0,1420543.0
2026-06-24 09:33:00,1124.0,1124.0,1123.0,1124.0,1699.0,1420543.0,1421411.0
2026-06-24 09:34:00,1124.0,1124.0,1121.0,1121.0,8517.0,1421411.0,1422099.0
2026-06-24 09:35:00,1121.0,1124.0,1121.0,1124.0,6007.0,1422099.0,1422752.0
2026-06-24 09:36:00,1124.0,1124.0,1123.0,1124.0,1256.0,1422752.0,1423390.0
2026-06-24 09:37:00,1124.0,1124.0,1123.0,1124.0,388.0,1423390.0,1423521.0
2026-06-24 09:38:00,1124.0,1124.0,1123.0,1123.0,461.0,1423521.0,1423737.0
2026-06-24 09:39:00,1123.0,1124.0,1123.0,1123.0,332.0,1423737.0,1423863.0
2026-06-24 09:40:00,1123.0,1124.0,1123.0,1123.0,330.0,1423863.0,1423962.0
2026-06-24 09:41:00,1123.0,1124.0,1123.0,1123.0,608.0,1423962.0,1423959.0
2026-06-24 09:42:00,1123.0,1124.0,1123.0,1124.0,291.0,1423959.0,1424176.0
2026-06-24 09:43:00,1124.0,1124.0,1123.0,1124.0,343.0,1424176.0,1424225.0
2026-06-24 09:44:00,1124.0,1124.0,1123.0,1123.0,377.0,1424225.0,1424393.0
2026-06-24 09:45:00,1123.0,1124.0,1123.0,1124.0,484.0,1424393.0,1424555.0
2026-06-24 09:46:00,1124.0,1124.0,1123.0,1124.0,341.0,1424555.0,1424687.0
2026-06-24 09:47:00,1124.0,1125.0,1123.0,1124.0,2426.0,1424687.0,1426160.0
2026-06-24 09:48:00,1124.0,1125.0,1123.0,1124.0,3131.0,1426160.0,1425291.0
2026-06-24 09:49:00,1124.0,1125.0,1123.0,1124.0,1149.0,1425291.0,1425118.0
2026-06-24 09:50:00,1124.0,1125.0,1124.0,1125.0,409.0,1425118.0,1425147.0
2026-06-24 09:51:00,1125.0,1125.0,1123.0,1124.0,412.0,1425147.0,1425031.0
2026-06-24 09:52:00,1124.0,1125.0,1123.0,1124.0,1663.0,1425031.0,1424588.0
2026-06-24 09:53:00,1124.0,1124.0,1123.0,1124.0,250.0,1424588.0,1424592.0
2026-06-24 09:54:00,1124.0,1125.0,1123.0,1125.0,1741.0,1424592.0,1425173.0
2026-06-24 09:55:00,1125.0,1125.0,1123.0,1124.0,1787.0,1425173.0,1424994.0
2026-06-24 09:56:00,1124.0,1125.0,1124.0,1124.0,223.0,1424994.0,1425177.0
2026-06-24 09:57:00,1124.0,1126.0,1124.0,1126.0,3478.0,1425177.0,1426076.0
2026-06-24 09:58:00,1126.0,1126.0,1124.0,1124.0,1006.0,1426076.0,1425901.0
2026-06-24 09:59:00,1124.0,1125.0,1124.0,1125.0,187.0,1425901.0,1425919.0
2026-06-24 10:00:00,1125.0,1125.0,1124.0,1124.0,222.0,1425919.0,1425991.0
2026-06-24 10:01:00,1124.0,1125.0,1123.0,1123.0,1440.0,1425991.0,1425697.0
2026-06-24 10:02:00,1123.0,1124.0,1123.0,1123.0,559.0,1425697.0,1425694.0
2026-06-24 10:03:00,1123.0,1124.0,1123.0,1124.0,1725.0,1425694.0,1425430.0
2026-06-24 10:04:00,1124.0,1124.0,1123.0,1123.0,155.0,1425430.0,1425429.0
2026-06-24 10:05:00,1123.0,1124.0,1123.0,1123.0,451.0,1425429.0,1425400.0
2026-06-24 10:06:00,1123.0,1124.0,1122.0,1123.0,3368.0,1425400.0,1426740.0
2026-06-24 10:07:00,1123.0,1124.0,1122.0,1124.0,2508.0,1426740.0,1427667.0
2026-06-24 10:08:00,1124.0,1125.0,1123.0,1124.0,2021.0,1427667.0,1427340.0
2026-06-24 10:09:00,1124.0,1124.0,1123.0,1124.0,352.0,1427340.0,1427306.0
2026-06-24 10:10:00,1124.0,1125.0,1123.0,1125.0,955.0,1427306.0,1427401.0
2026-06-24 10:11:00,1125.0,1125.0,1123.0,1124.0,784.0,1427401.0,1427323.0
2026-06-24 10:12:00,1124.0,1125.0,1124.0,1124.0,309.0,1427323.0,1427235.0
2026-06-24 10:13:00,1124.0,1126.0,1124.0,1126.0,2506.0,1427235.0,1427751.0
2026-06-24 10:14:00,1126.0,1128.0,1125.0,1128.0,4593.0,1427751.0,1428405.0
2026-06-24 10:30:00,1128.0,1130.0,1128.0,1130.0,8380.0,1428405.0,1427408.0
2026-06-24 10:31:00,1130.0,1130.0,1128.0,1128.0,2830.0,1427408.0,1426575.0
2026-06-24 10:32:00,1128.0,1130.0,1128.0,1129.0,4154.0,1426575.0,1426103.0
2026-06-24 10:33:00,1129.0,1130.0,1128.0,1130.0,3370.0,1426103.0,1425093.0
2026-06-24 10:34:00,1130.0,1130.0,1128.0,1130.0,4311.0,1425093.0,1423351.0
2026-06-24 10:35:00,1130.0,1130.0,1128.0,1129.0,1986.0,1423351.0,1422870.0
2026-06-24 10:36:00,1129.0,1129.0,1128.0,1128.0,875.0,1422870.0,1422757.0
2026-06-24 10:37:00,1128.0,1129.0,1128.0,1128.0,474.0,1422757.0,1422650.0
2026-06-24 10:38:00,1128.0,1129.0,1128.0,1128.0,700.0,1422650.0,1422485.0
2026-06-24 10:39:00,1128.0,1129.0,1127.0,1127.0,4133.0,1422485.0,1421665.0
2026-06-24 10:40:00,1127.0,1129.0,1127.0,1128.0,2031.0,1421665.0,1422274.0
2026-06-24 10:41:00,1128.0,1129.0,1127.0,1127.0,1902.0,1422274.0,1421537.0
2026-06-24 10:42:00,1127.0,1129.0,1127.0,1128.0,1576.0,1421537.0,1421944.0
2026-06-24 10:43:00,1128.0,1128.0,1127.0,1127.0,1602.0,1421944.0,1422397.0
2026-06-24 10:44:00,1127.0,1128.0,1127.0,1127.0,300.0,1422397.0,1422314.0
2026-06-24 10:45:00,1127.0,1130.0,1127.0,1129.0,4462.0,1422314.0,1420987.0
2026-06-24 10:46:00,1129.0,1130.0,1128.0,1129.0,1816.0,1420987.0,1420782.0
2026-06-24 10:47:00,1129.0,1129.0,1128.0,1128.0,285.0,1420782.0,1420816.0
2026-06-24 10:48:00,1128.0,1130.0,1128.0,1130.0,658.0,1420816.0,1420926.0
2026-06-24 10:49:00,1130.0,1131.0,1129.0,1131.0,5133.0,1420926.0,1421307.0
2026-06-24 10:50:00,1131.0,1132.0,1130.0,1132.0,4070.0,1421307.0,1420847.0
2026-06-24 10:51:00,1132.0,1132.0,1131.0,1131.0,1378.0,1420847.0,1420470.0
2026-06-24 10:52:00,1131.0,1131.0,1130.0,1130.0,6670.0,1420470.0,1419130.0
2026-06-24 10:53:00,1130.0,1131.0,1130.0,1131.0,1797.0,1419130.0,1419143.0
2026-06-24 10:54:00,1131.0,1131.0,1130.0,1130.0,997.0,1419143.0,1418753.0
2026-06-24 10:55:00,1130.0,1131.0,1130.0,1130.0,358.0,1418753.0,1418888.0
2026-06-24 10:56:00,1130.0,1131.0,1129.0,1129.0,3353.0,1418888.0,1418165.0
2026-06-24 10:57:00,1129.0,1131.0,1129.0,1130.0,4329.0,1418165.0,1417780.0
2026-06-24 10:58:00,1130.0,1130.0,1129.0,1129.0,709.0,1417780.0,1417577.0
2026-06-24 10:59:00,1129.0,1130.0,1129.0,1130.0,360.0,1417577.0,1417623.0
2026-06-24 11:00:00,1130.0,1131.0,1129.0,1130.0,1238.0,1417623.0,1417480.0
2026-06-24 11:01:00,1130.0,1130.0,1129.0,1130.0,436.0,1417480.0,1417511.0
2026-06-24 11:02:00,1130.0,1130.0,1128.0,1129.0,3109.0,1417511.0,1417087.0
2026-06-24 11:03:00,1129.0,1130.0,1128.0,1128.0,606.0,1417087.0,1417233.0
2026-06-24 11:04:00,1128.0,1129.0,1128.0,1128.0,206.0,1417233.0,1417189.0
2026-06-24 11:05:00,1128.0,1129.0,1128.0,1129.0,426.0,1417189.0,1417062.0
2026-06-24 11:06:00,1129.0,1130.0,1128.0,1130.0,1724.0,1417062.0,1417044.0
2026-06-24 11:07:00,1130.0,1130.0,1128.0,1128.0,370.0,1417044.0,1417037.0
2026-06-24 11:08:00,1128.0,1129.0,1128.0,1129.0,156.0,1417037.0,1417058.0
2026-06-24 11:09:00,1129.0,1129.0,1128.0,1129.0,1071.0,1417058.0,1416875.0
2026-06-24 11:10:00,1129.0,1129.0,1128.0,1128.0,306.0,1416875.0,1417046.0
2026-06-24 11:11:00,1128.0,1129.0,1128.0,1128.0,308.0,1417046.0,1417158.0
2026-06-24 11:12:00,1128.0,1129.0,1128.0,1128.0,159.0,1417158.0,1417229.0
2026-06-24 11:13:00,1128.0,1129.0,1128.0,1128.0,1832.0,1417229.0,1417115.0
2026-06-24 11:14:00,1128.0,1129.0,1127.0,1129.0,942.0,1417115.0,1416782.0
2026-06-24 11:15:00,1129.0,1129.0,1127.0,1128.0,722.0,1416782.0,1416563.0
2026-06-24 11:16:00,1128.0,1129.0,1128.0,1128.0,303.0,1416563.0,1416495.0
2026-06-24 11:17:00,1128.0,1129.0,1127.0,1128.0,824.0,1416495.0,1416709.0
2026-06-24 11:18:00,1128.0,1129.0,1128.0,1128.0,528.0,1416709.0,1416583.0
2026-06-24 11:19:00,1128.0,1129.0,1128.0,1128.0,104.0,1416583.0,1416533.0
2026-06-24 11:20:00,1128.0,1129.0,1128.0,1128.0,637.0,1416533.0,1416616.0
2026-06-24 11:21:00,1128.0,1128.0,1127.0,1127.0,770.0,1416616.0,1416744.0
2026-06-24 11:22:00,1127.0,1128.0,1127.0,1127.0,293.0,1416744.0,1416776.0
2026-06-24 11:23:00,1127.0,1128.0,1127.0,1128.0,223.0,1416776.0,1416684.0
2026-06-24 11:24:00,1128.0,1129.0,1127.0,1128.0,1971.0,1416684.0,1417164.0
2026-06-24 11:25:00,1128.0,1129.0,1128.0,1129.0,717.0,1417164.0,1417310.0
2026-06-24 11:26:00,1129.0,1129.0,1127.0,1128.0,1945.0,1417310.0,1418240.0
2026-06-24 11:27:00,1128.0,1129.0,1127.0,1128.0,1325.0,1418240.0,1418678.0
2026-06-24 11:28:00,1128.0,1129.0,1128.0,1128.0,644.0,1418678.0,1418658.0
2026-06-24 11:29:00,1128.0,1129.0,1128.0,1128.0,1084.0,1418658.0,1418514.0
2026-06-24 13:30:00,1129.0,1130.0,1128.0,1129.0,2783.0,1418514.0,1418562.0
2026-06-24 13:31:00,1129.0,1130.0,1128.0,1129.0,950.0,1418562.0,1418438.0
2026-06-24 13:32:00,1129.0,1129.0,1127.0,1129.0,1286.0,1418438.0,1418346.0
2026-06-24 13:33:00,1129.0,1129.0,1127.0,1128.0,1095.0,1418346.0,1418033.0
2026-06-24 13:34:00,1128.0,1128.0,1127.0,1127.0,570.0,1418033.0,1418098.0
2026-06-24 13:35:00,1127.0,1128.0,1127.0,1127.0,801.0,1418098.0,1417987.0
2026-06-24 13:36:00,1127.0,1128.0,1127.0,1127.0,227.0,1417987.0,1417877.0
2026-06-24 13:37:00,1127.0,1128.0,1126.0,1127.0,3632.0,1417877.0,1418733.0
2026-06-24 13:38:00,1127.0,1128.0,1127.0,1127.0,877.0,1418733.0,1418977.0
2026-06-24 13:39:00,1127.0,1127.0,1126.0,1126.0,2066.0,1418977.0,1419593.0
2026-06-24 13:40:00,1126.0,1127.0,1125.0,1126.0,1860.0,1419593.0,1420141.0
2026-06-24 13:41:00,1126.0,1126.0,1124.0,1125.0,4566.0,1420141.0,1422260.0
2026-06-24 13:42:00,1125.0,1125.0,1124.0,1125.0,2471.0,1422260.0,1422313.0
2026-06-24 13:43:00,1125.0,1126.0,1124.0,1125.0,2844.0,1422313.0,1422120.0
2026-06-24 13:44:00,1125.0,1126.0,1124.0,1125.0,1082.0,1422120.0,1422295.0
2026-06-24 13:45:00,1125.0,1125.0,1124.0,1124.0,806.0,1422295.0,1422433.0
2026-06-24 13:46:00,1124.0,1125.0,1124.0,1124.0,846.0,1422433.0,1422241.0
2026-06-24 13:47:00,1124.0,1125.0,1124.0,1124.0,527.0,1422241.0,1422341.0
2026-06-24 13:48:00,1124.0,1125.0,1124.0,1124.0,312.0,1422341.0,1422366.0
2026-06-24 13:49:00,1124.0,1125.0,1124.0,1124.0,362.0,1422366.0,1422519.0
2026-06-24 13:50:00,1124.0,1125.0,1123.0,1124.0,4392.0,1422519.0,1423827.0
2026-06-24 13:51:00,1124.0,1125.0,1123.0,1124.0,1495.0,1423827.0,1423722.0
2026-06-24 13:52:00,1124.0,1125.0,1124.0,1124.0,924.0,1423722.0,1423808.0
2026-06-24 13:53:00,1124.0,1125.0,1123.0,1124.0,1110.0,1423808.0,1423735.0
2026-06-24 13:54:00,1124.0,1125.0,1123.0,1125.0,1674.0,1423735.0,1424211.0
2026-06-24 13:55:00,1125.0,1125.0,1124.0,1125.0,274.0,1424211.0,1424395.0
2026-06-24 13:56:00,1125.0,1125.0,1124.0,1125.0,796.0,1424395.0,1424355.0
2026-06-24 13:57:00,1125.0,1125.0,1124.0,1124.0,471.0,1424355.0,1424522.0
2026-06-24 13:58:00,1124.0,1125.0,1124.0,1125.0,273.0,1424522.0,1424613.0
2026-06-24 13:59:00,1125.0,1125.0,1124.0,1124.0,695.0,1424613.0,1424440.0
2026-06-24 14:00:00,1124.0,1125.0,1124.0,1125.0,285.0,1424440.0,1424419.0
2026-06-24 14:01:00,1125.0,1125.0,1124.0,1125.0,305.0,1424419.0,1424407.0
2026-06-24 14:02:00,1125.0,1125.0,1124.0,1125.0,209.0,1424407.0,1424452.0
2026-06-24 14:03:00,1125.0,1126.0,1124.0,1125.0,5210.0,1424452.0,1426684.0
2026-06-24 14:04:00,1125.0,1126.0,1125.0,1126.0,364.0,1426684.0,1426798.0
2026-06-24 14:05:00,1126.0,1126.0,1125.0,1126.0,3957.0,1426798.0,1426154.0
2026-06-24 14:06:00,1126.0,1127.0,1125.0,1126.0,1427.0,1426154.0,1425921.0
2026-06-24 14:07:00,1126.0,1126.0,1125.0,1126.0,1635.0,1425921.0,1426532.0
2026-06-24 14:08:00,1126.0,1127.0,1125.0,1125.0,1623.0,1426532.0,1426139.0
2026-06-24 14:09:00,1125.0,1126.0,1125.0,1126.0,245.0,1426139.0,1426057.0
2026-06-24 14:10:00,1126.0,1126.0,1125.0,1126.0,303.0,1426057.0,1425897.0
2026-06-24 14:11:00,1126.0,1126.0,1125.0,1125.0,376.0,1425897.0,1425970.0
2026-06-24 14:12:00,1125.0,1126.0,1124.0,1124.0,2552.0,1425970.0,1426773.0
2026-06-24 14:13:00,1124.0,1125.0,1124.0,1125.0,330.0,1426773.0,1426890.0
2026-06-24 14:14:00,1125.0,1125.0,1124.0,1124.0,181.0,1426890.0,1426946.0
2026-06-24 14:15:00,1124.0,1125.0,1124.0,1124.0,422.0,1426946.0,1427026.0
2026-06-24 14:16:00,1124.0,1125.0,1123.0,1124.0,4315.0,1427026.0,1428157.0
2026-06-24 14:17:00,1124.0,1124.0,1123.0,1123.0,565.0,1428157.0,1428183.0
2026-06-24 14:18:00,1123.0,1124.0,1123.0,1123.0,514.0,1428183.0,1428408.0
2026-06-24 14:19:00,1123.0,1124.0,1123.0,1124.0,737.0,1428408.0,1428522.0
2026-06-24 14:20:00,1124.0,1124.0,1123.0,1123.0,3621.0,1428522.0,1429520.0
2026-06-24 14:21:00,1123.0,1123.0,1122.0,1123.0,3248.0,1429520.0,1429816.0
2026-06-24 14:22:00,1123.0,1123.0,1122.0,1123.0,673.0,1429816.0,1430022.0
2026-06-24 14:23:00,1123.0,1124.0,1122.0,1123.0,2043.0,1430022.0,1430301.0
2026-06-24 14:24:00,1123.0,1123.0,1122.0,1123.0,1344.0,1430301.0,1430231.0
2026-06-24 14:25:00,1123.0,1124.0,1122.0,1124.0,1188.0,1430231.0,1430195.0
2026-06-24 14:26:00,1124.0,1124.0,1122.0,1123.0,1539.0,1430195.0,1430812.0
2026-06-24 14:27:00,1123.0,1124.0,1122.0,1123.0,2194.0,1430812.0,1431080.0
2026-06-24 14:28:00,1123.0,1123.0,1122.0,1122.0,780.0,1431080.0,1431227.0
2026-06-24 14:29:00,1122.0,1123.0,1122.0,1123.0,1110.0,1431227.0,1431481.0
2026-06-24 14:30:00,1123.0,1123.0,1122.0,1123.0,459.0,1431481.0,1431506.0
2026-06-24 14:31:00,1123.0,1123.0,1122.0,1123.0,574.0,1431506.0,1431700.0
2026-06-24 14:32:00,1123.0,1123.0,1121.0,1122.0,8810.0,1431700.0,1433868.0
2026-06-24 14:33:00,1122.0,1123.0,1122.0,1123.0,561.0,1433868.0,1433878.0
2026-06-24 14:34:00,1123.0,1123.0,1122.0,1122.0,387.0,1433878.0,1433734.0
2026-06-24 14:35:00,1122.0,1123.0,1122.0,1122.0,626.0,1433734.0,1433462.0
2026-06-24 14:36:00,1122.0,1123.0,1122.0,1122.0,911.0,1433462.0,1434126.0
2026-06-24 14:37:00,1122.0,1123.0,1122.0,1122.0,540.0,1434126.0,1434235.0
2026-06-24 14:38:00,1122.0,1124.0,1122.0,1124.0,4868.0,1434235.0,1435121.0
2026-06-24 14:39:00,1124.0,1124.0,1123.0,1124.0,332.0,1435121.0,1435128.0
2026-06-24 14:40:00,1124.0,1124.0,1122.0,1122.0,1248.0,1435128.0,1435687.0
2026-06-24 14:41:00,1122.0,1123.0,1122.0,1123.0,993.0,1435687.0,1436222.0
2026-06-24 14:42:00,1123.0,1123.0,1122.0,1123.0,312.0,1436222.0,1436305.0
2026-06-24 14:43:00,1123.0,1123.0,1122.0,1122.0,792.0,1436305.0,1436562.0
2026-06-24 14:44:00,1122.0,1123.0,1122.0,1122.0,545.0,1436562.0,1436798.0
2026-06-24 14:45:00,1122.0,1123.0,1122.0,1122.0,470.0,1436798.0,1437015.0
2026-06-24 14:46:00,1122.0,1123.0,1121.0,1121.0,3757.0,1437015.0,1437613.0
2026-06-24 14:47:00,1121.0,1122.0,1120.0,1120.0,7626.0,1437613.0,1440742.0
2026-06-24 14:48:00,1120.0,1121.0,1120.0,1120.0,6056.0,1440742.0,1440831.0
2026-06-24 14:49:00,1120.0,1121.0,1120.0,1120.0,1451.0,1440831.0,1441553.0
2026-06-24 14:50:00,1120.0,1121.0,1120.0,1121.0,2312.0,1441553.0,1442474.0
2026-06-24 14:51:00,1121.0,1122.0,1120.0,1121.0,4615.0,1442474.0,1443774.0
2026-06-24 14:52:00,1121.0,1121.0,1120.0,1120.0,1313.0,1443774.0,1444370.0
2026-06-24 14:53:00,1120.0,1121.0,1120.0,1121.0,2308.0,1444370.0,1445097.0
2026-06-24 14:54:00,1121.0,1121.0,1120.0,1121.0,1166.0,1445097.0,1445351.0
2026-06-24 14:55:00,1121.0,1121.0,1120.0,1121.0,2405.0,1445351.0,1445718.0
2026-06-24 14:56:00,1121.0,1121.0,1120.0,1121.0,4884.0,1445718.0,1446577.0
2026-06-24 14:57:00,1121.0,1121.0,1119.0,1119.0,12453.0,1446577.0,1450415.0
2026-06-24 14:58:00,1119.0,1120.0,1118.0,1119.0,13227.0,1450415.0,1452728.0
2026-06-24 14:59:00,1119.0,1120.0,1118.0,1118.0,12778.0,1452728.0,1453742.0
2026-06-24 21:00:00,1118.0,1119.0,1114.0,1116.0,27176.0,1453742.0,1456414.0
2026-06-24 21:01:00,1116.0,1118.0,1116.0,1117.0,12117.0,1456414.0,1458762.0
2026-06-24 21:02:00,1117.0,1119.0,1117.0,1118.0,7549.0,1458762.0,1460664.0
2026-06-24 21:03:00,1118.0,1120.0,1118.0,1119.0,6632.0,1460664.0,1459982.0
2026-06-24 21:04:00,1119.0,1121.0,1119.0,1119.0,5758.0,1459982.0,1460403.0
2026-06-24 21:05:00,1119.0,1120.0,1117.0,1117.0,8524.0,1460403.0,1463292.0
2026-06-24 21:06:00,1117.0,1119.0,1117.0,1118.0,6216.0,1463292.0,1462647.0
2026-06-24 21:07:00,1118.0,1118.0,1117.0,1118.0,2272.0,1462647.0,1464102.0
2026-06-24 21:08:00,1118.0,1119.0,1117.0,1118.0,4570.0,1464102.0,1466877.0
2026-06-24 21:09:00,1118.0,1119.0,1117.0,1119.0,2251.0,1466877.0,1467109.0
2026-06-24 21:10:00,1119.0,1119.0,1118.0,1119.0,1027.0,1467109.0,1467205.0
2026-06-24 21:11:00,1119.0,1119.0,1118.0,1118.0,1235.0,1467205.0,1467327.0
2026-06-24 21:12:00,1118.0,1119.0,1118.0,1118.0,931.0,1467327.0,1467547.0
2026-06-24 21:13:00,1118.0,1119.0,1118.0,1119.0,1115.0,1467547.0,1467977.0
2026-06-24 21:14:00,1119.0,1121.0,1118.0,1121.0,6454.0,1467977.0,1469195.0
2026-06-24 21:15:00,1121.0,1121.0,1119.0,1119.0,7071.0,1469195.0,1469517.0
2026-06-24 21:16:00,1119.0,1120.0,1118.0,1120.0,2074.0,1469517.0,1470389.0
2026-06-24 21:17:00,1120.0,1120.0,1119.0,1119.0,997.0,1470389.0,1470144.0
2026-06-24 21:18:00,1119.0,1120.0,1118.0,1119.0,1984.0,1470144.0,1470207.0
2026-06-24 21:19:00,1119.0,1119.0,1118.0,1119.0,775.0,1470207.0,1470163.0
2026-06-24 21:20:00,1119.0,1119.0,1118.0,1118.0,1139.0,1470163.0,1470366.0
2026-06-24 21:21:00,1118.0,1119.0,1118.0,1118.0,1193.0,1470366.0,1470387.0
2026-06-24 21:22:00,1118.0,1120.0,1118.0,1119.0,3665.0,1470387.0,1471249.0
2026-06-24 21:23:00,1119.0,1120.0,1118.0,1119.0,3261.0,1471249.0,1470552.0
2026-06-24 21:24:00,1119.0,1119.0,1118.0,1119.0,1361.0,1470552.0,1470118.0
2026-06-24 21:25:00,1119.0,1119.0,1118.0,1119.0,789.0,1470118.0,1470028.0
2026-06-24 21:26:00,1119.0,1119.0,1118.0,1118.0,2176.0,1470028.0,1470931.0
2026-06-24 21:27:00,1118.0,1119.0,1117.0,1118.0,4740.0,1470931.0,1471306.0
2026-06-24 21:28:00,1118.0,1119.0,1118.0,1118.0,1122.0,1471306.0,1471347.0
2026-06-24 21:29:00,1118.0,1119.0,1118.0,1118.0,477.0,1471347.0,1471242.0
2026-06-24 21:30:00,1118.0,1119.0,1118.0,1119.0,555.0,1471242.0,1471170.0
2026-06-24 21:31:00,1119.0,1119.0,1118.0,1118.0,611.0,1471170.0,1471166.0
2026-06-24 21:32:00,1118.0,1120.0,1118.0,1120.0,2921.0,1471166.0,1470806.0
2026-06-24 21:33:00,1120.0,1120.0,1118.0,1119.0,733.0,1470806.0,1470564.0
2026-06-24 21:34:00,1119.0,1119.0,1118.0,1118.0,474.0,1470564.0,1470593.0
2026-06-24 21:35:00,1118.0,1119.0,1118.0,1119.0,243.0,1470593.0,1470719.0
2026-06-24 21:36:00,1119.0,1120.0,1118.0,1119.0,2141.0,1470719.0,1471429.0
2026-06-24 21:37:00,1119.0,1120.0,1119.0,1120.0,535.0,1471429.0,1471390.0
2026-06-24 21:38:00,1120.0,1120.0,1118.0,1119.0,2421.0,1471390.0,1472036.0
2026-06-24 21:39:00,1119.0,1119.0,1118.0,1119.0,574.0,1472036.0,1472345.0
2026-06-24 21:40:00,1119.0,1119.0,1118.0,1118.0,263.0,1472345.0,1472311.0
2026-06-24 21:41:00,1118.0,1119.0,1118.0,1118.0,417.0,1472311.0,1472266.0
2026-06-24 21:42:00,1118.0,1119.0,1118.0,1118.0,325.0,1472266.0,1472152.0
2026-06-24 21:43:00,1118.0,1119.0,1118.0,1118.0,338.0,1472152.0,1472170.0
2026-06-24 21:44:00,1118.0,1119.0,1118.0,1119.0,372.0,1472170.0,1472261.0
2026-06-24 21:45:00,1119.0,1120.0,1118.0,1120.0,5986.0,1472261.0,1473113.0
2026-06-24 21:46:00,1120.0,1121.0,1119.0,1119.0,4295.0,1473113.0,1473084.0
2026-06-24 21:47:00,1119.0,1120.0,1119.0,1120.0,1283.0,1473084.0,1473265.0
2026-06-24 21:48:00,1120.0,1120.0,1119.0,1120.0,504.0,1473265.0,1473295.0
2026-06-24 21:49:00,1120.0,1120.0,1119.0,1119.0,345.0,1473295.0,1473331.0
2026-06-24 21:50:00,1119.0,1120.0,1118.0,1119.0,3832.0,1473331.0,1473533.0
2026-06-24 21:51:00,1119.0,1119.0,1118.0,1119.0,1425.0,1473533.0,1474318.0
2026-06-24 21:52:00,1119.0,1120.0,1119.0,1120.0,327.0,1474318.0,1474290.0
2026-06-24 21:53:00,1120.0,1120.0,1119.0,1119.0,325.0,1474290.0,1474361.0
2026-06-24 21:54:00,1119.0,1120.0,1119.0,1120.0,89.0,1474361.0,1474378.0
2026-06-24 21:55:00,1120.0,1120.0,1119.0,1120.0,496.0,1474378.0,1474113.0
2026-06-24 21:56:00,1120.0,1121.0,1120.0,1121.0,3771.0,1474113.0,1474366.0
2026-06-24 21:57:00,1121.0,1121.0,1120.0,1121.0,546.0,1474366.0,1474234.0
2026-06-24 21:58:00,1121.0,1121.0,1119.0,1120.0,1376.0,1474234.0,1474303.0
2026-06-24 21:59:00,1120.0,1120.0,1119.0,1119.0,566.0,1474303.0,1474374.0
2026-06-24 22:00:00,1119.0,1121.0,1119.0,1120.0,1059.0,1474374.0,1474282.0
2026-06-24 22:01:00,1120.0,1121.0,1120.0,1120.0,653.0,1474282.0,1474295.0
2026-06-24 22:02:00,1120.0,1121.0,1119.0,1120.0,4560.0,1474295.0,1473452.0
2026-06-24 22:03:00,1120.0,1121.0,1119.0,1120.0,805.0,1473452.0,1473219.0
2026-06-24 22:04:00,1120.0,1121.0,1119.0,1120.0,628.0,1473219.0,1473351.0
2026-06-24 22:05:00,1120.0,1120.0,1119.0,1120.0,160.0,1473351.0,1473386.0
2026-06-24 22:06:00,1120.0,1120.0,1119.0,1120.0,190.0,1473386.0,1473409.0
2026-06-24 22:07:00,1120.0,1121.0,1119.0,1120.0,1390.0,1473409.0,1473298.0
2026-06-24 22:08:00,1120.0,1121.0,1119.0,1121.0,1333.0,1473298.0,1473413.0
2026-06-24 22:09:00,1121.0,1121.0,1119.0,1120.0,842.0,1473413.0,1473602.0
2026-06-24 22:10:00,1120.0,1120.0,1119.0,1120.0,321.0,1473602.0,1473548.0
2026-06-24 22:11:00,1120.0,1120.0,1119.0,1120.0,368.0,1473548.0,1473667.0
2026-06-24 22:12:00,1120.0,1120.0,1119.0,1120.0,159.0,1473667.0,1473743.0
2026-06-24 22:13:00,1120.0,1120.0,1119.0,1120.0,212.0,1473743.0,1473820.0
2026-06-24 22:14:00,1120.0,1120.0,1119.0,1120.0,269.0,1473820.0,1473883.0
2026-06-24 22:15:00,1120.0,1120.0,1119.0,1119.0,289.0,1473883.0,1473868.0
2026-06-24 22:16:00,1119.0,1120.0,1119.0,1120.0,140.0,1473868.0,1473862.0
2026-06-24 22:17:00,1120.0,1120.0,1119.0,1119.0,211.0,1473862.0,1473919.0
2026-06-24 22:18:00,1119.0,1120.0,1118.0,1118.0,3561.0,1473919.0,1474155.0
2026-06-24 22:19:00,1118.0,1120.0,1118.0,1118.0,1290.0,1474155.0,1474135.0
2026-06-24 22:20:00,1118.0,1119.0,1118.0,1119.0,354.0,1474135.0,1474083.0
2026-06-24 22:21:00,1119.0,1119.0,1118.0,1118.0,98.0,1474083.0,1474015.0
2026-06-24 22:22:00,1118.0,1119.0,1118.0,1118.0,361.0,1474015.0,1473843.0
2026-06-24 22:23:00,1118.0,1119.0,1118.0,1118.0,115.0,1473843.0,1473892.0
2026-06-24 22:24:00,1118.0,1119.0,1118.0,1119.0,289.0,1473892.0,1473835.0
2026-06-24 22:25:00,1119.0,1119.0,1118.0,1119.0,228.0,1473835.0,1473819.0
2026-06-24 22:26:00,1119.0,1120.0,1118.0,1119.0,2397.0,1473819.0,1474088.0
2026-06-24 22:27:00,1119.0,1120.0,1119.0,1120.0,72.0,1474088.0,1474078.0
2026-06-24 22:28:00,1120.0,1120.0,1119.0,1119.0,89.0,1474078.0,1474075.0
2026-06-24 22:29:00,1119.0,1120.0,1119.0,1119.0,267.0,1474075.0,1474075.0
2026-06-24 22:30:00,1119.0,1120.0,1119.0,1120.0,241.0,1474075.0,1474165.0
2026-06-24 22:31:00,1120.0,1120.0,1119.0,1120.0,195.0,1474165.0,1474100.0
2026-06-24 22:32:00,1120.0,1120.0,1119.0,1119.0,136.0,1474100.0,1474083.0
2026-06-24 22:33:00,1119.0,1120.0,1119.0,1120.0,241.0,1474083.0,1474062.0
2026-06-24 22:34:00,1120.0,1120.0,1119.0,1120.0,137.0,1474062.0,1474049.0
2026-06-24 22:35:00,1120.0,1121.0,1119.0,1121.0,1999.0,1474049.0,1473460.0
2026-06-24 22:36:00,1121.0,1121.0,1120.0,1121.0,535.0,1473460.0,1473364.0
2026-06-24 22:37:00,1121.0,1121.0,1120.0,1120.0,387.0,1473364.0,1473376.0
2026-06-24 22:38:00,1120.0,1121.0,1120.0,1120.0,261.0,1473376.0,1473367.0
2026-06-24 22:39:00,1120.0,1121.0,1120.0,1120.0,271.0,1473367.0,1473409.0
2026-06-24 22:40:00,1120.0,1121.0,1120.0,1120.0,268.0,1473409.0,1473391.0
2026-06-24 22:41:00,1120.0,1121.0,1120.0,1120.0,254.0,1473391.0,1473385.0
2026-06-24 22:42:00,1120.0,1121.0,1119.0,1119.0,2402.0,1473385.0,1472622.0
2026-06-24 22:43:00,1119.0,1120.0,1119.0,1120.0,347.0,1472622.0,1472513.0
2026-06-24 22:44:00,1120.0,1120.0,1119.0,1120.0,230.0,1472513.0,1472480.0
2026-06-24 22:45:00,1120.0,1120.0,1119.0,1120.0,184.0,1472480.0,1472433.0
2026-06-24 22:46:00,1120.0,1120.0,1119.0,1120.0,121.0,1472433.0,1472435.0
2026-06-24 22:47:00,1120.0,1120.0,1119.0,1119.0,246.0,1472435.0,1472404.0
2026-06-24 22:48:00,1119.0,1121.0,1119.0,1120.0,1836.0,1472404.0,1472282.0
2026-06-24 22:49:00,1120.0,1121.0,1119.0,1120.0,860.0,1472282.0,1471801.0
2026-06-24 22:50:00,1120.0,1121.0,1120.0,1120.0,1123.0,1471801.0,1471606.0
2026-06-24 22:51:00,1120.0,1121.0,1120.0,1120.0,748.0,1471606.0,1471476.0
2026-06-24 22:52:00,1120.0,1121.0,1119.0,1120.0,1162.0,1471476.0,1471243.0
2026-06-24 22:53:00,1120.0,1120.0,1119.0,1119.0,260.0,1471243.0,1471112.0
2026-06-24 22:54:00,1119.0,1120.0,1119.0,1119.0,132.0,1471112.0,1471044.0
2026-06-24 22:55:00,1119.0,1120.0,1119.0,1120.0,1606.0,1471044.0,1470858.0
2026-06-24 22:56:00,1120.0,1120.0,1119.0,1119.0,497.0,1470858.0,1470818.0
2026-06-24 22:57:00,1119.0,1120.0,1119.0,1120.0,988.0,1470818.0,1470889.0
2026-06-24 22:58:00,1120.0,1120.0,1119.0,1119.0,842.0,1470889.0,1471048.0
2026-06-24 22:59:00,1119.0,1120.0,1118.0,1119.0,5064.0,1471048.0,1470120.0
2026-06-25 09:00:00,1119.0,1120.0,1115.0,1116.0,11321.0,1470120.0,1472740.0
2026-06-25 09:01:00,1116.0,1117.0,1115.0,1116.0,5598.0,1472740.0,1472346.0
2026-06-25 09:02:00,1116.0,1118.0,1115.0,1116.0,8877.0,1472346.0,1472935.0
2026-06-25 09:03:00,1116.0,1118.0,1116.0,1118.0,3036.0,1472935.0,1474149.0
2026-06-25 09:04:00,1118.0,1118.0,1117.0,1117.0,1572.0,1474149.0,1473973.0
2026-06-25 09:05:00,1117.0,1119.0,1117.0,1119.0,4687.0,1473973.0,1474034.0
2026-06-25 09:06:00,1119.0,1120.0,1119.0,1120.0,1801.0,1474034.0,1474496.0
2026-06-25 09:07:00,1120.0,1121.0,1119.0,1120.0,5652.0,1474496.0,1475146.0
2026-06-25 09:08:00,1120.0,1121.0,1119.0,1120.0,2677.0,1475146.0,1474777.0
2026-06-25 09:09:00,1120.0,1120.0,1119.0,1120.0,665.0,1474777.0,1474864.0
2026-06-25 09:10:00,1120.0,1120.0,1119.0,1120.0,699.0,1474864.0,1474808.0
2026-06-25 09:11:00,1120.0,1120.0,1119.0,1120.0,757.0,1474808.0,1474772.0
2026-06-25 09:12:00,1120.0,1121.0,1119.0,1120.0,3340.0,1474772.0,1475175.0
2026-06-25 09:13:00,1120.0,1123.0,1119.0,1123.0,7627.0,1475175.0,1473503.0
2026-06-25 09:14:00,1123.0,1123.0,1120.0,1121.0,5063.0,1473503.0,1473978.0
2026-06-25 09:15:00,1121.0,1122.0,1120.0,1121.0,1385.0,1473978.0,1474098.0
2026-06-25 09:16:00,1121.0,1122.0,1120.0,1120.0,1219.0,1474098.0,1473750.0
2026-06-25 09:17:00,1120.0,1121.0,1120.0,1121.0,473.0,1473750.0,1473650.0
2026-06-25 09:18:00,1121.0,1121.0,1120.0,1121.0,307.0,1473650.0,1473770.0
2026-06-25 09:19:00,1121.0,1121.0,1120.0,1121.0,324.0,1473770.0,1473771.0
2026-06-25 09:20:00,1121.0,1122.0,1120.0,1121.0,1808.0,1473771.0,1473474.0
2026-06-25 09:21:00,1121.0,1121.0,1120.0,1120.0,1059.0,1473474.0,1473889.0
2026-06-25 09:22:00,1120.0,1121.0,1120.0,1120.0,406.0,1473889.0,1473780.0
2026-06-25 09:23:00,1120.0,1121.0,1119.0,1120.0,2759.0,1473780.0,1474892.0
2026-06-25 09:24:00,1120.0,1120.0,1119.0,1119.0,515.0,1474892.0,1474783.0
2026-06-25 09:25:00,1119.0,1120.0,1119.0,1120.0,272.0,1474783.0,1474891.0
2026-06-25 09:26:00,1120.0,1120.0,1119.0,1120.0,405.0,1474891.0,1474982.0
2026-06-25 09:27:00,1120.0,1120.0,1119.0,1119.0,407.0,1474982.0,1475062.0
2026-06-25 09:28:00,1119.0,1120.0,1119.0,1119.0,758.0,1475062.0,1475257.0
2026-06-25 09:29:00,1119.0,1120.0,1118.0,1118.0,2921.0,1475257.0,1475835.0
2026-06-25 09:30:00,1118.0,1119.0,1117.0,1118.0,2583.0,1475835.0,1475777.0
2026-06-25 09:31:00,1118.0,1118.0,1117.0,1118.0,507.0,1475777.0,1475810.0
2026-06-25 09:32:00,1118.0,1118.0,1116.0,1116.0,2842.0,1475810.0,1476032.0
2026-06-25 09:33:00,1116.0,1117.0,1116.0,1116.0,1006.0,1476032.0,1476001.0
2026-06-25 09:34:00,1116.0,1118.0,1116.0,1117.0,6341.0,1476001.0,1477173.0
2026-06-25 09:35:00,1117.0,1118.0,1117.0,1117.0,946.0,1477173.0,1477552.0
2026-06-25 09:36:00,1117.0,1117.0,1116.0,1116.0,2718.0,1477552.0,1478098.0
2026-06-25 09:37:00,1116.0,1117.0,1116.0,1117.0,759.0,1478098.0,1478154.0
2026-06-25 09:38:00,1117.0,1118.0,1116.0,1118.0,1296.0,1478154.0,1478142.0
2026-06-25 09:39:00,1118.0,1118.0,1117.0,1117.0,1694.0,1478142.0,1478597.0
2026-06-25 09:40:00,1117.0,1120.0,1117.0,1120.0,5538.0,1478597.0,1479012.0
2026-06-25 09:41:00,1120.0,1121.0,1119.0,1121.0,3490.0,1479012.0,1478887.0
2026-06-25 09:42:00,1121.0,1121.0,1119.0,1120.0,3214.0,1478887.0,1477715.0
2026-06-25 09:43:00,1120.0,1120.0,1119.0,1119.0,343.0,1477715.0,1477606.0
2026-06-25 09:44:00,1119.0,1120.0,1118.0,1118.0,4535.0,1477606.0,1477294.0
2026-06-25 09:45:00,1118.0,1120.0,1118.0,1120.0,1897.0,1477294.0,1477151.0
2026-06-25 09:46:00,1120.0,1120.0,1119.0,1120.0,889.0,1477151.0,1477101.0
2026-06-25 09:47:00,1120.0,1121.0,1119.0,1120.0,1694.0,1477101.0,1477119.0
2026-06-25 09:48:00,1120.0,1121.0,1119.0,1119.0,1878.0,1477119.0,1477087.0
2026-06-25 09:49:00,1119.0,1121.0,1119.0,1120.0,592.0,1477087.0,1477043.0
2026-06-25 09:50:00,1120.0,1121.0,1120.0,1120.0,4496.0,1477043.0,1478341.0
2026-06-25 09:51:00,1120.0,1120.0,1119.0,1120.0,454.0,1478341.0,1478419.0
2026-06-25 09:52:00,1120.0,1120.0,1119.0,1119.0,227.0,1478419.0,1478379.0
2026-06-25 09:53:00,1119.0,1120.0,1119.0,1120.0,105.0,1478379.0,1478330.0
2026-06-25 09:54:00,1120.0,1121.0,1119.0,1120.0,2660.0,1478330.0,1478235.0
2026-06-25 09:55:00,1120.0,1120.0,1119.0,1120.0,512.0,1478235.0,1478183.0
2026-06-25 09:56:00,1120.0,1120.0,1117.0,1117.0,3963.0,1478183.0,1478676.0
2026-06-25 09:57:00,1117.0,1119.0,1117.0,1118.0,1344.0,1478676.0,1478412.0
2026-06-25 09:58:00,1118.0,1119.0,1117.0,1118.0,851.0,1478412.0,1478287.0
2026-06-25 09:59:00,1118.0,1118.0,1117.0,1118.0,373.0,1478287.0,1478272.0
2026-06-25 10:00:00,1118.0,1118.0,1117.0,1118.0,1264.0,1478272.0,1478096.0
2026-06-25 10:01:00,1118.0,1119.0,1118.0,1118.0,878.0,1478096.0,1478063.0
2026-06-25 10:02:00,1118.0,1119.0,1118.0,1118.0,249.0,1478063.0,1478009.0
2026-06-25 10:03:00,1118.0,1119.0,1118.0,1119.0,261.0,1478009.0,1477892.0
2026-06-25 10:04:00,1119.0,1119.0,1117.0,1118.0,1246.0,1477892.0,1477963.0
2026-06-25 10:05:00,1118.0,1118.0,1117.0,1117.0,328.0,1477963.0,1477941.0
2026-06-25 10:06:00,1117.0,1118.0,1117.0,1117.0,252.0,1477941.0,1477866.0
2026-06-25 10:07:00,1117.0,1118.0,1117.0,1118.0,200.0,1477866.0,1477812.0
2026-06-25 10:08:00,1118.0,1118.0,1117.0,1118.0,179.0,1477812.0,1477849.0
2026-06-25 10:09:00,1118.0,1118.0,1113.0,1113.0,14592.0,1477849.0,1480736.0
2026-06-25 10:10:00,1113.0,1114.0,1112.0,1113.0,9507.0,1480736.0,1480726.0
2026-06-25 10:11:00,1113.0,1113.0,1112.0,1113.0,7127.0,1480726.0,1481404.0
2026-06-25 10:12:00,1113.0,1113.0,1110.0,1111.0,14259.0,1481404.0,1482499.0
2026-06-25 10:13:00,1111.0,1113.0,1111.0,1112.0,6780.0,1482499.0,1482580.0
2026-06-25 10:14:00,1112.0,1114.0,1111.0,1114.0,5577.0,1482580.0,1482670.0
2026-06-25 10:30:00,1114.0,1115.0,1112.0,1115.0,5526.0,1482670.0,1482680.0
2026-06-25 10:31:00,1115.0,1115.0,1113.0,1114.0,1816.0,1482680.0,1482425.0
2026-06-25 10:32:00,1114.0,1114.0,1113.0,1113.0,448.0,1482425.0,1482401.0
2026-06-25 10:33:00,1113.0,1114.0,1113.0,1114.0,915.0,1482401.0,1482024.0
2026-06-25 10:34:00,1114.0,1114.0,1113.0,1114.0,2077.0,1482024.0,1482246.0
2026-06-25 10:35:00,1114.0,1115.0,1114.0,1115.0,438.0,1482246.0,1482399.0
2026-06-25 10:36:00,1115.0,1115.0,1114.0,1114.0,523.0,1482399.0,1482376.0
2026-06-25 10:37:00,1114.0,1117.0,1114.0,1117.0,4872.0,1482376.0,1481605.0
2026-06-25 10:38:00,1117.0,1118.0,1115.0,1117.0,6973.0,1481605.0,1479039.0
2026-06-25 10:39:00,1117.0,1118.0,1116.0,1117.0,2174.0,1479039.0,1478923.0
2026-06-25 10:40:00,1117.0,1118.0,1116.0,1116.0,2864.0,1478923.0,1478081.0
2026-06-25 10:41:00,1116.0,1117.0,1116.0,1116.0,369.0,1478081.0,1478041.0
2026-06-25 10:42:00,1116.0,1117.0,1116.0,1116.0,236.0,1478041.0,1477969.0
2026-06-25 10:43:00,1116.0,1117.0,1116.0,1116.0,550.0,1477969.0,1477823.0
2026-06-25 10:44:00,1116.0,1117.0,1115.0,1117.0,3268.0,1477823.0,1477584.0
2026-06-25 10:45:00,1117.0,1117.0,1115.0,1116.0,2126.0,1477584.0,1477845.0
2026-06-25 10:46:00,1116.0,1117.0,1115.0,1116.0,1393.0,1477845.0,1477316.0
2026-06-25 10:47:00,1116.0,1117.0,1116.0,1117.0,320.0,1477316.0,1477250.0
2026-06-25 10:48:00,1117.0,1117.0,1115.0,1117.0,1293.0,1477250.0,1477322.0
2026-06-25 10:49:00,1117.0,1117.0,1115.0,1117.0,1527.0,1477322.0,1476930.0
2026-06-25 10:50:00,1117.0,1117.0,1116.0,1116.0,273.0,1476930.0,1476807.0
2026-06-25 10:51:00,1116.0,1117.0,1116.0,1117.0,519.0,1476807.0,1476770.0
2026-06-25 10:52:00,1117.0,1117.0,1116.0,1117.0,294.0,1476770.0,1476645.0
2026-06-25 10:53:00,1117.0,1117.0,1116.0,1116.0,890.0,1476645.0,1476779.0
2026-06-25 10:54:00,1116.0,1117.0,1116.0,1116.0,905.0,1476779.0,1476909.0
2026-06-25 10:55:00,1116.0,1118.0,1116.0,1117.0,3866.0,1476909.0,1477452.0
2026-06-25 10:56:00,1117.0,1117.0,1116.0,1117.0,572.0,1477452.0,1477751.0
2026-06-25 10:57:00,1117.0,1118.0,1116.0,1117.0,1404.0,1477751.0,1477495.0
2026-06-25 10:58:00,1117.0,1118.0,1116.0,1117.0,1130.0,1477495.0,1477413.0
2026-06-25 10:59:00,1117.0,1118.0,1116.0,1117.0,846.0,1477413.0,1477347.0
2026-06-25 11:00:00,1117.0,1120.0,1117.0,1120.0,7429.0,1477347.0,1475571.0
2026-06-25 11:01:00,1120.0,1120.0,1118.0,1118.0,2536.0,1475571.0,1474914.0
2026-06-25 11:02:00,1118.0,1119.0,1118.0,1119.0,565.0,1474914.0,1474939.0
2026-06-25 11:03:00,1119.0,1119.0,1118.0,1118.0,406.0,1474939.0,1475036.0
2026-06-25 11:04:00,1118.0,1119.0,1117.0,1118.0,3522.0,1475036.0,1475351.0
2026-06-25 11:05:00,1118.0,1118.0,1117.0,1117.0,303.0,1475351.0,1475272.0
2026-06-25 11:06:00,1117.0,1117.0,1116.0,1116.0,2075.0,1475272.0,1475931.0
2026-06-25 11:07:00,1116.0,1118.0,1116.0,1118.0,1721.0,1475931.0,1475579.0
2026-06-25 11:08:00,1118.0,1118.0,1116.0,1117.0,590.0,1475579.0,1475589.0
2026-06-25 11:09:00,1117.0,1117.0,1116.0,1117.0,716.0,1475589.0,1475511.0
2026-06-25 11:10:00,1117.0,1117.0,1116.0,1116.0,203.0,1475511.0,1475576.0
2026-06-25 11:11:00,1116.0,1117.0,1116.0,1117.0,520.0,1475576.0,1475574.0
2026-06-25 11:12:00,1117.0,1117.0,1116.0,1116.0,123.0,1475574.0,1475531.0
2026-06-25 11:13:00,1116.0,1116.0,1115.0,1115.0,1562.0,1475531.0,1475916.0
2026-06-25 11:14:00,1115.0,1117.0,1115.0,1117.0,2421.0,1475916.0,1475995.0
2026-06-25 11:15:00,1117.0,1117.0,1115.0,1116.0,1224.0,1475995.0,1476624.0
2026-06-25 11:16:00,1116.0,1117.0,1115.0,1116.0,1569.0,1476624.0,1476516.0
2026-06-25 11:17:00,1116.0,1117.0,1116.0,1116.0,440.0,1476516.0,1476433.0
2026-06-25 11:18:00,1116.0,1117.0,1116.0,1117.0,89.0,1476433.0,1476439.0
2026-06-25 11:19:00,1117.0,1117.0,1116.0,1116.0,87.0,1476439.0,1476452.0
2026-06-25 11:20:00,1116.0,1118.0,1116.0,1117.0,2661.0,1476452.0,1476463.0
2026-06-25 11:21:00,1117.0,1118.0,1117.0,1117.0,244.0,1476463.0,1476269.0
2026-06-25 11:22:00,1117.0,1118.0,1117.0,1117.0,1439.0,1476269.0,1476150.0
2026-06-25 11:23:00,1117.0,1118.0,1117.0,1118.0,146.0,1476150.0,1476065.0
2026-06-25 11:24:00,1118.0,1118.0,1117.0,1118.0,436.0,1476065.0,1475855.0
2026-06-25 11:25:00,1118.0,1119.0,1117.0,1118.0,3132.0,1475855.0,1475975.0
2026-06-25 11:26:00,1118.0,1119.0,1117.0,1118.0,1202.0,1475975.0,1475946.0
2026-06-25 11:27:00,1118.0,1119.0,1117.0,1119.0,465.0,1475946.0,1475845.0
2026-06-25 11:28:00,1119.0,1119.0,1117.0,1117.0,973.0,1475845.0,1475640.0
2026-06-25 11:29:00,1117.0,1119.0,1117.0,1117.0,2471.0,1475640.0,1475343.0
2026-06-25 13:30:00,1117.0,1118.0,1115.0,1115.0,3434.0,1475343.0,1476475.0
2026-06-25 13:31:00,1115.0,1116.0,1114.0,1114.0,4213.0,1476475.0,1476903.0
2026-06-25 13:32:00,1114.0,1115.0,1114.0,1114.0,666.0,1476903.0,1477112.0
2026-06-25 13:33:00,1114.0,1115.0,1114.0,1115.0,856.0,1477112.0,1477051.0
2026-06-25 13:34:00,1115.0,1115.0,1114.0,1114.0,1531.0,1477051.0,1476891.0
2026-06-25 13:35:00,1114.0,1115.0,1112.0,1112.0,5717.0,1476891.0,1477164.0
2026-06-25 13:36:00,1112.0,1113.0,1110.0,1112.0,11686.0,1477164.0,1479474.0
2026-06-25 13:37:00,1112.0,1112.0,1110.0,1111.0,3862.0,1479474.0,1480402.0
2026-06-25 13:38:00,1111.0,1113.0,1110.0,1112.0,5649.0,1480402.0,1482326.0
2026-06-25 13:39:00,1112.0,1113.0,1112.0,1112.0,881.0,1482326.0,1482568.0
2026-06-25 13:40:00,1112.0,1113.0,1112.0,1112.0,701.0,1482568.0,1482657.0
2026-06-25 13:41:00,1112.0,1113.0,1112.0,1112.0,1224.0,1482657.0,1482896.0
2026-06-25 13:42:00,1112.0,1113.0,1111.0,1112.0,2919.0,1482896.0,1484685.0
2026-06-25 13:43:00,1112.0,1113.0,1111.0,1111.0,3532.0,1484685.0,1484209.0
2026-06-25 13:44:00,1111.0,1112.0,1111.0,1112.0,675.0,1484209.0,1484288.0
2026-06-25 13:45:00,1112.0,1112.0,1111.0,1112.0,975.0,1484288.0,1484504.0
2026-06-25 13:46:00,1112.0,1112.0,1111.0,1112.0,715.0,1484504.0,1484358.0
2026-06-25 13:47:00,1112.0,1112.0,1111.0,1112.0,882.0,1484358.0,1484250.0
2026-06-25 13:48:00,1112.0,1112.0,1111.0,1111.0,1320.0,1484250.0,1484466.0
2026-06-25 13:49:00,1111.0,1112.0,1110.0,1110.0,8135.0,1484466.0,1487640.0
2026-06-25 13:50:00,1110.0,1111.0,1109.0,1109.0,12318.0,1487640.0,1490351.0
2026-06-25 13:51:00,1109.0,1111.0,1109.0,1111.0,4291.0,1490351.0,1489986.0
2026-06-25 13:52:00,1111.0,1113.0,1111.0,1113.0,5812.0,1489986.0,1490471.0
2026-06-25 13:53:00,1113.0,1113.0,1111.0,1112.0,5415.0,1490471.0,1491968.0
2026-06-25 13:54:00,1112.0,1113.0,1111.0,1112.0,2060.0,1491968.0,1493003.0
2026-06-25 13:55:00,1112.0,1113.0,1111.0,1113.0,2897.0,1493003.0,1491927.0
2026-06-25 13:56:00,1113.0,1113.0,1112.0,1112.0,784.0,1491927.0,1492195.0
2026-06-25 13:57:00,1112.0,1113.0,1112.0,1113.0,2735.0,1492195.0,1492216.0
2026-06-25 13:58:00,1113.0,1113.0,1111.0,1111.0,1801.0,1492216.0,1492486.0
2026-06-25 13:59:00,1111.0,1112.0,1111.0,1112.0,533.0,1492486.0,1492726.0
2026-06-25 14:00:00,1112.0,1112.0,1110.0,1111.0,3345.0,1492726.0,1493268.0
2026-06-25 14:01:00,1111.0,1112.0,1110.0,1110.0,3569.0,1493268.0,1494233.0
2026-06-25 14:02:00,1110.0,1112.0,1110.0,1112.0,1290.0,1494233.0,1494324.0
2026-06-25 14:03:00,1112.0,1112.0,1111.0,1112.0,293.0,1494324.0,1494368.0
2026-06-25 14:04:00,1112.0,1113.0,1111.0,1112.0,2589.0,1494368.0,1494054.0
2026-06-25 14:05:00,1112.0,1113.0,1111.0,1111.0,872.0,1494054.0,1494198.0
2026-06-25 14:06:00,1111.0,1112.0,1111.0,1111.0,657.0,1494198.0,1494454.0
2026-06-25 14:07:00,1111.0,1113.0,1111.0,1111.0,1358.0,1494454.0,1494728.0
2026-06-25 14:08:00,1111.0,1112.0,1111.0,1112.0,651.0,1494728.0,1495171.0
2026-06-25 14:09:00,1112.0,1112.0,1111.0,1111.0,643.0,1495171.0,1495209.0
2026-06-25 14:10:00,1111.0,1112.0,1111.0,1111.0,673.0,1495209.0,1495298.0
2026-06-25 14:11:00,1111.0,1112.0,1110.0,1111.0,3537.0,1495298.0,1496252.0
2026-06-25 14:12:00,1111.0,1111.0,1110.0,1110.0,668.0,1496252.0,1496297.0
2026-06-25 14:13:00,1110.0,1112.0,1110.0,1111.0,1871.0,1496297.0,1495840.0
2026-06-25 14:14:00,1111.0,1112.0,1111.0,1111.0,199.0,1495840.0,1495755.0
2026-06-25 14:15:00,1111.0,1112.0,1110.0,1111.0,1638.0,1495755.0,1496473.0
2026-06-25 14:16:00,1111.0,1111.0,1110.0,1111.0,1413.0,1496473.0,1496603.0
2026-06-25 14:17:00,1111.0,1112.0,1110.0,1111.0,1201.0,1496603.0,1497332.0
2026-06-25 14:18:00,1111.0,1112.0,1111.0,1112.0,688.0,1497332.0,1497739.0
2026-06-25 14:19:00,1112.0,1112.0,1110.0,1110.0,1444.0,1497739.0,1498398.0
2026-06-25 14:20:00,1110.0,1112.0,1110.0,1111.0,2261.0,1498398.0,1498397.0
2026-06-25 14:21:00,1111.0,1112.0,1110.0,1111.0,723.0,1498397.0,1498409.0
2026-06-25 14:22:00,1111.0,1112.0,1110.0,1111.0,1004.0,1498409.0,1499002.0
2026-06-25 14:23:00,1111.0,1112.0,1110.0,1111.0,942.0,1499002.0,1498949.0
2026-06-25 14:24:00,1111.0,1111.0,1110.0,1111.0,695.0,1498949.0,1499024.0
2026-06-25 14:25:00,1111.0,1112.0,1111.0,1111.0,467.0,1499024.0,1498995.0
2026-06-25 14:26:00,1111.0,1112.0,1111.0,1111.0,547.0,1498995.0,1498893.0
2026-06-25 14:27:00,1111.0,1112.0,1111.0,1112.0,488.0,1498893.0,1498949.0
2026-06-25 14:28:00,1112.0,1112.0,1111.0,1112.0,669.0,1498949.0,1498958.0
2026-06-25 14:29:00,1112.0,1112.0,1111.0,1111.0,456.0,1498958.0,1499165.0
2026-06-25 14:30:00,1111.0,1112.0,1111.0,1112.0,425.0,1499165.0,1499170.0
2026-06-25 14:31:00,1112.0,1112.0,1111.0,1111.0,503.0,1499170.0,1498979.0
2026-06-25 14:32:00,1111.0,1112.0,1111.0,1111.0,699.0,1498979.0,1499077.0
2026-06-25 14:33:00,1111.0,1111.0,1110.0,1110.0,1770.0,1499077.0,1499256.0
2026-06-25 14:34:00,1110.0,1111.0,1110.0,1110.0,1067.0,1499256.0,1499175.0
2026-06-25 14:35:00,1110.0,1111.0,1110.0,1110.0,920.0,1499175.0,1499227.0
2026-06-25 14:36:00,1110.0,1111.0,1110.0,1110.0,776.0,1499227.0,1499246.0
2026-06-25 14:37:00,1110.0,1111.0,1109.0,1109.0,4655.0,1499246.0,1501532.0
2026-06-25 14:38:00,1109.0,1110.0,1108.0,1108.0,6595.0,1501532.0,1500965.0
2026-06-25 14:39:00,1108.0,1109.0,1107.0,1108.0,8245.0,1500965.0,1503435.0
2026-06-25 14:40:00,1108.0,1108.0,1107.0,1107.0,3724.0,1503435.0,1504246.0
2026-06-25 14:41:00,1107.0,1108.0,1106.0,1106.0,6121.0,1504246.0,1505400.0
2026-06-25 14:42:00,1106.0,1107.0,1106.0,1107.0,7739.0,1505400.0,1505433.0
2026-06-25 14:43:00,1107.0,1107.0,1106.0,1107.0,2285.0,1505433.0,1506109.0
2026-06-25 14:44:00,1107.0,1107.0,1105.0,1107.0,7306.0,1506109.0,1506819.0
2026-06-25 14:45:00,1107.0,1108.0,1106.0,1106.0,4190.0,1506819.0,1506612.0
2026-06-25 14:46:00,1106.0,1108.0,1106.0,1107.0,3352.0,1506612.0,1506743.0
2026-06-25 14:47:00,1107.0,1108.0,1106.0,1107.0,2534.0,1506743.0,1505937.0
2026-06-25 14:48:00,1107.0,1108.0,1107.0,1107.0,1492.0,1505937.0,1505680.0
2026-06-25 14:49:00,1107.0,1108.0,1107.0,1108.0,1576.0,1505680.0,1505948.0
2026-06-25 14:50:00,1108.0,1109.0,1107.0,1109.0,3955.0,1505948.0,1505988.0
2026-06-25 14:51:00,1109.0,1110.0,1107.0,1109.0,5114.0,1505988.0,1504815.0
2026-06-25 14:52:00,1109.0,1110.0,1109.0,1109.0,1106.0,1504815.0,1504811.0
2026-06-25 14:53:00,1109.0,1110.0,1108.0,1109.0,2280.0,1504811.0,1505341.0
2026-06-25 14:54:00,1109.0,1109.0,1108.0,1108.0,850.0,1505341.0,1505361.0
2026-06-25 14:55:00,1108.0,1110.0,1108.0,1110.0,3413.0,1505361.0,1503936.0
2026-06-25 14:56:00,1110.0,1110.0,1109.0,1110.0,3527.0,1503936.0,1502227.0
2026-06-25 14:57:00,1110.0,1110.0,1109.0,1109.0,2330.0,1502227.0,1501244.0
2026-06-25 14:58:00,1109.0,1111.0,1109.0,1111.0,5060.0,1501244.0,1499052.0
2026-06-25 14:59:00,1111.0,1112.0,1110.0,1111.0,10066.0,1499052.0,1494784.0
2026-06-25 21:00:00,1113.0,1113.0,1108.0,1108.0,17306.0,1494784.0,1494527.0
2026-06-25 21:01:00,1108.0,1109.0,1108.0,1109.0,9153.0,1494527.0,1496366.0
2026-06-25 21:02:00,1109.0,1109.0,1106.0,1108.0,10325.0,1496366.0,1497905.0
2026-06-25 21:03:00,1108.0,1109.0,1107.0,1109.0,6333.0,1497905.0,1498789.0
2026-06-25 21:04:00,1109.0,1110.0,1108.0,1110.0,4741.0,1498789.0,1499450.0
2026-06-25 21:05:00,1110.0,1110.0,1108.0,1109.0,3383.0,1499450.0,1500095.0
2026-06-25 21:06:00,1109.0,1110.0,1108.0,1109.0,3059.0,1500095.0,1501269.0
2026-06-25 21:07:00,1109.0,1111.0,1109.0,1111.0,4635.0,1501269.0,1501501.0
2026-06-25 21:08:00,1111.0,1112.0,1110.0,1111.0,3284.0,1501501.0,1500932.0
2026-06-25 21:09:00,1111.0,1112.0,1110.0,1111.0,5213.0,1500932.0,1501551.0
2026-06-25 21:10:00,1111.0,1112.0,1110.0,1110.0,1952.0,1501551.0,1501932.0
2026-06-25 21:11:00,1110.0,1111.0,1110.0,1110.0,1069.0,1501932.0,1502323.0
2026-06-25 21:12:00,1110.0,1111.0,1110.0,1111.0,1011.0,1502323.0,1502725.0
2026-06-25 21:13:00,1111.0,1111.0,1109.0,1109.0,4998.0,1502725.0,1503832.0
2026-06-25 21:14:00,1109.0,1110.0,1109.0,1110.0,1031.0,1503832.0,1504339.0
2026-06-25 21:15:00,1110.0,1110.0,1109.0,1109.0,1272.0,1504339.0,1504565.0
2026-06-25 21:16:00,1109.0,1111.0,1109.0,1110.0,2974.0,1504565.0,1505403.0
2026-06-25 21:17:00,1110.0,1111.0,1110.0,1110.0,1067.0,1505403.0,1505867.0
2026-06-25 21:18:00,1110.0,1110.0,1109.0,1109.0,1648.0,1505867.0,1505546.0
2026-06-25 21:19:00,1109.0,1110.0,1109.0,1109.0,1092.0,1505546.0,1505956.0
2026-06-25 21:20:00,1109.0,1110.0,1109.0,1109.0,1258.0,1505956.0,1506319.0
2026-06-25 21:21:00,1109.0,1110.0,1108.0,1108.0,2778.0,1506319.0,1507673.0
2026-06-25 21:22:00,1108.0,1109.0,1107.0,1107.0,3922.0,1507673.0,1509188.0
2026-06-25 21:23:00,1107.0,1108.0,1106.0,1108.0,4287.0,1509188.0,1509836.0
2026-06-25 21:24:00,1108.0,1108.0,1106.0,1106.0,2527.0,1509836.0,1510439.0
2026-06-25 21:25:00,1106.0,1107.0,1106.0,1106.0,1617.0,1510439.0,1510720.0
2026-06-25 21:26:00,1106.0,1107.0,1106.0,1106.0,1512.0,1510720.0,1511251.0
2026-06-25 21:27:00,1106.0,1108.0,1106.0,1107.0,5538.0,1511251.0,1510869.0
2026-06-25 21:28:00,1107.0,1107.0,1105.0,1105.0,4905.0,1510869.0,1512616.0
2026-06-25 21:29:00,1105.0,1106.0,1103.0,1104.0,12729.0,1512616.0,1515474.0
2026-06-25 21:30:00,1104.0,1105.0,1104.0,1105.0,6540.0,1515474.0,1516586.0
2026-06-25 21:31:00,1105.0,1106.0,1105.0,1106.0,996.0,1516586.0,1516998.0
2026-06-25 21:32:00,1106.0,1106.0,1105.0,1106.0,1478.0,1516998.0,1517610.0
2026-06-25 21:33:00,1106.0,1106.0,1105.0,1105.0,2043.0,1517610.0,1518487.0
2026-06-25 21:34:00,1105.0,1107.0,1105.0,1106.0,3671.0,1518487.0,1519430.0
2026-06-25 21:35:00,1106.0,1107.0,1106.0,1106.0,1911.0,1519430.0,1519003.0
2026-06-25 21:36:00,1106.0,1107.0,1105.0,1107.0,3718.0,1519003.0,1519814.0
2026-06-25 21:37:00,1107.0,1107.0,1105.0,1105.0,909.0,1519814.0,1520410.0
2026-06-25 21:38:00,1105.0,1106.0,1105.0,1106.0,331.0,1520410.0,1520436.0
2026-06-25 21:39:00,1106.0,1107.0,1106.0,1106.0,1193.0,1520436.0,1520489.0
2026-06-25 21:40:00,1106.0,1107.0,1106.0,1106.0,342.0,1520489.0,1520465.0
2026-06-25 21:41:00,1106.0,1107.0,1106.0,1107.0,438.0,1520465.0,1520499.0
2026-06-25 21:42:00,1107.0,1107.0,1106.0,1106.0,467.0,1520499.0,1520461.0
2026-06-25 21:43:00,1106.0,1107.0,1106.0,1107.0,363.0,1520461.0,1520287.0
2026-06-25 21:44:00,1107.0,1107.0,1106.0,1106.0,441.0,1520287.0,1520253.0
2026-06-25 21:45:00,1106.0,1108.0,1106.0,1107.0,3235.0,1520253.0,1519206.0
2026-06-25 21:46:00,1107.0,1108.0,1107.0,1108.0,498.0,1519206.0,1519201.0
2026-06-25 21:47:00,1108.0,1108.0,1107.0,1108.0,582.0,1519201.0,1519395.0
2026-06-25 21:48:00,1108.0,1108.0,1107.0,1108.0,324.0,1519395.0,1519456.0
2026-06-25 21:49:00,1108.0,1108.0,1107.0,1108.0,1563.0,1519456.0,1519251.0
2026-06-25 21:50:00,1108.0,1108.0,1107.0,1107.0,441.0,1519251.0,1519370.0
2026-06-25 21:51:00,1107.0,1108.0,1107.0,1107.0,474.0,1519370.0,1519488.0
2026-06-25 21:52:00,1107.0,1108.0,1107.0,1108.0,339.0,1519488.0,1519517.0
2026-06-25 21:53:00,1108.0,1108.0,1107.0,1108.0,367.0,1519517.0,1519564.0
2026-06-25 21:54:00,1108.0,1108.0,1106.0,1106.0,2023.0,1519564.0,1519604.0
2026-06-25 21:55:00,1106.0,1107.0,1106.0,1106.0,319.0,1519604.0,1519576.0
2026-06-25 21:56:00,1106.0,1107.0,1106.0,1107.0,541.0,1519576.0,1519720.0
2026-06-25 21:57:00,1107.0,1107.0,1105.0,1105.0,1931.0,1519720.0,1520369.0
2026-06-25 21:58:00,1105.0,1107.0,1105.0,1106.0,1729.0,1520369.0,1520452.0
2026-06-25 21:59:00,1106.0,1107.0,1106.0,1106.0,675.0,1520452.0,1520018.0
2026-06-25 22:00:00,1106.0,1107.0,1106.0,1107.0,791.0,1520018.0,1520075.0
2026-06-25 22:01:00,1107.0,1107.0,1106.0,1107.0,477.0,1520075.0,1520017.0
2026-06-25 22:02:00,1107.0,1107.0,1106.0,1106.0,328.0,1520017.0,1520094.0
2026-06-25 22:03:00,1106.0,1107.0,1106.0,1107.0,173.0,1520094.0,1520160.0
2026-06-25 22:04:00,1107.0,1107.0,1106.0,1106.0,368.0,1520160.0,1520332.0
2026-06-25 22:05:00,1106.0,1107.0,1106.0,1107.0,194.0,1520332.0,1520349.0
2026-06-25 22:06:00,1107.0,1107.0,1106.0,1106.0,405.0,1520349.0,1520387.0
2026-06-25 22:07:00,1106.0,1107.0,1105.0,1107.0,1644.0,1520387.0,1519759.0
2026-06-25 22:08:00,1107.0,1107.0,1106.0,1106.0,206.0,1519759.0,1519704.0
2026-06-25 22:09:00,1106.0,1107.0,1106.0,1106.0,1478.0,1519704.0,1519333.0
2026-06-25 22:10:00,1106.0,1107.0,1106.0,1106.0,232.0,1519333.0,1519301.0
2026-06-25 22:11:00,1106.0,1107.0,1106.0,1106.0,380.0,1519301.0,1519478.0
2026-06-25 22:12:00,1106.0,1107.0,1106.0,1107.0,355.0,1519478.0,1519424.0
2026-06-25 22:13:00,1107.0,1107.0,1106.0,1106.0,298.0,1519424.0,1519320.0
2026-06-25 22:14:00,1106.0,1107.0,1106.0,1106.0,254.0,1519320.0,1519259.0
2026-06-25 22:15:00,1106.0,1107.0,1106.0,1107.0,326.0,1519259.0,1519296.0
2026-06-25 22:16:00,1107.0,1107.0,1106.0,1106.0,114.0,1519296.0,1519297.0
2026-06-25 22:17:00,1106.0,1107.0,1106.0,1107.0,217.0,1519297.0,1519234.0
2026-06-25 22:18:00,1107.0,1107.0,1106.0,1107.0,177.0,1519234.0,1519276.0
2026-06-25 22:19:00,1107.0,1107.0,1106.0,1107.0,185.0,1519276.0,1519298.0
2026-06-25 22:20:00,1107.0,1107.0,1106.0,1106.0,260.0,1519298.0,1519225.0
2026-06-25 22:21:00,1106.0,1107.0,1106.0,1107.0,363.0,1519225.0,1519089.0
2026-06-25 22:22:00,1107.0,1107.0,1106.0,1106.0,525.0,1519089.0,1518881.0
2026-06-25 22:23:00,1106.0,1107.0,1105.0,1107.0,1774.0,1518881.0,1518316.0
2026-06-25 22:24:00,1107.0,1107.0,1106.0,1106.0,352.0,1518316.0,1518287.0
2026-06-25 22:25:00,1106.0,1107.0,1106.0,1107.0,277.0,1518287.0,1518322.0
2026-06-25 22:26:00,1107.0,1107.0,1106.0,1106.0,2440.0,1518322.0,1518318.0
2026-06-25 22:27:00,1106.0,1108.0,1106.0,1108.0,3748.0,1518318.0,1518194.0
2026-06-25 22:28:00,1108.0,1108.0,1107.0,1107.0,1822.0,1518194.0,1518170.0
2026-06-25 22:29:00,1107.0,1108.0,1107.0,1107.0,866.0,1518170.0,1518102.0
2026-06-25 22:30:00,1107.0,1108.0,1107.0,1107.0,203.0,1518102.0,1518205.0
2026-06-25 22:31:00,1107.0,1108.0,1107.0,1107.0,340.0,1518205.0,1518217.0
2026-06-25 22:32:00,1107.0,1108.0,1107.0,1107.0,514.0,1518217.0,1518504.0
2026-06-25 22:33:00,1107.0,1108.0,1107.0,1107.0,154.0,1518504.0,1518480.0
2026-06-25 22:34:00,1107.0,1108.0,1107.0,1107.0,89.0,1518480.0,1518498.0
2026-06-25 22:35:00,1107.0,1108.0,1107.0,1107.0,99.0,1518498.0,1518498.0
2026-06-25 22:36:00,1107.0,1108.0,1107.0,1108.0,178.0,1518498.0,1518548.0
2026-06-25 22:37:00,1108.0,1108.0,1107.0,1107.0,1818.0,1518548.0,1518280.0
2026-06-25 22:38:00,1107.0,1108.0,1106.0,1107.0,657.0,1518280.0,1518127.0
2026-06-25 22:39:00,1107.0,1108.0,1107.0,1108.0,298.0,1518127.0,1518041.0
2026-06-25 22:40:00,1108.0,1108.0,1106.0,1107.0,286.0,1518041.0,1518023.0
2026-06-25 22:41:00,1107.0,1108.0,1106.0,1107.0,562.0,1518023.0,1518047.0
2026-06-25 22:42:00,1107.0,1107.0,1106.0,1107.0,141.0,1518047.0,1518148.0
2026-06-25 22:43:00,1107.0,1107.0,1106.0,1106.0,235.0,1518148.0,1518110.0
2026-06-25 22:44:00,1106.0,1107.0,1106.0,1106.0,335.0,1518110.0,1518226.0
2026-06-25 22:45:00,1106.0,1108.0,1106.0,1107.0,1964.0,1518226.0,1517553.0
2026-06-25 22:46:00,1107.0,1108.0,1106.0,1107.0,1481.0,1517553.0,1517707.0
2026-06-25 22:47:00,1107.0,1107.0,1106.0,1107.0,544.0,1517707.0,1517714.0
2026-06-25 22:48:00,1107.0,1107.0,1106.0,1107.0,168.0,1517714.0,1517822.0
2026-06-25 22:49:00,1107.0,1107.0,1105.0,1106.0,4289.0,1517822.0,1518733.0
2026-06-25 22:50:00,1106.0,1107.0,1106.0,1106.0,180.0,1518733.0,1518738.0
2026-06-25 22:51:00,1106.0,1107.0,1106.0,1106.0,682.0,1518738.0,1518337.0
2026-06-25 22:52:00,1106.0,1107.0,1106.0,1107.0,401.0,1518337.0,1518362.0
2026-06-25 22:53:00,1107.0,1107.0,1106.0,1106.0,1000.0,1518362.0,1517668.0
2026-06-25 22:54:00,1106.0,1107.0,1106.0,1107.0,201.0,1517668.0,1517693.0
2026-06-25 22:55:00,1107.0,1107.0,1106.0,1107.0,384.0,1517693.0,1517686.0
2026-06-25 22:56:00,1107.0,1107.0,1106.0,1106.0,590.0,1517686.0,1517634.0
2026-06-25 22:57:00,1106.0,1107.0,1106.0,1106.0,1878.0,1517634.0,1516992.0
2026-06-25 22:58:00,1106.0,1107.0,1106.0,1107.0,1141.0,1516992.0,1516507.0
2026-06-25 22:59:00,1107.0,1107.0,1105.0,1106.0,3356.0,1516507.0,1514537.0
2026-06-26 09:00:00,1106.0,1107.0,1104.0,1104.0,6438.0,1514537.0,1515567.0
2026-06-26 09:01:00,1104.0,1105.0,1102.0,1103.0,12511.0,1515567.0,1516430.0
2026-06-26 09:02:00,1103.0,1103.0,1098.0,1100.0,23734.0,1516430.0,1520591.0
2026-06-26 09:03:00,1100.0,1101.0,1097.0,1099.0,19251.0,1520591.0,1526448.0
2026-06-26 09:04:00,1099.0,1099.0,1097.0,1097.0,9342.0,1526448.0,1528704.0
2026-06-26 09:05:00,1097.0,1098.0,1096.0,1097.0,12559.0,1528704.0,1529842.0
2026-06-26 09:06:00,1097.0,1097.0,1094.0,1095.0,16951.0,1529842.0,1532260.0
2026-06-26 09:07:00,1095.0,1096.0,1094.0,1096.0,9902.0,1532260.0,1535277.0
2026-06-26 09:08:00,1096.0,1097.0,1095.0,1096.0,6765.0,1535277.0,1535948.0
2026-06-26 09:09:00,1096.0,1097.0,1096.0,1096.0,4285.0,1535948.0,1535777.0
2026-06-26 09:10:00,1096.0,1097.0,1094.0,1095.0,10512.0,1535777.0,1538406.0
2026-06-26 09:11:00,1095.0,1095.0,1094.0,1095.0,5815.0,1538406.0,1538199.0
2026-06-26 09:12:00,1095.0,1095.0,1093.0,1094.0,9318.0,1538199.0,1541350.0
2026-06-26 09:13:00,1094.0,1095.0,1094.0,1095.0,2143.0,1541350.0,1541588.0
2026-06-26 09:14:00,1095.0,1095.0,1093.0,1093.0,7296.0,1541588.0,1544184.0
2026-06-26 09:15:00,1093.0,1094.0,1093.0,1093.0,2814.0,1544184.0,1544758.0
2026-06-26 09:16:00,1093.0,1096.0,1093.0,1095.0,8961.0,1544758.0,1547428.0
2026-06-26 09:17:00,1095.0,1096.0,1094.0,1095.0,4108.0,1547428.0,1548473.0
2026-06-26 09:18:00,1095.0,1095.0,1094.0,1095.0,1957.0,1548473.0,1548351.0
2026-06-26 09:19:00,1095.0,1097.0,1094.0,1096.0,7795.0,1548351.0,1550159.0
2026-06-26 09:20:00,1096.0,1097.0,1096.0,1097.0,2519.0,1550159.0,1550224.0
2026-06-26 09:21:00,1097.0,1097.0,1096.0,1096.0,2391.0,1550224.0,1550289.0
2026-06-26 09:22:00,1096.0,1102.0,1095.0,1102.0,21481.0,1550289.0,1545191.0
2026-06-26 09:23:00,1102.0,1102.0,1099.0,1099.0,15125.0,1545191.0,1539574.0
2026-06-26 09:24:00,1099.0,1101.0,1099.0,1100.0,3539.0,1539574.0,1539685.0
2026-06-26 09:25:00,1100.0,1101.0,1099.0,1099.0,3941.0,1539685.0,1537962.0
2026-06-26 09:26:00,1099.0,1100.0,1098.0,1099.0,4155.0,1537962.0,1536944.0
2026-06-26 09:27:00,1099.0,1100.0,1098.0,1098.0,8924.0,1536944.0,1532858.0
2026-06-26 09:28:00,1098.0,1099.0,1098.0,1099.0,5618.0,1532858.0,1531955.0
2026-06-26 09:29:00,1099.0,1101.0,1098.0,1100.0,7082.0,1531955.0,1532133.0
2026-06-26 09:30:00,1100.0,1101.0,1099.0,1099.0,1924.0,1532133.0,1532667.0
2026-06-26 09:31:00,1099.0,1102.0,1099.0,1101.0,6616.0,1532667.0,1532593.0
2026-06-26 09:32:00,1101.0,1102.0,1100.0,1102.0,11579.0,1532593.0,1530857.0
2026-06-26 09:33:00,1102.0,1102.0,1100.0,1101.0,4526.0,1530857.0,1530749.0
2026-06-26 09:34:00,1101.0,1102.0,1100.0,1100.0,1888.0,1530749.0,1530868.0
2026-06-26 09:35:00,1100.0,1101.0,1100.0,1101.0,760.0,1530868.0,1530798.0
2026-06-26 09:36:00,1101.0,1101.0,1099.0,1100.0,3675.0,1530798.0,1530417.0
2026-06-26 09:37:00,1100.0,1101.0,1100.0,1100.0,2014.0,1530417.0,1530293.0
2026-06-26 09:38:00,1100.0,1101.0,1100.0,1101.0,381.0,1530293.0,1530284.0
2026-06-26 09:39:00,1101.0,1102.0,1100.0,1101.0,7291.0,1530284.0,1532857.0
2026-06-26 09:40:00,1101.0,1105.0,1101.0,1105.0,16389.0,1532857.0,1525281.0
2026-06-26 09:41:00,1105.0,1105.0,1104.0,1104.0,3867.0,1525281.0,1524011.0
2026-06-26 09:42:00,1104.0,1106.0,1104.0,1106.0,4348.0,1524011.0,1523810.0
2026-06-26 09:43:00,1106.0,1106.0,1104.0,1105.0,6748.0,1523810.0,1522778.0
2026-06-26 09:44:00,1105.0,1107.0,1105.0,1106.0,10628.0,1522778.0,1519859.0
2026-06-26 09:45:00,1106.0,1106.0,1105.0,1105.0,2097.0,1519859.0,1518949.0
2026-06-26 09:46:00,1105.0,1106.0,1104.0,1106.0,5146.0,1518949.0,1518311.0
2026-06-26 09:47:00,1106.0,1107.0,1105.0,1106.0,6730.0,1518311.0,1517923.0
2026-06-26 09:48:00,1106.0,1107.0,1105.0,1106.0,3292.0,1517923.0,1517990.0
2026-06-26 09:49:00,1106.0,1107.0,1105.0,1106.0,2957.0,1517990.0,1518595.0
2026-06-26 09:50:00,1106.0,1106.0,1105.0,1106.0,965.0,1518595.0,1518477.0
2026-06-26 09:51:00,1106.0,1108.0,1105.0,1107.0,10698.0,1518477.0,1515222.0
2026-06-26 09:52:00,1107.0,1107.0,1105.0,1106.0,2539.0,1515222.0,1514831.0
2026-06-26 09:53:00,1106.0,1107.0,1105.0,1107.0,2219.0,1514831.0,1514545.0
2026-06-26 09:54:00,1107.0,1107.0,1106.0,1106.0,1108.0,1514545.0,1514386.0
2026-06-26 09:55:00,1106.0,1107.0,1104.0,1105.0,5675.0,1514386.0,1512764.0
2026-06-26 09:56:00,1105.0,1106.0,1104.0,1106.0,2439.0,1512764.0,1511694.0
2026-06-26 09:57:00,1106.0,1106.0,1105.0,1105.0,717.0,1511694.0,1511517.0
2026-06-26 09:58:00,1105.0,1106.0,1104.0,1105.0,3979.0,1511517.0,1511561.0
2026-06-26 09:59:00,1105.0,1106.0,1104.0,1104.0,1252.0,1511561.0,1511192.0
2026-06-26 10:00:00,1104.0,1105.0,1104.0,1104.0,1072.0,1511192.0,1510893.0
2026-06-26 10:01:00,1104.0,1105.0,1104.0,1104.0,1001.0,1510893.0,1510702.0
2026-06-26 10:02:00,1104.0,1106.0,1104.0,1104.0,3284.0,1510702.0,1510176.0
2026-06-26 10:03:00,1104.0,1106.0,1104.0,1106.0,1444.0,1510176.0,1510158.0
2026-06-26 10:04:00,1106.0,1106.0,1105.0,1105.0,1091.0,1510158.0,1510058.0
2026-06-26 10:05:00,1105.0,1106.0,1105.0,1105.0,918.0,1510058.0,1510060.0
2026-06-26 10:06:00,1105.0,1106.0,1105.0,1105.0,677.0,1510060.0,1509978.0
2026-06-26 10:07:00,1105.0,1106.0,1105.0,1105.0,963.0,1509978.0,1509621.0
2026-06-26 10:08:00,1105.0,1107.0,1105.0,1106.0,3934.0,1509621.0,1509436.0
2026-06-26 10:09:00,1106.0,1107.0,1105.0,1106.0,2224.0,1509436.0,1508865.0
2026-06-26 10:10:00,1106.0,1106.0,1105.0,1106.0,387.0,1508865.0,1508760.0
2026-06-26 10:11:00,1106.0,1107.0,1105.0,1107.0,1493.0,1508760.0,1508805.0
2026-06-26 10:12:00,1107.0,1107.0,1106.0,1106.0,452.0,1508805.0,1508818.0
2026-06-26 10:13:00,1106.0,1108.0,1106.0,1107.0,3667.0,1508818.0,1507458.0
2026-06-26 10:14:00,1107.0,1108.0,1106.0,1106.0,2567.0,1507458.0,1506180.0
2026-06-26 10:30:00,1106.0,1107.0,1105.0,1105.0,3001.0,1506180.0,1505581.0
2026-06-26 10:31:00,1105.0,1106.0,1104.0,1105.0,3508.0,1505581.0,1505396.0
2026-06-26 10:32:00,1105.0,1106.0,1105.0,1105.0,976.0,1505396.0,1505000.0
2026-06-26 10:33:00,1105.0,1106.0,1104.0,1105.0,1600.0,1505000.0,1504986.0
2026-06-26 10:34:00,1105.0,1106.0,1105.0,1105.0,363.0,1504986.0,1504927.0
2026-06-26 10:35:00,1105.0,1106.0,1105.0,1105.0,437.0,1504927.0,1504889.0
2026-06-26 10:36:00,1105.0,1106.0,1105.0,1106.0,222.0,1504889.0,1504887.0
2026-06-26 10:37:00,1106.0,1106.0,1105.0,1105.0,259.0,1504887.0,1504928.0
2026-06-26 10:38:00,1105.0,1106.0,1104.0,1105.0,2213.0,1504928.0,1505198.0
2026-06-26 10:39:00,1105.0,1106.0,1104.0,1104.0,421.0,1505198.0,1505078.0
2026-06-26 10:40:00,1104.0,1105.0,1104.0,1104.0,414.0,1505078.0,1504986.0
2026-06-26 10:41:00,1104.0,1105.0,1103.0,1104.0,2732.0,1504986.0,1504769.0
2026-06-26 10:42:00,1104.0,1104.0,1103.0,1103.0,2471.0,1504769.0,1503859.0
2026-06-26 10:43:00,1103.0,1105.0,1103.0,1104.0,1735.0,1503859.0,1503572.0
2026-06-26 10:44:00,1104.0,1105.0,1103.0,1104.0,1800.0,1503572.0,1503791.0
2026-06-26 10:45:00,1104.0,1105.0,1103.0,1104.0,1189.0,1503791.0,1503572.0
2026-06-26 10:46:00,1104.0,1104.0,1102.0,1103.0,3804.0,1503572.0,1504516.0
2026-06-26 10:47:00,1103.0,1104.0,1103.0,1103.0,1735.0,1504516.0,1504551.0
2026-06-26 10:48:00,1103.0,1104.0,1102.0,1102.0,1509.0,1504551.0,1504996.0
2026-06-26 10:49:00,1102.0,1103.0,1101.0,1102.0,4045.0,1504996.0,1506496.0
2026-06-26 10:50:00,1102.0,1103.0,1102.0,1102.0,488.0,1506496.0,1506460.0
2026-06-26 10:51:00,1102.0,1103.0,1100.0,1101.0,3382.0,1506460.0,1506797.0
2026-06-26 10:52:00,1101.0,1102.0,1101.0,1102.0,648.0,1506797.0,1507052.0
2026-06-26 10:53:00,1102.0,1102.0,1101.0,1101.0,573.0,1507052.0,1507025.0
2026-06-26 10:54:00,1101.0,1101.0,1100.0,1100.0,1909.0,1507025.0,1506766.0
2026-06-26 10:55:00,1100.0,1101.0,1099.0,1100.0,3990.0,1506766.0,1508124.0
2026-06-26 10:56:00,1100.0,1100.0,1099.0,1100.0,1897.0,1508124.0,1508424.0
2026-06-26 10:57:00,1100.0,1101.0,1099.0,1100.0,5774.0,1508424.0,1509243.0
2026-06-26 10:58:00,1100.0,1101.0,1099.0,1101.0,959.0,1509243.0,1509343.0
2026-06-26 10:59:00,1101.0,1101.0,1100.0,1101.0,1262.0,1509343.0,1509578.0
2026-06-26 11:00:00,1101.0,1102.0,1100.0,1101.0,3932.0,1509578.0,1508437.0
2026-06-26 11:01:00,1101.0,1102.0,1101.0,1101.0,1069.0,1508437.0,1508717.0
2026-06-26 11:02:00,1101.0,1102.0,1101.0,1102.0,520.0,1508717.0,1508783.0
2026-06-26 11:03:00,1102.0,1102.0,1101.0,1101.0,369.0,1508783.0,1508814.0
2026-06-26 11:04:00,1101.0,1102.0,1101.0,1101.0,297.0,1508814.0,1508964.0
2026-06-26 11:05:00,1101.0,1103.0,1101.0,1103.0,2671.0,1508964.0,1508530.0
2026-06-26 11:06:00,1103.0,1103.0,1102.0,1102.0,820.0,1508530.0,1508392.0
2026-06-26 11:07:00,1102.0,1104.0,1102.0,1104.0,4133.0,1508392.0,1506484.0
2026-06-26 11:08:00,1104.0,1104.0,1103.0,1104.0,519.0,1506484.0,1506401.0
2026-06-26 11:09:00,1104.0,1104.0,1102.0,1102.0,1482.0,1506401.0,1505837.0
2026-06-26 11:10:00,1102.0,1103.0,1101.0,1102.0,1488.0,1505837.0,1506308.0
2026-06-26 11:11:00,1102.0,1102.0,1101.0,1101.0,256.0,1506308.0,1506444.0
2026-06-26 11:12:00,1101.0,1103.0,1101.0,1103.0,1070.0,1506444.0,1506694.0
2026-06-26 11:13:00,1103.0,1103.0,1102.0,1102.0,204.0,1506694.0,1506639.0
2026-06-26 11:14:00,1102.0,1103.0,1102.0,1102.0,1302.0,1506639.0,1505931.0
2026-06-26 11:15:00,1102.0,1103.0,1102.0,1102.0,256.0,1505931.0,1505850.0
2026-06-26 11:16:00,1102.0,1103.0,1101.0,1102.0,963.0,1505850.0,1505629.0
2026-06-26 11:17:00,1102.0,1103.0,1101.0,1102.0,312.0,1505629.0,1505619.0
2026-06-26 11:18:00,1102.0,1103.0,1101.0,1102.0,764.0,1505619.0,1505512.0
2026-06-26 11:19:00,1102.0,1103.0,1102.0,1103.0,283.0,1505512.0,1505414.0
2026-06-26 11:20:00,1103.0,1103.0,1102.0,1102.0,120.0,1505414.0,1505404.0
2026-06-26 11:21:00,1102.0,1103.0,1101.0,1101.0,1478.0,1505404.0,1504965.0
2026-06-26 11:22:00,1101.0,1103.0,1101.0,1102.0,1613.0,1504965.0,1505179.0
2026-06-26 11:23:00,1102.0,1103.0,1101.0,1101.0,1076.0,1505179.0,1505029.0
2026-06-26 11:24:00,1101.0,1102.0,1101.0,1101.0,202.0,1505029.0,1505090.0
2026-06-26 11:25:00,1101.0,1102.0,1101.0,1101.0,244.0,1505090.0,1505153.0
2026-06-26 11:26:00,1101.0,1102.0,1101.0,1102.0,248.0,1505153.0,1505227.0
2026-06-26 11:27:00,1102.0,1102.0,1101.0,1101.0,398.0,1505227.0,1505134.0
2026-06-26 11:28:00,1101.0,1102.0,1101.0,1101.0,1454.0,1505134.0,1504436.0
2026-06-26 11:29:00,1101.0,1103.0,1101.0,1103.0,2559.0,1504436.0,1503226.0
2026-06-26 13:30:00,1103.0,1103.0,1102.0,1102.0,3487.0,1503226.0,1503337.0
2026-06-26 13:31:00,1102.0,1104.0,1102.0,1104.0,4320.0,1503337.0,1502515.0
2026-06-26 13:32:00,1104.0,1104.0,1102.0,1103.0,2928.0,1502515.0,1503187.0
2026-06-26 13:33:00,1103.0,1104.0,1102.0,1102.0,1175.0,1503187.0,1503297.0
2026-06-26 13:34:00,1102.0,1103.0,1102.0,1102.0,470.0,1503297.0,1503224.0
2026-06-26 13:35:00,1102.0,1103.0,1102.0,1102.0,229.0,1503224.0,1503243.0
2026-06-26 13:36:00,1102.0,1104.0,1102.0,1103.0,2287.0,1503243.0,1503158.0
2026-06-26 13:37:00,1103.0,1104.0,1102.0,1103.0,1258.0,1503158.0,1502590.0
2026-06-26 13:38:00,1103.0,1103.0,1102.0,1103.0,248.0,1502590.0,1502692.0
2026-06-26 13:39:00,1103.0,1103.0,1102.0,1102.0,368.0,1502692.0,1502559.0
2026-06-26 13:40:00,1102.0,1104.0,1102.0,1103.0,1504.0,1502559.0,1502520.0
2026-06-26 13:41:00,1103.0,1104.0,1102.0,1103.0,733.0,1502520.0,1502486.0
2026-06-26 13:42:00,1103.0,1104.0,1102.0,1103.0,944.0,1502486.0,1502464.0
2026-06-26 13:43:00,1103.0,1104.0,1102.0,1102.0,844.0,1502464.0,1502667.0
2026-06-26 13:44:00,1102.0,1104.0,1102.0,1102.0,761.0,1502667.0,1502705.0
2026-06-26 13:45:00,1102.0,1103.0,1101.0,1101.0,2299.0,1502705.0,1503186.0
2026-06-26 13:46:00,1101.0,1102.0,1101.0,1101.0,368.0,1503186.0,1503200.0
2026-06-26 13:47:00,1101.0,1103.0,1101.0,1103.0,1155.0,1503200.0,1502867.0
2026-06-26 13:48:00,1103.0,1104.0,1102.0,1103.0,1202.0,1502867.0,1502337.0
2026-06-26 13:49:00,1103.0,1104.0,1103.0,1103.0,578.0,1502337.0,1502077.0
2026-06-26 13:50:00,1103.0,1104.0,1103.0,1104.0,781.0,1502077.0,1501932.0
2026-06-26 13:51:00,1104.0,1104.0,1103.0,1103.0,367.0,1501932.0,1502060.0
2026-06-26 13:52:00,1103.0,1104.0,1102.0,1102.0,1782.0,1502060.0,1502169.0
2026-06-26 13:53:00,1102.0,1103.0,1102.0,1102.0,250.0,1502169.0,1502190.0
2026-06-26 13:54:00,1102.0,1103.0,1102.0,1103.0,272.0,1502190.0,1502249.0
2026-06-26 13:55:00,1103.0,1103.0,1102.0,1103.0,297.0,1502249.0,1502204.0
2026-06-26 13:56:00,1103.0,1104.0,1102.0,1103.0,1457.0,1502204.0,1502207.0
2026-06-26 13:57:00,1103.0,1103.0,1102.0,1102.0,177.0,1502207.0,1502210.0
2026-06-26 13:58:00,1102.0,1103.0,1102.0,1102.0,107.0,1502210.0,1502243.0
2026-06-26 13:59:00,1102.0,1103.0,1102.0,1102.0,1469.0,1502243.0,1502131.0
2026-06-26 14:00:00,1102.0,1103.0,1102.0,1102.0,939.0,1502131.0,1502391.0
2026-06-26 14:01:00,1102.0,1102.0,1101.0,1101.0,647.0,1502391.0,1502318.0
2026-06-26 14:02:00,1101.0,1102.0,1100.0,1100.0,2404.0,1502318.0,1503041.0
2026-06-26 14:03:00,1100.0,1101.0,1100.0,1101.0,357.0,1503041.0,1503232.0
2026-06-26 14:04:00,1101.0,1101.0,1099.0,1099.0,2259.0,1503232.0,1503071.0
2026-06-26 14:05:00,1099.0,1100.0,1099.0,1100.0,1016.0,1503071.0,1502973.0
2026-06-26 14:06:00,1100.0,1100.0,1099.0,1100.0,774.0,1502973.0,1502820.0
2026-06-26 14:07:00,1100.0,1100.0,1099.0,1099.0,601.0,1502820.0,1502909.0
2026-06-26 14:08:00,1099.0,1101.0,1099.0,1099.0,3594.0,1502909.0,1502776.0
2026-06-26 14:09:00,1099.0,1100.0,1099.0,1100.0,360.0,1502776.0,1502685.0
2026-06-26 14:10:00,1100.0,1100.0,1098.0,1098.0,3720.0,1502685.0,1503124.0
2026-06-26 14:11:00,1098.0,1099.0,1097.0,1099.0,4014.0,1503124.0,1503195.0
2026-06-26 14:12:00,1099.0,1099.0,1098.0,1098.0,589.0,1503195.0,1503014.0
2026-06-26 14:13:00,1098.0,1099.0,1098.0,1098.0,291.0,1503014.0,1502995.0
2026-06-26 14:14:00,1098.0,1100.0,1098.0,1099.0,2379.0,1502995.0,1502417.0
2026-06-26 14:15:00,1099.0,1099.0,1098.0,1098.0,1519.0,1502417.0,1502876.0
2026-06-26 14:16:00,1098.0,1101.0,1098.0,1101.0,6677.0,1502876.0,1502839.0
2026-06-26 14:17:00,1101.0,1101.0,1099.0,1099.0,2257.0,1502839.0,1502717.0
2026-06-26 14:18:00,1099.0,1100.0,1098.0,1099.0,4102.0,1502717.0,1502035.0
2026-06-26 14:19:00,1099.0,1100.0,1098.0,1099.0,1821.0,1502035.0,1502209.0
2026-06-26 14:20:00,1099.0,1101.0,1099.0,1101.0,5535.0,1502209.0,1501363.0
2026-06-26 14:21:00,1101.0,1102.0,1100.0,1102.0,3956.0,1501363.0,1502138.0
2026-06-26 14:22:00,1102.0,1102.0,1101.0,1101.0,2376.0,1502138.0,1502026.0
2026-06-26 14:23:00,1101.0,1102.0,1101.0,1101.0,395.0,1502026.0,1502022.0
2026-06-26 14:24:00,1101.0,1103.0,1101.0,1103.0,7120.0,1502022.0,1503253.0
2026-06-26 14:25:00,1103.0,1104.0,1102.0,1103.0,4536.0,1503253.0,1503807.0
2026-06-26 14:26:00,1103.0,1104.0,1102.0,1103.0,2256.0,1503807.0,1502986.0
2026-06-26 14:27:00,1103.0,1104.0,1102.0,1103.0,1146.0,1502986.0,1502713.0
2026-06-26 14:28:00,1103.0,1103.0,1101.0,1101.0,3539.0,1502713.0,1501222.0
2026-06-26 14:29:00,1101.0,1102.0,1100.0,1101.0,2943.0,1501222.0,1502567.0
2026-06-26 14:30:00,1101.0,1101.0,1099.0,1100.0,4086.0,1502567.0,1502259.0
2026-06-26 14:31:00,1100.0,1101.0,1099.0,1099.0,1214.0,1502259.0,1501844.0
2026-06-26 14:32:00,1099.0,1100.0,1099.0,1100.0,2683.0,1501844.0,1501428.0
2026-06-26 14:33:00,1100.0,1101.0,1100.0,1101.0,1260.0,1501428.0,1501472.0
2026-06-26 14:34:00,1101.0,1101.0,1099.0,1100.0,1705.0,1501472.0,1500490.0
2026-06-26 14:35:00,1100.0,1100.0,1099.0,1100.0,475.0,1500490.0,1500290.0
2026-06-26 14:36:00,1100.0,1100.0,1099.0,1100.0,2600.0,1500290.0,1500029.0
2026-06-26 14:37:00,1100.0,1100.0,1099.0,1100.0,707.0,1500029.0,1499914.0
2026-06-26 14:38:00,1100.0,1100.0,1099.0,1100.0,690.0,1499914.0,1499768.0
2026-06-26 14:39:00,1100.0,1100.0,1097.0,1098.0,6414.0,1499768.0,1500778.0
2026-06-26 14:40:00,1098.0,1098.0,1096.0,1096.0,4736.0,1500778.0,1501159.0
2026-06-26 14:41:00,1096.0,1097.0,1096.0,1096.0,1506.0,1501159.0,1501431.0
2026-06-26 14:42:00,1096.0,1097.0,1095.0,1096.0,6272.0,1501431.0,1502153.0
2026-06-26 14:43:00,1096.0,1097.0,1095.0,1095.0,5147.0,1502153.0,1504095.0
2026-06-26 14:44:00,1095.0,1096.0,1095.0,1096.0,3763.0,1504095.0,1505199.0
2026-06-26 14:45:00,1096.0,1096.0,1094.0,1095.0,9539.0,1505199.0,1508843.0
2026-06-26 14:46:00,1095.0,1096.0,1094.0,1095.0,3895.0,1508843.0,1509150.0
2026-06-26 14:47:00,1095.0,1097.0,1095.0,1097.0,5481.0,1509150.0,1508839.0
2026-06-26 14:48:00,1097.0,1097.0,1095.0,1097.0,2728.0,1508839.0,1508740.0
2026-06-26 14:49:00,1097.0,1097.0,1095.0,1096.0,2751.0,1508740.0,1508148.0
2026-06-26 14:50:00,1096.0,1097.0,1095.0,1095.0,4247.0,1508148.0,1506731.0
2026-06-26 14:51:00,1095.0,1096.0,1095.0,1095.0,1200.0,1506731.0,1506764.0
2026-06-26 14:52:00,1095.0,1096.0,1095.0,1096.0,1376.0,1506764.0,1506783.0
2026-06-26 14:53:00,1096.0,1096.0,1095.0,1095.0,1665.0,1506783.0,1507053.0
2026-06-26 14:54:00,1095.0,1096.0,1095.0,1096.0,2964.0,1507053.0,1506351.0
2026-06-26 14:55:00,1096.0,1096.0,1095.0,1096.0,3043.0,1506351.0,1506774.0
2026-06-26 14:56:00,1096.0,1096.0,1095.0,1095.0,2133.0,1506774.0,1506404.0
2026-06-26 14:57:00,1095.0,1097.0,1095.0,1096.0,5478.0,1506404.0,1505159.0
2026-06-26 14:58:00,1096.0,1097.0,1096.0,1096.0,3256.0,1505159.0,1503900.0
2026-06-26 14:59:00,1096.0,1097.0,1095.0,1096.0,7334.0,1503900.0,1502854.0
2026-06-26 21:00:00,1096.0,1099.0,1095.0,1096.0,33531.0,1502854.0,1512017.0
2026-06-26 21:01:00,1096.0,1097.0,1094.0,1094.0,14414.0,1512017.0,1511138.0
2026-06-26 21:02:00,1094.0,1096.0,1094.0,1096.0,6035.0,1511138.0,1511839.0
2026-06-26 21:03:00,1096.0,1096.0,1094.0,1094.0,5380.0,1511839.0,1513790.0
2026-06-26 21:04:00,1094.0,1095.0,1094.0,1095.0,3179.0,1513790.0,1513875.0
2026-06-26 21:05:00,1095.0,1095.0,1094.0,1095.0,4231.0,1513875.0,1514766.0
2026-06-26 21:06:00,1095.0,1096.0,1093.0,1093.0,6861.0,1514766.0,1516174.0
2026-06-26 21:07:00,1093.0,1093.0,1091.0,1092.0,12994.0,1516174.0,1517303.0
2026-06-26 21:08:00,1092.0,1093.0,1090.0,1091.0,9939.0,1517303.0,1518962.0
2026-06-26 21:09:00,1091.0,1093.0,1091.0,1093.0,5193.0,1518962.0,1518703.0
2026-06-26 21:10:00,1093.0,1093.0,1091.0,1093.0,2515.0,1518703.0,1519439.0
2026-06-26 21:11:00,1093.0,1093.0,1092.0,1093.0,1084.0,1519439.0,1519412.0
2026-06-26 21:12:00,1093.0,1093.0,1092.0,1093.0,898.0,1519412.0,1519588.0
2026-06-26 21:13:00,1093.0,1093.0,1092.0,1092.0,5366.0,1519588.0,1521119.0
2026-06-26 21:14:00,1092.0,1093.0,1091.0,1092.0,5509.0,1521119.0,1523019.0
2026-06-26 21:15:00,1092.0,1093.0,1091.0,1092.0,5228.0,1523019.0,1524582.0
2026-06-26 21:16:00,1092.0,1093.0,1091.0,1092.0,2293.0,1524582.0,1525403.0
2026-06-26 21:17:00,1092.0,1093.0,1092.0,1092.0,747.0,1525403.0,1525469.0
2026-06-26 21:18:00,1092.0,1094.0,1092.0,1094.0,3711.0,1525469.0,1525643.0
2026-06-26 21:19:00,1094.0,1094.0,1092.0,1092.0,1433.0,1525643.0,1525919.0
2026-06-26 21:20:00,1092.0,1093.0,1092.0,1092.0,457.0,1525919.0,1525777.0
2026-06-26 21:21:00,1092.0,1093.0,1092.0,1093.0,475.0,1525777.0,1525722.0
2026-06-26 21:22:00,1093.0,1093.0,1092.0,1092.0,546.0,1525722.0,1525860.0
2026-06-26 21:23:00,1092.0,1093.0,1092.0,1093.0,901.0,1525860.0,1525756.0
2026-06-26 21:24:00,1093.0,1093.0,1091.0,1091.0,3463.0,1525756.0,1525722.0
2026-06-26 21:25:00,1091.0,1093.0,1091.0,1092.0,3201.0,1525722.0,1526846.0
2026-06-26 21:26:00,1092.0,1092.0,1091.0,1091.0,1369.0,1526846.0,1527609.0
2026-06-26 21:27:00,1091.0,1092.0,1090.0,1091.0,4554.0,1527609.0,1527955.0
2026-06-26 21:28:00,1091.0,1092.0,1091.0,1091.0,778.0,1527955.0,1528017.0
2026-06-26 21:29:00,1091.0,1092.0,1091.0,1092.0,436.0,1528017.0,1528266.0
2026-06-26 21:30:00,1092.0,1092.0,1091.0,1091.0,578.0,1528266.0,1528462.0
2026-06-26 21:31:00,1091.0,1092.0,1090.0,1091.0,2603.0,1528462.0,1529751.0
2026-06-26 21:32:00,1091.0,1092.0,1090.0,1091.0,3792.0,1529751.0,1531088.0
2026-06-26 21:33:00,1091.0,1092.0,1090.0,1092.0,3196.0,1531088.0,1531944.0
2026-06-26 21:34:00,1092.0,1092.0,1090.0,1092.0,2441.0,1531944.0,1531214.0
2026-06-26 21:35:00,1092.0,1092.0,1090.0,1091.0,2225.0,1531214.0,1532149.0
2026-06-26 21:36:00,1091.0,1091.0,1089.0,1089.0,12042.0,1532149.0,1539208.0
2026-06-26 21:37:00,1089.0,1091.0,1089.0,1091.0,9420.0,1539208.0,1537223.0
2026-06-26 21:38:00,1091.0,1091.0,1090.0,1091.0,2596.0,1537223.0,1537394.0
2026-06-26 21:39:00,1091.0,1092.0,1090.0,1092.0,3061.0,1537394.0,1538388.0
2026-06-26 21:40:00,1092.0,1092.0,1091.0,1091.0,638.0,1538388.0,1538467.0
2026-06-26 21:41:00,1091.0,1092.0,1090.0,1090.0,4975.0,1538467.0,1540116.0
2026-06-26 21:42:00,1090.0,1091.0,1089.0,1090.0,4640.0,1540116.0,1541588.0
2026-06-26 21:43:00,1090.0,1091.0,1090.0,1090.0,1022.0,1541588.0,1541727.0
2026-06-26 21:44:00,1090.0,1092.0,1090.0,1092.0,4459.0,1541727.0,1542366.0
2026-06-26 21:45:00,1092.0,1092.0,1091.0,1092.0,1401.0,1542366.0,1542710.0
2026-06-26 21:46:00,1092.0,1093.0,1091.0,1092.0,3371.0,1542710.0,1541925.0
2026-06-26 21:47:00,1092.0,1092.0,1091.0,1091.0,1056.0,1541925.0,1541899.0
2026-06-26 21:48:00,1091.0,1093.0,1091.0,1092.0,1592.0,1541899.0,1541434.0
2026-06-26 21:49:00,1092.0,1093.0,1091.0,1092.0,3493.0,1541434.0,1541580.0
2026-06-26 21:50:00,1092.0,1092.0,1091.0,1092.0,505.0,1541580.0,1541516.0
2026-06-26 21:51:00,1092.0,1092.0,1091.0,1091.0,994.0,1541516.0,1541365.0
2026-06-26 21:52:00,1091.0,1092.0,1091.0,1091.0,991.0,1541365.0,1541325.0
2026-06-26 21:53:00,1091.0,1092.0,1091.0,1091.0,230.0,1541325.0,1541348.0
2026-06-26 21:54:00,1091.0,1092.0,1090.0,1090.0,2960.0,1541348.0,1541069.0
2026-06-26 21:55:00,1090.0,1091.0,1090.0,1091.0,886.0,1541069.0,1540580.0
2026-06-26 21:56:00,1091.0,1091.0,1090.0,1091.0,314.0,1540580.0,1540615.0
2026-06-26 21:57:00,1091.0,1091.0,1090.0,1090.0,3326.0,1540615.0,1540669.0
2026-06-26 21:58:00,1090.0,1091.0,1090.0,1090.0,826.0,1540669.0,1540464.0
2026-06-26 21:59:00,1090.0,1091.0,1090.0,1090.0,1172.0,1540464.0,1540141.0
2026-06-26 22:00:00,1090.0,1092.0,1090.0,1091.0,2488.0,1540141.0,1539810.0
2026-06-26 22:01:00,1091.0,1092.0,1090.0,1091.0,2019.0,1539810.0,1539579.0
2026-06-26 22:02:00,1091.0,1091.0,1090.0,1091.0,1328.0,1539579.0,1539918.0
2026-06-26 22:03:00,1091.0,1092.0,1090.0,1091.0,982.0,1539918.0,1540459.0
2026-06-26 22:04:00,1091.0,1091.0,1090.0,1091.0,308.0,1540459.0,1540561.0
2026-06-26 22:05:00,1091.0,1091.0,1090.0,1091.0,267.0,1540561.0,1540578.0
2026-06-26 22:06:00,1091.0,1091.0,1090.0,1091.0,165.0,1540578.0,1540632.0
2026-06-26 22:07:00,1091.0,1091.0,1090.0,1091.0,440.0,1540632.0,1540814.0
2026-06-26 22:08:00,1091.0,1091.0,1090.0,1091.0,915.0,1540814.0,1540962.0
2026-06-26 22:09:00,1091.0,1091.0,1090.0,1090.0,177.0,1540962.0,1540875.0
2026-06-26 22:10:00,1090.0,1091.0,1090.0,1091.0,234.0,1540875.0,1540842.0
2026-06-26 22:11:00,1091.0,1091.0,1090.0,1091.0,3983.0,1540842.0,1542003.0
2026-06-26 22:12:00,1091.0,1092.0,1090.0,1092.0,760.0,1542003.0,1542248.0
2026-06-26 22:13:00,1092.0,1092.0,1091.0,1092.0,282.0,1542248.0,1542332.0
2026-06-26 22:14:00,1092.0,1092.0,1091.0,1092.0,437.0,1542332.0,1542403.0
2026-06-26 22:15:00,1092.0,1092.0,1091.0,1091.0,292.0,1542403.0,1542522.0
2026-06-26 22:16:00,1091.0,1092.0,1091.0,1091.0,271.0,1542522.0,1542512.0
2026-06-26 22:17:00,1091.0,1092.0,1091.0,1092.0,339.0,1542512.0,1542438.0
2026-06-26 22:18:00,1092.0,1092.0,1091.0,1091.0,171.0,1542438.0,1542404.0
2026-06-26 22:19:00,1091.0,1092.0,1091.0,1091.0,702.0,1542404.0,1542425.0
2026-06-26 22:20:00,1091.0,1092.0,1091.0,1092.0,600.0,1542425.0,1542443.0
2026-06-26 22:21:00,1092.0,1092.0,1091.0,1092.0,249.0,1542443.0,1542386.0
2026-06-26 22:22:00,1092.0,1092.0,1091.0,1092.0,354.0,1542386.0,1542572.0
2026-06-26 22:23:00,1092.0,1093.0,1091.0,1092.0,5490.0,1542572.0,1541475.0
2026-06-26 22:24:00,1092.0,1093.0,1092.0,1092.0,440.0,1541475.0,1541352.0
2026-06-26 22:25:00,1092.0,1093.0,1092.0,1093.0,1015.0,1541352.0,1542037.0
2026-06-26 22:26:00,1093.0,1094.0,1093.0,1094.0,5001.0,1542037.0,1541417.0
2026-06-26 22:27:00,1094.0,1094.0,1093.0,1094.0,1061.0,1541417.0,1541663.0
2026-06-26 22:28:00,1094.0,1094.0,1093.0,1093.0,952.0,1541663.0,1541599.0
2026-06-26 22:29:00,1093.0,1094.0,1093.0,1094.0,2035.0,1541599.0,1541131.0
2026-06-26 22:30:00,1094.0,1094.0,1092.0,1093.0,3583.0,1541131.0,1540282.0
2026-06-26 22:31:00,1093.0,1094.0,1093.0,1093.0,373.0,1540282.0,1540421.0
2026-06-26 22:32:00,1093.0,1094.0,1093.0,1094.0,604.0,1540421.0,1540682.0
2026-06-26 22:33:00,1094.0,1094.0,1093.0,1093.0,293.0,1540682.0,1540615.0
2026-06-26 22:34:00,1093.0,1094.0,1092.0,1092.0,1365.0,1540615.0,1540151.0
2026-06-26 22:35:00,1092.0,1093.0,1092.0,1092.0,259.0,1540151.0,1540253.0
2026-06-26 22:36:00,1092.0,1093.0,1092.0,1093.0,447.0,1540253.0,1540369.0
2026-06-26 22:37:00,1093.0,1093.0,1092.0,1092.0,196.0,1540369.0,1540420.0
2026-06-26 22:38:00,1092.0,1093.0,1092.0,1092.0,145.0,1540420.0,1540402.0
2026-06-26 22:39:00,1092.0,1093.0,1092.0,1092.0,163.0,1540402.0,1540376.0
2026-06-26 22:40:00,1092.0,1093.0,1092.0,1092.0,198.0,1540376.0,1540291.0
2026-06-26 22:41:00,1092.0,1093.0,1092.0,1092.0,347.0,1540291.0,1540294.0
2026-06-26 22:42:00,1092.0,1093.0,1091.0,1092.0,3750.0,1540294.0,1540054.0
2026-06-26 22:43:00,1092.0,1093.0,1092.0,1092.0,244.0,1540054.0,1539980.0
2026-06-26 22:44:00,1092.0,1093.0,1092.0,1092.0,272.0,1539980.0,1539968.0
2026-06-26 22:45:00,1092.0,1093.0,1092.0,1092.0,119.0,1539968.0,1539984.0
2026-06-26 22:46:00,1092.0,1093.0,1092.0,1093.0,379.0,1539984.0,1539932.0
2026-06-26 22:47:00,1093.0,1093.0,1092.0,1093.0,173.0,1539932.0,1539964.0
2026-06-26 22:48:00,1093.0,1093.0,1092.0,1092.0,107.0,1539964.0,1539981.0
2026-06-26 22:49:00,1092.0,1093.0,1092.0,1093.0,573.0,1539981.0,1539746.0
2026-06-26 22:50:00,1093.0,1093.0,1092.0,1093.0,566.0,1539746.0,1539499.0
2026-06-26 22:51:00,1093.0,1093.0,1092.0,1093.0,625.0,1539499.0,1539448.0
2026-06-26 22:52:00,1093.0,1094.0,1092.0,1093.0,3130.0,1539448.0,1538060.0
2026-06-26 22:53:00,1093.0,1094.0,1093.0,1093.0,625.0,1538060.0,1538111.0
2026-06-26 22:54:00,1093.0,1094.0,1093.0,1093.0,461.0,1538111.0,1537931.0
2026-06-26 22:55:00,1093.0,1094.0,1093.0,1093.0,904.0,1537931.0,1537870.0
2026-06-26 22:56:00,1093.0,1094.0,1093.0,1093.0,2438.0,1537870.0,1537636.0
2026-06-26 22:57:00,1093.0,1094.0,1093.0,1093.0,2147.0,1537636.0,1536520.0
2026-06-26 22:58:00,1093.0,1094.0,1093.0,1093.0,1070.0,1536520.0,1536082.0
2026-06-26 22:59:00,1093.0,1094.0,1092.0,1092.0,5327.0,1536082.0,1534036.0
2026-06-29 09:00:00,1092.0,1096.0,1090.0,1091.0,16355.0,1534036.0,1533890.0
2026-06-29 09:01:00,1091.0,1092.0,1090.0,1090.0,5357.0,1533890.0,1535958.0
2026-06-29 09:02:00,1090.0,1092.0,1090.0,1091.0,8892.0,1535958.0,1536725.0
2026-06-29 09:03:00,1091.0,1091.0,1088.0,1088.0,14943.0,1536725.0,1541200.0
2026-06-29 09:04:00,1088.0,1090.0,1088.0,1089.0,4250.0,1541200.0,1542758.0
2026-06-29 09:05:00,1089.0,1091.0,1089.0,1091.0,3944.0,1542758.0,1543016.0
2026-06-29 09:06:00,1091.0,1091.0,1090.0,1091.0,3017.0,1543016.0,1543260.0
2026-06-29 09:07:00,1091.0,1093.0,1091.0,1092.0,6283.0,1543260.0,1543515.0
2026-06-29 09:08:00,1092.0,1092.0,1089.0,1090.0,4917.0,1543515.0,1543739.0
2026-06-29 09:09:00,1090.0,1090.0,1089.0,1090.0,2692.0,1543739.0,1543347.0
2026-06-29 09:10:00,1090.0,1090.0,1089.0,1089.0,2703.0,1543347.0,1543320.0
2026-06-29 09:11:00,1089.0,1091.0,1089.0,1091.0,3459.0,1543320.0,1543677.0
2026-06-29 09:12:00,1091.0,1092.0,1090.0,1092.0,1552.0,1543677.0,1543748.0
2026-06-29 09:13:00,1092.0,1092.0,1090.0,1092.0,2072.0,1543748.0,1544665.0
2026-06-29 09:14:00,1092.0,1092.0,1091.0,1092.0,1238.0,1544665.0,1544714.0
2026-06-29 09:15:00,1092.0,1093.0,1091.0,1093.0,2663.0,1544714.0,1545877.0
2026-06-29 09:16:00,1093.0,1093.0,1092.0,1093.0,2643.0,1545877.0,1546326.0
2026-06-29 09:17:00,1093.0,1096.0,1093.0,1095.0,6406.0,1546326.0,1544824.0
2026-06-29 09:18:00,1095.0,1098.0,1095.0,1096.0,8347.0,1544824.0,1542586.0
2026-06-29 09:19:00,1096.0,1097.0,1095.0,1097.0,4770.0,1542586.0,1542492.0
2026-06-29 09:20:00,1097.0,1097.0,1095.0,1095.0,2986.0,1542492.0,1541692.0
2026-06-29 09:21:00,1095.0,1096.0,1094.0,1095.0,1829.0,1541692.0,1541602.0
2026-06-29 09:22:00,1095.0,1095.0,1094.0,1094.0,774.0,1541602.0,1541327.0
2026-06-29 09:23:00,1094.0,1096.0,1094.0,1095.0,2542.0,1541327.0,1540426.0
2026-06-29 09:24:00,1095.0,1097.0,1095.0,1096.0,3392.0,1540426.0,1539832.0
2026-06-29 09:25:00,1096.0,1096.0,1095.0,1096.0,843.0,1539832.0,1540066.0
2026-06-29 09:26:00,1096.0,1096.0,1095.0,1095.0,905.0,1540066.0,1539812.0
2026-06-29 09:27:00,1095.0,1096.0,1095.0,1096.0,401.0,1539812.0,1539830.0
2026-06-29 09:28:00,1096.0,1096.0,1095.0,1096.0,330.0,1539830.0,1539832.0
2026-06-29 09:29:00,1096.0,1096.0,1094.0,1095.0,3073.0,1539832.0,1540628.0
2026-06-29 09:30:00,1095.0,1095.0,1093.0,1093.0,3072.0,1540628.0,1540183.0
2026-06-29 09:31:00,1093.0,1095.0,1093.0,1094.0,1329.0,1540183.0,1540515.0
2026-06-29 09:32:00,1094.0,1094.0,1093.0,1093.0,472.0,1540515.0,1540493.0
2026-06-29 09:33:00,1093.0,1094.0,1093.0,1093.0,394.0,1540493.0,1540599.0
2026-06-29 09:34:00,1093.0,1094.0,1093.0,1093.0,1490.0,1540599.0,1540863.0
2026-06-29 09:35:00,1093.0,1095.0,1093.0,1094.0,2293.0,1540863.0,1540750.0
2026-06-29 09:36:00,1094.0,1096.0,1094.0,1096.0,1739.0,1540750.0,1540693.0
2026-06-29 09:37:00,1096.0,1096.0,1095.0,1096.0,448.0,1540693.0,1540508.0
2026-06-29 09:38:00,1096.0,1096.0,1095.0,1096.0,1591.0,1540508.0,1539936.0
2026-06-29 09:39:00,1096.0,1096.0,1095.0,1096.0,359.0,1539936.0,1539752.0
2026-06-29 09:40:00,1096.0,1097.0,1095.0,1096.0,3825.0,1539752.0,1540273.0
2026-06-29 09:41:00,1096.0,1097.0,1095.0,1097.0,1680.0,1540273.0,1540014.0
2026-06-29 09:42:00,1097.0,1097.0,1094.0,1095.0,4281.0,1540014.0,1540526.0
2026-06-29 09:43:00,1095.0,1095.0,1094.0,1094.0,1473.0,1540526.0,1540607.0
2026-06-29 09:44:00,1094.0,1096.0,1094.0,1095.0,1314.0,1540607.0,1540609.0
2026-06-29 09:45:00,1095.0,1095.0,1094.0,1094.0,631.0,1540609.0,1540710.0
2026-06-29 09:46:00,1094.0,1094.0,1093.0,1094.0,3337.0,1540710.0,1541760.0
2026-06-29 09:47:00,1094.0,1094.0,1093.0,1093.0,735.0,1541760.0,1541645.0
2026-06-29 09:48:00,1093.0,1094.0,1092.0,1093.0,2323.0,1541645.0,1541140.0
2026-06-29 09:49:00,1093.0,1095.0,1093.0,1095.0,1431.0,1541140.0,1540776.0
2026-06-29 09:50:00,1095.0,1095.0,1093.0,1094.0,1536.0,1540776.0,1540820.0
2026-06-29 09:51:00,1094.0,1095.0,1093.0,1093.0,1309.0,1540820.0,1540183.0
2026-06-29 09:52:00,1093.0,1094.0,1093.0,1093.0,230.0,1540183.0,1540217.0
2026-06-29 09:53:00,1093.0,1094.0,1092.0,1092.0,1265.0,1540217.0,1539741.0
2026-06-29 09:54:00,1092.0,1094.0,1092.0,1093.0,1114.0,1539741.0,1539522.0
2026-06-29 09:55:00,1093.0,1093.0,1092.0,1093.0,463.0,1539522.0,1539460.0
2026-06-29 09:56:00,1093.0,1093.0,1092.0,1092.0,254.0,1539460.0,1539329.0
2026-06-29 09:57:00,1092.0,1093.0,1091.0,1091.0,4234.0,1539329.0,1539750.0
2026-06-29 09:58:00,1091.0,1092.0,1091.0,1092.0,537.0,1539750.0,1539748.0
2026-06-29 09:59:00,1092.0,1092.0,1091.0,1091.0,657.0,1539748.0,1539583.0
2026-06-29 10:00:00,1091.0,1093.0,1091.0,1093.0,1652.0,1539583.0,1539517.0
2026-06-29 10:01:00,1093.0,1093.0,1091.0,1092.0,1942.0,1539517.0,1539773.0
2026-06-29 10:02:00,1092.0,1093.0,1092.0,1092.0,262.0,1539773.0,1539674.0
2026-06-29 10:03:00,1092.0,1093.0,1092.0,1092.0,170.0,1539674.0,1539662.0
2026-06-29 10:04:00,1092.0,1093.0,1092.0,1093.0,263.0,1539662.0,1539738.0
2026-06-29 10:05:00,1093.0,1093.0,1092.0,1092.0,410.0,1539738.0,1539602.0
2026-06-29 10:06:00,1092.0,1094.0,1092.0,1093.0,1863.0,1539602.0,1539080.0
2026-06-29 10:07:00,1093.0,1093.0,1091.0,1091.0,1630.0,1539080.0,1539755.0
2026-06-29 10:08:00,1091.0,1093.0,1091.0,1093.0,1889.0,1539755.0,1539172.0
2026-06-29 10:09:00,1093.0,1093.0,1091.0,1092.0,511.0,1539172.0,1539189.0
2026-06-29 10:10:00,1092.0,1093.0,1092.0,1093.0,594.0,1539189.0,1539125.0
2026-06-29 10:11:00,1093.0,1093.0,1091.0,1092.0,1489.0,1539125.0,1539387.0
2026-06-29 10:12:00,1092.0,1092.0,1091.0,1091.0,1439.0,1539387.0,1539801.0
2026-06-29 10:13:00,1091.0,1093.0,1091.0,1092.0,1604.0,1539801.0,1539819.0
2026-06-29 10:14:00,1092.0,1093.0,1092.0,1093.0,776.0,1539819.0,1539655.0
2026-06-29 10:30:00,1093.0,1094.0,1091.0,1092.0,3500.0,1539655.0,1539953.0
2026-06-29 10:31:00,1092.0,1093.0,1092.0,1092.0,517.0,1539953.0,1540044.0
2026-06-29 10:32:00,1092.0,1093.0,1092.0,1093.0,1251.0,1540044.0,1539953.0
2026-06-29 10:33:00,1093.0,1094.0,1092.0,1093.0,2340.0,1539953.0,1539755.0
2026-06-29 10:34:00,1093.0,1094.0,1093.0,1093.0,525.0,1539755.0,1539736.0
2026-06-29 10:35:00,1093.0,1094.0,1093.0,1094.0,645.0,1539736.0,1539866.0
2026-06-29 10:36:00,1094.0,1094.0,1093.0,1093.0,393.0,1539866.0,1539703.0
2026-06-29 10:37:00,1093.0,1094.0,1092.0,1093.0,1202.0,1539703.0,1539207.0
2026-06-29 10:38:00,1093.0,1094.0,1092.0,1093.0,839.0,1539207.0,1538974.0
2026-06-29 10:39:00,1093.0,1094.0,1093.0,1094.0,224.0,1538974.0,1538851.0
2026-06-29 10:40:00,1094.0,1095.0,1093.0,1094.0,2362.0,1538851.0,1538450.0
2026-06-29 10:41:00,1094.0,1094.0,1093.0,1093.0,188.0,1538450.0,1538446.0
2026-06-29 10:42:00,1093.0,1094.0,1093.0,1094.0,179.0,1538446.0,1538553.0
2026-06-29 10:43:00,1094.0,1095.0,1093.0,1095.0,722.0,1538553.0,1538663.0
2026-06-29 10:44:00,1095.0,1095.0,1093.0,1093.0,663.0,1538663.0,1538366.0
2026-06-29 10:45:00,1093.0,1095.0,1093.0,1094.0,2150.0,1538366.0,1538013.0
2026-06-29 10:46:00,1094.0,1094.0,1093.0,1093.0,226.0,1538013.0,1537984.0
2026-06-29 10:47:00,1093.0,1094.0,1093.0,1094.0,192.0,1537984.0,1538067.0
2026-06-29 10:48:00,1094.0,1094.0,1092.0,1092.0,1660.0,1538067.0,1538020.0
2026-06-29 10:49:00,1092.0,1093.0,1091.0,1092.0,2144.0,1538020.0,1538137.0
2026-06-29 10:50:00,1092.0,1093.0,1092.0,1092.0,255.0,1538137.0,1537996.0
2026-06-29 10:51:00,1092.0,1093.0,1092.0,1093.0,294.0,1537996.0,1538079.0
2026-06-29 10:52:00,1093.0,1094.0,1092.0,1092.0,2132.0,1538079.0,1538317.0
2026-06-29 10:53:00,1092.0,1094.0,1092.0,1092.0,984.0,1538317.0,1538145.0
2026-06-29 10:54:00,1092.0,1094.0,1092.0,1093.0,791.0,1538145.0,1538079.0
2026-06-29 10:55:00,1093.0,1094.0,1092.0,1094.0,1038.0,1538079.0,1537976.0
2026-06-29 10:56:00,1094.0,1094.0,1093.0,1093.0,345.0,1537976.0,1538125.0
2026-06-29 10:57:00,1093.0,1095.0,1093.0,1094.0,1794.0,1538125.0,1537897.0
2026-06-29 10:58:00,1094.0,1095.0,1093.0,1095.0,786.0,1537897.0,1537711.0
2026-06-29 10:59:00,1095.0,1095.0,1093.0,1094.0,1027.0,1537711.0,1537547.0
2026-06-29 11:00:00,1094.0,1094.0,1093.0,1093.0,400.0,1537547.0,1537595.0
2026-06-29 11:01:00,1093.0,1094.0,1093.0,1094.0,450.0,1537595.0,1537596.0
2026-06-29 11:02:00,1094.0,1095.0,1093.0,1095.0,1736.0,1537596.0,1537387.0
2026-06-29 11:03:00,1095.0,1095.0,1094.0,1095.0,822.0,1537387.0,1537518.0
2026-06-29 11:04:00,1095.0,1096.0,1094.0,1095.0,3234.0,1537518.0,1537261.0
2026-06-29 11:05:00,1095.0,1095.0,1094.0,1095.0,537.0,1537261.0,1537127.0
2026-06-29 11:06:00,1095.0,1095.0,1094.0,1094.0,345.0,1537127.0,1537199.0
2026-06-29 11:07:00,1094.0,1095.0,1094.0,1095.0,338.0,1537199.0,1537046.0
2026-06-29 11:08:00,1095.0,1096.0,1094.0,1096.0,2381.0,1537046.0,1536931.0
2026-06-29 11:09:00,1096.0,1097.0,1095.0,1097.0,3324.0,1536931.0,1536780.0
2026-06-29 11:10:00,1097.0,1098.0,1096.0,1098.0,6972.0,1536780.0,1536969.0
2026-06-29 11:11:00,1098.0,1100.0,1097.0,1099.0,10935.0,1536969.0,1535203.0
2026-06-29 11:12:00,1099.0,1102.0,1099.0,1101.0,15759.0,1535203.0,1534628.0
2026-06-29 11:13:00,1101.0,1104.0,1101.0,1103.0,11152.0,1534628.0,1532635.0
2026-06-29 11:14:00,1103.0,1103.0,1102.0,1103.0,11878.0,1532635.0,1530378.0
2026-06-29 11:15:00,1103.0,1103.0,1101.0,1102.0,12088.0,1530378.0,1525730.0
2026-06-29 11:16:00,1102.0,1102.0,1101.0,1102.0,1801.0,1525730.0,1524798.0
2026-06-29 11:17:00,1102.0,1102.0,1100.0,1100.0,4562.0,1524798.0,1524367.0
2026-06-29 11:18:00,1100.0,1102.0,1100.0,1100.0,4003.0,1524367.0,1524216.0
2026-06-29 11:19:00,1100.0,1102.0,1100.0,1100.0,3712.0,1524216.0,1522645.0
2026-06-29 11:20:00,1100.0,1103.0,1100.0,1103.0,4473.0,1522645.0,1522671.0
2026-06-29 11:21:00,1103.0,1104.0,1102.0,1103.0,3627.0,1522671.0,1522475.0
2026-06-29 11:22:00,1103.0,1107.0,1103.0,1105.0,17791.0,1522475.0,1520580.0
2026-06-29 11:23:00,1105.0,1107.0,1104.0,1104.0,9394.0,1520580.0,1521204.0
2026-06-29 11:24:00,1104.0,1105.0,1104.0,1104.0,3873.0,1521204.0,1521265.0
2026-06-29 11:25:00,1104.0,1105.0,1103.0,1103.0,3640.0,1521265.0,1519940.0
2026-06-29 11:26:00,1103.0,1106.0,1103.0,1104.0,12451.0,1519940.0,1523127.0
2026-06-29 11:27:00,1104.0,1106.0,1104.0,1105.0,6039.0,1523127.0,1520036.0
2026-06-29 11:28:00,1105.0,1106.0,1104.0,1105.0,7091.0,1520036.0,1516658.0
2026-06-29 11:29:00,1105.0,1105.0,1104.0,1104.0,2206.0,1516658.0,1515561.0
2026-06-29 13:30:00,1104.0,1104.0,1101.0,1102.0,9907.0,1515561.0,1511322.0
2026-06-29 13:31:00,1102.0,1102.0,1100.0,1102.0,6084.0,1511322.0,1512111.0
2026-06-29 13:32:00,1102.0,1102.0,1101.0,1102.0,1616.0,1512111.0,1511814.0
2026-06-29 13:33:00,1102.0,1102.0,1101.0,1101.0,1559.0,1511814.0,1511737.0
2026-06-29 13:34:00,1101.0,1102.0,1101.0,1102.0,2723.0,1511737.0,1511955.0
2026-06-29 13:35:00,1102.0,1103.0,1101.0,1103.0,3485.0,1511955.0,1512143.0
2026-06-29 13:36:00,1103.0,1104.0,1102.0,1103.0,2383.0,1512143.0,1512553.0
2026-06-29 13:37:00,1103.0,1103.0,1101.0,1102.0,2812.0,1512553.0,1513026.0
2026-06-29 13:38:00,1102.0,1102.0,1101.0,1101.0,657.0,1513026.0,1512906.0
2026-06-29 13:39:00,1101.0,1103.0,1101.0,1103.0,2620.0,1512906.0,1511950.0
2026-06-29 13:40:00,1103.0,1103.0,1102.0,1102.0,673.0,1511950.0,1511953.0
2026-06-29 13:41:00,1102.0,1103.0,1101.0,1103.0,1420.0,1511953.0,1511747.0
2026-06-29 13:42:00,1103.0,1103.0,1101.0,1102.0,1810.0,1511747.0,1512056.0
2026-06-29 13:43:00,1102.0,1102.0,1101.0,1102.0,1578.0,1512056.0,1511972.0
2026-06-29 13:44:00,1102.0,1102.0,1101.0,1102.0,349.0,1511972.0,1511727.0
2026-06-29 13:45:00,1102.0,1102.0,1101.0,1102.0,534.0,1511727.0,1511603.0
2026-06-29 13:46:00,1102.0,1102.0,1101.0,1102.0,715.0,1511603.0,1511328.0
2026-06-29 13:47:00,1102.0,1102.0,1101.0,1102.0,400.0,1511328.0,1511137.0
2026-06-29 13:48:00,1102.0,1103.0,1101.0,1102.0,1469.0,1511137.0,1511268.0
2026-06-29 13:49:00,1102.0,1103.0,1102.0,1103.0,639.0,1511268.0,1511444.0
2026-06-29 13:50:00,1103.0,1103.0,1102.0,1103.0,737.0,1511444.0,1511390.0
2026-06-29 13:51:00,1103.0,1103.0,1102.0,1103.0,1806.0,1511390.0,1511279.0
2026-06-29 13:52:00,1103.0,1103.0,1102.0,1103.0,652.0,1511279.0,1511139.0
2026-06-29 13:53:00,1103.0,1103.0,1102.0,1103.0,290.0,1511139.0,1510971.0
2026-06-29 13:54:00,1103.0,1103.0,1102.0,1102.0,909.0,1510971.0,1510709.0
2026-06-29 13:55:00,1102.0,1103.0,1102.0,1103.0,687.0,1510709.0,1510647.0
2026-06-29 13:56:00,1103.0,1104.0,1102.0,1104.0,1423.0,1510647.0,1510655.0
2026-06-29 13:57:00,1104.0,1104.0,1103.0,1104.0,472.0,1510655.0,1510658.0
2026-06-29 13:58:00,1104.0,1104.0,1103.0,1104.0,439.0,1510658.0,1510562.0
2026-06-29 13:59:00,1104.0,1104.0,1102.0,1103.0,3594.0,1510562.0,1510690.0
2026-06-29 14:00:00,1103.0,1104.0,1103.0,1104.0,391.0,1510690.0,1510659.0
2026-06-29 14:01:00,1104.0,1104.0,1103.0,1104.0,2364.0,1510659.0,1510616.0
2026-06-29 14:02:00,1104.0,1105.0,1103.0,1105.0,5363.0,1510616.0,1508761.0
2026-06-29 14:03:00,1105.0,1105.0,1103.0,1104.0,4328.0,1508761.0,1508574.0
2026-06-29 14:04:00,1104.0,1104.0,1102.0,1102.0,7613.0,1508574.0,1509532.0
2026-06-29 14:05:00,1102.0,1103.0,1101.0,1102.0,4296.0,1509532.0,1509883.0
2026-06-29 14:06:00,1102.0,1103.0,1101.0,1102.0,2322.0,1509883.0,1509381.0
2026-06-29 14:07:00,1102.0,1102.0,1101.0,1102.0,1452.0,1509381.0,1508906.0
2026-06-29 14:08:00,1102.0,1102.0,1101.0,1101.0,931.0,1508906.0,1508552.0
2026-06-29 14:09:00,1101.0,1103.0,1101.0,1102.0,1518.0,1508552.0,1508467.0
2026-06-29 14:10:00,1102.0,1103.0,1101.0,1102.0,1447.0,1508467.0,1508099.0
2026-06-29 14:11:00,1102.0,1102.0,1101.0,1102.0,720.0,1508099.0,1507992.0
2026-06-29 14:12:00,1102.0,1102.0,1101.0,1101.0,1119.0,1507992.0,1507668.0
2026-06-29 14:13:00,1101.0,1102.0,1101.0,1102.0,255.0,1507668.0,1507606.0
2026-06-29 14:14:00,1102.0,1102.0,1101.0,1102.0,644.0,1507606.0,1507752.0
2026-06-29 14:15:00,1102.0,1102.0,1101.0,1102.0,1276.0,1507752.0,1507509.0
2026-06-29 14:16:00,1102.0,1103.0,1101.0,1102.0,1323.0,1507509.0,1507533.0
2026-06-29 14:17:00,1102.0,1103.0,1101.0,1103.0,498.0,1507533.0,1507364.0
2026-06-29 14:18:00,1103.0,1103.0,1101.0,1102.0,1035.0,1507364.0,1506961.0
2026-06-29 14:19:00,1102.0,1103.0,1101.0,1103.0,1366.0,1506961.0,1507216.0
2026-06-29 14:20:00,1103.0,1103.0,1102.0,1103.0,765.0,1507216.0,1507208.0
2026-06-29 14:21:00,1103.0,1103.0,1102.0,1103.0,824.0,1507208.0,1507443.0
2026-06-29 14:22:00,1103.0,1103.0,1101.0,1102.0,1650.0,1507443.0,1507326.0
2026-06-29 14:23:00,1102.0,1103.0,1101.0,1102.0,1057.0,1507326.0,1506780.0
2026-06-29 14:24:00,1102.0,1103.0,1101.0,1101.0,570.0,1506780.0,1506684.0
2026-06-29 14:25:00,1101.0,1102.0,1101.0,1102.0,446.0,1506684.0,1506572.0
2026-06-29 14:26:00,1102.0,1102.0,1101.0,1102.0,291.0,1506572.0,1506609.0
2026-06-29 14:27:00,1102.0,1102.0,1101.0,1102.0,294.0,1506609.0,1506662.0
2026-06-29 14:28:00,1102.0,1103.0,1101.0,1102.0,834.0,1506662.0,1506437.0
2026-06-29 14:29:00,1102.0,1103.0,1101.0,1103.0,965.0,1506437.0,1506436.0
2026-06-29 14:30:00,1103.0,1103.0,1102.0,1102.0,315.0,1506436.0,1506395.0
2026-06-29 14:31:00,1102.0,1103.0,1101.0,1102.0,1455.0,1506395.0,1507098.0
2026-06-29 14:32:00,1102.0,1102.0,1101.0,1102.0,1462.0,1507098.0,1507283.0
2026-06-29 14:33:00,1102.0,1103.0,1101.0,1102.0,649.0,1507283.0,1507354.0
2026-06-29 14:34:00,1102.0,1103.0,1101.0,1103.0,1161.0,1507354.0,1507363.0
2026-06-29 14:35:00,1103.0,1103.0,1102.0,1103.0,324.0,1507363.0,1507360.0
2026-06-29 14:36:00,1103.0,1103.0,1102.0,1103.0,420.0,1507360.0,1507329.0
2026-06-29 14:37:00,1103.0,1103.0,1102.0,1103.0,1085.0,1507329.0,1506779.0
2026-06-29 14:38:00,1103.0,1103.0,1102.0,1102.0,690.0,1506779.0,1506631.0
2026-06-29 14:39:00,1102.0,1104.0,1102.0,1103.0,2147.0,1506631.0,1506727.0
2026-06-29 14:40:00,1103.0,1104.0,1102.0,1102.0,720.0,1506727.0,1506546.0
2026-06-29 14:41:00,1102.0,1104.0,1102.0,1103.0,1435.0,1506546.0,1506412.0
2026-06-29 14:42:00,1103.0,1104.0,1102.0,1103.0,2716.0,1506412.0,1506697.0
2026-06-29 14:43:00,1103.0,1104.0,1102.0,1103.0,907.0,1506697.0,1506517.0
2026-06-29 14:44:00,1103.0,1104.0,1102.0,1103.0,710.0,1506517.0,1506488.0
2026-06-29 14:45:00,1103.0,1104.0,1102.0,1103.0,1087.0,1506488.0,1506356.0
2026-06-29 14:46:00,1103.0,1103.0,1102.0,1102.0,389.0,1506356.0,1506115.0
2026-06-29 14:47:00,1102.0,1103.0,1102.0,1103.0,712.0,1506115.0,1505920.0
2026-06-29 14:48:00,1103.0,1103.0,1102.0,1103.0,689.0,1505920.0,1505709.0
2026-06-29 14:49:00,1103.0,1103.0,1102.0,1103.0,675.0,1505709.0,1505877.0
2026-06-29 14:50:00,1103.0,1103.0,1102.0,1103.0,688.0,1505877.0,1505919.0
2026-06-29 14:51:00,1103.0,1103.0,1102.0,1102.0,950.0,1505919.0,1505963.0
2026-06-29 14:52:00,1102.0,1103.0,1102.0,1103.0,2865.0,1505963.0,1505182.0
2026-06-29 14:53:00,1103.0,1103.0,1102.0,1102.0,2165.0,1505182.0,1504573.0
2026-06-29 14:54:00,1102.0,1103.0,1101.0,1102.0,1044.0,1504573.0,1504400.0
2026-06-29 14:55:00,1102.0,1103.0,1102.0,1103.0,2570.0,1504400.0,1503389.0
2026-06-29 14:56:00,1103.0,1103.0,1102.0,1103.0,686.0,1503389.0,1503126.0
2026-06-29 14:57:00,1103.0,1104.0,1102.0,1103.0,4292.0,1503126.0,1502157.0
2026-06-29 14:58:00,1103.0,1104.0,1103.0,1103.0,3482.0,1502157.0,1501851.0
2026-06-29 14:59:00,1103.0,1104.0,1102.0,1103.0,6352.0,1501851.0,1498470.0
2026-06-29 21:00:00,1099.0,1102.0,1097.0,1098.0,18791.0,1498470.0,1504093.0
2026-06-29 21:01:00,1098.0,1098.0,1096.0,1097.0,8519.0,1504093.0,1506045.0
2026-06-29 21:02:00,1097.0,1097.0,1094.0,1095.0,12904.0,1506045.0,1509591.0
2026-06-29 21:03:00,1095.0,1095.0,1093.0,1094.0,14901.0,1509591.0,1512879.0
2026-06-29 21:04:00,1094.0,1094.0,1091.0,1091.0,13145.0,1512879.0,1516720.0
2026-06-29 21:05:00,1091.0,1092.0,1087.0,1088.0,27907.0,1516720.0,1522861.0
2026-06-29 21:06:00,1088.0,1088.0,1086.0,1086.0,17974.0,1522861.0,1526529.0
2026-06-29 21:07:00,1086.0,1088.0,1086.0,1087.0,13081.0,1526529.0,1530464.0
2026-06-29 21:08:00,1087.0,1088.0,1087.0,1088.0,10238.0,1530464.0,1536886.0
2026-06-29 21:09:00,1088.0,1088.0,1086.0,1087.0,12485.0,1536886.0,1542514.0
2026-06-29 21:10:00,1087.0,1089.0,1087.0,1088.0,7296.0,1542514.0,1543673.0
2026-06-29 21:11:00,1088.0,1088.0,1087.0,1088.0,3292.0,1543673.0,1544060.0
2026-06-29 21:12:00,1088.0,1088.0,1087.0,1087.0,4461.0,1544060.0,1546467.0
2026-06-29 21:13:00,1087.0,1087.0,1086.0,1086.0,10300.0,1546467.0,1549728.0
2026-06-29 21:14:00,1086.0,1087.0,1086.0,1086.0,4819.0,1549728.0,1552295.0
2026-06-29 21:15:00,1086.0,1087.0,1085.0,1086.0,10609.0,1552295.0,1554781.0
2026-06-29 21:16:00,1086.0,1088.0,1086.0,1087.0,4818.0,1554781.0,1555620.0
2026-06-29 21:17:00,1087.0,1088.0,1086.0,1087.0,6603.0,1555620.0,1558180.0
2026-06-29 21:18:00,1087.0,1087.0,1086.0,1086.0,1635.0,1558180.0,1558337.0
2026-06-29 21:19:00,1086.0,1087.0,1086.0,1087.0,1054.0,1558337.0,1558773.0
2026-06-29 21:20:00,1087.0,1087.0,1086.0,1086.0,1143.0,1558773.0,1559239.0
2026-06-29 21:21:00,1086.0,1088.0,1086.0,1088.0,2649.0,1559239.0,1559926.0
2026-06-29 21:22:00,1088.0,1088.0,1086.0,1087.0,3681.0,1559926.0,1560718.0
2026-06-29 21:23:00,1087.0,1087.0,1086.0,1086.0,859.0,1560718.0,1560903.0
2026-06-29 21:24:00,1086.0,1087.0,1086.0,1086.0,2357.0,1560903.0,1560452.0
2026-06-29 21:25:00,1086.0,1087.0,1086.0,1087.0,892.0,1560452.0,1561048.0
2026-06-29 21:26:00,1087.0,1087.0,1086.0,1087.0,801.0,1561048.0,1561288.0
2026-06-29 21:27:00,1087.0,1087.0,1086.0,1086.0,3094.0,1561288.0,1562424.0
2026-06-29 21:28:00,1086.0,1087.0,1086.0,1086.0,1410.0,1562424.0,1562826.0
2026-06-29 21:29:00,1086.0,1087.0,1086.0,1086.0,1053.0,1562826.0,1563086.0
2026-06-29 21:30:00,1086.0,1087.0,1086.0,1087.0,767.0,1563086.0,1563293.0
2026-06-29 21:31:00,1087.0,1087.0,1085.0,1086.0,4369.0,1563293.0,1565533.0
2026-06-29 21:32:00,1086.0,1087.0,1086.0,1086.0,2652.0,1565533.0,1565273.0
2026-06-29 21:33:00,1086.0,1087.0,1085.0,1086.0,9689.0,1565273.0,1568951.0
2026-06-29 21:34:00,1086.0,1087.0,1085.0,1086.0,2253.0,1568951.0,1570243.0
2026-06-29 21:35:00,1086.0,1087.0,1086.0,1087.0,476.0,1570243.0,1570566.0
2026-06-29 21:36:00,1087.0,1087.0,1086.0,1087.0,754.0,1570566.0,1570788.0
2026-06-29 21:37:00,1087.0,1087.0,1086.0,1086.0,894.0,1570788.0,1570894.0
2026-06-29 21:38:00,1086.0,1087.0,1086.0,1086.0,5868.0,1570894.0,1570039.0
2026-06-29 21:39:00,1086.0,1087.0,1086.0,1086.0,1273.0,1570039.0,1570308.0
2026-06-29 21:40:00,1086.0,1087.0,1086.0,1086.0,733.0,1570308.0,1570351.0
2026-06-29 21:41:00,1086.0,1087.0,1085.0,1086.0,4540.0,1570351.0,1572148.0
2026-06-29 21:42:00,1086.0,1086.0,1085.0,1086.0,1053.0,1572148.0,1572625.0
2026-06-29 21:43:00,1086.0,1087.0,1085.0,1086.0,2435.0,1572625.0,1572477.0
2026-06-29 21:44:00,1086.0,1087.0,1086.0,1086.0,316.0,1572477.0,1572544.0
2026-06-29 21:45:00,1086.0,1087.0,1086.0,1086.0,407.0,1572544.0,1572716.0
2026-06-29 21:46:00,1086.0,1087.0,1086.0,1086.0,595.0,1572716.0,1572980.0
2026-06-29 21:47:00,1086.0,1087.0,1086.0,1087.0,3544.0,1572980.0,1571965.0
2026-06-29 21:48:00,1087.0,1087.0,1086.0,1086.0,229.0,1571965.0,1572061.0
2026-06-29 21:49:00,1086.0,1087.0,1086.0,1086.0,291.0,1572061.0,1572099.0
2026-06-29 21:50:00,1086.0,1087.0,1086.0,1087.0,629.0,1572099.0,1572333.0
2026-06-29 21:51:00,1087.0,1087.0,1086.0,1086.0,464.0,1572333.0,1572370.0
2026-06-29 21:52:00,1086.0,1087.0,1086.0,1086.0,410.0,1572370.0,1572307.0
2026-06-29 21:53:00,1086.0,1087.0,1086.0,1086.0,582.0,1572307.0,1572207.0
2026-06-29 21:54:00,1086.0,1088.0,1086.0,1088.0,3523.0,1572207.0,1573106.0
2026-06-29 21:55:00,1088.0,1088.0,1086.0,1087.0,2624.0,1573106.0,1572573.0
2026-06-29 21:56:00,1087.0,1087.0,1085.0,1086.0,4746.0,1572573.0,1572402.0
2026-06-29 21:57:00,1086.0,1086.0,1085.0,1086.0,524.0,1572402.0,1572477.0
2026-06-29 21:58:00,1086.0,1086.0,1085.0,1086.0,392.0,1572477.0,1572405.0
2026-06-29 21:59:00,1086.0,1086.0,1085.0,1086.0,510.0,1572405.0,1572545.0
2026-06-29 22:00:00,1086.0,1086.0,1085.0,1085.0,707.0,1572545.0,1572732.0
2026-06-29 22:01:00,1085.0,1086.0,1085.0,1085.0,3476.0,1572732.0,1572023.0
2026-06-29 22:02:00,1085.0,1087.0,1085.0,1086.0,3243.0,1572023.0,1570987.0
2026-06-29 22:03:00,1086.0,1087.0,1085.0,1086.0,1181.0,1570987.0,1571257.0
2026-06-29 22:04:00,1086.0,1087.0,1086.0,1087.0,895.0,1571257.0,1571491.0
2026-06-29 22:05:00,1087.0,1087.0,1085.0,1086.0,1891.0,1571491.0,1571346.0
2026-06-29 22:06:00,1086.0,1087.0,1085.0,1086.0,726.0,1571346.0,1571391.0
2026-06-29 22:07:00,1086.0,1087.0,1086.0,1086.0,728.0,1571391.0,1571322.0
2026-06-29 22:08:00,1086.0,1087.0,1084.0,1085.0,11612.0,1571322.0,1576764.0
2026-06-29 22:09:00,1085.0,1085.0,1084.0,1084.0,3444.0,1576764.0,1576457.0
2026-06-29 22:10:00,1084.0,1085.0,1084.0,1085.0,1921.0,1576457.0,1576246.0
2026-06-29 22:11:00,1085.0,1086.0,1084.0,1086.0,9934.0,1576246.0,1576883.0
2026-06-29 22:12:00,1086.0,1086.0,1085.0,1086.0,402.0,1576883.0,1576836.0
2026-06-29 22:13:00,1086.0,1086.0,1084.0,1085.0,3760.0,1576836.0,1577504.0
2026-06-29 22:14:00,1085.0,1086.0,1085.0,1085.0,1073.0,1577504.0,1577187.0
2026-06-29 22:15:00,1085.0,1086.0,1085.0,1086.0,567.0,1577187.0,1577190.0
2026-06-29 22:16:00,1086.0,1086.0,1085.0,1085.0,1394.0,1577190.0,1577085.0
2026-06-29 22:17:00,1085.0,1086.0,1084.0,1084.0,2067.0,1577085.0,1577001.0
2026-06-29 22:18:00,1084.0,1086.0,1084.0,1085.0,2211.0,1577001.0,1576833.0
2026-06-29 22:19:00,1085.0,1086.0,1085.0,1085.0,247.0,1576833.0,1576806.0
2026-06-29 22:20:00,1085.0,1086.0,1085.0,1085.0,350.0,1576806.0,1576731.0
2026-06-29 22:21:00,1085.0,1086.0,1085.0,1085.0,554.0,1576731.0,1576398.0
2026-06-29 22:22:00,1085.0,1086.0,1085.0,1085.0,264.0,1576398.0,1576571.0
2026-06-29 22:23:00,1085.0,1086.0,1085.0,1086.0,258.0,1576571.0,1576575.0
2026-06-29 22:24:00,1086.0,1086.0,1085.0,1085.0,354.0,1576575.0,1576493.0
2026-06-29 22:25:00,1085.0,1086.0,1085.0,1085.0,188.0,1576493.0,1576523.0
2026-06-29 22:26:00,1085.0,1086.0,1085.0,1086.0,513.0,1576523.0,1576416.0
2026-06-29 22:27:00,1086.0,1086.0,1085.0,1086.0,518.0,1576416.0,1576643.0
2026-06-29 22:28:00,1086.0,1086.0,1085.0,1086.0,740.0,1576643.0,1577032.0
2026-06-29 22:29:00,1086.0,1087.0,1085.0,1086.0,4162.0,1577032.0,1576194.0
2026-06-29 22:30:00,1086.0,1086.0,1085.0,1086.0,560.0,1576194.0,1576271.0
2026-06-29 22:31:00,1086.0,1086.0,1085.0,1085.0,484.0,1576271.0,1576287.0
2026-06-29 22:32:00,1085.0,1086.0,1085.0,1086.0,1206.0,1576287.0,1576070.0
2026-06-29 22:33:00,1086.0,1087.0,1085.0,1087.0,1807.0,1576070.0,1575479.0
2026-06-29 22:34:00,1087.0,1087.0,1085.0,1086.0,684.0,1575479.0,1575591.0
2026-06-29 22:35:00,1086.0,1087.0,1086.0,1087.0,289.0,1575591.0,1575460.0
2026-06-29 22:36:00,1087.0,1087.0,1085.0,1085.0,909.0,1575460.0,1575611.0
2026-06-29 22:37:00,1085.0,1086.0,1085.0,1086.0,609.0,1575611.0,1575546.0
2026-06-29 22:38:00,1086.0,1086.0,1085.0,1085.0,168.0,1575546.0,1575606.0
2026-06-29 22:39:00,1085.0,1086.0,1085.0,1086.0,398.0,1575606.0,1575493.0
2026-06-29 22:40:00,1086.0,1086.0,1085.0,1086.0,299.0,1575493.0,1575575.0
2026-06-29 22:41:00,1086.0,1086.0,1085.0,1085.0,660.0,1575575.0,1575786.0
2026-06-29 22:42:00,1085.0,1086.0,1085.0,1086.0,149.0,1575786.0,1575723.0
2026-06-29 22:43:00,1086.0,1086.0,1085.0,1085.0,252.0,1575723.0,1575648.0
2026-06-29 22:44:00,1085.0,1086.0,1085.0,1086.0,478.0,1575648.0,1575824.0
2026-06-29 22:45:00,1086.0,1086.0,1085.0,1085.0,193.0,1575824.0,1575857.0
2026-06-29 22:46:00,1085.0,1086.0,1085.0,1085.0,298.0,1575857.0,1576050.0
2026-06-29 22:47:00,1085.0,1086.0,1085.0,1085.0,574.0,1576050.0,1576258.0
2026-06-29 22:48:00,1085.0,1086.0,1085.0,1085.0,479.0,1576258.0,1576439.0
2026-06-29 22:49:00,1085.0,1086.0,1085.0,1085.0,216.0,1576439.0,1576508.0
2026-06-29 22:50:00,1085.0,1086.0,1085.0,1085.0,170.0,1576508.0,1576513.0
2026-06-29 22:51:00,1085.0,1086.0,1085.0,1085.0,533.0,1576513.0,1576364.0
2026-06-29 22:52:00,1085.0,1086.0,1085.0,1086.0,183.0,1576364.0,1576352.0
2026-06-29 22:53:00,1086.0,1086.0,1085.0,1086.0,585.0,1576352.0,1576186.0
2026-06-29 22:54:00,1086.0,1086.0,1085.0,1085.0,413.0,1576186.0,1576289.0
2026-06-29 22:55:00,1085.0,1086.0,1085.0,1086.0,3209.0,1576289.0,1574770.0
2026-06-29 22:56:00,1086.0,1086.0,1085.0,1085.0,430.0,1574770.0,1574750.0
2026-06-29 22:57:00,1085.0,1086.0,1085.0,1085.0,641.0,1574750.0,1574776.0
2026-06-29 22:58:00,1085.0,1086.0,1085.0,1085.0,1166.0,1574776.0,1574714.0
2026-06-29 22:59:00,1085.0,1086.0,1085.0,1085.0,3738.0,1574714.0,1573267.0
2026-06-30 09:00:00,1085.0,1088.0,1085.0,1086.0,9111.0,1573267.0,1572981.0
2026-06-30 09:01:00,1086.0,1087.0,1086.0,1086.0,2704.0,1572981.0,1572667.0
2026-06-30 09:02:00,1086.0,1087.0,1086.0,1087.0,1047.0,1572667.0,1572791.0
2026-06-30 09:03:00,1087.0,1088.0,1086.0,1088.0,4037.0,1572791.0,1572788.0
2026-06-30 09:04:00,1088.0,1088.0,1086.0,1087.0,1685.0,1572788.0,1573139.0
2026-06-30 09:05:00,1087.0,1089.0,1087.0,1089.0,5025.0,1573139.0,1572984.0
2026-06-30 09:06:00,1089.0,1089.0,1088.0,1089.0,2235.0,1572984.0,1573103.0
2026-06-30 09:07:00,1089.0,1089.0,1087.0,1088.0,5432.0,1573103.0,1572263.0
2026-06-30 09:08:00,1088.0,1089.0,1088.0,1089.0,1066.0,1572263.0,1572384.0
2026-06-30 09:09:00,1089.0,1089.0,1088.0,1089.0,907.0,1572384.0,1572686.0
2026-06-30 09:10:00,1089.0,1089.0,1087.0,1087.0,1335.0,1572686.0,1572735.0
2026-06-30 09:11:00,1087.0,1089.0,1087.0,1088.0,2044.0,1572735.0,1573102.0
2026-06-30 09:12:00,1088.0,1089.0,1088.0,1089.0,1704.0,1573102.0,1572490.0
2026-06-30 09:13:00,1089.0,1089.0,1087.0,1087.0,731.0,1572490.0,1572337.0
2026-06-30 09:14:00,1087.0,1088.0,1086.0,1087.0,2172.0,1572337.0,1572163.0
2026-06-30 09:15:00,1087.0,1087.0,1085.0,1085.0,2623.0,1572163.0,1572921.0
2026-06-30 09:16:00,1085.0,1087.0,1085.0,1086.0,1925.0,1572921.0,1573200.0
2026-06-30 09:17:00,1086.0,1086.0,1085.0,1085.0,1011.0,1573200.0,1573419.0
2026-06-30 09:18:00,1085.0,1086.0,1085.0,1085.0,677.0,1573419.0,1573475.0
2026-06-30 09:19:00,1085.0,1086.0,1085.0,1085.0,623.0,1573475.0,1573645.0
2026-06-30 09:20:00,1085.0,1086.0,1085.0,1086.0,411.0,1573645.0,1573739.0
2026-06-30 09:21:00,1086.0,1087.0,1085.0,1086.0,3745.0,1573739.0,1574854.0
2026-06-30 09:22:00,1086.0,1087.0,1085.0,1087.0,895.0,1574854.0,1574888.0
2026-06-30 09:23:00,1087.0,1087.0,1086.0,1086.0,1234.0,1574888.0,1574771.0
2026-06-30 09:24:00,1086.0,1087.0,1085.0,1086.0,1425.0,1574771.0,1574950.0
2026-06-30 09:25:00,1086.0,1087.0,1086.0,1087.0,370.0,1574950.0,1574940.0
2026-06-30 09:26:00,1087.0,1087.0,1086.0,1087.0,1535.0,1574940.0,1575326.0
2026-06-30 09:27:00,1087.0,1087.0,1086.0,1087.0,552.0,1575326.0,1575453.0
2026-06-30 09:28:00,1087.0,1087.0,1085.0,1085.0,1285.0,1575453.0,1575364.0
2026-06-30 09:29:00,1085.0,1086.0,1085.0,1086.0,363.0,1575364.0,1575490.0
2026-06-30 09:30:00,1086.0,1086.0,1085.0,1085.0,410.0,1575490.0,1575562.0
2026-06-30 09:31:00,1085.0,1088.0,1085.0,1088.0,3306.0,1575562.0,1577072.0
2026-06-30 09:32:00,1088.0,1088.0,1087.0,1087.0,526.0,1577072.0,1577155.0
2026-06-30 09:33:00,1087.0,1088.0,1086.0,1087.0,1621.0,1577155.0,1576864.0
2026-06-30 09:34:00,1087.0,1087.0,1086.0,1086.0,281.0,1576864.0,1576785.0
2026-06-30 09:35:00,1086.0,1087.0,1086.0,1086.0,211.0,1576785.0,1576819.0
2026-06-30 09:36:00,1086.0,1087.0,1086.0,1087.0,479.0,1576819.0,1576890.0
2026-06-30 09:37:00,1087.0,1087.0,1086.0,1086.0,381.0,1576890.0,1577083.0
2026-06-30 09:38:00,1086.0,1087.0,1086.0,1086.0,243.0,1577083.0,1577124.0
2026-06-30 09:39:00,1086.0,1087.0,1086.0,1087.0,864.0,1577124.0,1577317.0
2026-06-30 09:40:00,1087.0,1087.0,1086.0,1086.0,574.0,1577317.0,1577562.0
2026-06-30 09:41:00,1086.0,1087.0,1086.0,1087.0,409.0,1577562.0,1577658.0
2026-06-30 09:42:00,1087.0,1087.0,1086.0,1087.0,623.0,1577658.0,1577815.0
2026-06-30 09:43:00,1087.0,1087.0,1085.0,1086.0,1648.0,1577815.0,1577430.0
2026-06-30 09:44:00,1086.0,1086.0,1085.0,1086.0,692.0,1577430.0,1577321.0
2026-06-30 09:45:00,1086.0,1086.0,1084.0,1084.0,4376.0,1577321.0,1578211.0
2026-06-30 09:46:00,1084.0,1085.0,1084.0,1084.0,842.0,1578211.0,1578151.0
2026-06-30 09:47:00,1084.0,1085.0,1084.0,1084.0,1153.0,1578151.0,1578612.0
2026-06-30 09:48:00,1084.0,1085.0,1084.0,1085.0,321.0,1578612.0,1578659.0
2026-06-30 09:49:00,1085.0,1085.0,1084.0,1084.0,529.0,1578659.0,1578797.0
2026-06-30 09:50:00,1084.0,1085.0,1084.0,1085.0,767.0,1578797.0,1579128.0
2026-06-30 09:51:00,1085.0,1085.0,1083.0,1084.0,5369.0,1579128.0,1579832.0
2026-06-30 09:52:00,1084.0,1084.0,1081.0,1082.0,9645.0,1579832.0,1579525.0
2026-06-30 09:53:00,1082.0,1082.0,1080.0,1080.0,11413.0,1579525.0,1579042.0
2026-06-30 09:54:00,1080.0,1082.0,1080.0,1082.0,5760.0,1579042.0,1578655.0
2026-06-30 09:55:00,1082.0,1082.0,1081.0,1082.0,1302.0,1578655.0,1578489.0
2026-06-30 09:56:00,1082.0,1082.0,1081.0,1082.0,1410.0,1578489.0,1578538.0
2026-06-30 09:57:00,1082.0,1083.0,1081.0,1083.0,3108.0,1578538.0,1579317.0
2026-06-30 09:58:00,1083.0,1083.0,1081.0,1082.0,3432.0,1579317.0,1579623.0
2026-06-30 09:59:00,1082.0,1083.0,1081.0,1081.0,1734.0,1579623.0,1580387.0
2026-06-30 10:00:00,1081.0,1082.0,1081.0,1082.0,1626.0,1580387.0,1580719.0
2026-06-30 10:01:00,1082.0,1082.0,1081.0,1081.0,908.0,1580719.0,1580717.0
2026-06-30 10:02:00,1081.0,1082.0,1081.0,1082.0,1413.0,1580717.0,1581149.0
2026-06-30 10:03:00,1082.0,1083.0,1081.0,1082.0,1609.0,1581149.0,1581303.0
2026-06-30 10:04:00,1082.0,1084.0,1082.0,1084.0,3041.0,1581303.0,1581562.0
2026-06-30 10:05:00,1084.0,1084.0,1082.0,1082.0,3189.0,1581562.0,1582221.0
2026-06-30 10:06:00,1082.0,1084.0,1082.0,1083.0,1374.0,1582221.0,1582083.0
2026-06-30 10:07:00,1083.0,1084.0,1083.0,1083.0,660.0,1582083.0,1582032.0
2026-06-30 10:08:00,1083.0,1085.0,1083.0,1084.0,1838.0,1582032.0,1582245.0
2026-06-30 10:09:00,1084.0,1085.0,1083.0,1084.0,3061.0,1582245.0,1582285.0
2026-06-30 10:10:00,1084.0,1085.0,1082.0,1082.0,2100.0,1582285.0,1582792.0
2026-06-30 10:11:00,1082.0,1083.0,1081.0,1082.0,2829.0,1582792.0,1582704.0
2026-06-30 10:12:00,1082.0,1083.0,1082.0,1082.0,1470.0,1582704.0,1582282.0
2026-06-30 10:13:00,1082.0,1083.0,1082.0,1083.0,1187.0,1582282.0,1582314.0
2026-06-30 10:14:00,1083.0,1083.0,1082.0,1083.0,1223.0,1582314.0,1582738.0
2026-06-30 10:30:00,1083.0,1085.0,1083.0,1084.0,4093.0,1582738.0,1582198.0
2026-06-30 10:31:00,1084.0,1085.0,1084.0,1084.0,683.0,1582198.0,1582384.0
2026-06-30 10:32:00,1084.0,1086.0,1084.0,1086.0,4670.0,1582384.0,1583799.0
2026-06-30 10:33:00,1086.0,1087.0,1085.0,1086.0,5218.0,1583799.0,1582122.0
2026-06-30 10:34:00,1086.0,1088.0,1085.0,1086.0,4705.0,1582122.0,1581436.0
2026-06-30 10:35:00,1086.0,1087.0,1086.0,1087.0,1505.0,1581436.0,1581182.0
2026-06-30 10:36:00,1087.0,1087.0,1085.0,1085.0,3135.0,1581182.0,1581521.0
2026-06-30 10:37:00,1085.0,1086.0,1085.0,1085.0,2439.0,1581521.0,1581201.0
2026-06-30 10:38:00,1085.0,1087.0,1085.0,1085.0,2914.0,1581201.0,1580827.0
2026-06-30 10:39:00,1085.0,1086.0,1085.0,1085.0,371.0,1580827.0,1580814.0
2026-06-30 10:40:00,1085.0,1086.0,1085.0,1085.0,2367.0,1580814.0,1580968.0
2026-06-30 10:41:00,1085.0,1086.0,1085.0,1085.0,470.0,1580968.0,1580677.0
2026-06-30 10:42:00,1085.0,1086.0,1085.0,1085.0,1037.0,1580677.0,1581018.0
2026-06-30 10:43:00,1085.0,1086.0,1084.0,1086.0,1956.0,1581018.0,1581034.0
2026-06-30 10:44:00,1086.0,1087.0,1085.0,1086.0,2216.0,1581034.0,1580538.0
2026-06-30 10:45:00,1086.0,1087.0,1086.0,1086.0,1470.0,1580538.0,1580327.0
2026-06-30 10:46:00,1086.0,1092.0,1086.0,1092.0,15892.0,1580327.0,1576570.0
2026-06-30 10:47:00,1092.0,1092.0,1090.0,1090.0,5589.0,1576570.0,1574282.0
2026-06-30 10:48:00,1090.0,1091.0,1089.0,1089.0,6647.0,1574282.0,1572555.0
2026-06-30 10:49:00,1089.0,1091.0,1089.0,1091.0,4254.0,1572555.0,1571793.0
2026-06-30 10:50:00,1091.0,1091.0,1090.0,1090.0,1819.0,1571793.0,1571918.0
2026-06-30 10:51:00,1090.0,1091.0,1090.0,1091.0,2588.0,1571918.0,1572090.0
2026-06-30 10:52:00,1091.0,1091.0,1089.0,1090.0,3160.0,1572090.0,1571173.0
2026-06-30 10:53:00,1090.0,1091.0,1089.0,1090.0,3434.0,1571173.0,1570431.0
2026-06-30 10:54:00,1090.0,1091.0,1090.0,1090.0,2960.0,1570431.0,1570343.0
2026-06-30 10:55:00,1090.0,1090.0,1089.0,1090.0,1010.0,1570343.0,1570012.0
2026-06-30 10:56:00,1090.0,1090.0,1089.0,1089.0,534.0,1570012.0,1569766.0
2026-06-30 10:57:00,1089.0,1090.0,1089.0,1090.0,959.0,1569766.0,1569798.0
2026-06-30 10:58:00,1090.0,1090.0,1088.0,1088.0,2823.0,1569798.0,1568501.0
2026-06-30 10:59:00,1088.0,1090.0,1088.0,1089.0,4414.0,1568501.0,1569291.0
2026-06-30 11:00:00,1089.0,1090.0,1088.0,1089.0,1324.0,1569291.0,1569110.0
2026-06-30 11:01:00,1089.0,1091.0,1089.0,1089.0,5591.0,1569110.0,1568597.0
2026-06-30 11:02:00,1089.0,1090.0,1089.0,1090.0,548.0,1568597.0,1568421.0
2026-06-30 11:03:00,1090.0,1090.0,1089.0,1089.0,443.0,1568421.0,1568394.0
2026-06-30 11:04:00,1089.0,1090.0,1088.0,1089.0,1735.0,1568394.0,1568496.0
2026-06-30 11:05:00,1089.0,1090.0,1089.0,1089.0,485.0,1568496.0,1568641.0
2026-06-30 11:06:00,1089.0,1090.0,1089.0,1089.0,3389.0,1568641.0,1568321.0
2026-06-30 11:07:00,1089.0,1090.0,1088.0,1089.0,1959.0,1568321.0,1568301.0
2026-06-30 11:08:00,1089.0,1089.0,1087.0,1087.0,3388.0,1568301.0,1568500.0
2026-06-30 11:09:00,1087.0,1088.0,1086.0,1086.0,1915.0,1568500.0,1567994.0
2026-06-30 11:10:00,1086.0,1088.0,1086.0,1087.0,1402.0,1567994.0,1568070.0
2026-06-30 11:11:00,1087.0,1088.0,1086.0,1087.0,1059.0,1568070.0,1567975.0
2026-06-30 11:12:00,1087.0,1089.0,1087.0,1089.0,1419.0,1567975.0,1567790.0
2026-06-30 11:13:00,1089.0,1089.0,1087.0,1088.0,1386.0,1567790.0,1567659.0
2026-06-30 11:14:00,1088.0,1089.0,1088.0,1088.0,589.0,1567659.0,1567646.0
2026-06-30 11:15:00,1088.0,1089.0,1088.0,1088.0,441.0,1567646.0,1567621.0
2026-06-30 11:16:00,1088.0,1089.0,1088.0,1089.0,202.0,1567621.0,1567613.0
2026-06-30 11:17:00,1089.0,1089.0,1087.0,1088.0,1142.0,1567613.0,1567975.0
2026-06-30 11:18:00,1088.0,1089.0,1088.0,1088.0,233.0,1567975.0,1567845.0
2026-06-30 11:19:00,1088.0,1089.0,1087.0,1087.0,937.0,1567845.0,1567636.0
2026-06-30 11:20:00,1087.0,1089.0,1087.0,1088.0,2192.0,1567636.0,1568449.0
2026-06-30 11:21:00,1088.0,1090.0,1088.0,1089.0,1115.0,1568449.0,1568594.0
2026-06-30 11:22:00,1089.0,1090.0,1088.0,1089.0,656.0,1568594.0,1568384.0
2026-06-30 11:23:00,1089.0,1090.0,1088.0,1089.0,1704.0,1568384.0,1567750.0
2026-06-30 11:24:00,1089.0,1090.0,1088.0,1088.0,907.0,1567750.0,1567618.0
2026-06-30 11:25:00,1088.0,1089.0,1088.0,1088.0,428.0,1567618.0,1567435.0
2026-06-30 11:26:00,1088.0,1089.0,1088.0,1089.0,371.0,1567435.0,1567374.0
2026-06-30 11:27:00,1089.0,1089.0,1088.0,1089.0,380.0,1567374.0,1567248.0
2026-06-30 11:28:00,1089.0,1089.0,1088.0,1088.0,1092.0,1567248.0,1567014.0
2026-06-30 11:29:00,1088.0,1089.0,1088.0,1089.0,2017.0,1567014.0,1566338.0
2026-06-30 13:30:00,1089.0,1089.0,1087.0,1088.0,3394.0,1566338.0,1565625.0
2026-06-30 13:31:00,1088.0,1088.0,1087.0,1087.0,786.0,1565625.0,1565541.0
2026-06-30 13:32:00,1087.0,1088.0,1086.0,1087.0,2217.0,1565541.0,1565242.0
2026-06-30 13:33:00,1087.0,1088.0,1087.0,1087.0,2380.0,1565242.0,1565053.0
2026-06-30 13:34:00,1087.0,1088.0,1087.0,1087.0,806.0,1565053.0,1565025.0
2026-06-30 13:35:00,1087.0,1088.0,1087.0,1088.0,485.0,1565025.0,1565059.0
2026-06-30 13:36:00,1088.0,1088.0,1087.0,1088.0,327.0,1565059.0,1565010.0
2026-06-30 13:37:00,1088.0,1089.0,1087.0,1087.0,2558.0,1565010.0,1564983.0
2026-06-30 13:38:00,1087.0,1089.0,1087.0,1088.0,825.0,1564983.0,1565045.0
2026-06-30 13:39:00,1088.0,1089.0,1087.0,1088.0,1374.0,1565045.0,1565114.0
2026-06-30 13:40:00,1088.0,1088.0,1087.0,1088.0,451.0,1565114.0,1565114.0
2026-06-30 13:41:00,1088.0,1088.0,1087.0,1088.0,385.0,1565114.0,1565127.0
2026-06-30 13:42:00,1088.0,1088.0,1087.0,1088.0,247.0,1565127.0,1565200.0
2026-06-30 13:43:00,1088.0,1088.0,1087.0,1088.0,397.0,1565200.0,1565338.0
2026-06-30 13:44:00,1088.0,1088.0,1087.0,1088.0,636.0,1565338.0,1565400.0
2026-06-30 13:45:00,1088.0,1088.0,1086.0,1087.0,2028.0,1565400.0,1565853.0
2026-06-30 13:46:00,1087.0,1088.0,1086.0,1086.0,899.0,1565853.0,1566085.0
2026-06-30 13:47:00,1086.0,1087.0,1086.0,1086.0,253.0,1566085.0,1566107.0
2026-06-30 13:48:00,1086.0,1087.0,1085.0,1087.0,4638.0,1566107.0,1566813.0
2026-06-30 13:49:00,1087.0,1087.0,1086.0,1086.0,489.0,1566813.0,1566917.0
2026-06-30 13:50:00,1086.0,1087.0,1086.0,1086.0,325.0,1566917.0,1566895.0
2026-06-30 13:51:00,1086.0,1087.0,1086.0,1086.0,1603.0,1566895.0,1566939.0
2026-06-30 13:52:00,1086.0,1086.0,1085.0,1085.0,2734.0,1566939.0,1568153.0
2026-06-30 13:53:00,1085.0,1086.0,1085.0,1086.0,648.0,1568153.0,1568019.0
2026-06-30 13:54:00,1086.0,1086.0,1085.0,1085.0,994.0,1568019.0,1567819.0
2026-06-30 13:55:00,1085.0,1087.0,1085.0,1085.0,3297.0,1567819.0,1567658.0
2026-06-30 13:56:00,1085.0,1087.0,1085.0,1085.0,1655.0,1567658.0,1568217.0
2026-06-30 13:57:00,1085.0,1086.0,1084.0,1084.0,2857.0,1568217.0,1568848.0
2026-06-30 13:58:00,1084.0,1086.0,1084.0,1085.0,1818.0,1568848.0,1568492.0
2026-06-30 13:59:00,1085.0,1086.0,1084.0,1085.0,1791.0,1568492.0,1568765.0
2026-06-30 14:00:00,1085.0,1086.0,1084.0,1085.0,1563.0,1568765.0,1568806.0
2026-06-30 14:01:00,1085.0,1085.0,1084.0,1084.0,477.0,1568806.0,1568936.0
2026-06-30 14:02:00,1084.0,1085.0,1084.0,1085.0,704.0,1568936.0,1568983.0
2026-06-30 14:03:00,1085.0,1085.0,1084.0,1084.0,677.0,1568983.0,1568763.0
2026-06-30 14:04:00,1084.0,1085.0,1084.0,1084.0,470.0,1568763.0,1568911.0
2026-06-30 14:05:00,1084.0,1085.0,1083.0,1084.0,2520.0,1568911.0,1568795.0
2026-06-30 14:06:00,1084.0,1084.0,1083.0,1084.0,2575.0,1568795.0,1568035.0
2026-06-30 14:07:00,1084.0,1084.0,1083.0,1083.0,629.0,1568035.0,1567917.0
2026-06-30 14:08:00,1083.0,1084.0,1083.0,1083.0,563.0,1567917.0,1567936.0
2026-06-30 14:09:00,1083.0,1084.0,1083.0,1084.0,772.0,1567936.0,1567757.0
2026-06-30 14:10:00,1084.0,1085.0,1083.0,1084.0,3554.0,1567757.0,1568336.0
2026-06-30 14:11:00,1084.0,1084.0,1083.0,1084.0,928.0,1568336.0,1568613.0
2026-06-30 14:12:00,1084.0,1084.0,1083.0,1083.0,605.0,1568613.0,1568626.0
2026-06-30 14:13:00,1083.0,1084.0,1083.0,1084.0,454.0,1568626.0,1568711.0
2026-06-30 14:14:00,1084.0,1084.0,1083.0,1084.0,1121.0,1568711.0,1568761.0
2026-06-30 14:15:00,1084.0,1084.0,1083.0,1084.0,891.0,1568761.0,1568864.0
2026-06-30 14:16:00,1084.0,1084.0,1082.0,1082.0,4720.0,1568864.0,1569936.0
2026-06-30 14:17:00,1082.0,1083.0,1082.0,1083.0,734.0,1569936.0,1569864.0
2026-06-30 14:18:00,1083.0,1083.0,1081.0,1082.0,4894.0,1569864.0,1571467.0
2026-06-30 14:19:00,1082.0,1082.0,1081.0,1082.0,1581.0,1571467.0,1572086.0
2026-06-30 14:20:00,1082.0,1083.0,1081.0,1082.0,5169.0,1572086.0,1573378.0
2026-06-30 14:21:00,1082.0,1082.0,1080.0,1081.0,7715.0,1573378.0,1576035.0
2026-06-30 14:22:00,1081.0,1081.0,1080.0,1081.0,3871.0,1576035.0,1576612.0
2026-06-30 14:23:00,1081.0,1081.0,1080.0,1080.0,2443.0,1576612.0,1577065.0
2026-06-30 14:24:00,1080.0,1081.0,1079.0,1080.0,9197.0,1577065.0,1578815.0
2026-06-30 14:25:00,1080.0,1081.0,1080.0,1081.0,1063.0,1578815.0,1578980.0
2026-06-30 14:26:00,1081.0,1081.0,1080.0,1080.0,1570.0,1578980.0,1579439.0
2026-06-30 14:27:00,1080.0,1081.0,1080.0,1081.0,1323.0,1579439.0,1579768.0
2026-06-30 14:28:00,1081.0,1082.0,1080.0,1081.0,3984.0,1579768.0,1579375.0
2026-06-30 14:29:00,1081.0,1082.0,1081.0,1081.0,1255.0,1579375.0,1579626.0
2026-06-30 14:30:00,1081.0,1082.0,1080.0,1082.0,3184.0,1579626.0,1579926.0
2026-06-30 14:31:00,1082.0,1082.0,1081.0,1082.0,1108.0,1579926.0,1580116.0
2026-06-30 14:32:00,1082.0,1083.0,1081.0,1083.0,5078.0,1580116.0,1579119.0
2026-06-30 14:33:00,1083.0,1084.0,1082.0,1084.0,3604.0,1579119.0,1579494.0
2026-06-30 14:34:00,1084.0,1084.0,1081.0,1082.0,4868.0,1579494.0,1579224.0
2026-06-30 14:35:00,1082.0,1083.0,1081.0,1082.0,1581.0,1579224.0,1579409.0
2026-06-30 14:36:00,1082.0,1082.0,1081.0,1081.0,1554.0,1579409.0,1579409.0
2026-06-30 14:37:00,1081.0,1082.0,1080.0,1081.0,2568.0,1579409.0,1579909.0
2026-06-30 14:38:00,1081.0,1082.0,1080.0,1080.0,2474.0,1579909.0,1579952.0
2026-06-30 14:39:00,1080.0,1082.0,1080.0,1081.0,2769.0,1579952.0,1580114.0
2026-06-30 14:40:00,1081.0,1082.0,1081.0,1081.0,548.0,1580114.0,1580161.0
2026-06-30 14:41:00,1081.0,1082.0,1081.0,1082.0,679.0,1580161.0,1580285.0
2026-06-30 14:42:00,1082.0,1082.0,1081.0,1081.0,2522.0,1580285.0,1580504.0
2026-06-30 14:43:00,1081.0,1083.0,1081.0,1083.0,3190.0,1580504.0,1579051.0
2026-06-30 14:44:00,1083.0,1083.0,1082.0,1083.0,1280.0,1579051.0,1578693.0
2026-06-30 14:45:00,1083.0,1083.0,1082.0,1082.0,807.0,1578693.0,1578691.0
2026-06-30 14:46:00,1082.0,1084.0,1082.0,1083.0,3124.0,1578691.0,1578878.0
2026-06-30 14:47:00,1083.0,1084.0,1083.0,1083.0,1175.0,1578878.0,1578794.0
2026-06-30 14:48:00,1083.0,1084.0,1083.0,1084.0,2361.0,1578794.0,1577732.0
2026-06-30 14:49:00,1084.0,1084.0,1083.0,1083.0,1629.0,1577732.0,1577171.0
2026-06-30 14:50:00,1083.0,1085.0,1083.0,1083.0,4806.0,1577171.0,1576360.0
2026-06-30 14:51:00,1083.0,1085.0,1083.0,1084.0,3480.0,1576360.0,1575071.0
2026-06-30 14:52:00,1084.0,1085.0,1084.0,1084.0,745.0,1575071.0,1574682.0
2026-06-30 14:53:00,1084.0,1086.0,1084.0,1085.0,4446.0,1574682.0,1573603.0
2026-06-30 14:54:00,1085.0,1086.0,1084.0,1085.0,3880.0,1573603.0,1572940.0
2026-06-30 14:55:00,1085.0,1086.0,1084.0,1086.0,3674.0,1572940.0,1571993.0
2026-06-30 14:56:00,1086.0,1086.0,1085.0,1086.0,2610.0,1571993.0,1571181.0
2026-06-30 14:57:00,1086.0,1086.0,1085.0,1085.0,3198.0,1571181.0,1570222.0
2026-06-30 14:58:00,1085.0,1086.0,1085.0,1085.0,5455.0,1570222.0,1567708.0
2026-06-30 14:59:00,1085.0,1087.0,1085.0,1086.0,8388.0,1567708.0,1563602.0
2026-06-30 21:00:00,1086.0,1088.0,1084.0,1087.0,15346.0,1563602.0,1562270.0
2026-06-30 21:01:00,1087.0,1090.0,1087.0,1089.0,15811.0,1562270.0,1559157.0
2026-06-30 21:02:00,1089.0,1090.0,1088.0,1088.0,7742.0,1559157.0,1557697.0
2026-06-30 21:03:00,1088.0,1089.0,1087.0,1087.0,5934.0,1557697.0,1557682.0
2026-06-30 21:04:00,1087.0,1089.0,1087.0,1088.0,5341.0,1557682.0,1557515.0
2026-06-30 21:05:00,1088.0,1089.0,1086.0,1087.0,5049.0,1557515.0,1557941.0
2026-06-30 21:06:00,1087.0,1089.0,1087.0,1089.0,6059.0,1557941.0,1557111.0
2026-06-30 21:07:00,1089.0,1089.0,1087.0,1087.0,4307.0,1557111.0,1556601.0
2026-06-30 21:08:00,1087.0,1089.0,1087.0,1088.0,1960.0,1556601.0,1556884.0
2026-06-30 21:09:00,1088.0,1089.0,1088.0,1089.0,1765.0,1556884.0,1556834.0
2026-06-30 21:10:00,1089.0,1091.0,1088.0,1091.0,10224.0,1556834.0,1556460.0
2026-06-30 21:11:00,1091.0,1093.0,1090.0,1092.0,10286.0,1556460.0,1553429.0
2026-06-30 21:12:00,1092.0,1095.0,1092.0,1094.0,17461.0,1553429.0,1550040.0
2026-06-30 21:13:00,1094.0,1095.0,1093.0,1094.0,7658.0,1550040.0,1549454.0
2026-06-30 21:14:00,1094.0,1095.0,1093.0,1094.0,8694.0,1549454.0,1549726.0
2026-06-30 21:15:00,1094.0,1097.0,1094.0,1096.0,16629.0,1549726.0,1548243.0
2026-06-30 21:16:00,1096.0,1096.0,1094.0,1095.0,6942.0,1548243.0,1546619.0
2026-06-30 21:17:00,1095.0,1096.0,1094.0,1095.0,4541.0,1546619.0,1545998.0
2026-06-30 21:18:00,1095.0,1095.0,1093.0,1093.0,4443.0,1545998.0,1546515.0
2026-06-30 21:19:00,1093.0,1094.0,1093.0,1093.0,1220.0,1546515.0,1546382.0
2026-06-30 21:20:00,1093.0,1094.0,1093.0,1093.0,5838.0,1546382.0,1545695.0
2026-06-30 21:21:00,1093.0,1094.0,1093.0,1094.0,697.0,1545695.0,1545632.0
2026-06-30 21:22:00,1094.0,1094.0,1093.0,1093.0,908.0,1545632.0,1545462.0
2026-06-30 21:23:00,1093.0,1094.0,1091.0,1091.0,9557.0,1545462.0,1544527.0
2026-06-30 21:24:00,1091.0,1092.0,1090.0,1091.0,10089.0,1544527.0,1544616.0
2026-06-30 21:25:00,1091.0,1091.0,1090.0,1091.0,3572.0,1544616.0,1545181.0
2026-06-30 21:26:00,1091.0,1091.0,1090.0,1090.0,855.0,1545181.0,1545062.0
2026-06-30 21:27:00,1090.0,1092.0,1089.0,1092.0,11894.0,1545062.0,1543825.0
2026-06-30 21:28:00,1092.0,1092.0,1091.0,1092.0,1257.0,1543825.0,1543230.0
2026-06-30 21:29:00,1092.0,1092.0,1091.0,1091.0,683.0,1543230.0,1543225.0
2026-06-30 21:30:00,1091.0,1093.0,1091.0,1093.0,3315.0,1543225.0,1543134.0
2026-06-30 21:31:00,1093.0,1093.0,1092.0,1092.0,580.0,1543134.0,1543070.0
2026-06-30 21:32:00,1092.0,1093.0,1092.0,1092.0,863.0,1543070.0,1542856.0
2026-06-30 21:33:00,1092.0,1093.0,1091.0,1091.0,3247.0,1542856.0,1542067.0
2026-06-30 21:34:00,1091.0,1092.0,1091.0,1091.0,812.0,1542067.0,1541777.0
2026-06-30 21:35:00,1091.0,1092.0,1090.0,1091.0,2540.0,1541777.0,1541284.0
2026-06-30 21:36:00,1091.0,1092.0,1090.0,1091.0,2637.0,1541284.0,1541221.0
2026-06-30 21:37:00,1091.0,1092.0,1091.0,1091.0,2232.0,1541221.0,1540549.0
2026-06-30 21:38:00,1091.0,1092.0,1090.0,1091.0,1532.0,1540549.0,1540616.0
2026-06-30 21:39:00,1091.0,1092.0,1091.0,1092.0,683.0,1540616.0,1540299.0
2026-06-30 21:40:00,1092.0,1092.0,1090.0,1091.0,2269.0,1540299.0,1540736.0
2026-06-30 21:41:00,1091.0,1092.0,1090.0,1090.0,944.0,1540736.0,1540322.0
2026-06-30 21:42:00,1090.0,1091.0,1089.0,1090.0,4207.0,1540322.0,1539912.0
2026-06-30 21:43:00,1090.0,1091.0,1089.0,1090.0,1537.0,1539912.0,1539720.0
2026-06-30 21:44:00,1090.0,1091.0,1090.0,1091.0,2284.0,1539720.0,1540653.0
2026-06-30 21:45:00,1091.0,1091.0,1090.0,1090.0,1389.0,1540653.0,1540603.0
2026-06-30 21:46:00,1090.0,1091.0,1089.0,1090.0,2400.0,1540603.0,1540310.0
2026-06-30 21:47:00,1090.0,1091.0,1089.0,1090.0,1476.0,1540310.0,1540149.0
2026-06-30 21:48:00,1090.0,1091.0,1090.0,1091.0,222.0,1540149.0,1540006.0
2026-06-30 21:49:00,1091.0,1091.0,1090.0,1090.0,142.0,1540006.0,1540027.0
2026-06-30 21:50:00,1090.0,1091.0,1089.0,1089.0,1427.0,1540027.0,1540036.0
2026-06-30 21:51:00,1089.0,1090.0,1089.0,1089.0,461.0,1540036.0,1539921.0
2026-06-30 21:52:00,1089.0,1090.0,1089.0,1089.0,187.0,1539921.0,1539934.0
2026-06-30 21:53:00,1089.0,1090.0,1089.0,1089.0,308.0,1539934.0,1539791.0
2026-06-30 21:54:00,1089.0,1090.0,1089.0,1089.0,296.0,1539791.0,1539711.0
2026-06-30 21:55:00,1089.0,1090.0,1089.0,1090.0,991.0,1539711.0,1539381.0
2026-06-30 21:56:00,1090.0,1090.0,1089.0,1089.0,398.0,1539381.0,1539292.0
2026-06-30 21:57:00,1089.0,1090.0,1089.0,1089.0,320.0,1539292.0,1539330.0
2026-06-30 21:58:00,1089.0,1090.0,1089.0,1090.0,232.0,1539330.0,1539387.0
2026-06-30 21:59:00,1090.0,1090.0,1089.0,1090.0,398.0,1539387.0,1539348.0
2026-06-30 22:00:00,1090.0,1090.0,1089.0,1090.0,244.0,1539348.0,1539263.0
2026-06-30 22:01:00,1090.0,1090.0,1089.0,1089.0,510.0,1539263.0,1539236.0
2026-06-30 22:02:00,1089.0,1090.0,1089.0,1090.0,175.0,1539236.0,1539198.0
2026-06-30 22:03:00,1090.0,1091.0,1089.0,1090.0,3321.0,1539198.0,1539450.0
2026-06-30 22:04:00,1090.0,1090.0,1089.0,1090.0,588.0,1539450.0,1539388.0
2026-06-30 22:05:00,1090.0,1090.0,1089.0,1090.0,206.0,1539388.0,1539348.0
2026-06-30 22:06:00,1090.0,1090.0,1089.0,1089.0,971.0,1539348.0,1538862.0
2026-06-30 22:07:00,1089.0,1091.0,1089.0,1090.0,3417.0,1538862.0,1538101.0
2026-06-30 22:08:00,1090.0,1091.0,1090.0,1091.0,570.0,1538101.0,1538032.0
2026-06-30 22:09:00,1091.0,1091.0,1090.0,1090.0,341.0,1538032.0,1538033.0
2026-06-30 22:10:00,1090.0,1091.0,1090.0,1091.0,468.0,1538033.0,1538002.0
2026-06-30 22:11:00,1091.0,1091.0,1089.0,1091.0,2065.0,1538002.0,1537894.0
2026-06-30 22:12:00,1091.0,1091.0,1090.0,1090.0,638.0,1537894.0,1537568.0
2026-06-30 22:13:00,1090.0,1091.0,1090.0,1090.0,90.0,1537568.0,1537563.0
2026-06-30 22:14:00,1090.0,1091.0,1090.0,1091.0,3228.0,1537563.0,1536064.0
2026-06-30 22:15:00,1091.0,1092.0,1090.0,1091.0,900.0,1536064.0,1536036.0
2026-06-30 22:16:00,1091.0,1092.0,1091.0,1091.0,371.0,1536036.0,1536101.0
2026-06-30 22:17:00,1091.0,1092.0,1091.0,1091.0,607.0,1536101.0,1536045.0
2026-06-30 22:18:00,1091.0,1092.0,1091.0,1092.0,1407.0,1536045.0,1536388.0
2026-06-30 22:19:00,1092.0,1092.0,1091.0,1091.0,270.0,1536388.0,1536338.0
2026-06-30 22:20:00,1091.0,1092.0,1091.0,1091.0,314.0,1536338.0,1536359.0
2026-06-30 22:21:00,1091.0,1092.0,1091.0,1091.0,273.0,1536359.0,1536424.0
2026-06-30 22:22:00,1091.0,1092.0,1091.0,1091.0,306.0,1536424.0,1536331.0
2026-06-30 22:23:00,1091.0,1092.0,1091.0,1092.0,447.0,1536331.0,1536212.0
2026-06-30 22:24:00,1092.0,1092.0,1091.0,1091.0,572.0,1536212.0,1536275.0
2026-06-30 22:25:00,1091.0,1092.0,1091.0,1091.0,192.0,1536275.0,1536221.0
2026-06-30 22:26:00,1091.0,1092.0,1090.0,1091.0,2209.0,1536221.0,1536154.0
2026-06-30 22:27:00,1091.0,1092.0,1091.0,1091.0,1714.0,1536154.0,1536021.0
2026-06-30 22:28:00,1091.0,1093.0,1091.0,1093.0,3566.0,1536021.0,1535289.0
2026-06-30 22:29:00,1093.0,1093.0,1092.0,1092.0,866.0,1535289.0,1535182.0
2026-06-30 22:30:00,1092.0,1093.0,1091.0,1092.0,1851.0,1535182.0,1535258.0
2026-06-30 22:31:00,1092.0,1092.0,1091.0,1092.0,309.0,1535258.0,1535365.0
2026-06-30 22:32:00,1092.0,1092.0,1091.0,1091.0,200.0,1535365.0,1535406.0
2026-06-30 22:33:00,1091.0,1092.0,1091.0,1091.0,174.0,1535406.0,1535437.0
2026-06-30 22:34:00,1091.0,1092.0,1091.0,1092.0,148.0,1535437.0,1535386.0
2026-06-30 22:35:00,1092.0,1092.0,1091.0,1091.0,199.0,1535386.0,1535360.0
2026-06-30 22:36:00,1091.0,1092.0,1091.0,1091.0,313.0,1535360.0,1535368.0
2026-06-30 22:37:00,1091.0,1092.0,1091.0,1091.0,226.0,1535368.0,1535491.0
2026-06-30 22:38:00,1091.0,1092.0,1090.0,1090.0,2077.0,1535491.0,1536400.0
2026-06-30 22:39:00,1090.0,1091.0,1090.0,1090.0,369.0,1536400.0,1536228.0
2026-06-30 22:40:00,1090.0,1091.0,1090.0,1090.0,322.0,1536228.0,1536283.0
2026-06-30 22:41:00,1090.0,1090.0,1089.0,1090.0,3939.0,1536283.0,1536652.0
2026-06-30 22:42:00,1090.0,1090.0,1089.0,1089.0,1384.0,1536652.0,1536602.0
2026-06-30 22:43:00,1089.0,1090.0,1089.0,1089.0,271.0,1536602.0,1536605.0
2026-06-30 22:44:00,1089.0,1090.0,1089.0,1090.0,285.0,1536605.0,1536661.0
2026-06-30 22:45:00,1090.0,1090.0,1089.0,1090.0,669.0,1536661.0,1536649.0
2026-06-30 22:46:00,1090.0,1090.0,1089.0,1089.0,413.0,1536649.0,1536543.0
2026-06-30 22:47:00,1089.0,1090.0,1089.0,1090.0,607.0,1536543.0,1536421.0
2026-06-30 22:48:00,1090.0,1090.0,1089.0,1090.0,632.0,1536421.0,1536213.0
2026-06-30 22:49:00,1090.0,1090.0,1088.0,1088.0,3380.0,1536213.0,1536284.0
2026-06-30 22:50:00,1088.0,1089.0,1088.0,1088.0,575.0,1536284.0,1535973.0
2026-06-30 22:51:00,1088.0,1090.0,1088.0,1089.0,2667.0,1535973.0,1535973.0
2026-06-30 22:52:00,1089.0,1090.0,1089.0,1090.0,458.0,1535973.0,1535905.0
2026-06-30 22:53:00,1090.0,1090.0,1089.0,1089.0,438.0,1535905.0,1535842.0
2026-06-30 22:54:00,1089.0,1090.0,1089.0,1089.0,435.0,1535842.0,1535474.0
2026-06-30 22:55:00,1089.0,1090.0,1089.0,1090.0,2611.0,1535474.0,1534720.0
2026-06-30 22:56:00,1090.0,1091.0,1090.0,1090.0,2456.0,1534720.0,1533907.0
2026-06-30 22:57:00,1090.0,1091.0,1090.0,1090.0,500.0,1533907.0,1533654.0
2026-06-30 22:58:00,1090.0,1091.0,1089.0,1090.0,2404.0,1533654.0,1533386.0
2026-06-30 22:59:00,1090.0,1090.0,1088.0,1090.0,4246.0,1533386.0,1530841.0
2026-07-01 09:00:00,1090.0,1090.0,1086.0,1087.0,8918.0,1530841.0,1527705.0
2026-07-01 09:01:00,1087.0,1088.0,1087.0,1087.0,3240.0,1527705.0,1527474.0
2026-07-01 09:02:00,1087.0,1088.0,1086.0,1087.0,3512.0,1527474.0,1527107.0
2026-07-01 09:03:00,1087.0,1087.0,1085.0,1086.0,5379.0,1527107.0,1527763.0
2026-07-01 09:04:00,1086.0,1087.0,1085.0,1085.0,5020.0,1527763.0,1526094.0
2026-07-01 09:05:00,1085.0,1086.0,1084.0,1086.0,7222.0,1526094.0,1525660.0
2026-07-01 09:06:00,1086.0,1086.0,1085.0,1085.0,1509.0,1525660.0,1525537.0
2026-07-01 09:07:00,1085.0,1088.0,1085.0,1087.0,6643.0,1525537.0,1525705.0
2026-07-01 09:08:00,1087.0,1088.0,1086.0,1087.0,2070.0,1525705.0,1526348.0
2026-07-01 09:09:00,1087.0,1089.0,1087.0,1089.0,2588.0,1526348.0,1526550.0
2026-07-01 09:10:00,1089.0,1089.0,1087.0,1088.0,2875.0,1526550.0,1525894.0
2026-07-01 09:11:00,1088.0,1089.0,1088.0,1089.0,849.0,1525894.0,1525861.0
2026-07-01 09:12:00,1089.0,1089.0,1087.0,1088.0,3791.0,1525861.0,1526106.0
2026-07-01 09:13:00,1088.0,1088.0,1087.0,1087.0,464.0,1526106.0,1526167.0
2026-07-01 09:14:00,1087.0,1089.0,1087.0,1088.0,2813.0,1526167.0,1526544.0
2026-07-01 09:15:00,1088.0,1089.0,1088.0,1089.0,1145.0,1526544.0,1526710.0
2026-07-01 09:16:00,1089.0,1089.0,1087.0,1089.0,1696.0,1526710.0,1526183.0
2026-07-01 09:17:00,1089.0,1089.0,1088.0,1088.0,633.0,1526183.0,1526129.0
2026-07-01 09:18:00,1088.0,1090.0,1088.0,1089.0,4505.0,1526129.0,1526503.0
2026-07-01 09:19:00,1089.0,1091.0,1089.0,1091.0,4350.0,1526503.0,1526481.0
2026-07-01 09:20:00,1091.0,1091.0,1089.0,1090.0,3135.0,1526481.0,1526630.0
2026-07-01 09:21:00,1090.0,1092.0,1090.0,1092.0,2212.0,1526630.0,1527095.0
2026-07-01 09:22:00,1092.0,1093.0,1090.0,1092.0,5575.0,1527095.0,1525632.0
2026-07-01 09:23:00,1092.0,1093.0,1091.0,1091.0,2002.0,1525632.0,1525289.0
2026-07-01 09:24:00,1091.0,1093.0,1091.0,1092.0,2217.0,1525289.0,1524925.0
2026-07-01 09:25:00,1092.0,1092.0,1090.0,1091.0,1346.0,1524925.0,1525036.0
2026-07-01 09:26:00,1091.0,1091.0,1090.0,1090.0,764.0,1525036.0,1524981.0
2026-07-01 09:27:00,1090.0,1092.0,1090.0,1092.0,1087.0,1524981.0,1525100.0
2026-07-01 09:28:00,1092.0,1092.0,1090.0,1091.0,946.0,1525100.0,1525098.0
2026-07-01 09:29:00,1091.0,1091.0,1090.0,1090.0,498.0,1525098.0,1524967.0
2026-07-01 09:30:00,1090.0,1091.0,1090.0,1090.0,400.0,1524967.0,1524970.0
2026-07-01 09:31:00,1090.0,1091.0,1090.0,1090.0,676.0,1524970.0,1524936.0
2026-07-01 09:32:00,1090.0,1091.0,1090.0,1090.0,380.0,1524936.0,1525016.0
2026-07-01 09:33:00,1090.0,1091.0,1090.0,1090.0,1878.0,1525016.0,1524818.0
2026-07-01 09:34:00,1090.0,1091.0,1090.0,1091.0,382.0,1524818.0,1524780.0
2026-07-01 09:35:00,1091.0,1091.0,1090.0,1090.0,305.0,1524780.0,1524833.0
2026-07-01 09:36:00,1090.0,1091.0,1089.0,1090.0,1308.0,1524833.0,1524672.0
2026-07-01 09:37:00,1090.0,1091.0,1089.0,1090.0,1144.0,1524672.0,1524689.0
2026-07-01 09:38:00,1090.0,1091.0,1089.0,1090.0,686.0,1524689.0,1524660.0
2026-07-01 09:39:00,1090.0,1091.0,1089.0,1090.0,989.0,1524660.0,1524685.0
2026-07-01 09:40:00,1090.0,1091.0,1089.0,1089.0,902.0,1524685.0,1524584.0
2026-07-01 09:41:00,1089.0,1090.0,1089.0,1090.0,466.0,1524584.0,1524612.0
2026-07-01 09:42:00,1090.0,1090.0,1089.0,1089.0,303.0,1524612.0,1524687.0
2026-07-01 09:43:00,1089.0,1090.0,1089.0,1089.0,294.0,1524687.0,1524713.0
2026-07-01 09:44:00,1089.0,1090.0,1089.0,1089.0,327.0,1524713.0,1524759.0
2026-07-01 09:45:00,1089.0,1092.0,1089.0,1091.0,5357.0,1524759.0,1525279.0
2026-07-01 09:46:00,1091.0,1091.0,1090.0,1091.0,820.0,1525279.0,1525155.0
2026-07-01 09:47:00,1091.0,1092.0,1090.0,1091.0,579.0,1525155.0,1525344.0
2026-07-01 09:48:00,1091.0,1091.0,1090.0,1090.0,280.0,1525344.0,1525227.0
2026-07-01 09:49:00,1090.0,1091.0,1090.0,1090.0,521.0,1525227.0,1525202.0
2026-07-01 09:50:00,1090.0,1091.0,1089.0,1090.0,3014.0,1525202.0,1523793.0
2026-07-01 09:51:00,1090.0,1090.0,1089.0,1089.0,268.0,1523793.0,1523752.0
2026-07-01 09:52:00,1089.0,1090.0,1088.0,1088.0,2369.0,1523752.0,1522616.0
2026-07-01 09:53:00,1088.0,1089.0,1088.0,1089.0,498.0,1522616.0,1522686.0
2026-07-01 09:54:00,1089.0,1089.0,1088.0,1088.0,617.0,1522686.0,1522551.0
2026-07-01 09:55:00,1088.0,1089.0,1088.0,1089.0,952.0,1522551.0,1522763.0
2026-07-01 09:56:00,1089.0,1090.0,1088.0,1088.0,2897.0,1522763.0,1522502.0
2026-07-01 09:57:00,1088.0,1090.0,1088.0,1090.0,1676.0,1522502.0,1522586.0
2026-07-01 09:58:00,1090.0,1090.0,1089.0,1089.0,311.0,1522586.0,1522470.0
2026-07-01 09:59:00,1089.0,1090.0,1089.0,1089.0,985.0,1522470.0,1522033.0
2026-07-01 10:00:00,1089.0,1090.0,1089.0,1089.0,917.0,1522033.0,1522284.0
2026-07-01 10:01:00,1089.0,1090.0,1088.0,1089.0,719.0,1522284.0,1522229.0
2026-07-01 10:02:00,1089.0,1089.0,1088.0,1089.0,448.0,1522229.0,1522407.0
2026-07-01 10:03:00,1089.0,1089.0,1088.0,1089.0,82.0,1522407.0,1522419.0
2026-07-01 10:04:00,1089.0,1089.0,1088.0,1089.0,259.0,1522419.0,1522428.0
2026-07-01 10:05:00,1089.0,1089.0,1087.0,1088.0,2831.0,1522428.0,1522053.0
2026-07-01 10:06:00,1088.0,1088.0,1086.0,1086.0,2623.0,1522053.0,1521935.0
2026-07-01 10:07:00,1086.0,1087.0,1086.0,1087.0,596.0,1521935.0,1522072.0
2026-07-01 10:08:00,1087.0,1087.0,1086.0,1086.0,860.0,1522072.0,1522132.0
2026-07-01 10:09:00,1086.0,1088.0,1086.0,1087.0,3670.0,1522132.0,1523003.0
2026-07-01 10:10:00,1087.0,1088.0,1086.0,1086.0,1257.0,1523003.0,1523027.0
2026-07-01 10:11:00,1086.0,1087.0,1085.0,1086.0,3936.0,1523027.0,1523578.0
2026-07-01 10:12:00,1086.0,1087.0,1085.0,1086.0,2463.0,1523578.0,1524652.0
2026-07-01 10:13:00,1086.0,1087.0,1086.0,1086.0,1962.0,1524652.0,1524387.0
2026-07-01 10:14:00,1086.0,1087.0,1085.0,1086.0,1442.0,1524387.0,1524026.0
2026-07-01 10:30:00,1086.0,1086.0,1085.0,1086.0,1129.0,1524026.0,1524390.0
2026-07-01 10:31:00,1086.0,1086.0,1085.0,1085.0,847.0,1524390.0,1524650.0
2026-07-01 10:32:00,1085.0,1087.0,1085.0,1087.0,2295.0,1524650.0,1524418.0
2026-07-01 10:33:00,1087.0,1087.0,1086.0,1087.0,260.0,1524418.0,1524510.0
2026-07-01 10:34:00,1087.0,1088.0,1086.0,1088.0,2564.0,1524510.0,1524244.0
2026-07-01 10:35:00,1088.0,1088.0,1086.0,1088.0,1244.0,1524244.0,1524816.0
2026-07-01 10:36:00,1088.0,1088.0,1087.0,1088.0,1116.0,1524816.0,1524810.0
2026-07-01 10:37:00,1088.0,1088.0,1086.0,1087.0,1345.0,1524810.0,1524801.0
2026-07-01 10:38:00,1087.0,1088.0,1086.0,1087.0,554.0,1524801.0,1524963.0
2026-07-01 10:39:00,1087.0,1087.0,1086.0,1087.0,176.0,1524963.0,1524974.0
2026-07-01 10:40:00,1087.0,1088.0,1086.0,1087.0,705.0,1524974.0,1525127.0
2026-07-01 10:41:00,1087.0,1089.0,1087.0,1088.0,1745.0,1525127.0,1525341.0
2026-07-01 10:42:00,1088.0,1088.0,1087.0,1088.0,319.0,1525341.0,1525391.0
2026-07-01 10:43:00,1088.0,1088.0,1087.0,1088.0,2084.0,1525391.0,1525654.0
2026-07-01 10:44:00,1088.0,1089.0,1087.0,1088.0,1260.0,1525654.0,1525558.0
2026-07-01 10:45:00,1088.0,1089.0,1088.0,1089.0,794.0,1525558.0,1525923.0
2026-07-01 10:46:00,1089.0,1091.0,1089.0,1090.0,5158.0,1525923.0,1524463.0
2026-07-01 10:47:00,1090.0,1091.0,1090.0,1090.0,2178.0,1524463.0,1524953.0
2026-07-01 10:48:00,1090.0,1091.0,1090.0,1090.0,1262.0,1524953.0,1525261.0
2026-07-01 10:49:00,1090.0,1091.0,1089.0,1090.0,1099.0,1525261.0,1525387.0
2026-07-01 10:50:00,1090.0,1091.0,1090.0,1091.0,458.0,1525387.0,1525506.0
2026-07-01 10:51:00,1091.0,1091.0,1089.0,1090.0,780.0,1525506.0,1525369.0
2026-07-01 10:52:00,1090.0,1091.0,1089.0,1090.0,570.0,1525369.0,1525308.0
2026-07-01 10:53:00,1090.0,1091.0,1089.0,1090.0,1225.0,1525308.0,1525366.0
2026-07-01 10:54:00,1090.0,1091.0,1089.0,1091.0,1029.0,1525366.0,1525500.0
2026-07-01 10:55:00,1091.0,1092.0,1090.0,1090.0,3908.0,1525500.0,1526446.0
2026-07-01 10:56:00,1090.0,1091.0,1089.0,1090.0,1487.0,1526446.0,1526177.0
2026-07-01 10:57:00,1090.0,1092.0,1090.0,1091.0,1308.0,1526177.0,1525928.0
2026-07-01 10:58:00,1091.0,1092.0,1089.0,1090.0,1583.0,1525928.0,1525620.0
2026-07-01 10:59:00,1090.0,1091.0,1089.0,1091.0,939.0,1525620.0,1525575.0
2026-07-01 11:00:00,1091.0,1091.0,1090.0,1091.0,456.0,1525575.0,1525580.0
2026-07-01 11:01:00,1091.0,1091.0,1090.0,1091.0,1042.0,1525580.0,1525688.0
2026-07-01 11:02:00,1091.0,1091.0,1089.0,1089.0,1043.0,1525688.0,1525475.0
2026-07-01 11:03:00,1089.0,1090.0,1089.0,1089.0,350.0,1525475.0,1525430.0
2026-07-01 11:04:00,1089.0,1090.0,1089.0,1090.0,380.0,1525430.0,1525465.0
2026-07-01 11:05:00,1090.0,1090.0,1089.0,1089.0,640.0,1525465.0,1525389.0
2026-07-01 11:06:00,1089.0,1091.0,1089.0,1090.0,1186.0,1525389.0,1525659.0
2026-07-01 11:07:00,1090.0,1091.0,1090.0,1091.0,433.0,1525659.0,1525923.0
2026-07-01 11:08:00,1091.0,1091.0,1090.0,1090.0,972.0,1525923.0,1526273.0
2026-07-01 11:09:00,1090.0,1092.0,1090.0,1091.0,4000.0,1526273.0,1526094.0
2026-07-01 11:10:00,1091.0,1092.0,1090.0,1091.0,1525.0,1526094.0,1525714.0
2026-07-01 11:11:00,1091.0,1091.0,1090.0,1090.0,413.0,1525714.0,1525914.0
2026-07-01 11:12:00,1090.0,1092.0,1090.0,1091.0,990.0,1525914.0,1526137.0
2026-07-01 11:13:00,1091.0,1092.0,1090.0,1090.0,1921.0,1526137.0,1526426.0
2026-07-01 11:14:00,1090.0,1091.0,1090.0,1090.0,544.0,1526426.0,1526588.0
2026-07-01 11:15:00,1090.0,1091.0,1090.0,1090.0,278.0,1526588.0,1526767.0
2026-07-01 11:16:00,1090.0,1092.0,1090.0,1091.0,1155.0,1526767.0,1526838.0
2026-07-01 11:17:00,1091.0,1092.0,1090.0,1091.0,612.0,1526838.0,1526941.0
2026-07-01 11:18:00,1091.0,1092.0,1090.0,1090.0,923.0,1526941.0,1527103.0
2026-07-01 11:19:00,1090.0,1091.0,1089.0,1090.0,2739.0,1527103.0,1527193.0
2026-07-01 11:20:00,1090.0,1091.0,1090.0,1090.0,272.0,1527193.0,1527159.0
2026-07-01 11:21:00,1090.0,1091.0,1090.0,1091.0,123.0,1527159.0,1527160.0
2026-07-01 11:22:00,1091.0,1092.0,1090.0,1090.0,2319.0,1527160.0,1527074.0
2026-07-01 11:23:00,1090.0,1092.0,1090.0,1091.0,1250.0,1527074.0,1527041.0
2026-07-01 11:24:00,1091.0,1092.0,1090.0,1091.0,878.0,1527041.0,1526797.0
2026-07-01 11:25:00,1091.0,1092.0,1090.0,1091.0,1619.0,1526797.0,1527071.0
2026-07-01 11:26:00,1091.0,1092.0,1090.0,1091.0,899.0,1527071.0,1526735.0
2026-07-01 11:27:00,1091.0,1092.0,1090.0,1092.0,1548.0,1526735.0,1526783.0
2026-07-01 11:28:00,1092.0,1092.0,1089.0,1090.0,2724.0,1526783.0,1526879.0
2026-07-01 11:29:00,1090.0,1091.0,1089.0,1090.0,1501.0,1526879.0,1526364.0
2026-07-01 13:30:00,1090.0,1092.0,1090.0,1091.0,3013.0,1526364.0,1526031.0
2026-07-01 13:31:00,1091.0,1092.0,1091.0,1092.0,428.0,1526031.0,1526048.0
2026-07-01 13:32:00,1092.0,1094.0,1091.0,1093.0,7842.0,1526048.0,1526568.0
2026-07-01 13:33:00,1093.0,1094.0,1092.0,1093.0,1187.0,1526568.0,1526493.0
2026-07-01 13:34:00,1093.0,1094.0,1092.0,1093.0,1831.0,1526493.0,1526594.0
2026-07-01 13:35:00,1093.0,1094.0,1093.0,1094.0,1221.0,1526594.0,1526457.0
2026-07-01 13:36:00,1094.0,1095.0,1092.0,1093.0,6448.0,1526457.0,1525985.0
2026-07-01 13:37:00,1093.0,1094.0,1093.0,1093.0,1199.0,1525985.0,1525997.0
2026-07-01 13:38:00,1093.0,1094.0,1092.0,1093.0,1914.0,1525997.0,1525557.0
2026-07-01 13:39:00,1093.0,1094.0,1092.0,1093.0,893.0,1525557.0,1525786.0
2026-07-01 13:40:00,1093.0,1094.0,1093.0,1093.0,1003.0,1525786.0,1525893.0
2026-07-01 13:41:00,1093.0,1094.0,1092.0,1093.0,1868.0,1525893.0,1525762.0
2026-07-01 13:42:00,1093.0,1094.0,1092.0,1092.0,1713.0,1525762.0,1525578.0
2026-07-01 13:43:00,1092.0,1094.0,1092.0,1093.0,1002.0,1525578.0,1525279.0
2026-07-01 13:44:00,1093.0,1094.0,1093.0,1093.0,574.0,1525279.0,1525393.0
2026-07-01 13:45:00,1093.0,1094.0,1092.0,1093.0,2243.0,1525393.0,1525004.0
2026-07-01 13:46:00,1093.0,1094.0,1093.0,1094.0,482.0,1525004.0,1525011.0
2026-07-01 13:47:00,1094.0,1094.0,1093.0,1093.0,1373.0,1525011.0,1524376.0
2026-07-01 13:48:00,1093.0,1095.0,1093.0,1095.0,4544.0,1524376.0,1523763.0
2026-07-01 13:49:00,1095.0,1096.0,1094.0,1096.0,7513.0,1523763.0,1523828.0
2026-07-01 13:50:00,1096.0,1097.0,1095.0,1097.0,8956.0,1523828.0,1520304.0
2026-07-01 13:51:00,1097.0,1097.0,1095.0,1095.0,4179.0,1520304.0,1520281.0
2026-07-01 13:52:00,1095.0,1096.0,1094.0,1095.0,3680.0,1520281.0,1519457.0
2026-07-01 13:53:00,1095.0,1097.0,1095.0,1095.0,4766.0,1519457.0,1518957.0
2026-07-01 13:54:00,1095.0,1096.0,1095.0,1095.0,1344.0,1518957.0,1519038.0
2026-07-01 13:55:00,1095.0,1096.0,1094.0,1094.0,1979.0,1519038.0,1518189.0
2026-07-01 13:56:00,1094.0,1095.0,1094.0,1094.0,812.0,1518189.0,1518228.0
2026-07-01 13:57:00,1094.0,1095.0,1094.0,1094.0,1117.0,1518228.0,1518332.0
2026-07-01 13:58:00,1094.0,1095.0,1094.0,1094.0,390.0,1518332.0,1518392.0
2026-07-01 13:59:00,1094.0,1095.0,1094.0,1094.0,366.0,1518392.0,1518317.0
2026-07-01 14:00:00,1094.0,1095.0,1093.0,1093.0,3215.0,1518317.0,1517893.0
2026-07-01 14:01:00,1093.0,1094.0,1093.0,1093.0,1205.0,1517893.0,1517534.0
2026-07-01 14:02:00,1093.0,1094.0,1092.0,1093.0,3673.0,1517534.0,1517910.0
2026-07-01 14:03:00,1093.0,1093.0,1092.0,1092.0,821.0,1517910.0,1517874.0
2026-07-01 14:04:00,1092.0,1093.0,1092.0,1093.0,647.0,1517874.0,1517890.0
2026-07-01 14:05:00,1093.0,1093.0,1092.0,1092.0,2394.0,1517890.0,1517476.0
2026-07-01 14:06:00,1092.0,1093.0,1092.0,1092.0,335.0,1517476.0,1517529.0
2026-07-01 14:07:00,1092.0,1093.0,1091.0,1091.0,4290.0,1517529.0,1517210.0
2026-07-01 14:08:00,1091.0,1093.0,1091.0,1091.0,589.0,1517210.0,1517222.0
2026-07-01 14:09:00,1091.0,1093.0,1091.0,1092.0,710.0,1517222.0,1517187.0
2026-07-01 14:10:00,1092.0,1092.0,1090.0,1090.0,3959.0,1517187.0,1517336.0
2026-07-01 14:11:00,1090.0,1091.0,1090.0,1091.0,763.0,1517336.0,1517286.0
2026-07-01 14:12:00,1091.0,1091.0,1090.0,1091.0,559.0,1517286.0,1517444.0
2026-07-01 14:13:00,1091.0,1091.0,1090.0,1091.0,414.0,1517444.0,1517310.0
2026-07-01 14:14:00,1091.0,1091.0,1090.0,1091.0,557.0,1517310.0,1517340.0
2026-07-01 14:15:00,1091.0,1091.0,1090.0,1091.0,1726.0,1517340.0,1517221.0
2026-07-01 14:16:00,1091.0,1091.0,1090.0,1090.0,624.0,1517221.0,1517290.0
2026-07-01 14:17:00,1090.0,1091.0,1089.0,1090.0,4539.0,1517290.0,1515903.0
2026-07-01 14:18:00,1090.0,1091.0,1090.0,1090.0,720.0,1515903.0,1515942.0
2026-07-01 14:19:00,1090.0,1091.0,1090.0,1091.0,449.0,1515942.0,1515953.0
2026-07-01 14:20:00,1091.0,1091.0,1089.0,1089.0,1711.0,1515953.0,1516305.0
2026-07-01 14:21:00,1089.0,1090.0,1089.0,1090.0,756.0,1516305.0,1516433.0
2026-07-01 14:22:00,1090.0,1090.0,1089.0,1090.0,899.0,1516433.0,1516351.0
2026-07-01 14:23:00,1090.0,1090.0,1089.0,1090.0,1162.0,1516351.0,1516054.0
2026-07-01 14:24:00,1090.0,1090.0,1089.0,1089.0,570.0,1516054.0,1516065.0
2026-07-01 14:25:00,1089.0,1090.0,1089.0,1089.0,410.0,1516065.0,1515946.0
2026-07-01 14:26:00,1089.0,1090.0,1089.0,1090.0,379.0,1515946.0,1515861.0
2026-07-01 14:27:00,1090.0,1090.0,1089.0,1089.0,278.0,1515861.0,1515785.0
2026-07-01 14:28:00,1089.0,1090.0,1089.0,1090.0,241.0,1515785.0,1515759.0
2026-07-01 14:29:00,1090.0,1091.0,1089.0,1090.0,3437.0,1515759.0,1515498.0
2026-07-01 14:30:00,1090.0,1090.0,1089.0,1090.0,798.0,1515498.0,1515543.0
2026-07-01 14:31:00,1090.0,1090.0,1089.0,1089.0,603.0,1515543.0,1515659.0
2026-07-01 14:32:00,1089.0,1090.0,1089.0,1090.0,601.0,1515659.0,1515528.0
2026-07-01 14:33:00,1090.0,1090.0,1089.0,1090.0,487.0,1515528.0,1515511.0
2026-07-01 14:34:00,1090.0,1090.0,1089.0,1090.0,198.0,1515511.0,1515387.0
2026-07-01 14:35:00,1090.0,1090.0,1089.0,1089.0,277.0,1515387.0,1515310.0
2026-07-01 14:36:00,1089.0,1090.0,1089.0,1090.0,321.0,1515310.0,1515159.0
2026-07-01 14:37:00,1090.0,1090.0,1089.0,1089.0,399.0,1515159.0,1515164.0
2026-07-01 14:38:00,1089.0,1090.0,1089.0,1089.0,579.0,1515164.0,1515305.0
2026-07-01 14:39:00,1089.0,1090.0,1088.0,1089.0,6731.0,1515305.0,1514059.0
2026-07-01 14:40:00,1089.0,1090.0,1088.0,1090.0,1643.0,1514059.0,1513205.0
2026-07-01 14:41:00,1090.0,1090.0,1088.0,1089.0,1265.0,1513205.0,1513043.0
2026-07-01 14:42:00,1089.0,1090.0,1089.0,1090.0,328.0,1513043.0,1512981.0
2026-07-01 14:43:00,1090.0,1090.0,1089.0,1089.0,146.0,1512981.0,1512999.0
2026-07-01 14:44:00,1089.0,1091.0,1089.0,1091.0,2068.0,1512999.0,1512164.0
2026-07-01 14:45:00,1091.0,1091.0,1090.0,1090.0,677.0,1512164.0,1511873.0
2026-07-01 14:46:00,1090.0,1091.0,1090.0,1091.0,641.0,1511873.0,1511641.0
2026-07-01 14:47:00,1091.0,1091.0,1090.0,1090.0,502.0,1511641.0,1511552.0
2026-07-01 14:48:00,1090.0,1091.0,1090.0,1090.0,295.0,1511552.0,1511431.0
2026-07-01 14:49:00,1090.0,1091.0,1090.0,1090.0,2368.0,1511431.0,1511224.0
2026-07-01 14:50:00,1090.0,1091.0,1090.0,1091.0,589.0,1511224.0,1511095.0
2026-07-01 14:51:00,1091.0,1091.0,1090.0,1090.0,502.0,1511095.0,1510939.0
2026-07-01 14:52:00,1090.0,1092.0,1090.0,1091.0,4310.0,1510939.0,1510483.0
2026-07-01 14:53:00,1091.0,1092.0,1090.0,1092.0,790.0,1510483.0,1510357.0
2026-07-01 14:54:00,1092.0,1092.0,1090.0,1090.0,2315.0,1510357.0,1509546.0
2026-07-01 14:55:00,1090.0,1091.0,1090.0,1090.0,960.0,1509546.0,1509048.0
2026-07-01 14:56:00,1090.0,1091.0,1090.0,1090.0,908.0,1509048.0,1508946.0
2026-07-01 14:57:00,1090.0,1091.0,1090.0,1090.0,3436.0,1508946.0,1508952.0
2026-07-01 14:58:00,1090.0,1091.0,1089.0,1089.0,3013.0,1508952.0,1509006.0
2026-07-01 14:59:00,1089.0,1090.0,1089.0,1089.0,4142.0,1509006.0,1507268.0
2026-07-01 21:00:00,1088.0,1092.0,1088.0,1089.0,12471.0,1507268.0,1507386.0
2026-07-01 21:01:00,1089.0,1090.0,1089.0,1089.0,5060.0,1507386.0,1508535.0
2026-07-01 21:02:00,1089.0,1091.0,1089.0,1091.0,4549.0,1508535.0,1508462.0
2026-07-01 21:03:00,1091.0,1092.0,1090.0,1091.0,6658.0,1508462.0,1507797.0
2026-07-01 21:04:00,1091.0,1092.0,1089.0,1092.0,5821.0,1507797.0,1508143.0
2026-07-01 21:05:00,1092.0,1092.0,1091.0,1092.0,1477.0,1508143.0,1508196.0
2026-07-01 21:06:00,1092.0,1094.0,1091.0,1093.0,5958.0,1508196.0,1508617.0
2026-07-01 21:07:00,1093.0,1093.0,1089.0,1090.0,8872.0,1508617.0,1509622.0
2026-07-01 21:08:00,1090.0,1090.0,1089.0,1089.0,1233.0,1509622.0,1509727.0
2026-07-01 21:09:00,1089.0,1090.0,1088.0,1088.0,3524.0,1509727.0,1510596.0
2026-07-01 21:10:00,1088.0,1090.0,1087.0,1088.0,5544.0,1510596.0,1511536.0
2026-07-01 21:11:00,1088.0,1089.0,1087.0,1089.0,3292.0,1511536.0,1511443.0
2026-07-01 21:12:00,1089.0,1090.0,1088.0,1088.0,4099.0,1511443.0,1511263.0
2026-07-01 21:13:00,1088.0,1089.0,1088.0,1089.0,765.0,1511263.0,1511196.0
2026-07-01 21:14:00,1089.0,1089.0,1088.0,1088.0,1388.0,1511196.0,1511317.0
2026-07-01 21:15:00,1088.0,1089.0,1088.0,1088.0,1156.0,1511317.0,1511745.0
2026-07-01 21:16:00,1088.0,1091.0,1088.0,1091.0,4742.0,1511745.0,1513579.0
2026-07-01 21:17:00,1091.0,1091.0,1090.0,1090.0,1250.0,1513579.0,1513546.0
2026-07-01 21:18:00,1090.0,1091.0,1090.0,1091.0,535.0,1513546.0,1513676.0
2026-07-01 21:19:00,1091.0,1091.0,1090.0,1090.0,470.0,1513676.0,1513816.0
2026-07-01 21:20:00,1090.0,1091.0,1090.0,1091.0,359.0,1513816.0,1513942.0
2026-07-01 21:21:00,1091.0,1091.0,1089.0,1090.0,2634.0,1513942.0,1513375.0
2026-07-01 21:22:00,1090.0,1090.0,1089.0,1090.0,309.0,1513375.0,1513517.0
2026-07-01 21:23:00,1090.0,1091.0,1089.0,1091.0,2713.0,1513517.0,1513563.0
2026-07-01 21:24:00,1091.0,1091.0,1090.0,1090.0,452.0,1513563.0,1513419.0
2026-07-01 21:25:00,1090.0,1091.0,1090.0,1091.0,450.0,1513419.0,1513473.0
2026-07-01 21:26:00,1091.0,1091.0,1090.0,1091.0,441.0,1513473.0,1513450.0
2026-07-01 21:27:00,1091.0,1091.0,1090.0,1090.0,4125.0,1513450.0,1512520.0
2026-07-01 21:28:00,1090.0,1094.0,1090.0,1094.0,10743.0,1512520.0,1509607.0
2026-07-01 21:29:00,1094.0,1095.0,1093.0,1094.0,9571.0,1509607.0,1508981.0
2026-07-01 21:30:00,1094.0,1095.0,1094.0,1095.0,2457.0,1508981.0,1509578.0
2026-07-01 21:31:00,1095.0,1097.0,1094.0,1095.0,17030.0,1509578.0,1508768.0
2026-07-01 21:32:00,1095.0,1096.0,1095.0,1096.0,2023.0,1508768.0,1509194.0
2026-07-01 21:33:00,1096.0,1096.0,1094.0,1094.0,3656.0,1509194.0,1509070.0
2026-07-01 21:34:00,1094.0,1095.0,1093.0,1093.0,1735.0,1509070.0,1509591.0
2026-07-01 21:35:00,1093.0,1095.0,1093.0,1093.0,2801.0,1509591.0,1510291.0
2026-07-01 21:36:00,1093.0,1094.0,1093.0,1094.0,713.0,1510291.0,1510472.0
2026-07-01 21:37:00,1094.0,1094.0,1093.0,1094.0,835.0,1510472.0,1510337.0
2026-07-01 21:38:00,1094.0,1094.0,1093.0,1093.0,1221.0,1510337.0,1510521.0
2026-07-01 21:39:00,1093.0,1094.0,1093.0,1093.0,467.0,1510521.0,1510493.0
2026-07-01 21:40:00,1093.0,1094.0,1093.0,1094.0,363.0,1510493.0,1510574.0
2026-07-01 21:41:00,1094.0,1094.0,1091.0,1092.0,6262.0,1510574.0,1511181.0
2026-07-01 21:42:00,1092.0,1093.0,1091.0,1091.0,1388.0,1511181.0,1511518.0
2026-07-01 21:43:00,1091.0,1093.0,1091.0,1092.0,2428.0,1511518.0,1511752.0
2026-07-01 21:44:00,1092.0,1093.0,1091.0,1093.0,2177.0,1511752.0,1513115.0
2026-07-01 21:45:00,1093.0,1094.0,1092.0,1094.0,1454.0,1513115.0,1513270.0
2026-07-01 21:46:00,1094.0,1094.0,1092.0,1093.0,1742.0,1513270.0,1513013.0
2026-07-01 21:47:00,1093.0,1094.0,1092.0,1093.0,1295.0,1513013.0,1513424.0
2026-07-01 21:48:00,1093.0,1094.0,1093.0,1093.0,477.0,1513424.0,1513643.0
2026-07-01 21:49:00,1093.0,1094.0,1093.0,1093.0,2682.0,1513643.0,1514064.0
2026-07-01 21:50:00,1093.0,1094.0,1093.0,1094.0,164.0,1514064.0,1514041.0
2026-07-01 21:51:00,1094.0,1094.0,1093.0,1093.0,294.0,1514041.0,1514181.0
2026-07-01 21:52:00,1093.0,1094.0,1093.0,1093.0,205.0,1514181.0,1514296.0
2026-07-01 21:53:00,1093.0,1094.0,1093.0,1094.0,340.0,1514296.0,1514417.0
2026-07-01 21:54:00,1094.0,1095.0,1093.0,1094.0,3456.0,1514417.0,1514694.0
2026-07-01 21:55:00,1094.0,1095.0,1094.0,1095.0,1302.0,1514694.0,1514464.0
2026-07-01 21:56:00,1095.0,1095.0,1093.0,1094.0,1319.0,1514464.0,1514411.0
2026-07-01 21:57:00,1094.0,1095.0,1093.0,1094.0,1460.0,1514411.0,1514465.0
2026-07-01 21:58:00,1094.0,1095.0,1094.0,1094.0,286.0,1514465.0,1514479.0
2026-07-01 21:59:00,1094.0,1095.0,1093.0,1094.0,1328.0,1514479.0,1514300.0
2026-07-01 22:00:00,1094.0,1094.0,1093.0,1094.0,402.0,1514300.0,1514410.0
2026-07-01 22:01:00,1094.0,1094.0,1093.0,1094.0,296.0,1514410.0,1514375.0
2026-07-01 22:02:00,1094.0,1095.0,1093.0,1094.0,1537.0,1514375.0,1514246.0
2026-07-01 22:03:00,1094.0,1095.0,1094.0,1095.0,542.0,1514246.0,1514238.0
2026-07-01 22:04:00,1095.0,1095.0,1094.0,1095.0,371.0,1514238.0,1514140.0
2026-07-01 22:05:00,1095.0,1095.0,1094.0,1095.0,330.0,1514140.0,1514228.0
2026-07-01 22:06:00,1095.0,1095.0,1094.0,1094.0,1089.0,1514228.0,1514217.0
2026-07-01 22:07:00,1094.0,1095.0,1094.0,1095.0,429.0,1514217.0,1514261.0
2026-07-01 22:08:00,1095.0,1095.0,1094.0,1094.0,223.0,1514261.0,1514327.0
2026-07-01 22:09:00,1094.0,1095.0,1094.0,1094.0,210.0,1514327.0,1514425.0
2026-07-01 22:10:00,1094.0,1095.0,1094.0,1094.0,240.0,1514425.0,1514432.0
2026-07-01 22:11:00,1094.0,1095.0,1094.0,1094.0,267.0,1514432.0,1514384.0
2026-07-01 22:12:00,1094.0,1095.0,1094.0,1095.0,331.0,1514384.0,1514239.0
2026-07-01 22:13:00,1095.0,1095.0,1094.0,1094.0,1365.0,1514239.0,1514940.0
2026-07-01 22:14:00,1094.0,1095.0,1094.0,1094.0,769.0,1514940.0,1514934.0
2026-07-01 22:15:00,1094.0,1095.0,1094.0,1094.0,254.0,1514934.0,1514917.0
2026-07-01 22:16:00,1094.0,1095.0,1094.0,1094.0,377.0,1514917.0,1514930.0
2026-07-01 22:17:00,1094.0,1095.0,1094.0,1094.0,474.0,1514930.0,1515031.0
2026-07-01 22:18:00,1094.0,1095.0,1093.0,1093.0,2517.0,1515031.0,1514225.0
2026-07-01 22:19:00,1093.0,1094.0,1093.0,1093.0,223.0,1514225.0,1514170.0
2026-07-01 22:20:00,1093.0,1094.0,1093.0,1093.0,650.0,1514170.0,1514443.0
2026-07-01 22:21:00,1093.0,1094.0,1093.0,1093.0,296.0,1514443.0,1514431.0
2026-07-01 22:22:00,1093.0,1094.0,1093.0,1093.0,293.0,1514431.0,1514299.0
2026-07-01 22:23:00,1093.0,1094.0,1093.0,1094.0,628.0,1514299.0,1514346.0
2026-07-01 22:24:00,1094.0,1094.0,1093.0,1093.0,739.0,1514346.0,1514442.0
2026-07-01 22:25:00,1093.0,1094.0,1093.0,1094.0,181.0,1514442.0,1514344.0
2026-07-01 22:26:00,1094.0,1094.0,1093.0,1093.0,166.0,1514344.0,1514391.0
2026-07-01 22:27:00,1093.0,1094.0,1092.0,1093.0,2448.0,1514391.0,1515402.0
2026-07-01 22:28:00,1093.0,1093.0,1092.0,1093.0,405.0,1515402.0,1515305.0
2026-07-01 22:29:00,1093.0,1093.0,1092.0,1092.0,295.0,1515305.0,1515239.0
2026-07-01 22:30:00,1092.0,1093.0,1092.0,1092.0,481.0,1515239.0,1515324.0
2026-07-01 22:31:00,1092.0,1093.0,1092.0,1092.0,577.0,1515324.0,1515242.0
2026-07-01 22:32:00,1092.0,1093.0,1092.0,1092.0,539.0,1515242.0,1515200.0
2026-07-01 22:33:00,1092.0,1093.0,1092.0,1092.0,254.0,1515200.0,1515283.0
2026-07-01 22:34:00,1092.0,1093.0,1092.0,1092.0,171.0,1515283.0,1515326.0
2026-07-01 22:35:00,1092.0,1093.0,1092.0,1093.0,163.0,1515326.0,1515259.0
2026-07-01 22:36:00,1093.0,1093.0,1092.0,1092.0,384.0,1515259.0,1515258.0
2026-07-01 22:37:00,1092.0,1093.0,1092.0,1093.0,277.0,1515258.0,1515228.0
2026-07-01 22:38:00,1093.0,1094.0,1092.0,1093.0,1492.0,1515228.0,1515528.0
2026-07-01 22:39:00,1093.0,1094.0,1092.0,1092.0,1476.0,1515528.0,1514864.0
2026-07-01 22:40:00,1092.0,1094.0,1092.0,1094.0,1175.0,1514864.0,1515640.0
2026-07-01 22:41:00,1094.0,1094.0,1092.0,1093.0,1629.0,1515640.0,1515194.0
2026-07-01 22:42:00,1093.0,1094.0,1093.0,1094.0,378.0,1515194.0,1515017.0
2026-07-01 22:43:00,1094.0,1094.0,1093.0,1094.0,214.0,1515017.0,1515132.0
2026-07-01 22:44:00,1094.0,1094.0,1092.0,1092.0,459.0,1515132.0,1515237.0
2026-07-01 22:45:00,1092.0,1094.0,1092.0,1093.0,785.0,1515237.0,1514966.0
2026-07-01 22:46:00,1093.0,1093.0,1092.0,1093.0,212.0,1514966.0,1514838.0
2026-07-01 22:47:00,1093.0,1093.0,1092.0,1093.0,172.0,1514838.0,1514875.0
2026-07-01 22:48:00,1093.0,1093.0,1092.0,1093.0,86.0,1514875.0,1514876.0
2026-07-01 22:49:00,1093.0,1093.0,1092.0,1093.0,130.0,1514876.0,1514818.0
2026-07-01 22:50:00,1093.0,1093.0,1092.0,1092.0,465.0,1514818.0,1514762.0
2026-07-01 22:51:00,1092.0,1093.0,1092.0,1092.0,171.0,1514762.0,1514709.0
2026-07-01 22:52:00,1092.0,1093.0,1092.0,1093.0,505.0,1514709.0,1514480.0
2026-07-01 22:53:00,1093.0,1093.0,1092.0,1092.0,350.0,1514480.0,1514355.0
2026-07-01 22:54:00,1092.0,1093.0,1092.0,1092.0,188.0,1514355.0,1514229.0
2026-07-01 22:55:00,1092.0,1093.0,1092.0,1092.0,311.0,1514229.0,1514023.0
2026-07-01 22:56:00,1092.0,1093.0,1092.0,1092.0,320.0,1514023.0,1513880.0
2026-07-01 22:57:00,1092.0,1093.0,1092.0,1093.0,1008.0,1513880.0,1513416.0
2026-07-01 22:58:00,1093.0,1093.0,1092.0,1092.0,810.0,1513416.0,1513250.0
2026-07-01 22:59:00,1092.0,1093.0,1092.0,1093.0,2881.0,1513250.0,1512052.0
2026-07-02 09:00:00,1093.0,1094.0,1092.0,1093.0,5757.0,1512052.0,1511567.0
2026-07-02 09:01:00,1093.0,1093.0,1090.0,1090.0,4675.0,1511567.0,1511846.0
2026-07-02 09:02:00,1090.0,1092.0,1090.0,1092.0,4082.0,1511846.0,1512085.0
2026-07-02 09:03:00,1092.0,1092.0,1091.0,1092.0,906.0,1512085.0,1512163.0
2026-07-02 09:04:00,1092.0,1092.0,1091.0,1092.0,792.0,1512163.0,1512129.0
2026-07-02 09:05:00,1092.0,1093.0,1091.0,1092.0,2586.0,1512129.0,1511384.0
2026-07-02 09:06:00,1092.0,1093.0,1092.0,1093.0,280.0,1511384.0,1511352.0
2026-07-02 09:07:00,1093.0,1094.0,1092.0,1093.0,1880.0,1511352.0,1510955.0
2026-07-02 09:08:00,1093.0,1093.0,1091.0,1092.0,1965.0,1510955.0,1510409.0
2026-07-02 09:09:00,1092.0,1094.0,1092.0,1093.0,2684.0,1510409.0,1510073.0
2026-07-02 09:10:00,1093.0,1094.0,1093.0,1094.0,1729.0,1510073.0,1509740.0
2026-07-02 09:11:00,1094.0,1095.0,1093.0,1094.0,3503.0,1509740.0,1509629.0
2026-07-02 09:12:00,1094.0,1095.0,1093.0,1094.0,2549.0,1509629.0,1509361.0
2026-07-02 09:13:00,1094.0,1095.0,1093.0,1093.0,1024.0,1509361.0,1509350.0
2026-07-02 09:14:00,1093.0,1094.0,1093.0,1093.0,344.0,1509350.0,1509284.0
2026-07-02 09:15:00,1093.0,1094.0,1093.0,1093.0,344.0,1509284.0,1509320.0
2026-07-02 09:16:00,1093.0,1094.0,1092.0,1093.0,2247.0,1509320.0,1510183.0
2026-07-02 09:17:00,1093.0,1093.0,1092.0,1093.0,286.0,1510183.0,1510163.0
2026-07-02 09:18:00,1093.0,1093.0,1092.0,1093.0,203.0,1510163.0,1510163.0
2026-07-02 09:19:00,1093.0,1094.0,1092.0,1093.0,1615.0,1510163.0,1510326.0
2026-07-02 09:20:00,1093.0,1094.0,1092.0,1093.0,1090.0,1510326.0,1509713.0
2026-07-02 09:21:00,1093.0,1093.0,1092.0,1093.0,266.0,1509713.0,1509613.0
2026-07-02 09:22:00,1093.0,1093.0,1092.0,1092.0,826.0,1509613.0,1509517.0
2026-07-02 09:23:00,1092.0,1093.0,1092.0,1093.0,300.0,1509517.0,1509452.0
2026-07-02 09:24:00,1093.0,1093.0,1092.0,1093.0,435.0,1509452.0,1509304.0
2026-07-02 09:25:00,1093.0,1093.0,1092.0,1093.0,271.0,1509304.0,1509239.0
2026-07-02 09:26:00,1093.0,1093.0,1092.0,1092.0,499.0,1509239.0,1509135.0
2026-07-02 09:27:00,1092.0,1093.0,1092.0,1093.0,267.0,1509135.0,1509138.0
2026-07-02 09:28:00,1093.0,1093.0,1092.0,1092.0,2154.0,1509138.0,1508215.0
2026-07-02 09:29:00,1092.0,1093.0,1092.0,1093.0,144.0,1508215.0,1508232.0
2026-07-02 09:30:00,1093.0,1093.0,1092.0,1092.0,257.0,1508232.0,1508206.0
2026-07-02 09:31:00,1092.0,1093.0,1092.0,1093.0,630.0,1508206.0,1508176.0
2026-07-02 09:32:00,1093.0,1093.0,1091.0,1092.0,2516.0,1508176.0,1508252.0
2026-07-02 09:33:00,1092.0,1093.0,1091.0,1092.0,1126.0,1508252.0,1508067.0
2026-07-02 09:34:00,1092.0,1093.0,1091.0,1092.0,992.0,1508067.0,1508275.0
2026-07-02 09:35:00,1092.0,1093.0,1091.0,1092.0,1171.0,1508275.0,1508732.0
2026-07-02 09:36:00,1092.0,1094.0,1092.0,1093.0,1098.0,1508732.0,1508623.0
2026-07-02 09:37:00,1093.0,1093.0,1092.0,1092.0,157.0,1508623.0,1508634.0
2026-07-02 09:38:00,1092.0,1093.0,1092.0,1092.0,482.0,1508634.0,1508864.0
2026-07-02 09:39:00,1092.0,1094.0,1092.0,1094.0,1007.0,1508864.0,1508735.0
2026-07-02 09:40:00,1094.0,1094.0,1093.0,1094.0,177.0,1508735.0,1508778.0
2026-07-02 09:41:00,1094.0,1094.0,1092.0,1094.0,1135.0,1508778.0,1509163.0
2026-07-02 09:42:00,1094.0,1094.0,1093.0,1094.0,156.0,1509163.0,1509154.0
2026-07-02 09:43:00,1094.0,1094.0,1093.0,1094.0,843.0,1509154.0,1509147.0
2026-07-02 09:44:00,1094.0,1094.0,1092.0,1093.0,1088.0,1509147.0,1509311.0
2026-07-02 09:45:00,1093.0,1094.0,1093.0,1093.0,1070.0,1509311.0,1509115.0
2026-07-02 09:46:00,1093.0,1094.0,1092.0,1093.0,367.0,1509115.0,1508998.0
2026-07-02 09:47:00,1093.0,1094.0,1092.0,1093.0,266.0,1508998.0,1509037.0
2026-07-02 09:48:00,1093.0,1094.0,1093.0,1094.0,113.0,1509037.0,1508964.0
2026-07-02 09:49:00,1094.0,1094.0,1093.0,1094.0,114.0,1508964.0,1508922.0
2026-07-02 09:50:00,1094.0,1094.0,1093.0,1093.0,460.0,1508922.0,1508937.0
2026-07-02 09:51:00,1093.0,1094.0,1093.0,1094.0,87.0,1508937.0,1508944.0
2026-07-02 09:52:00,1094.0,1094.0,1093.0,1093.0,259.0,1508944.0,1508787.0
2026-07-02 09:53:00,1093.0,1094.0,1093.0,1094.0,351.0,1508787.0,1508833.0
2026-07-02 09:54:00,1094.0,1094.0,1093.0,1093.0,119.0,1508833.0,1508836.0
2026-07-02 09:55:00,1093.0,1094.0,1093.0,1093.0,588.0,1508836.0,1508951.0
2026-07-02 09:56:00,1093.0,1095.0,1093.0,1095.0,3763.0,1508951.0,1508633.0
2026-07-02 09:57:00,1095.0,1095.0,1094.0,1094.0,2486.0,1508633.0,1509078.0
2026-07-02 09:58:00,1094.0,1095.0,1094.0,1094.0,1545.0,1509078.0,1509261.0
2026-07-02 09:59:00,1094.0,1095.0,1094.0,1094.0,994.0,1509261.0,1509448.0
2026-07-02 10:00:00,1094.0,1095.0,1093.0,1093.0,926.0,1509448.0,1509480.0
2026-07-02 10:01:00,1093.0,1094.0,1093.0,1093.0,137.0,1509480.0,1509513.0
2026-07-02 10:02:00,1093.0,1093.0,1092.0,1092.0,1603.0,1509513.0,1509440.0
2026-07-02 10:03:00,1092.0,1093.0,1092.0,1092.0,153.0,1509440.0,1509401.0
2026-07-02 10:04:00,1092.0,1094.0,1092.0,1093.0,2602.0,1509401.0,1508868.0
2026-07-02 10:05:00,1093.0,1093.0,1091.0,1091.0,4231.0,1508868.0,1509162.0
2026-07-02 10:06:00,1091.0,1091.0,1089.0,1090.0,6371.0,1509162.0,1509831.0
2026-07-02 10:07:00,1090.0,1091.0,1089.0,1089.0,5080.0,1509831.0,1509998.0
2026-07-02 10:08:00,1089.0,1090.0,1089.0,1090.0,1082.0,1509998.0,1509995.0
2026-07-02 10:09:00,1090.0,1090.0,1089.0,1089.0,1208.0,1509995.0,1510349.0
2026-07-02 10:10:00,1089.0,1091.0,1089.0,1091.0,2344.0,1510349.0,1510053.0
2026-07-02 10:11:00,1091.0,1092.0,1090.0,1091.0,3189.0,1510053.0,1509742.0
2026-07-02 10:12:00,1091.0,1092.0,1091.0,1091.0,1061.0,1509742.0,1509823.0
2026-07-02 10:13:00,1091.0,1092.0,1090.0,1091.0,439.0,1509823.0,1509632.0
2026-07-02 10:14:00,1091.0,1092.0,1091.0,1091.0,2683.0,1509632.0,1508913.0
2026-07-02 10:30:00,1091.0,1091.0,1090.0,1090.0,2532.0,1508913.0,1508894.0
2026-07-02 10:31:00,1090.0,1091.0,1089.0,1090.0,744.0,1508894.0,1508750.0
2026-07-02 10:32:00,1090.0,1091.0,1089.0,1090.0,1898.0,1508750.0,1508906.0
2026-07-02 10:33:00,1090.0,1091.0,1090.0,1091.0,668.0,1508906.0,1509127.0
2026-07-02 10:34:00,1091.0,1091.0,1090.0,1090.0,356.0,1509127.0,1509124.0
2026-07-02 10:35:00,1090.0,1092.0,1090.0,1091.0,2225.0,1509124.0,1508420.0
2026-07-02 10:36:00,1091.0,1092.0,1091.0,1091.0,482.0,1508420.0,1508443.0
2026-07-02 10:37:00,1091.0,1093.0,1091.0,1092.0,2113.0,1508443.0,1508721.0
2026-07-02 10:38:00,1092.0,1093.0,1091.0,1092.0,761.0,1508721.0,1508683.0
2026-07-02 10:39:00,1092.0,1093.0,1091.0,1092.0,475.0,1508683.0,1508586.0
2026-07-02 10:40:00,1092.0,1092.0,1091.0,1092.0,308.0,1508586.0,1508715.0
2026-07-02 10:41:00,1092.0,1092.0,1091.0,1092.0,147.0,1508715.0,1508744.0
2026-07-02 10:42:00,1092.0,1092.0,1091.0,1091.0,201.0,1508744.0,1508686.0
2026-07-02 10:43:00,1091.0,1092.0,1090.0,1092.0,1901.0,1508686.0,1508672.0
2026-07-02 10:44:00,1092.0,1092.0,1090.0,1090.0,1047.0,1508672.0,1508307.0
2026-07-02 10:45:00,1090.0,1092.0,1090.0,1092.0,622.0,1508307.0,1508201.0
2026-07-02 10:46:00,1092.0,1092.0,1090.0,1091.0,668.0,1508201.0,1507953.0
2026-07-02 10:47:00,1091.0,1092.0,1090.0,1091.0,618.0,1507953.0,1507873.0
2026-07-02 10:48:00,1091.0,1092.0,1090.0,1091.0,936.0,1507873.0,1507821.0
2026-07-02 10:49:00,1091.0,1092.0,1091.0,1091.0,412.0,1507821.0,1507771.0
2026-07-02 10:50:00,1091.0,1092.0,1091.0,1092.0,1559.0,1507771.0,1507838.0
2026-07-02 10:51:00,1092.0,1092.0,1091.0,1091.0,265.0,1507838.0,1507838.0
2026-07-02 10:52:00,1091.0,1092.0,1090.0,1092.0,1429.0,1507838.0,1507878.0
2026-07-02 10:53:00,1092.0,1093.0,1091.0,1092.0,2323.0,1507878.0,1507924.0
2026-07-02 10:54:00,1092.0,1093.0,1092.0,1092.0,136.0,1507924.0,1507866.0
2026-07-02 10:55:00,1092.0,1093.0,1092.0,1092.0,157.0,1507866.0,1507781.0
2026-07-02 10:56:00,1092.0,1093.0,1092.0,1092.0,306.0,1507781.0,1507708.0
2026-07-02 10:57:00,1092.0,1093.0,1092.0,1093.0,159.0,1507708.0,1507732.0
2026-07-02 10:58:00,1093.0,1093.0,1092.0,1092.0,148.0,1507732.0,1507745.0
2026-07-02 10:59:00,1092.0,1093.0,1092.0,1092.0,220.0,1507745.0,1507850.0
2026-07-02 11:00:00,1092.0,1093.0,1091.0,1091.0,735.0,1507850.0,1507731.0
2026-07-02 11:01:00,1091.0,1093.0,1091.0,1092.0,1372.0,1507731.0,1507658.0
2026-07-02 11:02:00,1092.0,1093.0,1091.0,1091.0,1016.0,1507658.0,1507565.0
2026-07-02 11:03:00,1091.0,1093.0,1091.0,1092.0,487.0,1507565.0,1507517.0
2026-07-02 11:04:00,1092.0,1093.0,1091.0,1091.0,385.0,1507517.0,1507342.0
2026-07-02 11:05:00,1091.0,1092.0,1091.0,1092.0,303.0,1507342.0,1507299.0
2026-07-02 11:06:00,1092.0,1093.0,1091.0,1092.0,345.0,1507299.0,1507363.0
2026-07-02 11:07:00,1092.0,1093.0,1091.0,1091.0,771.0,1507363.0,1507353.0
2026-07-02 11:08:00,1091.0,1093.0,1091.0,1093.0,1412.0,1507353.0,1507583.0
2026-07-02 11:09:00,1093.0,1093.0,1092.0,1092.0,1956.0,1507583.0,1508196.0
2026-07-02 11:10:00,1092.0,1093.0,1091.0,1091.0,801.0,1508196.0,1508051.0
2026-07-02 11:11:00,1091.0,1092.0,1091.0,1092.0,278.0,1508051.0,1507998.0
2026-07-02 11:12:00,1092.0,1092.0,1091.0,1091.0,1101.0,1507998.0,1507703.0
2026-07-02 11:13:00,1091.0,1093.0,1091.0,1092.0,715.0,1507703.0,1507859.0
2026-07-02 11:14:00,1092.0,1093.0,1091.0,1092.0,529.0,1507859.0,1507829.0
2026-07-02 11:15:00,1092.0,1093.0,1092.0,1093.0,253.0,1507829.0,1507889.0
2026-07-02 11:16:00,1093.0,1093.0,1091.0,1091.0,916.0,1507889.0,1507838.0
2026-07-02 11:17:00,1091.0,1092.0,1091.0,1092.0,188.0,1507838.0,1507765.0
2026-07-02 11:18:00,1092.0,1092.0,1091.0,1091.0,114.0,1507765.0,1507782.0
2026-07-02 11:19:00,1091.0,1092.0,1091.0,1092.0,142.0,1507782.0,1507783.0
2026-07-02 11:20:00,1092.0,1092.0,1091.0,1092.0,428.0,1507783.0,1507736.0
2026-07-02 11:21:00,1092.0,1092.0,1091.0,1092.0,244.0,1507736.0,1507733.0
2026-07-02 11:22:00,1092.0,1092.0,1091.0,1092.0,174.0,1507733.0,1507757.0
2026-07-02 11:23:00,1092.0,1092.0,1091.0,1092.0,108.0,1507757.0,1507744.0
2026-07-02 11:24:00,1092.0,1092.0,1091.0,1091.0,274.0,1507744.0,1507812.0
2026-07-02 11:25:00,1091.0,1091.0,1090.0,1090.0,2224.0,1507812.0,1508051.0
2026-07-02 11:26:00,1090.0,1091.0,1089.0,1090.0,2746.0,1508051.0,1508351.0
2026-07-02 11:27:00,1090.0,1090.0,1089.0,1090.0,933.0,1508351.0,1508047.0
2026-07-02 11:28:00,1090.0,1091.0,1089.0,1090.0,2495.0,1508047.0,1507787.0
2026-07-02 11:29:00,1090.0,1092.0,1090.0,1091.0,1900.0,1507787.0,1507300.0
2026-07-02 13:30:00,1092.0,1092.0,1090.0,1092.0,1852.0,1507300.0,1507387.0
2026-07-02 13:31:00,1092.0,1092.0,1091.0,1091.0,545.0,1507387.0,1507369.0
2026-07-02 13:32:00,1091.0,1092.0,1091.0,1092.0,1507.0,1507369.0,1507577.0
2026-07-02 13:33:00,1092.0,1092.0,1091.0,1091.0,338.0,1507577.0,1507545.0
2026-07-02 13:34:00,1091.0,1092.0,1091.0,1091.0,512.0,1507545.0,1507564.0
2026-07-02 13:35:00,1091.0,1092.0,1091.0,1091.0,306.0,1507564.0,1507545.0
2026-07-02 13:36:00,1091.0,1093.0,1091.0,1092.0,2451.0,1507545.0,1507985.0
2026-07-02 13:37:00,1092.0,1093.0,1092.0,1093.0,573.0,1507985.0,1508024.0
2026-07-02 13:38:00,1093.0,1093.0,1092.0,1093.0,286.0,1508024.0,1507995.0
2026-07-02 13:39:00,1093.0,1093.0,1091.0,1091.0,1325.0,1507995.0,1508245.0
2026-07-02 13:40:00,1091.0,1093.0,1091.0,1093.0,985.0,1508245.0,1508470.0
2026-07-02 13:41:00,1093.0,1093.0,1091.0,1093.0,1090.0,1508470.0,1508426.0
2026-07-02 13:42:00,1093.0,1093.0,1091.0,1092.0,615.0,1508426.0,1508334.0
2026-07-02 13:43:00,1092.0,1093.0,1092.0,1092.0,276.0,1508334.0,1508297.0
2026-07-02 13:44:00,1092.0,1093.0,1092.0,1093.0,179.0,1508297.0,1508324.0
2026-07-02 13:45:00,1093.0,1093.0,1092.0,1092.0,268.0,1508324.0,1508386.0
2026-07-02 13:46:00,1092.0,1095.0,1092.0,1094.0,9482.0,1508386.0,1510336.0
2026-07-02 13:47:00,1094.0,1101.0,1094.0,1100.0,34301.0,1510336.0,1504036.0
2026-07-02 13:48:00,1100.0,1103.0,1100.0,1100.0,18674.0,1504036.0,1501710.0
2026-07-02 13:49:00,1100.0,1103.0,1099.0,1102.0,19358.0,1501710.0,1501905.0
2026-07-02 13:50:00,1102.0,1102.0,1100.0,1101.0,8648.0,1501905.0,1500878.0
2026-07-02 13:51:00,1101.0,1103.0,1100.0,1101.0,9935.0,1500878.0,1499577.0
2026-07-02 13:52:00,1101.0,1103.0,1100.0,1101.0,9185.0,1499577.0,1497389.0
2026-07-02 13:53:00,1101.0,1105.0,1101.0,1104.0,14852.0,1497389.0,1497456.0
2026-07-02 13:54:00,1104.0,1108.0,1103.0,1106.0,22599.0,1497456.0,1495424.0
2026-07-02 13:55:00,1106.0,1108.0,1106.0,1107.0,12005.0,1495424.0,1495339.0
2026-07-02 13:56:00,1107.0,1108.0,1105.0,1105.0,9568.0,1495339.0,1494823.0
2026-07-02 13:57:00,1105.0,1106.0,1104.0,1104.0,6961.0,1494823.0,1494565.0
2026-07-02 13:58:00,1104.0,1105.0,1103.0,1104.0,7076.0,1494565.0,1493119.0
2026-07-02 13:59:00,1104.0,1106.0,1103.0,1106.0,8577.0,1493119.0,1490014.0
2026-07-02 14:00:00,1106.0,1108.0,1106.0,1106.0,11271.0,1490014.0,1488129.0
2026-07-02 14:01:00,1106.0,1108.0,1105.0,1107.0,10184.0,1488129.0,1486045.0
2026-07-02 14:02:00,1107.0,1110.0,1107.0,1107.0,16162.0,1486045.0,1483513.0
2026-07-02 14:03:00,1107.0,1108.0,1106.0,1107.0,3865.0,1483513.0,1483161.0
2026-07-02 14:04:00,1107.0,1107.0,1106.0,1107.0,2900.0,1483161.0,1483597.0
2026-07-02 14:05:00,1107.0,1107.0,1104.0,1104.0,5626.0,1483597.0,1483937.0
2026-07-02 14:06:00,1104.0,1107.0,1104.0,1106.0,6044.0,1483937.0,1482857.0
2026-07-02 14:07:00,1106.0,1108.0,1106.0,1108.0,4205.0,1482857.0,1482211.0
2026-07-02 14:08:00,1108.0,1108.0,1106.0,1107.0,4455.0,1482211.0,1481798.0
2026-07-02 14:09:00,1107.0,1107.0,1106.0,1107.0,1280.0,1481798.0,1481657.0
2026-07-02 14:10:00,1107.0,1107.0,1106.0,1106.0,2884.0,1481657.0,1480943.0
2026-07-02 14:11:00,1106.0,1107.0,1105.0,1107.0,1390.0,1480943.0,1481013.0
2026-07-02 14:12:00,1107.0,1107.0,1106.0,1106.0,1387.0,1481013.0,1480999.0
2026-07-02 14:13:00,1106.0,1107.0,1105.0,1105.0,2275.0,1480999.0,1480351.0
2026-07-02 14:14:00,1105.0,1106.0,1104.0,1106.0,5594.0,1480351.0,1480606.0
2026-07-02 14:15:00,1106.0,1106.0,1105.0,1105.0,1367.0,1480606.0,1480310.0
2026-07-02 14:16:00,1105.0,1106.0,1104.0,1105.0,4577.0,1480310.0,1479675.0
2026-07-02 14:17:00,1105.0,1105.0,1103.0,1103.0,6164.0,1479675.0,1478974.0
2026-07-02 14:18:00,1103.0,1105.0,1103.0,1104.0,3277.0,1478974.0,1478167.0
2026-07-02 14:19:00,1104.0,1105.0,1103.0,1104.0,2631.0,1478167.0,1477610.0
2026-07-02 14:20:00,1104.0,1106.0,1104.0,1106.0,3481.0,1477610.0,1477576.0
2026-07-02 14:21:00,1106.0,1107.0,1105.0,1105.0,3640.0,1477576.0,1477998.0
2026-07-02 14:22:00,1105.0,1107.0,1105.0,1106.0,2963.0,1477998.0,1477413.0
2026-07-02 14:23:00,1106.0,1107.0,1106.0,1106.0,802.0,1477413.0,1477473.0
2026-07-02 14:24:00,1106.0,1108.0,1106.0,1107.0,4295.0,1477473.0,1478454.0
2026-07-02 14:25:00,1107.0,1108.0,1107.0,1107.0,1840.0,1478454.0,1478200.0
2026-07-02 14:26:00,1107.0,1108.0,1106.0,1106.0,2924.0,1478200.0,1478094.0
2026-07-02 14:27:00,1106.0,1107.0,1106.0,1106.0,918.0,1478094.0,1477946.0
2026-07-02 14:28:00,1106.0,1107.0,1106.0,1106.0,499.0,1477946.0,1477778.0
2026-07-02 14:29:00,1106.0,1107.0,1106.0,1106.0,804.0,1477778.0,1478005.0
2026-07-02 14:30:00,1106.0,1107.0,1106.0,1106.0,1012.0,1478005.0,1477986.0
2026-07-02 14:31:00,1106.0,1107.0,1105.0,1105.0,4100.0,1477986.0,1477302.0
2026-07-02 14:32:00,1105.0,1106.0,1104.0,1104.0,2166.0,1477302.0,1476671.0
2026-07-02 14:33:00,1104.0,1105.0,1104.0,1105.0,1286.0,1476671.0,1476296.0
2026-07-02 14:34:00,1105.0,1105.0,1104.0,1104.0,4025.0,1476296.0,1475607.0
2026-07-02 14:35:00,1104.0,1106.0,1104.0,1105.0,3055.0,1475607.0,1475628.0
2026-07-02 14:36:00,1105.0,1106.0,1105.0,1105.0,1798.0,1475628.0,1476055.0
2026-07-02 14:37:00,1105.0,1106.0,1105.0,1106.0,1166.0,1476055.0,1476080.0
2026-07-02 14:38:00,1106.0,1106.0,1105.0,1105.0,893.0,1476080.0,1476150.0
2026-07-02 14:39:00,1105.0,1106.0,1105.0,1105.0,825.0,1476150.0,1475742.0
2026-07-02 14:40:00,1105.0,1106.0,1104.0,1105.0,2872.0,1475742.0,1474928.0
2026-07-02 14:41:00,1105.0,1106.0,1104.0,1105.0,1732.0,1474928.0,1474611.0
2026-07-02 14:42:00,1105.0,1106.0,1104.0,1106.0,1707.0,1474611.0,1474458.0
2026-07-02 14:43:00,1106.0,1106.0,1105.0,1105.0,932.0,1474458.0,1474516.0
2026-07-02 14:44:00,1105.0,1106.0,1105.0,1106.0,593.0,1474516.0,1474394.0
2026-07-02 14:45:00,1106.0,1106.0,1104.0,1105.0,2675.0,1474394.0,1474074.0
2026-07-02 14:46:00,1105.0,1106.0,1104.0,1105.0,4015.0,1474074.0,1472871.0
2026-07-02 14:47:00,1105.0,1106.0,1104.0,1106.0,2003.0,1472871.0,1472639.0
2026-07-02 14:48:00,1106.0,1106.0,1104.0,1104.0,1680.0,1472639.0,1472346.0
2026-07-02 14:49:00,1104.0,1106.0,1104.0,1106.0,1747.0,1472346.0,1471752.0
2026-07-02 14:50:00,1106.0,1106.0,1104.0,1104.0,2489.0,1471752.0,1471369.0
2026-07-02 14:51:00,1104.0,1105.0,1103.0,1103.0,4469.0,1471369.0,1471554.0
2026-07-02 14:52:00,1103.0,1104.0,1102.0,1103.0,4362.0,1471554.0,1471738.0
2026-07-02 14:53:00,1103.0,1103.0,1102.0,1103.0,1433.0,1471738.0,1471319.0
2026-07-02 14:54:00,1103.0,1104.0,1102.0,1104.0,3389.0,1471319.0,1470917.0
2026-07-02 14:55:00,1104.0,1104.0,1103.0,1103.0,1268.0,1470917.0,1470707.0
2026-07-02 14:56:00,1103.0,1104.0,1103.0,1104.0,1817.0,1470707.0,1470228.0
2026-07-02 14:57:00,1104.0,1104.0,1103.0,1104.0,2274.0,1470228.0,1469043.0
2026-07-02 14:58:00,1104.0,1104.0,1103.0,1104.0,4990.0,1469043.0,1468641.0
2026-07-02 14:59:00,1104.0,1104.0,1102.0,1103.0,9776.0,1468641.0,1464922.0
2026-07-02 21:00:00,1102.0,1107.0,1102.0,1103.0,20651.0,1464922.0,1463160.0
2026-07-02 21:01:00,1103.0,1104.0,1100.0,1101.0,13349.0,1463160.0,1462046.0
2026-07-02 21:02:00,1101.0,1105.0,1101.0,1104.0,8416.0,1462046.0,1464776.0
2026-07-02 21:03:00,1104.0,1104.0,1102.0,1104.0,6218.0,1464776.0,1465225.0
2026-07-02 21:04:00,1104.0,1105.0,1103.0,1104.0,2969.0,1465225.0,1465995.0
2026-07-02 21:05:00,1104.0,1105.0,1103.0,1105.0,4197.0,1465995.0,1467394.0
2026-07-02 21:06:00,1105.0,1105.0,1103.0,1104.0,5746.0,1467394.0,1465965.0
2026-07-02 21:07:00,1104.0,1104.0,1102.0,1103.0,3616.0,1465965.0,1465513.0
2026-07-02 21:08:00,1103.0,1104.0,1102.0,1103.0,3196.0,1465513.0,1465457.0
2026-07-02 21:09:00,1103.0,1103.0,1101.0,1102.0,3641.0,1465457.0,1466337.0
2026-07-02 21:10:00,1102.0,1103.0,1102.0,1103.0,1373.0,1466337.0,1466283.0
2026-07-02 21:11:00,1103.0,1103.0,1102.0,1103.0,1042.0,1466283.0,1466213.0
2026-07-02 21:12:00,1103.0,1104.0,1102.0,1104.0,4337.0,1466213.0,1466914.0
2026-07-02 21:13:00,1104.0,1104.0,1102.0,1103.0,2028.0,1466914.0,1467144.0
2026-07-02 21:14:00,1103.0,1103.0,1102.0,1103.0,511.0,1467144.0,1467067.0
2026-07-02 21:15:00,1103.0,1103.0,1102.0,1102.0,1848.0,1467067.0,1466668.0
2026-07-02 21:16:00,1102.0,1103.0,1102.0,1103.0,696.0,1466668.0,1466534.0
2026-07-02 21:17:00,1103.0,1103.0,1102.0,1102.0,294.0,1466534.0,1466485.0
2026-07-02 21:18:00,1102.0,1104.0,1102.0,1103.0,2073.0,1466485.0,1467262.0
2026-07-02 21:19:00,1103.0,1104.0,1102.0,1103.0,1632.0,1467262.0,1466925.0
2026-07-02 21:20:00,1103.0,1104.0,1103.0,1104.0,432.0,1466925.0,1466859.0
2026-07-02 21:21:00,1104.0,1104.0,1103.0,1103.0,1585.0,1466859.0,1465816.0
2026-07-02 21:22:00,1103.0,1104.0,1102.0,1103.0,4214.0,1465816.0,1466672.0
2026-07-02 21:23:00,1103.0,1104.0,1103.0,1104.0,451.0,1466672.0,1466726.0
2026-07-02 21:24:00,1104.0,1104.0,1103.0,1104.0,279.0,1466726.0,1466744.0
2026-07-02 21:25:00,1104.0,1104.0,1103.0,1103.0,1871.0,1466744.0,1466148.0
2026-07-02 21:26:00,1103.0,1104.0,1103.0,1104.0,798.0,1466148.0,1466412.0
2026-07-02 21:27:00,1104.0,1105.0,1103.0,1104.0,4636.0,1466412.0,1466315.0
2026-07-02 21:28:00,1104.0,1104.0,1103.0,1103.0,696.0,1466315.0,1466290.0
2026-07-02 21:29:00,1103.0,1104.0,1103.0,1103.0,1757.0,1466290.0,1465784.0
2026-07-02 21:30:00,1103.0,1103.0,1102.0,1103.0,1582.0,1465784.0,1465923.0
2026-07-02 21:31:00,1103.0,1104.0,1103.0,1104.0,301.0,1465923.0,1465866.0
2026-07-02 21:32:00,1104.0,1104.0,1103.0,1104.0,291.0,1465866.0,1465892.0
2026-07-02 21:33:00,1104.0,1104.0,1102.0,1103.0,2741.0,1465892.0,1465962.0
2026-07-02 21:34:00,1103.0,1104.0,1103.0,1103.0,416.0,1465962.0,1466099.0
2026-07-02 21:35:00,1103.0,1104.0,1103.0,1104.0,267.0,1466099.0,1466131.0
2026-07-02 21:36:00,1104.0,1104.0,1103.0,1104.0,652.0,1466131.0,1465971.0
2026-07-02 21:37:00,1104.0,1104.0,1103.0,1104.0,225.0,1465971.0,1466017.0
2026-07-02 21:38:00,1104.0,1104.0,1103.0,1104.0,4297.0,1466017.0,1466678.0
2026-07-02 21:39:00,1104.0,1104.0,1103.0,1103.0,227.0,1466678.0,1466654.0
2026-07-02 21:40:00,1103.0,1104.0,1103.0,1103.0,180.0,1466654.0,1466691.0
2026-07-02 21:41:00,1103.0,1104.0,1102.0,1103.0,3307.0,1466691.0,1466751.0
2026-07-02 21:42:00,1103.0,1104.0,1103.0,1103.0,251.0,1466751.0,1466865.0
2026-07-02 21:43:00,1103.0,1104.0,1103.0,1103.0,454.0,1466865.0,1467060.0
2026-07-02 21:44:00,1103.0,1104.0,1103.0,1103.0,535.0,1467060.0,1467071.0
2026-07-02 21:45:00,1103.0,1104.0,1103.0,1104.0,593.0,1467071.0,1467110.0
2026-07-02 21:46:00,1104.0,1104.0,1103.0,1104.0,2485.0,1467110.0,1467483.0
2026-07-02 21:47:00,1104.0,1104.0,1103.0,1103.0,233.0,1467483.0,1467509.0
2026-07-02 21:48:00,1103.0,1104.0,1103.0,1103.0,353.0,1467509.0,1467415.0
2026-07-02 21:49:00,1103.0,1104.0,1103.0,1104.0,667.0,1467415.0,1467147.0
2026-07-02 21:50:00,1104.0,1104.0,1103.0,1103.0,585.0,1467147.0,1467281.0
2026-07-02 21:51:00,1103.0,1105.0,1103.0,1105.0,2013.0,1467281.0,1467703.0
2026-07-02 21:52:00,1105.0,1105.0,1104.0,1104.0,542.0,1467703.0,1467766.0
2026-07-02 21:53:00,1104.0,1105.0,1104.0,1105.0,769.0,1467766.0,1467776.0
2026-07-02 21:54:00,1105.0,1105.0,1103.0,1104.0,2992.0,1467776.0,1468566.0
2026-07-02 21:55:00,1104.0,1104.0,1103.0,1103.0,789.0,1468566.0,1468235.0
2026-07-02 21:56:00,1103.0,1104.0,1102.0,1103.0,3135.0,1468235.0,1467370.0
2026-07-02 21:57:00,1103.0,1104.0,1102.0,1103.0,994.0,1467370.0,1467359.0
2026-07-02 21:58:00,1103.0,1104.0,1103.0,1104.0,344.0,1467359.0,1467450.0
2026-07-02 21:59:00,1104.0,1104.0,1103.0,1104.0,487.0,1467450.0,1467756.0
2026-07-02 22:00:00,1104.0,1104.0,1103.0,1104.0,296.0,1467756.0,1467757.0
2026-07-02 22:01:00,1104.0,1104.0,1103.0,1104.0,232.0,1467757.0,1467803.0
2026-07-02 22:02:00,1104.0,1104.0,1103.0,1103.0,2608.0,1467803.0,1467610.0
2026-07-02 22:03:00,1103.0,1104.0,1103.0,1103.0,1160.0,1467610.0,1467491.0
2026-07-02 22:04:00,1103.0,1104.0,1102.0,1103.0,1429.0,1467491.0,1467321.0
2026-07-02 22:05:00,1103.0,1104.0,1102.0,1103.0,1323.0,1467321.0,1467467.0
2026-07-02 22:06:00,1103.0,1104.0,1102.0,1102.0,910.0,1467467.0,1467257.0
2026-07-02 22:07:00,1102.0,1104.0,1102.0,1104.0,915.0,1467257.0,1467048.0
2026-07-02 22:08:00,1104.0,1104.0,1103.0,1104.0,233.0,1467048.0,1467013.0
2026-07-02 22:09:00,1104.0,1104.0,1103.0,1103.0,329.0,1467013.0,1466884.0
2026-07-02 22:10:00,1103.0,1104.0,1102.0,1103.0,1037.0,1466884.0,1466739.0
2026-07-02 22:11:00,1103.0,1103.0,1102.0,1102.0,266.0,1466739.0,1466811.0
2026-07-02 22:12:00,1102.0,1103.0,1102.0,1103.0,290.0,1466811.0,1466731.0
2026-07-02 22:13:00,1103.0,1103.0,1102.0,1102.0,164.0,1466731.0,1466779.0
2026-07-02 22:14:00,1102.0,1103.0,1102.0,1102.0,104.0,1466779.0,1466789.0
2026-07-02 22:15:00,1102.0,1103.0,1102.0,1103.0,176.0,1466789.0,1466803.0
2026-07-02 22:16:00,1103.0,1104.0,1102.0,1103.0,1696.0,1466803.0,1466899.0
2026-07-02 22:17:00,1103.0,1104.0,1103.0,1103.0,186.0,1466899.0,1466844.0
2026-07-02 22:18:00,1103.0,1104.0,1103.0,1104.0,342.0,1466844.0,1466878.0
2026-07-02 22:19:00,1104.0,1104.0,1102.0,1103.0,1710.0,1466878.0,1466533.0
2026-07-02 22:20:00,1103.0,1104.0,1103.0,1104.0,217.0,1466533.0,1466614.0
2026-07-02 22:21:00,1104.0,1104.0,1103.0,1103.0,251.0,1466614.0,1466712.0
2026-07-02 22:22:00,1103.0,1104.0,1102.0,1103.0,2018.0,1466712.0,1467401.0
2026-07-02 22:23:00,1103.0,1104.0,1102.0,1103.0,950.0,1467401.0,1467694.0
2026-07-02 22:24:00,1103.0,1104.0,1103.0,1103.0,268.0,1467694.0,1467789.0
2026-07-02 22:25:00,1103.0,1104.0,1103.0,1104.0,230.0,1467789.0,1467692.0
2026-07-02 22:26:00,1104.0,1104.0,1102.0,1103.0,2125.0,1467692.0,1468186.0
2026-07-02 22:27:00,1103.0,1104.0,1103.0,1104.0,264.0,1468186.0,1468207.0
2026-07-02 22:28:00,1104.0,1104.0,1103.0,1104.0,121.0,1468207.0,1468221.0
2026-07-02 22:29:00,1104.0,1104.0,1103.0,1103.0,305.0,1468221.0,1468225.0
2026-07-02 22:30:00,1103.0,1104.0,1103.0,1103.0,160.0,1468225.0,1468211.0
2026-07-02 22:31:00,1103.0,1104.0,1103.0,1103.0,110.0,1468211.0,1468221.0
2026-07-02 22:32:00,1103.0,1104.0,1103.0,1103.0,70.0,1468221.0,1468237.0
2026-07-02 22:33:00,1103.0,1104.0,1103.0,1103.0,145.0,1468237.0,1468227.0
2026-07-02 22:34:00,1103.0,1104.0,1103.0,1104.0,297.0,1468227.0,1468223.0
2026-07-02 22:35:00,1104.0,1105.0,1103.0,1105.0,2664.0,1468223.0,1468399.0
2026-07-02 22:36:00,1105.0,1105.0,1103.0,1105.0,1617.0,1468399.0,1468550.0
2026-07-02 22:37:00,1105.0,1105.0,1103.0,1103.0,862.0,1468550.0,1468429.0
2026-07-02 22:38:00,1103.0,1104.0,1103.0,1104.0,2298.0,1468429.0,1468348.0
2026-07-02 22:39:00,1104.0,1104.0,1103.0,1104.0,145.0,1468348.0,1468261.0
2026-07-02 22:40:00,1104.0,1104.0,1103.0,1103.0,153.0,1468261.0,1468167.0
2026-07-02 22:41:00,1103.0,1104.0,1102.0,1103.0,3732.0,1468167.0,1467893.0
2026-07-02 22:42:00,1103.0,1103.0,1102.0,1103.0,740.0,1467893.0,1468033.0
2026-07-02 22:43:00,1103.0,1103.0,1102.0,1102.0,317.0,1468033.0,1467896.0
2026-07-02 22:44:00,1102.0,1104.0,1102.0,1104.0,1710.0,1467896.0,1467924.0
2026-07-02 22:45:00,1104.0,1104.0,1103.0,1103.0,151.0,1467924.0,1467919.0
2026-07-02 22:46:00,1103.0,1104.0,1103.0,1104.0,163.0,1467919.0,1467861.0
2026-07-02 22:47:00,1104.0,1104.0,1103.0,1103.0,440.0,1467861.0,1467678.0
2026-07-02 22:48:00,1103.0,1104.0,1103.0,1103.0,152.0,1467678.0,1467655.0
2026-07-02 22:49:00,1103.0,1104.0,1103.0,1103.0,294.0,1467655.0,1467493.0
2026-07-02 22:50:00,1103.0,1104.0,1103.0,1104.0,224.0,1467493.0,1467334.0
2026-07-02 22:51:00,1104.0,1104.0,1103.0,1104.0,267.0,1467334.0,1467362.0
2026-07-02 22:52:00,1104.0,1104.0,1103.0,1104.0,145.0,1467362.0,1467352.0
2026-07-02 22:53:00,1104.0,1104.0,1103.0,1104.0,219.0,1467352.0,1467298.0
2026-07-02 22:54:00,1104.0,1104.0,1103.0,1104.0,324.0,1467298.0,1467250.0
2026-07-02 22:55:00,1104.0,1104.0,1103.0,1104.0,518.0,1467250.0,1466922.0
2026-07-02 22:56:00,1104.0,1104.0,1103.0,1104.0,822.0,1466922.0,1466578.0
2026-07-02 22:57:00,1104.0,1104.0,1103.0,1104.0,674.0,1466578.0,1466525.0
2026-07-02 22:58:00,1104.0,1104.0,1103.0,1103.0,1394.0,1466525.0,1465683.0
2026-07-02 22:59:00,1103.0,1104.0,1103.0,1103.0,4991.0,1465683.0,1464286.0
2026-07-03 09:00:00,1103.0,1104.0,1100.0,1101.0,9324.0,1464286.0,1462436.0
2026-07-03 09:01:00,1101.0,1101.0,1098.0,1099.0,16170.0,1462436.0,1463128.0
2026-07-03 09:02:00,1099.0,1101.0,1099.0,1101.0,3297.0,1463128.0,1463773.0
2026-07-03 09:03:00,1101.0,1103.0,1100.0,1101.0,3617.0,1463773.0,1463950.0
2026-07-03 09:04:00,1101.0,1103.0,1101.0,1103.0,1380.0,1463950.0,1464032.0
2026-07-03 09:05:00,1103.0,1104.0,1102.0,1103.0,4712.0,1464032.0,1463365.0
2026-07-03 09:06:00,1103.0,1103.0,1101.0,1101.0,1622.0,1463365.0,1464000.0
2026-07-03 09:07:00,1101.0,1102.0,1100.0,1102.0,2199.0,1464000.0,1464213.0
2026-07-03 09:08:00,1102.0,1102.0,1100.0,1100.0,901.0,1464213.0,1464420.0
2026-07-03 09:09:00,1100.0,1101.0,1100.0,1100.0,423.0,1464420.0,1464397.0
2026-07-03 09:10:00,1100.0,1101.0,1099.0,1100.0,3656.0,1464397.0,1465549.0
2026-07-03 09:11:00,1100.0,1100.0,1099.0,1099.0,953.0,1465549.0,1465511.0
2026-07-03 09:12:00,1099.0,1100.0,1099.0,1100.0,956.0,1465511.0,1465532.0
2026-07-03 09:13:00,1100.0,1100.0,1099.0,1100.0,479.0,1465532.0,1465682.0
2026-07-03 09:14:00,1100.0,1100.0,1099.0,1100.0,564.0,1465682.0,1465513.0
2026-07-03 09:15:00,1100.0,1100.0,1099.0,1100.0,637.0,1465513.0,1465350.0
2026-07-03 09:16:00,1100.0,1102.0,1099.0,1102.0,2614.0,1465350.0,1464796.0
2026-07-03 09:17:00,1102.0,1102.0,1101.0,1102.0,316.0,1464796.0,1464904.0
2026-07-03 09:18:00,1102.0,1102.0,1101.0,1101.0,1536.0,1464904.0,1464856.0
2026-07-03 09:19:00,1101.0,1102.0,1101.0,1102.0,382.0,1464856.0,1464872.0
2026-07-03 09:20:00,1102.0,1103.0,1101.0,1102.0,2595.0,1464872.0,1465763.0
2026-07-03 09:21:00,1102.0,1104.0,1102.0,1103.0,2897.0,1465763.0,1466871.0
2026-07-03 09:22:00,1103.0,1107.0,1103.0,1105.0,10751.0,1466871.0,1465155.0
2026-07-03 09:23:00,1105.0,1106.0,1104.0,1105.0,1870.0,1465155.0,1465676.0
2026-07-03 09:24:00,1105.0,1105.0,1104.0,1105.0,1885.0,1465676.0,1465716.0
2026-07-03 09:25:00,1105.0,1105.0,1104.0,1104.0,542.0,1465716.0,1465738.0
2026-07-03 09:26:00,1104.0,1105.0,1103.0,1104.0,2024.0,1465738.0,1465309.0
2026-07-03 09:27:00,1104.0,1105.0,1103.0,1103.0,1248.0,1465309.0,1465494.0
2026-07-03 09:28:00,1103.0,1105.0,1103.0,1103.0,916.0,1465494.0,1465403.0
2026-07-03 09:29:00,1103.0,1104.0,1103.0,1103.0,232.0,1465403.0,1465451.0
2026-07-03 09:30:00,1103.0,1104.0,1103.0,1104.0,261.0,1465451.0,1465493.0
2026-07-03 09:31:00,1104.0,1104.0,1102.0,1103.0,3047.0,1465493.0,1465768.0
2026-07-03 09:32:00,1103.0,1104.0,1102.0,1103.0,663.0,1465768.0,1465896.0
2026-07-03 09:33:00,1103.0,1104.0,1102.0,1103.0,941.0,1465896.0,1465740.0
2026-07-03 09:34:00,1103.0,1104.0,1102.0,1102.0,601.0,1465740.0,1465610.0
2026-07-03 09:35:00,1102.0,1104.0,1102.0,1103.0,593.0,1465610.0,1465456.0
2026-07-03 09:36:00,1103.0,1104.0,1102.0,1104.0,872.0,1465456.0,1465352.0
2026-07-03 09:37:00,1104.0,1104.0,1103.0,1103.0,624.0,1465352.0,1465584.0
2026-07-03 09:38:00,1103.0,1105.0,1103.0,1105.0,2301.0,1465584.0,1466493.0
2026-07-03 09:39:00,1105.0,1105.0,1104.0,1105.0,554.0,1466493.0,1466481.0
2026-07-03 09:40:00,1105.0,1105.0,1103.0,1104.0,2301.0,1466481.0,1465897.0
2026-07-03 09:41:00,1104.0,1105.0,1103.0,1103.0,625.0,1465897.0,1465790.0
2026-07-03 09:42:00,1103.0,1104.0,1103.0,1103.0,149.0,1465790.0,1465712.0
2026-07-03 09:43:00,1103.0,1104.0,1103.0,1104.0,412.0,1465712.0,1465730.0
2026-07-03 09:44:00,1104.0,1104.0,1103.0,1103.0,319.0,1465730.0,1465519.0
2026-07-03 09:45:00,1103.0,1104.0,1103.0,1104.0,213.0,1465519.0,1465560.0
2026-07-03 09:46:00,1104.0,1104.0,1103.0,1104.0,365.0,1465560.0,1465592.0
2026-07-03 09:47:00,1104.0,1104.0,1103.0,1104.0,164.0,1465592.0,1465577.0
2026-07-03 09:48:00,1104.0,1104.0,1103.0,1104.0,167.0,1465577.0,1465520.0
2026-07-03 09:49:00,1104.0,1104.0,1103.0,1104.0,399.0,1465520.0,1465506.0
2026-07-03 09:50:00,1104.0,1104.0,1103.0,1104.0,294.0,1465506.0,1465487.0
2026-07-03 09:51:00,1104.0,1104.0,1103.0,1104.0,375.0,1465487.0,1465779.0
2026-07-03 09:52:00,1104.0,1104.0,1103.0,1104.0,228.0,1465779.0,1465829.0
2026-07-03 09:53:00,1104.0,1104.0,1103.0,1104.0,156.0,1465829.0,1465889.0
2026-07-03 09:54:00,1104.0,1104.0,1103.0,1104.0,120.0,1465889.0,1465900.0
2026-07-03 09:55:00,1104.0,1105.0,1104.0,1105.0,2748.0,1465900.0,1465942.0
2026-07-03 09:56:00,1105.0,1105.0,1104.0,1105.0,220.0,1465942.0,1465923.0
2026-07-03 09:57:00,1105.0,1105.0,1104.0,1104.0,2353.0,1465923.0,1464866.0
2026-07-03 09:58:00,1104.0,1105.0,1104.0,1105.0,434.0,1464866.0,1464733.0
2026-07-03 09:59:00,1105.0,1105.0,1104.0,1104.0,852.0,1464733.0,1465006.0
2026-07-03 10:00:00,1104.0,1105.0,1104.0,1105.0,402.0,1465006.0,1465123.0
2026-07-03 10:01:00,1105.0,1105.0,1104.0,1104.0,295.0,1465123.0,1465081.0
2026-07-03 10:02:00,1104.0,1106.0,1104.0,1106.0,3320.0,1465081.0,1465709.0
2026-07-03 10:03:00,1106.0,1107.0,1105.0,1105.0,3649.0,1465709.0,1464486.0
2026-07-03 10:04:00,1105.0,1106.0,1105.0,1106.0,541.0,1464486.0,1464512.0
2026-07-03 10:05:00,1106.0,1106.0,1104.0,1105.0,3382.0,1464512.0,1463793.0
2026-07-03 10:06:00,1105.0,1106.0,1104.0,1105.0,1299.0,1463793.0,1463613.0
2026-07-03 10:07:00,1105.0,1106.0,1104.0,1106.0,1079.0,1463613.0,1463398.0
2026-07-03 10:08:00,1106.0,1106.0,1104.0,1104.0,864.0,1463398.0,1463396.0
2026-07-03 10:09:00,1104.0,1106.0,1104.0,1105.0,1349.0,1463396.0,1463149.0
2026-07-03 10:10:00,1105.0,1106.0,1104.0,1105.0,1187.0,1463149.0,1463005.0
2026-07-03 10:11:00,1105.0,1105.0,1104.0,1105.0,564.0,1463005.0,1462896.0
2026-07-03 10:12:00,1105.0,1105.0,1104.0,1104.0,157.0,1462896.0,1462815.0
2026-07-03 10:13:00,1104.0,1105.0,1104.0,1104.0,1280.0,1462815.0,1462569.0
2026-07-03 10:14:00,1104.0,1106.0,1104.0,1105.0,2110.0,1462569.0,1462606.0
2026-07-03 10:30:00,1105.0,1110.0,1105.0,1109.0,18713.0,1462606.0,1457611.0
2026-07-03 10:31:00,1109.0,1109.0,1107.0,1108.0,4610.0,1457611.0,1457988.0
2026-07-03 10:32:00,1108.0,1109.0,1107.0,1107.0,2691.0,1457988.0,1458099.0
2026-07-03 10:33:00,1107.0,1108.0,1107.0,1108.0,4143.0,1458099.0,1458846.0
2026-07-03 10:34:00,1108.0,1109.0,1107.0,1108.0,1482.0,1458846.0,1459096.0
2026-07-03 10:35:00,1108.0,1108.0,1107.0,1107.0,2806.0,1459096.0,1459405.0
2026-07-03 10:36:00,1107.0,1108.0,1107.0,1107.0,2593.0,1459405.0,1458451.0
2026-07-03 10:37:00,1107.0,1108.0,1107.0,1108.0,644.0,1458451.0,1458648.0
2026-07-03 10:38:00,1108.0,1109.0,1107.0,1108.0,3964.0,1458648.0,1459931.0
2026-07-03 10:39:00,1108.0,1109.0,1107.0,1108.0,2202.0,1459931.0,1459694.0
2026-07-03 10:40:00,1108.0,1111.0,1108.0,1110.0,13235.0,1459694.0,1461178.0
2026-07-03 10:41:00,1110.0,1111.0,1110.0,1111.0,2636.0,1461178.0,1461155.0
2026-07-03 10:42:00,1111.0,1112.0,1110.0,1112.0,5448.0,1461155.0,1460903.0
2026-07-03 10:43:00,1112.0,1113.0,1111.0,1112.0,11231.0,1460903.0,1459604.0
2026-07-03 10:44:00,1112.0,1112.0,1111.0,1112.0,4898.0,1459604.0,1458554.0
2026-07-03 10:45:00,1112.0,1113.0,1111.0,1111.0,3754.0,1458554.0,1457542.0
2026-07-03 10:46:00,1111.0,1112.0,1110.0,1110.0,3301.0,1457542.0,1457882.0
2026-07-03 10:47:00,1110.0,1111.0,1110.0,1111.0,4442.0,1457882.0,1456628.0
2026-07-03 10:48:00,1111.0,1111.0,1109.0,1110.0,4318.0,1456628.0,1455358.0
2026-07-03 10:49:00,1110.0,1111.0,1109.0,1110.0,1103.0,1455358.0,1455565.0
2026-07-03 10:50:00,1110.0,1111.0,1109.0,1109.0,2774.0,1455565.0,1454807.0
2026-07-03 10:51:00,1109.0,1110.0,1109.0,1110.0,2452.0,1454807.0,1454603.0
2026-07-03 10:52:00,1110.0,1110.0,1109.0,1110.0,2206.0,1454603.0,1454845.0
2026-07-03 10:53:00,1110.0,1110.0,1109.0,1109.0,510.0,1454845.0,1454787.0
2026-07-03 10:54:00,1109.0,1110.0,1108.0,1108.0,5593.0,1454787.0,1452747.0
2026-07-03 10:55:00,1108.0,1109.0,1106.0,1106.0,9770.0,1452747.0,1449633.0
2026-07-03 10:56:00,1106.0,1107.0,1105.0,1107.0,3035.0,1449633.0,1449621.0
2026-07-03 10:57:00,1107.0,1107.0,1105.0,1106.0,3690.0,1449621.0,1449531.0
2026-07-03 10:58:00,1106.0,1107.0,1106.0,1107.0,561.0,1449531.0,1449281.0
2026-07-03 10:59:00,1107.0,1107.0,1106.0,1107.0,762.0,1449281.0,1449261.0
2026-07-03 11:00:00,1107.0,1108.0,1106.0,1107.0,4163.0,1449261.0,1449398.0
2026-07-03 11:01:00,1107.0,1108.0,1106.0,1107.0,1351.0,1449398.0,1448985.0
2026-07-03 11:02:00,1107.0,1108.0,1106.0,1107.0,2827.0,1448985.0,1448891.0
2026-07-03 11:03:00,1107.0,1107.0,1106.0,1107.0,1483.0,1448891.0,1447879.0
2026-07-03 11:04:00,1107.0,1107.0,1106.0,1107.0,476.0,1447879.0,1447832.0
2026-07-03 11:05:00,1107.0,1107.0,1106.0,1107.0,1552.0,1447832.0,1448644.0
2026-07-03 11:06:00,1107.0,1108.0,1106.0,1108.0,1181.0,1448644.0,1448176.0
2026-07-03 11:07:00,1108.0,1108.0,1107.0,1107.0,1117.0,1448176.0,1448028.0
2026-07-03 11:08:00,1107.0,1107.0,1106.0,1107.0,200.0,1448028.0,1447997.0
2026-07-03 11:09:00,1107.0,1107.0,1106.0,1106.0,443.0,1447997.0,1448039.0
2026-07-03 11:10:00,1106.0,1107.0,1106.0,1107.0,238.0,1448039.0,1448035.0
2026-07-03 11:11:00,1107.0,1107.0,1105.0,1106.0,4119.0,1448035.0,1449146.0
2026-07-03 11:12:00,1106.0,1107.0,1106.0,1106.0,130.0,1449146.0,1449137.0
2026-07-03 11:13:00,1106.0,1108.0,1106.0,1107.0,1068.0,1449137.0,1449348.0
2026-07-03 11:14:00,1107.0,1108.0,1107.0,1108.0,364.0,1449348.0,1449317.0
2026-07-03 11:15:00,1108.0,1108.0,1107.0,1108.0,334.0,1449317.0,1449173.0
2026-07-03 11:16:00,1108.0,1108.0,1107.0,1108.0,315.0,1449173.0,1449124.0
2026-07-03 11:17:00,1108.0,1108.0,1107.0,1108.0,221.0,1449124.0,1449115.0
2026-07-03 11:18:00,1108.0,1108.0,1107.0,1108.0,319.0,1449115.0,1449122.0
2026-07-03 11:19:00,1108.0,1108.0,1107.0,1107.0,246.0,1449122.0,1449063.0
2026-07-03 11:20:00,1107.0,1109.0,1107.0,1109.0,2325.0,1449063.0,1448506.0
2026-07-03 11:21:00,1109.0,1109.0,1107.0,1108.0,905.0,1448506.0,1448628.0
2026-07-03 11:22:00,1108.0,1108.0,1107.0,1108.0,952.0,1448628.0,1448655.0
2026-07-03 11:23:00,1108.0,1109.0,1107.0,1108.0,799.0,1448655.0,1448320.0
2026-07-03 11:24:00,1108.0,1109.0,1107.0,1108.0,1229.0,1448320.0,1448011.0
2026-07-03 11:25:00,1108.0,1109.0,1107.0,1108.0,568.0,1448011.0,1447841.0
2026-07-03 11:26:00,1108.0,1108.0,1107.0,1108.0,263.0,1447841.0,1447790.0
2026-07-03 11:27:00,1108.0,1109.0,1107.0,1109.0,767.0,1447790.0,1447751.0
2026-07-03 11:28:00,1109.0,1109.0,1107.0,1107.0,1510.0,1447751.0,1447278.0
2026-07-03 11:29:00,1107.0,1109.0,1107.0,1108.0,1441.0,1447278.0,1447046.0
2026-07-03 13:30:00,1108.0,1109.0,1107.0,1109.0,1642.0,1447046.0,1446295.0
2026-07-03 13:31:00,1109.0,1109.0,1108.0,1109.0,814.0,1446295.0,1446136.0
2026-07-03 13:32:00,1109.0,1109.0,1108.0,1109.0,764.0,1446136.0,1446022.0
2026-07-03 13:33:00,1109.0,1109.0,1108.0,1109.0,1938.0,1446022.0,1445932.0
2026-07-03 13:34:00,1109.0,1109.0,1108.0,1109.0,342.0,1445932.0,1445933.0
2026-07-03 13:35:00,1109.0,1110.0,1108.0,1109.0,1294.0,1445933.0,1446069.0
2026-07-03 13:36:00,1109.0,1110.0,1108.0,1109.0,1644.0,1446069.0,1445984.0
2026-07-03 13:37:00,1109.0,1109.0,1107.0,1108.0,2287.0,1445984.0,1445513.0
2026-07-03 13:38:00,1108.0,1109.0,1107.0,1107.0,540.0,1445513.0,1445283.0
2026-07-03 13:39:00,1107.0,1108.0,1107.0,1108.0,630.0,1445283.0,1444955.0
2026-07-03 13:40:00,1108.0,1109.0,1107.0,1108.0,1367.0,1444955.0,1445081.0
2026-07-03 13:41:00,1108.0,1109.0,1108.0,1109.0,428.0,1445081.0,1445106.0
2026-07-03 13:42:00,1109.0,1109.0,1108.0,1108.0,538.0,1445106.0,1445131.0
2026-07-03 13:43:00,1108.0,1109.0,1108.0,1109.0,3353.0,1445131.0,1443660.0
2026-07-03 13:44:00,1109.0,1110.0,1109.0,1110.0,623.0,1443660.0,1443586.0
2026-07-03 13:45:00,1110.0,1110.0,1108.0,1108.0,1659.0,1443586.0,1443533.0
2026-07-03 13:46:00,1108.0,1109.0,1107.0,1107.0,2258.0,1443533.0,1443607.0
2026-07-03 13:47:00,1107.0,1108.0,1107.0,1108.0,556.0,1443607.0,1443561.0
2026-07-03 13:48:00,1108.0,1108.0,1107.0,1108.0,773.0,1443561.0,1443150.0
2026-07-03 13:49:00,1108.0,1108.0,1106.0,1107.0,2196.0,1443150.0,1442789.0
2026-07-03 13:50:00,1107.0,1107.0,1106.0,1106.0,2715.0,1442789.0,1443136.0
2026-07-03 13:51:00,1106.0,1107.0,1106.0,1107.0,463.0,1443136.0,1443054.0
2026-07-03 13:52:00,1107.0,1107.0,1106.0,1106.0,354.0,1443054.0,1443116.0
2026-07-03 13:53:00,1106.0,1107.0,1106.0,1107.0,230.0,1443116.0,1443069.0
2026-07-03 13:54:00,1107.0,1108.0,1106.0,1107.0,1859.0,1443069.0,1443597.0
2026-07-03 13:55:00,1107.0,1108.0,1107.0,1107.0,701.0,1443597.0,1443664.0
2026-07-03 13:56:00,1107.0,1108.0,1106.0,1107.0,1086.0,1443664.0,1443471.0
2026-07-03 13:57:00,1107.0,1107.0,1106.0,1107.0,584.0,1443471.0,1443530.0
2026-07-03 13:58:00,1107.0,1107.0,1106.0,1107.0,209.0,1443530.0,1443446.0
2026-07-03 13:59:00,1107.0,1107.0,1106.0,1106.0,167.0,1443446.0,1443476.0
2026-07-03 14:00:00,1106.0,1107.0,1106.0,1106.0,319.0,1443476.0,1443406.0
2026-07-03 14:01:00,1106.0,1107.0,1106.0,1107.0,262.0,1443406.0,1443433.0
2026-07-03 14:02:00,1107.0,1107.0,1106.0,1107.0,294.0,1443433.0,1443439.0
2026-07-03 14:03:00,1107.0,1107.0,1106.0,1107.0,765.0,1443439.0,1443072.0
2026-07-03 14:04:00,1107.0,1107.0,1105.0,1106.0,2793.0,1443072.0,1442696.0
2026-07-03 14:05:00,1106.0,1106.0,1105.0,1106.0,872.0,1442696.0,1442691.0
2026-07-03 14:06:00,1106.0,1106.0,1105.0,1105.0,449.0,1442691.0,1442545.0
2026-07-03 14:07:00,1105.0,1106.0,1105.0,1105.0,309.0,1442545.0,1442632.0
2026-07-03 14:08:00,1105.0,1106.0,1103.0,1103.0,6479.0,1442632.0,1442357.0
2026-07-03 14:09:00,1103.0,1104.0,1103.0,1103.0,2647.0,1442357.0,1442200.0
2026-07-03 14:10:00,1103.0,1104.0,1103.0,1104.0,1881.0,1442200.0,1442206.0
2026-07-03 14:11:00,1104.0,1104.0,1103.0,1104.0,682.0,1442206.0,1442200.0
2026-07-03 14:12:00,1104.0,1104.0,1103.0,1104.0,741.0,1442200.0,1442183.0
2026-07-03 14:13:00,1104.0,1105.0,1103.0,1104.0,2317.0,1442183.0,1441762.0
2026-07-03 14:14:00,1104.0,1104.0,1103.0,1103.0,777.0,1441762.0,1441745.0
2026-07-03 14:15:00,1103.0,1105.0,1103.0,1105.0,1906.0,1441745.0,1441437.0
2026-07-03 14:16:00,1105.0,1105.0,1104.0,1104.0,1216.0,1441437.0,1441460.0
2026-07-03 14:17:00,1104.0,1105.0,1103.0,1103.0,858.0,1441460.0,1441381.0
2026-07-03 14:18:00,1103.0,1104.0,1103.0,1104.0,339.0,1441381.0,1441407.0
2026-07-03 14:19:00,1104.0,1104.0,1103.0,1104.0,354.0,1441407.0,1441291.0
2026-07-03 14:20:00,1104.0,1104.0,1103.0,1104.0,364.0,1441291.0,1441247.0
2026-07-03 14:21:00,1104.0,1104.0,1103.0,1104.0,257.0,1441247.0,1441210.0
2026-07-03 14:22:00,1104.0,1104.0,1103.0,1103.0,247.0,1441210.0,1441219.0
2026-07-03 14:23:00,1103.0,1103.0,1102.0,1103.0,5066.0,1441219.0,1442370.0
2026-07-03 14:24:00,1103.0,1103.0,1102.0,1103.0,1829.0,1442370.0,1442766.0
2026-07-03 14:25:00,1103.0,1103.0,1101.0,1101.0,4511.0,1442766.0,1443061.0
2026-07-03 14:26:00,1101.0,1102.0,1101.0,1101.0,1275.0,1443061.0,1443003.0
2026-07-03 14:27:00,1101.0,1102.0,1101.0,1102.0,959.0,1443003.0,1443212.0
2026-07-03 14:28:00,1102.0,1102.0,1101.0,1101.0,774.0,1443212.0,1443278.0
2026-07-03 14:29:00,1101.0,1103.0,1101.0,1102.0,3222.0,1443278.0,1442290.0
2026-07-03 14:30:00,1102.0,1103.0,1101.0,1103.0,1796.0,1442290.0,1442461.0
2026-07-03 14:31:00,1103.0,1103.0,1102.0,1103.0,636.0,1442461.0,1442357.0
2026-07-03 14:32:00,1103.0,1103.0,1102.0,1102.0,246.0,1442357.0,1442342.0
2026-07-03 14:33:00,1102.0,1103.0,1102.0,1103.0,250.0,1442342.0,1442420.0
2026-07-03 14:34:00,1103.0,1104.0,1102.0,1104.0,3561.0,1442420.0,1441589.0
2026-07-03 14:35:00,1104.0,1104.0,1102.0,1103.0,1884.0,1441589.0,1441428.0
2026-07-03 14:36:00,1103.0,1104.0,1102.0,1103.0,973.0,1441428.0,1441504.0
2026-07-03 14:37:00,1103.0,1104.0,1102.0,1103.0,1107.0,1441504.0,1441377.0
2026-07-03 14:38:00,1103.0,1104.0,1102.0,1102.0,508.0,1441377.0,1441136.0
2026-07-03 14:39:00,1102.0,1103.0,1102.0,1102.0,187.0,1441136.0,1441020.0
2026-07-03 14:40:00,1102.0,1103.0,1102.0,1103.0,196.0,1441020.0,1440947.0
2026-07-03 14:41:00,1103.0,1103.0,1102.0,1103.0,610.0,1440947.0,1440857.0
2026-07-03 14:42:00,1103.0,1103.0,1102.0,1103.0,386.0,1440857.0,1441036.0
2026-07-03 14:43:00,1103.0,1103.0,1102.0,1102.0,369.0,1441036.0,1441068.0
2026-07-03 14:44:00,1102.0,1103.0,1102.0,1102.0,442.0,1441068.0,1440980.0
2026-07-03 14:45:00,1102.0,1103.0,1101.0,1102.0,3996.0,1440980.0,1441683.0
2026-07-03 14:46:00,1102.0,1103.0,1102.0,1103.0,661.0,1441683.0,1441444.0
2026-07-03 14:47:00,1103.0,1103.0,1102.0,1103.0,649.0,1441444.0,1441580.0
2026-07-03 14:48:00,1103.0,1103.0,1102.0,1102.0,549.0,1441580.0,1441653.0
2026-07-03 14:49:00,1102.0,1104.0,1102.0,1104.0,2578.0,1441653.0,1440779.0
2026-07-03 14:50:00,1104.0,1104.0,1103.0,1104.0,690.0,1440779.0,1440675.0
2026-07-03 14:51:00,1104.0,1104.0,1103.0,1103.0,447.0,1440675.0,1440645.0
2026-07-03 14:52:00,1103.0,1104.0,1103.0,1104.0,762.0,1440645.0,1440144.0
2026-07-03 14:53:00,1104.0,1104.0,1103.0,1104.0,943.0,1440144.0,1439666.0
2026-07-03 14:54:00,1104.0,1105.0,1103.0,1104.0,4038.0,1439666.0,1439184.0
2026-07-03 14:55:00,1104.0,1105.0,1103.0,1103.0,3033.0,1439184.0,1438972.0
2026-07-03 14:56:00,1103.0,1105.0,1103.0,1104.0,1742.0,1438972.0,1438262.0
2026-07-03 14:57:00,1104.0,1105.0,1103.0,1104.0,2596.0,1438262.0,1437966.0
2026-07-03 14:58:00,1104.0,1104.0,1103.0,1104.0,1522.0,1437966.0,1437531.0
2026-07-03 14:59:00,1104.0,1104.0,1103.0,1103.0,4981.0,1437531.0,1435559.0
2026-07-03 21:00:00,1105.0,1109.0,1104.0,1108.0,19203.0,1435559.0,1432570.0
2026-07-03 21:01:00,1108.0,1109.0,1106.0,1107.0,8636.0,1432570.0,1432331.0
2026-07-03 21:02:00,1107.0,1108.0,1106.0,1107.0,5610.0,1432331.0,1432768.0
2026-07-03 21:03:00,1107.0,1108.0,1107.0,1108.0,3514.0,1432768.0,1432720.0
2026-07-03 21:04:00,1108.0,1108.0,1106.0,1108.0,5234.0,1432720.0,1432240.0
2026-07-03 21:05:00,1108.0,1108.0,1106.0,1107.0,4647.0,1432240.0,1431591.0
2026-07-03 21:06:00,1107.0,1107.0,1105.0,1105.0,6035.0,1431591.0,1433233.0
2026-07-03 21:07:00,1105.0,1106.0,1105.0,1105.0,1103.0,1433233.0,1433278.0
2026-07-03 21:08:00,1105.0,1106.0,1105.0,1106.0,1835.0,1433278.0,1433399.0
2026-07-03 21:09:00,1106.0,1106.0,1105.0,1105.0,949.0,1433399.0,1433459.0
2026-07-03 21:10:00,1105.0,1107.0,1105.0,1107.0,2749.0,1433459.0,1433195.0
2026-07-03 21:11:00,1107.0,1107.0,1106.0,1107.0,762.0,1433195.0,1432982.0
2026-07-03 21:12:00,1107.0,1107.0,1106.0,1107.0,822.0,1432982.0,1432822.0
2026-07-03 21:13:00,1107.0,1107.0,1106.0,1106.0,819.0,1432822.0,1432709.0
2026-07-03 21:14:00,1106.0,1107.0,1105.0,1106.0,4159.0,1432709.0,1432483.0
2026-07-03 21:15:00,1106.0,1108.0,1106.0,1108.0,2922.0,1432483.0,1432549.0
2026-07-03 21:16:00,1108.0,1109.0,1107.0,1109.0,4479.0,1432549.0,1432436.0
2026-07-03 21:17:00,1109.0,1109.0,1108.0,1108.0,4322.0,1432436.0,1431473.0
2026-07-03 21:18:00,1108.0,1109.0,1108.0,1109.0,1005.0,1431473.0,1431399.0
2026-07-03 21:19:00,1109.0,1109.0,1108.0,1108.0,1023.0,1431399.0,1431275.0
2026-07-03 21:20:00,1108.0,1109.0,1108.0,1109.0,2885.0,1431275.0,1431377.0
2026-07-03 21:21:00,1109.0,1109.0,1107.0,1108.0,2474.0,1431377.0,1430927.0
2026-07-03 21:22:00,1108.0,1108.0,1107.0,1107.0,474.0,1430927.0,1430908.0
2026-07-03 21:23:00,1107.0,1109.0,1107.0,1108.0,1918.0,1430908.0,1431089.0
2026-07-03 21:24:00,1108.0,1109.0,1108.0,1108.0,1487.0,1431089.0,1430799.0
2026-07-03 21:25:00,1108.0,1109.0,1108.0,1108.0,375.0,1430799.0,1430895.0
2026-07-03 21:26:00,1108.0,1109.0,1108.0,1109.0,773.0,1430895.0,1430749.0
2026-07-03 21:27:00,1109.0,1109.0,1108.0,1109.0,527.0,1430749.0,1430733.0
2026-07-03 21:28:00,1109.0,1109.0,1108.0,1109.0,666.0,1430733.0,1430665.0
2026-07-03 21:29:00,1109.0,1109.0,1108.0,1108.0,780.0,1430665.0,1430788.0
2026-07-03 21:30:00,1108.0,1109.0,1108.0,1109.0,2758.0,1430788.0,1429983.0
2026-07-03 21:31:00,1109.0,1109.0,1108.0,1109.0,727.0,1429983.0,1429738.0
2026-07-03 21:32:00,1109.0,1109.0,1108.0,1109.0,777.0,1429738.0,1429523.0
2026-07-03 21:33:00,1109.0,1110.0,1108.0,1110.0,5959.0,1429523.0,1429343.0
2026-07-03 21:34:00,1110.0,1110.0,1109.0,1109.0,1075.0,1429343.0,1429137.0
2026-07-03 21:35:00,1109.0,1110.0,1109.0,1110.0,1076.0,1429137.0,1428885.0
2026-07-03 21:36:00,1110.0,1110.0,1109.0,1109.0,828.0,1428885.0,1428670.0
2026-07-03 21:37:00,1109.0,1110.0,1109.0,1110.0,882.0,1428670.0,1428854.0
2026-07-03 21:38:00,1110.0,1110.0,1109.0,1110.0,541.0,1428854.0,1428835.0
2026-07-03 21:39:00,1110.0,1110.0,1109.0,1110.0,571.0,1428835.0,1428840.0
2026-07-03 21:40:00,1110.0,1111.0,1109.0,1110.0,5018.0,1428840.0,1430659.0
2026-07-03 21:41:00,1110.0,1112.0,1110.0,1110.0,4978.0,1430659.0,1429458.0
2026-07-03 21:42:00,1110.0,1111.0,1110.0,1111.0,582.0,1429458.0,1429239.0
2026-07-03 21:43:00,1111.0,1111.0,1110.0,1110.0,1141.0,1429239.0,1429001.0
2026-07-03 21:44:00,1110.0,1111.0,1110.0,1110.0,673.0,1429001.0,1428884.0
2026-07-03 21:45:00,1110.0,1111.0,1109.0,1110.0,3651.0,1428884.0,1429181.0
2026-07-03 21:46:00,1110.0,1110.0,1108.0,1109.0,5124.0,1429181.0,1427804.0
2026-07-03 21:47:00,1109.0,1110.0,1108.0,1109.0,1811.0,1427804.0,1427386.0
2026-07-03 21:48:00,1109.0,1109.0,1108.0,1108.0,612.0,1427386.0,1427161.0
2026-07-03 21:49:00,1108.0,1109.0,1108.0,1109.0,1207.0,1427161.0,1427556.0
2026-07-03 21:50:00,1109.0,1109.0,1108.0,1108.0,411.0,1427556.0,1427770.0
2026-07-03 21:51:00,1108.0,1109.0,1108.0,1109.0,379.0,1427770.0,1428003.0
2026-07-03 21:52:00,1109.0,1109.0,1108.0,1108.0,185.0,1428003.0,1427995.0
2026-07-03 21:53:00,1108.0,1109.0,1108.0,1109.0,181.0,1427995.0,1428036.0
2026-07-03 21:54:00,1109.0,1109.0,1108.0,1109.0,384.0,1428036.0,1427994.0
2026-07-03 21:55:00,1109.0,1109.0,1108.0,1108.0,283.0,1427994.0,1427887.0
2026-07-03 21:56:00,1108.0,1109.0,1108.0,1109.0,346.0,1427887.0,1427865.0
2026-07-03 21:57:00,1109.0,1109.0,1108.0,1108.0,189.0,1427865.0,1427841.0
2026-07-03 21:58:00,1108.0,1109.0,1108.0,1109.0,201.0,1427841.0,1427770.0
2026-07-03 21:59:00,1109.0,1110.0,1108.0,1110.0,3711.0,1427770.0,1427722.0
2026-07-03 22:00:00,1110.0,1110.0,1109.0,1109.0,1650.0,1427722.0,1428012.0
2026-07-03 22:01:00,1109.0,1110.0,1109.0,1110.0,329.0,1428012.0,1427878.0
2026-07-03 22:02:00,1110.0,1110.0,1109.0,1109.0,257.0,1427878.0,1427888.0
2026-07-03 22:03:00,1109.0,1110.0,1109.0,1109.0,300.0,1427888.0,1427898.0
2026-07-03 22:04:00,1109.0,1110.0,1109.0,1110.0,219.0,1427898.0,1427846.0
2026-07-03 22:05:00,1110.0,1110.0,1109.0,1109.0,317.0,1427846.0,1427886.0
2026-07-03 22:06:00,1109.0,1110.0,1109.0,1109.0,421.0,1427886.0,1427878.0
2026-07-03 22:07:00,1109.0,1110.0,1109.0,1110.0,430.0,1427878.0,1427818.0
2026-07-03 22:08:00,1110.0,1110.0,1109.0,1110.0,341.0,1427818.0,1427676.0
2026-07-03 22:09:00,1110.0,1110.0,1109.0,1110.0,462.0,1427676.0,1427390.0
2026-07-03 22:10:00,1110.0,1110.0,1109.0,1109.0,433.0,1427390.0,1427285.0
2026-07-03 22:11:00,1109.0,1111.0,1109.0,1111.0,4134.0,1427285.0,1426951.0
2026-07-03 22:12:00,1111.0,1111.0,1110.0,1111.0,924.0,1426951.0,1426630.0
2026-07-03 22:13:00,1111.0,1112.0,1110.0,1111.0,3328.0,1426630.0,1426054.0
2026-07-03 22:14:00,1111.0,1112.0,1111.0,1111.0,952.0,1426054.0,1425772.0
2026-07-03 22:15:00,1111.0,1112.0,1110.0,1111.0,2459.0,1425772.0,1425469.0
2026-07-03 22:16:00,1111.0,1111.0,1109.0,1110.0,2623.0,1425469.0,1425190.0
2026-07-03 22:17:00,1110.0,1111.0,1110.0,1110.0,594.0,1425190.0,1425126.0
2026-07-03 22:18:00,1110.0,1111.0,1110.0,1111.0,403.0,1425126.0,1424985.0
2026-07-03 22:19:00,1111.0,1111.0,1110.0,1110.0,262.0,1424985.0,1424866.0
2026-07-03 22:20:00,1110.0,1111.0,1110.0,1110.0,528.0,1424866.0,1424802.0
2026-07-03 22:21:00,1110.0,1111.0,1110.0,1111.0,389.0,1424802.0,1424794.0
2026-07-03 22:22:00,1111.0,1111.0,1110.0,1111.0,455.0,1424794.0,1424917.0
2026-07-03 22:23:00,1111.0,1111.0,1110.0,1110.0,424.0,1424917.0,1424717.0
2026-07-03 22:24:00,1110.0,1111.0,1109.0,1110.0,3542.0,1424717.0,1423821.0
2026-07-03 22:25:00,1110.0,1111.0,1110.0,1111.0,667.0,1423821.0,1423630.0
2026-07-03 22:26:00,1111.0,1111.0,1110.0,1111.0,374.0,1423630.0,1423506.0
2026-07-03 22:27:00,1111.0,1111.0,1110.0,1110.0,306.0,1423506.0,1423544.0
2026-07-03 22:28:00,1110.0,1111.0,1110.0,1110.0,372.0,1423544.0,1423345.0
2026-07-03 22:29:00,1110.0,1111.0,1110.0,1111.0,236.0,1423345.0,1423267.0
2026-07-03 22:30:00,1111.0,1111.0,1110.0,1110.0,394.0,1423267.0,1423285.0
2026-07-03 22:31:00,1110.0,1112.0,1110.0,1111.0,3820.0,1423285.0,1422434.0
2026-07-03 22:32:00,1111.0,1112.0,1111.0,1112.0,537.0,1422434.0,1422388.0
2026-07-03 22:33:00,1112.0,1112.0,1111.0,1111.0,1460.0,1422388.0,1421957.0
2026-07-03 22:34:00,1111.0,1112.0,1110.0,1111.0,1303.0,1421957.0,1421499.0
2026-07-03 22:35:00,1111.0,1112.0,1111.0,1111.0,453.0,1421499.0,1421258.0
2026-07-03 22:36:00,1111.0,1112.0,1111.0,1111.0,682.0,1421258.0,1421023.0
2026-07-03 22:37:00,1111.0,1112.0,1111.0,1111.0,331.0,1421023.0,1420927.0
2026-07-03 22:38:00,1111.0,1112.0,1111.0,1111.0,1224.0,1420927.0,1420728.0
2026-07-03 22:39:00,1111.0,1113.0,1111.0,1112.0,5206.0,1420728.0,1418516.0
2026-07-03 22:40:00,1112.0,1113.0,1111.0,1112.0,2116.0,1418516.0,1418689.0
2026-07-03 22:41:00,1112.0,1113.0,1111.0,1111.0,783.0,1418689.0,1418332.0
2026-07-03 22:42:00,1111.0,1112.0,1111.0,1112.0,519.0,1418332.0,1418269.0
2026-07-03 22:43:00,1112.0,1113.0,1111.0,1112.0,1593.0,1418269.0,1418220.0
2026-07-03 22:44:00,1112.0,1113.0,1111.0,1113.0,1520.0,1418220.0,1417464.0
2026-07-03 22:45:00,1113.0,1113.0,1112.0,1112.0,550.0,1417464.0,1417558.0
2026-07-03 22:46:00,1112.0,1113.0,1112.0,1112.0,497.0,1417558.0,1417468.0
2026-07-03 22:47:00,1112.0,1113.0,1112.0,1113.0,783.0,1417468.0,1417005.0
2026-07-03 22:48:00,1113.0,1113.0,1112.0,1113.0,663.0,1417005.0,1416858.0
2026-07-03 22:49:00,1113.0,1114.0,1112.0,1114.0,6514.0,1416858.0,1416357.0
2026-07-03 22:50:00,1114.0,1114.0,1113.0,1113.0,1365.0,1416357.0,1415852.0
2026-07-03 22:51:00,1113.0,1114.0,1113.0,1113.0,952.0,1415852.0,1415545.0
2026-07-03 22:52:00,1113.0,1114.0,1113.0,1114.0,1147.0,1415545.0,1415222.0
2026-07-03 22:53:00,1114.0,1115.0,1113.0,1114.0,10443.0,1415222.0,1410808.0
2026-07-03 22:54:00,1114.0,1116.0,1113.0,1116.0,8127.0,1410808.0,1411093.0
2026-07-03 22:55:00,1116.0,1117.0,1115.0,1116.0,6205.0,1411093.0,1412247.0
2026-07-03 22:56:00,1116.0,1117.0,1116.0,1117.0,4147.0,1412247.0,1411512.0
2026-07-03 22:57:00,1117.0,1117.0,1115.0,1115.0,5773.0,1411512.0,1411202.0
2026-07-03 22:58:00,1115.0,1116.0,1114.0,1115.0,7055.0,1411202.0,1408559.0
2026-07-03 22:59:00,1115.0,1116.0,1114.0,1115.0,8216.0,1408559.0,1406736.0
2026-07-06 09:00:00,1115.0,1116.0,1109.0,1109.0,24684.0,1406736.0,1408749.0
2026-07-06 09:01:00,1109.0,1109.0,1107.0,1109.0,14663.0,1408749.0,1408229.0
2026-07-06 09:02:00,1109.0,1109.0,1106.0,1109.0,10053.0,1408229.0,1408929.0
2026-07-06 09:03:00,1109.0,1110.0,1108.0,1108.0,6225.0,1408929.0,1408717.0
2026-07-06 09:04:00,1108.0,1110.0,1108.0,1109.0,2895.0,1408717.0,1409108.0
2026-07-06 09:05:00,1109.0,1110.0,1108.0,1109.0,3845.0,1409108.0,1410613.0
2026-07-06 09:06:00,1109.0,1111.0,1109.0,1110.0,4297.0,1410613.0,1411103.0
2026-07-06 09:07:00,1110.0,1111.0,1109.0,1109.0,2342.0,1411103.0,1410875.0
2026-07-06 09:08:00,1109.0,1110.0,1109.0,1109.0,988.0,1410875.0,1410609.0
2026-07-06 09:09:00,1109.0,1110.0,1108.0,1108.0,3818.0,1410609.0,1411133.0
2026-07-06 09:10:00,1108.0,1111.0,1108.0,1110.0,4041.0,1411133.0,1410672.0
2026-07-06 09:11:00,1110.0,1112.0,1110.0,1111.0,3023.0,1410672.0,1410864.0
2026-07-06 09:12:00,1111.0,1112.0,1111.0,1112.0,1115.0,1410864.0,1411094.0
2026-07-06 09:13:00,1112.0,1112.0,1111.0,1111.0,624.0,1411094.0,1411161.0
2026-07-06 09:14:00,1111.0,1113.0,1111.0,1112.0,1870.0,1411161.0,1411212.0
2026-07-06 09:15:00,1112.0,1113.0,1111.0,1111.0,2750.0,1411212.0,1410961.0
2026-07-06 09:16:00,1111.0,1113.0,1111.0,1113.0,2071.0,1410961.0,1411685.0
2026-07-06 09:17:00,1113.0,1113.0,1112.0,1113.0,1014.0,1411685.0,1411867.0
2026-07-06 09:18:00,1113.0,1113.0,1112.0,1112.0,2890.0,1411867.0,1411758.0
2026-07-06 09:19:00,1112.0,1114.0,1112.0,1113.0,2970.0,1411758.0,1411778.0
2026-07-06 09:20:00,1113.0,1114.0,1112.0,1113.0,1063.0,1411778.0,1411941.0
2026-07-06 09:21:00,1113.0,1114.0,1112.0,1113.0,2502.0,1411941.0,1412042.0
2026-07-06 09:22:00,1113.0,1113.0,1112.0,1112.0,547.0,1412042.0,1412126.0
2026-07-06 09:23:00,1112.0,1113.0,1112.0,1113.0,402.0,1412126.0,1412194.0
2026-07-06 09:24:00,1113.0,1113.0,1112.0,1112.0,1732.0,1412194.0,1412288.0
2026-07-06 09:25:00,1112.0,1113.0,1112.0,1113.0,419.0,1412288.0,1412422.0
2026-07-06 09:26:00,1113.0,1113.0,1112.0,1112.0,2015.0,1412422.0,1412509.0
2026-07-06 09:27:00,1112.0,1113.0,1112.0,1113.0,488.0,1412509.0,1412525.0
2026-07-06 09:28:00,1113.0,1113.0,1112.0,1112.0,563.0,1412525.0,1412599.0
2026-07-06 09:29:00,1112.0,1113.0,1112.0,1112.0,1426.0,1412599.0,1412036.0
2026-07-06 09:30:00,1112.0,1113.0,1112.0,1113.0,486.0,1412036.0,1412008.0
2026-07-06 09:31:00,1113.0,1113.0,1111.0,1112.0,1903.0,1412008.0,1411137.0
2026-07-06 09:32:00,1112.0,1113.0,1112.0,1112.0,925.0,1411137.0,1410921.0
2026-07-06 09:33:00,1112.0,1113.0,1111.0,1112.0,1194.0,1410921.0,1410421.0
2026-07-06 09:34:00,1112.0,1113.0,1112.0,1113.0,300.0,1410421.0,1410529.0
2026-07-06 09:35:00,1113.0,1113.0,1111.0,1111.0,926.0,1410529.0,1410300.0
2026-07-06 09:36:00,1111.0,1112.0,1111.0,1111.0,855.0,1410300.0,1410203.0
2026-07-06 09:37:00,1111.0,1112.0,1111.0,1112.0,405.0,1410203.0,1410162.0
2026-07-06 09:38:00,1112.0,1112.0,1111.0,1111.0,668.0,1410162.0,1410405.0
2026-07-06 09:39:00,1111.0,1112.0,1111.0,1111.0,648.0,1410405.0,1410336.0
2026-07-06 09:40:00,1111.0,1112.0,1111.0,1112.0,914.0,1410336.0,1410200.0
2026-07-06 09:41:00,1112.0,1112.0,1111.0,1112.0,389.0,1410200.0,1410185.0
2026-07-06 09:42:00,1112.0,1112.0,1110.0,1111.0,3132.0,1410185.0,1410657.0
2026-07-06 09:43:00,1111.0,1111.0,1110.0,1110.0,1283.0,1410657.0,1410629.0
2026-07-06 09:44:00,1110.0,1111.0,1110.0,1111.0,1441.0,1410629.0,1410573.0
2026-07-06 09:45:00,1111.0,1112.0,1110.0,1111.0,1294.0,1410573.0,1410453.0
2026-07-06 09:46:00,1111.0,1112.0,1111.0,1112.0,1196.0,1410453.0,1410093.0
2026-07-06 09:47:00,1112.0,1112.0,1111.0,1111.0,367.0,1410093.0,1410029.0
2026-07-06 09:48:00,1111.0,1112.0,1111.0,1111.0,440.0,1410029.0,1409961.0
2026-07-06 09:49:00,1111.0,1112.0,1110.0,1111.0,1433.0,1409961.0,1410028.0
2026-07-06 09:50:00,1111.0,1112.0,1110.0,1110.0,939.0,1410028.0,1409885.0
2026-07-06 09:51:00,1110.0,1112.0,1110.0,1112.0,1973.0,1409885.0,1409502.0
2026-07-06 09:52:00,1112.0,1112.0,1110.0,1112.0,740.0,1409502.0,1409801.0
2026-07-06 09:53:00,1112.0,1112.0,1110.0,1112.0,1847.0,1409801.0,1410206.0
2026-07-06 09:54:00,1112.0,1112.0,1111.0,1111.0,356.0,1410206.0,1410080.0
2026-07-06 09:55:00,1111.0,1112.0,1111.0,1111.0,282.0,1410080.0,1410107.0
2026-07-06 09:56:00,1111.0,1112.0,1110.0,1112.0,1792.0,1410107.0,1410709.0
2026-07-06 09:57:00,1112.0,1112.0,1111.0,1112.0,2706.0,1410709.0,1410449.0
2026-07-06 09:58:00,1112.0,1113.0,1112.0,1112.0,321.0,1410449.0,1410480.0
2026-07-06 09:59:00,1112.0,1113.0,1111.0,1112.0,1344.0,1410480.0,1409785.0
2026-07-06 10:00:00,1112.0,1113.0,1111.0,1112.0,1293.0,1409785.0,1409335.0
2026-07-06 10:01:00,1112.0,1113.0,1111.0,1111.0,1284.0,1409335.0,1409102.0
2026-07-06 10:02:00,1111.0,1113.0,1111.0,1113.0,819.0,1409102.0,1408660.0
2026-07-06 10:03:00,1113.0,1113.0,1111.0,1112.0,723.0,1408660.0,1408378.0
2026-07-06 10:04:00,1112.0,1113.0,1111.0,1112.0,1599.0,1408378.0,1407983.0
2026-07-06 10:05:00,1112.0,1112.0,1111.0,1111.0,346.0,1407983.0,1407811.0
2026-07-06 10:06:00,1111.0,1113.0,1111.0,1113.0,803.0,1407811.0,1407809.0
2026-07-06 10:07:00,1113.0,1113.0,1111.0,1112.0,1167.0,1407809.0,1408157.0
2026-07-06 10:08:00,1112.0,1113.0,1111.0,1111.0,1114.0,1408157.0,1407912.0
2026-07-06 10:09:00,1111.0,1113.0,1111.0,1112.0,712.0,1407912.0,1407999.0
2026-07-06 10:10:00,1112.0,1112.0,1111.0,1111.0,100.0,1407999.0,1408015.0
2026-07-06 10:11:00,1111.0,1112.0,1111.0,1111.0,661.0,1408015.0,1407597.0
2026-07-06 10:12:00,1111.0,1112.0,1110.0,1111.0,3078.0,1407597.0,1407721.0
2026-07-06 10:13:00,1111.0,1111.0,1110.0,1110.0,848.0,1407721.0,1407860.0
2026-07-06 10:14:00,1110.0,1111.0,1109.0,1110.0,3873.0,1407860.0,1408756.0
2026-07-06 10:30:00,1109.0,1109.0,1107.0,1108.0,7572.0,1408756.0,1409840.0
2026-07-06 10:31:00,1108.0,1108.0,1106.0,1106.0,5402.0,1409840.0,1410186.0
2026-07-06 10:32:00,1106.0,1107.0,1105.0,1106.0,8992.0,1410186.0,1408758.0
2026-07-06 10:33:00,1106.0,1106.0,1105.0,1105.0,4853.0,1408758.0,1407495.0
2026-07-06 10:34:00,1105.0,1106.0,1104.0,1105.0,6403.0,1407495.0,1408127.0
2026-07-06 10:35:00,1105.0,1106.0,1104.0,1105.0,2773.0,1408127.0,1407736.0
2026-07-06 10:36:00,1105.0,1106.0,1105.0,1105.0,577.0,1407736.0,1407760.0
2026-07-06 10:37:00,1105.0,1106.0,1105.0,1105.0,1356.0,1407760.0,1408004.0
2026-07-06 10:38:00,1105.0,1106.0,1105.0,1106.0,1271.0,1408004.0,1407995.0
2026-07-06 10:39:00,1106.0,1106.0,1104.0,1105.0,4518.0,1407995.0,1407831.0
2026-07-06 10:40:00,1105.0,1105.0,1103.0,1103.0,5536.0,1407831.0,1406720.0
2026-07-06 10:41:00,1103.0,1104.0,1102.0,1103.0,6446.0,1406720.0,1404589.0
2026-07-06 10:42:00,1103.0,1104.0,1103.0,1104.0,2486.0,1404589.0,1404884.0
2026-07-06 10:43:00,1104.0,1104.0,1103.0,1103.0,1030.0,1404884.0,1404944.0
2026-07-06 10:44:00,1103.0,1104.0,1103.0,1104.0,749.0,1404944.0,1405017.0
2026-07-06 10:45:00,1104.0,1104.0,1103.0,1104.0,634.0,1405017.0,1405049.0
2026-07-06 10:46:00,1104.0,1104.0,1103.0,1104.0,888.0,1405049.0,1405292.0
2026-07-06 10:47:00,1104.0,1104.0,1102.0,1103.0,6164.0,1405292.0,1405229.0
2026-07-06 10:48:00,1103.0,1104.0,1102.0,1103.0,2953.0,1405229.0,1404451.0
2026-07-06 10:49:00,1103.0,1104.0,1103.0,1104.0,538.0,1404451.0,1404344.0
2026-07-06 10:50:00,1104.0,1104.0,1103.0,1103.0,428.0,1404344.0,1404364.0
2026-07-06 10:51:00,1103.0,1104.0,1102.0,1103.0,4042.0,1404364.0,1405798.0
2026-07-06 10:52:00,1103.0,1104.0,1102.0,1104.0,3470.0,1405798.0,1404959.0
2026-07-06 10:53:00,1104.0,1104.0,1102.0,1104.0,2254.0,1404959.0,1406013.0
2026-07-06 10:54:00,1104.0,1104.0,1103.0,1104.0,439.0,1406013.0,1406056.0
2026-07-06 10:55:00,1104.0,1104.0,1103.0,1103.0,2293.0,1406056.0,1405974.0
2026-07-06 10:56:00,1103.0,1104.0,1103.0,1104.0,1146.0,1405974.0,1405474.0
2026-07-06 10:57:00,1104.0,1104.0,1103.0,1103.0,414.0,1405474.0,1405440.0
2026-07-06 10:58:00,1103.0,1104.0,1103.0,1104.0,426.0,1405440.0,1405344.0
2026-07-06 10:59:00,1104.0,1104.0,1103.0,1103.0,390.0,1405344.0,1405375.0
2026-07-06 11:00:00,1103.0,1104.0,1103.0,1103.0,982.0,1405375.0,1405282.0
2026-07-06 11:01:00,1103.0,1104.0,1103.0,1103.0,457.0,1405282.0,1405466.0
2026-07-06 11:02:00,1103.0,1104.0,1103.0,1104.0,540.0,1405466.0,1405460.0
2026-07-06 11:03:00,1104.0,1104.0,1103.0,1103.0,267.0,1405460.0,1405462.0
2026-07-06 11:04:00,1103.0,1104.0,1103.0,1104.0,285.0,1405462.0,1405532.0
2026-07-06 11:05:00,1104.0,1104.0,1103.0,1103.0,387.0,1405532.0,1405712.0
2026-07-06 11:06:00,1103.0,1105.0,1103.0,1104.0,4084.0,1405712.0,1406564.0
2026-07-06 11:07:00,1104.0,1105.0,1104.0,1104.0,552.0,1406564.0,1406508.0
2026-07-06 11:08:00,1104.0,1105.0,1104.0,1104.0,527.0,1406508.0,1406412.0
2026-07-06 11:09:00,1104.0,1105.0,1104.0,1105.0,708.0,1406412.0,1406510.0
2026-07-06 11:10:00,1105.0,1105.0,1104.0,1105.0,953.0,1406510.0,1406611.0
2026-07-06 11:11:00,1105.0,1106.0,1104.0,1105.0,2613.0,1406611.0,1406090.0
2026-07-06 11:12:00,1105.0,1105.0,1104.0,1104.0,161.0,1406090.0,1406012.0
2026-07-06 11:13:00,1104.0,1105.0,1104.0,1105.0,387.0,1406012.0,1405938.0
2026-07-06 11:14:00,1105.0,1105.0,1104.0,1105.0,560.0,1405938.0,1405753.0
2026-07-06 11:15:00,1105.0,1105.0,1104.0,1104.0,251.0,1405753.0,1405742.0
2026-07-06 11:16:00,1104.0,1105.0,1104.0,1105.0,226.0,1405742.0,1405797.0
2026-07-06 11:17:00,1105.0,1105.0,1103.0,1103.0,2639.0,1405797.0,1406886.0
2026-07-06 11:18:00,1103.0,1105.0,1103.0,1104.0,1394.0,1406886.0,1406542.0
2026-07-06 11:19:00,1104.0,1104.0,1102.0,1102.0,6613.0,1406542.0,1409022.0
2026-07-06 11:20:00,1102.0,1104.0,1102.0,1103.0,2209.0,1409022.0,1408596.0
2026-07-06 11:21:00,1103.0,1104.0,1102.0,1104.0,2206.0,1408596.0,1409158.0
2026-07-06 11:22:00,1104.0,1104.0,1103.0,1104.0,735.0,1409158.0,1409316.0
2026-07-06 11:23:00,1104.0,1104.0,1103.0,1104.0,181.0,1409316.0,1409295.0
2026-07-06 11:24:00,1104.0,1104.0,1103.0,1103.0,526.0,1409295.0,1409098.0
2026-07-06 11:25:00,1103.0,1104.0,1103.0,1103.0,290.0,1409098.0,1409129.0
2026-07-06 11:26:00,1103.0,1105.0,1103.0,1104.0,1680.0,1409129.0,1408803.0
2026-07-06 11:27:00,1104.0,1105.0,1104.0,1105.0,256.0,1408803.0,1408863.0
2026-07-06 11:28:00,1105.0,1105.0,1104.0,1104.0,396.0,1408863.0,1408750.0
2026-07-06 11:29:00,1104.0,1105.0,1104.0,1104.0,1226.0,1408750.0,1408779.0
2026-07-06 13:30:00,1104.0,1105.0,1104.0,1105.0,1365.0,1408779.0,1408587.0
2026-07-06 13:31:00,1105.0,1105.0,1104.0,1104.0,551.0,1408587.0,1408425.0
2026-07-06 13:32:00,1104.0,1105.0,1104.0,1105.0,795.0,1408425.0,1408509.0
2026-07-06 13:33:00,1105.0,1105.0,1104.0,1105.0,771.0,1408509.0,1408422.0
2026-07-06 13:34:00,1105.0,1105.0,1104.0,1105.0,376.0,1408422.0,1408454.0
2026-07-06 13:35:00,1105.0,1105.0,1104.0,1104.0,271.0,1408454.0,1408419.0
2026-07-06 13:36:00,1104.0,1105.0,1104.0,1105.0,2890.0,1408419.0,1408902.0
2026-07-06 13:37:00,1105.0,1106.0,1104.0,1106.0,1109.0,1408902.0,1408926.0
2026-07-06 13:38:00,1106.0,1106.0,1105.0,1105.0,583.0,1408926.0,1408959.0
2026-07-06 13:39:00,1105.0,1106.0,1105.0,1106.0,443.0,1408959.0,1408971.0
2026-07-06 13:40:00,1106.0,1106.0,1105.0,1106.0,350.0,1408971.0,1408959.0
2026-07-06 13:41:00,1106.0,1106.0,1105.0,1106.0,215.0,1408959.0,1408881.0
2026-07-06 13:42:00,1106.0,1106.0,1105.0,1106.0,809.0,1408881.0,1408894.0
2026-07-06 13:43:00,1106.0,1106.0,1105.0,1105.0,383.0,1408894.0,1408757.0
2026-07-06 13:44:00,1105.0,1106.0,1105.0,1105.0,285.0,1408757.0,1408786.0
2026-07-06 13:45:00,1105.0,1106.0,1105.0,1106.0,778.0,1408786.0,1408718.0
2026-07-06 13:46:00,1106.0,1106.0,1105.0,1105.0,997.0,1408718.0,1408492.0
2026-07-06 13:47:00,1105.0,1106.0,1105.0,1106.0,845.0,1408492.0,1408334.0
2026-07-06 13:48:00,1106.0,1106.0,1105.0,1105.0,325.0,1408334.0,1408274.0
2026-07-06 13:49:00,1105.0,1106.0,1105.0,1106.0,328.0,1408274.0,1408277.0
2026-07-06 13:50:00,1106.0,1106.0,1105.0,1106.0,178.0,1408277.0,1408253.0
2026-07-06 13:51:00,1106.0,1106.0,1105.0,1106.0,502.0,1408253.0,1408380.0
2026-07-06 13:52:00,1106.0,1106.0,1105.0,1106.0,436.0,1408380.0,1408428.0
2026-07-06 13:53:00,1106.0,1106.0,1105.0,1106.0,298.0,1408428.0,1408447.0
2026-07-06 13:54:00,1106.0,1106.0,1105.0,1105.0,375.0,1408447.0,1408437.0
2026-07-06 13:55:00,1105.0,1106.0,1105.0,1106.0,340.0,1408437.0,1408498.0
2026-07-06 13:56:00,1106.0,1106.0,1105.0,1106.0,499.0,1408498.0,1408262.0
2026-07-06 13:57:00,1106.0,1106.0,1105.0,1105.0,261.0,1408262.0,1408171.0
2026-07-06 13:58:00,1105.0,1106.0,1105.0,1106.0,173.0,1408171.0,1408172.0
2026-07-06 13:59:00,1106.0,1106.0,1105.0,1105.0,314.0,1408172.0,1408139.0
2026-07-06 14:00:00,1105.0,1106.0,1105.0,1106.0,289.0,1408139.0,1408241.0
2026-07-06 14:01:00,1106.0,1106.0,1104.0,1105.0,4549.0,1408241.0,1408632.0
2026-07-06 14:02:00,1105.0,1106.0,1105.0,1105.0,355.0,1408632.0,1408692.0
2026-07-06 14:03:00,1105.0,1106.0,1105.0,1105.0,249.0,1408692.0,1408725.0
2026-07-06 14:04:00,1105.0,1106.0,1104.0,1105.0,987.0,1408725.0,1408960.0
2026-07-06 14:05:00,1105.0,1106.0,1104.0,1105.0,1611.0,1408960.0,1408381.0
2026-07-06 14:06:00,1105.0,1106.0,1104.0,1104.0,883.0,1408381.0,1408352.0
2026-07-06 14:07:00,1104.0,1106.0,1104.0,1106.0,1110.0,1408352.0,1408145.0
2026-07-06 14:08:00,1106.0,1106.0,1105.0,1105.0,347.0,1408145.0,1408183.0
2026-07-06 14:09:00,1105.0,1106.0,1105.0,1105.0,133.0,1408183.0,1408276.0
2026-07-06 14:10:00,1105.0,1107.0,1105.0,1106.0,2915.0,1408276.0,1408748.0
2026-07-06 14:11:00,1106.0,1107.0,1105.0,1107.0,2747.0,1408748.0,1408406.0
2026-07-06 14:12:00,1107.0,1107.0,1105.0,1106.0,985.0,1408406.0,1408499.0
2026-07-06 14:13:00,1106.0,1106.0,1105.0,1106.0,297.0,1408499.0,1408568.0
2026-07-06 14:14:00,1106.0,1106.0,1105.0,1105.0,153.0,1408568.0,1408625.0
2026-07-06 14:15:00,1105.0,1106.0,1105.0,1105.0,253.0,1408625.0,1408733.0
2026-07-06 14:16:00,1105.0,1106.0,1105.0,1106.0,128.0,1408733.0,1408708.0
2026-07-06 14:17:00,1106.0,1106.0,1105.0,1106.0,224.0,1408708.0,1408746.0
2026-07-06 14:18:00,1106.0,1106.0,1105.0,1105.0,1764.0,1408746.0,1408686.0
2026-07-06 14:19:00,1105.0,1105.0,1104.0,1105.0,284.0,1408686.0,1408672.0
2026-07-06 14:20:00,1105.0,1105.0,1104.0,1104.0,202.0,1408672.0,1408624.0
2026-07-06 14:21:00,1104.0,1105.0,1103.0,1104.0,2718.0,1408624.0,1407977.0
2026-07-06 14:22:00,1104.0,1104.0,1103.0,1103.0,360.0,1407977.0,1407939.0
2026-07-06 14:23:00,1103.0,1104.0,1103.0,1103.0,1357.0,1407939.0,1408050.0
2026-07-06 14:24:00,1103.0,1104.0,1103.0,1103.0,1426.0,1408050.0,1407689.0
2026-07-06 14:25:00,1103.0,1104.0,1103.0,1103.0,1302.0,1407689.0,1407456.0
2026-07-06 14:26:00,1103.0,1103.0,1102.0,1102.0,2057.0,1407456.0,1407042.0
2026-07-06 14:27:00,1102.0,1103.0,1102.0,1103.0,3026.0,1407042.0,1407372.0
2026-07-06 14:28:00,1103.0,1103.0,1102.0,1103.0,1152.0,1407372.0,1407136.0
2026-07-06 14:29:00,1103.0,1103.0,1102.0,1102.0,880.0,1407136.0,1407170.0
2026-07-06 14:30:00,1102.0,1103.0,1102.0,1103.0,707.0,1407170.0,1407051.0
2026-07-06 14:31:00,1103.0,1103.0,1101.0,1101.0,3678.0,1407051.0,1406327.0
2026-07-06 14:32:00,1101.0,1102.0,1098.0,1099.0,23350.0,1406327.0,1407342.0
2026-07-06 14:33:00,1099.0,1101.0,1099.0,1101.0,7061.0,1407342.0,1404306.0
2026-07-06 14:34:00,1101.0,1101.0,1100.0,1100.0,1538.0,1404306.0,1403948.0
2026-07-06 14:35:00,1100.0,1101.0,1100.0,1101.0,2357.0,1403948.0,1403366.0
2026-07-06 14:36:00,1101.0,1101.0,1100.0,1100.0,3307.0,1403366.0,1403625.0
2026-07-06 14:37:00,1100.0,1101.0,1099.0,1100.0,5334.0,1403625.0,1402592.0
2026-07-06 14:38:00,1100.0,1101.0,1100.0,1101.0,940.0,1402592.0,1402101.0
2026-07-06 14:39:00,1101.0,1101.0,1100.0,1100.0,988.0,1402101.0,1401833.0
2026-07-06 14:40:00,1100.0,1101.0,1100.0,1100.0,535.0,1401833.0,1401763.0
2026-07-06 14:41:00,1100.0,1101.0,1100.0,1100.0,745.0,1401763.0,1401707.0
2026-07-06 14:42:00,1100.0,1101.0,1100.0,1100.0,2699.0,1401707.0,1401851.0
2026-07-06 14:43:00,1100.0,1101.0,1100.0,1100.0,476.0,1401851.0,1401828.0
2026-07-06 14:44:00,1100.0,1101.0,1100.0,1100.0,1150.0,1401828.0,1402420.0
2026-07-06 14:45:00,1100.0,1101.0,1100.0,1101.0,961.0,1402420.0,1402425.0
2026-07-06 14:46:00,1101.0,1101.0,1100.0,1100.0,1172.0,1402425.0,1402412.0
2026-07-06 14:47:00,1100.0,1101.0,1100.0,1100.0,3045.0,1402412.0,1401731.0
2026-07-06 14:48:00,1100.0,1101.0,1099.0,1100.0,2785.0,1401731.0,1400860.0
2026-07-06 14:49:00,1100.0,1101.0,1100.0,1100.0,2153.0,1400860.0,1400055.0
2026-07-06 14:50:00,1100.0,1101.0,1099.0,1100.0,3639.0,1400055.0,1399347.0
2026-07-06 14:51:00,1100.0,1101.0,1099.0,1099.0,2415.0,1399347.0,1398916.0
2026-07-06 14:52:00,1099.0,1100.0,1099.0,1100.0,3101.0,1398916.0,1398354.0
2026-07-06 14:53:00,1100.0,1100.0,1099.0,1100.0,2766.0,1398354.0,1397763.0
2026-07-06 14:54:00,1100.0,1100.0,1099.0,1100.0,892.0,1397763.0,1397727.0
2026-07-06 14:55:00,1100.0,1100.0,1099.0,1100.0,1175.0,1397727.0,1397771.0
2026-07-06 14:56:00,1100.0,1100.0,1098.0,1098.0,5462.0,1397771.0,1399661.0
2026-07-06 14:57:00,1098.0,1099.0,1098.0,1098.0,3031.0,1399661.0,1399945.0
2026-07-06 14:58:00,1098.0,1100.0,1098.0,1099.0,4702.0,1399945.0,1398794.0
2026-07-06 14:59:00,1099.0,1101.0,1099.0,1101.0,9571.0,1398794.0,1394551.0
2026-07-06 21:00:00,1100.0,1102.0,1096.0,1096.0,26628.0,1394551.0,1394271.0
2026-07-06 21:01:00,1096.0,1097.0,1095.0,1097.0,19238.0,1394271.0,1399130.0
2026-07-06 21:02:00,1097.0,1097.0,1095.0,1096.0,8523.0,1399130.0,1400020.0
2026-07-06 21:03:00,1096.0,1097.0,1095.0,1096.0,5693.0,1400020.0,1400754.0
2026-07-06 21:04:00,1096.0,1097.0,1095.0,1095.0,4398.0,1400754.0,1401202.0
2026-07-06 21:05:00,1095.0,1097.0,1095.0,1097.0,7673.0,1401202.0,1402401.0
2026-07-06 21:06:00,1097.0,1098.0,1096.0,1097.0,5218.0,1402401.0,1401890.0
2026-07-06 21:07:00,1097.0,1098.0,1097.0,1097.0,1660.0,1401890.0,1401900.0
2026-07-06 21:08:00,1097.0,1098.0,1097.0,1098.0,1763.0,1401900.0,1402201.0
2026-07-06 21:09:00,1098.0,1099.0,1097.0,1098.0,3510.0,1402201.0,1402486.0
2026-07-06 21:10:00,1098.0,1098.0,1097.0,1098.0,1877.0,1402486.0,1402238.0
2026-07-06 21:11:00,1098.0,1098.0,1097.0,1097.0,775.0,1402238.0,1402237.0
2026-07-06 21:12:00,1097.0,1098.0,1097.0,1097.0,832.0,1402237.0,1402327.0
2026-07-06 21:13:00,1097.0,1098.0,1096.0,1096.0,3544.0,1402327.0,1401766.0
2026-07-06 21:14:00,1096.0,1097.0,1096.0,1097.0,767.0,1401766.0,1401756.0
2026-07-06 21:15:00,1097.0,1097.0,1096.0,1097.0,1532.0,1401756.0,1402028.0
2026-07-06 21:16:00,1097.0,1097.0,1095.0,1095.0,5510.0,1402028.0,1404415.0
2026-07-06 21:17:00,1095.0,1096.0,1095.0,1096.0,1106.0,1404415.0,1404650.0
2026-07-06 21:18:00,1096.0,1096.0,1095.0,1096.0,4360.0,1404650.0,1403310.0
2026-07-06 21:19:00,1096.0,1097.0,1095.0,1096.0,2406.0,1403310.0,1402987.0
2026-07-06 21:20:00,1096.0,1097.0,1096.0,1096.0,1116.0,1402987.0,1402633.0
2026-07-06 21:21:00,1096.0,1097.0,1095.0,1096.0,3252.0,1402633.0,1403373.0
2026-07-06 21:22:00,1096.0,1096.0,1095.0,1095.0,1947.0,1403373.0,1403521.0
2026-07-06 21:23:00,1095.0,1096.0,1095.0,1096.0,1277.0,1403521.0,1404071.0
2026-07-06 21:24:00,1096.0,1096.0,1095.0,1096.0,2691.0,1404071.0,1405001.0
2026-07-06 21:25:00,1096.0,1096.0,1095.0,1096.0,798.0,1405001.0,1405221.0
2026-07-06 21:26:00,1096.0,1096.0,1094.0,1094.0,7278.0,1405221.0,1406121.0
2026-07-06 21:27:00,1094.0,1095.0,1094.0,1094.0,2742.0,1406121.0,1406030.0
2026-07-06 21:28:00,1094.0,1095.0,1094.0,1094.0,1616.0,1406030.0,1405916.0
2026-07-06 21:29:00,1094.0,1095.0,1094.0,1094.0,5106.0,1405916.0,1405625.0
2026-07-06 21:30:00,1094.0,1097.0,1094.0,1097.0,5415.0,1405625.0,1406060.0
2026-07-06 21:31:00,1097.0,1098.0,1096.0,1097.0,4477.0,1406060.0,1405724.0
2026-07-06 21:32:00,1097.0,1098.0,1096.0,1096.0,3439.0,1405724.0,1404313.0
2026-07-06 21:33:00,1096.0,1097.0,1096.0,1097.0,792.0,1404313.0,1403994.0
2026-07-06 21:34:00,1097.0,1097.0,1096.0,1096.0,2609.0,1403994.0,1404306.0
2026-07-06 21:35:00,1096.0,1097.0,1096.0,1097.0,273.0,1404306.0,1404307.0
2026-07-06 21:36:00,1097.0,1097.0,1096.0,1097.0,224.0,1404307.0,1404308.0
2026-07-06 21:37:00,1097.0,1097.0,1096.0,1097.0,326.0,1404308.0,1404262.0
2026-07-06 21:38:00,1097.0,1097.0,1096.0,1097.0,233.0,1404262.0,1404190.0
2026-07-06 21:39:00,1097.0,1097.0,1096.0,1096.0,647.0,1404190.0,1404389.0
2026-07-06 21:40:00,1096.0,1098.0,1096.0,1097.0,3645.0,1404389.0,1403954.0
2026-07-06 21:41:00,1097.0,1098.0,1096.0,1097.0,2573.0,1403954.0,1403603.0
2026-07-06 21:42:00,1097.0,1098.0,1096.0,1098.0,1609.0,1403603.0,1403635.0
2026-07-06 21:43:00,1098.0,1098.0,1096.0,1096.0,888.0,1403635.0,1403207.0
2026-07-06 21:44:00,1096.0,1097.0,1096.0,1097.0,190.0,1403207.0,1403180.0
2026-07-06 21:45:00,1097.0,1097.0,1095.0,1096.0,2357.0,1403180.0,1404206.0
2026-07-06 21:46:00,1096.0,1096.0,1095.0,1095.0,139.0,1404206.0,1404263.0
2026-07-06 21:47:00,1095.0,1096.0,1095.0,1096.0,754.0,1404263.0,1404129.0
2026-07-06 21:48:00,1096.0,1096.0,1095.0,1095.0,1215.0,1404129.0,1403668.0
2026-07-06 21:49:00,1095.0,1096.0,1095.0,1096.0,423.0,1403668.0,1403582.0
2026-07-06 21:50:00,1096.0,1096.0,1095.0,1096.0,575.0,1403582.0,1403633.0
2026-07-06 21:51:00,1096.0,1096.0,1095.0,1095.0,4268.0,1403633.0,1404191.0
2026-07-06 21:52:00,1095.0,1096.0,1094.0,1094.0,2872.0,1404191.0,1404787.0
2026-07-06 21:53:00,1094.0,1096.0,1094.0,1095.0,1636.0,1404787.0,1405131.0
2026-07-06 21:54:00,1095.0,1096.0,1095.0,1096.0,2187.0,1405131.0,1405892.0
2026-07-06 21:55:00,1096.0,1097.0,1095.0,1097.0,3165.0,1405892.0,1404638.0
2026-07-06 21:56:00,1097.0,1097.0,1096.0,1097.0,1486.0,1404638.0,1404068.0
2026-07-06 21:57:00,1097.0,1097.0,1096.0,1096.0,567.0,1404068.0,1404072.0
2026-07-06 21:58:00,1096.0,1097.0,1096.0,1096.0,197.0,1404072.0,1404120.0
2026-07-06 21:59:00,1096.0,1097.0,1095.0,1096.0,2054.0,1404120.0,1403801.0
2026-07-06 22:00:00,1096.0,1097.0,1095.0,1095.0,1217.0,1403801.0,1403667.0
2026-07-06 22:01:00,1095.0,1096.0,1095.0,1096.0,642.0,1403667.0,1403968.0
2026-07-06 22:02:00,1096.0,1096.0,1094.0,1095.0,2399.0,1403968.0,1405099.0
2026-07-06 22:03:00,1095.0,1096.0,1094.0,1095.0,1640.0,1405099.0,1405490.0
2026-07-06 22:04:00,1095.0,1096.0,1094.0,1096.0,1429.0,1405490.0,1405459.0
2026-07-06 22:05:00,1096.0,1096.0,1095.0,1095.0,329.0,1405459.0,1405384.0
2026-07-06 22:06:00,1095.0,1096.0,1095.0,1096.0,537.0,1405384.0,1405385.0
2026-07-06 22:07:00,1096.0,1096.0,1095.0,1096.0,818.0,1405385.0,1405023.0
2026-07-06 22:08:00,1096.0,1096.0,1095.0,1096.0,161.0,1405023.0,1405065.0
2026-07-06 22:09:00,1096.0,1096.0,1095.0,1095.0,199.0,1405065.0,1405124.0
2026-07-06 22:10:00,1095.0,1096.0,1095.0,1096.0,155.0,1405124.0,1405109.0
2026-07-06 22:11:00,1096.0,1096.0,1094.0,1095.0,3147.0,1405109.0,1404898.0
2026-07-06 22:12:00,1095.0,1096.0,1095.0,1096.0,107.0,1404898.0,1404920.0
2026-07-06 22:13:00,1096.0,1096.0,1095.0,1095.0,133.0,1404920.0,1404947.0
2026-07-06 22:14:00,1095.0,1097.0,1095.0,1097.0,1985.0,1404947.0,1404296.0
2026-07-06 22:15:00,1097.0,1097.0,1096.0,1097.0,273.0,1404296.0,1404269.0
2026-07-06 22:16:00,1097.0,1098.0,1096.0,1097.0,4282.0,1404269.0,1404480.0
2026-07-06 22:17:00,1097.0,1098.0,1096.0,1097.0,1632.0,1404480.0,1404089.0
2026-07-06 22:18:00,1097.0,1097.0,1096.0,1096.0,219.0,1404089.0,1404083.0
2026-07-06 22:19:00,1096.0,1098.0,1096.0,1098.0,2412.0,1404083.0,1402997.0
2026-07-06 22:20:00,1098.0,1098.0,1097.0,1098.0,508.0,1402997.0,1402899.0
2026-07-06 22:21:00,1098.0,1098.0,1097.0,1098.0,2857.0,1402899.0,1404094.0
2026-07-06 22:22:00,1098.0,1098.0,1097.0,1098.0,393.0,1404094.0,1404286.0
2026-07-06 22:23:00,1098.0,1099.0,1097.0,1099.0,3679.0,1404286.0,1403722.0
2026-07-06 22:24:00,1099.0,1099.0,1098.0,1099.0,452.0,1403722.0,1403792.0
2026-07-06 22:25:00,1099.0,1099.0,1098.0,1098.0,829.0,1403792.0,1404136.0
2026-07-06 22:26:00,1098.0,1099.0,1098.0,1098.0,407.0,1404136.0,1404146.0
2026-07-06 22:27:00,1098.0,1099.0,1097.0,1098.0,2580.0,1404146.0,1403828.0
2026-07-06 22:28:00,1098.0,1099.0,1098.0,1098.0,614.0,1403828.0,1403545.0
2026-07-06 22:29:00,1098.0,1099.0,1098.0,1098.0,2682.0,1403545.0,1403062.0
2026-07-06 22:30:00,1098.0,1099.0,1097.0,1099.0,1832.0,1403062.0,1403245.0
2026-07-06 22:31:00,1099.0,1099.0,1097.0,1097.0,738.0,1403245.0,1403278.0
2026-07-06 22:32:00,1097.0,1098.0,1097.0,1098.0,137.0,1403278.0,1403220.0
2026-07-06 22:33:00,1098.0,1098.0,1097.0,1097.0,137.0,1403220.0,1403249.0
2026-07-06 22:34:00,1097.0,1098.0,1097.0,1097.0,198.0,1403249.0,1403209.0
2026-07-06 22:35:00,1097.0,1098.0,1097.0,1098.0,94.0,1403209.0,1403226.0
2026-07-06 22:36:00,1098.0,1098.0,1097.0,1097.0,310.0,1403226.0,1403229.0
2026-07-06 22:37:00,1097.0,1098.0,1097.0,1098.0,460.0,1403229.0,1403263.0
2026-07-06 22:38:00,1098.0,1099.0,1097.0,1099.0,1825.0,1403263.0,1403162.0
2026-07-06 22:39:00,1099.0,1099.0,1098.0,1098.0,1323.0,1403162.0,1403214.0
2026-07-06 22:40:00,1098.0,1099.0,1097.0,1098.0,947.0,1403214.0,1403212.0
2026-07-06 22:41:00,1098.0,1099.0,1097.0,1098.0,982.0,1403212.0,1402982.0
2026-07-06 22:42:00,1098.0,1099.0,1098.0,1098.0,603.0,1402982.0,1402984.0
2026-07-06 22:43:00,1098.0,1099.0,1098.0,1099.0,222.0,1402984.0,1402871.0
2026-07-06 22:44:00,1099.0,1099.0,1098.0,1099.0,362.0,1402871.0,1402833.0
2026-07-06 22:45:00,1099.0,1099.0,1097.0,1098.0,1340.0,1402833.0,1402585.0
2026-07-06 22:46:00,1098.0,1098.0,1097.0,1098.0,641.0,1402585.0,1402524.0
2026-07-06 22:47:00,1098.0,1098.0,1097.0,1098.0,170.0,1402524.0,1402576.0
2026-07-06 22:48:00,1098.0,1098.0,1097.0,1097.0,268.0,1402576.0,1402518.0
2026-07-06 22:49:00,1097.0,1098.0,1097.0,1097.0,250.0,1402518.0,1402476.0
2026-07-06 22:50:00,1097.0,1098.0,1097.0,1097.0,285.0,1402476.0,1402541.0
2026-07-06 22:51:00,1097.0,1098.0,1097.0,1097.0,212.0,1402541.0,1402469.0
2026-07-06 22:52:00,1097.0,1098.0,1097.0,1097.0,257.0,1402469.0,1402433.0
2026-07-06 22:53:00,1097.0,1098.0,1097.0,1097.0,291.0,1402433.0,1402228.0
2026-07-06 22:54:00,1097.0,1098.0,1097.0,1097.0,130.0,1402228.0,1402153.0
2026-07-06 22:55:00,1097.0,1098.0,1097.0,1097.0,667.0,1402153.0,1402022.0
2026-07-06 22:56:00,1097.0,1098.0,1097.0,1097.0,400.0,1402022.0,1401990.0
2026-07-06 22:57:00,1097.0,1098.0,1097.0,1097.0,457.0,1401990.0,1401796.0
2026-07-06 22:58:00,1097.0,1098.0,1097.0,1097.0,1786.0,1401796.0,1400921.0
2026-07-06 22:59:00,1097.0,1099.0,1097.0,1099.0,3982.0,1400921.0,1399198.0
2026-07-07 09:00:00,1099.0,1099.0,1096.0,1097.0,6917.0,1399198.0,1398743.0
2026-07-07 09:01:00,1097.0,1098.0,1096.0,1097.0,2458.0,1398743.0,1399563.0
2026-07-07 09:02:00,1097.0,1098.0,1096.0,1096.0,2795.0,1399563.0,1399854.0
2026-07-07 09:03:00,1096.0,1097.0,1095.0,1096.0,2721.0,1399854.0,1399702.0
2026-07-07 09:04:00,1096.0,1097.0,1096.0,1097.0,2352.0,1399702.0,1400697.0
2026-07-07 09:05:00,1097.0,1098.0,1097.0,1097.0,1298.0,1400697.0,1400318.0
2026-07-07 09:06:00,1097.0,1099.0,1097.0,1098.0,2527.0,1400318.0,1400273.0
2026-07-07 09:07:00,1098.0,1099.0,1097.0,1097.0,1388.0,1400273.0,1400642.0
2026-07-07 09:08:00,1097.0,1098.0,1097.0,1097.0,1407.0,1400642.0,1401296.0
2026-07-07 09:09:00,1097.0,1098.0,1096.0,1097.0,1704.0,1401296.0,1401060.0
2026-07-07 09:10:00,1097.0,1098.0,1096.0,1097.0,776.0,1401060.0,1400844.0
2026-07-07 09:11:00,1097.0,1097.0,1096.0,1097.0,424.0,1400844.0,1400688.0
2026-07-07 09:12:00,1097.0,1097.0,1095.0,1096.0,3172.0,1400688.0,1400148.0
2026-07-07 09:13:00,1096.0,1097.0,1095.0,1096.0,1759.0,1400148.0,1400283.0
2026-07-07 09:14:00,1096.0,1097.0,1096.0,1096.0,1570.0,1400283.0,1400323.0
2026-07-07 09:15:00,1096.0,1098.0,1095.0,1097.0,3911.0,1400323.0,1401497.0
2026-07-07 09:16:00,1097.0,1097.0,1096.0,1096.0,228.0,1401497.0,1401584.0
2026-07-07 09:17:00,1096.0,1097.0,1096.0,1096.0,366.0,1401584.0,1401647.0
2026-07-07 09:18:00,1096.0,1098.0,1096.0,1096.0,2037.0,1401647.0,1401072.0
2026-07-07 09:19:00,1096.0,1097.0,1096.0,1096.0,696.0,1401072.0,1400912.0
2026-07-07 09:20:00,1096.0,1097.0,1096.0,1096.0,251.0,1400912.0,1400925.0
2026-07-07 09:21:00,1096.0,1097.0,1096.0,1096.0,272.0,1400925.0,1401060.0
2026-07-07 09:22:00,1096.0,1097.0,1096.0,1096.0,229.0,1401060.0,1401083.0
2026-07-07 09:23:00,1096.0,1097.0,1096.0,1096.0,313.0,1401083.0,1401054.0
2026-07-07 09:24:00,1096.0,1097.0,1096.0,1097.0,681.0,1401054.0,1400987.0
2026-07-07 09:25:00,1097.0,1098.0,1096.0,1097.0,1315.0,1400987.0,1400821.0
2026-07-07 09:26:00,1097.0,1099.0,1097.0,1098.0,2823.0,1400821.0,1401036.0
2026-07-07 09:27:00,1098.0,1098.0,1097.0,1098.0,315.0,1401036.0,1401058.0
2026-07-07 09:28:00,1098.0,1099.0,1097.0,1098.0,2561.0,1401058.0,1400974.0
2026-07-07 09:29:00,1098.0,1098.0,1097.0,1097.0,376.0,1400974.0,1400913.0
2026-07-07 09:30:00,1097.0,1098.0,1097.0,1097.0,330.0,1400913.0,1401032.0
2026-07-07 09:31:00,1097.0,1098.0,1096.0,1097.0,1819.0,1401032.0,1400943.0
2026-07-07 09:32:00,1097.0,1098.0,1096.0,1097.0,932.0,1400943.0,1400526.0
2026-07-07 09:33:00,1097.0,1098.0,1097.0,1097.0,239.0,1400526.0,1400535.0
2026-07-07 09:34:00,1097.0,1098.0,1097.0,1097.0,525.0,1400535.0,1400599.0
2026-07-07 09:35:00,1097.0,1098.0,1097.0,1098.0,905.0,1400599.0,1401125.0
2026-07-07 09:36:00,1098.0,1098.0,1097.0,1097.0,141.0,1401125.0,1401088.0
2026-07-07 09:37:00,1097.0,1098.0,1097.0,1098.0,146.0,1401088.0,1401014.0
2026-07-07 09:38:00,1098.0,1098.0,1097.0,1098.0,151.0,1401014.0,1400980.0
2026-07-07 09:39:00,1098.0,1098.0,1097.0,1098.0,123.0,1400980.0,1400940.0
2026-07-07 09:40:00,1098.0,1098.0,1097.0,1097.0,935.0,1400940.0,1400520.0
2026-07-07 09:41:00,1097.0,1098.0,1097.0,1098.0,422.0,1400520.0,1400344.0
2026-07-07 09:42:00,1098.0,1098.0,1097.0,1097.0,100.0,1400344.0,1400361.0
2026-07-07 09:43:00,1097.0,1099.0,1097.0,1099.0,2306.0,1400361.0,1400404.0
2026-07-07 09:44:00,1099.0,1099.0,1098.0,1099.0,607.0,1400404.0,1400071.0
2026-07-07 09:45:00,1099.0,1100.0,1098.0,1099.0,7221.0,1400071.0,1400554.0
2026-07-07 09:46:00,1099.0,1099.0,1098.0,1098.0,645.0,1400554.0,1400290.0
2026-07-07 09:47:00,1098.0,1101.0,1098.0,1101.0,3729.0,1400290.0,1400654.0
2026-07-07 09:48:00,1101.0,1101.0,1099.0,1101.0,2470.0,1400654.0,1400591.0
2026-07-07 09:49:00,1101.0,1101.0,1099.0,1100.0,2566.0,1400591.0,1400009.0
2026-07-07 09:50:00,1100.0,1100.0,1099.0,1099.0,1826.0,1400009.0,1399694.0
2026-07-07 09:51:00,1099.0,1100.0,1099.0,1100.0,296.0,1399694.0,1399566.0
2026-07-07 09:52:00,1100.0,1100.0,1099.0,1099.0,280.0,1399566.0,1399475.0
2026-07-07 09:53:00,1099.0,1100.0,1098.0,1098.0,2296.0,1399475.0,1399255.0
2026-07-07 09:54:00,1098.0,1099.0,1098.0,1098.0,339.0,1399255.0,1399390.0
2026-07-07 09:55:00,1098.0,1099.0,1098.0,1098.0,210.0,1399390.0,1399389.0
2026-07-07 09:56:00,1098.0,1100.0,1098.0,1099.0,1677.0,1399389.0,1399221.0
2026-07-07 09:57:00,1099.0,1100.0,1099.0,1100.0,229.0,1399221.0,1399312.0
2026-07-07 09:58:00,1100.0,1100.0,1099.0,1100.0,226.0,1399312.0,1399361.0
2026-07-07 09:59:00,1100.0,1100.0,1099.0,1099.0,192.0,1399361.0,1399369.0
2026-07-07 10:00:00,1099.0,1100.0,1098.0,1100.0,2431.0,1399369.0,1399971.0
2026-07-07 10:01:00,1100.0,1100.0,1099.0,1100.0,321.0,1399971.0,1399910.0
2026-07-07 10:02:00,1100.0,1100.0,1098.0,1099.0,1085.0,1399910.0,1399836.0
2026-07-07 10:03:00,1099.0,1100.0,1099.0,1099.0,407.0,1399836.0,1399818.0
2026-07-07 10:04:00,1099.0,1100.0,1099.0,1099.0,292.0,1399818.0,1399708.0
2026-07-07 10:05:00,1099.0,1100.0,1099.0,1100.0,209.0,1399708.0,1399785.0
2026-07-07 10:06:00,1100.0,1100.0,1099.0,1099.0,245.0,1399785.0,1399761.0
2026-07-07 10:07:00,1099.0,1100.0,1099.0,1100.0,293.0,1399761.0,1399847.0
2026-07-07 10:08:00,1100.0,1100.0,1099.0,1100.0,294.0,1399847.0,1399901.0
2026-07-07 10:09:00,1100.0,1100.0,1099.0,1100.0,1525.0,1399901.0,1399914.0
2026-07-07 10:10:00,1100.0,1100.0,1099.0,1099.0,326.0,1399914.0,1399905.0
2026-07-07 10:11:00,1099.0,1100.0,1099.0,1100.0,1419.0,1399905.0,1400216.0
2026-07-07 10:12:00,1100.0,1100.0,1099.0,1099.0,677.0,1400216.0,1400327.0
2026-07-07 10:13:00,1099.0,1100.0,1099.0,1099.0,1551.0,1400327.0,1400325.0
2026-07-07 10:14:00,1099.0,1100.0,1099.0,1099.0,1036.0,1400325.0,1400441.0
2026-07-07 10:30:00,1099.0,1100.0,1098.0,1098.0,2474.0,1400441.0,1400331.0
2026-07-07 10:31:00,1098.0,1100.0,1098.0,1098.0,1469.0,1400331.0,1400120.0
2026-07-07 10:32:00,1098.0,1099.0,1098.0,1099.0,630.0,1400120.0,1400018.0
2026-07-07 10:33:00,1099.0,1099.0,1098.0,1098.0,675.0,1400018.0,1399971.0
2026-07-07 10:34:00,1098.0,1099.0,1098.0,1098.0,551.0,1399971.0,1399872.0
2026-07-07 10:35:00,1098.0,1099.0,1098.0,1099.0,455.0,1399872.0,1399758.0
2026-07-07 10:36:00,1099.0,1099.0,1098.0,1098.0,491.0,1399758.0,1399527.0
2026-07-07 10:37:00,1098.0,1099.0,1098.0,1098.0,1930.0,1399527.0,1399333.0
2026-07-07 10:38:00,1098.0,1099.0,1098.0,1098.0,476.0,1399333.0,1399250.0
2026-07-07 10:39:00,1098.0,1099.0,1097.0,1097.0,554.0,1399250.0,1399250.0
2026-07-07 10:40:00,1097.0,1098.0,1097.0,1098.0,246.0,1399250.0,1399285.0
2026-07-07 10:41:00,1098.0,1098.0,1097.0,1097.0,306.0,1399285.0,1399396.0
2026-07-07 10:42:00,1097.0,1098.0,1096.0,1097.0,2305.0,1399396.0,1398968.0
2026-07-07 10:43:00,1097.0,1097.0,1095.0,1095.0,5036.0,1398968.0,1399018.0
2026-07-07 10:44:00,1095.0,1097.0,1095.0,1095.0,2575.0,1399018.0,1399647.0
2026-07-07 10:45:00,1095.0,1096.0,1094.0,1095.0,4895.0,1399647.0,1400899.0
2026-07-07 10:46:00,1095.0,1095.0,1094.0,1094.0,2918.0,1400899.0,1400741.0
2026-07-07 10:47:00,1094.0,1095.0,1094.0,1094.0,838.0,1400741.0,1400865.0
2026-07-07 10:48:00,1094.0,1095.0,1094.0,1095.0,633.0,1400865.0,1400750.0
2026-07-07 10:49:00,1095.0,1095.0,1094.0,1094.0,443.0,1400750.0,1400710.0
2026-07-07 10:50:00,1094.0,1095.0,1092.0,1093.0,11396.0,1400710.0,1400736.0
2026-07-07 10:51:00,1093.0,1094.0,1093.0,1094.0,3787.0,1400736.0,1400044.0
2026-07-07 10:52:00,1094.0,1094.0,1093.0,1093.0,1070.0,1400044.0,1400340.0
2026-07-07 10:53:00,1093.0,1095.0,1093.0,1095.0,2421.0,1400340.0,1400623.0
2026-07-07 10:54:00,1095.0,1095.0,1093.0,1094.0,1091.0,1400623.0,1400846.0
2026-07-07 10:55:00,1094.0,1094.0,1093.0,1094.0,765.0,1400846.0,1400819.0
2026-07-07 10:56:00,1094.0,1094.0,1093.0,1094.0,585.0,1400819.0,1401030.0
2026-07-07 10:57:00,1094.0,1094.0,1093.0,1094.0,586.0,1401030.0,1401364.0
2026-07-07 10:58:00,1094.0,1094.0,1093.0,1094.0,564.0,1401364.0,1401292.0
2026-07-07 10:59:00,1094.0,1094.0,1093.0,1094.0,630.0,1401292.0,1401523.0
2026-07-07 11:00:00,1094.0,1094.0,1093.0,1093.0,490.0,1401523.0,1401465.0
2026-07-07 11:01:00,1093.0,1095.0,1093.0,1095.0,1620.0,1401465.0,1401437.0
2026-07-07 11:02:00,1095.0,1095.0,1093.0,1094.0,2139.0,1401437.0,1401377.0
2026-07-07 11:03:00,1094.0,1095.0,1093.0,1094.0,858.0,1401377.0,1401254.0
2026-07-07 11:04:00,1094.0,1095.0,1094.0,1095.0,346.0,1401254.0,1401320.0
2026-07-07 11:05:00,1095.0,1095.0,1094.0,1094.0,265.0,1401320.0,1401279.0
2026-07-07 11:06:00,1094.0,1095.0,1094.0,1094.0,3306.0,1401279.0,1400744.0
2026-07-07 11:07:00,1094.0,1095.0,1094.0,1094.0,431.0,1400744.0,1400839.0
2026-07-07 11:08:00,1094.0,1095.0,1094.0,1095.0,365.0,1400839.0,1400740.0
2026-07-07 11:09:00,1095.0,1095.0,1094.0,1094.0,313.0,1400740.0,1400716.0
2026-07-07 11:10:00,1094.0,1095.0,1094.0,1095.0,220.0,1400716.0,1400738.0
2026-07-07 11:11:00,1095.0,1095.0,1094.0,1094.0,495.0,1400738.0,1400689.0
2026-07-07 11:12:00,1094.0,1095.0,1094.0,1095.0,139.0,1400689.0,1400720.0
2026-07-07 11:13:00,1095.0,1095.0,1093.0,1094.0,2507.0,1400720.0,1401278.0
2026-07-07 11:14:00,1094.0,1094.0,1093.0,1094.0,316.0,1401278.0,1401330.0
2026-07-07 11:15:00,1094.0,1094.0,1092.0,1094.0,4515.0,1401330.0,1401970.0
2026-07-07 11:16:00,1094.0,1094.0,1093.0,1093.0,301.0,1401970.0,1401912.0
2026-07-07 11:17:00,1093.0,1094.0,1092.0,1093.0,966.0,1401912.0,1401940.0
2026-07-07 11:18:00,1093.0,1094.0,1092.0,1094.0,2315.0,1401940.0,1402010.0
2026-07-07 11:19:00,1094.0,1094.0,1093.0,1093.0,239.0,1402010.0,1402011.0
2026-07-07 11:20:00,1093.0,1094.0,1093.0,1093.0,1066.0,1402011.0,1401835.0
2026-07-07 11:21:00,1093.0,1094.0,1093.0,1094.0,266.0,1401835.0,1401858.0
2026-07-07 11:22:00,1094.0,1094.0,1093.0,1093.0,754.0,1401858.0,1401756.0
2026-07-07 11:23:00,1093.0,1094.0,1093.0,1094.0,234.0,1401756.0,1401818.0
2026-07-07 11:24:00,1094.0,1094.0,1092.0,1093.0,2514.0,1401818.0,1401444.0
2026-07-07 11:25:00,1093.0,1093.0,1092.0,1093.0,513.0,1401444.0,1401487.0
2026-07-07 11:26:00,1093.0,1093.0,1092.0,1092.0,807.0,1401487.0,1401463.0
2026-07-07 11:27:00,1092.0,1094.0,1092.0,1093.0,2249.0,1401463.0,1400906.0
2026-07-07 11:28:00,1093.0,1094.0,1092.0,1093.0,1686.0,1400906.0,1400709.0
2026-07-07 11:29:00,1093.0,1094.0,1092.0,1093.0,2106.0,1400709.0,1400457.0
2026-07-07 13:30:00,1093.0,1093.0,1091.0,1091.0,8255.0,1400457.0,1402214.0
2026-07-07 13:31:00,1091.0,1092.0,1090.0,1090.0,5249.0,1402214.0,1402473.0
2026-07-07 13:32:00,1090.0,1090.0,1088.0,1090.0,16261.0,1402473.0,1399486.0
2026-07-07 13:33:00,1090.0,1090.0,1088.0,1089.0,5226.0,1399486.0,1398872.0
2026-07-07 13:34:00,1089.0,1089.0,1087.0,1088.0,5585.0,1398872.0,1398458.0
2026-07-07 13:35:00,1088.0,1089.0,1088.0,1089.0,2828.0,1398458.0,1399249.0
2026-07-07 13:36:00,1089.0,1090.0,1088.0,1089.0,4704.0,1399249.0,1399147.0
2026-07-07 13:37:00,1089.0,1089.0,1088.0,1088.0,841.0,1399147.0,1399253.0
2026-07-07 13:38:00,1088.0,1089.0,1088.0,1089.0,1135.0,1399253.0,1399699.0
2026-07-07 13:39:00,1089.0,1089.0,1086.0,1086.0,7859.0,1399699.0,1401244.0
2026-07-07 13:40:00,1086.0,1088.0,1086.0,1087.0,7403.0,1401244.0,1400929.0
2026-07-07 13:41:00,1087.0,1087.0,1086.0,1087.0,2283.0,1400929.0,1401216.0
2026-07-07 13:42:00,1087.0,1087.0,1085.0,1085.0,8598.0,1401216.0,1401475.0
2026-07-07 13:43:00,1085.0,1086.0,1084.0,1084.0,6692.0,1401475.0,1402100.0
2026-07-07 13:44:00,1084.0,1085.0,1082.0,1082.0,13552.0,1402100.0,1402324.0
2026-07-07 13:45:00,1082.0,1083.0,1080.0,1082.0,22913.0,1402324.0,1405766.0
2026-07-07 13:46:00,1082.0,1082.0,1077.0,1081.0,32568.0,1405766.0,1412361.0
2026-07-07 13:47:00,1081.0,1081.0,1079.0,1079.0,8526.0,1412361.0,1413154.0
2026-07-07 13:48:00,1079.0,1080.0,1078.0,1079.0,12613.0,1413154.0,1417878.0
2026-07-07 13:49:00,1079.0,1079.0,1077.0,1079.0,13711.0,1417878.0,1420286.0
2026-07-07 13:50:00,1079.0,1079.0,1077.0,1079.0,9042.0,1420286.0,1422326.0
2026-07-07 13:51:00,1079.0,1080.0,1078.0,1079.0,10492.0,1422326.0,1423319.0
2026-07-07 13:52:00,1079.0,1080.0,1078.0,1080.0,5848.0,1423319.0,1425200.0
2026-07-07 13:53:00,1080.0,1081.0,1079.0,1080.0,6391.0,1425200.0,1425759.0
2026-07-07 13:54:00,1080.0,1081.0,1079.0,1079.0,6311.0,1425759.0,1426596.0
2026-07-07 13:55:00,1079.0,1080.0,1078.0,1080.0,6553.0,1426596.0,1429095.0
2026-07-07 13:56:00,1080.0,1080.0,1076.0,1077.0,17882.0,1429095.0,1434662.0
2026-07-07 13:57:00,1077.0,1077.0,1075.0,1076.0,15556.0,1434662.0,1436884.0
2026-07-07 13:58:00,1076.0,1078.0,1076.0,1077.0,9883.0,1436884.0,1437169.0
2026-07-07 13:59:00,1077.0,1078.0,1076.0,1078.0,4312.0,1437169.0,1438090.0
2026-07-07 14:00:00,1078.0,1078.0,1076.0,1076.0,5534.0,1438090.0,1439385.0
2026-07-07 14:01:00,1076.0,1077.0,1076.0,1076.0,3499.0,1439385.0,1440092.0
2026-07-07 14:02:00,1076.0,1077.0,1075.0,1076.0,6968.0,1440092.0,1441433.0
2026-07-07 14:03:00,1076.0,1077.0,1076.0,1077.0,3628.0,1441433.0,1442539.0
2026-07-07 14:04:00,1077.0,1078.0,1076.0,1078.0,3922.0,1442539.0,1443307.0
2026-07-07 14:05:00,1078.0,1078.0,1076.0,1078.0,6906.0,1443307.0,1444242.0
2026-07-07 14:06:00,1078.0,1078.0,1076.0,1077.0,5084.0,1444242.0,1445355.0
2026-07-07 14:07:00,1077.0,1077.0,1076.0,1077.0,4537.0,1445355.0,1446990.0
2026-07-07 14:08:00,1077.0,1077.0,1075.0,1076.0,5719.0,1446990.0,1449649.0
2026-07-07 14:09:00,1076.0,1077.0,1075.0,1075.0,4566.0,1449649.0,1450393.0
2026-07-07 14:10:00,1075.0,1076.0,1075.0,1076.0,1490.0,1450393.0,1450488.0
2026-07-07 14:11:00,1076.0,1076.0,1075.0,1075.0,2454.0,1450488.0,1451077.0
2026-07-07 14:12:00,1075.0,1076.0,1075.0,1075.0,2355.0,1451077.0,1452043.0
2026-07-07 14:13:00,1075.0,1076.0,1075.0,1076.0,1942.0,1452043.0,1453142.0
2026-07-07 14:14:00,1076.0,1076.0,1074.0,1074.0,11395.0,1453142.0,1458301.0
2026-07-07 14:15:00,1074.0,1075.0,1073.0,1074.0,6103.0,1458301.0,1458755.0
2026-07-07 14:16:00,1074.0,1076.0,1074.0,1075.0,13082.0,1458755.0,1459521.0
2026-07-07 14:17:00,1075.0,1075.0,1074.0,1074.0,3862.0,1459521.0,1459515.0
2026-07-07 14:18:00,1074.0,1075.0,1074.0,1075.0,3133.0,1459515.0,1459450.0
2026-07-07 14:19:00,1075.0,1076.0,1074.0,1074.0,1964.0,1459450.0,1459777.0
2026-07-07 14:20:00,1074.0,1075.0,1074.0,1075.0,2384.0,1459777.0,1460504.0
2026-07-07 14:21:00,1075.0,1075.0,1074.0,1075.0,1511.0,1460504.0,1460670.0
2026-07-07 14:22:00,1075.0,1075.0,1073.0,1073.0,8066.0,1460670.0,1463297.0
2026-07-07 14:23:00,1073.0,1075.0,1073.0,1075.0,3893.0,1463297.0,1464322.0
2026-07-07 14:24:00,1075.0,1075.0,1074.0,1075.0,4887.0,1464322.0,1465170.0
2026-07-07 14:25:00,1075.0,1075.0,1074.0,1075.0,2568.0,1465170.0,1465476.0
2026-07-07 14:26:00,1075.0,1075.0,1073.0,1073.0,2235.0,1465476.0,1465972.0
2026-07-07 14:27:00,1073.0,1074.0,1073.0,1074.0,905.0,1465972.0,1466083.0
2026-07-07 14:28:00,1074.0,1074.0,1073.0,1074.0,1286.0,1466083.0,1466375.0
2026-07-07 14:29:00,1074.0,1074.0,1073.0,1073.0,959.0,1466375.0,1466593.0
2026-07-07 14:30:00,1073.0,1074.0,1073.0,1074.0,1327.0,1466593.0,1466919.0
2026-07-07 14:31:00,1074.0,1074.0,1072.0,1072.0,6231.0,1466919.0,1467557.0
2026-07-07 14:32:00,1072.0,1073.0,1072.0,1072.0,2475.0,1467557.0,1467740.0
2026-07-07 14:33:00,1072.0,1074.0,1072.0,1073.0,5694.0,1467740.0,1468647.0
2026-07-07 14:34:00,1073.0,1073.0,1072.0,1072.0,1716.0,1468647.0,1469055.0
2026-07-07 14:35:00,1072.0,1074.0,1072.0,1074.0,2509.0,1469055.0,1469271.0
2026-07-07 14:36:00,1074.0,1074.0,1073.0,1074.0,3282.0,1469271.0,1469424.0
2026-07-07 14:37:00,1074.0,1075.0,1073.0,1074.0,4740.0,1469424.0,1469785.0
2026-07-07 14:38:00,1074.0,1075.0,1073.0,1073.0,3513.0,1469785.0,1470419.0
2026-07-07 14:39:00,1073.0,1074.0,1073.0,1074.0,1047.0,1470419.0,1470528.0
2026-07-07 14:40:00,1074.0,1074.0,1071.0,1073.0,12897.0,1470528.0,1473714.0
2026-07-07 14:41:00,1073.0,1073.0,1072.0,1072.0,1137.0,1473714.0,1473878.0
2026-07-07 14:42:00,1072.0,1073.0,1072.0,1073.0,3786.0,1473878.0,1473634.0
2026-07-07 14:43:00,1073.0,1074.0,1072.0,1074.0,2086.0,1473634.0,1473723.0
2026-07-07 14:44:00,1074.0,1074.0,1073.0,1074.0,1107.0,1473723.0,1473747.0
2026-07-07 14:45:00,1074.0,1074.0,1072.0,1073.0,3673.0,1473747.0,1474150.0
2026-07-07 14:46:00,1073.0,1073.0,1071.0,1072.0,4806.0,1474150.0,1474678.0
2026-07-07 14:47:00,1072.0,1073.0,1071.0,1071.0,4156.0,1474678.0,1475894.0
2026-07-07 14:48:00,1071.0,1072.0,1071.0,1071.0,1874.0,1475894.0,1476512.0
2026-07-07 14:49:00,1071.0,1072.0,1071.0,1071.0,2216.0,1476512.0,1476438.0
2026-07-07 14:50:00,1071.0,1072.0,1071.0,1071.0,2440.0,1476438.0,1476913.0
2026-07-07 14:51:00,1071.0,1072.0,1071.0,1071.0,2446.0,1476913.0,1477292.0
2026-07-07 14:52:00,1071.0,1072.0,1071.0,1071.0,2297.0,1477292.0,1477202.0
2026-07-07 14:53:00,1071.0,1072.0,1071.0,1071.0,3776.0,1477202.0,1476752.0
2026-07-07 14:54:00,1071.0,1072.0,1070.0,1071.0,7872.0,1476752.0,1475367.0
2026-07-07 14:55:00,1071.0,1072.0,1071.0,1072.0,3046.0,1475367.0,1474458.0
2026-07-07 14:56:00,1072.0,1073.0,1071.0,1073.0,5612.0,1474458.0,1472356.0
2026-07-07 14:57:00,1073.0,1073.0,1072.0,1072.0,2175.0,1472356.0,1471997.0
2026-07-07 14:58:00,1072.0,1073.0,1072.0,1073.0,5752.0,1471997.0,1471079.0
2026-07-07 14:59:00,1073.0,1073.0,1070.0,1070.0,12988.0,1471079.0,1472543.0
2026-07-07 21:00:00,1072.0,1074.0,1070.0,1073.0,29225.0,1472543.0,1474597.0
2026-07-07 21:01:00,1073.0,1073.0,1071.0,1072.0,9944.0,1474597.0,1475124.0
2026-07-07 21:02:00,1072.0,1074.0,1072.0,1072.0,7168.0,1475124.0,1476093.0
2026-07-07 21:03:00,1072.0,1073.0,1072.0,1072.0,3693.0,1476093.0,1476918.0
2026-07-07 21:04:00,1072.0,1074.0,1072.0,1074.0,9059.0,1476918.0,1478468.0
2026-07-07 21:05:00,1074.0,1074.0,1073.0,1073.0,2185.0,1478468.0,1478874.0
2026-07-07 21:06:00,1073.0,1074.0,1072.0,1072.0,6426.0,1478874.0,1479333.0
2026-07-07 21:07:00,1072.0,1074.0,1072.0,1072.0,5011.0,1479333.0,1480662.0
2026-07-07 21:08:00,1072.0,1073.0,1072.0,1073.0,2922.0,1480662.0,1481084.0
2026-07-07 21:09:00,1073.0,1074.0,1072.0,1074.0,2810.0,1481084.0,1481503.0
2026-07-07 21:10:00,1074.0,1075.0,1073.0,1075.0,5193.0,1481503.0,1482719.0
2026-07-07 21:11:00,1075.0,1075.0,1074.0,1074.0,2862.0,1482719.0,1482033.0
2026-07-07 21:12:00,1074.0,1075.0,1074.0,1075.0,1690.0,1482033.0,1481774.0
2026-07-07 21:13:00,1075.0,1075.0,1074.0,1075.0,1931.0,1481774.0,1481408.0
2026-07-07 21:14:00,1075.0,1075.0,1074.0,1074.0,2425.0,1481408.0,1480935.0
2026-07-07 21:15:00,1074.0,1075.0,1074.0,1075.0,2451.0,1480935.0,1480351.0
2026-07-07 21:16:00,1075.0,1076.0,1074.0,1076.0,6339.0,1480351.0,1481047.0
2026-07-07 21:17:00,1076.0,1076.0,1075.0,1076.0,2352.0,1481047.0,1480795.0
2026-07-07 21:18:00,1076.0,1076.0,1075.0,1076.0,3926.0,1480795.0,1480762.0
2026-07-07 21:19:00,1076.0,1077.0,1075.0,1075.0,4018.0,1480762.0,1481509.0
2026-07-07 21:20:00,1075.0,1076.0,1075.0,1075.0,1521.0,1481509.0,1481418.0
2026-07-07 21:21:00,1075.0,1077.0,1075.0,1076.0,2439.0,1481418.0,1480936.0
2026-07-07 21:22:00,1076.0,1077.0,1076.0,1077.0,2524.0,1480936.0,1481284.0
2026-07-07 21:23:00,1077.0,1078.0,1076.0,1077.0,7260.0,1481284.0,1479125.0
2026-07-07 21:24:00,1077.0,1079.0,1077.0,1078.0,10752.0,1479125.0,1477748.0
2026-07-07 21:25:00,1078.0,1078.0,1077.0,1078.0,2472.0,1477748.0,1477589.0
2026-07-07 21:26:00,1078.0,1078.0,1076.0,1076.0,5234.0,1477589.0,1477456.0
2026-07-07 21:27:00,1076.0,1077.0,1076.0,1076.0,4706.0,1477456.0,1477079.0
2026-07-07 21:28:00,1076.0,1077.0,1076.0,1077.0,934.0,1477079.0,1477029.0
2026-07-07 21:29:00,1077.0,1077.0,1076.0,1077.0,1075.0,1477029.0,1477083.0
2026-07-07 21:30:00,1077.0,1077.0,1076.0,1076.0,1671.0,1477083.0,1476592.0
2026-07-07 21:31:00,1076.0,1078.0,1076.0,1076.0,4505.0,1476592.0,1475793.0
2026-07-07 21:32:00,1076.0,1077.0,1076.0,1077.0,1939.0,1475793.0,1476372.0
2026-07-07 21:33:00,1077.0,1078.0,1076.0,1078.0,2768.0,1476372.0,1475935.0
2026-07-07 21:34:00,1078.0,1078.0,1076.0,1077.0,1995.0,1475935.0,1475752.0
2026-07-07 21:35:00,1077.0,1077.0,1076.0,1076.0,907.0,1475752.0,1475632.0
2026-07-07 21:36:00,1076.0,1077.0,1075.0,1075.0,3868.0,1475632.0,1475066.0
2026-07-07 21:37:00,1075.0,1077.0,1075.0,1076.0,1911.0,1475066.0,1475393.0
2026-07-07 21:38:00,1076.0,1077.0,1075.0,1076.0,1673.0,1475393.0,1474893.0
2026-07-07 21:39:00,1076.0,1077.0,1075.0,1075.0,1174.0,1474893.0,1474827.0
2026-07-07 21:40:00,1075.0,1077.0,1075.0,1076.0,1045.0,1474827.0,1474915.0
2026-07-07 21:41:00,1076.0,1077.0,1075.0,1076.0,1754.0,1474915.0,1474782.0
2026-07-07 21:42:00,1076.0,1077.0,1075.0,1076.0,740.0,1474782.0,1474965.0
2026-07-07 21:43:00,1076.0,1077.0,1076.0,1076.0,411.0,1474965.0,1474997.0
2026-07-07 21:44:00,1076.0,1077.0,1076.0,1076.0,757.0,1474997.0,1474824.0
2026-07-07 21:45:00,1076.0,1077.0,1075.0,1075.0,2918.0,1474824.0,1474950.0
2026-07-07 21:46:00,1075.0,1077.0,1075.0,1076.0,1155.0,1474950.0,1474861.0
2026-07-07 21:47:00,1076.0,1077.0,1076.0,1076.0,1002.0,1474861.0,1474854.0
2026-07-07 21:48:00,1076.0,1077.0,1076.0,1076.0,589.0,1474854.0,1474926.0
2026-07-07 21:49:00,1076.0,1077.0,1075.0,1076.0,2566.0,1474926.0,1475242.0
2026-07-07 21:50:00,1076.0,1076.0,1075.0,1076.0,420.0,1475242.0,1475250.0
2026-07-07 21:51:00,1076.0,1076.0,1075.0,1075.0,283.0,1475250.0,1475340.0
2026-07-07 21:52:00,1075.0,1076.0,1075.0,1076.0,361.0,1475340.0,1475416.0
2026-07-07 21:53:00,1076.0,1076.0,1074.0,1074.0,4330.0,1475416.0,1476097.0
2026-07-07 21:54:00,1074.0,1075.0,1074.0,1074.0,1671.0,1476097.0,1476675.0
2026-07-07 21:55:00,1074.0,1075.0,1074.0,1074.0,612.0,1476675.0,1476629.0
2026-07-07 21:56:00,1074.0,1075.0,1074.0,1074.0,479.0,1476629.0,1476752.0
2026-07-07 21:57:00,1074.0,1075.0,1074.0,1074.0,953.0,1476752.0,1477059.0
2026-07-07 21:58:00,1074.0,1075.0,1074.0,1075.0,433.0,1477059.0,1476990.0
2026-07-07 21:59:00,1075.0,1076.0,1074.0,1075.0,3608.0,1476990.0,1476679.0
2026-07-07 22:00:00,1075.0,1076.0,1074.0,1076.0,1170.0,1476679.0,1476329.0
2026-07-07 22:01:00,1076.0,1076.0,1075.0,1076.0,1099.0,1476329.0,1476258.0
2026-07-07 22:02:00,1076.0,1076.0,1075.0,1075.0,652.0,1476258.0,1476192.0
2026-07-07 22:03:00,1075.0,1076.0,1075.0,1075.0,314.0,1476192.0,1476050.0
2026-07-07 22:04:00,1075.0,1076.0,1075.0,1075.0,592.0,1476050.0,1475990.0
2026-07-07 22:05:00,1075.0,1076.0,1075.0,1076.0,672.0,1475990.0,1475779.0
2026-07-07 22:06:00,1076.0,1076.0,1075.0,1075.0,743.0,1475779.0,1475793.0
2026-07-07 22:07:00,1075.0,1076.0,1075.0,1075.0,655.0,1475793.0,1475717.0
2026-07-07 22:08:00,1075.0,1076.0,1075.0,1076.0,961.0,1475717.0,1475552.0
2026-07-07 22:09:00,1076.0,1076.0,1075.0,1075.0,263.0,1475552.0,1475580.0
2026-07-07 22:10:00,1075.0,1076.0,1074.0,1075.0,3806.0,1475580.0,1475466.0
2026-07-07 22:11:00,1075.0,1076.0,1074.0,1075.0,1080.0,1475466.0,1475527.0
2026-07-07 22:12:00,1075.0,1076.0,1074.0,1076.0,1061.0,1475527.0,1475223.0
2026-07-07 22:13:00,1076.0,1076.0,1074.0,1075.0,690.0,1475223.0,1475216.0
2026-07-07 22:14:00,1075.0,1075.0,1074.0,1074.0,289.0,1475216.0,1475284.0
2026-07-07 22:15:00,1074.0,1075.0,1074.0,1075.0,246.0,1475284.0,1475392.0
2026-07-07 22:16:00,1075.0,1075.0,1074.0,1074.0,284.0,1475392.0,1475445.0
2026-07-07 22:17:00,1074.0,1075.0,1074.0,1074.0,263.0,1475445.0,1475391.0
2026-07-07 22:18:00,1074.0,1075.0,1074.0,1074.0,610.0,1475391.0,1475025.0
2026-07-07 22:19:00,1074.0,1075.0,1074.0,1075.0,588.0,1475025.0,1474980.0
2026-07-07 22:20:00,1075.0,1075.0,1074.0,1074.0,277.0,1474980.0,1474981.0
2026-07-07 22:21:00,1074.0,1075.0,1074.0,1075.0,343.0,1474981.0,1474892.0
2026-07-07 22:22:00,1075.0,1075.0,1074.0,1074.0,252.0,1474892.0,1474939.0
2026-07-07 22:23:00,1074.0,1075.0,1074.0,1075.0,307.0,1474939.0,1474928.0
2026-07-07 22:24:00,1075.0,1075.0,1074.0,1075.0,172.0,1474928.0,1474904.0
2026-07-07 22:25:00,1075.0,1075.0,1074.0,1074.0,616.0,1474904.0,1474951.0
2026-07-07 22:26:00,1074.0,1075.0,1074.0,1075.0,255.0,1474951.0,1474923.0
2026-07-07 22:27:00,1075.0,1075.0,1074.0,1074.0,196.0,1474923.0,1474859.0
2026-07-07 22:28:00,1074.0,1075.0,1074.0,1075.0,152.0,1474859.0,1474760.0
2026-07-07 22:29:00,1075.0,1075.0,1074.0,1075.0,185.0,1474760.0,1474711.0
2026-07-07 22:30:00,1075.0,1075.0,1074.0,1075.0,367.0,1474711.0,1474662.0
2026-07-07 22:31:00,1075.0,1075.0,1073.0,1073.0,4845.0,1474662.0,1476393.0
2026-07-07 22:32:00,1073.0,1075.0,1073.0,1074.0,2230.0,1476393.0,1475961.0
2026-07-07 22:33:00,1074.0,1075.0,1074.0,1075.0,138.0,1475961.0,1475912.0
2026-07-07 22:34:00,1075.0,1075.0,1073.0,1073.0,1674.0,1475912.0,1476419.0
2026-07-07 22:35:00,1073.0,1075.0,1073.0,1074.0,634.0,1476419.0,1476394.0
2026-07-07 22:36:00,1074.0,1075.0,1073.0,1074.0,1847.0,1476394.0,1476316.0
2026-07-07 22:37:00,1074.0,1075.0,1074.0,1075.0,811.0,1476316.0,1476305.0
2026-07-07 22:38:00,1075.0,1075.0,1074.0,1074.0,483.0,1476305.0,1476251.0
2026-07-07 22:39:00,1074.0,1075.0,1073.0,1074.0,1906.0,1476251.0,1476889.0
2026-07-07 22:40:00,1074.0,1075.0,1074.0,1074.0,293.0,1476889.0,1476837.0
2026-07-07 22:41:00,1074.0,1075.0,1073.0,1074.0,1596.0,1476837.0,1476832.0
2026-07-07 22:42:00,1074.0,1075.0,1073.0,1074.0,594.0,1476832.0,1476732.0
2026-07-07 22:43:00,1074.0,1075.0,1074.0,1074.0,270.0,1476732.0,1476589.0
2026-07-07 22:44:00,1074.0,1075.0,1074.0,1074.0,226.0,1476589.0,1476568.0
2026-07-07 22:45:00,1074.0,1075.0,1074.0,1075.0,588.0,1476568.0,1476501.0
2026-07-07 22:46:00,1075.0,1075.0,1073.0,1073.0,1758.0,1476501.0,1476773.0
2026-07-07 22:47:00,1073.0,1074.0,1073.0,1073.0,574.0,1476773.0,1476992.0
2026-07-07 22:48:00,1073.0,1074.0,1073.0,1073.0,1421.0,1476992.0,1477644.0
2026-07-07 22:49:00,1073.0,1074.0,1073.0,1074.0,648.0,1477644.0,1477852.0
2026-07-07 22:50:00,1074.0,1074.0,1073.0,1073.0,495.0,1477852.0,1477900.0
2026-07-07 22:51:00,1073.0,1074.0,1073.0,1073.0,1086.0,1477900.0,1477677.0
2026-07-07 22:52:00,1073.0,1074.0,1072.0,1072.0,2743.0,1477677.0,1478712.0
2026-07-07 22:53:00,1072.0,1074.0,1072.0,1072.0,3114.0,1478712.0,1478247.0
2026-07-07 22:54:00,1072.0,1074.0,1072.0,1073.0,1777.0,1478247.0,1478554.0
2026-07-07 22:55:00,1073.0,1074.0,1073.0,1073.0,842.0,1478554.0,1478509.0
2026-07-07 22:56:00,1073.0,1074.0,1073.0,1073.0,457.0,1478509.0,1478405.0
2026-07-07 22:57:00,1073.0,1074.0,1073.0,1074.0,464.0,1478405.0,1478312.0
2026-07-07 22:58:00,1074.0,1074.0,1073.0,1073.0,971.0,1478312.0,1477901.0
2026-07-07 22:59:00,1073.0,1074.0,1072.0,1072.0,3556.0,1477901.0,1476875.0
2026-07-08 09:00:00,1072.0,1075.0,1072.0,1074.0,7253.0,1476875.0,1476201.0
2026-07-08 09:01:00,1074.0,1074.0,1072.0,1073.0,3414.0,1476201.0,1476018.0
2026-07-08 09:02:00,1073.0,1074.0,1073.0,1073.0,4039.0,1476018.0,1476487.0
2026-07-08 09:03:00,1073.0,1075.0,1073.0,1075.0,2992.0,1476487.0,1477295.0
2026-07-08 09:04:00,1075.0,1075.0,1074.0,1075.0,6041.0,1477295.0,1476201.0
2026-07-08 09:05:00,1075.0,1076.0,1074.0,1075.0,4499.0,1476201.0,1476737.0
2026-07-08 09:06:00,1075.0,1075.0,1074.0,1075.0,713.0,1476737.0,1476765.0
2026-07-08 09:07:00,1075.0,1075.0,1073.0,1073.0,3109.0,1476765.0,1476868.0
2026-07-08 09:08:00,1073.0,1074.0,1072.0,1072.0,2453.0,1476868.0,1476477.0
2026-07-08 09:09:00,1072.0,1073.0,1072.0,1073.0,3493.0,1476477.0,1477626.0
2026-07-08 09:10:00,1073.0,1073.0,1072.0,1072.0,580.0,1477626.0,1477612.0
2026-07-08 09:11:00,1072.0,1073.0,1072.0,1072.0,711.0,1477612.0,1477439.0
2026-07-08 09:12:00,1072.0,1073.0,1071.0,1072.0,6593.0,1477439.0,1478371.0
2026-07-08 09:13:00,1072.0,1074.0,1072.0,1074.0,1912.0,1478371.0,1478430.0
2026-07-08 09:14:00,1074.0,1074.0,1072.0,1073.0,1291.0,1478430.0,1478732.0
2026-07-08 09:15:00,1073.0,1073.0,1072.0,1073.0,786.0,1478732.0,1478580.0
2026-07-08 09:16:00,1073.0,1073.0,1071.0,1072.0,3161.0,1478580.0,1478829.0
2026-07-08 09:17:00,1072.0,1073.0,1072.0,1072.0,1517.0,1478829.0,1478616.0
2026-07-08 09:18:00,1072.0,1073.0,1072.0,1073.0,487.0,1478616.0,1478519.0
2026-07-08 09:19:00,1073.0,1073.0,1072.0,1073.0,351.0,1478519.0,1478562.0
2026-07-08 09:20:00,1073.0,1073.0,1072.0,1072.0,883.0,1478562.0,1478597.0
2026-07-08 09:21:00,1072.0,1073.0,1072.0,1073.0,209.0,1478597.0,1478599.0
2026-07-08 09:22:00,1073.0,1074.0,1072.0,1073.0,3984.0,1478599.0,1479234.0
2026-07-08 09:23:00,1073.0,1074.0,1073.0,1074.0,1214.0,1479234.0,1479658.0
2026-07-08 09:24:00,1074.0,1074.0,1072.0,1073.0,2596.0,1479658.0,1479258.0
2026-07-08 09:25:00,1073.0,1073.0,1072.0,1073.0,297.0,1479258.0,1479340.0
2026-07-08 09:26:00,1073.0,1073.0,1072.0,1073.0,662.0,1479340.0,1479172.0
2026-07-08 09:27:00,1073.0,1073.0,1071.0,1072.0,5795.0,1479172.0,1481811.0
2026-07-08 09:28:00,1072.0,1073.0,1072.0,1073.0,678.0,1481811.0,1481805.0
2026-07-08 09:29:00,1073.0,1073.0,1072.0,1073.0,328.0,1481805.0,1481777.0
2026-07-08 09:30:00,1073.0,1074.0,1072.0,1074.0,2723.0,1481777.0,1481970.0
2026-07-08 09:31:00,1074.0,1074.0,1073.0,1074.0,435.0,1481970.0,1481911.0
2026-07-08 09:32:00,1074.0,1075.0,1073.0,1075.0,4921.0,1481911.0,1482210.0
2026-07-08 09:33:00,1075.0,1075.0,1074.0,1075.0,550.0,1482210.0,1482236.0
2026-07-08 09:34:00,1075.0,1076.0,1074.0,1076.0,3311.0,1482236.0,1481390.0
2026-07-08 09:35:00,1076.0,1076.0,1074.0,1076.0,2230.0,1481390.0,1481272.0
2026-07-08 09:36:00,1076.0,1076.0,1075.0,1075.0,523.0,1481272.0,1481305.0
2026-07-08 09:37:00,1075.0,1076.0,1074.0,1076.0,2435.0,1481305.0,1480952.0
2026-07-08 09:38:00,1076.0,1076.0,1074.0,1075.0,990.0,1480952.0,1480865.0
2026-07-08 09:39:00,1075.0,1076.0,1075.0,1075.0,862.0,1480865.0,1480623.0
2026-07-08 09:40:00,1075.0,1076.0,1074.0,1075.0,1433.0,1480623.0,1480752.0
2026-07-08 09:41:00,1075.0,1076.0,1075.0,1075.0,1119.0,1480752.0,1480627.0
2026-07-08 09:42:00,1075.0,1076.0,1075.0,1075.0,558.0,1480627.0,1480561.0
2026-07-08 09:43:00,1075.0,1076.0,1075.0,1076.0,1021.0,1480561.0,1480255.0
2026-07-08 09:44:00,1076.0,1077.0,1075.0,1077.0,3963.0,1480255.0,1479963.0
2026-07-08 09:45:00,1077.0,1078.0,1076.0,1077.0,4926.0,1479963.0,1478013.0
2026-07-08 09:46:00,1077.0,1078.0,1076.0,1078.0,4591.0,1478013.0,1478494.0
2026-07-08 09:47:00,1078.0,1078.0,1077.0,1077.0,1774.0,1478494.0,1477988.0
2026-07-08 09:48:00,1077.0,1078.0,1077.0,1077.0,1301.0,1477988.0,1477559.0
2026-07-08 09:49:00,1077.0,1078.0,1077.0,1078.0,979.0,1477559.0,1477471.0
2026-07-08 09:50:00,1078.0,1078.0,1076.0,1077.0,4428.0,1477471.0,1477632.0
2026-07-08 09:51:00,1077.0,1077.0,1075.0,1076.0,1672.0,1477632.0,1477337.0
2026-07-08 09:52:00,1076.0,1076.0,1074.0,1074.0,2514.0,1477337.0,1476533.0
2026-07-08 09:53:00,1074.0,1076.0,1074.0,1075.0,2639.0,1476533.0,1476505.0
2026-07-08 09:54:00,1075.0,1077.0,1075.0,1076.0,5471.0,1476505.0,1479183.0
2026-07-08 09:55:00,1076.0,1076.0,1075.0,1076.0,954.0,1479183.0,1479173.0
2026-07-08 09:56:00,1076.0,1076.0,1075.0,1076.0,1062.0,1479173.0,1478844.0
2026-07-08 09:57:00,1076.0,1077.0,1075.0,1076.0,699.0,1478844.0,1478860.0
2026-07-08 09:58:00,1076.0,1077.0,1076.0,1077.0,825.0,1478860.0,1478724.0
2026-07-08 09:59:00,1077.0,1077.0,1076.0,1076.0,658.0,1478724.0,1478652.0
2026-07-08 10:00:00,1076.0,1077.0,1076.0,1077.0,651.0,1478652.0,1478659.0
2026-07-08 10:01:00,1077.0,1078.0,1076.0,1078.0,3363.0,1478659.0,1479277.0
2026-07-08 10:02:00,1078.0,1078.0,1077.0,1077.0,3106.0,1479277.0,1479469.0
2026-07-08 10:03:00,1077.0,1078.0,1076.0,1077.0,2717.0,1479469.0,1480069.0
2026-07-08 10:04:00,1077.0,1077.0,1076.0,1076.0,249.0,1480069.0,1479987.0
2026-07-08 10:05:00,1076.0,1077.0,1076.0,1077.0,281.0,1479987.0,1480062.0
2026-07-08 10:06:00,1077.0,1077.0,1075.0,1077.0,3499.0,1480062.0,1480155.0
2026-07-08 10:07:00,1077.0,1077.0,1076.0,1077.0,332.0,1480155.0,1480105.0
2026-07-08 10:08:00,1077.0,1078.0,1076.0,1076.0,4598.0,1480105.0,1479245.0
2026-07-08 10:09:00,1076.0,1077.0,1076.0,1077.0,744.0,1479245.0,1479375.0
2026-07-08 10:10:00,1077.0,1077.0,1076.0,1076.0,1090.0,1479375.0,1478901.0
2026-07-08 10:11:00,1076.0,1077.0,1076.0,1076.0,1606.0,1478901.0,1478468.0
2026-07-08 10:12:00,1076.0,1077.0,1075.0,1077.0,1170.0,1478468.0,1477948.0
2026-07-08 10:13:00,1077.0,1077.0,1076.0,1076.0,1830.0,1477948.0,1477430.0
2026-07-08 10:14:00,1076.0,1077.0,1076.0,1076.0,1247.0,1477430.0,1477322.0
2026-07-08 10:30:00,1077.0,1078.0,1076.0,1076.0,4780.0,1477322.0,1477416.0
2026-07-08 10:31:00,1076.0,1077.0,1075.0,1076.0,1896.0,1477416.0,1476758.0
2026-07-08 10:32:00,1076.0,1076.0,1075.0,1076.0,416.0,1476758.0,1476921.0
2026-07-08 10:33:00,1076.0,1077.0,1075.0,1077.0,1694.0,1476921.0,1477052.0
2026-07-08 10:34:00,1077.0,1077.0,1076.0,1077.0,394.0,1477052.0,1477126.0
2026-07-08 10:35:00,1077.0,1077.0,1076.0,1076.0,706.0,1477126.0,1477201.0
2026-07-08 10:36:00,1076.0,1077.0,1076.0,1076.0,3747.0,1477201.0,1476738.0
2026-07-08 10:37:00,1076.0,1077.0,1076.0,1077.0,768.0,1476738.0,1476728.0
2026-07-08 10:38:00,1077.0,1077.0,1076.0,1077.0,601.0,1476728.0,1476949.0
2026-07-08 10:39:00,1077.0,1077.0,1076.0,1076.0,256.0,1476949.0,1476905.0
2026-07-08 10:40:00,1076.0,1077.0,1076.0,1076.0,449.0,1476905.0,1477042.0
2026-07-08 10:41:00,1076.0,1077.0,1075.0,1076.0,2703.0,1477042.0,1476836.0
2026-07-08 10:42:00,1076.0,1077.0,1076.0,1076.0,992.0,1476836.0,1477145.0
2026-07-08 10:43:00,1076.0,1077.0,1076.0,1076.0,1310.0,1477145.0,1477184.0
2026-07-08 10:44:00,1076.0,1077.0,1076.0,1077.0,637.0,1477184.0,1477149.0
2026-07-08 10:45:00,1077.0,1078.0,1076.0,1078.0,3529.0,1477149.0,1476755.0
2026-07-08 10:46:00,1078.0,1078.0,1077.0,1078.0,2268.0,1476755.0,1477066.0
2026-07-08 10:47:00,1078.0,1078.0,1077.0,1078.0,340.0,1477066.0,1477083.0
2026-07-08 10:48:00,1078.0,1079.0,1077.0,1078.0,7049.0,1477083.0,1474568.0
2026-07-08 10:49:00,1078.0,1080.0,1078.0,1079.0,7207.0,1474568.0,1472059.0
2026-07-08 10:50:00,1079.0,1080.0,1078.0,1079.0,5323.0,1472059.0,1471002.0
2026-07-08 10:51:00,1079.0,1080.0,1078.0,1079.0,1419.0,1471002.0,1470924.0
2026-07-08 10:52:00,1079.0,1079.0,1078.0,1078.0,1124.0,1470924.0,1470612.0
2026-07-08 10:53:00,1078.0,1079.0,1078.0,1079.0,449.0,1470612.0,1470566.0
2026-07-08 10:54:00,1079.0,1079.0,1078.0,1079.0,554.0,1470566.0,1470398.0
2026-07-08 10:55:00,1079.0,1079.0,1077.0,1079.0,2741.0,1470398.0,1470045.0
2026-07-08 10:56:00,1079.0,1079.0,1078.0,1078.0,276.0,1470045.0,1469979.0
2026-07-08 10:57:00,1078.0,1080.0,1078.0,1080.0,3863.0,1469979.0,1470465.0
2026-07-08 10:58:00,1080.0,1080.0,1078.0,1078.0,1253.0,1470465.0,1470150.0
2026-07-08 10:59:00,1078.0,1079.0,1078.0,1079.0,286.0,1470150.0,1470137.0
2026-07-08 11:00:00,1079.0,1079.0,1078.0,1079.0,422.0,1470137.0,1470016.0
2026-07-08 11:01:00,1079.0,1079.0,1078.0,1078.0,552.0,1470016.0,1469778.0
2026-07-08 11:02:00,1078.0,1079.0,1078.0,1079.0,676.0,1469778.0,1469595.0
2026-07-08 11:03:00,1079.0,1079.0,1078.0,1079.0,406.0,1469595.0,1469494.0
2026-07-08 11:04:00,1079.0,1080.0,1078.0,1079.0,1114.0,1469494.0,1469466.0
2026-07-08 11:05:00,1079.0,1080.0,1079.0,1080.0,463.0,1469466.0,1469343.0
2026-07-08 11:06:00,1080.0,1080.0,1079.0,1080.0,729.0,1469343.0,1469318.0
2026-07-08 11:07:00,1080.0,1081.0,1079.0,1080.0,8536.0,1469318.0,1468128.0
2026-07-08 11:08:00,1080.0,1081.0,1080.0,1081.0,1374.0,1468128.0,1467966.0
2026-07-08 11:09:00,1081.0,1082.0,1080.0,1081.0,3093.0,1467966.0,1467613.0
2026-07-08 11:10:00,1081.0,1082.0,1080.0,1081.0,4857.0,1467613.0,1467022.0
2026-07-08 11:11:00,1081.0,1081.0,1080.0,1081.0,2743.0,1467022.0,1466836.0
2026-07-08 11:12:00,1081.0,1082.0,1080.0,1082.0,1966.0,1466836.0,1467194.0
2026-07-08 11:13:00,1082.0,1082.0,1081.0,1082.0,1332.0,1467194.0,1467264.0
2026-07-08 11:14:00,1082.0,1082.0,1081.0,1082.0,983.0,1467264.0,1467000.0
2026-07-08 11:15:00,1082.0,1082.0,1080.0,1081.0,3608.0,1467000.0,1466215.0
2026-07-08 11:16:00,1081.0,1082.0,1080.0,1082.0,1243.0,1466215.0,1466211.0
2026-07-08 11:17:00,1082.0,1083.0,1081.0,1083.0,5593.0,1466211.0,1466518.0
2026-07-08 11:18:00,1083.0,1083.0,1082.0,1083.0,1579.0,1466518.0,1466003.0
2026-07-08 11:19:00,1083.0,1083.0,1082.0,1082.0,783.0,1466003.0,1465871.0
2026-07-08 11:20:00,1082.0,1083.0,1082.0,1082.0,777.0,1465871.0,1465622.0
2026-07-08 11:21:00,1082.0,1083.0,1082.0,1083.0,1585.0,1465622.0,1465293.0
2026-07-08 11:22:00,1083.0,1084.0,1082.0,1083.0,8638.0,1465293.0,1462958.0
2026-07-08 11:23:00,1083.0,1083.0,1081.0,1082.0,5540.0,1462958.0,1461695.0
2026-07-08 11:24:00,1082.0,1083.0,1081.0,1083.0,3528.0,1461695.0,1461542.0
2026-07-08 11:25:00,1083.0,1083.0,1082.0,1082.0,1753.0,1461542.0,1461178.0
2026-07-08 11:26:00,1082.0,1084.0,1082.0,1083.0,4264.0,1461178.0,1460224.0
2026-07-08 11:27:00,1083.0,1083.0,1081.0,1082.0,3417.0,1460224.0,1458866.0
2026-07-08 11:28:00,1082.0,1083.0,1081.0,1082.0,2484.0,1458866.0,1458438.0
2026-07-08 11:29:00,1082.0,1083.0,1081.0,1081.0,2789.0,1458438.0,1457223.0
2026-07-08 13:30:00,1082.0,1082.0,1080.0,1081.0,4535.0,1457223.0,1456795.0
2026-07-08 13:31:00,1081.0,1082.0,1080.0,1081.0,4029.0,1456795.0,1455421.0
2026-07-08 13:32:00,1081.0,1082.0,1080.0,1081.0,3836.0,1455421.0,1454437.0
2026-07-08 13:33:00,1081.0,1082.0,1080.0,1081.0,1994.0,1454437.0,1454805.0
2026-07-08 13:34:00,1081.0,1082.0,1081.0,1081.0,1154.0,1454805.0,1455088.0
2026-07-08 13:35:00,1081.0,1082.0,1081.0,1081.0,785.0,1455088.0,1455110.0
2026-07-08 13:36:00,1081.0,1082.0,1081.0,1082.0,967.0,1455110.0,1454944.0
2026-07-08 13:37:00,1082.0,1082.0,1081.0,1082.0,1142.0,1454944.0,1454860.0
2026-07-08 13:38:00,1082.0,1083.0,1081.0,1081.0,2429.0,1454860.0,1454704.0
2026-07-08 13:39:00,1081.0,1082.0,1081.0,1081.0,826.0,1454704.0,1454889.0
2026-07-08 13:40:00,1081.0,1082.0,1080.0,1082.0,5326.0,1454889.0,1455306.0
2026-07-08 13:41:00,1082.0,1082.0,1081.0,1082.0,872.0,1455306.0,1455041.0
2026-07-08 13:42:00,1082.0,1082.0,1081.0,1082.0,710.0,1455041.0,1454939.0
2026-07-08 13:43:00,1082.0,1082.0,1081.0,1081.0,519.0,1454939.0,1454814.0
2026-07-08 13:44:00,1081.0,1083.0,1081.0,1083.0,1838.0,1454814.0,1454892.0
2026-07-08 13:45:00,1083.0,1083.0,1082.0,1083.0,1393.0,1454892.0,1455053.0
2026-07-08 13:46:00,1083.0,1084.0,1082.0,1083.0,3296.0,1455053.0,1454931.0
2026-07-08 13:47:00,1083.0,1084.0,1082.0,1083.0,4790.0,1454931.0,1453977.0
2026-07-08 13:48:00,1083.0,1083.0,1082.0,1082.0,471.0,1453977.0,1453847.0
2026-07-08 13:49:00,1082.0,1083.0,1082.0,1083.0,496.0,1453847.0,1453842.0
2026-07-08 13:50:00,1083.0,1083.0,1081.0,1082.0,2953.0,1453842.0,1453056.0
2026-07-08 13:51:00,1082.0,1082.0,1081.0,1082.0,1340.0,1453056.0,1452921.0
2026-07-08 13:52:00,1082.0,1082.0,1081.0,1081.0,685.0,1452921.0,1452927.0
2026-07-08 13:53:00,1081.0,1082.0,1081.0,1082.0,706.0,1452927.0,1452945.0
2026-07-08 13:54:00,1082.0,1082.0,1081.0,1082.0,538.0,1452945.0,1452883.0
2026-07-08 13:55:00,1082.0,1082.0,1081.0,1081.0,552.0,1452883.0,1452839.0
2026-07-08 13:56:00,1081.0,1083.0,1081.0,1082.0,1792.0,1452839.0,1452581.0
2026-07-08 13:57:00,1082.0,1083.0,1082.0,1083.0,453.0,1452581.0,1452575.0
2026-07-08 13:58:00,1083.0,1083.0,1082.0,1083.0,1364.0,1452575.0,1452658.0
2026-07-08 13:59:00,1083.0,1083.0,1081.0,1082.0,4235.0,1452658.0,1451701.0
2026-07-08 14:00:00,1082.0,1083.0,1081.0,1082.0,1904.0,1451701.0,1451578.0
2026-07-08 14:01:00,1082.0,1083.0,1082.0,1082.0,960.0,1451578.0,1451577.0
2026-07-08 14:02:00,1082.0,1083.0,1081.0,1082.0,3192.0,1451577.0,1451647.0
2026-07-08 14:03:00,1082.0,1083.0,1081.0,1082.0,1674.0,1451647.0,1451452.0
2026-07-08 14:04:00,1082.0,1083.0,1081.0,1081.0,966.0,1451452.0,1451317.0
2026-07-08 14:05:00,1081.0,1083.0,1081.0,1082.0,1087.0,1451317.0,1451042.0
2026-07-08 14:06:00,1082.0,1083.0,1082.0,1083.0,957.0,1451042.0,1450830.0
2026-07-08 14:07:00,1083.0,1083.0,1082.0,1082.0,427.0,1450830.0,1450605.0
2026-07-08 14:08:00,1082.0,1083.0,1082.0,1082.0,826.0,1450605.0,1450356.0
2026-07-08 14:09:00,1082.0,1083.0,1081.0,1082.0,1617.0,1450356.0,1449710.0
2026-07-08 14:10:00,1082.0,1082.0,1080.0,1080.0,4059.0,1449710.0,1449230.0
2026-07-08 14:11:00,1080.0,1082.0,1080.0,1081.0,1496.0,1449230.0,1449213.0
2026-07-08 14:12:00,1081.0,1082.0,1080.0,1081.0,2433.0,1449213.0,1449053.0
2026-07-08 14:13:00,1081.0,1082.0,1081.0,1082.0,714.0,1449053.0,1449261.0
2026-07-08 14:14:00,1082.0,1082.0,1081.0,1082.0,3244.0,1449261.0,1448672.0
2026-07-08 14:15:00,1082.0,1083.0,1081.0,1082.0,1134.0,1448672.0,1448481.0
2026-07-08 14:16:00,1082.0,1082.0,1081.0,1081.0,593.0,1448481.0,1448411.0
2026-07-08 14:17:00,1081.0,1082.0,1081.0,1081.0,368.0,1448411.0,1448484.0
2026-07-08 14:18:00,1081.0,1082.0,1081.0,1081.0,1983.0,1448484.0,1448339.0
2026-07-08 14:19:00,1081.0,1082.0,1081.0,1082.0,646.0,1448339.0,1448033.0
2026-07-08 14:20:00,1082.0,1082.0,1080.0,1081.0,2695.0,1448033.0,1447780.0
2026-07-08 14:21:00,1081.0,1082.0,1080.0,1082.0,1611.0,1447780.0,1447220.0
2026-07-08 14:22:00,1082.0,1082.0,1081.0,1081.0,393.0,1447220.0,1447307.0
2026-07-08 14:23:00,1081.0,1082.0,1081.0,1082.0,335.0,1447307.0,1447306.0
2026-07-08 14:24:00,1082.0,1082.0,1081.0,1081.0,285.0,1447306.0,1447488.0
2026-07-08 14:25:00,1081.0,1082.0,1081.0,1082.0,437.0,1447488.0,1447601.0
2026-07-08 14:26:00,1082.0,1082.0,1081.0,1081.0,3850.0,1447601.0,1446982.0
2026-07-08 14:27:00,1081.0,1082.0,1081.0,1082.0,871.0,1446982.0,1446963.0
2026-07-08 14:28:00,1082.0,1082.0,1081.0,1081.0,729.0,1446963.0,1447044.0
2026-07-08 14:29:00,1081.0,1082.0,1081.0,1082.0,1405.0,1447044.0,1446920.0
2026-07-08 14:30:00,1082.0,1082.0,1081.0,1082.0,402.0,1446920.0,1446910.0
2026-07-08 14:31:00,1082.0,1082.0,1081.0,1081.0,1152.0,1446910.0,1446645.0
2026-07-08 14:32:00,1081.0,1082.0,1080.0,1080.0,3376.0,1446645.0,1446490.0
2026-07-08 14:33:00,1080.0,1081.0,1080.0,1081.0,523.0,1446490.0,1446496.0
2026-07-08 14:34:00,1081.0,1081.0,1080.0,1080.0,685.0,1446496.0,1446374.0
2026-07-08 14:35:00,1080.0,1081.0,1079.0,1081.0,4882.0,1446374.0,1445161.0
2026-07-08 14:36:00,1081.0,1081.0,1080.0,1080.0,565.0,1445161.0,1445126.0
2026-07-08 14:37:00,1080.0,1081.0,1079.0,1079.0,1372.0,1445126.0,1445126.0
2026-07-08 14:38:00,1079.0,1080.0,1079.0,1079.0,1757.0,1445126.0,1444573.0
2026-07-08 14:39:00,1079.0,1080.0,1079.0,1079.0,1529.0,1444573.0,1444238.0
2026-07-08 14:40:00,1079.0,1080.0,1078.0,1079.0,4225.0,1444238.0,1443987.0
2026-07-08 14:41:00,1079.0,1080.0,1079.0,1079.0,471.0,1443987.0,1443886.0
2026-07-08 14:42:00,1079.0,1079.0,1078.0,1078.0,3814.0,1443886.0,1444554.0
2026-07-08 14:43:00,1078.0,1080.0,1078.0,1080.0,1277.0,1444554.0,1444554.0
2026-07-08 14:44:00,1080.0,1080.0,1078.0,1079.0,1616.0,1444554.0,1444613.0
2026-07-08 14:45:00,1079.0,1079.0,1077.0,1079.0,3397.0,1444613.0,1444145.0
2026-07-08 14:46:00,1079.0,1079.0,1078.0,1078.0,1273.0,1444145.0,1444124.0
2026-07-08 14:47:00,1078.0,1078.0,1077.0,1078.0,3540.0,1444124.0,1444185.0
2026-07-08 14:48:00,1078.0,1079.0,1077.0,1078.0,3092.0,1444185.0,1444559.0
2026-07-08 14:49:00,1078.0,1079.0,1077.0,1078.0,1171.0,1444559.0,1444710.0
2026-07-08 14:50:00,1078.0,1079.0,1078.0,1079.0,989.0,1444710.0,1445256.0
2026-07-08 14:51:00,1079.0,1079.0,1078.0,1079.0,828.0,1445256.0,1445173.0
2026-07-08 14:52:00,1079.0,1079.0,1078.0,1079.0,893.0,1445173.0,1445102.0
2026-07-08 14:53:00,1079.0,1079.0,1078.0,1079.0,1447.0,1445102.0,1444549.0
2026-07-08 14:54:00,1079.0,1079.0,1078.0,1078.0,2513.0,1444549.0,1444163.0
2026-07-08 14:55:00,1078.0,1079.0,1078.0,1079.0,1150.0,1444163.0,1444202.0
2026-07-08 14:56:00,1079.0,1079.0,1078.0,1078.0,1003.0,1444202.0,1444028.0
2026-07-08 14:57:00,1078.0,1079.0,1078.0,1079.0,1363.0,1444028.0,1443680.0
2026-07-08 14:58:00,1079.0,1079.0,1078.0,1079.0,2245.0,1443680.0,1444059.0
2026-07-08 14:59:00,1079.0,1080.0,1078.0,1080.0,5705.0,1444059.0,1443005.0
2026-07-08 21:00:00,1078.0,1080.0,1077.0,1078.0,12706.0,1443005.0,1443925.0
2026-07-08 21:01:00,1078.0,1078.0,1076.0,1076.0,9161.0,1443925.0,1444744.0
2026-07-08 21:02:00,1076.0,1077.0,1075.0,1076.0,10110.0,1444744.0,1447108.0
2026-07-08 21:03:00,1076.0,1078.0,1075.0,1076.0,6626.0,1447108.0,1450485.0
2026-07-08 21:04:00,1076.0,1076.0,1075.0,1076.0,6771.0,1450485.0,1451759.0
2026-07-08 21:05:00,1076.0,1076.0,1075.0,1075.0,2193.0,1451759.0,1451457.0
2026-07-08 21:06:00,1075.0,1076.0,1075.0,1076.0,5679.0,1451457.0,1452773.0
2026-07-08 21:07:00,1076.0,1076.0,1075.0,1076.0,1816.0,1452773.0,1453198.0
2026-07-08 21:08:00,1076.0,1076.0,1075.0,1075.0,1473.0,1453198.0,1453277.0
2026-07-08 21:09:00,1075.0,1076.0,1074.0,1075.0,4289.0,1453277.0,1453588.0
2026-07-08 21:10:00,1075.0,1076.0,1075.0,1075.0,1520.0,1453588.0,1453809.0
2026-07-08 21:11:00,1075.0,1076.0,1075.0,1075.0,2452.0,1453809.0,1454549.0
2026-07-08 21:12:00,1075.0,1076.0,1074.0,1074.0,1954.0,1454549.0,1454529.0
2026-07-08 21:13:00,1074.0,1076.0,1074.0,1075.0,5769.0,1454529.0,1454256.0
2026-07-08 21:14:00,1075.0,1076.0,1075.0,1075.0,1795.0,1454256.0,1454292.0
2026-07-08 21:15:00,1075.0,1076.0,1075.0,1076.0,978.0,1454292.0,1454298.0
2026-07-08 21:16:00,1076.0,1077.0,1075.0,1076.0,4649.0,1454298.0,1455423.0
2026-07-08 21:17:00,1076.0,1077.0,1076.0,1077.0,712.0,1455423.0,1455855.0
2026-07-08 21:18:00,1077.0,1077.0,1076.0,1076.0,784.0,1455855.0,1455965.0
2026-07-08 21:19:00,1076.0,1077.0,1076.0,1076.0,823.0,1455965.0,1456194.0
2026-07-08 21:20:00,1076.0,1077.0,1076.0,1077.0,2122.0,1456194.0,1455910.0
2026-07-08 21:21:00,1077.0,1077.0,1075.0,1075.0,3243.0,1455910.0,1454994.0
2026-07-08 21:22:00,1075.0,1076.0,1075.0,1076.0,2286.0,1454994.0,1455475.0
2026-07-08 21:23:00,1076.0,1077.0,1076.0,1076.0,473.0,1455475.0,1455539.0
2026-07-08 21:24:00,1076.0,1077.0,1075.0,1076.0,1760.0,1455539.0,1454687.0
2026-07-08 21:25:00,1076.0,1076.0,1075.0,1076.0,568.0,1454687.0,1455005.0
2026-07-08 21:26:00,1076.0,1076.0,1075.0,1075.0,722.0,1455005.0,1455304.0
2026-07-08 21:27:00,1075.0,1077.0,1075.0,1076.0,2518.0,1455304.0,1456766.0
2026-07-08 21:28:00,1076.0,1077.0,1076.0,1076.0,759.0,1456766.0,1456770.0
2026-07-08 21:29:00,1076.0,1077.0,1075.0,1076.0,2332.0,1456770.0,1455878.0
2026-07-08 21:30:00,1076.0,1076.0,1075.0,1075.0,2657.0,1455878.0,1455870.0
2026-07-08 21:31:00,1075.0,1076.0,1075.0,1076.0,385.0,1455870.0,1455934.0
2026-07-08 21:32:00,1076.0,1076.0,1075.0,1075.0,804.0,1455934.0,1455994.0
2026-07-08 21:33:00,1075.0,1076.0,1075.0,1075.0,247.0,1455994.0,1456109.0
2026-07-08 21:34:00,1075.0,1076.0,1075.0,1076.0,199.0,1456109.0,1456207.0
2026-07-08 21:35:00,1076.0,1076.0,1075.0,1076.0,274.0,1456207.0,1456220.0
2026-07-08 21:36:00,1076.0,1076.0,1075.0,1076.0,262.0,1456220.0,1456327.0
2026-07-08 21:37:00,1076.0,1076.0,1075.0,1075.0,257.0,1456327.0,1456487.0
2026-07-08 21:38:00,1075.0,1076.0,1075.0,1076.0,170.0,1456487.0,1456546.0
2026-07-08 21:39:00,1076.0,1076.0,1075.0,1075.0,323.0,1456546.0,1456569.0
2026-07-08 21:40:00,1075.0,1076.0,1075.0,1075.0,205.0,1456569.0,1456653.0
2026-07-08 21:41:00,1075.0,1076.0,1075.0,1075.0,249.0,1456653.0,1456731.0
2026-07-08 21:42:00,1075.0,1076.0,1075.0,1075.0,208.0,1456731.0,1456781.0
2026-07-08 21:43:00,1075.0,1076.0,1075.0,1076.0,188.0,1456781.0,1456771.0
2026-07-08 21:44:00,1076.0,1076.0,1075.0,1076.0,4667.0,1456771.0,1458422.0
2026-07-08 21:45:00,1076.0,1076.0,1074.0,1075.0,1139.0,1458422.0,1458250.0
2026-07-08 21:46:00,1075.0,1075.0,1074.0,1075.0,701.0,1458250.0,1458240.0
2026-07-08 21:47:00,1075.0,1075.0,1074.0,1074.0,691.0,1458240.0,1458350.0
2026-07-08 21:48:00,1074.0,1075.0,1074.0,1074.0,547.0,1458350.0,1458591.0
2026-07-08 21:49:00,1074.0,1075.0,1074.0,1075.0,334.0,1458591.0,1458625.0
2026-07-08 21:50:00,1075.0,1075.0,1074.0,1074.0,486.0,1458625.0,1458539.0
2026-07-08 21:51:00,1074.0,1076.0,1074.0,1075.0,3063.0,1458539.0,1458437.0
2026-07-08 21:52:00,1075.0,1075.0,1074.0,1074.0,1702.0,1458437.0,1458925.0
2026-07-08 21:53:00,1074.0,1075.0,1074.0,1074.0,4101.0,1458925.0,1459609.0
2026-07-08 21:54:00,1074.0,1075.0,1074.0,1074.0,1444.0,1459609.0,1460290.0
2026-07-08 21:55:00,1074.0,1075.0,1074.0,1074.0,620.0,1460290.0,1460370.0
2026-07-08 21:56:00,1074.0,1075.0,1074.0,1074.0,848.0,1460370.0,1460593.0
2026-07-08 21:57:00,1074.0,1075.0,1074.0,1074.0,387.0,1460593.0,1460569.0
2026-07-08 21:58:00,1074.0,1075.0,1074.0,1074.0,260.0,1460569.0,1460582.0
2026-07-08 21:59:00,1074.0,1075.0,1074.0,1075.0,370.0,1460582.0,1460695.0
2026-07-08 22:00:00,1075.0,1075.0,1074.0,1075.0,711.0,1460695.0,1460973.0
2026-07-08 22:01:00,1075.0,1075.0,1074.0,1075.0,289.0,1460973.0,1461103.0
2026-07-08 22:02:00,1075.0,1075.0,1074.0,1075.0,283.0,1461103.0,1461200.0
2026-07-08 22:03:00,1075.0,1075.0,1074.0,1074.0,172.0,1461200.0,1461297.0
2026-07-08 22:04:00,1074.0,1075.0,1074.0,1075.0,258.0,1461297.0,1461289.0
2026-07-08 22:05:00,1075.0,1075.0,1074.0,1074.0,160.0,1461289.0,1461391.0
2026-07-08 22:06:00,1074.0,1075.0,1074.0,1074.0,437.0,1461391.0,1461512.0
2026-07-08 22:07:00,1074.0,1075.0,1074.0,1074.0,247.0,1461512.0,1461524.0
2026-07-08 22:08:00,1074.0,1075.0,1074.0,1074.0,396.0,1461524.0,1461665.0
2026-07-08 22:09:00,1074.0,1076.0,1074.0,1076.0,5382.0,1461665.0,1462665.0
2026-07-08 22:10:00,1076.0,1076.0,1075.0,1076.0,309.0,1462665.0,1462615.0
2026-07-08 22:11:00,1076.0,1076.0,1075.0,1076.0,307.0,1462615.0,1462611.0
2026-07-08 22:12:00,1076.0,1076.0,1075.0,1075.0,329.0,1462611.0,1462631.0
2026-07-08 22:13:00,1075.0,1076.0,1075.0,1075.0,239.0,1462631.0,1462611.0
2026-07-08 22:14:00,1075.0,1076.0,1075.0,1075.0,333.0,1462611.0,1462784.0
2026-07-08 22:15:00,1075.0,1076.0,1075.0,1075.0,3255.0,1462784.0,1463113.0
2026-07-08 22:16:00,1075.0,1076.0,1074.0,1075.0,2733.0,1463113.0,1462964.0
2026-07-08 22:17:00,1075.0,1076.0,1074.0,1075.0,1803.0,1462964.0,1462731.0
2026-07-08 22:18:00,1075.0,1076.0,1074.0,1074.0,997.0,1462731.0,1462861.0
2026-07-08 22:19:00,1074.0,1075.0,1074.0,1074.0,607.0,1462861.0,1462997.0
2026-07-08 22:20:00,1074.0,1076.0,1074.0,1076.0,1111.0,1462997.0,1463057.0
2026-07-08 22:21:00,1076.0,1076.0,1075.0,1075.0,344.0,1463057.0,1463160.0
2026-07-08 22:22:00,1075.0,1076.0,1074.0,1075.0,1550.0,1463160.0,1463121.0
2026-07-08 22:23:00,1075.0,1076.0,1074.0,1075.0,1529.0,1463121.0,1462605.0
2026-07-08 22:24:00,1075.0,1076.0,1074.0,1075.0,869.0,1462605.0,1462493.0
2026-07-08 22:25:00,1075.0,1076.0,1074.0,1075.0,790.0,1462493.0,1462252.0
2026-07-08 22:26:00,1075.0,1076.0,1075.0,1075.0,602.0,1462252.0,1462265.0
2026-07-08 22:27:00,1075.0,1076.0,1074.0,1075.0,623.0,1462265.0,1462361.0
2026-07-08 22:28:00,1075.0,1075.0,1074.0,1075.0,488.0,1462361.0,1462484.0
2026-07-08 22:29:00,1075.0,1076.0,1074.0,1076.0,1148.0,1462484.0,1462499.0
2026-07-08 22:30:00,1076.0,1076.0,1075.0,1075.0,209.0,1462499.0,1462574.0
2026-07-08 22:31:00,1075.0,1076.0,1075.0,1075.0,196.0,1462574.0,1462557.0
2026-07-08 22:32:00,1075.0,1076.0,1075.0,1076.0,153.0,1462557.0,1462604.0
2026-07-08 22:33:00,1076.0,1076.0,1075.0,1075.0,286.0,1462604.0,1462568.0
2026-07-08 22:34:00,1075.0,1076.0,1074.0,1075.0,1370.0,1462568.0,1462171.0
2026-07-08 22:35:00,1075.0,1076.0,1074.0,1075.0,803.0,1462171.0,1462215.0
2026-07-08 22:36:00,1075.0,1076.0,1075.0,1075.0,404.0,1462215.0,1462205.0
2026-07-08 22:37:00,1075.0,1076.0,1075.0,1076.0,1179.0,1462205.0,1462332.0
2026-07-08 22:38:00,1076.0,1076.0,1075.0,1075.0,514.0,1462332.0,1462495.0
2026-07-08 22:39:00,1075.0,1076.0,1075.0,1076.0,174.0,1462495.0,1462422.0
2026-07-08 22:40:00,1076.0,1077.0,1075.0,1076.0,4011.0,1462422.0,1461538.0
2026-07-08 22:41:00,1076.0,1076.0,1075.0,1076.0,266.0,1461538.0,1461540.0
2026-07-08 22:42:00,1076.0,1076.0,1075.0,1075.0,174.0,1461540.0,1461644.0
2026-07-08 22:43:00,1075.0,1076.0,1075.0,1076.0,234.0,1461644.0,1461780.0
2026-07-08 22:44:00,1076.0,1076.0,1075.0,1076.0,137.0,1461780.0,1461867.0
2026-07-08 22:45:00,1076.0,1076.0,1075.0,1075.0,197.0,1461867.0,1461921.0
2026-07-08 22:46:00,1075.0,1076.0,1075.0,1075.0,564.0,1461921.0,1462045.0
2026-07-08 22:47:00,1075.0,1076.0,1075.0,1075.0,398.0,1462045.0,1462053.0
2026-07-08 22:48:00,1075.0,1077.0,1075.0,1076.0,3826.0,1462053.0,1461614.0
2026-07-08 22:49:00,1076.0,1077.0,1076.0,1076.0,1427.0,1461614.0,1461246.0
2026-07-08 22:50:00,1076.0,1076.0,1075.0,1076.0,348.0,1461246.0,1461299.0
2026-07-08 22:51:00,1076.0,1076.0,1075.0,1075.0,509.0,1461299.0,1461273.0
2026-07-08 22:52:00,1075.0,1076.0,1075.0,1076.0,242.0,1461273.0,1461313.0
2026-07-08 22:53:00,1076.0,1076.0,1075.0,1075.0,251.0,1461313.0,1461383.0
2026-07-08 22:54:00,1075.0,1076.0,1075.0,1076.0,185.0,1461383.0,1461314.0
2026-07-08 22:55:00,1076.0,1076.0,1075.0,1076.0,310.0,1461314.0,1461182.0
2026-07-08 22:56:00,1076.0,1076.0,1075.0,1075.0,2863.0,1461182.0,1460225.0
2026-07-08 22:57:00,1075.0,1076.0,1075.0,1076.0,307.0,1460225.0,1460208.0
2026-07-08 22:58:00,1076.0,1076.0,1075.0,1075.0,927.0,1460208.0,1459880.0
2026-07-08 22:59:00,1075.0,1076.0,1074.0,1074.0,4857.0,1459880.0,1457586.0
2026-07-09 09:00:00,1074.0,1075.0,1072.0,1072.0,11559.0,1457586.0,1458087.0
2026-07-09 09:01:00,1072.0,1073.0,1071.0,1071.0,8948.0,1458087.0,1458420.0
2026-07-09 09:02:00,1071.0,1073.0,1071.0,1072.0,2845.0,1458420.0,1458735.0
2026-07-09 09:03:00,1072.0,1074.0,1072.0,1073.0,5022.0,1458735.0,1458554.0
2026-07-09 09:04:00,1073.0,1074.0,1072.0,1073.0,1346.0,1458554.0,1458459.0
2026-07-09 09:05:00,1073.0,1073.0,1072.0,1072.0,1102.0,1458459.0,1458592.0
2026-07-09 09:06:00,1072.0,1073.0,1072.0,1072.0,1372.0,1458592.0,1458879.0
2026-07-09 09:07:00,1072.0,1073.0,1071.0,1071.0,4533.0,1458879.0,1459501.0
2026-07-09 09:08:00,1071.0,1072.0,1071.0,1071.0,1099.0,1459501.0,1460080.0
2026-07-09 09:09:00,1071.0,1072.0,1071.0,1071.0,1436.0,1460080.0,1460245.0
2026-07-09 09:10:00,1071.0,1072.0,1067.0,1068.0,26437.0,1460245.0,1461142.0
2026-07-09 09:11:00,1068.0,1068.0,1066.0,1067.0,12459.0,1461142.0,1463814.0
2026-07-09 09:12:00,1067.0,1068.0,1066.0,1068.0,3968.0,1463814.0,1465037.0
2026-07-09 09:13:00,1068.0,1068.0,1065.0,1066.0,11277.0,1465037.0,1467905.0
2026-07-09 09:14:00,1066.0,1067.0,1066.0,1066.0,2023.0,1467905.0,1468560.0
2026-07-09 09:15:00,1066.0,1068.0,1066.0,1066.0,8343.0,1468560.0,1469861.0
2026-07-09 09:16:00,1066.0,1067.0,1065.0,1065.0,4241.0,1469861.0,1470430.0
2026-07-09 09:17:00,1065.0,1067.0,1065.0,1066.0,3995.0,1470430.0,1471607.0
2026-07-09 09:18:00,1066.0,1067.0,1066.0,1067.0,1353.0,1471607.0,1471783.0
2026-07-09 09:19:00,1067.0,1067.0,1065.0,1066.0,5153.0,1471783.0,1471037.0
2026-07-09 09:20:00,1066.0,1068.0,1066.0,1068.0,4321.0,1471037.0,1470690.0
2026-07-09 09:21:00,1068.0,1069.0,1067.0,1069.0,3598.0,1470690.0,1471538.0
2026-07-09 09:22:00,1069.0,1070.0,1068.0,1069.0,4885.0,1471538.0,1470439.0
2026-07-09 09:23:00,1069.0,1070.0,1069.0,1070.0,1777.0,1470439.0,1470217.0
2026-07-09 09:24:00,1070.0,1070.0,1068.0,1068.0,1884.0,1470217.0,1469978.0
2026-07-09 09:25:00,1068.0,1069.0,1068.0,1068.0,458.0,1469978.0,1469904.0
2026-07-09 09:26:00,1068.0,1069.0,1067.0,1067.0,2443.0,1469904.0,1469970.0
2026-07-09 09:27:00,1067.0,1069.0,1067.0,1069.0,1976.0,1469970.0,1469590.0
2026-07-09 09:28:00,1069.0,1069.0,1068.0,1069.0,300.0,1469590.0,1469529.0
2026-07-09 09:29:00,1069.0,1069.0,1068.0,1068.0,531.0,1469529.0,1469629.0
2026-07-09 09:30:00,1068.0,1068.0,1067.0,1067.0,2484.0,1469629.0,1470479.0
2026-07-09 09:31:00,1067.0,1068.0,1067.0,1067.0,641.0,1470479.0,1470831.0
2026-07-09 09:32:00,1067.0,1068.0,1067.0,1068.0,587.0,1470831.0,1470885.0
2026-07-09 09:33:00,1068.0,1068.0,1067.0,1067.0,380.0,1470885.0,1470815.0
2026-07-09 09:34:00,1067.0,1068.0,1067.0,1068.0,2722.0,1470815.0,1471508.0
2026-07-09 09:35:00,1068.0,1068.0,1067.0,1067.0,623.0,1471508.0,1471371.0
2026-07-09 09:36:00,1067.0,1068.0,1066.0,1067.0,3266.0,1471371.0,1472241.0
2026-07-09 09:37:00,1067.0,1067.0,1066.0,1066.0,612.0,1472241.0,1472244.0
2026-07-09 09:38:00,1066.0,1067.0,1066.0,1067.0,5381.0,1472244.0,1473027.0
2026-07-09 09:39:00,1067.0,1068.0,1067.0,1068.0,324.0,1473027.0,1472992.0
2026-07-09 09:40:00,1068.0,1068.0,1067.0,1068.0,302.0,1472992.0,1472853.0
2026-07-09 09:41:00,1068.0,1068.0,1067.0,1068.0,252.0,1472853.0,1472772.0
2026-07-09 09:42:00,1068.0,1068.0,1067.0,1068.0,300.0,1472772.0,1472937.0
2026-07-09 09:43:00,1068.0,1069.0,1067.0,1068.0,2473.0,1472937.0,1471969.0
2026-07-09 09:44:00,1068.0,1069.0,1068.0,1069.0,1296.0,1471969.0,1472563.0
2026-07-09 09:45:00,1069.0,1070.0,1068.0,1070.0,4009.0,1472563.0,1473292.0
2026-07-09 09:46:00,1070.0,1072.0,1069.0,1072.0,9015.0,1473292.0,1473169.0
2026-07-09 09:47:00,1072.0,1072.0,1070.0,1070.0,3753.0,1473169.0,1472774.0
2026-07-09 09:48:00,1070.0,1071.0,1069.0,1071.0,2669.0,1472774.0,1473106.0
2026-07-09 09:49:00,1071.0,1071.0,1070.0,1071.0,762.0,1473106.0,1473117.0
2026-07-09 09:50:00,1071.0,1071.0,1069.0,1070.0,2331.0,1473117.0,1473750.0
2026-07-09 09:51:00,1070.0,1071.0,1070.0,1070.0,764.0,1473750.0,1473517.0
2026-07-09 09:52:00,1070.0,1071.0,1070.0,1071.0,279.0,1473517.0,1473488.0
2026-07-09 09:53:00,1071.0,1071.0,1070.0,1070.0,621.0,1473488.0,1473524.0
2026-07-09 09:54:00,1070.0,1071.0,1070.0,1070.0,277.0,1473524.0,1473544.0
2026-07-09 09:55:00,1070.0,1071.0,1070.0,1071.0,569.0,1473544.0,1473411.0
2026-07-09 09:56:00,1071.0,1071.0,1070.0,1071.0,362.0,1473411.0,1473424.0
2026-07-09 09:57:00,1071.0,1071.0,1070.0,1071.0,478.0,1473424.0,1473512.0
2026-07-09 09:58:00,1071.0,1071.0,1070.0,1070.0,432.0,1473512.0,1473560.0
2026-07-09 09:59:00,1070.0,1072.0,1070.0,1070.0,4046.0,1473560.0,1473396.0
2026-07-09 10:00:00,1070.0,1071.0,1070.0,1071.0,699.0,1473396.0,1473576.0
2026-07-09 10:01:00,1071.0,1071.0,1069.0,1069.0,3521.0,1473576.0,1473297.0
2026-07-09 10:02:00,1069.0,1070.0,1069.0,1069.0,1319.0,1473297.0,1473179.0
2026-07-09 10:03:00,1069.0,1071.0,1069.0,1070.0,830.0,1473179.0,1473090.0
2026-07-09 10:04:00,1070.0,1070.0,1069.0,1070.0,362.0,1473090.0,1473063.0
2026-07-09 10:05:00,1070.0,1071.0,1069.0,1070.0,968.0,1473063.0,1472779.0
2026-07-09 10:06:00,1070.0,1071.0,1070.0,1071.0,683.0,1472779.0,1472592.0
2026-07-09 10:07:00,1071.0,1073.0,1070.0,1072.0,6127.0,1472592.0,1470993.0
2026-07-09 10:08:00,1072.0,1073.0,1072.0,1072.0,738.0,1470993.0,1470805.0
2026-07-09 10:09:00,1072.0,1073.0,1072.0,1072.0,816.0,1470805.0,1470562.0
2026-07-09 10:10:00,1072.0,1073.0,1072.0,1073.0,569.0,1470562.0,1470431.0
2026-07-09 10:11:00,1073.0,1073.0,1072.0,1073.0,515.0,1470431.0,1470183.0
2026-07-09 10:12:00,1073.0,1073.0,1072.0,1072.0,3945.0,1470183.0,1468643.0
2026-07-09 10:13:00,1072.0,1074.0,1072.0,1074.0,3058.0,1468643.0,1468754.0
2026-07-09 10:14:00,1074.0,1075.0,1073.0,1075.0,7804.0,1468754.0,1466772.0
2026-07-09 10:30:00,1075.0,1075.0,1072.0,1074.0,6274.0,1466772.0,1464756.0
2026-07-09 10:31:00,1074.0,1074.0,1073.0,1073.0,915.0,1464756.0,1464488.0
2026-07-09 10:32:00,1073.0,1074.0,1073.0,1074.0,1152.0,1464488.0,1464219.0
2026-07-09 10:33:00,1074.0,1075.0,1073.0,1075.0,2020.0,1464219.0,1464541.0
2026-07-09 10:34:00,1075.0,1075.0,1073.0,1074.0,3618.0,1464541.0,1464023.0
2026-07-09 10:35:00,1074.0,1075.0,1074.0,1075.0,980.0,1464023.0,1463631.0
2026-07-09 10:36:00,1075.0,1075.0,1073.0,1073.0,2396.0,1463631.0,1463202.0
2026-07-09 10:37:00,1073.0,1075.0,1073.0,1074.0,1994.0,1463202.0,1462731.0
2026-07-09 10:38:00,1074.0,1075.0,1074.0,1074.0,1094.0,1462731.0,1462322.0
2026-07-09 10:39:00,1074.0,1075.0,1074.0,1075.0,432.0,1462322.0,1462255.0
2026-07-09 10:40:00,1075.0,1075.0,1074.0,1074.0,312.0,1462255.0,1462218.0
2026-07-09 10:41:00,1074.0,1075.0,1074.0,1075.0,1133.0,1462218.0,1462008.0
2026-07-09 10:42:00,1075.0,1075.0,1074.0,1074.0,458.0,1462008.0,1462008.0
2026-07-09 10:43:00,1074.0,1077.0,1074.0,1077.0,9116.0,1462008.0,1461515.0
2026-07-09 10:44:00,1077.0,1080.0,1076.0,1080.0,15891.0,1461515.0,1458646.0
2026-07-09 10:45:00,1080.0,1081.0,1079.0,1080.0,7146.0,1458646.0,1457615.0
2026-07-09 10:46:00,1080.0,1081.0,1079.0,1081.0,11619.0,1457615.0,1454266.0
2026-07-09 10:47:00,1081.0,1081.0,1079.0,1079.0,4572.0,1454266.0,1452963.0
2026-07-09 10:48:00,1079.0,1081.0,1079.0,1079.0,4881.0,1452963.0,1452553.0
2026-07-09 10:49:00,1079.0,1080.0,1079.0,1079.0,872.0,1452553.0,1452356.0
2026-07-09 10:50:00,1079.0,1080.0,1078.0,1079.0,5303.0,1452356.0,1450731.0
2026-07-09 10:51:00,1079.0,1080.0,1078.0,1079.0,5126.0,1450731.0,1449989.0
2026-07-09 10:52:00,1079.0,1079.0,1077.0,1078.0,5927.0,1449989.0,1449446.0
2026-07-09 10:53:00,1078.0,1079.0,1078.0,1079.0,848.0,1449446.0,1449042.0
2026-07-09 10:54:00,1079.0,1080.0,1078.0,1079.0,3635.0,1449042.0,1449149.0
2026-07-09 10:55:00,1079.0,1079.0,1078.0,1079.0,1957.0,1449149.0,1448902.0
2026-07-09 10:56:00,1079.0,1079.0,1078.0,1079.0,599.0,1448902.0,1448816.0
2026-07-09 10:57:00,1079.0,1079.0,1077.0,1078.0,2598.0,1448816.0,1447914.0
2026-07-09 10:58:00,1078.0,1079.0,1078.0,1079.0,1189.0,1447914.0,1447970.0
2026-07-09 10:59:00,1079.0,1079.0,1077.0,1078.0,2402.0,1447970.0,1447175.0
2026-07-09 11:00:00,1078.0,1079.0,1077.0,1078.0,2116.0,1447175.0,1446272.0
2026-07-09 11:01:00,1078.0,1079.0,1078.0,1078.0,793.0,1446272.0,1445806.0
2026-07-09 11:02:00,1078.0,1081.0,1078.0,1081.0,9996.0,1445806.0,1446290.0
2026-07-09 11:03:00,1081.0,1081.0,1080.0,1080.0,5250.0,1446290.0,1445453.0
2026-07-09 11:04:00,1080.0,1082.0,1080.0,1080.0,4735.0,1445453.0,1444630.0
2026-07-09 11:05:00,1080.0,1081.0,1079.0,1080.0,3758.0,1444630.0,1444162.0
2026-07-09 11:06:00,1080.0,1081.0,1079.0,1080.0,1688.0,1444162.0,1443866.0
2026-07-09 11:07:00,1080.0,1080.0,1078.0,1079.0,3418.0,1443866.0,1443774.0
2026-07-09 11:08:00,1079.0,1080.0,1078.0,1079.0,1906.0,1443774.0,1443342.0
2026-07-09 11:09:00,1079.0,1079.0,1078.0,1078.0,405.0,1443342.0,1443332.0
2026-07-09 11:10:00,1078.0,1079.0,1078.0,1079.0,585.0,1443332.0,1443431.0
2026-07-09 11:11:00,1079.0,1079.0,1078.0,1079.0,413.0,1443431.0,1443206.0
2026-07-09 11:12:00,1079.0,1079.0,1078.0,1079.0,303.0,1443206.0,1443209.0
2026-07-09 11:13:00,1079.0,1079.0,1078.0,1079.0,812.0,1443209.0,1442850.0
2026-07-09 11:14:00,1079.0,1079.0,1077.0,1079.0,3445.0,1442850.0,1441474.0
2026-07-09 11:15:00,1079.0,1079.0,1078.0,1078.0,958.0,1441474.0,1440770.0
2026-07-09 11:16:00,1078.0,1079.0,1078.0,1078.0,783.0,1440770.0,1440404.0
2026-07-09 11:17:00,1078.0,1079.0,1078.0,1078.0,408.0,1440404.0,1440285.0
2026-07-09 11:18:00,1078.0,1079.0,1078.0,1078.0,796.0,1440285.0,1439819.0
2026-07-09 11:19:00,1078.0,1079.0,1077.0,1078.0,1282.0,1439819.0,1439484.0
2026-07-09 11:20:00,1078.0,1079.0,1077.0,1078.0,2329.0,1439484.0,1439138.0
2026-07-09 11:21:00,1078.0,1080.0,1078.0,1079.0,2837.0,1439138.0,1438936.0
2026-07-09 11:22:00,1079.0,1080.0,1079.0,1079.0,289.0,1438936.0,1438971.0
2026-07-09 11:23:00,1079.0,1080.0,1079.0,1079.0,2023.0,1438971.0,1438797.0
2026-07-09 11:24:00,1079.0,1080.0,1079.0,1079.0,320.0,1438797.0,1438790.0
2026-07-09 11:25:00,1079.0,1081.0,1079.0,1081.0,4147.0,1438790.0,1438783.0
2026-07-09 11:26:00,1081.0,1081.0,1079.0,1079.0,1776.0,1438783.0,1438375.0
2026-07-09 11:27:00,1079.0,1080.0,1079.0,1079.0,567.0,1438375.0,1438521.0
2026-07-09 11:28:00,1079.0,1079.0,1078.0,1079.0,4144.0,1438521.0,1438032.0
2026-07-09 11:29:00,1079.0,1079.0,1078.0,1078.0,1509.0,1438032.0,1437434.0
2026-07-09 13:30:00,1079.0,1079.0,1078.0,1079.0,1042.0,1437434.0,1437002.0
2026-07-09 13:31:00,1079.0,1079.0,1078.0,1079.0,1948.0,1437002.0,1437143.0
2026-07-09 13:32:00,1079.0,1079.0,1077.0,1078.0,4054.0,1437143.0,1436403.0
2026-07-09 13:33:00,1078.0,1079.0,1078.0,1079.0,771.0,1436403.0,1436358.0
2026-07-09 13:34:00,1079.0,1079.0,1078.0,1079.0,356.0,1436358.0,1436518.0
2026-07-09 13:35:00,1079.0,1079.0,1078.0,1079.0,544.0,1436518.0,1436363.0
2026-07-09 13:36:00,1079.0,1079.0,1078.0,1078.0,355.0,1436363.0,1436349.0
2026-07-09 13:37:00,1078.0,1079.0,1078.0,1078.0,444.0,1436349.0,1436428.0
2026-07-09 13:38:00,1078.0,1079.0,1078.0,1079.0,406.0,1436428.0,1436366.0
2026-07-09 13:39:00,1079.0,1080.0,1078.0,1080.0,2748.0,1436366.0,1436260.0
2026-07-09 13:40:00,1080.0,1080.0,1079.0,1080.0,1817.0,1436260.0,1436012.0
2026-07-09 13:41:00,1080.0,1080.0,1078.0,1078.0,4145.0,1436012.0,1434858.0
2026-07-09 13:42:00,1078.0,1080.0,1078.0,1079.0,2251.0,1434858.0,1434449.0
2026-07-09 13:43:00,1079.0,1079.0,1078.0,1078.0,418.0,1434449.0,1434464.0
2026-07-09 13:44:00,1078.0,1079.0,1078.0,1079.0,386.0,1434464.0,1434383.0
2026-07-09 13:45:00,1079.0,1079.0,1078.0,1079.0,370.0,1434383.0,1434346.0
2026-07-09 13:46:00,1079.0,1079.0,1077.0,1078.0,3434.0,1434346.0,1433675.0
2026-07-09 13:47:00,1078.0,1078.0,1077.0,1077.0,1248.0,1433675.0,1433828.0
2026-07-09 13:48:00,1077.0,1079.0,1077.0,1078.0,1024.0,1433828.0,1433493.0
2026-07-09 13:49:00,1078.0,1079.0,1078.0,1079.0,436.0,1433493.0,1433213.0
2026-07-09 13:50:00,1079.0,1079.0,1077.0,1078.0,775.0,1433213.0,1433069.0
2026-07-09 13:51:00,1078.0,1078.0,1077.0,1077.0,1450.0,1433069.0,1432677.0
2026-07-09 13:52:00,1077.0,1078.0,1077.0,1078.0,414.0,1432677.0,1432568.0
2026-07-09 13:53:00,1078.0,1078.0,1077.0,1077.0,3263.0,1432568.0,1432533.0
2026-07-09 13:54:00,1077.0,1078.0,1077.0,1077.0,319.0,1432533.0,1432434.0
2026-07-09 13:55:00,1077.0,1078.0,1077.0,1078.0,279.0,1432434.0,1432435.0
2026-07-09 13:56:00,1078.0,1078.0,1077.0,1078.0,743.0,1432435.0,1432466.0
2026-07-09 13:57:00,1078.0,1078.0,1077.0,1077.0,337.0,1432466.0,1432387.0
2026-07-09 13:58:00,1077.0,1079.0,1077.0,1078.0,3935.0,1432387.0,1431824.0
2026-07-09 13:59:00,1078.0,1079.0,1077.0,1078.0,1912.0,1431824.0,1431483.0
2026-07-09 14:00:00,1078.0,1078.0,1077.0,1078.0,255.0,1431483.0,1431457.0
2026-07-09 14:01:00,1078.0,1079.0,1077.0,1077.0,2127.0,1431457.0,1430839.0
2026-07-09 14:02:00,1077.0,1079.0,1077.0,1077.0,1927.0,1430839.0,1430891.0
2026-07-09 14:03:00,1077.0,1078.0,1077.0,1077.0,1299.0,1430891.0,1430792.0
2026-07-09 14:04:00,1077.0,1078.0,1077.0,1077.0,272.0,1430792.0,1430671.0
2026-07-09 14:05:00,1077.0,1078.0,1077.0,1078.0,891.0,1430671.0,1430362.0
2026-07-09 14:06:00,1078.0,1078.0,1077.0,1078.0,247.0,1430362.0,1430422.0
2026-07-09 14:07:00,1078.0,1079.0,1077.0,1078.0,1578.0,1430422.0,1430077.0
2026-07-09 14:08:00,1078.0,1078.0,1077.0,1078.0,530.0,1430077.0,1430103.0
2026-07-09 14:09:00,1078.0,1078.0,1077.0,1078.0,913.0,1430103.0,1430530.0
2026-07-09 14:10:00,1078.0,1079.0,1078.0,1078.0,506.0,1430530.0,1430482.0
2026-07-09 14:11:00,1078.0,1079.0,1078.0,1079.0,1430.0,1430482.0,1430519.0
2026-07-09 14:12:00,1079.0,1079.0,1078.0,1078.0,147.0,1430519.0,1430481.0
2026-07-09 14:13:00,1078.0,1079.0,1078.0,1078.0,656.0,1430481.0,1430425.0
2026-07-09 14:14:00,1078.0,1079.0,1077.0,1079.0,1211.0,1430425.0,1430304.0
2026-07-09 14:15:00,1079.0,1079.0,1077.0,1078.0,637.0,1430304.0,1430488.0
2026-07-09 14:16:00,1078.0,1079.0,1077.0,1078.0,531.0,1430488.0,1430456.0
2026-07-09 14:17:00,1078.0,1078.0,1077.0,1077.0,520.0,1430456.0,1430217.0
2026-07-09 14:18:00,1077.0,1078.0,1077.0,1078.0,240.0,1430217.0,1430134.0
2026-07-09 14:19:00,1078.0,1078.0,1077.0,1077.0,287.0,1430134.0,1429942.0
2026-07-09 14:20:00,1077.0,1078.0,1076.0,1076.0,4405.0,1429942.0,1428660.0
2026-07-09 14:21:00,1076.0,1077.0,1076.0,1076.0,1898.0,1428660.0,1428868.0
2026-07-09 14:22:00,1076.0,1077.0,1075.0,1076.0,2305.0,1428868.0,1428539.0
2026-07-09 14:23:00,1076.0,1077.0,1076.0,1077.0,299.0,1428539.0,1428500.0
2026-07-09 14:24:00,1077.0,1077.0,1076.0,1076.0,263.0,1428500.0,1428406.0
2026-07-09 14:25:00,1076.0,1077.0,1075.0,1076.0,3024.0,1428406.0,1427984.0
2026-07-09 14:26:00,1076.0,1076.0,1075.0,1075.0,884.0,1427984.0,1427949.0
2026-07-09 14:27:00,1075.0,1076.0,1075.0,1076.0,391.0,1427949.0,1427839.0
2026-07-09 14:28:00,1076.0,1077.0,1075.0,1076.0,2391.0,1427839.0,1428039.0
2026-07-09 14:29:00,1076.0,1076.0,1075.0,1075.0,799.0,1428039.0,1427985.0
2026-07-09 14:30:00,1075.0,1077.0,1075.0,1076.0,1422.0,1427985.0,1427725.0
2026-07-09 14:31:00,1076.0,1077.0,1076.0,1076.0,314.0,1427725.0,1427607.0
2026-07-09 14:32:00,1076.0,1077.0,1075.0,1076.0,1565.0,1427607.0,1427246.0
2026-07-09 14:33:00,1076.0,1077.0,1075.0,1076.0,729.0,1427246.0,1427267.0
2026-07-09 14:34:00,1076.0,1077.0,1076.0,1076.0,213.0,1427267.0,1427165.0
2026-07-09 14:35:00,1076.0,1077.0,1076.0,1076.0,197.0,1427165.0,1427216.0
2026-07-09 14:36:00,1076.0,1077.0,1076.0,1076.0,771.0,1427216.0,1427094.0
2026-07-09 14:37:00,1076.0,1078.0,1076.0,1078.0,2575.0,1427094.0,1427445.0
2026-07-09 14:38:00,1078.0,1078.0,1077.0,1078.0,556.0,1427445.0,1427377.0
2026-07-09 14:39:00,1078.0,1078.0,1077.0,1077.0,838.0,1427377.0,1427186.0
2026-07-09 14:40:00,1077.0,1078.0,1076.0,1077.0,2299.0,1427186.0,1426179.0
2026-07-09 14:41:00,1077.0,1077.0,1076.0,1076.0,825.0,1426179.0,1426200.0
2026-07-09 14:42:00,1076.0,1077.0,1076.0,1077.0,240.0,1426200.0,1426242.0
2026-07-09 14:43:00,1077.0,1078.0,1076.0,1077.0,2217.0,1426242.0,1425228.0
2026-07-09 14:44:00,1077.0,1078.0,1076.0,1077.0,1479.0,1425228.0,1424845.0
2026-07-09 14:45:00,1077.0,1078.0,1076.0,1077.0,2416.0,1424845.0,1424056.0
2026-07-09 14:46:00,1077.0,1077.0,1076.0,1076.0,311.0,1424056.0,1423931.0
2026-07-09 14:47:00,1076.0,1078.0,1076.0,1077.0,1024.0,1423931.0,1423714.0
2026-07-09 14:48:00,1077.0,1078.0,1077.0,1077.0,1297.0,1423714.0,1423238.0
2026-07-09 14:49:00,1077.0,1078.0,1077.0,1077.0,359.0,1423238.0,1423117.0
2026-07-09 14:50:00,1077.0,1079.0,1077.0,1079.0,2699.0,1423117.0,1423248.0
2026-07-09 14:51:00,1079.0,1079.0,1078.0,1079.0,684.0,1423248.0,1423150.0
2026-07-09 14:52:00,1079.0,1079.0,1078.0,1079.0,2794.0,1423150.0,1424168.0
2026-07-09 14:53:00,1079.0,1079.0,1078.0,1079.0,4298.0,1424168.0,1425767.0
2026-07-09 14:54:00,1079.0,1079.0,1078.0,1079.0,1504.0,1425767.0,1425637.0
2026-07-09 14:55:00,1079.0,1079.0,1078.0,1078.0,1575.0,1425637.0,1425234.0
2026-07-09 14:56:00,1078.0,1079.0,1078.0,1079.0,1575.0,1425234.0,1424936.0
2026-07-09 14:57:00,1079.0,1079.0,1078.0,1078.0,1365.0,1424936.0,1424800.0
2026-07-09 14:58:00,1078.0,1079.0,1078.0,1078.0,2907.0,1424800.0,1425098.0
2026-07-09 14:59:00,1078.0,1079.0,1077.0,1078.0,5572.0,1425098.0,1423286.0
2026-07-09 21:00:00,1079.0,1081.0,1078.0,1081.0,20916.0,1423286.0,1419835.0
2026-07-09 21:01:00,1081.0,1087.0,1080.0,1084.0,37873.0,1419835.0,1417108.0
2026-07-09 21:02:00,1084.0,1086.0,1082.0,1082.0,12364.0,1417108.0,1417314.0
2026-07-09 21:03:00,1082.0,1084.0,1082.0,1083.0,9847.0,1417314.0,1416369.0
2026-07-09 21:04:00,1083.0,1083.0,1081.0,1082.0,6146.0,1416369.0,1416049.0
2026-07-09 21:05:00,1082.0,1083.0,1081.0,1083.0,8810.0,1416049.0,1416817.0
2026-07-09 21:06:00,1083.0,1083.0,1082.0,1083.0,3354.0,1416817.0,1417547.0
2026-07-09 21:07:00,1083.0,1084.0,1082.0,1083.0,3130.0,1417547.0,1417980.0
2026-07-09 21:08:00,1083.0,1084.0,1082.0,1083.0,4325.0,1417980.0,1418426.0
2026-07-09 21:09:00,1083.0,1083.0,1081.0,1081.0,3328.0,1418426.0,1418899.0
2026-07-09 21:10:00,1081.0,1083.0,1081.0,1081.0,3457.0,1418899.0,1419585.0
2026-07-09 21:11:00,1081.0,1082.0,1081.0,1082.0,723.0,1419585.0,1419889.0
2026-07-09 21:12:00,1082.0,1082.0,1081.0,1082.0,1221.0,1419889.0,1420023.0
2026-07-09 21:13:00,1082.0,1082.0,1080.0,1081.0,8239.0,1420023.0,1421369.0
2026-07-09 21:14:00,1081.0,1081.0,1079.0,1079.0,4975.0,1421369.0,1421967.0
2026-07-09 21:15:00,1079.0,1080.0,1078.0,1079.0,4791.0,1421967.0,1422541.0
2026-07-09 21:16:00,1079.0,1079.0,1078.0,1078.0,1099.0,1422541.0,1422642.0
2026-07-09 21:17:00,1078.0,1079.0,1078.0,1079.0,5375.0,1422642.0,1423754.0
2026-07-09 21:18:00,1079.0,1080.0,1078.0,1079.0,3316.0,1423754.0,1423147.0
2026-07-09 21:19:00,1079.0,1079.0,1078.0,1078.0,623.0,1423147.0,1423089.0
2026-07-09 21:20:00,1078.0,1079.0,1078.0,1079.0,1259.0,1423089.0,1423396.0
2026-07-09 21:21:00,1079.0,1079.0,1077.0,1079.0,6328.0,1423396.0,1424433.0
2026-07-09 21:22:00,1079.0,1079.0,1078.0,1078.0,1022.0,1424433.0,1424816.0
2026-07-09 21:23:00,1078.0,1079.0,1077.0,1077.0,2663.0,1424816.0,1424539.0
2026-07-09 21:24:00,1077.0,1078.0,1077.0,1078.0,824.0,1424539.0,1424451.0
2026-07-09 21:25:00,1078.0,1078.0,1077.0,1077.0,1615.0,1424451.0,1425075.0
2026-07-09 21:26:00,1077.0,1078.0,1077.0,1078.0,699.0,1425075.0,1425009.0
2026-07-09 21:27:00,1078.0,1079.0,1077.0,1078.0,2970.0,1425009.0,1425189.0
2026-07-09 21:28:00,1078.0,1078.0,1077.0,1077.0,389.0,1425189.0,1425145.0
2026-07-09 21:29:00,1077.0,1078.0,1076.0,1077.0,3803.0,1425145.0,1424564.0
2026-07-09 21:30:00,1077.0,1079.0,1077.0,1078.0,2694.0,1424564.0,1425670.0
2026-07-09 21:31:00,1078.0,1080.0,1078.0,1079.0,3612.0,1425670.0,1425879.0
2026-07-09 21:32:00,1079.0,1080.0,1079.0,1079.0,843.0,1425879.0,1425840.0
2026-07-09 21:33:00,1079.0,1080.0,1079.0,1080.0,452.0,1425840.0,1426017.0
2026-07-09 21:34:00,1080.0,1080.0,1079.0,1080.0,589.0,1426017.0,1426075.0
2026-07-09 21:35:00,1080.0,1080.0,1079.0,1079.0,394.0,1426075.0,1426234.0
2026-07-09 21:36:00,1079.0,1080.0,1079.0,1080.0,258.0,1426234.0,1426306.0
2026-07-09 21:37:00,1080.0,1080.0,1078.0,1078.0,2523.0,1426306.0,1426322.0
2026-07-09 21:38:00,1078.0,1079.0,1078.0,1079.0,371.0,1426322.0,1426349.0
2026-07-09 21:39:00,1079.0,1079.0,1078.0,1079.0,261.0,1426349.0,1426349.0
2026-07-09 21:40:00,1079.0,1079.0,1078.0,1078.0,143.0,1426349.0,1426438.0
2026-07-09 21:41:00,1078.0,1079.0,1078.0,1078.0,1557.0,1426438.0,1426990.0
2026-07-09 21:42:00,1078.0,1079.0,1078.0,1079.0,622.0,1426990.0,1426750.0
2026-07-09 21:43:00,1079.0,1079.0,1078.0,1079.0,153.0,1426750.0,1426812.0
2026-07-09 21:44:00,1079.0,1079.0,1078.0,1079.0,349.0,1426812.0,1426904.0
2026-07-09 21:45:00,1079.0,1079.0,1078.0,1078.0,363.0,1426904.0,1426818.0
2026-07-09 21:46:00,1078.0,1079.0,1078.0,1078.0,346.0,1426818.0,1426746.0
2026-07-09 21:47:00,1078.0,1079.0,1078.0,1079.0,189.0,1426746.0,1426705.0
2026-07-09 21:48:00,1079.0,1079.0,1078.0,1078.0,158.0,1426705.0,1426677.0
2026-07-09 21:49:00,1078.0,1079.0,1078.0,1079.0,1432.0,1426677.0,1426321.0
2026-07-09 21:50:00,1079.0,1080.0,1078.0,1079.0,2342.0,1426321.0,1426292.0
2026-07-09 21:51:00,1079.0,1079.0,1078.0,1079.0,264.0,1426292.0,1426277.0
2026-07-09 21:52:00,1079.0,1079.0,1078.0,1078.0,209.0,1426277.0,1426224.0
2026-07-09 21:53:00,1078.0,1079.0,1078.0,1079.0,340.0,1426224.0,1426252.0
2026-07-09 21:54:00,1079.0,1079.0,1078.0,1079.0,267.0,1426252.0,1426256.0
2026-07-09 21:55:00,1079.0,1079.0,1078.0,1078.0,237.0,1426256.0,1426327.0
2026-07-09 21:56:00,1078.0,1079.0,1078.0,1078.0,306.0,1426327.0,1426422.0
2026-07-09 21:57:00,1078.0,1080.0,1078.0,1078.0,2997.0,1426422.0,1425913.0
2026-07-09 21:58:00,1078.0,1080.0,1078.0,1080.0,898.0,1425913.0,1425645.0
2026-07-09 21:59:00,1080.0,1080.0,1078.0,1079.0,2361.0,1425645.0,1425943.0
2026-07-09 22:00:00,1079.0,1079.0,1078.0,1079.0,1133.0,1425943.0,1425600.0
2026-07-09 22:01:00,1079.0,1079.0,1078.0,1078.0,226.0,1425600.0,1425526.0
2026-07-09 22:02:00,1078.0,1079.0,1078.0,1079.0,177.0,1425526.0,1425493.0
2026-07-09 22:03:00,1079.0,1079.0,1078.0,1079.0,334.0,1425493.0,1425444.0
2026-07-09 22:04:00,1079.0,1079.0,1078.0,1078.0,438.0,1425444.0,1425363.0
2026-07-09 22:05:00,1078.0,1079.0,1078.0,1078.0,200.0,1425363.0,1425356.0
2026-07-09 22:06:00,1078.0,1079.0,1078.0,1078.0,395.0,1425356.0,1425214.0
2026-07-09 22:07:00,1078.0,1079.0,1078.0,1079.0,103.0,1425214.0,1425217.0
2026-07-09 22:08:00,1079.0,1079.0,1078.0,1078.0,113.0,1425217.0,1425259.0
2026-07-09 22:09:00,1078.0,1079.0,1078.0,1078.0,275.0,1425259.0,1425138.0
2026-07-09 22:10:00,1078.0,1079.0,1077.0,1078.0,3727.0,1425138.0,1426129.0
2026-07-09 22:11:00,1078.0,1079.0,1077.0,1077.0,1117.0,1426129.0,1425794.0
2026-07-09 22:12:00,1077.0,1079.0,1077.0,1077.0,1239.0,1425794.0,1425749.0
2026-07-09 22:13:00,1077.0,1078.0,1077.0,1077.0,248.0,1425749.0,1425677.0
2026-07-09 22:14:00,1077.0,1078.0,1077.0,1077.0,180.0,1425677.0,1425657.0
2026-07-09 22:15:00,1077.0,1078.0,1077.0,1077.0,291.0,1425657.0,1425535.0
2026-07-09 22:16:00,1077.0,1079.0,1077.0,1078.0,1875.0,1425535.0,1425085.0
2026-07-09 22:17:00,1078.0,1079.0,1078.0,1079.0,333.0,1425085.0,1425096.0
2026-07-09 22:18:00,1079.0,1079.0,1078.0,1079.0,181.0,1425096.0,1425085.0
2026-07-09 22:19:00,1079.0,1079.0,1078.0,1078.0,145.0,1425085.0,1424973.0
2026-07-09 22:20:00,1078.0,1079.0,1078.0,1078.0,94.0,1424973.0,1424930.0
2026-07-09 22:21:00,1078.0,1079.0,1078.0,1079.0,110.0,1424930.0,1424889.0
2026-07-09 22:22:00,1079.0,1079.0,1078.0,1079.0,185.0,1424889.0,1424900.0
2026-07-09 22:23:00,1079.0,1079.0,1078.0,1079.0,173.0,1424900.0,1424824.0
2026-07-09 22:24:00,1079.0,1079.0,1078.0,1078.0,111.0,1424824.0,1424805.0
2026-07-09 22:25:00,1078.0,1079.0,1078.0,1079.0,128.0,1424805.0,1424827.0
2026-07-09 22:26:00,1079.0,1079.0,1078.0,1078.0,284.0,1424827.0,1424674.0
2026-07-09 22:27:00,1078.0,1079.0,1078.0,1078.0,159.0,1424674.0,1424674.0
2026-07-09 22:28:00,1078.0,1079.0,1078.0,1079.0,133.0,1424674.0,1424627.0
2026-07-09 22:29:00,1079.0,1079.0,1078.0,1078.0,153.0,1424627.0,1424641.0
2026-07-09 22:30:00,1078.0,1079.0,1078.0,1078.0,126.0,1424641.0,1424615.0
2026-07-09 22:31:00,1078.0,1080.0,1078.0,1080.0,3114.0,1424615.0,1423611.0
2026-07-09 22:32:00,1080.0,1080.0,1078.0,1079.0,2271.0,1423611.0,1423156.0
2026-07-09 22:33:00,1079.0,1080.0,1078.0,1078.0,451.0,1423156.0,1423222.0
2026-07-09 22:34:00,1078.0,1079.0,1078.0,1078.0,90.0,1423222.0,1423197.0
2026-07-09 22:35:00,1078.0,1079.0,1078.0,1078.0,130.0,1423197.0,1423189.0
2026-07-09 22:36:00,1078.0,1080.0,1078.0,1079.0,1476.0,1423189.0,1422870.0
2026-07-09 22:37:00,1079.0,1080.0,1079.0,1079.0,172.0,1422870.0,1422950.0
2026-07-09 22:38:00,1079.0,1080.0,1079.0,1079.0,166.0,1422950.0,1422953.0
2026-07-09 22:39:00,1079.0,1080.0,1079.0,1080.0,107.0,1422953.0,1422914.0
2026-07-09 22:40:00,1080.0,1080.0,1079.0,1079.0,140.0,1422914.0,1422943.0
2026-07-09 22:41:00,1079.0,1080.0,1079.0,1079.0,195.0,1422943.0,1422964.0
2026-07-09 22:42:00,1079.0,1080.0,1079.0,1079.0,150.0,1422964.0,1423011.0
2026-07-09 22:43:00,1079.0,1080.0,1079.0,1080.0,210.0,1423011.0,1423022.0
2026-07-09 22:44:00,1080.0,1080.0,1079.0,1079.0,157.0,1423022.0,1423023.0
2026-07-09 22:45:00,1079.0,1080.0,1079.0,1080.0,1225.0,1423023.0,1422478.0
2026-07-09 22:46:00,1080.0,1080.0,1079.0,1080.0,509.0,1422478.0,1422297.0
2026-07-09 22:47:00,1080.0,1080.0,1079.0,1079.0,199.0,1422297.0,1422244.0
2026-07-09 22:48:00,1079.0,1080.0,1079.0,1079.0,326.0,1422244.0,1422246.0
2026-07-09 22:49:00,1079.0,1080.0,1079.0,1080.0,206.0,1422246.0,1422184.0
2026-07-09 22:50:00,1080.0,1080.0,1078.0,1079.0,2188.0,1422184.0,1421586.0
2026-07-09 22:51:00,1079.0,1079.0,1078.0,1079.0,951.0,1421586.0,1421109.0
2026-07-09 22:52:00,1079.0,1079.0,1078.0,1078.0,557.0,1421109.0,1420958.0
2026-07-09 22:53:00,1078.0,1079.0,1078.0,1078.0,189.0,1420958.0,1420860.0
2026-07-09 22:54:00,1078.0,1079.0,1077.0,1078.0,2715.0,1420860.0,1420922.0
2026-07-09 22:55:00,1078.0,1079.0,1077.0,1078.0,1346.0,1420922.0,1420666.0
2026-07-09 22:56:00,1078.0,1079.0,1077.0,1078.0,1963.0,1420666.0,1420224.0
2026-07-09 22:57:00,1078.0,1079.0,1077.0,1078.0,1362.0,1420224.0,1420160.0
2026-07-09 22:58:00,1078.0,1079.0,1077.0,1078.0,1508.0,1420160.0,1419793.0
2026-07-09 22:59:00,1078.0,1079.0,1077.0,1078.0,2711.0,1419793.0,1418383.0
2026-07-10 09:00:00,1078.0,1079.0,1077.0,1077.0,3840.0,1418383.0,1418591.0
2026-07-10 09:01:00,1077.0,1079.0,1077.0,1077.0,2498.0,1418591.0,1418614.0
2026-07-10 09:02:00,1077.0,1078.0,1074.0,1074.0,9075.0,1418614.0,1419793.0
2026-07-10 09:03:00,1074.0,1076.0,1074.0,1075.0,4589.0,1419793.0,1420250.0
2026-07-10 09:04:00,1075.0,1076.0,1075.0,1075.0,2218.0,1420250.0,1420527.0
2026-07-10 09:05:00,1075.0,1075.0,1073.0,1075.0,8103.0,1420527.0,1421565.0
2026-07-10 09:06:00,1075.0,1075.0,1074.0,1074.0,864.0,1421565.0,1421713.0
2026-07-10 09:07:00,1074.0,1076.0,1074.0,1075.0,2650.0,1421713.0,1421546.0
2026-07-10 09:08:00,1075.0,1077.0,1075.0,1077.0,3481.0,1421546.0,1421200.0
2026-07-10 09:09:00,1077.0,1077.0,1076.0,1077.0,740.0,1421200.0,1421133.0
2026-07-10 09:10:00,1077.0,1077.0,1075.0,1076.0,1433.0,1421133.0,1421007.0
2026-07-10 09:11:00,1076.0,1078.0,1076.0,1077.0,2083.0,1421007.0,1421606.0
2026-07-10 09:12:00,1077.0,1078.0,1076.0,1077.0,1796.0,1421606.0,1421372.0
2026-07-10 09:13:00,1077.0,1078.0,1077.0,1078.0,314.0,1421372.0,1421380.0
2026-07-10 09:14:00,1078.0,1078.0,1076.0,1077.0,2284.0,1421380.0,1421828.0
2026-07-10 09:15:00,1077.0,1079.0,1076.0,1079.0,2840.0,1421828.0,1421769.0
2026-07-10 09:16:00,1079.0,1079.0,1078.0,1078.0,839.0,1421769.0,1421660.0
2026-07-10 09:17:00,1078.0,1080.0,1078.0,1079.0,3729.0,1421660.0,1422059.0
2026-07-10 09:18:00,1079.0,1080.0,1079.0,1080.0,1211.0,1422059.0,1421955.0
2026-07-10 09:19:00,1080.0,1081.0,1079.0,1080.0,5182.0,1421955.0,1421509.0
2026-07-10 09:20:00,1080.0,1080.0,1079.0,1079.0,1619.0,1421509.0,1421488.0
2026-07-10 09:21:00,1079.0,1080.0,1079.0,1080.0,574.0,1421488.0,1421474.0
2026-07-10 09:22:00,1080.0,1080.0,1078.0,1079.0,3376.0,1421474.0,1422167.0
2026-07-10 09:23:00,1079.0,1079.0,1077.0,1078.0,1571.0,1422167.0,1422401.0
2026-07-10 09:24:00,1078.0,1079.0,1077.0,1078.0,1459.0,1422401.0,1422355.0
2026-07-10 09:25:00,1078.0,1078.0,1077.0,1077.0,566.0,1422355.0,1422677.0
2026-07-10 09:26:00,1077.0,1078.0,1077.0,1077.0,313.0,1422677.0,1422664.0
2026-07-10 09:27:00,1077.0,1078.0,1077.0,1077.0,283.0,1422664.0,1422704.0
2026-07-10 09:28:00,1077.0,1078.0,1077.0,1077.0,170.0,1422704.0,1422770.0
2026-07-10 09:29:00,1077.0,1078.0,1077.0,1077.0,1480.0,1422770.0,1422532.0
2026-07-10 09:30:00,1077.0,1078.0,1077.0,1077.0,528.0,1422532.0,1422487.0
2026-07-10 09:31:00,1077.0,1078.0,1076.0,1076.0,5453.0,1422487.0,1423495.0
2026-07-10 09:32:00,1076.0,1077.0,1076.0,1077.0,545.0,1423495.0,1423545.0
2026-07-10 09:33:00,1077.0,1078.0,1076.0,1077.0,1309.0,1423545.0,1424213.0
2026-07-10 09:34:00,1077.0,1078.0,1076.0,1076.0,838.0,1424213.0,1424306.0
2026-07-10 09:35:00,1076.0,1078.0,1076.0,1077.0,995.0,1424306.0,1424227.0
2026-07-10 09:36:00,1077.0,1078.0,1077.0,1077.0,164.0,1424227.0,1424218.0
2026-07-10 09:37:00,1077.0,1078.0,1077.0,1078.0,481.0,1424218.0,1424404.0
2026-07-10 09:38:00,1078.0,1078.0,1077.0,1078.0,942.0,1424404.0,1424462.0
2026-07-10 09:39:00,1078.0,1078.0,1077.0,1077.0,223.0,1424462.0,1424481.0
2026-07-10 09:40:00,1077.0,1078.0,1077.0,1077.0,264.0,1424481.0,1424485.0
2026-07-10 09:41:00,1077.0,1078.0,1077.0,1078.0,472.0,1424485.0,1424486.0
2026-07-10 09:42:00,1078.0,1078.0,1077.0,1078.0,322.0,1424486.0,1424610.0
2026-07-10 09:43:00,1078.0,1078.0,1076.0,1076.0,1828.0,1424610.0,1425014.0
2026-07-10 09:44:00,1076.0,1077.0,1076.0,1077.0,578.0,1425014.0,1425041.0
2026-07-10 09:45:00,1077.0,1077.0,1076.0,1077.0,411.0,1425041.0,1425194.0
2026-07-10 09:46:00,1077.0,1078.0,1076.0,1077.0,2300.0,1425194.0,1425524.0
2026-07-10 09:47:00,1077.0,1078.0,1077.0,1078.0,260.0,1425524.0,1425445.0
2026-07-10 09:48:00,1078.0,1078.0,1077.0,1077.0,280.0,1425445.0,1425451.0
2026-07-10 09:49:00,1077.0,1078.0,1077.0,1077.0,143.0,1425451.0,1425489.0
2026-07-10 09:50:00,1077.0,1078.0,1077.0,1078.0,1940.0,1425489.0,1425174.0
2026-07-10 09:51:00,1078.0,1078.0,1077.0,1078.0,223.0,1425174.0,1425245.0
2026-07-10 09:52:00,1078.0,1078.0,1077.0,1078.0,194.0,1425245.0,1425308.0
2026-07-10 09:53:00,1078.0,1078.0,1077.0,1077.0,935.0,1425308.0,1425321.0
2026-07-10 09:54:00,1077.0,1078.0,1077.0,1077.0,358.0,1425321.0,1425506.0
2026-07-10 09:55:00,1077.0,1078.0,1077.0,1078.0,192.0,1425506.0,1425503.0
2026-07-10 09:56:00,1078.0,1079.0,1077.0,1079.0,1452.0,1425503.0,1425267.0
2026-07-10 09:57:00,1079.0,1079.0,1078.0,1078.0,1692.0,1425267.0,1425957.0
2026-07-10 09:58:00,1078.0,1080.0,1078.0,1080.0,1188.0,1425957.0,1426132.0
2026-07-10 09:59:00,1080.0,1080.0,1078.0,1079.0,1427.0,1426132.0,1426129.0
2026-07-10 10:00:00,1079.0,1079.0,1078.0,1078.0,345.0,1426129.0,1426048.0
2026-07-10 10:01:00,1078.0,1079.0,1078.0,1079.0,363.0,1426048.0,1425829.0
2026-07-10 10:02:00,1079.0,1079.0,1078.0,1079.0,246.0,1425829.0,1425799.0
2026-07-10 10:03:00,1079.0,1079.0,1078.0,1079.0,1313.0,1425799.0,1425646.0
2026-07-10 10:04:00,1079.0,1080.0,1078.0,1079.0,641.0,1425646.0,1425665.0
2026-07-10 10:05:00,1079.0,1080.0,1079.0,1079.0,386.0,1425665.0,1425676.0
2026-07-10 10:06:00,1079.0,1080.0,1079.0,1080.0,4146.0,1425676.0,1425879.0
2026-07-10 10:07:00,1080.0,1081.0,1080.0,1081.0,2962.0,1425879.0,1425118.0
2026-07-10 10:08:00,1081.0,1081.0,1079.0,1081.0,1889.0,1425118.0,1425078.0
2026-07-10 10:09:00,1081.0,1082.0,1080.0,1082.0,4455.0,1425078.0,1426144.0
2026-07-10 10:10:00,1082.0,1083.0,1081.0,1082.0,5104.0,1426144.0,1425077.0
2026-07-10 10:11:00,1082.0,1084.0,1082.0,1083.0,7111.0,1425077.0,1424233.0
2026-07-10 10:12:00,1083.0,1083.0,1082.0,1082.0,1496.0,1424233.0,1424202.0
2026-07-10 10:13:00,1082.0,1084.0,1082.0,1082.0,5789.0,1424202.0,1424255.0
2026-07-10 10:14:00,1082.0,1084.0,1082.0,1084.0,3235.0,1424255.0,1424098.0
2026-07-10 10:30:00,1084.0,1088.0,1084.0,1086.0,27640.0,1424098.0,1417902.0
2026-07-10 10:31:00,1086.0,1087.0,1085.0,1085.0,6066.0,1417902.0,1417887.0
2026-07-10 10:32:00,1085.0,1087.0,1085.0,1085.0,2966.0,1417887.0,1417600.0
2026-07-10 10:33:00,1085.0,1086.0,1084.0,1085.0,6102.0,1417600.0,1417259.0
2026-07-10 10:34:00,1085.0,1086.0,1085.0,1085.0,1344.0,1417259.0,1417127.0
2026-07-10 10:35:00,1085.0,1087.0,1085.0,1086.0,5381.0,1417127.0,1416606.0
2026-07-10 10:36:00,1086.0,1086.0,1085.0,1086.0,1367.0,1416606.0,1416640.0
2026-07-10 10:37:00,1086.0,1086.0,1085.0,1085.0,3089.0,1416640.0,1416195.0
2026-07-10 10:38:00,1085.0,1085.0,1084.0,1084.0,1177.0,1416195.0,1416401.0
2026-07-10 10:39:00,1084.0,1085.0,1084.0,1084.0,3451.0,1416401.0,1417068.0
2026-07-10 10:40:00,1084.0,1085.0,1083.0,1084.0,3037.0,1417068.0,1416155.0
2026-07-10 10:41:00,1084.0,1084.0,1083.0,1083.0,3173.0,1416155.0,1416528.0
2026-07-10 10:42:00,1083.0,1084.0,1082.0,1084.0,2067.0,1416528.0,1416765.0
2026-07-10 10:43:00,1084.0,1084.0,1082.0,1083.0,1438.0,1416765.0,1416753.0
2026-07-10 10:44:00,1083.0,1084.0,1082.0,1082.0,1082.0,1416753.0,1416784.0
2026-07-10 10:45:00,1082.0,1083.0,1082.0,1083.0,988.0,1416784.0,1416718.0
2026-07-10 10:46:00,1083.0,1084.0,1082.0,1083.0,1737.0,1416718.0,1416172.0
2026-07-10 10:47:00,1083.0,1084.0,1083.0,1083.0,407.0,1416172.0,1416171.0
2026-07-10 10:48:00,1083.0,1084.0,1082.0,1083.0,2470.0,1416171.0,1416369.0
2026-07-10 10:49:00,1083.0,1084.0,1082.0,1083.0,1076.0,1416369.0,1416476.0
2026-07-10 10:50:00,1083.0,1084.0,1083.0,1084.0,1069.0,1416476.0,1416574.0
2026-07-10 10:51:00,1084.0,1084.0,1083.0,1083.0,413.0,1416574.0,1416666.0
2026-07-10 10:52:00,1083.0,1084.0,1083.0,1083.0,777.0,1416666.0,1416431.0
2026-07-10 10:53:00,1083.0,1084.0,1083.0,1083.0,298.0,1416431.0,1416547.0
2026-07-10 10:54:00,1083.0,1084.0,1083.0,1083.0,477.0,1416547.0,1416614.0
2026-07-10 10:55:00,1083.0,1084.0,1083.0,1083.0,404.0,1416614.0,1416572.0
2026-07-10 10:56:00,1083.0,1085.0,1083.0,1085.0,3962.0,1416572.0,1417827.0
2026-07-10 10:57:00,1085.0,1085.0,1084.0,1085.0,507.0,1417827.0,1417777.0
2026-07-10 10:58:00,1085.0,1086.0,1084.0,1084.0,5001.0,1417777.0,1416790.0
2026-07-10 10:59:00,1084.0,1086.0,1084.0,1086.0,1006.0,1416790.0,1416987.0
2026-07-10 11:00:00,1086.0,1086.0,1085.0,1085.0,1154.0,1416987.0,1417021.0
2026-07-10 11:01:00,1085.0,1087.0,1085.0,1086.0,5325.0,1417021.0,1417329.0
2026-07-10 11:02:00,1086.0,1086.0,1085.0,1086.0,2514.0,1417329.0,1418010.0
2026-07-10 11:03:00,1086.0,1086.0,1085.0,1085.0,905.0,1418010.0,1418022.0
2026-07-10 11:04:00,1085.0,1086.0,1085.0,1086.0,766.0,1418022.0,1418080.0
2026-07-10 11:05:00,1086.0,1086.0,1085.0,1086.0,637.0,1418080.0,1417960.0
2026-07-10 11:06:00,1086.0,1086.0,1085.0,1086.0,932.0,1417960.0,1417500.0
2026-07-10 11:07:00,1086.0,1086.0,1084.0,1085.0,3548.0,1417500.0,1416128.0
2026-07-10 11:08:00,1085.0,1086.0,1084.0,1084.0,2474.0,1416128.0,1415449.0
2026-07-10 11:09:00,1084.0,1085.0,1084.0,1084.0,2318.0,1415449.0,1416175.0
2026-07-10 11:10:00,1084.0,1086.0,1084.0,1085.0,2029.0,1416175.0,1415441.0
2026-07-10 11:11:00,1085.0,1086.0,1084.0,1085.0,1537.0,1415441.0,1415157.0
2026-07-10 11:12:00,1085.0,1086.0,1085.0,1085.0,392.0,1415157.0,1415129.0
2026-07-10 11:13:00,1085.0,1086.0,1085.0,1085.0,320.0,1415129.0,1414975.0
2026-07-10 11:14:00,1085.0,1086.0,1084.0,1086.0,1822.0,1414975.0,1414822.0
2026-07-10 11:15:00,1086.0,1086.0,1084.0,1086.0,2426.0,1414822.0,1415280.0
2026-07-10 11:16:00,1086.0,1086.0,1085.0,1085.0,1028.0,1415280.0,1414917.0
2026-07-10 11:17:00,1085.0,1086.0,1085.0,1086.0,486.0,1414917.0,1414636.0
2026-07-10 11:18:00,1086.0,1087.0,1085.0,1085.0,3646.0,1414636.0,1413780.0
2026-07-10 11:19:00,1085.0,1086.0,1085.0,1085.0,1370.0,1413780.0,1413647.0
2026-07-10 11:20:00,1085.0,1087.0,1085.0,1086.0,2055.0,1413647.0,1413101.0
2026-07-10 11:21:00,1086.0,1088.0,1086.0,1088.0,5141.0,1413101.0,1411291.0
2026-07-10 11:22:00,1088.0,1088.0,1087.0,1087.0,983.0,1411291.0,1410951.0
2026-07-10 11:23:00,1087.0,1089.0,1087.0,1089.0,8088.0,1410951.0,1408708.0
2026-07-10 11:24:00,1089.0,1089.0,1088.0,1089.0,3194.0,1408708.0,1407988.0
2026-07-10 11:25:00,1089.0,1089.0,1087.0,1088.0,6133.0,1407988.0,1406901.0
2026-07-10 11:26:00,1088.0,1089.0,1087.0,1088.0,3001.0,1406901.0,1406719.0
2026-07-10 11:27:00,1088.0,1089.0,1088.0,1088.0,1096.0,1406719.0,1406665.0
2026-07-10 11:28:00,1088.0,1089.0,1088.0,1088.0,642.0,1406665.0,1406808.0
2026-07-10 11:29:00,1088.0,1089.0,1088.0,1088.0,2910.0,1406808.0,1406006.0
2026-07-10 13:30:00,1088.0,1089.0,1087.0,1088.0,4582.0,1406006.0,1404730.0
2026-07-10 13:31:00,1088.0,1089.0,1087.0,1088.0,2571.0,1404730.0,1403953.0
2026-07-10 13:32:00,1088.0,1093.0,1088.0,1092.0,18984.0,1403953.0,1404157.0
2026-07-10 13:33:00,1092.0,1093.0,1091.0,1091.0,5961.0,1404157.0,1403295.0
2026-07-10 13:34:00,1091.0,1092.0,1090.0,1090.0,3422.0,1403295.0,1403266.0
2026-07-10 13:35:00,1090.0,1091.0,1090.0,1090.0,4042.0,1403266.0,1401914.0
2026-07-10 13:36:00,1090.0,1091.0,1090.0,1091.0,1501.0,1401914.0,1401789.0
2026-07-10 13:37:00,1091.0,1091.0,1090.0,1090.0,5338.0,1401789.0,1400228.0
2026-07-10 13:38:00,1090.0,1091.0,1089.0,1090.0,2560.0,1400228.0,1399896.0
2026-07-10 13:39:00,1090.0,1090.0,1089.0,1090.0,1139.0,1399896.0,1399503.0
2026-07-10 13:40:00,1090.0,1090.0,1089.0,1090.0,779.0,1399503.0,1399369.0
2026-07-10 13:41:00,1090.0,1090.0,1089.0,1089.0,1823.0,1399369.0,1398637.0
2026-07-10 13:42:00,1089.0,1089.0,1088.0,1088.0,3547.0,1398637.0,1398208.0
2026-07-10 13:43:00,1088.0,1089.0,1088.0,1089.0,660.0,1398208.0,1398000.0
2026-07-10 13:44:00,1089.0,1089.0,1088.0,1088.0,833.0,1398000.0,1397699.0
2026-07-10 13:45:00,1088.0,1089.0,1088.0,1089.0,3280.0,1397699.0,1398049.0
2026-07-10 13:46:00,1089.0,1089.0,1087.0,1088.0,3631.0,1398049.0,1397298.0
2026-07-10 13:47:00,1088.0,1089.0,1087.0,1089.0,2175.0,1397298.0,1397158.0
2026-07-10 13:48:00,1089.0,1089.0,1088.0,1088.0,1660.0,1397158.0,1396766.0
2026-07-10 13:49:00,1088.0,1089.0,1088.0,1088.0,621.0,1396766.0,1396726.0
2026-07-10 13:50:00,1088.0,1089.0,1087.0,1087.0,2242.0,1396726.0,1396064.0
2026-07-10 13:51:00,1087.0,1088.0,1086.0,1086.0,5588.0,1396064.0,1396834.0
2026-07-10 13:52:00,1086.0,1087.0,1085.0,1086.0,3021.0,1396834.0,1396681.0
2026-07-10 13:53:00,1086.0,1087.0,1086.0,1087.0,1305.0,1396681.0,1396390.0
2026-07-10 13:54:00,1087.0,1087.0,1086.0,1087.0,550.0,1396390.0,1396502.0
2026-07-10 13:55:00,1087.0,1087.0,1086.0,1086.0,688.0,1396502.0,1396255.0
2026-07-10 13:56:00,1086.0,1087.0,1085.0,1085.0,3530.0,1396255.0,1395621.0
2026-07-10 13:57:00,1085.0,1087.0,1085.0,1086.0,2192.0,1395621.0,1395820.0
2026-07-10 13:58:00,1086.0,1087.0,1086.0,1086.0,477.0,1395820.0,1395643.0
2026-07-10 13:59:00,1086.0,1087.0,1085.0,1085.0,1937.0,1395643.0,1395593.0
2026-07-10 14:00:00,1085.0,1087.0,1085.0,1085.0,1262.0,1395593.0,1395583.0
2026-07-10 14:01:00,1085.0,1086.0,1085.0,1085.0,1615.0,1395583.0,1395963.0
2026-07-10 14:02:00,1085.0,1086.0,1085.0,1085.0,425.0,1395963.0,1395802.0
2026-07-10 14:03:00,1085.0,1086.0,1085.0,1085.0,2779.0,1395802.0,1395759.0
2026-07-10 14:04:00,1085.0,1086.0,1085.0,1085.0,902.0,1395759.0,1395618.0
2026-07-10 14:05:00,1085.0,1086.0,1085.0,1086.0,522.0,1395618.0,1395674.0
2026-07-10 14:06:00,1086.0,1086.0,1084.0,1085.0,4249.0,1395674.0,1395067.0
2026-07-10 14:07:00,1085.0,1086.0,1085.0,1086.0,2103.0,1395067.0,1395471.0
2026-07-10 14:08:00,1086.0,1086.0,1085.0,1085.0,274.0,1395471.0,1395456.0
2026-07-10 14:09:00,1085.0,1086.0,1085.0,1085.0,289.0,1395456.0,1395438.0
2026-07-10 14:10:00,1085.0,1087.0,1085.0,1086.0,1714.0,1395438.0,1395783.0
2026-07-10 14:11:00,1086.0,1087.0,1086.0,1087.0,340.0,1395783.0,1395680.0
2026-07-10 14:12:00,1087.0,1088.0,1086.0,1087.0,2852.0,1395680.0,1396004.0
2026-07-10 14:13:00,1087.0,1087.0,1085.0,1085.0,2104.0,1396004.0,1396230.0
2026-07-10 14:14:00,1085.0,1086.0,1085.0,1086.0,308.0,1396230.0,1396195.0
2026-07-10 14:15:00,1086.0,1087.0,1085.0,1087.0,1560.0,1396195.0,1396209.0
2026-07-10 14:16:00,1087.0,1087.0,1086.0,1086.0,458.0,1396209.0,1396123.0
2026-07-10 14:17:00,1086.0,1087.0,1086.0,1086.0,221.0,1396123.0,1396167.0
2026-07-10 14:18:00,1086.0,1087.0,1086.0,1086.0,189.0,1396167.0,1396303.0
2026-07-10 14:19:00,1086.0,1087.0,1086.0,1087.0,276.0,1396303.0,1396414.0
2026-07-10 14:20:00,1087.0,1087.0,1086.0,1086.0,261.0,1396414.0,1396555.0
2026-07-10 14:21:00,1086.0,1087.0,1085.0,1086.0,2013.0,1396555.0,1396529.0
2026-07-10 14:22:00,1086.0,1086.0,1085.0,1085.0,348.0,1396529.0,1396397.0
2026-07-10 14:23:00,1085.0,1086.0,1085.0,1086.0,270.0,1396397.0,1396249.0
2026-07-10 14:24:00,1086.0,1086.0,1085.0,1085.0,346.0,1396249.0,1396151.0
2026-07-10 14:25:00,1085.0,1087.0,1085.0,1087.0,1190.0,1396151.0,1395840.0
2026-07-10 14:26:00,1087.0,1087.0,1086.0,1086.0,367.0,1395840.0,1395842.0
2026-07-10 14:27:00,1086.0,1088.0,1086.0,1086.0,2055.0,1395842.0,1395765.0
2026-07-10 14:28:00,1086.0,1087.0,1086.0,1086.0,429.0,1395765.0,1395629.0
2026-07-10 14:29:00,1086.0,1087.0,1086.0,1086.0,343.0,1395629.0,1395556.0
2026-07-10 14:30:00,1086.0,1087.0,1085.0,1087.0,2196.0,1395556.0,1395726.0
2026-07-10 14:31:00,1087.0,1087.0,1086.0,1086.0,196.0,1395726.0,1395730.0
2026-07-10 14:32:00,1086.0,1087.0,1086.0,1086.0,1345.0,1395730.0,1396010.0
2026-07-10 14:33:00,1086.0,1087.0,1086.0,1086.0,690.0,1396010.0,1395849.0
2026-07-10 14:34:00,1086.0,1087.0,1086.0,1087.0,208.0,1395849.0,1395808.0
2026-07-10 14:35:00,1087.0,1087.0,1086.0,1087.0,223.0,1395808.0,1395816.0
2026-07-10 14:36:00,1087.0,1087.0,1086.0,1087.0,451.0,1395816.0,1395809.0
2026-07-10 14:37:00,1087.0,1088.0,1086.0,1088.0,2771.0,1395809.0,1395182.0
2026-07-10 14:38:00,1088.0,1088.0,1087.0,1087.0,567.0,1395182.0,1395161.0
2026-07-10 14:39:00,1087.0,1088.0,1086.0,1088.0,1919.0,1395161.0,1395327.0
2026-07-10 14:40:00,1088.0,1088.0,1086.0,1086.0,781.0,1395327.0,1395120.0
2026-07-10 14:41:00,1086.0,1087.0,1086.0,1087.0,356.0,1395120.0,1394933.0
2026-07-10 14:42:00,1087.0,1087.0,1086.0,1086.0,363.0,1394933.0,1394848.0
2026-07-10 14:43:00,1086.0,1087.0,1086.0,1086.0,299.0,1394848.0,1394743.0
2026-07-10 14:44:00,1086.0,1087.0,1086.0,1086.0,292.0,1394743.0,1394625.0
2026-07-10 14:45:00,1086.0,1087.0,1086.0,1087.0,552.0,1394625.0,1394479.0
2026-07-10 14:46:00,1087.0,1087.0,1086.0,1086.0,2773.0,1394479.0,1394431.0
2026-07-10 14:47:00,1086.0,1087.0,1086.0,1087.0,580.0,1394431.0,1394548.0
2026-07-10 14:48:00,1087.0,1087.0,1086.0,1087.0,591.0,1394548.0,1394756.0
2026-07-10 14:49:00,1087.0,1087.0,1085.0,1085.0,4821.0,1394756.0,1393710.0
2026-07-10 14:50:00,1085.0,1086.0,1085.0,1086.0,774.0,1393710.0,1393296.0
2026-07-10 14:51:00,1086.0,1086.0,1085.0,1086.0,1282.0,1393296.0,1392939.0
2026-07-10 14:52:00,1086.0,1087.0,1085.0,1085.0,3531.0,1392939.0,1392027.0
2026-07-10 14:53:00,1085.0,1086.0,1085.0,1086.0,2235.0,1392027.0,1391112.0
2026-07-10 14:54:00,1086.0,1086.0,1085.0,1086.0,1766.0,1391112.0,1390835.0
2026-07-10 14:55:00,1086.0,1086.0,1085.0,1086.0,1406.0,1390835.0,1390498.0
2026-07-10 14:56:00,1086.0,1086.0,1085.0,1086.0,1271.0,1390498.0,1390050.0
2026-07-10 14:57:00,1086.0,1086.0,1085.0,1085.0,1385.0,1390050.0,1389771.0
2026-07-10 14:58:00,1085.0,1086.0,1085.0,1085.0,2259.0,1389771.0,1389272.0
2026-07-10 14:59:00,1085.0,1086.0,1084.0,1084.0,5924.0,1389272.0,1387067.0
2026-07-10 21:00:00,1083.0,1089.0,1083.0,1087.0,17059.0,1387067.0,1388385.0
2026-07-10 21:01:00,1087.0,1087.0,1084.0,1085.0,8817.0,1388385.0,1388445.0
2026-07-10 21:02:00,1085.0,1085.0,1084.0,1085.0,8543.0,1388445.0,1386907.0
2026-07-10 21:03:00,1085.0,1086.0,1084.0,1086.0,3312.0,1386907.0,1386868.0
2026-07-10 21:04:00,1086.0,1086.0,1084.0,1086.0,3652.0,1386868.0,1386268.0
2026-07-10 21:05:00,1086.0,1086.0,1083.0,1083.0,4150.0,1386268.0,1386584.0
2026-07-10 21:06:00,1083.0,1085.0,1083.0,1084.0,6276.0,1386584.0,1387416.0
2026-07-10 21:07:00,1084.0,1085.0,1083.0,1083.0,3046.0,1387416.0,1387041.0
2026-07-10 21:08:00,1083.0,1084.0,1083.0,1083.0,2317.0,1387041.0,1387439.0
2026-07-10 21:09:00,1083.0,1084.0,1083.0,1083.0,2783.0,1387439.0,1387026.0
2026-07-10 21:10:00,1083.0,1084.0,1083.0,1084.0,2916.0,1387026.0,1386323.0
2026-07-10 21:11:00,1084.0,1084.0,1083.0,1083.0,1455.0,1386323.0,1385976.0
2026-07-10 21:12:00,1083.0,1084.0,1083.0,1084.0,823.0,1385976.0,1386130.0
2026-07-10 21:13:00,1084.0,1084.0,1082.0,1082.0,3790.0,1386130.0,1387063.0
2026-07-10 21:14:00,1082.0,1084.0,1082.0,1084.0,1938.0,1387063.0,1387651.0
2026-07-10 21:15:00,1084.0,1084.0,1082.0,1083.0,4213.0,1387651.0,1386892.0
2026-07-10 21:16:00,1083.0,1084.0,1082.0,1083.0,4050.0,1386892.0,1386800.0
2026-07-10 21:17:00,1083.0,1085.0,1083.0,1085.0,3909.0,1386800.0,1387356.0
2026-07-10 21:18:00,1085.0,1086.0,1085.0,1085.0,4659.0,1387356.0,1386475.0
2026-07-10 21:19:00,1085.0,1086.0,1084.0,1086.0,2678.0,1386475.0,1386007.0
2026-07-10 21:20:00,1086.0,1086.0,1085.0,1086.0,717.0,1386007.0,1386042.0
2026-07-10 21:21:00,1086.0,1086.0,1085.0,1086.0,793.0,1386042.0,1386079.0
2026-07-10 21:22:00,1086.0,1087.0,1085.0,1087.0,3989.0,1386079.0,1386991.0
2026-07-10 21:23:00,1087.0,1087.0,1085.0,1085.0,2220.0,1386991.0,1387261.0
2026-07-10 21:24:00,1085.0,1086.0,1085.0,1085.0,478.0,1387261.0,1387206.0
2026-07-10 21:25:00,1085.0,1086.0,1085.0,1086.0,1501.0,1387206.0,1386608.0
2026-07-10 21:26:00,1086.0,1086.0,1085.0,1085.0,420.0,1386608.0,1386601.0
2026-07-10 21:27:00,1085.0,1086.0,1085.0,1086.0,320.0,1386601.0,1386609.0
2026-07-10 21:28:00,1086.0,1086.0,1085.0,1085.0,499.0,1386609.0,1386771.0
2026-07-10 21:29:00,1085.0,1086.0,1084.0,1084.0,3001.0,1386771.0,1387025.0
2026-07-10 21:30:00,1084.0,1085.0,1083.0,1084.0,2045.0,1387025.0,1387911.0
2026-07-10 21:31:00,1084.0,1085.0,1083.0,1083.0,2563.0,1387911.0,1388990.0
2026-07-10 21:32:00,1083.0,1085.0,1083.0,1084.0,1459.0,1388990.0,1389471.0
2026-07-10 21:33:00,1084.0,1086.0,1084.0,1086.0,1538.0,1389471.0,1389134.0
2026-07-10 21:34:00,1086.0,1086.0,1085.0,1085.0,380.0,1389134.0,1389149.0
2026-07-10 21:35:00,1085.0,1086.0,1084.0,1084.0,1735.0,1389149.0,1389413.0
2026-07-10 21:36:00,1084.0,1085.0,1084.0,1085.0,957.0,1389413.0,1389332.0
2026-07-10 21:37:00,1085.0,1086.0,1085.0,1085.0,291.0,1389332.0,1389216.0
2026-07-10 21:38:00,1085.0,1086.0,1085.0,1086.0,160.0,1389216.0,1389238.0
2026-07-10 21:39:00,1086.0,1086.0,1085.0,1086.0,291.0,1389238.0,1389083.0
2026-07-10 21:40:00,1086.0,1086.0,1085.0,1086.0,1071.0,1389083.0,1388820.0
2026-07-10 21:41:00,1086.0,1087.0,1086.0,1087.0,2948.0,1388820.0,1389809.0
2026-07-10 21:42:00,1087.0,1087.0,1086.0,1087.0,518.0,1389809.0,1389824.0
2026-07-10 21:43:00,1087.0,1088.0,1086.0,1087.0,3857.0,1389824.0,1388512.0
2026-07-10 21:44:00,1087.0,1088.0,1087.0,1088.0,1367.0,1388512.0,1388187.0
2026-07-10 21:45:00,1088.0,1088.0,1086.0,1088.0,3600.0,1388187.0,1387425.0
2026-07-10 21:46:00,1088.0,1088.0,1087.0,1088.0,321.0,1387425.0,1387367.0
2026-07-10 21:47:00,1088.0,1088.0,1087.0,1088.0,282.0,1387367.0,1387321.0
2026-07-10 21:48:00,1088.0,1088.0,1087.0,1087.0,433.0,1387321.0,1387361.0
2026-07-10 21:49:00,1087.0,1088.0,1086.0,1086.0,1748.0,1387361.0,1386951.0
2026-07-10 21:50:00,1086.0,1088.0,1086.0,1088.0,1635.0,1386951.0,1387096.0
2026-07-10 21:51:00,1088.0,1088.0,1086.0,1087.0,668.0,1387096.0,1387160.0
2026-07-10 21:52:00,1087.0,1088.0,1086.0,1087.0,1373.0,1387160.0,1387199.0
2026-07-10 21:53:00,1087.0,1089.0,1087.0,1089.0,3697.0,1387199.0,1388874.0
2026-07-10 21:54:00,1089.0,1089.0,1087.0,1088.0,1350.0,1388874.0,1388819.0
2026-07-10 21:55:00,1088.0,1088.0,1087.0,1088.0,489.0,1388819.0,1388674.0
2026-07-10 21:56:00,1088.0,1088.0,1087.0,1088.0,650.0,1388674.0,1388269.0
2026-07-10 21:57:00,1088.0,1088.0,1087.0,1087.0,480.0,1388269.0,1388120.0
2026-07-10 21:58:00,1087.0,1088.0,1087.0,1087.0,400.0,1388120.0,1388158.0
2026-07-10 21:59:00,1087.0,1088.0,1086.0,1086.0,2063.0,1388158.0,1387989.0
2026-07-10 22:00:00,1086.0,1087.0,1086.0,1087.0,1166.0,1387989.0,1387857.0
2026-07-10 22:01:00,1087.0,1087.0,1086.0,1087.0,125.0,1387857.0,1387862.0
2026-07-10 22:02:00,1087.0,1087.0,1086.0,1086.0,1601.0,1387862.0,1387642.0
2026-07-10 22:03:00,1086.0,1087.0,1086.0,1086.0,336.0,1387642.0,1387560.0
2026-07-10 22:04:00,1086.0,1087.0,1086.0,1087.0,222.0,1387560.0,1387593.0
2026-07-10 22:05:00,1087.0,1087.0,1086.0,1087.0,352.0,1387593.0,1387593.0
2026-07-10 22:06:00,1087.0,1087.0,1086.0,1086.0,188.0,1387593.0,1387610.0
2026-07-10 22:07:00,1086.0,1087.0,1086.0,1086.0,165.0,1387610.0,1387662.0
2026-07-10 22:08:00,1086.0,1087.0,1085.0,1086.0,3717.0,1387662.0,1387315.0
2026-07-10 22:09:00,1086.0,1086.0,1085.0,1085.0,368.0,1387315.0,1387315.0
2026-07-10 22:10:00,1085.0,1086.0,1085.0,1085.0,72.0,1387315.0,1387313.0
2026-07-10 22:11:00,1085.0,1087.0,1085.0,1086.0,2023.0,1387313.0,1387130.0
2026-07-10 22:12:00,1086.0,1086.0,1085.0,1086.0,246.0,1387130.0,1387079.0
2026-07-10 22:13:00,1086.0,1086.0,1085.0,1086.0,185.0,1387079.0,1387054.0
2026-07-10 22:14:00,1086.0,1086.0,1085.0,1086.0,186.0,1387054.0,1386986.0
2026-07-10 22:15:00,1086.0,1086.0,1085.0,1085.0,983.0,1386986.0,1386778.0
2026-07-10 22:16:00,1085.0,1086.0,1085.0,1086.0,476.0,1386778.0,1386730.0
2026-07-10 22:17:00,1086.0,1086.0,1085.0,1086.0,130.0,1386730.0,1386749.0
2026-07-10 22:18:00,1086.0,1086.0,1085.0,1086.0,193.0,1386749.0,1386715.0
2026-07-10 22:19:00,1086.0,1086.0,1085.0,1086.0,94.0,1386715.0,1386721.0
2026-07-10 22:20:00,1086.0,1086.0,1085.0,1086.0,139.0,1386721.0,1386731.0
2026-07-10 22:21:00,1086.0,1086.0,1085.0,1085.0,373.0,1386731.0,1386607.0
2026-07-10 22:22:00,1085.0,1086.0,1085.0,1086.0,98.0,1386607.0,1386594.0
2026-07-10 22:23:00,1086.0,1086.0,1085.0,1085.0,116.0,1386594.0,1386545.0
2026-07-10 22:24:00,1085.0,1086.0,1085.0,1086.0,94.0,1386545.0,1386464.0
2026-07-10 22:25:00,1086.0,1086.0,1085.0,1086.0,134.0,1386464.0,1386454.0
2026-07-10 22:26:00,1086.0,1087.0,1085.0,1086.0,1468.0,1386454.0,1386115.0
2026-07-10 22:27:00,1086.0,1086.0,1085.0,1086.0,154.0,1386115.0,1386163.0
2026-07-10 22:28:00,1086.0,1086.0,1085.0,1085.0,1281.0,1386163.0,1386567.0
2026-07-10 22:29:00,1085.0,1086.0,1085.0,1085.0,238.0,1386567.0,1386525.0
2026-07-10 22:30:00,1085.0,1086.0,1085.0,1085.0,195.0,1386525.0,1386408.0
2026-07-10 22:31:00,1085.0,1086.0,1085.0,1086.0,119.0,1386408.0,1386450.0
2026-07-10 22:32:00,1086.0,1086.0,1084.0,1085.0,4469.0,1386450.0,1385716.0
2026-07-10 22:33:00,1085.0,1086.0,1085.0,1085.0,174.0,1385716.0,1385684.0
2026-07-10 22:34:00,1085.0,1086.0,1085.0,1085.0,1169.0,1385684.0,1385625.0
2026-07-10 22:35:00,1085.0,1086.0,1085.0,1085.0,144.0,1385625.0,1385627.0
2026-07-10 22:36:00,1085.0,1086.0,1085.0,1086.0,114.0,1385627.0,1385621.0
2026-07-10 22:37:00,1086.0,1086.0,1085.0,1086.0,111.0,1385621.0,1385660.0
2026-07-10 22:38:00,1086.0,1086.0,1085.0,1086.0,1445.0,1385660.0,1385836.0
2026-07-10 22:39:00,1086.0,1087.0,1085.0,1086.0,1959.0,1385836.0,1385392.0
2026-07-10 22:40:00,1086.0,1087.0,1086.0,1086.0,414.0,1385392.0,1385322.0
2026-07-10 22:41:00,1086.0,1087.0,1086.0,1086.0,189.0,1385322.0,1385280.0
2026-07-10 22:42:00,1086.0,1087.0,1086.0,1086.0,1756.0,1385280.0,1385015.0
2026-07-10 22:43:00,1086.0,1087.0,1086.0,1086.0,82.0,1385015.0,1384999.0
2026-07-10 22:44:00,1086.0,1087.0,1086.0,1086.0,123.0,1384999.0,1384975.0
2026-07-10 22:45:00,1086.0,1087.0,1086.0,1087.0,417.0,1384975.0,1384946.0
2026-07-10 22:46:00,1087.0,1087.0,1086.0,1087.0,215.0,1384946.0,1384926.0
2026-07-10 22:47:00,1087.0,1087.0,1086.0,1087.0,383.0,1384926.0,1384831.0
2026-07-10 22:48:00,1087.0,1088.0,1086.0,1087.0,2096.0,1384831.0,1384436.0
2026-07-10 22:49:00,1087.0,1088.0,1087.0,1088.0,1470.0,1384436.0,1384141.0
2026-07-10 22:50:00,1088.0,1088.0,1087.0,1088.0,1207.0,1384141.0,1383478.0
2026-07-10 22:51:00,1088.0,1088.0,1086.0,1087.0,2257.0,1383478.0,1382892.0
2026-07-10 22:52:00,1087.0,1088.0,1087.0,1088.0,198.0,1382892.0,1382938.0
2026-07-10 22:53:00,1088.0,1088.0,1087.0,1087.0,208.0,1382938.0,1382939.0
2026-07-10 22:54:00,1087.0,1088.0,1086.0,1087.0,1612.0,1382939.0,1381995.0
2026-07-10 22:55:00,1087.0,1087.0,1086.0,1087.0,502.0,1381995.0,1381620.0
2026-07-10 22:56:00,1087.0,1087.0,1086.0,1087.0,534.0,1381620.0,1381459.0
2026-07-10 22:57:00,1087.0,1087.0,1086.0,1086.0,316.0,1381459.0,1381424.0
2026-07-10 22:58:00,1086.0,1087.0,1086.0,1086.0,630.0,1381424.0,1381183.0
2026-07-10 22:59:00,1086.0,1087.0,1085.0,1087.0,3988.0,1381183.0,1378863.0
2026-07-13 09:00:00,1087.0,1087.0,1083.0,1084.0,11486.0,1378863.0,1378501.0
2026-07-13 09:01:00,1084.0,1087.0,1084.0,1086.0,6044.0,1378501.0,1378969.0
2026-07-13 09:02:00,1086.0,1086.0,1082.0,1083.0,8794.0,1378969.0,1378001.0
2026-07-13 09:03:00,1083.0,1083.0,1081.0,1082.0,4682.0,1378001.0,1379392.0
2026-07-13 09:04:00,1082.0,1083.0,1081.0,1081.0,6615.0,1379392.0,1379643.0
2026-07-13 09:05:00,1081.0,1083.0,1081.0,1082.0,5954.0,1379643.0,1380989.0
2026-07-13 09:06:00,1082.0,1082.0,1081.0,1082.0,2504.0,1380989.0,1381859.0
2026-07-13 09:07:00,1082.0,1083.0,1081.0,1082.0,1056.0,1381859.0,1382141.0
2026-07-13 09:08:00,1082.0,1084.0,1082.0,1084.0,3429.0,1382141.0,1383177.0
2026-07-13 09:09:00,1084.0,1085.0,1083.0,1084.0,1559.0,1383177.0,1382996.0
2026-07-13 09:10:00,1084.0,1085.0,1084.0,1084.0,732.0,1382996.0,1383171.0
2026-07-13 09:11:00,1084.0,1086.0,1084.0,1085.0,3934.0,1383171.0,1383424.0
2026-07-13 09:12:00,1085.0,1086.0,1084.0,1085.0,1036.0,1383424.0,1383440.0
2026-07-13 09:13:00,1085.0,1088.0,1085.0,1086.0,7399.0,1383440.0,1381534.0
2026-07-13 09:14:00,1086.0,1086.0,1085.0,1086.0,778.0,1381534.0,1381725.0
2026-07-13 09:15:00,1086.0,1087.0,1085.0,1086.0,1680.0,1381725.0,1381722.0
2026-07-13 09:16:00,1086.0,1086.0,1085.0,1086.0,652.0,1381722.0,1381966.0
2026-07-13 09:17:00,1086.0,1086.0,1085.0,1086.0,520.0,1381966.0,1382098.0
2026-07-13 09:18:00,1086.0,1087.0,1085.0,1086.0,1172.0,1382098.0,1381883.0
2026-07-13 09:19:00,1086.0,1087.0,1085.0,1085.0,1366.0,1381883.0,1381635.0
2026-07-13 09:20:00,1085.0,1088.0,1085.0,1087.0,2774.0,1381635.0,1381725.0
2026-07-13 09:21:00,1087.0,1088.0,1086.0,1086.0,1997.0,1381725.0,1381230.0
2026-07-13 09:22:00,1086.0,1087.0,1085.0,1086.0,1874.0,1381230.0,1381629.0
2026-07-13 09:23:00,1086.0,1088.0,1086.0,1088.0,2418.0,1381629.0,1382767.0
2026-07-13 09:24:00,1088.0,1088.0,1087.0,1088.0,1087.0,1382767.0,1382518.0
2026-07-13 09:25:00,1088.0,1089.0,1087.0,1088.0,6078.0,1382518.0,1383702.0
2026-07-13 09:26:00,1088.0,1089.0,1087.0,1087.0,1862.0,1383702.0,1383118.0
2026-07-13 09:27:00,1087.0,1088.0,1087.0,1088.0,677.0,1383118.0,1383104.0
2026-07-13 09:28:00,1088.0,1088.0,1086.0,1087.0,2885.0,1383104.0,1382208.0
2026-07-13 09:29:00,1087.0,1087.0,1086.0,1087.0,652.0,1382208.0,1382140.0
2026-07-13 09:30:00,1087.0,1087.0,1085.0,1086.0,3037.0,1382140.0,1382846.0
2026-07-13 09:31:00,1086.0,1087.0,1085.0,1085.0,1784.0,1382846.0,1383029.0
2026-07-13 09:32:00,1085.0,1087.0,1085.0,1086.0,476.0,1383029.0,1383024.0
2026-07-13 09:33:00,1086.0,1087.0,1085.0,1087.0,2226.0,1383024.0,1383429.0
2026-07-13 09:34:00,1087.0,1088.0,1086.0,1088.0,2149.0,1383429.0,1382892.0
2026-07-13 09:35:00,1088.0,1088.0,1086.0,1086.0,506.0,1382892.0,1382819.0
2026-07-13 09:36:00,1086.0,1087.0,1086.0,1087.0,185.0,1382819.0,1382771.0
2026-07-13 09:37:00,1087.0,1087.0,1086.0,1086.0,476.0,1382771.0,1382589.0
2026-07-13 09:38:00,1086.0,1087.0,1085.0,1085.0,1510.0,1382589.0,1382183.0
2026-07-13 09:39:00,1085.0,1087.0,1085.0,1086.0,1663.0,1382183.0,1382212.0
2026-07-13 09:40:00,1086.0,1086.0,1085.0,1086.0,243.0,1382212.0,1382249.0
2026-07-13 09:41:00,1086.0,1086.0,1084.0,1084.0,2065.0,1382249.0,1382272.0
2026-07-13 09:42:00,1084.0,1086.0,1084.0,1085.0,2560.0,1382272.0,1381947.0
2026-07-13 09:43:00,1085.0,1086.0,1084.0,1085.0,1567.0,1381947.0,1381406.0
2026-07-13 09:44:00,1085.0,1086.0,1084.0,1085.0,681.0,1381406.0,1381430.0
2026-07-13 09:45:00,1085.0,1085.0,1084.0,1085.0,1561.0,1381430.0,1380985.0
2026-07-13 09:46:00,1085.0,1086.0,1084.0,1085.0,898.0,1380985.0,1381067.0
2026-07-13 09:47:00,1085.0,1086.0,1085.0,1085.0,169.0,1381067.0,1380984.0
2026-07-13 09:48:00,1085.0,1086.0,1085.0,1086.0,264.0,1380984.0,1380814.0
2026-07-13 09:49:00,1086.0,1086.0,1085.0,1085.0,203.0,1380814.0,1380669.0
2026-07-13 09:50:00,1085.0,1086.0,1085.0,1085.0,842.0,1380669.0,1380232.0
2026-07-13 09:51:00,1085.0,1087.0,1085.0,1087.0,2569.0,1380232.0,1381416.0
2026-07-13 09:52:00,1087.0,1087.0,1085.0,1085.0,1749.0,1381416.0,1381166.0
2026-07-13 09:53:00,1085.0,1086.0,1085.0,1086.0,209.0,1381166.0,1381056.0
2026-07-13 09:54:00,1086.0,1086.0,1085.0,1085.0,185.0,1381056.0,1380982.0
2026-07-13 09:55:00,1085.0,1086.0,1084.0,1085.0,1540.0,1380982.0,1380113.0
2026-07-13 09:56:00,1085.0,1085.0,1084.0,1085.0,896.0,1380113.0,1380049.0
2026-07-13 09:57:00,1085.0,1085.0,1084.0,1084.0,300.0,1380049.0,1380050.0
2026-07-13 09:58:00,1084.0,1085.0,1084.0,1084.0,1636.0,1380050.0,1380111.0
2026-07-13 09:59:00,1084.0,1085.0,1082.0,1082.0,5642.0,1380111.0,1380261.0
2026-07-13 10:00:00,1082.0,1083.0,1081.0,1082.0,6093.0,1380261.0,1380487.0
2026-07-13 10:01:00,1082.0,1082.0,1081.0,1081.0,1384.0,1380487.0,1380518.0
2026-07-13 10:02:00,1081.0,1082.0,1081.0,1081.0,2531.0,1380518.0,1379967.0
2026-07-13 10:03:00,1081.0,1082.0,1081.0,1081.0,1494.0,1379967.0,1379791.0
2026-07-13 10:04:00,1081.0,1083.0,1081.0,1083.0,2425.0,1379791.0,1379248.0
2026-07-13 10:05:00,1083.0,1083.0,1082.0,1083.0,887.0,1379248.0,1379051.0
2026-07-13 10:06:00,1083.0,1083.0,1081.0,1081.0,3003.0,1379051.0,1378079.0
2026-07-13 10:07:00,1081.0,1083.0,1081.0,1082.0,4066.0,1378079.0,1376504.0
2026-07-13 10:08:00,1082.0,1083.0,1082.0,1083.0,1248.0,1376504.0,1376623.0
2026-07-13 10:09:00,1083.0,1083.0,1082.0,1082.0,858.0,1376623.0,1376469.0
2026-07-13 10:10:00,1082.0,1083.0,1082.0,1083.0,323.0,1376469.0,1376496.0
2026-07-13 10:11:00,1083.0,1084.0,1082.0,1083.0,2706.0,1376496.0,1377338.0
2026-07-13 10:12:00,1083.0,1084.0,1082.0,1084.0,1071.0,1377338.0,1377572.0
2026-07-13 10:13:00,1084.0,1084.0,1082.0,1082.0,1688.0,1377572.0,1377224.0
2026-07-13 10:14:00,1082.0,1084.0,1082.0,1083.0,2006.0,1377224.0,1377561.0
2026-07-13 10:30:00,1083.0,1083.0,1082.0,1082.0,3991.0,1377561.0,1378041.0
2026-07-13 10:31:00,1082.0,1082.0,1081.0,1081.0,443.0,1378041.0,1378140.0
2026-07-13 10:32:00,1081.0,1082.0,1081.0,1081.0,624.0,1378140.0,1378311.0
2026-07-13 10:33:00,1081.0,1082.0,1081.0,1082.0,544.0,1378311.0,1378502.0
2026-07-13 10:34:00,1082.0,1082.0,1081.0,1082.0,361.0,1378502.0,1378621.0
2026-07-13 10:35:00,1082.0,1083.0,1081.0,1082.0,2107.0,1378621.0,1378550.0
2026-07-13 10:36:00,1082.0,1083.0,1081.0,1081.0,2448.0,1378550.0,1378351.0
2026-07-13 10:37:00,1081.0,1083.0,1081.0,1083.0,894.0,1378351.0,1378844.0
2026-07-13 10:38:00,1083.0,1083.0,1081.0,1082.0,538.0,1378844.0,1378626.0
2026-07-13 10:39:00,1082.0,1083.0,1081.0,1082.0,772.0,1378626.0,1378720.0
2026-07-13 10:40:00,1082.0,1082.0,1081.0,1082.0,365.0,1378720.0,1378705.0
2026-07-13 10:41:00,1082.0,1082.0,1081.0,1082.0,465.0,1378705.0,1378711.0
2026-07-13 10:42:00,1082.0,1082.0,1081.0,1082.0,269.0,1378711.0,1378728.0
2026-07-13 10:43:00,1082.0,1082.0,1081.0,1081.0,790.0,1378728.0,1378634.0
2026-07-13 10:44:00,1081.0,1082.0,1081.0,1081.0,173.0,1378634.0,1378550.0
2026-07-13 10:45:00,1081.0,1082.0,1081.0,1082.0,328.0,1378550.0,1378671.0
2026-07-13 10:46:00,1082.0,1082.0,1081.0,1082.0,333.0,1378671.0,1378787.0
2026-07-13 10:47:00,1082.0,1082.0,1081.0,1082.0,277.0,1378787.0,1378743.0
2026-07-13 10:48:00,1082.0,1082.0,1081.0,1082.0,162.0,1378743.0,1378696.0
2026-07-13 10:49:00,1082.0,1082.0,1081.0,1081.0,200.0,1378696.0,1378604.0
2026-07-13 10:50:00,1081.0,1082.0,1081.0,1082.0,197.0,1378604.0,1378508.0
2026-07-13 10:51:00,1082.0,1082.0,1080.0,1081.0,3540.0,1378508.0,1378495.0
2026-07-13 10:52:00,1081.0,1082.0,1081.0,1081.0,594.0,1378495.0,1378723.0
2026-07-13 10:53:00,1081.0,1082.0,1080.0,1081.0,3677.0,1378723.0,1378009.0
2026-07-13 10:54:00,1081.0,1082.0,1080.0,1081.0,764.0,1378009.0,1378266.0
2026-07-13 10:55:00,1081.0,1081.0,1080.0,1080.0,442.0,1378266.0,1378340.0
2026-07-13 10:56:00,1080.0,1081.0,1080.0,1080.0,390.0,1378340.0,1378438.0
2026-07-13 10:57:00,1080.0,1081.0,1080.0,1080.0,387.0,1378438.0,1378506.0
2026-07-13 10:58:00,1080.0,1081.0,1079.0,1080.0,6595.0,1378506.0,1378858.0
2026-07-13 10:59:00,1080.0,1081.0,1080.0,1080.0,2133.0,1378858.0,1378762.0
2026-07-13 11:00:00,1080.0,1081.0,1080.0,1081.0,494.0,1378762.0,1378843.0
2026-07-13 11:01:00,1081.0,1081.0,1080.0,1080.0,354.0,1378843.0,1378729.0
2026-07-13 11:02:00,1080.0,1081.0,1080.0,1080.0,544.0,1378729.0,1378772.0
2026-07-13 11:03:00,1080.0,1081.0,1080.0,1080.0,492.0,1378772.0,1378725.0
2026-07-13 11:04:00,1080.0,1081.0,1079.0,1080.0,2182.0,1378725.0,1378798.0
2026-07-13 11:05:00,1080.0,1080.0,1079.0,1079.0,592.0,1378798.0,1378783.0
2026-07-13 11:06:00,1079.0,1080.0,1079.0,1080.0,1051.0,1378783.0,1378814.0
2026-07-13 11:07:00,1080.0,1080.0,1078.0,1079.0,5111.0,1378814.0,1378858.0
2026-07-13 11:08:00,1079.0,1079.0,1078.0,1079.0,1317.0,1378858.0,1378702.0
2026-07-13 11:09:00,1079.0,1080.0,1079.0,1079.0,1964.0,1378702.0,1378553.0
2026-07-13 11:10:00,1079.0,1081.0,1079.0,1079.0,3252.0,1378553.0,1378571.0
2026-07-13 11:11:00,1079.0,1080.0,1079.0,1080.0,1004.0,1378571.0,1378415.0
2026-07-13 11:12:00,1080.0,1080.0,1079.0,1080.0,143.0,1378415.0,1378403.0
2026-07-13 11:13:00,1080.0,1080.0,1079.0,1079.0,432.0,1378403.0,1378253.0
2026-07-13 11:14:00,1079.0,1080.0,1079.0,1080.0,260.0,1378253.0,1378267.0
2026-07-13 11:15:00,1080.0,1080.0,1079.0,1080.0,271.0,1378267.0,1378274.0
2026-07-13 11:16:00,1080.0,1080.0,1079.0,1080.0,499.0,1378274.0,1378215.0
2026-07-13 11:17:00,1080.0,1080.0,1079.0,1079.0,239.0,1378215.0,1378206.0
2026-07-13 11:18:00,1079.0,1080.0,1079.0,1080.0,228.0,1378206.0,1378197.0
2026-07-13 11:19:00,1080.0,1080.0,1079.0,1080.0,231.0,1378197.0,1378298.0
2026-07-13 11:20:00,1080.0,1080.0,1079.0,1079.0,232.0,1378298.0,1378232.0
2026-07-13 11:21:00,1079.0,1080.0,1079.0,1080.0,407.0,1378232.0,1378234.0
2026-07-13 11:22:00,1080.0,1080.0,1078.0,1079.0,4561.0,1378234.0,1378446.0
2026-07-13 11:23:00,1079.0,1080.0,1079.0,1080.0,347.0,1378446.0,1378539.0
2026-07-13 11:24:00,1080.0,1080.0,1079.0,1079.0,239.0,1378539.0,1378576.0
2026-07-13 11:25:00,1079.0,1080.0,1079.0,1079.0,214.0,1378576.0,1378550.0
2026-07-13 11:26:00,1079.0,1080.0,1079.0,1079.0,264.0,1378550.0,1378592.0
2026-07-13 11:27:00,1079.0,1080.0,1079.0,1079.0,278.0,1378592.0,1378582.0
2026-07-13 11:28:00,1079.0,1081.0,1079.0,1079.0,3363.0,1378582.0,1378435.0
2026-07-13 11:29:00,1079.0,1080.0,1079.0,1080.0,1829.0,1378435.0,1377884.0
2026-07-13 13:30:00,1079.0,1080.0,1077.0,1077.0,9453.0,1377884.0,1375051.0
2026-07-13 13:31:00,1077.0,1078.0,1077.0,1077.0,1446.0,1375051.0,1374767.0
2026-07-13 13:32:00,1077.0,1078.0,1076.0,1077.0,4199.0,1374767.0,1375562.0
2026-07-13 13:33:00,1077.0,1078.0,1076.0,1077.0,2282.0,1375562.0,1375398.0
2026-07-13 13:34:00,1077.0,1079.0,1077.0,1077.0,2818.0,1375398.0,1375930.0
2026-07-13 13:35:00,1077.0,1079.0,1077.0,1077.0,2182.0,1375930.0,1375603.0
2026-07-13 13:36:00,1077.0,1078.0,1077.0,1078.0,588.0,1375603.0,1375805.0
2026-07-13 13:37:00,1078.0,1078.0,1077.0,1078.0,765.0,1375805.0,1375637.0
2026-07-13 13:38:00,1078.0,1078.0,1077.0,1078.0,1333.0,1375637.0,1376205.0
2026-07-13 13:39:00,1078.0,1078.0,1077.0,1078.0,465.0,1376205.0,1376239.0
2026-07-13 13:40:00,1078.0,1078.0,1077.0,1078.0,317.0,1376239.0,1376304.0
2026-07-13 13:41:00,1078.0,1078.0,1077.0,1077.0,391.0,1376304.0,1376416.0
2026-07-13 13:42:00,1077.0,1078.0,1076.0,1077.0,3644.0,1376416.0,1374815.0
2026-07-13 13:43:00,1077.0,1077.0,1076.0,1077.0,3532.0,1374815.0,1374720.0
2026-07-13 13:44:00,1077.0,1078.0,1076.0,1077.0,1971.0,1374720.0,1375422.0
2026-07-13 13:45:00,1077.0,1078.0,1076.0,1076.0,1420.0,1375422.0,1376265.0
2026-07-13 13:46:00,1076.0,1077.0,1076.0,1076.0,770.0,1376265.0,1376418.0
2026-07-13 13:47:00,1076.0,1077.0,1076.0,1076.0,1055.0,1376418.0,1376051.0
2026-07-13 13:48:00,1076.0,1077.0,1075.0,1076.0,5155.0,1376051.0,1374410.0
2026-07-13 13:49:00,1076.0,1076.0,1075.0,1076.0,1123.0,1374410.0,1374659.0
2026-07-13 13:50:00,1076.0,1076.0,1075.0,1075.0,1481.0,1374659.0,1375359.0
2026-07-13 13:51:00,1075.0,1076.0,1075.0,1076.0,789.0,1375359.0,1375670.0
2026-07-13 13:52:00,1076.0,1076.0,1075.0,1076.0,387.0,1375670.0,1375875.0
2026-07-13 13:53:00,1076.0,1076.0,1075.0,1075.0,735.0,1375875.0,1375965.0
2026-07-13 13:54:00,1075.0,1076.0,1074.0,1074.0,5184.0,1375965.0,1377901.0
2026-07-13 13:55:00,1074.0,1075.0,1073.0,1074.0,5567.0,1377901.0,1378069.0
2026-07-13 13:56:00,1074.0,1075.0,1073.0,1075.0,2762.0,1378069.0,1378172.0
2026-07-13 13:57:00,1075.0,1075.0,1074.0,1074.0,1573.0,1378172.0,1378136.0
2026-07-13 13:58:00,1074.0,1075.0,1074.0,1075.0,1216.0,1378136.0,1378252.0
2026-07-13 13:59:00,1075.0,1075.0,1074.0,1074.0,820.0,1378252.0,1378284.0
2026-07-13 14:00:00,1074.0,1075.0,1074.0,1075.0,5694.0,1378284.0,1377469.0
2026-07-13 14:01:00,1075.0,1076.0,1074.0,1074.0,2693.0,1377469.0,1377441.0
2026-07-13 14:02:00,1074.0,1075.0,1074.0,1075.0,1838.0,1377441.0,1377343.0
2026-07-13 14:03:00,1075.0,1075.0,1074.0,1075.0,336.0,1377343.0,1377367.0
2026-07-13 14:04:00,1075.0,1076.0,1074.0,1075.0,1537.0,1377367.0,1376960.0
2026-07-13 14:05:00,1075.0,1076.0,1074.0,1075.0,2501.0,1376960.0,1376688.0
2026-07-13 14:06:00,1075.0,1075.0,1074.0,1075.0,681.0,1376688.0,1376656.0
2026-07-13 14:07:00,1075.0,1075.0,1073.0,1074.0,2799.0,1376656.0,1377389.0
2026-07-13 14:08:00,1074.0,1074.0,1073.0,1073.0,933.0,1377389.0,1377478.0
2026-07-13 14:09:00,1073.0,1074.0,1071.0,1071.0,11283.0,1377478.0,1378584.0
2026-07-13 14:10:00,1071.0,1072.0,1071.0,1072.0,3055.0,1378584.0,1378295.0
2026-07-13 14:11:00,1072.0,1072.0,1070.0,1071.0,7124.0,1378295.0,1378519.0
2026-07-13 14:12:00,1071.0,1072.0,1070.0,1071.0,3919.0,1378519.0,1378965.0
2026-07-13 14:13:00,1071.0,1071.0,1070.0,1071.0,4329.0,1378965.0,1378893.0
2026-07-13 14:14:00,1071.0,1071.0,1069.0,1070.0,11319.0,1378893.0,1380161.0
2026-07-13 14:15:00,1070.0,1071.0,1069.0,1070.0,5434.0,1380161.0,1380869.0
2026-07-13 14:16:00,1070.0,1070.0,1068.0,1068.0,4801.0,1380869.0,1381924.0
2026-07-13 14:17:00,1068.0,1069.0,1068.0,1068.0,2498.0,1381924.0,1382618.0
2026-07-13 14:18:00,1068.0,1069.0,1067.0,1067.0,5618.0,1382618.0,1384697.0
2026-07-13 14:19:00,1067.0,1068.0,1067.0,1068.0,2528.0,1384697.0,1385067.0
2026-07-13 14:20:00,1068.0,1068.0,1067.0,1068.0,5437.0,1385067.0,1386632.0
2026-07-13 14:21:00,1068.0,1069.0,1068.0,1069.0,10433.0,1386632.0,1385691.0
2026-07-13 14:22:00,1069.0,1069.0,1067.0,1067.0,3041.0,1385691.0,1386204.0
2026-07-13 14:23:00,1067.0,1068.0,1066.0,1066.0,4034.0,1386204.0,1387235.0
2026-07-13 14:24:00,1066.0,1067.0,1066.0,1066.0,3327.0,1387235.0,1388256.0
2026-07-13 14:25:00,1066.0,1066.0,1063.0,1065.0,23408.0,1388256.0,1391417.0
2026-07-13 14:26:00,1065.0,1065.0,1064.0,1065.0,7640.0,1391417.0,1392167.0
2026-07-13 14:27:00,1065.0,1065.0,1063.0,1063.0,12417.0,1392167.0,1396479.0
2026-07-13 14:28:00,1063.0,1064.0,1062.0,1064.0,6330.0,1396479.0,1397753.0
2026-07-13 14:29:00,1064.0,1065.0,1063.0,1063.0,7320.0,1397753.0,1398102.0
2026-07-13 14:30:00,1063.0,1064.0,1063.0,1063.0,4308.0,1398102.0,1400170.0
2026-07-13 14:31:00,1063.0,1064.0,1063.0,1063.0,5833.0,1400170.0,1402132.0
2026-07-13 14:32:00,1063.0,1064.0,1062.0,1064.0,5735.0,1402132.0,1402728.0
2026-07-13 14:33:00,1064.0,1065.0,1063.0,1064.0,6680.0,1402728.0,1403458.0
2026-07-13 14:34:00,1064.0,1065.0,1063.0,1064.0,4302.0,1403458.0,1403750.0
2026-07-13 14:35:00,1064.0,1065.0,1063.0,1064.0,4923.0,1403750.0,1404131.0
2026-07-13 14:36:00,1064.0,1065.0,1064.0,1065.0,1516.0,1404131.0,1404550.0
2026-07-13 14:37:00,1065.0,1065.0,1064.0,1064.0,1669.0,1404550.0,1404821.0
2026-07-13 14:38:00,1064.0,1064.0,1063.0,1064.0,1491.0,1404821.0,1404692.0
2026-07-13 14:39:00,1064.0,1064.0,1063.0,1064.0,1313.0,1404692.0,1404914.0
2026-07-13 14:40:00,1064.0,1064.0,1063.0,1063.0,1061.0,1404914.0,1405197.0
2026-07-13 14:41:00,1063.0,1064.0,1062.0,1062.0,5719.0,1405197.0,1408017.0
2026-07-13 14:42:00,1062.0,1063.0,1061.0,1062.0,7006.0,1408017.0,1407912.0
2026-07-13 14:43:00,1062.0,1063.0,1061.0,1062.0,7121.0,1407912.0,1407623.0
2026-07-13 14:44:00,1062.0,1064.0,1062.0,1062.0,4130.0,1407623.0,1407828.0
2026-07-13 14:45:00,1062.0,1064.0,1062.0,1063.0,3135.0,1407828.0,1409106.0
2026-07-13 14:46:00,1063.0,1064.0,1062.0,1062.0,3407.0,1409106.0,1409582.0
2026-07-13 14:47:00,1062.0,1063.0,1062.0,1063.0,1569.0,1409582.0,1410289.0
2026-07-13 14:48:00,1063.0,1063.0,1062.0,1063.0,2001.0,1410289.0,1411157.0
2026-07-13 14:49:00,1063.0,1063.0,1062.0,1062.0,1481.0,1411157.0,1411800.0
2026-07-13 14:50:00,1062.0,1063.0,1062.0,1063.0,2454.0,1411800.0,1412088.0
2026-07-13 14:51:00,1063.0,1063.0,1062.0,1063.0,5144.0,1412088.0,1412611.0
2026-07-13 14:52:00,1063.0,1064.0,1062.0,1064.0,3498.0,1412611.0,1413083.0
2026-07-13 14:53:00,1064.0,1064.0,1063.0,1063.0,1128.0,1413083.0,1413177.0
2026-07-13 14:54:00,1063.0,1064.0,1063.0,1064.0,1300.0,1413177.0,1413041.0
2026-07-13 14:55:00,1064.0,1064.0,1063.0,1064.0,1481.0,1413041.0,1412855.0
2026-07-13 14:56:00,1064.0,1065.0,1063.0,1065.0,5405.0,1412855.0,1412166.0
2026-07-13 14:57:00,1065.0,1065.0,1063.0,1064.0,5069.0,1412166.0,1412294.0
2026-07-13 14:58:00,1064.0,1064.0,1063.0,1063.0,5209.0,1412294.0,1413062.0
2026-07-13 14:59:00,1063.0,1064.0,1062.0,1063.0,10086.0,1413062.0,1409695.0
2026-07-13 21:00:00,1065.0,1065.0,1063.0,1064.0,15219.0,1409695.0,1411149.0
2026-07-13 21:01:00,1064.0,1065.0,1063.0,1064.0,7360.0,1411149.0,1411578.0
2026-07-13 21:02:00,1064.0,1065.0,1063.0,1063.0,7509.0,1411578.0,1413841.0
2026-07-13 21:03:00,1063.0,1065.0,1063.0,1063.0,6727.0,1413841.0,1415175.0
2026-07-13 21:04:00,1063.0,1065.0,1063.0,1064.0,5541.0,1415175.0,1416355.0
2026-07-13 21:05:00,1064.0,1066.0,1064.0,1066.0,5579.0,1416355.0,1417905.0
2026-07-13 21:06:00,1066.0,1066.0,1064.0,1065.0,6234.0,1417905.0,1417884.0
2026-07-13 21:07:00,1065.0,1067.0,1064.0,1066.0,6286.0,1417884.0,1417823.0
2026-07-13 21:08:00,1066.0,1067.0,1065.0,1065.0,2704.0,1417823.0,1417686.0
2026-07-13 21:09:00,1065.0,1066.0,1065.0,1065.0,3562.0,1417686.0,1418003.0
2026-07-13 21:10:00,1065.0,1066.0,1065.0,1066.0,1552.0,1418003.0,1417948.0
2026-07-13 21:11:00,1066.0,1067.0,1065.0,1066.0,1326.0,1417948.0,1418057.0
2026-07-13 21:12:00,1066.0,1067.0,1065.0,1066.0,3225.0,1418057.0,1417813.0
2026-07-13 21:13:00,1066.0,1066.0,1065.0,1065.0,1771.0,1417813.0,1417885.0
2026-07-13 21:14:00,1065.0,1066.0,1065.0,1065.0,5562.0,1417885.0,1420224.0
2026-07-13 21:15:00,1065.0,1067.0,1065.0,1067.0,3678.0,1420224.0,1420265.0
2026-07-13 21:16:00,1067.0,1067.0,1066.0,1066.0,859.0,1420265.0,1420386.0
2026-07-13 21:17:00,1066.0,1068.0,1066.0,1068.0,5813.0,1420386.0,1420236.0
2026-07-13 21:18:00,1068.0,1068.0,1067.0,1068.0,1431.0,1420236.0,1419720.0
2026-07-13 21:19:00,1068.0,1068.0,1067.0,1067.0,861.0,1419720.0,1419494.0
2026-07-13 21:20:00,1067.0,1068.0,1067.0,1067.0,829.0,1419494.0,1419283.0
2026-07-13 21:21:00,1067.0,1068.0,1067.0,1067.0,533.0,1419283.0,1419330.0
2026-07-13 21:22:00,1067.0,1068.0,1066.0,1066.0,3712.0,1419330.0,1418646.0
2026-07-13 21:23:00,1066.0,1066.0,1065.0,1066.0,3561.0,1418646.0,1418488.0
2026-07-13 21:24:00,1066.0,1067.0,1066.0,1066.0,1669.0,1418488.0,1418072.0
2026-07-13 21:25:00,1066.0,1067.0,1065.0,1066.0,1260.0,1418072.0,1418142.0
2026-07-13 21:26:00,1066.0,1067.0,1065.0,1065.0,1557.0,1418142.0,1418057.0
2026-07-13 21:27:00,1065.0,1067.0,1065.0,1066.0,1410.0,1418057.0,1418859.0
2026-07-13 21:28:00,1066.0,1067.0,1066.0,1067.0,608.0,1418859.0,1418815.0
2026-07-13 21:29:00,1067.0,1067.0,1066.0,1067.0,2591.0,1418815.0,1418656.0
2026-07-13 21:30:00,1067.0,1068.0,1066.0,1066.0,1809.0,1418656.0,1418216.0
2026-07-13 21:31:00,1066.0,1067.0,1066.0,1067.0,578.0,1418216.0,1418120.0
2026-07-13 21:32:00,1067.0,1067.0,1066.0,1066.0,496.0,1418120.0,1417936.0
2026-07-13 21:33:00,1066.0,1067.0,1065.0,1066.0,5214.0,1417936.0,1418162.0
2026-07-13 21:34:00,1066.0,1066.0,1065.0,1065.0,290.0,1418162.0,1418193.0
2026-07-13 21:35:00,1065.0,1066.0,1065.0,1065.0,422.0,1418193.0,1418331.0
2026-07-13 21:36:00,1065.0,1066.0,1065.0,1066.0,241.0,1418331.0,1418371.0
2026-07-13 21:37:00,1066.0,1066.0,1065.0,1065.0,291.0,1418371.0,1418536.0
2026-07-13 21:38:00,1065.0,1066.0,1065.0,1065.0,291.0,1418536.0,1418611.0
2026-07-13 21:39:00,1065.0,1066.0,1065.0,1065.0,218.0,1418611.0,1418588.0
2026-07-13 21:40:00,1065.0,1066.0,1065.0,1065.0,323.0,1418588.0,1418606.0
2026-07-13 21:41:00,1065.0,1066.0,1065.0,1066.0,395.0,1418606.0,1418789.0
2026-07-13 21:42:00,1066.0,1066.0,1065.0,1065.0,232.0,1418789.0,1418871.0
2026-07-13 21:43:00,1065.0,1066.0,1065.0,1066.0,185.0,1418871.0,1418880.0
2026-07-13 21:44:00,1066.0,1066.0,1065.0,1066.0,584.0,1418880.0,1418939.0
2026-07-13 21:45:00,1066.0,1066.0,1064.0,1064.0,6394.0,1418939.0,1418722.0
2026-07-13 21:46:00,1064.0,1066.0,1064.0,1066.0,1361.0,1418722.0,1418962.0
2026-07-13 21:47:00,1066.0,1066.0,1065.0,1066.0,576.0,1418962.0,1418953.0
2026-07-13 21:48:00,1066.0,1066.0,1065.0,1065.0,2087.0,1418953.0,1418542.0
2026-07-13 21:49:00,1065.0,1066.0,1065.0,1065.0,603.0,1418542.0,1418430.0
2026-07-13 21:50:00,1065.0,1066.0,1065.0,1065.0,223.0,1418430.0,1418401.0
2026-07-13 21:51:00,1065.0,1067.0,1065.0,1067.0,3767.0,1418401.0,1419397.0
2026-07-13 21:52:00,1067.0,1067.0,1065.0,1065.0,507.0,1419397.0,1419448.0
2026-07-13 21:53:00,1065.0,1066.0,1065.0,1065.0,121.0,1419448.0,1419455.0
2026-07-13 21:54:00,1065.0,1066.0,1065.0,1066.0,220.0,1419455.0,1419404.0
2026-07-13 21:55:00,1066.0,1066.0,1065.0,1066.0,330.0,1419404.0,1419424.0
2026-07-13 21:56:00,1066.0,1067.0,1065.0,1066.0,1919.0,1419424.0,1418690.0
2026-07-13 21:57:00,1066.0,1066.0,1065.0,1066.0,1698.0,1418690.0,1418380.0
2026-07-13 21:58:00,1066.0,1067.0,1065.0,1066.0,1475.0,1418380.0,1418338.0
2026-07-13 21:59:00,1066.0,1067.0,1066.0,1067.0,554.0,1418338.0,1418440.0
2026-07-13 22:00:00,1067.0,1067.0,1066.0,1066.0,302.0,1418440.0,1418474.0
2026-07-13 22:01:00,1066.0,1067.0,1065.0,1066.0,1895.0,1418474.0,1417678.0
2026-07-13 22:02:00,1066.0,1067.0,1065.0,1067.0,1572.0,1417678.0,1417202.0
2026-07-13 22:03:00,1067.0,1067.0,1066.0,1066.0,371.0,1417202.0,1417115.0
2026-07-13 22:04:00,1066.0,1067.0,1066.0,1067.0,169.0,1417115.0,1417121.0
2026-07-13 22:05:00,1067.0,1067.0,1066.0,1066.0,285.0,1417121.0,1417204.0
2026-07-13 22:06:00,1066.0,1067.0,1066.0,1067.0,160.0,1417204.0,1417232.0
2026-07-13 22:07:00,1067.0,1067.0,1066.0,1066.0,120.0,1417232.0,1417276.0
2026-07-13 22:08:00,1066.0,1067.0,1066.0,1067.0,162.0,1417276.0,1417192.0
2026-07-13 22:09:00,1067.0,1067.0,1065.0,1065.0,1485.0,1417192.0,1416858.0
2026-07-13 22:10:00,1065.0,1066.0,1065.0,1066.0,197.0,1416858.0,1416855.0
2026-07-13 22:11:00,1066.0,1066.0,1065.0,1066.0,1544.0,1416855.0,1416611.0
2026-07-13 22:12:00,1066.0,1066.0,1065.0,1065.0,283.0,1416611.0,1416521.0
2026-07-13 22:13:00,1065.0,1066.0,1065.0,1066.0,131.0,1416521.0,1416517.0
2026-07-13 22:14:00,1066.0,1066.0,1065.0,1066.0,188.0,1416517.0,1416483.0
2026-07-13 22:15:00,1066.0,1066.0,1065.0,1065.0,272.0,1416483.0,1416496.0
2026-07-13 22:16:00,1065.0,1066.0,1065.0,1065.0,260.0,1416496.0,1416403.0
2026-07-13 22:17:00,1065.0,1066.0,1065.0,1065.0,400.0,1416403.0,1416242.0
2026-07-13 22:18:00,1065.0,1067.0,1065.0,1067.0,3898.0,1416242.0,1416846.0
2026-07-13 22:19:00,1067.0,1067.0,1065.0,1065.0,729.0,1416846.0,1416756.0
2026-07-13 22:20:00,1065.0,1066.0,1065.0,1065.0,263.0,1416756.0,1416619.0
2026-07-13 22:21:00,1065.0,1066.0,1065.0,1066.0,233.0,1416619.0,1416491.0
2026-07-13 22:22:00,1066.0,1066.0,1065.0,1066.0,320.0,1416491.0,1416392.0
2026-07-13 22:23:00,1066.0,1066.0,1064.0,1064.0,3279.0,1416392.0,1416126.0
2026-07-13 22:24:00,1064.0,1066.0,1064.0,1065.0,1708.0,1416126.0,1415681.0
2026-07-13 22:25:00,1065.0,1065.0,1064.0,1064.0,203.0,1415681.0,1415735.0
2026-07-13 22:26:00,1064.0,1065.0,1064.0,1064.0,237.0,1415735.0,1415740.0
2026-07-13 22:27:00,1064.0,1065.0,1064.0,1065.0,1299.0,1415740.0,1415131.0
2026-07-13 22:28:00,1065.0,1066.0,1065.0,1065.0,325.0,1415131.0,1415145.0
2026-07-13 22:29:00,1065.0,1066.0,1065.0,1065.0,222.0,1415145.0,1415061.0
2026-07-13 22:30:00,1065.0,1066.0,1065.0,1065.0,561.0,1415061.0,1415020.0
2026-07-13 22:31:00,1065.0,1067.0,1065.0,1066.0,4546.0,1415020.0,1415486.0
2026-07-13 22:32:00,1066.0,1066.0,1065.0,1065.0,767.0,1415486.0,1415498.0
2026-07-13 22:33:00,1065.0,1067.0,1065.0,1066.0,1874.0,1415498.0,1415916.0
2026-07-13 22:34:00,1066.0,1067.0,1065.0,1065.0,1098.0,1415916.0,1415762.0
2026-07-13 22:35:00,1065.0,1066.0,1065.0,1066.0,324.0,1415762.0,1415834.0
2026-07-13 22:36:00,1066.0,1066.0,1065.0,1065.0,212.0,1415834.0,1415821.0
2026-07-13 22:37:00,1065.0,1066.0,1065.0,1066.0,217.0,1415821.0,1415745.0
2026-07-13 22:38:00,1066.0,1066.0,1065.0,1065.0,176.0,1415745.0,1415744.0
2026-07-13 22:39:00,1065.0,1066.0,1065.0,1066.0,89.0,1415744.0,1415763.0
2026-07-13 22:40:00,1066.0,1066.0,1065.0,1066.0,127.0,1415763.0,1415741.0
2026-07-13 22:41:00,1066.0,1066.0,1064.0,1065.0,3014.0,1415741.0,1416812.0
2026-07-13 22:42:00,1065.0,1066.0,1065.0,1065.0,1167.0,1416812.0,1417181.0
2026-07-13 22:43:00,1065.0,1066.0,1065.0,1066.0,176.0,1417181.0,1417053.0
2026-07-13 22:44:00,1066.0,1067.0,1065.0,1066.0,3823.0,1417053.0,1417165.0
2026-07-13 22:45:00,1066.0,1067.0,1066.0,1066.0,1561.0,1417165.0,1417545.0
2026-07-13 22:46:00,1066.0,1067.0,1065.0,1066.0,1312.0,1417545.0,1416918.0
2026-07-13 22:47:00,1066.0,1067.0,1066.0,1067.0,252.0,1416918.0,1416981.0
2026-07-13 22:48:00,1067.0,1067.0,1065.0,1066.0,948.0,1416981.0,1416751.0
2026-07-13 22:49:00,1066.0,1066.0,1065.0,1066.0,251.0,1416751.0,1416709.0
2026-07-13 22:50:00,1066.0,1066.0,1065.0,1065.0,215.0,1416709.0,1416680.0
2026-07-13 22:51:00,1065.0,1066.0,1065.0,1066.0,320.0,1416680.0,1416621.0
2026-07-13 22:52:00,1066.0,1066.0,1065.0,1065.0,195.0,1416621.0,1416604.0
2026-07-13 22:53:00,1065.0,1066.0,1065.0,1066.0,274.0,1416604.0,1416644.0
2026-07-13 22:54:00,1066.0,1066.0,1065.0,1066.0,478.0,1416644.0,1416361.0
2026-07-13 22:55:00,1066.0,1066.0,1065.0,1065.0,350.0,1416361.0,1416311.0
2026-07-13 22:56:00,1065.0,1066.0,1065.0,1065.0,465.0,1416311.0,1416297.0
2026-07-13 22:57:00,1065.0,1066.0,1065.0,1066.0,336.0,1416297.0,1416257.0
2026-07-13 22:58:00,1066.0,1066.0,1065.0,1065.0,1350.0,1416257.0,1415778.0
2026-07-13 22:59:00,1065.0,1066.0,1064.0,1066.0,5457.0,1415778.0,1412784.0
2026-07-14 09:00:00,1066.0,1067.0,1065.0,1067.0,5810.0,1412784.0,1412323.0
2026-07-14 09:01:00,1067.0,1068.0,1066.0,1067.0,5454.0,1412323.0,1411764.0
2026-07-14 09:02:00,1067.0,1068.0,1066.0,1068.0,4353.0,1411764.0,1411848.0
2026-07-14 09:03:00,1068.0,1070.0,1067.0,1069.0,7228.0,1411848.0,1410520.0
2026-07-14 09:04:00,1069.0,1069.0,1067.0,1068.0,8711.0,1410520.0,1412036.0
2026-07-14 09:05:00,1068.0,1068.0,1067.0,1068.0,2279.0,1412036.0,1412661.0
2026-07-14 09:06:00,1068.0,1068.0,1067.0,1068.0,771.0,1412661.0,1412757.0
2026-07-14 09:07:00,1068.0,1068.0,1067.0,1068.0,606.0,1412757.0,1412809.0
2026-07-14 09:08:00,1068.0,1068.0,1067.0,1067.0,2568.0,1412809.0,1412498.0
2026-07-14 09:09:00,1067.0,1068.0,1066.0,1068.0,3858.0,1412498.0,1412206.0
2026-07-14 09:10:00,1068.0,1068.0,1066.0,1067.0,1365.0,1412206.0,1412885.0
2026-07-14 09:11:00,1067.0,1068.0,1066.0,1067.0,2074.0,1412885.0,1413223.0
2026-07-14 09:12:00,1067.0,1068.0,1067.0,1067.0,1377.0,1413223.0,1413282.0
2026-07-14 09:13:00,1067.0,1068.0,1066.0,1067.0,966.0,1413282.0,1413277.0
2026-07-14 09:14:00,1067.0,1068.0,1066.0,1067.0,3510.0,1413277.0,1414198.0
2026-07-14 09:15:00,1067.0,1068.0,1067.0,1068.0,731.0,1414198.0,1414175.0
2026-07-14 09:16:00,1068.0,1068.0,1067.0,1068.0,516.0,1414175.0,1414169.0
2026-07-14 09:17:00,1068.0,1068.0,1066.0,1067.0,2786.0,1414169.0,1414206.0
2026-07-14 09:18:00,1067.0,1068.0,1066.0,1067.0,1362.0,1414206.0,1413972.0
2026-07-14 09:19:00,1067.0,1068.0,1066.0,1067.0,1763.0,1413972.0,1413670.0
2026-07-14 09:20:00,1067.0,1067.0,1065.0,1065.0,2111.0,1413670.0,1414388.0
2026-07-14 09:21:00,1065.0,1066.0,1065.0,1065.0,436.0,1414388.0,1414386.0
2026-07-14 09:22:00,1065.0,1066.0,1065.0,1065.0,3408.0,1414386.0,1414559.0
2026-07-14 09:23:00,1065.0,1066.0,1065.0,1065.0,1937.0,1414559.0,1414077.0
2026-07-14 09:24:00,1065.0,1066.0,1065.0,1065.0,698.0,1414077.0,1414286.0
2026-07-14 09:25:00,1065.0,1066.0,1065.0,1066.0,634.0,1414286.0,1414407.0
2026-07-14 09:26:00,1066.0,1066.0,1065.0,1065.0,2066.0,1414407.0,1414810.0
2026-07-14 09:27:00,1065.0,1066.0,1065.0,1066.0,300.0,1414810.0,1414849.0
2026-07-14 09:28:00,1066.0,1066.0,1065.0,1066.0,256.0,1414849.0,1414955.0
2026-07-14 09:29:00,1066.0,1066.0,1065.0,1065.0,578.0,1414955.0,1414981.0
2026-07-14 09:30:00,1065.0,1066.0,1064.0,1065.0,5455.0,1414981.0,1414470.0
2026-07-14 09:31:00,1065.0,1066.0,1065.0,1065.0,1368.0,1414470.0,1414309.0
2026-07-14 09:32:00,1065.0,1065.0,1064.0,1065.0,973.0,1414309.0,1414038.0
2026-07-14 09:33:00,1065.0,1065.0,1064.0,1064.0,361.0,1414038.0,1414104.0
2026-07-14 09:34:00,1064.0,1065.0,1064.0,1064.0,429.0,1414104.0,1414251.0
2026-07-14 09:35:00,1064.0,1065.0,1063.0,1064.0,5211.0,1414251.0,1414943.0
2026-07-14 09:36:00,1064.0,1065.0,1064.0,1064.0,424.0,1414943.0,1414825.0
2026-07-14 09:37:00,1064.0,1065.0,1064.0,1064.0,378.0,1414825.0,1414718.0
2026-07-14 09:38:00,1064.0,1065.0,1064.0,1065.0,443.0,1414718.0,1414807.0
2026-07-14 09:39:00,1065.0,1065.0,1064.0,1064.0,340.0,1414807.0,1414619.0
2026-07-14 09:40:00,1064.0,1065.0,1064.0,1065.0,5870.0,1414619.0,1416010.0
2026-07-14 09:41:00,1065.0,1066.0,1065.0,1065.0,1554.0,1416010.0,1415345.0
2026-07-14 09:42:00,1065.0,1066.0,1065.0,1066.0,295.0,1415345.0,1415344.0
2026-07-14 09:43:00,1066.0,1066.0,1065.0,1066.0,359.0,1415344.0,1415187.0
2026-07-14 09:44:00,1066.0,1066.0,1065.0,1065.0,2261.0,1415187.0,1415108.0
2026-07-14 09:45:00,1065.0,1066.0,1065.0,1066.0,346.0,1415108.0,1415036.0
2026-07-14 09:46:00,1066.0,1066.0,1065.0,1066.0,350.0,1415036.0,1415003.0
2026-07-14 09:47:00,1066.0,1067.0,1065.0,1067.0,4249.0,1415003.0,1414484.0
2026-07-14 09:48:00,1067.0,1067.0,1066.0,1067.0,262.0,1414484.0,1414516.0
2026-07-14 09:49:00,1067.0,1068.0,1066.0,1067.0,4519.0,1414516.0,1414820.0
2026-07-14 09:50:00,1067.0,1067.0,1066.0,1066.0,527.0,1414820.0,1414766.0
2026-07-14 09:51:00,1066.0,1068.0,1066.0,1066.0,3060.0,1414766.0,1414928.0
2026-07-14 09:52:00,1066.0,1067.0,1066.0,1067.0,404.0,1414928.0,1414860.0
2026-07-14 09:53:00,1067.0,1067.0,1065.0,1066.0,1722.0,1414860.0,1416035.0
2026-07-14 09:54:00,1066.0,1066.0,1065.0,1065.0,1242.0,1416035.0,1416282.0
2026-07-14 09:55:00,1065.0,1067.0,1065.0,1066.0,1423.0,1416282.0,1416021.0
2026-07-14 09:56:00,1066.0,1067.0,1066.0,1066.0,262.0,1416021.0,1416067.0
2026-07-14 09:57:00,1066.0,1067.0,1065.0,1066.0,1171.0,1416067.0,1416296.0
2026-07-14 09:58:00,1066.0,1066.0,1064.0,1064.0,2073.0,1416296.0,1417210.0
2026-07-14 09:59:00,1064.0,1066.0,1064.0,1066.0,1612.0,1417210.0,1417195.0
2026-07-14 10:00:00,1066.0,1066.0,1064.0,1066.0,1777.0,1417195.0,1417611.0
2026-07-14 10:01:00,1066.0,1066.0,1064.0,1065.0,1589.0,1417611.0,1417390.0
2026-07-14 10:02:00,1065.0,1065.0,1064.0,1065.0,834.0,1417390.0,1417211.0
2026-07-14 10:03:00,1065.0,1065.0,1064.0,1065.0,2133.0,1417211.0,1417762.0
2026-07-14 10:04:00,1065.0,1065.0,1064.0,1064.0,358.0,1417762.0,1417905.0
2026-07-14 10:05:00,1064.0,1065.0,1064.0,1064.0,4197.0,1417905.0,1417627.0
2026-07-14 10:06:00,1064.0,1064.0,1062.0,1062.0,6329.0,1417627.0,1419327.0
2026-07-14 10:07:00,1062.0,1063.0,1061.0,1062.0,7483.0,1419327.0,1419720.0
2026-07-14 10:08:00,1062.0,1062.0,1061.0,1062.0,2163.0,1419720.0,1419542.0
2026-07-14 10:09:00,1062.0,1062.0,1059.0,1059.0,16412.0,1419542.0,1420234.0
2026-07-14 10:10:00,1059.0,1060.0,1058.0,1060.0,6926.0,1420234.0,1419526.0
2026-07-14 10:11:00,1060.0,1060.0,1059.0,1059.0,3845.0,1419526.0,1420229.0
2026-07-14 10:12:00,1059.0,1060.0,1059.0,1059.0,1873.0,1420229.0,1420896.0
2026-07-14 10:13:00,1059.0,1061.0,1059.0,1060.0,5867.0,1420896.0,1421477.0
2026-07-14 10:14:00,1060.0,1060.0,1059.0,1059.0,2372.0,1421477.0,1422267.0
2026-07-14 10:30:00,1060.0,1060.0,1059.0,1059.0,3598.0,1422267.0,1422918.0
2026-07-14 10:31:00,1059.0,1060.0,1058.0,1059.0,4088.0,1422918.0,1422319.0
2026-07-14 10:32:00,1059.0,1060.0,1058.0,1059.0,2391.0,1422319.0,1423251.0
2026-07-14 10:33:00,1059.0,1059.0,1058.0,1058.0,1535.0,1423251.0,1423988.0
2026-07-14 10:34:00,1058.0,1060.0,1058.0,1059.0,4486.0,1423988.0,1424355.0
2026-07-14 10:35:00,1059.0,1059.0,1058.0,1059.0,1869.0,1424355.0,1425281.0
2026-07-14 10:36:00,1059.0,1059.0,1057.0,1057.0,6002.0,1425281.0,1426759.0
2026-07-14 10:37:00,1057.0,1059.0,1057.0,1059.0,3358.0,1426759.0,1427284.0
2026-07-14 10:38:00,1059.0,1060.0,1057.0,1059.0,4867.0,1427284.0,1427608.0
2026-07-14 10:39:00,1059.0,1060.0,1058.0,1059.0,1876.0,1427608.0,1428045.0
2026-07-14 10:40:00,1059.0,1060.0,1058.0,1060.0,1063.0,1428045.0,1428284.0
2026-07-14 10:41:00,1060.0,1060.0,1059.0,1059.0,877.0,1428284.0,1427986.0
2026-07-14 10:42:00,1059.0,1061.0,1059.0,1060.0,4721.0,1427986.0,1428060.0
2026-07-14 10:43:00,1060.0,1061.0,1059.0,1060.0,2553.0,1428060.0,1427724.0
2026-07-14 10:44:00,1060.0,1061.0,1060.0,1061.0,1483.0,1427724.0,1427979.0
2026-07-14 10:45:00,1061.0,1061.0,1060.0,1060.0,1784.0,1427979.0,1427918.0
2026-07-14 10:46:00,1060.0,1061.0,1060.0,1061.0,564.0,1427918.0,1427975.0
2026-07-14 10:47:00,1061.0,1061.0,1060.0,1060.0,1095.0,1427975.0,1428028.0
2026-07-14 10:48:00,1060.0,1061.0,1059.0,1059.0,2689.0,1428028.0,1427841.0
2026-07-14 10:49:00,1059.0,1061.0,1059.0,1061.0,825.0,1427841.0,1427960.0
2026-07-14 10:50:00,1061.0,1061.0,1060.0,1061.0,394.0,1427960.0,1428135.0
2026-07-14 10:51:00,1061.0,1061.0,1060.0,1061.0,800.0,1428135.0,1428078.0
2026-07-14 10:52:00,1061.0,1061.0,1060.0,1061.0,433.0,1428078.0,1428172.0
2026-07-14 10:53:00,1061.0,1061.0,1060.0,1060.0,556.0,1428172.0,1428135.0
2026-07-14 10:54:00,1060.0,1061.0,1059.0,1060.0,1991.0,1428135.0,1428108.0
2026-07-14 10:55:00,1060.0,1061.0,1060.0,1060.0,264.0,1428108.0,1428147.0
2026-07-14 10:56:00,1060.0,1061.0,1059.0,1059.0,1007.0,1428147.0,1428311.0
2026-07-14 10:57:00,1059.0,1061.0,1059.0,1060.0,2511.0,1428311.0,1428725.0
2026-07-14 10:58:00,1060.0,1061.0,1059.0,1060.0,1201.0,1428725.0,1428737.0
2026-07-14 10:59:00,1060.0,1061.0,1059.0,1060.0,698.0,1428737.0,1428860.0
2026-07-14 11:00:00,1060.0,1062.0,1060.0,1062.0,4794.0,1428860.0,1429912.0
2026-07-14 11:01:00,1062.0,1063.0,1061.0,1062.0,2019.0,1429912.0,1429971.0
2026-07-14 11:02:00,1062.0,1063.0,1061.0,1061.0,1777.0,1429971.0,1430010.0
2026-07-14 11:03:00,1061.0,1062.0,1061.0,1061.0,388.0,1430010.0,1430154.0
2026-07-14 11:04:00,1061.0,1062.0,1060.0,1062.0,3254.0,1430154.0,1430961.0
2026-07-14 11:05:00,1062.0,1062.0,1061.0,1061.0,370.0,1430961.0,1431093.0
2026-07-14 11:06:00,1061.0,1062.0,1061.0,1062.0,453.0,1431093.0,1431017.0
2026-07-14 11:07:00,1062.0,1062.0,1061.0,1061.0,395.0,1431017.0,1431187.0
2026-07-14 11:08:00,1061.0,1062.0,1061.0,1061.0,577.0,1431187.0,1431244.0
2026-07-14 11:09:00,1061.0,1062.0,1061.0,1062.0,344.0,1431244.0,1431345.0
2026-07-14 11:10:00,1062.0,1062.0,1061.0,1061.0,490.0,1431345.0,1431387.0
2026-07-14 11:11:00,1061.0,1062.0,1061.0,1062.0,350.0,1431387.0,1431415.0
2026-07-14 11:12:00,1062.0,1062.0,1060.0,1062.0,3421.0,1431415.0,1430638.0
2026-07-14 11:13:00,1062.0,1063.0,1061.0,1063.0,5432.0,1430638.0,1429624.0
2026-07-14 11:14:00,1063.0,1065.0,1062.0,1065.0,6292.0,1429624.0,1427351.0
2026-07-14 11:15:00,1065.0,1066.0,1064.0,1066.0,7543.0,1427351.0,1424439.0
2026-07-14 11:16:00,1066.0,1067.0,1065.0,1066.0,5148.0,1424439.0,1424283.0
2026-07-14 11:17:00,1066.0,1066.0,1065.0,1065.0,3131.0,1424283.0,1424028.0
2026-07-14 11:18:00,1065.0,1066.0,1064.0,1065.0,1549.0,1424028.0,1423912.0
2026-07-14 11:19:00,1065.0,1066.0,1065.0,1066.0,404.0,1423912.0,1424035.0
2026-07-14 11:20:00,1066.0,1066.0,1064.0,1065.0,1445.0,1424035.0,1424012.0
2026-07-14 11:21:00,1065.0,1065.0,1064.0,1065.0,1606.0,1424012.0,1423770.0
2026-07-14 11:22:00,1065.0,1065.0,1064.0,1064.0,467.0,1423770.0,1423859.0
2026-07-14 11:23:00,1064.0,1065.0,1064.0,1064.0,528.0,1423859.0,1423924.0
2026-07-14 11:24:00,1064.0,1065.0,1064.0,1065.0,297.0,1423924.0,1423919.0
2026-07-14 11:25:00,1065.0,1065.0,1064.0,1065.0,445.0,1423919.0,1423896.0
2026-07-14 11:26:00,1065.0,1065.0,1064.0,1064.0,223.0,1423896.0,1423914.0
2026-07-14 11:27:00,1064.0,1065.0,1064.0,1064.0,620.0,1423914.0,1423663.0
2026-07-14 11:28:00,1064.0,1065.0,1064.0,1064.0,614.0,1423663.0,1423421.0
2026-07-14 11:29:00,1064.0,1065.0,1064.0,1065.0,1212.0,1423421.0,1422814.0
2026-07-14 13:30:00,1066.0,1067.0,1062.0,1062.0,10528.0,1422814.0,1421592.0
2026-07-14 13:31:00,1062.0,1064.0,1062.0,1063.0,1667.0,1421592.0,1421604.0
2026-07-14 13:32:00,1063.0,1064.0,1063.0,1063.0,682.0,1421604.0,1421600.0
2026-07-14 13:33:00,1063.0,1064.0,1062.0,1063.0,1560.0,1421600.0,1422017.0
2026-07-14 13:34:00,1063.0,1064.0,1062.0,1063.0,2280.0,1422017.0,1422266.0
2026-07-14 13:35:00,1063.0,1063.0,1062.0,1062.0,660.0,1422266.0,1422203.0
2026-07-14 13:36:00,1062.0,1063.0,1062.0,1062.0,1540.0,1422203.0,1422702.0
2026-07-14 13:37:00,1062.0,1063.0,1062.0,1062.0,433.0,1422702.0,1422717.0
2026-07-14 13:38:00,1062.0,1063.0,1061.0,1062.0,2728.0,1422717.0,1423126.0
2026-07-14 13:39:00,1062.0,1063.0,1061.0,1062.0,4044.0,1423126.0,1424340.0
2026-07-14 13:40:00,1062.0,1063.0,1062.0,1063.0,468.0,1424340.0,1424270.0
2026-07-14 13:41:00,1063.0,1063.0,1061.0,1062.0,1041.0,1424270.0,1424375.0
2026-07-14 13:42:00,1062.0,1063.0,1061.0,1062.0,802.0,1424375.0,1424454.0
2026-07-14 13:43:00,1062.0,1063.0,1062.0,1062.0,314.0,1424454.0,1424651.0
2026-07-14 13:44:00,1062.0,1063.0,1062.0,1063.0,762.0,1424651.0,1424939.0
2026-07-14 13:45:00,1063.0,1063.0,1062.0,1063.0,358.0,1424939.0,1424954.0
2026-07-14 13:46:00,1063.0,1063.0,1062.0,1062.0,251.0,1424954.0,1425013.0
2026-07-14 13:47:00,1062.0,1063.0,1061.0,1063.0,2886.0,1425013.0,1425691.0
2026-07-14 13:48:00,1063.0,1063.0,1061.0,1061.0,670.0,1425691.0,1425731.0
2026-07-14 13:49:00,1061.0,1063.0,1061.0,1061.0,1143.0,1425731.0,1425952.0
2026-07-14 13:50:00,1061.0,1062.0,1061.0,1061.0,232.0,1425952.0,1426023.0
2026-07-14 13:51:00,1061.0,1063.0,1061.0,1062.0,1741.0,1426023.0,1426670.0
2026-07-14 13:52:00,1062.0,1062.0,1061.0,1061.0,2006.0,1426670.0,1426317.0
2026-07-14 13:53:00,1061.0,1061.0,1060.0,1061.0,1786.0,1426317.0,1426950.0
2026-07-14 13:54:00,1061.0,1061.0,1060.0,1061.0,1052.0,1426950.0,1427688.0
2026-07-14 13:55:00,1061.0,1062.0,1060.0,1061.0,2012.0,1427688.0,1428351.0
2026-07-14 13:56:00,1061.0,1062.0,1060.0,1061.0,1173.0,1428351.0,1428527.0
2026-07-14 13:57:00,1061.0,1061.0,1060.0,1061.0,1339.0,1428527.0,1428920.0
2026-07-14 13:58:00,1061.0,1061.0,1060.0,1060.0,691.0,1428920.0,1429116.0
2026-07-14 13:59:00,1060.0,1061.0,1060.0,1060.0,1586.0,1429116.0,1429698.0
2026-07-14 14:00:00,1060.0,1061.0,1060.0,1061.0,435.0,1429698.0,1429666.0
2026-07-14 14:01:00,1061.0,1061.0,1059.0,1060.0,2972.0,1429666.0,1430376.0
2026-07-14 14:02:00,1060.0,1060.0,1059.0,1059.0,939.0,1430376.0,1430616.0
2026-07-14 14:03:00,1059.0,1061.0,1059.0,1060.0,3067.0,1430616.0,1430557.0
2026-07-14 14:04:00,1060.0,1061.0,1059.0,1061.0,1200.0,1430557.0,1430540.0
2026-07-14 14:05:00,1061.0,1061.0,1059.0,1059.0,974.0,1430540.0,1430650.0
2026-07-14 14:06:00,1059.0,1061.0,1059.0,1061.0,1116.0,1430650.0,1430668.0
2026-07-14 14:07:00,1061.0,1061.0,1060.0,1060.0,467.0,1430668.0,1430709.0
2026-07-14 14:08:00,1060.0,1061.0,1060.0,1061.0,516.0,1430709.0,1430810.0
2026-07-14 14:09:00,1061.0,1061.0,1059.0,1059.0,1415.0,1430810.0,1430801.0
2026-07-14 14:10:00,1059.0,1061.0,1059.0,1060.0,1339.0,1430801.0,1431061.0
2026-07-14 14:11:00,1060.0,1061.0,1059.0,1061.0,751.0,1431061.0,1431093.0
2026-07-14 14:12:00,1061.0,1061.0,1060.0,1060.0,365.0,1431093.0,1431127.0
2026-07-14 14:13:00,1060.0,1061.0,1060.0,1060.0,369.0,1431127.0,1431115.0
2026-07-14 14:14:00,1060.0,1061.0,1060.0,1061.0,597.0,1431115.0,1431284.0
2026-07-14 14:15:00,1061.0,1061.0,1060.0,1061.0,413.0,1431284.0,1431334.0
2026-07-14 14:16:00,1061.0,1062.0,1060.0,1061.0,3645.0,1431334.0,1430934.0
2026-07-14 14:17:00,1061.0,1062.0,1060.0,1062.0,1177.0,1430934.0,1431060.0
2026-07-14 14:18:00,1062.0,1062.0,1061.0,1062.0,294.0,1431060.0,1431070.0
2026-07-14 14:19:00,1062.0,1062.0,1061.0,1061.0,206.0,1431070.0,1431132.0
2026-07-14 14:20:00,1061.0,1062.0,1060.0,1060.0,2189.0,1431132.0,1431947.0
2026-07-14 14:21:00,1060.0,1062.0,1060.0,1061.0,997.0,1431947.0,1432113.0
2026-07-14 14:22:00,1061.0,1062.0,1061.0,1061.0,452.0,1432113.0,1432158.0
2026-07-14 14:23:00,1061.0,1062.0,1061.0,1062.0,588.0,1432158.0,1432099.0
2026-07-14 14:24:00,1062.0,1062.0,1061.0,1061.0,740.0,1432099.0,1432049.0
2026-07-14 14:25:00,1061.0,1062.0,1061.0,1061.0,232.0,1432049.0,1432160.0
2026-07-14 14:26:00,1061.0,1062.0,1061.0,1062.0,296.0,1432160.0,1432047.0
2026-07-14 14:27:00,1062.0,1062.0,1061.0,1062.0,1696.0,1432047.0,1431689.0
2026-07-14 14:28:00,1062.0,1062.0,1061.0,1062.0,322.0,1431689.0,1431744.0
2026-07-14 14:29:00,1062.0,1062.0,1061.0,1061.0,204.0,1431744.0,1431730.0
2026-07-14 14:30:00,1061.0,1062.0,1061.0,1061.0,558.0,1431730.0,1431945.0
2026-07-14 14:31:00,1061.0,1062.0,1061.0,1062.0,376.0,1431945.0,1431939.0
2026-07-14 14:32:00,1062.0,1063.0,1061.0,1063.0,1383.0,1431939.0,1431713.0
2026-07-14 14:33:00,1063.0,1063.0,1062.0,1062.0,1458.0,1431713.0,1431629.0
2026-07-14 14:34:00,1062.0,1063.0,1062.0,1063.0,495.0,1431629.0,1431757.0
2026-07-14 14:35:00,1063.0,1063.0,1062.0,1062.0,711.0,1431757.0,1431838.0
2026-07-14 14:36:00,1062.0,1063.0,1062.0,1062.0,369.0,1431838.0,1431781.0
2026-07-14 14:37:00,1062.0,1064.0,1062.0,1064.0,3978.0,1431781.0,1430806.0
2026-07-14 14:38:00,1064.0,1064.0,1063.0,1063.0,617.0,1430806.0,1430778.0
2026-07-14 14:39:00,1063.0,1064.0,1063.0,1063.0,622.0,1430778.0,1430869.0
2026-07-14 14:40:00,1063.0,1064.0,1063.0,1064.0,472.0,1430869.0,1430736.0
2026-07-14 14:41:00,1064.0,1064.0,1063.0,1064.0,602.0,1430736.0,1430731.0
2026-07-14 14:42:00,1064.0,1064.0,1063.0,1063.0,624.0,1430731.0,1430502.0
2026-07-14 14:43:00,1063.0,1064.0,1063.0,1063.0,2850.0,1430502.0,1430402.0
2026-07-14 14:44:00,1063.0,1065.0,1063.0,1065.0,1346.0,1430402.0,1430330.0
2026-07-14 14:45:00,1065.0,1065.0,1064.0,1065.0,2699.0,1430330.0,1429429.0
2026-07-14 14:46:00,1065.0,1066.0,1064.0,1065.0,5844.0,1429429.0,1427829.0
2026-07-14 14:47:00,1065.0,1066.0,1065.0,1065.0,1829.0,1427829.0,1427925.0
2026-07-14 14:48:00,1065.0,1066.0,1065.0,1065.0,974.0,1427925.0,1427792.0
2026-07-14 14:49:00,1065.0,1066.0,1065.0,1065.0,653.0,1427792.0,1427740.0
2026-07-14 14:50:00,1065.0,1066.0,1064.0,1065.0,2776.0,1427740.0,1427046.0
2026-07-14 14:51:00,1065.0,1065.0,1064.0,1064.0,1249.0,1427046.0,1426673.0
2026-07-14 14:52:00,1064.0,1065.0,1063.0,1063.0,3029.0,1426673.0,1426038.0
2026-07-14 14:53:00,1063.0,1064.0,1063.0,1063.0,622.0,1426038.0,1426144.0
2026-07-14 14:54:00,1063.0,1064.0,1063.0,1063.0,1513.0,1426144.0,1426106.0
2026-07-14 14:55:00,1063.0,1064.0,1063.0,1063.0,1657.0,1426106.0,1426117.0
2026-07-14 14:56:00,1063.0,1064.0,1063.0,1064.0,1074.0,1426117.0,1426085.0
2026-07-14 14:57:00,1064.0,1064.0,1063.0,1063.0,1330.0,1426085.0,1426038.0
2026-07-14 14:58:00,1063.0,1064.0,1063.0,1063.0,2900.0,1426038.0,1425477.0
2026-07-14 14:59:00,1063.0,1065.0,1063.0,1064.0,5180.0,1425477.0,1424036.0
2026-07-14 21:00:00,1064.0,1065.0,1062.0,1064.0,14161.0,1424036.0,1427019.0
2026-07-14 21:01:00,1064.0,1066.0,1064.0,1065.0,8145.0,1427019.0,1427782.0
2026-07-14 21:02:00,1065.0,1066.0,1062.0,1063.0,9410.0,1427782.0,1429427.0
2026-07-14 21:03:00,1063.0,1063.0,1060.0,1061.0,10776.0,1429427.0,1431982.0
2026-07-14 21:04:00,1061.0,1061.0,1060.0,1061.0,3388.0,1431982.0,1433178.0
2026-07-14 21:05:00,1061.0,1061.0,1060.0,1061.0,3764.0,1433178.0,1433938.0
2026-07-14 21:06:00,1061.0,1061.0,1059.0,1060.0,7802.0,1433938.0,1436739.0
2026-07-14 21:07:00,1060.0,1061.0,1060.0,1060.0,1542.0,1436739.0,1436570.0
2026-07-14 21:08:00,1060.0,1061.0,1060.0,1061.0,1137.0,1436570.0,1436530.0
2026-07-14 21:09:00,1061.0,1062.0,1060.0,1060.0,3551.0,1436530.0,1437609.0
2026-07-14 21:10:00,1060.0,1061.0,1059.0,1060.0,6734.0,1437609.0,1438146.0
2026-07-14 21:11:00,1060.0,1061.0,1060.0,1060.0,905.0,1438146.0,1438655.0
2026-07-14 21:12:00,1060.0,1061.0,1060.0,1060.0,753.0,1438655.0,1439181.0
2026-07-14 21:13:00,1060.0,1061.0,1059.0,1060.0,4323.0,1439181.0,1439699.0
2026-07-14 21:14:00,1060.0,1061.0,1059.0,1059.0,3041.0,1439699.0,1439345.0
2026-07-14 21:15:00,1059.0,1060.0,1058.0,1058.0,6356.0,1439345.0,1442831.0
2026-07-14 21:16:00,1058.0,1059.0,1058.0,1058.0,4053.0,1442831.0,1444176.0
2026-07-14 21:17:00,1058.0,1059.0,1058.0,1059.0,2422.0,1444176.0,1445078.0
2026-07-14 21:18:00,1059.0,1059.0,1058.0,1059.0,2513.0,1445078.0,1446182.0
2026-07-14 21:19:00,1059.0,1059.0,1058.0,1059.0,1530.0,1446182.0,1447046.0
2026-07-14 21:20:00,1059.0,1059.0,1058.0,1059.0,1565.0,1447046.0,1447620.0
2026-07-14 21:21:00,1059.0,1059.0,1057.0,1058.0,6443.0,1447620.0,1450662.0
2026-07-14 21:22:00,1058.0,1059.0,1057.0,1058.0,7299.0,1450662.0,1452215.0
2026-07-14 21:23:00,1058.0,1059.0,1058.0,1059.0,1271.0,1452215.0,1452465.0
2026-07-14 21:24:00,1059.0,1059.0,1057.0,1057.0,3584.0,1452465.0,1454027.0
2026-07-14 21:25:00,1057.0,1058.0,1057.0,1057.0,2117.0,1454027.0,1455188.0
2026-07-14 21:26:00,1057.0,1058.0,1057.0,1057.0,3283.0,1455188.0,1456478.0
2026-07-14 21:27:00,1057.0,1058.0,1056.0,1056.0,8922.0,1456478.0,1458081.0
2026-07-14 21:28:00,1056.0,1057.0,1056.0,1056.0,3230.0,1458081.0,1459957.0
2026-07-14 21:29:00,1056.0,1057.0,1056.0,1056.0,1683.0,1459957.0,1460600.0
2026-07-14 21:30:00,1056.0,1057.0,1055.0,1057.0,8528.0,1460600.0,1460568.0
2026-07-14 21:31:00,1057.0,1057.0,1056.0,1057.0,1194.0,1460568.0,1460995.0
2026-07-14 21:32:00,1057.0,1058.0,1056.0,1058.0,5548.0,1460995.0,1461125.0
2026-07-14 21:33:00,1058.0,1058.0,1056.0,1056.0,2193.0,1461125.0,1462020.0
2026-07-14 21:34:00,1056.0,1057.0,1056.0,1057.0,701.0,1462020.0,1462081.0
2026-07-14 21:35:00,1057.0,1057.0,1056.0,1057.0,2012.0,1462081.0,1461831.0
2026-07-14 21:36:00,1057.0,1058.0,1056.0,1057.0,2326.0,1461831.0,1461562.0
2026-07-14 21:37:00,1057.0,1059.0,1057.0,1059.0,3924.0,1461562.0,1462009.0
2026-07-14 21:38:00,1059.0,1059.0,1058.0,1058.0,2700.0,1462009.0,1462209.0
2026-07-14 21:39:00,1058.0,1059.0,1058.0,1059.0,579.0,1462209.0,1462265.0
2026-07-14 21:40:00,1059.0,1059.0,1058.0,1058.0,350.0,1462265.0,1462197.0
2026-07-14 21:41:00,1058.0,1059.0,1058.0,1059.0,3669.0,1462197.0,1461008.0
2026-07-14 21:42:00,1059.0,1059.0,1058.0,1058.0,721.0,1461008.0,1461059.0
2026-07-14 21:43:00,1058.0,1059.0,1058.0,1058.0,433.0,1461059.0,1461098.0
2026-07-14 21:44:00,1058.0,1059.0,1058.0,1059.0,374.0,1461098.0,1461184.0
2026-07-14 21:45:00,1059.0,1059.0,1058.0,1059.0,704.0,1461184.0,1461256.0
2026-07-14 21:46:00,1059.0,1059.0,1058.0,1058.0,602.0,1461256.0,1461363.0
2026-07-14 21:47:00,1058.0,1059.0,1058.0,1058.0,253.0,1461363.0,1461403.0
2026-07-14 21:48:00,1058.0,1059.0,1058.0,1058.0,127.0,1461403.0,1461383.0
2026-07-14 21:49:00,1058.0,1059.0,1058.0,1059.0,400.0,1461383.0,1461424.0
2026-07-14 21:50:00,1059.0,1059.0,1058.0,1058.0,465.0,1461424.0,1461339.0
2026-07-14 21:51:00,1058.0,1059.0,1058.0,1058.0,202.0,1461339.0,1461242.0
2026-07-14 21:52:00,1058.0,1059.0,1058.0,1058.0,396.0,1461242.0,1461216.0
2026-07-14 21:53:00,1058.0,1059.0,1058.0,1058.0,207.0,1461216.0,1461214.0
2026-07-14 21:54:00,1058.0,1059.0,1058.0,1058.0,390.0,1461214.0,1461234.0
2026-07-14 21:55:00,1058.0,1059.0,1057.0,1057.0,5176.0,1461234.0,1461532.0
2026-07-14 21:56:00,1057.0,1058.0,1057.0,1057.0,261.0,1461532.0,1461492.0
2026-07-14 21:57:00,1057.0,1058.0,1057.0,1057.0,3041.0,1461492.0,1461909.0
2026-07-14 21:58:00,1057.0,1058.0,1057.0,1057.0,354.0,1461909.0,1461826.0
2026-07-14 21:59:00,1057.0,1058.0,1057.0,1057.0,1976.0,1461826.0,1461258.0
2026-07-14 22:00:00,1057.0,1057.0,1056.0,1056.0,2007.0,1461258.0,1461058.0
2026-07-14 22:01:00,1056.0,1057.0,1056.0,1056.0,544.0,1461058.0,1461248.0
2026-07-14 22:02:00,1056.0,1058.0,1056.0,1058.0,2514.0,1461248.0,1462510.0
2026-07-14 22:03:00,1058.0,1058.0,1057.0,1058.0,374.0,1462510.0,1462489.0
2026-07-14 22:04:00,1058.0,1058.0,1057.0,1058.0,286.0,1462489.0,1462439.0
2026-07-14 22:05:00,1058.0,1059.0,1057.0,1059.0,2558.0,1462439.0,1462704.0
2026-07-14 22:06:00,1059.0,1059.0,1058.0,1059.0,1381.0,1462704.0,1462023.0
2026-07-14 22:07:00,1059.0,1059.0,1058.0,1058.0,186.0,1462023.0,1462069.0
2026-07-14 22:08:00,1058.0,1059.0,1058.0,1058.0,421.0,1462069.0,1461958.0
2026-07-14 22:09:00,1058.0,1059.0,1058.0,1059.0,141.0,1461958.0,1461911.0
2026-07-14 22:10:00,1059.0,1059.0,1058.0,1058.0,250.0,1461911.0,1461874.0
2026-07-14 22:11:00,1058.0,1059.0,1058.0,1059.0,172.0,1461874.0,1461825.0
2026-07-14 22:12:00,1059.0,1059.0,1058.0,1059.0,331.0,1461825.0,1461649.0
2026-07-14 22:13:00,1059.0,1059.0,1058.0,1059.0,397.0,1461649.0,1461502.0
2026-07-14 22:14:00,1059.0,1059.0,1058.0,1059.0,493.0,1461502.0,1461262.0
2026-07-14 22:15:00,1059.0,1059.0,1058.0,1058.0,376.0,1461262.0,1461142.0
2026-07-14 22:16:00,1058.0,1059.0,1058.0,1058.0,441.0,1461142.0,1461176.0
2026-07-14 22:17:00,1058.0,1059.0,1057.0,1057.0,2388.0,1461176.0,1460967.0
2026-07-14 22:18:00,1057.0,1058.0,1057.0,1057.0,269.0,1460967.0,1460975.0
2026-07-14 22:19:00,1057.0,1058.0,1057.0,1057.0,318.0,1460975.0,1461021.0
2026-07-14 22:20:00,1057.0,1058.0,1057.0,1057.0,371.0,1461021.0,1460826.0
2026-07-14 22:21:00,1057.0,1058.0,1057.0,1058.0,194.0,1460826.0,1460795.0
2026-07-14 22:22:00,1058.0,1058.0,1057.0,1058.0,708.0,1460795.0,1460932.0
2026-07-14 22:23:00,1058.0,1058.0,1057.0,1058.0,218.0,1460932.0,1460812.0
2026-07-14 22:24:00,1058.0,1058.0,1057.0,1057.0,255.0,1460812.0,1460736.0
2026-07-14 22:25:00,1057.0,1058.0,1057.0,1057.0,317.0,1460736.0,1460824.0
2026-07-14 22:26:00,1057.0,1058.0,1057.0,1057.0,143.0,1460824.0,1460819.0
2026-07-14 22:27:00,1057.0,1058.0,1057.0,1058.0,137.0,1460819.0,1460752.0
2026-07-14 22:28:00,1058.0,1058.0,1057.0,1058.0,420.0,1460752.0,1460736.0
2026-07-14 22:29:00,1058.0,1058.0,1057.0,1058.0,87.0,1460736.0,1460790.0
2026-07-14 22:30:00,1058.0,1058.0,1057.0,1057.0,616.0,1460790.0,1460823.0
2026-07-14 22:31:00,1057.0,1058.0,1057.0,1058.0,162.0,1460823.0,1460866.0
2026-07-14 22:32:00,1058.0,1058.0,1057.0,1057.0,296.0,1460866.0,1460774.0
2026-07-14 22:33:00,1057.0,1058.0,1057.0,1057.0,247.0,1460774.0,1460756.0
2026-07-14 22:34:00,1057.0,1058.0,1056.0,1057.0,4758.0,1460756.0,1461334.0
2026-07-14 22:35:00,1057.0,1058.0,1057.0,1057.0,500.0,1461334.0,1461280.0
2026-07-14 22:36:00,1057.0,1058.0,1057.0,1057.0,236.0,1461280.0,1461219.0
2026-07-14 22:37:00,1057.0,1058.0,1057.0,1057.0,368.0,1461219.0,1461214.0
2026-07-14 22:38:00,1057.0,1058.0,1057.0,1057.0,268.0,1461214.0,1461156.0
2026-07-14 22:39:00,1057.0,1058.0,1057.0,1058.0,205.0,1461156.0,1461116.0
2026-07-14 22:40:00,1058.0,1058.0,1057.0,1057.0,484.0,1461116.0,1461271.0
2026-07-14 22:41:00,1057.0,1058.0,1057.0,1058.0,327.0,1461271.0,1461161.0
2026-07-14 22:42:00,1058.0,1058.0,1057.0,1057.0,162.0,1461161.0,1461083.0
2026-07-14 22:43:00,1057.0,1058.0,1057.0,1058.0,264.0,1461083.0,1461125.0
2026-07-14 22:44:00,1058.0,1058.0,1057.0,1057.0,215.0,1461125.0,1461126.0
2026-07-14 22:45:00,1057.0,1058.0,1057.0,1057.0,605.0,1461126.0,1461047.0
2026-07-14 22:46:00,1057.0,1058.0,1057.0,1057.0,430.0,1461047.0,1461248.0
2026-07-14 22:47:00,1057.0,1058.0,1057.0,1058.0,290.0,1461248.0,1461269.0
2026-07-14 22:48:00,1058.0,1058.0,1057.0,1057.0,275.0,1461269.0,1461346.0
2026-07-14 22:49:00,1057.0,1058.0,1057.0,1057.0,140.0,1461346.0,1461382.0
2026-07-14 22:50:00,1057.0,1058.0,1057.0,1057.0,481.0,1461382.0,1461309.0
2026-07-14 22:51:00,1057.0,1058.0,1057.0,1057.0,208.0,1461309.0,1461184.0
2026-07-14 22:52:00,1057.0,1058.0,1057.0,1058.0,378.0,1461184.0,1460947.0
2026-07-14 22:53:00,1058.0,1058.0,1057.0,1058.0,490.0,1460947.0,1460804.0
2026-07-14 22:54:00,1058.0,1058.0,1057.0,1057.0,719.0,1460804.0,1460695.0
2026-07-14 22:55:00,1057.0,1057.0,1056.0,1057.0,2759.0,1460695.0,1460445.0
2026-07-14 22:56:00,1057.0,1057.0,1056.0,1057.0,772.0,1460445.0,1460591.0
2026-07-14 22:57:00,1057.0,1057.0,1056.0,1056.0,495.0,1460591.0,1460756.0
2026-07-14 22:58:00,1056.0,1057.0,1056.0,1057.0,1442.0,1460756.0,1460076.0
2026-07-14 22:59:00,1057.0,1057.0,1056.0,1056.0,3816.0,1460076.0,1458940.0
2026-07-15 09:00:00,1056.0,1056.0,1054.0,1054.0,12419.0,1458940.0,1463489.0
2026-07-15 09:01:00,1054.0,1057.0,1054.0,1056.0,5557.0,1463489.0,1463926.0
2026-07-15 09:02:00,1056.0,1057.0,1056.0,1057.0,1519.0,1463926.0,1463864.0
2026-07-15 09:03:00,1057.0,1057.0,1055.0,1056.0,4244.0,1463864.0,1464967.0
2026-07-15 09:04:00,1056.0,1057.0,1056.0,1057.0,1389.0,1464967.0,1465100.0
2026-07-15 09:05:00,1057.0,1058.0,1056.0,1057.0,3320.0,1465100.0,1465042.0
2026-07-15 09:06:00,1057.0,1057.0,1056.0,1057.0,912.0,1465042.0,1465275.0
2026-07-15 09:07:00,1057.0,1057.0,1055.0,1056.0,2343.0,1465275.0,1465000.0
2026-07-15 09:08:00,1056.0,1056.0,1054.0,1054.0,3539.0,1465000.0,1466265.0
2026-07-15 09:09:00,1054.0,1056.0,1054.0,1055.0,3856.0,1466265.0,1467247.0
2026-07-15 09:10:00,1055.0,1056.0,1055.0,1055.0,381.0,1467247.0,1467283.0
2026-07-15 09:11:00,1055.0,1056.0,1055.0,1056.0,536.0,1467283.0,1467329.0
2026-07-15 09:12:00,1056.0,1056.0,1055.0,1055.0,342.0,1467329.0,1467357.0
2026-07-15 09:13:00,1055.0,1056.0,1054.0,1054.0,2891.0,1467357.0,1468524.0
2026-07-15 09:14:00,1054.0,1056.0,1054.0,1054.0,2907.0,1468524.0,1468874.0
2026-07-15 09:15:00,1054.0,1056.0,1054.0,1055.0,1268.0,1468874.0,1468874.0
2026-07-15 09:16:00,1055.0,1056.0,1055.0,1055.0,387.0,1468874.0,1468859.0
2026-07-15 09:17:00,1055.0,1056.0,1055.0,1056.0,1077.0,1468859.0,1469259.0
2026-07-15 09:18:00,1056.0,1057.0,1055.0,1056.0,1928.0,1469259.0,1469745.0
2026-07-15 09:19:00,1056.0,1057.0,1055.0,1056.0,1254.0,1469745.0,1469847.0
2026-07-15 09:20:00,1056.0,1056.0,1055.0,1056.0,361.0,1469847.0,1469942.0
2026-07-15 09:21:00,1056.0,1057.0,1055.0,1055.0,1954.0,1469942.0,1470479.0
2026-07-15 09:22:00,1055.0,1056.0,1055.0,1056.0,2123.0,1470479.0,1471253.0
2026-07-15 09:23:00,1056.0,1056.0,1055.0,1055.0,303.0,1471253.0,1471240.0
2026-07-15 09:24:00,1055.0,1056.0,1055.0,1055.0,351.0,1471240.0,1471198.0
2026-07-15 09:25:00,1055.0,1056.0,1055.0,1056.0,352.0,1471198.0,1471187.0
2026-07-15 09:26:00,1056.0,1056.0,1055.0,1055.0,2096.0,1471187.0,1471359.0
2026-07-15 09:27:00,1055.0,1056.0,1054.0,1056.0,2931.0,1471359.0,1471984.0
2026-07-15 09:28:00,1056.0,1056.0,1055.0,1055.0,395.0,1471984.0,1471896.0
2026-07-15 09:29:00,1055.0,1056.0,1054.0,1055.0,1109.0,1471896.0,1471998.0
2026-07-15 09:30:00,1055.0,1056.0,1054.0,1056.0,1275.0,1471998.0,1472328.0
2026-07-15 09:31:00,1056.0,1056.0,1054.0,1054.0,836.0,1472328.0,1472310.0
2026-07-15 09:32:00,1054.0,1056.0,1054.0,1055.0,1167.0,1472310.0,1472127.0
2026-07-15 09:33:00,1055.0,1056.0,1055.0,1055.0,291.0,1472127.0,1471975.0
2026-07-15 09:34:00,1055.0,1056.0,1055.0,1055.0,323.0,1471975.0,1471825.0
2026-07-15 09:35:00,1055.0,1056.0,1054.0,1055.0,1825.0,1471825.0,1471471.0
2026-07-15 09:36:00,1055.0,1055.0,1054.0,1054.0,1252.0,1471471.0,1471946.0
2026-07-15 09:37:00,1054.0,1055.0,1054.0,1054.0,696.0,1471946.0,1472193.0
2026-07-15 09:38:00,1054.0,1055.0,1054.0,1055.0,538.0,1472193.0,1472296.0
2026-07-15 09:39:00,1055.0,1055.0,1053.0,1053.0,6119.0,1472296.0,1474586.0
2026-07-15 09:40:00,1053.0,1054.0,1053.0,1054.0,1413.0,1474586.0,1474985.0
2026-07-15 09:41:00,1054.0,1054.0,1052.0,1052.0,6433.0,1474985.0,1477527.0
2026-07-15 09:42:00,1052.0,1054.0,1052.0,1054.0,3770.0,1477527.0,1477193.0
2026-07-15 09:43:00,1054.0,1054.0,1053.0,1053.0,1205.0,1477193.0,1476731.0
2026-07-15 09:44:00,1053.0,1054.0,1053.0,1053.0,624.0,1476731.0,1476956.0
2026-07-15 09:45:00,1053.0,1054.0,1053.0,1054.0,964.0,1476956.0,1476986.0
2026-07-15 09:46:00,1054.0,1055.0,1053.0,1055.0,2571.0,1476986.0,1477444.0
2026-07-15 09:47:00,1055.0,1055.0,1054.0,1054.0,529.0,1477444.0,1477363.0
2026-07-15 09:48:00,1054.0,1056.0,1054.0,1056.0,2570.0,1477363.0,1476784.0
2026-07-15 09:49:00,1056.0,1056.0,1055.0,1055.0,441.0,1476784.0,1476641.0
2026-07-15 09:50:00,1055.0,1056.0,1055.0,1056.0,542.0,1476641.0,1476439.0
2026-07-15 09:51:00,1056.0,1056.0,1055.0,1056.0,505.0,1476439.0,1476573.0
2026-07-15 09:52:00,1056.0,1057.0,1055.0,1057.0,4087.0,1476573.0,1476015.0
2026-07-15 09:53:00,1057.0,1058.0,1056.0,1057.0,4751.0,1476015.0,1474407.0
2026-07-15 09:54:00,1057.0,1058.0,1057.0,1058.0,1324.0,1474407.0,1474117.0
2026-07-15 09:55:00,1058.0,1058.0,1057.0,1058.0,703.0,1474117.0,1474069.0
2026-07-15 09:56:00,1058.0,1058.0,1057.0,1057.0,708.0,1474069.0,1473986.0
2026-07-15 09:57:00,1057.0,1058.0,1057.0,1057.0,529.0,1473986.0,1473990.0
2026-07-15 09:58:00,1057.0,1058.0,1057.0,1058.0,540.0,1473990.0,1473987.0
2026-07-15 09:59:00,1058.0,1058.0,1057.0,1057.0,683.0,1473987.0,1474135.0
2026-07-15 10:00:00,1057.0,1059.0,1057.0,1058.0,4277.0,1474135.0,1474055.0
2026-07-15 10:01:00,1058.0,1058.0,1056.0,1057.0,2798.0,1474055.0,1475163.0
2026-07-15 10:02:00,1057.0,1057.0,1056.0,1056.0,622.0,1475163.0,1475257.0
2026-07-15 10:03:00,1056.0,1057.0,1056.0,1057.0,467.0,1475257.0,1475195.0
2026-07-15 10:04:00,1057.0,1057.0,1056.0,1056.0,286.0,1475195.0,1475328.0
2026-07-15 10:05:00,1056.0,1057.0,1055.0,1056.0,2542.0,1475328.0,1475518.0
2026-07-15 10:06:00,1056.0,1056.0,1055.0,1055.0,432.0,1475518.0,1475458.0
2026-07-15 10:07:00,1055.0,1056.0,1055.0,1055.0,466.0,1475458.0,1475316.0
2026-07-15 10:08:00,1055.0,1056.0,1055.0,1056.0,643.0,1475316.0,1475308.0
2026-07-15 10:09:00,1056.0,1056.0,1055.0,1056.0,327.0,1475308.0,1475479.0
2026-07-15 10:10:00,1056.0,1056.0,1055.0,1055.0,252.0,1475479.0,1475481.0
2026-07-15 10:11:00,1055.0,1056.0,1054.0,1054.0,3181.0,1475481.0,1475769.0
2026-07-15 10:12:00,1054.0,1055.0,1054.0,1054.0,420.0,1475769.0,1475859.0
2026-07-15 10:13:00,1054.0,1055.0,1054.0,1055.0,3329.0,1475859.0,1476271.0
2026-07-15 10:14:00,1055.0,1055.0,1054.0,1055.0,1361.0,1476271.0,1476096.0
2026-07-15 10:30:00,1055.0,1055.0,1052.0,1053.0,7159.0,1476096.0,1478122.0
2026-07-15 10:31:00,1053.0,1054.0,1052.0,1053.0,2403.0,1478122.0,1478281.0
2026-07-15 10:32:00,1053.0,1054.0,1053.0,1053.0,447.0,1478281.0,1478500.0
2026-07-15 10:33:00,1053.0,1054.0,1053.0,1053.0,578.0,1478500.0,1478517.0
2026-07-15 10:34:00,1053.0,1054.0,1053.0,1054.0,805.0,1478517.0,1478688.0
2026-07-15 10:35:00,1054.0,1054.0,1053.0,1053.0,436.0,1478688.0,1478662.0
2026-07-15 10:36:00,1053.0,1055.0,1053.0,1055.0,2350.0,1478662.0,1479718.0
2026-07-15 10:37:00,1055.0,1056.0,1054.0,1056.0,2273.0,1479718.0,1480031.0
2026-07-15 10:38:00,1056.0,1056.0,1055.0,1055.0,875.0,1480031.0,1480366.0
2026-07-15 10:39:00,1055.0,1057.0,1055.0,1056.0,2080.0,1480366.0,1480564.0
2026-07-15 10:40:00,1056.0,1057.0,1055.0,1055.0,1846.0,1480564.0,1481452.0
2026-07-15 10:41:00,1055.0,1056.0,1054.0,1055.0,3349.0,1481452.0,1481406.0
2026-07-15 10:42:00,1055.0,1056.0,1055.0,1055.0,300.0,1481406.0,1481523.0
2026-07-15 10:43:00,1055.0,1056.0,1055.0,1055.0,318.0,1481523.0,1481691.0
2026-07-15 10:44:00,1055.0,1056.0,1055.0,1055.0,426.0,1481691.0,1481725.0
2026-07-15 10:45:00,1055.0,1057.0,1055.0,1056.0,2046.0,1481725.0,1481865.0
2026-07-15 10:46:00,1056.0,1057.0,1055.0,1056.0,1191.0,1481865.0,1481730.0
2026-07-15 10:47:00,1056.0,1057.0,1056.0,1056.0,412.0,1481730.0,1481796.0
2026-07-15 10:48:00,1056.0,1057.0,1055.0,1056.0,2645.0,1481796.0,1482175.0
2026-07-15 10:49:00,1056.0,1057.0,1055.0,1056.0,1393.0,1482175.0,1482218.0
2026-07-15 10:50:00,1056.0,1056.0,1055.0,1056.0,528.0,1482218.0,1482509.0
2026-07-15 10:51:00,1056.0,1056.0,1055.0,1055.0,445.0,1482509.0,1482640.0
2026-07-15 10:52:00,1055.0,1056.0,1055.0,1055.0,733.0,1482640.0,1482295.0
2026-07-15 10:53:00,1055.0,1056.0,1055.0,1055.0,379.0,1482295.0,1482428.0
2026-07-15 10:54:00,1055.0,1056.0,1055.0,1055.0,192.0,1482428.0,1482426.0
2026-07-15 10:55:00,1055.0,1056.0,1055.0,1056.0,2299.0,1482426.0,1481874.0
2026-07-15 10:56:00,1056.0,1057.0,1055.0,1056.0,789.0,1481874.0,1481882.0
2026-07-15 10:57:00,1056.0,1057.0,1055.0,1056.0,1412.0,1481882.0,1482149.0
2026-07-15 10:58:00,1056.0,1058.0,1056.0,1058.0,4549.0,1482149.0,1481111.0
2026-07-15 10:59:00,1058.0,1059.0,1057.0,1059.0,5151.0,1481111.0,1481308.0
2026-07-15 11:00:00,1059.0,1059.0,1058.0,1059.0,796.0,1481308.0,1481241.0
2026-07-15 11:01:00,1059.0,1059.0,1057.0,1057.0,1630.0,1481241.0,1481282.0
2026-07-15 11:02:00,1057.0,1058.0,1057.0,1057.0,3026.0,1481282.0,1481595.0
2026-07-15 11:03:00,1057.0,1058.0,1057.0,1058.0,1172.0,1481595.0,1481585.0
2026-07-15 11:04:00,1058.0,1059.0,1057.0,1059.0,1116.0,1481585.0,1481566.0
2026-07-15 11:05:00,1059.0,1059.0,1057.0,1058.0,1474.0,1481566.0,1481566.0
2026-07-15 11:06:00,1058.0,1058.0,1057.0,1057.0,2300.0,1481566.0,1481712.0
2026-07-15 11:07:00,1057.0,1059.0,1057.0,1058.0,3323.0,1481712.0,1480952.0
2026-07-15 11:08:00,1058.0,1058.0,1057.0,1057.0,853.0,1480952.0,1480912.0
2026-07-15 11:09:00,1057.0,1058.0,1057.0,1057.0,349.0,1480912.0,1481003.0
2026-07-15 11:10:00,1057.0,1058.0,1057.0,1057.0,279.0,1481003.0,1480941.0
2026-07-15 11:11:00,1057.0,1058.0,1057.0,1058.0,297.0,1480941.0,1481063.0
2026-07-15 11:12:00,1058.0,1058.0,1057.0,1057.0,908.0,1481063.0,1480865.0
2026-07-15 11:13:00,1057.0,1058.0,1057.0,1057.0,1232.0,1480865.0,1480760.0
2026-07-15 11:14:00,1057.0,1059.0,1057.0,1059.0,2248.0,1480760.0,1480909.0
2026-07-15 11:15:00,1059.0,1059.0,1058.0,1058.0,539.0,1480909.0,1480846.0
2026-07-15 11:16:00,1058.0,1059.0,1058.0,1059.0,388.0,1480846.0,1480670.0
2026-07-15 11:17:00,1059.0,1059.0,1058.0,1059.0,442.0,1480670.0,1480675.0
2026-07-15 11:18:00,1059.0,1060.0,1058.0,1059.0,8260.0,1480675.0,1478349.0
2026-07-15 11:19:00,1059.0,1060.0,1058.0,1059.0,1504.0,1478349.0,1478342.0
2026-07-15 11:20:00,1059.0,1061.0,1059.0,1061.0,6791.0,1478342.0,1476844.0
2026-07-15 11:21:00,1061.0,1061.0,1059.0,1060.0,3562.0,1476844.0,1475929.0
2026-07-15 11:22:00,1060.0,1061.0,1060.0,1061.0,3309.0,1475929.0,1475461.0
2026-07-15 11:23:00,1061.0,1061.0,1059.0,1059.0,1254.0,1475461.0,1475376.0
2026-07-15 11:24:00,1059.0,1060.0,1059.0,1059.0,686.0,1475376.0,1475273.0
2026-07-15 11:25:00,1059.0,1060.0,1058.0,1059.0,3574.0,1475273.0,1476284.0
2026-07-15 11:26:00,1059.0,1059.0,1058.0,1058.0,460.0,1476284.0,1476221.0
2026-07-15 11:27:00,1058.0,1059.0,1058.0,1059.0,769.0,1476221.0,1476237.0
2026-07-15 11:28:00,1059.0,1059.0,1058.0,1058.0,1354.0,1476237.0,1475842.0
2026-07-15 11:29:00,1058.0,1059.0,1055.0,1055.0,5936.0,1475842.0,1475730.0
2026-07-15 13:30:00,1055.0,1057.0,1055.0,1057.0,2823.0,1475730.0,1474714.0
2026-07-15 13:31:00,1057.0,1057.0,1055.0,1056.0,4234.0,1474714.0,1475345.0
2026-07-15 13:32:00,1056.0,1057.0,1056.0,1057.0,862.0,1475345.0,1475485.0
2026-07-15 13:33:00,1057.0,1057.0,1056.0,1057.0,963.0,1475485.0,1474900.0
2026-07-15 13:34:00,1057.0,1057.0,1056.0,1057.0,584.0,1474900.0,1474698.0
2026-07-15 13:35:00,1057.0,1057.0,1055.0,1055.0,1776.0,1474698.0,1475122.0
2026-07-15 13:36:00,1055.0,1057.0,1055.0,1056.0,2897.0,1475122.0,1476153.0
2026-07-15 13:37:00,1056.0,1057.0,1056.0,1056.0,241.0,1476153.0,1476175.0
2026-07-15 13:38:00,1056.0,1057.0,1056.0,1057.0,1409.0,1476175.0,1475667.0
2026-07-15 13:39:00,1057.0,1057.0,1056.0,1056.0,626.0,1475667.0,1475645.0
2026-07-15 13:40:00,1056.0,1057.0,1056.0,1057.0,296.0,1475645.0,1475706.0
2026-07-15 13:41:00,1057.0,1057.0,1056.0,1056.0,323.0,1475706.0,1475812.0
2026-07-15 13:42:00,1056.0,1057.0,1056.0,1057.0,2666.0,1475812.0,1476221.0
2026-07-15 13:43:00,1057.0,1057.0,1056.0,1057.0,718.0,1476221.0,1476457.0
2026-07-15 13:44:00,1057.0,1057.0,1055.0,1056.0,1848.0,1476457.0,1477027.0
2026-07-15 13:45:00,1056.0,1056.0,1054.0,1055.0,4548.0,1477027.0,1478235.0
2026-07-15 13:46:00,1055.0,1055.0,1054.0,1055.0,611.0,1478235.0,1478423.0
2026-07-15 13:47:00,1055.0,1055.0,1054.0,1054.0,618.0,1478423.0,1478420.0
2026-07-15 13:48:00,1054.0,1055.0,1054.0,1055.0,473.0,1478420.0,1478425.0
2026-07-15 13:49:00,1055.0,1056.0,1054.0,1055.0,2152.0,1478425.0,1478510.0
2026-07-15 13:50:00,1055.0,1057.0,1055.0,1055.0,2298.0,1478510.0,1478844.0
2026-07-15 13:51:00,1055.0,1056.0,1055.0,1056.0,2250.0,1478844.0,1479057.0
2026-07-15 13:52:00,1056.0,1056.0,1054.0,1055.0,926.0,1479057.0,1479185.0
2026-07-15 13:53:00,1055.0,1056.0,1053.0,1054.0,6279.0,1479185.0,1481355.0
2026-07-15 13:54:00,1054.0,1055.0,1053.0,1054.0,2858.0,1481355.0,1482170.0
2026-07-15 13:55:00,1054.0,1055.0,1053.0,1054.0,1990.0,1482170.0,1482201.0
2026-07-15 13:56:00,1054.0,1055.0,1053.0,1054.0,1678.0,1482201.0,1482440.0
2026-07-15 13:57:00,1054.0,1055.0,1054.0,1055.0,376.0,1482440.0,1482660.0
2026-07-15 13:58:00,1055.0,1055.0,1053.0,1055.0,2116.0,1482660.0,1482799.0
2026-07-15 13:59:00,1055.0,1055.0,1054.0,1055.0,477.0,1482799.0,1482805.0
2026-07-15 14:00:00,1055.0,1055.0,1053.0,1053.0,2749.0,1482805.0,1484166.0
2026-07-15 14:01:00,1053.0,1054.0,1051.0,1052.0,12658.0,1484166.0,1487393.0
2026-07-15 14:02:00,1052.0,1053.0,1051.0,1052.0,5856.0,1487393.0,1488607.0
2026-07-15 14:03:00,1052.0,1052.0,1051.0,1051.0,1824.0,1488607.0,1488657.0
2026-07-15 14:04:00,1051.0,1052.0,1051.0,1052.0,2425.0,1488657.0,1489248.0
2026-07-15 14:05:00,1052.0,1052.0,1051.0,1051.0,3506.0,1489248.0,1490313.0
2026-07-15 14:06:00,1051.0,1052.0,1051.0,1052.0,4172.0,1490313.0,1491238.0
2026-07-15 14:07:00,1052.0,1052.0,1051.0,1051.0,854.0,1491238.0,1491455.0
2026-07-15 14:08:00,1051.0,1052.0,1050.0,1051.0,8279.0,1491455.0,1492472.0
2026-07-15 14:09:00,1051.0,1052.0,1050.0,1050.0,5147.0,1492472.0,1492308.0
2026-07-15 14:10:00,1050.0,1052.0,1050.0,1051.0,6177.0,1492308.0,1493403.0
2026-07-15 14:11:00,1051.0,1052.0,1050.0,1051.0,3707.0,1493403.0,1493002.0
2026-07-15 14:12:00,1051.0,1051.0,1050.0,1051.0,1283.0,1493002.0,1493394.0
2026-07-15 14:13:00,1051.0,1052.0,1050.0,1051.0,3297.0,1493394.0,1494404.0
2026-07-15 14:14:00,1051.0,1052.0,1051.0,1052.0,2918.0,1494404.0,1494011.0
2026-07-15 14:15:00,1052.0,1053.0,1051.0,1053.0,3602.0,1494011.0,1495365.0
2026-07-15 14:16:00,1053.0,1053.0,1052.0,1053.0,1705.0,1495365.0,1496141.0
2026-07-15 14:17:00,1053.0,1053.0,1052.0,1053.0,762.0,1496141.0,1496048.0
2026-07-15 14:18:00,1053.0,1053.0,1052.0,1053.0,433.0,1496048.0,1496020.0
2026-07-15 14:19:00,1053.0,1053.0,1051.0,1051.0,2921.0,1496020.0,1496109.0
2026-07-15 14:20:00,1051.0,1052.0,1051.0,1052.0,963.0,1496109.0,1495729.0
2026-07-15 14:21:00,1052.0,1052.0,1051.0,1052.0,1104.0,1495729.0,1495944.0
2026-07-15 14:22:00,1052.0,1052.0,1051.0,1051.0,360.0,1495944.0,1496044.0
2026-07-15 14:23:00,1051.0,1052.0,1051.0,1052.0,2715.0,1496044.0,1495080.0
2026-07-15 14:24:00,1052.0,1052.0,1051.0,1051.0,1376.0,1495080.0,1495469.0
2026-07-15 14:25:00,1051.0,1052.0,1051.0,1052.0,720.0,1495469.0,1495448.0
2026-07-15 14:26:00,1052.0,1052.0,1051.0,1052.0,902.0,1495448.0,1495061.0
2026-07-15 14:27:00,1052.0,1052.0,1051.0,1051.0,481.0,1495061.0,1495003.0
2026-07-15 14:28:00,1051.0,1052.0,1051.0,1051.0,735.0,1495003.0,1494812.0
2026-07-15 14:29:00,1051.0,1052.0,1051.0,1051.0,298.0,1494812.0,1494882.0
2026-07-15 14:30:00,1051.0,1052.0,1050.0,1051.0,2044.0,1494882.0,1495654.0
2026-07-15 14:31:00,1051.0,1051.0,1050.0,1050.0,1951.0,1495654.0,1496709.0
2026-07-15 14:32:00,1050.0,1051.0,1050.0,1050.0,2346.0,1496709.0,1497947.0
2026-07-15 14:33:00,1050.0,1051.0,1050.0,1050.0,1050.0,1497947.0,1498390.0
2026-07-15 14:34:00,1050.0,1051.0,1049.0,1050.0,6990.0,1498390.0,1500459.0
2026-07-15 14:35:00,1050.0,1051.0,1049.0,1049.0,2450.0,1500459.0,1499737.0
2026-07-15 14:36:00,1049.0,1050.0,1049.0,1050.0,2719.0,1499737.0,1499756.0
2026-07-15 14:37:00,1050.0,1050.0,1049.0,1050.0,1495.0,1499756.0,1499910.0
2026-07-15 14:38:00,1050.0,1051.0,1049.0,1050.0,2359.0,1499910.0,1499782.0
2026-07-15 14:39:00,1050.0,1051.0,1050.0,1050.0,998.0,1499782.0,1500030.0
2026-07-15 14:40:00,1050.0,1051.0,1050.0,1050.0,913.0,1500030.0,1499994.0
2026-07-15 14:41:00,1050.0,1051.0,1049.0,1049.0,2219.0,1499994.0,1500817.0
2026-07-15 14:42:00,1049.0,1050.0,1049.0,1050.0,2792.0,1500817.0,1501782.0
2026-07-15 14:43:00,1050.0,1050.0,1049.0,1049.0,999.0,1501782.0,1501772.0
2026-07-15 14:44:00,1049.0,1050.0,1049.0,1049.0,1755.0,1501772.0,1501757.0
2026-07-15 14:45:00,1049.0,1050.0,1049.0,1049.0,1628.0,1501757.0,1502047.0
2026-07-15 14:46:00,1049.0,1050.0,1049.0,1050.0,1246.0,1502047.0,1502205.0
2026-07-15 14:47:00,1050.0,1050.0,1049.0,1050.0,3071.0,1502205.0,1502102.0
2026-07-15 14:48:00,1050.0,1051.0,1049.0,1050.0,5273.0,1502102.0,1503854.0
2026-07-15 14:49:00,1050.0,1051.0,1050.0,1050.0,814.0,1503854.0,1503983.0
2026-07-15 14:50:00,1050.0,1051.0,1050.0,1050.0,730.0,1503983.0,1503986.0
2026-07-15 14:51:00,1050.0,1051.0,1050.0,1051.0,849.0,1503986.0,1503914.0
2026-07-15 14:52:00,1051.0,1051.0,1050.0,1051.0,4363.0,1503914.0,1503512.0
2026-07-15 14:53:00,1051.0,1051.0,1050.0,1050.0,671.0,1503512.0,1503464.0
2026-07-15 14:54:00,1050.0,1051.0,1050.0,1051.0,978.0,1503464.0,1503445.0
2026-07-15 14:55:00,1051.0,1051.0,1050.0,1050.0,1591.0,1503445.0,1503629.0
2026-07-15 14:56:00,1050.0,1051.0,1050.0,1051.0,2155.0,1503629.0,1503366.0
2026-07-15 14:57:00,1051.0,1051.0,1050.0,1050.0,1927.0,1503366.0,1503657.0
2026-07-15 14:58:00,1050.0,1051.0,1050.0,1050.0,3112.0,1503657.0,1503151.0
2026-07-15 14:59:00,1050.0,1051.0,1050.0,1051.0,6962.0,1503151.0,1501218.0
2026-07-15 21:00:00,1052.0,1054.0,1050.0,1053.0,26508.0,1501218.0,1498469.0
2026-07-15 21:01:00,1053.0,1054.0,1052.0,1052.0,9327.0,1498469.0,1499086.0
2026-07-15 21:02:00,1052.0,1054.0,1052.0,1053.0,4152.0,1499086.0,1499012.0
2026-07-15 21:03:00,1053.0,1054.0,1052.0,1053.0,7042.0,1499012.0,1498860.0
2026-07-15 21:04:00,1053.0,1053.0,1052.0,1052.0,5408.0,1498860.0,1498630.0
2026-07-15 21:05:00,1052.0,1053.0,1051.0,1052.0,6259.0,1498630.0,1499295.0
2026-07-15 21:06:00,1052.0,1053.0,1052.0,1053.0,3209.0,1499295.0,1499211.0
2026-07-15 21:07:00,1053.0,1053.0,1052.0,1053.0,1761.0,1499211.0,1499355.0
2026-07-15 21:08:00,1053.0,1054.0,1052.0,1054.0,4385.0,1499355.0,1500122.0
2026-07-15 21:09:00,1054.0,1054.0,1053.0,1054.0,1065.0,1500122.0,1500328.0
2026-07-15 21:10:00,1054.0,1055.0,1053.0,1054.0,4476.0,1500328.0,1500050.0
2026-07-15 21:11:00,1054.0,1055.0,1053.0,1054.0,1956.0,1500050.0,1500324.0
2026-07-15 21:12:00,1054.0,1055.0,1053.0,1054.0,3171.0,1500324.0,1500564.0
2026-07-15 21:13:00,1054.0,1055.0,1053.0,1054.0,3194.0,1500564.0,1500005.0
2026-07-15 21:14:00,1054.0,1055.0,1053.0,1053.0,3094.0,1500005.0,1499800.0
2026-07-15 21:15:00,1053.0,1054.0,1053.0,1053.0,1463.0,1499800.0,1499730.0
2026-07-15 21:16:00,1053.0,1054.0,1053.0,1054.0,2419.0,1499730.0,1499386.0
2026-07-15 21:17:00,1054.0,1054.0,1053.0,1053.0,906.0,1499386.0,1499287.0
2026-07-15 21:18:00,1053.0,1054.0,1053.0,1054.0,1125.0,1499287.0,1499127.0
2026-07-15 21:19:00,1054.0,1054.0,1053.0,1053.0,754.0,1499127.0,1499166.0
2026-07-15 21:20:00,1053.0,1054.0,1052.0,1053.0,5081.0,1499166.0,1499832.0
2026-07-15 21:21:00,1053.0,1053.0,1052.0,1052.0,1186.0,1499832.0,1500048.0
2026-07-15 21:22:00,1052.0,1053.0,1051.0,1052.0,3768.0,1500048.0,1500703.0
2026-07-15 21:23:00,1052.0,1053.0,1051.0,1053.0,2673.0,1500703.0,1500450.0
2026-07-15 21:24:00,1053.0,1053.0,1051.0,1052.0,1858.0,1500450.0,1500584.0
2026-07-15 21:25:00,1052.0,1053.0,1052.0,1053.0,552.0,1500584.0,1500471.0
2026-07-15 21:26:00,1053.0,1053.0,1052.0,1052.0,1631.0,1500471.0,1500924.0
2026-07-15 21:27:00,1052.0,1053.0,1052.0,1052.0,784.0,1500924.0,1500714.0
2026-07-15 21:28:00,1052.0,1054.0,1052.0,1054.0,2557.0,1500714.0,1500697.0
2026-07-15 21:29:00,1054.0,1054.0,1053.0,1054.0,584.0,1500697.0,1500517.0
2026-07-15 21:30:00,1054.0,1054.0,1053.0,1054.0,1623.0,1500517.0,1499670.0
2026-07-15 21:31:00,1054.0,1054.0,1053.0,1054.0,508.0,1499670.0,1499481.0
2026-07-15 21:32:00,1054.0,1054.0,1052.0,1053.0,2583.0,1499481.0,1499168.0
2026-07-15 21:33:00,1053.0,1053.0,1052.0,1052.0,1049.0,1499168.0,1499226.0
2026-07-15 21:34:00,1052.0,1053.0,1052.0,1052.0,376.0,1499226.0,1499245.0
2026-07-15 21:35:00,1052.0,1053.0,1052.0,1052.0,271.0,1499245.0,1499211.0
2026-07-15 21:36:00,1052.0,1053.0,1052.0,1053.0,328.0,1499211.0,1499212.0
2026-07-15 21:37:00,1053.0,1053.0,1052.0,1053.0,338.0,1499212.0,1499285.0
2026-07-15 21:38:00,1053.0,1053.0,1052.0,1053.0,146.0,1499285.0,1499254.0
2026-07-15 21:39:00,1053.0,1053.0,1052.0,1053.0,118.0,1499254.0,1499213.0
2026-07-15 21:40:00,1053.0,1053.0,1052.0,1053.0,224.0,1499213.0,1499119.0
2026-07-15 21:41:00,1053.0,1053.0,1051.0,1052.0,2636.0,1499119.0,1499510.0
2026-07-15 21:42:00,1052.0,1052.0,1051.0,1052.0,1109.0,1499510.0,1499766.0
2026-07-15 21:43:00,1052.0,1053.0,1051.0,1053.0,1650.0,1499766.0,1500097.0
2026-07-15 21:44:00,1053.0,1053.0,1052.0,1052.0,219.0,1500097.0,1500058.0
2026-07-15 21:45:00,1052.0,1053.0,1052.0,1053.0,142.0,1500058.0,1500048.0
2026-07-15 21:46:00,1053.0,1053.0,1052.0,1052.0,1696.0,1500048.0,1499770.0
2026-07-15 21:47:00,1052.0,1053.0,1051.0,1053.0,1308.0,1499770.0,1500445.0
2026-07-15 21:48:00,1053.0,1053.0,1052.0,1052.0,170.0,1500445.0,1500411.0
2026-07-15 21:49:00,1052.0,1054.0,1052.0,1053.0,2678.0,1500411.0,1500699.0
2026-07-15 21:50:00,1053.0,1054.0,1052.0,1054.0,796.0,1500699.0,1500658.0
2026-07-15 21:51:00,1054.0,1054.0,1052.0,1053.0,1080.0,1500658.0,1500520.0
2026-07-15 21:52:00,1053.0,1054.0,1052.0,1052.0,780.0,1500520.0,1500375.0
2026-07-15 21:53:00,1052.0,1053.0,1052.0,1053.0,346.0,1500375.0,1500457.0
2026-07-15 21:54:00,1053.0,1054.0,1052.0,1054.0,655.0,1500457.0,1500312.0
2026-07-15 21:55:00,1054.0,1054.0,1052.0,1053.0,901.0,1500312.0,1500209.0
2026-07-15 21:56:00,1053.0,1053.0,1052.0,1053.0,346.0,1500209.0,1500206.0
2026-07-15 21:57:00,1053.0,1053.0,1052.0,1053.0,215.0,1500206.0,1500299.0
2026-07-15 21:58:00,1053.0,1053.0,1052.0,1052.0,2790.0,1500299.0,1500392.0
2026-07-15 21:59:00,1052.0,1053.0,1052.0,1053.0,88.0,1500392.0,1500370.0
2026-07-15 22:00:00,1053.0,1053.0,1052.0,1053.0,217.0,1500370.0,1500389.0
2026-07-15 22:01:00,1053.0,1053.0,1052.0,1053.0,433.0,1500389.0,1500416.0
2026-07-15 22:02:00,1053.0,1053.0,1052.0,1052.0,131.0,1500416.0,1500365.0
2026-07-15 22:03:00,1052.0,1053.0,1052.0,1053.0,283.0,1500365.0,1500281.0
2026-07-15 22:04:00,1053.0,1053.0,1051.0,1052.0,1367.0,1500281.0,1500269.0
2026-07-15 22:05:00,1052.0,1053.0,1051.0,1051.0,1802.0,1500269.0,1500437.0
2026-07-15 22:06:00,1051.0,1052.0,1051.0,1052.0,699.0,1500437.0,1500771.0
2026-07-15 22:07:00,1052.0,1052.0,1051.0,1052.0,285.0,1500771.0,1500930.0
2026-07-15 22:08:00,1052.0,1052.0,1051.0,1052.0,97.0,1500930.0,1500961.0
2026-07-15 22:09:00,1052.0,1052.0,1051.0,1051.0,205.0,1500961.0,1501057.0
2026-07-15 22:10:00,1051.0,1052.0,1051.0,1051.0,187.0,1501057.0,1501090.0
2026-07-15 22:11:00,1051.0,1053.0,1051.0,1052.0,3438.0,1501090.0,1501260.0
2026-07-15 22:12:00,1052.0,1052.0,1051.0,1052.0,193.0,1501260.0,1501321.0
2026-07-15 22:13:00,1052.0,1052.0,1051.0,1051.0,81.0,1501321.0,1501345.0
2026-07-15 22:14:00,1051.0,1052.0,1051.0,1052.0,162.0,1501345.0,1501358.0
2026-07-15 22:15:00,1052.0,1052.0,1051.0,1052.0,1355.0,1501358.0,1501055.0
2026-07-15 22:16:00,1052.0,1052.0,1051.0,1052.0,198.0,1501055.0,1501081.0
2026-07-15 22:17:00,1052.0,1052.0,1051.0,1051.0,289.0,1501081.0,1501115.0
2026-07-15 22:18:00,1051.0,1052.0,1051.0,1052.0,124.0,1501115.0,1501051.0
2026-07-15 22:19:00,1052.0,1052.0,1051.0,1051.0,178.0,1501051.0,1501120.0
2026-07-15 22:20:00,1051.0,1052.0,1050.0,1050.0,5752.0,1501120.0,1501740.0
2026-07-15 22:21:00,1050.0,1052.0,1050.0,1052.0,4361.0,1501740.0,1501640.0
2026-07-15 22:22:00,1052.0,1052.0,1051.0,1051.0,327.0,1501640.0,1501613.0
2026-07-15 22:23:00,1051.0,1052.0,1051.0,1051.0,549.0,1501613.0,1501341.0
2026-07-15 22:24:00,1051.0,1052.0,1051.0,1051.0,191.0,1501341.0,1501365.0
2026-07-15 22:25:00,1051.0,1052.0,1051.0,1051.0,136.0,1501365.0,1501421.0
2026-07-15 22:26:00,1051.0,1052.0,1051.0,1051.0,516.0,1501421.0,1501693.0
2026-07-15 22:27:00,1051.0,1052.0,1051.0,1052.0,394.0,1501693.0,1501642.0
2026-07-15 22:28:00,1052.0,1052.0,1051.0,1052.0,241.0,1501642.0,1501622.0
2026-07-15 22:29:00,1052.0,1052.0,1051.0,1051.0,160.0,1501622.0,1501577.0
2026-07-15 22:30:00,1051.0,1052.0,1050.0,1051.0,2112.0,1501577.0,1501642.0
2026-07-15 22:31:00,1051.0,1051.0,1050.0,1050.0,961.0,1501642.0,1502008.0
2026-07-15 22:32:00,1050.0,1051.0,1050.0,1050.0,472.0,1502008.0,1502126.0
2026-07-15 22:33:00,1050.0,1051.0,1050.0,1050.0,1317.0,1502126.0,1501856.0
2026-07-15 22:34:00,1050.0,1051.0,1050.0,1051.0,1815.0,1501856.0,1501857.0
2026-07-15 22:35:00,1051.0,1051.0,1050.0,1051.0,168.0,1501857.0,1501959.0
2026-07-15 22:36:00,1051.0,1051.0,1049.0,1050.0,3314.0,1501959.0,1503003.0
2026-07-15 22:37:00,1050.0,1050.0,1049.0,1049.0,2774.0,1503003.0,1503086.0
2026-07-15 22:38:00,1049.0,1050.0,1049.0,1050.0,1978.0,1503086.0,1503505.0
2026-07-15 22:39:00,1050.0,1050.0,1049.0,1050.0,421.0,1503505.0,1503640.0
2026-07-15 22:40:00,1050.0,1050.0,1048.0,1048.0,7832.0,1503640.0,1506223.0
2026-07-15 22:41:00,1048.0,1050.0,1048.0,1050.0,3506.0,1506223.0,1505423.0
2026-07-15 22:42:00,1050.0,1050.0,1049.0,1050.0,460.0,1505423.0,1505308.0
2026-07-15 22:43:00,1050.0,1050.0,1049.0,1050.0,320.0,1505308.0,1505349.0
2026-07-15 22:44:00,1050.0,1050.0,1049.0,1050.0,544.0,1505349.0,1505255.0
2026-07-15 22:45:00,1050.0,1050.0,1049.0,1050.0,319.0,1505255.0,1505036.0
2026-07-15 22:46:00,1050.0,1050.0,1049.0,1049.0,942.0,1505036.0,1504736.0
2026-07-15 22:47:00,1049.0,1050.0,1049.0,1049.0,436.0,1504736.0,1504508.0
2026-07-15 22:48:00,1049.0,1050.0,1049.0,1049.0,3144.0,1504508.0,1504423.0
2026-07-15 22:49:00,1049.0,1050.0,1049.0,1050.0,329.0,1504423.0,1504347.0
2026-07-15 22:50:00,1050.0,1050.0,1049.0,1050.0,370.0,1504347.0,1504364.0
2026-07-15 22:51:00,1050.0,1050.0,1049.0,1050.0,550.0,1504364.0,1504441.0
2026-07-15 22:52:00,1050.0,1050.0,1049.0,1049.0,369.0,1504441.0,1504342.0
2026-07-15 22:53:00,1049.0,1050.0,1049.0,1049.0,500.0,1504342.0,1504332.0
2026-07-15 22:54:00,1049.0,1050.0,1049.0,1050.0,4281.0,1504332.0,1504052.0
2026-07-15 22:55:00,1050.0,1050.0,1049.0,1049.0,434.0,1504052.0,1504019.0
2026-07-15 22:56:00,1049.0,1050.0,1049.0,1050.0,477.0,1504019.0,1503848.0
2026-07-15 22:57:00,1050.0,1050.0,1049.0,1049.0,305.0,1503848.0,1503803.0
2026-07-15 22:58:00,1049.0,1050.0,1049.0,1050.0,1333.0,1503803.0,1503412.0
2026-07-15 22:59:00,1050.0,1050.0,1049.0,1050.0,3888.0,1503412.0,1502426.0
2026-07-16 09:00:00,1050.0,1050.0,1048.0,1050.0,3580.0,1502426.0,1502188.0
2026-07-16 09:01:00,1050.0,1050.0,1048.0,1048.0,4436.0,1502188.0,1501648.0
2026-07-16 09:02:00,1048.0,1049.0,1048.0,1048.0,1904.0,1501648.0,1501105.0
2026-07-16 09:03:00,1048.0,1050.0,1048.0,1049.0,4063.0,1501105.0,1501196.0
2026-07-16 09:04:00,1049.0,1049.0,1048.0,1049.0,1572.0,1501196.0,1501013.0
2026-07-16 09:05:00,1049.0,1049.0,1044.0,1045.0,17658.0,1501013.0,1502154.0
2026-07-16 09:06:00,1045.0,1047.0,1045.0,1047.0,5331.0,1502154.0,1502993.0
2026-07-16 09:07:00,1047.0,1047.0,1046.0,1046.0,1027.0,1502993.0,1503478.0
2026-07-16 09:08:00,1046.0,1047.0,1046.0,1047.0,1154.0,1503478.0,1503685.0
2026-07-16 09:09:00,1047.0,1047.0,1045.0,1046.0,4775.0,1503685.0,1504779.0
2026-07-16 09:10:00,1046.0,1047.0,1045.0,1046.0,2931.0,1504779.0,1505744.0
2026-07-16 09:11:00,1046.0,1046.0,1045.0,1046.0,1532.0,1505744.0,1506083.0
2026-07-16 09:12:00,1046.0,1046.0,1044.0,1044.0,6131.0,1506083.0,1507368.0
2026-07-16 09:13:00,1044.0,1046.0,1044.0,1045.0,6378.0,1507368.0,1507631.0
2026-07-16 09:14:00,1045.0,1047.0,1045.0,1047.0,3826.0,1507631.0,1507644.0
2026-07-16 09:15:00,1047.0,1047.0,1045.0,1046.0,3114.0,1507644.0,1507343.0
2026-07-16 09:16:00,1046.0,1047.0,1045.0,1046.0,1964.0,1507343.0,1507140.0
2026-07-16 09:17:00,1046.0,1047.0,1045.0,1046.0,3266.0,1507140.0,1507170.0
2026-07-16 09:18:00,1046.0,1047.0,1045.0,1046.0,1715.0,1507170.0,1507120.0
2026-07-16 09:19:00,1046.0,1047.0,1045.0,1046.0,953.0,1507120.0,1507142.0
2026-07-16 09:20:00,1046.0,1047.0,1046.0,1047.0,1030.0,1507142.0,1506751.0
2026-07-16 09:21:00,1047.0,1047.0,1046.0,1046.0,497.0,1506751.0,1506871.0
2026-07-16 09:22:00,1046.0,1047.0,1046.0,1047.0,558.0,1506871.0,1506867.0
2026-07-16 09:23:00,1047.0,1047.0,1045.0,1046.0,3768.0,1506867.0,1507134.0
2026-07-16 09:24:00,1046.0,1046.0,1045.0,1046.0,614.0,1507134.0,1507378.0
2026-07-16 09:25:00,1046.0,1046.0,1044.0,1045.0,4906.0,1507378.0,1508654.0
2026-07-16 09:26:00,1045.0,1046.0,1044.0,1044.0,1232.0,1508654.0,1508640.0
2026-07-16 09:27:00,1044.0,1046.0,1044.0,1045.0,3410.0,1508640.0,1508010.0
2026-07-16 09:28:00,1045.0,1046.0,1045.0,1045.0,1132.0,1508010.0,1507660.0
2026-07-16 09:29:00,1045.0,1046.0,1044.0,1045.0,3012.0,1507660.0,1508298.0
2026-07-16 09:30:00,1045.0,1046.0,1044.0,1045.0,1774.0,1508298.0,1508163.0
2026-07-16 09:31:00,1045.0,1045.0,1044.0,1045.0,2182.0,1508163.0,1508313.0
2026-07-16 09:32:00,1045.0,1045.0,1044.0,1044.0,526.0,1508313.0,1508433.0
2026-07-16 09:33:00,1044.0,1045.0,1044.0,1044.0,3590.0,1508433.0,1508817.0
2026-07-16 09:34:00,1044.0,1045.0,1042.0,1043.0,4870.0,1508817.0,1508458.0
2026-07-16 09:35:00,1043.0,1044.0,1042.0,1043.0,6325.0,1508458.0,1507971.0
2026-07-16 09:36:00,1043.0,1044.0,1042.0,1042.0,4710.0,1507971.0,1508288.0
2026-07-16 09:37:00,1042.0,1043.0,1041.0,1041.0,4132.0,1508288.0,1510373.0
2026-07-16 09:38:00,1041.0,1042.0,1041.0,1041.0,3069.0,1510373.0,1510144.0
2026-07-16 09:39:00,1041.0,1042.0,1041.0,1042.0,4407.0,1510144.0,1510955.0
2026-07-16 09:40:00,1042.0,1042.0,1040.0,1041.0,4917.0,1510955.0,1510656.0
2026-07-16 09:41:00,1041.0,1041.0,1040.0,1040.0,3943.0,1510656.0,1511246.0
2026-07-16 09:42:00,1040.0,1041.0,1039.0,1039.0,5756.0,1511246.0,1511407.0
2026-07-16 09:43:00,1039.0,1041.0,1039.0,1040.0,6440.0,1511407.0,1510581.0
2026-07-16 09:44:00,1040.0,1041.0,1040.0,1041.0,1348.0,1510581.0,1510251.0
2026-07-16 09:45:00,1041.0,1042.0,1040.0,1041.0,4826.0,1510251.0,1511178.0
2026-07-16 09:46:00,1041.0,1041.0,1040.0,1041.0,1165.0,1511178.0,1511235.0
2026-07-16 09:47:00,1041.0,1041.0,1039.0,1040.0,6656.0,1511235.0,1512397.0
2026-07-16 09:48:00,1040.0,1042.0,1040.0,1042.0,3692.0,1512397.0,1511548.0
2026-07-16 09:49:00,1042.0,1043.0,1041.0,1042.0,5150.0,1511548.0,1510802.0
2026-07-16 09:50:00,1042.0,1043.0,1042.0,1042.0,1285.0,1510802.0,1510652.0
2026-07-16 09:51:00,1042.0,1043.0,1041.0,1042.0,2520.0,1510652.0,1511180.0
2026-07-16 09:52:00,1042.0,1042.0,1041.0,1041.0,444.0,1511180.0,1511143.0
2026-07-16 09:53:00,1041.0,1042.0,1040.0,1041.0,2940.0,1511143.0,1511800.0
2026-07-16 09:54:00,1041.0,1043.0,1041.0,1042.0,2247.0,1511800.0,1511114.0
2026-07-16 09:55:00,1042.0,1042.0,1041.0,1042.0,1914.0,1511114.0,1510511.0
2026-07-16 09:56:00,1042.0,1043.0,1042.0,1043.0,1143.0,1510511.0,1510433.0
2026-07-16 09:57:00,1043.0,1043.0,1042.0,1042.0,2179.0,1510433.0,1510600.0
2026-07-16 09:58:00,1042.0,1043.0,1042.0,1042.0,1835.0,1510600.0,1510447.0
2026-07-16 09:59:00,1042.0,1043.0,1042.0,1042.0,495.0,1510447.0,1510538.0
2026-07-16 10:00:00,1042.0,1043.0,1042.0,1042.0,656.0,1510538.0,1510630.0
2026-07-16 10:01:00,1042.0,1043.0,1042.0,1042.0,519.0,1510630.0,1510760.0
2026-07-16 10:02:00,1042.0,1043.0,1042.0,1042.0,1722.0,1510760.0,1511157.0
2026-07-16 10:03:00,1042.0,1043.0,1041.0,1042.0,726.0,1511157.0,1511029.0
2026-07-16 10:04:00,1042.0,1042.0,1041.0,1042.0,706.0,1511029.0,1511075.0
2026-07-16 10:05:00,1042.0,1042.0,1040.0,1041.0,1935.0,1511075.0,1511683.0
2026-07-16 10:06:00,1041.0,1041.0,1040.0,1041.0,1715.0,1511683.0,1511815.0
2026-07-16 10:07:00,1041.0,1041.0,1040.0,1041.0,873.0,1511815.0,1511864.0
2026-07-16 10:08:00,1041.0,1042.0,1040.0,1041.0,1899.0,1511864.0,1511152.0
2026-07-16 10:09:00,1041.0,1042.0,1041.0,1042.0,327.0,1511152.0,1511255.0
2026-07-16 10:10:00,1042.0,1043.0,1041.0,1042.0,1773.0,1511255.0,1510654.0
2026-07-16 10:11:00,1042.0,1042.0,1041.0,1041.0,990.0,1510654.0,1510654.0
2026-07-16 10:12:00,1041.0,1042.0,1041.0,1042.0,296.0,1510654.0,1510684.0
2026-07-16 10:13:00,1042.0,1042.0,1040.0,1040.0,1997.0,1510684.0,1511186.0
2026-07-16 10:14:00,1040.0,1042.0,1040.0,1042.0,2661.0,1511186.0,1510756.0
2026-07-16 10:30:00,1041.0,1042.0,1040.0,1041.0,1895.0,1510756.0,1510540.0
2026-07-16 10:31:00,1041.0,1042.0,1041.0,1041.0,644.0,1510540.0,1510385.0
2026-07-16 10:32:00,1041.0,1042.0,1040.0,1041.0,1308.0,1510385.0,1510708.0
2026-07-16 10:33:00,1041.0,1042.0,1041.0,1042.0,496.0,1510708.0,1510555.0
2026-07-16 10:34:00,1042.0,1042.0,1041.0,1041.0,490.0,1510555.0,1510624.0
2026-07-16 10:35:00,1041.0,1042.0,1040.0,1041.0,1054.0,1510624.0,1510511.0
2026-07-16 10:36:00,1041.0,1042.0,1040.0,1041.0,559.0,1510511.0,1510479.0
2026-07-16 10:37:00,1041.0,1042.0,1041.0,1042.0,430.0,1510479.0,1510658.0
2026-07-16 10:38:00,1042.0,1042.0,1041.0,1042.0,159.0,1510658.0,1510653.0
2026-07-16 10:39:00,1042.0,1042.0,1040.0,1040.0,1232.0,1510653.0,1511051.0
2026-07-16 10:40:00,1040.0,1042.0,1040.0,1041.0,1555.0,1511051.0,1511473.0
2026-07-16 10:41:00,1041.0,1042.0,1040.0,1041.0,722.0,1511473.0,1511569.0
2026-07-16 10:42:00,1041.0,1042.0,1040.0,1040.0,722.0,1511569.0,1511751.0
2026-07-16 10:43:00,1040.0,1042.0,1040.0,1042.0,1702.0,1511751.0,1511242.0
2026-07-16 10:44:00,1042.0,1042.0,1041.0,1041.0,484.0,1511242.0,1511076.0
2026-07-16 10:45:00,1041.0,1042.0,1041.0,1042.0,391.0,1511076.0,1511026.0
2026-07-16 10:46:00,1042.0,1042.0,1040.0,1041.0,1600.0,1511026.0,1511346.0
2026-07-16 10:47:00,1041.0,1042.0,1041.0,1042.0,536.0,1511346.0,1511311.0
2026-07-16 10:48:00,1042.0,1042.0,1041.0,1041.0,339.0,1511311.0,1511284.0
2026-07-16 10:49:00,1041.0,1042.0,1041.0,1041.0,301.0,1511284.0,1511209.0
2026-07-16 10:50:00,1041.0,1042.0,1041.0,1042.0,4965.0,1511209.0,1511081.0
2026-07-16 10:51:00,1042.0,1043.0,1041.0,1042.0,1346.0,1511081.0,1510446.0
2026-07-16 10:52:00,1042.0,1042.0,1041.0,1042.0,274.0,1510446.0,1510394.0
2026-07-16 10:53:00,1042.0,1042.0,1041.0,1042.0,285.0,1510394.0,1510356.0
2026-07-16 10:54:00,1042.0,1042.0,1041.0,1041.0,199.0,1510356.0,1510333.0
2026-07-16 10:55:00,1041.0,1042.0,1040.0,1042.0,3146.0,1510333.0,1510438.0
2026-07-16 10:56:00,1042.0,1042.0,1041.0,1041.0,281.0,1510438.0,1510360.0
2026-07-16 10:57:00,1041.0,1042.0,1041.0,1042.0,292.0,1510360.0,1510343.0
2026-07-16 10:58:00,1042.0,1042.0,1041.0,1042.0,241.0,1510343.0,1510268.0
2026-07-16 10:59:00,1042.0,1042.0,1041.0,1042.0,607.0,1510268.0,1510100.0
2026-07-16 11:00:00,1042.0,1042.0,1041.0,1041.0,309.0,1510100.0,1510060.0
2026-07-16 11:01:00,1041.0,1042.0,1041.0,1042.0,659.0,1510060.0,1510012.0
2026-07-16 11:02:00,1042.0,1042.0,1040.0,1041.0,2008.0,1510012.0,1510285.0
2026-07-16 11:03:00,1041.0,1042.0,1040.0,1041.0,1492.0,1510285.0,1510527.0
2026-07-16 11:04:00,1041.0,1042.0,1040.0,1040.0,1103.0,1510527.0,1510938.0
2026-07-16 11:05:00,1040.0,1042.0,1040.0,1040.0,1225.0,1510938.0,1510982.0
2026-07-16 11:06:00,1040.0,1042.0,1040.0,1042.0,2258.0,1510982.0,1510686.0
2026-07-16 11:07:00,1042.0,1042.0,1041.0,1041.0,926.0,1510686.0,1510307.0
2026-07-16 11:08:00,1041.0,1042.0,1041.0,1041.0,245.0,1510307.0,1510212.0
2026-07-16 11:09:00,1041.0,1042.0,1041.0,1042.0,210.0,1510212.0,1510112.0
2026-07-16 11:10:00,1042.0,1042.0,1041.0,1042.0,753.0,1510112.0,1510046.0
2026-07-16 11:11:00,1042.0,1042.0,1041.0,1042.0,486.0,1510046.0,1510207.0
2026-07-16 11:12:00,1042.0,1042.0,1040.0,1041.0,3627.0,1510207.0,1510150.0
2026-07-16 11:13:00,1041.0,1041.0,1040.0,1041.0,837.0,1510150.0,1510090.0
2026-07-16 11:14:00,1041.0,1041.0,1040.0,1041.0,166.0,1510090.0,1510012.0
2026-07-16 11:15:00,1041.0,1041.0,1040.0,1040.0,784.0,1510012.0,1510041.0
2026-07-16 11:16:00,1040.0,1041.0,1039.0,1040.0,5392.0,1510041.0,1511526.0
2026-07-16 11:17:00,1040.0,1041.0,1039.0,1041.0,3335.0,1511526.0,1511132.0
2026-07-16 11:18:00,1041.0,1041.0,1040.0,1040.0,290.0,1511132.0,1511049.0
2026-07-16 11:19:00,1040.0,1041.0,1040.0,1041.0,297.0,1511049.0,1510984.0
2026-07-16 11:20:00,1041.0,1041.0,1040.0,1040.0,455.0,1510984.0,1510996.0
2026-07-16 11:21:00,1040.0,1041.0,1040.0,1041.0,494.0,1510996.0,1510893.0
2026-07-16 11:22:00,1041.0,1041.0,1040.0,1040.0,936.0,1510893.0,1510845.0
2026-07-16 11:23:00,1040.0,1041.0,1040.0,1040.0,817.0,1510845.0,1510798.0
2026-07-16 11:24:00,1040.0,1041.0,1039.0,1040.0,2007.0,1510798.0,1511009.0
2026-07-16 11:25:00,1040.0,1040.0,1038.0,1039.0,5481.0,1511009.0,1510517.0
2026-07-16 11:26:00,1039.0,1040.0,1038.0,1039.0,1705.0,1510517.0,1510611.0
2026-07-16 11:27:00,1039.0,1039.0,1038.0,1039.0,2077.0,1510611.0,1511195.0
2026-07-16 11:28:00,1039.0,1040.0,1038.0,1039.0,1915.0,1511195.0,1510625.0
2026-07-16 11:29:00,1039.0,1040.0,1038.0,1039.0,1815.0,1510625.0,1510386.0
2026-07-16 13:30:00,1039.0,1040.0,1038.0,1038.0,2427.0,1510386.0,1510858.0
2026-07-16 13:31:00,1038.0,1039.0,1038.0,1039.0,2856.0,1510858.0,1511294.0
2026-07-16 13:32:00,1039.0,1039.0,1037.0,1038.0,3803.0,1511294.0,1512773.0
2026-07-16 13:33:00,1038.0,1038.0,1037.0,1037.0,3684.0,1512773.0,1513196.0
2026-07-16 13:34:00,1037.0,1039.0,1037.0,1038.0,4173.0,1513196.0,1513561.0
2026-07-16 13:35:00,1038.0,1039.0,1037.0,1038.0,2747.0,1513561.0,1513206.0
2026-07-16 13:36:00,1038.0,1039.0,1037.0,1038.0,1588.0,1513206.0,1513326.0
2026-07-16 13:37:00,1038.0,1038.0,1037.0,1037.0,1608.0,1513326.0,1513372.0
2026-07-16 13:38:00,1037.0,1039.0,1037.0,1039.0,1385.0,1513372.0,1513388.0
2026-07-16 13:39:00,1039.0,1039.0,1037.0,1038.0,2121.0,1513388.0,1513678.0
2026-07-16 13:40:00,1038.0,1038.0,1037.0,1037.0,1142.0,1513678.0,1513802.0
2026-07-16 13:41:00,1037.0,1038.0,1037.0,1038.0,1478.0,1513802.0,1513808.0
2026-07-16 13:42:00,1038.0,1038.0,1037.0,1037.0,880.0,1513808.0,1514083.0
2026-07-16 13:43:00,1037.0,1038.0,1037.0,1038.0,1067.0,1514083.0,1513961.0
2026-07-16 13:44:00,1038.0,1039.0,1037.0,1038.0,4647.0,1513961.0,1513807.0
2026-07-16 13:45:00,1038.0,1041.0,1038.0,1041.0,8288.0,1513807.0,1512014.0
2026-07-16 13:46:00,1041.0,1041.0,1040.0,1041.0,3467.0,1512014.0,1511316.0
2026-07-16 13:47:00,1041.0,1042.0,1039.0,1041.0,6783.0,1511316.0,1509034.0
2026-07-16 13:48:00,1041.0,1042.0,1040.0,1041.0,2252.0,1509034.0,1508476.0
2026-07-16 13:49:00,1041.0,1042.0,1041.0,1042.0,1070.0,1508476.0,1508276.0
2026-07-16 13:50:00,1042.0,1042.0,1040.0,1040.0,4582.0,1508276.0,1509022.0
2026-07-16 13:51:00,1040.0,1041.0,1039.0,1039.0,2325.0,1509022.0,1509435.0
2026-07-16 13:52:00,1039.0,1041.0,1039.0,1040.0,1360.0,1509435.0,1509446.0
2026-07-16 13:53:00,1040.0,1041.0,1040.0,1041.0,471.0,1509446.0,1509438.0
2026-07-16 13:54:00,1041.0,1041.0,1039.0,1040.0,2555.0,1509438.0,1508965.0
2026-07-16 13:55:00,1040.0,1040.0,1039.0,1039.0,2390.0,1508965.0,1509180.0
2026-07-16 13:56:00,1039.0,1040.0,1038.0,1040.0,4085.0,1509180.0,1509142.0
2026-07-16 13:57:00,1040.0,1040.0,1037.0,1038.0,4870.0,1509142.0,1510434.0
2026-07-16 13:58:00,1038.0,1038.0,1037.0,1038.0,982.0,1510434.0,1510834.0
2026-07-16 13:59:00,1038.0,1038.0,1037.0,1037.0,1723.0,1510834.0,1510862.0
2026-07-16 14:00:00,1037.0,1038.0,1036.0,1037.0,6112.0,1510862.0,1511999.0
2026-07-16 14:01:00,1037.0,1037.0,1036.0,1036.0,2914.0,1511999.0,1513147.0
2026-07-16 14:02:00,1036.0,1037.0,1036.0,1037.0,1186.0,1513147.0,1513510.0
2026-07-16 14:03:00,1037.0,1037.0,1035.0,1036.0,10347.0,1513510.0,1514016.0
2026-07-16 14:04:00,1036.0,1036.0,1035.0,1035.0,1802.0,1514016.0,1514209.0
2026-07-16 14:05:00,1035.0,1036.0,1035.0,1035.0,2431.0,1514209.0,1514869.0
2026-07-16 14:06:00,1035.0,1036.0,1034.0,1034.0,4071.0,1514869.0,1516087.0
2026-07-16 14:07:00,1034.0,1036.0,1034.0,1036.0,4826.0,1516087.0,1515313.0
2026-07-16 14:08:00,1036.0,1036.0,1035.0,1036.0,2986.0,1515313.0,1515491.0
2026-07-16 14:09:00,1036.0,1036.0,1035.0,1035.0,1403.0,1515491.0,1515470.0
2026-07-16 14:10:00,1035.0,1036.0,1035.0,1035.0,1486.0,1515470.0,1515563.0
2026-07-16 14:11:00,1035.0,1036.0,1034.0,1035.0,3638.0,1515563.0,1516110.0
2026-07-16 14:12:00,1035.0,1035.0,1034.0,1035.0,1107.0,1516110.0,1516073.0
2026-07-16 14:13:00,1035.0,1035.0,1034.0,1035.0,1353.0,1516073.0,1516226.0
2026-07-16 14:14:00,1035.0,1035.0,1033.0,1033.0,6977.0,1516226.0,1516235.0
2026-07-16 14:15:00,1033.0,1036.0,1033.0,1036.0,5320.0,1516235.0,1516467.0
2026-07-16 14:16:00,1036.0,1036.0,1034.0,1035.0,1799.0,1516467.0,1516894.0
2026-07-16 14:17:00,1035.0,1036.0,1034.0,1035.0,3441.0,1516894.0,1516580.0
2026-07-16 14:18:00,1035.0,1036.0,1034.0,1035.0,2086.0,1516580.0,1515800.0
2026-07-16 14:19:00,1035.0,1036.0,1035.0,1036.0,2207.0,1515800.0,1515270.0
2026-07-16 14:20:00,1036.0,1037.0,1035.0,1035.0,6394.0,1515270.0,1513791.0
2026-07-16 14:21:00,1035.0,1036.0,1034.0,1035.0,3235.0,1513791.0,1513826.0
2026-07-16 14:22:00,1035.0,1036.0,1032.0,1033.0,9466.0,1513826.0,1513909.0
2026-07-16 14:23:00,1033.0,1034.0,1033.0,1033.0,1622.0,1513909.0,1513689.0
2026-07-16 14:24:00,1033.0,1035.0,1033.0,1034.0,4131.0,1513689.0,1514080.0
2026-07-16 14:25:00,1034.0,1034.0,1033.0,1034.0,1107.0,1514080.0,1514466.0
2026-07-16 14:26:00,1034.0,1034.0,1033.0,1034.0,1056.0,1514466.0,1514429.0
2026-07-16 14:27:00,1034.0,1034.0,1033.0,1033.0,980.0,1514429.0,1514244.0
2026-07-16 14:28:00,1033.0,1034.0,1033.0,1034.0,3219.0,1514244.0,1514005.0
2026-07-16 14:29:00,1034.0,1035.0,1034.0,1034.0,4292.0,1514005.0,1512972.0
2026-07-16 14:30:00,1034.0,1034.0,1033.0,1033.0,1067.0,1512972.0,1513114.0
2026-07-16 14:31:00,1033.0,1034.0,1032.0,1032.0,3070.0,1513114.0,1513714.0
2026-07-16 14:32:00,1032.0,1033.0,1032.0,1033.0,1862.0,1513714.0,1513829.0
2026-07-16 14:33:00,1033.0,1033.0,1031.0,1032.0,6331.0,1513829.0,1512880.0
2026-07-16 14:34:00,1032.0,1032.0,1030.0,1031.0,10226.0,1512880.0,1511256.0
2026-07-16 14:35:00,1031.0,1032.0,1031.0,1032.0,3699.0,1511256.0,1510250.0
2026-07-16 14:36:00,1032.0,1032.0,1031.0,1032.0,1761.0,1510250.0,1510660.0
2026-07-16 14:37:00,1032.0,1032.0,1030.0,1031.0,5013.0,1510660.0,1511040.0
2026-07-16 14:38:00,1031.0,1032.0,1031.0,1031.0,1360.0,1511040.0,1510958.0
2026-07-16 14:39:00,1031.0,1032.0,1030.0,1030.0,3926.0,1510958.0,1511243.0
2026-07-16 14:40:00,1030.0,1032.0,1030.0,1032.0,2960.0,1511243.0,1510609.0
2026-07-16 14:41:00,1032.0,1032.0,1031.0,1031.0,1067.0,1510609.0,1510430.0
2026-07-16 14:42:00,1031.0,1032.0,1031.0,1032.0,1220.0,1510430.0,1510345.0
2026-07-16 14:43:00,1032.0,1032.0,1031.0,1032.0,3797.0,1510345.0,1510263.0
2026-07-16 14:44:00,1032.0,1032.0,1030.0,1031.0,5329.0,1510263.0,1509950.0
2026-07-16 14:45:00,1031.0,1032.0,1031.0,1032.0,923.0,1509950.0,1509820.0
2026-07-16 14:46:00,1032.0,1034.0,1031.0,1034.0,9387.0,1509820.0,1505898.0
2026-07-16 14:47:00,1034.0,1035.0,1033.0,1035.0,3502.0,1505898.0,1505009.0
2026-07-16 14:48:00,1035.0,1035.0,1034.0,1034.0,2336.0,1505009.0,1504575.0
2026-07-16 14:49:00,1034.0,1035.0,1034.0,1035.0,2617.0,1504575.0,1502963.0
2026-07-16 14:50:00,1035.0,1035.0,1034.0,1034.0,1469.0,1502963.0,1502180.0
2026-07-16 14:51:00,1034.0,1035.0,1033.0,1033.0,3790.0,1502180.0,1501538.0
2026-07-16 14:52:00,1033.0,1034.0,1032.0,1033.0,2534.0,1501538.0,1500809.0
2026-07-16 14:53:00,1033.0,1034.0,1032.0,1034.0,4103.0,1500809.0,1498866.0
2026-07-16 14:54:00,1034.0,1034.0,1033.0,1034.0,1151.0,1498866.0,1498353.0
2026-07-16 14:55:00,1034.0,1034.0,1033.0,1033.0,1747.0,1498353.0,1497771.0
2026-07-16 14:56:00,1033.0,1035.0,1033.0,1035.0,3214.0,1497771.0,1496142.0
2026-07-16 14:57:00,1035.0,1035.0,1033.0,1033.0,3708.0,1496142.0,1494965.0
2026-07-16 14:58:00,1033.0,1034.0,1033.0,1033.0,2493.0,1494965.0,1494244.0
2026-07-16 14:59:00,1033.0,1034.0,1033.0,1034.0,6687.0,1494244.0,1491231.0
2026-07-16 21:00:00,1035.0,1035.0,1032.0,1033.0,12852.0,1491231.0,1490651.0
2026-07-16 21:01:00,1033.0,1034.0,1031.0,1032.0,8246.0,1490651.0,1490218.0
2026-07-16 21:02:00,1032.0,1033.0,1031.0,1031.0,7111.0,1490218.0,1491144.0
2026-07-16 21:03:00,1031.0,1032.0,1030.0,1030.0,9799.0,1491144.0,1492479.0
2026-07-16 21:04:00,1030.0,1031.0,1028.0,1030.0,11658.0,1492479.0,1492278.0
2026-07-16 21:05:00,1030.0,1030.0,1027.0,1027.0,8160.0,1492278.0,1494361.0
2026-07-16 21:06:00,1027.0,1028.0,1026.0,1027.0,5751.0,1494361.0,1495937.0
2026-07-16 21:07:00,1027.0,1027.0,1025.0,1025.0,13910.0,1495937.0,1498213.0
2026-07-16 21:08:00,1025.0,1027.0,1025.0,1026.0,4916.0,1498213.0,1499337.0
2026-07-16 21:09:00,1026.0,1027.0,1026.0,1027.0,2406.0,1499337.0,1499449.0
2026-07-16 21:10:00,1027.0,1027.0,1025.0,1026.0,7830.0,1499449.0,1501527.0
2026-07-16 21:11:00,1026.0,1027.0,1026.0,1027.0,2467.0,1501527.0,1501598.0
2026-07-16 21:12:00,1027.0,1028.0,1026.0,1027.0,3494.0,1501598.0,1502132.0
2026-07-16 21:13:00,1027.0,1029.0,1027.0,1028.0,4404.0,1502132.0,1501977.0
2026-07-16 21:14:00,1028.0,1030.0,1027.0,1029.0,5446.0,1501977.0,1501683.0
2026-07-16 21:15:00,1029.0,1030.0,1029.0,1029.0,1887.0,1501683.0,1501597.0
2026-07-16 21:16:00,1029.0,1030.0,1028.0,1028.0,6774.0,1501597.0,1500846.0
2026-07-16 21:17:00,1028.0,1029.0,1028.0,1028.0,10757.0,1500846.0,1498543.0
2026-07-16 21:18:00,1028.0,1029.0,1026.0,1027.0,3233.0,1498543.0,1499758.0
2026-07-16 21:19:00,1027.0,1027.0,1024.0,1026.0,9019.0,1499758.0,1499733.0
2026-07-16 21:20:00,1026.0,1027.0,1025.0,1025.0,2421.0,1499733.0,1499026.0
2026-07-16 21:21:00,1025.0,1026.0,1024.0,1024.0,7566.0,1499026.0,1501649.0
2026-07-16 21:22:00,1024.0,1024.0,1022.0,1024.0,8576.0,1501649.0,1502081.0
2026-07-16 21:23:00,1024.0,1024.0,1023.0,1024.0,4436.0,1502081.0,1501874.0
2026-07-16 21:24:00,1024.0,1024.0,1022.0,1023.0,10301.0,1501874.0,1502336.0
2026-07-16 21:25:00,1023.0,1024.0,1022.0,1023.0,5186.0,1502336.0,1502826.0
2026-07-16 21:26:00,1023.0,1024.0,1023.0,1024.0,2122.0,1502826.0,1502710.0
2026-07-16 21:27:00,1024.0,1025.0,1023.0,1025.0,4399.0,1502710.0,1502377.0
2026-07-16 21:28:00,1025.0,1026.0,1024.0,1026.0,4299.0,1502377.0,1501255.0
2026-07-16 21:29:00,1026.0,1026.0,1024.0,1025.0,2560.0,1501255.0,1501587.0
2026-07-16 21:30:00,1025.0,1025.0,1024.0,1024.0,949.0,1501587.0,1501771.0
2026-07-16 21:31:00,1024.0,1025.0,1024.0,1025.0,574.0,1501771.0,1501760.0
2026-07-16 21:32:00,1025.0,1025.0,1024.0,1025.0,1001.0,1501760.0,1501685.0
2026-07-16 21:33:00,1025.0,1025.0,1023.0,1023.0,2645.0,1501685.0,1503001.0
2026-07-16 21:34:00,1023.0,1024.0,1023.0,1023.0,984.0,1503001.0,1503129.0
2026-07-16 21:35:00,1023.0,1025.0,1023.0,1025.0,2661.0,1503129.0,1502519.0
2026-07-16 21:36:00,1025.0,1025.0,1024.0,1024.0,3573.0,1502519.0,1503798.0
2026-07-16 21:37:00,1024.0,1025.0,1024.0,1025.0,972.0,1503798.0,1504122.0
2026-07-16 21:38:00,1025.0,1025.0,1023.0,1024.0,2102.0,1504122.0,1504436.0
2026-07-16 21:39:00,1024.0,1025.0,1024.0,1024.0,2354.0,1504436.0,1504461.0
2026-07-16 21:40:00,1024.0,1025.0,1023.0,1024.0,1127.0,1504461.0,1504631.0
2026-07-16 21:41:00,1024.0,1024.0,1023.0,1024.0,912.0,1504631.0,1504442.0
2026-07-16 21:42:00,1024.0,1024.0,1023.0,1023.0,809.0,1504442.0,1504691.0
2026-07-16 21:43:00,1023.0,1024.0,1023.0,1024.0,655.0,1504691.0,1504953.0
2026-07-16 21:44:00,1024.0,1024.0,1023.0,1024.0,890.0,1504953.0,1505174.0
2026-07-16 21:45:00,1024.0,1024.0,1023.0,1023.0,1103.0,1505174.0,1505224.0
2026-07-16 21:46:00,1023.0,1024.0,1023.0,1023.0,837.0,1505224.0,1505261.0
2026-07-16 21:47:00,1023.0,1024.0,1023.0,1023.0,1266.0,1505261.0,1505648.0
2026-07-16 21:48:00,1023.0,1024.0,1023.0,1024.0,762.0,1505648.0,1505819.0
2026-07-16 21:49:00,1024.0,1024.0,1022.0,1023.0,4918.0,1505819.0,1506994.0
2026-07-16 21:50:00,1023.0,1023.0,1021.0,1022.0,5369.0,1506994.0,1505858.0
2026-07-16 21:51:00,1022.0,1023.0,1022.0,1022.0,916.0,1505858.0,1505904.0
2026-07-16 21:52:00,1022.0,1023.0,1022.0,1022.0,2150.0,1505904.0,1506812.0
2026-07-16 21:53:00,1022.0,1024.0,1022.0,1023.0,3179.0,1506812.0,1506813.0
2026-07-16 21:54:00,1023.0,1024.0,1022.0,1023.0,1529.0,1506813.0,1506904.0
2026-07-16 21:55:00,1023.0,1023.0,1022.0,1023.0,932.0,1506904.0,1506888.0
2026-07-16 21:56:00,1023.0,1024.0,1022.0,1023.0,1434.0,1506888.0,1506827.0
2026-07-16 21:57:00,1023.0,1023.0,1022.0,1022.0,703.0,1506827.0,1507012.0
2026-07-16 21:58:00,1022.0,1023.0,1022.0,1023.0,340.0,1507012.0,1507137.0
2026-07-16 21:59:00,1023.0,1024.0,1022.0,1023.0,1708.0,1507137.0,1506757.0
2026-07-16 22:00:00,1023.0,1024.0,1023.0,1023.0,1145.0,1506757.0,1506668.0
2026-07-16 22:01:00,1023.0,1024.0,1022.0,1023.0,2059.0,1506668.0,1506634.0
2026-07-16 22:02:00,1023.0,1024.0,1022.0,1023.0,1912.0,1506634.0,1506281.0
2026-07-16 22:03:00,1023.0,1024.0,1023.0,1024.0,900.0,1506281.0,1506039.0
2026-07-16 22:04:00,1024.0,1024.0,1023.0,1023.0,475.0,1506039.0,1506066.0
2026-07-16 22:05:00,1023.0,1024.0,1023.0,1024.0,473.0,1506066.0,1506038.0
2026-07-16 22:06:00,1024.0,1025.0,1023.0,1024.0,3701.0,1506038.0,1505933.0
2026-07-16 22:07:00,1024.0,1024.0,1023.0,1024.0,766.0,1505933.0,1506005.0
2026-07-16 22:08:00,1024.0,1024.0,1023.0,1023.0,3174.0,1506005.0,1506343.0
2026-07-16 22:09:00,1023.0,1024.0,1022.0,1023.0,2491.0,1506343.0,1506252.0
2026-07-16 22:10:00,1023.0,1023.0,1022.0,1022.0,1798.0,1506252.0,1506444.0
2026-07-16 22:11:00,1022.0,1023.0,1022.0,1023.0,977.0,1506444.0,1506690.0
2026-07-16 22:12:00,1023.0,1023.0,1022.0,1022.0,388.0,1506690.0,1506704.0
2026-07-16 22:13:00,1022.0,1023.0,1022.0,1023.0,1201.0,1506704.0,1507243.0
2026-07-16 22:14:00,1023.0,1023.0,1022.0,1022.0,262.0,1507243.0,1507283.0
2026-07-16 22:15:00,1022.0,1023.0,1022.0,1023.0,977.0,1507283.0,1507017.0
2026-07-16 22:16:00,1023.0,1023.0,1022.0,1022.0,350.0,1507017.0,1507123.0
2026-07-16 22:17:00,1022.0,1023.0,1022.0,1022.0,484.0,1507123.0,1507091.0
2026-07-16 22:18:00,1022.0,1024.0,1022.0,1024.0,4583.0,1507091.0,1507173.0
2026-07-16 22:19:00,1024.0,1024.0,1023.0,1024.0,204.0,1507173.0,1507282.0
2026-07-16 22:20:00,1024.0,1024.0,1023.0,1023.0,329.0,1507282.0,1507298.0
2026-07-16 22:21:00,1023.0,1024.0,1023.0,1023.0,111.0,1507298.0,1507326.0
2026-07-16 22:22:00,1023.0,1024.0,1023.0,1023.0,391.0,1507326.0,1507280.0
2026-07-16 22:23:00,1023.0,1024.0,1023.0,1023.0,211.0,1507280.0,1507315.0
2026-07-16 22:24:00,1023.0,1024.0,1023.0,1023.0,324.0,1507315.0,1507415.0
2026-07-16 22:25:00,1023.0,1024.0,1023.0,1024.0,1346.0,1507415.0,1506962.0
2026-07-16 22:26:00,1024.0,1024.0,1022.0,1022.0,2015.0,1506962.0,1507883.0
2026-07-16 22:27:00,1022.0,1023.0,1022.0,1022.0,273.0,1507883.0,1507912.0
2026-07-16 22:28:00,1022.0,1023.0,1022.0,1022.0,207.0,1507912.0,1507902.0
2026-07-16 22:29:00,1022.0,1023.0,1021.0,1021.0,3594.0,1507902.0,1509436.0
2026-07-16 22:30:00,1021.0,1022.0,1021.0,1022.0,1021.0,1509436.0,1509707.0
2026-07-16 22:31:00,1022.0,1022.0,1021.0,1021.0,2048.0,1509707.0,1509859.0
2026-07-16 22:32:00,1021.0,1022.0,1020.0,1021.0,9665.0,1509859.0,1509382.0
2026-07-16 22:33:00,1021.0,1022.0,1020.0,1021.0,1613.0,1509382.0,1509790.0
2026-07-16 22:34:00,1021.0,1021.0,1020.0,1021.0,4443.0,1509790.0,1510248.0
2026-07-16 22:35:00,1021.0,1021.0,1020.0,1021.0,2276.0,1510248.0,1511142.0
2026-07-16 22:36:00,1021.0,1021.0,1020.0,1021.0,700.0,1511142.0,1511316.0
2026-07-16 22:37:00,1021.0,1021.0,1020.0,1021.0,585.0,1511316.0,1511403.0
2026-07-16 22:38:00,1021.0,1021.0,1020.0,1020.0,611.0,1511403.0,1511463.0
2026-07-16 22:39:00,1020.0,1021.0,1020.0,1020.0,912.0,1511463.0,1511658.0
2026-07-16 22:40:00,1020.0,1021.0,1020.0,1021.0,398.0,1511658.0,1511715.0
2026-07-16 22:41:00,1021.0,1021.0,1019.0,1021.0,10856.0,1511715.0,1510284.0
2026-07-16 22:42:00,1021.0,1021.0,1020.0,1021.0,645.0,1510284.0,1510383.0
2026-07-16 22:43:00,1021.0,1021.0,1020.0,1021.0,1139.0,1510383.0,1510333.0
2026-07-16 22:44:00,1021.0,1022.0,1020.0,1021.0,3590.0,1510333.0,1509089.0
2026-07-16 22:45:00,1021.0,1022.0,1021.0,1022.0,1381.0,1509089.0,1509092.0
2026-07-16 22:46:00,1022.0,1023.0,1021.0,1022.0,4141.0,1509092.0,1509052.0
2026-07-16 22:47:00,1022.0,1023.0,1021.0,1022.0,2698.0,1509052.0,1509071.0
2026-07-16 22:48:00,1022.0,1022.0,1021.0,1022.0,588.0,1509071.0,1508797.0
2026-07-16 22:49:00,1022.0,1022.0,1021.0,1022.0,280.0,1508797.0,1508862.0
2026-07-16 22:50:00,1022.0,1022.0,1021.0,1022.0,358.0,1508862.0,1508971.0
2026-07-16 22:51:00,1022.0,1022.0,1021.0,1022.0,538.0,1508971.0,1509086.0
2026-07-16 22:52:00,1022.0,1022.0,1021.0,1022.0,1050.0,1509086.0,1509058.0
2026-07-16 22:53:00,1022.0,1022.0,1021.0,1022.0,468.0,1509058.0,1508925.0
2026-07-16 22:54:00,1022.0,1022.0,1021.0,1022.0,489.0,1508925.0,1508790.0
2026-07-16 22:55:00,1022.0,1022.0,1021.0,1022.0,707.0,1508790.0,1508979.0
2026-07-16 22:56:00,1022.0,1023.0,1021.0,1022.0,6435.0,1508979.0,1507406.0
2026-07-16 22:57:00,1022.0,1022.0,1021.0,1022.0,4427.0,1507406.0,1505982.0
2026-07-16 22:58:00,1022.0,1022.0,1021.0,1022.0,1061.0,1505982.0,1506298.0
2026-07-16 22:59:00,1022.0,1022.0,1020.0,1021.0,4941.0,1506298.0,1504825.0
2026-07-17 09:00:00,1021.0,1021.0,1019.0,1020.0,8419.0,1504825.0,1504942.0
2026-07-17 09:01:00,1020.0,1021.0,1019.0,1020.0,4009.0,1504942.0,1504811.0
2026-07-17 09:02:00,1020.0,1021.0,1020.0,1021.0,3320.0,1504811.0,1504957.0
2026-07-17 09:03:00,1021.0,1021.0,1019.0,1019.0,6134.0,1504957.0,1505874.0
2026-07-17 09:04:00,1019.0,1021.0,1019.0,1020.0,2804.0,1505874.0,1506076.0
2026-07-17 09:05:00,1020.0,1020.0,1017.0,1019.0,17181.0,1506076.0,1506899.0
2026-07-17 09:06:00,1019.0,1021.0,1019.0,1020.0,5691.0,1506899.0,1506976.0
2026-07-17 09:07:00,1020.0,1022.0,1020.0,1022.0,3913.0,1506976.0,1506441.0
2026-07-17 09:08:00,1022.0,1022.0,1021.0,1021.0,4558.0,1506441.0,1506414.0
2026-07-17 09:09:00,1021.0,1022.0,1021.0,1021.0,1010.0,1506414.0,1506193.0
2026-07-17 09:10:00,1021.0,1022.0,1020.0,1020.0,2051.0,1506193.0,1505859.0
2026-07-17 09:11:00,1020.0,1021.0,1020.0,1020.0,1076.0,1505859.0,1505990.0
2026-07-17 09:12:00,1020.0,1021.0,1019.0,1020.0,3892.0,1505990.0,1506975.0
2026-07-17 09:13:00,1020.0,1020.0,1018.0,1018.0,4005.0,1506975.0,1506838.0
2026-07-17 09:14:00,1018.0,1019.0,1018.0,1018.0,3986.0,1506838.0,1508118.0
2026-07-17 09:15:00,1018.0,1018.0,1016.0,1016.0,9744.0,1508118.0,1507914.0
2026-07-17 09:16:00,1016.0,1018.0,1016.0,1017.0,9808.0,1507914.0,1508260.0
2026-07-17 09:17:00,1017.0,1018.0,1016.0,1016.0,3555.0,1508260.0,1509643.0
2026-07-17 09:18:00,1016.0,1018.0,1016.0,1017.0,6175.0,1509643.0,1509450.0
2026-07-17 09:19:00,1017.0,1017.0,1016.0,1016.0,4401.0,1509450.0,1510488.0
2026-07-17 09:20:00,1016.0,1017.0,1015.0,1015.0,8317.0,1510488.0,1510428.0
2026-07-17 09:21:00,1015.0,1017.0,1015.0,1016.0,5269.0,1510428.0,1510502.0
2026-07-17 09:22:00,1016.0,1017.0,1016.0,1016.0,1492.0,1510502.0,1510541.0
2026-07-17 09:23:00,1016.0,1017.0,1014.0,1014.0,8302.0,1510541.0,1512039.0
2026-07-17 09:24:00,1014.0,1015.0,1013.0,1014.0,12783.0,1512039.0,1508837.0
2026-07-17 09:25:00,1014.0,1016.0,1014.0,1015.0,12085.0,1508837.0,1509214.0
2026-07-17 09:26:00,1015.0,1017.0,1015.0,1016.0,7727.0,1509214.0,1508559.0
2026-07-17 09:27:00,1016.0,1017.0,1015.0,1017.0,3980.0,1508559.0,1508328.0
2026-07-17 09:28:00,1017.0,1018.0,1016.0,1018.0,6516.0,1508328.0,1508233.0
2026-07-17 09:29:00,1018.0,1018.0,1017.0,1017.0,878.0,1508233.0,1508455.0
2026-07-17 09:30:00,1017.0,1020.0,1017.0,1020.0,6289.0,1508455.0,1507388.0
2026-07-17 09:31:00,1020.0,1022.0,1019.0,1021.0,11772.0,1507388.0,1503821.0
2026-07-17 09:32:00,1021.0,1022.0,1020.0,1020.0,4033.0,1503821.0,1503355.0
2026-07-17 09:33:00,1020.0,1021.0,1019.0,1019.0,7548.0,1503355.0,1502972.0
2026-07-17 09:34:00,1019.0,1020.0,1018.0,1019.0,1983.0,1502972.0,1503338.0
2026-07-17 09:35:00,1019.0,1020.0,1018.0,1020.0,1386.0,1503338.0,1502999.0
2026-07-17 09:36:00,1020.0,1020.0,1019.0,1019.0,830.0,1502999.0,1502911.0
2026-07-17 09:37:00,1019.0,1022.0,1019.0,1022.0,5703.0,1502911.0,1502323.0
2026-07-17 09:38:00,1022.0,1023.0,1021.0,1023.0,7274.0,1502323.0,1499033.0
2026-07-17 09:39:00,1023.0,1023.0,1021.0,1022.0,2189.0,1499033.0,1498512.0
2026-07-17 09:40:00,1022.0,1024.0,1021.0,1023.0,7971.0,1498512.0,1495723.0
2026-07-17 09:41:00,1023.0,1024.0,1023.0,1023.0,2646.0,1495723.0,1494883.0
2026-07-17 09:42:00,1023.0,1025.0,1023.0,1025.0,6283.0,1494883.0,1491577.0
2026-07-17 09:43:00,1025.0,1027.0,1024.0,1027.0,15540.0,1491577.0,1486953.0
2026-07-17 09:44:00,1027.0,1027.0,1025.0,1026.0,11000.0,1486953.0,1484616.0
2026-07-17 09:45:00,1026.0,1026.0,1024.0,1026.0,4520.0,1484616.0,1484159.0
2026-07-17 09:46:00,1026.0,1026.0,1025.0,1025.0,1355.0,1484159.0,1484262.0
2026-07-17 09:47:00,1025.0,1026.0,1024.0,1025.0,3237.0,1484262.0,1483467.0
2026-07-17 09:48:00,1025.0,1026.0,1025.0,1025.0,2461.0,1483467.0,1482868.0
2026-07-17 09:49:00,1025.0,1027.0,1025.0,1025.0,5669.0,1482868.0,1482126.0
2026-07-17 09:50:00,1025.0,1026.0,1025.0,1025.0,1493.0,1482126.0,1481627.0
2026-07-17 09:51:00,1025.0,1027.0,1025.0,1026.0,5014.0,1481627.0,1480870.0
2026-07-17 09:52:00,1026.0,1026.0,1025.0,1025.0,1040.0,1480870.0,1480294.0
2026-07-17 09:53:00,1025.0,1029.0,1025.0,1028.0,13001.0,1480294.0,1477362.0
2026-07-17 09:54:00,1028.0,1029.0,1027.0,1028.0,5592.0,1477362.0,1475507.0
2026-07-17 09:55:00,1028.0,1028.0,1026.0,1026.0,6163.0,1475507.0,1474747.0
2026-07-17 09:56:00,1026.0,1027.0,1025.0,1026.0,3914.0,1474747.0,1474293.0
2026-07-17 09:57:00,1026.0,1027.0,1025.0,1027.0,1026.0,1474293.0,1474116.0
2026-07-17 09:58:00,1027.0,1027.0,1026.0,1027.0,771.0,1474116.0,1473994.0
2026-07-17 09:59:00,1027.0,1027.0,1025.0,1025.0,3106.0,1473994.0,1472822.0
2026-07-17 10:00:00,1025.0,1026.0,1024.0,1024.0,3588.0,1472822.0,1471385.0
2026-07-17 10:01:00,1024.0,1025.0,1024.0,1024.0,2673.0,1471385.0,1470539.0
2026-07-17 10:02:00,1024.0,1025.0,1024.0,1025.0,2092.0,1470539.0,1469687.0
2026-07-17 10:03:00,1025.0,1025.0,1024.0,1024.0,1050.0,1469687.0,1469630.0
2026-07-17 10:04:00,1024.0,1025.0,1024.0,1024.0,761.0,1469630.0,1469641.0
2026-07-17 10:05:00,1024.0,1025.0,1023.0,1023.0,2564.0,1469641.0,1469928.0
2026-07-17 10:06:00,1023.0,1024.0,1023.0,1023.0,3069.0,1469928.0,1469454.0
2026-07-17 10:07:00,1023.0,1024.0,1023.0,1023.0,1735.0,1469454.0,1469491.0
2026-07-17 10:08:00,1023.0,1024.0,1023.0,1024.0,3019.0,1469491.0,1469588.0
2026-07-17 10:09:00,1024.0,1024.0,1023.0,1023.0,584.0,1469588.0,1469712.0
2026-07-17 10:10:00,1023.0,1024.0,1022.0,1022.0,2487.0,1469712.0,1469126.0
2026-07-17 10:11:00,1022.0,1023.0,1022.0,1022.0,2269.0,1469126.0,1469111.0
2026-07-17 10:12:00,1022.0,1022.0,1021.0,1022.0,1673.0,1469111.0,1469043.0
2026-07-17 10:13:00,1022.0,1022.0,1021.0,1021.0,961.0,1469043.0,1468891.0
2026-07-17 10:14:00,1021.0,1023.0,1021.0,1023.0,3438.0,1468891.0,1467553.0
2026-07-17 10:30:00,1023.0,1024.0,1021.0,1021.0,4622.0,1467553.0,1466751.0
2026-07-17 10:31:00,1021.0,1023.0,1020.0,1023.0,4491.0,1466751.0,1466853.0
2026-07-17 10:32:00,1023.0,1023.0,1020.0,1021.0,2969.0,1466853.0,1466777.0
2026-07-17 10:33:00,1021.0,1022.0,1021.0,1022.0,577.0,1466777.0,1466860.0
2026-07-17 10:34:00,1022.0,1022.0,1020.0,1021.0,1989.0,1466860.0,1466699.0
2026-07-17 10:35:00,1021.0,1021.0,1020.0,1020.0,836.0,1466699.0,1466843.0
2026-07-17 10:36:00,1020.0,1021.0,1019.0,1020.0,2849.0,1466843.0,1466962.0
2026-07-17 10:37:00,1020.0,1020.0,1019.0,1019.0,3598.0,1466962.0,1466323.0
2026-07-17 10:38:00,1019.0,1020.0,1019.0,1019.0,677.0,1466323.0,1466244.0
2026-07-17 10:39:00,1019.0,1020.0,1018.0,1019.0,3285.0,1466244.0,1466726.0
2026-07-17 10:40:00,1019.0,1019.0,1018.0,1018.0,1141.0,1466726.0,1467016.0
2026-07-17 10:41:00,1018.0,1019.0,1018.0,1018.0,569.0,1467016.0,1467015.0
2026-07-17 10:42:00,1018.0,1019.0,1018.0,1018.0,599.0,1467015.0,1467018.0
2026-07-17 10:43:00,1018.0,1019.0,1018.0,1019.0,738.0,1467018.0,1466820.0
2026-07-17 10:44:00,1019.0,1019.0,1018.0,1019.0,789.0,1466820.0,1466809.0
2026-07-17 10:45:00,1019.0,1019.0,1018.0,1018.0,3361.0,1466809.0,1467275.0
2026-07-17 10:46:00,1018.0,1019.0,1017.0,1017.0,3221.0,1467275.0,1466799.0
2026-07-17 10:47:00,1017.0,1018.0,1017.0,1017.0,2776.0,1466799.0,1466272.0
2026-07-17 10:48:00,1017.0,1018.0,1017.0,1017.0,2105.0,1466272.0,1466217.0
2026-07-17 10:49:00,1017.0,1018.0,1015.0,1015.0,4953.0,1466217.0,1465972.0
2026-07-17 10:50:00,1015.0,1016.0,1015.0,1016.0,2512.0,1465972.0,1466291.0
2026-07-17 10:51:00,1016.0,1016.0,1015.0,1015.0,1835.0,1466291.0,1466143.0
2026-07-17 10:52:00,1015.0,1017.0,1015.0,1016.0,5868.0,1466143.0,1465634.0
2026-07-17 10:53:00,1016.0,1017.0,1015.0,1017.0,4208.0,1465634.0,1466884.0
2026-07-17 10:54:00,1017.0,1017.0,1016.0,1017.0,2217.0,1466884.0,1467412.0
2026-07-17 10:55:00,1017.0,1017.0,1015.0,1015.0,5563.0,1467412.0,1468226.0
2026-07-17 10:56:00,1015.0,1017.0,1015.0,1017.0,2626.0,1468226.0,1467736.0
2026-07-17 10:57:00,1017.0,1017.0,1015.0,1016.0,2813.0,1467736.0,1468589.0
2026-07-17 10:58:00,1016.0,1017.0,1015.0,1017.0,2067.0,1468589.0,1468148.0
2026-07-17 10:59:00,1017.0,1017.0,1015.0,1016.0,2733.0,1468148.0,1468610.0
2026-07-17 11:00:00,1016.0,1016.0,1014.0,1015.0,5851.0,1468610.0,1468427.0
2026-07-17 11:01:00,1015.0,1015.0,1012.0,1013.0,8610.0,1468427.0,1469339.0
2026-07-17 11:02:00,1013.0,1015.0,1012.0,1015.0,7617.0,1469339.0,1468908.0
2026-07-17 11:03:00,1015.0,1015.0,1014.0,1015.0,1275.0,1468908.0,1468999.0
2026-07-17 11:04:00,1015.0,1015.0,1014.0,1014.0,1091.0,1468999.0,1469254.0
2026-07-17 11:05:00,1014.0,1016.0,1014.0,1015.0,4602.0,1469254.0,1470455.0
2026-07-17 11:06:00,1015.0,1015.0,1013.0,1014.0,3764.0,1470455.0,1471714.0
2026-07-17 11:07:00,1014.0,1015.0,1013.0,1013.0,1694.0,1471714.0,1472220.0
2026-07-17 11:08:00,1013.0,1015.0,1013.0,1015.0,1594.0,1472220.0,1472056.0
2026-07-17 11:09:00,1015.0,1015.0,1013.0,1014.0,1774.0,1472056.0,1472259.0
2026-07-17 11:10:00,1014.0,1016.0,1014.0,1015.0,2931.0,1472259.0,1472617.0
2026-07-17 11:11:00,1015.0,1016.0,1014.0,1014.0,2138.0,1472617.0,1472747.0
2026-07-17 11:12:00,1014.0,1015.0,1014.0,1014.0,1105.0,1472747.0,1472371.0
2026-07-17 11:13:00,1014.0,1016.0,1014.0,1016.0,1593.0,1472371.0,1471862.0
2026-07-17 11:14:00,1016.0,1016.0,1014.0,1014.0,2893.0,1471862.0,1473225.0
2026-07-17 11:15:00,1014.0,1016.0,1014.0,1016.0,1842.0,1473225.0,1473645.0
2026-07-17 11:16:00,1016.0,1016.0,1015.0,1015.0,866.0,1473645.0,1473675.0
2026-07-17 11:17:00,1015.0,1016.0,1014.0,1016.0,2496.0,1473675.0,1473518.0
2026-07-17 11:18:00,1016.0,1016.0,1015.0,1016.0,582.0,1473518.0,1473573.0
2026-07-17 11:19:00,1016.0,1016.0,1015.0,1015.0,456.0,1473573.0,1473611.0
2026-07-17 11:20:00,1015.0,1016.0,1014.0,1014.0,1899.0,1473611.0,1473998.0
2026-07-17 11:21:00,1014.0,1015.0,1014.0,1014.0,874.0,1473998.0,1473874.0
2026-07-17 11:22:00,1014.0,1015.0,1014.0,1014.0,482.0,1473874.0,1473850.0
2026-07-17 11:23:00,1014.0,1015.0,1014.0,1015.0,2465.0,1473850.0,1473533.0
2026-07-17 11:24:00,1015.0,1016.0,1015.0,1016.0,480.0,1473533.0,1473512.0
2026-07-17 11:25:00,1016.0,1016.0,1015.0,1015.0,745.0,1473512.0,1473120.0
2026-07-17 11:26:00,1015.0,1016.0,1015.0,1015.0,547.0,1473120.0,1472926.0
2026-07-17 11:27:00,1015.0,1016.0,1015.0,1015.0,1921.0,1472926.0,1473062.0
2026-07-17 11:28:00,1015.0,1016.0,1014.0,1015.0,2200.0,1473062.0,1472808.0
2026-07-17 11:29:00,1015.0,1015.0,1014.0,1015.0,1511.0,1472808.0,1472694.0
2026-07-17 13:30:00,1014.0,1015.0,1013.0,1014.0,11655.0,1472694.0,1474496.0
2026-07-17 13:31:00,1014.0,1015.0,1014.0,1014.0,3043.0,1474496.0,1474270.0
2026-07-17 13:32:00,1014.0,1017.0,1014.0,1016.0,5469.0,1474270.0,1472556.0
2026-07-17 13:33:00,1016.0,1017.0,1015.0,1016.0,2821.0,1472556.0,1472771.0
2026-07-17 13:34:00,1016.0,1019.0,1015.0,1017.0,7156.0,1472771.0,1471362.0
2026-07-17 13:35:00,1017.0,1019.0,1017.0,1018.0,4142.0,1471362.0,1470357.0
2026-07-17 13:36:00,1018.0,1019.0,1017.0,1017.0,3025.0,1470357.0,1470201.0
2026-07-17 13:37:00,1017.0,1018.0,1016.0,1016.0,3255.0,1470201.0,1470554.0
2026-07-17 13:38:00,1016.0,1017.0,1015.0,1015.0,2180.0,1470554.0,1470685.0
2026-07-17 13:39:00,1015.0,1016.0,1015.0,1015.0,1558.0,1470685.0,1470911.0
2026-07-17 13:40:00,1015.0,1016.0,1015.0,1015.0,2138.0,1470911.0,1470180.0
2026-07-17 13:41:00,1015.0,1015.0,1014.0,1015.0,4249.0,1470180.0,1469652.0
2026-07-17 13:42:00,1015.0,1016.0,1015.0,1015.0,1062.0,1469652.0,1469508.0
2026-07-17 13:43:00,1015.0,1017.0,1015.0,1016.0,2047.0,1469508.0,1469739.0
2026-07-17 13:44:00,1016.0,1017.0,1015.0,1015.0,1963.0,1469739.0,1469882.0
2026-07-17 13:45:00,1015.0,1016.0,1015.0,1016.0,866.0,1469882.0,1469929.0
2026-07-17 13:46:00,1016.0,1016.0,1015.0,1015.0,1685.0,1469929.0,1469956.0
2026-07-17 13:47:00,1015.0,1019.0,1015.0,1018.0,6576.0,1469956.0,1470299.0
2026-07-17 13:48:00,1018.0,1021.0,1018.0,1021.0,9316.0,1470299.0,1469170.0
2026-07-17 13:49:00,1021.0,1021.0,1019.0,1019.0,4231.0,1469170.0,1469864.0
2026-07-17 13:50:00,1019.0,1020.0,1019.0,1020.0,1316.0,1469864.0,1470008.0
2026-07-17 13:51:00,1020.0,1020.0,1018.0,1018.0,3599.0,1470008.0,1469708.0
2026-07-17 13:52:00,1018.0,1020.0,1018.0,1019.0,1605.0,1469708.0,1469289.0
2026-07-17 13:53:00,1019.0,1020.0,1017.0,1017.0,2923.0,1469289.0,1469036.0
2026-07-17 13:54:00,1017.0,1019.0,1017.0,1018.0,1600.0,1469036.0,1469076.0
2026-07-17 13:55:00,1018.0,1019.0,1017.0,1018.0,773.0,1469076.0,1469030.0
2026-07-17 13:56:00,1018.0,1018.0,1017.0,1017.0,513.0,1469030.0,1469138.0
2026-07-17 13:57:00,1017.0,1018.0,1016.0,1016.0,2298.0,1469138.0,1469706.0
2026-07-17 13:58:00,1016.0,1019.0,1016.0,1018.0,2873.0,1469706.0,1469283.0
2026-07-17 13:59:00,1018.0,1019.0,1017.0,1018.0,2077.0,1469283.0,1469391.0
2026-07-17 14:00:00,1018.0,1019.0,1017.0,1017.0,1762.0,1469391.0,1468998.0
2026-07-17 14:01:00,1017.0,1018.0,1016.0,1016.0,1937.0,1468998.0,1469314.0
2026-07-17 14:02:00,1016.0,1018.0,1016.0,1017.0,2126.0,1469314.0,1469585.0
2026-07-17 14:03:00,1017.0,1018.0,1017.0,1017.0,877.0,1469585.0,1469577.0
2026-07-17 14:04:00,1017.0,1018.0,1016.0,1017.0,2970.0,1469577.0,1469187.0
2026-07-17 14:05:00,1017.0,1018.0,1016.0,1016.0,919.0,1469187.0,1469225.0
2026-07-17 14:06:00,1016.0,1017.0,1015.0,1015.0,4736.0,1469225.0,1468993.0
2026-07-17 14:07:00,1015.0,1016.0,1015.0,1015.0,1403.0,1468993.0,1469441.0
2026-07-17 14:08:00,1015.0,1016.0,1015.0,1015.0,619.0,1469441.0,1469407.0
2026-07-17 14:09:00,1015.0,1016.0,1015.0,1016.0,1266.0,1469407.0,1469305.0
2026-07-17 14:10:00,1016.0,1016.0,1015.0,1015.0,1080.0,1469305.0,1469190.0
2026-07-17 14:11:00,1015.0,1016.0,1015.0,1015.0,1042.0,1469190.0,1469400.0
2026-07-17 14:12:00,1015.0,1016.0,1015.0,1015.0,1157.0,1469400.0,1469535.0
2026-07-17 14:13:00,1015.0,1016.0,1015.0,1015.0,1616.0,1469535.0,1468434.0
2026-07-17 14:14:00,1015.0,1016.0,1014.0,1015.0,2775.0,1468434.0,1468377.0
2026-07-17 14:15:00,1015.0,1016.0,1014.0,1014.0,6127.0,1468377.0,1466938.0
2026-07-17 14:16:00,1014.0,1015.0,1013.0,1014.0,2640.0,1466938.0,1466812.0
2026-07-17 14:17:00,1014.0,1014.0,1013.0,1014.0,1228.0,1466812.0,1466717.0
2026-07-17 14:18:00,1014.0,1015.0,1013.0,1014.0,2790.0,1466717.0,1467734.0
2026-07-17 14:19:00,1014.0,1015.0,1013.0,1013.0,2386.0,1467734.0,1467613.0
2026-07-17 14:20:00,1013.0,1014.0,1013.0,1014.0,905.0,1467613.0,1467568.0
2026-07-17 14:21:00,1014.0,1014.0,1013.0,1013.0,1106.0,1467568.0,1467593.0
2026-07-17 14:22:00,1013.0,1014.0,1013.0,1013.0,593.0,1467593.0,1467797.0
2026-07-17 14:23:00,1013.0,1014.0,1013.0,1014.0,748.0,1467797.0,1468050.0
2026-07-17 14:24:00,1014.0,1014.0,1013.0,1013.0,605.0,1468050.0,1467887.0
2026-07-17 14:25:00,1013.0,1014.0,1012.0,1012.0,5852.0,1467887.0,1468303.0
2026-07-17 14:26:00,1012.0,1014.0,1012.0,1013.0,3327.0,1468303.0,1467326.0
2026-07-17 14:27:00,1013.0,1014.0,1012.0,1013.0,2208.0,1467326.0,1466994.0
2026-07-17 14:28:00,1013.0,1013.0,1012.0,1012.0,1635.0,1466994.0,1467320.0
2026-07-17 14:29:00,1012.0,1013.0,1012.0,1013.0,1633.0,1467320.0,1467000.0
2026-07-17 14:30:00,1013.0,1013.0,1012.0,1012.0,2033.0,1467000.0,1467053.0
2026-07-17 14:31:00,1012.0,1013.0,1011.0,1011.0,4250.0,1467053.0,1466799.0
2026-07-17 14:32:00,1011.0,1013.0,1011.0,1012.0,3294.0,1466799.0,1466684.0
2026-07-17 14:33:00,1012.0,1013.0,1011.0,1012.0,3536.0,1466684.0,1466542.0
2026-07-17 14:34:00,1012.0,1012.0,1011.0,1011.0,1290.0,1466542.0,1466391.0
2026-07-17 14:35:00,1011.0,1012.0,1009.0,1011.0,12396.0,1466391.0,1465513.0
2026-07-17 14:36:00,1011.0,1011.0,1009.0,1010.0,3838.0,1465513.0,1465666.0
2026-07-17 14:37:00,1010.0,1011.0,1009.0,1010.0,4089.0,1465666.0,1466006.0
2026-07-17 14:38:00,1010.0,1012.0,1010.0,1012.0,5026.0,1466006.0,1465578.0
2026-07-17 14:39:00,1012.0,1012.0,1011.0,1012.0,1737.0,1465578.0,1465019.0
2026-07-17 14:40:00,1012.0,1012.0,1011.0,1011.0,1117.0,1465019.0,1464834.0
2026-07-17 14:41:00,1011.0,1012.0,1010.0,1010.0,2512.0,1464834.0,1464954.0
2026-07-17 14:42:00,1010.0,1012.0,1010.0,1010.0,4291.0,1464954.0,1464554.0
2026-07-17 14:43:00,1010.0,1011.0,1010.0,1010.0,3531.0,1464554.0,1464217.0
2026-07-17 14:44:00,1010.0,1011.0,1009.0,1010.0,4867.0,1464217.0,1463949.0
2026-07-17 14:45:00,1010.0,1010.0,1009.0,1010.0,3418.0,1463949.0,1463760.0
2026-07-17 14:46:00,1010.0,1011.0,1009.0,1010.0,2574.0,1463760.0,1462836.0
2026-07-17 14:47:00,1010.0,1011.0,1009.0,1010.0,2559.0,1462836.0,1462657.0
2026-07-17 14:48:00,1010.0,1010.0,1009.0,1010.0,4053.0,1462657.0,1460414.0
2026-07-17 14:49:00,1010.0,1011.0,1010.0,1010.0,2227.0,1460414.0,1459774.0
2026-07-17 14:50:00,1010.0,1011.0,1010.0,1011.0,2068.0,1459774.0,1459204.0
2026-07-17 14:51:00,1011.0,1011.0,1010.0,1010.0,2600.0,1459204.0,1457979.0
2026-07-17 14:52:00,1010.0,1011.0,1010.0,1010.0,1226.0,1457979.0,1457700.0
2026-07-17 14:53:00,1010.0,1011.0,1010.0,1011.0,2252.0,1457700.0,1457438.0
2026-07-17 14:54:00,1011.0,1011.0,1010.0,1010.0,1483.0,1457438.0,1457073.0
2026-07-17 14:55:00,1010.0,1011.0,1009.0,1010.0,5544.0,1457073.0,1455897.0
2026-07-17 14:56:00,1010.0,1010.0,1009.0,1009.0,3878.0,1455897.0,1455399.0
2026-07-17 14:57:00,1009.0,1010.0,1007.0,1008.0,9168.0,1455399.0,1455262.0
2026-07-17 14:58:00,1008.0,1009.0,1007.0,1007.0,7459.0,1455262.0,1453312.0
2026-07-17 14:59:00,1007.0,1008.0,1006.0,1007.0,18745.0,1453312.0,1449594.0
2026-07-17 21:00:00,1009.0,1014.0,1009.0,1012.0,35091.0,1449594.0,1445280.0
2026-07-17 21:01:00,1012.0,1013.0,1010.0,1012.0,13952.0,1445280.0,1445442.0
2026-07-17 21:02:00,1012.0,1013.0,1010.0,1010.0,11507.0,1445442.0,1446516.0
2026-07-17 21:03:00,1010.0,1011.0,1010.0,1010.0,6288.0,1446516.0,1447331.0
2026-07-17 21:04:00,1010.0,1012.0,1010.0,1011.0,7770.0,1447331.0,1448892.0
2026-07-17 21:05:00,1011.0,1012.0,1010.0,1012.0,4904.0,1448892.0,1448400.0
2026-07-17 21:06:00,1012.0,1013.0,1011.0,1012.0,4277.0,1448400.0,1447870.0
2026-07-17 21:07:00,1012.0,1013.0,1012.0,1012.0,4924.0,1447870.0,1447882.0
2026-07-17 21:08:00,1012.0,1013.0,1012.0,1012.0,1722.0,1447882.0,1447759.0
2026-07-17 21:09:00,1012.0,1013.0,1012.0,1013.0,4668.0,1447759.0,1447548.0
2026-07-17 21:10:00,1013.0,1013.0,1011.0,1013.0,2944.0,1447548.0,1447869.0
2026-07-17 21:11:00,1013.0,1014.0,1012.0,1013.0,4341.0,1447869.0,1447638.0
2026-07-17 21:12:00,1013.0,1014.0,1011.0,1011.0,7581.0,1447638.0,1447510.0
2026-07-17 21:13:00,1011.0,1013.0,1011.0,1011.0,5422.0,1447510.0,1449593.0
2026-07-17 21:14:00,1011.0,1012.0,1011.0,1011.0,1698.0,1449593.0,1449592.0
2026-07-17 21:15:00,1011.0,1012.0,1011.0,1012.0,1882.0,1449592.0,1449994.0
2026-07-17 21:16:00,1012.0,1012.0,1010.0,1011.0,3372.0,1449994.0,1449745.0
2026-07-17 21:17:00,1011.0,1012.0,1010.0,1010.0,2355.0,1449745.0,1449582.0
2026-07-17 21:18:00,1010.0,1012.0,1010.0,1011.0,2652.0,1449582.0,1449809.0
2026-07-17 21:19:00,1011.0,1012.0,1010.0,1011.0,1687.0,1449809.0,1450371.0
2026-07-17 21:20:00,1011.0,1012.0,1010.0,1012.0,3622.0,1450371.0,1451460.0
2026-07-17 21:21:00,1012.0,1012.0,1010.0,1011.0,1102.0,1451460.0,1451576.0
2026-07-17 21:22:00,1011.0,1012.0,1010.0,1011.0,1656.0,1451576.0,1451656.0
2026-07-17 21:23:00,1011.0,1012.0,1010.0,1011.0,1583.0,1451656.0,1451821.0
2026-07-17 21:24:00,1011.0,1011.0,1009.0,1009.0,4441.0,1451821.0,1452970.0
2026-07-17 21:25:00,1009.0,1011.0,1009.0,1009.0,3383.0,1452970.0,1452673.0
2026-07-17 21:26:00,1009.0,1010.0,1008.0,1009.0,3857.0,1452673.0,1453441.0
2026-07-17 21:27:00,1009.0,1010.0,1009.0,1009.0,3743.0,1453441.0,1455293.0
2026-07-17 21:28:00,1009.0,1010.0,1009.0,1009.0,2224.0,1455293.0,1456001.0
2026-07-17 21:29:00,1009.0,1010.0,1009.0,1009.0,1532.0,1456001.0,1455931.0
2026-07-17 21:30:00,1009.0,1011.0,1009.0,1010.0,4607.0,1455931.0,1456441.0
2026-07-17 21:31:00,1010.0,1012.0,1010.0,1011.0,2968.0,1456441.0,1457549.0
2026-07-17 21:32:00,1011.0,1011.0,1010.0,1011.0,1369.0,1457549.0,1457994.0
2026-07-17 21:33:00,1011.0,1012.0,1010.0,1011.0,2683.0,1457994.0,1457758.0
2026-07-17 21:34:00,1011.0,1011.0,1009.0,1010.0,3355.0,1457758.0,1456953.0
2026-07-17 21:35:00,1010.0,1011.0,1010.0,1011.0,742.0,1456953.0,1456659.0
2026-07-17 21:36:00,1011.0,1011.0,1010.0,1011.0,372.0,1456659.0,1456728.0
2026-07-17 21:37:00,1011.0,1011.0,1010.0,1011.0,403.0,1456728.0,1456509.0
2026-07-17 21:38:00,1011.0,1011.0,1010.0,1010.0,229.0,1456509.0,1456390.0
2026-07-17 21:39:00,1010.0,1011.0,1010.0,1011.0,659.0,1456390.0,1456211.0
2026-07-17 21:40:00,1011.0,1012.0,1010.0,1012.0,3173.0,1456211.0,1456715.0
2026-07-17 21:41:00,1012.0,1012.0,1011.0,1011.0,1133.0,1456715.0,1456994.0
2026-07-17 21:42:00,1011.0,1012.0,1011.0,1012.0,648.0,1456994.0,1457081.0
2026-07-17 21:43:00,1012.0,1012.0,1011.0,1011.0,529.0,1457081.0,1457018.0
2026-07-17 21:44:00,1011.0,1012.0,1011.0,1012.0,457.0,1457018.0,1456858.0
2026-07-17 21:45:00,1012.0,1012.0,1010.0,1011.0,3145.0,1456858.0,1456697.0
2026-07-17 21:46:00,1011.0,1012.0,1010.0,1011.0,2031.0,1456697.0,1455826.0
2026-07-17 21:47:00,1011.0,1012.0,1010.0,1011.0,1335.0,1455826.0,1456056.0
2026-07-17 21:48:00,1011.0,1012.0,1011.0,1012.0,655.0,1456056.0,1456069.0
2026-07-17 21:49:00,1012.0,1012.0,1011.0,1011.0,751.0,1456069.0,1456215.0
2026-07-17 21:50:00,1011.0,1013.0,1011.0,1013.0,3510.0,1456215.0,1455950.0
2026-07-17 21:51:00,1013.0,1013.0,1012.0,1013.0,1959.0,1455950.0,1455865.0
2026-07-17 21:52:00,1013.0,1013.0,1011.0,1012.0,2183.0,1455865.0,1455944.0
2026-07-17 21:53:00,1012.0,1013.0,1011.0,1012.0,960.0,1455944.0,1455780.0
2026-07-17 21:54:00,1012.0,1012.0,1011.0,1012.0,416.0,1455780.0,1455810.0
2026-07-17 21:55:00,1012.0,1012.0,1011.0,1012.0,504.0,1455810.0,1455630.0
2026-07-17 21:56:00,1012.0,1012.0,1011.0,1011.0,581.0,1455630.0,1455588.0
2026-07-17 21:57:00,1011.0,1013.0,1011.0,1013.0,1678.0,1455588.0,1455227.0
2026-07-17 21:58:00,1013.0,1013.0,1012.0,1013.0,1424.0,1455227.0,1454903.0
2026-07-17 21:59:00,1013.0,1014.0,1012.0,1014.0,4309.0,1454903.0,1454625.0
2026-07-17 22:00:00,1014.0,1014.0,1013.0,1014.0,3343.0,1454625.0,1454095.0
2026-07-17 22:01:00,1014.0,1014.0,1013.0,1014.0,1087.0,1454095.0,1453927.0
2026-07-17 22:02:00,1014.0,1014.0,1013.0,1014.0,1089.0,1453927.0,1453654.0
2026-07-17 22:03:00,1014.0,1014.0,1012.0,1013.0,3550.0,1453654.0,1454081.0
2026-07-17 22:04:00,1013.0,1014.0,1012.0,1014.0,1495.0,1454081.0,1454310.0
2026-07-17 22:05:00,1014.0,1014.0,1012.0,1013.0,1174.0,1454310.0,1454110.0
2026-07-17 22:06:00,1013.0,1013.0,1012.0,1012.0,402.0,1454110.0,1454106.0
2026-07-17 22:07:00,1012.0,1013.0,1012.0,1012.0,3267.0,1454106.0,1453720.0
2026-07-17 22:08:00,1012.0,1013.0,1012.0,1013.0,1134.0,1453720.0,1453817.0
2026-07-17 22:09:00,1013.0,1013.0,1012.0,1012.0,466.0,1453817.0,1453708.0
2026-07-17 22:10:00,1012.0,1013.0,1012.0,1013.0,376.0,1453708.0,1453606.0
2026-07-17 22:11:00,1013.0,1013.0,1012.0,1012.0,468.0,1453606.0,1453435.0
2026-07-17 22:12:00,1012.0,1013.0,1012.0,1013.0,2563.0,1453435.0,1453799.0
2026-07-17 22:13:00,1013.0,1013.0,1012.0,1012.0,312.0,1453799.0,1453801.0
2026-07-17 22:14:00,1012.0,1013.0,1012.0,1012.0,429.0,1453801.0,1453941.0
2026-07-17 22:15:00,1012.0,1013.0,1012.0,1013.0,260.0,1453941.0,1453932.0
2026-07-17 22:16:00,1013.0,1014.0,1012.0,1013.0,1823.0,1453932.0,1454103.0
2026-07-17 22:17:00,1013.0,1013.0,1012.0,1012.0,223.0,1454103.0,1454001.0
2026-07-17 22:18:00,1012.0,1013.0,1012.0,1013.0,279.0,1454001.0,1453920.0
2026-07-17 22:19:00,1013.0,1013.0,1012.0,1012.0,259.0,1453920.0,1453999.0
2026-07-17 22:20:00,1012.0,1013.0,1012.0,1012.0,313.0,1453999.0,1453931.0
2026-07-17 22:21:00,1012.0,1013.0,1012.0,1013.0,344.0,1453931.0,1453912.0
2026-07-17 22:22:00,1013.0,1015.0,1012.0,1014.0,4082.0,1453912.0,1453244.0
2026-07-17 22:23:00,1014.0,1015.0,1013.0,1015.0,3043.0,1453244.0,1452660.0
2026-07-17 22:24:00,1015.0,1015.0,1013.0,1015.0,3093.0,1452660.0,1452040.0
2026-07-17 22:25:00,1015.0,1015.0,1013.0,1013.0,1426.0,1452040.0,1451379.0
2026-07-17 22:26:00,1013.0,1014.0,1013.0,1013.0,462.0,1451379.0,1451436.0
2026-07-17 22:27:00,1013.0,1014.0,1013.0,1014.0,265.0,1451436.0,1451427.0
2026-07-17 22:28:00,1014.0,1014.0,1013.0,1014.0,443.0,1451427.0,1451218.0
2026-07-17 22:29:00,1014.0,1014.0,1013.0,1014.0,247.0,1451218.0,1451088.0
2026-07-17 22:30:00,1014.0,1014.0,1012.0,1012.0,2637.0,1451088.0,1451629.0
2026-07-17 22:31:00,1012.0,1013.0,1011.0,1012.0,4189.0,1451629.0,1449752.0
2026-07-17 22:32:00,1012.0,1013.0,1012.0,1013.0,304.0,1449752.0,1449778.0
2026-07-17 22:33:00,1013.0,1013.0,1012.0,1013.0,188.0,1449778.0,1449750.0
2026-07-17 22:34:00,1013.0,1013.0,1012.0,1013.0,194.0,1449750.0,1449670.0
2026-07-17 22:35:00,1013.0,1013.0,1012.0,1012.0,2265.0,1449670.0,1449117.0
2026-07-17 22:36:00,1012.0,1013.0,1012.0,1013.0,296.0,1449117.0,1449008.0
2026-07-17 22:37:00,1013.0,1013.0,1012.0,1013.0,187.0,1449008.0,1448897.0
2026-07-17 22:38:00,1013.0,1013.0,1012.0,1013.0,236.0,1448897.0,1448767.0
2026-07-17 22:39:00,1013.0,1013.0,1012.0,1013.0,2991.0,1448767.0,1448233.0
2026-07-17 22:40:00,1013.0,1013.0,1012.0,1013.0,245.0,1448233.0,1448254.0
2026-07-17 22:41:00,1013.0,1013.0,1012.0,1013.0,278.0,1448254.0,1448332.0
2026-07-17 22:42:00,1013.0,1013.0,1012.0,1013.0,375.0,1448332.0,1448258.0
2026-07-17 22:43:00,1013.0,1014.0,1012.0,1013.0,2319.0,1448258.0,1448713.0
2026-07-17 22:44:00,1013.0,1015.0,1013.0,1014.0,3517.0,1448713.0,1449792.0
2026-07-17 22:45:00,1014.0,1015.0,1013.0,1013.0,1924.0,1449792.0,1449656.0
2026-07-17 22:46:00,1013.0,1014.0,1013.0,1014.0,1372.0,1449656.0,1449493.0
2026-07-17 22:47:00,1014.0,1014.0,1013.0,1014.0,842.0,1449493.0,1449039.0
2026-07-17 22:48:00,1014.0,1014.0,1013.0,1014.0,607.0,1449039.0,1448943.0
2026-07-17 22:49:00,1014.0,1014.0,1013.0,1014.0,217.0,1448943.0,1448889.0
2026-07-17 22:50:00,1014.0,1014.0,1013.0,1014.0,483.0,1448889.0,1448905.0
2026-07-17 22:51:00,1014.0,1014.0,1013.0,1013.0,690.0,1448905.0,1448876.0
2026-07-17 22:52:00,1013.0,1014.0,1013.0,1014.0,472.0,1448876.0,1448595.0
2026-07-17 22:53:00,1014.0,1014.0,1013.0,1014.0,560.0,1448595.0,1448278.0
2026-07-17 22:54:00,1014.0,1014.0,1013.0,1014.0,481.0,1448278.0,1448070.0
2026-07-17 22:55:00,1014.0,1014.0,1013.0,1013.0,465.0,1448070.0,1447916.0
2026-07-17 22:56:00,1013.0,1014.0,1013.0,1013.0,745.0,1447916.0,1447446.0
2026-07-17 22:57:00,1013.0,1014.0,1013.0,1014.0,956.0,1447446.0,1447274.0
2026-07-17 22:58:00,1014.0,1015.0,1013.0,1014.0,4548.0,1447274.0,1445288.0
2026-07-17 22:59:00,1014.0,1014.0,1013.0,1014.0,4303.0,1445288.0,1443553.0
2026-07-20 09:00:00,1014.0,1015.0,1013.0,1014.0,6569.0,1443553.0,1443020.0
2026-07-20 09:01:00,1014.0,1016.0,1014.0,1015.0,9109.0,1443020.0,1444006.0
2026-07-20 09:02:00,1015.0,1016.0,1014.0,1016.0,3959.0,1444006.0,1444407.0
2026-07-20 09:03:00,1016.0,1016.0,1014.0,1014.0,7717.0,1444407.0,1443932.0
2026-07-20 09:04:00,1014.0,1017.0,1014.0,1017.0,8199.0,1443932.0,1442202.0
2026-07-20 09:05:00,1017.0,1017.0,1016.0,1017.0,3584.0,1442202.0,1441921.0
2026-07-20 09:06:00,1017.0,1019.0,1016.0,1018.0,12007.0,1441921.0,1441996.0
2026-07-20 09:07:00,1018.0,1018.0,1016.0,1017.0,7438.0,1441996.0,1442228.0
2026-07-20 09:08:00,1017.0,1018.0,1015.0,1016.0,6870.0,1442228.0,1443098.0
2026-07-20 09:09:00,1016.0,1016.0,1011.0,1012.0,7348.0,1443098.0,1443605.0
2026-07-20 09:10:00,1012.0,1013.0,1011.0,1011.0,4475.0,1443605.0,1444384.0
2026-07-20 09:11:00,1011.0,1012.0,1009.0,1012.0,12124.0,1444384.0,1444661.0
2026-07-20 09:12:00,1012.0,1012.0,1011.0,1012.0,4237.0,1444661.0,1445460.0
2026-07-20 09:13:00,1012.0,1012.0,1010.0,1010.0,3089.0,1445460.0,1445817.0
2026-07-20 09:14:00,1010.0,1014.0,1010.0,1014.0,4913.0,1445817.0,1445143.0
2026-07-20 09:15:00,1014.0,1016.0,1013.0,1016.0,5465.0,1445143.0,1445677.0
2026-07-20 09:16:00,1016.0,1017.0,1015.0,1017.0,2802.0,1445677.0,1446104.0
2026-07-20 09:17:00,1017.0,1018.0,1016.0,1018.0,3482.0,1446104.0,1446613.0
2026-07-20 09:18:00,1018.0,1018.0,1016.0,1017.0,5983.0,1446613.0,1447275.0
2026-07-20 09:19:00,1017.0,1018.0,1016.0,1017.0,2725.0,1447275.0,1447738.0
2026-07-20 09:20:00,1017.0,1019.0,1017.0,1019.0,5963.0,1447738.0,1447486.0
2026-07-20 09:21:00,1019.0,1020.0,1018.0,1020.0,7807.0,1447486.0,1446640.0
2026-07-20 09:22:00,1020.0,1020.0,1018.0,1019.0,4197.0,1446640.0,1446657.0
2026-07-20 09:23:00,1019.0,1019.0,1018.0,1019.0,1464.0,1446657.0,1446872.0
2026-07-20 09:24:00,1019.0,1019.0,1016.0,1017.0,6025.0,1446872.0,1447570.0
2026-07-20 09:25:00,1017.0,1018.0,1017.0,1017.0,2446.0,1447570.0,1447449.0
2026-07-20 09:26:00,1017.0,1019.0,1017.0,1018.0,2985.0,1447449.0,1446688.0
2026-07-20 09:27:00,1018.0,1018.0,1017.0,1018.0,545.0,1446688.0,1446602.0
2026-07-20 09:28:00,1018.0,1018.0,1017.0,1017.0,1181.0,1446602.0,1446746.0
2026-07-20 09:29:00,1017.0,1018.0,1016.0,1017.0,3491.0,1446746.0,1446512.0
2026-07-20 09:30:00,1017.0,1018.0,1016.0,1017.0,2968.0,1446512.0,1445884.0
2026-07-20 09:31:00,1017.0,1018.0,1016.0,1016.0,1135.0,1445884.0,1445838.0
2026-07-20 09:32:00,1016.0,1017.0,1016.0,1016.0,378.0,1445838.0,1445772.0
2026-07-20 09:33:00,1016.0,1017.0,1016.0,1016.0,595.0,1445772.0,1445784.0
2026-07-20 09:34:00,1016.0,1017.0,1016.0,1016.0,744.0,1445784.0,1445749.0
2026-07-20 09:35:00,1016.0,1018.0,1016.0,1016.0,2423.0,1445749.0,1444826.0
2026-07-20 09:36:00,1016.0,1017.0,1016.0,1016.0,617.0,1444826.0,1444795.0
2026-07-20 09:37:00,1016.0,1017.0,1016.0,1017.0,943.0,1444795.0,1445084.0
2026-07-20 09:38:00,1017.0,1017.0,1016.0,1016.0,399.0,1445084.0,1445152.0
2026-07-20 09:39:00,1016.0,1019.0,1016.0,1019.0,3491.0,1445152.0,1445881.0
2026-07-20 09:40:00,1019.0,1019.0,1018.0,1019.0,1074.0,1445881.0,1445562.0
2026-07-20 09:41:00,1019.0,1019.0,1017.0,1018.0,3703.0,1445562.0,1445575.0
2026-07-20 09:42:00,1018.0,1020.0,1018.0,1019.0,3041.0,1445575.0,1445443.0
2026-07-20 09:43:00,1019.0,1020.0,1019.0,1020.0,4409.0,1445443.0,1445789.0
2026-07-20 09:44:00,1020.0,1021.0,1019.0,1021.0,4349.0,1445789.0,1445365.0
2026-07-20 09:45:00,1021.0,1021.0,1019.0,1020.0,4040.0,1445365.0,1444683.0
2026-07-20 09:46:00,1020.0,1022.0,1019.0,1022.0,6100.0,1444683.0,1444589.0
2026-07-20 09:47:00,1022.0,1022.0,1020.0,1020.0,4659.0,1444589.0,1443357.0
2026-07-20 09:48:00,1020.0,1021.0,1020.0,1020.0,1506.0,1443357.0,1443375.0
2026-07-20 09:49:00,1020.0,1021.0,1019.0,1019.0,4708.0,1443375.0,1442336.0
2026-07-20 09:50:00,1019.0,1020.0,1019.0,1020.0,778.0,1442336.0,1442245.0
2026-07-20 09:51:00,1020.0,1020.0,1018.0,1018.0,4676.0,1442245.0,1442935.0
2026-07-20 09:52:00,1018.0,1019.0,1018.0,1019.0,2902.0,1442935.0,1442637.0
2026-07-20 09:53:00,1019.0,1019.0,1017.0,1018.0,2873.0,1442637.0,1442190.0
2026-07-20 09:54:00,1018.0,1019.0,1017.0,1018.0,2018.0,1442190.0,1442181.0
2026-07-20 09:55:00,1018.0,1019.0,1017.0,1018.0,1769.0,1442181.0,1442180.0
2026-07-20 09:56:00,1018.0,1020.0,1018.0,1020.0,2954.0,1442180.0,1441593.0
2026-07-20 09:57:00,1020.0,1020.0,1018.0,1018.0,975.0,1441593.0,1441432.0
2026-07-20 09:58:00,1018.0,1019.0,1018.0,1019.0,1802.0,1441432.0,1442083.0
2026-07-20 09:59:00,1019.0,1019.0,1017.0,1018.0,1435.0,1442083.0,1442290.0
2026-07-20 10:00:00,1018.0,1019.0,1017.0,1019.0,1271.0,1442290.0,1442070.0
2026-07-20 10:01:00,1019.0,1019.0,1018.0,1018.0,472.0,1442070.0,1442009.0
2026-07-20 10:02:00,1018.0,1019.0,1018.0,1018.0,499.0,1442009.0,1441878.0
2026-07-20 10:03:00,1018.0,1019.0,1017.0,1018.0,2455.0,1441878.0,1441883.0
2026-07-20 10:04:00,1018.0,1019.0,1018.0,1018.0,1051.0,1441883.0,1441720.0
2026-07-20 10:05:00,1018.0,1019.0,1018.0,1018.0,389.0,1441720.0,1441520.0
2026-07-20 10:06:00,1018.0,1019.0,1018.0,1018.0,586.0,1441520.0,1441449.0
2026-07-20 10:07:00,1018.0,1019.0,1018.0,1019.0,529.0,1441449.0,1441457.0
2026-07-20 10:08:00,1019.0,1019.0,1018.0,1019.0,3094.0,1441457.0,1441232.0
2026-07-20 10:09:00,1019.0,1020.0,1018.0,1020.0,2398.0,1441232.0,1441024.0
2026-07-20 10:10:00,1020.0,1020.0,1018.0,1019.0,2495.0,1441024.0,1440843.0
2026-07-20 10:11:00,1019.0,1020.0,1019.0,1019.0,592.0,1440843.0,1440928.0
2026-07-20 10:12:00,1019.0,1020.0,1019.0,1019.0,583.0,1440928.0,1440952.0
2026-07-20 10:13:00,1019.0,1020.0,1019.0,1019.0,1488.0,1440952.0,1440678.0
2026-07-20 10:14:00,1019.0,1020.0,1019.0,1020.0,890.0,1440678.0,1440344.0
2026-07-20 10:30:00,1020.0,1020.0,1016.0,1018.0,10068.0,1440344.0,1439589.0
2026-07-20 10:31:00,1018.0,1018.0,1016.0,1018.0,1590.0,1439589.0,1439174.0
2026-07-20 10:32:00,1018.0,1018.0,1017.0,1017.0,2414.0,1439174.0,1439175.0
2026-07-20 10:33:00,1017.0,1018.0,1017.0,1018.0,647.0,1439175.0,1439000.0
2026-07-20 10:34:00,1018.0,1018.0,1017.0,1018.0,2691.0,1439000.0,1438871.0
2026-07-20 10:35:00,1018.0,1019.0,1017.0,1018.0,1210.0,1438871.0,1438722.0
2026-07-20 10:36:00,1018.0,1018.0,1017.0,1017.0,687.0,1438722.0,1438728.0
2026-07-20 10:37:00,1017.0,1018.0,1016.0,1017.0,2802.0,1438728.0,1437180.0
2026-07-20 10:38:00,1017.0,1017.0,1016.0,1016.0,1133.0,1437180.0,1436878.0
2026-07-20 10:39:00,1016.0,1018.0,1016.0,1017.0,3429.0,1436878.0,1435705.0
2026-07-20 10:40:00,1017.0,1017.0,1016.0,1017.0,1319.0,1435705.0,1435044.0
2026-07-20 10:41:00,1017.0,1017.0,1016.0,1017.0,833.0,1435044.0,1434698.0
2026-07-20 10:42:00,1017.0,1018.0,1016.0,1016.0,1327.0,1434698.0,1434682.0
2026-07-20 10:43:00,1016.0,1017.0,1016.0,1017.0,341.0,1434682.0,1434590.0
2026-07-20 10:44:00,1017.0,1017.0,1014.0,1014.0,5481.0,1434590.0,1433095.0
2026-07-20 10:45:00,1014.0,1015.0,1014.0,1015.0,1138.0,1433095.0,1433236.0
2026-07-20 10:46:00,1015.0,1016.0,1014.0,1015.0,3102.0,1433236.0,1433491.0
2026-07-20 10:47:00,1015.0,1015.0,1014.0,1015.0,870.0,1433491.0,1433697.0
2026-07-20 10:48:00,1015.0,1015.0,1014.0,1015.0,952.0,1433697.0,1433705.0
2026-07-20 10:49:00,1015.0,1015.0,1014.0,1015.0,1202.0,1433705.0,1433868.0
2026-07-20 10:50:00,1015.0,1016.0,1014.0,1015.0,2208.0,1433868.0,1433437.0
2026-07-20 10:51:00,1015.0,1015.0,1014.0,1015.0,453.0,1433437.0,1433402.0
2026-07-20 10:52:00,1015.0,1015.0,1013.0,1013.0,5354.0,1433402.0,1433934.0
2026-07-20 10:53:00,1013.0,1014.0,1012.0,1014.0,6250.0,1433934.0,1432447.0
2026-07-20 10:54:00,1014.0,1014.0,1013.0,1013.0,800.0,1432447.0,1432326.0
2026-07-20 10:55:00,1013.0,1014.0,1013.0,1014.0,818.0,1432326.0,1432454.0
2026-07-20 10:56:00,1014.0,1015.0,1013.0,1015.0,2225.0,1432454.0,1432814.0
2026-07-20 10:57:00,1015.0,1015.0,1014.0,1015.0,1065.0,1432814.0,1432766.0
2026-07-20 10:58:00,1015.0,1016.0,1014.0,1016.0,1879.0,1432766.0,1433163.0
2026-07-20 10:59:00,1016.0,1017.0,1015.0,1016.0,4743.0,1433163.0,1433166.0
2026-07-20 11:00:00,1016.0,1017.0,1016.0,1017.0,953.0,1433166.0,1432703.0
2026-07-20 11:01:00,1017.0,1017.0,1016.0,1016.0,517.0,1432703.0,1432708.0
2026-07-20 11:02:00,1016.0,1017.0,1016.0,1017.0,387.0,1432708.0,1432766.0
2026-07-20 11:03:00,1017.0,1017.0,1015.0,1015.0,2068.0,1432766.0,1431896.0
2026-07-20 11:04:00,1015.0,1017.0,1015.0,1016.0,1686.0,1431896.0,1431880.0
2026-07-20 11:05:00,1016.0,1017.0,1015.0,1017.0,1395.0,1431880.0,1431556.0
2026-07-20 11:06:00,1017.0,1017.0,1015.0,1015.0,506.0,1431556.0,1431424.0
2026-07-20 11:07:00,1015.0,1017.0,1015.0,1016.0,1486.0,1431424.0,1431100.0
2026-07-20 11:08:00,1016.0,1016.0,1015.0,1016.0,208.0,1431100.0,1431137.0
2026-07-20 11:09:00,1016.0,1017.0,1015.0,1017.0,510.0,1431137.0,1431085.0
2026-07-20 11:10:00,1017.0,1017.0,1016.0,1017.0,202.0,1431085.0,1431016.0
2026-07-20 11:11:00,1017.0,1017.0,1016.0,1016.0,738.0,1431016.0,1430801.0
2026-07-20 11:12:00,1016.0,1017.0,1016.0,1017.0,219.0,1430801.0,1430792.0
2026-07-20 11:13:00,1017.0,1017.0,1016.0,1016.0,327.0,1430792.0,1430840.0
2026-07-20 11:14:00,1016.0,1017.0,1015.0,1016.0,2786.0,1430840.0,1430054.0
2026-07-20 11:15:00,1016.0,1017.0,1015.0,1017.0,1919.0,1430054.0,1429875.0
2026-07-20 11:16:00,1017.0,1018.0,1016.0,1018.0,2477.0,1429875.0,1430072.0
2026-07-20 11:17:00,1018.0,1018.0,1017.0,1018.0,856.0,1430072.0,1430112.0
2026-07-20 11:18:00,1018.0,1019.0,1017.0,1018.0,4388.0,1430112.0,1429822.0
2026-07-20 11:19:00,1018.0,1019.0,1018.0,1019.0,1336.0,1429822.0,1429527.0
2026-07-20 11:20:00,1019.0,1020.0,1018.0,1020.0,1943.0,1429527.0,1429541.0
2026-07-20 11:21:00,1020.0,1020.0,1019.0,1019.0,1219.0,1429541.0,1429326.0
2026-07-20 11:22:00,1019.0,1020.0,1019.0,1019.0,707.0,1429326.0,1429574.0
2026-07-20 11:23:00,1019.0,1020.0,1019.0,1020.0,1009.0,1429574.0,1429688.0
2026-07-20 11:24:00,1020.0,1020.0,1019.0,1020.0,1503.0,1429688.0,1429484.0
2026-07-20 11:25:00,1020.0,1020.0,1018.0,1019.0,4110.0,1429484.0,1428295.0
2026-07-20 11:26:00,1019.0,1020.0,1018.0,1019.0,1517.0,1428295.0,1427838.0
2026-07-20 11:27:00,1019.0,1020.0,1018.0,1019.0,1349.0,1427838.0,1427412.0
2026-07-20 11:28:00,1019.0,1019.0,1018.0,1019.0,904.0,1427412.0,1426957.0
2026-07-20 11:29:00,1019.0,1019.0,1018.0,1019.0,1333.0,1426957.0,1426861.0
2026-07-20 13:30:00,1018.0,1019.0,1015.0,1015.0,5435.0,1426861.0,1426973.0
2026-07-20 13:31:00,1015.0,1017.0,1015.0,1017.0,3844.0,1426973.0,1427430.0
2026-07-20 13:32:00,1017.0,1018.0,1016.0,1016.0,1623.0,1427430.0,1427819.0
2026-07-20 13:33:00,1016.0,1017.0,1015.0,1016.0,3247.0,1427819.0,1427853.0
2026-07-20 13:34:00,1016.0,1017.0,1015.0,1015.0,1662.0,1427853.0,1427390.0
2026-07-20 13:35:00,1015.0,1016.0,1015.0,1015.0,1800.0,1427390.0,1427269.0
2026-07-20 13:36:00,1015.0,1016.0,1015.0,1015.0,744.0,1427269.0,1427101.0
2026-07-20 13:37:00,1015.0,1016.0,1014.0,1014.0,4684.0,1427101.0,1426043.0
2026-07-20 13:38:00,1014.0,1015.0,1013.0,1014.0,2062.0,1426043.0,1426045.0
2026-07-20 13:39:00,1014.0,1015.0,1013.0,1014.0,3104.0,1426045.0,1426407.0
2026-07-20 13:40:00,1014.0,1015.0,1013.0,1013.0,1383.0,1426407.0,1426202.0
2026-07-20 13:41:00,1013.0,1014.0,1012.0,1012.0,3722.0,1426202.0,1426259.0
2026-07-20 13:42:00,1012.0,1013.0,1011.0,1012.0,3657.0,1426259.0,1426692.0
2026-07-20 13:43:00,1012.0,1012.0,1010.0,1010.0,4188.0,1426692.0,1426446.0
2026-07-20 13:44:00,1010.0,1012.0,1010.0,1010.0,3993.0,1426446.0,1426585.0
2026-07-20 13:45:00,1010.0,1011.0,1010.0,1010.0,5779.0,1426585.0,1428098.0
2026-07-20 13:46:00,1010.0,1010.0,1007.0,1008.0,11485.0,1428098.0,1425109.0
2026-07-20 13:47:00,1008.0,1010.0,1006.0,1008.0,12621.0,1425109.0,1424986.0
2026-07-20 13:48:00,1008.0,1009.0,1006.0,1006.0,15507.0,1424986.0,1424016.0
2026-07-20 13:49:00,1006.0,1008.0,1006.0,1007.0,5555.0,1424016.0,1424690.0
2026-07-20 13:50:00,1007.0,1009.0,1007.0,1007.0,5155.0,1424690.0,1424838.0
2026-07-20 13:51:00,1007.0,1009.0,1007.0,1009.0,4040.0,1424838.0,1424742.0
2026-07-20 13:52:00,1009.0,1010.0,1008.0,1010.0,2989.0,1424742.0,1424283.0
2026-07-20 13:53:00,1010.0,1010.0,1009.0,1009.0,1248.0,1424283.0,1424171.0
2026-07-20 13:54:00,1009.0,1012.0,1009.0,1012.0,3288.0,1424171.0,1423617.0
2026-07-20 13:55:00,1012.0,1012.0,1010.0,1010.0,2174.0,1423617.0,1423596.0
2026-07-20 13:56:00,1010.0,1011.0,1009.0,1010.0,3499.0,1423596.0,1423183.0
2026-07-20 13:57:00,1010.0,1011.0,1009.0,1010.0,1415.0,1423183.0,1423477.0
2026-07-20 13:58:00,1010.0,1011.0,1009.0,1010.0,2105.0,1423477.0,1423056.0
2026-07-20 13:59:00,1010.0,1011.0,1009.0,1010.0,2017.0,1423056.0,1423122.0
2026-07-20 14:00:00,1010.0,1011.0,1010.0,1010.0,1041.0,1423122.0,1423002.0
2026-07-20 14:01:00,1010.0,1011.0,1010.0,1011.0,835.0,1423002.0,1422856.0
2026-07-20 14:02:00,1011.0,1012.0,1010.0,1011.0,2759.0,1422856.0,1423011.0
2026-07-20 14:03:00,1011.0,1012.0,1011.0,1011.0,710.0,1423011.0,1422864.0
2026-07-20 14:04:00,1011.0,1013.0,1011.0,1013.0,3897.0,1422864.0,1422281.0
2026-07-20 14:05:00,1013.0,1013.0,1012.0,1013.0,3880.0,1422281.0,1422667.0
2026-07-20 14:06:00,1013.0,1015.0,1012.0,1015.0,4481.0,1422667.0,1422371.0
2026-07-20 14:07:00,1015.0,1015.0,1013.0,1014.0,2552.0,1422371.0,1421410.0
2026-07-20 14:08:00,1014.0,1014.0,1013.0,1013.0,468.0,1421410.0,1421425.0
2026-07-20 14:09:00,1013.0,1014.0,1012.0,1012.0,2611.0,1421425.0,1420935.0
2026-07-20 14:10:00,1012.0,1013.0,1012.0,1013.0,547.0,1420935.0,1421071.0
2026-07-20 14:11:00,1013.0,1013.0,1012.0,1012.0,401.0,1421071.0,1421014.0
2026-07-20 14:12:00,1012.0,1014.0,1012.0,1014.0,1766.0,1421014.0,1420663.0
2026-07-20 14:13:00,1014.0,1014.0,1013.0,1013.0,870.0,1420663.0,1420558.0
2026-07-20 14:14:00,1013.0,1014.0,1013.0,1013.0,993.0,1420558.0,1420391.0
2026-07-20 14:15:00,1013.0,1014.0,1013.0,1013.0,3212.0,1420391.0,1419745.0
2026-07-20 14:16:00,1013.0,1014.0,1013.0,1014.0,609.0,1419745.0,1419542.0
2026-07-20 14:17:00,1014.0,1014.0,1013.0,1013.0,426.0,1419542.0,1419418.0
2026-07-20 14:18:00,1013.0,1014.0,1012.0,1012.0,1547.0,1419418.0,1419111.0
2026-07-20 14:19:00,1012.0,1013.0,1012.0,1013.0,1346.0,1419111.0,1419399.0
2026-07-20 14:20:00,1013.0,1013.0,1012.0,1013.0,1228.0,1419399.0,1419600.0
2026-07-20 14:21:00,1013.0,1013.0,1012.0,1013.0,1515.0,1419600.0,1419219.0
2026-07-20 14:22:00,1013.0,1013.0,1009.0,1009.0,5395.0,1419219.0,1420423.0
2026-07-20 14:23:00,1009.0,1010.0,1009.0,1010.0,1036.0,1420423.0,1420722.0
2026-07-20 14:24:00,1010.0,1010.0,1009.0,1009.0,760.0,1420722.0,1420661.0
2026-07-20 14:25:00,1009.0,1011.0,1009.0,1010.0,3501.0,1420661.0,1420256.0
2026-07-20 14:26:00,1010.0,1011.0,1010.0,1011.0,590.0,1420256.0,1420205.0
2026-07-20 14:27:00,1011.0,1011.0,1010.0,1011.0,477.0,1420205.0,1420148.0
2026-07-20 14:28:00,1011.0,1011.0,1010.0,1010.0,1143.0,1420148.0,1419562.0
2026-07-20 14:29:00,1010.0,1011.0,1010.0,1010.0,257.0,1419562.0,1419464.0
2026-07-20 14:30:00,1010.0,1011.0,1010.0,1011.0,1083.0,1419464.0,1418880.0
2026-07-20 14:31:00,1011.0,1011.0,1010.0,1011.0,499.0,1418880.0,1418743.0
2026-07-20 14:32:00,1011.0,1011.0,1009.0,1009.0,5372.0,1418743.0,1419130.0
2026-07-20 14:33:00,1009.0,1009.0,1008.0,1008.0,6673.0,1419130.0,1419236.0
2026-07-20 14:34:00,1008.0,1009.0,1008.0,1008.0,2089.0,1419236.0,1419005.0
2026-07-20 14:35:00,1008.0,1009.0,1008.0,1008.0,963.0,1419005.0,1419195.0
2026-07-20 14:36:00,1008.0,1009.0,1008.0,1009.0,1061.0,1419195.0,1419190.0
2026-07-20 14:37:00,1009.0,1009.0,1007.0,1007.0,4414.0,1419190.0,1419295.0
2026-07-20 14:38:00,1007.0,1008.0,1007.0,1008.0,1174.0,1419295.0,1418979.0
2026-07-20 14:39:00,1008.0,1008.0,1007.0,1008.0,1142.0,1418979.0,1418760.0
2026-07-20 14:40:00,1008.0,1008.0,1007.0,1007.0,708.0,1418760.0,1418656.0
2026-07-20 14:41:00,1007.0,1008.0,1007.0,1007.0,1608.0,1418656.0,1418691.0
2026-07-20 14:42:00,1007.0,1008.0,1006.0,1006.0,5803.0,1418691.0,1420033.0
2026-07-20 14:43:00,1006.0,1007.0,1005.0,1006.0,4022.0,1420033.0,1419995.0
2026-07-20 14:44:00,1006.0,1008.0,1006.0,1007.0,2582.0,1419995.0,1419022.0
2026-07-20 14:45:00,1007.0,1008.0,1007.0,1008.0,3013.0,1419022.0,1418510.0
2026-07-20 14:46:00,1008.0,1008.0,1005.0,1005.0,9543.0,1418510.0,1418554.0
2026-07-20 14:47:00,1005.0,1007.0,1004.0,1006.0,6304.0,1418554.0,1418348.0
2026-07-20 14:48:00,1006.0,1007.0,1006.0,1007.0,2088.0,1418348.0,1418562.0
2026-07-20 14:49:00,1007.0,1007.0,1006.0,1006.0,2283.0,1418562.0,1418198.0
2026-07-20 14:50:00,1006.0,1007.0,1005.0,1006.0,3740.0,1418198.0,1417714.0
2026-07-20 14:51:00,1006.0,1006.0,1005.0,1005.0,2264.0,1417714.0,1417636.0
2026-07-20 14:52:00,1005.0,1006.0,1005.0,1005.0,1142.0,1417636.0,1417820.0
2026-07-20 14:53:00,1005.0,1006.0,1005.0,1006.0,2261.0,1417820.0,1417489.0
2026-07-20 14:54:00,1006.0,1007.0,1006.0,1007.0,4025.0,1417489.0,1416436.0
2026-07-20 14:55:00,1007.0,1007.0,1006.0,1006.0,1549.0,1416436.0,1416061.0
2026-07-20 14:56:00,1006.0,1007.0,1006.0,1007.0,2138.0,1416061.0,1416044.0
2026-07-20 14:57:00,1007.0,1007.0,1005.0,1006.0,4513.0,1416044.0,1415155.0
2026-07-20 14:58:00,1006.0,1006.0,1005.0,1006.0,3234.0,1415155.0,1414701.0
2026-07-20 14:59:00,1006.0,1007.0,1005.0,1006.0,7001.0,1414701.0,1412372.0
2026-07-20 21:00:00,1005.0,1012.0,1004.0,1009.0,29113.0,1412372.0,1414622.0
2026-07-20 21:01:00,1009.0,1010.0,1008.0,1008.0,9516.0,1414622.0,1416664.0
2026-07-20 21:02:00,1008.0,1010.0,1008.0,1008.0,9150.0,1416664.0,1418061.0
2026-07-20 21:03:00,1008.0,1010.0,1008.0,1008.0,8705.0,1418061.0,1418842.0
2026-07-20 21:04:00,1008.0,1010.0,1008.0,1010.0,3519.0,1418842.0,1418111.0
2026-07-20 21:05:00,1010.0,1010.0,1008.0,1010.0,7496.0,1418111.0,1419861.0
2026-07-20 21:06:00,1010.0,1012.0,1009.0,1011.0,5298.0,1419861.0,1419785.0
2026-07-20 21:07:00,1011.0,1012.0,1009.0,1010.0,6857.0,1419785.0,1418771.0
2026-07-20 21:08:00,1010.0,1011.0,1009.0,1010.0,7679.0,1418771.0,1419058.0
2026-07-20 21:09:00,1010.0,1011.0,1009.0,1011.0,4856.0,1419058.0,1419419.0
2026-07-20 21:10:00,1011.0,1011.0,1009.0,1009.0,4863.0,1419419.0,1420202.0
2026-07-20 21:11:00,1009.0,1010.0,1008.0,1008.0,2409.0,1420202.0,1420781.0
2026-07-20 21:12:00,1008.0,1009.0,1007.0,1008.0,4375.0,1420781.0,1421371.0
2026-07-20 21:13:00,1008.0,1009.0,1007.0,1008.0,1983.0,1421371.0,1421383.0
2026-07-20 21:14:00,1008.0,1009.0,1008.0,1008.0,3128.0,1421383.0,1421815.0
2026-07-20 21:15:00,1008.0,1009.0,1007.0,1008.0,3053.0,1421815.0,1421849.0
2026-07-20 21:16:00,1008.0,1008.0,1007.0,1007.0,2328.0,1421849.0,1422431.0
2026-07-20 21:17:00,1007.0,1009.0,1007.0,1009.0,3626.0,1422431.0,1422845.0
2026-07-20 21:18:00,1009.0,1009.0,1007.0,1008.0,1089.0,1422845.0,1422905.0
2026-07-20 21:19:00,1008.0,1008.0,1006.0,1007.0,4336.0,1422905.0,1424186.0
2026-07-20 21:20:00,1007.0,1008.0,1005.0,1006.0,6904.0,1424186.0,1425543.0
2026-07-20 21:21:00,1006.0,1007.0,1005.0,1006.0,2013.0,1425543.0,1425986.0
2026-07-20 21:22:00,1006.0,1007.0,1005.0,1005.0,1948.0,1425986.0,1426830.0
2026-07-20 21:23:00,1005.0,1006.0,1005.0,1005.0,1026.0,1426830.0,1427245.0
2026-07-20 21:24:00,1005.0,1006.0,1004.0,1004.0,6651.0,1427245.0,1426881.0
2026-07-20 21:25:00,1004.0,1007.0,1004.0,1007.0,6269.0,1426881.0,1427473.0
2026-07-20 21:26:00,1007.0,1007.0,1005.0,1006.0,2587.0,1427473.0,1427212.0
2026-07-20 21:27:00,1006.0,1006.0,1005.0,1006.0,1171.0,1427212.0,1427345.0
2026-07-20 21:28:00,1006.0,1007.0,1005.0,1005.0,2488.0,1427345.0,1426827.0
2026-07-20 21:29:00,1005.0,1006.0,1004.0,1005.0,3647.0,1426827.0,1427314.0
2026-07-20 21:30:00,1005.0,1006.0,1004.0,1005.0,2163.0,1427314.0,1427133.0
2026-07-20 21:31:00,1005.0,1006.0,1005.0,1006.0,561.0,1427133.0,1427236.0
2026-07-20 21:32:00,1006.0,1007.0,1005.0,1006.0,1888.0,1427236.0,1427653.0
2026-07-20 21:33:00,1006.0,1007.0,1006.0,1007.0,585.0,1427653.0,1427842.0
2026-07-20 21:34:00,1007.0,1008.0,1006.0,1008.0,3180.0,1427842.0,1428388.0
2026-07-20 21:35:00,1008.0,1008.0,1007.0,1008.0,600.0,1428388.0,1428364.0
2026-07-20 21:36:00,1008.0,1008.0,1007.0,1007.0,434.0,1428364.0,1428412.0
2026-07-20 21:37:00,1007.0,1008.0,1007.0,1008.0,584.0,1428412.0,1428505.0
2026-07-20 21:38:00,1008.0,1008.0,1007.0,1008.0,465.0,1428505.0,1428357.0
2026-07-20 21:39:00,1008.0,1009.0,1007.0,1008.0,2178.0,1428357.0,1428347.0
2026-07-20 21:40:00,1008.0,1009.0,1007.0,1007.0,1963.0,1428347.0,1428006.0
2026-07-20 21:41:00,1007.0,1008.0,1007.0,1007.0,2894.0,1428006.0,1427432.0
2026-07-20 21:42:00,1007.0,1008.0,1006.0,1007.0,2008.0,1427432.0,1427687.0
2026-07-20 21:43:00,1007.0,1007.0,1006.0,1006.0,822.0,1427687.0,1427567.0
2026-07-20 21:44:00,1006.0,1007.0,1006.0,1006.0,517.0,1427567.0,1427627.0
2026-07-20 21:45:00,1006.0,1007.0,1006.0,1007.0,564.0,1427627.0,1427566.0
2026-07-20 21:46:00,1007.0,1007.0,1005.0,1005.0,3557.0,1427566.0,1428268.0
2026-07-20 21:47:00,1005.0,1006.0,1005.0,1006.0,1546.0,1428268.0,1428807.0
2026-07-20 21:48:00,1006.0,1007.0,1005.0,1007.0,1108.0,1428807.0,1428862.0
2026-07-20 21:49:00,1007.0,1007.0,1006.0,1006.0,661.0,1428862.0,1428778.0
2026-07-20 21:50:00,1006.0,1007.0,1006.0,1007.0,418.0,1428778.0,1428773.0
2026-07-20 21:51:00,1007.0,1007.0,1006.0,1007.0,275.0,1428773.0,1428702.0
2026-07-20 21:52:00,1007.0,1007.0,1006.0,1006.0,378.0,1428702.0,1428634.0
2026-07-20 21:53:00,1006.0,1007.0,1006.0,1007.0,2880.0,1428634.0,1429643.0
2026-07-20 21:54:00,1007.0,1008.0,1006.0,1007.0,2468.0,1429643.0,1428766.0
2026-07-20 21:55:00,1007.0,1008.0,1007.0,1007.0,1644.0,1428766.0,1428360.0
2026-07-20 21:56:00,1007.0,1008.0,1006.0,1006.0,1065.0,1428360.0,1428255.0
2026-07-20 21:57:00,1006.0,1007.0,1006.0,1007.0,241.0,1428255.0,1428230.0
2026-07-20 21:58:00,1007.0,1007.0,1006.0,1007.0,496.0,1428230.0,1428427.0
2026-07-20 21:59:00,1007.0,1007.0,1006.0,1006.0,805.0,1428427.0,1428620.0
2026-07-20 22:00:00,1006.0,1007.0,1006.0,1007.0,395.0,1428620.0,1428775.0
2026-07-20 22:01:00,1007.0,1007.0,1006.0,1007.0,538.0,1428775.0,1428754.0
2026-07-20 22:02:00,1007.0,1007.0,1006.0,1007.0,2020.0,1428754.0,1428759.0
2026-07-20 22:03:00,1007.0,1007.0,1006.0,1007.0,281.0,1428759.0,1428870.0
2026-07-20 22:04:00,1007.0,1007.0,1006.0,1007.0,313.0,1428870.0,1428979.0
2026-07-20 22:05:00,1007.0,1007.0,1006.0,1007.0,447.0,1428979.0,1429291.0
2026-07-20 22:06:00,1007.0,1007.0,1005.0,1006.0,4680.0,1429291.0,1429843.0
2026-07-20 22:07:00,1006.0,1006.0,1005.0,1006.0,481.0,1429843.0,1430039.0
2026-07-20 22:08:00,1006.0,1006.0,1004.0,1005.0,4351.0,1430039.0,1430602.0
2026-07-20 22:09:00,1005.0,1006.0,1004.0,1005.0,2976.0,1430602.0,1430878.0
2026-07-20 22:10:00,1005.0,1005.0,1003.0,1004.0,6549.0,1430878.0,1433735.0
2026-07-20 22:11:00,1004.0,1004.0,1003.0,1003.0,2230.0,1433735.0,1433645.0
2026-07-20 22:12:00,1003.0,1004.0,1003.0,1003.0,1782.0,1433645.0,1433129.0
2026-07-20 22:13:00,1003.0,1004.0,1003.0,1004.0,3874.0,1433129.0,1432836.0
2026-07-20 22:14:00,1004.0,1005.0,1004.0,1004.0,1432.0,1432836.0,1433088.0
2026-07-20 22:15:00,1004.0,1005.0,1003.0,1004.0,2607.0,1433088.0,1432988.0
2026-07-20 22:16:00,1004.0,1005.0,1003.0,1004.0,2209.0,1432988.0,1432980.0
2026-07-20 22:17:00,1004.0,1004.0,1003.0,1003.0,1515.0,1432980.0,1434050.0
2026-07-20 22:18:00,1003.0,1004.0,1002.0,1003.0,6197.0,1434050.0,1434448.0
2026-07-20 22:19:00,1003.0,1004.0,1003.0,1004.0,783.0,1434448.0,1434481.0
2026-07-20 22:20:00,1004.0,1004.0,1003.0,1004.0,954.0,1434481.0,1434732.0
2026-07-20 22:21:00,1004.0,1004.0,1003.0,1003.0,423.0,1434732.0,1434914.0
2026-07-20 22:22:00,1003.0,1004.0,1003.0,1003.0,874.0,1434914.0,1434810.0
2026-07-20 22:23:00,1003.0,1004.0,1003.0,1003.0,426.0,1434810.0,1434887.0
2026-07-20 22:24:00,1003.0,1004.0,1003.0,1004.0,570.0,1434887.0,1435016.0
2026-07-20 22:25:00,1004.0,1004.0,1003.0,1003.0,670.0,1435016.0,1435117.0
2026-07-20 22:26:00,1003.0,1004.0,1003.0,1003.0,302.0,1435117.0,1435120.0
2026-07-20 22:27:00,1003.0,1004.0,1003.0,1004.0,252.0,1435120.0,1435172.0
2026-07-20 22:28:00,1004.0,1005.0,1003.0,1004.0,2679.0,1435172.0,1434956.0
2026-07-20 22:29:00,1004.0,1005.0,1003.0,1004.0,2057.0,1434956.0,1435209.0
2026-07-20 22:30:00,1004.0,1005.0,1004.0,1005.0,297.0,1435209.0,1435282.0
2026-07-20 22:31:00,1005.0,1005.0,1004.0,1004.0,236.0,1435282.0,1435412.0
2026-07-20 22:32:00,1004.0,1005.0,1004.0,1004.0,650.0,1435412.0,1435582.0
2026-07-20 22:33:00,1004.0,1005.0,1004.0,1005.0,235.0,1435582.0,1435615.0
2026-07-20 22:34:00,1005.0,1005.0,1004.0,1004.0,1578.0,1435615.0,1435772.0
2026-07-20 22:35:00,1004.0,1005.0,1003.0,1004.0,2973.0,1435772.0,1435271.0
2026-07-20 22:36:00,1004.0,1005.0,1004.0,1004.0,663.0,1435271.0,1435241.0
2026-07-20 22:37:00,1004.0,1006.0,1004.0,1005.0,3460.0,1435241.0,1434666.0
2026-07-20 22:38:00,1005.0,1007.0,1005.0,1007.0,4285.0,1434666.0,1434457.0
2026-07-20 22:39:00,1007.0,1007.0,1006.0,1006.0,535.0,1434457.0,1434165.0
2026-07-20 22:40:00,1006.0,1007.0,1006.0,1006.0,3715.0,1434165.0,1432345.0
2026-07-20 22:41:00,1006.0,1007.0,1006.0,1006.0,1121.0,1432345.0,1432013.0
2026-07-20 22:42:00,1006.0,1007.0,1005.0,1006.0,2560.0,1432013.0,1431112.0
2026-07-20 22:43:00,1006.0,1007.0,1006.0,1006.0,410.0,1431112.0,1430919.0
2026-07-20 22:44:00,1006.0,1007.0,1006.0,1007.0,410.0,1430919.0,1430942.0
2026-07-20 22:45:00,1007.0,1007.0,1006.0,1007.0,245.0,1430942.0,1430841.0
2026-07-20 22:46:00,1007.0,1007.0,1006.0,1006.0,179.0,1430841.0,1430755.0
2026-07-20 22:47:00,1006.0,1007.0,1006.0,1006.0,229.0,1430755.0,1430623.0
2026-07-20 22:48:00,1006.0,1007.0,1006.0,1006.0,210.0,1430623.0,1430494.0
2026-07-20 22:49:00,1006.0,1007.0,1006.0,1007.0,204.0,1430494.0,1430386.0
2026-07-20 22:50:00,1007.0,1007.0,1006.0,1006.0,281.0,1430386.0,1430282.0
2026-07-20 22:51:00,1006.0,1008.0,1006.0,1007.0,7077.0,1430282.0,1430012.0
2026-07-20 22:52:00,1007.0,1007.0,1006.0,1006.0,365.0,1430012.0,1429976.0
2026-07-20 22:53:00,1006.0,1007.0,1006.0,1007.0,159.0,1429976.0,1430003.0
2026-07-20 22:54:00,1007.0,1007.0,1006.0,1007.0,258.0,1430003.0,1429995.0
2026-07-20 22:55:00,1007.0,1007.0,1006.0,1006.0,417.0,1429995.0,1429891.0
2026-07-20 22:56:00,1006.0,1007.0,1005.0,1005.0,3060.0,1429891.0,1429883.0
2026-07-20 22:57:00,1005.0,1006.0,1005.0,1006.0,556.0,1429883.0,1429816.0
2026-07-20 22:58:00,1006.0,1007.0,1005.0,1007.0,3732.0,1429816.0,1427869.0
2026-07-20 22:59:00,1007.0,1007.0,1006.0,1006.0,1851.0,1427869.0,1426890.0
2026-07-21 09:00:00,1006.0,1008.0,1006.0,1007.0,4900.0,1426890.0,1426312.0
2026-07-21 09:01:00,1007.0,1008.0,1004.0,1004.0,6632.0,1426312.0,1426877.0
2026-07-21 09:02:00,1004.0,1007.0,1004.0,1006.0,6101.0,1426877.0,1427189.0
2026-07-21 09:03:00,1006.0,1008.0,1006.0,1007.0,4598.0,1427189.0,1427199.0
2026-07-21 09:04:00,1007.0,1009.0,1006.0,1007.0,9463.0,1427199.0,1428118.0
2026-07-21 09:05:00,1007.0,1009.0,1007.0,1008.0,3684.0,1428118.0,1427811.0
2026-07-21 09:06:00,1008.0,1008.0,1006.0,1008.0,2422.0,1427811.0,1427260.0
2026-07-21 09:07:00,1008.0,1009.0,1007.0,1009.0,4141.0,1427260.0,1426504.0
2026-07-21 09:08:00,1009.0,1009.0,1008.0,1008.0,3169.0,1426504.0,1426352.0
2026-07-21 09:09:00,1008.0,1009.0,1007.0,1008.0,2961.0,1426352.0,1425922.0
2026-07-21 09:10:00,1008.0,1009.0,1008.0,1008.0,1080.0,1425922.0,1425879.0
2026-07-21 09:11:00,1008.0,1009.0,1006.0,1006.0,3888.0,1425879.0,1426543.0
2026-07-21 09:12:00,1006.0,1008.0,1006.0,1008.0,1536.0,1426543.0,1426789.0
2026-07-21 09:13:00,1008.0,1008.0,1006.0,1008.0,1440.0,1426789.0,1426730.0
2026-07-21 09:14:00,1008.0,1008.0,1007.0,1007.0,479.0,1426730.0,1426724.0
2026-07-21 09:15:00,1007.0,1008.0,1006.0,1007.0,844.0,1426724.0,1426504.0
2026-07-21 09:16:00,1007.0,1008.0,1006.0,1007.0,1843.0,1426504.0,1426819.0
2026-07-21 09:17:00,1007.0,1009.0,1007.0,1008.0,1733.0,1426819.0,1427139.0
2026-07-21 09:18:00,1008.0,1009.0,1008.0,1008.0,499.0,1427139.0,1427117.0
2026-07-21 09:19:00,1008.0,1009.0,1008.0,1009.0,3592.0,1427117.0,1427313.0
2026-07-21 09:20:00,1009.0,1009.0,1007.0,1008.0,3594.0,1427313.0,1427929.0
2026-07-21 09:21:00,1008.0,1008.0,1006.0,1007.0,4007.0,1427929.0,1427152.0
2026-07-21 09:22:00,1007.0,1008.0,1006.0,1007.0,923.0,1427152.0,1426932.0
2026-07-21 09:23:00,1007.0,1008.0,1007.0,1007.0,772.0,1426932.0,1426610.0
2026-07-21 09:24:00,1007.0,1008.0,1006.0,1007.0,2250.0,1426610.0,1426211.0
2026-07-21 09:25:00,1007.0,1007.0,1006.0,1007.0,874.0,1426211.0,1426037.0
2026-07-21 09:26:00,1007.0,1007.0,1006.0,1007.0,790.0,1426037.0,1425824.0
2026-07-21 09:27:00,1007.0,1007.0,1005.0,1006.0,2044.0,1425824.0,1425765.0
2026-07-21 09:28:00,1006.0,1006.0,1005.0,1005.0,3706.0,1425765.0,1424248.0
2026-07-21 09:29:00,1005.0,1006.0,1005.0,1005.0,2208.0,1424248.0,1424379.0
2026-07-21 09:30:00,1005.0,1006.0,1004.0,1005.0,3320.0,1424379.0,1425322.0
2026-07-21 09:31:00,1005.0,1006.0,1004.0,1005.0,1776.0,1425322.0,1424674.0
2026-07-21 09:32:00,1005.0,1005.0,1004.0,1004.0,743.0,1424674.0,1424686.0
2026-07-21 09:33:00,1004.0,1005.0,1004.0,1004.0,585.0,1424686.0,1424874.0
2026-07-21 09:34:00,1004.0,1006.0,1004.0,1005.0,2744.0,1424874.0,1424889.0
2026-07-21 09:35:00,1005.0,1006.0,1004.0,1006.0,1024.0,1424889.0,1425041.0
2026-07-21 09:36:00,1006.0,1007.0,1005.0,1006.0,1679.0,1425041.0,1425413.0
2026-07-21 09:37:00,1006.0,1007.0,1006.0,1006.0,622.0,1425413.0,1425702.0
2026-07-21 09:38:00,1006.0,1009.0,1006.0,1008.0,3326.0,1425702.0,1425972.0
2026-07-21 09:39:00,1008.0,1009.0,1008.0,1008.0,1053.0,1425972.0,1425819.0
2026-07-21 09:40:00,1008.0,1010.0,1008.0,1009.0,3062.0,1425819.0,1425421.0
2026-07-21 09:41:00,1009.0,1010.0,1008.0,1009.0,4798.0,1425421.0,1424856.0
2026-07-21 09:42:00,1009.0,1011.0,1009.0,1010.0,7742.0,1424856.0,1422487.0
2026-07-21 09:43:00,1010.0,1011.0,1009.0,1009.0,2080.0,1422487.0,1422403.0
2026-07-21 09:44:00,1009.0,1010.0,1009.0,1009.0,737.0,1422403.0,1422301.0
2026-07-21 09:45:00,1009.0,1010.0,1008.0,1010.0,3143.0,1422301.0,1423109.0
2026-07-21 09:46:00,1010.0,1010.0,1009.0,1010.0,943.0,1423109.0,1422965.0
2026-07-21 09:47:00,1010.0,1010.0,1008.0,1009.0,3064.0,1422965.0,1422471.0
2026-07-21 09:48:00,1009.0,1009.0,1007.0,1008.0,2232.0,1422471.0,1422258.0
2026-07-21 09:49:00,1008.0,1008.0,1006.0,1007.0,1801.0,1422258.0,1422185.0
2026-07-21 09:50:00,1007.0,1007.0,1006.0,1007.0,500.0,1422185.0,1422316.0
2026-07-21 09:51:00,1007.0,1007.0,1006.0,1007.0,423.0,1422316.0,1422223.0
2026-07-21 09:52:00,1007.0,1007.0,1005.0,1006.0,3356.0,1422223.0,1422581.0
2026-07-21 09:53:00,1006.0,1007.0,1004.0,1005.0,4268.0,1422581.0,1422684.0
2026-07-21 09:54:00,1005.0,1005.0,1004.0,1004.0,3163.0,1422684.0,1422455.0
2026-07-21 09:55:00,1004.0,1005.0,1003.0,1005.0,4748.0,1422455.0,1422070.0
2026-07-21 09:56:00,1005.0,1005.0,1003.0,1003.0,2350.0,1422070.0,1422709.0
2026-07-21 09:57:00,1003.0,1004.0,1003.0,1003.0,3127.0,1422709.0,1423925.0
2026-07-21 09:58:00,1003.0,1005.0,1003.0,1004.0,2008.0,1423925.0,1424687.0
2026-07-21 09:59:00,1004.0,1005.0,1003.0,1004.0,2621.0,1424687.0,1424884.0
2026-07-21 10:00:00,1004.0,1005.0,1004.0,1005.0,1369.0,1424884.0,1425482.0
2026-07-21 10:01:00,1005.0,1005.0,1003.0,1004.0,1671.0,1425482.0,1425257.0
2026-07-21 10:02:00,1004.0,1005.0,1003.0,1005.0,2146.0,1425257.0,1425764.0
2026-07-21 10:03:00,1005.0,1005.0,1003.0,1004.0,1553.0,1425764.0,1426314.0
2026-07-21 10:04:00,1004.0,1005.0,1003.0,1004.0,932.0,1426314.0,1426570.0
2026-07-21 10:05:00,1004.0,1004.0,1002.0,1003.0,7284.0,1426570.0,1428511.0
2026-07-21 10:06:00,1003.0,1003.0,1002.0,1002.0,1197.0,1428511.0,1428826.0
2026-07-21 10:07:00,1002.0,1003.0,1001.0,1001.0,7545.0,1428826.0,1428284.0
2026-07-21 10:08:00,1001.0,1002.0,1000.0,1001.0,3392.0,1428284.0,1428396.0
2026-07-21 10:09:00,1001.0,1002.0,1001.0,1001.0,1851.0,1428396.0,1428767.0
2026-07-21 10:10:00,1001.0,1003.0,1001.0,1002.0,5139.0,1428767.0,1429649.0
2026-07-21 10:11:00,1002.0,1002.0,1001.0,1001.0,849.0,1429649.0,1429797.0
2026-07-21 10:12:00,1001.0,1002.0,1001.0,1001.0,1287.0,1429797.0,1430209.0
2026-07-21 10:13:00,1001.0,1003.0,1001.0,1002.0,1927.0,1430209.0,1430682.0
2026-07-21 10:14:00,1002.0,1003.0,1002.0,1003.0,2052.0,1430682.0,1430799.0
2026-07-21 10:30:00,1003.0,1004.0,1002.0,1003.0,4168.0,1430799.0,1430917.0
2026-07-21 10:31:00,1003.0,1004.0,1003.0,1004.0,1752.0,1430917.0,1430248.0
2026-07-21 10:32:00,1004.0,1006.0,1003.0,1005.0,6032.0,1430248.0,1428925.0
2026-07-21 10:33:00,1005.0,1007.0,1005.0,1005.0,7630.0,1428925.0,1426641.0
2026-07-21 10:34:00,1005.0,1006.0,1005.0,1005.0,648.0,1426641.0,1426656.0
2026-07-21 10:35:00,1005.0,1006.0,1004.0,1005.0,2816.0,1426656.0,1426045.0
2026-07-21 10:36:00,1005.0,1006.0,1004.0,1005.0,1314.0,1426045.0,1425819.0
2026-07-21 10:37:00,1005.0,1006.0,1004.0,1005.0,2800.0,1425819.0,1424974.0
2026-07-21 10:38:00,1005.0,1006.0,1005.0,1005.0,917.0,1424974.0,1424680.0
2026-07-21 10:39:00,1005.0,1006.0,1005.0,1006.0,559.0,1424680.0,1424491.0
2026-07-21 10:40:00,1006.0,1006.0,1005.0,1006.0,393.0,1424491.0,1424452.0
2026-07-21 10:41:00,1006.0,1006.0,1005.0,1005.0,270.0,1424452.0,1424389.0
2026-07-21 10:42:00,1005.0,1007.0,1005.0,1006.0,4544.0,1424389.0,1424456.0
2026-07-21 10:43:00,1006.0,1006.0,1005.0,1005.0,571.0,1424456.0,1424236.0
2026-07-21 10:44:00,1005.0,1007.0,1005.0,1006.0,1564.0,1424236.0,1424158.0
2026-07-21 10:45:00,1006.0,1007.0,1005.0,1006.0,2025.0,1424158.0,1423617.0
2026-07-21 10:46:00,1006.0,1007.0,1005.0,1007.0,1240.0,1423617.0,1423635.0
2026-07-21 10:47:00,1007.0,1008.0,1006.0,1008.0,4152.0,1423635.0,1424666.0
2026-07-21 10:48:00,1008.0,1008.0,1007.0,1007.0,2837.0,1424666.0,1424940.0
2026-07-21 10:49:00,1007.0,1008.0,1006.0,1007.0,1529.0,1424940.0,1424781.0
2026-07-21 10:50:00,1007.0,1008.0,1006.0,1006.0,1862.0,1424781.0,1424483.0
2026-07-21 10:51:00,1006.0,1007.0,1005.0,1005.0,1655.0,1424483.0,1424836.0
2026-07-21 10:52:00,1005.0,1006.0,1005.0,1005.0,350.0,1424836.0,1424950.0
2026-07-21 10:53:00,1005.0,1006.0,1004.0,1004.0,2846.0,1424950.0,1425182.0
2026-07-21 10:54:00,1004.0,1005.0,1004.0,1004.0,664.0,1425182.0,1425044.0
2026-07-21 10:55:00,1004.0,1005.0,1004.0,1004.0,492.0,1425044.0,1425307.0
2026-07-21 10:56:00,1004.0,1005.0,1003.0,1003.0,5112.0,1425307.0,1427682.0
2026-07-21 10:57:00,1003.0,1004.0,1003.0,1004.0,1522.0,1427682.0,1427690.0
2026-07-21 10:58:00,1004.0,1004.0,1003.0,1003.0,1654.0,1427690.0,1427327.0
2026-07-21 10:59:00,1003.0,1004.0,1003.0,1003.0,455.0,1427327.0,1427409.0
2026-07-21 11:00:00,1003.0,1004.0,1003.0,1004.0,347.0,1427409.0,1427594.0
2026-07-21 11:01:00,1004.0,1005.0,1003.0,1004.0,2164.0,1427594.0,1427724.0
2026-07-21 11:02:00,1004.0,1005.0,1004.0,1004.0,465.0,1427724.0,1427720.0
2026-07-21 11:03:00,1004.0,1005.0,1004.0,1004.0,470.0,1427720.0,1427868.0
2026-07-21 11:04:00,1004.0,1005.0,1004.0,1005.0,405.0,1427868.0,1427759.0
2026-07-21 11:05:00,1005.0,1005.0,1003.0,1004.0,1542.0,1427759.0,1427570.0
2026-07-21 11:06:00,1004.0,1005.0,1003.0,1004.0,2393.0,1427570.0,1427746.0
2026-07-21 11:07:00,1004.0,1005.0,1004.0,1005.0,1171.0,1427746.0,1427250.0
2026-07-21 11:08:00,1005.0,1006.0,1005.0,1005.0,830.0,1427250.0,1427075.0
2026-07-21 11:09:00,1005.0,1007.0,1005.0,1006.0,3358.0,1427075.0,1426936.0
2026-07-21 11:10:00,1006.0,1006.0,1005.0,1006.0,339.0,1426936.0,1426857.0
2026-07-21 11:11:00,1006.0,1007.0,1005.0,1006.0,2914.0,1426857.0,1426432.0
2026-07-21 11:12:00,1006.0,1007.0,1006.0,1006.0,718.0,1426432.0,1426333.0
2026-07-21 11:13:00,1006.0,1007.0,1006.0,1006.0,482.0,1426333.0,1426456.0
2026-07-21 11:14:00,1006.0,1007.0,1005.0,1007.0,1808.0,1426456.0,1426348.0
2026-07-21 11:15:00,1007.0,1007.0,1005.0,1006.0,1629.0,1426348.0,1426635.0
2026-07-21 11:16:00,1006.0,1006.0,1005.0,1005.0,361.0,1426635.0,1426590.0
2026-07-21 11:17:00,1005.0,1006.0,1005.0,1006.0,209.0,1426590.0,1426589.0
2026-07-21 11:18:00,1006.0,1006.0,1005.0,1005.0,1008.0,1426589.0,1426525.0
2026-07-21 11:19:00,1005.0,1006.0,1004.0,1005.0,2108.0,1426525.0,1427569.0
2026-07-21 11:20:00,1005.0,1005.0,1004.0,1004.0,157.0,1427569.0,1427522.0
2026-07-21 11:21:00,1004.0,1006.0,1004.0,1005.0,1143.0,1427522.0,1427558.0
2026-07-21 11:22:00,1005.0,1006.0,1005.0,1005.0,612.0,1427558.0,1427444.0
2026-07-21 11:23:00,1005.0,1006.0,1004.0,1005.0,896.0,1427444.0,1427412.0
2026-07-21 11:24:00,1005.0,1006.0,1005.0,1005.0,587.0,1427412.0,1427210.0
2026-07-21 11:25:00,1005.0,1006.0,1005.0,1005.0,275.0,1427210.0,1427119.0
2026-07-21 11:26:00,1005.0,1006.0,1005.0,1005.0,579.0,1427119.0,1426866.0
2026-07-21 11:27:00,1005.0,1006.0,1005.0,1006.0,324.0,1426866.0,1426916.0
2026-07-21 11:28:00,1006.0,1006.0,1005.0,1005.0,1011.0,1426916.0,1426477.0
2026-07-21 11:29:00,1005.0,1006.0,1005.0,1006.0,1354.0,1426477.0,1426119.0
2026-07-21 13:30:00,1006.0,1008.0,1006.0,1007.0,5723.0,1426119.0,1425311.0
2026-07-21 13:31:00,1007.0,1009.0,1007.0,1009.0,7686.0,1425311.0,1423875.0
2026-07-21 13:32:00,1009.0,1009.0,1008.0,1008.0,4466.0,1423875.0,1423576.0
2026-07-21 13:33:00,1008.0,1009.0,1007.0,1008.0,3942.0,1423576.0,1423692.0
2026-07-21 13:34:00,1008.0,1008.0,1007.0,1007.0,471.0,1423692.0,1423655.0
2026-07-21 13:35:00,1007.0,1008.0,1007.0,1007.0,369.0,1423655.0,1423596.0
2026-07-21 13:36:00,1007.0,1008.0,1007.0,1007.0,2610.0,1423596.0,1424188.0
2026-07-21 13:37:00,1007.0,1008.0,1006.0,1008.0,2186.0,1424188.0,1423730.0
2026-07-21 13:38:00,1008.0,1008.0,1007.0,1007.0,2047.0,1423730.0,1423057.0
2026-07-21 13:39:00,1007.0,1008.0,1007.0,1007.0,323.0,1423057.0,1422884.0
2026-07-21 13:40:00,1007.0,1008.0,1007.0,1008.0,923.0,1422884.0,1422683.0
2026-07-21 13:41:00,1008.0,1009.0,1007.0,1008.0,3728.0,1422683.0,1422035.0
2026-07-21 13:42:00,1008.0,1009.0,1007.0,1007.0,2961.0,1422035.0,1421073.0
2026-07-21 13:43:00,1007.0,1009.0,1007.0,1008.0,1132.0,1421073.0,1420622.0
2026-07-21 13:44:00,1008.0,1009.0,1008.0,1008.0,672.0,1420622.0,1420406.0
2026-07-21 13:45:00,1008.0,1009.0,1008.0,1008.0,935.0,1420406.0,1420524.0
2026-07-21 13:46:00,1008.0,1009.0,1007.0,1007.0,1879.0,1420524.0,1419732.0
2026-07-21 13:47:00,1007.0,1009.0,1007.0,1009.0,1717.0,1419732.0,1419177.0
2026-07-21 13:48:00,1009.0,1010.0,1008.0,1009.0,6671.0,1419177.0,1418731.0
2026-07-21 13:49:00,1009.0,1011.0,1009.0,1011.0,8206.0,1418731.0,1419032.0
2026-07-21 13:50:00,1011.0,1011.0,1010.0,1011.0,870.0,1419032.0,1418956.0
2026-07-21 13:51:00,1011.0,1011.0,1008.0,1008.0,5749.0,1418956.0,1419284.0
2026-07-21 13:52:00,1008.0,1009.0,1008.0,1008.0,472.0,1419284.0,1419144.0
2026-07-21 13:53:00,1008.0,1009.0,1008.0,1008.0,448.0,1419144.0,1419301.0
2026-07-21 13:54:00,1008.0,1009.0,1008.0,1009.0,3727.0,1419301.0,1419976.0
2026-07-21 13:55:00,1009.0,1012.0,1009.0,1012.0,7519.0,1419976.0,1418651.0
2026-07-21 13:56:00,1012.0,1014.0,1011.0,1012.0,9829.0,1418651.0,1415224.0
2026-07-21 13:57:00,1012.0,1012.0,1011.0,1012.0,3443.0,1415224.0,1415159.0
2026-07-21 13:58:00,1012.0,1012.0,1010.0,1010.0,2686.0,1415159.0,1414325.0
2026-07-21 13:59:00,1010.0,1012.0,1010.0,1011.0,2769.0,1414325.0,1414561.0
2026-07-21 14:00:00,1011.0,1011.0,1010.0,1011.0,642.0,1414561.0,1414309.0
2026-07-21 14:01:00,1011.0,1012.0,1010.0,1012.0,4138.0,1414309.0,1413482.0
2026-07-21 14:02:00,1012.0,1012.0,1011.0,1011.0,1253.0,1413482.0,1413574.0
2026-07-21 14:03:00,1011.0,1012.0,1010.0,1010.0,3457.0,1413574.0,1413431.0
2026-07-21 14:04:00,1010.0,1012.0,1010.0,1011.0,3638.0,1413431.0,1413606.0
2026-07-21 14:05:00,1011.0,1011.0,1010.0,1010.0,1215.0,1413606.0,1413908.0
2026-07-21 14:06:00,1010.0,1012.0,1010.0,1011.0,3111.0,1413908.0,1414346.0
2026-07-21 14:07:00,1011.0,1012.0,1011.0,1011.0,911.0,1414346.0,1414297.0
2026-07-21 14:08:00,1011.0,1012.0,1010.0,1011.0,2793.0,1414297.0,1414195.0
2026-07-21 14:09:00,1011.0,1011.0,1010.0,1010.0,852.0,1414195.0,1413884.0
2026-07-21 14:10:00,1010.0,1011.0,1010.0,1010.0,1071.0,1413884.0,1413329.0
2026-07-21 14:11:00,1010.0,1012.0,1010.0,1011.0,2529.0,1413329.0,1412488.0
2026-07-21 14:12:00,1011.0,1011.0,1010.0,1010.0,445.0,1412488.0,1412351.0
2026-07-21 14:13:00,1010.0,1011.0,1010.0,1011.0,646.0,1412351.0,1412252.0
2026-07-21 14:14:00,1011.0,1011.0,1010.0,1010.0,342.0,1412252.0,1412124.0
2026-07-21 14:15:00,1010.0,1011.0,1010.0,1011.0,1068.0,1412124.0,1412306.0
2026-07-21 14:16:00,1011.0,1012.0,1010.0,1011.0,2975.0,1412306.0,1412213.0
2026-07-21 14:17:00,1011.0,1012.0,1010.0,1011.0,1736.0,1412213.0,1411478.0
2026-07-21 14:18:00,1011.0,1012.0,1011.0,1011.0,915.0,1411478.0,1411582.0
2026-07-21 14:19:00,1011.0,1012.0,1011.0,1012.0,385.0,1411582.0,1411410.0
2026-07-21 14:20:00,1012.0,1012.0,1011.0,1012.0,618.0,1411410.0,1411017.0
2026-07-21 14:21:00,1012.0,1012.0,1011.0,1011.0,807.0,1411017.0,1410918.0
2026-07-21 14:22:00,1011.0,1012.0,1011.0,1012.0,406.0,1410918.0,1410714.0
2026-07-21 14:23:00,1012.0,1013.0,1011.0,1011.0,7687.0,1410714.0,1410296.0
2026-07-21 14:24:00,1011.0,1014.0,1011.0,1014.0,4323.0,1410296.0,1408582.0
2026-07-21 14:25:00,1014.0,1014.0,1013.0,1014.0,3035.0,1408582.0,1407366.0
2026-07-21 14:26:00,1014.0,1014.0,1013.0,1014.0,4010.0,1407366.0,1407362.0
2026-07-21 14:27:00,1014.0,1015.0,1014.0,1015.0,3855.0,1407362.0,1406094.0
2026-07-21 14:28:00,1015.0,1015.0,1013.0,1013.0,5026.0,1406094.0,1405872.0
2026-07-21 14:29:00,1013.0,1014.0,1011.0,1013.0,11450.0,1405872.0,1407064.0
2026-07-21 14:30:00,1013.0,1014.0,1013.0,1013.0,1829.0,1407064.0,1406737.0
2026-07-21 14:31:00,1013.0,1014.0,1013.0,1013.0,1193.0,1406737.0,1407062.0
2026-07-21 14:32:00,1013.0,1014.0,1011.0,1011.0,4408.0,1407062.0,1406271.0
2026-07-21 14:33:00,1011.0,1013.0,1011.0,1012.0,3489.0,1406271.0,1406669.0
2026-07-21 14:34:00,1012.0,1012.0,1011.0,1012.0,778.0,1406669.0,1406813.0
2026-07-21 14:35:00,1012.0,1012.0,1011.0,1011.0,794.0,1406813.0,1406644.0
2026-07-21 14:36:00,1011.0,1012.0,1011.0,1012.0,865.0,1406644.0,1406605.0
2026-07-21 14:37:00,1012.0,1012.0,1010.0,1010.0,4564.0,1406605.0,1406501.0
2026-07-21 14:38:00,1010.0,1011.0,1010.0,1011.0,2743.0,1406501.0,1406328.0
2026-07-21 14:39:00,1011.0,1011.0,1009.0,1009.0,7222.0,1406328.0,1407821.0
2026-07-21 14:40:00,1009.0,1010.0,1008.0,1008.0,2742.0,1407821.0,1407653.0
2026-07-21 14:41:00,1008.0,1010.0,1008.0,1009.0,4311.0,1407653.0,1407959.0
2026-07-21 14:42:00,1009.0,1010.0,1008.0,1010.0,2054.0,1407959.0,1407829.0
2026-07-21 14:43:00,1010.0,1010.0,1009.0,1010.0,679.0,1407829.0,1407841.0
2026-07-21 14:44:00,1010.0,1010.0,1009.0,1010.0,2138.0,1407841.0,1408344.0
2026-07-21 14:45:00,1010.0,1010.0,1009.0,1010.0,985.0,1408344.0,1408432.0
2026-07-21 14:46:00,1010.0,1010.0,1008.0,1008.0,2991.0,1408432.0,1408481.0
2026-07-21 14:47:00,1008.0,1010.0,1008.0,1009.0,2174.0,1408481.0,1408622.0
2026-07-21 14:48:00,1009.0,1010.0,1008.0,1009.0,1566.0,1408622.0,1408725.0
2026-07-21 14:49:00,1009.0,1009.0,1008.0,1009.0,4344.0,1408725.0,1410192.0
2026-07-21 14:50:00,1009.0,1009.0,1008.0,1009.0,1616.0,1410192.0,1411060.0
2026-07-21 14:51:00,1009.0,1009.0,1007.0,1008.0,6679.0,1411060.0,1412860.0
2026-07-21 14:52:00,1008.0,1009.0,1008.0,1009.0,655.0,1412860.0,1412966.0
2026-07-21 14:53:00,1009.0,1009.0,1008.0,1008.0,1110.0,1412966.0,1412960.0
2026-07-21 14:54:00,1008.0,1009.0,1008.0,1008.0,931.0,1412960.0,1412952.0
2026-07-21 14:55:00,1008.0,1009.0,1008.0,1008.0,2321.0,1412952.0,1413200.0
2026-07-21 14:56:00,1008.0,1009.0,1008.0,1009.0,1361.0,1413200.0,1413274.0
2026-07-21 14:57:00,1009.0,1009.0,1008.0,1008.0,1155.0,1413274.0,1413101.0
2026-07-21 14:58:00,1008.0,1009.0,1008.0,1008.0,4328.0,1413101.0,1412367.0
2026-07-21 14:59:00,1008.0,1009.0,1007.0,1009.0,6576.0,1412367.0,1409758.0
2026-07-21 21:00:00,1009.0,1012.0,1007.0,1009.0,14534.0,1409758.0,1410228.0
2026-07-21 21:01:00,1009.0,1010.0,1008.0,1009.0,5884.0,1410228.0,1411349.0
2026-07-21 21:02:00,1009.0,1009.0,1007.0,1008.0,10887.0,1411349.0,1414045.0
2026-07-21 21:03:00,1008.0,1009.0,1006.0,1006.0,6321.0,1414045.0,1415879.0
2026-07-21 21:04:00,1006.0,1007.0,1005.0,1006.0,8454.0,1415879.0,1417782.0
2026-07-21 21:05:00,1006.0,1007.0,1005.0,1006.0,4637.0,1417782.0,1419720.0
2026-07-21 21:06:00,1006.0,1006.0,1001.0,1002.0,20760.0,1419720.0,1423284.0
2026-07-21 21:07:00,1002.0,1003.0,1001.0,1001.0,14765.0,1423284.0,1426620.0
2026-07-21 21:08:00,1001.0,1002.0,999.0,1000.0,26503.0,1426620.0,1434018.0
2026-07-21 21:09:00,1000.0,1001.0,999.0,1000.0,13587.0,1434018.0,1437531.0
2026-07-21 21:10:00,1000.0,1002.0,1000.0,1001.0,5356.0,1437531.0,1436887.0
2026-07-21 21:11:00,1001.0,1002.0,1001.0,1002.0,2662.0,1436887.0,1437646.0
2026-07-21 21:12:00,1002.0,1002.0,1000.0,1000.0,7537.0,1437646.0,1439877.0
2026-07-21 21:13:00,1000.0,1001.0,1000.0,1000.0,2478.0,1439877.0,1441214.0
2026-07-21 21:14:00,1000.0,1001.0,999.0,999.0,10038.0,1441214.0,1445768.0
2026-07-21 21:15:00,999.0,1000.0,998.0,1000.0,16764.0,1445768.0,1449287.0
2026-07-21 21:16:00,1000.0,1001.0,999.0,999.0,9245.0,1449287.0,1450391.0
2026-07-21 21:17:00,999.0,1000.0,998.0,1000.0,6009.0,1450391.0,1452472.0
2026-07-21 21:18:00,1000.0,1000.0,999.0,1000.0,1425.0,1452472.0,1453050.0
2026-07-21 21:19:00,1000.0,1000.0,999.0,999.0,2854.0,1453050.0,1453842.0
2026-07-21 21:20:00,999.0,1001.0,996.0,996.0,26755.0,1453842.0,1463702.0
2026-07-21 21:21:00,996.0,998.0,996.0,998.0,10289.0,1463702.0,1465640.0
2026-07-21 21:22:00,998.0,998.0,996.0,996.0,11924.0,1465640.0,1469022.0
2026-07-21 21:23:00,996.0,998.0,996.0,998.0,6225.0,1469022.0,1468103.0
2026-07-21 21:24:00,998.0,998.0,996.0,997.0,7388.0,1468103.0,1470604.0
2026-07-21 21:25:00,997.0,998.0,996.0,997.0,3902.0,1470604.0,1471459.0
2026-07-21 21:26:00,997.0,998.0,996.0,997.0,5174.0,1471459.0,1473105.0
2026-07-21 21:27:00,997.0,998.0,996.0,998.0,2639.0,1473105.0,1473746.0
2026-07-21 21:28:00,998.0,998.0,997.0,997.0,1764.0,1473746.0,1474570.0
2026-07-21 21:29:00,997.0,998.0,997.0,997.0,862.0,1474570.0,1474674.0
2026-07-21 21:30:00,997.0,998.0,997.0,997.0,1861.0,1474674.0,1475318.0
2026-07-21 21:31:00,997.0,998.0,997.0,998.0,1180.0,1475318.0,1475476.0
2026-07-21 21:32:00,998.0,998.0,997.0,997.0,2138.0,1475476.0,1475475.0
2026-07-21 21:33:00,997.0,998.0,997.0,998.0,6907.0,1475475.0,1476578.0
2026-07-21 21:34:00,998.0,999.0,997.0,999.0,5521.0,1476578.0,1478307.0
2026-07-21 21:35:00,999.0,1000.0,998.0,999.0,4644.0,1478307.0,1478567.0
2026-07-21 21:36:00,999.0,1000.0,998.0,998.0,1994.0,1478567.0,1478469.0
2026-07-21 21:37:00,998.0,999.0,998.0,999.0,807.0,1478469.0,1478338.0
2026-07-21 21:38:00,999.0,999.0,998.0,998.0,645.0,1478338.0,1478095.0
2026-07-21 21:39:00,998.0,999.0,998.0,998.0,507.0,1478095.0,1477956.0
2026-07-21 21:40:00,998.0,999.0,997.0,997.0,6998.0,1477956.0,1479098.0
2026-07-21 21:41:00,997.0,998.0,997.0,997.0,1118.0,1479098.0,1479448.0
2026-07-21 21:42:00,997.0,998.0,997.0,997.0,699.0,1479448.0,1479451.0
2026-07-21 21:43:00,997.0,999.0,997.0,999.0,3789.0,1479451.0,1479688.0
2026-07-21 21:44:00,999.0,999.0,998.0,999.0,2017.0,1479688.0,1479721.0
2026-07-21 21:45:00,999.0,999.0,997.0,998.0,2016.0,1479721.0,1479349.0
2026-07-21 21:46:00,998.0,999.0,997.0,998.0,2812.0,1479349.0,1479647.0
2026-07-21 21:47:00,998.0,999.0,998.0,999.0,1071.0,1479647.0,1479457.0
2026-07-21 21:48:00,999.0,999.0,998.0,998.0,341.0,1479457.0,1479614.0
2026-07-21 21:49:00,998.0,999.0,998.0,999.0,270.0,1479614.0,1479589.0
2026-07-21 21:50:00,999.0,999.0,997.0,997.0,4711.0,1479589.0,1479755.0
2026-07-21 21:51:00,997.0,998.0,997.0,997.0,411.0,1479755.0,1479788.0
2026-07-21 21:52:00,997.0,998.0,997.0,997.0,4368.0,1479788.0,1481976.0
2026-07-21 21:53:00,997.0,998.0,996.0,998.0,1332.0,1481976.0,1481721.0
2026-07-21 21:54:00,998.0,998.0,997.0,998.0,336.0,1481721.0,1481827.0
2026-07-21 21:55:00,998.0,998.0,996.0,997.0,3203.0,1481827.0,1483019.0
2026-07-21 21:56:00,997.0,998.0,997.0,998.0,1279.0,1483019.0,1483317.0
2026-07-21 21:57:00,998.0,998.0,996.0,997.0,3073.0,1483317.0,1484277.0
2026-07-21 21:58:00,997.0,998.0,997.0,998.0,991.0,1484277.0,1484461.0
2026-07-21 21:59:00,998.0,998.0,997.0,997.0,607.0,1484461.0,1484234.0
2026-07-21 22:00:00,997.0,998.0,997.0,997.0,476.0,1484234.0,1484272.0
2026-07-21 22:01:00,997.0,998.0,997.0,997.0,318.0,1484272.0,1484237.0
2026-07-21 22:02:00,997.0,998.0,997.0,997.0,339.0,1484237.0,1484158.0
2026-07-21 22:03:00,997.0,998.0,997.0,997.0,1466.0,1484158.0,1484968.0
2026-07-21 22:04:00,997.0,998.0,996.0,997.0,3316.0,1484968.0,1486796.0
2026-07-21 22:05:00,997.0,998.0,996.0,997.0,2076.0,1486796.0,1487158.0
2026-07-21 22:06:00,997.0,998.0,997.0,998.0,336.0,1487158.0,1487204.0
2026-07-21 22:07:00,998.0,998.0,996.0,997.0,1856.0,1487204.0,1487924.0
2026-07-21 22:08:00,997.0,997.0,996.0,997.0,823.0,1487924.0,1488140.0
2026-07-21 22:09:00,997.0,997.0,996.0,996.0,1149.0,1488140.0,1487992.0
2026-07-21 22:10:00,996.0,997.0,996.0,996.0,845.0,1487992.0,1488029.0
2026-07-21 22:11:00,996.0,997.0,996.0,996.0,797.0,1488029.0,1488480.0
2026-07-21 22:12:00,996.0,997.0,996.0,997.0,1009.0,1488480.0,1488949.0
2026-07-21 22:13:00,997.0,998.0,996.0,997.0,3112.0,1488949.0,1489069.0
2026-07-21 22:14:00,997.0,998.0,997.0,997.0,536.0,1489069.0,1488956.0
2026-07-21 22:15:00,997.0,998.0,997.0,997.0,587.0,1488956.0,1488820.0
2026-07-21 22:16:00,997.0,998.0,997.0,997.0,501.0,1488820.0,1488848.0
2026-07-21 22:17:00,997.0,998.0,997.0,997.0,458.0,1488848.0,1489014.0
2026-07-21 22:18:00,997.0,998.0,997.0,997.0,462.0,1489014.0,1488989.0
2026-07-21 22:19:00,997.0,998.0,997.0,998.0,2608.0,1488989.0,1489501.0
2026-07-21 22:20:00,998.0,998.0,996.0,997.0,1503.0,1489501.0,1489152.0
2026-07-21 22:21:00,997.0,997.0,996.0,997.0,713.0,1489152.0,1489484.0
2026-07-21 22:22:00,997.0,997.0,996.0,996.0,664.0,1489484.0,1489466.0
2026-07-21 22:23:00,996.0,997.0,996.0,996.0,652.0,1489466.0,1489719.0
2026-07-21 22:24:00,996.0,997.0,996.0,997.0,608.0,1489719.0,1489755.0
2026-07-21 22:25:00,997.0,997.0,996.0,996.0,1068.0,1489755.0,1490217.0
2026-07-21 22:26:00,996.0,997.0,996.0,997.0,482.0,1490217.0,1490476.0
2026-07-21 22:27:00,997.0,997.0,996.0,997.0,190.0,1490476.0,1490608.0
2026-07-21 22:28:00,997.0,997.0,996.0,996.0,461.0,1490608.0,1490796.0
2026-07-21 22:29:00,996.0,997.0,996.0,997.0,1214.0,1490796.0,1491103.0
2026-07-21 22:30:00,997.0,997.0,996.0,996.0,589.0,1491103.0,1491170.0
2026-07-21 22:31:00,996.0,997.0,996.0,996.0,317.0,1491170.0,1491226.0
2026-07-21 22:32:00,996.0,997.0,993.0,995.0,31274.0,1491226.0,1501488.0
2026-07-21 22:33:00,995.0,995.0,994.0,995.0,2886.0,1501488.0,1501378.0
2026-07-21 22:34:00,995.0,995.0,994.0,994.0,4866.0,1501378.0,1502700.0
2026-07-21 22:35:00,994.0,995.0,994.0,994.0,1714.0,1502700.0,1502611.0
2026-07-21 22:36:00,994.0,996.0,994.0,995.0,6480.0,1502611.0,1502111.0
2026-07-21 22:37:00,995.0,996.0,995.0,995.0,3089.0,1502111.0,1500766.0
2026-07-21 22:38:00,995.0,996.0,995.0,995.0,767.0,1500766.0,1500758.0
2026-07-21 22:39:00,995.0,996.0,995.0,995.0,585.0,1500758.0,1500727.0
2026-07-21 22:40:00,995.0,996.0,994.0,994.0,1371.0,1500727.0,1500744.0
2026-07-21 22:41:00,994.0,995.0,994.0,994.0,534.0,1500744.0,1500791.0
2026-07-21 22:42:00,994.0,995.0,994.0,994.0,1094.0,1500791.0,1500996.0
2026-07-21 22:43:00,994.0,995.0,994.0,995.0,614.0,1500996.0,1501052.0
2026-07-21 22:44:00,995.0,996.0,994.0,996.0,2404.0,1501052.0,1501242.0
2026-07-21 22:45:00,996.0,996.0,995.0,996.0,1999.0,1501242.0,1501462.0
2026-07-21 22:46:00,996.0,996.0,994.0,995.0,1500.0,1501462.0,1501600.0
2026-07-21 22:47:00,995.0,996.0,994.0,995.0,800.0,1501600.0,1501911.0
2026-07-21 22:48:00,995.0,995.0,994.0,995.0,968.0,1501911.0,1501744.0
2026-07-21 22:49:00,995.0,995.0,994.0,995.0,548.0,1501744.0,1501856.0
2026-07-21 22:50:00,995.0,995.0,994.0,994.0,567.0,1501856.0,1501905.0
2026-07-21 22:51:00,994.0,995.0,994.0,994.0,601.0,1501905.0,1501870.0
2026-07-21 22:52:00,994.0,995.0,994.0,994.0,1319.0,1501870.0,1501384.0
2026-07-21 22:53:00,994.0,996.0,994.0,995.0,2642.0,1501384.0,1500965.0
2026-07-21 22:54:00,995.0,996.0,995.0,996.0,423.0,1500965.0,1500832.0
2026-07-21 22:55:00,996.0,996.0,995.0,996.0,1173.0,1500832.0,1500642.0
2026-07-21 22:56:00,996.0,996.0,995.0,995.0,1130.0,1500642.0,1500592.0
2026-07-21 22:57:00,995.0,996.0,994.0,994.0,4176.0,1500592.0,1501197.0
2026-07-21 22:58:00,994.0,995.0,994.0,994.0,1558.0,1501197.0,1500427.0
2026-07-21 22:59:00,994.0,995.0,994.0,994.0,5468.0,1500427.0,1497842.0
2026-07-22 09:00:00,994.0,995.0,993.0,993.0,10265.0,1497842.0,1498565.0
2026-07-22 09:01:00,993.0,995.0,993.0,994.0,7060.0,1498565.0,1500427.0
2026-07-22 09:02:00,994.0,994.0,993.0,994.0,4463.0,1500427.0,1501184.0
2026-07-22 09:03:00,994.0,995.0,993.0,993.0,3961.0,1501184.0,1501841.0
2026-07-22 09:04:00,993.0,995.0,993.0,995.0,5064.0,1501841.0,1501877.0
2026-07-22 09:05:00,995.0,996.0,994.0,995.0,6873.0,1501877.0,1502708.0
2026-07-22 09:06:00,995.0,996.0,994.0,996.0,4771.0,1502708.0,1502790.0
2026-07-22 09:07:00,996.0,996.0,995.0,996.0,1161.0,1502790.0,1502655.0
2026-07-22 09:08:00,996.0,996.0,994.0,994.0,8522.0,1502655.0,1502694.0
2026-07-22 09:09:00,994.0,995.0,994.0,994.0,3449.0,1502694.0,1501263.0
2026-07-22 09:10:00,994.0,996.0,994.0,995.0,3317.0,1501263.0,1501900.0
2026-07-22 09:11:00,995.0,997.0,995.0,996.0,5040.0,1501900.0,1502210.0
2026-07-22 09:12:00,996.0,996.0,995.0,995.0,1003.0,1502210.0,1502470.0
2026-07-22 09:13:00,995.0,996.0,995.0,996.0,2817.0,1502470.0,1502473.0
2026-07-22 09:14:00,996.0,996.0,995.0,995.0,3665.0,1502473.0,1502713.0
2026-07-22 09:15:00,995.0,996.0,994.0,994.0,2234.0,1502713.0,1503287.0
2026-07-22 09:16:00,994.0,996.0,994.0,994.0,2227.0,1503287.0,1503382.0
2026-07-22 09:17:00,994.0,995.0,994.0,995.0,724.0,1503382.0,1503392.0
2026-07-22 09:18:00,995.0,995.0,994.0,995.0,1199.0,1503392.0,1503394.0
2026-07-22 09:19:00,995.0,995.0,993.0,993.0,3963.0,1503394.0,1505089.0
2026-07-22 09:20:00,993.0,994.0,993.0,993.0,632.0,1505089.0,1505282.0
2026-07-22 09:21:00,993.0,994.0,991.0,992.0,14240.0,1505282.0,1507426.0
2026-07-22 09:22:00,992.0,992.0,991.0,991.0,3054.0,1507426.0,1507118.0
2026-07-22 09:23:00,991.0,992.0,991.0,992.0,1974.0,1507118.0,1506968.0
2026-07-22 09:24:00,992.0,992.0,990.0,990.0,11067.0,1506968.0,1508188.0
2026-07-22 09:25:00,990.0,992.0,990.0,991.0,9289.0,1508188.0,1506998.0
2026-07-22 09:26:00,991.0,992.0,990.0,992.0,6522.0,1506998.0,1505081.0
2026-07-22 09:27:00,992.0,993.0,991.0,992.0,4641.0,1505081.0,1505504.0
2026-07-22 09:28:00,992.0,993.0,991.0,992.0,3074.0,1505504.0,1505386.0
2026-07-22 09:29:00,992.0,993.0,991.0,992.0,2846.0,1505386.0,1504964.0
2026-07-22 09:30:00,992.0,993.0,992.0,992.0,4058.0,1504964.0,1505525.0
2026-07-22 09:31:00,992.0,993.0,991.0,991.0,1707.0,1505525.0,1505467.0
2026-07-22 09:32:00,991.0,992.0,991.0,991.0,2228.0,1505467.0,1505336.0
2026-07-22 09:33:00,991.0,992.0,991.0,991.0,2044.0,1505336.0,1505481.0
2026-07-22 09:34:00,991.0,992.0,990.0,990.0,2935.0,1505481.0,1506730.0
2026-07-22 09:35:00,990.0,991.0,988.0,989.0,13516.0,1506730.0,1509196.0
2026-07-22 09:36:00,989.0,990.0,989.0,990.0,2738.0,1509196.0,1509792.0
2026-07-22 09:37:00,990.0,991.0,989.0,991.0,4906.0,1509792.0,1508315.0
2026-07-22 09:38:00,991.0,991.0,989.0,989.0,6518.0,1508315.0,1508620.0
2026-07-22 09:39:00,989.0,990.0,988.0,990.0,3222.0,1508620.0,1508582.0
2026-07-22 09:40:00,990.0,990.0,989.0,990.0,1697.0,1508582.0,1508381.0
2026-07-22 09:41:00,990.0,990.0,989.0,990.0,1515.0,1508381.0,1508812.0
2026-07-22 09:42:00,990.0,990.0,989.0,990.0,886.0,1508812.0,1508947.0
2026-07-22 09:43:00,990.0,991.0,989.0,990.0,5678.0,1508947.0,1508250.0
2026-07-22 09:44:00,990.0,992.0,990.0,992.0,3720.0,1508250.0,1508343.0
2026-07-22 09:45:00,992.0,992.0,990.0,991.0,1929.0,1508343.0,1508500.0
2026-07-22 09:46:00,991.0,992.0,990.0,991.0,1373.0,1508500.0,1508237.0
2026-07-22 09:47:00,991.0,992.0,990.0,991.0,1500.0,1508237.0,1508651.0
2026-07-22 09:48:00,991.0,992.0,990.0,991.0,1972.0,1508651.0,1508654.0
2026-07-22 09:49:00,991.0,992.0,990.0,990.0,2043.0,1508654.0,1508727.0
2026-07-22 09:50:00,990.0,991.0,990.0,991.0,676.0,1508727.0,1508735.0
2026-07-22 09:51:00,991.0,991.0,990.0,990.0,415.0,1508735.0,1508748.0
2026-07-22 09:52:00,990.0,991.0,990.0,990.0,885.0,1508748.0,1508966.0
2026-07-22 09:53:00,990.0,991.0,990.0,990.0,774.0,1508966.0,1508877.0
2026-07-22 09:54:00,990.0,991.0,990.0,991.0,605.0,1508877.0,1508779.0
2026-07-22 09:55:00,991.0,991.0,990.0,991.0,1438.0,1508779.0,1509200.0
2026-07-22 09:56:00,991.0,991.0,989.0,989.0,2472.0,1509200.0,1509428.0
2026-07-22 09:57:00,989.0,990.0,989.0,989.0,810.0,1509428.0,1509517.0
2026-07-22 09:58:00,989.0,990.0,989.0,990.0,702.0,1509517.0,1509393.0
2026-07-22 09:59:00,990.0,991.0,989.0,990.0,2665.0,1509393.0,1509217.0
2026-07-22 10:00:00,990.0,991.0,990.0,990.0,782.0,1509217.0,1508963.0
2026-07-22 10:01:00,990.0,991.0,990.0,991.0,794.0,1508963.0,1508924.0
2026-07-22 10:02:00,991.0,991.0,990.0,991.0,553.0,1508924.0,1508707.0
2026-07-22 10:03:00,991.0,991.0,990.0,990.0,516.0,1508707.0,1508670.0
2026-07-22 10:04:00,990.0,991.0,990.0,991.0,1077.0,1508670.0,1508073.0
2026-07-22 10:05:00,991.0,991.0,990.0,991.0,821.0,1508073.0,1507621.0
2026-07-22 10:06:00,991.0,991.0,990.0,991.0,1344.0,1507621.0,1507624.0
2026-07-22 10:07:00,991.0,991.0,990.0,990.0,689.0,1507624.0,1507365.0
2026-07-22 10:08:00,990.0,991.0,990.0,991.0,564.0,1507365.0,1507151.0
2026-07-22 10:09:00,991.0,992.0,991.0,992.0,3039.0,1507151.0,1505878.0
2026-07-22 10:10:00,992.0,992.0,991.0,991.0,1296.0,1505878.0,1505348.0
2026-07-22 10:11:00,991.0,992.0,990.0,990.0,1753.0,1505348.0,1505847.0
2026-07-22 10:12:00,990.0,992.0,990.0,991.0,1758.0,1505847.0,1506481.0
2026-07-22 10:13:00,991.0,992.0,990.0,991.0,1113.0,1506481.0,1506413.0
2026-07-22 10:14:00,991.0,991.0,990.0,990.0,1186.0,1506413.0,1506652.0
2026-07-22 10:30:00,990.0,991.0,990.0,990.0,1163.0,1506652.0,1506733.0
2026-07-22 10:31:00,990.0,991.0,989.0,990.0,3667.0,1506733.0,1507687.0
2026-07-22 10:32:00,990.0,992.0,990.0,992.0,3471.0,1507687.0,1506789.0
2026-07-22 10:33:00,992.0,992.0,991.0,992.0,684.0,1506789.0,1506823.0
2026-07-22 10:34:00,992.0,992.0,990.0,991.0,2055.0,1506823.0,1506737.0
2026-07-22 10:35:00,991.0,991.0,990.0,990.0,795.0,1506737.0,1506508.0
2026-07-22 10:36:00,990.0,992.0,990.0,991.0,2227.0,1506508.0,1506216.0
2026-07-22 10:37:00,991.0,991.0,990.0,990.0,458.0,1506216.0,1506306.0
2026-07-22 10:38:00,990.0,991.0,990.0,991.0,1111.0,1506306.0,1506760.0
2026-07-22 10:39:00,991.0,991.0,990.0,991.0,422.0,1506760.0,1506971.0
2026-07-22 10:40:00,991.0,991.0,990.0,991.0,1148.0,1506971.0,1506960.0
2026-07-22 10:41:00,991.0,992.0,990.0,992.0,1868.0,1506960.0,1506024.0
2026-07-22 10:42:00,992.0,992.0,991.0,991.0,1003.0,1506024.0,1506014.0
2026-07-22 10:43:00,991.0,993.0,991.0,992.0,5443.0,1506014.0,1504944.0
2026-07-22 10:44:00,992.0,993.0,992.0,993.0,882.0,1504944.0,1504546.0
2026-07-22 10:45:00,993.0,993.0,992.0,993.0,1066.0,1504546.0,1504245.0
2026-07-22 10:46:00,993.0,994.0,992.0,993.0,3873.0,1504245.0,1502581.0
2026-07-22 10:47:00,993.0,994.0,993.0,994.0,4099.0,1502581.0,1501666.0
2026-07-22 10:48:00,994.0,995.0,993.0,994.0,5512.0,1501666.0,1499447.0
2026-07-22 10:49:00,994.0,995.0,993.0,994.0,6439.0,1499447.0,1497596.0
2026-07-22 10:50:00,994.0,995.0,993.0,994.0,2123.0,1497596.0,1497183.0
2026-07-22 10:51:00,994.0,995.0,993.0,994.0,2085.0,1497183.0,1496796.0
2026-07-22 10:52:00,994.0,997.0,994.0,997.0,12491.0,1496796.0,1492357.0
2026-07-22 10:53:00,997.0,1002.0,996.0,1001.0,26687.0,1492357.0,1483086.0
2026-07-22 10:54:00,1001.0,1004.0,1001.0,1004.0,22860.0,1483086.0,1475099.0
2026-07-22 10:55:00,1004.0,1008.0,1003.0,1007.0,32815.0,1475099.0,1465857.0
2026-07-22 10:56:00,1007.0,1010.0,1006.0,1009.0,26842.0,1465857.0,1462552.0
2026-07-22 10:57:00,1009.0,1012.0,1008.0,1011.0,29105.0,1462552.0,1458616.0
2026-07-22 10:58:00,1011.0,1011.0,1009.0,1010.0,16529.0,1458616.0,1457297.0
2026-07-22 10:59:00,1010.0,1012.0,1010.0,1011.0,18732.0,1457297.0,1455746.0
2026-07-22 11:00:00,1011.0,1014.0,1011.0,1014.0,26471.0,1455746.0,1450763.0
2026-07-22 11:01:00,1014.0,1015.0,1012.0,1014.0,20193.0,1450763.0,1448101.0
2026-07-22 11:02:00,1014.0,1015.0,1012.0,1013.0,20052.0,1448101.0,1443458.0
2026-07-22 11:03:00,1013.0,1013.0,1010.0,1011.0,14071.0,1443458.0,1440714.0
2026-07-22 11:04:00,1011.0,1013.0,1010.0,1013.0,10367.0,1440714.0,1438837.0
2026-07-22 11:05:00,1013.0,1013.0,1011.0,1012.0,6225.0,1438837.0,1438468.0
2026-07-22 11:06:00,1012.0,1012.0,1010.0,1011.0,6393.0,1438468.0,1437173.0
2026-07-22 11:07:00,1011.0,1013.0,1010.0,1010.0,12673.0,1437173.0,1435256.0
2026-07-22 11:08:00,1010.0,1012.0,1010.0,1012.0,3600.0,1435256.0,1434436.0
2026-07-22 11:09:00,1012.0,1013.0,1011.0,1013.0,3876.0,1434436.0,1434049.0
2026-07-22 11:10:00,1013.0,1014.0,1012.0,1014.0,7197.0,1434049.0,1434183.0
2026-07-22 11:11:00,1014.0,1014.0,1012.0,1012.0,2950.0,1434183.0,1433618.0
2026-07-22 11:12:00,1012.0,1014.0,1012.0,1013.0,6552.0,1433618.0,1433407.0
2026-07-22 11:13:00,1013.0,1014.0,1012.0,1014.0,3262.0,1433407.0,1432688.0
2026-07-22 11:14:00,1014.0,1018.0,1013.0,1017.0,24413.0,1432688.0,1430221.0
2026-07-22 11:15:00,1017.0,1017.0,1014.0,1015.0,15030.0,1430221.0,1429117.0
2026-07-22 11:16:00,1015.0,1017.0,1015.0,1015.0,8477.0,1429117.0,1428855.0
2026-07-22 11:17:00,1015.0,1016.0,1014.0,1015.0,5854.0,1428855.0,1427482.0
2026-07-22 11:18:00,1015.0,1016.0,1014.0,1015.0,4372.0,1427482.0,1425782.0
2026-07-22 11:19:00,1015.0,1015.0,1014.0,1014.0,1506.0,1425782.0,1425190.0
2026-07-22 11:20:00,1014.0,1015.0,1014.0,1015.0,1763.0,1425190.0,1424613.0
