time,open,high,low,close,volume,open_oi,close_oi
2025-09-12 21:00:00,1405.0,1407.0,1398.0,1402.0,129.0,0.0,124.0
2025-09-12 21:30:00,1402.0,1408.0,1402.0,1406.0,118.0,124.0,232.0
2025-09-12 22:00:00,1406.0,1408.0,1405.0,1405.0,60.0,232.0,291.0
2025-09-12 22:30:00,1405.0,1408.0,1400.0,1402.0,60.0,291.0,338.0
2025-09-15 09:00:00,1402.0,1407.0,1395.0,1399.0,178.0,338.0,476.0
2025-09-15 09:30:00,1399.0,1408.0,1399.0,1408.0,43.0,476.0,509.0
2025-09-15 10:00:00,1408.0,1408.0,1402.0,1402.0,36.0,509.0,544.0
2025-09-15 10:30:00,1402.0,1408.0,1402.0,1408.0,40.0,544.0,582.0
2025-09-15 11:00:00,1408.0,1418.0,1408.0,1415.0,345.0,582.0,893.0
2025-09-15 13:30:00,1415.0,1418.0,1409.0,1413.0,910.0,893.0,1644.0
2025-09-15 14:00:00,1413.0,1417.0,1410.0,1415.0,445.0,1644.0,1975.0
2025-09-15 14:30:00,1415.0,1416.0,1411.0,1412.0,177.0,1975.0,2114.0
2025-09-15 21:00:00,1416.0,1447.0,1416.0,1447.0,1492.0,2114.0,3348.0
2025-09-15 21:30:00,1447.0,1450.0,1441.0,1449.0,245.0,3348.0,3481.0
2025-09-15 22:00:00,1449.0,1452.0,1446.0,1451.0,259.0,3481.0,3654.0
2025-09-15 22:30:00,1451.0,1457.0,1449.0,1456.0,142.0,3654.0,3731.0
2025-09-16 09:00:00,1457.0,1458.0,1447.0,1447.0,445.0,3731.0,4033.0
2025-09-16 09:30:00,1447.0,1448.0,1442.0,1446.0,81.0,4033.0,4000.0
2025-09-16 10:00:00,1446.0,1449.0,1445.0,1449.0,63.0,4000.0,4041.0
2025-09-16 10:30:00,1447.0,1447.0,1437.0,1437.0,170.0,4041.0,4065.0
2025-09-16 11:00:00,1437.0,1445.0,1437.0,1445.0,88.0,4065.0,4097.0
2025-09-16 13:30:00,1445.0,1450.0,1444.0,1450.0,302.0,4097.0,4350.0
2025-09-16 14:00:00,1450.0,1452.0,1446.0,1448.0,449.0,4350.0,4717.0
2025-09-16 14:30:00,1448.0,1450.0,1446.0,1448.0,192.0,4717.0,4853.0
2025-09-16 21:00:00,1452.0,1452.0,1441.0,1444.0,180.0,4853.0,4922.0
2025-09-16 21:30:00,1444.0,1451.0,1444.0,1447.0,124.0,4922.0,5004.0
2025-09-16 22:00:00,1447.0,1449.0,1446.0,1448.0,13.0,5004.0,5012.0
2025-09-16 22:30:00,1448.0,1450.0,1447.0,1448.0,59.0,5012.0,5052.0
2025-09-17 09:00:00,1448.0,1451.0,1443.0,1445.0,230.0,5052.0,5160.0
2025-09-17 09:30:00,1445.0,1446.0,1443.0,1445.0,136.0,5160.0,5198.0
2025-09-17 10:00:00,1445.0,1446.0,1443.0,1446.0,119.0,5198.0,5200.0
2025-09-17 10:30:00,1446.0,1451.0,1446.0,1450.0,84.0,5200.0,5242.0
2025-09-17 11:00:00,1450.0,1454.0,1450.0,1452.0,98.0,5242.0,5300.0
2025-09-17 13:30:00,1453.0,1456.0,1449.0,1454.0,73.0,5300.0,5342.0
2025-09-17 14:00:00,1454.0,1456.0,1446.0,1450.0,93.0,5342.0,5378.0
2025-09-17 14:30:00,1450.0,1454.0,1449.0,1452.0,215.0,5378.0,5468.0
2025-09-17 21:00:00,1451.0,1457.0,1451.0,1457.0,113.0,5468.0,5527.0
2025-09-17 21:30:00,1457.0,1457.0,1453.0,1455.0,51.0,5527.0,5536.0
2025-09-17 22:00:00,1455.0,1456.0,1453.0,1454.0,25.0,5536.0,5541.0
2025-09-17 22:30:00,1454.0,1457.0,1453.0,1455.0,53.0,5541.0,5578.0
2025-09-18 09:00:00,1455.0,1455.0,1440.0,1442.0,332.0,5578.0,5689.0
2025-09-18 09:30:00,1442.0,1448.0,1441.0,1448.0,241.0,5689.0,5828.0
2025-09-18 10:00:00,1448.0,1451.0,1445.0,1450.0,160.0,5828.0,5922.0
2025-09-18 10:30:00,1450.0,1451.0,1445.0,1447.0,247.0,5922.0,5988.0
2025-09-18 11:00:00,1447.0,1449.0,1440.0,1444.0,61.0,5988.0,5974.0
2025-09-18 13:30:00,1444.0,1448.0,1441.0,1441.0,48.0,5974.0,5980.0
2025-09-18 14:00:00,1441.0,1444.0,1438.0,1441.0,181.0,5980.0,6032.0
2025-09-18 14:30:00,1441.0,1446.0,1440.0,1442.0,79.0,6032.0,6030.0
2025-09-18 21:00:00,1442.0,1445.0,1438.0,1444.0,118.0,6030.0,6064.0
2025-09-18 21:30:00,1444.0,1448.0,1443.0,1447.0,50.0,6064.0,6090.0
2025-09-18 22:00:00,1447.0,1449.0,1446.0,1446.0,20.0,6090.0,6101.0
2025-09-18 22:30:00,1446.0,1448.0,1444.0,1445.0,52.0,6101.0,6096.0
2025-09-19 09:00:00,1445.0,1452.0,1444.0,1451.0,97.0,6096.0,6111.0
2025-09-19 09:30:00,1451.0,1454.0,1449.0,1449.0,89.0,6111.0,6157.0
2025-09-19 10:00:00,1449.0,1453.0,1449.0,1453.0,28.0,6157.0,6164.0
2025-09-19 10:30:00,1452.0,1455.0,1451.0,1451.0,68.0,6164.0,6195.0
2025-09-19 11:00:00,1451.0,1453.0,1451.0,1451.0,19.0,6195.0,6207.0
2025-09-19 13:30:00,1451.0,1451.0,1444.0,1447.0,146.0,6207.0,6231.0
2025-09-19 14:00:00,1447.0,1454.0,1447.0,1454.0,93.0,6231.0,6287.0
2025-09-19 14:30:00,1454.0,1456.0,1451.0,1454.0,243.0,6287.0,6406.0
2025-09-19 21:00:00,1454.0,1463.0,1454.0,1460.0,327.0,6406.0,6552.0
2025-09-19 21:30:00,1460.0,1461.0,1457.0,1458.0,61.0,6552.0,6593.0
2025-09-19 22:00:00,1458.0,1460.0,1457.0,1460.0,16.0,6593.0,6595.0
2025-09-19 22:30:00,1460.0,1461.0,1456.0,1457.0,80.0,6595.0,6621.0
2025-09-22 09:00:00,1457.0,1460.0,1452.0,1460.0,188.0,6621.0,6683.0
2025-09-22 09:30:00,1460.0,1460.0,1453.0,1455.0,74.0,6683.0,6707.0
2025-09-22 10:00:00,1455.0,1455.0,1450.0,1450.0,53.0,6707.0,6731.0
2025-09-22 10:30:00,1450.0,1455.0,1448.0,1452.0,160.0,6731.0,6765.0
2025-09-22 11:00:00,1452.0,1452.0,1440.0,1440.0,352.0,6765.0,6779.0
2025-09-22 13:30:00,1440.0,1445.0,1437.0,1440.0,182.0,6779.0,6703.0
2025-09-22 14:00:00,1440.0,1442.0,1435.0,1442.0,410.0,6703.0,6532.0
2025-09-22 14:30:00,1442.0,1442.0,1437.0,1438.0,438.0,6532.0,6451.0
2025-09-22 21:00:00,1438.0,1438.0,1418.0,1420.0,800.0,6451.0,6513.0
2025-09-22 21:30:00,1420.0,1426.0,1420.0,1426.0,147.0,6513.0,6525.0
2025-09-22 22:00:00,1426.0,1427.0,1420.0,1420.0,232.0,6525.0,6471.0
2025-09-22 22:30:00,1420.0,1425.0,1416.0,1423.0,176.0,6471.0,6407.0
2025-09-23 09:00:00,1423.0,1429.0,1422.0,1428.0,159.0,6407.0,6369.0
2025-09-23 09:30:00,1428.0,1429.0,1425.0,1425.0,52.0,6369.0,6343.0
2025-09-23 10:00:00,1425.0,1425.0,1416.0,1421.0,115.0,6343.0,6333.0
2025-09-23 10:30:00,1421.0,1427.0,1416.0,1427.0,204.0,6333.0,6266.0
2025-09-23 11:00:00,1427.0,1427.0,1418.0,1421.0,110.0,6266.0,6288.0
2025-09-23 13:30:00,1421.0,1422.0,1413.0,1419.0,244.0,6288.0,6340.0
2025-09-23 14:00:00,1419.0,1421.0,1416.0,1418.0,48.0,6340.0,6367.0
2025-09-23 14:30:00,1418.0,1424.0,1418.0,1423.0,91.0,6367.0,6375.0
2025-09-23 21:00:00,1422.0,1425.0,1419.0,1420.0,425.0,6375.0,6657.0
2025-09-23 21:30:00,1420.0,1424.0,1420.0,1423.0,83.0,6657.0,6656.0
2025-09-23 22:00:00,1423.0,1424.0,1421.0,1424.0,32.0,6656.0,6664.0
2025-09-23 22:30:00,1424.0,1424.0,1422.0,1422.0,18.0,6664.0,6661.0
2025-09-24 09:00:00,1422.0,1431.0,1420.0,1425.0,254.0,6661.0,6554.0
2025-09-24 09:30:00,1425.0,1430.0,1424.0,1426.0,96.0,6554.0,6561.0
2025-09-24 10:00:00,1426.0,1428.0,1426.0,1428.0,21.0,6561.0,6559.0
2025-09-24 10:30:00,1428.0,1431.0,1423.0,1430.0,70.0,6559.0,6551.0
2025-09-24 11:00:00,1430.0,1431.0,1426.0,1429.0,25.0,6551.0,6549.0
2025-09-24 13:30:00,1429.0,1452.0,1429.0,1446.0,818.0,6549.0,6541.0
2025-09-24 14:00:00,1446.0,1462.0,1446.0,1453.0,788.0,6541.0,6709.0
2025-09-24 14:30:00,1453.0,1453.0,1443.0,1448.0,421.0,6709.0,6695.0
2025-09-24 21:00:00,1449.0,1457.0,1447.0,1452.0,262.0,6695.0,6718.0
2025-09-24 21:30:00,1452.0,1453.0,1450.0,1451.0,91.0,6718.0,6748.0
2025-09-24 22:00:00,1451.0,1452.0,1448.0,1450.0,29.0,6748.0,6758.0
2025-09-24 22:30:00,1450.0,1451.0,1448.0,1449.0,58.0,6758.0,6773.0
2025-09-25 09:00:00,1450.0,1454.0,1447.0,1454.0,89.0,6773.0,6785.0
2025-09-25 09:30:00,1454.0,1455.0,1451.0,1452.0,39.0,6785.0,6775.0
2025-09-25 10:00:00,1452.0,1457.0,1450.0,1455.0,63.0,6775.0,6799.0
2025-09-25 10:30:00,1455.0,1460.0,1453.0,1456.0,382.0,6799.0,7001.0
2025-09-25 11:00:00,1456.0,1459.0,1454.0,1456.0,316.0,7001.0,7186.0
2025-09-25 13:30:00,1456.0,1457.0,1453.0,1456.0,143.0,7186.0,7253.0
2025-09-25 14:00:00,1456.0,1459.0,1454.0,1456.0,457.0,7253.0,7469.0
2025-09-25 14:30:00,1456.0,1459.0,1454.0,1459.0,122.0,7469.0,7509.0
2025-09-25 21:00:00,1459.0,1459.0,1450.0,1453.0,197.0,7509.0,7517.0
2025-09-25 21:30:00,1453.0,1453.0,1448.0,1451.0,96.0,7517.0,7534.0
2025-09-25 22:00:00,1451.0,1453.0,1448.0,1450.0,69.0,7534.0,7541.0
2025-09-25 22:30:00,1450.0,1453.0,1450.0,1451.0,25.0,7541.0,7531.0
2025-09-26 09:00:00,1451.0,1452.0,1440.0,1445.0,281.0,7531.0,7566.0
2025-09-26 09:30:00,1445.0,1445.0,1438.0,1439.0,83.0,7566.0,7566.0
2025-09-26 10:00:00,1439.0,1445.0,1439.0,1444.0,34.0,7566.0,7553.0
2025-09-26 10:30:00,1444.0,1454.0,1443.0,1454.0,126.0,7553.0,7535.0
2025-09-26 11:00:00,1454.0,1455.0,1450.0,1450.0,95.0,7535.0,7516.0
2025-09-26 13:30:00,1450.0,1455.0,1448.0,1449.0,131.0,7516.0,7575.0
2025-09-26 14:00:00,1449.0,1449.0,1441.0,1442.0,380.0,7575.0,7347.0
2025-09-26 14:30:00,1442.0,1443.0,1436.0,1439.0,460.0,7347.0,7258.0
2025-09-26 21:00:00,1438.0,1443.0,1431.0,1441.0,437.0,7258.0,7244.0
2025-09-26 21:30:00,1441.0,1442.0,1431.0,1433.0,199.0,7244.0,7259.0
2025-09-26 22:00:00,1433.0,1439.0,1433.0,1435.0,303.0,7259.0,7285.0
2025-09-26 22:30:00,1435.0,1439.0,1430.0,1433.0,91.0,7285.0,7269.0
2025-09-29 09:00:00,1433.0,1434.0,1425.0,1427.0,167.0,7269.0,7305.0
2025-09-29 09:30:00,1427.0,1432.0,1424.0,1432.0,198.0,7305.0,7359.0
2025-09-29 10:00:00,1432.0,1432.0,1428.0,1432.0,85.0,7359.0,7354.0
2025-09-29 10:30:00,1432.0,1433.0,1429.0,1429.0,108.0,7354.0,7376.0
2025-09-29 11:00:00,1429.0,1435.0,1428.0,1434.0,43.0,7376.0,7362.0
2025-09-29 13:30:00,1434.0,1437.0,1434.0,1434.0,78.0,7362.0,7339.0
2025-09-29 14:00:00,1434.0,1439.0,1434.0,1436.0,82.0,7339.0,7324.0
2025-09-29 14:30:00,1436.0,1436.0,1426.0,1427.0,78.0,7324.0,7348.0
2025-09-29 21:00:00,1428.0,1432.0,1425.0,1431.0,55.0,7348.0,7357.0
2025-09-29 21:30:00,1431.0,1432.0,1430.0,1432.0,16.0,7357.0,7359.0
2025-09-29 22:00:00,1432.0,1433.0,1430.0,1432.0,52.0,7359.0,7329.0
2025-09-29 22:30:00,1432.0,1434.0,1426.0,1426.0,57.0,7329.0,7309.0
2025-09-30 09:00:00,1426.0,1429.0,1424.0,1425.0,161.0,7309.0,7322.0
2025-09-30 09:30:00,1425.0,1427.0,1422.0,1427.0,125.0,7322.0,7317.0
2025-09-30 10:00:00,1427.0,1427.0,1422.0,1424.0,10.0,7317.0,7308.0
2025-09-30 10:30:00,1424.0,1430.0,1422.0,1428.0,133.0,7308.0,7289.0
2025-09-30 11:00:00,1428.0,1428.0,1420.0,1421.0,48.0,7289.0,7297.0
2025-09-30 13:30:00,1421.0,1427.0,1421.0,1425.0,30.0,7297.0,7292.0
2025-09-30 14:00:00,1425.0,1425.0,1417.0,1418.0,161.0,7292.0,7304.0
2025-09-30 14:30:00,1418.0,1421.0,1409.0,1410.0,175.0,7304.0,7342.0
2025-10-09 09:00:00,1415.0,1421.0,1403.0,1407.0,346.0,7342.0,7431.0
2025-10-09 09:30:00,1407.0,1416.0,1405.0,1409.0,146.0,7431.0,7474.0
2025-10-09 10:00:00,1409.0,1417.0,1409.0,1416.0,41.0,7474.0,7478.0
2025-10-09 10:30:00,1416.0,1416.0,1408.0,1410.0,37.0,7478.0,7486.0
2025-10-09 11:00:00,1410.0,1411.0,1398.0,1403.0,325.0,7486.0,7385.0
2025-10-09 13:30:00,1401.0,1408.0,1398.0,1404.0,157.0,7385.0,7412.0
2025-10-09 14:00:00,1404.0,1410.0,1402.0,1405.0,139.0,7412.0,7467.0
2025-10-09 14:30:00,1405.0,1409.0,1405.0,1409.0,64.0,7467.0,7479.0
2025-10-09 21:00:00,1409.0,1426.0,1407.0,1425.0,752.0,7479.0,7688.0
2025-10-09 21:30:00,1425.0,1427.0,1412.0,1414.0,220.0,7688.0,7762.0
2025-10-09 22:00:00,1414.0,1416.0,1412.0,1412.0,86.0,7762.0,7798.0
2025-10-09 22:30:00,1412.0,1420.0,1412.0,1418.0,77.0,7798.0,7808.0
2025-10-10 09:00:00,1415.0,1418.0,1410.0,1411.0,215.0,7808.0,7922.0
2025-10-10 09:30:00,1411.0,1412.0,1408.0,1410.0,247.0,7922.0,8026.0
2025-10-10 10:00:00,1410.0,1410.0,1406.0,1408.0,48.0,8026.0,8044.0
2025-10-10 10:30:00,1406.0,1411.0,1405.0,1408.0,59.0,8044.0,8064.0
2025-10-10 11:00:00,1408.0,1408.0,1402.0,1403.0,179.0,8064.0,8147.0
2025-10-10 13:30:00,1403.0,1407.0,1402.0,1404.0,102.0,8147.0,8188.0
2025-10-10 14:00:00,1404.0,1404.0,1402.0,1402.0,54.0,8188.0,8193.0
2025-10-10 14:30:00,1402.0,1406.0,1402.0,1406.0,65.0,8193.0,8194.0
2025-10-10 21:00:00,1401.0,1407.0,1395.0,1403.0,545.0,8194.0,8167.0
2025-10-10 21:30:00,1403.0,1405.0,1401.0,1403.0,112.0,8167.0,8162.0
2025-10-10 22:00:00,1403.0,1404.0,1402.0,1402.0,77.0,8162.0,8159.0
2025-10-10 22:30:00,1402.0,1406.0,1400.0,1403.0,103.0,8159.0,8163.0
2025-10-13 09:00:00,1400.0,1408.0,1390.0,1404.0,540.0,8163.0,8073.0
2025-10-13 09:30:00,1404.0,1407.0,1401.0,1405.0,61.0,8073.0,8057.0
2025-10-13 10:00:00,1405.0,1405.0,1403.0,1405.0,18.0,8057.0,8056.0
2025-10-13 10:30:00,1405.0,1411.0,1404.0,1404.0,117.0,8056.0,8046.0
2025-10-13 11:00:00,1404.0,1406.0,1398.0,1401.0,193.0,8046.0,7984.0
2025-10-13 13:30:00,1401.0,1406.0,1401.0,1404.0,45.0,7984.0,7997.0
2025-10-13 14:00:00,1404.0,1409.0,1404.0,1409.0,68.0,7997.0,8042.0
2025-10-13 14:30:00,1409.0,1411.0,1404.0,1406.0,98.0,8042.0,8060.0
2025-10-13 21:00:00,1404.0,1407.0,1398.0,1399.0,143.0,8060.0,8115.0
2025-10-13 21:30:00,1399.0,1400.0,1397.0,1400.0,73.0,8115.0,8113.0
2025-10-13 22:00:00,1400.0,1400.0,1387.0,1390.0,314.0,8113.0,8158.0
2025-10-13 22:30:00,1390.0,1391.0,1382.0,1384.0,299.0,8158.0,8230.0
2025-10-14 09:00:00,1384.0,1388.0,1381.0,1387.0,230.0,8230.0,8201.0
2025-10-14 09:30:00,1387.0,1389.0,1385.0,1386.0,196.0,8201.0,8152.0
2025-10-14 10:00:00,1386.0,1389.0,1386.0,1388.0,6.0,8152.0,8150.0
2025-10-14 10:30:00,1388.0,1395.0,1386.0,1386.0,205.0,8150.0,8108.0
2025-10-14 11:00:00,1386.0,1387.0,1381.0,1384.0,188.0,8108.0,8047.0
2025-10-14 13:30:00,1384.0,1390.0,1383.0,1385.0,170.0,8047.0,7960.0
2025-10-14 14:00:00,1385.0,1385.0,1379.0,1385.0,187.0,7960.0,7985.0
2025-10-14 14:30:00,1385.0,1390.0,1382.0,1389.0,305.0,7985.0,7987.0
2025-10-14 21:00:00,1394.0,1394.0,1380.0,1383.0,146.0,7987.0,8003.0
2025-10-14 21:30:00,1383.0,1386.0,1381.0,1386.0,79.0,8003.0,8001.0
2025-10-14 22:00:00,1386.0,1387.0,1383.0,1383.0,55.0,8001.0,8006.0
2025-10-14 22:30:00,1383.0,1385.0,1380.0,1382.0,41.0,8006.0,7996.0
2025-10-15 09:00:00,1382.0,1390.0,1382.0,1387.0,179.0,7996.0,7939.0
2025-10-15 09:30:00,1387.0,1390.0,1386.0,1388.0,86.0,7939.0,7930.0
2025-10-15 10:00:00,1388.0,1389.0,1387.0,1388.0,11.0,7930.0,7931.0
2025-10-15 10:30:00,1388.0,1389.0,1387.0,1387.0,24.0,7931.0,7923.0
2025-10-15 11:00:00,1387.0,1387.0,1381.0,1381.0,169.0,7923.0,7862.0
2025-10-15 13:30:00,1381.0,1388.0,1381.0,1387.0,75.0,7862.0,7859.0
2025-10-15 14:00:00,1387.0,1387.0,1382.0,1385.0,36.0,7859.0,7856.0
2025-10-15 14:30:00,1385.0,1388.0,1383.0,1384.0,79.0,7856.0,7877.0
2025-10-15 21:00:00,1385.0,1386.0,1375.0,1376.0,284.0,7877.0,7927.0
2025-10-15 21:30:00,1376.0,1376.0,1371.0,1373.0,255.0,7927.0,7996.0
2025-10-15 22:00:00,1373.0,1376.0,1372.0,1374.0,60.0,7996.0,7972.0
2025-10-15 22:30:00,1374.0,1376.0,1373.0,1374.0,24.0,7972.0,7976.0
2025-10-16 09:00:00,1374.0,1386.0,1374.0,1383.0,186.0,7976.0,7961.0
2025-10-16 09:30:00,1383.0,1388.0,1382.0,1385.0,141.0,7961.0,8000.0
2025-10-16 10:00:00,1385.0,1387.0,1385.0,1385.0,46.0,8000.0,8007.0
2025-10-16 10:30:00,1385.0,1389.0,1384.0,1389.0,383.0,8007.0,8289.0
2025-10-16 11:00:00,1389.0,1389.0,1381.0,1381.0,97.0,8289.0,8295.0
2025-10-16 13:30:00,1381.0,1386.0,1380.0,1386.0,167.0,8295.0,8381.0
2025-10-16 14:00:00,1386.0,1386.0,1385.0,1386.0,31.0,8381.0,8402.0
2025-10-16 14:30:00,1386.0,1386.0,1380.0,1384.0,115.0,8402.0,8405.0
2025-10-16 21:00:00,1384.0,1384.0,1378.0,1378.0,436.0,8405.0,8178.0
2025-10-16 21:30:00,1378.0,1380.0,1375.0,1375.0,316.0,8178.0,8061.0
2025-10-16 22:00:00,1375.0,1375.0,1370.0,1373.0,241.0,8061.0,8075.0
2025-10-16 22:30:00,1373.0,1377.0,1371.0,1377.0,76.0,8075.0,8066.0
2025-10-17 09:00:00,1377.0,1379.0,1374.0,1378.0,66.0,8066.0,8085.0
2025-10-17 09:30:00,1378.0,1378.0,1374.0,1375.0,62.0,8085.0,8086.0
2025-10-17 10:00:00,1375.0,1375.0,1367.0,1369.0,117.0,8086.0,8072.0
2025-10-17 10:30:00,1369.0,1373.0,1366.0,1372.0,225.0,8072.0,8160.0
2025-10-17 11:00:00,1372.0,1374.0,1370.0,1373.0,37.0,8160.0,8162.0
2025-10-17 13:30:00,1373.0,1373.0,1365.0,1365.0,249.0,8162.0,8173.0
2025-10-17 14:00:00,1365.0,1368.0,1360.0,1362.0,232.0,8173.0,8255.0
2025-10-17 14:30:00,1362.0,1362.0,1351.0,1360.0,487.0,8255.0,8389.0
2025-10-17 21:00:00,1363.0,1382.0,1363.0,1375.0,1252.0,8389.0,8932.0
2025-10-17 21:30:00,1375.0,1376.0,1372.0,1373.0,139.0,8932.0,8975.0
2025-10-17 22:00:00,1373.0,1375.0,1371.0,1373.0,117.0,8975.0,9011.0
2025-10-17 22:30:00,1373.0,1375.0,1370.0,1375.0,73.0,9011.0,8983.0
2025-10-20 09:00:00,1375.0,1378.0,1367.0,1377.0,353.0,8983.0,9052.0
2025-10-20 09:30:00,1377.0,1378.0,1373.0,1377.0,125.0,9052.0,9061.0
2025-10-20 10:00:00,1377.0,1378.0,1376.0,1376.0,68.0,9061.0,9071.0
2025-10-20 10:30:00,1376.0,1376.0,1370.0,1371.0,71.0,9071.0,9067.0
2025-10-20 11:00:00,1371.0,1372.0,1369.0,1370.0,56.0,9067.0,9090.0
2025-10-20 13:30:00,1369.0,1371.0,1362.0,1362.0,175.0,9090.0,9109.0
2025-10-20 14:00:00,1362.0,1367.0,1362.0,1364.0,123.0,9109.0,9143.0
2025-10-20 14:30:00,1364.0,1366.0,1362.0,1365.0,128.0,9143.0,9167.0
2025-10-20 21:00:00,1356.0,1367.0,1351.0,1354.0,560.0,9167.0,9200.0
2025-10-20 21:30:00,1354.0,1356.0,1351.0,1354.0,89.0,9200.0,9215.0
2025-10-20 22:00:00,1354.0,1355.0,1349.0,1352.0,184.0,9215.0,9202.0
2025-10-20 22:30:00,1352.0,1355.0,1350.0,1353.0,151.0,9202.0,9218.0
2025-10-21 09:00:00,1353.0,1363.0,1353.0,1359.0,391.0,9218.0,9140.0
2025-10-21 09:30:00,1359.0,1362.0,1358.0,1359.0,122.0,9140.0,9134.0
2025-10-21 10:00:00,1359.0,1360.0,1358.0,1358.0,23.0,9134.0,9132.0
2025-10-21 10:30:00,1358.0,1365.0,1356.0,1362.0,260.0,9132.0,9170.0
2025-10-21 11:00:00,1362.0,1369.0,1362.0,1366.0,142.0,9170.0,9188.0
2025-10-21 13:30:00,1366.0,1369.0,1363.0,1367.0,91.0,9188.0,9219.0
2025-10-21 14:00:00,1367.0,1368.0,1365.0,1365.0,30.0,9219.0,9225.0
2025-10-21 14:30:00,1365.0,1366.0,1357.0,1361.0,123.0,9225.0,9264.0
2025-10-21 21:00:00,1358.0,1369.0,1356.0,1366.0,293.0,9264.0,9322.0
2025-10-21 21:30:00,1366.0,1368.0,1364.0,1367.0,75.0,9322.0,9370.0
2025-10-21 22:00:00,1367.0,1368.0,1365.0,1366.0,105.0,9370.0,9352.0
2025-10-21 22:30:00,1366.0,1367.0,1365.0,1365.0,53.0,9352.0,9358.0
2025-10-22 09:00:00,1365.0,1369.0,1362.0,1367.0,160.0,9358.0,9359.0
2025-10-22 09:30:00,1367.0,1371.0,1367.0,1370.0,98.0,9359.0,9401.0
2025-10-22 10:00:00,1370.0,1370.0,1366.0,1368.0,38.0,9401.0,9406.0
2025-10-22 10:30:00,1370.0,1372.0,1369.0,1370.0,162.0,9406.0,9500.0
2025-10-22 11:00:00,1370.0,1373.0,1368.0,1371.0,82.0,9500.0,9527.0
2025-10-22 13:30:00,1371.0,1375.0,1364.0,1369.0,136.0,9527.0,9537.0
2025-10-22 14:00:00,1369.0,1369.0,1367.0,1367.0,15.0,9537.0,9537.0
2025-10-22 14:30:00,1367.0,1370.0,1367.0,1370.0,52.0,9537.0,9551.0
2025-10-22 21:00:00,1370.0,1370.0,1361.0,1364.0,190.0,9551.0,9536.0
2025-10-22 21:30:00,1364.0,1365.0,1362.0,1363.0,92.0,9536.0,9552.0
2025-10-22 22:00:00,1363.0,1364.0,1361.0,1364.0,61.0,9552.0,9543.0
2025-10-22 22:30:00,1364.0,1373.0,1362.0,1369.0,154.0,9543.0,9545.0
2025-10-23 09:00:00,1369.0,1371.0,1368.0,1368.0,29.0,9545.0,9548.0
2025-10-23 09:30:00,1368.0,1369.0,1367.0,1367.0,25.0,9548.0,9539.0
2025-10-23 10:00:00,1367.0,1372.0,1366.0,1372.0,40.0,9539.0,9537.0
2025-10-23 10:30:00,1372.0,1377.0,1370.0,1377.0,172.0,9537.0,9570.0
2025-10-23 11:00:00,1377.0,1378.0,1372.0,1377.0,91.0,9570.0,9601.0
2025-10-23 13:30:00,1378.0,1384.0,1375.0,1379.0,231.0,9601.0,9682.0
2025-10-23 14:00:00,1379.0,1384.0,1376.0,1380.0,219.0,9682.0,9784.0
2025-10-23 14:30:00,1380.0,1381.0,1374.0,1379.0,173.0,9784.0,9852.0
2025-10-23 21:00:00,1379.0,1379.0,1369.0,1369.0,203.0,9852.0,9896.0
2025-10-23 21:30:00,1369.0,1370.0,1368.0,1369.0,56.0,9896.0,9901.0
2025-10-23 22:00:00,1369.0,1371.0,1368.0,1370.0,140.0,9901.0,9839.0
2025-10-23 22:30:00,1370.0,1373.0,1370.0,1373.0,25.0,9839.0,9844.0
2025-10-24 09:00:00,1373.0,1374.0,1370.0,1372.0,42.0,9844.0,9856.0
2025-10-24 09:30:00,1372.0,1378.0,1370.0,1375.0,77.0,9856.0,9861.0
2025-10-24 10:00:00,1375.0,1375.0,1371.0,1371.0,12.0,9861.0,9853.0
2025-10-24 10:30:00,1371.0,1372.0,1368.0,1370.0,133.0,9853.0,9902.0
2025-10-24 11:00:00,1370.0,1380.0,1370.0,1380.0,264.0,9902.0,10062.0
2025-10-24 13:30:00,1380.0,1382.0,1377.0,1378.0,84.0,10062.0,10056.0
2025-10-24 14:00:00,1378.0,1382.0,1376.0,1378.0,226.0,10056.0,10067.0
2025-10-24 14:30:00,1378.0,1384.0,1376.0,1379.0,322.0,10067.0,10057.0
2025-10-24 21:00:00,1376.0,1397.0,1374.0,1387.0,1028.0,10057.0,10429.0
2025-10-24 21:30:00,1387.0,1393.0,1387.0,1390.0,237.0,10429.0,10450.0
2025-10-24 22:00:00,1390.0,1392.0,1381.0,1384.0,110.0,10450.0,10446.0
2025-10-24 22:30:00,1384.0,1384.0,1381.0,1384.0,75.0,10446.0,10458.0
2025-10-27 09:00:00,1385.0,1390.0,1381.0,1381.0,144.0,10458.0,10471.0
2025-10-27 09:30:00,1381.0,1385.0,1380.0,1383.0,190.0,10471.0,10571.0
2025-10-27 10:00:00,1383.0,1384.0,1382.0,1384.0,23.0,10571.0,10578.0
2025-10-27 10:30:00,1384.0,1385.0,1380.0,1383.0,126.0,10578.0,10567.0
2025-10-27 11:00:00,1383.0,1390.0,1383.0,1388.0,310.0,10567.0,10790.0
2025-10-27 13:30:00,1388.0,1390.0,1383.0,1384.0,179.0,10790.0,10826.0
2025-10-27 14:00:00,1384.0,1389.0,1384.0,1388.0,75.0,10826.0,10875.0
2025-10-27 14:30:00,1388.0,1391.0,1388.0,1390.0,296.0,10875.0,10985.0
2025-10-27 21:00:00,1392.0,1398.0,1387.0,1388.0,630.0,10985.0,11258.0
2025-10-27 21:30:00,1388.0,1392.0,1387.0,1389.0,75.0,11258.0,11264.0
2025-10-27 22:00:00,1389.0,1391.0,1388.0,1389.0,48.0,11264.0,11272.0
2025-10-27 22:30:00,1389.0,1390.0,1386.0,1389.0,88.0,11272.0,11263.0
2025-10-28 09:00:00,1389.0,1396.0,1389.0,1391.0,375.0,11263.0,11448.0
2025-10-28 09:30:00,1391.0,1396.0,1390.0,1394.0,131.0,11448.0,11487.0
2025-10-28 10:00:00,1394.0,1396.0,1391.0,1392.0,94.0,11487.0,11527.0
2025-10-28 10:30:00,1392.0,1392.0,1381.0,1383.0,214.0,11527.0,11530.0
2025-10-28 11:00:00,1383.0,1391.0,1382.0,1390.0,136.0,11530.0,11522.0
2025-10-28 13:30:00,1388.0,1388.0,1383.0,1388.0,172.0,11522.0,11509.0
2025-10-28 14:00:00,1388.0,1388.0,1384.0,1386.0,79.0,11509.0,11526.0
2025-10-28 14:30:00,1386.0,1388.0,1384.0,1384.0,83.0,11526.0,11536.0
2025-10-28 21:00:00,1385.0,1390.0,1378.0,1388.0,457.0,11536.0,11622.0
2025-10-28 21:30:00,1388.0,1401.0,1388.0,1396.0,835.0,11622.0,12145.0
2025-10-28 22:00:00,1396.0,1402.0,1395.0,1396.0,309.0,12145.0,12336.0
2025-10-28 22:30:00,1396.0,1397.0,1393.0,1393.0,90.0,12336.0,12330.0
2025-10-29 09:00:00,1393.0,1396.0,1389.0,1393.0,233.0,12330.0,12354.0
2025-10-29 09:30:00,1393.0,1394.0,1389.0,1389.0,116.0,12354.0,12360.0
2025-10-29 10:00:00,1389.0,1389.0,1386.0,1389.0,102.0,12360.0,12345.0
2025-10-29 10:30:00,1389.0,1390.0,1386.0,1388.0,170.0,12345.0,12362.0
2025-10-29 11:00:00,1388.0,1390.0,1386.0,1389.0,93.0,12362.0,12376.0
2025-10-29 13:30:00,1389.0,1392.0,1387.0,1388.0,330.0,12376.0,12242.0
2025-10-29 14:00:00,1388.0,1395.0,1388.0,1395.0,226.0,12242.0,12390.0
2025-10-29 14:30:00,1395.0,1401.0,1394.0,1400.0,1909.0,12390.0,13797.0
2025-10-29 21:00:00,1397.0,1399.0,1390.0,1393.0,708.0,13797.0,13737.0
2025-10-29 21:30:00,1393.0,1393.0,1390.0,1393.0,241.0,13737.0,13542.0
2025-10-29 22:00:00,1393.0,1396.0,1393.0,1395.0,47.0,13542.0,13551.0
2025-10-29 22:30:00,1395.0,1396.0,1394.0,1394.0,68.0,13551.0,13532.0
2025-10-30 09:00:00,1394.0,1397.0,1392.0,1393.0,161.0,13532.0,13584.0
2025-10-30 09:30:00,1393.0,1395.0,1392.0,1393.0,50.0,13584.0,13597.0
2025-10-30 10:00:00,1393.0,1394.0,1393.0,1393.0,14.0,13597.0,13594.0
2025-10-30 10:30:00,1393.0,1399.0,1393.0,1395.0,750.0,13594.0,13969.0
2025-10-30 11:00:00,1395.0,1399.0,1393.0,1397.0,495.0,13969.0,14091.0
2025-10-30 13:30:00,1392.0,1393.0,1378.0,1384.0,1092.0,14091.0,14127.0
2025-10-30 14:00:00,1384.0,1384.0,1372.0,1381.0,818.0,14127.0,14165.0
2025-10-30 14:30:00,1381.0,1388.0,1381.0,1382.0,446.0,14165.0,14177.0
2025-10-30 21:00:00,1381.0,1392.0,1376.0,1383.0,405.0,14177.0,14209.0
2025-10-30 21:30:00,1383.0,1388.0,1381.0,1386.0,119.0,14209.0,14239.0
2025-10-30 22:00:00,1386.0,1388.0,1386.0,1386.0,59.0,14239.0,14235.0
2025-10-30 22:30:00,1386.0,1392.0,1385.0,1388.0,146.0,14235.0,14270.0
2025-10-31 09:00:00,1388.0,1393.0,1388.0,1390.0,149.0,14270.0,14217.0
2025-10-31 09:30:00,1390.0,1392.0,1389.0,1392.0,58.0,14217.0,14233.0
2025-10-31 10:00:00,1392.0,1392.0,1390.0,1390.0,29.0,14233.0,14246.0
2025-10-31 10:30:00,1390.0,1396.0,1385.0,1395.0,1643.0,14246.0,15167.0
2025-10-31 11:00:00,1395.0,1396.0,1386.0,1389.0,786.0,15167.0,15372.0
2025-10-31 13:30:00,1389.0,1391.0,1385.0,1388.0,231.0,15372.0,15402.0
2025-10-31 14:00:00,1388.0,1390.0,1384.0,1384.0,121.0,15402.0,15439.0
2025-10-31 14:30:00,1384.0,1387.0,1382.0,1383.0,312.0,15439.0,15424.0
2025-10-31 21:00:00,1384.0,1386.0,1377.0,1380.0,720.0,15424.0,15583.0
2025-10-31 21:30:00,1380.0,1380.0,1369.0,1371.0,895.0,15583.0,15329.0
2025-10-31 22:00:00,1371.0,1373.0,1366.0,1370.0,730.0,15329.0,15410.0
2025-10-31 22:30:00,1370.0,1370.0,1367.0,1368.0,182.0,15410.0,15370.0
2025-11-03 09:00:00,1368.0,1383.0,1368.0,1376.0,1185.0,15370.0,15635.0
2025-11-03 09:30:00,1376.0,1376.0,1371.0,1373.0,239.0,15635.0,15563.0
2025-11-03 10:00:00,1373.0,1374.0,1370.0,1371.0,185.0,15563.0,15502.0
2025-11-03 10:30:00,1371.0,1374.0,1367.0,1370.0,197.0,15502.0,15564.0
2025-11-03 11:00:00,1370.0,1372.0,1367.0,1369.0,131.0,15564.0,15528.0
2025-11-03 13:30:00,1368.0,1370.0,1355.0,1359.0,1110.0,15528.0,15923.0
2025-11-03 14:00:00,1359.0,1361.0,1357.0,1360.0,119.0,15923.0,15990.0
2025-11-03 14:30:00,1360.0,1364.0,1358.0,1362.0,237.0,15990.0,15930.0
2025-11-03 21:00:00,1360.0,1360.0,1348.0,1352.0,1705.0,15930.0,16323.0
2025-11-03 21:30:00,1352.0,1355.0,1349.0,1355.0,397.0,16323.0,16436.0
2025-11-03 22:00:00,1355.0,1355.0,1352.0,1353.0,64.0,16436.0,16436.0
2025-11-03 22:30:00,1353.0,1355.0,1352.0,1353.0,77.0,16436.0,16437.0
2025-11-04 09:00:00,1353.0,1358.0,1353.0,1357.0,167.0,16437.0,16499.0
2025-11-04 09:30:00,1357.0,1360.0,1354.0,1355.0,300.0,16499.0,16611.0
2025-11-04 10:00:00,1355.0,1359.0,1355.0,1355.0,110.0,16611.0,16635.0
2025-11-04 10:30:00,1355.0,1358.0,1354.0,1355.0,494.0,16635.0,16989.0
2025-11-04 11:00:00,1355.0,1357.0,1352.0,1354.0,272.0,16989.0,17148.0
2025-11-04 13:30:00,1354.0,1357.0,1350.0,1356.0,392.0,17148.0,17243.0
2025-11-04 14:00:00,1356.0,1356.0,1353.0,1355.0,81.0,17243.0,17240.0
2025-11-04 14:30:00,1355.0,1356.0,1352.0,1354.0,131.0,17240.0,17239.0
2025-11-04 21:00:00,1353.0,1358.0,1352.0,1357.0,306.0,17239.0,17329.0
2025-11-04 21:30:00,1357.0,1362.0,1356.0,1360.0,225.0,17329.0,17318.0
2025-11-04 22:00:00,1360.0,1361.0,1357.0,1361.0,121.0,17318.0,17319.0
2025-11-04 22:30:00,1361.0,1361.0,1357.0,1357.0,84.0,17319.0,17336.0
2025-11-05 09:00:00,1357.0,1360.0,1353.0,1357.0,303.0,17336.0,17353.0
2025-11-05 09:30:00,1357.0,1361.0,1357.0,1360.0,160.0,17353.0,17281.0
2025-11-05 10:00:00,1360.0,1360.0,1358.0,1360.0,32.0,17281.0,17269.0
2025-11-05 10:30:00,1360.0,1360.0,1354.0,1354.0,454.0,17269.0,17436.0
2025-11-05 11:00:00,1354.0,1358.0,1354.0,1357.0,195.0,17436.0,17442.0
2025-11-05 13:30:00,1358.0,1361.0,1358.0,1358.0,222.0,17442.0,17386.0
2025-11-05 14:00:00,1358.0,1361.0,1358.0,1360.0,71.0,17386.0,17360.0
2025-11-05 14:30:00,1360.0,1360.0,1354.0,1355.0,332.0,17360.0,17369.0
2025-11-05 21:00:00,1356.0,1369.0,1356.0,1360.0,354.0,17369.0,17341.0
2025-11-05 21:30:00,1360.0,1361.0,1358.0,1359.0,91.0,17341.0,17306.0
2025-11-05 22:00:00,1359.0,1360.0,1358.0,1359.0,25.0,17306.0,17305.0
2025-11-05 22:30:00,1359.0,1361.0,1359.0,1359.0,53.0,17305.0,17309.0
2025-11-06 09:00:00,1359.0,1359.0,1355.0,1357.0,265.0,17309.0,17259.0
2025-11-06 09:30:00,1357.0,1359.0,1355.0,1356.0,218.0,17259.0,17323.0
2025-11-06 10:00:00,1356.0,1359.0,1356.0,1357.0,69.0,17323.0,17278.0
2025-11-06 10:30:00,1357.0,1365.0,1357.0,1364.0,348.0,17278.0,17270.0
2025-11-06 11:00:00,1364.0,1365.0,1361.0,1362.0,157.0,17270.0,17229.0
2025-11-06 13:30:00,1362.0,1365.0,1360.0,1362.0,345.0,17229.0,17261.0
2025-11-06 14:00:00,1362.0,1366.0,1361.0,1365.0,124.0,17261.0,17258.0
2025-11-06 14:30:00,1365.0,1365.0,1362.0,1364.0,153.0,17258.0,17263.0
2025-11-06 21:00:00,1365.0,1366.0,1359.0,1361.0,189.0,17263.0,17267.0
2025-11-06 21:30:00,1361.0,1364.0,1361.0,1361.0,67.0,17267.0,17248.0
2025-11-06 22:00:00,1361.0,1363.0,1360.0,1361.0,58.0,17248.0,17231.0
2025-11-06 22:30:00,1361.0,1363.0,1361.0,1361.0,23.0,17231.0,17224.0
2025-11-07 09:00:00,1361.0,1363.0,1359.0,1360.0,211.0,17224.0,17094.0
2025-11-07 09:30:00,1360.0,1366.0,1360.0,1362.0,68.0,17094.0,17093.0
2025-11-07 10:00:00,1362.0,1365.0,1362.0,1365.0,37.0,17093.0,17099.0
2025-11-07 10:30:00,1365.0,1368.0,1363.0,1366.0,129.0,17099.0,17121.0
2025-11-07 11:00:00,1366.0,1368.0,1362.0,1365.0,117.0,17121.0,17148.0
2025-11-07 13:30:00,1365.0,1366.0,1362.0,1362.0,87.0,17148.0,17178.0
2025-11-07 14:00:00,1362.0,1365.0,1362.0,1363.0,39.0,17178.0,17181.0
2025-11-07 14:30:00,1363.0,1364.0,1362.0,1363.0,79.0,17181.0,17204.0
2025-11-07 21:00:00,1362.0,1370.0,1359.0,1369.0,422.0,17204.0,17176.0
2025-11-07 21:30:00,1369.0,1369.0,1364.0,1364.0,120.0,17176.0,17176.0
2025-11-07 22:00:00,1364.0,1365.0,1363.0,1365.0,37.0,17176.0,17195.0
2025-11-07 22:30:00,1365.0,1366.0,1363.0,1363.0,68.0,17195.0,17207.0
2025-11-10 09:00:00,1363.0,1364.0,1356.0,1356.0,770.0,17207.0,16985.0
2025-11-10 09:30:00,1356.0,1358.0,1349.0,1351.0,596.0,16985.0,17018.0
2025-11-10 10:00:00,1351.0,1351.0,1348.0,1348.0,270.0,17018.0,17036.0
2025-11-10 10:30:00,1349.0,1352.0,1345.0,1350.0,475.0,17036.0,16974.0
2025-11-10 11:00:00,1350.0,1356.0,1348.0,1356.0,221.0,16974.0,16931.0
2025-11-10 13:30:00,1356.0,1368.0,1355.0,1362.0,1111.0,16931.0,16951.0
2025-11-10 14:00:00,1362.0,1372.0,1361.0,1370.0,719.0,16951.0,17273.0
2025-11-10 14:30:00,1370.0,1372.0,1364.0,1364.0,233.0,17273.0,17244.0
2025-11-10 21:00:00,1365.0,1372.0,1362.0,1369.0,635.0,17244.0,17319.0
2025-11-10 21:30:00,1369.0,1372.0,1367.0,1368.0,221.0,17319.0,17406.0
2025-11-10 22:00:00,1368.0,1369.0,1364.0,1364.0,165.0,17406.0,17436.0
2025-11-10 22:30:00,1364.0,1369.0,1363.0,1368.0,87.0,17436.0,17453.0
2025-11-11 09:00:00,1368.0,1370.0,1363.0,1365.0,282.0,17453.0,17454.0
2025-11-11 09:30:00,1365.0,1366.0,1362.0,1363.0,132.0,17454.0,17512.0
2025-11-11 10:00:00,1363.0,1367.0,1360.0,1365.0,236.0,17512.0,17499.0
2025-11-11 10:30:00,1365.0,1365.0,1355.0,1357.0,776.0,17499.0,17448.0
2025-11-11 11:00:00,1357.0,1360.0,1357.0,1359.0,225.0,17448.0,17449.0
2025-11-11 13:30:00,1359.0,1360.0,1355.0,1358.0,312.0,17449.0,17413.0
2025-11-11 14:00:00,1358.0,1361.0,1356.0,1359.0,257.0,17413.0,17442.0
2025-11-11 14:30:00,1359.0,1359.0,1353.0,1356.0,883.0,17442.0,17421.0
2025-11-11 21:00:00,1357.0,1362.0,1356.0,1360.0,419.0,17421.0,17391.0
2025-11-11 21:30:00,1360.0,1364.0,1359.0,1359.0,460.0,17391.0,17509.0
2025-11-11 22:00:00,1359.0,1363.0,1355.0,1356.0,186.0,17509.0,17521.0
2025-11-11 22:30:00,1356.0,1359.0,1355.0,1358.0,52.0,17521.0,17526.0
2025-11-12 09:00:00,1358.0,1360.0,1355.0,1356.0,397.0,17526.0,17571.0
2025-11-12 09:30:00,1356.0,1358.0,1355.0,1356.0,120.0,17571.0,17565.0
2025-11-12 10:00:00,1356.0,1359.0,1355.0,1358.0,73.0,17565.0,17552.0
2025-11-12 10:30:00,1358.0,1358.0,1350.0,1350.0,663.0,17552.0,17790.0
2025-11-12 11:00:00,1350.0,1357.0,1349.0,1352.0,1606.0,17790.0,18297.0
2025-11-12 13:30:00,1352.0,1357.0,1351.0,1354.0,345.0,18297.0,18405.0
2025-11-12 14:00:00,1354.0,1357.0,1352.0,1353.0,112.0,18405.0,18430.0
2025-11-12 14:30:00,1353.0,1357.0,1353.0,1354.0,241.0,18430.0,18439.0
2025-11-12 21:00:00,1352.0,1356.0,1350.0,1354.0,416.0,18439.0,18558.0
2025-11-12 21:30:00,1354.0,1360.0,1353.0,1359.0,481.0,18558.0,18881.0
2025-11-12 22:00:00,1359.0,1360.0,1355.0,1358.0,212.0,18881.0,18945.0
2025-11-12 22:30:00,1358.0,1358.0,1353.0,1356.0,1712.0,18945.0,19806.0
2025-11-13 09:00:00,1355.0,1365.0,1353.0,1364.0,1395.0,19806.0,20603.0
2025-11-13 09:30:00,1364.0,1366.0,1361.0,1361.0,529.0,20603.0,20598.0
2025-11-13 10:00:00,1361.0,1365.0,1360.0,1363.0,98.0,20598.0,20583.0
2025-11-13 10:30:00,1363.0,1370.0,1363.0,1367.0,400.0,20583.0,20582.0
2025-11-13 11:00:00,1367.0,1379.0,1367.0,1375.0,696.0,20582.0,20716.0
2025-11-13 13:30:00,1375.0,1382.0,1373.0,1379.0,861.0,20716.0,20914.0
2025-11-13 14:00:00,1379.0,1382.0,1375.0,1376.0,736.0,20914.0,21073.0
2025-11-13 14:30:00,1376.0,1376.0,1371.0,1375.0,413.0,21073.0,21177.0
2025-11-13 21:00:00,1377.0,1378.0,1368.0,1372.0,903.0,21177.0,21377.0
2025-11-13 21:30:00,1372.0,1372.0,1369.0,1371.0,167.0,21377.0,21391.0
2025-11-13 22:00:00,1371.0,1373.0,1369.0,1371.0,38.0,21391.0,21404.0
2025-11-13 22:30:00,1371.0,1373.0,1370.0,1371.0,148.0,21404.0,21435.0
2025-11-14 09:00:00,1371.0,1371.0,1366.0,1369.0,488.0,21435.0,21405.0
2025-11-14 09:30:00,1369.0,1372.0,1368.0,1371.0,111.0,21405.0,21390.0
2025-11-14 10:00:00,1371.0,1372.0,1368.0,1371.0,108.0,21390.0,21332.0
2025-11-14 10:30:00,1372.0,1372.0,1368.0,1368.0,194.0,21332.0,21301.0
2025-11-14 11:00:00,1368.0,1370.0,1366.0,1370.0,426.0,21301.0,21307.0
2025-11-14 13:30:00,1370.0,1372.0,1367.0,1372.0,163.0,21307.0,21280.0
2025-11-14 14:00:00,1372.0,1374.0,1370.0,1372.0,172.0,21280.0,21277.0
2025-11-14 14:30:00,1372.0,1373.0,1368.0,1369.0,397.0,21277.0,21237.0
2025-11-14 21:00:00,1369.0,1371.0,1360.0,1362.0,584.0,21237.0,21093.0
2025-11-14 21:30:00,1362.0,1365.0,1361.0,1363.0,156.0,21093.0,21125.0
2025-11-14 22:00:00,1363.0,1364.0,1361.0,1363.0,74.0,21125.0,21122.0
2025-11-14 22:30:00,1363.0,1368.0,1361.0,1366.0,307.0,21122.0,21076.0
2025-11-17 09:00:00,1368.0,1370.0,1365.0,1367.0,393.0,21076.0,21071.0
2025-11-17 09:30:00,1367.0,1368.0,1364.0,1365.0,352.0,21071.0,21154.0
2025-11-17 10:00:00,1365.0,1365.0,1357.0,1361.0,498.0,21154.0,21250.0
2025-11-17 10:30:00,1361.0,1362.0,1357.0,1361.0,249.0,21250.0,21290.0
2025-11-17 11:00:00,1361.0,1371.0,1361.0,1371.0,1332.0,21290.0,21839.0
2025-11-17 13:30:00,1370.0,1372.0,1368.0,1371.0,612.0,21839.0,21918.0
2025-11-17 14:00:00,1371.0,1373.0,1370.0,1371.0,166.0,21918.0,21913.0
2025-11-17 14:30:00,1371.0,1377.0,1371.0,1374.0,561.0,21913.0,21812.0
2025-11-17 21:00:00,1379.0,1379.0,1372.0,1374.0,603.0,21812.0,22187.0
2025-11-17 21:30:00,1374.0,1374.0,1371.0,1372.0,217.0,22187.0,22190.0
2025-11-17 22:00:00,1372.0,1374.0,1371.0,1371.0,176.0,22190.0,22092.0
2025-11-17 22:30:00,1371.0,1373.0,1369.0,1369.0,70.0,22092.0,22082.0
2025-11-18 09:00:00,1369.0,1373.0,1361.0,1362.0,1639.0,22082.0,22447.0
2025-11-18 09:30:00,1362.0,1362.0,1351.0,1354.0,2157.0,22447.0,22800.0
2025-11-18 10:00:00,1354.0,1359.0,1352.0,1356.0,191.0,22800.0,22775.0
2025-11-18 10:30:00,1356.0,1358.0,1354.0,1356.0,112.0,22775.0,22786.0
2025-11-18 11:00:00,1356.0,1357.0,1355.0,1357.0,51.0,22786.0,22796.0
2025-11-18 13:30:00,1356.0,1357.0,1353.0,1354.0,655.0,22796.0,22926.0
2025-11-18 14:00:00,1354.0,1355.0,1351.0,1355.0,459.0,22926.0,23157.0
2025-11-18 14:30:00,1355.0,1356.0,1351.0,1352.0,805.0,23157.0,23179.0
2025-11-18 21:00:00,1352.0,1352.0,1343.0,1347.0,900.0,23179.0,23344.0
2025-11-18 21:30:00,1347.0,1348.0,1345.0,1347.0,146.0,23344.0,23347.0
2025-11-18 22:00:00,1347.0,1350.0,1343.0,1344.0,196.0,23347.0,23413.0
2025-11-18 22:30:00,1344.0,1345.0,1337.0,1338.0,893.0,23413.0,23391.0
2025-11-19 09:00:00,1338.0,1344.0,1338.0,1342.0,459.0,23391.0,23384.0
2025-11-19 09:30:00,1342.0,1344.0,1336.0,1337.0,310.0,23384.0,23402.0
2025-11-19 10:00:00,1337.0,1339.0,1332.0,1336.0,481.0,23402.0,23511.0
2025-11-19 10:30:00,1335.0,1339.0,1333.0,1339.0,486.0,23511.0,23528.0
2025-11-19 11:00:00,1339.0,1339.0,1331.0,1334.0,341.0,23528.0,23589.0
2025-11-19 13:30:00,1334.0,1335.0,1331.0,1332.0,311.0,23589.0,23563.0
2025-11-19 14:00:00,1332.0,1334.0,1328.0,1330.0,356.0,23563.0,23557.0
2025-11-19 14:30:00,1330.0,1330.0,1324.0,1325.0,821.0,23557.0,23602.0
2025-11-19 21:00:00,1325.0,1327.0,1305.0,1307.0,1056.0,23602.0,23839.0
2025-11-19 21:30:00,1307.0,1308.0,1304.0,1308.0,594.0,23839.0,23933.0
2025-11-19 22:00:00,1308.0,1311.0,1306.0,1311.0,343.0,23933.0,24003.0
2025-11-19 22:30:00,1311.0,1312.0,1304.0,1305.0,238.0,24003.0,23971.0
2025-11-20 09:00:00,1306.0,1309.0,1301.0,1307.0,1466.0,23971.0,24311.0
2025-11-20 09:30:00,1307.0,1309.0,1304.0,1307.0,309.0,24311.0,24431.0
2025-11-20 10:00:00,1307.0,1310.0,1307.0,1308.0,79.0,24431.0,24453.0
2025-11-20 10:30:00,1308.0,1309.0,1304.0,1306.0,164.0,24453.0,24409.0
2025-11-20 11:00:00,1306.0,1314.0,1302.0,1313.0,491.0,24409.0,24411.0
2025-11-20 13:30:00,1313.0,1320.0,1306.0,1306.0,716.0,24411.0,24376.0
2025-11-20 14:00:00,1306.0,1308.0,1299.0,1302.0,1681.0,24376.0,24788.0
2025-11-20 14:30:00,1302.0,1304.0,1298.0,1298.0,333.0,24788.0,24774.0
2025-11-20 21:00:00,1309.0,1313.0,1300.0,1304.0,787.0,24774.0,24914.0
2025-11-20 21:30:00,1304.0,1312.0,1304.0,1311.0,286.0,24914.0,24885.0
2025-11-20 22:00:00,1311.0,1311.0,1305.0,1307.0,226.0,24885.0,24861.0
2025-11-20 22:30:00,1307.0,1311.0,1306.0,1310.0,140.0,24861.0,24874.0
2025-11-21 09:00:00,1310.0,1311.0,1306.0,1308.0,266.0,24874.0,24884.0
2025-11-21 09:30:00,1308.0,1311.0,1306.0,1307.0,168.0,24884.0,24920.0
2025-11-21 10:00:00,1307.0,1308.0,1305.0,1307.0,131.0,24920.0,24853.0
2025-11-21 10:30:00,1307.0,1307.0,1301.0,1304.0,274.0,24853.0,24865.0
2025-11-21 11:00:00,1304.0,1307.0,1301.0,1304.0,163.0,24865.0,24884.0
2025-11-21 13:30:00,1304.0,1311.0,1303.0,1309.0,443.0,24884.0,24900.0
2025-11-21 14:00:00,1309.0,1314.0,1305.0,1311.0,341.0,24900.0,24913.0
2025-11-21 14:30:00,1311.0,1313.0,1303.0,1303.0,515.0,24913.0,24980.0
2025-11-21 21:00:00,1305.0,1312.0,1302.0,1308.0,498.0,24980.0,25056.0
2025-11-21 21:30:00,1308.0,1308.0,1302.0,1305.0,236.0,25056.0,25133.0
2025-11-21 22:00:00,1305.0,1309.0,1305.0,1309.0,105.0,25133.0,25108.0
2025-11-21 22:30:00,1309.0,1309.0,1306.0,1309.0,75.0,25108.0,25102.0
2025-11-24 09:00:00,1309.0,1316.0,1307.0,1309.0,1679.0,25102.0,25379.0
2025-11-24 09:30:00,1309.0,1310.0,1306.0,1307.0,201.0,25379.0,25415.0
2025-11-24 10:00:00,1307.0,1311.0,1306.0,1310.0,112.0,25415.0,25436.0
2025-11-24 10:30:00,1310.0,1311.0,1307.0,1310.0,212.0,25436.0,25508.0
2025-11-24 11:00:00,1310.0,1310.0,1307.0,1309.0,72.0,25508.0,25531.0
2025-11-24 13:30:00,1309.0,1317.0,1309.0,1315.0,609.0,25531.0,25612.0
2025-11-24 14:00:00,1315.0,1325.0,1314.0,1324.0,1442.0,25612.0,25729.0
2025-11-24 14:30:00,1324.0,1325.0,1313.0,1317.0,555.0,25729.0,25871.0
2025-11-24 21:00:00,1316.0,1316.0,1307.0,1309.0,478.0,25871.0,25956.0
2025-11-24 21:30:00,1309.0,1311.0,1307.0,1311.0,263.0,25956.0,26032.0
2025-11-24 22:00:00,1311.0,1312.0,1309.0,1309.0,105.0,26032.0,26055.0
2025-11-24 22:30:00,1309.0,1311.0,1308.0,1310.0,51.0,26055.0,26052.0
2025-11-25 09:00:00,1310.0,1314.0,1308.0,1312.0,465.0,26052.0,25963.0
2025-11-25 09:30:00,1312.0,1313.0,1310.0,1311.0,113.0,25963.0,25970.0
2025-11-25 10:00:00,1311.0,1312.0,1309.0,1309.0,62.0,25970.0,25977.0
2025-11-25 10:30:00,1309.0,1314.0,1309.0,1311.0,266.0,25977.0,26014.0
2025-11-25 11:00:00,1311.0,1313.0,1308.0,1312.0,246.0,26014.0,26057.0
2025-11-25 13:30:00,1312.0,1316.0,1311.0,1313.0,945.0,26057.0,25967.0
2025-11-25 14:00:00,1313.0,1313.0,1309.0,1310.0,569.0,25967.0,25778.0
2025-11-25 14:30:00,1310.0,1312.0,1309.0,1311.0,798.0,25778.0,25757.0
2025-11-25 21:00:00,1306.0,1312.0,1304.0,1312.0,584.0,25757.0,25693.0
2025-11-25 21:30:00,1312.0,1313.0,1309.0,1311.0,112.0,25693.0,25743.0
2025-11-25 22:00:00,1311.0,1311.0,1306.0,1307.0,173.0,25743.0,25766.0
2025-11-25 22:30:00,1307.0,1308.0,1305.0,1307.0,172.0,25766.0,25744.0
2025-11-26 09:00:00,1307.0,1316.0,1307.0,1314.0,571.0,25744.0,25957.0
2025-11-26 09:30:00,1314.0,1314.0,1309.0,1312.0,415.0,25957.0,26067.0
2025-11-26 10:00:00,1312.0,1313.0,1308.0,1310.0,258.0,26067.0,26112.0
2025-11-26 10:30:00,1310.0,1314.0,1306.0,1308.0,514.0,26112.0,26224.0
2025-11-26 11:00:00,1308.0,1311.0,1305.0,1309.0,532.0,26224.0,26255.0
2025-11-26 13:30:00,1309.0,1311.0,1306.0,1310.0,370.0,26255.0,26433.0
2025-11-26 14:00:00,1310.0,1313.0,1309.0,1312.0,379.0,26433.0,26561.0
2025-11-26 14:30:00,1312.0,1312.0,1308.0,1309.0,356.0,26561.0,26741.0
2025-11-26 21:00:00,1307.0,1314.0,1306.0,1313.0,652.0,26741.0,26821.0
2025-11-26 21:30:00,1313.0,1313.0,1310.0,1310.0,151.0,26821.0,26921.0
2025-11-26 22:00:00,1310.0,1311.0,1309.0,1311.0,67.0,26921.0,26928.0
2025-11-26 22:30:00,1311.0,1311.0,1308.0,1309.0,765.0,26928.0,26788.0
2025-11-27 09:00:00,1309.0,1311.0,1303.0,1305.0,935.0,26788.0,26997.0
2025-11-27 09:30:00,1305.0,1307.0,1304.0,1306.0,293.0,26997.0,27140.0
2025-11-27 10:00:00,1306.0,1311.0,1306.0,1308.0,413.0,27140.0,27097.0
2025-11-27 10:30:00,1307.0,1312.0,1307.0,1307.0,677.0,27097.0,27251.0
2025-11-27 11:00:00,1307.0,1307.0,1303.0,1304.0,524.0,27251.0,27542.0
2025-11-27 13:30:00,1304.0,1308.0,1304.0,1304.0,262.0,27542.0,27572.0
2025-11-27 14:00:00,1304.0,1305.0,1300.0,1305.0,343.0,27572.0,27656.0
2025-11-27 14:30:00,1305.0,1305.0,1302.0,1304.0,234.0,27656.0,27643.0
2025-11-27 21:00:00,1302.0,1305.0,1301.0,1305.0,231.0,27643.0,27753.0
2025-11-27 21:30:00,1305.0,1313.0,1304.0,1309.0,790.0,27753.0,27914.0
2025-11-27 22:00:00,1309.0,1310.0,1307.0,1309.0,192.0,27914.0,27953.0
2025-11-27 22:30:00,1309.0,1312.0,1308.0,1309.0,273.0,27953.0,28000.0
2025-11-28 09:00:00,1309.0,1309.0,1303.0,1303.0,367.0,28000.0,28131.0
2025-11-28 09:30:00,1303.0,1305.0,1299.0,1302.0,599.0,28131.0,28250.0
2025-11-28 10:00:00,1302.0,1305.0,1302.0,1305.0,66.0,28250.0,28251.0
2025-11-28 10:30:00,1305.0,1307.0,1303.0,1307.0,134.0,28251.0,28236.0
2025-11-28 11:00:00,1307.0,1309.0,1305.0,1308.0,644.0,28236.0,27921.0
2025-11-28 13:30:00,1308.0,1308.0,1303.0,1303.0,197.0,27921.0,27940.0
2025-11-28 14:00:00,1303.0,1307.0,1302.0,1305.0,208.0,27940.0,27926.0
2025-11-28 14:30:00,1305.0,1305.0,1302.0,1303.0,288.0,27926.0,27868.0
2025-11-28 21:00:00,1305.0,1305.0,1293.0,1295.0,1235.0,27868.0,27963.0
2025-11-28 21:30:00,1295.0,1297.0,1292.0,1293.0,744.0,27963.0,27847.0
2025-11-28 22:00:00,1293.0,1294.0,1288.0,1288.0,556.0,27847.0,27718.0
2025-11-28 22:30:00,1288.0,1293.0,1288.0,1293.0,452.0,27718.0,27710.0
2025-12-01 09:00:00,1293.0,1306.0,1293.0,1306.0,2071.0,27710.0,28158.0
2025-12-01 09:30:00,1306.0,1306.0,1301.0,1302.0,162.0,28158.0,28180.0
2025-12-01 10:00:00,1302.0,1303.0,1300.0,1301.0,79.0,28180.0,28192.0
2025-12-01 10:30:00,1301.0,1305.0,1301.0,1303.0,223.0,28192.0,28275.0
2025-12-01 11:00:00,1303.0,1305.0,1302.0,1304.0,162.0,28275.0,28281.0
2025-12-01 13:30:00,1304.0,1304.0,1299.0,1301.0,588.0,28281.0,28465.0
2025-12-01 14:00:00,1301.0,1303.0,1300.0,1301.0,533.0,28465.0,28459.0
2025-12-01 14:30:00,1301.0,1304.0,1301.0,1304.0,347.0,28459.0,28578.0
2025-12-01 21:00:00,1304.0,1313.0,1304.0,1312.0,736.0,28578.0,28734.0
2025-12-01 21:30:00,1312.0,1314.0,1306.0,1309.0,312.0,28734.0,28717.0
2025-12-01 22:00:00,1309.0,1311.0,1306.0,1307.0,337.0,28717.0,28731.0
2025-12-01 22:30:00,1307.0,1309.0,1305.0,1309.0,172.0,28731.0,28789.0
2025-12-02 09:00:00,1309.0,1309.0,1303.0,1308.0,1244.0,28789.0,29179.0
2025-12-02 09:30:00,1308.0,1309.0,1303.0,1308.0,266.0,29179.0,29227.0
2025-12-02 10:00:00,1308.0,1312.0,1308.0,1310.0,154.0,29227.0,29238.0
2025-12-02 10:30:00,1310.0,1312.0,1309.0,1311.0,310.0,29238.0,29415.0
2025-12-02 11:00:00,1311.0,1311.0,1302.0,1305.0,420.0,29415.0,29344.0
2025-12-02 13:30:00,1305.0,1305.0,1301.0,1303.0,441.0,29344.0,29376.0
2025-12-02 14:00:00,1303.0,1304.0,1302.0,1302.0,65.0,29376.0,29374.0
2025-12-02 14:30:00,1302.0,1307.0,1302.0,1307.0,325.0,29374.0,29535.0
2025-12-02 21:00:00,1306.0,1307.0,1295.0,1296.0,677.0,29535.0,29519.0
2025-12-02 21:30:00,1296.0,1297.0,1292.0,1294.0,443.0,29519.0,29507.0
2025-12-02 22:00:00,1294.0,1298.0,1293.0,1295.0,202.0,29507.0,29517.0
2025-12-02 22:30:00,1295.0,1295.0,1292.0,1293.0,93.0,29517.0,29529.0
2025-12-03 09:00:00,1293.0,1297.0,1293.0,1293.0,400.0,29529.0,29525.0
2025-12-03 09:30:00,1293.0,1298.0,1293.0,1296.0,215.0,29525.0,29590.0
2025-12-03 10:00:00,1296.0,1299.0,1296.0,1297.0,72.0,29590.0,29625.0
2025-12-03 10:30:00,1297.0,1298.0,1295.0,1298.0,187.0,29625.0,29664.0
2025-12-03 11:00:00,1298.0,1298.0,1294.0,1296.0,129.0,29664.0,29687.0
2025-12-03 13:30:00,1296.0,1301.0,1295.0,1299.0,381.0,29687.0,29805.0
2025-12-03 14:00:00,1299.0,1300.0,1288.0,1289.0,1004.0,29805.0,29752.0
2025-12-03 14:30:00,1289.0,1296.0,1288.0,1295.0,517.0,29752.0,29800.0
2025-12-03 21:00:00,1295.0,1295.0,1280.0,1288.0,1240.0,29800.0,30059.0
2025-12-03 21:30:00,1288.0,1288.0,1284.0,1286.0,332.0,30059.0,29987.0
2025-12-03 22:00:00,1286.0,1287.0,1284.0,1285.0,204.0,29987.0,30006.0
2025-12-03 22:30:00,1285.0,1287.0,1283.0,1287.0,313.0,30006.0,29978.0
2025-12-04 09:00:00,1287.0,1294.0,1283.0,1284.0,1314.0,29978.0,30085.0
2025-12-04 09:30:00,1284.0,1290.0,1282.0,1287.0,427.0,30085.0,29952.0
2025-12-04 10:00:00,1287.0,1289.0,1286.0,1286.0,72.0,29952.0,29953.0
2025-12-04 10:30:00,1286.0,1290.0,1286.0,1287.0,183.0,29953.0,29935.0
2025-12-04 11:00:00,1287.0,1289.0,1285.0,1287.0,149.0,29935.0,29956.0
2025-12-04 13:30:00,1287.0,1289.0,1285.0,1288.0,257.0,29956.0,29978.0
2025-12-04 14:00:00,1288.0,1294.0,1287.0,1292.0,506.0,29978.0,30181.0
2025-12-04 14:30:00,1292.0,1294.0,1290.0,1294.0,305.0,30181.0,30084.0
2025-12-04 21:00:00,1292.0,1296.0,1287.0,1294.0,807.0,30084.0,30184.0
2025-12-04 21:30:00,1294.0,1294.0,1291.0,1292.0,299.0,30184.0,30126.0
2025-12-04 22:00:00,1292.0,1293.0,1283.0,1285.0,507.0,30126.0,29987.0
2025-12-04 22:30:00,1285.0,1286.0,1282.0,1283.0,1173.0,29987.0,30622.0
2025-12-05 09:00:00,1283.0,1285.0,1282.0,1282.0,810.0,30622.0,30833.0
2025-12-05 09:30:00,1282.0,1283.0,1278.0,1282.0,665.0,30833.0,31025.0
2025-12-05 10:00:00,1282.0,1283.0,1280.0,1283.0,334.0,31025.0,31115.0
2025-12-05 10:30:00,1283.0,1283.0,1281.0,1282.0,48.0,31115.0,31116.0
2025-12-05 11:00:00,1282.0,1282.0,1276.0,1276.0,522.0,31116.0,31311.0
2025-12-05 13:30:00,1276.0,1280.0,1274.0,1280.0,733.0,31311.0,31381.0
2025-12-05 14:00:00,1280.0,1281.0,1276.0,1279.0,634.0,31381.0,31262.0
2025-12-05 14:30:00,1279.0,1280.0,1275.0,1275.0,1002.0,31262.0,31292.0
2025-12-05 21:00:00,1271.0,1283.0,1271.0,1279.0,1903.0,31292.0,32008.0
2025-12-05 21:30:00,1279.0,1279.0,1274.0,1275.0,242.0,32008.0,32022.0
2025-12-05 22:00:00,1275.0,1275.0,1271.0,1274.0,297.0,32022.0,31934.0
2025-12-05 22:30:00,1274.0,1277.0,1272.0,1273.0,297.0,31934.0,32006.0
2025-12-08 09:00:00,1273.0,1273.0,1259.0,1261.0,3284.0,32006.0,32103.0
2025-12-08 09:30:00,1261.0,1262.0,1256.0,1261.0,1219.0,32103.0,32594.0
2025-12-08 10:00:00,1261.0,1261.0,1254.0,1255.0,784.0,32594.0,33156.0
2025-12-08 10:30:00,1255.0,1255.0,1248.0,1250.0,2410.0,33156.0,34746.0
2025-12-08 11:00:00,1250.0,1253.0,1245.0,1252.0,1935.0,34746.0,36212.0
2025-12-08 13:30:00,1252.0,1257.0,1252.0,1253.0,1835.0,36212.0,37309.0
2025-12-08 14:00:00,1253.0,1256.0,1252.0,1254.0,390.0,37309.0,37519.0
2025-12-08 14:30:00,1254.0,1256.0,1253.0,1254.0,356.0,37519.0,37644.0
2025-12-08 21:00:00,1254.0,1257.0,1247.0,1253.0,797.0,37644.0,37664.0
2025-12-08 21:30:00,1253.0,1253.0,1250.0,1253.0,781.0,37664.0,37839.0
2025-12-08 22:00:00,1253.0,1254.0,1249.0,1250.0,792.0,37839.0,38044.0
2025-12-08 22:30:00,1250.0,1250.0,1244.0,1245.0,979.0,38044.0,38211.0
2025-12-09 09:00:00,1245.0,1250.0,1245.0,1247.0,449.0,38211.0,38385.0
2025-12-09 09:30:00,1247.0,1250.0,1246.0,1246.0,317.0,38385.0,38522.0
2025-12-09 10:00:00,1246.0,1248.0,1243.0,1246.0,224.0,38522.0,38572.0
2025-12-09 10:30:00,1246.0,1250.0,1244.0,1248.0,928.0,38572.0,39319.0
2025-12-09 11:00:00,1248.0,1248.0,1246.0,1248.0,270.0,39319.0,39362.0
2025-12-09 13:30:00,1248.0,1250.0,1245.0,1250.0,519.0,39362.0,39654.0
2025-12-09 14:00:00,1250.0,1250.0,1245.0,1247.0,446.0,39654.0,39864.0
2025-12-09 14:30:00,1247.0,1247.0,1240.0,1241.0,747.0,39864.0,39669.0
2025-12-09 21:00:00,1241.0,1243.0,1222.0,1224.0,3404.0,39669.0,40956.0
2025-12-09 21:30:00,1224.0,1226.0,1222.0,1223.0,1091.0,40956.0,41060.0
2025-12-09 22:00:00,1223.0,1227.0,1223.0,1225.0,253.0,41060.0,41200.0
2025-12-09 22:30:00,1225.0,1226.0,1222.0,1224.0,478.0,41200.0,41218.0
2025-12-10 09:00:00,1224.0,1233.0,1221.0,1225.0,1389.0,41218.0,41353.0
2025-12-10 09:30:00,1225.0,1226.0,1221.0,1223.0,687.0,41353.0,41435.0
2025-12-10 10:00:00,1223.0,1225.0,1222.0,1223.0,135.0,41435.0,41501.0
2025-12-10 10:30:00,1223.0,1229.0,1223.0,1227.0,1060.0,41501.0,42015.0
2025-12-10 11:00:00,1227.0,1227.0,1222.0,1225.0,907.0,42015.0,42284.0
2025-12-10 13:30:00,1225.0,1235.0,1223.0,1229.0,1537.0,42284.0,42946.0
2025-12-10 14:00:00,1229.0,1229.0,1222.0,1223.0,1293.0,42946.0,43558.0
2025-12-10 14:30:00,1223.0,1224.0,1213.0,1218.0,1526.0,43558.0,44057.0
2025-12-10 21:00:00,1221.0,1226.0,1208.0,1223.0,2335.0,44057.0,44556.0
2025-12-10 21:30:00,1223.0,1225.0,1221.0,1223.0,316.0,44556.0,44648.0
2025-12-10 22:00:00,1223.0,1225.0,1223.0,1224.0,338.0,44648.0,44768.0
2025-12-10 22:30:00,1224.0,1225.0,1222.0,1225.0,230.0,44768.0,44821.0
2025-12-11 09:00:00,1225.0,1226.0,1219.0,1221.0,770.0,44821.0,45076.0
2025-12-11 09:30:00,1221.0,1222.0,1217.0,1218.0,733.0,45076.0,45243.0
2025-12-11 10:00:00,1218.0,1222.0,1217.0,1219.0,2108.0,45243.0,45744.0
2025-12-11 10:30:00,1219.0,1229.0,1219.0,1222.0,1378.0,45744.0,46396.0
2025-12-11 11:00:00,1222.0,1226.0,1220.0,1220.0,570.0,46396.0,46555.0
2025-12-11 13:30:00,1221.0,1222.0,1218.0,1219.0,2084.0,46555.0,46417.0
2025-12-11 14:00:00,1219.0,1221.0,1212.0,1215.0,935.0,46417.0,46548.0
2025-12-11 14:30:00,1215.0,1215.0,1210.0,1212.0,783.0,46548.0,46672.0
2025-12-11 21:00:00,1213.0,1219.0,1195.0,1197.0,4072.0,46672.0,47967.0
2025-12-11 21:30:00,1197.0,1204.0,1196.0,1200.0,1362.0,47967.0,47900.0
2025-12-11 22:00:00,1200.0,1203.0,1199.0,1202.0,679.0,47900.0,47892.0
2025-12-11 22:30:00,1202.0,1203.0,1195.0,1197.0,1560.0,47892.0,47965.0
2025-12-12 09:00:00,1197.0,1200.0,1192.0,1197.0,1898.0,47965.0,48323.0
2025-12-12 09:30:00,1197.0,1202.0,1195.0,1199.0,2990.0,48323.0,48548.0
2025-12-12 10:00:00,1199.0,1200.0,1196.0,1199.0,316.0,48548.0,48632.0
2025-12-12 10:30:00,1199.0,1202.0,1197.0,1199.0,1283.0,48632.0,49142.0
2025-12-12 11:00:00,1199.0,1201.0,1198.0,1199.0,448.0,49142.0,49262.0
2025-12-12 13:30:00,1199.0,1200.0,1194.0,1196.0,1486.0,49262.0,49601.0
2025-12-12 14:00:00,1196.0,1197.0,1192.0,1193.0,1999.0,49601.0,49311.0
2025-12-12 14:30:00,1193.0,1195.0,1184.0,1184.0,2938.0,49311.0,49406.0
2025-12-12 21:00:00,1178.0,1211.0,1178.0,1205.0,5268.0,49406.0,50359.0
2025-12-12 21:30:00,1205.0,1208.0,1203.0,1207.0,1860.0,50359.0,51151.0
2025-12-12 22:00:00,1207.0,1222.0,1206.0,1216.0,2694.0,51151.0,50497.0
2025-12-12 22:30:00,1216.0,1219.0,1212.0,1214.0,1248.0,50497.0,50671.0
2025-12-15 09:00:00,1214.0,1215.0,1205.0,1211.0,3909.0,50671.0,52165.0
2025-12-15 09:30:00,1211.0,1213.0,1208.0,1212.0,850.0,52165.0,52454.0
2025-12-15 10:00:00,1212.0,1213.0,1210.0,1210.0,391.0,52454.0,52514.0
2025-12-15 10:30:00,1210.0,1216.0,1210.0,1215.0,848.0,52514.0,52917.0
2025-12-15 11:00:00,1215.0,1218.0,1215.0,1216.0,696.0,52917.0,53096.0
2025-12-15 13:30:00,1216.0,1217.0,1211.0,1211.0,1227.0,53096.0,53295.0
2025-12-15 14:00:00,1211.0,1215.0,1205.0,1210.0,1421.0,53295.0,53719.0
2025-12-15 14:30:00,1210.0,1213.0,1208.0,1208.0,593.0,53719.0,53673.0
2025-12-15 21:00:00,1214.0,1222.0,1206.0,1215.0,2034.0,53673.0,54173.0
2025-12-15 21:30:00,1215.0,1216.0,1206.0,1206.0,1180.0,54173.0,54283.0
2025-12-15 22:00:00,1206.0,1208.0,1201.0,1205.0,1844.0,54283.0,54350.0
2025-12-15 22:30:00,1205.0,1206.0,1202.0,1202.0,303.0,54350.0,54323.0
2025-12-16 09:00:00,1202.0,1212.0,1201.0,1210.0,1354.0,54323.0,54867.0
2025-12-16 09:30:00,1210.0,1214.0,1210.0,1213.0,1212.0,54867.0,55433.0
2025-12-16 10:00:00,1213.0,1215.0,1212.0,1214.0,462.0,55433.0,55759.0
2025-12-16 10:30:00,1214.0,1229.0,1213.0,1225.0,3497.0,55759.0,56656.0
2025-12-16 11:00:00,1225.0,1228.0,1216.0,1220.0,2431.0,56656.0,57611.0
2025-12-16 13:30:00,1220.0,1228.0,1217.0,1217.0,2016.0,57611.0,58194.0
2025-12-16 14:00:00,1217.0,1222.0,1214.0,1220.0,646.0,58194.0,58222.0
2025-12-16 14:30:00,1220.0,1226.0,1220.0,1221.0,4961.0,58222.0,58881.0
2025-12-16 21:00:00,1218.0,1225.0,1215.0,1223.0,1170.0,58881.0,58731.0
2025-12-16 21:30:00,1223.0,1223.0,1218.0,1219.0,373.0,58731.0,58559.0
2025-12-16 22:00:00,1219.0,1221.0,1217.0,1220.0,217.0,58559.0,58519.0
2025-12-16 22:30:00,1220.0,1222.0,1220.0,1221.0,319.0,58519.0,58576.0
2025-12-17 09:00:00,1221.0,1221.0,1212.0,1216.0,983.0,58576.0,58686.0
2025-12-17 09:30:00,1216.0,1218.0,1212.0,1217.0,630.0,58686.0,58620.0
2025-12-17 10:00:00,1217.0,1224.0,1215.0,1224.0,660.0,58620.0,58879.0
2025-12-17 10:30:00,1224.0,1226.0,1221.0,1224.0,1894.0,58879.0,59229.0
2025-12-17 11:00:00,1224.0,1225.0,1221.0,1224.0,794.0,59229.0,59622.0
2025-12-17 13:30:00,1223.0,1226.0,1219.0,1223.0,1343.0,59622.0,60085.0
2025-12-17 14:00:00,1223.0,1225.0,1219.0,1222.0,1002.0,60085.0,60516.0
2025-12-17 14:30:00,1222.0,1222.0,1218.0,1221.0,1129.0,60516.0,60871.0
2025-12-17 21:00:00,1224.0,1250.0,1222.0,1247.0,6283.0,60871.0,61076.0
2025-12-17 21:30:00,1247.0,1253.0,1246.0,1252.0,3181.0,61076.0,61249.0
2025-12-17 22:00:00,1252.0,1259.0,1249.0,1258.0,2167.0,61249.0,60842.0
2025-12-17 22:30:00,1258.0,1259.0,1250.0,1252.0,2727.0,60842.0,61589.0
2025-12-18 09:00:00,1252.0,1252.0,1241.0,1242.0,4681.0,61589.0,61428.0
2025-12-18 09:30:00,1242.0,1249.0,1242.0,1245.0,1083.0,61428.0,61647.0
2025-12-18 10:00:00,1245.0,1247.0,1243.0,1245.0,223.0,61647.0,61724.0
2025-12-18 10:30:00,1245.0,1247.0,1242.0,1244.0,634.0,61724.0,61944.0
2025-12-18 11:00:00,1244.0,1247.0,1242.0,1244.0,3159.0,61944.0,63458.0
2025-12-18 13:30:00,1246.0,1249.0,1244.0,1245.0,1409.0,63458.0,63525.0
2025-12-18 14:00:00,1245.0,1253.0,1245.0,1250.0,865.0,63525.0,63653.0
2025-12-18 14:30:00,1250.0,1256.0,1248.0,1250.0,1997.0,63653.0,63557.0
2025-12-18 21:00:00,1249.0,1251.0,1235.0,1240.0,2553.0,63557.0,63791.0
2025-12-18 21:30:00,1240.0,1242.0,1236.0,1238.0,709.0,63791.0,63766.0
2025-12-18 22:00:00,1238.0,1240.0,1237.0,1238.0,358.0,63766.0,63764.0
2025-12-18 22:30:00,1238.0,1239.0,1232.0,1237.0,1032.0,63764.0,63609.0
2025-12-19 09:00:00,1237.0,1243.0,1236.0,1239.0,1214.0,63609.0,63465.0
2025-12-19 09:30:00,1239.0,1240.0,1235.0,1235.0,1424.0,63465.0,64382.0
2025-12-19 10:00:00,1235.0,1239.0,1235.0,1238.0,339.0,64382.0,64426.0
2025-12-19 10:30:00,1238.0,1239.0,1233.0,1236.0,1011.0,64426.0,64774.0
2025-12-19 11:00:00,1236.0,1238.0,1231.0,1236.0,1567.0,64774.0,65153.0
2025-12-19 13:30:00,1236.0,1237.0,1228.0,1232.0,2770.0,65153.0,64090.0
2025-12-19 14:00:00,1232.0,1236.0,1232.0,1236.0,696.0,64090.0,64052.0
2025-12-19 14:30:00,1236.0,1237.0,1232.0,1236.0,1076.0,64052.0,64062.0
2025-12-19 21:00:00,1237.0,1238.0,1222.0,1233.0,2645.0,64062.0,64491.0
2025-12-19 21:30:00,1233.0,1236.0,1227.0,1229.0,887.0,64491.0,64453.0
2025-12-19 22:00:00,1229.0,1231.0,1228.0,1230.0,244.0,64453.0,64460.0
2025-12-19 22:30:00,1230.0,1234.0,1228.0,1232.0,381.0,64460.0,64384.0
2025-12-22 09:00:00,1232.0,1232.0,1224.0,1226.0,1637.0,64384.0,64369.0
2025-12-22 09:30:00,1226.0,1230.0,1223.0,1223.0,1405.0,64369.0,64490.0
2025-12-22 10:00:00,1223.0,1225.0,1222.0,1225.0,1123.0,64490.0,64226.0
2025-12-22 10:30:00,1224.0,1227.0,1216.0,1218.0,3146.0,64226.0,65272.0
2025-12-22 11:00:00,1218.0,1222.0,1215.0,1220.0,2092.0,65272.0,66363.0
2025-12-22 13:30:00,1221.0,1222.0,1217.0,1221.0,1235.0,66363.0,66340.0
2025-12-22 14:00:00,1221.0,1225.0,1219.0,1221.0,912.0,66340.0,66696.0
2025-12-22 14:30:00,1221.0,1224.0,1218.0,1223.0,1448.0,66696.0,67240.0
2025-12-22 21:00:00,1222.0,1238.0,1218.0,1234.0,5530.0,67240.0,67009.0
2025-12-22 21:30:00,1234.0,1235.0,1229.0,1233.0,1952.0,67009.0,67720.0
2025-12-22 22:00:00,1233.0,1233.0,1223.0,1224.0,786.0,67720.0,67690.0
2025-12-22 22:30:00,1224.0,1225.0,1220.0,1222.0,792.0,67690.0,67672.0
2025-12-23 09:00:00,1222.0,1224.0,1219.0,1222.0,3143.0,67672.0,68081.0
2025-12-23 09:30:00,1222.0,1224.0,1219.0,1224.0,2113.0,68081.0,69016.0
2025-12-23 10:00:00,1224.0,1224.0,1221.0,1222.0,298.0,69016.0,69042.0
2025-12-23 10:30:00,1221.0,1224.0,1219.0,1223.0,756.0,69042.0,69006.0
2025-12-23 11:00:00,1223.0,1225.0,1220.0,1223.0,783.0,69006.0,68920.0
2025-12-23 13:30:00,1223.0,1227.0,1221.0,1222.0,768.0,68920.0,68913.0
2025-12-23 14:00:00,1222.0,1230.0,1221.0,1229.0,1002.0,68913.0,69208.0
2025-12-23 14:30:00,1229.0,1232.0,1225.0,1232.0,1391.0,69208.0,69518.0
2025-12-23 21:00:00,1233.0,1239.0,1226.0,1229.0,1788.0,69518.0,69589.0
2025-12-23 21:30:00,1229.0,1234.0,1228.0,1233.0,873.0,69589.0,69682.0
2025-12-23 22:00:00,1233.0,1234.0,1229.0,1230.0,671.0,69682.0,69682.0
2025-12-23 22:30:00,1230.0,1230.0,1227.0,1228.0,502.0,69682.0,69707.0
2025-12-24 09:00:00,1229.0,1232.0,1222.0,1224.0,1473.0,69707.0,69635.0
2025-12-24 09:30:00,1224.0,1234.0,1223.0,1234.0,1575.0,69635.0,70164.0
2025-12-24 10:00:00,1234.0,1236.0,1233.0,1235.0,1209.0,70164.0,70467.0
2025-12-24 10:30:00,1236.0,1241.0,1234.0,1234.0,2964.0,70467.0,71473.0
2025-12-24 11:00:00,1234.0,1244.0,1234.0,1244.0,1574.0,71473.0,72015.0
2025-12-24 13:30:00,1244.0,1244.0,1239.0,1240.0,986.0,72015.0,72030.0
2025-12-24 14:00:00,1240.0,1241.0,1236.0,1240.0,623.0,72030.0,72150.0
2025-12-24 14:30:00,1240.0,1242.0,1236.0,1241.0,1248.0,72150.0,72351.0
2025-12-24 21:00:00,1240.0,1242.0,1234.0,1237.0,1330.0,72351.0,72246.0
2025-12-24 21:30:00,1237.0,1238.0,1233.0,1235.0,876.0,72246.0,72393.0
2025-12-24 22:00:00,1235.0,1237.0,1233.0,1235.0,360.0,72393.0,72459.0
2025-12-24 22:30:00,1235.0,1237.0,1233.0,1235.0,656.0,72459.0,72351.0
2025-12-25 09:00:00,1235.0,1245.0,1234.0,1243.0,1429.0,72351.0,72419.0
2025-12-25 09:30:00,1243.0,1245.0,1241.0,1244.0,915.0,72419.0,72820.0
2025-12-25 10:00:00,1244.0,1250.0,1243.0,1249.0,1346.0,72820.0,73267.0
2025-12-25 10:30:00,1249.0,1250.0,1241.0,1242.0,1203.0,73267.0,73358.0
2025-12-25 11:00:00,1242.0,1244.0,1241.0,1242.0,570.0,73358.0,73341.0
2025-12-25 13:30:00,1242.0,1243.0,1236.0,1237.0,1688.0,73341.0,73550.0
2025-12-25 14:00:00,1237.0,1241.0,1237.0,1240.0,906.0,73550.0,73790.0
2025-12-25 14:30:00,1240.0,1242.0,1238.0,1240.0,716.0,73790.0,73605.0
2025-12-25 21:00:00,1241.0,1253.0,1241.0,1248.0,1645.0,73605.0,73804.0
2025-12-25 21:30:00,1248.0,1248.0,1242.0,1243.0,621.0,73804.0,73816.0
2025-12-25 22:00:00,1243.0,1245.0,1240.0,1242.0,1791.0,73816.0,74282.0
2025-12-25 22:30:00,1242.0,1242.0,1237.0,1239.0,1455.0,74282.0,74255.0
2025-12-26 09:00:00,1239.0,1241.0,1233.0,1237.0,2247.0,74255.0,74386.0
2025-12-26 09:30:00,1237.0,1239.0,1231.0,1235.0,1102.0,74386.0,74634.0
2025-12-26 10:00:00,1235.0,1238.0,1235.0,1237.0,258.0,74634.0,74725.0
2025-12-26 10:30:00,1238.0,1252.0,1237.0,1251.0,2083.0,74725.0,74819.0
2025-12-26 11:00:00,1251.0,1253.0,1246.0,1247.0,1545.0,74819.0,75074.0
2025-12-26 13:30:00,1247.0,1250.0,1245.0,1249.0,683.0,75074.0,75084.0
2025-12-26 14:00:00,1249.0,1256.0,1247.0,1253.0,1599.0,75084.0,75148.0
2025-12-26 14:30:00,1253.0,1264.0,1253.0,1258.0,3622.0,75148.0,75299.0
2025-12-26 21:00:00,1251.0,1261.0,1250.0,1254.0,2517.0,75299.0,75951.0
2025-12-26 21:30:00,1254.0,1254.0,1250.0,1250.0,714.0,75951.0,76062.0
2025-12-26 22:00:00,1250.0,1251.0,1244.0,1246.0,1248.0,76062.0,76125.0
2025-12-26 22:30:00,1246.0,1249.0,1245.0,1249.0,668.0,76125.0,76200.0
2025-12-29 09:00:00,1250.0,1256.0,1245.0,1249.0,3258.0,76200.0,77068.0
2025-12-29 09:30:00,1249.0,1250.0,1245.0,1247.0,1020.0,77068.0,77477.0
2025-12-29 10:00:00,1247.0,1249.0,1245.0,1247.0,377.0,77477.0,77604.0
2025-12-29 10:30:00,1247.0,1252.0,1247.0,1251.0,1285.0,77604.0,78000.0
2025-12-29 11:00:00,1251.0,1253.0,1249.0,1252.0,968.0,78000.0,78380.0
2025-12-29 13:30:00,1250.0,1253.0,1247.0,1248.0,1231.0,78380.0,78421.0
2025-12-29 14:00:00,1248.0,1250.0,1242.0,1242.0,1779.0,78421.0,78455.0
2025-12-29 14:30:00,1242.0,1247.0,1242.0,1247.0,1002.0,78455.0,78446.0
2025-12-29 21:00:00,1248.0,1250.0,1243.0,1244.0,1023.0,78446.0,78560.0
2025-12-29 21:30:00,1244.0,1248.0,1244.0,1248.0,456.0,78560.0,78390.0
2025-12-29 22:00:00,1248.0,1249.0,1245.0,1246.0,215.0,78390.0,78421.0
2025-12-29 22:30:00,1246.0,1252.0,1246.0,1252.0,449.0,78421.0,78541.0
2025-12-30 09:00:00,1252.0,1266.0,1252.0,1266.0,7413.0,78541.0,78948.0
2025-12-30 09:30:00,1266.0,1268.0,1262.0,1264.0,3301.0,78948.0,78737.0
2025-12-30 10:00:00,1264.0,1269.0,1264.0,1269.0,648.0,78737.0,78884.0
2025-12-30 10:30:00,1269.0,1278.0,1267.0,1277.0,4703.0,78884.0,78416.0
2025-12-30 11:00:00,1277.0,1279.0,1271.0,1273.0,2181.0,78416.0,78682.0
2025-12-30 13:30:00,1273.0,1277.0,1271.0,1273.0,2531.0,78682.0,78389.0
2025-12-30 14:00:00,1273.0,1279.0,1273.0,1275.0,1278.0,78389.0,78601.0
2025-12-30 14:30:00,1275.0,1278.0,1272.0,1277.0,1509.0,78601.0,78195.0
2025-12-30 21:00:00,1277.0,1279.0,1271.0,1273.0,1656.0,78195.0,78175.0
2025-12-30 21:30:00,1273.0,1280.0,1273.0,1276.0,1491.0,78175.0,78350.0
2025-12-30 22:00:00,1276.0,1278.0,1275.0,1276.0,273.0,78350.0,78349.0
2025-12-30 22:30:00,1276.0,1279.0,1275.0,1279.0,463.0,78349.0,78283.0
2025-12-31 09:00:00,1278.0,1278.0,1271.0,1273.0,1109.0,78283.0,78288.0
2025-12-31 09:30:00,1273.0,1274.0,1269.0,1270.0,568.0,78288.0,78374.0
2025-12-31 10:00:00,1270.0,1270.0,1267.0,1270.0,361.0,78374.0,78456.0
2025-12-31 10:30:00,1270.0,1274.0,1268.0,1271.0,699.0,78456.0,78470.0
2025-12-31 11:00:00,1271.0,1272.0,1266.0,1269.0,1356.0,78470.0,78873.0
2025-12-31 13:30:00,1269.0,1270.0,1263.0,1266.0,1751.0,78873.0,78867.0
2025-12-31 14:00:00,1266.0,1274.0,1265.0,1273.0,1327.0,78867.0,78956.0
2025-12-31 14:30:00,1273.0,1276.0,1270.0,1274.0,1284.0,78956.0,78858.0
2026-01-05 09:00:00,1272.0,1274.0,1258.0,1267.0,6758.0,78858.0,79416.0
2026-01-05 09:30:00,1267.0,1269.0,1263.0,1267.0,2336.0,79416.0,79302.0
2026-01-05 10:00:00,1267.0,1268.0,1263.0,1267.0,1083.0,79302.0,79470.0
2026-01-05 10:30:00,1267.0,1273.0,1265.0,1266.0,3356.0,79470.0,79619.0
2026-01-05 11:00:00,1266.0,1271.0,1266.0,1269.0,1173.0,79619.0,79585.0
2026-01-05 13:30:00,1269.0,1271.0,1254.0,1256.0,6401.0,79585.0,82089.0
2026-01-05 14:00:00,1256.0,1256.0,1244.0,1246.0,7719.0,82089.0,82210.0
2026-01-05 14:30:00,1246.0,1250.0,1245.0,1249.0,2022.0,82210.0,81922.0
2026-01-05 21:00:00,1250.0,1253.0,1244.0,1246.0,4960.0,81922.0,83238.0
2026-01-05 21:30:00,1246.0,1248.0,1244.0,1247.0,1455.0,83238.0,83485.0
2026-01-05 22:00:00,1247.0,1248.0,1245.0,1245.0,744.0,83485.0,83443.0
2026-01-05 22:30:00,1245.0,1248.0,1245.0,1246.0,546.0,83443.0,83460.0
2026-01-06 09:00:00,1246.0,1251.0,1242.0,1248.0,2699.0,83460.0,83638.0
2026-01-06 09:30:00,1248.0,1257.0,1248.0,1255.0,2188.0,83638.0,83981.0
2026-01-06 10:00:00,1255.0,1258.0,1254.0,1256.0,748.0,83981.0,83835.0
2026-01-06 10:30:00,1256.0,1257.0,1254.0,1255.0,1794.0,83835.0,84083.0
2026-01-06 11:00:00,1255.0,1258.0,1254.0,1255.0,989.0,84083.0,84196.0
2026-01-06 13:30:00,1255.0,1258.0,1253.0,1255.0,1244.0,84196.0,84459.0
2026-01-06 14:00:00,1255.0,1257.0,1254.0,1255.0,557.0,84459.0,84572.0
2026-01-06 14:30:00,1255.0,1259.0,1255.0,1259.0,1256.0,84572.0,84768.0
2026-01-06 21:00:00,1270.0,1295.0,1259.0,1286.0,13067.0,84768.0,86223.0
2026-01-06 21:30:00,1286.0,1291.0,1284.0,1290.0,3459.0,86223.0,86535.0
2026-01-06 22:00:00,1290.0,1298.0,1290.0,1298.0,3979.0,86535.0,86468.0
2026-01-06 22:30:00,1298.0,1299.0,1293.0,1297.0,2563.0,86468.0,86208.0
2026-01-07 09:00:00,1297.0,1297.0,1291.0,1294.0,3785.0,86208.0,85915.0
2026-01-07 09:30:00,1294.0,1295.0,1286.0,1289.0,3667.0,85915.0,86811.0
2026-01-07 10:00:00,1289.0,1290.0,1281.0,1289.0,3541.0,86811.0,87548.0
2026-01-07 10:30:00,1288.0,1292.0,1284.0,1292.0,2714.0,87548.0,88785.0
2026-01-07 11:00:00,1292.0,1307.0,1290.0,1304.0,8488.0,88785.0,90403.0
2026-01-07 13:30:00,1303.0,1305.0,1294.0,1302.0,5338.0,90403.0,92248.0
2026-01-07 14:00:00,1302.0,1335.0,1302.0,1331.0,17244.0,92248.0,97085.0
2026-01-07 14:30:00,1331.0,1335.0,1318.0,1329.0,10259.0,97085.0,97586.0
2026-01-07 21:00:00,1322.0,1328.0,1314.0,1318.0,12357.0,97586.0,100181.0
2026-01-07 21:30:00,1318.0,1329.0,1317.0,1324.0,4640.0,100181.0,100414.0
2026-01-07 22:00:00,1324.0,1334.0,1322.0,1325.0,3083.0,100414.0,100508.0
2026-01-07 22:30:00,1325.0,1326.0,1319.0,1321.0,1748.0,100508.0,100195.0
2026-01-08 09:00:00,1321.0,1324.0,1316.0,1321.0,4804.0,100195.0,100716.0
2026-01-08 09:30:00,1321.0,1324.0,1314.0,1322.0,5750.0,100716.0,102634.0
2026-01-08 10:00:00,1322.0,1328.0,1320.0,1321.0,3066.0,102634.0,103535.0
2026-01-08 10:30:00,1320.0,1320.0,1304.0,1312.0,11986.0,103535.0,106185.0
2026-01-08 11:00:00,1312.0,1312.0,1296.0,1302.0,12021.0,106185.0,107386.0
2026-01-08 13:30:00,1301.0,1301.0,1292.0,1296.0,8345.0,107386.0,109595.0
2026-01-08 14:00:00,1296.0,1303.0,1293.0,1302.0,6396.0,109595.0,110301.0
2026-01-08 14:30:00,1302.0,1306.0,1299.0,1305.0,5657.0,110301.0,110970.0
2026-01-08 21:00:00,1304.0,1308.0,1290.0,1294.0,6870.0,110970.0,112063.0
2026-01-08 21:30:00,1294.0,1302.0,1290.0,1294.0,3505.0,112063.0,112628.0
2026-01-08 22:00:00,1294.0,1296.0,1280.0,1281.0,5258.0,112628.0,112223.0
2026-01-08 22:30:00,1281.0,1285.0,1275.0,1281.0,4373.0,112223.0,112444.0
2026-01-09 09:00:00,1281.0,1294.0,1281.0,1287.0,5533.0,112444.0,112475.0
2026-01-09 09:30:00,1287.0,1293.0,1284.0,1292.0,1291.0,112475.0,112689.0
2026-01-09 10:00:00,1292.0,1296.0,1291.0,1295.0,1684.0,112689.0,112747.0
2026-01-09 10:30:00,1295.0,1300.0,1287.0,1293.0,4360.0,112747.0,113205.0
2026-01-09 11:00:00,1293.0,1294.0,1285.0,1289.0,1858.0,113205.0,113861.0
2026-01-09 13:30:00,1289.0,1295.0,1289.0,1292.0,2658.0,113861.0,114541.0
2026-01-09 14:00:00,1292.0,1296.0,1290.0,1294.0,2148.0,114541.0,115343.0
2026-01-09 14:30:00,1294.0,1296.0,1292.0,1295.0,3028.0,115343.0,116161.0
2026-01-09 21:00:00,1296.0,1299.0,1281.0,1283.0,8112.0,116161.0,117157.0
2026-01-09 21:30:00,1283.0,1288.0,1280.0,1286.0,2668.0,117157.0,117157.0
2026-01-09 22:00:00,1286.0,1292.0,1285.0,1288.0,1896.0,117157.0,117057.0
2026-01-09 22:30:00,1288.0,1292.0,1287.0,1290.0,1636.0,117057.0,116961.0
2026-01-12 09:00:00,1290.0,1295.0,1284.0,1288.0,5784.0,116961.0,117930.0
2026-01-12 09:30:00,1288.0,1294.0,1284.0,1293.0,1505.0,117930.0,118182.0
2026-01-12 10:00:00,1293.0,1296.0,1290.0,1293.0,2096.0,118182.0,118454.0
2026-01-12 10:30:00,1293.0,1298.0,1288.0,1293.0,2308.0,118454.0,118909.0
2026-01-12 11:00:00,1293.0,1301.0,1290.0,1297.0,2610.0,118909.0,119870.0
2026-01-12 13:30:00,1297.0,1301.0,1291.0,1294.0,2716.0,119870.0,120226.0
2026-01-12 14:00:00,1294.0,1303.0,1293.0,1303.0,1408.0,120226.0,120712.0
2026-01-12 14:30:00,1303.0,1303.0,1294.0,1302.0,2411.0,120712.0,121074.0
2026-01-12 21:00:00,1304.0,1304.0,1286.0,1288.0,4406.0,121074.0,122004.0
2026-01-12 21:30:00,1288.0,1292.0,1286.0,1288.0,1235.0,122004.0,122180.0
2026-01-12 22:00:00,1288.0,1288.0,1283.0,1284.0,2298.0,122180.0,122184.0
2026-01-12 22:30:00,1284.0,1291.0,1283.0,1288.0,901.0,122184.0,121944.0
2026-01-13 09:00:00,1289.0,1296.0,1287.0,1290.0,2741.0,121944.0,121867.0
2026-01-13 09:30:00,1290.0,1294.0,1289.0,1293.0,1192.0,121867.0,122177.0
2026-01-13 10:00:00,1293.0,1295.0,1291.0,1294.0,742.0,122177.0,122368.0
2026-01-13 10:30:00,1294.0,1294.0,1290.0,1294.0,1604.0,122368.0,122326.0
2026-01-13 11:00:00,1294.0,1296.0,1291.0,1291.0,2492.0,122326.0,122489.0
2026-01-13 13:30:00,1291.0,1291.0,1278.0,1282.0,6609.0,122489.0,123532.0
2026-01-13 14:00:00,1282.0,1282.0,1274.0,1278.0,4708.0,123532.0,124753.0
2026-01-13 14:30:00,1278.0,1279.0,1271.0,1273.0,5173.0,124753.0,125267.0
2026-01-13 21:00:00,1271.0,1280.0,1268.0,1278.0,5289.0,125267.0,125180.0
2026-01-13 21:30:00,1278.0,1280.0,1273.0,1274.0,1935.0,125180.0,125068.0
2026-01-13 22:00:00,1274.0,1277.0,1268.0,1277.0,2832.0,125068.0,125099.0
2026-01-13 22:30:00,1277.0,1280.0,1275.0,1278.0,1508.0,125099.0,124874.0
2026-01-14 09:00:00,1278.0,1280.0,1274.0,1279.0,2684.0,124874.0,124940.0
2026-01-14 09:30:00,1279.0,1282.0,1272.0,1281.0,4491.0,124940.0,123863.0
2026-01-14 10:00:00,1281.0,1284.0,1281.0,1281.0,888.0,123863.0,123620.0
2026-01-14 10:30:00,1281.0,1286.0,1277.0,1284.0,3113.0,123620.0,123916.0
2026-01-14 11:00:00,1284.0,1289.0,1283.0,1286.0,2446.0,123916.0,124457.0
2026-01-14 13:30:00,1277.0,1288.0,1273.0,1277.0,6059.0,124457.0,125273.0
2026-01-14 14:00:00,1277.0,1293.0,1276.0,1286.0,3419.0,125273.0,125678.0
2026-01-14 14:30:00,1286.0,1288.0,1282.0,1284.0,1792.0,125678.0,125836.0
2026-01-14 21:00:00,1288.0,1295.0,1263.0,1270.0,6678.0,125836.0,125622.0
2026-01-14 21:30:00,1270.0,1272.0,1263.0,1269.0,3870.0,125622.0,126174.0
2026-01-14 22:00:00,1269.0,1274.0,1269.0,1270.0,1605.0,126174.0,126372.0
2026-01-14 22:30:00,1270.0,1275.0,1270.0,1273.0,1241.0,126372.0,126665.0
2026-01-15 09:00:00,1274.0,1276.0,1270.0,1274.0,2693.0,126665.0,126112.0
2026-01-15 09:30:00,1274.0,1278.0,1264.0,1267.0,3895.0,126112.0,126868.0
2026-01-15 10:00:00,1267.0,1271.0,1267.0,1271.0,930.0,126868.0,127038.0
2026-01-15 10:30:00,1270.0,1271.0,1261.0,1262.0,3637.0,127038.0,128031.0
2026-01-15 11:00:00,1262.0,1263.0,1252.0,1255.0,6150.0,128031.0,129100.0
2026-01-15 13:30:00,1255.0,1262.0,1253.0,1261.0,3532.0,129100.0,129676.0
2026-01-15 14:00:00,1261.0,1261.0,1255.0,1257.0,2262.0,129676.0,129978.0
2026-01-15 14:30:00,1257.0,1261.0,1254.0,1256.0,1964.0,129978.0,130014.0
2026-01-15 21:00:00,1258.0,1265.0,1254.0,1256.0,3812.0,130014.0,130549.0
2026-01-15 21:30:00,1256.0,1259.0,1252.0,1255.0,1523.0,130549.0,130609.0
2026-01-15 22:00:00,1255.0,1255.0,1247.0,1251.0,4773.0,130609.0,131848.0
2026-01-15 22:30:00,1251.0,1252.0,1248.0,1251.0,1381.0,131848.0,132085.0
2026-01-16 09:00:00,1251.0,1263.0,1250.0,1262.0,3874.0,132085.0,132557.0
2026-01-16 09:30:00,1262.0,1279.0,1261.0,1267.0,9674.0,132557.0,132549.0
2026-01-16 10:00:00,1267.0,1269.0,1262.0,1264.0,1620.0,132549.0,132260.0
2026-01-16 10:30:00,1264.0,1270.0,1259.0,1263.0,3994.0,132260.0,132162.0
2026-01-16 11:00:00,1263.0,1265.0,1258.0,1261.0,2304.0,132162.0,132705.0
2026-01-16 13:30:00,1261.0,1269.0,1255.0,1255.0,5096.0,132705.0,133661.0
2026-01-16 14:00:00,1255.0,1260.0,1253.0,1257.0,2488.0,133661.0,134133.0
2026-01-16 14:30:00,1257.0,1259.0,1254.0,1259.0,2280.0,134133.0,133823.0
2026-01-16 21:00:00,1256.0,1265.0,1252.0,1265.0,3749.0,133823.0,134409.0
2026-01-16 21:30:00,1265.0,1277.0,1262.0,1271.0,5838.0,134409.0,134103.0
2026-01-16 22:00:00,1271.0,1276.0,1271.0,1272.0,1587.0,134103.0,134114.0
2026-01-16 22:30:00,1272.0,1275.0,1270.0,1273.0,1288.0,134114.0,133871.0
2026-01-19 09:00:00,1273.0,1274.0,1262.0,1263.0,4837.0,133871.0,133619.0
2026-01-19 09:30:00,1263.0,1272.0,1263.0,1264.0,5020.0,133619.0,133292.0
2026-01-19 10:00:00,1264.0,1267.0,1259.0,1267.0,1517.0,133292.0,133228.0
2026-01-19 10:30:00,1265.0,1265.0,1254.0,1255.0,4903.0,133228.0,132717.0
2026-01-19 11:00:00,1255.0,1259.0,1253.0,1257.0,3842.0,132717.0,132373.0
2026-01-19 13:30:00,1257.0,1259.0,1255.0,1256.0,1387.0,132373.0,132183.0
2026-01-19 14:00:00,1256.0,1258.0,1255.0,1256.0,795.0,132183.0,132156.0
2026-01-19 14:30:00,1256.0,1260.0,1251.0,1253.0,2051.0,132156.0,132138.0
2026-01-19 21:00:00,1256.0,1256.0,1243.0,1245.0,5892.0,132138.0,132511.0
2026-01-19 21:30:00,1245.0,1246.0,1239.0,1244.0,2671.0,132511.0,132404.0
2026-01-19 22:00:00,1244.0,1247.0,1240.0,1245.0,2053.0,132404.0,132171.0
2026-01-19 22:30:00,1245.0,1246.0,1241.0,1242.0,957.0,132171.0,132077.0
2026-01-20 09:00:00,1242.0,1249.0,1237.0,1247.0,3442.0,132077.0,131998.0
2026-01-20 09:30:00,1247.0,1248.0,1244.0,1244.0,1041.0,131998.0,132187.0
2026-01-20 10:00:00,1244.0,1246.0,1239.0,1242.0,1285.0,132187.0,132188.0
2026-01-20 10:30:00,1242.0,1245.0,1238.0,1242.0,2515.0,132188.0,132835.0
2026-01-20 11:00:00,1242.0,1246.0,1242.0,1244.0,1589.0,132835.0,133618.0
2026-01-20 13:30:00,1247.0,1250.0,1241.0,1247.0,2526.0,133618.0,134112.0
2026-01-20 14:00:00,1247.0,1252.0,1245.0,1246.0,3147.0,134112.0,134986.0
2026-01-20 14:30:00,1246.0,1248.0,1238.0,1238.0,2673.0,134986.0,135254.0
2026-01-20 21:00:00,1238.0,1239.0,1226.0,1232.0,6939.0,135254.0,135800.0
2026-01-20 21:30:00,1232.0,1235.0,1231.0,1233.0,1441.0,135800.0,135719.0
2026-01-20 22:00:00,1233.0,1238.0,1233.0,1235.0,2700.0,135719.0,135669.0
2026-01-20 22:30:00,1235.0,1238.0,1234.0,1236.0,831.0,135669.0,135643.0
2026-01-21 09:00:00,1236.0,1237.0,1233.0,1234.0,2101.0,135643.0,135964.0
2026-01-21 09:30:00,1234.0,1237.0,1231.0,1233.0,1657.0,135964.0,136675.0
2026-01-21 10:00:00,1233.0,1236.0,1230.0,1234.0,1095.0,136675.0,137053.0
2026-01-21 10:30:00,1234.0,1235.0,1229.0,1233.0,2261.0,137053.0,137867.0
2026-01-21 11:00:00,1233.0,1235.0,1231.0,1233.0,1949.0,137867.0,138187.0
2026-01-21 13:30:00,1233.0,1238.0,1230.0,1231.0,3148.0,138187.0,139192.0
2026-01-21 14:00:00,1231.0,1234.0,1229.0,1231.0,3317.0,139192.0,138840.0
2026-01-21 14:30:00,1231.0,1234.0,1226.0,1226.0,3482.0,138840.0,138450.0
2026-01-21 21:00:00,1228.0,1234.0,1225.0,1227.0,5798.0,138450.0,140031.0
2026-01-21 21:30:00,1227.0,1243.0,1223.0,1237.0,4105.0,140031.0,140537.0
2026-01-21 22:00:00,1237.0,1238.0,1231.0,1232.0,1160.0,140537.0,140760.0
2026-01-21 22:30:00,1232.0,1234.0,1230.0,1234.0,754.0,140760.0,140707.0
2026-01-22 09:00:00,1234.0,1246.0,1232.0,1243.0,3486.0,140707.0,140478.0
2026-01-22 09:30:00,1243.0,1245.0,1239.0,1241.0,3360.0,140478.0,141534.0
2026-01-22 10:00:00,1241.0,1242.0,1236.0,1238.0,826.0,141534.0,141744.0
2026-01-22 10:30:00,1237.0,1243.0,1234.0,1243.0,1661.0,141744.0,141949.0
2026-01-22 11:00:00,1243.0,1248.0,1242.0,1246.0,4600.0,141949.0,141739.0
2026-01-22 13:30:00,1246.0,1247.0,1241.0,1244.0,1607.0,141739.0,141979.0
2026-01-22 14:00:00,1244.0,1244.0,1238.0,1242.0,1327.0,141979.0,142033.0
2026-01-22 14:30:00,1242.0,1247.0,1240.0,1247.0,1830.0,142033.0,142401.0
2026-01-22 21:00:00,1249.0,1255.0,1242.0,1248.0,7389.0,142401.0,143619.0
2026-01-22 21:30:00,1248.0,1254.0,1245.0,1246.0,3171.0,143619.0,144239.0
2026-01-22 22:00:00,1246.0,1251.0,1246.0,1249.0,2205.0,144239.0,145098.0
2026-01-22 22:30:00,1249.0,1253.0,1246.0,1253.0,1477.0,145098.0,145639.0
2026-01-23 09:00:00,1253.0,1255.0,1247.0,1247.0,3728.0,145639.0,146066.0
2026-01-23 09:30:00,1247.0,1254.0,1244.0,1252.0,3281.0,146066.0,146850.0
2026-01-23 10:00:00,1252.0,1253.0,1249.0,1253.0,1518.0,146850.0,147158.0
2026-01-23 10:30:00,1252.0,1253.0,1247.0,1249.0,2605.0,147158.0,148060.0
2026-01-23 11:00:00,1249.0,1252.0,1241.0,1244.0,2239.0,148060.0,148525.0
2026-01-23 13:30:00,1244.0,1251.0,1241.0,1250.0,2510.0,148525.0,148551.0
2026-01-23 14:00:00,1250.0,1258.0,1248.0,1255.0,5288.0,148551.0,150371.0
2026-01-23 14:30:00,1255.0,1262.0,1250.0,1261.0,4476.0,150371.0,151000.0
2026-01-23 21:00:00,1262.0,1268.0,1252.0,1257.0,7444.0,151000.0,151436.0
2026-01-23 21:30:00,1257.0,1260.0,1247.0,1259.0,5061.0,151436.0,151718.0
2026-01-23 22:00:00,1259.0,1260.0,1252.0,1254.0,2743.0,151718.0,152772.0
2026-01-23 22:30:00,1254.0,1257.0,1250.0,1255.0,2057.0,152772.0,152250.0
2026-01-26 09:00:00,1255.0,1266.0,1255.0,1260.0,6939.0,152250.0,152557.0
2026-01-26 09:30:00,1260.0,1264.0,1259.0,1261.0,2269.0,152557.0,153194.0
2026-01-26 10:00:00,1261.0,1263.0,1260.0,1262.0,1405.0,153194.0,153637.0
2026-01-26 10:30:00,1262.0,1273.0,1262.0,1265.0,6767.0,153637.0,155216.0
2026-01-26 11:00:00,1265.0,1271.0,1263.0,1268.0,2774.0,155216.0,154937.0
2026-01-26 13:30:00,1267.0,1267.0,1257.0,1265.0,5621.0,154937.0,155895.0
2026-01-26 14:00:00,1265.0,1266.0,1260.0,1264.0,1743.0,155895.0,156380.0
2026-01-26 14:30:00,1264.0,1268.0,1263.0,1266.0,1782.0,156380.0,156502.0
2026-01-26 21:00:00,1263.0,1267.0,1253.0,1253.0,5180.0,156502.0,156910.0
2026-01-26 21:30:00,1253.0,1255.0,1251.0,1253.0,2921.0,156910.0,156812.0
2026-01-26 22:00:00,1253.0,1257.0,1252.0,1254.0,860.0,156812.0,156988.0
2026-01-26 22:30:00,1254.0,1258.0,1254.0,1255.0,978.0,156988.0,157074.0
2026-01-27 09:00:00,1255.0,1264.0,1254.0,1262.0,3999.0,157074.0,157849.0
2026-01-27 09:30:00,1262.0,1264.0,1256.0,1258.0,3255.0,157849.0,158302.0
2026-01-27 10:00:00,1258.0,1262.0,1256.0,1260.0,857.0,158302.0,158448.0
2026-01-27 10:30:00,1261.0,1262.0,1258.0,1259.0,602.0,158448.0,158523.0
2026-01-27 11:00:00,1259.0,1259.0,1251.0,1253.0,3403.0,158523.0,158901.0
2026-01-27 13:30:00,1253.0,1255.0,1251.0,1253.0,6019.0,158901.0,158478.0
2026-01-27 14:00:00,1253.0,1255.0,1251.0,1252.0,1400.0,158478.0,158890.0
2026-01-27 14:30:00,1252.0,1256.0,1250.0,1255.0,3068.0,158890.0,158570.0
2026-01-27 21:00:00,1250.0,1252.0,1239.0,1250.0,6001.0,158570.0,158541.0
2026-01-27 21:30:00,1250.0,1253.0,1248.0,1250.0,1701.0,158541.0,158467.0
2026-01-27 22:00:00,1250.0,1254.0,1249.0,1254.0,1191.0,158467.0,158541.0
2026-01-27 22:30:00,1254.0,1256.0,1250.0,1253.0,3942.0,158541.0,159912.0
2026-01-28 09:00:00,1253.0,1260.0,1252.0,1254.0,2891.0,159912.0,160366.0
2026-01-28 09:30:00,1254.0,1258.0,1253.0,1253.0,2207.0,160366.0,160794.0
2026-01-28 10:00:00,1253.0,1257.0,1253.0,1254.0,963.0,160794.0,161070.0
2026-01-28 10:30:00,1254.0,1260.0,1254.0,1256.0,2530.0,161070.0,161943.0
2026-01-28 11:00:00,1256.0,1260.0,1256.0,1259.0,3338.0,161943.0,163414.0
2026-01-28 13:30:00,1258.0,1266.0,1257.0,1262.0,5185.0,163414.0,165172.0
2026-01-28 14:00:00,1262.0,1267.0,1256.0,1258.0,3358.0,165172.0,166227.0
2026-01-28 14:30:00,1258.0,1260.0,1254.0,1259.0,1950.0,166227.0,166095.0
2026-01-28 21:00:00,1260.0,1262.0,1255.0,1256.0,3216.0,166095.0,166392.0
2026-01-28 21:30:00,1256.0,1263.0,1255.0,1262.0,1726.0,166392.0,166533.0
2026-01-28 22:00:00,1262.0,1274.0,1262.0,1271.0,6387.0,166533.0,167649.0
2026-01-28 22:30:00,1271.0,1274.0,1267.0,1270.0,3606.0,167649.0,168798.0
2026-01-29 09:00:00,1270.0,1273.0,1265.0,1270.0,4820.0,168798.0,169933.0
2026-01-29 09:30:00,1270.0,1275.0,1268.0,1271.0,2711.0,169933.0,170462.0
2026-01-29 10:00:00,1271.0,1272.0,1268.0,1270.0,1164.0,170462.0,170834.0
2026-01-29 10:30:00,1271.0,1273.0,1266.0,1273.0,3303.0,170834.0,172216.0
2026-01-29 11:00:00,1273.0,1275.0,1266.0,1269.0,4044.0,172216.0,172948.0
2026-01-29 13:30:00,1271.0,1275.0,1270.0,1272.0,3517.0,172948.0,173875.0
2026-01-29 14:00:00,1272.0,1272.0,1268.0,1268.0,2216.0,173875.0,174564.0
2026-01-29 14:30:00,1268.0,1282.0,1267.0,1281.0,5666.0,174564.0,174336.0
2026-01-29 21:00:00,1283.0,1288.0,1278.0,1282.0,8853.0,174336.0,176068.0
2026-01-29 21:30:00,1282.0,1283.0,1273.0,1275.0,4763.0,176068.0,177308.0
2026-01-29 22:00:00,1275.0,1280.0,1275.0,1280.0,1675.0,177308.0,177514.0
2026-01-29 22:30:00,1280.0,1285.0,1277.0,1280.0,2860.0,177514.0,177831.0
2026-01-30 09:00:00,1280.0,1280.0,1263.0,1263.0,7753.0,177831.0,176664.0
2026-01-30 09:30:00,1263.0,1267.0,1260.0,1265.0,4561.0,176664.0,176371.0
2026-01-30 10:00:00,1265.0,1269.0,1260.0,1261.0,3573.0,176371.0,175919.0
2026-01-30 10:30:00,1261.0,1271.0,1260.0,1269.0,5380.0,175919.0,175741.0
2026-01-30 11:00:00,1269.0,1270.0,1263.0,1267.0,1762.0,175741.0,175604.0
2026-01-30 13:30:00,1267.0,1273.0,1267.0,1271.0,2497.0,175604.0,175974.0
2026-01-30 14:00:00,1271.0,1272.0,1267.0,1267.0,1781.0,175974.0,176426.0
2026-01-30 14:30:00,1267.0,1269.0,1265.0,1266.0,3445.0,176426.0,175451.0
2026-01-30 21:00:00,1261.0,1290.0,1255.0,1288.0,13473.0,175451.0,176977.0
2026-01-30 21:30:00,1288.0,1293.0,1281.0,1285.0,6414.0,176977.0,177747.0
2026-01-30 22:00:00,1285.0,1287.0,1282.0,1286.0,3282.0,177747.0,178052.0
2026-01-30 22:30:00,1286.0,1289.0,1283.0,1283.0,2949.0,178052.0,177527.0
2026-02-02 09:00:00,1283.0,1286.0,1276.0,1282.0,5975.0,177527.0,177188.0
2026-02-02 09:30:00,1282.0,1284.0,1276.0,1283.0,3692.0,177188.0,176661.0
2026-02-02 10:00:00,1283.0,1284.0,1277.0,1279.0,979.0,176661.0,176855.0
2026-02-02 10:30:00,1279.0,1279.0,1269.0,1270.0,4478.0,176855.0,176824.0
2026-02-02 11:00:00,1270.0,1273.0,1266.0,1268.0,3619.0,176824.0,176481.0
2026-02-02 13:30:00,1268.0,1268.0,1256.0,1263.0,9236.0,176481.0,174548.0
2026-02-02 14:00:00,1263.0,1267.0,1257.0,1261.0,4994.0,174548.0,174802.0
2026-02-02 14:30:00,1261.0,1266.0,1258.0,1263.0,3780.0,174802.0,174428.0
2026-02-02 21:00:00,1270.0,1279.0,1265.0,1277.0,9523.0,174428.0,175282.0
2026-02-02 21:30:00,1277.0,1278.0,1272.0,1275.0,2877.0,175282.0,175457.0
2026-02-02 22:00:00,1275.0,1276.0,1272.0,1273.0,2350.0,175457.0,175680.0
2026-02-02 22:30:00,1273.0,1275.0,1270.0,1271.0,2423.0,175680.0,175890.0
2026-02-03 09:00:00,1271.0,1276.0,1269.0,1274.0,4338.0,175890.0,175891.0
2026-02-03 09:30:00,1274.0,1275.0,1271.0,1273.0,2537.0,175891.0,175757.0
2026-02-03 10:00:00,1273.0,1273.0,1267.0,1269.0,1639.0,175757.0,175899.0
2026-02-03 10:30:00,1269.0,1270.0,1262.0,1268.0,5891.0,175899.0,174257.0
2026-02-03 11:00:00,1268.0,1269.0,1260.0,1266.0,3962.0,174257.0,174173.0
2026-02-03 13:30:00,1265.0,1266.0,1261.0,1264.0,2304.0,174173.0,174371.0
2026-02-03 14:00:00,1264.0,1266.0,1253.0,1263.0,6295.0,174371.0,174328.0
2026-02-03 14:30:00,1263.0,1266.0,1262.0,1265.0,2298.0,174328.0,173849.0
2026-02-03 21:00:00,1270.0,1288.0,1266.0,1278.0,17080.0,173849.0,174498.0
2026-02-03 21:30:00,1278.0,1279.0,1273.0,1277.0,5266.0,174498.0,174820.0
2026-02-03 22:00:00,1277.0,1278.0,1275.0,1276.0,1256.0,174820.0,175169.0
2026-02-03 22:30:00,1276.0,1277.0,1272.0,1275.0,2109.0,175169.0,175078.0
2026-02-04 09:00:00,1275.0,1279.0,1272.0,1278.0,3850.0,175078.0,176236.0
2026-02-04 09:30:00,1278.0,1284.0,1277.0,1279.0,6934.0,176236.0,176777.0
2026-02-04 10:00:00,1279.0,1284.0,1279.0,1283.0,1059.0,176777.0,176693.0
2026-02-04 10:30:00,1283.0,1287.0,1281.0,1282.0,4947.0,176693.0,176525.0
2026-02-04 11:00:00,1282.0,1293.0,1281.0,1290.0,7875.0,176525.0,178164.0
2026-02-04 13:30:00,1291.0,1294.0,1282.0,1286.0,5659.0,178164.0,177993.0
2026-02-04 14:00:00,1286.0,1288.0,1283.0,1287.0,2584.0,177993.0,178295.0
2026-02-04 14:30:00,1287.0,1291.0,1287.0,1289.0,4189.0,178295.0,178231.0
2026-02-04 21:00:00,1289.0,1289.0,1276.0,1277.0,10459.0,178231.0,178949.0
2026-02-04 21:30:00,1277.0,1282.0,1276.0,1279.0,4622.0,178949.0,179207.0
2026-02-04 22:00:00,1279.0,1281.0,1276.0,1280.0,2646.0,179207.0,179721.0
2026-02-04 22:30:00,1280.0,1283.0,1277.0,1280.0,1691.0,179721.0,179570.0
2026-02-05 09:00:00,1280.0,1281.0,1274.0,1274.0,4606.0,179570.0,179883.0
2026-02-05 09:30:00,1274.0,1277.0,1270.0,1271.0,3585.0,179883.0,180308.0
2026-02-05 10:00:00,1271.0,1273.0,1270.0,1271.0,925.0,180308.0,180282.0
2026-02-05 10:30:00,1271.0,1271.0,1266.0,1268.0,5604.0,180282.0,180071.0
2026-02-05 11:00:00,1268.0,1272.0,1265.0,1271.0,2722.0,180071.0,180145.0
2026-02-05 13:30:00,1271.0,1272.0,1266.0,1267.0,2370.0,180145.0,180832.0
2026-02-05 14:00:00,1267.0,1271.0,1266.0,1268.0,2926.0,180832.0,180762.0
2026-02-05 14:30:00,1268.0,1274.0,1268.0,1273.0,2201.0,180762.0,180105.0
2026-02-05 21:00:00,1266.0,1268.0,1254.0,1260.0,9290.0,180105.0,180812.0
2026-02-05 21:30:00,1260.0,1266.0,1259.0,1260.0,2588.0,180812.0,180521.0
2026-02-05 22:00:00,1260.0,1262.0,1258.0,1261.0,1219.0,180521.0,180317.0
2026-02-05 22:30:00,1261.0,1262.0,1259.0,1260.0,802.0,180317.0,180098.0
2026-02-06 09:00:00,1260.0,1262.0,1249.0,1253.0,5315.0,180098.0,179508.0
2026-02-06 09:30:00,1253.0,1254.0,1249.0,1250.0,3814.0,179508.0,179137.0
2026-02-06 10:00:00,1250.0,1256.0,1249.0,1256.0,1067.0,179137.0,179072.0
2026-02-06 10:30:00,1256.0,1258.0,1251.0,1252.0,1923.0,179072.0,178908.0
2026-02-06 11:00:00,1252.0,1256.0,1251.0,1255.0,959.0,178908.0,178754.0
2026-02-06 13:30:00,1255.0,1262.0,1255.0,1262.0,2109.0,178754.0,178648.0
2026-02-06 14:00:00,1262.0,1263.0,1258.0,1259.0,1726.0,178648.0,178595.0
2026-02-06 14:30:00,1259.0,1260.0,1250.0,1253.0,2387.0,178595.0,178767.0
2026-02-06 21:00:00,1250.0,1252.0,1243.0,1246.0,6107.0,178767.0,180329.0
2026-02-06 21:30:00,1246.0,1247.0,1241.0,1243.0,3683.0,180329.0,180809.0
2026-02-06 22:00:00,1243.0,1244.0,1237.0,1238.0,3926.0,180809.0,181278.0
2026-02-06 22:30:00,1238.0,1240.0,1230.0,1236.0,7053.0,181278.0,180351.0
2026-02-09 09:00:00,1236.0,1243.0,1236.0,1239.0,6419.0,180351.0,180755.0
2026-02-09 09:30:00,1239.0,1244.0,1238.0,1240.0,1405.0,180755.0,181130.0
2026-02-09 10:00:00,1240.0,1244.0,1240.0,1243.0,486.0,181130.0,181088.0
2026-02-09 10:30:00,1243.0,1248.0,1240.0,1246.0,2362.0,181088.0,181207.0
2026-02-09 11:00:00,1246.0,1253.0,1246.0,1248.0,2996.0,181207.0,181088.0
2026-02-09 13:30:00,1250.0,1258.0,1247.0,1247.0,6177.0,181088.0,182268.0
2026-02-09 14:00:00,1247.0,1248.0,1244.0,1244.0,2834.0,182268.0,182860.0
2026-02-09 14:30:00,1244.0,1247.0,1243.0,1243.0,2021.0,182860.0,182972.0
2026-02-09 21:00:00,1243.0,1249.0,1237.0,1247.0,5808.0,182972.0,183392.0
2026-02-09 21:30:00,1247.0,1248.0,1239.0,1242.0,3281.0,183392.0,183354.0
2026-02-09 22:00:00,1242.0,1242.0,1237.0,1242.0,3011.0,183354.0,183799.0
2026-02-09 22:30:00,1242.0,1242.0,1239.0,1239.0,959.0,183799.0,183503.0
2026-02-10 09:00:00,1239.0,1242.0,1237.0,1240.0,3137.0,183503.0,183134.0
2026-02-10 09:30:00,1240.0,1244.0,1239.0,1241.0,1325.0,183134.0,183147.0
2026-02-10 10:00:00,1241.0,1243.0,1240.0,1241.0,812.0,183147.0,183046.0
2026-02-10 10:30:00,1241.0,1242.0,1237.0,1238.0,1517.0,183046.0,183211.0
2026-02-10 11:00:00,1238.0,1241.0,1238.0,1241.0,1452.0,183211.0,183491.0
2026-02-10 13:30:00,1241.0,1242.0,1235.0,1235.0,2229.0,183491.0,183283.0
2026-02-10 14:00:00,1235.0,1239.0,1235.0,1238.0,1483.0,183283.0,183525.0
2026-02-10 14:30:00,1238.0,1240.0,1234.0,1234.0,2029.0,183525.0,183343.0
2026-02-10 21:00:00,1233.0,1237.0,1227.0,1232.0,6186.0,183343.0,184772.0
2026-02-10 21:30:00,1232.0,1235.0,1230.0,1235.0,1578.0,184772.0,184315.0
2026-02-10 22:00:00,1235.0,1236.0,1232.0,1234.0,2255.0,184315.0,184043.0
2026-02-10 22:30:00,1234.0,1237.0,1233.0,1234.0,1526.0,184043.0,183616.0
2026-02-11 09:00:00,1234.0,1238.0,1233.0,1234.0,1877.0,183616.0,182903.0
2026-02-11 09:30:00,1234.0,1238.0,1233.0,1238.0,2033.0,182903.0,182700.0
2026-02-11 10:00:00,1238.0,1240.0,1236.0,1237.0,1735.0,182700.0,183262.0
2026-02-11 10:30:00,1237.0,1241.0,1237.0,1239.0,1245.0,183262.0,182713.0
2026-02-11 11:00:00,1239.0,1243.0,1236.0,1240.0,3357.0,182713.0,182171.0
2026-02-11 13:30:00,1240.0,1246.0,1240.0,1241.0,4355.0,182171.0,181256.0
2026-02-11 14:00:00,1241.0,1243.0,1238.0,1239.0,2010.0,181256.0,180866.0
2026-02-11 14:30:00,1239.0,1242.0,1238.0,1240.0,1941.0,180866.0,180087.0
2026-02-11 21:00:00,1237.0,1239.0,1233.0,1234.0,5190.0,180087.0,179874.0
2026-02-11 21:30:00,1234.0,1236.0,1233.0,1236.0,1353.0,179874.0,179826.0
2026-02-11 22:00:00,1236.0,1237.0,1234.0,1234.0,809.0,179826.0,179498.0
2026-02-11 22:30:00,1234.0,1236.0,1233.0,1236.0,1119.0,179498.0,179064.0
2026-02-12 09:00:00,1236.0,1239.0,1233.0,1238.0,3212.0,179064.0,178598.0
2026-02-12 09:30:00,1238.0,1240.0,1237.0,1238.0,2252.0,178598.0,177796.0
2026-02-12 10:00:00,1238.0,1242.0,1238.0,1240.0,773.0,177796.0,177696.0
2026-02-12 10:30:00,1242.0,1242.0,1236.0,1238.0,1681.0,177696.0,177343.0
2026-02-12 11:00:00,1238.0,1242.0,1236.0,1236.0,1658.0,177343.0,176664.0
2026-02-12 13:30:00,1236.0,1238.0,1234.0,1237.0,2032.0,176664.0,176553.0
2026-02-12 14:00:00,1237.0,1238.0,1228.0,1231.0,6514.0,176553.0,176268.0
2026-02-12 14:30:00,1231.0,1232.0,1225.0,1229.0,7326.0,176268.0,174315.0
2026-02-12 21:00:00,1231.0,1232.0,1226.0,1231.0,4106.0,174315.0,173925.0
2026-02-12 21:30:00,1231.0,1232.0,1228.0,1232.0,1082.0,173925.0,173867.0
2026-02-12 22:00:00,1232.0,1232.0,1229.0,1231.0,465.0,173867.0,173932.0
2026-02-12 22:30:00,1231.0,1232.0,1230.0,1231.0,543.0,173932.0,173913.0
2026-02-13 09:00:00,1231.0,1231.0,1226.0,1229.0,1685.0,173913.0,173716.0
2026-02-13 09:30:00,1229.0,1229.0,1225.0,1228.0,2260.0,173716.0,173906.0
2026-02-13 10:00:00,1228.0,1231.0,1227.0,1230.0,884.0,173906.0,173729.0
2026-02-13 10:30:00,1230.0,1232.0,1228.0,1230.0,1539.0,173729.0,173419.0
2026-02-13 11:00:00,1230.0,1231.0,1227.0,1227.0,801.0,173419.0,173371.0
2026-02-13 13:30:00,1227.0,1230.0,1225.0,1226.0,1426.0,173371.0,173268.0
2026-02-13 14:00:00,1226.0,1228.0,1223.0,1224.0,2171.0,173268.0,173243.0
2026-02-13 14:30:00,1224.0,1225.0,1214.0,1219.0,5188.0,173243.0,173201.0
2026-02-24 09:00:00,1234.0,1237.0,1221.0,1222.0,8991.0,173201.0,174693.0
2026-02-24 09:30:00,1222.0,1222.0,1214.0,1216.0,4022.0,174693.0,175972.0
2026-02-24 10:00:00,1216.0,1223.0,1215.0,1223.0,1363.0,175972.0,176156.0
2026-02-24 10:30:00,1223.0,1234.0,1222.0,1232.0,5066.0,176156.0,176213.0
2026-02-24 11:00:00,1232.0,1235.0,1231.0,1233.0,2619.0,176213.0,176620.0
2026-02-24 13:30:00,1232.0,1232.0,1229.0,1230.0,2311.0,176620.0,176570.0
2026-02-24 14:00:00,1230.0,1232.0,1228.0,1229.0,838.0,176570.0,176506.0
2026-02-24 14:30:00,1229.0,1232.0,1228.0,1231.0,1308.0,176506.0,176449.0
2026-02-24 21:00:00,1233.0,1249.0,1233.0,1247.0,12649.0,176449.0,177871.0
2026-02-24 21:30:00,1247.0,1250.0,1244.0,1245.0,5243.0,177871.0,178739.0
2026-02-24 22:00:00,1245.0,1249.0,1244.0,1247.0,1247.0,178739.0,178812.0
2026-02-24 22:30:00,1247.0,1251.0,1247.0,1249.0,1966.0,178812.0,178888.0
2026-02-25 09:00:00,1249.0,1255.0,1247.0,1250.0,6424.0,178888.0,178569.0
2026-02-25 09:30:00,1250.0,1253.0,1248.0,1249.0,2293.0,178569.0,178748.0
2026-02-25 10:00:00,1249.0,1250.0,1247.0,1249.0,1336.0,178748.0,178624.0
2026-02-25 10:30:00,1250.0,1251.0,1246.0,1250.0,3451.0,178624.0,179395.0
2026-02-25 11:00:00,1250.0,1254.0,1249.0,1251.0,3460.0,179395.0,180699.0
2026-02-25 13:30:00,1252.0,1254.0,1250.0,1252.0,4861.0,180699.0,182069.0
2026-02-25 14:00:00,1252.0,1254.0,1249.0,1249.0,1764.0,182069.0,182393.0
2026-02-25 14:30:00,1249.0,1256.0,1249.0,1253.0,4846.0,182393.0,181960.0
2026-02-25 21:00:00,1259.0,1259.0,1246.0,1248.0,8436.0,181960.0,183490.0
2026-02-25 21:30:00,1248.0,1251.0,1248.0,1249.0,1162.0,183490.0,183637.0
2026-02-25 22:00:00,1249.0,1250.0,1247.0,1247.0,1005.0,183637.0,183701.0
2026-02-25 22:30:00,1247.0,1250.0,1246.0,1249.0,1214.0,183701.0,183682.0
2026-02-26 09:00:00,1249.0,1252.0,1247.0,1250.0,3327.0,183682.0,184250.0
2026-02-26 09:30:00,1250.0,1254.0,1249.0,1251.0,2300.0,184250.0,184041.0
2026-02-26 10:00:00,1251.0,1254.0,1250.0,1252.0,1092.0,184041.0,183863.0
2026-02-26 10:30:00,1252.0,1252.0,1243.0,1246.0,6458.0,183863.0,184114.0
2026-02-26 11:00:00,1246.0,1247.0,1243.0,1245.0,1578.0,184114.0,184246.0
2026-02-26 13:30:00,1245.0,1246.0,1242.0,1243.0,2992.0,184246.0,184503.0
2026-02-26 14:00:00,1243.0,1247.0,1241.0,1247.0,2516.0,184503.0,184447.0
2026-02-26 14:30:00,1247.0,1254.0,1245.0,1253.0,8394.0,184447.0,184349.0
2026-02-26 21:00:00,1251.0,1252.0,1244.0,1245.0,5814.0,184349.0,185387.0
2026-02-26 21:30:00,1245.0,1247.0,1242.0,1244.0,3418.0,185387.0,186259.0
2026-02-26 22:00:00,1244.0,1244.0,1241.0,1242.0,1760.0,186259.0,186477.0
2026-02-26 22:30:00,1242.0,1247.0,1240.0,1245.0,3959.0,186477.0,185879.0
2026-02-27 09:00:00,1245.0,1249.0,1243.0,1248.0,5485.0,185879.0,187148.0
2026-02-27 09:30:00,1248.0,1251.0,1246.0,1251.0,3098.0,187148.0,187588.0
2026-02-27 10:00:00,1251.0,1253.0,1249.0,1251.0,2291.0,187588.0,187281.0
2026-02-27 10:30:00,1250.0,1255.0,1250.0,1252.0,4421.0,187281.0,186744.0
2026-02-27 11:00:00,1252.0,1254.0,1248.0,1248.0,3292.0,186744.0,186835.0
2026-02-27 13:30:00,1249.0,1253.0,1249.0,1250.0,1310.0,186835.0,187062.0
2026-02-27 14:00:00,1250.0,1253.0,1248.0,1251.0,1094.0,187062.0,187199.0
2026-02-27 14:30:00,1251.0,1258.0,1250.0,1257.0,4774.0,187199.0,187667.0
2026-02-27 21:00:00,1260.0,1275.0,1260.0,1264.0,18366.0,187667.0,190430.0
2026-02-27 21:30:00,1264.0,1265.0,1252.0,1254.0,9443.0,190430.0,192454.0
2026-02-27 22:00:00,1254.0,1259.0,1254.0,1256.0,4705.0,192454.0,193210.0
2026-02-27 22:30:00,1256.0,1257.0,1253.0,1255.0,3532.0,193210.0,192293.0
2026-03-02 09:00:00,1255.0,1266.0,1244.0,1246.0,14879.0,192293.0,193147.0
2026-03-02 09:30:00,1246.0,1248.0,1240.0,1242.0,6058.0,193147.0,194438.0
2026-03-02 10:00:00,1242.0,1243.0,1238.0,1241.0,2793.0,194438.0,194785.0
2026-03-02 10:30:00,1241.0,1243.0,1238.0,1240.0,3982.0,194785.0,196086.0
2026-03-02 11:00:00,1240.0,1249.0,1240.0,1247.0,7861.0,196086.0,197416.0
2026-03-02 13:30:00,1249.0,1251.0,1246.0,1249.0,3688.0,197416.0,197419.0
2026-03-02 14:00:00,1249.0,1253.0,1248.0,1251.0,3401.0,197419.0,198080.0
2026-03-02 14:30:00,1251.0,1254.0,1251.0,1252.0,2916.0,198080.0,198907.0
2026-03-02 21:00:00,1248.0,1251.0,1243.0,1247.0,6146.0,198907.0,200203.0
2026-03-02 21:30:00,1247.0,1249.0,1242.0,1244.0,3773.0,200203.0,200817.0
2026-03-02 22:00:00,1244.0,1245.0,1238.0,1240.0,5715.0,200817.0,202529.0
2026-03-02 22:30:00,1240.0,1241.0,1238.0,1240.0,4089.0,202529.0,202439.0
2026-03-03 09:00:00,1240.0,1246.0,1239.0,1243.0,5080.0,202439.0,202189.0
2026-03-03 09:30:00,1243.0,1246.0,1241.0,1243.0,5324.0,202189.0,201072.0
2026-03-03 10:00:00,1243.0,1243.0,1238.0,1239.0,2818.0,201072.0,201414.0
2026-03-03 10:30:00,1239.0,1248.0,1237.0,1244.0,7103.0,201414.0,201147.0
2026-03-03 11:00:00,1244.0,1248.0,1243.0,1245.0,4111.0,201147.0,201076.0
2026-03-03 13:30:00,1246.0,1250.0,1242.0,1246.0,6603.0,201076.0,201449.0
2026-03-03 14:00:00,1246.0,1258.0,1244.0,1258.0,6978.0,201449.0,200923.0
2026-03-03 14:30:00,1258.0,1278.0,1257.0,1276.0,27481.0,200923.0,201655.0
2026-03-03 21:00:00,1268.0,1281.0,1268.0,1272.0,24399.0,201655.0,204610.0
2026-03-03 21:30:00,1272.0,1283.0,1271.0,1280.0,9735.0,204610.0,205965.0
2026-03-03 22:00:00,1280.0,1281.0,1272.0,1280.0,9006.0,205965.0,206586.0
2026-03-03 22:30:00,1280.0,1281.0,1270.0,1273.0,5425.0,206586.0,205908.0
2026-03-04 09:00:00,1273.0,1278.0,1265.0,1267.0,12278.0,205908.0,207655.0
2026-03-04 09:30:00,1267.0,1268.0,1260.0,1263.0,9862.0,207655.0,208118.0
2026-03-04 10:00:00,1263.0,1264.0,1257.0,1262.0,6013.0,208118.0,208842.0
2026-03-04 10:30:00,1262.0,1263.0,1254.0,1260.0,7283.0,208842.0,209424.0
2026-03-04 11:00:00,1260.0,1268.0,1259.0,1264.0,4149.0,209424.0,209505.0
2026-03-04 13:30:00,1263.0,1269.0,1260.0,1268.0,4395.0,209505.0,209957.0
2026-03-04 14:00:00,1268.0,1269.0,1264.0,1268.0,2950.0,209957.0,210411.0
2026-03-04 14:30:00,1268.0,1269.0,1261.0,1265.0,4167.0,210411.0,210050.0
2026-03-04 21:00:00,1263.0,1270.0,1258.0,1270.0,11112.0,210050.0,210260.0
2026-03-04 21:30:00,1270.0,1273.0,1267.0,1269.0,5826.0,210260.0,211156.0
2026-03-04 22:00:00,1269.0,1273.0,1266.0,1268.0,5927.0,211156.0,212489.0
2026-03-04 22:30:00,1268.0,1271.0,1266.0,1266.0,4883.0,212489.0,212440.0
2026-03-05 09:00:00,1266.0,1272.0,1266.0,1267.0,4674.0,212440.0,212694.0
2026-03-05 09:30:00,1267.0,1273.0,1265.0,1272.0,5244.0,212694.0,213274.0
2026-03-05 10:00:00,1272.0,1274.0,1269.0,1273.0,3117.0,213274.0,214514.0
2026-03-05 10:30:00,1273.0,1280.0,1273.0,1277.0,9875.0,214514.0,215601.0
2026-03-05 11:00:00,1277.0,1288.0,1274.0,1284.0,16499.0,215601.0,217444.0
2026-03-05 13:30:00,1285.0,1299.0,1282.0,1283.0,27727.0,217444.0,222176.0
2026-03-05 14:00:00,1283.0,1288.0,1278.0,1284.0,12540.0,222176.0,224746.0
2026-03-05 14:30:00,1284.0,1292.0,1276.0,1281.0,12447.0,224746.0,225543.0
2026-03-05 21:00:00,1283.0,1288.0,1278.0,1283.0,13387.0,225543.0,225958.0
2026-03-05 21:30:00,1283.0,1286.0,1278.0,1285.0,4298.0,225958.0,226315.0
2026-03-05 22:00:00,1285.0,1286.0,1281.0,1281.0,3027.0,226315.0,226197.0
2026-03-05 22:30:00,1281.0,1284.0,1280.0,1282.0,2958.0,226197.0,225968.0
2026-03-06 09:00:00,1282.0,1284.0,1276.0,1283.0,8224.0,225968.0,227019.0
2026-03-06 09:30:00,1283.0,1293.0,1282.0,1293.0,8644.0,227019.0,227634.0
2026-03-06 10:00:00,1293.0,1293.0,1288.0,1291.0,3621.0,227634.0,227906.0
2026-03-06 10:30:00,1292.0,1293.0,1284.0,1290.0,4715.0,227906.0,229193.0
2026-03-06 11:00:00,1290.0,1292.0,1288.0,1291.0,3216.0,229193.0,229607.0
2026-03-06 13:30:00,1290.0,1298.0,1289.0,1298.0,9933.0,229607.0,230320.0
2026-03-06 14:00:00,1298.0,1301.0,1292.0,1298.0,14659.0,230320.0,232845.0
2026-03-06 14:30:00,1298.0,1303.0,1294.0,1299.0,12587.0,232845.0,233810.0
2026-03-06 21:00:00,1307.0,1328.0,1307.0,1313.0,37834.0,233810.0,235008.0
2026-03-06 21:30:00,1313.0,1321.0,1304.0,1319.0,16927.0,235008.0,235410.0
2026-03-06 22:00:00,1319.0,1323.0,1313.0,1314.0,9420.0,235410.0,234831.0
2026-03-06 22:30:00,1314.0,1319.0,1312.0,1319.0,6882.0,234831.0,234658.0
2026-03-09 09:00:00,1319.0,1394.0,1319.0,1369.0,96581.0,234658.0,241071.0
2026-03-09 09:30:00,1369.0,1383.0,1362.0,1378.0,21784.0,241071.0,244456.0
2026-03-09 10:00:00,1378.0,1379.0,1370.0,1374.0,10377.0,244456.0,246350.0
2026-03-09 10:30:00,1375.0,1392.0,1374.0,1378.0,22981.0,246350.0,244981.0
2026-03-09 11:00:00,1378.0,1380.0,1369.0,1378.0,16621.0,244981.0,246759.0
2026-03-09 13:30:00,1371.0,1373.0,1327.0,1335.0,62528.0,246759.0,246680.0
2026-03-09 14:00:00,1335.0,1339.0,1323.0,1334.0,35174.0,246680.0,247686.0
2026-03-09 14:30:00,1334.0,1339.0,1326.0,1330.0,19713.0,247686.0,249338.0
2026-03-09 21:00:00,1324.0,1332.0,1312.0,1319.0,37484.0,249338.0,250052.0
2026-03-09 21:30:00,1319.0,1320.0,1303.0,1315.0,21078.0,250052.0,250368.0
2026-03-09 22:00:00,1315.0,1322.0,1315.0,1317.0,9372.0,250368.0,250284.0
2026-03-09 22:30:00,1317.0,1323.0,1314.0,1322.0,6818.0,250284.0,249544.0
2026-03-10 09:00:00,1322.0,1322.0,1286.0,1290.0,44481.0,249544.0,248078.0
2026-03-10 09:30:00,1290.0,1295.0,1283.0,1295.0,16158.0,248078.0,247906.0
2026-03-10 10:00:00,1295.0,1297.0,1290.0,1290.0,4395.0,247906.0,247796.0
2026-03-10 10:30:00,1290.0,1303.0,1290.0,1299.0,15250.0,247796.0,248725.0
2026-03-10 11:00:00,1299.0,1308.0,1297.0,1304.0,15671.0,248725.0,245683.0
2026-03-10 13:30:00,1304.0,1307.0,1297.0,1305.0,12261.0,245683.0,246799.0
2026-03-10 14:00:00,1305.0,1307.0,1300.0,1303.0,6581.0,246799.0,247060.0
2026-03-10 14:30:00,1303.0,1305.0,1297.0,1301.0,9278.0,247060.0,247850.0
2026-03-10 21:00:00,1305.0,1308.0,1295.0,1298.0,16251.0,247850.0,251312.0
2026-03-10 21:30:00,1298.0,1298.0,1292.0,1294.0,8280.0,251312.0,252401.0
2026-03-10 22:00:00,1294.0,1299.0,1291.0,1292.0,4444.0,252401.0,252040.0
2026-03-10 22:30:00,1292.0,1294.0,1289.0,1290.0,7113.0,252040.0,253013.0
2026-03-11 09:00:00,1290.0,1303.0,1287.0,1300.0,14557.0,253013.0,252813.0
2026-03-11 09:30:00,1300.0,1303.0,1298.0,1302.0,4353.0,252813.0,252759.0
2026-03-11 10:00:00,1302.0,1304.0,1301.0,1302.0,3636.0,252759.0,252514.0
2026-03-11 10:30:00,1302.0,1310.0,1302.0,1309.0,10536.0,252514.0,251259.0
2026-03-11 11:00:00,1309.0,1313.0,1307.0,1312.0,10058.0,251259.0,252054.0
2026-03-11 13:30:00,1312.0,1321.0,1310.0,1312.0,19536.0,252054.0,252674.0
2026-03-11 14:00:00,1312.0,1325.0,1312.0,1322.0,21215.0,252674.0,258797.0
2026-03-11 14:30:00,1322.0,1323.0,1314.0,1322.0,11159.0,258797.0,259535.0
2026-03-11 21:00:00,1330.0,1346.0,1325.0,1340.0,46190.0,259535.0,261410.0
2026-03-11 21:30:00,1340.0,1340.0,1328.0,1330.0,21781.0,261410.0,263001.0
2026-03-11 22:00:00,1330.0,1336.0,1328.0,1336.0,7436.0,263001.0,263566.0
2026-03-11 22:30:00,1336.0,1338.0,1330.0,1330.0,7701.0,263566.0,263347.0
2026-03-12 09:00:00,1330.0,1349.0,1330.0,1340.0,22946.0,263347.0,264237.0
2026-03-12 09:30:00,1340.0,1354.0,1340.0,1354.0,13266.0,264237.0,265329.0
2026-03-12 10:00:00,1354.0,1361.0,1353.0,1360.0,10787.0,265329.0,266133.0
2026-03-12 10:30:00,1361.0,1367.0,1340.0,1341.0,23664.0,266133.0,265924.0
2026-03-12 11:00:00,1341.0,1344.0,1331.0,1340.0,17772.0,265924.0,266765.0
2026-03-12 13:30:00,1340.0,1340.0,1329.0,1329.0,20221.0,266765.0,267711.0
2026-03-12 14:00:00,1329.0,1335.0,1324.0,1330.0,13438.0,267711.0,269306.0
2026-03-12 14:30:00,1330.0,1332.0,1318.0,1322.0,20460.0,269306.0,266358.0
2026-03-12 21:00:00,1326.0,1344.0,1324.0,1343.0,27039.0,266358.0,268384.0
2026-03-12 21:30:00,1343.0,1346.0,1336.0,1340.0,13400.0,268384.0,269172.0
2026-03-12 22:00:00,1340.0,1347.0,1337.0,1345.0,8117.0,269172.0,268908.0
2026-03-12 22:30:00,1345.0,1347.0,1340.0,1342.0,7346.0,268908.0,268616.0
2026-03-13 09:00:00,1342.0,1345.0,1334.0,1335.0,15108.0,268616.0,270619.0
2026-03-13 09:30:00,1335.0,1349.0,1335.0,1344.0,14792.0,270619.0,273131.0
2026-03-13 10:00:00,1344.0,1349.0,1344.0,1345.0,3437.0,273131.0,273530.0
2026-03-13 10:30:00,1345.0,1349.0,1341.0,1345.0,5737.0,273530.0,274304.0
2026-03-13 11:00:00,1345.0,1348.0,1341.0,1343.0,7061.0,274304.0,275448.0
2026-03-13 13:30:00,1343.0,1349.0,1337.0,1338.0,16846.0,275448.0,277524.0
2026-03-13 14:00:00,1338.0,1341.0,1334.0,1338.0,12554.0,277524.0,278168.0
2026-03-13 14:30:00,1338.0,1340.0,1332.0,1335.0,9696.0,278168.0,279097.0
2026-03-13 21:00:00,1333.0,1336.0,1315.0,1328.0,20799.0,279097.0,281080.0
2026-03-13 21:30:00,1328.0,1338.0,1326.0,1337.0,11950.0,281080.0,280806.0
2026-03-13 22:00:00,1337.0,1338.0,1333.0,1336.0,7207.0,280806.0,280902.0
2026-03-13 22:30:00,1336.0,1338.0,1332.0,1335.0,6535.0,280902.0,280074.0
2026-03-16 09:00:00,1335.0,1338.0,1325.0,1328.0,30999.0,280074.0,286700.0
2026-03-16 09:30:00,1328.0,1333.0,1323.0,1333.0,15137.0,286700.0,290428.0
2026-03-16 10:00:00,1333.0,1336.0,1328.0,1332.0,5785.0,290428.0,290758.0
2026-03-16 10:30:00,1332.0,1333.0,1312.0,1313.0,27194.0,290758.0,294452.0
2026-03-16 11:00:00,1313.0,1316.0,1310.0,1314.0,21280.0,294452.0,297550.0
2026-03-16 13:30:00,1315.0,1318.0,1311.0,1315.0,17328.0,297550.0,301262.0
2026-03-16 14:00:00,1315.0,1322.0,1313.0,1321.0,12033.0,301262.0,302668.0
2026-03-16 14:30:00,1321.0,1324.0,1317.0,1318.0,8959.0,302668.0,302897.0
2026-03-16 21:00:00,1309.0,1316.0,1301.0,1304.0,28635.0,302897.0,305835.0
2026-03-16 21:30:00,1304.0,1306.0,1294.0,1296.0,15505.0,305835.0,307334.0
2026-03-16 22:00:00,1296.0,1303.0,1295.0,1302.0,9332.0,307334.0,308157.0
2026-03-16 22:30:00,1302.0,1305.0,1301.0,1301.0,5805.0,308157.0,308364.0
2026-03-17 09:00:00,1301.0,1310.0,1300.0,1307.0,14909.0,308364.0,310444.0
2026-03-17 09:30:00,1307.0,1314.0,1305.0,1312.0,8654.0,310444.0,311659.0
2026-03-17 10:00:00,1312.0,1314.0,1310.0,1311.0,4553.0,311659.0,311565.0
2026-03-17 10:30:00,1312.0,1313.0,1304.0,1307.0,6164.0,311565.0,313031.0
2026-03-17 11:00:00,1307.0,1315.0,1304.0,1311.0,8033.0,313031.0,313511.0
2026-03-17 13:30:00,1311.0,1317.0,1308.0,1315.0,9784.0,313511.0,315046.0
2026-03-17 14:00:00,1315.0,1316.0,1308.0,1310.0,6158.0,315046.0,315056.0
2026-03-17 14:30:00,1310.0,1310.0,1305.0,1306.0,9324.0,315056.0,313558.0
2026-03-17 21:00:00,1306.0,1314.0,1305.0,1309.0,16176.0,313558.0,316095.0
2026-03-17 21:30:00,1309.0,1313.0,1308.0,1311.0,4431.0,316095.0,315996.0
2026-03-17 22:00:00,1311.0,1313.0,1309.0,1311.0,4247.0,315996.0,316424.0
2026-03-17 22:30:00,1311.0,1312.0,1306.0,1308.0,6362.0,316424.0,315975.0
2026-03-18 09:00:00,1307.0,1309.0,1298.0,1303.0,17570.0,315975.0,316018.0
2026-03-18 09:30:00,1303.0,1304.0,1290.0,1293.0,21069.0,316018.0,316308.0
2026-03-18 10:00:00,1293.0,1294.0,1288.0,1289.0,8489.0,316308.0,317255.0
2026-03-18 10:30:00,1288.0,1290.0,1273.0,1279.0,38901.0,317255.0,321552.0
2026-03-18 11:00:00,1279.0,1283.0,1275.0,1283.0,14756.0,321552.0,323675.0
2026-03-18 13:30:00,1281.0,1285.0,1279.0,1280.0,10079.0,323675.0,324409.0
2026-03-18 14:00:00,1280.0,1284.0,1278.0,1283.0,7068.0,324409.0,325534.0
2026-03-18 14:30:00,1283.0,1285.0,1278.0,1278.0,10730.0,325534.0,323854.0
2026-03-18 21:00:00,1289.0,1293.0,1283.0,1288.0,24389.0,323854.0,324140.0
2026-03-18 21:30:00,1288.0,1290.0,1282.0,1288.0,11106.0,324140.0,325589.0
2026-03-18 22:00:00,1288.0,1290.0,1285.0,1288.0,4800.0,325589.0,325041.0
2026-03-18 22:30:00,1288.0,1293.0,1287.0,1289.0,14754.0,325041.0,327211.0
2026-03-19 09:00:00,1289.0,1299.0,1283.0,1284.0,26612.0,327211.0,329967.0
2026-03-19 09:30:00,1284.0,1288.0,1281.0,1287.0,7927.0,329967.0,331189.0
2026-03-19 10:00:00,1287.0,1290.0,1285.0,1286.0,4245.0,331189.0,331456.0
2026-03-19 10:30:00,1286.0,1286.0,1277.0,1282.0,11563.0,331456.0,331227.0
2026-03-19 11:00:00,1282.0,1285.0,1276.0,1280.0,17142.0,331227.0,334752.0
2026-03-19 13:30:00,1280.0,1283.0,1277.0,1277.0,11364.0,334752.0,335055.0
2026-03-19 14:00:00,1277.0,1281.0,1275.0,1280.0,9264.0,335055.0,334319.0
2026-03-19 14:30:00,1280.0,1290.0,1279.0,1287.0,19689.0,334319.0,330772.0
2026-03-19 21:00:00,1282.0,1287.0,1268.0,1273.0,36648.0,330772.0,333134.0
2026-03-19 21:30:00,1273.0,1276.0,1271.0,1275.0,9326.0,333134.0,334076.0
2026-03-19 22:00:00,1275.0,1277.0,1272.0,1277.0,6391.0,334076.0,334346.0
2026-03-19 22:30:00,1277.0,1278.0,1273.0,1275.0,7460.0,334346.0,335159.0
2026-03-20 09:00:00,1275.0,1277.0,1266.0,1276.0,22930.0,335159.0,333291.0
2026-03-20 09:30:00,1276.0,1283.0,1276.0,1281.0,18112.0,333291.0,334563.0
2026-03-20 10:00:00,1281.0,1282.0,1278.0,1279.0,2970.0,334563.0,335191.0
2026-03-20 10:30:00,1279.0,1283.0,1276.0,1279.0,5739.0,335191.0,335657.0
2026-03-20 11:00:00,1279.0,1283.0,1278.0,1281.0,8457.0,335657.0,337703.0
2026-03-20 13:30:00,1281.0,1286.0,1279.0,1281.0,15547.0,337703.0,342379.0
2026-03-20 14:00:00,1281.0,1284.0,1278.0,1279.0,5448.0,342379.0,343453.0
2026-03-20 14:30:00,1279.0,1280.0,1273.0,1274.0,11449.0,343453.0,341891.0
2026-03-20 21:00:00,1275.0,1292.0,1269.0,1291.0,32292.0,341891.0,347232.0
2026-03-20 21:30:00,1291.0,1303.0,1289.0,1303.0,33564.0,347232.0,350105.0
2026-03-20 22:00:00,1303.0,1306.0,1294.0,1304.0,17977.0,350105.0,351015.0
2026-03-20 22:30:00,1304.0,1311.0,1302.0,1308.0,23628.0,351015.0,347061.0
2026-03-23 09:00:00,1308.0,1319.0,1308.0,1314.0,41237.0,347061.0,348066.0
2026-03-23 09:30:00,1314.0,1329.0,1309.0,1325.0,31697.0,348066.0,352526.0
2026-03-23 10:00:00,1325.0,1328.0,1313.0,1318.0,19285.0,352526.0,352390.0
2026-03-23 10:30:00,1319.0,1328.0,1319.0,1324.0,16401.0,352390.0,351839.0
2026-03-23 11:00:00,1324.0,1327.0,1321.0,1324.0,8395.0,351839.0,351660.0
2026-03-23 13:30:00,1324.0,1334.0,1321.0,1331.0,28144.0,351660.0,351757.0
2026-03-23 14:00:00,1331.0,1343.0,1328.0,1336.0,31204.0,351757.0,351226.0
2026-03-23 14:30:00,1336.0,1340.0,1330.0,1334.0,26067.0,351226.0,347602.0
2026-03-23 21:00:00,1310.0,1325.0,1307.0,1323.0,67566.0,347602.0,352600.0
2026-03-23 21:30:00,1323.0,1325.0,1313.0,1322.0,22086.0,352600.0,355386.0
2026-03-23 22:00:00,1322.0,1322.0,1313.0,1318.0,16831.0,355386.0,352767.0
2026-03-23 22:30:00,1318.0,1322.0,1316.0,1319.0,8541.0,352767.0,351052.0
2026-03-24 09:00:00,1319.0,1331.0,1319.0,1326.0,22531.0,351052.0,354475.0
2026-03-24 09:30:00,1326.0,1333.0,1325.0,1329.0,11560.0,354475.0,356301.0
2026-03-24 10:00:00,1329.0,1336.0,1328.0,1333.0,7723.0,356301.0,357945.0
2026-03-24 10:30:00,1333.0,1336.0,1329.0,1329.0,11051.0,357945.0,358663.0
2026-03-24 11:00:00,1329.0,1336.0,1328.0,1332.0,9338.0,358663.0,359930.0
2026-03-24 13:30:00,1332.0,1338.0,1326.0,1328.0,16388.0,359930.0,361324.0
2026-03-24 14:00:00,1328.0,1329.0,1318.0,1325.0,24691.0,361324.0,360774.0
2026-03-24 14:30:00,1325.0,1327.0,1320.0,1320.0,12751.0,360774.0,360313.0
2026-03-24 21:00:00,1320.0,1337.0,1320.0,1336.0,35578.0,360313.0,368419.0
2026-03-24 21:30:00,1336.0,1336.0,1326.0,1327.0,16054.0,368419.0,369391.0
2026-03-24 22:00:00,1327.0,1328.0,1317.0,1319.0,28114.0,369391.0,370622.0
2026-03-24 22:30:00,1319.0,1325.0,1318.0,1322.0,15147.0,370622.0,371161.0
2026-03-25 09:00:00,1322.0,1322.0,1303.0,1314.0,55436.0,371161.0,371421.0
2026-03-25 09:30:00,1314.0,1319.0,1310.0,1317.0,13593.0,371421.0,372205.0
2026-03-25 10:00:00,1317.0,1320.0,1316.0,1317.0,5535.0,372205.0,372348.0
2026-03-25 10:30:00,1317.0,1322.0,1315.0,1319.0,11030.0,372348.0,373480.0
2026-03-25 11:00:00,1319.0,1321.0,1315.0,1320.0,7346.0,373480.0,373384.0
2026-03-25 13:30:00,1320.0,1326.0,1319.0,1325.0,18077.0,373384.0,374649.0
2026-03-25 14:00:00,1325.0,1330.0,1322.0,1324.0,16723.0,374649.0,376529.0
2026-03-25 14:30:00,1324.0,1327.0,1323.0,1325.0,10852.0,376529.0,375238.0
2026-03-25 21:00:00,1323.0,1328.0,1312.0,1317.0,39633.0,375238.0,377103.0
2026-03-25 21:30:00,1317.0,1320.0,1315.0,1317.0,8640.0,377103.0,377491.0
2026-03-25 22:00:00,1317.0,1318.0,1314.0,1316.0,6491.0,377491.0,377531.0
2026-03-25 22:30:00,1316.0,1317.0,1314.0,1316.0,5263.0,377531.0,376672.0
2026-03-26 09:00:00,1316.0,1325.0,1316.0,1321.0,20625.0,376672.0,380419.0
2026-03-26 09:30:00,1321.0,1322.0,1311.0,1311.0,22576.0,380419.0,382429.0
2026-03-26 10:00:00,1311.0,1313.0,1309.0,1311.0,9083.0,382429.0,383685.0
2026-03-26 10:30:00,1311.0,1314.0,1309.0,1312.0,11278.0,383685.0,384576.0
2026-03-26 11:00:00,1312.0,1315.0,1310.0,1311.0,8202.0,384576.0,385020.0
2026-03-26 13:30:00,1311.0,1315.0,1309.0,1312.0,10021.0,385020.0,384260.0
2026-03-26 14:00:00,1312.0,1314.0,1304.0,1305.0,17442.0,384260.0,381735.0
2026-03-26 14:30:00,1305.0,1311.0,1301.0,1308.0,23485.0,381735.0,380221.0
2026-03-26 21:00:00,1313.0,1320.0,1307.0,1309.0,33570.0,380221.0,378150.0
2026-03-26 21:30:00,1309.0,1311.0,1302.0,1307.0,19244.0,378150.0,379601.0
2026-03-26 22:00:00,1307.0,1308.0,1303.0,1304.0,5585.0,379601.0,380722.0
2026-03-26 22:30:00,1304.0,1309.0,1302.0,1307.0,13630.0,380722.0,379052.0
2026-03-27 09:00:00,1307.0,1313.0,1306.0,1309.0,18004.0,379052.0,379522.0
2026-03-27 09:30:00,1309.0,1310.0,1306.0,1307.0,9339.0,379522.0,380354.0
2026-03-27 10:00:00,1307.0,1308.0,1305.0,1308.0,4175.0,380354.0,380824.0
2026-03-27 10:30:00,1307.0,1309.0,1304.0,1305.0,10304.0,380824.0,381082.0
2026-03-27 11:00:00,1305.0,1310.0,1304.0,1309.0,7520.0,381082.0,381231.0
2026-03-27 13:30:00,1309.0,1312.0,1302.0,1306.0,17985.0,381231.0,384174.0
2026-03-27 14:00:00,1306.0,1309.0,1305.0,1308.0,6683.0,384174.0,383853.0
2026-03-27 14:30:00,1308.0,1312.0,1308.0,1310.0,12021.0,383853.0,383926.0
2026-03-27 21:00:00,1313.0,1316.0,1293.0,1302.0,53583.0,383926.0,386863.0
2026-03-27 21:30:00,1302.0,1303.0,1296.0,1301.0,14679.0,386863.0,387734.0
2026-03-27 22:00:00,1301.0,1301.0,1297.0,1300.0,5407.0,387734.0,387522.0
2026-03-27 22:30:00,1300.0,1301.0,1298.0,1300.0,6084.0,387522.0,385416.0
2026-03-30 09:00:00,1300.0,1309.0,1298.0,1307.0,28314.0,385416.0,387267.0
2026-03-30 09:30:00,1307.0,1309.0,1299.0,1299.0,12211.0,387267.0,389151.0
2026-03-30 10:00:00,1299.0,1301.0,1294.0,1296.0,17601.0,389151.0,393592.0
2026-03-30 10:30:00,1296.0,1296.0,1289.0,1291.0,21026.0,393592.0,396398.0
2026-03-30 11:00:00,1291.0,1293.0,1289.0,1291.0,10763.0,396398.0,397904.0
2026-03-30 13:30:00,1292.0,1296.0,1290.0,1292.0,9509.0,397904.0,398942.0
2026-03-30 14:00:00,1292.0,1293.0,1290.0,1292.0,7177.0,398942.0,399912.0
2026-03-30 14:30:00,1292.0,1294.0,1291.0,1292.0,14795.0,399912.0,404416.0
2026-03-30 21:00:00,1290.0,1292.0,1280.0,1286.0,40189.0,404416.0,409950.0
2026-03-30 21:30:00,1286.0,1287.0,1282.0,1283.0,10797.0,409950.0,410714.0
2026-03-30 22:00:00,1283.0,1284.0,1281.0,1282.0,5748.0,410714.0,411716.0
2026-03-30 22:30:00,1282.0,1284.0,1280.0,1281.0,5873.0,411716.0,410977.0
2026-03-31 09:00:00,1281.0,1284.0,1268.0,1268.0,45965.0,410977.0,408837.0
2026-03-31 09:30:00,1268.0,1272.0,1266.0,1269.0,22386.0,408837.0,408117.0
2026-03-31 10:00:00,1269.0,1270.0,1263.0,1267.0,13939.0,408117.0,408335.0
2026-03-31 10:30:00,1267.0,1272.0,1267.0,1267.0,12268.0,408335.0,410003.0
2026-03-31 11:00:00,1267.0,1269.0,1255.0,1256.0,36783.0,410003.0,410229.0
2026-03-31 13:30:00,1257.0,1262.0,1257.0,1258.0,17056.0,410229.0,410272.0
2026-03-31 14:00:00,1258.0,1260.0,1256.0,1259.0,11678.0,410272.0,411864.0
2026-03-31 14:30:00,1259.0,1259.0,1252.0,1252.0,17113.0,411864.0,410419.0
2026-03-31 21:00:00,1253.0,1255.0,1244.0,1248.0,43667.0,410419.0,416801.0
2026-03-31 21:30:00,1248.0,1249.0,1245.0,1247.0,11229.0,416801.0,417137.0
2026-03-31 22:00:00,1247.0,1250.0,1246.0,1249.0,5775.0,417137.0,417604.0
2026-03-31 22:30:00,1249.0,1251.0,1248.0,1250.0,6283.0,417604.0,417197.0
2026-04-01 09:00:00,1250.0,1257.0,1248.0,1252.0,25816.0,417197.0,419020.0
2026-04-01 09:30:00,1252.0,1255.0,1248.0,1251.0,12221.0,419020.0,420996.0
2026-04-01 10:00:00,1251.0,1251.0,1247.0,1248.0,4786.0,420996.0,421393.0
2026-04-01 10:30:00,1248.0,1255.0,1248.0,1254.0,8731.0,421393.0,423333.0
2026-04-01 11:00:00,1254.0,1255.0,1249.0,1250.0,6924.0,423333.0,424401.0
2026-04-01 13:30:00,1251.0,1251.0,1240.0,1243.0,30948.0,424401.0,427865.0
2026-04-01 14:00:00,1243.0,1245.0,1241.0,1243.0,14228.0,427865.0,428600.0
2026-04-01 14:30:00,1243.0,1244.0,1239.0,1240.0,20915.0,428600.0,429190.0
2026-04-01 21:00:00,1244.0,1250.0,1239.0,1247.0,27453.0,429190.0,433448.0
2026-04-01 21:30:00,1247.0,1248.0,1243.0,1245.0,11373.0,433448.0,435976.0
2026-04-01 22:00:00,1245.0,1246.0,1241.0,1246.0,10766.0,435976.0,437046.0
2026-04-01 22:30:00,1246.0,1248.0,1244.0,1245.0,6667.0,437046.0,436613.0
2026-04-02 09:00:00,1245.0,1253.0,1244.0,1251.0,28543.0,436613.0,437115.0
2026-04-02 09:30:00,1251.0,1255.0,1248.0,1248.0,18428.0,437115.0,439470.0
2026-04-02 10:00:00,1248.0,1254.0,1248.0,1252.0,5473.0,439470.0,440175.0
2026-04-02 10:30:00,1252.0,1254.0,1249.0,1250.0,10900.0,440175.0,442679.0
2026-04-02 11:00:00,1250.0,1251.0,1248.0,1249.0,7989.0,442679.0,443533.0
2026-04-02 13:30:00,1249.0,1258.0,1249.0,1254.0,22856.0,443533.0,444373.0
2026-04-02 14:00:00,1254.0,1256.0,1248.0,1248.0,15541.0,444373.0,446307.0
2026-04-02 14:30:00,1248.0,1252.0,1246.0,1252.0,20251.0,446307.0,447335.0
2026-04-02 21:00:00,1253.0,1256.0,1235.0,1241.0,50056.0,447335.0,450094.0
2026-04-02 21:30:00,1241.0,1244.0,1240.0,1243.0,10512.0,450094.0,450447.0
2026-04-02 22:00:00,1243.0,1244.0,1239.0,1243.0,10777.0,450447.0,450098.0
2026-04-02 22:30:00,1243.0,1248.0,1242.0,1245.0,12525.0,450098.0,449122.0
2026-04-03 09:00:00,1245.0,1248.0,1242.0,1246.0,11701.0,449122.0,449088.0
2026-04-03 09:30:00,1246.0,1246.0,1240.0,1245.0,8956.0,449088.0,450101.0
2026-04-03 10:00:00,1245.0,1247.0,1243.0,1244.0,3697.0,450101.0,450037.0
2026-04-03 10:30:00,1244.0,1246.0,1240.0,1244.0,8658.0,450037.0,451884.0
2026-04-03 11:00:00,1244.0,1244.0,1240.0,1242.0,4222.0,451884.0,451345.0
2026-04-03 13:30:00,1242.0,1243.0,1238.0,1241.0,12404.0,451345.0,453021.0
2026-04-03 14:00:00,1241.0,1242.0,1239.0,1242.0,7189.0,453021.0,454349.0
2026-04-03 14:30:00,1242.0,1243.0,1236.0,1239.0,13378.0,454349.0,451517.0
2026-04-07 09:00:00,1242.0,1246.0,1233.0,1236.0,36766.0,451517.0,456283.0
2026-04-07 09:30:00,1236.0,1239.0,1231.0,1232.0,14749.0,456283.0,460376.0
2026-04-07 10:00:00,1232.0,1234.0,1226.0,1230.0,18268.0,460376.0,463146.0
2026-04-07 10:30:00,1230.0,1236.0,1226.0,1228.0,21636.0,463146.0,468625.0
2026-04-07 11:00:00,1228.0,1230.0,1225.0,1228.0,15693.0,468625.0,472655.0
2026-04-07 13:30:00,1228.0,1230.0,1218.0,1219.0,23776.0,472655.0,477107.0
2026-04-07 14:00:00,1219.0,1223.0,1213.0,1218.0,36634.0,477107.0,480877.0
2026-04-07 14:30:00,1218.0,1220.0,1210.0,1211.0,24377.0,480877.0,483709.0
2026-04-07 21:00:00,1215.0,1218.0,1207.0,1208.0,37983.0,483709.0,492722.0
2026-04-07 21:30:00,1208.0,1210.0,1206.0,1209.0,12858.0,492722.0,496746.0
2026-04-07 22:00:00,1209.0,1211.0,1207.0,1209.0,9368.0,496746.0,497554.0
2026-04-07 22:30:00,1209.0,1215.0,1209.0,1214.0,11072.0,497554.0,498442.0
2026-04-08 09:00:00,1214.0,1223.0,1205.0,1217.0,51540.0,498442.0,501327.0
2026-04-08 09:30:00,1217.0,1225.0,1216.0,1221.0,20987.0,501327.0,504269.0
2026-04-08 10:00:00,1221.0,1224.0,1218.0,1219.0,5823.0,504269.0,505602.0
2026-04-08 10:30:00,1220.0,1223.0,1218.0,1221.0,11650.0,505602.0,510382.0
2026-04-08 11:00:00,1221.0,1221.0,1216.0,1217.0,10074.0,510382.0,512826.0
2026-04-08 13:30:00,1217.0,1220.0,1215.0,1217.0,12813.0,512826.0,514098.0
2026-04-08 14:00:00,1217.0,1218.0,1211.0,1212.0,14649.0,514098.0,516213.0
2026-04-08 14:30:00,1212.0,1217.0,1210.0,1213.0,17516.0,516213.0,519619.0
2026-04-08 21:00:00,1205.0,1218.0,1205.0,1216.0,30960.0,519619.0,528024.0
2026-04-08 21:30:00,1216.0,1216.0,1209.0,1210.0,22486.0,528024.0,535846.0
2026-04-08 22:00:00,1210.0,1211.0,1206.0,1210.0,17410.0,535846.0,539498.0
2026-04-08 22:30:00,1210.0,1212.0,1209.0,1211.0,7778.0,539498.0,539816.0
2026-04-09 09:00:00,1211.0,1212.0,1206.0,1208.0,21841.0,539816.0,545201.0
2026-04-09 09:30:00,1208.0,1212.0,1207.0,1210.0,10027.0,545201.0,547295.0
2026-04-09 10:00:00,1210.0,1212.0,1209.0,1210.0,4073.0,547295.0,548009.0
2026-04-09 10:30:00,1211.0,1216.0,1209.0,1213.0,15653.0,548009.0,549791.0
2026-04-09 11:00:00,1213.0,1214.0,1211.0,1212.0,8298.0,549791.0,551299.0
2026-04-09 13:30:00,1212.0,1213.0,1208.0,1209.0,12704.0,551299.0,553010.0
2026-04-09 14:00:00,1209.0,1210.0,1205.0,1209.0,19926.0,553010.0,554484.0
2026-04-09 14:30:00,1209.0,1209.0,1202.0,1203.0,25768.0,554484.0,558072.0
2026-04-09 21:00:00,1205.0,1205.0,1192.0,1195.0,57090.0,558072.0,573208.0
2026-04-09 21:30:00,1195.0,1197.0,1193.0,1195.0,15555.0,573208.0,573694.0
2026-04-09 22:00:00,1195.0,1197.0,1193.0,1195.0,12148.0,573694.0,577086.0
2026-04-09 22:30:00,1195.0,1196.0,1193.0,1193.0,8368.0,577086.0,577421.0
2026-04-10 09:00:00,1193.0,1211.0,1192.0,1209.0,67302.0,577421.0,584807.0
2026-04-10 09:30:00,1209.0,1214.0,1206.0,1209.0,43939.0,584807.0,593306.0
2026-04-10 10:00:00,1209.0,1213.0,1208.0,1209.0,9820.0,593306.0,595028.0
2026-04-10 10:30:00,1209.0,1213.0,1206.0,1212.0,20469.0,595028.0,597285.0
2026-04-10 11:00:00,1212.0,1235.0,1211.0,1228.0,115235.0,597285.0,601653.0
2026-04-10 13:30:00,1228.0,1234.0,1223.0,1226.0,63399.0,601653.0,601925.0
2026-04-10 14:00:00,1226.0,1226.0,1218.0,1224.0,33536.0,601925.0,602162.0
2026-04-10 14:30:00,1224.0,1225.0,1220.0,1224.0,28255.0,602162.0,602796.0
2026-04-10 21:00:00,1220.0,1224.0,1214.0,1217.0,68438.0,602796.0,621090.0
2026-04-10 21:30:00,1217.0,1220.0,1214.0,1216.0,22784.0,621090.0,625407.0
2026-04-10 22:00:00,1216.0,1222.0,1215.0,1220.0,18307.0,625407.0,626542.0
2026-04-10 22:30:00,1220.0,1222.0,1218.0,1221.0,10863.0,626542.0,625683.0
2026-04-13 09:00:00,1221.0,1229.0,1208.0,1212.0,66115.0,625683.0,634623.0
2026-04-13 09:30:00,1212.0,1216.0,1211.0,1212.0,20477.0,634623.0,638977.0
2026-04-13 10:00:00,1212.0,1215.0,1210.0,1214.0,10754.0,638977.0,642688.0
2026-04-13 10:30:00,1214.0,1218.0,1212.0,1218.0,19726.0,642688.0,647235.0
2026-04-13 11:00:00,1218.0,1218.0,1213.0,1216.0,17259.0,647235.0,652111.0
2026-04-13 13:30:00,1217.0,1223.0,1216.0,1220.0,33648.0,652111.0,660302.0
2026-04-13 14:00:00,1220.0,1222.0,1214.0,1215.0,24272.0,660302.0,661857.0
2026-04-13 14:30:00,1215.0,1217.0,1210.0,1211.0,27842.0,661857.0,663301.0
2026-04-13 21:00:00,1210.0,1219.0,1210.0,1214.0,88675.0,663301.0,696927.0
2026-04-13 21:30:00,1214.0,1217.0,1212.0,1213.0,26853.0,696927.0,705479.0
2026-04-13 22:00:00,1213.0,1216.0,1212.0,1215.0,12203.0,705479.0,708710.0
2026-04-13 22:30:00,1215.0,1215.0,1212.0,1212.0,12129.0,708710.0,709123.0
2026-04-14 09:00:00,1212.0,1221.0,1212.0,1215.0,51638.0,709123.0,715627.0
2026-04-14 09:30:00,1215.0,1216.0,1212.0,1215.0,24326.0,715627.0,723006.0
2026-04-14 10:00:00,1215.0,1216.0,1213.0,1216.0,11342.0,723006.0,723646.0
2026-04-14 10:30:00,1216.0,1220.0,1214.0,1220.0,32256.0,723646.0,728005.0
2026-04-14 11:00:00,1220.0,1227.0,1217.0,1226.0,50854.0,728005.0,733068.0
2026-04-14 13:30:00,1226.0,1227.0,1220.0,1221.0,29689.0,733068.0,735707.0
2026-04-14 14:00:00,1221.0,1224.0,1219.0,1223.0,21784.0,735707.0,736084.0
2026-04-14 14:30:00,1223.0,1224.0,1219.0,1220.0,24674.0,736084.0,737080.0
2026-04-14 21:00:00,1221.0,1225.0,1218.0,1223.0,69400.0,737080.0,749295.0
2026-04-14 21:30:00,1223.0,1224.0,1218.0,1218.0,21954.0,749295.0,753224.0
2026-04-14 22:00:00,1218.0,1220.0,1217.0,1219.0,15969.0,753224.0,753863.0
2026-04-14 22:30:00,1219.0,1220.0,1217.0,1219.0,14278.0,753863.0,751963.0
2026-04-15 09:00:00,1219.0,1219.0,1215.0,1218.0,39662.0,751963.0,759053.0
2026-04-15 09:30:00,1218.0,1225.0,1217.0,1225.0,36419.0,759053.0,760585.0
2026-04-15 10:00:00,1225.0,1225.0,1223.0,1223.0,14805.0,760585.0,763196.0
2026-04-15 10:30:00,1224.0,1226.0,1223.0,1226.0,24536.0,763196.0,767571.0
2026-04-15 11:00:00,1226.0,1230.0,1223.0,1228.0,31281.0,767571.0,769995.0
2026-04-15 13:30:00,1228.0,1230.0,1223.0,1224.0,28267.0,769995.0,772564.0
2026-04-15 14:00:00,1224.0,1226.0,1223.0,1224.0,21801.0,772564.0,776520.0
2026-04-15 14:30:00,1224.0,1227.0,1224.0,1226.0,32734.0,776520.0,779107.0
2026-04-15 21:00:00,1228.0,1234.0,1225.0,1233.0,133753.0,779107.0,810378.0
2026-04-15 21:30:00,1233.0,1240.0,1232.0,1238.0,79621.0,810378.0,810459.0
2026-04-15 22:00:00,1238.0,1242.0,1236.0,1238.0,74563.0,810459.0,818802.0
2026-04-15 22:30:00,1238.0,1240.0,1235.0,1238.0,44910.0,818802.0,814278.0
2026-04-16 09:00:00,1238.0,1238.0,1228.0,1233.0,94902.0,814278.0,822234.0
2026-04-16 09:30:00,1233.0,1237.0,1233.0,1235.0,34430.0,822234.0,825853.0
2026-04-16 10:00:00,1235.0,1238.0,1235.0,1235.0,13951.0,825853.0,827449.0
2026-04-16 10:30:00,1235.0,1237.0,1232.0,1235.0,29736.0,827449.0,831297.0
2026-04-16 11:00:00,1235.0,1236.0,1232.0,1234.0,17275.0,831297.0,832810.0
2026-04-16 13:30:00,1234.0,1236.0,1232.0,1234.0,22936.0,832810.0,834595.0
2026-04-16 14:00:00,1234.0,1236.0,1231.0,1235.0,28908.0,834595.0,838556.0
2026-04-16 14:30:00,1235.0,1244.0,1233.0,1241.0,69395.0,838556.0,839622.0
2026-04-16 21:00:00,1238.0,1241.0,1226.0,1227.0,144176.0,839622.0,860368.0
2026-04-16 21:30:00,1227.0,1230.0,1227.0,1227.0,34078.0,860368.0,865946.0
2026-04-16 22:00:00,1227.0,1229.0,1225.0,1229.0,27916.0,865946.0,867686.0
2026-04-16 22:30:00,1229.0,1230.0,1228.0,1230.0,22524.0,867686.0,867225.0
2026-04-17 09:00:00,1230.0,1235.0,1228.0,1232.0,50047.0,867225.0,871153.0
2026-04-17 09:30:00,1232.0,1233.0,1229.0,1230.0,32479.0,871153.0,871776.0
2026-04-17 10:00:00,1230.0,1232.0,1229.0,1232.0,9320.0,871776.0,871503.0
2026-04-17 10:30:00,1232.0,1241.0,1230.0,1241.0,53284.0,871503.0,871781.0
2026-04-17 11:00:00,1241.0,1248.0,1238.0,1241.0,114203.0,871781.0,868347.0
2026-04-17 13:30:00,1242.0,1243.0,1238.0,1239.0,44638.0,868347.0,866758.0
2026-04-17 14:00:00,1239.0,1241.0,1234.0,1234.0,53834.0,866758.0,869117.0
2026-04-17 14:30:00,1234.0,1240.0,1234.0,1238.0,43635.0,869117.0,866886.0
2026-04-17 21:00:00,1235.0,1247.0,1234.0,1237.0,143376.0,866886.0,879647.0
2026-04-17 21:30:00,1237.0,1238.0,1232.0,1237.0,44808.0,879647.0,883251.0
2026-04-17 22:00:00,1237.0,1239.0,1235.0,1238.0,16479.0,883251.0,883714.0
2026-04-17 22:30:00,1238.0,1239.0,1236.0,1238.0,23087.0,883714.0,876982.0
2026-04-20 09:00:00,1238.0,1243.0,1236.0,1241.0,65846.0,876982.0,880227.0
2026-04-20 09:30:00,1241.0,1241.0,1235.0,1237.0,37508.0,880227.0,884491.0
2026-04-20 10:00:00,1237.0,1238.0,1233.0,1236.0,27235.0,884491.0,889890.0
2026-04-20 10:30:00,1236.0,1240.0,1232.0,1238.0,43715.0,889890.0,890677.0
2026-04-20 11:00:00,1238.0,1250.0,1237.0,1246.0,100932.0,890677.0,888658.0
2026-04-20 13:30:00,1246.0,1247.0,1242.0,1245.0,50239.0,888658.0,886328.0
2026-04-20 14:00:00,1245.0,1250.0,1244.0,1249.0,44651.0,886328.0,891309.0
2026-04-20 14:30:00,1249.0,1250.0,1246.0,1247.0,40313.0,891309.0,885710.0
2026-04-20 21:00:00,1245.0,1257.0,1245.0,1249.0,138492.0,885710.0,893874.0
2026-04-20 21:30:00,1249.0,1251.0,1248.0,1249.0,31424.0,893874.0,898033.0
2026-04-20 22:00:00,1249.0,1253.0,1249.0,1251.0,22570.0,898033.0,897885.0
2026-04-20 22:30:00,1251.0,1253.0,1250.0,1252.0,17689.0,897885.0,895895.0
2026-04-21 09:00:00,1252.0,1252.0,1243.0,1246.0,77619.0,895895.0,898311.0
2026-04-21 09:30:00,1246.0,1247.0,1243.0,1247.0,27759.0,898311.0,899418.0
2026-04-21 10:00:00,1247.0,1250.0,1246.0,1248.0,22587.0,899418.0,900201.0
2026-04-21 10:30:00,1248.0,1252.0,1248.0,1251.0,21306.0,900201.0,899872.0
2026-04-21 11:00:00,1251.0,1252.0,1248.0,1250.0,32636.0,899872.0,898687.0
2026-04-21 13:30:00,1250.0,1250.0,1241.0,1243.0,67386.0,898687.0,897935.0
2026-04-21 14:00:00,1243.0,1246.0,1243.0,1245.0,26217.0,897935.0,898256.0
2026-04-21 14:30:00,1245.0,1247.0,1244.0,1247.0,28921.0,898256.0,893173.0
2026-04-21 21:00:00,1249.0,1251.0,1242.0,1242.0,98932.0,893173.0,902492.0
2026-04-21 21:30:00,1242.0,1244.0,1241.0,1244.0,36629.0,902492.0,904480.0
2026-04-21 22:00:00,1244.0,1245.0,1243.0,1245.0,17372.0,904480.0,903344.0
2026-04-21 22:30:00,1245.0,1245.0,1242.0,1242.0,22930.0,903344.0,899473.0
2026-04-22 09:00:00,1242.0,1245.0,1235.0,1245.0,90433.0,899473.0,902413.0
2026-04-22 09:30:00,1245.0,1248.0,1242.0,1247.0,38253.0,902413.0,900733.0
2026-04-22 10:00:00,1247.0,1256.0,1247.0,1255.0,73388.0,900733.0,896220.0
2026-04-22 10:30:00,1255.0,1262.0,1253.0,1260.0,131711.0,896220.0,899501.0
2026-04-22 11:00:00,1260.0,1266.0,1260.0,1263.0,92283.0,899501.0,908730.0
2026-04-22 13:30:00,1264.0,1265.0,1260.0,1264.0,79505.0,908730.0,915098.0
2026-04-22 14:00:00,1264.0,1265.0,1260.0,1264.0,44719.0,915098.0,916956.0
2026-04-22 14:30:00,1264.0,1266.0,1262.0,1266.0,60910.0,916956.0,906714.0
2026-04-22 21:00:00,1270.0,1270.0,1262.0,1263.0,135925.0,906714.0,914290.0
2026-04-22 21:30:00,1263.0,1272.0,1263.0,1268.0,71675.0,914290.0,916655.0
2026-04-22 22:00:00,1268.0,1268.0,1265.0,1267.0,25464.0,916655.0,913366.0
2026-04-22 22:30:00,1267.0,1267.0,1264.0,1266.0,31950.0,913366.0,907746.0
2026-04-23 09:00:00,1266.0,1268.0,1259.0,1264.0,71635.0,907746.0,910715.0
2026-04-23 09:30:00,1264.0,1265.0,1258.0,1261.0,51143.0,910715.0,911482.0
2026-04-23 10:00:00,1261.0,1261.0,1257.0,1260.0,27645.0,911482.0,910004.0
2026-04-23 10:30:00,1260.0,1261.0,1258.0,1260.0,23065.0,910004.0,908636.0
2026-04-23 11:00:00,1260.0,1260.0,1257.0,1259.0,30356.0,908636.0,907118.0
2026-04-23 13:30:00,1260.0,1263.0,1257.0,1261.0,36985.0,907118.0,910510.0
2026-04-23 14:00:00,1261.0,1262.0,1255.0,1259.0,40032.0,910510.0,909125.0
2026-04-23 14:30:00,1259.0,1259.0,1254.0,1254.0,51671.0,909125.0,899128.0
2026-04-23 21:00:00,1254.0,1261.0,1254.0,1259.0,69019.0,899128.0,907775.0
2026-04-23 21:30:00,1259.0,1260.0,1256.0,1257.0,20321.0,907775.0,908890.0
2026-04-23 22:00:00,1257.0,1258.0,1255.0,1256.0,15300.0,908890.0,908350.0
2026-04-23 22:30:00,1256.0,1258.0,1255.0,1257.0,19719.0,908350.0,906003.0
2026-04-24 09:00:00,1257.0,1265.0,1257.0,1263.0,55202.0,906003.0,908995.0
2026-04-24 09:30:00,1263.0,1263.0,1250.0,1252.0,79610.0,908995.0,904583.0
2026-04-24 10:00:00,1252.0,1253.0,1248.0,1252.0,33731.0,904583.0,907226.0
2026-04-24 10:30:00,1252.0,1257.0,1250.0,1256.0,31394.0,907226.0,905647.0
2026-04-24 11:00:00,1256.0,1256.0,1252.0,1254.0,24228.0,905647.0,904930.0
2026-04-24 13:30:00,1254.0,1257.0,1254.0,1256.0,21738.0,904930.0,903745.0
2026-04-24 14:00:00,1256.0,1257.0,1253.0,1254.0,24075.0,903745.0,903942.0
2026-04-24 14:30:00,1254.0,1254.0,1245.0,1247.0,75827.0,903942.0,890710.0
2026-04-24 21:00:00,1245.0,1261.0,1242.0,1257.0,148459.0,890710.0,898895.0
2026-04-24 21:30:00,1257.0,1258.0,1253.0,1255.0,33566.0,898895.0,899245.0
2026-04-24 22:00:00,1255.0,1257.0,1252.0,1252.0,28127.0,899245.0,899879.0
2026-04-24 22:30:00,1252.0,1256.0,1252.0,1256.0,21744.0,899879.0,895267.0
2026-04-27 09:00:00,1256.0,1256.0,1249.0,1252.0,70615.0,895267.0,899479.0
2026-04-27 09:30:00,1252.0,1258.0,1250.0,1257.0,54209.0,899479.0,905717.0
2026-04-27 10:00:00,1257.0,1260.0,1256.0,1256.0,18530.0,905717.0,907994.0
2026-04-27 10:30:00,1256.0,1258.0,1255.0,1256.0,21267.0,907994.0,910679.0
2026-04-27 11:00:00,1256.0,1258.0,1255.0,1257.0,21915.0,910679.0,912918.0
2026-04-27 13:30:00,1257.0,1263.0,1256.0,1258.0,54879.0,912918.0,916201.0
2026-04-27 14:00:00,1258.0,1260.0,1256.0,1259.0,23225.0,916201.0,915279.0
2026-04-27 14:30:00,1259.0,1260.0,1257.0,1259.0,44119.0,915279.0,910073.0
2026-04-27 21:00:00,1259.0,1264.0,1252.0,1253.0,110960.0,910073.0,915818.0
2026-04-27 21:30:00,1253.0,1253.0,1246.0,1248.0,109551.0,915818.0,919749.0
2026-04-27 22:00:00,1248.0,1249.0,1246.0,1248.0,26478.0,919749.0,919987.0
2026-04-27 22:30:00,1248.0,1250.0,1247.0,1248.0,25098.0,919987.0,915099.0
2026-04-28 09:00:00,1248.0,1250.0,1240.0,1243.0,90139.0,915099.0,911483.0
2026-04-28 09:30:00,1243.0,1244.0,1229.0,1230.0,118681.0,911483.0,903132.0
2026-04-28 10:00:00,1230.0,1233.0,1226.0,1232.0,85890.0,903132.0,903248.0
2026-04-28 10:30:00,1232.0,1234.0,1223.0,1226.0,102668.0,903248.0,909606.0
2026-04-28 11:00:00,1226.0,1230.0,1225.0,1229.0,45568.0,909606.0,913248.0
2026-04-28 13:30:00,1228.0,1239.0,1228.0,1235.0,101099.0,913248.0,915078.0
2026-04-28 14:00:00,1235.0,1237.0,1233.0,1235.0,31073.0,915078.0,916278.0
2026-04-28 14:30:00,1235.0,1241.0,1233.0,1237.0,69821.0,916278.0,912404.0
2026-04-28 21:00:00,1241.0,1245.0,1236.0,1243.0,116519.0,912404.0,912181.0
2026-04-28 21:30:00,1243.0,1244.0,1238.0,1241.0,55239.0,912181.0,910657.0
2026-04-28 22:00:00,1241.0,1242.0,1240.0,1242.0,19328.0,910657.0,911181.0
2026-04-28 22:30:00,1242.0,1242.0,1239.0,1239.0,18872.0,911181.0,907299.0
2026-04-29 09:00:00,1239.0,1243.0,1237.0,1241.0,43232.0,907299.0,911033.0
2026-04-29 09:30:00,1241.0,1242.0,1236.0,1240.0,43081.0,911033.0,910250.0
2026-04-29 10:00:00,1240.0,1247.0,1240.0,1245.0,50055.0,910250.0,912396.0
2026-04-29 10:30:00,1245.0,1246.0,1242.0,1245.0,36419.0,912396.0,909489.0
2026-04-29 11:00:00,1245.0,1246.0,1242.0,1242.0,23908.0,909489.0,905412.0
2026-04-29 13:30:00,1242.0,1245.0,1242.0,1242.0,25124.0,905412.0,904867.0
2026-04-29 14:00:00,1242.0,1245.0,1241.0,1244.0,28268.0,904867.0,904793.0
2026-04-29 14:30:00,1244.0,1244.0,1237.0,1238.0,59708.0,904793.0,897335.0
2026-04-29 21:00:00,1241.0,1242.0,1228.0,1232.0,109655.0,897335.0,902097.0
2026-04-29 21:30:00,1232.0,1233.0,1228.0,1231.0,48542.0,902097.0,904744.0
2026-04-29 22:00:00,1231.0,1231.0,1228.0,1231.0,24242.0,904744.0,904872.0
2026-04-29 22:30:00,1231.0,1232.0,1225.0,1228.0,45700.0,904872.0,903522.0
2026-04-30 09:00:00,1228.0,1238.0,1228.0,1235.0,65108.0,903522.0,893971.0
2026-04-30 09:30:00,1235.0,1238.0,1234.0,1236.0,31785.0,893971.0,894783.0
2026-04-30 10:00:00,1236.0,1236.0,1233.0,1234.0,11896.0,894783.0,893275.0
2026-04-30 10:30:00,1234.0,1238.0,1227.0,1238.0,68322.0,893275.0,890736.0
2026-04-30 11:00:00,1238.0,1243.0,1235.0,1243.0,77694.0,890736.0,884473.0
2026-04-30 13:30:00,1243.0,1244.0,1232.0,1239.0,83643.0,884473.0,872626.0
2026-04-30 14:00:00,1239.0,1240.0,1236.0,1238.0,23327.0,872626.0,867826.0
2026-04-30 14:30:00,1238.0,1240.0,1236.0,1239.0,53318.0,867826.0,850665.0
2026-05-06 09:00:00,1235.0,1251.0,1235.0,1248.0,145795.0,850665.0,871214.0
2026-05-06 09:30:00,1248.0,1254.0,1247.0,1253.0,78038.0,871214.0,877378.0
2026-05-06 10:00:00,1253.0,1255.0,1251.0,1255.0,34478.0,877378.0,883810.0
2026-05-06 10:30:00,1255.0,1256.0,1252.0,1253.0,42100.0,883810.0,888632.0
2026-05-06 11:00:00,1253.0,1255.0,1251.0,1254.0,30217.0,888632.0,888448.0
2026-05-06 13:30:00,1254.0,1258.0,1253.0,1258.0,44653.0,888448.0,893258.0
2026-05-06 14:00:00,1258.0,1274.0,1256.0,1269.0,156787.0,893258.0,916272.0
2026-05-06 14:30:00,1269.0,1271.0,1264.0,1267.0,90302.0,916272.0,917476.0
2026-05-06 21:00:00,1265.0,1271.0,1259.0,1262.0,186931.0,917476.0,943655.0
2026-05-06 21:30:00,1262.0,1263.0,1260.0,1261.0,41417.0,943655.0,947633.0
2026-05-06 22:00:00,1261.0,1263.0,1259.0,1261.0,27395.0,947633.0,947123.0
2026-05-06 22:30:00,1261.0,1264.0,1260.0,1263.0,30172.0,947123.0,940825.0
2026-05-07 09:00:00,1263.0,1265.0,1255.0,1261.0,104791.0,940825.0,947413.0
2026-05-07 09:30:00,1261.0,1261.0,1254.0,1255.0,54335.0,947413.0,948364.0
2026-05-07 10:00:00,1255.0,1256.0,1251.0,1251.0,46511.0,948364.0,942348.0
2026-05-07 10:30:00,1251.0,1255.0,1251.0,1253.0,40949.0,942348.0,939791.0
2026-05-07 11:00:00,1253.0,1265.0,1252.0,1264.0,77027.0,939791.0,932842.0
2026-05-07 13:30:00,1264.0,1269.0,1261.0,1266.0,70068.0,932842.0,940060.0
2026-05-07 14:00:00,1266.0,1269.0,1265.0,1268.0,58754.0,940060.0,951628.0
2026-05-07 14:30:00,1268.0,1269.0,1266.0,1266.0,44533.0,951628.0,954501.0
2026-05-07 21:00:00,1263.0,1265.0,1258.0,1262.0,111801.0,954501.0,967054.0
2026-05-07 21:30:00,1262.0,1265.0,1261.0,1262.0,26129.0,967054.0,969132.0
2026-05-07 22:00:00,1262.0,1264.0,1261.0,1262.0,16660.0,969132.0,968822.0
2026-05-07 22:30:00,1262.0,1264.0,1261.0,1262.0,23834.0,968822.0,964309.0
2026-05-08 09:00:00,1262.0,1265.0,1258.0,1260.0,47323.0,964309.0,967152.0
2026-05-08 09:30:00,1260.0,1261.0,1258.0,1260.0,27557.0,967152.0,967713.0
2026-05-08 10:00:00,1260.0,1260.0,1253.0,1254.0,40582.0,967713.0,965261.0
2026-05-08 10:30:00,1254.0,1254.0,1238.0,1240.0,207745.0,965261.0,966944.0
2026-05-08 11:00:00,1240.0,1240.0,1235.0,1238.0,117344.0,966944.0,982713.0
2026-05-08 13:30:00,1238.0,1239.0,1230.0,1232.0,107084.0,982713.0,998059.0
2026-05-08 14:00:00,1232.0,1235.0,1226.0,1228.0,88823.0,998059.0,1009820.0
2026-05-08 14:30:00,1228.0,1231.0,1224.0,1228.0,135474.0,1009820.0,1004238.0
2026-05-08 21:00:00,1226.0,1229.0,1218.0,1222.0,193072.0,1004238.0,1022596.0
2026-05-08 21:30:00,1222.0,1222.0,1215.0,1216.0,99586.0,1022596.0,1043934.0
2026-05-08 22:00:00,1216.0,1220.0,1215.0,1220.0,43613.0,1043934.0,1048735.0
2026-05-08 22:30:00,1220.0,1220.0,1212.0,1213.0,69749.0,1048735.0,1047197.0
2026-05-11 09:00:00,1213.0,1224.0,1213.0,1219.0,148404.0,1047197.0,1048422.0
2026-05-11 09:30:00,1219.0,1222.0,1217.0,1221.0,41292.0,1048422.0,1055804.0
2026-05-11 10:00:00,1221.0,1225.0,1220.0,1223.0,30021.0,1055804.0,1056424.0
2026-05-11 10:30:00,1224.0,1226.0,1219.0,1224.0,46601.0,1056424.0,1061926.0
2026-05-11 11:00:00,1224.0,1228.0,1224.0,1225.0,46660.0,1061926.0,1057987.0
2026-05-11 13:30:00,1225.0,1227.0,1221.0,1225.0,44431.0,1057987.0,1056610.0
2026-05-11 14:00:00,1225.0,1226.0,1222.0,1224.0,36422.0,1056610.0,1056275.0
2026-05-11 14:30:00,1224.0,1228.0,1222.0,1227.0,54227.0,1056275.0,1045930.0
2026-05-11 21:00:00,1226.0,1227.0,1219.0,1223.0,102840.0,1045930.0,1063799.0
2026-05-11 21:30:00,1223.0,1232.0,1222.0,1230.0,93326.0,1063799.0,1068749.0
2026-05-11 22:00:00,1230.0,1233.0,1228.0,1229.0,54870.0,1068749.0,1065886.0
2026-05-11 22:30:00,1229.0,1231.0,1228.0,1228.0,19188.0,1065886.0,1061163.0
2026-05-12 09:00:00,1228.0,1233.0,1228.0,1232.0,52675.0,1061163.0,1057073.0
2026-05-12 09:30:00,1232.0,1232.0,1221.0,1224.0,71425.0,1057073.0,1054852.0
2026-05-12 10:00:00,1224.0,1224.0,1219.0,1221.0,43965.0,1054852.0,1051920.0
2026-05-12 10:30:00,1220.0,1224.0,1219.0,1219.0,52366.0,1051920.0,1057490.0
2026-05-12 11:00:00,1219.0,1221.0,1216.0,1219.0,53091.0,1057490.0,1055165.0
2026-05-12 13:30:00,1219.0,1220.0,1217.0,1219.0,31580.0,1055165.0,1057027.0
2026-05-12 14:00:00,1219.0,1222.0,1216.0,1221.0,42314.0,1057027.0,1058816.0
2026-05-12 14:30:00,1221.0,1221.0,1217.0,1221.0,60925.0,1058816.0,1049272.0
2026-05-12 21:00:00,1218.0,1221.0,1214.0,1217.0,88922.0,1049272.0,1062611.0
2026-05-12 21:30:00,1217.0,1223.0,1217.0,1223.0,51424.0,1062611.0,1066301.0
2026-05-12 22:00:00,1223.0,1224.0,1219.0,1221.0,25320.0,1066301.0,1067953.0
2026-05-12 22:30:00,1221.0,1222.0,1219.0,1221.0,26851.0,1067953.0,1064611.0
2026-05-13 09:00:00,1221.0,1226.0,1210.0,1213.0,137462.0,1064611.0,1077204.0
2026-05-13 09:30:00,1213.0,1219.0,1209.0,1218.0,94804.0,1077204.0,1091806.0
2026-05-13 10:00:00,1218.0,1221.0,1216.0,1218.0,36370.0,1091806.0,1086686.0
2026-05-13 10:30:00,1219.0,1222.0,1218.0,1220.0,44164.0,1086686.0,1082522.0
2026-05-13 11:00:00,1220.0,1222.0,1216.0,1220.0,31795.0,1082522.0,1074519.0
2026-05-13 13:30:00,1220.0,1221.0,1217.0,1219.0,31072.0,1074519.0,1073692.0
2026-05-13 14:00:00,1219.0,1221.0,1217.0,1218.0,28675.0,1073692.0,1074099.0
2026-05-13 14:30:00,1218.0,1225.0,1218.0,1222.0,62799.0,1074099.0,1062418.0
2026-05-13 21:00:00,1223.0,1228.0,1222.0,1225.0,106963.0,1062418.0,1068296.0
2026-05-13 21:30:00,1225.0,1227.0,1221.0,1221.0,37243.0,1068296.0,1065547.0
2026-05-13 22:00:00,1221.0,1222.0,1218.0,1219.0,43964.0,1065547.0,1069820.0
2026-05-13 22:30:00,1219.0,1220.0,1215.0,1216.0,39172.0,1069820.0,1071145.0
2026-05-14 09:00:00,1216.0,1219.0,1212.0,1219.0,68425.0,1071145.0,1079836.0
2026-05-14 09:30:00,1219.0,1219.0,1214.0,1215.0,27902.0,1079836.0,1082067.0
2026-05-14 10:00:00,1215.0,1216.0,1214.0,1215.0,9945.0,1082067.0,1083719.0
2026-05-14 10:30:00,1215.0,1217.0,1211.0,1212.0,48816.0,1083719.0,1090858.0
2026-05-14 11:00:00,1212.0,1214.0,1206.0,1214.0,111129.0,1090858.0,1103800.0
2026-05-14 13:30:00,1214.0,1216.0,1210.0,1211.0,44093.0,1103800.0,1100834.0
2026-05-14 14:00:00,1211.0,1212.0,1209.0,1212.0,36522.0,1100834.0,1108853.0
2026-05-14 14:30:00,1212.0,1212.0,1207.0,1208.0,55652.0,1108853.0,1113876.0
2026-05-14 21:00:00,1205.0,1210.0,1204.0,1209.0,102469.0,1113876.0,1132390.0
2026-05-14 21:30:00,1209.0,1211.0,1207.0,1210.0,27010.0,1132390.0,1132428.0
2026-05-14 22:00:00,1210.0,1211.0,1206.0,1207.0,33742.0,1132428.0,1132502.0
2026-05-14 22:30:00,1207.0,1208.0,1206.0,1207.0,21374.0,1132502.0,1131741.0
2026-05-15 09:00:00,1207.0,1213.0,1207.0,1209.0,56651.0,1131741.0,1128488.0
2026-05-15 09:30:00,1209.0,1210.0,1204.0,1206.0,42153.0,1128488.0,1135027.0
2026-05-15 10:00:00,1206.0,1206.0,1204.0,1206.0,27120.0,1135027.0,1136096.0
2026-05-15 10:30:00,1206.0,1208.0,1205.0,1207.0,25671.0,1136096.0,1137237.0
2026-05-15 11:00:00,1207.0,1208.0,1205.0,1205.0,18701.0,1137237.0,1139587.0
2026-05-15 13:30:00,1205.0,1205.0,1193.0,1195.0,159973.0,1139587.0,1168339.0
2026-05-15 14:00:00,1195.0,1197.0,1191.0,1191.0,69663.0,1168339.0,1177668.0
2026-05-15 14:30:00,1191.0,1195.0,1189.0,1190.0,115853.0,1177668.0,1176989.0
2026-05-15 21:00:00,1192.0,1194.0,1185.0,1187.0,116149.0,1176989.0,1199193.0
2026-05-15 21:30:00,1187.0,1202.0,1187.0,1199.0,120720.0,1199193.0,1192691.0
2026-05-15 22:00:00,1199.0,1199.0,1194.0,1196.0,51536.0,1192691.0,1192791.0
2026-05-15 22:30:00,1196.0,1197.0,1194.0,1194.0,34967.0,1192791.0,1188072.0
2026-05-18 09:00:00,1194.0,1196.0,1186.0,1188.0,96112.0,1188072.0,1194174.0
2026-05-18 09:30:00,1188.0,1197.0,1187.0,1195.0,58383.0,1194174.0,1197097.0
2026-05-18 10:00:00,1195.0,1198.0,1195.0,1197.0,26926.0,1197097.0,1196459.0
2026-05-18 10:30:00,1197.0,1199.0,1196.0,1196.0,33745.0,1196459.0,1195630.0
2026-05-18 11:00:00,1196.0,1197.0,1190.0,1193.0,34408.0,1195630.0,1200088.0
2026-05-18 13:30:00,1193.0,1206.0,1192.0,1206.0,123216.0,1200088.0,1188508.0
2026-05-18 14:00:00,1206.0,1206.0,1198.0,1198.0,69131.0,1188508.0,1186482.0
2026-05-18 14:30:00,1198.0,1200.0,1196.0,1198.0,51763.0,1186482.0,1175206.0
2026-05-18 21:00:00,1199.0,1200.0,1192.0,1194.0,96027.0,1175206.0,1185123.0
2026-05-18 21:30:00,1194.0,1197.0,1194.0,1196.0,23117.0,1185123.0,1185959.0
2026-05-18 22:00:00,1196.0,1197.0,1195.0,1195.0,12409.0,1185959.0,1185642.0
2026-05-18 22:30:00,1195.0,1197.0,1195.0,1196.0,17920.0,1185642.0,1183038.0
2026-05-19 09:00:00,1196.0,1197.0,1191.0,1194.0,50926.0,1183038.0,1190504.0
2026-05-19 09:30:00,1194.0,1195.0,1191.0,1192.0,30169.0,1190504.0,1191455.0
2026-05-19 10:00:00,1192.0,1193.0,1190.0,1191.0,22220.0,1191455.0,1192364.0
2026-05-19 10:30:00,1192.0,1194.0,1190.0,1193.0,23823.0,1192364.0,1195946.0
2026-05-19 11:00:00,1193.0,1194.0,1188.0,1191.0,42257.0,1195946.0,1196799.0
2026-05-19 13:30:00,1191.0,1197.0,1191.0,1195.0,36430.0,1196799.0,1194219.0
2026-05-19 14:00:00,1195.0,1198.0,1192.0,1193.0,38714.0,1194219.0,1195975.0
2026-05-19 14:30:00,1193.0,1195.0,1192.0,1193.0,30833.0,1195975.0,1193962.0
2026-05-19 21:00:00,1193.0,1194.0,1184.0,1188.0,116097.0,1193962.0,1210966.0
2026-05-19 21:30:00,1188.0,1188.0,1185.0,1188.0,45777.0,1210966.0,1217496.0
2026-05-19 22:00:00,1188.0,1189.0,1182.0,1182.0,43971.0,1217496.0,1218552.0
2026-05-19 22:30:00,1182.0,1185.0,1181.0,1182.0,35320.0,1218552.0,1218873.0
2026-05-20 09:00:00,1182.0,1185.0,1181.0,1184.0,36615.0,1218873.0,1222615.0
2026-05-20 09:30:00,1184.0,1185.0,1178.0,1179.0,58587.0,1222615.0,1228895.0
2026-05-20 10:00:00,1179.0,1180.0,1175.0,1177.0,49510.0,1228895.0,1235022.0
2026-05-20 10:30:00,1176.0,1184.0,1176.0,1181.0,63586.0,1235022.0,1234972.0
2026-05-20 11:00:00,1181.0,1183.0,1178.0,1180.0,29385.0,1234972.0,1238748.0
2026-05-20 13:30:00,1180.0,1182.0,1175.0,1181.0,48709.0,1238748.0,1245900.0
2026-05-20 14:00:00,1181.0,1182.0,1179.0,1181.0,31750.0,1245900.0,1246498.0
2026-05-20 14:30:00,1181.0,1182.0,1178.0,1178.0,39664.0,1246498.0,1242462.0
2026-05-20 21:00:00,1176.0,1181.0,1175.0,1179.0,74339.0,1242462.0,1257752.0
2026-05-20 21:30:00,1179.0,1181.0,1176.0,1177.0,35595.0,1257752.0,1263357.0
2026-05-20 22:00:00,1177.0,1179.0,1175.0,1179.0,30956.0,1263357.0,1266338.0
2026-05-20 22:30:00,1179.0,1180.0,1177.0,1178.0,23251.0,1266338.0,1263490.0
2026-05-21 09:00:00,1178.0,1196.0,1178.0,1194.0,192949.0,1263490.0,1247428.0
2026-05-21 09:30:00,1194.0,1200.0,1193.0,1194.0,97944.0,1247428.0,1237183.0
2026-05-21 10:00:00,1194.0,1198.0,1194.0,1196.0,21719.0,1237183.0,1236376.0
2026-05-21 10:30:00,1196.0,1202.0,1195.0,1197.0,63884.0,1236376.0,1231412.0
2026-05-21 11:00:00,1197.0,1198.0,1192.0,1194.0,51461.0,1231412.0,1225073.0
2026-05-21 13:30:00,1194.0,1195.0,1190.0,1192.0,54215.0,1225073.0,1221062.0
2026-05-21 14:00:00,1192.0,1192.0,1187.0,1188.0,58287.0,1221062.0,1217648.0
2026-05-21 14:30:00,1188.0,1189.0,1180.0,1182.0,92127.0,1217648.0,1218629.0
2026-05-21 21:00:00,1182.0,1187.0,1179.0,1184.0,99710.0,1218629.0,1230420.0
2026-05-21 21:30:00,1184.0,1184.0,1181.0,1183.0,35697.0,1230420.0,1231233.0
2026-05-21 22:00:00,1183.0,1184.0,1181.0,1181.0,18212.0,1231233.0,1230442.0
2026-05-21 22:30:00,1181.0,1185.0,1181.0,1184.0,22553.0,1230442.0,1230056.0
2026-05-22 09:00:00,1184.0,1187.0,1182.0,1186.0,58807.0,1230056.0,1230448.0
2026-05-22 09:30:00,1186.0,1186.0,1180.0,1181.0,45182.0,1230448.0,1236077.0
2026-05-22 10:00:00,1181.0,1184.0,1180.0,1184.0,13803.0,1236077.0,1235686.0
2026-05-22 10:30:00,1184.0,1184.0,1176.0,1177.0,50094.0,1235686.0,1237394.0
2026-05-22 11:00:00,1177.0,1184.0,1175.0,1182.0,64142.0,1237394.0,1240063.0
2026-05-22 13:30:00,1181.0,1183.0,1178.0,1182.0,31703.0,1240063.0,1241458.0
2026-05-22 14:00:00,1182.0,1183.0,1179.0,1181.0,22369.0,1241458.0,1236493.0
2026-05-22 14:30:00,1181.0,1182.0,1180.0,1181.0,30193.0,1236493.0,1233211.0
2026-05-22 21:00:00,1178.0,1186.0,1177.0,1183.0,81048.0,1233211.0,1240175.0
2026-05-22 21:30:00,1183.0,1186.0,1182.0,1183.0,28555.0,1240175.0,1242319.0
2026-05-22 22:00:00,1183.0,1183.0,1180.0,1181.0,24098.0,1242319.0,1240296.0
2026-05-22 22:30:00,1181.0,1183.0,1181.0,1183.0,19240.0,1240296.0,1237260.0
2026-05-25 09:00:00,1183.0,1230.0,1183.0,1211.0,497732.0,1237260.0,1172175.0
2026-05-25 09:30:00,1211.0,1211.0,1205.0,1206.0,103888.0,1172175.0,1176746.0
2026-05-25 10:00:00,1206.0,1210.0,1206.0,1210.0,21843.0,1176746.0,1175674.0
2026-05-25 10:30:00,1209.0,1211.0,1205.0,1207.0,61693.0,1175674.0,1174569.0
2026-05-25 11:00:00,1207.0,1207.0,1201.0,1203.0,72478.0,1174569.0,1171404.0
2026-05-25 13:30:00,1202.0,1212.0,1202.0,1210.0,79689.0,1171404.0,1171727.0
2026-05-25 14:00:00,1210.0,1214.0,1207.0,1214.0,54503.0,1171727.0,1162697.0
2026-05-25 14:30:00,1214.0,1221.0,1213.0,1218.0,127946.0,1162697.0,1149551.0
2026-05-25 21:00:00,1222.0,1222.0,1193.0,1197.0,325711.0,1149551.0,1164491.0
2026-05-25 21:30:00,1197.0,1201.0,1196.0,1199.0,67014.0,1164491.0,1176473.0
2026-05-25 22:00:00,1199.0,1199.0,1197.0,1197.0,25280.0,1176473.0,1178243.0
2026-05-25 22:30:00,1197.0,1204.0,1197.0,1201.0,52312.0,1178243.0,1174287.0
2026-05-26 09:00:00,1201.0,1205.0,1200.0,1203.0,74243.0,1174287.0,1170400.0
2026-05-26 09:30:00,1203.0,1205.0,1201.0,1205.0,35998.0,1170400.0,1169513.0
2026-05-26 10:00:00,1205.0,1205.0,1192.0,1192.0,75071.0,1169513.0,1170631.0
2026-05-26 10:30:00,1192.0,1196.0,1192.0,1193.0,45539.0,1170631.0,1175763.0
2026-05-26 11:00:00,1193.0,1197.0,1191.0,1195.0,46229.0,1175763.0,1174666.0
2026-05-26 13:30:00,1195.0,1201.0,1194.0,1196.0,66640.0,1174666.0,1165300.0
2026-05-26 14:00:00,1196.0,1197.0,1191.0,1195.0,64030.0,1165300.0,1169355.0
2026-05-26 14:30:00,1195.0,1200.0,1193.0,1198.0,60107.0,1169355.0,1154841.0
2026-05-26 21:00:00,1198.0,1205.0,1197.0,1202.0,121681.0,1154841.0,1164374.0
2026-05-26 21:30:00,1202.0,1204.0,1201.0,1202.0,28289.0,1164374.0,1164268.0
2026-05-26 22:00:00,1202.0,1208.0,1202.0,1203.0,70933.0,1164268.0,1165463.0
2026-05-26 22:30:00,1203.0,1207.0,1200.0,1200.0,47680.0,1165463.0,1164078.0
2026-05-27 09:00:00,1200.0,1204.0,1197.0,1203.0,60969.0,1164078.0,1164170.0
2026-05-27 09:30:00,1203.0,1205.0,1201.0,1205.0,26198.0,1164170.0,1162616.0
2026-05-27 10:00:00,1205.0,1205.0,1203.0,1204.0,16360.0,1162616.0,1163714.0
2026-05-27 10:30:00,1205.0,1208.0,1202.0,1205.0,46358.0,1163714.0,1159615.0
2026-05-27 11:00:00,1205.0,1210.0,1204.0,1205.0,57418.0,1159615.0,1155457.0
2026-05-27 13:30:00,1205.0,1208.0,1203.0,1203.0,45932.0,1155457.0,1153329.0
2026-05-27 14:00:00,1203.0,1204.0,1202.0,1204.0,25631.0,1153329.0,1152729.0
2026-05-27 14:30:00,1204.0,1204.0,1198.0,1202.0,64063.0,1152729.0,1148950.0
2026-05-27 21:00:00,1196.0,1204.0,1196.0,1199.0,99666.0,1148950.0,1165523.0
2026-05-27 21:30:00,1199.0,1202.0,1199.0,1200.0,27800.0,1165523.0,1169245.0
2026-05-27 22:00:00,1200.0,1202.0,1199.0,1202.0,16929.0,1169245.0,1172152.0
2026-05-27 22:30:00,1202.0,1206.0,1201.0,1205.0,38132.0,1172152.0,1164216.0
2026-05-28 09:00:00,1205.0,1206.0,1200.0,1202.0,53387.0,1164216.0,1161815.0
2026-05-28 09:30:00,1202.0,1204.0,1198.0,1200.0,27819.0,1161815.0,1164820.0
2026-05-28 10:00:00,1200.0,1200.0,1197.0,1199.0,25570.0,1164820.0,1166527.0
2026-05-28 10:30:00,1198.0,1199.0,1196.0,1198.0,27802.0,1166527.0,1171857.0
2026-05-28 11:00:00,1198.0,1204.0,1198.0,1202.0,35056.0,1171857.0,1162401.0
2026-05-28 13:30:00,1201.0,1206.0,1198.0,1204.0,54742.0,1162401.0,1158261.0
2026-05-28 14:00:00,1204.0,1207.0,1203.0,1205.0,51029.0,1158261.0,1155622.0
2026-05-28 14:30:00,1205.0,1205.0,1202.0,1204.0,39213.0,1155622.0,1149650.0
2026-05-28 21:00:00,1207.0,1208.0,1202.0,1206.0,91162.0,1149650.0,1154961.0
2026-05-28 21:30:00,1206.0,1207.0,1204.0,1206.0,28056.0,1154961.0,1151943.0
2026-05-28 22:00:00,1206.0,1209.0,1204.0,1206.0,45217.0,1151943.0,1153622.0
2026-05-28 22:30:00,1206.0,1208.0,1206.0,1207.0,23160.0,1153622.0,1147115.0
2026-05-29 09:00:00,1207.0,1212.0,1205.0,1212.0,70123.0,1147115.0,1144406.0
2026-05-29 09:30:00,1212.0,1217.0,1211.0,1215.0,118330.0,1144406.0,1137348.0
2026-05-29 10:00:00,1215.0,1216.0,1213.0,1215.0,22352.0,1137348.0,1135839.0
2026-05-29 10:30:00,1215.0,1218.0,1214.0,1215.0,52263.0,1135839.0,1131765.0
2026-05-29 11:00:00,1215.0,1215.0,1208.0,1209.0,76863.0,1131765.0,1124337.0
2026-05-29 13:30:00,1209.0,1211.0,1206.0,1207.0,40051.0,1124337.0,1122709.0
2026-05-29 14:00:00,1207.0,1209.0,1205.0,1208.0,36228.0,1122709.0,1118558.0
2026-05-29 14:30:00,1208.0,1218.0,1208.0,1215.0,114009.0,1118558.0,1107329.0
2026-05-29 21:00:00,1217.0,1219.0,1211.0,1215.0,107362.0,1107329.0,1109863.0
2026-05-29 21:30:00,1215.0,1216.0,1212.0,1214.0,25673.0,1109863.0,1109004.0
2026-05-29 22:00:00,1214.0,1214.0,1209.0,1210.0,27164.0,1109004.0,1106460.0
2026-05-29 22:30:00,1210.0,1215.0,1210.0,1214.0,36731.0,1106460.0,1100842.0
2026-06-01 09:00:00,1214.0,1226.0,1214.0,1225.0,171087.0,1100842.0,1106351.0
2026-06-01 09:30:00,1225.0,1234.0,1223.0,1230.0,195008.0,1106351.0,1109148.0
2026-06-01 10:00:00,1230.0,1234.0,1229.0,1229.0,54559.0,1109148.0,1104994.0
2026-06-01 10:30:00,1229.0,1232.0,1223.0,1227.0,91562.0,1104994.0,1090693.0
2026-06-01 11:00:00,1227.0,1228.0,1224.0,1226.0,40430.0,1090693.0,1083459.0
2026-06-01 13:30:00,1226.0,1228.0,1223.0,1226.0,53848.0,1083459.0,1082626.0
2026-06-01 14:00:00,1226.0,1227.0,1215.0,1220.0,95123.0,1082626.0,1073156.0
2026-06-01 14:30:00,1220.0,1222.0,1217.0,1221.0,53775.0,1073156.0,1073494.0
2026-06-01 21:00:00,1222.0,1223.0,1215.0,1217.0,86748.0,1073494.0,1084799.0
2026-06-01 21:30:00,1217.0,1218.0,1211.0,1213.0,71702.0,1084799.0,1095325.0
2026-06-01 22:00:00,1213.0,1214.0,1212.0,1214.0,25176.0,1095325.0,1097480.0
2026-06-01 22:30:00,1214.0,1216.0,1213.0,1215.0,18642.0,1097480.0,1095543.0
2026-06-02 09:00:00,1215.0,1216.0,1212.0,1212.0,44352.0,1095543.0,1099499.0
2026-06-02 09:30:00,1212.0,1213.0,1205.0,1206.0,95134.0,1099499.0,1099353.0
2026-06-02 10:00:00,1206.0,1209.0,1205.0,1208.0,25725.0,1099353.0,1100459.0
2026-06-02 10:30:00,1207.0,1209.0,1206.0,1207.0,27816.0,1100459.0,1101788.0
2026-06-02 11:00:00,1207.0,1209.0,1206.0,1208.0,27035.0,1101788.0,1099753.0
2026-06-02 13:30:00,1208.0,1210.0,1205.0,1208.0,50236.0,1099753.0,1103612.0
2026-06-02 14:00:00,1208.0,1209.0,1205.0,1206.0,24991.0,1103612.0,1106339.0
2026-06-02 14:30:00,1206.0,1207.0,1205.0,1206.0,36191.0,1106339.0,1104837.0
2026-06-02 21:00:00,1205.0,1213.0,1205.0,1212.0,97725.0,1104837.0,1108386.0
2026-06-02 21:30:00,1212.0,1212.0,1209.0,1210.0,26038.0,1108386.0,1111291.0
2026-06-02 22:00:00,1210.0,1213.0,1209.0,1213.0,25530.0,1111291.0,1111306.0
2026-06-02 22:30:00,1213.0,1213.0,1210.0,1210.0,30106.0,1111306.0,1105098.0
2026-06-03 09:00:00,1210.0,1212.0,1195.0,1198.0,156407.0,1105098.0,1099808.0
2026-06-03 09:30:00,1198.0,1201.0,1196.0,1197.0,81564.0,1099808.0,1111990.0
2026-06-03 10:00:00,1197.0,1198.0,1195.0,1196.0,21074.0,1111990.0,1116894.0
2026-06-03 10:30:00,1197.0,1199.0,1193.0,1197.0,64362.0,1116894.0,1125853.0
2026-06-03 11:00:00,1197.0,1200.0,1197.0,1200.0,36973.0,1125853.0,1126477.0
2026-06-03 13:30:00,1200.0,1202.0,1198.0,1198.0,41197.0,1126477.0,1121731.0
2026-06-03 14:00:00,1198.0,1201.0,1197.0,1199.0,28565.0,1121731.0,1121760.0
2026-06-03 14:30:00,1199.0,1201.0,1196.0,1200.0,51674.0,1121760.0,1108480.0
2026-06-03 21:00:00,1200.0,1207.0,1197.0,1207.0,124937.0,1108480.0,1117762.0
2026-06-03 21:30:00,1207.0,1210.0,1204.0,1204.0,85351.0,1117762.0,1108357.0
2026-06-03 22:00:00,1204.0,1206.0,1203.0,1204.0,29655.0,1108357.0,1108676.0
2026-06-03 22:30:00,1204.0,1205.0,1203.0,1204.0,16667.0,1108676.0,1106313.0
2026-06-04 09:00:00,1204.0,1204.0,1196.0,1200.0,66439.0,1106313.0,1104509.0
2026-06-04 09:30:00,1200.0,1200.0,1195.0,1197.0,39162.0,1104509.0,1107156.0
2026-06-04 10:00:00,1197.0,1199.0,1195.0,1196.0,18235.0,1107156.0,1110680.0
2026-06-04 10:30:00,1196.0,1197.0,1184.0,1187.0,136860.0,1110680.0,1130186.0
2026-06-04 11:00:00,1187.0,1187.0,1182.0,1183.0,81519.0,1130186.0,1141320.0
2026-06-04 13:30:00,1183.0,1186.0,1181.0,1182.0,61602.0,1141320.0,1150667.0
2026-06-04 14:00:00,1182.0,1184.0,1180.0,1181.0,51838.0,1150667.0,1160432.0
2026-06-04 14:30:00,1181.0,1186.0,1180.0,1182.0,61079.0,1160432.0,1160633.0
2026-06-04 21:00:00,1180.0,1186.0,1178.0,1182.0,103268.0,1160633.0,1182151.0
2026-06-04 21:30:00,1182.0,1184.0,1181.0,1184.0,31551.0,1182151.0,1183963.0
2026-06-04 22:00:00,1184.0,1184.0,1179.0,1181.0,28684.0,1183963.0,1188319.0
2026-06-04 22:30:00,1181.0,1182.0,1179.0,1180.0,32502.0,1188319.0,1185389.0
2026-06-05 09:00:00,1180.0,1180.0,1165.0,1170.0,207717.0,1185389.0,1214987.0
2026-06-05 09:30:00,1170.0,1172.0,1168.0,1170.0,55259.0,1214987.0,1212041.0
2026-06-05 10:00:00,1170.0,1171.0,1168.0,1170.0,20599.0,1212041.0,1215222.0
2026-06-05 10:30:00,1171.0,1173.0,1169.0,1170.0,34797.0,1215222.0,1218163.0
2026-06-05 11:00:00,1170.0,1170.0,1162.0,1166.0,110652.0,1218163.0,1247738.0
2026-06-05 13:30:00,1167.0,1170.0,1165.0,1167.0,48269.0,1247738.0,1246682.0
2026-06-05 14:00:00,1167.0,1167.0,1162.0,1164.0,51631.0,1246682.0,1247572.0
2026-06-05 14:30:00,1164.0,1165.0,1161.0,1162.0,74459.0,1247572.0,1248379.0
2026-06-05 21:00:00,1160.0,1164.0,1156.0,1157.0,150566.0,1248379.0,1277617.0
2026-06-05 21:30:00,1157.0,1164.0,1156.0,1162.0,54369.0,1277617.0,1282873.0
2026-06-05 22:00:00,1162.0,1162.0,1156.0,1158.0,33189.0,1282873.0,1285800.0
2026-06-05 22:30:00,1158.0,1161.0,1158.0,1160.0,38829.0,1285800.0,1282292.0
2026-06-08 09:00:00,1160.0,1165.0,1156.0,1158.0,122806.0,1282292.0,1287141.0
2026-06-08 09:30:00,1158.0,1159.0,1155.0,1156.0,40602.0,1287141.0,1288273.0
2026-06-08 10:00:00,1156.0,1158.0,1155.0,1157.0,19604.0,1288273.0,1287939.0
2026-06-08 10:30:00,1158.0,1161.0,1156.0,1158.0,34459.0,1287939.0,1288019.0
2026-06-08 11:00:00,1158.0,1160.0,1158.0,1159.0,20127.0,1288019.0,1284672.0
2026-06-08 13:30:00,1159.0,1161.0,1154.0,1160.0,65044.0,1284672.0,1279944.0
2026-06-08 14:00:00,1160.0,1164.0,1160.0,1162.0,49588.0,1279944.0,1275874.0
2026-06-08 14:30:00,1162.0,1162.0,1155.0,1157.0,54951.0,1275874.0,1279228.0
2026-06-08 21:00:00,1157.0,1159.0,1153.0,1156.0,136204.0,1279228.0,1309008.0
2026-06-08 21:30:00,1156.0,1158.0,1154.0,1154.0,46285.0,1309008.0,1315318.0
2026-06-08 22:00:00,1154.0,1157.0,1154.0,1156.0,29323.0,1315318.0,1322192.0
2026-06-08 22:30:00,1156.0,1156.0,1154.0,1154.0,28866.0,1322192.0,1325271.0
2026-06-09 09:00:00,1154.0,1159.0,1151.0,1153.0,92332.0,1325271.0,1333408.0
2026-06-09 09:30:00,1153.0,1154.0,1149.0,1153.0,63585.0,1333408.0,1343466.0
2026-06-09 10:00:00,1153.0,1153.0,1150.0,1152.0,26134.0,1343466.0,1343987.0
2026-06-09 10:30:00,1152.0,1157.0,1151.0,1151.0,43676.0,1343987.0,1346795.0
2026-06-09 11:00:00,1151.0,1154.0,1150.0,1153.0,30371.0,1346795.0,1347264.0
2026-06-09 13:30:00,1152.0,1155.0,1151.0,1153.0,38853.0,1347264.0,1342412.0
2026-06-09 14:00:00,1153.0,1157.0,1152.0,1156.0,47186.0,1342412.0,1344101.0
2026-06-09 14:30:00,1156.0,1157.0,1151.0,1152.0,65321.0,1344101.0,1336847.0
2026-06-09 21:00:00,1150.0,1154.0,1148.0,1150.0,112497.0,1336847.0,1355131.0
2026-06-09 21:30:00,1150.0,1153.0,1149.0,1149.0,41123.0,1355131.0,1360060.0
2026-06-09 22:00:00,1149.0,1151.0,1148.0,1148.0,34535.0,1360060.0,1364824.0
2026-06-09 22:30:00,1148.0,1150.0,1146.0,1147.0,43565.0,1364824.0,1359355.0
2026-06-10 09:00:00,1147.0,1149.0,1144.0,1145.0,84433.0,1359355.0,1373213.0
2026-06-10 09:30:00,1145.0,1151.0,1144.0,1149.0,56003.0,1373213.0,1372102.0
2026-06-10 10:00:00,1149.0,1157.0,1149.0,1155.0,94930.0,1372102.0,1355949.0
2026-06-10 10:30:00,1155.0,1155.0,1149.0,1153.0,59918.0,1355949.0,1353336.0
2026-06-10 11:00:00,1153.0,1155.0,1150.0,1150.0,50929.0,1353336.0,1351142.0
2026-06-10 13:30:00,1150.0,1152.0,1148.0,1149.0,36508.0,1351142.0,1355601.0
2026-06-10 14:00:00,1149.0,1152.0,1149.0,1151.0,31935.0,1355601.0,1359491.0
2026-06-10 14:30:00,1151.0,1154.0,1150.0,1152.0,53659.0,1359491.0,1355378.0
2026-06-10 21:00:00,1150.0,1160.0,1149.0,1159.0,155796.0,1355378.0,1361783.0
2026-06-10 21:30:00,1159.0,1159.0,1153.0,1154.0,55433.0,1361783.0,1365053.0
2026-06-10 22:00:00,1154.0,1156.0,1153.0,1155.0,29049.0,1365053.0,1362991.0
2026-06-10 22:30:00,1155.0,1159.0,1155.0,1156.0,35808.0,1362991.0,1354271.0
2026-06-11 09:00:00,1156.0,1157.0,1149.0,1151.0,81455.0,1354271.0,1358432.0
2026-06-11 09:30:00,1151.0,1154.0,1148.0,1152.0,43811.0,1358432.0,1357172.0
2026-06-11 10:00:00,1152.0,1154.0,1151.0,1152.0,20325.0,1357172.0,1358802.0
2026-06-11 10:30:00,1152.0,1154.0,1151.0,1153.0,31746.0,1358802.0,1359029.0
2026-06-11 11:00:00,1153.0,1161.0,1152.0,1158.0,80469.0,1359029.0,1356154.0
2026-06-11 13:30:00,1158.0,1164.0,1157.0,1159.0,88553.0,1356154.0,1342600.0
2026-06-11 14:00:00,1159.0,1160.0,1157.0,1158.0,34401.0,1342600.0,1341134.0
2026-06-11 14:30:00,1158.0,1160.0,1157.0,1158.0,42138.0,1341134.0,1337031.0
2026-06-11 21:00:00,1155.0,1158.0,1153.0,1154.0,91794.0,1337031.0,1350633.0
2026-06-11 21:30:00,1154.0,1156.0,1153.0,1156.0,27626.0,1350633.0,1356999.0
2026-06-11 22:00:00,1156.0,1156.0,1154.0,1154.0,14402.0,1356999.0,1358309.0
2026-06-11 22:30:00,1154.0,1156.0,1151.0,1153.0,44458.0,1358309.0,1358215.0
2026-06-12 09:00:00,1153.0,1155.0,1149.0,1151.0,85081.0,1358215.0,1378347.0
2026-06-12 09:30:00,1151.0,1156.0,1149.0,1156.0,56346.0,1378347.0,1379844.0
2026-06-12 10:00:00,1156.0,1156.0,1153.0,1154.0,24460.0,1379844.0,1379519.0
2026-06-12 10:30:00,1154.0,1154.0,1151.0,1153.0,22176.0,1379519.0,1381045.0
2026-06-12 11:00:00,1153.0,1158.0,1152.0,1155.0,51596.0,1381045.0,1378926.0
2026-06-12 13:30:00,1156.0,1157.0,1151.0,1154.0,59465.0,1378926.0,1376772.0
2026-06-12 14:00:00,1154.0,1155.0,1149.0,1150.0,51518.0,1376772.0,1390395.0
2026-06-12 14:30:00,1150.0,1152.0,1148.0,1150.0,71478.0,1390395.0,1394526.0
2026-06-12 21:00:00,1152.0,1169.0,1150.0,1168.0,298558.0,1394526.0,1353726.0
2026-06-12 21:30:00,1168.0,1170.0,1165.0,1169.0,87036.0,1353726.0,1338610.0
2026-06-12 22:00:00,1169.0,1174.0,1168.0,1170.0,107358.0,1338610.0,1327003.0
2026-06-12 22:30:00,1170.0,1174.0,1170.0,1172.0,63664.0,1327003.0,1309369.0
2026-06-15 09:00:00,1172.0,1173.0,1161.0,1164.0,172911.0,1309369.0,1305992.0
2026-06-15 09:30:00,1164.0,1168.0,1163.0,1168.0,52249.0,1305992.0,1307441.0
2026-06-15 10:00:00,1168.0,1171.0,1166.0,1167.0,39225.0,1307441.0,1306153.0
2026-06-15 10:30:00,1167.0,1177.0,1167.0,1173.0,100566.0,1306153.0,1298448.0
2026-06-15 11:00:00,1173.0,1176.0,1169.0,1173.0,74664.0,1298448.0,1288858.0
2026-06-15 13:30:00,1173.0,1174.0,1166.0,1170.0,57478.0,1288858.0,1287191.0
2026-06-15 14:00:00,1170.0,1174.0,1169.0,1170.0,47757.0,1287191.0,1282902.0
2026-06-15 14:30:00,1170.0,1171.0,1167.0,1168.0,49447.0,1282902.0,1282293.0
2026-06-15 21:00:00,1170.0,1174.0,1164.0,1165.0,148548.0,1282293.0,1298847.0
2026-06-15 21:30:00,1165.0,1169.0,1163.0,1168.0,38763.0,1298847.0,1303416.0
2026-06-15 22:00:00,1168.0,1168.0,1165.0,1166.0,27776.0,1303416.0,1302993.0
2026-06-15 22:30:00,1166.0,1168.0,1165.0,1166.0,27984.0,1302993.0,1299984.0
2026-06-16 09:00:00,1166.0,1167.0,1163.0,1165.0,64279.0,1299984.0,1302057.0
2026-06-16 09:30:00,1165.0,1166.0,1161.0,1164.0,56273.0,1302057.0,1307254.0
2026-06-16 10:00:00,1164.0,1168.0,1164.0,1167.0,22642.0,1307254.0,1305347.0
2026-06-16 10:30:00,1167.0,1168.0,1164.0,1164.0,34152.0,1305347.0,1304563.0
2026-06-16 11:00:00,1164.0,1167.0,1162.0,1165.0,35481.0,1304563.0,1303797.0
2026-06-16 13:30:00,1165.0,1165.0,1158.0,1161.0,90452.0,1303797.0,1307451.0
2026-06-16 14:00:00,1161.0,1165.0,1160.0,1162.0,42846.0,1307451.0,1305690.0
2026-06-16 14:30:00,1162.0,1163.0,1161.0,1163.0,34996.0,1305690.0,1299512.0
2026-06-16 21:00:00,1162.0,1170.0,1162.0,1165.0,146059.0,1299512.0,1299004.0
2026-06-16 21:30:00,1165.0,1169.0,1164.0,1169.0,38952.0,1299004.0,1298083.0
2026-06-16 22:00:00,1169.0,1169.0,1162.0,1163.0,43812.0,1298083.0,1300525.0
2026-06-16 22:30:00,1163.0,1163.0,1160.0,1163.0,45948.0,1300525.0,1301451.0
2026-06-17 09:00:00,1163.0,1164.0,1160.0,1163.0,41537.0,1301451.0,1303804.0
2026-06-17 09:30:00,1163.0,1168.0,1163.0,1167.0,49858.0,1303804.0,1298658.0
2026-06-17 10:00:00,1167.0,1167.0,1164.0,1166.0,16679.0,1298658.0,1296208.0
2026-06-17 10:30:00,1166.0,1166.0,1163.0,1165.0,21917.0,1296208.0,1296014.0
2026-06-17 11:00:00,1165.0,1165.0,1163.0,1163.0,22254.0,1296014.0,1294535.0
2026-06-17 13:30:00,1163.0,1165.0,1160.0,1163.0,40742.0,1294535.0,1300828.0
2026-06-17 14:00:00,1163.0,1164.0,1161.0,1163.0,26175.0,1300828.0,1304461.0
2026-06-17 14:30:00,1163.0,1164.0,1148.0,1150.0,197828.0,1304461.0,1311121.0
2026-06-17 21:00:00,1151.0,1152.0,1136.0,1139.0,307434.0,1311121.0,1373337.0
2026-06-17 21:30:00,1139.0,1139.0,1135.0,1137.0,79352.0,1373337.0,1387797.0
2026-06-17 22:00:00,1137.0,1138.0,1135.0,1136.0,56823.0,1387797.0,1398194.0
2026-06-17 22:30:00,1136.0,1138.0,1135.0,1136.0,48515.0,1398194.0,1404183.0
2026-06-18 09:00:00,1136.0,1138.0,1133.0,1135.0,94951.0,1404183.0,1412033.0
2026-06-18 09:30:00,1135.0,1140.0,1133.0,1135.0,78035.0,1412033.0,1407598.0
2026-06-18 10:00:00,1135.0,1138.0,1134.0,1137.0,22361.0,1407598.0,1406823.0
2026-06-18 10:30:00,1138.0,1138.0,1135.0,1137.0,44433.0,1406823.0,1402949.0
2026-06-18 11:00:00,1137.0,1138.0,1135.0,1136.0,27216.0,1402949.0,1401887.0
2026-06-18 13:30:00,1135.0,1138.0,1131.0,1131.0,72256.0,1401887.0,1414998.0
2026-06-18 14:00:00,1131.0,1132.0,1125.0,1128.0,139151.0,1414998.0,1418008.0
2026-06-18 14:30:00,1128.0,1130.0,1127.0,1127.0,79800.0,1418008.0,1403465.0
2026-06-22 09:00:00,1126.0,1135.0,1123.0,1129.0,168687.0,1403465.0,1429149.0
2026-06-22 09:30:00,1129.0,1132.0,1127.0,1128.0,46972.0,1429149.0,1429685.0
2026-06-22 10:00:00,1128.0,1129.0,1126.0,1128.0,12390.0,1429685.0,1430976.0
2026-06-22 10:30:00,1128.0,1128.0,1125.0,1127.0,30619.0,1430976.0,1431716.0
2026-06-22 11:00:00,1127.0,1129.0,1125.0,1127.0,30343.0,1431716.0,1429363.0
2026-06-22 13:30:00,1127.0,1132.0,1127.0,1129.0,47083.0,1429363.0,1428334.0
2026-06-22 14:00:00,1129.0,1130.0,1125.0,1128.0,32274.0,1428334.0,1431440.0
2026-06-22 14:30:00,1128.0,1129.0,1125.0,1128.0,41374.0,1431440.0,1426618.0
2026-06-22 21:00:00,1129.0,1129.0,1119.0,1121.0,145239.0,1426618.0,1449007.0
2026-06-22 21:30:00,1121.0,1122.0,1118.0,1120.0,51164.0,1449007.0,1453811.0
2026-06-22 22:00:00,1120.0,1125.0,1119.0,1123.0,41973.0,1453811.0,1446282.0
2026-06-22 22:30:00,1123.0,1124.0,1121.0,1122.0,24914.0,1446282.0,1440839.0
2026-06-23 09:00:00,1122.0,1134.0,1121.0,1132.0,138330.0,1440839.0,1422586.0
2026-06-23 09:30:00,1132.0,1133.0,1129.0,1132.0,59058.0,1422586.0,1415656.0
2026-06-23 10:00:00,1132.0,1135.0,1131.0,1132.0,38967.0,1415656.0,1408515.0
2026-06-23 10:30:00,1132.0,1133.0,1129.0,1129.0,36197.0,1408515.0,1403130.0
2026-06-23 11:00:00,1129.0,1131.0,1127.0,1128.0,38043.0,1403130.0,1398832.0
2026-06-23 13:30:00,1127.0,1132.0,1126.0,1128.0,67441.0,1398832.0,1396765.0
2026-06-23 14:00:00,1128.0,1128.0,1124.0,1124.0,45497.0,1396765.0,1392516.0
2026-06-23 14:30:00,1124.0,1132.0,1124.0,1132.0,67758.0,1392516.0,1384548.0
2026-06-23 21:00:00,1129.0,1132.0,1125.0,1125.0,127125.0,1384548.0,1407988.0
2026-06-23 21:30:00,1125.0,1128.0,1125.0,1127.0,31579.0,1407988.0,1413575.0
2026-06-23 22:00:00,1127.0,1130.0,1127.0,1127.0,25304.0,1413575.0,1416429.0
2026-06-23 22:30:00,1127.0,1129.0,1126.0,1129.0,24126.0,1416429.0,1414698.0
2026-06-24 09:00:00,1129.0,1129.0,1124.0,1125.0,62620.0,1414698.0,1418356.0
2026-06-24 09:30:00,1125.0,1126.0,1121.0,1125.0,52480.0,1418356.0,1425919.0
2026-06-24 10:00:00,1125.0,1128.0,1122.0,1128.0,21948.0,1425919.0,1428405.0
2026-06-24 10:30:00,1128.0,1132.0,1127.0,1130.0,74999.0,1428405.0,1417623.0
2026-06-24 11:00:00,1130.0,1131.0,1127.0,1128.0,24979.0,1417623.0,1418514.0
2026-06-24 13:30:00,1129.0,1130.0,1123.0,1124.0,42067.0,1418514.0,1424440.0
2026-06-24 14:00:00,1124.0,1127.0,1122.0,1123.0,43295.0,1424440.0,1431481.0
2026-06-24 14:30:00,1123.0,1124.0,1118.0,1118.0,98779.0,1431481.0,1453742.0
2026-06-24 21:00:00,1118.0,1121.0,1114.0,1118.0,126651.0,1453742.0,1471242.0
2026-06-24 21:30:00,1118.0,1121.0,1118.0,1119.0,38089.0,1471242.0,1474374.0
2026-06-24 22:00:00,1119.0,1121.0,1118.0,1119.0,22710.0,1474374.0,1474075.0
2026-06-24 22:30:00,1119.0,1121.0,1118.0,1119.0,23573.0,1474075.0,1470120.0
2026-06-25 09:00:00,1119.0,1123.0,1115.0,1118.0,78390.0,1470120.0,1475835.0
2026-06-25 09:30:00,1118.0,1121.0,1116.0,1118.0,59747.0,1475835.0,1478272.0
2026-06-25 10:00:00,1118.0,1119.0,1110.0,1114.0,62699.0,1478272.0,1482670.0
2026-06-25 10:30:00,1114.0,1118.0,1112.0,1117.0,50407.0,1482670.0,1477347.0
2026-06-25 11:00:00,1117.0,1120.0,1115.0,1117.0,41270.0,1477347.0,1475343.0
2026-06-25 13:30:00,1117.0,1118.0,1109.0,1112.0,98219.0,1475343.0,1492726.0
2026-06-25 14:00:00,1112.0,1113.0,1110.0,1111.0,36851.0,1492726.0,1499165.0
2026-06-25 14:30:00,1111.0,1112.0,1105.0,1111.0,103675.0,1499165.0,1494784.0
2026-06-25 21:00:00,1113.0,1113.0,1103.0,1104.0,126619.0,1494784.0,1515474.0
2026-06-25 21:30:00,1104.0,1108.0,1104.0,1106.0,39882.0,1515474.0,1520018.0
2026-06-25 22:00:00,1106.0,1108.0,1105.0,1107.0,21029.0,1520018.0,1518102.0
2026-06-25 22:30:00,1107.0,1108.0,1105.0,1106.0,24168.0,1518102.0,1514537.0
2026-06-26 09:00:00,1106.0,1107.0,1093.0,1100.0,257232.0,1514537.0,1532133.0
2026-06-26 09:30:00,1100.0,1108.0,1099.0,1104.0,134447.0,1532133.0,1511192.0
2026-06-26 10:00:00,1104.0,1108.0,1104.0,1106.0,25174.0,1511192.0,1506180.0
2026-06-26 10:30:00,1106.0,1107.0,1099.0,1101.0,55316.0,1506180.0,1509578.0
2026-06-26 11:00:00,1101.0,1104.0,1100.0,1103.0,32102.0,1509578.0,1503226.0
2026-06-26 13:30:00,1103.0,1104.0,1101.0,1102.0,34117.0,1503226.0,1502131.0
2026-06-26 14:00:00,1102.0,1104.0,1097.0,1101.0,74122.0,1502131.0,1502567.0
2026-06-26 14:30:00,1101.0,1101.0,1094.0,1096.0,100348.0,1502567.0,1502854.0
2026-06-26 21:00:00,1096.0,1099.0,1090.0,1092.0,146721.0,1502854.0,1528266.0
2026-06-26 21:30:00,1092.0,1093.0,1089.0,1090.0,80805.0,1528266.0,1540141.0
2026-06-26 22:00:00,1090.0,1094.0,1090.0,1094.0,33757.0,1540141.0,1541131.0
2026-06-26 22:30:00,1094.0,1094.0,1091.0,1092.0,30883.0,1541131.0,1534036.0
2026-06-29 09:00:00,1092.0,1098.0,1088.0,1095.0,123578.0,1534036.0,1540628.0
2026-06-29 09:30:00,1095.0,1097.0,1091.0,1091.0,45816.0,1540628.0,1539583.0
2026-06-29 10:00:00,1091.0,1094.0,1091.0,1093.0,16494.0,1539583.0,1539655.0
2026-06-29 10:30:00,1093.0,1095.0,1091.0,1094.0,31368.0,1539655.0,1537547.0
2026-06-29 11:00:00,1094.0,1107.0,1093.0,1104.0,167014.0,1537547.0,1515561.0
2026-06-29 13:30:00,1104.0,1104.0,1100.0,1103.0,54442.0,1515561.0,1510690.0
2026-06-29 14:00:00,1103.0,1105.0,1101.0,1103.0,47957.0,1510690.0,1506436.0
2026-06-29 14:30:00,1103.0,1104.0,1101.0,1103.0,44842.0,1506436.0,1498470.0
2026-06-29 21:00:00,1099.0,1102.0,1085.0,1086.0,222771.0,1498470.0,1563086.0
2026-06-29 21:30:00,1086.0,1088.0,1085.0,1086.0,57542.0,1563086.0,1572545.0
2026-06-29 22:00:00,1086.0,1087.0,1084.0,1086.0,59380.0,1572545.0,1576194.0
2026-06-29 22:30:00,1086.0,1087.0,1085.0,1085.0,21780.0,1576194.0,1573267.0
2026-06-30 09:00:00,1085.0,1089.0,1085.0,1086.0,59909.0,1573267.0,1575490.0
2026-06-30 09:30:00,1086.0,1088.0,1080.0,1081.0,63429.0,1575490.0,1580387.0
2026-06-30 10:00:00,1081.0,1085.0,1081.0,1083.0,27528.0,1580387.0,1582738.0
2026-06-30 10:30:00,1083.0,1092.0,1083.0,1089.0,95332.0,1582738.0,1569291.0
2026-06-30 11:00:00,1089.0,1091.0,1086.0,1089.0,40449.0,1569291.0,1566338.0
2026-06-30 13:30:00,1089.0,1089.0,1084.0,1085.0,43297.0,1566338.0,1568765.0
2026-06-30 14:00:00,1085.0,1086.0,1079.0,1081.0,68022.0,1568765.0,1579626.0
2026-06-30 14:30:00,1081.0,1087.0,1080.0,1086.0,86785.0,1579626.0,1563602.0
2026-06-30 21:00:00,1086.0,1097.0,1084.0,1091.0,202762.0,1563602.0,1543225.0
2026-06-30 21:30:00,1091.0,1093.0,1089.0,1090.0,40329.0,1543225.0,1539348.0
2026-06-30 22:00:00,1090.0,1093.0,1089.0,1092.0,30846.0,1539348.0,1535182.0
2026-06-30 22:30:00,1092.0,1093.0,1088.0,1090.0,34558.0,1535182.0,1530841.0
2026-07-01 09:00:00,1090.0,1093.0,1084.0,1090.0,89004.0,1530841.0,1524967.0
2026-07-01 09:30:00,1090.0,1092.0,1088.0,1089.0,31584.0,1524967.0,1522033.0
2026-07-01 10:00:00,1089.0,1090.0,1085.0,1086.0,24065.0,1522033.0,1524026.0
2026-07-01 10:30:00,1086.0,1092.0,1085.0,1091.0,41421.0,1524026.0,1525575.0
2026-07-01 11:00:00,1091.0,1092.0,1089.0,1090.0,34735.0,1525575.0,1526364.0
2026-07-01 13:30:00,1090.0,1097.0,1090.0,1094.0,75880.0,1526364.0,1518317.0
2026-07-01 14:00:00,1094.0,1095.0,1089.0,1090.0,42032.0,1518317.0,1515498.0
2026-07-01 14:30:00,1090.0,1092.0,1088.0,1089.0,41892.0,1515498.0,1507268.0
2026-07-01 21:00:00,1088.0,1095.0,1087.0,1094.0,110661.0,1507268.0,1508981.0
2026-07-01 21:30:00,1094.0,1097.0,1091.0,1094.0,63360.0,1508981.0,1514300.0
2026-07-01 22:00:00,1094.0,1095.0,1092.0,1092.0,18347.0,1514300.0,1515239.0
2026-07-01 22:30:00,1092.0,1094.0,1092.0,1093.0,18063.0,1515239.0,1512052.0
2026-07-02 09:00:00,1093.0,1095.0,1090.0,1093.0,45703.0,1512052.0,1508232.0
2026-07-02 09:30:00,1093.0,1095.0,1091.0,1094.0,25417.0,1508232.0,1509448.0
2026-07-02 10:00:00,1094.0,1095.0,1089.0,1091.0,33109.0,1509448.0,1508913.0
2026-07-02 10:30:00,1091.0,1093.0,1089.0,1092.0,25816.0,1508913.0,1507850.0
2026-07-02 11:00:00,1092.0,1093.0,1089.0,1091.0,25345.0,1507850.0,1507300.0
2026-07-02 13:30:00,1092.0,1108.0,1090.0,1106.0,204329.0,1507300.0,1490014.0
2026-07-02 14:00:00,1106.0,1110.0,1103.0,1106.0,119704.0,1490014.0,1478005.0
2026-07-02 14:30:00,1106.0,1107.0,1102.0,1103.0,76549.0,1478005.0,1464922.0
2026-07-02 21:00:00,1102.0,1107.0,1100.0,1103.0,104552.0,1464922.0,1465784.0
2026-07-02 21:30:00,1103.0,1105.0,1102.0,1104.0,32707.0,1465784.0,1467756.0
2026-07-02 22:00:00,1104.0,1104.0,1102.0,1103.0,22155.0,1467756.0,1468225.0
2026-07-02 22:30:00,1103.0,1105.0,1102.0,1103.0,25798.0,1468225.0,1464286.0
2026-07-03 09:00:00,1103.0,1107.0,1098.0,1103.0,80698.0,1464286.0,1465451.0
2026-07-03 09:30:00,1103.0,1105.0,1102.0,1104.0,23351.0,1465451.0,1465006.0
2026-07-03 10:00:00,1104.0,1107.0,1104.0,1105.0,21478.0,1465006.0,1462606.0
2026-07-03 10:30:00,1105.0,1113.0,1105.0,1107.0,129567.0,1462606.0,1449261.0
2026-07-03 11:00:00,1107.0,1109.0,1105.0,1108.0,32906.0,1449261.0,1447046.0
2026-07-03 13:30:00,1108.0,1110.0,1106.0,1106.0,34014.0,1447046.0,1443476.0
2026-07-03 14:00:00,1106.0,1107.0,1101.0,1102.0,44764.0,1443476.0,1442290.0
2026-07-03 14:30:00,1102.0,1105.0,1101.0,1103.0,42338.0,1442290.0,1435559.0
2026-07-03 21:00:00,1105.0,1109.0,1104.0,1108.0,92187.0,1435559.0,1430788.0
2026-07-03 21:30:00,1108.0,1112.0,1108.0,1110.0,46261.0,1430788.0,1427722.0
2026-07-03 22:00:00,1110.0,1112.0,1109.0,1111.0,28131.0,1427722.0,1423267.0
2026-07-03 22:30:00,1111.0,1117.0,1110.0,1115.0,84378.0,1423267.0,1406736.0
2026-07-06 09:00:00,1115.0,1116.0,1106.0,1112.0,107335.0,1406736.0,1412036.0
2026-07-06 09:30:00,1112.0,1113.0,1110.0,1112.0,32499.0,1412036.0,1409785.0
2026-07-06 10:00:00,1112.0,1113.0,1109.0,1110.0,18420.0,1409785.0,1408756.0
2026-07-06 10:30:00,1109.0,1109.0,1102.0,1103.0,86443.0,1408756.0,1405375.0
2026-07-06 11:00:00,1103.0,1106.0,1102.0,1104.0,34291.0,1405375.0,1408779.0
2026-07-06 13:30:00,1104.0,1106.0,1104.0,1105.0,17845.0,1408779.0,1408139.0
2026-07-06 14:00:00,1105.0,1107.0,1102.0,1102.0,34743.0,1408139.0,1407170.0
2026-07-06 14:30:00,1102.0,1103.0,1098.0,1101.0,101735.0,1407170.0,1394551.0
2026-07-06 21:00:00,1100.0,1102.0,1094.0,1094.0,134836.0,1394551.0,1405625.0
2026-07-06 21:30:00,1094.0,1098.0,1094.0,1096.0,51235.0,1405625.0,1403801.0
2026-07-06 22:00:00,1096.0,1099.0,1094.0,1098.0,38717.0,1403801.0,1403062.0
2026-07-06 22:30:00,1098.0,1099.0,1097.0,1099.0,21306.0,1403062.0,1399198.0
2026-07-07 09:00:00,1099.0,1099.0,1095.0,1097.0,49642.0,1399198.0,1400913.0
2026-07-07 09:30:00,1097.0,1101.0,1096.0,1099.0,33883.0,1400913.0,1399369.0
2026-07-07 10:00:00,1099.0,1100.0,1098.0,1099.0,12111.0,1399369.0,1400441.0
2026-07-07 10:30:00,1099.0,1100.0,1092.0,1094.0,52795.0,1400441.0,1401523.0
2026-07-07 11:00:00,1094.0,1095.0,1092.0,1093.0,34341.0,1401523.0,1400457.0
2026-07-07 13:30:00,1093.0,1093.0,1075.0,1078.0,279072.0,1400457.0,1438090.0
2026-07-07 14:00:00,1078.0,1078.0,1073.0,1073.0,126837.0,1438090.0,1466593.0
2026-07-07 14:30:00,1073.0,1075.0,1070.0,1070.0,118676.0,1466593.0,1472543.0
2026-07-07 21:00:00,1072.0,1079.0,1070.0,1077.0,150547.0,1472543.0,1477083.0
2026-07-07 21:30:00,1077.0,1078.0,1074.0,1075.0,48498.0,1477083.0,1476679.0
2026-07-07 22:00:00,1075.0,1076.0,1074.0,1075.0,18793.0,1476679.0,1474711.0
2026-07-07 22:30:00,1075.0,1075.0,1072.0,1072.0,38408.0,1474711.0,1476875.0
2026-07-08 09:00:00,1072.0,1076.0,1071.0,1073.0,72041.0,1476875.0,1481777.0
2026-07-08 09:30:00,1073.0,1078.0,1072.0,1076.0,61567.0,1481777.0,1478652.0
2026-07-08 10:00:00,1076.0,1078.0,1075.0,1076.0,26483.0,1478652.0,1477322.0
2026-07-08 10:30:00,1077.0,1080.0,1075.0,1079.0,59030.0,1477322.0,1470137.0
2026-07-08 11:00:00,1079.0,1084.0,1078.0,1081.0,76827.0,1470137.0,1457223.0
2026-07-08 13:30:00,1082.0,1084.0,1080.0,1082.0,56026.0,1457223.0,1451701.0
2026-07-08 14:00:00,1082.0,1083.0,1080.0,1082.0,42891.0,1451701.0,1446920.0
2026-07-08 14:30:00,1082.0,1082.0,1077.0,1080.0,58255.0,1446920.0,1443005.0
2026-07-08 21:00:00,1078.0,1080.0,1074.0,1076.0,99043.0,1443005.0,1455878.0
2026-07-08 21:30:00,1076.0,1076.0,1074.0,1075.0,27788.0,1455878.0,1460695.0
2026-07-08 22:00:00,1075.0,1076.0,1074.0,1076.0,28301.0,1460695.0,1462499.0
2026-07-08 22:30:00,1076.0,1077.0,1074.0,1074.0,27321.0,1462499.0,1457586.0
2026-07-09 09:00:00,1074.0,1075.0,1065.0,1068.0,140684.0,1457586.0,1469629.0
2026-07-09 09:30:00,1068.0,1072.0,1066.0,1070.0,52010.0,1469629.0,1473396.0
2026-07-09 10:00:00,1070.0,1075.0,1069.0,1075.0,31954.0,1473396.0,1466772.0
2026-07-09 10:30:00,1075.0,1081.0,1072.0,1078.0,106459.0,1466772.0,1447175.0
2026-07-09 11:00:00,1078.0,1082.0,1077.0,1078.0,63791.0,1447175.0,1437434.0
2026-07-09 13:30:00,1079.0,1080.0,1077.0,1078.0,41624.0,1437434.0,1431483.0
2026-07-09 14:00:00,1078.0,1079.0,1075.0,1075.0,32863.0,1431483.0,1427985.0
2026-07-09 14:30:00,1075.0,1079.0,1075.0,1078.0,46620.0,1427985.0,1423286.0
2026-07-09 21:00:00,1079.0,1087.0,1076.0,1077.0,165484.0,1423286.0,1424564.0
2026-07-09 21:30:00,1077.0,1080.0,1077.0,1079.0,27530.0,1424564.0,1425943.0
2026-07-09 22:00:00,1079.0,1079.0,1077.0,1078.0,14260.0,1425943.0,1424641.0
2026-07-09 22:30:00,1078.0,1080.0,1077.0,1078.0,26910.0,1424641.0,1418383.0
2026-07-10 09:00:00,1078.0,1081.0,1073.0,1077.0,71180.0,1418383.0,1422532.0
2026-07-10 09:30:00,1077.0,1080.0,1076.0,1079.0,27937.0,1422532.0,1426129.0
2026-07-10 10:00:00,1079.0,1084.0,1078.0,1084.0,39481.0,1426129.0,1424098.0
2026-07-10 10:30:00,1084.0,1088.0,1082.0,1086.0,89972.0,1424098.0,1416987.0
2026-07-10 11:00:00,1086.0,1089.0,1084.0,1088.0,68872.0,1416987.0,1406006.0
2026-07-10 13:30:00,1088.0,1093.0,1085.0,1085.0,90639.0,1406006.0,1395593.0
2026-07-10 14:00:00,1085.0,1088.0,1084.0,1086.0,32064.0,1395593.0,1395556.0
2026-07-10 14:30:00,1086.0,1088.0,1084.0,1084.0,43807.0,1395556.0,1387067.0
2026-07-10 21:00:00,1083.0,1089.0,1082.0,1084.0,104324.0,1387067.0,1387025.0
2026-07-10 21:30:00,1084.0,1089.0,1083.0,1086.0,40369.0,1387025.0,1387989.0
2026-07-10 22:00:00,1086.0,1087.0,1085.0,1085.0,16923.0,1387989.0,1386525.0
2026-07-10 22:30:00,1085.0,1088.0,1084.0,1087.0,28496.0,1386525.0,1378863.0
2026-07-13 09:00:00,1087.0,1089.0,1081.0,1087.0,93696.0,1378863.0,1382140.0
2026-07-13 09:30:00,1087.0,1088.0,1082.0,1082.0,39791.0,1382140.0,1380261.0
2026-07-13 10:00:00,1082.0,1084.0,1081.0,1083.0,31783.0,1380261.0,1377561.0
2026-07-13 10:30:00,1083.0,1083.0,1079.0,1080.0,34803.0,1377561.0,1378762.0
2026-07-13 11:00:00,1080.0,1081.0,1078.0,1080.0,32394.0,1378762.0,1377884.0
2026-07-13 13:30:00,1079.0,1080.0,1073.0,1074.0,65423.0,1377884.0,1378284.0
2026-07-13 14:00:00,1074.0,1076.0,1062.0,1063.0,164307.0,1378284.0,1398102.0
2026-07-13 14:30:00,1063.0,1065.0,1061.0,1063.0,115174.0,1398102.0,1409695.0
2026-07-13 21:00:00,1065.0,1068.0,1063.0,1067.0,110529.0,1409695.0,1418656.0
2026-07-13 21:30:00,1067.0,1068.0,1064.0,1067.0,33404.0,1418656.0,1418440.0
2026-07-13 22:00:00,1067.0,1067.0,1064.0,1065.0,22512.0,1418440.0,1415061.0
2026-07-13 22:30:00,1065.0,1067.0,1064.0,1066.0,31935.0,1415061.0,1412784.0
2026-07-14 09:00:00,1066.0,1070.0,1065.0,1065.0,70512.0,1412784.0,1414981.0
2026-07-14 09:30:00,1065.0,1068.0,1063.0,1066.0,48943.0,1414981.0,1417195.0
2026-07-14 10:00:00,1066.0,1066.0,1058.0,1059.0,64158.0,1417195.0,1422267.0
2026-07-14 10:30:00,1060.0,1061.0,1057.0,1060.0,61579.0,1422267.0,1428860.0
2026-07-14 11:00:00,1060.0,1067.0,1060.0,1065.0,55588.0,1428860.0,1422814.0
2026-07-14 13:30:00,1066.0,1067.0,1060.0,1060.0,48435.0,1422814.0,1429698.0
2026-07-14 14:00:00,1060.0,1062.0,1059.0,1061.0,29973.0,1429698.0,1431730.0
2026-07-14 14:30:00,1061.0,1066.0,1061.0,1064.0,49790.0,1431730.0,1424036.0
2026-07-14 21:00:00,1064.0,1066.0,1056.0,1056.0,135703.0,1424036.0,1460600.0
2026-07-14 21:30:00,1056.0,1059.0,1055.0,1057.0,49806.0,1460600.0,1461258.0
2026-07-14 22:00:00,1057.0,1059.0,1056.0,1058.0,18697.0,1461258.0,1460790.0
2026-07-14 22:30:00,1058.0,1058.0,1056.0,1056.0,22408.0,1460790.0,1458940.0
2026-07-15 09:00:00,1056.0,1058.0,1054.0,1055.0,64044.0,1458940.0,1471998.0
2026-07-15 09:30:00,1055.0,1058.0,1052.0,1057.0,49214.0,1471998.0,1474135.0
2026-07-15 10:00:00,1057.0,1059.0,1054.0,1055.0,21403.0,1474135.0,1476096.0
2026-07-15 10:30:00,1055.0,1059.0,1052.0,1059.0,49809.0,1476096.0,1481308.0
2026-07-15 11:00:00,1059.0,1061.0,1055.0,1055.0,59831.0,1481308.0,1475730.0
2026-07-15 13:30:00,1055.0,1057.0,1053.0,1055.0,51916.0,1475730.0,1482805.0
2026-07-15 14:00:00,1055.0,1055.0,1050.0,1051.0,83929.0,1482805.0,1494882.0
2026-07-15 14:30:00,1051.0,1052.0,1049.0,1051.0,68450.0,1494882.0,1501218.0
2026-07-15 21:00:00,1052.0,1055.0,1050.0,1054.0,112348.0,1501218.0,1500517.0
2026-07-15 21:30:00,1054.0,1054.0,1051.0,1053.0,27169.0,1500517.0,1500370.0
2026-07-15 22:00:00,1053.0,1053.0,1050.0,1051.0,24351.0,1500370.0,1501577.0
2026-07-15 22:30:00,1051.0,1052.0,1048.0,1050.0,45671.0,1501577.0,1502426.0
2026-07-16 09:00:00,1050.0,1050.0,1044.0,1045.0,97469.0,1502426.0,1508298.0
2026-07-16 09:30:00,1045.0,1046.0,1039.0,1042.0,96480.0,1508298.0,1510538.0
2026-07-16 10:00:00,1042.0,1043.0,1040.0,1042.0,18795.0,1510538.0,1510756.0
2026-07-16 10:30:00,1041.0,1043.0,1040.0,1042.0,28255.0,1510756.0,1510100.0
2026-07-16 11:00:00,1042.0,1042.0,1038.0,1039.0,44104.0,1510100.0,1510386.0
2026-07-16 13:30:00,1039.0,1042.0,1037.0,1037.0,82809.0,1510386.0,1510862.0
2026-07-16 14:00:00,1037.0,1038.0,1032.0,1034.0,102994.0,1510862.0,1512972.0
2026-07-16 14:30:00,1034.0,1035.0,1030.0,1034.0,102349.0,1512972.0,1491231.0
2026-07-16 21:00:00,1035.0,1035.0,1022.0,1025.0,191986.0,1491231.0,1501587.0
2026-07-16 21:30:00,1025.0,1025.0,1021.0,1023.0,49354.0,1501587.0,1506757.0
2026-07-16 22:00:00,1023.0,1025.0,1021.0,1021.0,37121.0,1506757.0,1509436.0
2026-07-16 22:30:00,1021.0,1023.0,1019.0,1021.0,70064.0,1509436.0,1504825.0
2026-07-17 09:00:00,1021.0,1022.0,1013.0,1017.0,173081.0,1504825.0,1508455.0
2026-07-17 09:30:00,1017.0,1029.0,1017.0,1025.0,150809.0,1508455.0,1472822.0
2026-07-17 10:00:00,1025.0,1026.0,1021.0,1023.0,31963.0,1472822.0,1467553.0
2026-07-17 10:30:00,1023.0,1024.0,1015.0,1016.0,78587.0,1467553.0,1468610.0
2026-07-17 11:00:00,1016.0,1016.0,1012.0,1015.0,67898.0,1468610.0,1472694.0
2026-07-17 13:30:00,1014.0,1021.0,1013.0,1018.0,98014.0,1472694.0,1469391.0
2026-07-17 14:00:00,1018.0,1019.0,1012.0,1013.0,60068.0,1469391.0,1467000.0
2026-07-17 14:30:00,1013.0,1013.0,1006.0,1007.0,127061.0,1467000.0,1449594.0
2026-07-17 21:00:00,1009.0,1014.0,1008.0,1009.0,156180.0,1449594.0,1455931.0
2026-07-17 21:30:00,1009.0,1014.0,1009.0,1014.0,48768.0,1455931.0,1454625.0
2026-07-17 22:00:00,1014.0,1015.0,1012.0,1014.0,37717.0,1454625.0,1451088.0
2026-07-17 22:30:00,1014.0,1015.0,1011.0,1014.0,38886.0,1451088.0,1443553.0
2026-07-20 09:00:00,1014.0,1020.0,1009.0,1017.0,158199.0,1443553.0,1446512.0
2026-07-20 09:30:00,1017.0,1022.0,1016.0,1018.0,73464.0,1446512.0,1442290.0
2026-07-20 10:00:00,1018.0,1020.0,1017.0,1020.0,18792.0,1442290.0,1440344.0
2026-07-20 10:30:00,1020.0,1020.0,1012.0,1016.0,69031.0,1440344.0,1433166.0
2026-07-20 11:00:00,1016.0,1020.0,1015.0,1019.0,40558.0,1433166.0,1426861.0
2026-07-20 13:30:00,1018.0,1019.0,1006.0,1010.0,124025.0,1426861.0,1423122.0
2026-07-20 14:00:00,1010.0,1015.0,1009.0,1010.0,50853.0,1423122.0,1419464.0
2026-07-20 14:30:00,1010.0,1011.0,1004.0,1006.0,94291.0,1419464.0,1412372.0
2026-07-20 21:00:00,1005.0,1012.0,1004.0,1005.0,158083.0,1412372.0,1427314.0
2026-07-20 21:30:00,1005.0,1009.0,1004.0,1006.0,38948.0,1427314.0,1428620.0
2026-07-20 22:00:00,1006.0,1007.0,1002.0,1004.0,54867.0,1428620.0,1435209.0
2026-07-20 22:30:00,1004.0,1008.0,1003.0,1006.0,41951.0,1435209.0,1426890.0
2026-07-21 09:00:00,1006.0,1009.0,1004.0,1005.0,86173.0,1426890.0,1424379.0
2026-07-21 09:30:00,1005.0,1011.0,1003.0,1004.0,73038.0,1424379.0,1424884.0
2026-07-21 10:00:00,1004.0,1005.0,1000.0,1003.0,40194.0,1424884.0,1430799.0
2026-07-21 10:30:00,1003.0,1008.0,1002.0,1003.0,64373.0,1430799.0,1427409.0
2026-07-21 11:00:00,1003.0,1007.0,1003.0,1006.0,31659.0,1427409.0,1426119.0
2026-07-21 13:30:00,1006.0,1014.0,1006.0,1011.0,96159.0,1426119.0,1414561.0
2026-07-21 14:00:00,1011.0,1015.0,1010.0,1013.0,75339.0,1414561.0,1407064.0
2026-07-21 14:30:00,1013.0,1014.0,1007.0,1009.0,78601.0,1407064.0,1409758.0
2026-07-21 21:00:00,1009.0,1012.0,996.0,997.0,267622.0,1409758.0,1474674.0
2026-07-21 21:30:00,997.0,1000.0,996.0,997.0,67646.0,1474674.0,1484234.0
2026-07-21 22:00:00,997.0,998.0,996.0,997.0,30625.0,1484234.0,1491103.0
2026-07-21 22:30:00,997.0,997.0,993.0,994.0,83456.0,1491103.0,1497842.0
2026-07-22 09:00:00,994.0,997.0,990.0,992.0,139117.0,1497842.0,1504964.0
2026-07-22 09:30:00,992.0,993.0,988.0,990.0,77627.0,1504964.0,1509217.0
2026-07-22 10:00:00,990.0,992.0,990.0,990.0,17285.0,1509217.0,1506652.0
2026-07-22 10:30:00,990.0,1012.0,989.0,1011.0,237655.0,1506652.0,1455746.0
2026-07-22 11:00:00,1011.0,1018.0,1010.0,1015.0,205297.0,1455746.0,1424613.0
