time,open,high,low,close,volume,open_oi,close_oi
2026-06-17 22:01:00,5338.0,5338.0,5333.0,5335.0,5682.0,743000.0,742339.0
2026-06-17 22:02:00,5335.0,5336.0,5323.0,5325.0,8702.0,742339.0,742013.0
2026-06-17 22:03:00,5325.0,5327.0,5325.0,5327.0,4508.0,742013.0,742266.0
2026-06-17 22:04:00,5327.0,5328.0,5325.0,5326.0,3501.0,742266.0,742237.0
2026-06-17 22:05:00,5326.0,5330.0,5326.0,5330.0,2628.0,742237.0,742159.0
2026-06-17 22:06:00,5330.0,5331.0,5329.0,5331.0,1811.0,742159.0,742254.0
2026-06-17 22:07:00,5331.0,5332.0,5329.0,5331.0,2038.0,742254.0,742095.0
2026-06-17 22:08:00,5331.0,5333.0,5331.0,5333.0,1459.0,742095.0,742054.0
2026-06-17 22:09:00,5333.0,5333.0,5331.0,5332.0,846.0,742054.0,742066.0
2026-06-17 22:10:00,5332.0,5334.0,5331.0,5334.0,1894.0,742066.0,741558.0
2026-06-17 22:11:00,5334.0,5334.0,5332.0,5333.0,1135.0,741558.0,741268.0
2026-06-17 22:12:00,5333.0,5334.0,5332.0,5333.0,452.0,741268.0,741195.0
2026-06-17 22:13:00,5333.0,5334.0,5332.0,5333.0,944.0,741195.0,741285.0
2026-06-17 22:14:00,5333.0,5334.0,5333.0,5334.0,1030.0,741285.0,741099.0
2026-06-17 22:15:00,5334.0,5335.0,5333.0,5335.0,1581.0,741099.0,740771.0
2026-06-17 22:16:00,5335.0,5336.0,5334.0,5335.0,1063.0,740771.0,740759.0
2026-06-17 22:17:00,5335.0,5335.0,5334.0,5334.0,711.0,740759.0,740667.0
2026-06-17 22:18:00,5334.0,5335.0,5333.0,5334.0,561.0,740667.0,740484.0
2026-06-17 22:19:00,5334.0,5335.0,5333.0,5333.0,480.0,740484.0,740415.0
2026-06-17 22:20:00,5333.0,5334.0,5332.0,5332.0,1164.0,740415.0,740136.0
2026-06-17 22:21:00,5332.0,5333.0,5331.0,5332.0,957.0,740136.0,739846.0
2026-06-17 22:22:00,5332.0,5332.0,5330.0,5330.0,813.0,739846.0,739774.0
2026-06-17 22:23:00,5330.0,5331.0,5330.0,5331.0,748.0,739774.0,739845.0
2026-06-17 22:24:00,5331.0,5332.0,5330.0,5331.0,615.0,739845.0,739938.0
2026-06-17 22:25:00,5331.0,5332.0,5330.0,5330.0,829.0,739938.0,739924.0
2026-06-17 22:26:00,5330.0,5331.0,5328.0,5328.0,841.0,739924.0,739987.0
2026-06-17 22:27:00,5328.0,5330.0,5328.0,5329.0,822.0,739987.0,739877.0
2026-06-17 22:28:00,5329.0,5331.0,5329.0,5331.0,590.0,739877.0,739759.0
2026-06-17 22:29:00,5331.0,5332.0,5330.0,5331.0,405.0,739759.0,739656.0
2026-06-17 22:30:00,5331.0,5332.0,5331.0,5331.0,229.0,739656.0,739656.0
2026-06-17 22:31:00,5331.0,5333.0,5331.0,5333.0,517.0,739656.0,739712.0
2026-06-17 22:32:00,5333.0,5333.0,5332.0,5333.0,926.0,739712.0,739817.0
2026-06-17 22:33:00,5333.0,5333.0,5332.0,5332.0,272.0,739817.0,739780.0
2026-06-17 22:34:00,5332.0,5333.0,5331.0,5331.0,259.0,739780.0,739787.0
2026-06-17 22:35:00,5331.0,5333.0,5331.0,5333.0,374.0,739787.0,739742.0
2026-06-17 22:36:00,5333.0,5334.0,5332.0,5332.0,699.0,739742.0,739773.0
2026-06-17 22:37:00,5332.0,5333.0,5332.0,5333.0,395.0,739773.0,739816.0
2026-06-17 22:38:00,5333.0,5334.0,5332.0,5332.0,314.0,739816.0,739803.0
2026-06-17 22:39:00,5332.0,5333.0,5332.0,5333.0,194.0,739803.0,739803.0
2026-06-17 22:40:00,5333.0,5334.0,5332.0,5334.0,548.0,739803.0,739831.0
2026-06-17 22:41:00,5334.0,5334.0,5332.0,5333.0,422.0,739831.0,739917.0
2026-06-17 22:42:00,5333.0,5334.0,5332.0,5333.0,274.0,739917.0,739979.0
2026-06-17 22:43:00,5333.0,5333.0,5331.0,5331.0,704.0,739979.0,739921.0
2026-06-17 22:44:00,5331.0,5332.0,5330.0,5331.0,568.0,739921.0,739840.0
2026-06-17 22:45:00,5331.0,5332.0,5331.0,5332.0,159.0,739840.0,739901.0
2026-06-17 22:46:00,5332.0,5334.0,5331.0,5333.0,477.0,739901.0,739863.0
2026-06-17 22:47:00,5333.0,5335.0,5332.0,5335.0,1264.0,739863.0,740136.0
2026-06-17 22:48:00,5335.0,5335.0,5333.0,5334.0,287.0,740136.0,740112.0
2026-06-17 22:49:00,5334.0,5334.0,5333.0,5334.0,430.0,740112.0,740158.0
2026-06-17 22:50:00,5334.0,5334.0,5333.0,5333.0,129.0,740158.0,740186.0
2026-06-17 22:51:00,5333.0,5334.0,5333.0,5333.0,185.0,740186.0,740260.0
2026-06-17 22:52:00,5333.0,5334.0,5333.0,5333.0,91.0,740260.0,740252.0
2026-06-17 22:53:00,5333.0,5335.0,5333.0,5334.0,551.0,740252.0,740181.0
2026-06-17 22:54:00,5334.0,5335.0,5333.0,5333.0,353.0,740181.0,740083.0
2026-06-17 22:55:00,5333.0,5334.0,5333.0,5333.0,235.0,740083.0,739954.0
2026-06-17 22:56:00,5333.0,5334.0,5332.0,5332.0,766.0,739954.0,739894.0
2026-06-17 22:57:00,5332.0,5333.0,5331.0,5332.0,605.0,739894.0,739756.0
2026-06-17 22:58:00,5332.0,5333.0,5332.0,5332.0,441.0,739756.0,739681.0
2026-06-17 22:59:00,5332.0,5334.0,5332.0,5334.0,1108.0,739681.0,739473.0
2026-06-18 09:00:00,5334.0,5334.0,5321.0,5325.0,6633.0,739473.0,739133.0
2026-06-18 09:01:00,5325.0,5328.0,5324.0,5328.0,2866.0,739133.0,739152.0
2026-06-18 09:02:00,5328.0,5328.0,5325.0,5326.0,2233.0,739152.0,738892.0
2026-06-18 09:03:00,5326.0,5331.0,5325.0,5331.0,1445.0,738892.0,738741.0
2026-06-18 09:04:00,5331.0,5331.0,5326.0,5327.0,1751.0,738741.0,738707.0
2026-06-18 09:05:00,5327.0,5328.0,5326.0,5328.0,747.0,738707.0,738952.0
2026-06-18 09:06:00,5328.0,5330.0,5327.0,5330.0,937.0,738952.0,738841.0
2026-06-18 09:07:00,5330.0,5330.0,5328.0,5329.0,393.0,738841.0,738924.0
2026-06-18 09:08:00,5329.0,5331.0,5328.0,5330.0,747.0,738924.0,738802.0
2026-06-18 09:09:00,5330.0,5331.0,5330.0,5330.0,406.0,738802.0,738778.0
2026-06-18 09:10:00,5330.0,5333.0,5330.0,5333.0,1236.0,738778.0,738646.0
2026-06-18 09:11:00,5333.0,5334.0,5333.0,5334.0,1054.0,738646.0,738514.0
2026-06-18 09:12:00,5334.0,5334.0,5332.0,5334.0,969.0,738514.0,738446.0
2026-06-18 09:13:00,5334.0,5335.0,5333.0,5333.0,661.0,738446.0,738357.0
2026-06-18 09:14:00,5333.0,5333.0,5332.0,5333.0,651.0,738357.0,738367.0
2026-06-18 09:15:00,5333.0,5334.0,5332.0,5333.0,665.0,738367.0,738367.0
2026-06-18 09:16:00,5333.0,5335.0,5332.0,5335.0,898.0,738367.0,738511.0
2026-06-18 09:17:00,5335.0,5335.0,5331.0,5332.0,1434.0,738511.0,738641.0
2026-06-18 09:18:00,5332.0,5334.0,5331.0,5333.0,975.0,738641.0,738622.0
2026-06-18 09:19:00,5333.0,5333.0,5330.0,5331.0,394.0,738622.0,738614.0
2026-06-18 09:20:00,5331.0,5331.0,5329.0,5330.0,657.0,738614.0,738560.0
2026-06-18 09:21:00,5330.0,5330.0,5326.0,5326.0,1409.0,738560.0,738654.0
2026-06-18 09:22:00,5326.0,5329.0,5326.0,5329.0,799.0,738654.0,738759.0
2026-06-18 09:23:00,5329.0,5329.0,5327.0,5328.0,423.0,738759.0,738846.0
2026-06-18 09:24:00,5328.0,5328.0,5327.0,5328.0,382.0,738846.0,738849.0
2026-06-18 09:25:00,5328.0,5328.0,5327.0,5328.0,652.0,738849.0,738756.0
2026-06-18 09:26:00,5328.0,5330.0,5328.0,5329.0,324.0,738756.0,738652.0
2026-06-18 09:27:00,5329.0,5330.0,5328.0,5330.0,622.0,738652.0,738487.0
2026-06-18 09:28:00,5330.0,5330.0,5327.0,5328.0,403.0,738487.0,738507.0
2026-06-18 09:29:00,5328.0,5328.0,5326.0,5327.0,731.0,738507.0,738541.0
2026-06-18 09:30:00,5327.0,5330.0,5327.0,5330.0,551.0,738541.0,738490.0
2026-06-18 09:31:00,5330.0,5337.0,5329.0,5336.0,3123.0,738490.0,738625.0
2026-06-18 09:32:00,5336.0,5338.0,5335.0,5337.0,2218.0,738625.0,738842.0
2026-06-18 09:33:00,5337.0,5340.0,5335.0,5340.0,1481.0,738842.0,739070.0
2026-06-18 09:34:00,5340.0,5340.0,5338.0,5340.0,1464.0,739070.0,739168.0
2026-06-18 09:35:00,5340.0,5340.0,5338.0,5339.0,1106.0,739168.0,738928.0
2026-06-18 09:36:00,5339.0,5341.0,5339.0,5340.0,1157.0,738928.0,738716.0
2026-06-18 09:37:00,5340.0,5345.0,5339.0,5344.0,4061.0,738716.0,739169.0
2026-06-18 09:38:00,5344.0,5344.0,5342.0,5342.0,588.0,739169.0,739107.0
2026-06-18 09:39:00,5342.0,5343.0,5340.0,5340.0,829.0,739107.0,739060.0
2026-06-18 09:40:00,5340.0,5342.0,5340.0,5341.0,722.0,739060.0,739055.0
2026-06-18 09:41:00,5341.0,5341.0,5339.0,5340.0,840.0,739055.0,739136.0
2026-06-18 09:42:00,5340.0,5341.0,5338.0,5341.0,1201.0,739136.0,738948.0
2026-06-18 09:43:00,5341.0,5341.0,5338.0,5340.0,568.0,738948.0,738912.0
2026-06-18 09:44:00,5340.0,5341.0,5339.0,5341.0,589.0,738912.0,738829.0
2026-06-18 09:45:00,5341.0,5341.0,5338.0,5339.0,874.0,738829.0,738595.0
2026-06-18 09:46:00,5339.0,5340.0,5338.0,5339.0,681.0,738595.0,738479.0
2026-06-18 09:47:00,5339.0,5339.0,5337.0,5337.0,878.0,738479.0,738370.0
2026-06-18 09:48:00,5337.0,5339.0,5337.0,5339.0,925.0,738370.0,738237.0
2026-06-18 09:49:00,5339.0,5339.0,5337.0,5338.0,811.0,738237.0,738078.0
2026-06-18 09:50:00,5338.0,5340.0,5338.0,5340.0,560.0,738078.0,737847.0
2026-06-18 09:51:00,5340.0,5341.0,5339.0,5340.0,1049.0,737847.0,737842.0
2026-06-18 09:52:00,5340.0,5341.0,5339.0,5340.0,358.0,737842.0,737758.0
2026-06-18 09:53:00,5340.0,5341.0,5339.0,5341.0,514.0,737758.0,737694.0
2026-06-18 09:54:00,5341.0,5342.0,5340.0,5342.0,493.0,737694.0,737723.0
2026-06-18 09:55:00,5342.0,5342.0,5340.0,5341.0,614.0,737723.0,737771.0
2026-06-18 09:56:00,5341.0,5342.0,5338.0,5338.0,860.0,737771.0,737567.0
2026-06-18 09:57:00,5338.0,5340.0,5338.0,5339.0,392.0,737567.0,737537.0
2026-06-18 09:58:00,5339.0,5339.0,5337.0,5338.0,1055.0,737537.0,737372.0
2026-06-18 09:59:00,5338.0,5340.0,5337.0,5340.0,444.0,737372.0,737286.0
2026-06-18 10:00:00,5340.0,5341.0,5338.0,5341.0,797.0,737286.0,737400.0
2026-06-18 10:01:00,5341.0,5343.0,5340.0,5343.0,978.0,737400.0,737366.0
2026-06-18 10:02:00,5343.0,5343.0,5341.0,5342.0,588.0,737366.0,737325.0
2026-06-18 10:03:00,5342.0,5342.0,5340.0,5342.0,494.0,737325.0,737283.0
2026-06-18 10:04:00,5342.0,5342.0,5340.0,5341.0,645.0,737283.0,737281.0
2026-06-18 10:05:00,5341.0,5341.0,5338.0,5340.0,963.0,737281.0,737248.0
2026-06-18 10:06:00,5340.0,5341.0,5339.0,5339.0,616.0,737248.0,737297.0
2026-06-18 10:07:00,5339.0,5341.0,5339.0,5341.0,388.0,737297.0,737206.0
2026-06-18 10:08:00,5341.0,5342.0,5340.0,5342.0,417.0,737206.0,737237.0
2026-06-18 10:09:00,5342.0,5342.0,5340.0,5340.0,404.0,737237.0,737259.0
2026-06-18 10:10:00,5340.0,5341.0,5340.0,5341.0,220.0,737259.0,737223.0
2026-06-18 10:11:00,5341.0,5341.0,5339.0,5341.0,455.0,737223.0,737171.0
2026-06-18 10:12:00,5341.0,5341.0,5339.0,5340.0,352.0,737171.0,736991.0
2026-06-18 10:13:00,5340.0,5340.0,5337.0,5338.0,647.0,736991.0,737001.0
2026-06-18 10:14:00,5338.0,5338.0,5335.0,5335.0,1655.0,737001.0,737005.0
2026-06-18 10:30:00,5336.0,5338.0,5335.0,5335.0,1812.0,737005.0,737123.0
2026-06-18 10:31:00,5335.0,5336.0,5334.0,5336.0,847.0,737123.0,736982.0
2026-06-18 10:32:00,5336.0,5336.0,5333.0,5333.0,833.0,736982.0,736913.0
2026-06-18 10:33:00,5333.0,5334.0,5332.0,5334.0,957.0,736913.0,737012.0
2026-06-18 10:34:00,5334.0,5336.0,5334.0,5336.0,1065.0,737012.0,737156.0
2026-06-18 10:35:00,5336.0,5339.0,5335.0,5338.0,900.0,737156.0,736940.0
2026-06-18 10:36:00,5338.0,5338.0,5335.0,5335.0,1017.0,736940.0,736847.0
2026-06-18 10:37:00,5335.0,5338.0,5335.0,5338.0,434.0,736847.0,736827.0
2026-06-18 10:38:00,5338.0,5338.0,5337.0,5338.0,261.0,736827.0,736751.0
2026-06-18 10:39:00,5338.0,5339.0,5337.0,5339.0,210.0,736751.0,736693.0
2026-06-18 10:40:00,5339.0,5339.0,5337.0,5339.0,293.0,736693.0,736713.0
2026-06-18 10:41:00,5339.0,5339.0,5336.0,5338.0,431.0,736713.0,736804.0
2026-06-18 10:42:00,5338.0,5338.0,5336.0,5337.0,191.0,736804.0,736796.0
2026-06-18 10:43:00,5337.0,5337.0,5335.0,5336.0,493.0,736796.0,736739.0
2026-06-18 10:44:00,5336.0,5337.0,5335.0,5336.0,371.0,736739.0,736643.0
2026-06-18 10:45:00,5336.0,5337.0,5336.0,5337.0,423.0,736643.0,736714.0
2026-06-18 10:46:00,5337.0,5339.0,5337.0,5338.0,407.0,736714.0,736528.0
2026-06-18 10:47:00,5338.0,5340.0,5338.0,5340.0,448.0,736528.0,736491.0
2026-06-18 10:48:00,5340.0,5340.0,5339.0,5340.0,409.0,736491.0,736422.0
2026-06-18 10:49:00,5340.0,5340.0,5337.0,5338.0,591.0,736422.0,736450.0
2026-06-18 10:50:00,5338.0,5338.0,5334.0,5334.0,1206.0,736450.0,736472.0
2026-06-18 10:51:00,5334.0,5334.0,5330.0,5331.0,2004.0,736472.0,736417.0
2026-06-18 10:52:00,5331.0,5332.0,5329.0,5332.0,1759.0,736417.0,736266.0
2026-06-18 10:53:00,5332.0,5332.0,5330.0,5330.0,886.0,736266.0,736222.0
2026-06-18 10:54:00,5330.0,5331.0,5329.0,5331.0,575.0,736222.0,736262.0
2026-06-18 10:55:00,5331.0,5332.0,5330.0,5331.0,1030.0,736262.0,736013.0
2026-06-18 10:56:00,5331.0,5333.0,5330.0,5331.0,663.0,736013.0,735925.0
2026-06-18 10:57:00,5331.0,5331.0,5329.0,5329.0,699.0,735925.0,735774.0
2026-06-18 10:58:00,5329.0,5330.0,5327.0,5327.0,1880.0,735774.0,735559.0
2026-06-18 10:59:00,5327.0,5328.0,5325.0,5326.0,2001.0,735559.0,735509.0
2026-06-18 11:00:00,5326.0,5328.0,5323.0,5327.0,3050.0,735509.0,735337.0
2026-06-18 11:01:00,5327.0,5329.0,5327.0,5329.0,1006.0,735337.0,735345.0
2026-06-18 11:02:00,5329.0,5329.0,5328.0,5329.0,166.0,735345.0,735338.0
2026-06-18 11:03:00,5329.0,5331.0,5328.0,5331.0,752.0,735338.0,735230.0
2026-06-18 11:04:00,5331.0,5331.0,5328.0,5329.0,832.0,735230.0,735322.0
2026-06-18 11:05:00,5329.0,5331.0,5328.0,5330.0,887.0,735322.0,735030.0
2026-06-18 11:06:00,5330.0,5330.0,5328.0,5329.0,494.0,735030.0,735127.0
2026-06-18 11:07:00,5329.0,5330.0,5328.0,5330.0,305.0,735127.0,735132.0
2026-06-18 11:08:00,5330.0,5330.0,5329.0,5329.0,255.0,735132.0,735139.0
2026-06-18 11:09:00,5329.0,5330.0,5328.0,5330.0,297.0,735139.0,735100.0
2026-06-18 11:10:00,5330.0,5330.0,5328.0,5328.0,468.0,735100.0,735240.0
2026-06-18 11:11:00,5328.0,5329.0,5326.0,5327.0,645.0,735240.0,735134.0
2026-06-18 11:12:00,5327.0,5327.0,5325.0,5326.0,1080.0,735134.0,735098.0
2026-06-18 11:13:00,5326.0,5326.0,5324.0,5324.0,1589.0,735098.0,734936.0
2026-06-18 11:14:00,5324.0,5325.0,5313.0,5314.0,7763.0,734936.0,735079.0
2026-06-18 11:15:00,5314.0,5317.0,5314.0,5316.0,2949.0,735079.0,735105.0
2026-06-18 11:16:00,5316.0,5316.0,5314.0,5315.0,2911.0,735105.0,735645.0
2026-06-18 11:17:00,5315.0,5315.0,5312.0,5314.0,3012.0,735645.0,735602.0
2026-06-18 11:18:00,5314.0,5315.0,5312.0,5313.0,1487.0,735602.0,735429.0
2026-06-18 11:19:00,5313.0,5314.0,5312.0,5313.0,1568.0,735429.0,735686.0
2026-06-18 11:20:00,5313.0,5313.0,5310.0,5312.0,3594.0,735686.0,736295.0
2026-06-18 11:21:00,5312.0,5314.0,5312.0,5313.0,1369.0,736295.0,736254.0
2026-06-18 11:22:00,5313.0,5315.0,5312.0,5315.0,1103.0,736254.0,736045.0
2026-06-18 11:23:00,5315.0,5317.0,5314.0,5316.0,1164.0,736045.0,735907.0
2026-06-18 11:24:00,5316.0,5317.0,5315.0,5317.0,635.0,735907.0,735760.0
2026-06-18 11:25:00,5317.0,5320.0,5316.0,5319.0,1879.0,735760.0,735633.0
2026-06-18 11:26:00,5319.0,5319.0,5317.0,5318.0,710.0,735633.0,735486.0
2026-06-18 11:27:00,5318.0,5320.0,5318.0,5320.0,620.0,735486.0,735512.0
2026-06-18 11:28:00,5320.0,5321.0,5319.0,5320.0,693.0,735512.0,735348.0
2026-06-18 11:29:00,5320.0,5320.0,5318.0,5318.0,684.0,735348.0,735079.0
2026-06-18 13:30:00,5317.0,5320.0,5315.0,5319.0,2519.0,735079.0,734747.0
2026-06-18 13:31:00,5319.0,5319.0,5317.0,5318.0,755.0,734747.0,734704.0
2026-06-18 13:32:00,5318.0,5321.0,5318.0,5321.0,726.0,734704.0,734666.0
2026-06-18 13:33:00,5321.0,5321.0,5320.0,5321.0,484.0,734666.0,734631.0
2026-06-18 13:34:00,5321.0,5321.0,5319.0,5320.0,915.0,734631.0,734708.0
2026-06-18 13:35:00,5320.0,5320.0,5319.0,5319.0,332.0,734708.0,734778.0
2026-06-18 13:36:00,5319.0,5321.0,5318.0,5321.0,1316.0,734778.0,734576.0
2026-06-18 13:37:00,5321.0,5322.0,5320.0,5321.0,329.0,734576.0,734572.0
2026-06-18 13:38:00,5321.0,5321.0,5320.0,5320.0,145.0,734572.0,734622.0
2026-06-18 13:39:00,5320.0,5323.0,5320.0,5322.0,1581.0,734622.0,734678.0
2026-06-18 13:40:00,5322.0,5323.0,5321.0,5323.0,273.0,734678.0,734547.0
2026-06-18 13:41:00,5323.0,5325.0,5321.0,5324.0,1164.0,734547.0,734538.0
2026-06-18 13:42:00,5324.0,5324.0,5323.0,5323.0,763.0,734538.0,734304.0
2026-06-18 13:43:00,5323.0,5324.0,5322.0,5323.0,463.0,734304.0,734348.0
2026-06-18 13:44:00,5323.0,5323.0,5319.0,5321.0,919.0,734348.0,734329.0
2026-06-18 13:45:00,5321.0,5322.0,5320.0,5321.0,377.0,734329.0,734293.0
2026-06-18 13:46:00,5321.0,5323.0,5320.0,5321.0,479.0,734293.0,734351.0
2026-06-18 13:47:00,5321.0,5322.0,5320.0,5320.0,306.0,734351.0,734377.0
2026-06-18 13:48:00,5320.0,5320.0,5317.0,5319.0,1176.0,734377.0,734163.0
2026-06-18 13:49:00,5319.0,5319.0,5318.0,5319.0,537.0,734163.0,734134.0
2026-06-18 13:50:00,5319.0,5320.0,5318.0,5319.0,641.0,734134.0,733992.0
2026-06-18 13:51:00,5319.0,5321.0,5319.0,5319.0,520.0,733992.0,734018.0
2026-06-18 13:52:00,5319.0,5322.0,5319.0,5322.0,508.0,734018.0,734001.0
2026-06-18 13:53:00,5322.0,5322.0,5319.0,5319.0,799.0,734001.0,734201.0
2026-06-18 13:54:00,5319.0,5320.0,5318.0,5320.0,527.0,734201.0,734225.0
2026-06-18 13:55:00,5320.0,5320.0,5318.0,5318.0,398.0,734225.0,734236.0
2026-06-18 13:56:00,5318.0,5319.0,5317.0,5317.0,716.0,734236.0,734155.0
2026-06-18 13:57:00,5317.0,5318.0,5317.0,5317.0,263.0,734155.0,734135.0
2026-06-18 13:58:00,5317.0,5320.0,5317.0,5320.0,525.0,734135.0,734059.0
2026-06-18 13:59:00,5320.0,5320.0,5318.0,5320.0,656.0,734059.0,733976.0
2026-06-18 14:00:00,5320.0,5320.0,5318.0,5320.0,925.0,733976.0,733954.0
2026-06-18 14:01:00,5320.0,5320.0,5318.0,5318.0,793.0,733954.0,733779.0
2026-06-18 14:02:00,5318.0,5319.0,5318.0,5318.0,169.0,733779.0,733769.0
2026-06-18 14:03:00,5318.0,5319.0,5317.0,5317.0,1026.0,733769.0,733662.0
2026-06-18 14:04:00,5317.0,5317.0,5315.0,5316.0,1315.0,733662.0,733343.0
2026-06-18 14:05:00,5316.0,5317.0,5315.0,5315.0,921.0,733343.0,733300.0
2026-06-18 14:06:00,5315.0,5317.0,5315.0,5316.0,676.0,733300.0,733386.0
2026-06-18 14:07:00,5316.0,5317.0,5315.0,5316.0,969.0,733386.0,733036.0
2026-06-18 14:08:00,5316.0,5317.0,5315.0,5317.0,395.0,733036.0,732965.0
2026-06-18 14:09:00,5317.0,5317.0,5315.0,5316.0,415.0,732965.0,732863.0
2026-06-18 14:10:00,5316.0,5318.0,5316.0,5317.0,380.0,732863.0,732833.0
2026-06-18 14:11:00,5317.0,5319.0,5317.0,5319.0,557.0,732833.0,732712.0
2026-06-18 14:12:00,5319.0,5319.0,5317.0,5317.0,387.0,732712.0,732794.0
2026-06-18 14:13:00,5317.0,5319.0,5317.0,5319.0,472.0,732794.0,732811.0
2026-06-18 14:14:00,5319.0,5320.0,5318.0,5319.0,648.0,732811.0,732893.0
2026-06-18 14:15:00,5319.0,5320.0,5318.0,5319.0,433.0,732893.0,732784.0
2026-06-18 14:16:00,5319.0,5320.0,5319.0,5319.0,251.0,732784.0,732740.0
2026-06-18 14:17:00,5319.0,5320.0,5318.0,5318.0,271.0,732740.0,732759.0
2026-06-18 14:18:00,5318.0,5320.0,5318.0,5320.0,494.0,732759.0,732796.0
2026-06-18 14:19:00,5320.0,5321.0,5319.0,5320.0,639.0,732796.0,732737.0
2026-06-18 14:20:00,5320.0,5321.0,5318.0,5319.0,774.0,732737.0,732629.0
2026-06-18 14:21:00,5319.0,5320.0,5318.0,5319.0,580.0,732629.0,732509.0
2026-06-18 14:22:00,5319.0,5321.0,5319.0,5320.0,637.0,732509.0,732352.0
2026-06-18 14:23:00,5320.0,5321.0,5319.0,5321.0,692.0,732352.0,732287.0
2026-06-18 14:24:00,5321.0,5322.0,5320.0,5321.0,296.0,732287.0,732224.0
2026-06-18 14:25:00,5321.0,5321.0,5319.0,5319.0,291.0,732224.0,732126.0
2026-06-18 14:26:00,5319.0,5320.0,5319.0,5319.0,449.0,732126.0,732037.0
2026-06-18 14:27:00,5319.0,5320.0,5319.0,5319.0,636.0,732037.0,731958.0
2026-06-18 14:28:00,5319.0,5319.0,5317.0,5317.0,842.0,731958.0,731839.0
2026-06-18 14:29:00,5317.0,5318.0,5316.0,5317.0,534.0,731839.0,731776.0
2026-06-18 14:30:00,5317.0,5317.0,5316.0,5317.0,521.0,731776.0,731749.0
2026-06-18 14:31:00,5317.0,5319.0,5316.0,5319.0,613.0,731749.0,731550.0
2026-06-18 14:32:00,5319.0,5319.0,5317.0,5317.0,236.0,731550.0,731567.0
2026-06-18 14:33:00,5317.0,5321.0,5317.0,5321.0,856.0,731567.0,731294.0
2026-06-18 14:34:00,5321.0,5322.0,5320.0,5322.0,603.0,731294.0,730973.0
2026-06-18 14:35:00,5322.0,5322.0,5320.0,5321.0,490.0,730973.0,730815.0
2026-06-18 14:36:00,5321.0,5322.0,5320.0,5322.0,445.0,730815.0,730598.0
2026-06-18 14:37:00,5322.0,5322.0,5321.0,5321.0,661.0,730598.0,730536.0
2026-06-18 14:38:00,5321.0,5322.0,5320.0,5322.0,568.0,730536.0,730250.0
2026-06-18 14:39:00,5322.0,5323.0,5321.0,5323.0,889.0,730250.0,730266.0
2026-06-18 14:40:00,5323.0,5324.0,5322.0,5323.0,768.0,730266.0,730023.0
2026-06-18 14:41:00,5323.0,5323.0,5321.0,5321.0,751.0,730023.0,729870.0
2026-06-18 14:42:00,5321.0,5322.0,5321.0,5321.0,761.0,729870.0,729784.0
2026-06-18 14:43:00,5321.0,5321.0,5320.0,5321.0,358.0,729784.0,729695.0
2026-06-18 14:44:00,5321.0,5321.0,5319.0,5321.0,380.0,729695.0,729703.0
2026-06-18 14:45:00,5321.0,5322.0,5320.0,5322.0,491.0,729703.0,729624.0
2026-06-18 14:46:00,5322.0,5323.0,5321.0,5323.0,609.0,729624.0,729380.0
2026-06-18 14:47:00,5323.0,5324.0,5322.0,5324.0,716.0,729380.0,729399.0
2026-06-18 14:48:00,5324.0,5324.0,5323.0,5324.0,516.0,729399.0,729500.0
2026-06-18 14:49:00,5324.0,5325.0,5321.0,5322.0,1470.0,729500.0,729406.0
2026-06-18 14:50:00,5322.0,5322.0,5320.0,5320.0,549.0,729406.0,729293.0
2026-06-18 14:51:00,5320.0,5321.0,5319.0,5319.0,815.0,729293.0,729071.0
2026-06-18 14:52:00,5319.0,5320.0,5318.0,5318.0,721.0,729071.0,728728.0
2026-06-18 14:53:00,5318.0,5319.0,5318.0,5319.0,638.0,728728.0,728502.0
2026-06-18 14:54:00,5319.0,5319.0,5317.0,5318.0,692.0,728502.0,728387.0
2026-06-18 14:55:00,5318.0,5320.0,5318.0,5320.0,872.0,728387.0,728223.0
2026-06-18 14:56:00,5320.0,5320.0,5318.0,5319.0,733.0,728223.0,728111.0
2026-06-18 14:57:00,5319.0,5320.0,5318.0,5320.0,826.0,728111.0,728063.0
2026-06-18 14:58:00,5320.0,5320.0,5319.0,5319.0,598.0,728063.0,727847.0
2026-06-18 14:59:00,5319.0,5320.0,5318.0,5320.0,2014.0,727847.0,727155.0
2026-06-22 09:00:00,5326.0,5344.0,5323.0,5342.0,13584.0,727155.0,726242.0
2026-06-22 09:01:00,5342.0,5343.0,5338.0,5339.0,4977.0,726242.0,725668.0
2026-06-22 09:02:00,5339.0,5340.0,5330.0,5330.0,4901.0,725668.0,725056.0
2026-06-22 09:03:00,5330.0,5335.0,5330.0,5330.0,2494.0,725056.0,724821.0
2026-06-22 09:04:00,5330.0,5336.0,5330.0,5333.0,3234.0,724821.0,724337.0
2026-06-22 09:05:00,5333.0,5334.0,5326.0,5326.0,3064.0,724337.0,724898.0
2026-06-22 09:06:00,5326.0,5329.0,5326.0,5327.0,2589.0,724898.0,724772.0
2026-06-22 09:07:00,5327.0,5328.0,5322.0,5322.0,3341.0,724772.0,724734.0
2026-06-22 09:08:00,5322.0,5325.0,5321.0,5323.0,2728.0,724734.0,724455.0
2026-06-22 09:09:00,5323.0,5324.0,5322.0,5323.0,1741.0,724455.0,724599.0
2026-06-22 09:10:00,5323.0,5324.0,5315.0,5318.0,4160.0,724599.0,725239.0
2026-06-22 09:11:00,5318.0,5319.0,5315.0,5316.0,3041.0,725239.0,725365.0
2026-06-22 09:12:00,5316.0,5319.0,5315.0,5315.0,1840.0,725365.0,725702.0
2026-06-22 09:13:00,5315.0,5320.0,5315.0,5320.0,1597.0,725702.0,725735.0
2026-06-22 09:14:00,5320.0,5322.0,5319.0,5320.0,1371.0,725735.0,725699.0
2026-06-22 09:15:00,5320.0,5321.0,5319.0,5319.0,1175.0,725699.0,726004.0
2026-06-22 09:16:00,5319.0,5320.0,5317.0,5317.0,935.0,726004.0,726024.0
2026-06-22 09:17:00,5317.0,5318.0,5304.0,5308.0,9150.0,726024.0,724809.0
2026-06-22 09:18:00,5308.0,5311.0,5308.0,5310.0,2679.0,724809.0,725174.0
2026-06-22 09:19:00,5310.0,5312.0,5309.0,5311.0,2183.0,725174.0,725596.0
2026-06-22 09:20:00,5311.0,5314.0,5310.0,5313.0,1795.0,725596.0,725543.0
2026-06-22 09:21:00,5313.0,5314.0,5310.0,5311.0,1605.0,725543.0,725693.0
2026-06-22 09:22:00,5311.0,5312.0,5310.0,5311.0,896.0,725693.0,725914.0
2026-06-22 09:23:00,5311.0,5311.0,5309.0,5311.0,1189.0,725914.0,726049.0
2026-06-22 09:24:00,5311.0,5312.0,5309.0,5311.0,1164.0,726049.0,726356.0
2026-06-22 09:25:00,5311.0,5313.0,5310.0,5312.0,1470.0,726356.0,726635.0
2026-06-22 09:26:00,5312.0,5314.0,5311.0,5312.0,921.0,726635.0,726539.0
2026-06-22 09:27:00,5312.0,5312.0,5309.0,5310.0,1586.0,726539.0,726440.0
2026-06-22 09:28:00,5310.0,5311.0,5308.0,5309.0,1277.0,726440.0,726219.0
2026-06-22 09:29:00,5309.0,5311.0,5308.0,5311.0,1211.0,726219.0,726351.0
2026-06-22 09:30:00,5311.0,5314.0,5310.0,5313.0,1552.0,726351.0,726549.0
2026-06-22 09:31:00,5313.0,5316.0,5312.0,5314.0,1393.0,726549.0,726522.0
2026-06-22 09:32:00,5314.0,5315.0,5313.0,5314.0,572.0,726522.0,726656.0
2026-06-22 09:33:00,5314.0,5315.0,5311.0,5314.0,914.0,726656.0,726662.0
2026-06-22 09:34:00,5314.0,5318.0,5313.0,5318.0,1700.0,726662.0,726434.0
2026-06-22 09:35:00,5318.0,5318.0,5316.0,5317.0,1029.0,726434.0,726483.0
2026-06-22 09:36:00,5317.0,5317.0,5315.0,5315.0,321.0,726483.0,726496.0
2026-06-22 09:37:00,5315.0,5316.0,5312.0,5312.0,1353.0,726496.0,726180.0
2026-06-22 09:38:00,5312.0,5314.0,5311.0,5312.0,687.0,726180.0,726241.0
2026-06-22 09:39:00,5312.0,5315.0,5312.0,5314.0,240.0,726241.0,726266.0
2026-06-22 09:40:00,5314.0,5315.0,5313.0,5314.0,716.0,726266.0,726239.0
2026-06-22 09:41:00,5314.0,5315.0,5314.0,5314.0,738.0,726239.0,726197.0
2026-06-22 09:42:00,5314.0,5315.0,5312.0,5312.0,698.0,726197.0,726258.0
2026-06-22 09:43:00,5312.0,5314.0,5312.0,5314.0,438.0,726258.0,726349.0
2026-06-22 09:44:00,5314.0,5315.0,5310.0,5311.0,1617.0,726349.0,726081.0
2026-06-22 09:45:00,5311.0,5312.0,5310.0,5312.0,917.0,726081.0,726072.0
2026-06-22 09:46:00,5312.0,5314.0,5310.0,5313.0,643.0,726072.0,726006.0
2026-06-22 09:47:00,5313.0,5315.0,5313.0,5315.0,255.0,726006.0,725987.0
2026-06-22 09:48:00,5315.0,5315.0,5313.0,5313.0,191.0,725987.0,726021.0
2026-06-22 09:49:00,5313.0,5314.0,5312.0,5312.0,411.0,726021.0,725894.0
2026-06-22 09:50:00,5312.0,5313.0,5311.0,5313.0,523.0,725894.0,725836.0
2026-06-22 09:51:00,5313.0,5314.0,5312.0,5314.0,172.0,725836.0,725866.0
2026-06-22 09:52:00,5314.0,5314.0,5313.0,5313.0,118.0,725866.0,725853.0
2026-06-22 09:53:00,5313.0,5314.0,5312.0,5313.0,382.0,725853.0,725752.0
2026-06-22 09:54:00,5313.0,5315.0,5311.0,5312.0,1156.0,725752.0,725889.0
2026-06-22 09:55:00,5312.0,5312.0,5310.0,5311.0,376.0,725889.0,725903.0
2026-06-22 09:56:00,5311.0,5314.0,5310.0,5313.0,805.0,725903.0,725864.0
2026-06-22 09:57:00,5313.0,5314.0,5312.0,5313.0,158.0,725864.0,725864.0
2026-06-22 09:58:00,5313.0,5315.0,5313.0,5315.0,832.0,725864.0,725786.0
2026-06-22 09:59:00,5315.0,5315.0,5313.0,5314.0,362.0,725786.0,725818.0
2026-06-22 10:00:00,5314.0,5315.0,5313.0,5315.0,370.0,725818.0,725867.0
2026-06-22 10:01:00,5315.0,5318.0,5314.0,5316.0,1039.0,725867.0,725949.0
2026-06-22 10:02:00,5316.0,5318.0,5316.0,5316.0,862.0,725949.0,725862.0
2026-06-22 10:03:00,5316.0,5318.0,5316.0,5318.0,747.0,725862.0,725874.0
2026-06-22 10:04:00,5318.0,5318.0,5316.0,5317.0,385.0,725874.0,725995.0
2026-06-22 10:05:00,5317.0,5320.0,5316.0,5317.0,1696.0,725995.0,725851.0
2026-06-22 10:06:00,5317.0,5320.0,5316.0,5316.0,1216.0,725851.0,726168.0
2026-06-22 10:07:00,5316.0,5318.0,5316.0,5318.0,356.0,726168.0,726178.0
2026-06-22 10:08:00,5318.0,5319.0,5317.0,5319.0,417.0,726178.0,726294.0
2026-06-22 10:09:00,5319.0,5320.0,5318.0,5319.0,423.0,726294.0,726356.0
2026-06-22 10:10:00,5319.0,5322.0,5318.0,5322.0,1343.0,726356.0,726052.0
2026-06-22 10:11:00,5322.0,5326.0,5322.0,5325.0,4045.0,726052.0,726211.0
2026-06-22 10:12:00,5325.0,5328.0,5324.0,5326.0,3161.0,726211.0,726347.0
2026-06-22 10:13:00,5326.0,5326.0,5324.0,5325.0,979.0,726347.0,726287.0
2026-06-22 10:14:00,5325.0,5327.0,5325.0,5326.0,1034.0,726287.0,726491.0
2026-06-22 10:30:00,5326.0,5326.0,5322.0,5324.0,2483.0,726491.0,726069.0
2026-06-22 10:31:00,5324.0,5324.0,5322.0,5324.0,1246.0,726069.0,726103.0
2026-06-22 10:32:00,5324.0,5325.0,5322.0,5323.0,1330.0,726103.0,725792.0
2026-06-22 10:33:00,5323.0,5324.0,5320.0,5320.0,1093.0,725792.0,725809.0
2026-06-22 10:34:00,5320.0,5322.0,5318.0,5319.0,2020.0,725809.0,725836.0
2026-06-22 10:35:00,5319.0,5321.0,5319.0,5321.0,409.0,725836.0,725773.0
2026-06-22 10:36:00,5321.0,5324.0,5321.0,5323.0,487.0,725773.0,725735.0
2026-06-22 10:37:00,5323.0,5323.0,5320.0,5321.0,722.0,725735.0,725530.0
2026-06-22 10:38:00,5321.0,5323.0,5321.0,5322.0,338.0,725530.0,725501.0
2026-06-22 10:39:00,5322.0,5323.0,5321.0,5323.0,495.0,725501.0,725495.0
2026-06-22 10:40:00,5323.0,5325.0,5323.0,5324.0,1381.0,725495.0,725485.0
2026-06-22 10:41:00,5324.0,5325.0,5322.0,5323.0,784.0,725485.0,725387.0
2026-06-22 10:42:00,5323.0,5324.0,5321.0,5323.0,545.0,725387.0,725285.0
2026-06-22 10:43:00,5323.0,5323.0,5322.0,5323.0,431.0,725285.0,725231.0
2026-06-22 10:44:00,5323.0,5324.0,5322.0,5323.0,365.0,725231.0,725033.0
2026-06-22 10:45:00,5323.0,5323.0,5317.0,5317.0,1488.0,725033.0,724790.0
2026-06-22 10:46:00,5317.0,5319.0,5316.0,5316.0,2268.0,724790.0,724472.0
2026-06-22 10:47:00,5316.0,5317.0,5316.0,5317.0,511.0,724472.0,724360.0
2026-06-22 10:48:00,5317.0,5320.0,5316.0,5319.0,782.0,724360.0,724394.0
2026-06-22 10:49:00,5319.0,5322.0,5318.0,5322.0,836.0,724394.0,724154.0
2026-06-22 10:50:00,5322.0,5322.0,5321.0,5321.0,499.0,724154.0,724116.0
2026-06-22 10:51:00,5321.0,5324.0,5321.0,5323.0,774.0,724116.0,724279.0
2026-06-22 10:52:00,5323.0,5324.0,5322.0,5322.0,430.0,724279.0,724208.0
2026-06-22 10:53:00,5322.0,5323.0,5322.0,5322.0,314.0,724208.0,724253.0
2026-06-22 10:54:00,5322.0,5323.0,5320.0,5321.0,646.0,724253.0,724464.0
2026-06-22 10:55:00,5321.0,5323.0,5321.0,5322.0,415.0,724464.0,724410.0
2026-06-22 10:56:00,5322.0,5322.0,5320.0,5321.0,508.0,724410.0,724356.0
2026-06-22 10:57:00,5321.0,5322.0,5321.0,5322.0,400.0,724356.0,724362.0
2026-06-22 10:58:00,5322.0,5324.0,5322.0,5323.0,786.0,724362.0,724570.0
2026-06-22 10:59:00,5323.0,5323.0,5321.0,5323.0,505.0,724570.0,724407.0
2026-06-22 11:00:00,5323.0,5324.0,5322.0,5323.0,527.0,724407.0,724403.0
2026-06-22 11:01:00,5323.0,5325.0,5322.0,5324.0,611.0,724403.0,724317.0
2026-06-22 11:02:00,5324.0,5324.0,5322.0,5324.0,307.0,724317.0,724271.0
2026-06-22 11:03:00,5324.0,5325.0,5323.0,5325.0,426.0,724271.0,724301.0
2026-06-22 11:04:00,5325.0,5325.0,5324.0,5324.0,252.0,724301.0,724271.0
2026-06-22 11:05:00,5324.0,5326.0,5324.0,5326.0,720.0,724271.0,724197.0
2026-06-22 11:06:00,5326.0,5328.0,5325.0,5328.0,1019.0,724197.0,723992.0
2026-06-22 11:07:00,5328.0,5329.0,5327.0,5328.0,1424.0,723992.0,723690.0
2026-06-22 11:08:00,5328.0,5329.0,5327.0,5328.0,791.0,723690.0,723672.0
2026-06-22 11:09:00,5328.0,5330.0,5327.0,5330.0,1619.0,723672.0,723382.0
2026-06-22 11:10:00,5330.0,5332.0,5327.0,5332.0,2779.0,723382.0,723021.0
2026-06-22 11:11:00,5332.0,5334.0,5331.0,5334.0,3281.0,723021.0,722685.0
2026-06-22 11:12:00,5334.0,5335.0,5332.0,5333.0,2635.0,722685.0,722233.0
2026-06-22 11:13:00,5333.0,5337.0,5333.0,5335.0,2535.0,722233.0,722024.0
2026-06-22 11:14:00,5335.0,5337.0,5335.0,5336.0,1831.0,722024.0,721755.0
2026-06-22 11:15:00,5336.0,5339.0,5335.0,5336.0,3508.0,721755.0,721179.0
2026-06-22 11:16:00,5336.0,5338.0,5335.0,5336.0,1531.0,721179.0,721227.0
2026-06-22 11:17:00,5336.0,5336.0,5333.0,5333.0,1298.0,721227.0,721040.0
2026-06-22 11:18:00,5333.0,5335.0,5332.0,5333.0,1072.0,721040.0,720627.0
2026-06-22 11:19:00,5333.0,5334.0,5331.0,5333.0,1118.0,720627.0,720613.0
2026-06-22 11:20:00,5333.0,5333.0,5331.0,5333.0,746.0,720613.0,720654.0
2026-06-22 11:21:00,5333.0,5334.0,5332.0,5333.0,583.0,720654.0,720451.0
2026-06-22 11:22:00,5333.0,5333.0,5330.0,5331.0,947.0,720451.0,720391.0
2026-06-22 11:23:00,5331.0,5332.0,5328.0,5329.0,2229.0,720391.0,720183.0
2026-06-22 11:24:00,5329.0,5331.0,5328.0,5331.0,469.0,720183.0,720173.0
2026-06-22 11:25:00,5331.0,5332.0,5329.0,5332.0,664.0,720173.0,719993.0
2026-06-22 11:26:00,5332.0,5332.0,5329.0,5330.0,452.0,719993.0,719985.0
2026-06-22 11:27:00,5330.0,5330.0,5329.0,5330.0,310.0,719985.0,719873.0
2026-06-22 11:28:00,5330.0,5332.0,5330.0,5331.0,620.0,719873.0,719596.0
2026-06-22 11:29:00,5331.0,5331.0,5329.0,5330.0,987.0,719596.0,718990.0
2026-06-22 13:30:00,5329.0,5329.0,5323.0,5326.0,3313.0,718990.0,718918.0
2026-06-22 13:31:00,5326.0,5326.0,5324.0,5324.0,1136.0,718918.0,718690.0
2026-06-22 13:32:00,5324.0,5328.0,5324.0,5328.0,1034.0,718690.0,718412.0
2026-06-22 13:33:00,5328.0,5328.0,5327.0,5328.0,644.0,718412.0,718391.0
2026-06-22 13:34:00,5328.0,5329.0,5327.0,5329.0,498.0,718391.0,718340.0
2026-06-22 13:35:00,5329.0,5330.0,5328.0,5329.0,840.0,718340.0,718153.0
2026-06-22 13:36:00,5329.0,5330.0,5328.0,5330.0,762.0,718153.0,718184.0
2026-06-22 13:37:00,5330.0,5330.0,5328.0,5329.0,478.0,718184.0,718214.0
2026-06-22 13:38:00,5329.0,5330.0,5328.0,5330.0,368.0,718214.0,718240.0
2026-06-22 13:39:00,5330.0,5331.0,5328.0,5328.0,1020.0,718240.0,718168.0
2026-06-22 13:40:00,5328.0,5330.0,5328.0,5329.0,494.0,718168.0,718139.0
2026-06-22 13:41:00,5329.0,5330.0,5328.0,5329.0,332.0,718139.0,718165.0
2026-06-22 13:42:00,5329.0,5329.0,5328.0,5328.0,142.0,718165.0,718182.0
2026-06-22 13:43:00,5328.0,5332.0,5328.0,5332.0,1315.0,718182.0,718218.0
2026-06-22 13:44:00,5332.0,5332.0,5330.0,5332.0,736.0,718218.0,718215.0
2026-06-22 13:45:00,5332.0,5332.0,5329.0,5330.0,555.0,718215.0,718270.0
2026-06-22 13:46:00,5330.0,5330.0,5329.0,5330.0,215.0,718270.0,718276.0
2026-06-22 13:47:00,5330.0,5331.0,5329.0,5329.0,770.0,718276.0,718307.0
2026-06-22 13:48:00,5329.0,5331.0,5329.0,5330.0,664.0,718307.0,718394.0
2026-06-22 13:49:00,5330.0,5332.0,5329.0,5331.0,1050.0,718394.0,718492.0
2026-06-22 13:50:00,5331.0,5332.0,5330.0,5331.0,535.0,718492.0,718457.0
2026-06-22 13:51:00,5331.0,5332.0,5330.0,5331.0,441.0,718457.0,718416.0
2026-06-22 13:52:00,5331.0,5332.0,5330.0,5332.0,314.0,718416.0,718471.0
2026-06-22 13:53:00,5332.0,5332.0,5331.0,5332.0,408.0,718471.0,718515.0
2026-06-22 13:54:00,5332.0,5332.0,5330.0,5330.0,905.0,718515.0,718528.0
2026-06-22 13:55:00,5330.0,5331.0,5329.0,5329.0,262.0,718528.0,718483.0
2026-06-22 13:56:00,5329.0,5330.0,5328.0,5329.0,487.0,718483.0,718409.0
2026-06-22 13:57:00,5329.0,5330.0,5327.0,5328.0,772.0,718409.0,718345.0
2026-06-22 13:58:00,5328.0,5329.0,5327.0,5327.0,418.0,718345.0,718320.0
2026-06-22 13:59:00,5327.0,5327.0,5325.0,5326.0,1050.0,718320.0,718310.0
2026-06-22 14:00:00,5326.0,5327.0,5325.0,5326.0,737.0,718310.0,718302.0
2026-06-22 14:01:00,5326.0,5326.0,5324.0,5325.0,1068.0,718302.0,718357.0
2026-06-22 14:02:00,5325.0,5325.0,5323.0,5324.0,760.0,718357.0,718313.0
2026-06-22 14:03:00,5324.0,5325.0,5323.0,5325.0,498.0,718313.0,718354.0
2026-06-22 14:04:00,5325.0,5328.0,5323.0,5327.0,1453.0,718354.0,718529.0
2026-06-22 14:05:00,5327.0,5330.0,5326.0,5329.0,740.0,718529.0,718550.0
2026-06-22 14:06:00,5329.0,5330.0,5328.0,5329.0,500.0,718550.0,718398.0
2026-06-22 14:07:00,5329.0,5331.0,5328.0,5330.0,1000.0,718398.0,718507.0
2026-06-22 14:08:00,5330.0,5330.0,5328.0,5329.0,247.0,718507.0,718405.0
2026-06-22 14:09:00,5329.0,5330.0,5328.0,5328.0,290.0,718405.0,718335.0
2026-06-22 14:10:00,5328.0,5330.0,5328.0,5328.0,384.0,718335.0,718375.0
2026-06-22 14:11:00,5328.0,5330.0,5328.0,5330.0,430.0,718375.0,718293.0
2026-06-22 14:12:00,5330.0,5330.0,5326.0,5326.0,642.0,718293.0,718156.0
2026-06-22 14:13:00,5326.0,5328.0,5326.0,5327.0,309.0,718156.0,718109.0
2026-06-22 14:14:00,5327.0,5328.0,5326.0,5326.0,274.0,718109.0,718125.0
2026-06-22 14:15:00,5326.0,5327.0,5326.0,5326.0,392.0,718125.0,718192.0
2026-06-22 14:16:00,5326.0,5327.0,5325.0,5327.0,615.0,718192.0,718187.0
2026-06-22 14:17:00,5327.0,5328.0,5326.0,5326.0,530.0,718187.0,718113.0
2026-06-22 14:18:00,5326.0,5328.0,5326.0,5326.0,273.0,718113.0,718036.0
2026-06-22 14:19:00,5326.0,5327.0,5325.0,5327.0,585.0,718036.0,718084.0
2026-06-22 14:20:00,5327.0,5327.0,5325.0,5325.0,103.0,718084.0,718080.0
2026-06-22 14:21:00,5325.0,5326.0,5325.0,5326.0,113.0,718080.0,718104.0
2026-06-22 14:22:00,5326.0,5326.0,5325.0,5326.0,554.0,718104.0,718122.0
2026-06-22 14:23:00,5326.0,5326.0,5323.0,5325.0,1523.0,718122.0,717954.0
2026-06-22 14:24:00,5325.0,5326.0,5324.0,5326.0,290.0,717954.0,717940.0
2026-06-22 14:25:00,5326.0,5327.0,5325.0,5326.0,572.0,717940.0,717783.0
2026-06-22 14:26:00,5326.0,5328.0,5325.0,5327.0,352.0,717783.0,717758.0
2026-06-22 14:27:00,5327.0,5329.0,5327.0,5329.0,721.0,717758.0,717563.0
2026-06-22 14:28:00,5329.0,5329.0,5328.0,5328.0,167.0,717563.0,717498.0
2026-06-22 14:29:00,5328.0,5330.0,5328.0,5330.0,459.0,717498.0,717292.0
2026-06-22 14:30:00,5330.0,5330.0,5329.0,5330.0,659.0,717292.0,717272.0
2026-06-22 14:31:00,5330.0,5330.0,5329.0,5330.0,149.0,717272.0,717250.0
2026-06-22 14:32:00,5330.0,5330.0,5329.0,5330.0,126.0,717250.0,717246.0
2026-06-22 14:33:00,5330.0,5332.0,5329.0,5331.0,966.0,717246.0,716979.0
2026-06-22 14:34:00,5331.0,5332.0,5330.0,5332.0,934.0,716979.0,716790.0
2026-06-22 14:35:00,5332.0,5333.0,5331.0,5332.0,995.0,716790.0,716804.0
2026-06-22 14:36:00,5332.0,5334.0,5332.0,5334.0,864.0,716804.0,716756.0
2026-06-22 14:37:00,5334.0,5335.0,5333.0,5333.0,1131.0,716756.0,716828.0
2026-06-22 14:38:00,5333.0,5335.0,5333.0,5335.0,744.0,716828.0,716875.0
2026-06-22 14:39:00,5335.0,5339.0,5334.0,5337.0,3071.0,716875.0,717221.0
2026-06-22 14:40:00,5337.0,5338.0,5337.0,5337.0,1603.0,717221.0,716880.0
2026-06-22 14:41:00,5337.0,5339.0,5336.0,5339.0,1119.0,716880.0,716876.0
2026-06-22 14:42:00,5339.0,5339.0,5335.0,5337.0,1792.0,716876.0,716515.0
2026-06-22 14:43:00,5337.0,5340.0,5336.0,5339.0,1996.0,716515.0,716218.0
2026-06-22 14:44:00,5339.0,5340.0,5338.0,5339.0,1145.0,716218.0,716270.0
2026-06-22 14:45:00,5339.0,5342.0,5339.0,5340.0,3801.0,716270.0,715257.0
2026-06-22 14:46:00,5340.0,5341.0,5339.0,5340.0,816.0,715257.0,715550.0
2026-06-22 14:47:00,5340.0,5340.0,5338.0,5339.0,1743.0,715550.0,715400.0
2026-06-22 14:48:00,5339.0,5345.0,5339.0,5344.0,4131.0,715400.0,715034.0
2026-06-22 14:49:00,5344.0,5345.0,5344.0,5345.0,2755.0,715034.0,714767.0
2026-06-22 14:50:00,5345.0,5346.0,5342.0,5343.0,2074.0,714767.0,714348.0
2026-06-22 14:51:00,5343.0,5345.0,5343.0,5344.0,1377.0,714348.0,714527.0
2026-06-22 14:52:00,5344.0,5345.0,5343.0,5345.0,1522.0,714527.0,714546.0
2026-06-22 14:53:00,5345.0,5345.0,5342.0,5344.0,1465.0,714546.0,714234.0
2026-06-22 14:54:00,5344.0,5345.0,5343.0,5343.0,995.0,714234.0,714063.0
2026-06-22 14:55:00,5343.0,5344.0,5342.0,5343.0,927.0,714063.0,713819.0
2026-06-22 14:56:00,5343.0,5344.0,5342.0,5343.0,1022.0,713819.0,713528.0
2026-06-22 14:57:00,5343.0,5343.0,5341.0,5341.0,1164.0,713528.0,713404.0
2026-06-22 14:58:00,5341.0,5343.0,5341.0,5342.0,1013.0,713404.0,713118.0
2026-06-22 14:59:00,5342.0,5345.0,5342.0,5345.0,2498.0,713118.0,712088.0
2026-06-22 21:00:00,5340.0,5340.0,5332.0,5332.0,7536.0,712088.0,713141.0
2026-06-22 21:01:00,5332.0,5333.0,5329.0,5331.0,5244.0,713141.0,714127.0
2026-06-22 21:02:00,5331.0,5334.0,5330.0,5332.0,3277.0,714127.0,714417.0
2026-06-22 21:03:00,5332.0,5332.0,5330.0,5331.0,3283.0,714417.0,714750.0
2026-06-22 21:04:00,5331.0,5333.0,5329.0,5330.0,3072.0,714750.0,714694.0
2026-06-22 21:05:00,5330.0,5330.0,5326.0,5327.0,2957.0,714694.0,714962.0
2026-06-22 21:06:00,5327.0,5329.0,5326.0,5328.0,2524.0,714962.0,714866.0
2026-06-22 21:07:00,5328.0,5330.0,5327.0,5328.0,1977.0,714866.0,715406.0
2026-06-22 21:08:00,5328.0,5331.0,5328.0,5330.0,1354.0,715406.0,715284.0
2026-06-22 21:09:00,5330.0,5332.0,5328.0,5329.0,3389.0,715284.0,715330.0
2026-06-22 21:10:00,5329.0,5329.0,5325.0,5325.0,1868.0,715330.0,715914.0
2026-06-22 21:11:00,5325.0,5327.0,5325.0,5326.0,3175.0,715914.0,716353.0
2026-06-22 21:12:00,5326.0,5328.0,5326.0,5328.0,1105.0,716353.0,716195.0
2026-06-22 21:13:00,5328.0,5328.0,5326.0,5328.0,1168.0,716195.0,716122.0
2026-06-22 21:14:00,5328.0,5329.0,5327.0,5329.0,947.0,716122.0,716206.0
2026-06-22 21:15:00,5329.0,5329.0,5327.0,5329.0,1555.0,716206.0,716349.0
2026-06-22 21:16:00,5329.0,5329.0,5327.0,5328.0,1527.0,716349.0,716985.0
2026-06-22 21:17:00,5328.0,5329.0,5327.0,5328.0,492.0,716985.0,716918.0
2026-06-22 21:18:00,5328.0,5329.0,5328.0,5328.0,239.0,716918.0,716916.0
2026-06-22 21:19:00,5328.0,5330.0,5328.0,5328.0,1589.0,716916.0,716980.0
2026-06-22 21:20:00,5328.0,5329.0,5325.0,5326.0,1482.0,716980.0,717847.0
2026-06-22 21:21:00,5326.0,5326.0,5320.0,5320.0,4189.0,717847.0,718151.0
2026-06-22 21:22:00,5320.0,5321.0,5315.0,5315.0,6665.0,718151.0,719291.0
2026-06-22 21:23:00,5315.0,5318.0,5315.0,5318.0,2854.0,719291.0,719777.0
2026-06-22 21:24:00,5318.0,5320.0,5318.0,5319.0,1685.0,719777.0,720087.0
2026-06-22 21:25:00,5319.0,5319.0,5316.0,5317.0,2881.0,720087.0,720466.0
2026-06-22 21:26:00,5317.0,5319.0,5317.0,5318.0,797.0,720466.0,720378.0
2026-06-22 21:27:00,5318.0,5319.0,5317.0,5317.0,1054.0,720378.0,720750.0
2026-06-22 21:28:00,5317.0,5318.0,5317.0,5318.0,1014.0,720750.0,720900.0
2026-06-22 21:29:00,5318.0,5320.0,5318.0,5319.0,956.0,720900.0,720772.0
2026-06-22 21:30:00,5319.0,5322.0,5319.0,5322.0,2036.0,720772.0,720893.0
2026-06-22 21:31:00,5322.0,5322.0,5320.0,5322.0,781.0,720893.0,720886.0
2026-06-22 21:32:00,5322.0,5322.0,5320.0,5321.0,636.0,720886.0,721073.0
2026-06-22 21:33:00,5321.0,5323.0,5321.0,5321.0,703.0,721073.0,721257.0
2026-06-22 21:34:00,5321.0,5322.0,5321.0,5321.0,574.0,721257.0,721397.0
2026-06-22 21:35:00,5321.0,5322.0,5320.0,5321.0,1004.0,721397.0,721236.0
2026-06-22 21:36:00,5321.0,5322.0,5320.0,5321.0,307.0,721236.0,721239.0
2026-06-22 21:37:00,5321.0,5322.0,5320.0,5322.0,515.0,721239.0,721194.0
2026-06-22 21:38:00,5322.0,5322.0,5321.0,5321.0,426.0,721194.0,721151.0
2026-06-22 21:39:00,5321.0,5322.0,5319.0,5319.0,927.0,721151.0,721299.0
2026-06-22 21:40:00,5319.0,5320.0,5317.0,5317.0,1556.0,721299.0,721741.0
2026-06-22 21:41:00,5317.0,5318.0,5316.0,5317.0,1304.0,721741.0,722264.0
2026-06-22 21:42:00,5317.0,5317.0,5316.0,5317.0,1051.0,722264.0,722707.0
2026-06-22 21:43:00,5317.0,5317.0,5314.0,5314.0,3240.0,722707.0,724178.0
2026-06-22 21:44:00,5314.0,5315.0,5314.0,5314.0,1648.0,724178.0,724325.0
2026-06-22 21:45:00,5314.0,5315.0,5312.0,5313.0,2418.0,724325.0,724617.0
2026-06-22 21:46:00,5313.0,5317.0,5313.0,5316.0,1526.0,724617.0,724699.0
2026-06-22 21:47:00,5316.0,5317.0,5314.0,5316.0,1056.0,724699.0,724958.0
2026-06-22 21:48:00,5316.0,5316.0,5314.0,5314.0,747.0,724958.0,725123.0
2026-06-22 21:49:00,5314.0,5315.0,5314.0,5315.0,533.0,725123.0,725259.0
2026-06-22 21:50:00,5315.0,5315.0,5314.0,5314.0,777.0,725259.0,725370.0
2026-06-22 21:51:00,5314.0,5314.0,5312.0,5314.0,1583.0,725370.0,725652.0
2026-06-22 21:52:00,5314.0,5316.0,5313.0,5316.0,889.0,725652.0,725798.0
2026-06-22 21:53:00,5316.0,5316.0,5314.0,5315.0,885.0,725798.0,726068.0
2026-06-22 21:54:00,5315.0,5316.0,5314.0,5314.0,965.0,726068.0,726417.0
2026-06-22 21:55:00,5314.0,5317.0,5314.0,5316.0,675.0,726417.0,726210.0
2026-06-22 21:56:00,5316.0,5317.0,5316.0,5316.0,299.0,726210.0,726216.0
2026-06-22 21:57:00,5316.0,5317.0,5315.0,5315.0,859.0,726216.0,726212.0
2026-06-22 21:58:00,5315.0,5318.0,5314.0,5316.0,1971.0,726212.0,726049.0
2026-06-22 21:59:00,5316.0,5316.0,5315.0,5315.0,538.0,726049.0,726150.0
2026-06-22 22:00:00,5315.0,5317.0,5314.0,5314.0,1981.0,726150.0,726597.0
2026-06-22 22:01:00,5314.0,5315.0,5312.0,5312.0,1202.0,726597.0,727017.0
2026-06-22 22:02:00,5312.0,5314.0,5312.0,5312.0,685.0,727017.0,727205.0
2026-06-22 22:03:00,5312.0,5314.0,5312.0,5314.0,851.0,727205.0,727392.0
2026-06-22 22:04:00,5314.0,5314.0,5311.0,5311.0,1554.0,727392.0,727826.0
2026-06-22 22:05:00,5311.0,5312.0,5310.0,5311.0,2292.0,727826.0,728074.0
2026-06-22 22:06:00,5311.0,5311.0,5310.0,5311.0,1195.0,728074.0,728506.0
2026-06-22 22:07:00,5311.0,5312.0,5310.0,5312.0,1146.0,728506.0,728733.0
2026-06-22 22:08:00,5312.0,5312.0,5311.0,5312.0,810.0,728733.0,729046.0
2026-06-22 22:09:00,5312.0,5312.0,5311.0,5312.0,563.0,729046.0,729170.0
2026-06-22 22:10:00,5312.0,5313.0,5311.0,5313.0,444.0,729170.0,729162.0
2026-06-22 22:11:00,5313.0,5315.0,5313.0,5314.0,1156.0,729162.0,729261.0
2026-06-22 22:12:00,5314.0,5314.0,5312.0,5313.0,570.0,729261.0,729532.0
2026-06-22 22:13:00,5313.0,5314.0,5312.0,5313.0,369.0,729532.0,729604.0
2026-06-22 22:14:00,5313.0,5313.0,5312.0,5313.0,255.0,729604.0,729736.0
2026-06-22 22:15:00,5313.0,5313.0,5312.0,5313.0,245.0,729736.0,729872.0
2026-06-22 22:16:00,5313.0,5313.0,5311.0,5312.0,817.0,729872.0,729972.0
2026-06-22 22:17:00,5312.0,5313.0,5312.0,5313.0,854.0,729972.0,730131.0
2026-06-22 22:18:00,5313.0,5314.0,5312.0,5313.0,504.0,730131.0,730061.0
2026-06-22 22:19:00,5313.0,5315.0,5313.0,5315.0,369.0,730061.0,729998.0
2026-06-22 22:20:00,5315.0,5315.0,5314.0,5315.0,495.0,729998.0,729998.0
2026-06-22 22:21:00,5315.0,5315.0,5312.0,5313.0,735.0,729998.0,730410.0
2026-06-22 22:22:00,5313.0,5313.0,5310.0,5311.0,1186.0,730410.0,731071.0
2026-06-22 22:23:00,5311.0,5311.0,5307.0,5308.0,5273.0,731071.0,732493.0
2026-06-22 22:24:00,5308.0,5310.0,5307.0,5309.0,2285.0,732493.0,732712.0
2026-06-22 22:25:00,5309.0,5311.0,5309.0,5310.0,702.0,732712.0,732808.0
2026-06-22 22:26:00,5310.0,5311.0,5308.0,5308.0,858.0,732808.0,733228.0
2026-06-22 22:27:00,5308.0,5309.0,5294.0,5294.0,13031.0,733228.0,734048.0
2026-06-22 22:28:00,5294.0,5296.0,5287.0,5288.0,10346.0,734048.0,735446.0
2026-06-22 22:29:00,5288.0,5289.0,5284.0,5286.0,9342.0,735446.0,737638.0
2026-06-22 22:30:00,5286.0,5286.0,5280.0,5282.0,9080.0,737638.0,739819.0
2026-06-22 22:31:00,5282.0,5284.0,5281.0,5282.0,6000.0,739819.0,741145.0
2026-06-22 22:32:00,5282.0,5286.0,5282.0,5283.0,3416.0,741145.0,741704.0
2026-06-22 22:33:00,5283.0,5287.0,5283.0,5287.0,2261.0,741704.0,742023.0
2026-06-22 22:34:00,5287.0,5287.0,5284.0,5286.0,3783.0,742023.0,742332.0
2026-06-22 22:35:00,5286.0,5288.0,5286.0,5286.0,2260.0,742332.0,742865.0
2026-06-22 22:36:00,5286.0,5288.0,5285.0,5288.0,2864.0,742865.0,743234.0
2026-06-22 22:37:00,5288.0,5288.0,5283.0,5285.0,2519.0,743234.0,743461.0
2026-06-22 22:38:00,5285.0,5285.0,5284.0,5285.0,831.0,743461.0,743416.0
2026-06-22 22:39:00,5285.0,5286.0,5283.0,5284.0,1716.0,743416.0,743527.0
2026-06-22 22:40:00,5284.0,5286.0,5284.0,5285.0,789.0,743527.0,743669.0
2026-06-22 22:41:00,5285.0,5286.0,5283.0,5283.0,2127.0,743669.0,744321.0
2026-06-22 22:42:00,5283.0,5283.0,5281.0,5282.0,2191.0,744321.0,745143.0
2026-06-22 22:43:00,5282.0,5285.0,5282.0,5284.0,1172.0,745143.0,745245.0
2026-06-22 22:44:00,5284.0,5284.0,5282.0,5282.0,1080.0,745245.0,745509.0
2026-06-22 22:45:00,5282.0,5284.0,5282.0,5282.0,990.0,745509.0,745585.0
2026-06-22 22:46:00,5282.0,5284.0,5281.0,5282.0,1616.0,745585.0,745858.0
2026-06-22 22:47:00,5282.0,5284.0,5282.0,5282.0,1155.0,745858.0,745894.0
2026-06-22 22:48:00,5282.0,5283.0,5279.0,5281.0,3869.0,745894.0,747137.0
2026-06-22 22:49:00,5281.0,5283.0,5280.0,5282.0,1818.0,747137.0,747011.0
2026-06-22 22:50:00,5282.0,5284.0,5280.0,5280.0,1693.0,747011.0,747332.0
2026-06-22 22:51:00,5280.0,5281.0,5277.0,5277.0,3427.0,747332.0,747483.0
2026-06-22 22:52:00,5277.0,5278.0,5276.0,5277.0,3038.0,747483.0,747355.0
2026-06-22 22:53:00,5277.0,5279.0,5277.0,5279.0,1566.0,747355.0,747103.0
2026-06-22 22:54:00,5279.0,5282.0,5278.0,5282.0,1781.0,747103.0,746896.0
2026-06-22 22:55:00,5282.0,5283.0,5279.0,5282.0,2330.0,746896.0,746707.0
2026-06-22 22:56:00,5282.0,5285.0,5282.0,5285.0,2388.0,746707.0,746889.0
2026-06-22 22:57:00,5285.0,5286.0,5283.0,5284.0,1805.0,746889.0,747127.0
2026-06-22 22:58:00,5284.0,5285.0,5283.0,5284.0,1665.0,747127.0,747359.0
2026-06-22 22:59:00,5284.0,5285.0,5283.0,5284.0,1863.0,747359.0,746976.0
2026-06-23 09:00:00,5284.0,5291.0,5284.0,5288.0,6404.0,746976.0,747019.0
2026-06-23 09:01:00,5288.0,5289.0,5285.0,5287.0,2761.0,747019.0,747551.0
2026-06-23 09:02:00,5287.0,5288.0,5284.0,5285.0,2503.0,747551.0,747408.0
2026-06-23 09:03:00,5285.0,5290.0,5285.0,5289.0,2572.0,747408.0,747846.0
2026-06-23 09:04:00,5289.0,5290.0,5287.0,5288.0,2341.0,747846.0,748372.0
2026-06-23 09:05:00,5288.0,5288.0,5283.0,5283.0,2036.0,748372.0,748579.0
2026-06-23 09:06:00,5283.0,5286.0,5283.0,5285.0,762.0,748579.0,748646.0
2026-06-23 09:07:00,5285.0,5288.0,5285.0,5288.0,1443.0,748646.0,748557.0
2026-06-23 09:08:00,5288.0,5289.0,5286.0,5288.0,952.0,748557.0,748652.0
2026-06-23 09:09:00,5288.0,5290.0,5287.0,5288.0,944.0,748652.0,748785.0
2026-06-23 09:10:00,5288.0,5290.0,5287.0,5290.0,1046.0,748785.0,748966.0
2026-06-23 09:11:00,5290.0,5291.0,5288.0,5289.0,1035.0,748966.0,749066.0
2026-06-23 09:12:00,5289.0,5290.0,5288.0,5288.0,760.0,749066.0,749308.0
2026-06-23 09:13:00,5288.0,5290.0,5288.0,5289.0,571.0,749308.0,749208.0
2026-06-23 09:14:00,5289.0,5292.0,5289.0,5292.0,2661.0,749208.0,749454.0
2026-06-23 09:15:00,5292.0,5293.0,5290.0,5290.0,1785.0,749454.0,749728.0
2026-06-23 09:16:00,5290.0,5292.0,5290.0,5291.0,855.0,749728.0,749700.0
2026-06-23 09:17:00,5291.0,5291.0,5288.0,5288.0,1332.0,749700.0,749797.0
2026-06-23 09:18:00,5288.0,5290.0,5288.0,5289.0,703.0,749797.0,749803.0
2026-06-23 09:19:00,5289.0,5289.0,5287.0,5288.0,707.0,749803.0,749986.0
2026-06-23 09:20:00,5288.0,5290.0,5287.0,5289.0,2388.0,749986.0,750391.0
2026-06-23 09:21:00,5289.0,5290.0,5288.0,5288.0,762.0,750391.0,750359.0
2026-06-23 09:22:00,5288.0,5288.0,5286.0,5287.0,1094.0,750359.0,750249.0
2026-06-23 09:23:00,5287.0,5288.0,5286.0,5287.0,480.0,750249.0,750339.0
2026-06-23 09:24:00,5287.0,5287.0,5285.0,5285.0,1229.0,750339.0,750571.0
2026-06-23 09:25:00,5285.0,5287.0,5284.0,5287.0,1650.0,750571.0,750620.0
2026-06-23 09:26:00,5287.0,5287.0,5285.0,5286.0,421.0,750620.0,750511.0
2026-06-23 09:27:00,5286.0,5287.0,5284.0,5285.0,759.0,750511.0,750578.0
2026-06-23 09:28:00,5285.0,5287.0,5284.0,5287.0,1075.0,750578.0,750832.0
2026-06-23 09:29:00,5287.0,5289.0,5286.0,5288.0,982.0,750832.0,750826.0
2026-06-23 09:30:00,5288.0,5289.0,5287.0,5289.0,732.0,750826.0,750721.0
2026-06-23 09:31:00,5289.0,5290.0,5288.0,5289.0,412.0,750721.0,750781.0
2026-06-23 09:32:00,5289.0,5292.0,5289.0,5291.0,1684.0,750781.0,750575.0
2026-06-23 09:33:00,5291.0,5292.0,5290.0,5291.0,805.0,750575.0,750786.0
2026-06-23 09:34:00,5291.0,5291.0,5289.0,5289.0,1079.0,750786.0,750912.0
2026-06-23 09:35:00,5289.0,5290.0,5288.0,5290.0,589.0,750912.0,750862.0
2026-06-23 09:36:00,5290.0,5290.0,5289.0,5289.0,605.0,750862.0,750764.0
2026-06-23 09:37:00,5289.0,5289.0,5285.0,5285.0,1692.0,750764.0,751298.0
2026-06-23 09:38:00,5285.0,5286.0,5284.0,5285.0,1126.0,751298.0,751302.0
2026-06-23 09:39:00,5285.0,5286.0,5284.0,5285.0,543.0,751302.0,751263.0
2026-06-23 09:40:00,5285.0,5285.0,5282.0,5283.0,1663.0,751263.0,751310.0
2026-06-23 09:41:00,5283.0,5284.0,5282.0,5283.0,713.0,751310.0,751327.0
2026-06-23 09:42:00,5283.0,5285.0,5283.0,5284.0,529.0,751327.0,751446.0
2026-06-23 09:43:00,5284.0,5285.0,5283.0,5285.0,732.0,751446.0,751410.0
2026-06-23 09:44:00,5285.0,5285.0,5283.0,5283.0,692.0,751410.0,751407.0
2026-06-23 09:45:00,5283.0,5285.0,5282.0,5282.0,529.0,751407.0,751448.0
2026-06-23 09:46:00,5282.0,5283.0,5280.0,5282.0,2380.0,751448.0,750840.0
2026-06-23 09:47:00,5282.0,5282.0,5281.0,5282.0,581.0,750840.0,750921.0
2026-06-23 09:48:00,5282.0,5284.0,5281.0,5284.0,954.0,750921.0,751049.0
2026-06-23 09:49:00,5284.0,5284.0,5283.0,5283.0,351.0,751049.0,751073.0
2026-06-23 09:50:00,5283.0,5284.0,5282.0,5282.0,889.0,751073.0,751136.0
2026-06-23 09:51:00,5282.0,5284.0,5282.0,5283.0,478.0,751136.0,751182.0
2026-06-23 09:52:00,5283.0,5284.0,5282.0,5283.0,530.0,751182.0,751262.0
2026-06-23 09:53:00,5283.0,5284.0,5283.0,5283.0,272.0,751262.0,751108.0
2026-06-23 09:54:00,5283.0,5283.0,5282.0,5282.0,442.0,751108.0,751247.0
2026-06-23 09:55:00,5282.0,5283.0,5280.0,5281.0,2485.0,751247.0,751043.0
2026-06-23 09:56:00,5281.0,5282.0,5280.0,5280.0,653.0,751043.0,751044.0
2026-06-23 09:57:00,5280.0,5283.0,5280.0,5282.0,652.0,751044.0,751125.0
2026-06-23 09:58:00,5282.0,5283.0,5280.0,5280.0,565.0,751125.0,751329.0
2026-06-23 09:59:00,5280.0,5282.0,5280.0,5280.0,2014.0,751329.0,752005.0
2026-06-23 10:00:00,5280.0,5282.0,5279.0,5281.0,1391.0,752005.0,751800.0
2026-06-23 10:01:00,5281.0,5284.0,5281.0,5282.0,713.0,751800.0,751614.0
2026-06-23 10:02:00,5282.0,5283.0,5282.0,5282.0,300.0,751614.0,751625.0
2026-06-23 10:03:00,5282.0,5283.0,5282.0,5282.0,485.0,751625.0,751815.0
2026-06-23 10:04:00,5282.0,5282.0,5281.0,5281.0,338.0,751815.0,751880.0
2026-06-23 10:05:00,5281.0,5282.0,5281.0,5281.0,190.0,751880.0,751926.0
2026-06-23 10:06:00,5281.0,5285.0,5281.0,5283.0,1845.0,751926.0,751519.0
2026-06-23 10:07:00,5283.0,5285.0,5283.0,5284.0,471.0,751519.0,751378.0
2026-06-23 10:08:00,5284.0,5284.0,5283.0,5283.0,199.0,751378.0,751378.0
2026-06-23 10:09:00,5283.0,5285.0,5283.0,5283.0,462.0,751378.0,751364.0
2026-06-23 10:10:00,5283.0,5286.0,5283.0,5286.0,431.0,751364.0,751437.0
2026-06-23 10:11:00,5286.0,5288.0,5285.0,5286.0,1203.0,751437.0,751196.0
2026-06-23 10:12:00,5286.0,5286.0,5284.0,5284.0,537.0,751196.0,751199.0
2026-06-23 10:13:00,5284.0,5285.0,5283.0,5284.0,509.0,751199.0,751232.0
2026-06-23 10:14:00,5284.0,5285.0,5284.0,5284.0,252.0,751232.0,751176.0
2026-06-23 10:30:00,5284.0,5287.0,5284.0,5284.0,567.0,751176.0,751145.0
2026-06-23 10:31:00,5284.0,5286.0,5284.0,5285.0,557.0,751145.0,751186.0
2026-06-23 10:32:00,5285.0,5288.0,5285.0,5288.0,1174.0,751186.0,751197.0
2026-06-23 10:33:00,5288.0,5288.0,5285.0,5286.0,693.0,751197.0,751051.0
2026-06-23 10:34:00,5286.0,5288.0,5286.0,5287.0,492.0,751051.0,751061.0
2026-06-23 10:35:00,5287.0,5288.0,5284.0,5284.0,801.0,751061.0,751021.0
2026-06-23 10:36:00,5284.0,5286.0,5284.0,5284.0,731.0,751021.0,751239.0
2026-06-23 10:37:00,5284.0,5285.0,5284.0,5284.0,326.0,751239.0,751331.0
2026-06-23 10:38:00,5284.0,5286.0,5284.0,5285.0,544.0,751331.0,751256.0
2026-06-23 10:39:00,5285.0,5286.0,5283.0,5283.0,936.0,751256.0,751518.0
2026-06-23 10:40:00,5283.0,5286.0,5283.0,5284.0,651.0,751518.0,751496.0
2026-06-23 10:41:00,5284.0,5285.0,5284.0,5284.0,160.0,751496.0,751510.0
2026-06-23 10:42:00,5284.0,5285.0,5283.0,5284.0,287.0,751510.0,751584.0
2026-06-23 10:43:00,5284.0,5285.0,5283.0,5284.0,464.0,751584.0,751640.0
2026-06-23 10:44:00,5284.0,5285.0,5284.0,5284.0,293.0,751640.0,751579.0
2026-06-23 10:45:00,5284.0,5284.0,5283.0,5283.0,1034.0,751579.0,751842.0
2026-06-23 10:46:00,5283.0,5284.0,5283.0,5284.0,174.0,751842.0,751844.0
2026-06-23 10:47:00,5284.0,5284.0,5282.0,5282.0,967.0,751844.0,751566.0
2026-06-23 10:48:00,5282.0,5283.0,5281.0,5282.0,568.0,751566.0,751623.0
2026-06-23 10:49:00,5282.0,5283.0,5281.0,5282.0,707.0,751623.0,751825.0
2026-06-23 10:50:00,5282.0,5283.0,5281.0,5281.0,1007.0,751825.0,751980.0
2026-06-23 10:51:00,5281.0,5283.0,5281.0,5283.0,543.0,751980.0,751957.0
2026-06-23 10:52:00,5283.0,5284.0,5282.0,5284.0,912.0,751957.0,752207.0
2026-06-23 10:53:00,5284.0,5285.0,5284.0,5284.0,287.0,752207.0,752231.0
2026-06-23 10:54:00,5284.0,5287.0,5284.0,5285.0,1051.0,752231.0,752170.0
2026-06-23 10:55:00,5285.0,5286.0,5284.0,5285.0,269.0,752170.0,752189.0
2026-06-23 10:56:00,5285.0,5288.0,5285.0,5287.0,765.0,752189.0,752107.0
2026-06-23 10:57:00,5287.0,5290.0,5286.0,5289.0,985.0,752107.0,752197.0
2026-06-23 10:58:00,5289.0,5289.0,5287.0,5289.0,647.0,752197.0,752112.0
2026-06-23 10:59:00,5289.0,5289.0,5287.0,5288.0,563.0,752112.0,752075.0
2026-06-23 11:00:00,5288.0,5288.0,5287.0,5288.0,341.0,752075.0,752084.0
2026-06-23 11:01:00,5288.0,5288.0,5286.0,5287.0,750.0,752084.0,752173.0
2026-06-23 11:02:00,5287.0,5287.0,5285.0,5285.0,472.0,752173.0,752237.0
2026-06-23 11:03:00,5285.0,5286.0,5280.0,5281.0,2153.0,752237.0,751731.0
2026-06-23 11:04:00,5281.0,5281.0,5262.0,5268.0,19306.0,751731.0,750826.0
2026-06-23 11:05:00,5268.0,5268.0,5265.0,5267.0,4169.0,750826.0,751561.0
2026-06-23 11:06:00,5267.0,5268.0,5261.0,5264.0,5843.0,751561.0,751784.0
2026-06-23 11:07:00,5264.0,5264.0,5261.0,5262.0,4643.0,751784.0,752867.0
2026-06-23 11:08:00,5262.0,5265.0,5260.0,5262.0,4342.0,752867.0,753954.0
2026-06-23 11:09:00,5262.0,5264.0,5261.0,5261.0,2209.0,753954.0,754355.0
2026-06-23 11:10:00,5261.0,5262.0,5254.0,5261.0,10829.0,754355.0,753931.0
2026-06-23 11:11:00,5261.0,5262.0,5258.0,5259.0,2893.0,753931.0,754418.0
2026-06-23 11:12:00,5259.0,5259.0,5258.0,5258.0,1369.0,754418.0,754724.0
2026-06-23 11:13:00,5258.0,5260.0,5258.0,5259.0,2065.0,754724.0,755065.0
2026-06-23 11:14:00,5259.0,5259.0,5257.0,5259.0,2513.0,755065.0,755232.0
2026-06-23 11:15:00,5259.0,5262.0,5258.0,5262.0,2667.0,755232.0,755546.0
2026-06-23 11:16:00,5262.0,5264.0,5261.0,5264.0,2434.0,755546.0,755244.0
2026-06-23 11:17:00,5264.0,5265.0,5263.0,5265.0,1669.0,755244.0,755404.0
2026-06-23 11:18:00,5265.0,5265.0,5262.0,5265.0,1313.0,755404.0,755609.0
2026-06-23 11:19:00,5265.0,5265.0,5263.0,5264.0,772.0,755609.0,755466.0
2026-06-23 11:20:00,5264.0,5266.0,5264.0,5265.0,1692.0,755466.0,755163.0
2026-06-23 11:21:00,5265.0,5267.0,5264.0,5266.0,1243.0,755163.0,755341.0
2026-06-23 11:22:00,5266.0,5267.0,5265.0,5265.0,791.0,755341.0,755404.0
2026-06-23 11:23:00,5265.0,5269.0,5265.0,5268.0,1430.0,755404.0,755352.0
2026-06-23 11:24:00,5268.0,5270.0,5268.0,5269.0,1815.0,755352.0,755473.0
2026-06-23 11:25:00,5269.0,5272.0,5269.0,5270.0,2031.0,755473.0,755469.0
2026-06-23 11:26:00,5270.0,5272.0,5270.0,5271.0,1184.0,755469.0,755430.0
2026-06-23 11:27:00,5271.0,5271.0,5269.0,5270.0,817.0,755430.0,755085.0
2026-06-23 11:28:00,5270.0,5270.0,5268.0,5270.0,903.0,755085.0,755146.0
2026-06-23 11:29:00,5270.0,5271.0,5269.0,5271.0,1172.0,755146.0,754733.0
2026-06-23 13:30:00,5268.0,5268.0,5264.0,5266.0,4070.0,754733.0,754868.0
2026-06-23 13:31:00,5266.0,5267.0,5264.0,5265.0,1831.0,754868.0,754387.0
2026-06-23 13:32:00,5265.0,5266.0,5264.0,5265.0,1367.0,754387.0,754198.0
2026-06-23 13:33:00,5265.0,5267.0,5265.0,5266.0,1553.0,754198.0,753970.0
2026-06-23 13:34:00,5266.0,5268.0,5265.0,5268.0,885.0,753970.0,753918.0
2026-06-23 13:35:00,5268.0,5269.0,5267.0,5269.0,831.0,753918.0,753892.0
2026-06-23 13:36:00,5269.0,5271.0,5268.0,5269.0,2178.0,753892.0,753776.0
2026-06-23 13:37:00,5269.0,5269.0,5266.0,5267.0,627.0,753776.0,753903.0
2026-06-23 13:38:00,5267.0,5267.0,5263.0,5265.0,1631.0,753903.0,753746.0
2026-06-23 13:39:00,5265.0,5268.0,5264.0,5268.0,1499.0,753746.0,753689.0
2026-06-23 13:40:00,5268.0,5268.0,5266.0,5267.0,631.0,753689.0,753625.0
2026-06-23 13:41:00,5267.0,5268.0,5265.0,5266.0,1582.0,753625.0,753687.0
2026-06-23 13:42:00,5266.0,5267.0,5265.0,5266.0,357.0,753687.0,753649.0
2026-06-23 13:43:00,5266.0,5269.0,5266.0,5268.0,751.0,753649.0,753548.0
2026-06-23 13:44:00,5268.0,5269.0,5266.0,5266.0,804.0,753548.0,753393.0
2026-06-23 13:45:00,5266.0,5267.0,5266.0,5266.0,313.0,753393.0,753401.0
2026-06-23 13:46:00,5266.0,5267.0,5264.0,5264.0,1429.0,753401.0,753519.0
2026-06-23 13:47:00,5264.0,5267.0,5263.0,5267.0,1409.0,753519.0,753583.0
2026-06-23 13:48:00,5267.0,5267.0,5263.0,5265.0,1079.0,753583.0,753390.0
2026-06-23 13:49:00,5265.0,5266.0,5264.0,5265.0,2320.0,753390.0,752685.0
2026-06-23 13:50:00,5265.0,5265.0,5263.0,5264.0,651.0,752685.0,752416.0
2026-06-23 13:51:00,5264.0,5264.0,5263.0,5263.0,582.0,752416.0,752309.0
2026-06-23 13:52:00,5263.0,5265.0,5263.0,5264.0,518.0,752309.0,752227.0
2026-06-23 13:53:00,5264.0,5264.0,5262.0,5262.0,655.0,752227.0,752054.0
2026-06-23 13:54:00,5262.0,5265.0,5262.0,5265.0,523.0,752054.0,751974.0
2026-06-23 13:55:00,5265.0,5266.0,5264.0,5266.0,538.0,751974.0,752106.0
2026-06-23 13:56:00,5266.0,5266.0,5264.0,5264.0,648.0,752106.0,752021.0
2026-06-23 13:57:00,5264.0,5265.0,5262.0,5263.0,646.0,752021.0,751876.0
2026-06-23 13:58:00,5263.0,5264.0,5262.0,5263.0,390.0,751876.0,751852.0
2026-06-23 13:59:00,5263.0,5263.0,5262.0,5262.0,519.0,751852.0,751768.0
2026-06-23 14:00:00,5262.0,5263.0,5261.0,5262.0,1019.0,751768.0,751597.0
2026-06-23 14:01:00,5262.0,5263.0,5261.0,5263.0,722.0,751597.0,751279.0
2026-06-23 14:02:00,5263.0,5263.0,5261.0,5262.0,1160.0,751279.0,750915.0
2026-06-23 14:03:00,5262.0,5262.0,5260.0,5261.0,929.0,750915.0,750976.0
2026-06-23 14:04:00,5261.0,5261.0,5259.0,5259.0,2268.0,750976.0,751356.0
2026-06-23 14:05:00,5259.0,5261.0,5259.0,5259.0,898.0,751356.0,751115.0
2026-06-23 14:06:00,5259.0,5260.0,5259.0,5259.0,645.0,751115.0,751052.0
2026-06-23 14:07:00,5259.0,5260.0,5256.0,5257.0,2425.0,751052.0,751473.0
2026-06-23 14:08:00,5257.0,5257.0,5256.0,5257.0,1456.0,751473.0,751421.0
2026-06-23 14:09:00,5257.0,5257.0,5256.0,5257.0,924.0,751421.0,751468.0
2026-06-23 14:10:00,5257.0,5257.0,5253.0,5255.0,4659.0,751468.0,752381.0
2026-06-23 14:11:00,5255.0,5256.0,5254.0,5254.0,1620.0,752381.0,752723.0
2026-06-23 14:12:00,5254.0,5256.0,5253.0,5255.0,1145.0,752723.0,752603.0
2026-06-23 14:13:00,5255.0,5257.0,5255.0,5257.0,1030.0,752603.0,752776.0
2026-06-23 14:14:00,5257.0,5257.0,5256.0,5256.0,979.0,752776.0,752832.0
2026-06-23 14:15:00,5256.0,5256.0,5255.0,5256.0,966.0,752832.0,753274.0
2026-06-23 14:16:00,5256.0,5260.0,5256.0,5259.0,2587.0,753274.0,753087.0
2026-06-23 14:17:00,5259.0,5260.0,5258.0,5260.0,1031.0,753087.0,752980.0
2026-06-23 14:18:00,5260.0,5260.0,5259.0,5260.0,254.0,752980.0,752900.0
2026-06-23 14:19:00,5260.0,5260.0,5259.0,5259.0,412.0,752900.0,752814.0
2026-06-23 14:20:00,5259.0,5260.0,5259.0,5259.0,701.0,752814.0,752661.0
2026-06-23 14:21:00,5259.0,5260.0,5258.0,5259.0,574.0,752661.0,752706.0
2026-06-23 14:22:00,5259.0,5260.0,5258.0,5259.0,488.0,752706.0,752815.0
2026-06-23 14:23:00,5259.0,5259.0,5258.0,5259.0,590.0,752815.0,752904.0
2026-06-23 14:24:00,5259.0,5259.0,5258.0,5258.0,784.0,752904.0,752956.0
2026-06-23 14:25:00,5258.0,5260.0,5256.0,5256.0,864.0,752956.0,752873.0
2026-06-23 14:26:00,5256.0,5258.0,5256.0,5257.0,662.0,752873.0,752628.0
2026-06-23 14:27:00,5257.0,5258.0,5256.0,5258.0,884.0,752628.0,752253.0
2026-06-23 14:28:00,5258.0,5259.0,5256.0,5257.0,1226.0,752253.0,751900.0
2026-06-23 14:29:00,5257.0,5258.0,5256.0,5257.0,519.0,751900.0,751729.0
2026-06-23 14:30:00,5257.0,5258.0,5257.0,5258.0,630.0,751729.0,751495.0
2026-06-23 14:31:00,5258.0,5260.0,5258.0,5259.0,660.0,751495.0,751479.0
2026-06-23 14:32:00,5259.0,5260.0,5258.0,5259.0,1185.0,751479.0,751464.0
2026-06-23 14:33:00,5259.0,5260.0,5259.0,5260.0,875.0,751464.0,751288.0
2026-06-23 14:34:00,5260.0,5262.0,5260.0,5260.0,945.0,751288.0,751163.0
2026-06-23 14:35:00,5260.0,5262.0,5260.0,5261.0,646.0,751163.0,751023.0
2026-06-23 14:36:00,5261.0,5262.0,5260.0,5262.0,856.0,751023.0,750972.0
2026-06-23 14:37:00,5262.0,5263.0,5261.0,5262.0,1097.0,750972.0,751051.0
2026-06-23 14:38:00,5262.0,5266.0,5262.0,5265.0,1568.0,751051.0,750695.0
2026-06-23 14:39:00,5265.0,5266.0,5264.0,5264.0,644.0,750695.0,750566.0
2026-06-23 14:40:00,5264.0,5265.0,5263.0,5263.0,1486.0,750566.0,750101.0
2026-06-23 14:41:00,5263.0,5264.0,5262.0,5263.0,781.0,750101.0,749867.0
2026-06-23 14:42:00,5263.0,5264.0,5262.0,5263.0,420.0,749867.0,749818.0
2026-06-23 14:43:00,5263.0,5264.0,5263.0,5264.0,478.0,749818.0,749916.0
2026-06-23 14:44:00,5264.0,5265.0,5262.0,5263.0,865.0,749916.0,749653.0
2026-06-23 14:45:00,5263.0,5263.0,5260.0,5261.0,1317.0,749653.0,749542.0
2026-06-23 14:46:00,5261.0,5262.0,5261.0,5262.0,299.0,749542.0,749494.0
2026-06-23 14:47:00,5262.0,5262.0,5261.0,5262.0,1126.0,749494.0,749508.0
2026-06-23 14:48:00,5262.0,5263.0,5262.0,5262.0,457.0,749508.0,749426.0
2026-06-23 14:49:00,5262.0,5263.0,5261.0,5262.0,680.0,749426.0,749423.0
2026-06-23 14:50:00,5262.0,5263.0,5262.0,5263.0,1253.0,749423.0,749395.0
2026-06-23 14:51:00,5263.0,5266.0,5262.0,5265.0,1766.0,749395.0,749935.0
2026-06-23 14:52:00,5265.0,5266.0,5264.0,5264.0,2101.0,749935.0,750459.0
2026-06-23 14:53:00,5264.0,5267.0,5264.0,5267.0,1431.0,750459.0,750819.0
2026-06-23 14:54:00,5267.0,5268.0,5266.0,5267.0,1311.0,750819.0,750668.0
2026-06-23 14:55:00,5267.0,5269.0,5265.0,5268.0,2573.0,750668.0,751273.0
2026-06-23 14:56:00,5268.0,5271.0,5267.0,5268.0,2734.0,751273.0,751568.0
2026-06-23 14:57:00,5268.0,5269.0,5266.0,5267.0,1811.0,751568.0,751910.0
2026-06-23 14:58:00,5267.0,5268.0,5265.0,5266.0,1343.0,751910.0,752005.0
2026-06-23 14:59:00,5266.0,5266.0,5262.0,5264.0,3007.0,752005.0,751698.0
2026-06-23 21:00:00,5273.0,5284.0,5272.0,5280.0,14850.0,751698.0,749470.0
2026-06-23 21:01:00,5280.0,5281.0,5276.0,5278.0,6664.0,749470.0,748843.0
2026-06-23 21:02:00,5278.0,5280.0,5277.0,5278.0,3753.0,748843.0,748503.0
2026-06-23 21:03:00,5278.0,5278.0,5272.0,5274.0,4064.0,748503.0,748818.0
2026-06-23 21:04:00,5274.0,5278.0,5274.0,5277.0,3859.0,748818.0,748939.0
2026-06-23 21:05:00,5277.0,5285.0,5277.0,5284.0,6962.0,748939.0,748116.0
2026-06-23 21:06:00,5284.0,5286.0,5283.0,5283.0,5823.0,748116.0,747320.0
2026-06-23 21:07:00,5283.0,5285.0,5282.0,5285.0,3477.0,747320.0,747064.0
2026-06-23 21:08:00,5285.0,5285.0,5278.0,5278.0,4053.0,747064.0,746578.0
2026-06-23 21:09:00,5278.0,5280.0,5278.0,5279.0,3205.0,746578.0,746781.0
2026-06-23 21:10:00,5279.0,5280.0,5276.0,5277.0,1886.0,746781.0,746450.0
2026-06-23 21:11:00,5277.0,5281.0,5277.0,5281.0,2393.0,746450.0,745998.0
2026-06-23 21:12:00,5281.0,5281.0,5279.0,5280.0,2375.0,745998.0,746330.0
2026-06-23 21:13:00,5280.0,5281.0,5277.0,5277.0,1863.0,746330.0,746500.0
2026-06-23 21:14:00,5277.0,5279.0,5276.0,5277.0,1448.0,746500.0,746436.0
2026-06-23 21:15:00,5277.0,5278.0,5276.0,5277.0,725.0,746436.0,746403.0
2026-06-23 21:16:00,5277.0,5280.0,5277.0,5279.0,2040.0,746403.0,746822.0
2026-06-23 21:17:00,5279.0,5280.0,5277.0,5279.0,928.0,746822.0,746932.0
2026-06-23 21:18:00,5279.0,5283.0,5279.0,5283.0,2367.0,746932.0,747106.0
2026-06-23 21:19:00,5283.0,5285.0,5282.0,5283.0,1795.0,747106.0,747022.0
2026-06-23 21:20:00,5283.0,5284.0,5280.0,5281.0,1759.0,747022.0,747266.0
2026-06-23 21:21:00,5281.0,5282.0,5280.0,5281.0,1525.0,747266.0,747279.0
2026-06-23 21:22:00,5281.0,5282.0,5280.0,5281.0,583.0,747279.0,747348.0
2026-06-23 21:23:00,5281.0,5281.0,5279.0,5281.0,691.0,747348.0,747452.0
2026-06-23 21:24:00,5281.0,5281.0,5280.0,5280.0,499.0,747452.0,747495.0
2026-06-23 21:25:00,5280.0,5281.0,5278.0,5278.0,1179.0,747495.0,747538.0
2026-06-23 21:26:00,5278.0,5280.0,5278.0,5280.0,1310.0,747538.0,747660.0
2026-06-23 21:27:00,5280.0,5280.0,5277.0,5278.0,1143.0,747660.0,747763.0
2026-06-23 21:28:00,5278.0,5278.0,5276.0,5277.0,1473.0,747763.0,748065.0
2026-06-23 21:29:00,5277.0,5278.0,5273.0,5274.0,3006.0,748065.0,747160.0
2026-06-23 21:30:00,5274.0,5276.0,5274.0,5276.0,663.0,747160.0,747121.0
2026-06-23 21:31:00,5276.0,5278.0,5276.0,5277.0,707.0,747121.0,747022.0
2026-06-23 21:32:00,5277.0,5278.0,5275.0,5276.0,1201.0,747022.0,747305.0
2026-06-23 21:33:00,5276.0,5277.0,5275.0,5276.0,527.0,747305.0,747395.0
2026-06-23 21:34:00,5276.0,5277.0,5275.0,5276.0,451.0,747395.0,747360.0
2026-06-23 21:35:00,5276.0,5276.0,5274.0,5274.0,1040.0,747360.0,747592.0
2026-06-23 21:36:00,5274.0,5275.0,5273.0,5273.0,704.0,747592.0,747616.0
2026-06-23 21:37:00,5273.0,5274.0,5271.0,5272.0,1732.0,747616.0,747855.0
2026-06-23 21:38:00,5272.0,5272.0,5271.0,5271.0,1349.0,747855.0,748199.0
2026-06-23 21:39:00,5271.0,5272.0,5271.0,5272.0,353.0,748199.0,748369.0
2026-06-23 21:40:00,5272.0,5273.0,5271.0,5272.0,1228.0,748369.0,748635.0
2026-06-23 21:41:00,5272.0,5274.0,5272.0,5274.0,419.0,748635.0,748710.0
2026-06-23 21:42:00,5274.0,5274.0,5272.0,5274.0,424.0,748710.0,748831.0
2026-06-23 21:43:00,5274.0,5277.0,5274.0,5276.0,1438.0,748831.0,749112.0
2026-06-23 21:44:00,5276.0,5276.0,5274.0,5275.0,425.0,749112.0,749282.0
2026-06-23 21:45:00,5275.0,5276.0,5274.0,5276.0,574.0,749282.0,749479.0
2026-06-23 21:46:00,5276.0,5276.0,5274.0,5275.0,408.0,749479.0,749531.0
2026-06-23 21:47:00,5275.0,5275.0,5273.0,5274.0,376.0,749531.0,749574.0
2026-06-23 21:48:00,5274.0,5276.0,5274.0,5276.0,817.0,749574.0,749340.0
2026-06-23 21:49:00,5276.0,5277.0,5275.0,5276.0,389.0,749340.0,749375.0
2026-06-23 21:50:00,5276.0,5277.0,5276.0,5276.0,373.0,749375.0,749533.0
2026-06-23 21:51:00,5276.0,5277.0,5274.0,5274.0,773.0,749533.0,750037.0
2026-06-23 21:52:00,5274.0,5275.0,5274.0,5274.0,67.0,750037.0,750082.0
2026-06-23 21:53:00,5274.0,5275.0,5274.0,5274.0,62.0,750082.0,750085.0
2026-06-23 21:54:00,5274.0,5275.0,5274.0,5275.0,95.0,750085.0,750111.0
2026-06-23 21:55:00,5275.0,5275.0,5274.0,5275.0,168.0,750111.0,750145.0
2026-06-23 21:56:00,5275.0,5277.0,5272.0,5273.0,2297.0,750145.0,751197.0
2026-06-23 21:57:00,5273.0,5274.0,5272.0,5274.0,285.0,751197.0,751261.0
2026-06-23 21:58:00,5274.0,5274.0,5272.0,5273.0,461.0,751261.0,751448.0
2026-06-23 21:59:00,5273.0,5275.0,5273.0,5274.0,363.0,751448.0,751576.0
2026-06-23 22:00:00,5274.0,5276.0,5274.0,5275.0,439.0,751576.0,751570.0
2026-06-23 22:01:00,5275.0,5277.0,5274.0,5276.0,596.0,751570.0,751455.0
2026-06-23 22:02:00,5276.0,5277.0,5275.0,5276.0,365.0,751455.0,751533.0
2026-06-23 22:03:00,5276.0,5279.0,5276.0,5278.0,4567.0,751533.0,750495.0
2026-06-23 22:04:00,5278.0,5279.0,5276.0,5277.0,563.0,750495.0,750421.0
2026-06-23 22:05:00,5277.0,5277.0,5275.0,5275.0,196.0,750421.0,750366.0
2026-06-23 22:06:00,5275.0,5276.0,5275.0,5275.0,338.0,750366.0,750398.0
2026-06-23 22:07:00,5275.0,5277.0,5275.0,5275.0,375.0,750398.0,750358.0
2026-06-23 22:08:00,5275.0,5277.0,5275.0,5277.0,164.0,750358.0,750332.0
2026-06-23 22:09:00,5277.0,5278.0,5276.0,5277.0,651.0,750332.0,750178.0
2026-06-23 22:10:00,5277.0,5279.0,5276.0,5278.0,748.0,750178.0,749977.0
2026-06-23 22:11:00,5278.0,5278.0,5277.0,5278.0,599.0,749977.0,749753.0
2026-06-23 22:12:00,5278.0,5278.0,5276.0,5276.0,1486.0,749753.0,750075.0
2026-06-23 22:13:00,5276.0,5277.0,5275.0,5276.0,133.0,750075.0,750070.0
2026-06-23 22:14:00,5276.0,5278.0,5276.0,5278.0,232.0,750070.0,750042.0
2026-06-23 22:15:00,5278.0,5278.0,5277.0,5278.0,125.0,750042.0,750081.0
2026-06-23 22:16:00,5278.0,5278.0,5276.0,5276.0,411.0,750081.0,749942.0
2026-06-23 22:17:00,5276.0,5278.0,5276.0,5278.0,208.0,749942.0,749984.0
2026-06-23 22:18:00,5278.0,5278.0,5277.0,5277.0,167.0,749984.0,749931.0
2026-06-23 22:19:00,5277.0,5278.0,5276.0,5278.0,318.0,749931.0,749977.0
2026-06-23 22:20:00,5278.0,5278.0,5277.0,5277.0,671.0,749977.0,749920.0
2026-06-23 22:21:00,5277.0,5279.0,5277.0,5279.0,546.0,749920.0,749830.0
2026-06-23 22:22:00,5279.0,5279.0,5278.0,5278.0,250.0,749830.0,749815.0
2026-06-23 22:23:00,5278.0,5278.0,5276.0,5277.0,237.0,749815.0,749776.0
2026-06-23 22:24:00,5277.0,5277.0,5273.0,5275.0,1537.0,749776.0,749827.0
2026-06-23 22:25:00,5275.0,5275.0,5274.0,5274.0,233.0,749827.0,749956.0
2026-06-23 22:26:00,5274.0,5276.0,5274.0,5274.0,444.0,749956.0,749971.0
2026-06-23 22:27:00,5274.0,5275.0,5273.0,5274.0,728.0,749971.0,750367.0
2026-06-23 22:28:00,5274.0,5275.0,5273.0,5274.0,217.0,750367.0,750348.0
2026-06-23 22:29:00,5274.0,5275.0,5274.0,5274.0,762.0,750348.0,750094.0
2026-06-23 22:30:00,5274.0,5275.0,5272.0,5273.0,1028.0,750094.0,750550.0
2026-06-23 22:31:00,5273.0,5274.0,5273.0,5273.0,269.0,750550.0,750485.0
2026-06-23 22:32:00,5273.0,5274.0,5272.0,5273.0,571.0,750485.0,750633.0
2026-06-23 22:33:00,5273.0,5274.0,5272.0,5273.0,430.0,750633.0,750695.0
2026-06-23 22:34:00,5273.0,5273.0,5272.0,5273.0,183.0,750695.0,750733.0
2026-06-23 22:35:00,5273.0,5273.0,5271.0,5273.0,1482.0,750733.0,750614.0
2026-06-23 22:36:00,5273.0,5274.0,5272.0,5273.0,832.0,750614.0,750598.0
2026-06-23 22:37:00,5273.0,5274.0,5273.0,5274.0,489.0,750598.0,750431.0
2026-06-23 22:38:00,5274.0,5276.0,5273.0,5275.0,689.0,750431.0,750230.0
2026-06-23 22:39:00,5275.0,5277.0,5274.0,5277.0,579.0,750230.0,750139.0
2026-06-23 22:40:00,5277.0,5277.0,5275.0,5276.0,472.0,750139.0,750120.0
2026-06-23 22:41:00,5276.0,5277.0,5275.0,5276.0,229.0,750120.0,750095.0
2026-06-23 22:42:00,5276.0,5277.0,5275.0,5276.0,336.0,750095.0,750042.0
2026-06-23 22:43:00,5276.0,5276.0,5275.0,5275.0,108.0,750042.0,750044.0
2026-06-23 22:44:00,5275.0,5276.0,5275.0,5275.0,101.0,750044.0,750051.0
2026-06-23 22:45:00,5275.0,5276.0,5275.0,5275.0,82.0,750051.0,750021.0
2026-06-23 22:46:00,5275.0,5279.0,5275.0,5279.0,2501.0,750021.0,749442.0
2026-06-23 22:47:00,5279.0,5282.0,5278.0,5281.0,2275.0,749442.0,748632.0
2026-06-23 22:48:00,5281.0,5282.0,5280.0,5281.0,981.0,748632.0,748335.0
2026-06-23 22:49:00,5281.0,5283.0,5280.0,5282.0,1708.0,748335.0,748227.0
2026-06-23 22:50:00,5282.0,5283.0,5280.0,5280.0,810.0,748227.0,747943.0
2026-06-23 22:51:00,5280.0,5281.0,5280.0,5280.0,581.0,747943.0,747708.0
2026-06-23 22:52:00,5280.0,5281.0,5279.0,5279.0,393.0,747708.0,747678.0
2026-06-23 22:53:00,5279.0,5280.0,5278.0,5278.0,692.0,747678.0,747598.0
2026-06-23 22:54:00,5278.0,5279.0,5277.0,5277.0,272.0,747598.0,747642.0
2026-06-23 22:55:00,5277.0,5279.0,5277.0,5278.0,681.0,747642.0,747555.0
2026-06-23 22:56:00,5278.0,5279.0,5277.0,5279.0,337.0,747555.0,747639.0
2026-06-23 22:57:00,5279.0,5279.0,5278.0,5278.0,191.0,747639.0,747547.0
2026-06-23 22:58:00,5278.0,5279.0,5278.0,5278.0,905.0,747547.0,747301.0
2026-06-23 22:59:00,5278.0,5280.0,5278.0,5279.0,1194.0,747301.0,746715.0
2026-06-24 09:00:00,5279.0,5280.0,5274.0,5274.0,2972.0,746715.0,746649.0
2026-06-24 09:01:00,5274.0,5278.0,5274.0,5277.0,1408.0,746649.0,746437.0
2026-06-24 09:02:00,5277.0,5279.0,5276.0,5276.0,1196.0,746437.0,746222.0
2026-06-24 09:03:00,5276.0,5276.0,5272.0,5272.0,1249.0,746222.0,746440.0
2026-06-24 09:04:00,5272.0,5273.0,5268.0,5269.0,3301.0,746440.0,746483.0
2026-06-24 09:05:00,5269.0,5272.0,5268.0,5268.0,1123.0,746483.0,746408.0
2026-06-24 09:06:00,5268.0,5270.0,5267.0,5268.0,1574.0,746408.0,746252.0
2026-06-24 09:07:00,5268.0,5270.0,5266.0,5266.0,1631.0,746252.0,746069.0
2026-06-24 09:08:00,5266.0,5271.0,5266.0,5270.0,1464.0,746069.0,746101.0
2026-06-24 09:09:00,5270.0,5270.0,5269.0,5270.0,1172.0,746101.0,745833.0
2026-06-24 09:10:00,5270.0,5273.0,5270.0,5272.0,1323.0,745833.0,745921.0
2026-06-24 09:11:00,5272.0,5273.0,5271.0,5273.0,698.0,745921.0,745832.0
2026-06-24 09:12:00,5273.0,5278.0,5273.0,5278.0,2107.0,745832.0,745991.0
2026-06-24 09:13:00,5278.0,5278.0,5275.0,5275.0,1167.0,745991.0,745963.0
2026-06-24 09:14:00,5275.0,5279.0,5275.0,5278.0,938.0,745963.0,746083.0
2026-06-24 09:15:00,5278.0,5280.0,5278.0,5279.0,1295.0,746083.0,746182.0
2026-06-24 09:16:00,5279.0,5279.0,5277.0,5278.0,1039.0,746182.0,746128.0
2026-06-24 09:17:00,5278.0,5280.0,5278.0,5279.0,1041.0,746128.0,746065.0
2026-06-24 09:18:00,5279.0,5281.0,5279.0,5280.0,1889.0,746065.0,746344.0
2026-06-24 09:19:00,5280.0,5283.0,5280.0,5283.0,2161.0,746344.0,746590.0
2026-06-24 09:20:00,5283.0,5283.0,5281.0,5282.0,1600.0,746590.0,746617.0
2026-06-24 09:21:00,5282.0,5282.0,5280.0,5282.0,1606.0,746617.0,746322.0
2026-06-24 09:22:00,5282.0,5284.0,5280.0,5280.0,1508.0,746322.0,746263.0
2026-06-24 09:23:00,5280.0,5281.0,5279.0,5280.0,633.0,746263.0,746444.0
2026-06-24 09:24:00,5280.0,5281.0,5278.0,5278.0,823.0,746444.0,746685.0
2026-06-24 09:25:00,5278.0,5281.0,5278.0,5280.0,717.0,746685.0,746850.0
2026-06-24 09:26:00,5280.0,5280.0,5278.0,5279.0,464.0,746850.0,746949.0
2026-06-24 09:27:00,5279.0,5281.0,5279.0,5280.0,397.0,746949.0,746863.0
2026-06-24 09:28:00,5280.0,5281.0,5279.0,5279.0,469.0,746863.0,746802.0
2026-06-24 09:29:00,5279.0,5280.0,5277.0,5279.0,1250.0,746802.0,746900.0
2026-06-24 09:30:00,5279.0,5279.0,5276.0,5277.0,1339.0,746900.0,747418.0
2026-06-24 09:31:00,5277.0,5279.0,5276.0,5279.0,1463.0,747418.0,747167.0
2026-06-24 09:32:00,5279.0,5279.0,5276.0,5276.0,665.0,747167.0,747186.0
2026-06-24 09:33:00,5276.0,5277.0,5275.0,5276.0,775.0,747186.0,747123.0
2026-06-24 09:34:00,5276.0,5277.0,5276.0,5277.0,295.0,747123.0,747103.0
2026-06-24 09:35:00,5277.0,5278.0,5276.0,5278.0,779.0,747103.0,747258.0
2026-06-24 09:36:00,5278.0,5280.0,5277.0,5279.0,1516.0,747258.0,747087.0
2026-06-24 09:37:00,5279.0,5279.0,5277.0,5277.0,643.0,747087.0,746934.0
2026-06-24 09:38:00,5277.0,5278.0,5275.0,5275.0,642.0,746934.0,746991.0
2026-06-24 09:39:00,5275.0,5276.0,5275.0,5275.0,1139.0,746991.0,747186.0
2026-06-24 09:40:00,5275.0,5277.0,5275.0,5276.0,606.0,747186.0,747141.0
2026-06-24 09:41:00,5276.0,5277.0,5275.0,5275.0,786.0,747141.0,747094.0
2026-06-24 09:42:00,5275.0,5276.0,5274.0,5275.0,227.0,747094.0,746999.0
2026-06-24 09:43:00,5275.0,5275.0,5274.0,5274.0,267.0,746999.0,747008.0
2026-06-24 09:44:00,5274.0,5277.0,5274.0,5276.0,675.0,747008.0,747155.0
2026-06-24 09:45:00,5276.0,5276.0,5275.0,5275.0,99.0,747155.0,747110.0
2026-06-24 09:46:00,5275.0,5278.0,5275.0,5278.0,478.0,747110.0,747091.0
2026-06-24 09:47:00,5278.0,5278.0,5275.0,5276.0,523.0,747091.0,747059.0
2026-06-24 09:48:00,5276.0,5276.0,5273.0,5275.0,626.0,747059.0,747160.0
2026-06-24 09:49:00,5275.0,5275.0,5272.0,5272.0,684.0,747160.0,747364.0
2026-06-24 09:50:00,5272.0,5274.0,5272.0,5273.0,961.0,747364.0,747496.0
2026-06-24 09:51:00,5273.0,5273.0,5270.0,5272.0,1752.0,747496.0,747949.0
2026-06-24 09:52:00,5272.0,5275.0,5272.0,5273.0,1821.0,747949.0,748124.0
2026-06-24 09:53:00,5273.0,5273.0,5271.0,5271.0,243.0,748124.0,748147.0
2026-06-24 09:54:00,5271.0,5272.0,5269.0,5269.0,3029.0,748147.0,747670.0
2026-06-24 09:55:00,5269.0,5271.0,5269.0,5269.0,1327.0,747670.0,747515.0
2026-06-24 09:56:00,5269.0,5270.0,5268.0,5269.0,1074.0,747515.0,747798.0
2026-06-24 09:57:00,5269.0,5272.0,5269.0,5272.0,673.0,747798.0,747735.0
2026-06-24 09:58:00,5272.0,5273.0,5271.0,5272.0,572.0,747735.0,747775.0
2026-06-24 09:59:00,5272.0,5272.0,5271.0,5271.0,281.0,747775.0,747702.0
2026-06-24 10:00:00,5271.0,5272.0,5269.0,5269.0,1530.0,747702.0,748286.0
2026-06-24 10:01:00,5269.0,5272.0,5269.0,5271.0,436.0,748286.0,748353.0
2026-06-24 10:02:00,5271.0,5272.0,5269.0,5269.0,865.0,748353.0,748373.0
2026-06-24 10:03:00,5269.0,5270.0,5269.0,5270.0,398.0,748373.0,748384.0
2026-06-24 10:04:00,5270.0,5270.0,5268.0,5268.0,952.0,748384.0,748531.0
2026-06-24 10:05:00,5268.0,5269.0,5268.0,5268.0,1229.0,748531.0,748726.0
2026-06-24 10:06:00,5268.0,5268.0,5266.0,5267.0,1507.0,748726.0,748800.0
2026-06-24 10:07:00,5267.0,5268.0,5265.0,5265.0,1566.0,748800.0,748521.0
2026-06-24 10:08:00,5265.0,5267.0,5264.0,5266.0,3571.0,748521.0,749082.0
2026-06-24 10:09:00,5266.0,5267.0,5265.0,5266.0,452.0,749082.0,749146.0
2026-06-24 10:10:00,5266.0,5269.0,5266.0,5268.0,931.0,749146.0,748950.0
2026-06-24 10:11:00,5268.0,5268.0,5267.0,5268.0,1221.0,748950.0,749257.0
2026-06-24 10:12:00,5268.0,5269.0,5267.0,5267.0,660.0,749257.0,749266.0
2026-06-24 10:13:00,5267.0,5268.0,5267.0,5267.0,592.0,749266.0,749298.0
2026-06-24 10:14:00,5267.0,5268.0,5266.0,5267.0,666.0,749298.0,749493.0
2026-06-24 10:30:00,5267.0,5267.0,5261.0,5263.0,2760.0,749493.0,749900.0
2026-06-24 10:31:00,5263.0,5263.0,5261.0,5261.0,1907.0,749900.0,750571.0
2026-06-24 10:32:00,5261.0,5262.0,5260.0,5260.0,1597.0,750571.0,750644.0
2026-06-24 10:33:00,5260.0,5262.0,5258.0,5262.0,4090.0,750644.0,752066.0
2026-06-24 10:34:00,5262.0,5263.0,5261.0,5263.0,954.0,752066.0,752147.0
2026-06-24 10:35:00,5263.0,5264.0,5263.0,5263.0,587.0,752147.0,752191.0
2026-06-24 10:36:00,5263.0,5265.0,5263.0,5264.0,947.0,752191.0,752082.0
2026-06-24 10:37:00,5264.0,5265.0,5262.0,5262.0,614.0,752082.0,752158.0
2026-06-24 10:38:00,5262.0,5264.0,5262.0,5262.0,616.0,752158.0,752136.0
2026-06-24 10:39:00,5262.0,5264.0,5262.0,5263.0,381.0,752136.0,752045.0
2026-06-24 10:40:00,5263.0,5265.0,5263.0,5263.0,1016.0,752045.0,751953.0
2026-06-24 10:41:00,5263.0,5265.0,5263.0,5263.0,653.0,751953.0,751814.0
2026-06-24 10:42:00,5263.0,5264.0,5262.0,5262.0,390.0,751814.0,751905.0
2026-06-24 10:43:00,5262.0,5263.0,5261.0,5261.0,434.0,751905.0,752122.0
2026-06-24 10:44:00,5261.0,5262.0,5260.0,5261.0,705.0,752122.0,751954.0
2026-06-24 10:45:00,5261.0,5263.0,5260.0,5263.0,1254.0,751954.0,751898.0
2026-06-24 10:46:00,5263.0,5263.0,5260.0,5260.0,1071.0,751898.0,752203.0
2026-06-24 10:47:00,5260.0,5260.0,5258.0,5259.0,3013.0,752203.0,752429.0
2026-06-24 10:48:00,5259.0,5260.0,5258.0,5259.0,1795.0,752429.0,752336.0
2026-06-24 10:49:00,5259.0,5259.0,5256.0,5256.0,1898.0,752336.0,752695.0
2026-06-24 10:50:00,5256.0,5258.0,5255.0,5256.0,2052.0,752695.0,752860.0
2026-06-24 10:51:00,5256.0,5256.0,5244.0,5247.0,11285.0,752860.0,754367.0
2026-06-24 10:52:00,5247.0,5249.0,5246.0,5248.0,3189.0,754367.0,754369.0
2026-06-24 10:53:00,5248.0,5251.0,5247.0,5251.0,3566.0,754369.0,754016.0
2026-06-24 10:54:00,5251.0,5252.0,5250.0,5251.0,1441.0,754016.0,754226.0
2026-06-24 10:55:00,5251.0,5255.0,5251.0,5254.0,3076.0,754226.0,753772.0
2026-06-24 10:56:00,5254.0,5255.0,5253.0,5254.0,1201.0,753772.0,753895.0
2026-06-24 10:57:00,5254.0,5257.0,5254.0,5254.0,1668.0,753895.0,753812.0
2026-06-24 10:58:00,5254.0,5255.0,5253.0,5253.0,973.0,753812.0,753902.0
2026-06-24 10:59:00,5253.0,5254.0,5253.0,5253.0,1469.0,753902.0,753882.0
2026-06-24 11:00:00,5253.0,5255.0,5253.0,5254.0,604.0,753882.0,754106.0
2026-06-24 11:01:00,5254.0,5254.0,5251.0,5252.0,1736.0,754106.0,754061.0
2026-06-24 11:02:00,5252.0,5253.0,5251.0,5252.0,1393.0,754061.0,753914.0
2026-06-24 11:03:00,5252.0,5253.0,5251.0,5252.0,618.0,753914.0,754087.0
2026-06-24 11:04:00,5252.0,5253.0,5251.0,5251.0,1264.0,754087.0,754018.0
2026-06-24 11:05:00,5251.0,5252.0,5249.0,5250.0,2469.0,754018.0,753805.0
2026-06-24 11:06:00,5250.0,5251.0,5248.0,5250.0,2310.0,753805.0,753784.0
2026-06-24 11:07:00,5250.0,5251.0,5249.0,5250.0,1481.0,753784.0,753806.0
2026-06-24 11:08:00,5250.0,5251.0,5249.0,5250.0,638.0,753806.0,753935.0
2026-06-24 11:09:00,5250.0,5252.0,5250.0,5251.0,739.0,753935.0,753897.0
2026-06-24 11:10:00,5251.0,5252.0,5250.0,5251.0,441.0,753897.0,753973.0
2026-06-24 11:11:00,5251.0,5252.0,5250.0,5252.0,640.0,753973.0,753902.0
2026-06-24 11:12:00,5252.0,5252.0,5250.0,5250.0,414.0,753902.0,754037.0
2026-06-24 11:13:00,5250.0,5252.0,5250.0,5251.0,632.0,754037.0,754247.0
2026-06-24 11:14:00,5251.0,5252.0,5250.0,5250.0,518.0,754247.0,754230.0
2026-06-24 11:15:00,5250.0,5252.0,5248.0,5249.0,1716.0,754230.0,754442.0
2026-06-24 11:16:00,5249.0,5251.0,5249.0,5249.0,611.0,754442.0,754447.0
2026-06-24 11:17:00,5249.0,5250.0,5248.0,5250.0,792.0,754447.0,754348.0
2026-06-24 11:18:00,5250.0,5250.0,5248.0,5249.0,546.0,754348.0,754274.0
2026-06-24 11:19:00,5249.0,5249.0,5247.0,5249.0,2640.0,754274.0,754258.0
2026-06-24 11:20:00,5249.0,5250.0,5248.0,5250.0,884.0,754258.0,754201.0
2026-06-24 11:21:00,5250.0,5251.0,5248.0,5250.0,1707.0,754201.0,754089.0
2026-06-24 11:22:00,5250.0,5251.0,5250.0,5251.0,674.0,754089.0,754207.0
2026-06-24 11:23:00,5251.0,5252.0,5250.0,5250.0,581.0,754207.0,754226.0
2026-06-24 11:24:00,5250.0,5251.0,5247.0,5248.0,1576.0,754226.0,753745.0
2026-06-24 11:25:00,5248.0,5250.0,5248.0,5249.0,669.0,753745.0,753748.0
2026-06-24 11:26:00,5249.0,5250.0,5249.0,5249.0,195.0,753748.0,753771.0
2026-06-24 11:27:00,5249.0,5251.0,5249.0,5250.0,747.0,753771.0,753667.0
2026-06-24 11:28:00,5250.0,5252.0,5250.0,5250.0,735.0,753667.0,753977.0
2026-06-24 11:29:00,5250.0,5251.0,5250.0,5250.0,515.0,753977.0,754004.0
2026-06-24 13:30:00,5250.0,5255.0,5250.0,5254.0,2650.0,754004.0,754041.0
2026-06-24 13:31:00,5254.0,5256.0,5253.0,5255.0,1475.0,754041.0,753970.0
2026-06-24 13:32:00,5255.0,5256.0,5254.0,5254.0,1012.0,753970.0,754028.0
2026-06-24 13:33:00,5254.0,5258.0,5254.0,5257.0,1818.0,754028.0,754390.0
2026-06-24 13:34:00,5257.0,5257.0,5255.0,5257.0,931.0,754390.0,754338.0
2026-06-24 13:35:00,5257.0,5257.0,5254.0,5254.0,1575.0,754338.0,754189.0
2026-06-24 13:36:00,5254.0,5255.0,5254.0,5255.0,416.0,754189.0,754077.0
2026-06-24 13:37:00,5255.0,5255.0,5253.0,5253.0,458.0,754077.0,754102.0
2026-06-24 13:38:00,5253.0,5254.0,5253.0,5253.0,168.0,754102.0,754052.0
2026-06-24 13:39:00,5253.0,5254.0,5251.0,5251.0,962.0,754052.0,753952.0
2026-06-24 13:40:00,5251.0,5252.0,5250.0,5251.0,1305.0,753952.0,754565.0
2026-06-24 13:41:00,5251.0,5251.0,5248.0,5249.0,1914.0,754565.0,754641.0
2026-06-24 13:42:00,5249.0,5250.0,5247.0,5248.0,1355.0,754641.0,754546.0
2026-06-24 13:43:00,5248.0,5251.0,5247.0,5250.0,1510.0,754546.0,754756.0
2026-06-24 13:44:00,5250.0,5252.0,5250.0,5250.0,806.0,754756.0,754497.0
2026-06-24 13:45:00,5250.0,5251.0,5247.0,5247.0,1463.0,754497.0,754294.0
2026-06-24 13:46:00,5247.0,5250.0,5246.0,5249.0,2817.0,754294.0,754090.0
2026-06-24 13:47:00,5249.0,5250.0,5248.0,5249.0,427.0,754090.0,754165.0
2026-06-24 13:48:00,5249.0,5250.0,5248.0,5249.0,521.0,754165.0,754316.0
2026-06-24 13:49:00,5249.0,5250.0,5248.0,5248.0,794.0,754316.0,754143.0
2026-06-24 13:50:00,5248.0,5249.0,5246.0,5247.0,1497.0,754143.0,754773.0
2026-06-24 13:51:00,5247.0,5249.0,5246.0,5249.0,886.0,754773.0,754943.0
2026-06-24 13:52:00,5249.0,5249.0,5248.0,5248.0,672.0,754943.0,754954.0
2026-06-24 13:53:00,5248.0,5249.0,5246.0,5247.0,308.0,754954.0,754990.0
2026-06-24 13:54:00,5247.0,5248.0,5246.0,5247.0,515.0,754990.0,754982.0
2026-06-24 13:55:00,5247.0,5247.0,5246.0,5247.0,585.0,754982.0,755108.0
2026-06-24 13:56:00,5247.0,5248.0,5246.0,5246.0,517.0,755108.0,755195.0
2026-06-24 13:57:00,5246.0,5247.0,5245.0,5247.0,1549.0,755195.0,755380.0
2026-06-24 13:58:00,5247.0,5247.0,5245.0,5246.0,619.0,755380.0,755615.0
2026-06-24 13:59:00,5246.0,5247.0,5245.0,5247.0,852.0,755615.0,755515.0
2026-06-24 14:00:00,5247.0,5249.0,5246.0,5249.0,867.0,755515.0,755617.0
2026-06-24 14:01:00,5249.0,5250.0,5248.0,5248.0,746.0,755617.0,755537.0
2026-06-24 14:02:00,5248.0,5250.0,5248.0,5250.0,885.0,755537.0,755426.0
2026-06-24 14:03:00,5250.0,5254.0,5250.0,5253.0,2450.0,755426.0,755349.0
2026-06-24 14:04:00,5253.0,5255.0,5253.0,5254.0,2030.0,755349.0,755484.0
2026-06-24 14:05:00,5254.0,5255.0,5252.0,5253.0,684.0,755484.0,755432.0
2026-06-24 14:06:00,5253.0,5253.0,5252.0,5252.0,399.0,755432.0,755470.0
2026-06-24 14:07:00,5252.0,5254.0,5252.0,5253.0,1275.0,755470.0,755773.0
2026-06-24 14:08:00,5253.0,5255.0,5252.0,5253.0,1040.0,755773.0,755697.0
2026-06-24 14:09:00,5253.0,5254.0,5251.0,5251.0,694.0,755697.0,755549.0
2026-06-24 14:10:00,5251.0,5252.0,5250.0,5250.0,876.0,755549.0,755823.0
2026-06-24 14:11:00,5250.0,5252.0,5250.0,5250.0,840.0,755823.0,756121.0
2026-06-24 14:12:00,5250.0,5251.0,5248.0,5250.0,748.0,756121.0,756422.0
2026-06-24 14:13:00,5250.0,5251.0,5249.0,5249.0,502.0,756422.0,756466.0
2026-06-24 14:14:00,5249.0,5250.0,5249.0,5249.0,152.0,756466.0,756525.0
2026-06-24 14:15:00,5249.0,5250.0,5249.0,5250.0,194.0,756525.0,756556.0
2026-06-24 14:16:00,5250.0,5252.0,5249.0,5251.0,711.0,756556.0,756689.0
2026-06-24 14:17:00,5251.0,5252.0,5250.0,5250.0,428.0,756689.0,756750.0
2026-06-24 14:18:00,5250.0,5251.0,5249.0,5249.0,423.0,756750.0,756822.0
2026-06-24 14:19:00,5249.0,5250.0,5249.0,5249.0,400.0,756822.0,756808.0
2026-06-24 14:20:00,5249.0,5250.0,5249.0,5249.0,434.0,756808.0,756676.0
2026-06-24 14:21:00,5249.0,5249.0,5247.0,5248.0,1346.0,756676.0,756589.0
2026-06-24 14:22:00,5248.0,5248.0,5246.0,5247.0,919.0,756589.0,756260.0
2026-06-24 14:23:00,5247.0,5247.0,5245.0,5246.0,1003.0,756260.0,756484.0
2026-06-24 14:24:00,5246.0,5247.0,5245.0,5245.0,716.0,756484.0,756511.0
2026-06-24 14:25:00,5245.0,5246.0,5244.0,5244.0,3012.0,756511.0,757473.0
2026-06-24 14:26:00,5244.0,5246.0,5243.0,5245.0,1559.0,757473.0,757292.0
2026-06-24 14:27:00,5245.0,5246.0,5244.0,5245.0,664.0,757292.0,757383.0
2026-06-24 14:28:00,5245.0,5246.0,5244.0,5245.0,650.0,757383.0,757259.0
2026-06-24 14:29:00,5245.0,5246.0,5244.0,5245.0,791.0,757259.0,757420.0
2026-06-24 14:30:00,5245.0,5247.0,5245.0,5246.0,1030.0,757420.0,757538.0
2026-06-24 14:31:00,5246.0,5248.0,5246.0,5248.0,982.0,757538.0,757315.0
2026-06-24 14:32:00,5248.0,5249.0,5247.0,5249.0,818.0,757315.0,757432.0
2026-06-24 14:33:00,5249.0,5249.0,5248.0,5249.0,393.0,757432.0,757663.0
2026-06-24 14:34:00,5249.0,5249.0,5247.0,5248.0,1077.0,757663.0,757840.0
2026-06-24 14:35:00,5248.0,5248.0,5246.0,5246.0,698.0,757840.0,757987.0
2026-06-24 14:36:00,5246.0,5248.0,5245.0,5248.0,701.0,757987.0,757814.0
2026-06-24 14:37:00,5248.0,5248.0,5246.0,5247.0,352.0,757814.0,757719.0
2026-06-24 14:38:00,5247.0,5247.0,5246.0,5246.0,742.0,757719.0,757788.0
2026-06-24 14:39:00,5246.0,5247.0,5245.0,5246.0,460.0,757788.0,757796.0
2026-06-24 14:40:00,5246.0,5246.0,5245.0,5245.0,342.0,757796.0,757915.0
2026-06-24 14:41:00,5245.0,5246.0,5245.0,5245.0,754.0,757915.0,757978.0
2026-06-24 14:42:00,5245.0,5247.0,5245.0,5246.0,489.0,757978.0,757877.0
2026-06-24 14:43:00,5246.0,5246.0,5244.0,5245.0,648.0,757877.0,758085.0
2026-06-24 14:44:00,5245.0,5246.0,5244.0,5245.0,543.0,758085.0,758116.0
2026-06-24 14:45:00,5245.0,5246.0,5245.0,5245.0,246.0,758116.0,758078.0
2026-06-24 14:46:00,5245.0,5246.0,5244.0,5244.0,1036.0,758078.0,758106.0
2026-06-24 14:47:00,5244.0,5244.0,5242.0,5244.0,1980.0,758106.0,758405.0
2026-06-24 14:48:00,5244.0,5245.0,5243.0,5244.0,644.0,758405.0,758474.0
2026-06-24 14:49:00,5244.0,5245.0,5244.0,5245.0,480.0,758474.0,758492.0
2026-06-24 14:50:00,5245.0,5246.0,5243.0,5243.0,1337.0,758492.0,758542.0
2026-06-24 14:51:00,5243.0,5244.0,5243.0,5243.0,468.0,758542.0,758582.0
2026-06-24 14:52:00,5243.0,5245.0,5243.0,5244.0,1237.0,758582.0,758641.0
2026-06-24 14:53:00,5244.0,5244.0,5240.0,5241.0,3770.0,758641.0,759267.0
2026-06-24 14:54:00,5241.0,5242.0,5240.0,5241.0,1775.0,759267.0,759271.0
2026-06-24 14:55:00,5241.0,5241.0,5238.0,5239.0,2656.0,759271.0,759034.0
2026-06-24 14:56:00,5239.0,5240.0,5237.0,5238.0,2826.0,759034.0,759459.0
2026-06-24 14:57:00,5238.0,5240.0,5238.0,5238.0,2134.0,759459.0,758877.0
2026-06-24 14:58:00,5238.0,5241.0,5238.0,5241.0,1969.0,758877.0,758689.0
2026-06-24 14:59:00,5241.0,5242.0,5240.0,5241.0,2086.0,758689.0,758711.0
2026-06-24 21:00:00,5241.0,5243.0,5238.0,5241.0,9001.0,758711.0,759038.0
2026-06-24 21:01:00,5241.0,5242.0,5237.0,5237.0,4139.0,759038.0,759760.0
2026-06-24 21:02:00,5237.0,5240.0,5235.0,5240.0,3753.0,759760.0,760370.0
2026-06-24 21:03:00,5240.0,5242.0,5238.0,5239.0,2686.0,760370.0,760748.0
2026-06-24 21:04:00,5239.0,5240.0,5236.0,5236.0,2014.0,760748.0,760920.0
2026-06-24 21:05:00,5236.0,5238.0,5235.0,5237.0,3132.0,760920.0,761229.0
2026-06-24 21:06:00,5237.0,5238.0,5237.0,5238.0,1294.0,761229.0,761443.0
2026-06-24 21:07:00,5238.0,5239.0,5236.0,5237.0,1361.0,761443.0,761500.0
2026-06-24 21:08:00,5237.0,5237.0,5235.0,5237.0,1338.0,761500.0,761468.0
2026-06-24 21:09:00,5237.0,5239.0,5237.0,5239.0,757.0,761468.0,761638.0
2026-06-24 21:10:00,5239.0,5239.0,5236.0,5238.0,1432.0,761638.0,761903.0
2026-06-24 21:11:00,5238.0,5238.0,5235.0,5236.0,1909.0,761903.0,762152.0
2026-06-24 21:12:00,5236.0,5237.0,5233.0,5235.0,2304.0,762152.0,762225.0
2026-06-24 21:13:00,5235.0,5236.0,5233.0,5233.0,2100.0,762225.0,761856.0
2026-06-24 21:14:00,5233.0,5235.0,5232.0,5234.0,3566.0,761856.0,762266.0
2026-06-24 21:15:00,5234.0,5236.0,5231.0,5232.0,2394.0,762266.0,762573.0
2026-06-24 21:16:00,5232.0,5233.0,5230.0,5230.0,2795.0,762573.0,762627.0
2026-06-24 21:17:00,5230.0,5232.0,5229.0,5230.0,2611.0,762627.0,763068.0
2026-06-24 21:18:00,5230.0,5231.0,5228.0,5229.0,2769.0,763068.0,763010.0
2026-06-24 21:19:00,5229.0,5230.0,5228.0,5228.0,1657.0,763010.0,763125.0
2026-06-24 21:20:00,5228.0,5229.0,5227.0,5228.0,901.0,763125.0,763105.0
2026-06-24 21:21:00,5228.0,5229.0,5227.0,5228.0,1719.0,763105.0,763189.0
2026-06-24 21:22:00,5228.0,5229.0,5227.0,5227.0,800.0,763189.0,763334.0
2026-06-24 21:23:00,5227.0,5228.0,5226.0,5227.0,1386.0,763334.0,763610.0
2026-06-24 21:24:00,5227.0,5228.0,5227.0,5227.0,1700.0,763610.0,763814.0
2026-06-24 21:25:00,5227.0,5229.0,5227.0,5228.0,1345.0,763814.0,764097.0
2026-06-24 21:26:00,5228.0,5228.0,5226.0,5226.0,1458.0,764097.0,764208.0
2026-06-24 21:27:00,5226.0,5228.0,5225.0,5226.0,1325.0,764208.0,763908.0
2026-06-24 21:28:00,5226.0,5227.0,5223.0,5224.0,2771.0,763908.0,764564.0
2026-06-24 21:29:00,5224.0,5224.0,5221.0,5221.0,3847.0,764564.0,764304.0
2026-06-24 21:30:00,5221.0,5223.0,5220.0,5221.0,3302.0,764304.0,763754.0
2026-06-24 21:31:00,5221.0,5222.0,5219.0,5220.0,4338.0,763754.0,762745.0
2026-06-24 21:32:00,5220.0,5224.0,5220.0,5224.0,2874.0,762745.0,762542.0
2026-06-24 21:33:00,5224.0,5225.0,5220.0,5221.0,1943.0,762542.0,762767.0
2026-06-24 21:34:00,5221.0,5225.0,5220.0,5224.0,1337.0,762767.0,763013.0
2026-06-24 21:35:00,5224.0,5225.0,5224.0,5225.0,964.0,763013.0,763176.0
2026-06-24 21:36:00,5225.0,5227.0,5225.0,5226.0,1920.0,763176.0,763472.0
2026-06-24 21:37:00,5226.0,5226.0,5223.0,5225.0,943.0,763472.0,763425.0
2026-06-24 21:38:00,5225.0,5226.0,5224.0,5224.0,1144.0,763425.0,763570.0
2026-06-24 21:39:00,5224.0,5226.0,5221.0,5223.0,1090.0,763570.0,763620.0
2026-06-24 21:40:00,5223.0,5223.0,5221.0,5222.0,1196.0,763620.0,763975.0
2026-06-24 21:41:00,5222.0,5224.0,5221.0,5223.0,592.0,763975.0,763882.0
2026-06-24 21:42:00,5223.0,5224.0,5222.0,5223.0,279.0,763882.0,763951.0
2026-06-24 21:43:00,5223.0,5223.0,5222.0,5222.0,701.0,763951.0,763973.0
2026-06-24 21:44:00,5222.0,5223.0,5222.0,5223.0,254.0,763973.0,764051.0
2026-06-24 21:45:00,5223.0,5227.0,5222.0,5226.0,1275.0,764051.0,763841.0
2026-06-24 21:46:00,5226.0,5227.0,5224.0,5225.0,1248.0,763841.0,763955.0
2026-06-24 21:47:00,5225.0,5226.0,5223.0,5224.0,1581.0,763955.0,764580.0
2026-06-24 21:48:00,5224.0,5226.0,5224.0,5225.0,730.0,764580.0,764574.0
2026-06-24 21:49:00,5225.0,5227.0,5225.0,5226.0,1277.0,764574.0,764686.0
2026-06-24 21:50:00,5226.0,5230.0,5226.0,5229.0,2745.0,764686.0,764263.0
2026-06-24 21:51:00,5229.0,5231.0,5229.0,5229.0,1917.0,764263.0,763855.0
2026-06-24 21:52:00,5229.0,5229.0,5228.0,5229.0,571.0,763855.0,763997.0
2026-06-24 21:53:00,5229.0,5230.0,5228.0,5228.0,1273.0,763997.0,764080.0
2026-06-24 21:54:00,5228.0,5230.0,5227.0,5228.0,556.0,764080.0,764086.0
2026-06-24 21:55:00,5228.0,5228.0,5226.0,5228.0,888.0,764086.0,764204.0
2026-06-24 21:56:00,5228.0,5229.0,5227.0,5227.0,502.0,764204.0,764232.0
2026-06-24 21:57:00,5227.0,5229.0,5227.0,5228.0,615.0,764232.0,764298.0
2026-06-24 21:58:00,5228.0,5229.0,5224.0,5224.0,1648.0,764298.0,764610.0
2026-06-24 21:59:00,5224.0,5226.0,5224.0,5224.0,728.0,764610.0,764572.0
2026-06-24 22:00:00,5224.0,5225.0,5222.0,5223.0,1969.0,764572.0,764846.0
2026-06-24 22:01:00,5223.0,5226.0,5223.0,5225.0,987.0,764846.0,765104.0
2026-06-24 22:02:00,5225.0,5225.0,5223.0,5224.0,1010.0,765104.0,764856.0
2026-06-24 22:03:00,5224.0,5226.0,5222.0,5224.0,1503.0,764856.0,764703.0
2026-06-24 22:04:00,5224.0,5225.0,5224.0,5224.0,516.0,764703.0,764742.0
2026-06-24 22:05:00,5224.0,5228.0,5224.0,5228.0,711.0,764742.0,764826.0
2026-06-24 22:06:00,5228.0,5228.0,5226.0,5226.0,440.0,764826.0,764796.0
2026-06-24 22:07:00,5226.0,5227.0,5226.0,5227.0,123.0,764796.0,764808.0
2026-06-24 22:08:00,5227.0,5228.0,5226.0,5227.0,441.0,764808.0,764700.0
2026-06-24 22:09:00,5227.0,5227.0,5226.0,5226.0,489.0,764700.0,764735.0
2026-06-24 22:10:00,5226.0,5228.0,5226.0,5228.0,385.0,764735.0,764788.0
2026-06-24 22:11:00,5228.0,5230.0,5227.0,5229.0,803.0,764788.0,764905.0
2026-06-24 22:12:00,5229.0,5230.0,5227.0,5227.0,636.0,764905.0,764955.0
2026-06-24 22:13:00,5227.0,5229.0,5227.0,5229.0,195.0,764955.0,765001.0
2026-06-24 22:14:00,5229.0,5229.0,5227.0,5228.0,714.0,765001.0,765020.0
2026-06-24 22:15:00,5228.0,5229.0,5227.0,5228.0,209.0,765020.0,765068.0
2026-06-24 22:16:00,5228.0,5229.0,5228.0,5229.0,467.0,765068.0,765089.0
2026-06-24 22:17:00,5229.0,5229.0,5228.0,5229.0,689.0,765089.0,765217.0
2026-06-24 22:18:00,5229.0,5230.0,5228.0,5228.0,526.0,765217.0,765270.0
2026-06-24 22:19:00,5228.0,5230.0,5228.0,5229.0,1740.0,765270.0,765002.0
2026-06-24 22:20:00,5229.0,5230.0,5228.0,5229.0,462.0,765002.0,764877.0
2026-06-24 22:21:00,5229.0,5230.0,5228.0,5229.0,964.0,764877.0,764981.0
2026-06-24 22:22:00,5229.0,5231.0,5229.0,5230.0,264.0,764981.0,764939.0
2026-06-24 22:23:00,5230.0,5234.0,5230.0,5233.0,2071.0,764939.0,764283.0
2026-06-24 22:24:00,5233.0,5234.0,5232.0,5234.0,972.0,764283.0,763998.0
2026-06-24 22:25:00,5234.0,5235.0,5233.0,5235.0,1711.0,763998.0,763500.0
2026-06-24 22:26:00,5235.0,5236.0,5233.0,5234.0,1747.0,763500.0,763483.0
2026-06-24 22:27:00,5234.0,5238.0,5233.0,5237.0,1870.0,763483.0,763616.0
2026-06-24 22:28:00,5237.0,5238.0,5236.0,5236.0,1141.0,763616.0,763719.0
2026-06-24 22:29:00,5236.0,5239.0,5236.0,5239.0,1312.0,763719.0,763923.0
2026-06-24 22:30:00,5239.0,5239.0,5237.0,5238.0,1407.0,763923.0,764111.0
2026-06-24 22:31:00,5238.0,5238.0,5236.0,5237.0,993.0,764111.0,763967.0
2026-06-24 22:32:00,5237.0,5240.0,5237.0,5239.0,1314.0,763967.0,763827.0
2026-06-24 22:33:00,5239.0,5242.0,5239.0,5242.0,3453.0,763827.0,763956.0
2026-06-24 22:34:00,5242.0,5243.0,5240.0,5242.0,1950.0,763956.0,763984.0
2026-06-24 22:35:00,5242.0,5242.0,5240.0,5240.0,947.0,763984.0,764101.0
2026-06-24 22:36:00,5240.0,5242.0,5240.0,5241.0,875.0,764101.0,763984.0
2026-06-24 22:37:00,5241.0,5241.0,5238.0,5238.0,1320.0,763984.0,763650.0
2026-06-24 22:38:00,5238.0,5239.0,5237.0,5237.0,933.0,763650.0,763147.0
2026-06-24 22:39:00,5237.0,5238.0,5235.0,5236.0,1168.0,763147.0,763137.0
2026-06-24 22:40:00,5236.0,5237.0,5235.0,5235.0,673.0,763137.0,762999.0
2026-06-24 22:41:00,5235.0,5235.0,5233.0,5235.0,770.0,762999.0,762881.0
2026-06-24 22:42:00,5235.0,5235.0,5233.0,5233.0,610.0,762881.0,762802.0
2026-06-24 22:43:00,5233.0,5234.0,5233.0,5234.0,792.0,762802.0,762698.0
2026-06-24 22:44:00,5234.0,5236.0,5233.0,5236.0,542.0,762698.0,762817.0
2026-06-24 22:45:00,5236.0,5236.0,5233.0,5234.0,530.0,762817.0,762862.0
2026-06-24 22:46:00,5234.0,5235.0,5233.0,5235.0,985.0,762862.0,763016.0
2026-06-24 22:47:00,5235.0,5235.0,5233.0,5234.0,425.0,763016.0,763079.0
2026-06-24 22:48:00,5234.0,5235.0,5233.0,5235.0,190.0,763079.0,763161.0
2026-06-24 22:49:00,5235.0,5235.0,5233.0,5234.0,225.0,763161.0,763176.0
2026-06-24 22:50:00,5234.0,5234.0,5230.0,5230.0,1544.0,763176.0,762999.0
2026-06-24 22:51:00,5230.0,5232.0,5229.0,5230.0,1820.0,762999.0,762876.0
2026-06-24 22:52:00,5230.0,5232.0,5230.0,5231.0,426.0,762876.0,762837.0
2026-06-24 22:53:00,5231.0,5232.0,5231.0,5231.0,266.0,762837.0,762778.0
2026-06-24 22:54:00,5231.0,5233.0,5231.0,5232.0,617.0,762778.0,762658.0
2026-06-24 22:55:00,5232.0,5233.0,5232.0,5232.0,331.0,762658.0,762627.0
2026-06-24 22:56:00,5232.0,5233.0,5232.0,5232.0,428.0,762627.0,762531.0
2026-06-24 22:57:00,5232.0,5233.0,5231.0,5232.0,425.0,762531.0,762409.0
2026-06-24 22:58:00,5232.0,5234.0,5231.0,5233.0,540.0,762409.0,762263.0
2026-06-24 22:59:00,5233.0,5233.0,5232.0,5233.0,1201.0,762263.0,761798.0
2026-06-25 09:00:00,5233.0,5233.0,5224.0,5224.0,4617.0,761798.0,762583.0
2026-06-25 09:01:00,5224.0,5225.0,5221.0,5223.0,2904.0,762583.0,762577.0
2026-06-25 09:02:00,5223.0,5227.0,5221.0,5226.0,2070.0,762577.0,762826.0
2026-06-25 09:03:00,5226.0,5226.0,5223.0,5225.0,1950.0,762826.0,763048.0
2026-06-25 09:04:00,5225.0,5226.0,5223.0,5224.0,1677.0,763048.0,763034.0
2026-06-25 09:05:00,5224.0,5226.0,5224.0,5225.0,840.0,763034.0,763050.0
2026-06-25 09:06:00,5225.0,5227.0,5224.0,5226.0,1018.0,763050.0,763153.0
2026-06-25 09:07:00,5226.0,5228.0,5225.0,5228.0,1104.0,763153.0,762934.0
2026-06-25 09:08:00,5228.0,5228.0,5227.0,5227.0,409.0,762934.0,762984.0
2026-06-25 09:09:00,5227.0,5228.0,5224.0,5226.0,1312.0,762984.0,763261.0
2026-06-25 09:10:00,5226.0,5226.0,5220.0,5220.0,3595.0,763261.0,762735.0
2026-06-25 09:11:00,5220.0,5221.0,5218.0,5218.0,3062.0,762735.0,762633.0
2026-06-25 09:12:00,5218.0,5221.0,5218.0,5220.0,1423.0,762633.0,762775.0
2026-06-25 09:13:00,5220.0,5221.0,5219.0,5220.0,1020.0,762775.0,762653.0
2026-06-25 09:14:00,5220.0,5220.0,5219.0,5219.0,1054.0,762653.0,762478.0
2026-06-25 09:15:00,5219.0,5220.0,5219.0,5219.0,877.0,762478.0,762497.0
2026-06-25 09:16:00,5219.0,5219.0,5214.0,5217.0,3984.0,762497.0,762708.0
2026-06-25 09:17:00,5217.0,5219.0,5213.0,5214.0,4733.0,762708.0,762456.0
2026-06-25 09:18:00,5214.0,5217.0,5213.0,5216.0,2615.0,762456.0,762138.0
2026-06-25 09:19:00,5216.0,5219.0,5216.0,5218.0,1459.0,762138.0,762024.0
2026-06-25 09:20:00,5218.0,5220.0,5216.0,5216.0,1877.0,762024.0,762070.0
2026-06-25 09:21:00,5216.0,5219.0,5216.0,5218.0,1332.0,762070.0,761837.0
2026-06-25 09:22:00,5218.0,5219.0,5217.0,5219.0,1221.0,761837.0,761757.0
2026-06-25 09:23:00,5219.0,5219.0,5216.0,5216.0,1054.0,761757.0,762020.0
2026-06-25 09:24:00,5216.0,5217.0,5215.0,5217.0,1274.0,762020.0,762083.0
2026-06-25 09:25:00,5217.0,5217.0,5214.0,5215.0,1050.0,762083.0,762482.0
2026-06-25 09:26:00,5215.0,5216.0,5214.0,5216.0,783.0,762482.0,762554.0
2026-06-25 09:27:00,5216.0,5216.0,5214.0,5215.0,821.0,762554.0,762658.0
2026-06-25 09:28:00,5215.0,5216.0,5214.0,5215.0,802.0,762658.0,762706.0
2026-06-25 09:29:00,5215.0,5216.0,5214.0,5215.0,337.0,762706.0,762767.0
2026-06-25 09:30:00,5215.0,5216.0,5214.0,5214.0,927.0,762767.0,763013.0
2026-06-25 09:31:00,5214.0,5215.0,5211.0,5211.0,2742.0,763013.0,763241.0
2026-06-25 09:32:00,5211.0,5212.0,5210.0,5210.0,2276.0,763241.0,763128.0
2026-06-25 09:33:00,5210.0,5211.0,5209.0,5209.0,2019.0,763128.0,763658.0
2026-06-25 09:34:00,5209.0,5213.0,5209.0,5213.0,1397.0,763658.0,763959.0
2026-06-25 09:35:00,5213.0,5213.0,5212.0,5213.0,1579.0,763959.0,764058.0
2026-06-25 09:36:00,5213.0,5214.0,5212.0,5212.0,1037.0,764058.0,764136.0
2026-06-25 09:37:00,5212.0,5212.0,5210.0,5212.0,1518.0,764136.0,764070.0
2026-06-25 09:38:00,5212.0,5213.0,5211.0,5213.0,860.0,764070.0,764114.0
2026-06-25 09:39:00,5213.0,5213.0,5212.0,5213.0,577.0,764114.0,764042.0
2026-06-25 09:40:00,5213.0,5213.0,5211.0,5211.0,749.0,764042.0,763958.0
2026-06-25 09:41:00,5211.0,5217.0,5211.0,5216.0,1985.0,763958.0,763551.0
2026-06-25 09:42:00,5216.0,5217.0,5213.0,5213.0,1166.0,763551.0,763743.0
2026-06-25 09:43:00,5213.0,5216.0,5212.0,5215.0,1160.0,763743.0,764224.0
2026-06-25 09:44:00,5215.0,5215.0,5213.0,5213.0,629.0,764224.0,764434.0
2026-06-25 09:45:00,5213.0,5215.0,5212.0,5215.0,726.0,764434.0,764452.0
2026-06-25 09:46:00,5215.0,5215.0,5213.0,5214.0,585.0,764452.0,764522.0
2026-06-25 09:47:00,5214.0,5214.0,5212.0,5212.0,866.0,764522.0,764908.0
2026-06-25 09:48:00,5212.0,5212.0,5210.0,5211.0,974.0,764908.0,765107.0
2026-06-25 09:49:00,5211.0,5212.0,5210.0,5211.0,741.0,765107.0,765056.0
2026-06-25 09:50:00,5211.0,5211.0,5209.0,5210.0,725.0,765056.0,765175.0
2026-06-25 09:51:00,5210.0,5210.0,5208.0,5210.0,1167.0,765175.0,765084.0
2026-06-25 09:52:00,5210.0,5210.0,5206.0,5207.0,2947.0,765084.0,764856.0
2026-06-25 09:53:00,5207.0,5208.0,5206.0,5207.0,847.0,764856.0,765023.0
2026-06-25 09:54:00,5207.0,5208.0,5205.0,5205.0,1948.0,765023.0,765374.0
2026-06-25 09:55:00,5205.0,5206.0,5204.0,5205.0,2647.0,765374.0,765661.0
2026-06-25 09:56:00,5205.0,5205.0,5203.0,5205.0,1404.0,765661.0,765571.0
2026-06-25 09:57:00,5205.0,5206.0,5204.0,5206.0,2362.0,765571.0,765656.0
2026-06-25 09:58:00,5206.0,5209.0,5205.0,5208.0,1679.0,765656.0,765617.0
2026-06-25 09:59:00,5208.0,5209.0,5207.0,5209.0,1100.0,765617.0,765554.0
2026-06-25 10:00:00,5209.0,5211.0,5208.0,5208.0,1914.0,765554.0,765536.0
2026-06-25 10:01:00,5208.0,5209.0,5207.0,5207.0,507.0,765536.0,765558.0
2026-06-25 10:02:00,5207.0,5209.0,5206.0,5207.0,874.0,765558.0,765557.0
2026-06-25 10:03:00,5207.0,5209.0,5206.0,5208.0,1503.0,765557.0,765500.0
2026-06-25 10:04:00,5208.0,5208.0,5205.0,5206.0,762.0,765500.0,765485.0
2026-06-25 10:05:00,5206.0,5206.0,5203.0,5204.0,1773.0,765485.0,765575.0
2026-06-25 10:06:00,5204.0,5204.0,5202.0,5204.0,1885.0,765575.0,765730.0
2026-06-25 10:07:00,5204.0,5204.0,5198.0,5200.0,5282.0,765730.0,765479.0
2026-06-25 10:08:00,5200.0,5201.0,5199.0,5201.0,1843.0,765479.0,765142.0
2026-06-25 10:09:00,5201.0,5201.0,5199.0,5199.0,1287.0,765142.0,764837.0
2026-06-25 10:10:00,5199.0,5200.0,5198.0,5198.0,1293.0,764837.0,765061.0
2026-06-25 10:11:00,5198.0,5200.0,5198.0,5198.0,1347.0,765061.0,764822.0
2026-06-25 10:12:00,5198.0,5200.0,5198.0,5199.0,1669.0,764822.0,764701.0
2026-06-25 10:13:00,5199.0,5202.0,5199.0,5202.0,1334.0,764701.0,764803.0
2026-06-25 10:14:00,5202.0,5205.0,5201.0,5203.0,1681.0,764803.0,764809.0
2026-06-25 10:30:00,5203.0,5208.0,5200.0,5208.0,2687.0,764809.0,764977.0
2026-06-25 10:31:00,5208.0,5208.0,5205.0,5207.0,3326.0,764977.0,765083.0
2026-06-25 10:32:00,5207.0,5207.0,5205.0,5205.0,1539.0,765083.0,765243.0
2026-06-25 10:33:00,5205.0,5207.0,5202.0,5202.0,1534.0,765243.0,764989.0
2026-06-25 10:34:00,5202.0,5202.0,5198.0,5201.0,1992.0,764989.0,765117.0
2026-06-25 10:35:00,5201.0,5203.0,5198.0,5199.0,2600.0,765117.0,765080.0
2026-06-25 10:36:00,5199.0,5202.0,5198.0,5198.0,2046.0,765080.0,765025.0
2026-06-25 10:37:00,5198.0,5202.0,5198.0,5202.0,1004.0,765025.0,765335.0
2026-06-25 10:38:00,5202.0,5204.0,5201.0,5203.0,930.0,765335.0,765282.0
2026-06-25 10:39:00,5203.0,5206.0,5203.0,5205.0,1152.0,765282.0,765258.0
2026-06-25 10:40:00,5205.0,5205.0,5203.0,5203.0,1492.0,765258.0,765099.0
2026-06-25 10:41:00,5203.0,5204.0,5201.0,5203.0,1120.0,765099.0,765028.0
2026-06-25 10:42:00,5203.0,5205.0,5203.0,5203.0,765.0,765028.0,765115.0
2026-06-25 10:43:00,5203.0,5204.0,5202.0,5202.0,588.0,765115.0,765226.0
2026-06-25 10:44:00,5202.0,5205.0,5202.0,5205.0,550.0,765226.0,765505.0
2026-06-25 10:45:00,5205.0,5205.0,5203.0,5205.0,722.0,765505.0,765521.0
2026-06-25 10:46:00,5205.0,5205.0,5203.0,5204.0,417.0,765521.0,765467.0
2026-06-25 10:47:00,5204.0,5204.0,5203.0,5204.0,822.0,765467.0,765407.0
2026-06-25 10:48:00,5204.0,5205.0,5202.0,5202.0,1209.0,765407.0,765658.0
2026-06-25 10:49:00,5202.0,5203.0,5201.0,5201.0,739.0,765658.0,765773.0
2026-06-25 10:50:00,5201.0,5204.0,5201.0,5203.0,630.0,765773.0,765857.0
2026-06-25 10:51:00,5203.0,5203.0,5201.0,5202.0,771.0,765857.0,766031.0
2026-06-25 10:52:00,5202.0,5206.0,5202.0,5205.0,909.0,766031.0,766311.0
2026-06-25 10:53:00,5205.0,5206.0,5204.0,5204.0,894.0,766311.0,766479.0
2026-06-25 10:54:00,5204.0,5205.0,5203.0,5204.0,304.0,766479.0,766533.0
2026-06-25 10:55:00,5204.0,5207.0,5204.0,5207.0,938.0,766533.0,766741.0
2026-06-25 10:56:00,5207.0,5208.0,5206.0,5207.0,1317.0,766741.0,767099.0
2026-06-25 10:57:00,5207.0,5208.0,5206.0,5208.0,1187.0,767099.0,767422.0
2026-06-25 10:58:00,5208.0,5210.0,5208.0,5208.0,1181.0,767422.0,767696.0
2026-06-25 10:59:00,5208.0,5210.0,5207.0,5209.0,1612.0,767696.0,767822.0
2026-06-25 11:00:00,5209.0,5211.0,5209.0,5210.0,1165.0,767822.0,767973.0
2026-06-25 11:01:00,5210.0,5213.0,5210.0,5211.0,1887.0,767973.0,767809.0
2026-06-25 11:02:00,5211.0,5212.0,5210.0,5210.0,2162.0,767809.0,768300.0
2026-06-25 11:03:00,5210.0,5211.0,5209.0,5209.0,607.0,768300.0,768295.0
2026-06-25 11:04:00,5209.0,5210.0,5208.0,5208.0,960.0,768295.0,768090.0
2026-06-25 11:05:00,5208.0,5210.0,5208.0,5208.0,893.0,768090.0,767944.0
2026-06-25 11:06:00,5208.0,5209.0,5208.0,5209.0,501.0,767944.0,768089.0
2026-06-25 11:07:00,5209.0,5209.0,5207.0,5208.0,528.0,768089.0,768005.0
2026-06-25 11:08:00,5208.0,5210.0,5208.0,5210.0,347.0,768005.0,767985.0
2026-06-25 11:09:00,5210.0,5210.0,5209.0,5209.0,314.0,767985.0,767949.0
2026-06-25 11:10:00,5209.0,5212.0,5209.0,5211.0,681.0,767949.0,767906.0
2026-06-25 11:11:00,5211.0,5211.0,5209.0,5210.0,1104.0,767906.0,767596.0
2026-06-25 11:12:00,5210.0,5211.0,5208.0,5209.0,398.0,767596.0,767630.0
2026-06-25 11:13:00,5209.0,5209.0,5208.0,5209.0,340.0,767630.0,767668.0
2026-06-25 11:14:00,5209.0,5209.0,5207.0,5209.0,819.0,767668.0,767562.0
2026-06-25 11:15:00,5209.0,5210.0,5208.0,5209.0,244.0,767562.0,767683.0
2026-06-25 11:16:00,5209.0,5216.0,5209.0,5215.0,2515.0,767683.0,767277.0
2026-06-25 11:17:00,5215.0,5217.0,5214.0,5215.0,1752.0,767277.0,767504.0
2026-06-25 11:18:00,5215.0,5216.0,5214.0,5214.0,312.0,767504.0,767452.0
2026-06-25 11:19:00,5214.0,5215.0,5213.0,5213.0,901.0,767452.0,767324.0
2026-06-25 11:20:00,5213.0,5215.0,5213.0,5214.0,540.0,767324.0,767161.0
2026-06-25 11:21:00,5214.0,5215.0,5211.0,5211.0,717.0,767161.0,767309.0
2026-06-25 11:22:00,5211.0,5213.0,5211.0,5213.0,412.0,767309.0,767391.0
2026-06-25 11:23:00,5213.0,5213.0,5211.0,5212.0,298.0,767391.0,767361.0
2026-06-25 11:24:00,5212.0,5212.0,5209.0,5210.0,1039.0,767361.0,767174.0
2026-06-25 11:25:00,5210.0,5211.0,5210.0,5210.0,308.0,767174.0,767202.0
2026-06-25 11:26:00,5210.0,5211.0,5208.0,5209.0,566.0,767202.0,767292.0
2026-06-25 11:27:00,5209.0,5210.0,5208.0,5209.0,368.0,767292.0,767317.0
2026-06-25 11:28:00,5209.0,5210.0,5208.0,5209.0,776.0,767317.0,767281.0
2026-06-25 11:29:00,5209.0,5210.0,5208.0,5209.0,627.0,767281.0,767188.0
2026-06-25 13:30:00,5209.0,5214.0,5209.0,5211.0,2141.0,767188.0,767202.0
2026-06-25 13:31:00,5211.0,5212.0,5210.0,5211.0,970.0,767202.0,767318.0
2026-06-25 13:32:00,5211.0,5211.0,5208.0,5208.0,626.0,767318.0,767387.0
2026-06-25 13:33:00,5208.0,5209.0,5207.0,5208.0,1005.0,767387.0,767768.0
2026-06-25 13:34:00,5208.0,5209.0,5207.0,5209.0,766.0,767768.0,767795.0
2026-06-25 13:35:00,5209.0,5209.0,5206.0,5206.0,849.0,767795.0,767511.0
2026-06-25 13:36:00,5206.0,5207.0,5206.0,5206.0,1208.0,767511.0,767286.0
2026-06-25 13:37:00,5206.0,5208.0,5206.0,5208.0,591.0,767286.0,767410.0
2026-06-25 13:38:00,5208.0,5208.0,5206.0,5207.0,551.0,767410.0,767543.0
2026-06-25 13:39:00,5207.0,5208.0,5206.0,5206.0,434.0,767543.0,767548.0
2026-06-25 13:40:00,5206.0,5209.0,5206.0,5208.0,577.0,767548.0,767639.0
2026-06-25 13:41:00,5208.0,5208.0,5206.0,5206.0,443.0,767639.0,767754.0
2026-06-25 13:42:00,5206.0,5208.0,5206.0,5207.0,351.0,767754.0,767609.0
2026-06-25 13:43:00,5207.0,5207.0,5206.0,5206.0,658.0,767609.0,767487.0
2026-06-25 13:44:00,5206.0,5208.0,5206.0,5207.0,503.0,767487.0,767369.0
2026-06-25 13:45:00,5207.0,5208.0,5206.0,5207.0,748.0,767369.0,767567.0
2026-06-25 13:46:00,5207.0,5207.0,5205.0,5206.0,804.0,767567.0,767501.0
2026-06-25 13:47:00,5206.0,5208.0,5206.0,5207.0,408.0,767501.0,767583.0
2026-06-25 13:48:00,5207.0,5208.0,5205.0,5206.0,626.0,767583.0,767643.0
2026-06-25 13:49:00,5206.0,5207.0,5205.0,5205.0,306.0,767643.0,767676.0
2026-06-25 13:50:00,5205.0,5206.0,5202.0,5202.0,1574.0,767676.0,767932.0
2026-06-25 13:51:00,5202.0,5203.0,5201.0,5202.0,2151.0,767932.0,767484.0
2026-06-25 13:52:00,5202.0,5204.0,5202.0,5203.0,813.0,767484.0,767610.0
2026-06-25 13:53:00,5203.0,5204.0,5202.0,5204.0,447.0,767610.0,767594.0
2026-06-25 13:54:00,5204.0,5205.0,5203.0,5204.0,706.0,767594.0,767710.0
2026-06-25 13:55:00,5204.0,5206.0,5204.0,5206.0,777.0,767710.0,767677.0
2026-06-25 13:56:00,5206.0,5206.0,5205.0,5205.0,134.0,767677.0,767642.0
2026-06-25 13:57:00,5205.0,5206.0,5205.0,5206.0,680.0,767642.0,767586.0
2026-06-25 13:58:00,5206.0,5206.0,5204.0,5204.0,337.0,767586.0,767629.0
2026-06-25 13:59:00,5204.0,5205.0,5204.0,5205.0,145.0,767629.0,767713.0
2026-06-25 14:00:00,5205.0,5207.0,5204.0,5207.0,1378.0,767713.0,767571.0
2026-06-25 14:01:00,5207.0,5207.0,5205.0,5205.0,557.0,767571.0,767549.0
2026-06-25 14:02:00,5205.0,5206.0,5203.0,5205.0,550.0,767549.0,767655.0
2026-06-25 14:03:00,5205.0,5206.0,5204.0,5204.0,254.0,767655.0,767664.0
2026-06-25 14:04:00,5204.0,5205.0,5204.0,5204.0,237.0,767664.0,767789.0
2026-06-25 14:05:00,5204.0,5205.0,5203.0,5204.0,478.0,767789.0,767753.0
2026-06-25 14:06:00,5204.0,5204.0,5203.0,5203.0,244.0,767753.0,767747.0
2026-06-25 14:07:00,5203.0,5206.0,5203.0,5205.0,1649.0,767747.0,767586.0
2026-06-25 14:08:00,5205.0,5206.0,5204.0,5206.0,420.0,767586.0,767480.0
2026-06-25 14:09:00,5206.0,5206.0,5204.0,5205.0,603.0,767480.0,767602.0
2026-06-25 14:10:00,5205.0,5206.0,5204.0,5204.0,431.0,767602.0,767707.0
2026-06-25 14:11:00,5204.0,5205.0,5203.0,5203.0,775.0,767707.0,767865.0
2026-06-25 14:12:00,5203.0,5206.0,5203.0,5206.0,757.0,767865.0,768022.0
2026-06-25 14:13:00,5206.0,5207.0,5204.0,5205.0,1270.0,768022.0,768287.0
2026-06-25 14:14:00,5205.0,5206.0,5204.0,5205.0,559.0,768287.0,768482.0
2026-06-25 14:15:00,5205.0,5207.0,5205.0,5205.0,468.0,768482.0,768762.0
2026-06-25 14:16:00,5205.0,5207.0,5204.0,5207.0,766.0,768762.0,768959.0
2026-06-25 14:17:00,5207.0,5209.0,5207.0,5208.0,1104.0,768959.0,769130.0
2026-06-25 14:18:00,5208.0,5210.0,5208.0,5208.0,883.0,769130.0,769427.0
2026-06-25 14:19:00,5208.0,5208.0,5205.0,5205.0,862.0,769427.0,769433.0
2026-06-25 14:20:00,5205.0,5206.0,5204.0,5206.0,343.0,769433.0,769331.0
2026-06-25 14:21:00,5206.0,5207.0,5205.0,5207.0,638.0,769331.0,769340.0
2026-06-25 14:22:00,5207.0,5207.0,5205.0,5205.0,319.0,769340.0,769287.0
2026-06-25 14:23:00,5205.0,5206.0,5205.0,5206.0,116.0,769287.0,769279.0
2026-06-25 14:24:00,5206.0,5206.0,5205.0,5206.0,681.0,769279.0,769269.0
2026-06-25 14:25:00,5206.0,5207.0,5205.0,5207.0,1923.0,769269.0,769000.0
2026-06-25 14:26:00,5207.0,5209.0,5206.0,5209.0,567.0,769000.0,768674.0
2026-06-25 14:27:00,5209.0,5209.0,5208.0,5208.0,392.0,768674.0,768652.0
2026-06-25 14:28:00,5208.0,5209.0,5207.0,5208.0,515.0,768652.0,768585.0
2026-06-25 14:29:00,5208.0,5210.0,5208.0,5209.0,521.0,768585.0,768570.0
2026-06-25 14:30:00,5209.0,5209.0,5207.0,5209.0,796.0,768570.0,768423.0
2026-06-25 14:31:00,5209.0,5212.0,5208.0,5210.0,1399.0,768423.0,767960.0
2026-06-25 14:32:00,5210.0,5211.0,5210.0,5210.0,453.0,767960.0,767878.0
2026-06-25 14:33:00,5210.0,5211.0,5209.0,5210.0,275.0,767878.0,767796.0
2026-06-25 14:34:00,5210.0,5210.0,5208.0,5208.0,593.0,767796.0,767468.0
2026-06-25 14:35:00,5208.0,5209.0,5207.0,5207.0,515.0,767468.0,767461.0
2026-06-25 14:36:00,5207.0,5209.0,5207.0,5209.0,320.0,767461.0,767543.0
2026-06-25 14:37:00,5209.0,5209.0,5207.0,5208.0,257.0,767543.0,767414.0
2026-06-25 14:38:00,5208.0,5210.0,5208.0,5210.0,1932.0,767414.0,766938.0
2026-06-25 14:39:00,5210.0,5211.0,5209.0,5209.0,603.0,766938.0,766776.0
2026-06-25 14:40:00,5209.0,5210.0,5209.0,5210.0,211.0,766776.0,766729.0
2026-06-25 14:41:00,5210.0,5211.0,5209.0,5210.0,545.0,766729.0,766609.0
2026-06-25 14:42:00,5210.0,5210.0,5207.0,5207.0,852.0,766609.0,766360.0
2026-06-25 14:43:00,5207.0,5208.0,5206.0,5206.0,582.0,766360.0,766222.0
2026-06-25 14:44:00,5206.0,5208.0,5204.0,5204.0,1345.0,766222.0,766206.0
2026-06-25 14:45:00,5204.0,5206.0,5204.0,5205.0,1057.0,766206.0,766036.0
2026-06-25 14:46:00,5205.0,5206.0,5205.0,5206.0,444.0,766036.0,766092.0
2026-06-25 14:47:00,5206.0,5206.0,5205.0,5205.0,149.0,766092.0,766108.0
2026-06-25 14:48:00,5205.0,5206.0,5205.0,5206.0,400.0,766108.0,765988.0
2026-06-25 14:49:00,5206.0,5207.0,5205.0,5205.0,574.0,765988.0,765967.0
2026-06-25 14:50:00,5205.0,5208.0,5205.0,5208.0,977.0,765967.0,765812.0
2026-06-25 14:51:00,5208.0,5210.0,5207.0,5209.0,1122.0,765812.0,765437.0
2026-06-25 14:52:00,5209.0,5210.0,5209.0,5210.0,204.0,765437.0,765372.0
2026-06-25 14:53:00,5210.0,5210.0,5209.0,5209.0,764.0,765372.0,765173.0
2026-06-25 14:54:00,5209.0,5212.0,5209.0,5211.0,1467.0,765173.0,765338.0
2026-06-25 14:55:00,5211.0,5212.0,5210.0,5211.0,1209.0,765338.0,764974.0
2026-06-25 14:56:00,5211.0,5212.0,5208.0,5209.0,1098.0,764974.0,765269.0
2026-06-25 14:57:00,5209.0,5210.0,5208.0,5209.0,1611.0,765269.0,765282.0
2026-06-25 14:58:00,5209.0,5210.0,5208.0,5210.0,948.0,765282.0,765193.0
2026-06-25 14:59:00,5210.0,5211.0,5209.0,5210.0,1545.0,765193.0,764832.0
2026-06-25 21:00:00,5218.0,5220.0,5214.0,5215.0,10044.0,764832.0,765616.0
2026-06-25 21:01:00,5215.0,5221.0,5213.0,5220.0,5429.0,765616.0,766084.0
2026-06-25 21:02:00,5220.0,5224.0,5218.0,5221.0,5708.0,766084.0,766879.0
2026-06-25 21:03:00,5221.0,5222.0,5218.0,5221.0,2721.0,766879.0,767270.0
2026-06-25 21:04:00,5221.0,5224.0,5219.0,5220.0,2484.0,767270.0,767813.0
2026-06-25 21:05:00,5220.0,5220.0,5215.0,5217.0,4361.0,767813.0,768007.0
2026-06-25 21:06:00,5217.0,5221.0,5216.0,5221.0,2884.0,768007.0,768776.0
2026-06-25 21:07:00,5221.0,5222.0,5219.0,5221.0,2457.0,768776.0,768683.0
2026-06-25 21:08:00,5221.0,5224.0,5219.0,5224.0,2422.0,768683.0,769127.0
2026-06-25 21:09:00,5224.0,5224.0,5220.0,5222.0,3265.0,769127.0,769751.0
2026-06-25 21:10:00,5222.0,5223.0,5220.0,5221.0,1954.0,769751.0,770253.0
2026-06-25 21:11:00,5221.0,5225.0,5221.0,5225.0,2673.0,770253.0,770980.0
2026-06-25 21:12:00,5225.0,5225.0,5223.0,5224.0,1919.0,770980.0,771568.0
2026-06-25 21:13:00,5224.0,5224.0,5219.0,5221.0,2108.0,771568.0,771375.0
2026-06-25 21:14:00,5221.0,5221.0,5219.0,5220.0,1066.0,771375.0,771907.0
2026-06-25 21:15:00,5220.0,5220.0,5215.0,5217.0,3411.0,771907.0,772507.0
2026-06-25 21:16:00,5217.0,5218.0,5216.0,5216.0,1085.0,772507.0,772646.0
2026-06-25 21:17:00,5216.0,5217.0,5215.0,5216.0,1002.0,772646.0,772789.0
2026-06-25 21:18:00,5216.0,5217.0,5215.0,5216.0,1166.0,772789.0,773096.0
2026-06-25 21:19:00,5216.0,5216.0,5215.0,5216.0,1887.0,773096.0,773797.0
2026-06-25 21:20:00,5216.0,5217.0,5215.0,5215.0,849.0,773797.0,773877.0
2026-06-25 21:21:00,5215.0,5216.0,5215.0,5216.0,662.0,773877.0,774257.0
2026-06-25 21:22:00,5216.0,5217.0,5213.0,5214.0,2185.0,774257.0,774753.0
2026-06-25 21:23:00,5214.0,5215.0,5213.0,5213.0,800.0,774753.0,774713.0
2026-06-25 21:24:00,5213.0,5215.0,5212.0,5213.0,2042.0,774713.0,775167.0
2026-06-25 21:25:00,5213.0,5213.0,5209.0,5211.0,3572.0,775167.0,776021.0
2026-06-25 21:26:00,5211.0,5212.0,5210.0,5211.0,1271.0,776021.0,775900.0
2026-06-25 21:27:00,5211.0,5213.0,5211.0,5212.0,786.0,775900.0,775879.0
2026-06-25 21:28:00,5212.0,5212.0,5210.0,5211.0,950.0,775879.0,776208.0
2026-06-25 21:29:00,5211.0,5212.0,5210.0,5210.0,690.0,776208.0,776501.0
2026-06-25 21:30:00,5210.0,5214.0,5210.0,5212.0,1556.0,776501.0,776725.0
2026-06-25 21:31:00,5212.0,5213.0,5211.0,5213.0,726.0,776725.0,776900.0
2026-06-25 21:32:00,5213.0,5214.0,5211.0,5212.0,811.0,776900.0,777141.0
2026-06-25 21:33:00,5212.0,5212.0,5209.0,5210.0,1046.0,777141.0,776949.0
2026-06-25 21:34:00,5210.0,5211.0,5210.0,5211.0,493.0,776949.0,777046.0
2026-06-25 21:35:00,5211.0,5212.0,5210.0,5211.0,381.0,777046.0,777124.0
2026-06-25 21:36:00,5211.0,5212.0,5211.0,5211.0,225.0,777124.0,777147.0
2026-06-25 21:37:00,5211.0,5215.0,5211.0,5212.0,1762.0,777147.0,777534.0
2026-06-25 21:38:00,5212.0,5213.0,5211.0,5213.0,481.0,777534.0,777614.0
2026-06-25 21:39:00,5213.0,5214.0,5212.0,5214.0,631.0,777614.0,777606.0
2026-06-25 21:40:00,5214.0,5215.0,5213.0,5214.0,937.0,777606.0,777763.0
2026-06-25 21:41:00,5214.0,5217.0,5213.0,5217.0,2290.0,777763.0,777931.0
2026-06-25 21:42:00,5217.0,5217.0,5214.0,5214.0,1141.0,777931.0,778278.0
2026-06-25 21:43:00,5214.0,5216.0,5214.0,5215.0,502.0,778278.0,778281.0
2026-06-25 21:44:00,5215.0,5216.0,5215.0,5215.0,685.0,778281.0,778553.0
2026-06-25 21:45:00,5215.0,5217.0,5215.0,5216.0,525.0,778553.0,778589.0
2026-06-25 21:46:00,5216.0,5216.0,5213.0,5213.0,522.0,778589.0,778501.0
2026-06-25 21:47:00,5213.0,5215.0,5211.0,5211.0,1226.0,778501.0,778392.0
2026-06-25 21:48:00,5211.0,5213.0,5211.0,5212.0,892.0,778392.0,778366.0
2026-06-25 21:49:00,5212.0,5212.0,5211.0,5212.0,228.0,778366.0,778436.0
2026-06-25 21:50:00,5212.0,5214.0,5211.0,5213.0,516.0,778436.0,778566.0
2026-06-25 21:51:00,5213.0,5214.0,5212.0,5214.0,362.0,778566.0,778717.0
2026-06-25 21:52:00,5214.0,5214.0,5212.0,5213.0,332.0,778717.0,778766.0
2026-06-25 21:53:00,5213.0,5214.0,5212.0,5213.0,182.0,778766.0,778739.0
2026-06-25 21:54:00,5213.0,5213.0,5212.0,5213.0,273.0,778739.0,778756.0
2026-06-25 21:55:00,5213.0,5214.0,5212.0,5213.0,666.0,778756.0,778599.0
2026-06-25 21:56:00,5213.0,5215.0,5212.0,5214.0,1569.0,778599.0,778312.0
2026-06-25 21:57:00,5214.0,5214.0,5212.0,5212.0,572.0,778312.0,778433.0
2026-06-25 21:58:00,5212.0,5213.0,5210.0,5212.0,1622.0,778433.0,778622.0
2026-06-25 21:59:00,5212.0,5214.0,5210.0,5214.0,1003.0,778622.0,778708.0
2026-06-25 22:00:00,5214.0,5214.0,5211.0,5211.0,389.0,778708.0,778821.0
2026-06-25 22:01:00,5211.0,5212.0,5211.0,5211.0,627.0,778821.0,778981.0
2026-06-25 22:02:00,5211.0,5212.0,5210.0,5211.0,540.0,778981.0,779171.0
2026-06-25 22:03:00,5211.0,5212.0,5210.0,5211.0,656.0,779171.0,779233.0
2026-06-25 22:04:00,5211.0,5212.0,5210.0,5212.0,625.0,779233.0,779212.0
2026-06-25 22:05:00,5212.0,5214.0,5212.0,5213.0,430.0,779212.0,779247.0
2026-06-25 22:06:00,5213.0,5213.0,5211.0,5212.0,248.0,779247.0,779353.0
2026-06-25 22:07:00,5212.0,5212.0,5211.0,5212.0,101.0,779353.0,779364.0
2026-06-25 22:08:00,5212.0,5212.0,5210.0,5210.0,1493.0,779364.0,779118.0
2026-06-25 22:09:00,5210.0,5210.0,5209.0,5209.0,1070.0,779118.0,779424.0
2026-06-25 22:10:00,5209.0,5210.0,5209.0,5209.0,242.0,779424.0,779433.0
2026-06-25 22:11:00,5209.0,5212.0,5209.0,5212.0,1239.0,779433.0,779743.0
2026-06-25 22:12:00,5212.0,5213.0,5212.0,5212.0,269.0,779743.0,779739.0
2026-06-25 22:13:00,5212.0,5214.0,5211.0,5211.0,433.0,779739.0,779710.0
2026-06-25 22:14:00,5211.0,5212.0,5210.0,5210.0,554.0,779710.0,779769.0
2026-06-25 22:15:00,5210.0,5212.0,5210.0,5211.0,1050.0,779769.0,780095.0
2026-06-25 22:16:00,5211.0,5211.0,5210.0,5210.0,688.0,780095.0,780196.0
2026-06-25 22:17:00,5210.0,5212.0,5210.0,5211.0,393.0,780196.0,780072.0
2026-06-25 22:18:00,5211.0,5213.0,5211.0,5211.0,442.0,780072.0,780164.0
2026-06-25 22:19:00,5211.0,5211.0,5210.0,5210.0,73.0,780164.0,780177.0
2026-06-25 22:20:00,5210.0,5211.0,5210.0,5211.0,525.0,780177.0,780235.0
2026-06-25 22:21:00,5211.0,5212.0,5210.0,5212.0,237.0,780235.0,780354.0
2026-06-25 22:22:00,5212.0,5212.0,5210.0,5212.0,244.0,780354.0,780428.0
2026-06-25 22:23:00,5212.0,5213.0,5211.0,5213.0,712.0,780428.0,780524.0
2026-06-25 22:24:00,5213.0,5216.0,5213.0,5216.0,866.0,780524.0,780420.0
2026-06-25 22:25:00,5216.0,5217.0,5215.0,5216.0,1222.0,780420.0,780612.0
2026-06-25 22:26:00,5216.0,5216.0,5215.0,5216.0,601.0,780612.0,780740.0
2026-06-25 22:27:00,5216.0,5216.0,5214.0,5215.0,228.0,780740.0,780729.0
2026-06-25 22:28:00,5215.0,5216.0,5215.0,5216.0,386.0,780729.0,780691.0
2026-06-25 22:29:00,5216.0,5216.0,5212.0,5213.0,509.0,780691.0,780603.0
2026-06-25 22:30:00,5213.0,5215.0,5213.0,5215.0,236.0,780603.0,780679.0
2026-06-25 22:31:00,5215.0,5215.0,5214.0,5215.0,85.0,780679.0,780724.0
2026-06-25 22:32:00,5215.0,5216.0,5214.0,5215.0,401.0,780724.0,780651.0
2026-06-25 22:33:00,5215.0,5216.0,5214.0,5216.0,305.0,780651.0,780655.0
2026-06-25 22:34:00,5216.0,5216.0,5214.0,5215.0,388.0,780655.0,780615.0
2026-06-25 22:35:00,5215.0,5216.0,5215.0,5216.0,266.0,780615.0,780641.0
2026-06-25 22:36:00,5216.0,5217.0,5215.0,5216.0,851.0,780641.0,780536.0
2026-06-25 22:37:00,5216.0,5216.0,5213.0,5214.0,633.0,780536.0,780383.0
2026-06-25 22:38:00,5214.0,5216.0,5214.0,5216.0,1314.0,780383.0,780019.0
2026-06-25 22:39:00,5216.0,5216.0,5214.0,5216.0,850.0,780019.0,780289.0
2026-06-25 22:40:00,5216.0,5219.0,5214.0,5214.0,2751.0,780289.0,779798.0
2026-06-25 22:41:00,5214.0,5215.0,5213.0,5214.0,1606.0,779798.0,780284.0
2026-06-25 22:42:00,5214.0,5214.0,5212.0,5214.0,541.0,780284.0,780186.0
2026-06-25 22:43:00,5214.0,5214.0,5213.0,5214.0,428.0,780186.0,780223.0
2026-06-25 22:44:00,5214.0,5214.0,5213.0,5214.0,271.0,780223.0,780296.0
2026-06-25 22:45:00,5214.0,5215.0,5214.0,5214.0,356.0,780296.0,780401.0
2026-06-25 22:46:00,5214.0,5214.0,5212.0,5212.0,303.0,780401.0,780391.0
2026-06-25 22:47:00,5212.0,5213.0,5212.0,5212.0,86.0,780391.0,780414.0
2026-06-25 22:48:00,5212.0,5213.0,5211.0,5211.0,1148.0,780414.0,780419.0
2026-06-25 22:49:00,5211.0,5212.0,5210.0,5211.0,1233.0,780419.0,779881.0
2026-06-25 22:50:00,5211.0,5212.0,5211.0,5211.0,139.0,779881.0,779827.0
2026-06-25 22:51:00,5211.0,5212.0,5211.0,5212.0,265.0,779827.0,779871.0
2026-06-25 22:52:00,5212.0,5213.0,5211.0,5212.0,216.0,779871.0,779800.0
2026-06-25 22:53:00,5212.0,5213.0,5211.0,5212.0,1103.0,779800.0,779592.0
2026-06-25 22:54:00,5212.0,5213.0,5211.0,5213.0,563.0,779592.0,779551.0
2026-06-25 22:55:00,5213.0,5213.0,5211.0,5212.0,268.0,779551.0,779629.0
2026-06-25 22:56:00,5212.0,5212.0,5210.0,5210.0,546.0,779629.0,779380.0
2026-06-25 22:57:00,5210.0,5211.0,5210.0,5211.0,264.0,779380.0,779288.0
2026-06-25 22:58:00,5211.0,5212.0,5210.0,5211.0,715.0,779288.0,779301.0
2026-06-25 22:59:00,5211.0,5211.0,5209.0,5210.0,1362.0,779301.0,779078.0
2026-06-26 09:00:00,5210.0,5223.0,5210.0,5223.0,7641.0,779078.0,777972.0
2026-06-26 09:01:00,5223.0,5232.0,5223.0,5231.0,7057.0,777972.0,777139.0
2026-06-26 09:02:00,5231.0,5234.0,5228.0,5232.0,5542.0,777139.0,776346.0
2026-06-26 09:03:00,5232.0,5232.0,5228.0,5229.0,2936.0,776346.0,776663.0
2026-06-26 09:04:00,5229.0,5236.0,5228.0,5235.0,3921.0,776663.0,777018.0
2026-06-26 09:05:00,5235.0,5235.0,5232.0,5233.0,3452.0,777018.0,777404.0
2026-06-26 09:06:00,5233.0,5234.0,5230.0,5231.0,2704.0,777404.0,777206.0
2026-06-26 09:07:00,5231.0,5235.0,5230.0,5230.0,3137.0,777206.0,776650.0
2026-06-26 09:08:00,5230.0,5232.0,5227.0,5227.0,1997.0,776650.0,776023.0
2026-06-26 09:09:00,5227.0,5232.0,5227.0,5230.0,2773.0,776023.0,776462.0
2026-06-26 09:10:00,5230.0,5232.0,5228.0,5231.0,1391.0,776462.0,776380.0
2026-06-26 09:11:00,5231.0,5235.0,5230.0,5234.0,2401.0,776380.0,776463.0
2026-06-26 09:12:00,5234.0,5235.0,5232.0,5232.0,1431.0,776463.0,776429.0
2026-06-26 09:13:00,5232.0,5234.0,5231.0,5232.0,782.0,776429.0,776401.0
2026-06-26 09:14:00,5232.0,5233.0,5231.0,5233.0,513.0,776401.0,776295.0
2026-06-26 09:15:00,5233.0,5233.0,5230.0,5230.0,1018.0,776295.0,776280.0
2026-06-26 09:16:00,5230.0,5232.0,5229.0,5229.0,1070.0,776280.0,776148.0
2026-06-26 09:17:00,5229.0,5232.0,5229.0,5231.0,1103.0,776148.0,776324.0
2026-06-26 09:18:00,5231.0,5231.0,5229.0,5230.0,846.0,776324.0,776308.0
2026-06-26 09:19:00,5230.0,5231.0,5228.0,5230.0,1159.0,776308.0,776238.0
2026-06-26 09:20:00,5230.0,5233.0,5230.0,5232.0,892.0,776238.0,776338.0
2026-06-26 09:21:00,5232.0,5232.0,5230.0,5230.0,910.0,776338.0,776027.0
2026-06-26 09:22:00,5230.0,5233.0,5230.0,5232.0,526.0,776027.0,775912.0
2026-06-26 09:23:00,5232.0,5235.0,5232.0,5235.0,1181.0,775912.0,775677.0
2026-06-26 09:24:00,5235.0,5239.0,5234.0,5238.0,2257.0,775677.0,775056.0
2026-06-26 09:25:00,5238.0,5241.0,5237.0,5239.0,3400.0,775056.0,774711.0
2026-06-26 09:26:00,5239.0,5241.0,5238.0,5238.0,2238.0,774711.0,774697.0
2026-06-26 09:27:00,5238.0,5239.0,5236.0,5237.0,1428.0,774697.0,774455.0
2026-06-26 09:28:00,5237.0,5239.0,5237.0,5238.0,1100.0,774455.0,774528.0
2026-06-26 09:29:00,5238.0,5240.0,5237.0,5238.0,702.0,774528.0,774577.0
2026-06-26 09:30:00,5238.0,5238.0,5235.0,5238.0,2009.0,774577.0,774441.0
2026-06-26 09:31:00,5238.0,5238.0,5234.0,5235.0,1359.0,774441.0,774613.0
2026-06-26 09:32:00,5235.0,5236.0,5234.0,5234.0,804.0,774613.0,774882.0
2026-06-26 09:33:00,5234.0,5236.0,5233.0,5235.0,1730.0,774882.0,774840.0
2026-06-26 09:34:00,5235.0,5238.0,5235.0,5236.0,954.0,774840.0,774748.0
2026-06-26 09:35:00,5236.0,5237.0,5235.0,5236.0,585.0,774748.0,774769.0
2026-06-26 09:36:00,5236.0,5239.0,5236.0,5239.0,560.0,774769.0,774915.0
2026-06-26 09:37:00,5239.0,5241.0,5238.0,5241.0,1605.0,774915.0,774914.0
2026-06-26 09:38:00,5241.0,5241.0,5240.0,5240.0,1740.0,774914.0,774911.0
2026-06-26 09:39:00,5240.0,5247.0,5240.0,5246.0,6102.0,774911.0,773875.0
2026-06-26 09:40:00,5246.0,5246.0,5241.0,5242.0,2789.0,773875.0,773821.0
2026-06-26 09:41:00,5242.0,5243.0,5241.0,5242.0,1068.0,773821.0,773953.0
2026-06-26 09:42:00,5242.0,5243.0,5241.0,5241.0,792.0,773953.0,773941.0
2026-06-26 09:43:00,5241.0,5243.0,5240.0,5242.0,922.0,773941.0,773935.0
2026-06-26 09:44:00,5242.0,5242.0,5237.0,5239.0,2472.0,773935.0,773393.0
2026-06-26 09:45:00,5239.0,5241.0,5238.0,5240.0,1047.0,773393.0,773292.0
2026-06-26 09:46:00,5240.0,5240.0,5238.0,5239.0,692.0,773292.0,773234.0
2026-06-26 09:47:00,5239.0,5240.0,5239.0,5239.0,301.0,773234.0,773210.0
2026-06-26 09:48:00,5239.0,5240.0,5238.0,5238.0,270.0,773210.0,773183.0
2026-06-26 09:49:00,5238.0,5240.0,5237.0,5238.0,944.0,773183.0,773086.0
2026-06-26 09:50:00,5238.0,5239.0,5236.0,5238.0,1674.0,773086.0,773054.0
2026-06-26 09:51:00,5238.0,5238.0,5237.0,5237.0,520.0,773054.0,773116.0
2026-06-26 09:52:00,5237.0,5237.0,5236.0,5237.0,645.0,773116.0,773082.0
2026-06-26 09:53:00,5237.0,5239.0,5237.0,5239.0,439.0,773082.0,772985.0
2026-06-26 09:54:00,5239.0,5240.0,5238.0,5240.0,1217.0,772985.0,772885.0
2026-06-26 09:55:00,5240.0,5241.0,5238.0,5240.0,1366.0,772885.0,772957.0
2026-06-26 09:56:00,5240.0,5240.0,5238.0,5239.0,852.0,772957.0,772991.0
2026-06-26 09:57:00,5239.0,5239.0,5238.0,5238.0,238.0,772991.0,772961.0
2026-06-26 09:58:00,5238.0,5240.0,5237.0,5239.0,720.0,772961.0,772949.0
2026-06-26 09:59:00,5239.0,5240.0,5238.0,5239.0,521.0,772949.0,773035.0
2026-06-26 10:00:00,5239.0,5242.0,5237.0,5242.0,1363.0,773035.0,772859.0
2026-06-26 10:01:00,5242.0,5244.0,5241.0,5243.0,1033.0,772859.0,772699.0
2026-06-26 10:02:00,5243.0,5243.0,5239.0,5240.0,843.0,772699.0,772566.0
2026-06-26 10:03:00,5240.0,5243.0,5240.0,5241.0,609.0,772566.0,772448.0
2026-06-26 10:04:00,5241.0,5242.0,5240.0,5240.0,167.0,772448.0,772394.0
2026-06-26 10:05:00,5240.0,5242.0,5240.0,5240.0,571.0,772394.0,772308.0
2026-06-26 10:06:00,5240.0,5241.0,5239.0,5239.0,350.0,772308.0,772256.0
2026-06-26 10:07:00,5239.0,5241.0,5239.0,5240.0,594.0,772256.0,772109.0
2026-06-26 10:08:00,5240.0,5241.0,5239.0,5240.0,988.0,772109.0,771896.0
2026-06-26 10:09:00,5240.0,5241.0,5239.0,5241.0,473.0,771896.0,771884.0
2026-06-26 10:10:00,5241.0,5241.0,5237.0,5237.0,761.0,771884.0,772033.0
2026-06-26 10:11:00,5237.0,5239.0,5236.0,5236.0,1717.0,772033.0,772100.0
2026-06-26 10:12:00,5236.0,5238.0,5236.0,5238.0,1561.0,772100.0,771264.0
2026-06-26 10:13:00,5238.0,5241.0,5237.0,5240.0,930.0,771264.0,771089.0
2026-06-26 10:14:00,5240.0,5241.0,5238.0,5238.0,399.0,771089.0,771042.0
2026-06-26 10:30:00,5238.0,5238.0,5235.0,5237.0,1360.0,771042.0,770847.0
2026-06-26 10:31:00,5237.0,5238.0,5232.0,5233.0,1873.0,770847.0,770787.0
2026-06-26 10:32:00,5233.0,5233.0,5229.0,5229.0,3798.0,770787.0,770875.0
2026-06-26 10:33:00,5229.0,5232.0,5229.0,5232.0,1678.0,770875.0,770717.0
2026-06-26 10:34:00,5232.0,5233.0,5232.0,5232.0,617.0,770717.0,770848.0
2026-06-26 10:35:00,5232.0,5233.0,5231.0,5232.0,381.0,770848.0,770712.0
2026-06-26 10:36:00,5232.0,5233.0,5229.0,5229.0,1308.0,770712.0,770383.0
2026-06-26 10:37:00,5229.0,5231.0,5229.0,5231.0,503.0,770383.0,770210.0
2026-06-26 10:38:00,5231.0,5231.0,5227.0,5228.0,2307.0,770210.0,769269.0
2026-06-26 10:39:00,5228.0,5231.0,5228.0,5231.0,822.0,769269.0,769174.0
2026-06-26 10:40:00,5231.0,5233.0,5230.0,5233.0,793.0,769174.0,768931.0
2026-06-26 10:41:00,5233.0,5235.0,5232.0,5233.0,1179.0,768931.0,768681.0
2026-06-26 10:42:00,5233.0,5234.0,5233.0,5233.0,509.0,768681.0,768538.0
2026-06-26 10:43:00,5233.0,5234.0,5232.0,5233.0,366.0,768538.0,768432.0
2026-06-26 10:44:00,5233.0,5233.0,5231.0,5231.0,207.0,768432.0,768458.0
2026-06-26 10:45:00,5231.0,5232.0,5227.0,5228.0,1356.0,768458.0,768655.0
2026-06-26 10:46:00,5228.0,5228.0,5227.0,5227.0,400.0,768655.0,768577.0
2026-06-26 10:47:00,5227.0,5228.0,5221.0,5226.0,4162.0,768577.0,767985.0
2026-06-26 10:48:00,5226.0,5226.0,5225.0,5225.0,515.0,767985.0,767795.0
2026-06-26 10:49:00,5225.0,5227.0,5225.0,5226.0,533.0,767795.0,767600.0
2026-06-26 10:50:00,5226.0,5227.0,5226.0,5226.0,491.0,767600.0,767531.0
2026-06-26 10:51:00,5226.0,5228.0,5226.0,5227.0,544.0,767531.0,767428.0
2026-06-26 10:52:00,5227.0,5228.0,5226.0,5227.0,285.0,767428.0,767382.0
2026-06-26 10:53:00,5227.0,5227.0,5224.0,5224.0,1233.0,767382.0,767274.0
2026-06-26 10:54:00,5224.0,5226.0,5224.0,5225.0,614.0,767274.0,767111.0
2026-06-26 10:55:00,5225.0,5226.0,5225.0,5226.0,317.0,767111.0,767130.0
2026-06-26 10:56:00,5226.0,5228.0,5225.0,5227.0,1106.0,767130.0,767164.0
2026-06-26 10:57:00,5227.0,5227.0,5226.0,5227.0,339.0,767164.0,767058.0
2026-06-26 10:58:00,5227.0,5228.0,5226.0,5228.0,416.0,767058.0,766964.0
2026-06-26 10:59:00,5228.0,5229.0,5227.0,5228.0,306.0,766964.0,766946.0
2026-06-26 11:00:00,5228.0,5229.0,5227.0,5227.0,878.0,766946.0,767100.0
2026-06-26 11:01:00,5227.0,5227.0,5226.0,5227.0,570.0,767100.0,767026.0
2026-06-26 11:02:00,5227.0,5229.0,5226.0,5228.0,315.0,767026.0,767017.0
2026-06-26 11:03:00,5228.0,5229.0,5228.0,5228.0,413.0,767017.0,767037.0
2026-06-26 11:04:00,5228.0,5229.0,5226.0,5227.0,409.0,767037.0,767130.0
2026-06-26 11:05:00,5227.0,5228.0,5226.0,5227.0,235.0,767130.0,767175.0
2026-06-26 11:06:00,5227.0,5229.0,5227.0,5229.0,515.0,767175.0,767161.0
2026-06-26 11:07:00,5229.0,5230.0,5228.0,5229.0,474.0,767161.0,767282.0
2026-06-26 11:08:00,5229.0,5229.0,5228.0,5228.0,269.0,767282.0,767304.0
2026-06-26 11:09:00,5228.0,5229.0,5227.0,5227.0,296.0,767304.0,767399.0
2026-06-26 11:10:00,5227.0,5228.0,5226.0,5227.0,344.0,767399.0,767507.0
2026-06-26 11:11:00,5227.0,5228.0,5226.0,5226.0,787.0,767507.0,767417.0
2026-06-26 11:12:00,5226.0,5228.0,5226.0,5227.0,150.0,767417.0,767353.0
2026-06-26 11:13:00,5227.0,5230.0,5227.0,5229.0,914.0,767353.0,767142.0
2026-06-26 11:14:00,5229.0,5229.0,5228.0,5228.0,160.0,767142.0,767219.0
2026-06-26 11:15:00,5228.0,5229.0,5227.0,5228.0,395.0,767219.0,767422.0
2026-06-26 11:16:00,5228.0,5228.0,5227.0,5227.0,339.0,767422.0,767484.0
2026-06-26 11:17:00,5227.0,5228.0,5227.0,5228.0,296.0,767484.0,767510.0
2026-06-26 11:18:00,5228.0,5228.0,5225.0,5225.0,915.0,767510.0,767431.0
2026-06-26 11:19:00,5225.0,5226.0,5225.0,5226.0,485.0,767431.0,767460.0
2026-06-26 11:20:00,5226.0,5227.0,5225.0,5226.0,490.0,767460.0,767544.0
2026-06-26 11:21:00,5226.0,5227.0,5225.0,5226.0,243.0,767544.0,767542.0
2026-06-26 11:22:00,5226.0,5226.0,5223.0,5224.0,1016.0,767542.0,767431.0
2026-06-26 11:23:00,5224.0,5225.0,5223.0,5224.0,860.0,767431.0,767330.0
2026-06-26 11:24:00,5224.0,5224.0,5221.0,5222.0,854.0,767330.0,767404.0
2026-06-26 11:25:00,5222.0,5222.0,5220.0,5221.0,2232.0,767404.0,767427.0
2026-06-26 11:26:00,5221.0,5224.0,5221.0,5224.0,646.0,767427.0,767356.0
2026-06-26 11:27:00,5224.0,5224.0,5222.0,5222.0,526.0,767356.0,767402.0
2026-06-26 11:28:00,5222.0,5225.0,5222.0,5224.0,781.0,767402.0,767047.0
2026-06-26 11:29:00,5224.0,5225.0,5223.0,5225.0,556.0,767047.0,767026.0
2026-06-26 13:30:00,5225.0,5227.0,5223.0,5224.0,1205.0,767026.0,767199.0
2026-06-26 13:31:00,5224.0,5224.0,5223.0,5224.0,775.0,767199.0,767102.0
2026-06-26 13:32:00,5224.0,5224.0,5222.0,5223.0,421.0,767102.0,767081.0
2026-06-26 13:33:00,5223.0,5225.0,5223.0,5224.0,551.0,767081.0,767088.0
2026-06-26 13:34:00,5224.0,5224.0,5223.0,5223.0,420.0,767088.0,767136.0
2026-06-26 13:35:00,5223.0,5225.0,5223.0,5225.0,508.0,767136.0,767366.0
2026-06-26 13:36:00,5225.0,5226.0,5224.0,5226.0,377.0,767366.0,767398.0
2026-06-26 13:37:00,5226.0,5226.0,5225.0,5226.0,361.0,767398.0,767412.0
2026-06-26 13:38:00,5226.0,5227.0,5224.0,5225.0,613.0,767412.0,767371.0
2026-06-26 13:39:00,5225.0,5226.0,5225.0,5225.0,505.0,767371.0,767427.0
2026-06-26 13:40:00,5225.0,5228.0,5225.0,5225.0,656.0,767427.0,767444.0
2026-06-26 13:41:00,5225.0,5227.0,5225.0,5227.0,309.0,767444.0,767475.0
2026-06-26 13:42:00,5227.0,5229.0,5227.0,5228.0,911.0,767475.0,767509.0
2026-06-26 13:43:00,5228.0,5229.0,5226.0,5226.0,1048.0,767509.0,767642.0
2026-06-26 13:44:00,5226.0,5227.0,5224.0,5224.0,1692.0,767642.0,767637.0
2026-06-26 13:45:00,5224.0,5225.0,5220.0,5221.0,1421.0,767637.0,767826.0
2026-06-26 13:46:00,5221.0,5222.0,5219.0,5221.0,1252.0,767826.0,768080.0
2026-06-26 13:47:00,5221.0,5224.0,5221.0,5224.0,355.0,768080.0,768037.0
2026-06-26 13:48:00,5224.0,5225.0,5223.0,5224.0,661.0,768037.0,768012.0
2026-06-26 13:49:00,5224.0,5226.0,5223.0,5224.0,1170.0,768012.0,768142.0
2026-06-26 13:50:00,5224.0,5227.0,5224.0,5226.0,1061.0,768142.0,768176.0
2026-06-26 13:51:00,5226.0,5227.0,5225.0,5225.0,914.0,768176.0,768281.0
2026-06-26 13:52:00,5225.0,5226.0,5224.0,5224.0,657.0,768281.0,768306.0
2026-06-26 13:53:00,5224.0,5225.0,5223.0,5223.0,227.0,768306.0,768386.0
2026-06-26 13:54:00,5223.0,5225.0,5222.0,5223.0,769.0,768386.0,768249.0
2026-06-26 13:55:00,5223.0,5226.0,5223.0,5226.0,485.0,768249.0,768100.0
2026-06-26 13:56:00,5226.0,5227.0,5225.0,5226.0,687.0,768100.0,768219.0
2026-06-26 13:57:00,5226.0,5228.0,5226.0,5228.0,670.0,768219.0,768116.0
2026-06-26 13:58:00,5228.0,5229.0,5227.0,5228.0,1022.0,768116.0,768260.0
2026-06-26 13:59:00,5228.0,5229.0,5227.0,5228.0,865.0,768260.0,768528.0
2026-06-26 14:00:00,5228.0,5231.0,5228.0,5230.0,1771.0,768528.0,768986.0
2026-06-26 14:01:00,5230.0,5230.0,5228.0,5229.0,679.0,768986.0,769006.0
2026-06-26 14:02:00,5229.0,5229.0,5228.0,5229.0,84.0,769006.0,769021.0
2026-06-26 14:03:00,5229.0,5230.0,5227.0,5227.0,971.0,769021.0,769222.0
2026-06-26 14:04:00,5227.0,5228.0,5226.0,5228.0,569.0,769222.0,769043.0
2026-06-26 14:05:00,5228.0,5229.0,5227.0,5229.0,656.0,769043.0,768933.0
2026-06-26 14:06:00,5229.0,5229.0,5227.0,5228.0,220.0,768933.0,768978.0
2026-06-26 14:07:00,5228.0,5229.0,5227.0,5228.0,127.0,768978.0,768954.0
2026-06-26 14:08:00,5228.0,5228.0,5227.0,5228.0,99.0,768954.0,768934.0
2026-06-26 14:09:00,5228.0,5228.0,5226.0,5227.0,318.0,768934.0,768885.0
2026-06-26 14:10:00,5227.0,5228.0,5226.0,5227.0,773.0,768885.0,769073.0
2026-06-26 14:11:00,5227.0,5228.0,5227.0,5227.0,202.0,769073.0,769044.0
2026-06-26 14:12:00,5227.0,5228.0,5227.0,5227.0,321.0,769044.0,769156.0
2026-06-26 14:13:00,5227.0,5228.0,5226.0,5227.0,477.0,769156.0,769177.0
2026-06-26 14:14:00,5227.0,5228.0,5227.0,5228.0,120.0,769177.0,769165.0
2026-06-26 14:15:00,5228.0,5229.0,5227.0,5228.0,496.0,769165.0,769205.0
2026-06-26 14:16:00,5228.0,5229.0,5227.0,5228.0,219.0,769205.0,769197.0
2026-06-26 14:17:00,5228.0,5229.0,5227.0,5227.0,301.0,769197.0,769084.0
2026-06-26 14:18:00,5227.0,5228.0,5227.0,5228.0,202.0,769084.0,769017.0
2026-06-26 14:19:00,5228.0,5230.0,5227.0,5230.0,1048.0,769017.0,768907.0
2026-06-26 14:20:00,5230.0,5230.0,5228.0,5229.0,718.0,768907.0,768813.0
2026-06-26 14:21:00,5229.0,5231.0,5229.0,5231.0,1133.0,768813.0,768418.0
2026-06-26 14:22:00,5231.0,5232.0,5229.0,5230.0,553.0,768418.0,768406.0
2026-06-26 14:23:00,5230.0,5231.0,5229.0,5229.0,315.0,768406.0,768474.0
2026-06-26 14:24:00,5229.0,5231.0,5229.0,5230.0,345.0,768474.0,768436.0
2026-06-26 14:25:00,5230.0,5232.0,5230.0,5231.0,684.0,768436.0,768206.0
2026-06-26 14:26:00,5231.0,5233.0,5231.0,5233.0,1391.0,768206.0,768163.0
2026-06-26 14:27:00,5233.0,5233.0,5231.0,5232.0,719.0,768163.0,768155.0
2026-06-26 14:28:00,5232.0,5232.0,5230.0,5231.0,614.0,768155.0,768111.0
2026-06-26 14:29:00,5231.0,5232.0,5230.0,5230.0,345.0,768111.0,768118.0
2026-06-26 14:30:00,5230.0,5231.0,5228.0,5229.0,792.0,768118.0,768065.0
2026-06-26 14:31:00,5229.0,5229.0,5227.0,5228.0,462.0,768065.0,768101.0
2026-06-26 14:32:00,5228.0,5229.0,5227.0,5228.0,307.0,768101.0,767929.0
2026-06-26 14:33:00,5228.0,5229.0,5227.0,5229.0,266.0,767929.0,768020.0
2026-06-26 14:34:00,5229.0,5229.0,5228.0,5229.0,330.0,768020.0,768135.0
2026-06-26 14:35:00,5229.0,5229.0,5228.0,5228.0,410.0,768135.0,768138.0
2026-06-26 14:36:00,5228.0,5229.0,5228.0,5228.0,106.0,768138.0,768121.0
2026-06-26 14:37:00,5228.0,5229.0,5228.0,5229.0,106.0,768121.0,768142.0
2026-06-26 14:38:00,5229.0,5229.0,5228.0,5228.0,605.0,768142.0,768072.0
2026-06-26 14:39:00,5228.0,5229.0,5227.0,5227.0,277.0,768072.0,768066.0
2026-06-26 14:40:00,5227.0,5228.0,5226.0,5226.0,587.0,768066.0,767910.0
2026-06-26 14:41:00,5226.0,5227.0,5226.0,5226.0,220.0,767910.0,767885.0
2026-06-26 14:42:00,5226.0,5227.0,5225.0,5225.0,1104.0,767885.0,767932.0
2026-06-26 14:43:00,5225.0,5228.0,5225.0,5227.0,394.0,767932.0,767942.0
2026-06-26 14:44:00,5227.0,5229.0,5227.0,5227.0,936.0,767942.0,767927.0
2026-06-26 14:45:00,5227.0,5227.0,5225.0,5226.0,796.0,767927.0,767975.0
2026-06-26 14:46:00,5226.0,5227.0,5225.0,5226.0,536.0,767975.0,768038.0
2026-06-26 14:47:00,5226.0,5228.0,5226.0,5227.0,263.0,768038.0,767956.0
2026-06-26 14:48:00,5227.0,5228.0,5226.0,5226.0,559.0,767956.0,767849.0
2026-06-26 14:49:00,5226.0,5226.0,5225.0,5225.0,636.0,767849.0,767700.0
2026-06-26 14:50:00,5225.0,5226.0,5224.0,5224.0,1345.0,767700.0,767364.0
2026-06-26 14:51:00,5224.0,5225.0,5222.0,5222.0,1308.0,767364.0,767388.0
2026-06-26 14:52:00,5222.0,5223.0,5220.0,5220.0,2417.0,767388.0,767592.0
2026-06-26 14:53:00,5220.0,5222.0,5220.0,5220.0,975.0,767592.0,767507.0
2026-06-26 14:54:00,5220.0,5221.0,5219.0,5219.0,796.0,767507.0,767519.0
2026-06-26 14:55:00,5219.0,5222.0,5219.0,5222.0,1063.0,767519.0,767443.0
2026-06-26 14:56:00,5222.0,5222.0,5220.0,5221.0,889.0,767443.0,767330.0
2026-06-26 14:57:00,5221.0,5222.0,5220.0,5221.0,1041.0,767330.0,767024.0
2026-06-26 14:58:00,5221.0,5221.0,5220.0,5221.0,931.0,767024.0,767092.0
2026-06-26 14:59:00,5221.0,5221.0,5218.0,5219.0,2846.0,767092.0,766965.0
2026-06-26 21:00:00,5251.0,5262.0,5251.0,5258.0,17556.0,766965.0,765379.0
2026-06-26 21:01:00,5258.0,5268.0,5257.0,5264.0,11277.0,765379.0,763593.0
2026-06-26 21:02:00,5264.0,5269.0,5264.0,5269.0,9025.0,763593.0,762836.0
2026-06-26 21:03:00,5269.0,5272.0,5266.0,5267.0,6280.0,762836.0,763335.0
2026-06-26 21:04:00,5267.0,5267.0,5259.0,5262.0,7157.0,763335.0,763658.0
2026-06-26 21:05:00,5262.0,5262.0,5258.0,5261.0,5328.0,763658.0,763476.0
2026-06-26 21:06:00,5261.0,5265.0,5260.0,5264.0,3508.0,763476.0,763688.0
2026-06-26 21:07:00,5264.0,5267.0,5262.0,5266.0,3662.0,763688.0,764033.0
2026-06-26 21:08:00,5266.0,5267.0,5262.0,5264.0,3166.0,764033.0,764453.0
2026-06-26 21:09:00,5264.0,5266.0,5262.0,5262.0,3107.0,764453.0,765001.0
2026-06-26 21:10:00,5262.0,5265.0,5259.0,5260.0,2988.0,765001.0,764623.0
2026-06-26 21:11:00,5260.0,5262.0,5259.0,5260.0,1888.0,764623.0,764212.0
2026-06-26 21:12:00,5260.0,5260.0,5256.0,5258.0,3078.0,764212.0,763343.0
2026-06-26 21:13:00,5258.0,5260.0,5257.0,5259.0,1284.0,763343.0,763074.0
2026-06-26 21:14:00,5259.0,5260.0,5257.0,5259.0,1874.0,763074.0,762797.0
2026-06-26 21:15:00,5259.0,5259.0,5256.0,5257.0,2076.0,762797.0,762976.0
2026-06-26 21:16:00,5257.0,5260.0,5256.0,5260.0,1694.0,762976.0,762805.0
2026-06-26 21:17:00,5260.0,5261.0,5259.0,5260.0,2143.0,762805.0,762711.0
2026-06-26 21:18:00,5260.0,5265.0,5260.0,5263.0,2059.0,762711.0,763185.0
2026-06-26 21:19:00,5263.0,5264.0,5262.0,5263.0,1157.0,763185.0,763515.0
2026-06-26 21:20:00,5263.0,5267.0,5263.0,5267.0,3962.0,763515.0,764261.0
2026-06-26 21:21:00,5267.0,5267.0,5265.0,5266.0,1735.0,764261.0,764534.0
2026-06-26 21:22:00,5266.0,5267.0,5264.0,5267.0,1721.0,764534.0,764744.0
2026-06-26 21:23:00,5267.0,5269.0,5266.0,5266.0,4409.0,764744.0,764630.0
2026-06-26 21:24:00,5266.0,5269.0,5266.0,5267.0,2030.0,764630.0,764684.0
2026-06-26 21:25:00,5267.0,5267.0,5263.0,5264.0,1677.0,764684.0,764392.0
2026-06-26 21:26:00,5264.0,5266.0,5263.0,5265.0,944.0,764392.0,764220.0
2026-06-26 21:27:00,5265.0,5266.0,5264.0,5265.0,900.0,764220.0,764027.0
2026-06-26 21:28:00,5265.0,5265.0,5264.0,5265.0,624.0,764027.0,763881.0
2026-06-26 21:29:00,5265.0,5265.0,5260.0,5261.0,2800.0,763881.0,763552.0
2026-06-26 21:30:00,5261.0,5264.0,5260.0,5262.0,2227.0,763552.0,763811.0
2026-06-26 21:31:00,5262.0,5263.0,5261.0,5263.0,889.0,763811.0,763866.0
2026-06-26 21:32:00,5263.0,5264.0,5262.0,5262.0,1520.0,763866.0,764144.0
2026-06-26 21:33:00,5262.0,5263.0,5261.0,5261.0,663.0,764144.0,764221.0
2026-06-26 21:34:00,5261.0,5262.0,5259.0,5259.0,988.0,764221.0,764298.0
2026-06-26 21:35:00,5259.0,5260.0,5258.0,5258.0,985.0,764298.0,764176.0
2026-06-26 21:36:00,5258.0,5262.0,5258.0,5262.0,930.0,764176.0,764143.0
2026-06-26 21:37:00,5262.0,5264.0,5261.0,5264.0,935.0,764143.0,764118.0
2026-06-26 21:38:00,5264.0,5264.0,5263.0,5263.0,617.0,764118.0,764143.0
2026-06-26 21:39:00,5263.0,5264.0,5263.0,5263.0,707.0,764143.0,764155.0
2026-06-26 21:40:00,5263.0,5263.0,5259.0,5260.0,1262.0,764155.0,764443.0
2026-06-26 21:41:00,5260.0,5260.0,5259.0,5260.0,814.0,764443.0,764368.0
2026-06-26 21:42:00,5260.0,5260.0,5259.0,5259.0,677.0,764368.0,764629.0
2026-06-26 21:43:00,5259.0,5260.0,5259.0,5260.0,434.0,764629.0,764742.0
2026-06-26 21:44:00,5260.0,5260.0,5259.0,5259.0,881.0,764742.0,764764.0
2026-06-26 21:45:00,5259.0,5263.0,5259.0,5262.0,1260.0,764764.0,764524.0
2026-06-26 21:46:00,5262.0,5265.0,5261.0,5264.0,973.0,764524.0,764411.0
2026-06-26 21:47:00,5264.0,5265.0,5263.0,5264.0,1907.0,764411.0,764398.0
2026-06-26 21:48:00,5264.0,5264.0,5262.0,5262.0,371.0,764398.0,764483.0
2026-06-26 21:49:00,5262.0,5264.0,5262.0,5262.0,394.0,764483.0,764528.0
2026-06-26 21:50:00,5262.0,5264.0,5260.0,5261.0,808.0,764528.0,764363.0
2026-06-26 21:51:00,5261.0,5262.0,5259.0,5259.0,689.0,764363.0,764360.0
2026-06-26 21:52:00,5259.0,5260.0,5255.0,5256.0,3036.0,764360.0,764803.0
2026-06-26 21:53:00,5256.0,5258.0,5256.0,5257.0,1159.0,764803.0,764443.0
2026-06-26 21:54:00,5257.0,5259.0,5257.0,5258.0,683.0,764443.0,764290.0
2026-06-26 21:55:00,5258.0,5259.0,5257.0,5258.0,442.0,764290.0,764238.0
2026-06-26 21:56:00,5258.0,5260.0,5258.0,5260.0,691.0,764238.0,764080.0
2026-06-26 21:57:00,5260.0,5260.0,5257.0,5257.0,996.0,764080.0,764299.0
2026-06-26 21:58:00,5257.0,5260.0,5257.0,5259.0,676.0,764299.0,764188.0
2026-06-26 21:59:00,5259.0,5261.0,5259.0,5261.0,761.0,764188.0,763959.0
2026-06-26 22:00:00,5261.0,5264.0,5260.0,5263.0,1276.0,763959.0,763627.0
2026-06-26 22:01:00,5263.0,5263.0,5262.0,5262.0,547.0,763627.0,763674.0
2026-06-26 22:02:00,5262.0,5266.0,5262.0,5266.0,2783.0,763674.0,762880.0
2026-06-26 22:03:00,5266.0,5267.0,5264.0,5266.0,1502.0,762880.0,763111.0
2026-06-26 22:04:00,5266.0,5268.0,5265.0,5265.0,1886.0,763111.0,762450.0
2026-06-26 22:05:00,5265.0,5266.0,5264.0,5265.0,796.0,762450.0,762611.0
2026-06-26 22:06:00,5265.0,5265.0,5263.0,5263.0,774.0,762611.0,762745.0
2026-06-26 22:07:00,5263.0,5267.0,5263.0,5266.0,948.0,762745.0,762791.0
2026-06-26 22:08:00,5266.0,5266.0,5264.0,5265.0,410.0,762791.0,762715.0
2026-06-26 22:09:00,5265.0,5266.0,5263.0,5265.0,672.0,762715.0,762548.0
2026-06-26 22:10:00,5265.0,5265.0,5264.0,5265.0,249.0,762548.0,762512.0
2026-06-26 22:11:00,5265.0,5266.0,5264.0,5266.0,651.0,762512.0,762436.0
2026-06-26 22:12:00,5266.0,5267.0,5265.0,5265.0,612.0,762436.0,762257.0
2026-06-26 22:13:00,5265.0,5266.0,5264.0,5264.0,542.0,762257.0,762278.0
2026-06-26 22:14:00,5264.0,5264.0,5263.0,5264.0,280.0,762278.0,762248.0
2026-06-26 22:15:00,5264.0,5264.0,5262.0,5263.0,1064.0,762248.0,762339.0
2026-06-26 22:16:00,5263.0,5263.0,5262.0,5262.0,315.0,762339.0,762416.0
2026-06-26 22:17:00,5262.0,5264.0,5262.0,5262.0,511.0,762416.0,762434.0
2026-06-26 22:18:00,5262.0,5264.0,5262.0,5263.0,362.0,762434.0,762481.0
2026-06-26 22:19:00,5263.0,5264.0,5262.0,5263.0,272.0,762481.0,762441.0
2026-06-26 22:20:00,5263.0,5264.0,5262.0,5263.0,293.0,762441.0,762366.0
2026-06-26 22:21:00,5263.0,5263.0,5261.0,5261.0,1084.0,762366.0,762335.0
2026-06-26 22:22:00,5261.0,5263.0,5261.0,5262.0,372.0,762335.0,762352.0
2026-06-26 22:23:00,5262.0,5264.0,5262.0,5264.0,281.0,762352.0,762310.0
2026-06-26 22:24:00,5264.0,5265.0,5264.0,5264.0,398.0,762310.0,762269.0
2026-06-26 22:25:00,5264.0,5265.0,5264.0,5264.0,1010.0,762269.0,761948.0
2026-06-26 22:26:00,5264.0,5265.0,5263.0,5265.0,257.0,761948.0,761817.0
2026-06-26 22:27:00,5265.0,5265.0,5262.0,5263.0,703.0,761817.0,762131.0
2026-06-26 22:28:00,5263.0,5264.0,5262.0,5263.0,333.0,762131.0,761979.0
2026-06-26 22:29:00,5263.0,5264.0,5262.0,5262.0,250.0,761979.0,762034.0
2026-06-26 22:30:00,5262.0,5263.0,5262.0,5262.0,247.0,762034.0,762099.0
2026-06-26 22:31:00,5262.0,5263.0,5262.0,5263.0,88.0,762099.0,762092.0
2026-06-26 22:32:00,5263.0,5263.0,5261.0,5262.0,472.0,762092.0,762030.0
2026-06-26 22:33:00,5262.0,5262.0,5261.0,5261.0,276.0,762030.0,761944.0
2026-06-26 22:34:00,5261.0,5262.0,5261.0,5262.0,629.0,761944.0,761902.0
2026-06-26 22:35:00,5262.0,5262.0,5260.0,5261.0,487.0,761902.0,761762.0
2026-06-26 22:36:00,5261.0,5261.0,5259.0,5259.0,631.0,761762.0,761505.0
2026-06-26 22:37:00,5259.0,5261.0,5259.0,5261.0,539.0,761505.0,761301.0
2026-06-26 22:38:00,5261.0,5262.0,5260.0,5262.0,569.0,761301.0,761201.0
2026-06-26 22:39:00,5262.0,5262.0,5261.0,5261.0,102.0,761201.0,761188.0
2026-06-26 22:40:00,5261.0,5263.0,5261.0,5261.0,934.0,761188.0,760890.0
2026-06-26 22:41:00,5261.0,5263.0,5261.0,5262.0,361.0,760890.0,760792.0
2026-06-26 22:42:00,5262.0,5264.0,5262.0,5264.0,741.0,760792.0,760819.0
2026-06-26 22:43:00,5264.0,5265.0,5263.0,5264.0,626.0,760819.0,760977.0
2026-06-26 22:44:00,5264.0,5264.0,5263.0,5263.0,752.0,760977.0,760906.0
2026-06-26 22:45:00,5263.0,5265.0,5263.0,5264.0,348.0,760906.0,760751.0
2026-06-26 22:46:00,5264.0,5264.0,5263.0,5264.0,110.0,760751.0,760710.0
2026-06-26 22:47:00,5264.0,5264.0,5263.0,5264.0,326.0,760710.0,760629.0
2026-06-26 22:48:00,5264.0,5264.0,5262.0,5262.0,457.0,760629.0,760636.0
2026-06-26 22:49:00,5262.0,5263.0,5261.0,5262.0,477.0,760636.0,760698.0
2026-06-26 22:50:00,5262.0,5263.0,5261.0,5262.0,182.0,760698.0,760652.0
2026-06-26 22:51:00,5262.0,5264.0,5262.0,5263.0,608.0,760652.0,760633.0
2026-06-26 22:52:00,5263.0,5264.0,5262.0,5263.0,674.0,760633.0,760309.0
2026-06-26 22:53:00,5263.0,5263.0,5262.0,5263.0,442.0,760309.0,760044.0
2026-06-26 22:54:00,5263.0,5263.0,5261.0,5261.0,426.0,760044.0,759797.0
2026-06-26 22:55:00,5261.0,5262.0,5261.0,5262.0,221.0,759797.0,759702.0
2026-06-26 22:56:00,5262.0,5262.0,5260.0,5261.0,1001.0,759702.0,759152.0
2026-06-26 22:57:00,5261.0,5263.0,5260.0,5263.0,645.0,759152.0,758852.0
2026-06-26 22:58:00,5263.0,5264.0,5262.0,5263.0,723.0,758852.0,758578.0
2026-06-26 22:59:00,5263.0,5264.0,5261.0,5262.0,1470.0,758578.0,757914.0
2026-06-29 09:00:00,5262.0,5262.0,5248.0,5254.0,9985.0,757914.0,758147.0
2026-06-29 09:01:00,5254.0,5257.0,5254.0,5257.0,3432.0,758147.0,758670.0
2026-06-29 09:02:00,5257.0,5261.0,5257.0,5260.0,2397.0,758670.0,757939.0
2026-06-29 09:03:00,5260.0,5261.0,5259.0,5260.0,1536.0,757939.0,757825.0
2026-06-29 09:04:00,5260.0,5262.0,5259.0,5261.0,1195.0,757825.0,758050.0
2026-06-29 09:05:00,5261.0,5264.0,5260.0,5262.0,2963.0,758050.0,758864.0
2026-06-29 09:06:00,5262.0,5264.0,5261.0,5263.0,1423.0,758864.0,759047.0
2026-06-29 09:07:00,5263.0,5265.0,5262.0,5265.0,1970.0,759047.0,758978.0
2026-06-29 09:08:00,5265.0,5266.0,5264.0,5265.0,1040.0,758978.0,759111.0
2026-06-29 09:09:00,5265.0,5265.0,5261.0,5261.0,1738.0,759111.0,759556.0
2026-06-29 09:10:00,5261.0,5263.0,5261.0,5262.0,870.0,759556.0,759401.0
2026-06-29 09:11:00,5262.0,5262.0,5260.0,5261.0,947.0,759401.0,759567.0
2026-06-29 09:12:00,5261.0,5262.0,5258.0,5258.0,633.0,759567.0,759721.0
2026-06-29 09:13:00,5258.0,5259.0,5257.0,5258.0,1950.0,759721.0,759567.0
2026-06-29 09:14:00,5258.0,5260.0,5257.0,5260.0,1037.0,759567.0,759756.0
2026-06-29 09:15:00,5260.0,5262.0,5259.0,5261.0,885.0,759756.0,759809.0
2026-06-29 09:16:00,5261.0,5262.0,5260.0,5260.0,476.0,759809.0,759795.0
2026-06-29 09:17:00,5260.0,5262.0,5260.0,5262.0,307.0,759795.0,759751.0
2026-06-29 09:18:00,5262.0,5262.0,5260.0,5261.0,870.0,759751.0,759798.0
2026-06-29 09:19:00,5261.0,5262.0,5260.0,5261.0,866.0,759798.0,759913.0
2026-06-29 09:20:00,5261.0,5262.0,5258.0,5259.0,861.0,759913.0,760181.0
2026-06-29 09:21:00,5259.0,5259.0,5257.0,5257.0,1021.0,760181.0,760171.0
2026-06-29 09:22:00,5257.0,5258.0,5255.0,5256.0,912.0,760171.0,760264.0
2026-06-29 09:23:00,5256.0,5258.0,5255.0,5257.0,1160.0,760264.0,760355.0
2026-06-29 09:24:00,5257.0,5259.0,5256.0,5257.0,883.0,760355.0,760332.0
2026-06-29 09:25:00,5257.0,5258.0,5257.0,5258.0,354.0,760332.0,760338.0
2026-06-29 09:26:00,5258.0,5258.0,5256.0,5256.0,431.0,760338.0,760477.0
2026-06-29 09:27:00,5256.0,5257.0,5255.0,5256.0,723.0,760477.0,760645.0
2026-06-29 09:28:00,5256.0,5259.0,5256.0,5258.0,560.0,760645.0,760640.0
2026-06-29 09:29:00,5258.0,5258.0,5256.0,5257.0,422.0,760640.0,760542.0
2026-06-29 09:30:00,5257.0,5257.0,5255.0,5256.0,709.0,760542.0,760493.0
2026-06-29 09:31:00,5256.0,5259.0,5255.0,5259.0,451.0,760493.0,760488.0
2026-06-29 09:32:00,5259.0,5259.0,5257.0,5257.0,269.0,760488.0,760457.0
2026-06-29 09:33:00,5257.0,5258.0,5256.0,5256.0,192.0,760457.0,760455.0
2026-06-29 09:34:00,5256.0,5259.0,5256.0,5257.0,709.0,760455.0,760498.0
2026-06-29 09:35:00,5257.0,5258.0,5256.0,5257.0,244.0,760498.0,760527.0
2026-06-29 09:36:00,5257.0,5259.0,5257.0,5258.0,588.0,760527.0,760465.0
2026-06-29 09:37:00,5258.0,5259.0,5257.0,5259.0,412.0,760465.0,760326.0
2026-06-29 09:38:00,5259.0,5259.0,5258.0,5258.0,331.0,760326.0,760418.0
2026-06-29 09:39:00,5258.0,5260.0,5257.0,5259.0,352.0,760418.0,760343.0
2026-06-29 09:40:00,5259.0,5261.0,5258.0,5260.0,1515.0,760343.0,760346.0
2026-06-29 09:41:00,5260.0,5264.0,5260.0,5264.0,682.0,760346.0,760308.0
2026-06-29 09:42:00,5264.0,5264.0,5262.0,5262.0,510.0,760308.0,760329.0
2026-06-29 09:43:00,5262.0,5262.0,5261.0,5261.0,612.0,760329.0,760363.0
2026-06-29 09:44:00,5261.0,5262.0,5261.0,5262.0,445.0,760363.0,760344.0
2026-06-29 09:45:00,5262.0,5263.0,5259.0,5260.0,778.0,760344.0,760417.0
2026-06-29 09:46:00,5260.0,5261.0,5257.0,5257.0,906.0,760417.0,760663.0
2026-06-29 09:47:00,5257.0,5259.0,5257.0,5257.0,504.0,760663.0,760675.0
2026-06-29 09:48:00,5257.0,5259.0,5257.0,5259.0,607.0,760675.0,760569.0
2026-06-29 09:49:00,5259.0,5260.0,5258.0,5260.0,495.0,760569.0,760678.0
2026-06-29 09:50:00,5260.0,5260.0,5257.0,5257.0,667.0,760678.0,760587.0
2026-06-29 09:51:00,5257.0,5258.0,5254.0,5255.0,1448.0,760587.0,760602.0
2026-06-29 09:52:00,5255.0,5256.0,5254.0,5254.0,574.0,760602.0,760608.0
2026-06-29 09:53:00,5254.0,5255.0,5252.0,5253.0,1110.0,760608.0,760547.0
2026-06-29 09:54:00,5253.0,5255.0,5253.0,5255.0,534.0,760547.0,760629.0
2026-06-29 09:55:00,5255.0,5255.0,5253.0,5254.0,797.0,760629.0,760623.0
2026-06-29 09:56:00,5254.0,5255.0,5253.0,5254.0,313.0,760623.0,760602.0
2026-06-29 09:57:00,5254.0,5255.0,5252.0,5252.0,740.0,760602.0,760841.0
2026-06-29 09:58:00,5252.0,5253.0,5247.0,5248.0,4069.0,760841.0,761271.0
2026-06-29 09:59:00,5248.0,5249.0,5248.0,5249.0,1273.0,761271.0,761187.0
2026-06-29 10:00:00,5249.0,5253.0,5249.0,5251.0,2042.0,761187.0,761192.0
2026-06-29 10:01:00,5251.0,5254.0,5250.0,5254.0,1134.0,761192.0,761330.0
2026-06-29 10:02:00,5254.0,5255.0,5253.0,5255.0,777.0,761330.0,761422.0
2026-06-29 10:03:00,5255.0,5255.0,5253.0,5255.0,658.0,761422.0,761419.0
2026-06-29 10:04:00,5255.0,5255.0,5253.0,5253.0,297.0,761419.0,761418.0
2026-06-29 10:05:00,5253.0,5257.0,5253.0,5257.0,889.0,761418.0,761266.0
2026-06-29 10:06:00,5257.0,5258.0,5256.0,5256.0,785.0,761266.0,761146.0
2026-06-29 10:07:00,5256.0,5257.0,5255.0,5255.0,291.0,761146.0,761234.0
2026-06-29 10:08:00,5255.0,5255.0,5253.0,5254.0,552.0,761234.0,761069.0
2026-06-29 10:09:00,5254.0,5254.0,5252.0,5252.0,663.0,761069.0,760943.0
2026-06-29 10:10:00,5252.0,5255.0,5252.0,5254.0,431.0,760943.0,760826.0
2026-06-29 10:11:00,5254.0,5256.0,5253.0,5253.0,348.0,760826.0,760869.0
2026-06-29 10:12:00,5253.0,5254.0,5251.0,5251.0,402.0,760869.0,760868.0
2026-06-29 10:13:00,5251.0,5254.0,5251.0,5253.0,463.0,760868.0,760668.0
2026-06-29 10:14:00,5253.0,5254.0,5253.0,5254.0,244.0,760668.0,760617.0
2026-06-29 10:30:00,5254.0,5258.0,5253.0,5255.0,1545.0,760617.0,760604.0
2026-06-29 10:31:00,5255.0,5255.0,5252.0,5253.0,688.0,760604.0,760717.0
2026-06-29 10:32:00,5253.0,5254.0,5252.0,5254.0,474.0,760717.0,760796.0
2026-06-29 10:33:00,5254.0,5254.0,5250.0,5251.0,877.0,760796.0,760959.0
2026-06-29 10:34:00,5251.0,5252.0,5249.0,5250.0,907.0,760959.0,761101.0
2026-06-29 10:35:00,5250.0,5251.0,5249.0,5250.0,1028.0,761101.0,761524.0
2026-06-29 10:36:00,5250.0,5250.0,5247.0,5249.0,1563.0,761524.0,761468.0
2026-06-29 10:37:00,5249.0,5249.0,5248.0,5248.0,668.0,761468.0,761496.0
2026-06-29 10:38:00,5248.0,5250.0,5247.0,5250.0,644.0,761496.0,761305.0
2026-06-29 10:39:00,5250.0,5252.0,5249.0,5251.0,664.0,761305.0,761223.0
2026-06-29 10:40:00,5251.0,5253.0,5251.0,5252.0,630.0,761223.0,761172.0
2026-06-29 10:41:00,5252.0,5255.0,5251.0,5254.0,1089.0,761172.0,761365.0
2026-06-29 10:42:00,5254.0,5254.0,5251.0,5251.0,723.0,761365.0,761556.0
2026-06-29 10:43:00,5251.0,5253.0,5250.0,5252.0,398.0,761556.0,761656.0
2026-06-29 10:44:00,5252.0,5253.0,5252.0,5253.0,159.0,761656.0,761688.0
2026-06-29 10:45:00,5253.0,5253.0,5251.0,5251.0,384.0,761688.0,761518.0
2026-06-29 10:46:00,5251.0,5252.0,5250.0,5251.0,514.0,761518.0,761550.0
2026-06-29 10:47:00,5251.0,5251.0,5250.0,5250.0,641.0,761550.0,761683.0
2026-06-29 10:48:00,5250.0,5252.0,5248.0,5248.0,421.0,761683.0,761677.0
2026-06-29 10:49:00,5248.0,5249.0,5248.0,5249.0,450.0,761677.0,761725.0
2026-06-29 10:50:00,5249.0,5250.0,5248.0,5250.0,1130.0,761725.0,761416.0
2026-06-29 10:51:00,5250.0,5250.0,5247.0,5248.0,1015.0,761416.0,761360.0
2026-06-29 10:52:00,5248.0,5251.0,5247.0,5250.0,1349.0,761360.0,760783.0
2026-06-29 10:53:00,5250.0,5251.0,5249.0,5249.0,399.0,760783.0,760819.0
2026-06-29 10:54:00,5249.0,5251.0,5249.0,5250.0,190.0,760819.0,760805.0
2026-06-29 10:55:00,5250.0,5251.0,5250.0,5251.0,738.0,760805.0,760838.0
2026-06-29 10:56:00,5251.0,5252.0,5250.0,5251.0,413.0,760838.0,760849.0
2026-06-29 10:57:00,5251.0,5255.0,5251.0,5253.0,1015.0,760849.0,760516.0
2026-06-29 10:58:00,5253.0,5256.0,5253.0,5256.0,729.0,760516.0,760623.0
2026-06-29 10:59:00,5256.0,5256.0,5253.0,5253.0,446.0,760623.0,760636.0
2026-06-29 11:00:00,5253.0,5256.0,5253.0,5254.0,401.0,760636.0,760583.0
2026-06-29 11:01:00,5254.0,5256.0,5254.0,5256.0,451.0,760583.0,760614.0
2026-06-29 11:02:00,5256.0,5259.0,5256.0,5257.0,988.0,760614.0,760480.0
2026-06-29 11:03:00,5257.0,5259.0,5257.0,5258.0,706.0,760480.0,760456.0
2026-06-29 11:04:00,5258.0,5259.0,5258.0,5259.0,432.0,760456.0,760417.0
2026-06-29 11:05:00,5259.0,5262.0,5258.0,5261.0,2576.0,760417.0,760029.0
2026-06-29 11:06:00,5261.0,5262.0,5259.0,5259.0,1120.0,760029.0,759922.0
2026-06-29 11:07:00,5259.0,5260.0,5258.0,5258.0,438.0,759922.0,759820.0
2026-06-29 11:08:00,5258.0,5260.0,5258.0,5260.0,515.0,759820.0,759980.0
2026-06-29 11:09:00,5260.0,5260.0,5259.0,5259.0,373.0,759980.0,759930.0
2026-06-29 11:10:00,5259.0,5260.0,5259.0,5259.0,102.0,759930.0,759930.0
2026-06-29 11:11:00,5259.0,5262.0,5259.0,5261.0,1036.0,759930.0,759971.0
2026-06-29 11:12:00,5261.0,5262.0,5260.0,5262.0,272.0,759971.0,760054.0
2026-06-29 11:13:00,5262.0,5264.0,5261.0,5263.0,1291.0,760054.0,760163.0
2026-06-29 11:14:00,5263.0,5265.0,5262.0,5263.0,1557.0,760163.0,760251.0
2026-06-29 11:15:00,5263.0,5265.0,5263.0,5265.0,3757.0,760251.0,760356.0
2026-06-29 11:16:00,5265.0,5265.0,5261.0,5262.0,1146.0,760356.0,759899.0
2026-06-29 11:17:00,5262.0,5263.0,5261.0,5262.0,585.0,759899.0,759783.0
2026-06-29 11:18:00,5262.0,5264.0,5261.0,5261.0,666.0,759783.0,759754.0
2026-06-29 11:19:00,5261.0,5263.0,5261.0,5262.0,484.0,759754.0,759788.0
2026-06-29 11:20:00,5262.0,5263.0,5262.0,5263.0,862.0,759788.0,759629.0
2026-06-29 11:21:00,5263.0,5264.0,5263.0,5263.0,616.0,759629.0,759645.0
2026-06-29 11:22:00,5263.0,5264.0,5262.0,5263.0,732.0,759645.0,759667.0
2026-06-29 11:23:00,5263.0,5264.0,5261.0,5262.0,474.0,759667.0,759519.0
2026-06-29 11:24:00,5262.0,5262.0,5261.0,5261.0,186.0,759519.0,759405.0
2026-06-29 11:25:00,5261.0,5262.0,5261.0,5262.0,116.0,759405.0,759354.0
2026-06-29 11:26:00,5262.0,5262.0,5260.0,5262.0,1274.0,759354.0,759534.0
2026-06-29 11:27:00,5262.0,5262.0,5260.0,5261.0,558.0,759534.0,759479.0
2026-06-29 11:28:00,5261.0,5262.0,5260.0,5261.0,605.0,759479.0,759376.0
2026-06-29 11:29:00,5261.0,5261.0,5259.0,5260.0,850.0,759376.0,759373.0
2026-06-29 13:30:00,5260.0,5260.0,5254.0,5254.0,2289.0,759373.0,759440.0
2026-06-29 13:31:00,5254.0,5256.0,5254.0,5256.0,1064.0,759440.0,759228.0
2026-06-29 13:32:00,5256.0,5259.0,5255.0,5258.0,912.0,759228.0,759235.0
2026-06-29 13:33:00,5258.0,5258.0,5255.0,5255.0,1031.0,759235.0,758961.0
2026-06-29 13:34:00,5255.0,5257.0,5255.0,5257.0,595.0,758961.0,758961.0
2026-06-29 13:35:00,5257.0,5258.0,5256.0,5257.0,645.0,758961.0,758789.0
2026-06-29 13:36:00,5257.0,5258.0,5256.0,5257.0,567.0,758789.0,758714.0
2026-06-29 13:37:00,5257.0,5257.0,5253.0,5254.0,1005.0,758714.0,758655.0
2026-06-29 13:38:00,5254.0,5256.0,5254.0,5255.0,556.0,758655.0,758600.0
2026-06-29 13:39:00,5255.0,5256.0,5254.0,5255.0,270.0,758600.0,758512.0
2026-06-29 13:40:00,5255.0,5256.0,5254.0,5256.0,586.0,758512.0,758594.0
2026-06-29 13:41:00,5256.0,5258.0,5255.0,5257.0,654.0,758594.0,758523.0
2026-06-29 13:42:00,5257.0,5258.0,5256.0,5257.0,163.0,758523.0,758556.0
2026-06-29 13:43:00,5257.0,5257.0,5255.0,5257.0,394.0,758556.0,758502.0
2026-06-29 13:44:00,5257.0,5257.0,5255.0,5256.0,678.0,758502.0,758413.0
2026-06-29 13:45:00,5256.0,5257.0,5255.0,5256.0,191.0,758413.0,758427.0
2026-06-29 13:46:00,5256.0,5256.0,5254.0,5255.0,573.0,758427.0,758591.0
2026-06-29 13:47:00,5255.0,5256.0,5255.0,5256.0,268.0,758591.0,758572.0
2026-06-29 13:48:00,5256.0,5257.0,5256.0,5257.0,530.0,758572.0,758636.0
2026-06-29 13:49:00,5257.0,5257.0,5255.0,5256.0,288.0,758636.0,758615.0
2026-06-29 13:50:00,5256.0,5257.0,5256.0,5257.0,444.0,758615.0,758694.0
2026-06-29 13:51:00,5257.0,5258.0,5256.0,5257.0,377.0,758694.0,758696.0
2026-06-29 13:52:00,5257.0,5258.0,5256.0,5257.0,244.0,758696.0,758723.0
2026-06-29 13:53:00,5257.0,5259.0,5257.0,5259.0,896.0,758723.0,758875.0
2026-06-29 13:54:00,5259.0,5260.0,5258.0,5260.0,475.0,758875.0,758802.0
2026-06-29 13:55:00,5260.0,5262.0,5259.0,5262.0,995.0,758802.0,758482.0
2026-06-29 13:56:00,5262.0,5262.0,5260.0,5260.0,629.0,758482.0,758479.0
2026-06-29 13:57:00,5260.0,5262.0,5260.0,5262.0,504.0,758479.0,758537.0
2026-06-29 13:58:00,5262.0,5262.0,5261.0,5261.0,474.0,758537.0,758540.0
2026-06-29 13:59:00,5261.0,5262.0,5259.0,5261.0,604.0,758540.0,758625.0
2026-06-29 14:00:00,5261.0,5262.0,5260.0,5261.0,404.0,758625.0,758507.0
2026-06-29 14:01:00,5261.0,5263.0,5261.0,5263.0,1138.0,758507.0,758659.0
2026-06-29 14:02:00,5263.0,5263.0,5261.0,5263.0,548.0,758659.0,758664.0
2026-06-29 14:03:00,5263.0,5263.0,5261.0,5261.0,758.0,758664.0,758613.0
2026-06-29 14:04:00,5261.0,5262.0,5261.0,5262.0,301.0,758613.0,758637.0
2026-06-29 14:05:00,5262.0,5262.0,5260.0,5260.0,853.0,758637.0,758975.0
2026-06-29 14:06:00,5260.0,5262.0,5260.0,5261.0,400.0,758975.0,758983.0
2026-06-29 14:07:00,5261.0,5262.0,5260.0,5262.0,301.0,758983.0,758958.0
2026-06-29 14:08:00,5262.0,5264.0,5261.0,5264.0,1491.0,758958.0,758372.0
2026-06-29 14:09:00,5264.0,5265.0,5263.0,5265.0,1294.0,758372.0,758932.0
2026-06-29 14:10:00,5265.0,5265.0,5262.0,5263.0,889.0,758932.0,759023.0
2026-06-29 14:11:00,5263.0,5265.0,5262.0,5264.0,557.0,759023.0,758990.0
2026-06-29 14:12:00,5264.0,5264.0,5262.0,5263.0,356.0,758990.0,758997.0
2026-06-29 14:13:00,5263.0,5264.0,5262.0,5264.0,358.0,758997.0,758810.0
2026-06-29 14:14:00,5264.0,5264.0,5262.0,5262.0,237.0,758810.0,758840.0
2026-06-29 14:15:00,5262.0,5263.0,5261.0,5261.0,413.0,758840.0,759016.0
2026-06-29 14:16:00,5261.0,5263.0,5261.0,5262.0,270.0,759016.0,759162.0
2026-06-29 14:17:00,5262.0,5264.0,5262.0,5263.0,462.0,759162.0,759218.0
2026-06-29 14:18:00,5263.0,5264.0,5262.0,5263.0,292.0,759218.0,759121.0
2026-06-29 14:19:00,5263.0,5266.0,5263.0,5264.0,2020.0,759121.0,759524.0
2026-06-29 14:20:00,5264.0,5266.0,5264.0,5265.0,367.0,759524.0,759543.0
2026-06-29 14:21:00,5265.0,5265.0,5264.0,5264.0,395.0,759543.0,759557.0
2026-06-29 14:22:00,5264.0,5265.0,5264.0,5265.0,557.0,759557.0,759771.0
2026-06-29 14:23:00,5265.0,5266.0,5265.0,5265.0,452.0,759771.0,759998.0
2026-06-29 14:24:00,5265.0,5266.0,5265.0,5266.0,325.0,759998.0,760081.0
2026-06-29 14:25:00,5266.0,5266.0,5265.0,5266.0,261.0,760081.0,760135.0
2026-06-29 14:26:00,5266.0,5266.0,5264.0,5265.0,624.0,760135.0,760092.0
2026-06-29 14:27:00,5265.0,5269.0,5265.0,5269.0,1774.0,760092.0,759300.0
2026-06-29 14:28:00,5269.0,5269.0,5268.0,5268.0,916.0,759300.0,759534.0
2026-06-29 14:29:00,5268.0,5269.0,5267.0,5269.0,532.0,759534.0,759659.0
2026-06-29 14:30:00,5269.0,5269.0,5268.0,5269.0,587.0,759659.0,759504.0
2026-06-29 14:31:00,5269.0,5269.0,5267.0,5268.0,749.0,759504.0,759306.0
2026-06-29 14:32:00,5268.0,5274.0,5268.0,5272.0,3526.0,759306.0,758001.0
2026-06-29 14:33:00,5272.0,5273.0,5270.0,5271.0,1791.0,758001.0,757931.0
2026-06-29 14:34:00,5271.0,5274.0,5271.0,5272.0,1761.0,757931.0,758072.0
2026-06-29 14:35:00,5272.0,5273.0,5271.0,5272.0,1297.0,758072.0,757933.0
2026-06-29 14:36:00,5272.0,5274.0,5272.0,5274.0,1183.0,757933.0,757869.0
2026-06-29 14:37:00,5274.0,5276.0,5273.0,5275.0,2622.0,757869.0,757096.0
2026-06-29 14:38:00,5275.0,5275.0,5273.0,5274.0,668.0,757096.0,757031.0
2026-06-29 14:39:00,5274.0,5277.0,5274.0,5276.0,1191.0,757031.0,757073.0
2026-06-29 14:40:00,5276.0,5276.0,5274.0,5274.0,1250.0,757073.0,757146.0
2026-06-29 14:41:00,5274.0,5275.0,5274.0,5275.0,489.0,757146.0,757094.0
2026-06-29 14:42:00,5275.0,5275.0,5272.0,5272.0,1695.0,757094.0,756616.0
2026-06-29 14:43:00,5272.0,5275.0,5272.0,5274.0,1046.0,756616.0,756420.0
2026-06-29 14:44:00,5274.0,5277.0,5273.0,5277.0,1611.0,756420.0,756170.0
2026-06-29 14:45:00,5277.0,5284.0,5277.0,5284.0,5094.0,756170.0,754433.0
2026-06-29 14:46:00,5284.0,5285.0,5280.0,5282.0,4923.0,754433.0,753406.0
2026-06-29 14:47:00,5282.0,5283.0,5279.0,5279.0,1961.0,753406.0,753135.0
2026-06-29 14:48:00,5279.0,5281.0,5279.0,5279.0,1360.0,753135.0,752687.0
2026-06-29 14:49:00,5279.0,5281.0,5279.0,5280.0,1738.0,752687.0,752673.0
2026-06-29 14:50:00,5280.0,5280.0,5277.0,5278.0,2202.0,752673.0,751941.0
2026-06-29 14:51:00,5278.0,5279.0,5277.0,5277.0,949.0,751941.0,751519.0
2026-06-29 14:52:00,5277.0,5278.0,5276.0,5277.0,685.0,751519.0,751451.0
2026-06-29 14:53:00,5277.0,5278.0,5276.0,5276.0,1318.0,751451.0,750817.0
2026-06-29 14:54:00,5276.0,5277.0,5276.0,5277.0,406.0,750817.0,750696.0
2026-06-29 14:55:00,5277.0,5277.0,5270.0,5272.0,3333.0,750696.0,750390.0
2026-06-29 14:56:00,5272.0,5274.0,5272.0,5274.0,1121.0,750390.0,750146.0
2026-06-29 14:57:00,5274.0,5274.0,5272.0,5272.0,1137.0,750146.0,749849.0
2026-06-29 14:58:00,5272.0,5274.0,5271.0,5271.0,1449.0,749849.0,749619.0
2026-06-29 14:59:00,5271.0,5271.0,5268.0,5270.0,2979.0,749619.0,748436.0
2026-06-29 21:00:00,5290.0,5296.0,5283.0,5293.0,16780.0,748436.0,748316.0
2026-06-29 21:01:00,5293.0,5296.0,5292.0,5293.0,7683.0,748316.0,747269.0
2026-06-29 21:02:00,5293.0,5297.0,5292.0,5296.0,5105.0,747269.0,747024.0
2026-06-29 21:03:00,5296.0,5299.0,5295.0,5299.0,4795.0,747024.0,746905.0
2026-06-29 21:04:00,5299.0,5304.0,5297.0,5304.0,6615.0,746905.0,747009.0
2026-06-29 21:05:00,5304.0,5304.0,5297.0,5297.0,5460.0,747009.0,746694.0
2026-06-29 21:06:00,5297.0,5301.0,5293.0,5300.0,4948.0,746694.0,745629.0
2026-06-29 21:07:00,5300.0,5302.0,5300.0,5302.0,3044.0,745629.0,746057.0
2026-06-29 21:08:00,5302.0,5303.0,5301.0,5302.0,2868.0,746057.0,746462.0
2026-06-29 21:09:00,5302.0,5302.0,5300.0,5300.0,1515.0,746462.0,746566.0
2026-06-29 21:10:00,5300.0,5301.0,5295.0,5295.0,3275.0,746566.0,746640.0
2026-06-29 21:11:00,5295.0,5296.0,5293.0,5295.0,2411.0,746640.0,746452.0
2026-06-29 21:12:00,5295.0,5295.0,5293.0,5293.0,1738.0,746452.0,746505.0
2026-06-29 21:13:00,5293.0,5294.0,5290.0,5293.0,3552.0,746505.0,746046.0
2026-06-29 21:14:00,5293.0,5293.0,5290.0,5290.0,3177.0,746046.0,746171.0
2026-06-29 21:15:00,5290.0,5293.0,5290.0,5292.0,1402.0,746171.0,746202.0
2026-06-29 21:16:00,5292.0,5292.0,5290.0,5291.0,1079.0,746202.0,746084.0
2026-06-29 21:17:00,5291.0,5293.0,5290.0,5290.0,1598.0,746084.0,746358.0
2026-06-29 21:18:00,5290.0,5294.0,5289.0,5293.0,2286.0,746358.0,745825.0
2026-06-29 21:19:00,5293.0,5294.0,5292.0,5294.0,841.0,745825.0,745977.0
2026-06-29 21:20:00,5294.0,5294.0,5292.0,5292.0,961.0,745977.0,746067.0
2026-06-29 21:21:00,5292.0,5293.0,5292.0,5293.0,723.0,746067.0,745953.0
2026-06-29 21:22:00,5293.0,5293.0,5292.0,5293.0,431.0,745953.0,745974.0
2026-06-29 21:23:00,5293.0,5294.0,5290.0,5293.0,1988.0,745974.0,745757.0
2026-06-29 21:24:00,5293.0,5296.0,5293.0,5295.0,1823.0,745757.0,745626.0
2026-06-29 21:25:00,5295.0,5297.0,5294.0,5296.0,2036.0,745626.0,746027.0
2026-06-29 21:26:00,5296.0,5296.0,5294.0,5294.0,600.0,746027.0,746143.0
2026-06-29 21:27:00,5294.0,5296.0,5294.0,5294.0,381.0,746143.0,746067.0
2026-06-29 21:28:00,5294.0,5296.0,5294.0,5295.0,1165.0,746067.0,746070.0
2026-06-29 21:29:00,5295.0,5296.0,5294.0,5295.0,674.0,746070.0,746210.0
2026-06-29 21:30:00,5295.0,5296.0,5293.0,5294.0,2288.0,746210.0,746352.0
2026-06-29 21:31:00,5294.0,5295.0,5293.0,5295.0,504.0,746352.0,746093.0
2026-06-29 21:32:00,5295.0,5296.0,5294.0,5296.0,816.0,746093.0,745751.0
2026-06-29 21:33:00,5296.0,5296.0,5294.0,5294.0,516.0,745751.0,745648.0
2026-06-29 21:34:00,5294.0,5296.0,5294.0,5295.0,481.0,745648.0,745623.0
2026-06-29 21:35:00,5295.0,5297.0,5295.0,5297.0,1286.0,745623.0,745467.0
2026-06-29 21:36:00,5297.0,5297.0,5294.0,5296.0,1003.0,745467.0,745660.0
2026-06-29 21:37:00,5296.0,5296.0,5293.0,5294.0,892.0,745660.0,745635.0
2026-06-29 21:38:00,5294.0,5294.0,5293.0,5293.0,759.0,745635.0,745535.0
2026-06-29 21:39:00,5293.0,5294.0,5293.0,5293.0,672.0,745535.0,745552.0
2026-06-29 21:40:00,5293.0,5293.0,5291.0,5293.0,1341.0,745552.0,745408.0
2026-06-29 21:41:00,5293.0,5293.0,5291.0,5291.0,781.0,745408.0,745236.0
2026-06-29 21:42:00,5291.0,5293.0,5290.0,5292.0,1099.0,745236.0,745070.0
2026-06-29 21:43:00,5292.0,5294.0,5291.0,5292.0,682.0,745070.0,745122.0
2026-06-29 21:44:00,5292.0,5292.0,5290.0,5290.0,1531.0,745122.0,745455.0
2026-06-29 21:45:00,5290.0,5291.0,5288.0,5290.0,2342.0,745455.0,744910.0
2026-06-29 21:46:00,5290.0,5290.0,5288.0,5289.0,1320.0,744910.0,744967.0
2026-06-29 21:47:00,5289.0,5289.0,5286.0,5286.0,1102.0,744967.0,744766.0
2026-06-29 21:48:00,5286.0,5287.0,5283.0,5285.0,3014.0,744766.0,744907.0
2026-06-29 21:49:00,5285.0,5287.0,5284.0,5284.0,1825.0,744907.0,744845.0
2026-06-29 21:50:00,5284.0,5287.0,5284.0,5287.0,617.0,744845.0,744839.0
2026-06-29 21:51:00,5287.0,5287.0,5284.0,5285.0,1058.0,744839.0,745037.0
2026-06-29 21:52:00,5285.0,5285.0,5283.0,5284.0,1050.0,745037.0,745112.0
2026-06-29 21:53:00,5284.0,5284.0,5282.0,5282.0,1697.0,745112.0,744840.0
2026-06-29 21:54:00,5282.0,5283.0,5281.0,5282.0,917.0,744840.0,744620.0
2026-06-29 21:55:00,5282.0,5284.0,5282.0,5284.0,552.0,744620.0,744506.0
2026-06-29 21:56:00,5284.0,5285.0,5283.0,5284.0,745.0,744506.0,744519.0
2026-06-29 21:57:00,5284.0,5285.0,5283.0,5283.0,1040.0,744519.0,744503.0
2026-06-29 21:58:00,5283.0,5285.0,5283.0,5285.0,603.0,744503.0,744685.0
2026-06-29 21:59:00,5285.0,5286.0,5284.0,5286.0,930.0,744685.0,744990.0
2026-06-29 22:00:00,5286.0,5287.0,5285.0,5286.0,1358.0,744990.0,744950.0
2026-06-29 22:01:00,5286.0,5286.0,5284.0,5284.0,702.0,744950.0,744903.0
2026-06-29 22:02:00,5284.0,5285.0,5283.0,5285.0,511.0,744903.0,745003.0
2026-06-29 22:03:00,5285.0,5285.0,5283.0,5284.0,759.0,745003.0,744910.0
2026-06-29 22:04:00,5284.0,5285.0,5284.0,5285.0,307.0,744910.0,744884.0
2026-06-29 22:05:00,5285.0,5287.0,5285.0,5286.0,1307.0,744884.0,744918.0
2026-06-29 22:06:00,5286.0,5287.0,5285.0,5287.0,678.0,744918.0,744698.0
2026-06-29 22:07:00,5287.0,5289.0,5287.0,5287.0,1267.0,744698.0,744419.0
2026-06-29 22:08:00,5287.0,5288.0,5285.0,5286.0,714.0,744419.0,744513.0
2026-06-29 22:09:00,5286.0,5287.0,5285.0,5286.0,380.0,744513.0,744450.0
2026-06-29 22:10:00,5286.0,5287.0,5285.0,5287.0,615.0,744450.0,744536.0
2026-06-29 22:11:00,5287.0,5287.0,5285.0,5286.0,405.0,744536.0,744511.0
2026-06-29 22:12:00,5286.0,5288.0,5286.0,5288.0,410.0,744511.0,744475.0
2026-06-29 22:13:00,5288.0,5288.0,5287.0,5287.0,683.0,744475.0,744543.0
2026-06-29 22:14:00,5287.0,5289.0,5287.0,5288.0,257.0,744543.0,744559.0
2026-06-29 22:15:00,5288.0,5289.0,5287.0,5288.0,416.0,744559.0,744612.0
2026-06-29 22:16:00,5288.0,5288.0,5287.0,5287.0,1048.0,744612.0,744543.0
2026-06-29 22:17:00,5287.0,5289.0,5287.0,5288.0,460.0,744543.0,744515.0
2026-06-29 22:18:00,5288.0,5290.0,5288.0,5290.0,2045.0,744515.0,745292.0
2026-06-29 22:19:00,5290.0,5290.0,5289.0,5290.0,621.0,745292.0,745234.0
2026-06-29 22:20:00,5290.0,5291.0,5289.0,5290.0,555.0,745234.0,745122.0
2026-06-29 22:21:00,5290.0,5290.0,5289.0,5290.0,771.0,745122.0,745176.0
2026-06-29 22:22:00,5290.0,5290.0,5289.0,5289.0,444.0,745176.0,745079.0
2026-06-29 22:23:00,5289.0,5290.0,5288.0,5288.0,459.0,745079.0,745140.0
2026-06-29 22:24:00,5288.0,5290.0,5287.0,5290.0,893.0,745140.0,744983.0
2026-06-29 22:25:00,5290.0,5290.0,5289.0,5289.0,230.0,744983.0,745047.0
2026-06-29 22:26:00,5289.0,5290.0,5289.0,5290.0,121.0,745047.0,745048.0
2026-06-29 22:27:00,5290.0,5291.0,5289.0,5290.0,824.0,745048.0,745179.0
2026-06-29 22:28:00,5290.0,5291.0,5290.0,5291.0,247.0,745179.0,745137.0
2026-06-29 22:29:00,5291.0,5291.0,5290.0,5290.0,135.0,745137.0,745132.0
2026-06-29 22:30:00,5290.0,5291.0,5290.0,5290.0,740.0,745132.0,744878.0
2026-06-29 22:31:00,5290.0,5291.0,5289.0,5290.0,295.0,744878.0,744801.0
2026-06-29 22:32:00,5290.0,5291.0,5289.0,5289.0,784.0,744801.0,744549.0
2026-06-29 22:33:00,5289.0,5291.0,5289.0,5290.0,396.0,744549.0,744532.0
2026-06-29 22:34:00,5290.0,5292.0,5290.0,5292.0,686.0,744532.0,744408.0
2026-06-29 22:35:00,5292.0,5292.0,5291.0,5291.0,122.0,744408.0,744398.0
2026-06-29 22:36:00,5291.0,5292.0,5290.0,5291.0,406.0,744398.0,744246.0
2026-06-29 22:37:00,5291.0,5291.0,5290.0,5290.0,352.0,744246.0,744195.0
2026-06-29 22:38:00,5290.0,5290.0,5289.0,5290.0,317.0,744195.0,744203.0
2026-06-29 22:39:00,5290.0,5290.0,5289.0,5289.0,153.0,744203.0,744223.0
2026-06-29 22:40:00,5289.0,5290.0,5289.0,5290.0,397.0,744223.0,744196.0
2026-06-29 22:41:00,5290.0,5290.0,5289.0,5289.0,406.0,744196.0,744172.0
2026-06-29 22:42:00,5289.0,5290.0,5289.0,5289.0,250.0,744172.0,744037.0
2026-06-29 22:43:00,5289.0,5290.0,5288.0,5290.0,196.0,744037.0,743966.0
2026-06-29 22:44:00,5290.0,5290.0,5288.0,5289.0,368.0,743966.0,743881.0
2026-06-29 22:45:00,5289.0,5290.0,5288.0,5289.0,308.0,743881.0,743833.0
2026-06-29 22:46:00,5289.0,5289.0,5288.0,5288.0,249.0,743833.0,743719.0
2026-06-29 22:47:00,5288.0,5289.0,5287.0,5288.0,1234.0,743719.0,743931.0
2026-06-29 22:48:00,5288.0,5289.0,5287.0,5288.0,321.0,743931.0,743907.0
2026-06-29 22:49:00,5288.0,5290.0,5288.0,5288.0,1034.0,743907.0,743749.0
2026-06-29 22:50:00,5288.0,5289.0,5288.0,5288.0,583.0,743749.0,743389.0
2026-06-29 22:51:00,5288.0,5289.0,5288.0,5288.0,406.0,743389.0,743254.0
2026-06-29 22:52:00,5288.0,5289.0,5288.0,5289.0,164.0,743254.0,743181.0
2026-06-29 22:53:00,5289.0,5290.0,5288.0,5289.0,578.0,743181.0,743016.0
2026-06-29 22:54:00,5289.0,5289.0,5287.0,5288.0,642.0,743016.0,743153.0
2026-06-29 22:55:00,5288.0,5289.0,5287.0,5288.0,375.0,743153.0,742994.0
2026-06-29 22:56:00,5288.0,5289.0,5288.0,5289.0,443.0,742994.0,742824.0
2026-06-29 22:57:00,5289.0,5289.0,5288.0,5289.0,273.0,742824.0,742692.0
2026-06-29 22:58:00,5289.0,5289.0,5287.0,5288.0,657.0,742692.0,742246.0
2026-06-29 22:59:00,5288.0,5288.0,5285.0,5286.0,1730.0,742246.0,741963.0
2026-06-30 09:00:00,5286.0,5286.0,5282.0,5283.0,3842.0,741963.0,741003.0
2026-06-30 09:01:00,5283.0,5283.0,5277.0,5278.0,5424.0,741003.0,740468.0
2026-06-30 09:02:00,5278.0,5281.0,5276.0,5276.0,3404.0,740468.0,740415.0
2026-06-30 09:03:00,5276.0,5277.0,5273.0,5274.0,2809.0,740415.0,739841.0
2026-06-30 09:04:00,5274.0,5279.0,5274.0,5278.0,1452.0,739841.0,739769.0
2026-06-30 09:05:00,5278.0,5279.0,5276.0,5277.0,1263.0,739769.0,739997.0
2026-06-30 09:06:00,5277.0,5278.0,5275.0,5276.0,730.0,739997.0,739930.0
2026-06-30 09:07:00,5276.0,5278.0,5272.0,5275.0,2307.0,739930.0,739544.0
2026-06-30 09:08:00,5275.0,5276.0,5273.0,5276.0,1535.0,739544.0,739430.0
2026-06-30 09:09:00,5276.0,5278.0,5275.0,5277.0,1127.0,739430.0,739599.0
2026-06-30 09:10:00,5277.0,5277.0,5276.0,5276.0,434.0,739599.0,739572.0
2026-06-30 09:11:00,5276.0,5280.0,5276.0,5280.0,968.0,739572.0,739691.0
2026-06-30 09:12:00,5280.0,5280.0,5278.0,5280.0,647.0,739691.0,739656.0
2026-06-30 09:13:00,5280.0,5282.0,5278.0,5280.0,1304.0,739656.0,739598.0
2026-06-30 09:14:00,5280.0,5280.0,5279.0,5279.0,659.0,739598.0,739555.0
2026-06-30 09:15:00,5279.0,5280.0,5277.0,5278.0,1895.0,739555.0,739486.0
2026-06-30 09:16:00,5278.0,5280.0,5276.0,5277.0,1048.0,739486.0,739181.0
2026-06-30 09:17:00,5277.0,5277.0,5274.0,5276.0,1037.0,739181.0,738981.0
2026-06-30 09:18:00,5276.0,5276.0,5275.0,5276.0,667.0,738981.0,738859.0
2026-06-30 09:19:00,5276.0,5279.0,5276.0,5278.0,600.0,738859.0,738816.0
2026-06-30 09:20:00,5278.0,5279.0,5276.0,5278.0,2363.0,738816.0,738296.0
2026-06-30 09:21:00,5278.0,5280.0,5277.0,5280.0,839.0,738296.0,738323.0
2026-06-30 09:22:00,5280.0,5281.0,5278.0,5281.0,490.0,738323.0,738294.0
2026-06-30 09:23:00,5281.0,5282.0,5280.0,5281.0,1210.0,738294.0,738051.0
2026-06-30 09:24:00,5281.0,5283.0,5281.0,5283.0,935.0,738051.0,737826.0
2026-06-30 09:25:00,5283.0,5284.0,5282.0,5284.0,758.0,737826.0,737576.0
2026-06-30 09:26:00,5284.0,5286.0,5284.0,5285.0,1455.0,737576.0,737391.0
2026-06-30 09:27:00,5285.0,5285.0,5283.0,5284.0,728.0,737391.0,737471.0
2026-06-30 09:28:00,5284.0,5284.0,5281.0,5282.0,548.0,737471.0,737348.0
2026-06-30 09:29:00,5282.0,5284.0,5282.0,5284.0,354.0,737348.0,737334.0
2026-06-30 09:30:00,5284.0,5284.0,5282.0,5282.0,982.0,737334.0,737218.0
2026-06-30 09:31:00,5282.0,5285.0,5282.0,5285.0,370.0,737218.0,737109.0
2026-06-30 09:32:00,5285.0,5285.0,5283.0,5284.0,418.0,737109.0,737130.0
2026-06-30 09:33:00,5284.0,5285.0,5283.0,5284.0,243.0,737130.0,737139.0
2026-06-30 09:34:00,5284.0,5284.0,5282.0,5283.0,954.0,737139.0,737453.0
2026-06-30 09:35:00,5283.0,5284.0,5282.0,5283.0,488.0,737453.0,737484.0
2026-06-30 09:36:00,5283.0,5285.0,5283.0,5284.0,223.0,737484.0,737471.0
2026-06-30 09:37:00,5284.0,5285.0,5283.0,5283.0,299.0,737471.0,737399.0
2026-06-30 09:38:00,5283.0,5285.0,5283.0,5284.0,378.0,737399.0,737399.0
2026-06-30 09:39:00,5284.0,5285.0,5284.0,5285.0,120.0,737399.0,737389.0
2026-06-30 09:40:00,5285.0,5285.0,5282.0,5283.0,327.0,737389.0,737333.0
2026-06-30 09:41:00,5283.0,5284.0,5281.0,5282.0,487.0,737333.0,737442.0
2026-06-30 09:42:00,5282.0,5284.0,5282.0,5284.0,564.0,737442.0,737529.0
2026-06-30 09:43:00,5284.0,5285.0,5283.0,5285.0,295.0,737529.0,737474.0
2026-06-30 09:44:00,5285.0,5285.0,5282.0,5282.0,191.0,737474.0,737417.0
2026-06-30 09:45:00,5282.0,5282.0,5281.0,5281.0,465.0,737417.0,737396.0
2026-06-30 09:46:00,5281.0,5282.0,5279.0,5281.0,731.0,737396.0,737506.0
2026-06-30 09:47:00,5281.0,5282.0,5280.0,5280.0,995.0,737506.0,737360.0
2026-06-30 09:48:00,5280.0,5281.0,5279.0,5279.0,570.0,737360.0,737341.0
2026-06-30 09:49:00,5279.0,5280.0,5278.0,5280.0,803.0,737341.0,737170.0
2026-06-30 09:50:00,5280.0,5280.0,5278.0,5279.0,348.0,737170.0,737175.0
2026-06-30 09:51:00,5279.0,5280.0,5275.0,5276.0,1491.0,737175.0,736824.0
2026-06-30 09:52:00,5276.0,5276.0,5274.0,5275.0,560.0,736824.0,736893.0
2026-06-30 09:53:00,5275.0,5276.0,5274.0,5276.0,692.0,736893.0,737004.0
2026-06-30 09:54:00,5276.0,5277.0,5274.0,5277.0,912.0,737004.0,736821.0
2026-06-30 09:55:00,5277.0,5277.0,5276.0,5277.0,307.0,736821.0,736745.0
2026-06-30 09:56:00,5277.0,5277.0,5275.0,5276.0,794.0,736745.0,736724.0
2026-06-30 09:57:00,5276.0,5278.0,5275.0,5278.0,1259.0,736724.0,736492.0
2026-06-30 09:58:00,5278.0,5279.0,5277.0,5277.0,692.0,736492.0,736410.0
2026-06-30 09:59:00,5277.0,5278.0,5276.0,5278.0,605.0,736410.0,736269.0
2026-06-30 10:00:00,5278.0,5279.0,5276.0,5277.0,536.0,736269.0,736087.0
2026-06-30 10:01:00,5277.0,5280.0,5277.0,5280.0,1216.0,736087.0,736125.0
2026-06-30 10:02:00,5280.0,5281.0,5279.0,5280.0,527.0,736125.0,735987.0
2026-06-30 10:03:00,5280.0,5283.0,5280.0,5283.0,590.0,735987.0,735876.0
2026-06-30 10:04:00,5283.0,5283.0,5282.0,5283.0,333.0,735876.0,735753.0
2026-06-30 10:05:00,5283.0,5284.0,5282.0,5284.0,431.0,735753.0,735863.0
2026-06-30 10:06:00,5284.0,5284.0,5283.0,5283.0,410.0,735863.0,735670.0
2026-06-30 10:07:00,5283.0,5286.0,5283.0,5284.0,1340.0,735670.0,735307.0
2026-06-30 10:08:00,5284.0,5284.0,5281.0,5281.0,378.0,735307.0,735299.0
2026-06-30 10:09:00,5281.0,5283.0,5281.0,5282.0,231.0,735299.0,735292.0
2026-06-30 10:10:00,5282.0,5283.0,5281.0,5282.0,195.0,735292.0,735313.0
2026-06-30 10:11:00,5282.0,5282.0,5279.0,5280.0,595.0,735313.0,735336.0
2026-06-30 10:12:00,5280.0,5282.0,5280.0,5282.0,466.0,735336.0,735296.0
2026-06-30 10:13:00,5282.0,5282.0,5281.0,5281.0,159.0,735296.0,735215.0
2026-06-30 10:14:00,5281.0,5282.0,5280.0,5280.0,424.0,735215.0,735046.0
2026-06-30 10:30:00,5280.0,5284.0,5280.0,5280.0,1176.0,735046.0,734869.0
2026-06-30 10:31:00,5280.0,5281.0,5280.0,5281.0,271.0,734869.0,734818.0
2026-06-30 10:32:00,5281.0,5282.0,5279.0,5281.0,657.0,734818.0,734566.0
2026-06-30 10:33:00,5281.0,5282.0,5281.0,5281.0,360.0,734566.0,734418.0
2026-06-30 10:34:00,5281.0,5285.0,5281.0,5284.0,981.0,734418.0,734259.0
2026-06-30 10:35:00,5284.0,5285.0,5284.0,5285.0,540.0,734259.0,734223.0
2026-06-30 10:36:00,5285.0,5285.0,5283.0,5284.0,639.0,734223.0,734372.0
2026-06-30 10:37:00,5284.0,5285.0,5284.0,5285.0,116.0,734372.0,734346.0
2026-06-30 10:38:00,5285.0,5287.0,5285.0,5286.0,1212.0,734346.0,734388.0
2026-06-30 10:39:00,5286.0,5288.0,5285.0,5286.0,1482.0,734388.0,734653.0
2026-06-30 10:40:00,5286.0,5287.0,5284.0,5286.0,659.0,734653.0,734668.0
2026-06-30 10:41:00,5286.0,5287.0,5286.0,5286.0,230.0,734668.0,734650.0
2026-06-30 10:42:00,5286.0,5287.0,5285.0,5285.0,427.0,734650.0,734632.0
2026-06-30 10:43:00,5285.0,5287.0,5285.0,5287.0,1015.0,734632.0,734486.0
2026-06-30 10:44:00,5287.0,5288.0,5287.0,5288.0,323.0,734486.0,734491.0
2026-06-30 10:45:00,5288.0,5289.0,5287.0,5289.0,659.0,734491.0,734562.0
2026-06-30 10:46:00,5289.0,5290.0,5288.0,5289.0,985.0,734562.0,734813.0
2026-06-30 10:47:00,5289.0,5291.0,5289.0,5289.0,1722.0,734813.0,734804.0
2026-06-30 10:48:00,5289.0,5290.0,5288.0,5288.0,523.0,734804.0,734933.0
2026-06-30 10:49:00,5288.0,5290.0,5287.0,5287.0,862.0,734933.0,734949.0
2026-06-30 10:50:00,5287.0,5288.0,5286.0,5286.0,457.0,734949.0,734800.0
2026-06-30 10:51:00,5286.0,5289.0,5286.0,5289.0,368.0,734800.0,734778.0
2026-06-30 10:52:00,5289.0,5289.0,5287.0,5287.0,413.0,734778.0,734773.0
2026-06-30 10:53:00,5287.0,5288.0,5286.0,5287.0,521.0,734773.0,734871.0
2026-06-30 10:54:00,5287.0,5289.0,5287.0,5288.0,495.0,734871.0,735071.0
2026-06-30 10:55:00,5288.0,5289.0,5287.0,5288.0,475.0,735071.0,735067.0
2026-06-30 10:56:00,5288.0,5289.0,5287.0,5288.0,366.0,735067.0,735080.0
2026-06-30 10:57:00,5288.0,5290.0,5288.0,5289.0,566.0,735080.0,734990.0
2026-06-30 10:58:00,5289.0,5289.0,5287.0,5289.0,532.0,734990.0,735194.0
2026-06-30 10:59:00,5289.0,5289.0,5287.0,5288.0,455.0,735194.0,735134.0
2026-06-30 11:00:00,5288.0,5289.0,5287.0,5289.0,296.0,735134.0,735193.0
2026-06-30 11:01:00,5289.0,5290.0,5287.0,5289.0,462.0,735193.0,735049.0
2026-06-30 11:02:00,5289.0,5290.0,5288.0,5289.0,302.0,735049.0,735010.0
2026-06-30 11:03:00,5289.0,5290.0,5289.0,5290.0,97.0,735010.0,734985.0
2026-06-30 11:04:00,5290.0,5290.0,5288.0,5289.0,413.0,734985.0,734936.0
2026-06-30 11:05:00,5289.0,5290.0,5288.0,5289.0,536.0,734936.0,734891.0
2026-06-30 11:06:00,5289.0,5289.0,5286.0,5287.0,636.0,734891.0,734867.0
2026-06-30 11:07:00,5287.0,5287.0,5285.0,5285.0,481.0,734867.0,734845.0
2026-06-30 11:08:00,5285.0,5286.0,5285.0,5285.0,378.0,734845.0,734604.0
2026-06-30 11:09:00,5285.0,5286.0,5284.0,5284.0,446.0,734604.0,734450.0
2026-06-30 11:10:00,5284.0,5287.0,5284.0,5286.0,502.0,734450.0,734501.0
2026-06-30 11:11:00,5286.0,5287.0,5285.0,5286.0,683.0,734501.0,734621.0
2026-06-30 11:12:00,5286.0,5288.0,5286.0,5288.0,332.0,734621.0,734688.0
2026-06-30 11:13:00,5288.0,5289.0,5287.0,5288.0,320.0,734688.0,734686.0
2026-06-30 11:14:00,5288.0,5289.0,5287.0,5289.0,354.0,734686.0,734656.0
2026-06-30 11:15:00,5289.0,5290.0,5288.0,5290.0,827.0,734656.0,734515.0
2026-06-30 11:16:00,5290.0,5291.0,5289.0,5289.0,470.0,734515.0,734531.0
2026-06-30 11:17:00,5289.0,5290.0,5289.0,5290.0,378.0,734531.0,734548.0
2026-06-30 11:18:00,5290.0,5291.0,5289.0,5291.0,317.0,734548.0,734599.0
2026-06-30 11:19:00,5291.0,5293.0,5290.0,5292.0,1961.0,734599.0,734266.0
2026-06-30 11:20:00,5292.0,5292.0,5290.0,5290.0,544.0,734266.0,734136.0
2026-06-30 11:21:00,5290.0,5291.0,5289.0,5290.0,427.0,734136.0,734206.0
2026-06-30 11:22:00,5290.0,5291.0,5289.0,5291.0,328.0,734206.0,734119.0
2026-06-30 11:23:00,5291.0,5291.0,5290.0,5290.0,110.0,734119.0,734130.0
2026-06-30 11:24:00,5290.0,5291.0,5289.0,5290.0,413.0,734130.0,734150.0
2026-06-30 11:25:00,5290.0,5291.0,5289.0,5290.0,290.0,734150.0,734126.0
2026-06-30 11:26:00,5290.0,5291.0,5289.0,5291.0,363.0,734126.0,734101.0
2026-06-30 11:27:00,5291.0,5291.0,5289.0,5290.0,379.0,734101.0,734098.0
2026-06-30 11:28:00,5290.0,5290.0,5288.0,5290.0,393.0,734098.0,734062.0
2026-06-30 11:29:00,5290.0,5290.0,5289.0,5290.0,482.0,734062.0,733829.0
2026-06-30 13:30:00,5288.0,5288.0,5284.0,5286.0,2067.0,733829.0,733714.0
2026-06-30 13:31:00,5286.0,5288.0,5285.0,5288.0,605.0,733714.0,733563.0
2026-06-30 13:32:00,5288.0,5288.0,5286.0,5287.0,598.0,733563.0,733430.0
2026-06-30 13:33:00,5287.0,5287.0,5285.0,5287.0,417.0,733430.0,733297.0
2026-06-30 13:34:00,5287.0,5287.0,5285.0,5285.0,476.0,733297.0,733259.0
2026-06-30 13:35:00,5285.0,5286.0,5282.0,5285.0,1242.0,733259.0,732768.0
2026-06-30 13:36:00,5285.0,5285.0,5283.0,5283.0,781.0,732768.0,732735.0
2026-06-30 13:37:00,5283.0,5285.0,5283.0,5285.0,264.0,732735.0,732664.0
2026-06-30 13:38:00,5285.0,5286.0,5284.0,5285.0,615.0,732664.0,732601.0
2026-06-30 13:39:00,5285.0,5286.0,5283.0,5284.0,358.0,732601.0,732678.0
2026-06-30 13:40:00,5284.0,5285.0,5283.0,5284.0,469.0,732678.0,732655.0
2026-06-30 13:41:00,5284.0,5284.0,5283.0,5284.0,123.0,732655.0,732659.0
2026-06-30 13:42:00,5284.0,5284.0,5282.0,5283.0,745.0,732659.0,732792.0
2026-06-30 13:43:00,5283.0,5284.0,5282.0,5283.0,452.0,732792.0,732632.0
2026-06-30 13:44:00,5283.0,5283.0,5280.0,5281.0,1396.0,732632.0,732409.0
2026-06-30 13:45:00,5281.0,5283.0,5281.0,5282.0,445.0,732409.0,732585.0
2026-06-30 13:46:00,5282.0,5283.0,5282.0,5282.0,1122.0,732585.0,732467.0
2026-06-30 13:47:00,5282.0,5283.0,5280.0,5281.0,1240.0,732467.0,732204.0
2026-06-30 13:48:00,5281.0,5282.0,5280.0,5280.0,454.0,732204.0,732198.0
2026-06-30 13:49:00,5280.0,5281.0,5279.0,5280.0,1414.0,732198.0,732449.0
2026-06-30 13:50:00,5280.0,5280.0,5275.0,5276.0,2611.0,732449.0,732711.0
2026-06-30 13:51:00,5276.0,5276.0,5270.0,5273.0,3409.0,732711.0,732650.0
2026-06-30 13:52:00,5273.0,5274.0,5273.0,5273.0,886.0,732650.0,732759.0
2026-06-30 13:53:00,5273.0,5275.0,5273.0,5274.0,1087.0,732759.0,732683.0
2026-06-30 13:54:00,5274.0,5275.0,5272.0,5273.0,1217.0,732683.0,732592.0
2026-06-30 13:55:00,5273.0,5273.0,5271.0,5271.0,1178.0,732592.0,732630.0
2026-06-30 13:56:00,5271.0,5272.0,5270.0,5270.0,1415.0,732630.0,732690.0
2026-06-30 13:57:00,5270.0,5271.0,5268.0,5268.0,2579.0,732690.0,732581.0
2026-06-30 13:58:00,5268.0,5269.0,5264.0,5268.0,3631.0,732581.0,732092.0
2026-06-30 13:59:00,5268.0,5272.0,5268.0,5271.0,1753.0,732092.0,732293.0
2026-06-30 14:00:00,5271.0,5274.0,5270.0,5273.0,2203.0,732293.0,732228.0
2026-06-30 14:01:00,5273.0,5273.0,5270.0,5272.0,862.0,732228.0,732186.0
2026-06-30 14:02:00,5272.0,5272.0,5270.0,5271.0,492.0,732186.0,732104.0
2026-06-30 14:03:00,5271.0,5273.0,5271.0,5272.0,675.0,732104.0,732084.0
2026-06-30 14:04:00,5272.0,5272.0,5270.0,5270.0,947.0,732084.0,732139.0
2026-06-30 14:05:00,5270.0,5272.0,5270.0,5270.0,983.0,732139.0,732069.0
2026-06-30 14:06:00,5270.0,5271.0,5270.0,5270.0,717.0,732069.0,731977.0
2026-06-30 14:07:00,5270.0,5270.0,5269.0,5270.0,479.0,731977.0,731899.0
2026-06-30 14:08:00,5270.0,5270.0,5268.0,5268.0,645.0,731899.0,731981.0
2026-06-30 14:09:00,5268.0,5269.0,5267.0,5268.0,854.0,731981.0,732075.0
2026-06-30 14:10:00,5268.0,5272.0,5268.0,5271.0,1402.0,732075.0,731669.0
2026-06-30 14:11:00,5271.0,5274.0,5271.0,5273.0,717.0,731669.0,731746.0
2026-06-30 14:12:00,5273.0,5273.0,5271.0,5272.0,922.0,731746.0,731542.0
2026-06-30 14:13:00,5272.0,5273.0,5271.0,5272.0,518.0,731542.0,731441.0
2026-06-30 14:14:00,5272.0,5272.0,5270.0,5271.0,878.0,731441.0,731495.0
2026-06-30 14:15:00,5271.0,5271.0,5268.0,5269.0,966.0,731495.0,731412.0
2026-06-30 14:16:00,5269.0,5269.0,5266.0,5267.0,1419.0,731412.0,731214.0
2026-06-30 14:17:00,5267.0,5268.0,5265.0,5266.0,1339.0,731214.0,731053.0
2026-06-30 14:18:00,5266.0,5268.0,5265.0,5266.0,920.0,731053.0,731083.0
2026-06-30 14:19:00,5266.0,5269.0,5266.0,5269.0,649.0,731083.0,730836.0
2026-06-30 14:20:00,5269.0,5270.0,5268.0,5269.0,645.0,730836.0,730870.0
2026-06-30 14:21:00,5269.0,5270.0,5268.0,5270.0,274.0,730870.0,730793.0
2026-06-30 14:22:00,5270.0,5270.0,5269.0,5270.0,742.0,730793.0,730937.0
2026-06-30 14:23:00,5270.0,5270.0,5267.0,5269.0,978.0,730937.0,730952.0
2026-06-30 14:24:00,5269.0,5269.0,5265.0,5267.0,1129.0,730952.0,730513.0
2026-06-30 14:25:00,5267.0,5270.0,5266.0,5269.0,825.0,730513.0,730279.0
2026-06-30 14:26:00,5269.0,5272.0,5269.0,5270.0,1160.0,730279.0,730292.0
2026-06-30 14:27:00,5270.0,5271.0,5269.0,5270.0,947.0,730292.0,730310.0
2026-06-30 14:28:00,5270.0,5271.0,5269.0,5271.0,374.0,730310.0,730170.0
2026-06-30 14:29:00,5271.0,5271.0,5269.0,5270.0,339.0,730170.0,730195.0
2026-06-30 14:30:00,5270.0,5270.0,5268.0,5269.0,1298.0,730195.0,729897.0
2026-06-30 14:31:00,5269.0,5270.0,5268.0,5270.0,488.0,729897.0,729685.0
2026-06-30 14:32:00,5270.0,5271.0,5269.0,5271.0,470.0,729685.0,729552.0
2026-06-30 14:33:00,5271.0,5273.0,5270.0,5272.0,1174.0,729552.0,729181.0
2026-06-30 14:34:00,5272.0,5273.0,5270.0,5271.0,951.0,729181.0,729241.0
2026-06-30 14:35:00,5271.0,5271.0,5267.0,5268.0,2101.0,729241.0,728632.0
2026-06-30 14:36:00,5268.0,5269.0,5267.0,5267.0,600.0,728632.0,728479.0
2026-06-30 14:37:00,5267.0,5269.0,5267.0,5268.0,294.0,728479.0,728469.0
2026-06-30 14:38:00,5268.0,5269.0,5267.0,5268.0,224.0,728469.0,728450.0
2026-06-30 14:39:00,5268.0,5270.0,5267.0,5269.0,721.0,728450.0,728114.0
2026-06-30 14:40:00,5269.0,5272.0,5269.0,5270.0,997.0,728114.0,727949.0
2026-06-30 14:41:00,5270.0,5271.0,5269.0,5270.0,306.0,727949.0,727979.0
2026-06-30 14:42:00,5270.0,5272.0,5269.0,5271.0,430.0,727979.0,727916.0
2026-06-30 14:43:00,5271.0,5272.0,5271.0,5272.0,514.0,727916.0,727836.0
2026-06-30 14:44:00,5272.0,5272.0,5269.0,5270.0,736.0,727836.0,727764.0
2026-06-30 14:45:00,5270.0,5272.0,5270.0,5271.0,728.0,727764.0,727717.0
2026-06-30 14:46:00,5271.0,5271.0,5270.0,5271.0,182.0,727717.0,727702.0
2026-06-30 14:47:00,5271.0,5271.0,5269.0,5270.0,1039.0,727702.0,727497.0
2026-06-30 14:48:00,5270.0,5271.0,5269.0,5271.0,875.0,727497.0,727271.0
2026-06-30 14:49:00,5271.0,5271.0,5268.0,5269.0,1324.0,727271.0,726647.0
2026-06-30 14:50:00,5269.0,5270.0,5267.0,5269.0,1110.0,726647.0,726440.0
2026-06-30 14:51:00,5269.0,5269.0,5267.0,5269.0,828.0,726440.0,726076.0
2026-06-30 14:52:00,5269.0,5269.0,5267.0,5268.0,1220.0,726076.0,725775.0
2026-06-30 14:53:00,5268.0,5268.0,5266.0,5267.0,628.0,725775.0,725606.0
2026-06-30 14:54:00,5267.0,5267.0,5266.0,5266.0,685.0,725606.0,725564.0
2026-06-30 14:55:00,5266.0,5267.0,5263.0,5264.0,1881.0,725564.0,725664.0
2026-06-30 14:56:00,5264.0,5265.0,5262.0,5263.0,1350.0,725664.0,725303.0
2026-06-30 14:57:00,5263.0,5264.0,5262.0,5262.0,1934.0,725303.0,725353.0
2026-06-30 14:58:00,5262.0,5265.0,5260.0,5262.0,3981.0,725353.0,724947.0
2026-06-30 14:59:00,5262.0,5263.0,5260.0,5260.0,2554.0,724947.0,724718.0
2026-06-30 21:00:00,5269.0,5273.0,5265.0,5270.0,8134.0,724718.0,725654.0
2026-06-30 21:01:00,5270.0,5270.0,5263.0,5267.0,3967.0,725654.0,726269.0
2026-06-30 21:02:00,5267.0,5271.0,5266.0,5270.0,2855.0,726269.0,726788.0
2026-06-30 21:03:00,5270.0,5274.0,5270.0,5272.0,3241.0,726788.0,726615.0
2026-06-30 21:04:00,5272.0,5278.0,5272.0,5277.0,3697.0,726615.0,726207.0
2026-06-30 21:05:00,5277.0,5277.0,5271.0,5272.0,3001.0,726207.0,726847.0
2026-06-30 21:06:00,5272.0,5273.0,5269.0,5269.0,1981.0,726847.0,727187.0
2026-06-30 21:07:00,5269.0,5272.0,5269.0,5270.0,1193.0,727187.0,727136.0
2026-06-30 21:08:00,5270.0,5272.0,5268.0,5268.0,1895.0,727136.0,727274.0
2026-06-30 21:09:00,5268.0,5270.0,5268.0,5269.0,1311.0,727274.0,727553.0
2026-06-30 21:10:00,5269.0,5271.0,5268.0,5270.0,1058.0,727553.0,727812.0
2026-06-30 21:11:00,5270.0,5271.0,5269.0,5270.0,684.0,727812.0,727968.0
2026-06-30 21:12:00,5270.0,5270.0,5267.0,5268.0,1395.0,727968.0,727694.0
2026-06-30 21:13:00,5268.0,5269.0,5267.0,5268.0,972.0,727694.0,727953.0
2026-06-30 21:14:00,5268.0,5269.0,5266.0,5269.0,1142.0,727953.0,727924.0
2026-06-30 21:15:00,5269.0,5271.0,5269.0,5269.0,1015.0,727924.0,727911.0
2026-06-30 21:16:00,5269.0,5270.0,5269.0,5270.0,848.0,727911.0,727965.0
2026-06-30 21:17:00,5270.0,5273.0,5270.0,5272.0,1544.0,727965.0,728362.0
2026-06-30 21:18:00,5272.0,5273.0,5271.0,5272.0,707.0,728362.0,728444.0
2026-06-30 21:19:00,5272.0,5274.0,5271.0,5272.0,790.0,728444.0,728351.0
2026-06-30 21:20:00,5272.0,5273.0,5271.0,5271.0,983.0,728351.0,728612.0
2026-06-30 21:21:00,5271.0,5272.0,5270.0,5272.0,675.0,728612.0,728718.0
2026-06-30 21:22:00,5272.0,5272.0,5271.0,5272.0,539.0,728718.0,728794.0
2026-06-30 21:23:00,5272.0,5274.0,5271.0,5273.0,754.0,728794.0,728855.0
2026-06-30 21:24:00,5273.0,5274.0,5272.0,5274.0,850.0,728855.0,729033.0
2026-06-30 21:25:00,5274.0,5274.0,5272.0,5273.0,334.0,729033.0,729132.0
2026-06-30 21:26:00,5273.0,5274.0,5272.0,5274.0,599.0,729132.0,729107.0
2026-06-30 21:27:00,5274.0,5274.0,5272.0,5273.0,594.0,729107.0,729226.0
2026-06-30 21:28:00,5273.0,5275.0,5273.0,5275.0,530.0,729226.0,729194.0
2026-06-30 21:29:00,5275.0,5277.0,5274.0,5276.0,1565.0,729194.0,729250.0
2026-06-30 21:30:00,5276.0,5276.0,5272.0,5272.0,774.0,729250.0,729341.0
2026-06-30 21:31:00,5272.0,5274.0,5272.0,5273.0,526.0,729341.0,729376.0
2026-06-30 21:32:00,5273.0,5274.0,5271.0,5271.0,404.0,729376.0,729423.0
2026-06-30 21:33:00,5271.0,5272.0,5270.0,5270.0,772.0,729423.0,729474.0
2026-06-30 21:34:00,5270.0,5272.0,5270.0,5270.0,562.0,729474.0,729416.0
2026-06-30 21:35:00,5270.0,5272.0,5270.0,5272.0,304.0,729416.0,729410.0
2026-06-30 21:36:00,5272.0,5274.0,5271.0,5273.0,801.0,729410.0,729341.0
2026-06-30 21:37:00,5273.0,5274.0,5272.0,5273.0,664.0,729341.0,729217.0
2026-06-30 21:38:00,5273.0,5274.0,5272.0,5273.0,337.0,729217.0,729316.0
2026-06-30 21:39:00,5273.0,5274.0,5272.0,5273.0,322.0,729316.0,729472.0
2026-06-30 21:40:00,5273.0,5273.0,5272.0,5273.0,647.0,729472.0,729431.0
2026-06-30 21:41:00,5273.0,5273.0,5270.0,5271.0,345.0,729431.0,729555.0
2026-06-30 21:42:00,5271.0,5272.0,5269.0,5272.0,802.0,729555.0,729634.0
2026-06-30 21:43:00,5272.0,5272.0,5270.0,5270.0,306.0,729634.0,729615.0
2026-06-30 21:44:00,5270.0,5273.0,5270.0,5272.0,410.0,729615.0,729621.0
2026-06-30 21:45:00,5272.0,5274.0,5272.0,5272.0,512.0,729621.0,729597.0
2026-06-30 21:46:00,5272.0,5273.0,5272.0,5273.0,205.0,729597.0,729576.0
2026-06-30 21:47:00,5273.0,5274.0,5273.0,5273.0,300.0,729576.0,729641.0
2026-06-30 21:48:00,5273.0,5273.0,5271.0,5272.0,359.0,729641.0,729773.0
2026-06-30 21:49:00,5272.0,5273.0,5271.0,5272.0,144.0,729773.0,729807.0
2026-06-30 21:50:00,5272.0,5272.0,5271.0,5272.0,292.0,729807.0,729726.0
2026-06-30 21:51:00,5272.0,5272.0,5271.0,5271.0,290.0,729726.0,729781.0
2026-06-30 21:52:00,5271.0,5274.0,5271.0,5272.0,448.0,729781.0,729794.0
2026-06-30 21:53:00,5272.0,5274.0,5272.0,5272.0,332.0,729794.0,729886.0
2026-06-30 21:54:00,5272.0,5274.0,5272.0,5273.0,155.0,729886.0,729895.0
2026-06-30 21:55:00,5273.0,5273.0,5271.0,5272.0,452.0,729895.0,729970.0
2026-06-30 21:56:00,5272.0,5273.0,5271.0,5273.0,187.0,729970.0,729865.0
2026-06-30 21:57:00,5273.0,5273.0,5272.0,5272.0,291.0,729865.0,729920.0
2026-06-30 21:58:00,5272.0,5273.0,5272.0,5273.0,372.0,729920.0,730014.0
2026-06-30 21:59:00,5273.0,5274.0,5273.0,5273.0,1080.0,730014.0,730056.0
2026-06-30 22:00:00,5273.0,5274.0,5272.0,5273.0,382.0,730056.0,730206.0
2026-06-30 22:01:00,5273.0,5273.0,5271.0,5272.0,612.0,730206.0,730377.0
2026-06-30 22:02:00,5272.0,5272.0,5271.0,5271.0,308.0,730377.0,730522.0
2026-06-30 22:03:00,5271.0,5272.0,5271.0,5272.0,243.0,730522.0,730535.0
2026-06-30 22:04:00,5272.0,5274.0,5271.0,5273.0,189.0,730535.0,730520.0
2026-06-30 22:05:00,5273.0,5274.0,5273.0,5273.0,406.0,730520.0,730465.0
2026-06-30 22:06:00,5273.0,5273.0,5271.0,5271.0,362.0,730465.0,730536.0
2026-06-30 22:07:00,5271.0,5272.0,5271.0,5272.0,367.0,730536.0,730444.0
2026-06-30 22:08:00,5272.0,5274.0,5272.0,5273.0,440.0,730444.0,730303.0
2026-06-30 22:09:00,5273.0,5273.0,5270.0,5270.0,1227.0,730303.0,730354.0
2026-06-30 22:10:00,5270.0,5271.0,5269.0,5271.0,557.0,730354.0,730313.0
2026-06-30 22:11:00,5271.0,5273.0,5270.0,5271.0,419.0,730313.0,730173.0
2026-06-30 22:12:00,5271.0,5272.0,5270.0,5272.0,540.0,730173.0,730230.0
2026-06-30 22:13:00,5272.0,5273.0,5271.0,5272.0,161.0,730230.0,730210.0
2026-06-30 22:14:00,5272.0,5274.0,5272.0,5274.0,495.0,730210.0,730103.0
2026-06-30 22:15:00,5274.0,5275.0,5272.0,5274.0,973.0,730103.0,729985.0
2026-06-30 22:16:00,5274.0,5275.0,5273.0,5274.0,465.0,729985.0,729973.0
2026-06-30 22:17:00,5274.0,5274.0,5272.0,5273.0,364.0,729973.0,729925.0
2026-06-30 22:18:00,5273.0,5273.0,5272.0,5273.0,164.0,729925.0,729919.0
2026-06-30 22:19:00,5273.0,5273.0,5271.0,5273.0,415.0,729919.0,729896.0
2026-06-30 22:20:00,5273.0,5273.0,5272.0,5272.0,191.0,729896.0,729957.0
2026-06-30 22:21:00,5272.0,5272.0,5270.0,5270.0,443.0,729957.0,730206.0
2026-06-30 22:22:00,5270.0,5271.0,5269.0,5270.0,861.0,730206.0,730460.0
2026-06-30 22:23:00,5270.0,5271.0,5269.0,5270.0,417.0,730460.0,730454.0
2026-06-30 22:24:00,5270.0,5272.0,5270.0,5270.0,217.0,730454.0,730344.0
2026-06-30 22:25:00,5270.0,5272.0,5270.0,5272.0,252.0,730344.0,730273.0
2026-06-30 22:26:00,5272.0,5272.0,5271.0,5271.0,189.0,730273.0,730194.0
2026-06-30 22:27:00,5271.0,5272.0,5270.0,5270.0,365.0,730194.0,730182.0
2026-06-30 22:28:00,5270.0,5270.0,5268.0,5268.0,1232.0,730182.0,730351.0
2026-06-30 22:29:00,5268.0,5269.0,5266.0,5267.0,1132.0,730351.0,730415.0
2026-06-30 22:30:00,5267.0,5267.0,5264.0,5265.0,1359.0,730415.0,730439.0
2026-06-30 22:31:00,5265.0,5265.0,5262.0,5264.0,1964.0,730439.0,730354.0
2026-06-30 22:32:00,5264.0,5266.0,5264.0,5264.0,550.0,730354.0,730466.0
2026-06-30 22:33:00,5264.0,5266.0,5263.0,5265.0,648.0,730466.0,730576.0
2026-06-30 22:34:00,5265.0,5265.0,5264.0,5264.0,531.0,730576.0,730644.0
2026-06-30 22:35:00,5264.0,5267.0,5264.0,5266.0,882.0,730644.0,730550.0
2026-06-30 22:36:00,5266.0,5267.0,5265.0,5265.0,294.0,730550.0,730519.0
2026-06-30 22:37:00,5265.0,5266.0,5264.0,5266.0,425.0,730519.0,730459.0
2026-06-30 22:38:00,5266.0,5267.0,5265.0,5266.0,467.0,730459.0,730492.0
2026-06-30 22:39:00,5266.0,5267.0,5265.0,5266.0,374.0,730492.0,730510.0
2026-06-30 22:40:00,5266.0,5268.0,5266.0,5268.0,280.0,730510.0,730429.0
2026-06-30 22:41:00,5268.0,5268.0,5266.0,5267.0,377.0,730429.0,730425.0
2026-06-30 22:42:00,5267.0,5268.0,5267.0,5268.0,397.0,730425.0,730293.0
2026-06-30 22:43:00,5268.0,5269.0,5267.0,5269.0,686.0,730293.0,730346.0
2026-06-30 22:44:00,5269.0,5269.0,5268.0,5268.0,643.0,730346.0,730200.0
2026-06-30 22:45:00,5268.0,5269.0,5267.0,5268.0,263.0,730200.0,730184.0
2026-06-30 22:46:00,5268.0,5268.0,5265.0,5265.0,873.0,730184.0,730076.0
2026-06-30 22:47:00,5265.0,5266.0,5263.0,5265.0,977.0,730076.0,729866.0
2026-06-30 22:48:00,5265.0,5265.0,5264.0,5265.0,184.0,729866.0,729847.0
2026-06-30 22:49:00,5265.0,5265.0,5264.0,5265.0,421.0,729847.0,729864.0
2026-06-30 22:50:00,5265.0,5266.0,5264.0,5265.0,564.0,729864.0,729864.0
2026-06-30 22:51:00,5265.0,5266.0,5264.0,5265.0,327.0,729864.0,729851.0
2026-06-30 22:52:00,5265.0,5265.0,5264.0,5264.0,141.0,729851.0,729839.0
2026-06-30 22:53:00,5264.0,5267.0,5264.0,5267.0,441.0,729839.0,729657.0
2026-06-30 22:54:00,5267.0,5267.0,5266.0,5266.0,170.0,729657.0,729630.0
2026-06-30 22:55:00,5266.0,5266.0,5264.0,5265.0,506.0,729630.0,729636.0
2026-06-30 22:56:00,5265.0,5266.0,5265.0,5265.0,289.0,729636.0,729476.0
2026-06-30 22:57:00,5265.0,5266.0,5264.0,5264.0,322.0,729476.0,729412.0
2026-06-30 22:58:00,5264.0,5265.0,5264.0,5264.0,301.0,729412.0,729338.0
2026-06-30 22:59:00,5264.0,5265.0,5261.0,5262.0,1976.0,729338.0,728942.0
2026-07-01 09:00:00,5262.0,5262.0,5250.0,5254.0,6213.0,728942.0,728484.0
2026-07-01 09:01:00,5254.0,5259.0,5253.0,5254.0,4162.0,728484.0,727525.0
2026-07-01 09:02:00,5254.0,5254.0,5250.0,5253.0,3453.0,727525.0,727064.0
2026-07-01 09:03:00,5253.0,5253.0,5245.0,5246.0,5510.0,727064.0,727434.0
2026-07-01 09:04:00,5246.0,5247.0,5242.0,5246.0,5329.0,727434.0,727855.0
2026-07-01 09:05:00,5246.0,5249.0,5246.0,5249.0,2018.0,727855.0,727912.0
2026-07-01 09:06:00,5249.0,5252.0,5248.0,5251.0,2406.0,727912.0,728488.0
2026-07-01 09:07:00,5251.0,5254.0,5251.0,5253.0,1728.0,728488.0,728462.0
2026-07-01 09:08:00,5253.0,5254.0,5252.0,5254.0,1148.0,728462.0,728733.0
2026-07-01 09:09:00,5254.0,5257.0,5253.0,5257.0,1756.0,728733.0,729360.0
2026-07-01 09:10:00,5257.0,5257.0,5254.0,5255.0,1143.0,729360.0,729642.0
2026-07-01 09:11:00,5255.0,5255.0,5253.0,5254.0,543.0,729642.0,729783.0
2026-07-01 09:12:00,5254.0,5258.0,5254.0,5258.0,1225.0,729783.0,729902.0
2026-07-01 09:13:00,5258.0,5258.0,5257.0,5257.0,957.0,729902.0,729836.0
2026-07-01 09:14:00,5257.0,5258.0,5256.0,5257.0,458.0,729836.0,729847.0
2026-07-01 09:15:00,5257.0,5261.0,5257.0,5261.0,1954.0,729847.0,730035.0
2026-07-01 09:16:00,5261.0,5262.0,5259.0,5259.0,1292.0,730035.0,729970.0
2026-07-01 09:17:00,5259.0,5261.0,5257.0,5258.0,1175.0,729970.0,729975.0
2026-07-01 09:18:00,5258.0,5259.0,5257.0,5257.0,640.0,729975.0,730004.0
2026-07-01 09:19:00,5257.0,5261.0,5257.0,5260.0,891.0,730004.0,729941.0
2026-07-01 09:20:00,5260.0,5261.0,5257.0,5259.0,862.0,729941.0,729835.0
2026-07-01 09:21:00,5259.0,5260.0,5258.0,5259.0,923.0,729835.0,730014.0
2026-07-01 09:22:00,5259.0,5260.0,5258.0,5259.0,610.0,730014.0,730020.0
2026-07-01 09:23:00,5259.0,5259.0,5258.0,5258.0,365.0,730020.0,729998.0
2026-07-01 09:24:00,5258.0,5260.0,5258.0,5259.0,781.0,729998.0,730145.0
2026-07-01 09:25:00,5259.0,5261.0,5258.0,5261.0,873.0,730145.0,729888.0
2026-07-01 09:26:00,5261.0,5263.0,5260.0,5262.0,1463.0,729888.0,729648.0
2026-07-01 09:27:00,5262.0,5264.0,5261.0,5262.0,993.0,729648.0,729475.0
2026-07-01 09:28:00,5262.0,5263.0,5259.0,5259.0,1331.0,729475.0,729345.0
2026-07-01 09:29:00,5259.0,5259.0,5257.0,5257.0,809.0,729345.0,729351.0
2026-07-01 09:30:00,5257.0,5260.0,5257.0,5259.0,1148.0,729351.0,729554.0
2026-07-01 09:31:00,5259.0,5259.0,5258.0,5258.0,347.0,729554.0,729498.0
2026-07-01 09:32:00,5258.0,5259.0,5257.0,5258.0,552.0,729498.0,729583.0
2026-07-01 09:33:00,5258.0,5260.0,5258.0,5258.0,565.0,729583.0,729676.0
2026-07-01 09:34:00,5258.0,5259.0,5257.0,5259.0,257.0,729676.0,729682.0
2026-07-01 09:35:00,5259.0,5262.0,5258.0,5262.0,922.0,729682.0,729546.0
2026-07-01 09:36:00,5262.0,5262.0,5260.0,5260.0,172.0,729546.0,729558.0
2026-07-01 09:37:00,5260.0,5261.0,5260.0,5260.0,326.0,729558.0,729464.0
2026-07-01 09:38:00,5260.0,5263.0,5260.0,5262.0,665.0,729464.0,729364.0
2026-07-01 09:39:00,5262.0,5265.0,5262.0,5263.0,1675.0,729364.0,729515.0
2026-07-01 09:40:00,5263.0,5265.0,5263.0,5264.0,486.0,729515.0,729449.0
2026-07-01 09:41:00,5264.0,5266.0,5264.0,5266.0,911.0,729449.0,729349.0
2026-07-01 09:42:00,5266.0,5271.0,5266.0,5269.0,3647.0,729349.0,728740.0
2026-07-01 09:43:00,5269.0,5272.0,5269.0,5271.0,1906.0,728740.0,728439.0
2026-07-01 09:44:00,5271.0,5271.0,5268.0,5269.0,1046.0,728439.0,728485.0
2026-07-01 09:45:00,5269.0,5271.0,5268.0,5270.0,1175.0,728485.0,728500.0
2026-07-01 09:46:00,5270.0,5271.0,5268.0,5269.0,1271.0,728500.0,728608.0
2026-07-01 09:47:00,5269.0,5269.0,5267.0,5267.0,935.0,728608.0,728207.0
2026-07-01 09:48:00,5267.0,5269.0,5266.0,5268.0,1194.0,728207.0,728190.0
2026-07-01 09:49:00,5268.0,5271.0,5267.0,5270.0,1274.0,728190.0,728226.0
2026-07-01 09:50:00,5270.0,5275.0,5269.0,5273.0,2543.0,728226.0,727871.0
2026-07-01 09:51:00,5273.0,5274.0,5270.0,5272.0,1494.0,727871.0,728049.0
2026-07-01 09:52:00,5272.0,5274.0,5272.0,5274.0,785.0,728049.0,728017.0
2026-07-01 09:53:00,5274.0,5275.0,5272.0,5273.0,1134.0,728017.0,728093.0
2026-07-01 09:54:00,5273.0,5274.0,5271.0,5273.0,1125.0,728093.0,727849.0
2026-07-01 09:55:00,5273.0,5274.0,5272.0,5273.0,563.0,727849.0,727865.0
2026-07-01 09:56:00,5273.0,5276.0,5273.0,5275.0,2015.0,727865.0,728012.0
2026-07-01 09:57:00,5275.0,5276.0,5275.0,5275.0,970.0,728012.0,727836.0
2026-07-01 09:58:00,5275.0,5282.0,5275.0,5280.0,4148.0,727836.0,725912.0
2026-07-01 09:59:00,5280.0,5281.0,5279.0,5280.0,2608.0,725912.0,726013.0
2026-07-01 10:00:00,5280.0,5280.0,5276.0,5277.0,1899.0,726013.0,725889.0
2026-07-01 10:01:00,5277.0,5280.0,5277.0,5280.0,1044.0,725889.0,726153.0
2026-07-01 10:02:00,5280.0,5280.0,5276.0,5277.0,1054.0,726153.0,726217.0
2026-07-01 10:03:00,5277.0,5278.0,5276.0,5276.0,897.0,726217.0,726099.0
2026-07-01 10:04:00,5276.0,5277.0,5275.0,5275.0,884.0,726099.0,725988.0
2026-07-01 10:05:00,5275.0,5277.0,5275.0,5276.0,764.0,725988.0,726057.0
2026-07-01 10:06:00,5276.0,5276.0,5272.0,5273.0,1839.0,726057.0,725691.0
2026-07-01 10:07:00,5273.0,5275.0,5272.0,5274.0,552.0,725691.0,725672.0
2026-07-01 10:08:00,5274.0,5275.0,5273.0,5274.0,237.0,725672.0,725669.0
2026-07-01 10:09:00,5274.0,5276.0,5273.0,5276.0,733.0,725669.0,725597.0
2026-07-01 10:10:00,5276.0,5279.0,5276.0,5277.0,1057.0,725597.0,725697.0
2026-07-01 10:11:00,5277.0,5277.0,5275.0,5276.0,362.0,725697.0,725650.0
2026-07-01 10:12:00,5276.0,5278.0,5276.0,5278.0,461.0,725650.0,725549.0
2026-07-01 10:13:00,5278.0,5279.0,5278.0,5278.0,500.0,725549.0,725575.0
2026-07-01 10:14:00,5278.0,5279.0,5275.0,5275.0,641.0,725575.0,725462.0
2026-07-01 10:30:00,5276.0,5278.0,5276.0,5277.0,1089.0,725462.0,725230.0
2026-07-01 10:31:00,5277.0,5277.0,5274.0,5276.0,809.0,725230.0,725279.0
2026-07-01 10:32:00,5276.0,5277.0,5275.0,5277.0,410.0,725279.0,725278.0
2026-07-01 10:33:00,5277.0,5277.0,5276.0,5277.0,88.0,725278.0,725289.0
2026-07-01 10:34:00,5277.0,5278.0,5276.0,5277.0,635.0,725289.0,725110.0
2026-07-01 10:35:00,5277.0,5278.0,5276.0,5277.0,312.0,725110.0,725043.0
2026-07-01 10:36:00,5277.0,5281.0,5276.0,5280.0,1847.0,725043.0,725246.0
2026-07-01 10:37:00,5280.0,5284.0,5279.0,5282.0,3217.0,725246.0,724732.0
2026-07-01 10:38:00,5282.0,5282.0,5280.0,5281.0,1020.0,724732.0,724836.0
2026-07-01 10:39:00,5281.0,5281.0,5279.0,5279.0,349.0,724836.0,724794.0
2026-07-01 10:40:00,5279.0,5282.0,5279.0,5281.0,1744.0,724794.0,724607.0
2026-07-01 10:41:00,5281.0,5282.0,5279.0,5279.0,1440.0,724607.0,724814.0
2026-07-01 10:42:00,5279.0,5280.0,5279.0,5279.0,281.0,724814.0,724727.0
2026-07-01 10:43:00,5279.0,5282.0,5279.0,5281.0,749.0,724727.0,724708.0
2026-07-01 10:44:00,5281.0,5284.0,5281.0,5284.0,1359.0,724708.0,724879.0
2026-07-01 10:45:00,5284.0,5286.0,5283.0,5286.0,3987.0,724879.0,723723.0
2026-07-01 10:46:00,5286.0,5287.0,5284.0,5286.0,1907.0,723723.0,723693.0
2026-07-01 10:47:00,5286.0,5289.0,5285.0,5289.0,1959.0,723693.0,723695.0
2026-07-01 10:48:00,5289.0,5293.0,5289.0,5290.0,4961.0,723695.0,722968.0
2026-07-01 10:49:00,5290.0,5292.0,5290.0,5291.0,1668.0,722968.0,723213.0
2026-07-01 10:50:00,5291.0,5291.0,5289.0,5290.0,2041.0,723213.0,723654.0
2026-07-01 10:51:00,5290.0,5291.0,5289.0,5290.0,1202.0,723654.0,723634.0
2026-07-01 10:52:00,5290.0,5290.0,5287.0,5287.0,1134.0,723634.0,723658.0
2026-07-01 10:53:00,5287.0,5289.0,5286.0,5289.0,1214.0,723658.0,723628.0
2026-07-01 10:54:00,5289.0,5289.0,5286.0,5288.0,1140.0,723628.0,723263.0
2026-07-01 10:55:00,5288.0,5288.0,5285.0,5285.0,1074.0,723263.0,722906.0
2026-07-01 10:56:00,5285.0,5287.0,5285.0,5286.0,794.0,722906.0,722821.0
2026-07-01 10:57:00,5286.0,5288.0,5286.0,5287.0,232.0,722821.0,722822.0
2026-07-01 10:58:00,5287.0,5288.0,5286.0,5286.0,452.0,722822.0,722721.0
2026-07-01 10:59:00,5286.0,5288.0,5285.0,5285.0,1246.0,722721.0,722214.0
2026-07-01 11:00:00,5285.0,5289.0,5285.0,5287.0,725.0,722214.0,722181.0
2026-07-01 11:01:00,5287.0,5289.0,5286.0,5286.0,640.0,722181.0,722262.0
2026-07-01 11:02:00,5286.0,5289.0,5286.0,5288.0,522.0,722262.0,722106.0
2026-07-01 11:03:00,5288.0,5289.0,5286.0,5287.0,510.0,722106.0,722065.0
2026-07-01 11:04:00,5287.0,5289.0,5287.0,5289.0,331.0,722065.0,722133.0
2026-07-01 11:05:00,5289.0,5289.0,5287.0,5288.0,496.0,722133.0,722091.0
2026-07-01 11:06:00,5288.0,5291.0,5288.0,5290.0,1404.0,722091.0,722303.0
2026-07-01 11:07:00,5290.0,5291.0,5289.0,5291.0,497.0,722303.0,722151.0
2026-07-01 11:08:00,5291.0,5291.0,5289.0,5291.0,861.0,722151.0,722029.0
2026-07-01 11:09:00,5291.0,5295.0,5291.0,5294.0,3202.0,722029.0,721638.0
2026-07-01 11:10:00,5294.0,5294.0,5291.0,5292.0,1327.0,721638.0,721561.0
2026-07-01 11:11:00,5292.0,5294.0,5291.0,5293.0,884.0,721561.0,721634.0
2026-07-01 11:12:00,5293.0,5294.0,5291.0,5292.0,1106.0,721634.0,721468.0
2026-07-01 11:13:00,5292.0,5292.0,5290.0,5290.0,837.0,721468.0,721145.0
2026-07-01 11:14:00,5290.0,5291.0,5290.0,5291.0,351.0,721145.0,721085.0
2026-07-01 11:15:00,5291.0,5291.0,5287.0,5289.0,1682.0,721085.0,720829.0
2026-07-01 11:16:00,5289.0,5290.0,5288.0,5289.0,783.0,720829.0,720824.0
2026-07-01 11:17:00,5289.0,5292.0,5289.0,5290.0,730.0,720824.0,720768.0
2026-07-01 11:18:00,5290.0,5290.0,5289.0,5290.0,127.0,720768.0,720782.0
2026-07-01 11:19:00,5290.0,5292.0,5289.0,5290.0,908.0,720782.0,720842.0
2026-07-01 11:20:00,5290.0,5292.0,5290.0,5291.0,342.0,720842.0,720840.0
2026-07-01 11:21:00,5291.0,5292.0,5291.0,5291.0,279.0,720840.0,720745.0
2026-07-01 11:22:00,5291.0,5292.0,5290.0,5291.0,466.0,720745.0,720631.0
2026-07-01 11:23:00,5291.0,5291.0,5289.0,5290.0,596.0,720631.0,720462.0
2026-07-01 11:24:00,5290.0,5291.0,5289.0,5291.0,412.0,720462.0,720361.0
2026-07-01 11:25:00,5291.0,5291.0,5288.0,5289.0,688.0,720361.0,720337.0
2026-07-01 11:26:00,5289.0,5290.0,5288.0,5289.0,294.0,720337.0,720259.0
2026-07-01 11:27:00,5289.0,5290.0,5289.0,5289.0,280.0,720259.0,720226.0
2026-07-01 11:28:00,5289.0,5290.0,5287.0,5287.0,724.0,720226.0,719954.0
2026-07-01 11:29:00,5287.0,5288.0,5283.0,5285.0,2202.0,719954.0,720137.0
2026-07-01 13:30:00,5285.0,5286.0,5282.0,5284.0,2276.0,720137.0,720125.0
2026-07-01 13:31:00,5284.0,5286.0,5283.0,5286.0,1576.0,720125.0,719659.0
2026-07-01 13:32:00,5286.0,5288.0,5285.0,5287.0,936.0,719659.0,719504.0
2026-07-01 13:33:00,5287.0,5290.0,5286.0,5290.0,1466.0,719504.0,719567.0
2026-07-01 13:34:00,5290.0,5293.0,5290.0,5293.0,1964.0,719567.0,719193.0
2026-07-01 13:35:00,5293.0,5293.0,5289.0,5290.0,664.0,719193.0,719244.0
2026-07-01 13:36:00,5290.0,5291.0,5288.0,5288.0,642.0,719244.0,719264.0
2026-07-01 13:37:00,5288.0,5290.0,5288.0,5289.0,362.0,719264.0,719201.0
2026-07-01 13:38:00,5289.0,5289.0,5287.0,5287.0,676.0,719201.0,719225.0
2026-07-01 13:39:00,5287.0,5290.0,5287.0,5289.0,343.0,719225.0,719258.0
2026-07-01 13:40:00,5289.0,5290.0,5288.0,5289.0,145.0,719258.0,719241.0
2026-07-01 13:41:00,5289.0,5289.0,5286.0,5288.0,1007.0,719241.0,719198.0
2026-07-01 13:42:00,5288.0,5289.0,5286.0,5287.0,605.0,719198.0,718936.0
2026-07-01 13:43:00,5287.0,5289.0,5287.0,5287.0,344.0,718936.0,718985.0
2026-07-01 13:44:00,5287.0,5288.0,5286.0,5287.0,627.0,718985.0,718843.0
2026-07-01 13:45:00,5287.0,5288.0,5286.0,5286.0,352.0,718843.0,718758.0
2026-07-01 13:46:00,5286.0,5287.0,5286.0,5286.0,375.0,718758.0,718695.0
2026-07-01 13:47:00,5286.0,5289.0,5286.0,5288.0,600.0,718695.0,718683.0
2026-07-01 13:48:00,5288.0,5289.0,5287.0,5288.0,400.0,718683.0,718564.0
2026-07-01 13:49:00,5288.0,5288.0,5287.0,5287.0,662.0,718564.0,718442.0
2026-07-01 13:50:00,5287.0,5288.0,5285.0,5286.0,578.0,718442.0,718369.0
2026-07-01 13:51:00,5286.0,5287.0,5285.0,5285.0,828.0,718369.0,718253.0
2026-07-01 13:52:00,5285.0,5286.0,5283.0,5283.0,832.0,718253.0,717891.0
2026-07-01 13:53:00,5283.0,5286.0,5283.0,5285.0,899.0,717891.0,717906.0
2026-07-01 13:54:00,5285.0,5285.0,5283.0,5285.0,1057.0,717906.0,717804.0
2026-07-01 13:55:00,5285.0,5285.0,5281.0,5282.0,1764.0,717804.0,717585.0
2026-07-01 13:56:00,5282.0,5283.0,5281.0,5282.0,854.0,717585.0,717597.0
2026-07-01 13:57:00,5282.0,5283.0,5282.0,5282.0,437.0,717597.0,717447.0
2026-07-01 13:58:00,5282.0,5283.0,5282.0,5282.0,682.0,717447.0,717471.0
2026-07-01 13:59:00,5282.0,5284.0,5280.0,5284.0,1175.0,717471.0,717401.0
2026-07-01 14:00:00,5284.0,5284.0,5283.0,5284.0,285.0,717401.0,717438.0
2026-07-01 14:01:00,5284.0,5286.0,5283.0,5286.0,748.0,717438.0,717514.0
2026-07-01 14:02:00,5286.0,5286.0,5284.0,5284.0,633.0,717514.0,717303.0
2026-07-01 14:03:00,5284.0,5285.0,5283.0,5284.0,569.0,717303.0,717296.0
2026-07-01 14:04:00,5284.0,5285.0,5283.0,5283.0,289.0,717296.0,717311.0
2026-07-01 14:05:00,5283.0,5287.0,5283.0,5286.0,1216.0,717311.0,717050.0
2026-07-01 14:06:00,5286.0,5287.0,5285.0,5286.0,626.0,717050.0,716947.0
2026-07-01 14:07:00,5286.0,5286.0,5284.0,5284.0,319.0,716947.0,716917.0
2026-07-01 14:08:00,5284.0,5286.0,5284.0,5285.0,344.0,716917.0,716818.0
2026-07-01 14:09:00,5285.0,5286.0,5284.0,5286.0,591.0,716818.0,716760.0
2026-07-01 14:10:00,5286.0,5286.0,5285.0,5286.0,771.0,716760.0,716471.0
2026-07-01 14:11:00,5286.0,5287.0,5285.0,5287.0,402.0,716471.0,716468.0
2026-07-01 14:12:00,5287.0,5287.0,5284.0,5285.0,1056.0,716468.0,716522.0
2026-07-01 14:13:00,5285.0,5286.0,5285.0,5286.0,313.0,716522.0,716426.0
2026-07-01 14:14:00,5286.0,5286.0,5283.0,5284.0,676.0,716426.0,716436.0
2026-07-01 14:15:00,5284.0,5285.0,5284.0,5284.0,317.0,716436.0,716262.0
2026-07-01 14:16:00,5284.0,5285.0,5283.0,5284.0,648.0,716262.0,716207.0
2026-07-01 14:17:00,5284.0,5284.0,5282.0,5283.0,467.0,716207.0,716121.0
2026-07-01 14:18:00,5283.0,5284.0,5282.0,5284.0,153.0,716121.0,716128.0
2026-07-01 14:19:00,5284.0,5284.0,5282.0,5283.0,435.0,716128.0,716179.0
2026-07-01 14:20:00,5283.0,5283.0,5281.0,5282.0,863.0,716179.0,715961.0
2026-07-01 14:21:00,5282.0,5285.0,5282.0,5284.0,785.0,715961.0,715910.0
2026-07-01 14:22:00,5284.0,5285.0,5284.0,5284.0,412.0,715910.0,715830.0
2026-07-01 14:23:00,5284.0,5285.0,5283.0,5284.0,988.0,715830.0,715663.0
2026-07-01 14:24:00,5284.0,5284.0,5281.0,5281.0,647.0,715663.0,715663.0
2026-07-01 14:25:00,5281.0,5283.0,5281.0,5282.0,237.0,715663.0,715585.0
2026-07-01 14:26:00,5282.0,5283.0,5281.0,5281.0,276.0,715585.0,715544.0
2026-07-01 14:27:00,5281.0,5282.0,5280.0,5280.0,792.0,715544.0,715679.0
2026-07-01 14:28:00,5280.0,5282.0,5280.0,5281.0,1226.0,715679.0,715146.0
2026-07-01 14:29:00,5281.0,5283.0,5281.0,5282.0,350.0,715146.0,715045.0
2026-07-01 14:30:00,5282.0,5283.0,5281.0,5282.0,322.0,715045.0,714921.0
2026-07-01 14:31:00,5282.0,5282.0,5280.0,5281.0,363.0,714921.0,714859.0
2026-07-01 14:32:00,5281.0,5281.0,5280.0,5280.0,422.0,714859.0,714785.0
2026-07-01 14:33:00,5280.0,5281.0,5278.0,5278.0,965.0,714785.0,714643.0
2026-07-01 14:34:00,5278.0,5279.0,5276.0,5278.0,1081.0,714643.0,714286.0
2026-07-01 14:35:00,5278.0,5278.0,5277.0,5277.0,791.0,714286.0,713925.0
2026-07-01 14:36:00,5277.0,5279.0,5277.0,5279.0,442.0,713925.0,713802.0
2026-07-01 14:37:00,5279.0,5279.0,5276.0,5276.0,911.0,713802.0,713918.0
2026-07-01 14:38:00,5276.0,5277.0,5276.0,5277.0,527.0,713918.0,714004.0
2026-07-01 14:39:00,5277.0,5277.0,5275.0,5275.0,498.0,714004.0,714026.0
2026-07-01 14:40:00,5275.0,5277.0,5275.0,5276.0,915.0,714026.0,713686.0
2026-07-01 14:41:00,5276.0,5277.0,5275.0,5276.0,629.0,713686.0,713749.0
2026-07-01 14:42:00,5276.0,5278.0,5276.0,5277.0,816.0,713749.0,713662.0
2026-07-01 14:43:00,5277.0,5278.0,5276.0,5276.0,617.0,713662.0,713518.0
2026-07-01 14:44:00,5276.0,5278.0,5276.0,5278.0,974.0,713518.0,713513.0
2026-07-01 14:45:00,5278.0,5279.0,5276.0,5277.0,702.0,713513.0,713504.0
2026-07-01 14:46:00,5277.0,5277.0,5274.0,5275.0,1113.0,713504.0,713420.0
2026-07-01 14:47:00,5275.0,5276.0,5275.0,5275.0,305.0,713420.0,713361.0
2026-07-01 14:48:00,5275.0,5276.0,5274.0,5275.0,1075.0,713361.0,713031.0
2026-07-01 14:49:00,5275.0,5275.0,5271.0,5271.0,2343.0,713031.0,712617.0
2026-07-01 14:50:00,5271.0,5272.0,5270.0,5270.0,1659.0,712617.0,712571.0
2026-07-01 14:51:00,5270.0,5271.0,5269.0,5270.0,1623.0,712571.0,712424.0
2026-07-01 14:52:00,5270.0,5273.0,5270.0,5272.0,1033.0,712424.0,712744.0
2026-07-01 14:53:00,5272.0,5273.0,5271.0,5273.0,565.0,712744.0,712708.0
2026-07-01 14:54:00,5273.0,5275.0,5272.0,5275.0,1100.0,712708.0,712628.0
2026-07-01 14:55:00,5275.0,5276.0,5274.0,5275.0,1015.0,712628.0,712308.0
2026-07-01 14:56:00,5275.0,5275.0,5273.0,5273.0,662.0,712308.0,712003.0
2026-07-01 14:57:00,5273.0,5275.0,5273.0,5275.0,535.0,712003.0,711951.0
2026-07-01 14:58:00,5275.0,5277.0,5274.0,5277.0,892.0,711951.0,711590.0
2026-07-01 14:59:00,5277.0,5278.0,5275.0,5277.0,1692.0,711590.0,711148.0
2026-07-01 21:00:00,5300.0,5304.0,5288.0,5291.0,13356.0,711148.0,710805.0
2026-07-01 21:01:00,5291.0,5295.0,5290.0,5293.0,4853.0,710805.0,711013.0
2026-07-01 21:02:00,5293.0,5293.0,5289.0,5292.0,3058.0,711013.0,710938.0
2026-07-01 21:03:00,5292.0,5294.0,5290.0,5290.0,3121.0,710938.0,711177.0
2026-07-01 21:04:00,5290.0,5291.0,5288.0,5289.0,2414.0,711177.0,711889.0
2026-07-01 21:05:00,5289.0,5290.0,5288.0,5290.0,1940.0,711889.0,712063.0
2026-07-01 21:06:00,5290.0,5290.0,5287.0,5288.0,1382.0,712063.0,712232.0
2026-07-01 21:07:00,5288.0,5289.0,5284.0,5285.0,2660.0,712232.0,712832.0
2026-07-01 21:08:00,5285.0,5286.0,5284.0,5284.0,1207.0,712832.0,713126.0
2026-07-01 21:09:00,5284.0,5286.0,5284.0,5285.0,1878.0,713126.0,713252.0
2026-07-01 21:10:00,5285.0,5286.0,5284.0,5284.0,1846.0,713252.0,713976.0
2026-07-01 21:11:00,5284.0,5286.0,5283.0,5283.0,2312.0,713976.0,714109.0
2026-07-01 21:12:00,5283.0,5286.0,5283.0,5285.0,1567.0,714109.0,714234.0
2026-07-01 21:13:00,5285.0,5286.0,5284.0,5285.0,1135.0,714234.0,714269.0
2026-07-01 21:14:00,5285.0,5285.0,5283.0,5284.0,1397.0,714269.0,714216.0
2026-07-01 21:15:00,5284.0,5285.0,5283.0,5284.0,689.0,714216.0,714316.0
2026-07-01 21:16:00,5284.0,5285.0,5283.0,5284.0,874.0,714316.0,714247.0
2026-07-01 21:17:00,5284.0,5284.0,5282.0,5283.0,1224.0,714247.0,714471.0
2026-07-01 21:18:00,5283.0,5283.0,5281.0,5282.0,1297.0,714471.0,714825.0
2026-07-01 21:19:00,5282.0,5282.0,5279.0,5279.0,2103.0,714825.0,714872.0
2026-07-01 21:20:00,5279.0,5283.0,5279.0,5282.0,2318.0,714872.0,714925.0
2026-07-01 21:21:00,5282.0,5283.0,5279.0,5279.0,1657.0,714925.0,714740.0
2026-07-01 21:22:00,5279.0,5281.0,5279.0,5280.0,731.0,714740.0,714800.0
2026-07-01 21:23:00,5280.0,5281.0,5279.0,5281.0,899.0,714800.0,714553.0
2026-07-01 21:24:00,5281.0,5284.0,5280.0,5282.0,2295.0,714553.0,714560.0
2026-07-01 21:25:00,5282.0,5284.0,5281.0,5284.0,1089.0,714560.0,714642.0
2026-07-01 21:26:00,5284.0,5284.0,5282.0,5283.0,462.0,714642.0,714698.0
2026-07-01 21:27:00,5283.0,5284.0,5282.0,5283.0,967.0,714698.0,714752.0
2026-07-01 21:28:00,5283.0,5283.0,5279.0,5280.0,1614.0,714752.0,714767.0
2026-07-01 21:29:00,5280.0,5281.0,5279.0,5279.0,863.0,714767.0,714908.0
2026-07-01 21:30:00,5279.0,5281.0,5279.0,5280.0,710.0,714908.0,714882.0
2026-07-01 21:31:00,5280.0,5281.0,5280.0,5281.0,344.0,714882.0,714800.0
2026-07-01 21:32:00,5281.0,5283.0,5280.0,5282.0,470.0,714800.0,714765.0
2026-07-01 21:33:00,5282.0,5282.0,5279.0,5279.0,860.0,714765.0,715207.0
2026-07-01 21:34:00,5279.0,5280.0,5277.0,5277.0,1502.0,715207.0,715663.0
2026-07-01 21:35:00,5277.0,5278.0,5277.0,5278.0,1269.0,715663.0,715910.0
2026-07-01 21:36:00,5278.0,5279.0,5277.0,5279.0,755.0,715910.0,716022.0
2026-07-01 21:37:00,5279.0,5281.0,5278.0,5280.0,774.0,716022.0,715986.0
2026-07-01 21:38:00,5280.0,5280.0,5278.0,5280.0,561.0,715986.0,715807.0
2026-07-01 21:39:00,5280.0,5281.0,5279.0,5280.0,256.0,715807.0,715774.0
2026-07-01 21:40:00,5280.0,5282.0,5280.0,5282.0,352.0,715774.0,715736.0
2026-07-01 21:41:00,5282.0,5285.0,5281.0,5284.0,2000.0,715736.0,716107.0
2026-07-01 21:42:00,5284.0,5284.0,5282.0,5284.0,1136.0,716107.0,716446.0
2026-07-01 21:43:00,5284.0,5285.0,5284.0,5285.0,580.0,716446.0,716394.0
2026-07-01 21:44:00,5285.0,5286.0,5284.0,5285.0,1731.0,716394.0,716638.0
2026-07-01 21:45:00,5285.0,5288.0,5285.0,5287.0,1905.0,716638.0,716779.0
2026-07-01 21:46:00,5287.0,5287.0,5285.0,5286.0,753.0,716779.0,716693.0
2026-07-01 21:47:00,5286.0,5286.0,5284.0,5285.0,698.0,716693.0,716863.0
2026-07-01 21:48:00,5285.0,5285.0,5284.0,5285.0,553.0,716863.0,716715.0
2026-07-01 21:49:00,5285.0,5286.0,5284.0,5285.0,219.0,716715.0,716739.0
2026-07-01 21:50:00,5285.0,5286.0,5283.0,5284.0,946.0,716739.0,716703.0
2026-07-01 21:51:00,5284.0,5287.0,5283.0,5286.0,761.0,716703.0,716703.0
2026-07-01 21:52:00,5286.0,5289.0,5286.0,5289.0,1555.0,716703.0,716537.0
2026-07-01 21:53:00,5289.0,5290.0,5289.0,5290.0,1282.0,716537.0,716788.0
2026-07-01 21:54:00,5290.0,5291.0,5289.0,5291.0,1589.0,716788.0,716648.0
2026-07-01 21:55:00,5291.0,5292.0,5289.0,5289.0,1285.0,716648.0,716425.0
2026-07-01 21:56:00,5289.0,5290.0,5287.0,5288.0,1030.0,716425.0,716516.0
2026-07-01 21:57:00,5288.0,5289.0,5287.0,5289.0,206.0,716516.0,716570.0
2026-07-01 21:58:00,5289.0,5289.0,5287.0,5288.0,344.0,716570.0,716685.0
2026-07-01 21:59:00,5288.0,5291.0,5288.0,5291.0,590.0,716685.0,716528.0
2026-07-01 22:00:00,5291.0,5292.0,5289.0,5292.0,1124.0,716528.0,716610.0
2026-07-01 22:01:00,5292.0,5292.0,5291.0,5291.0,652.0,716610.0,716699.0
2026-07-01 22:02:00,5291.0,5292.0,5290.0,5290.0,459.0,716699.0,716655.0
2026-07-01 22:03:00,5290.0,5292.0,5290.0,5290.0,482.0,716655.0,716734.0
2026-07-01 22:04:00,5290.0,5291.0,5289.0,5289.0,653.0,716734.0,716745.0
2026-07-01 22:05:00,5289.0,5290.0,5288.0,5289.0,442.0,716745.0,716735.0
2026-07-01 22:06:00,5289.0,5290.0,5288.0,5288.0,220.0,716735.0,716769.0
2026-07-01 22:07:00,5288.0,5290.0,5288.0,5289.0,350.0,716769.0,716692.0
2026-07-01 22:08:00,5289.0,5290.0,5288.0,5289.0,902.0,716692.0,716340.0
2026-07-01 22:09:00,5289.0,5291.0,5289.0,5290.0,431.0,716340.0,716372.0
2026-07-01 22:10:00,5290.0,5290.0,5288.0,5288.0,343.0,716372.0,716368.0
2026-07-01 22:11:00,5288.0,5289.0,5288.0,5289.0,174.0,716368.0,716405.0
2026-07-01 22:12:00,5289.0,5289.0,5287.0,5289.0,407.0,716405.0,716472.0
2026-07-01 22:13:00,5289.0,5290.0,5288.0,5288.0,325.0,716472.0,716545.0
2026-07-01 22:14:00,5288.0,5289.0,5288.0,5288.0,134.0,716545.0,716520.0
2026-07-01 22:15:00,5288.0,5290.0,5288.0,5289.0,326.0,716520.0,716559.0
2026-07-01 22:16:00,5289.0,5289.0,5286.0,5286.0,718.0,716559.0,716529.0
2026-07-01 22:17:00,5286.0,5287.0,5286.0,5287.0,872.0,716529.0,716429.0
2026-07-01 22:18:00,5287.0,5287.0,5285.0,5286.0,269.0,716429.0,716358.0
2026-07-01 22:19:00,5286.0,5286.0,5283.0,5284.0,1989.0,716358.0,715625.0
2026-07-01 22:20:00,5284.0,5286.0,5284.0,5285.0,773.0,715625.0,715577.0
2026-07-01 22:21:00,5285.0,5287.0,5285.0,5285.0,524.0,715577.0,715853.0
2026-07-01 22:22:00,5285.0,5286.0,5283.0,5283.0,661.0,715853.0,716007.0
2026-07-01 22:23:00,5283.0,5285.0,5283.0,5284.0,390.0,716007.0,716026.0
2026-07-01 22:24:00,5284.0,5285.0,5284.0,5285.0,111.0,716026.0,716032.0
2026-07-01 22:25:00,5285.0,5286.0,5284.0,5285.0,441.0,716032.0,716176.0
2026-07-01 22:26:00,5285.0,5286.0,5285.0,5285.0,206.0,716176.0,716228.0
2026-07-01 22:27:00,5285.0,5286.0,5284.0,5284.0,515.0,716228.0,716329.0
2026-07-01 22:28:00,5284.0,5284.0,5283.0,5283.0,399.0,716329.0,716397.0
2026-07-01 22:29:00,5283.0,5284.0,5281.0,5282.0,1366.0,716397.0,716187.0
2026-07-01 22:30:00,5282.0,5283.0,5281.0,5281.0,617.0,716187.0,715993.0
2026-07-01 22:31:00,5281.0,5281.0,5278.0,5279.0,2590.0,715993.0,715680.0
2026-07-01 22:32:00,5279.0,5281.0,5278.0,5281.0,525.0,715680.0,715653.0
2026-07-01 22:33:00,5281.0,5282.0,5280.0,5282.0,518.0,715653.0,715795.0
2026-07-01 22:34:00,5282.0,5282.0,5281.0,5281.0,108.0,715795.0,715856.0
2026-07-01 22:35:00,5281.0,5283.0,5281.0,5282.0,1042.0,715856.0,715833.0
2026-07-01 22:36:00,5282.0,5284.0,5282.0,5284.0,525.0,715833.0,715975.0
2026-07-01 22:37:00,5284.0,5284.0,5283.0,5284.0,296.0,715975.0,716013.0
2026-07-01 22:38:00,5284.0,5284.0,5283.0,5284.0,239.0,716013.0,716075.0
2026-07-01 22:39:00,5284.0,5285.0,5283.0,5285.0,252.0,716075.0,716106.0
2026-07-01 22:40:00,5285.0,5285.0,5283.0,5284.0,298.0,716106.0,716091.0
2026-07-01 22:41:00,5284.0,5285.0,5284.0,5284.0,304.0,716091.0,716013.0
2026-07-01 22:42:00,5284.0,5284.0,5282.0,5283.0,632.0,716013.0,716167.0
2026-07-01 22:43:00,5283.0,5284.0,5283.0,5284.0,377.0,716167.0,716166.0
2026-07-01 22:44:00,5284.0,5286.0,5284.0,5285.0,598.0,716166.0,716099.0
2026-07-01 22:45:00,5285.0,5286.0,5284.0,5285.0,286.0,716099.0,716088.0
2026-07-01 22:46:00,5285.0,5286.0,5284.0,5285.0,311.0,716088.0,716122.0
2026-07-01 22:47:00,5285.0,5285.0,5283.0,5284.0,409.0,716122.0,716345.0
2026-07-01 22:48:00,5284.0,5284.0,5283.0,5284.0,92.0,716345.0,716365.0
2026-07-01 22:49:00,5284.0,5284.0,5283.0,5283.0,236.0,716365.0,716373.0
2026-07-01 22:50:00,5283.0,5284.0,5282.0,5283.0,534.0,716373.0,716416.0
2026-07-01 22:51:00,5283.0,5284.0,5283.0,5283.0,93.0,716416.0,716380.0
2026-07-01 22:52:00,5283.0,5284.0,5283.0,5284.0,67.0,716380.0,716386.0
2026-07-01 22:53:00,5284.0,5284.0,5282.0,5282.0,257.0,716386.0,716390.0
2026-07-01 22:54:00,5282.0,5283.0,5281.0,5283.0,476.0,716390.0,716393.0
2026-07-01 22:55:00,5283.0,5284.0,5282.0,5283.0,471.0,716393.0,716464.0
2026-07-01 22:56:00,5283.0,5285.0,5283.0,5285.0,685.0,716464.0,716235.0
2026-07-01 22:57:00,5285.0,5285.0,5284.0,5285.0,571.0,716235.0,716115.0
2026-07-01 22:58:00,5285.0,5285.0,5284.0,5284.0,364.0,716115.0,716195.0
2026-07-01 22:59:00,5284.0,5286.0,5283.0,5284.0,1325.0,716195.0,715948.0
2026-07-02 09:00:00,5284.0,5284.0,5278.0,5280.0,3712.0,715948.0,715930.0
2026-07-02 09:01:00,5280.0,5281.0,5276.0,5276.0,2694.0,715930.0,716121.0
2026-07-02 09:02:00,5276.0,5278.0,5276.0,5277.0,1351.0,716121.0,716091.0
2026-07-02 09:03:00,5277.0,5285.0,5277.0,5284.0,2010.0,716091.0,716321.0
2026-07-02 09:04:00,5284.0,5284.0,5282.0,5284.0,742.0,716321.0,716225.0
2026-07-02 09:05:00,5284.0,5286.0,5284.0,5284.0,2223.0,716225.0,716367.0
2026-07-02 09:06:00,5284.0,5287.0,5284.0,5286.0,1038.0,716367.0,716508.0
2026-07-02 09:07:00,5286.0,5286.0,5283.0,5284.0,1149.0,716508.0,716670.0
2026-07-02 09:08:00,5284.0,5284.0,5280.0,5281.0,1931.0,716670.0,716692.0
2026-07-02 09:09:00,5281.0,5286.0,5281.0,5285.0,862.0,716692.0,716521.0
2026-07-02 09:10:00,5285.0,5287.0,5285.0,5286.0,783.0,716521.0,716797.0
2026-07-02 09:11:00,5286.0,5289.0,5286.0,5288.0,1489.0,716797.0,716964.0
2026-07-02 09:12:00,5288.0,5290.0,5288.0,5290.0,1058.0,716964.0,716932.0
2026-07-02 09:13:00,5290.0,5290.0,5288.0,5290.0,1231.0,716932.0,717112.0
2026-07-02 09:14:00,5290.0,5291.0,5289.0,5289.0,1079.0,717112.0,717295.0
2026-07-02 09:15:00,5289.0,5291.0,5289.0,5291.0,1614.0,717295.0,717312.0
2026-07-02 09:16:00,5291.0,5293.0,5290.0,5293.0,1214.0,717312.0,717456.0
2026-07-02 09:17:00,5293.0,5294.0,5292.0,5294.0,1005.0,717456.0,717631.0
2026-07-02 09:18:00,5294.0,5300.0,5292.0,5300.0,8499.0,717631.0,717164.0
2026-07-02 09:19:00,5300.0,5300.0,5296.0,5297.0,4012.0,717164.0,716846.0
2026-07-02 09:20:00,5297.0,5299.0,5293.0,5294.0,2220.0,716846.0,716536.0
2026-07-02 09:21:00,5294.0,5294.0,5292.0,5293.0,950.0,716536.0,716311.0
2026-07-02 09:22:00,5293.0,5293.0,5289.0,5290.0,2249.0,716311.0,715948.0
2026-07-02 09:23:00,5290.0,5292.0,5289.0,5292.0,807.0,715948.0,715828.0
2026-07-02 09:24:00,5292.0,5292.0,5290.0,5290.0,411.0,715828.0,715789.0
2026-07-02 09:25:00,5290.0,5292.0,5287.0,5288.0,2064.0,715789.0,715372.0
2026-07-02 09:26:00,5288.0,5289.0,5287.0,5288.0,598.0,715372.0,715413.0
2026-07-02 09:27:00,5288.0,5288.0,5286.0,5286.0,1007.0,715413.0,715422.0
2026-07-02 09:28:00,5286.0,5287.0,5285.0,5286.0,1355.0,715422.0,715435.0
2026-07-02 09:29:00,5286.0,5287.0,5285.0,5285.0,1287.0,715435.0,715418.0
2026-07-02 09:30:00,5285.0,5287.0,5285.0,5285.0,1581.0,715418.0,715419.0
2026-07-02 09:31:00,5285.0,5287.0,5283.0,5286.0,725.0,715419.0,715494.0
2026-07-02 09:32:00,5286.0,5289.0,5286.0,5288.0,896.0,715494.0,715524.0
2026-07-02 09:33:00,5288.0,5288.0,5286.0,5288.0,428.0,715524.0,715485.0
2026-07-02 09:34:00,5288.0,5288.0,5286.0,5287.0,665.0,715485.0,715470.0
2026-07-02 09:35:00,5287.0,5287.0,5282.0,5285.0,1801.0,715470.0,715620.0
2026-07-02 09:36:00,5285.0,5286.0,5284.0,5284.0,528.0,715620.0,715589.0
2026-07-02 09:37:00,5284.0,5285.0,5284.0,5285.0,161.0,715589.0,715515.0
2026-07-02 09:38:00,5285.0,5285.0,5282.0,5285.0,1120.0,715515.0,715659.0
2026-07-02 09:39:00,5285.0,5285.0,5283.0,5284.0,480.0,715659.0,715678.0
2026-07-02 09:40:00,5284.0,5288.0,5284.0,5288.0,1343.0,715678.0,715898.0
2026-07-02 09:41:00,5288.0,5288.0,5286.0,5287.0,782.0,715898.0,715603.0
2026-07-02 09:42:00,5287.0,5291.0,5286.0,5289.0,1412.0,715603.0,715774.0
2026-07-02 09:43:00,5289.0,5289.0,5288.0,5289.0,605.0,715774.0,715819.0
2026-07-02 09:44:00,5289.0,5290.0,5288.0,5288.0,486.0,715819.0,715839.0
2026-07-02 09:45:00,5288.0,5289.0,5286.0,5288.0,693.0,715839.0,715918.0
2026-07-02 09:46:00,5288.0,5291.0,5288.0,5290.0,729.0,715918.0,715905.0
2026-07-02 09:47:00,5290.0,5291.0,5288.0,5290.0,560.0,715905.0,715863.0
2026-07-02 09:48:00,5290.0,5291.0,5289.0,5289.0,515.0,715863.0,715878.0
2026-07-02 09:49:00,5289.0,5290.0,5287.0,5289.0,698.0,715878.0,715860.0
2026-07-02 09:50:00,5289.0,5290.0,5288.0,5289.0,495.0,715860.0,715867.0
2026-07-02 09:51:00,5289.0,5291.0,5289.0,5290.0,617.0,715867.0,716033.0
2026-07-02 09:52:00,5290.0,5292.0,5290.0,5290.0,1012.0,716033.0,716179.0
2026-07-02 09:53:00,5290.0,5291.0,5289.0,5290.0,371.0,716179.0,716302.0
2026-07-02 09:54:00,5290.0,5290.0,5288.0,5288.0,242.0,716302.0,716262.0
2026-07-02 09:55:00,5288.0,5290.0,5288.0,5290.0,439.0,716262.0,716307.0
2026-07-02 09:56:00,5290.0,5291.0,5288.0,5290.0,795.0,716307.0,716163.0
2026-07-02 09:57:00,5290.0,5291.0,5288.0,5290.0,375.0,716163.0,716143.0
2026-07-02 09:58:00,5290.0,5291.0,5287.0,5288.0,899.0,716143.0,716069.0
2026-07-02 09:59:00,5288.0,5289.0,5286.0,5287.0,714.0,716069.0,715957.0
2026-07-02 10:00:00,5287.0,5288.0,5285.0,5285.0,862.0,715957.0,715984.0
2026-07-02 10:01:00,5285.0,5288.0,5285.0,5288.0,396.0,715984.0,716035.0
2026-07-02 10:02:00,5288.0,5288.0,5285.0,5285.0,1082.0,716035.0,716081.0
2026-07-02 10:03:00,5285.0,5287.0,5284.0,5285.0,688.0,716081.0,716110.0
2026-07-02 10:04:00,5285.0,5288.0,5284.0,5287.0,705.0,716110.0,715958.0
2026-07-02 10:05:00,5287.0,5287.0,5286.0,5286.0,103.0,715958.0,715985.0
2026-07-02 10:06:00,5286.0,5286.0,5285.0,5286.0,724.0,715985.0,716017.0
2026-07-02 10:07:00,5286.0,5287.0,5284.0,5287.0,407.0,716017.0,715966.0
2026-07-02 10:08:00,5287.0,5287.0,5285.0,5286.0,293.0,715966.0,715918.0
2026-07-02 10:09:00,5286.0,5288.0,5286.0,5287.0,250.0,715918.0,715941.0
2026-07-02 10:10:00,5287.0,5287.0,5286.0,5286.0,126.0,715941.0,715937.0
2026-07-02 10:11:00,5286.0,5288.0,5286.0,5287.0,248.0,715937.0,715861.0
2026-07-02 10:12:00,5287.0,5288.0,5285.0,5285.0,308.0,715861.0,715930.0
2026-07-02 10:13:00,5285.0,5286.0,5285.0,5286.0,123.0,715930.0,715976.0
2026-07-02 10:14:00,5286.0,5286.0,5284.0,5285.0,505.0,715976.0,716034.0
2026-07-02 10:30:00,5286.0,5287.0,5281.0,5282.0,1635.0,716034.0,716080.0
2026-07-02 10:31:00,5282.0,5283.0,5279.0,5280.0,1874.0,716080.0,716018.0
2026-07-02 10:32:00,5280.0,5282.0,5280.0,5280.0,1121.0,716018.0,716435.0
2026-07-02 10:33:00,5280.0,5282.0,5280.0,5281.0,686.0,716435.0,716647.0
2026-07-02 10:34:00,5281.0,5283.0,5281.0,5283.0,568.0,716647.0,716757.0
2026-07-02 10:35:00,5283.0,5283.0,5282.0,5283.0,199.0,716757.0,716725.0
2026-07-02 10:36:00,5283.0,5284.0,5282.0,5283.0,1422.0,716725.0,716569.0
2026-07-02 10:37:00,5283.0,5284.0,5282.0,5284.0,727.0,716569.0,716495.0
2026-07-02 10:38:00,5284.0,5284.0,5282.0,5283.0,338.0,716495.0,716361.0
2026-07-02 10:39:00,5283.0,5285.0,5282.0,5282.0,539.0,716361.0,716342.0
2026-07-02 10:40:00,5282.0,5283.0,5282.0,5282.0,720.0,716342.0,716358.0
2026-07-02 10:41:00,5282.0,5284.0,5282.0,5282.0,347.0,716358.0,716333.0
2026-07-02 10:42:00,5282.0,5282.0,5280.0,5281.0,714.0,716333.0,716579.0
2026-07-02 10:43:00,5281.0,5282.0,5280.0,5282.0,401.0,716579.0,716552.0
2026-07-02 10:44:00,5282.0,5282.0,5280.0,5280.0,453.0,716552.0,716466.0
2026-07-02 10:45:00,5280.0,5282.0,5280.0,5281.0,419.0,716466.0,716430.0
2026-07-02 10:46:00,5281.0,5282.0,5280.0,5281.0,533.0,716430.0,716561.0
2026-07-02 10:47:00,5281.0,5283.0,5281.0,5282.0,556.0,716561.0,716707.0
2026-07-02 10:48:00,5282.0,5284.0,5282.0,5283.0,513.0,716707.0,716775.0
2026-07-02 10:49:00,5283.0,5285.0,5282.0,5284.0,327.0,716775.0,716730.0
2026-07-02 10:50:00,5284.0,5286.0,5283.0,5285.0,850.0,716730.0,716727.0
2026-07-02 10:51:00,5285.0,5286.0,5283.0,5284.0,275.0,716727.0,716758.0
2026-07-02 10:52:00,5284.0,5284.0,5282.0,5284.0,582.0,716758.0,716911.0
2026-07-02 10:53:00,5284.0,5284.0,5283.0,5283.0,55.0,716911.0,716902.0
2026-07-02 10:54:00,5283.0,5286.0,5283.0,5284.0,390.0,716902.0,716980.0
2026-07-02 10:55:00,5284.0,5285.0,5284.0,5285.0,90.0,716980.0,716997.0
2026-07-02 10:56:00,5285.0,5285.0,5284.0,5284.0,259.0,716997.0,717015.0
2026-07-02 10:57:00,5284.0,5285.0,5283.0,5283.0,364.0,717015.0,717102.0
2026-07-02 10:58:00,5283.0,5284.0,5283.0,5283.0,328.0,717102.0,717176.0
2026-07-02 10:59:00,5283.0,5284.0,5282.0,5282.0,353.0,717176.0,717263.0
2026-07-02 11:00:00,5282.0,5283.0,5281.0,5283.0,981.0,717263.0,717475.0
2026-07-02 11:01:00,5283.0,5283.0,5282.0,5282.0,187.0,717475.0,717434.0
2026-07-02 11:02:00,5282.0,5283.0,5282.0,5282.0,339.0,717434.0,717290.0
2026-07-02 11:03:00,5282.0,5283.0,5282.0,5283.0,175.0,717290.0,717244.0
2026-07-02 11:04:00,5283.0,5283.0,5279.0,5279.0,1272.0,717244.0,717386.0
2026-07-02 11:05:00,5279.0,5280.0,5277.0,5278.0,2153.0,717386.0,717671.0
2026-07-02 11:06:00,5278.0,5279.0,5278.0,5278.0,687.0,717671.0,717619.0
2026-07-02 11:07:00,5278.0,5279.0,5276.0,5277.0,1751.0,717619.0,717797.0
2026-07-02 11:08:00,5277.0,5279.0,5277.0,5278.0,473.0,717797.0,717866.0
2026-07-02 11:09:00,5278.0,5279.0,5277.0,5278.0,343.0,717866.0,717882.0
2026-07-02 11:10:00,5278.0,5279.0,5277.0,5278.0,725.0,717882.0,717797.0
2026-07-02 11:11:00,5278.0,5278.0,5276.0,5278.0,715.0,717797.0,717839.0
2026-07-02 11:12:00,5278.0,5279.0,5277.0,5279.0,758.0,717839.0,717894.0
2026-07-02 11:13:00,5279.0,5280.0,5278.0,5278.0,347.0,717894.0,717884.0
2026-07-02 11:14:00,5278.0,5280.0,5278.0,5280.0,251.0,717884.0,717880.0
2026-07-02 11:15:00,5280.0,5280.0,5279.0,5280.0,152.0,717880.0,717875.0
2026-07-02 11:16:00,5280.0,5280.0,5277.0,5277.0,707.0,717875.0,717953.0
2026-07-02 11:17:00,5277.0,5280.0,5277.0,5279.0,858.0,717953.0,717977.0
2026-07-02 11:18:00,5279.0,5280.0,5278.0,5279.0,438.0,717977.0,717934.0
2026-07-02 11:19:00,5279.0,5280.0,5278.0,5278.0,377.0,717934.0,718028.0
2026-07-02 11:20:00,5278.0,5278.0,5274.0,5276.0,2273.0,718028.0,718151.0
2026-07-02 11:21:00,5276.0,5277.0,5276.0,5276.0,689.0,718151.0,718183.0
2026-07-02 11:22:00,5276.0,5277.0,5275.0,5276.0,584.0,718183.0,718239.0
2026-07-02 11:23:00,5276.0,5278.0,5275.0,5277.0,636.0,718239.0,718252.0
2026-07-02 11:24:00,5277.0,5277.0,5275.0,5277.0,403.0,718252.0,718330.0
2026-07-02 11:25:00,5277.0,5277.0,5275.0,5276.0,323.0,718330.0,718314.0
2026-07-02 11:26:00,5276.0,5277.0,5276.0,5277.0,164.0,718314.0,718284.0
2026-07-02 11:27:00,5277.0,5277.0,5275.0,5276.0,583.0,718284.0,718125.0
2026-07-02 11:28:00,5276.0,5277.0,5276.0,5277.0,132.0,718125.0,718097.0
2026-07-02 11:29:00,5277.0,5277.0,5276.0,5276.0,656.0,718097.0,717954.0
2026-07-02 13:30:00,5276.0,5278.0,5276.0,5278.0,1008.0,717954.0,717849.0
2026-07-02 13:31:00,5278.0,5281.0,5278.0,5281.0,1130.0,717849.0,717440.0
2026-07-02 13:32:00,5281.0,5281.0,5279.0,5280.0,970.0,717440.0,717639.0
2026-07-02 13:33:00,5280.0,5280.0,5278.0,5278.0,504.0,717639.0,717738.0
2026-07-02 13:34:00,5278.0,5280.0,5278.0,5279.0,684.0,717738.0,717607.0
2026-07-02 13:35:00,5279.0,5280.0,5277.0,5277.0,649.0,717607.0,717422.0
2026-07-02 13:36:00,5277.0,5278.0,5276.0,5277.0,492.0,717422.0,717494.0
2026-07-02 13:37:00,5277.0,5279.0,5275.0,5275.0,2128.0,717494.0,716963.0
2026-07-02 13:38:00,5275.0,5276.0,5275.0,5276.0,611.0,716963.0,716883.0
2026-07-02 13:39:00,5276.0,5277.0,5275.0,5275.0,622.0,716883.0,717029.0
2026-07-02 13:40:00,5275.0,5277.0,5275.0,5277.0,514.0,717029.0,716986.0
2026-07-02 13:41:00,5277.0,5277.0,5275.0,5276.0,391.0,716986.0,716991.0
2026-07-02 13:42:00,5276.0,5276.0,5275.0,5276.0,307.0,716991.0,717020.0
2026-07-02 13:43:00,5276.0,5276.0,5274.0,5274.0,621.0,717020.0,717142.0
2026-07-02 13:44:00,5274.0,5275.0,5272.0,5273.0,1345.0,717142.0,717225.0
2026-07-02 13:45:00,5273.0,5273.0,5270.0,5271.0,2762.0,717225.0,717439.0
2026-07-02 13:46:00,5271.0,5273.0,5270.0,5272.0,1183.0,717439.0,717482.0
2026-07-02 13:47:00,5272.0,5275.0,5272.0,5275.0,1076.0,717482.0,717277.0
2026-07-02 13:48:00,5275.0,5276.0,5274.0,5275.0,502.0,717277.0,717239.0
2026-07-02 13:49:00,5275.0,5277.0,5274.0,5276.0,765.0,717239.0,717222.0
2026-07-02 13:50:00,5276.0,5277.0,5275.0,5276.0,747.0,717222.0,717093.0
2026-07-02 13:51:00,5276.0,5277.0,5275.0,5276.0,774.0,717093.0,717133.0
2026-07-02 13:52:00,5276.0,5277.0,5275.0,5276.0,279.0,717133.0,717159.0
2026-07-02 13:53:00,5276.0,5276.0,5274.0,5275.0,744.0,717159.0,717183.0
2026-07-02 13:54:00,5275.0,5279.0,5275.0,5279.0,1062.0,717183.0,716934.0
2026-07-02 13:55:00,5279.0,5279.0,5277.0,5278.0,670.0,716934.0,716900.0
2026-07-02 13:56:00,5278.0,5279.0,5278.0,5279.0,363.0,716900.0,716945.0
2026-07-02 13:57:00,5279.0,5279.0,5275.0,5276.0,336.0,716945.0,717001.0
2026-07-02 13:58:00,5276.0,5278.0,5276.0,5278.0,562.0,717001.0,716847.0
2026-07-02 13:59:00,5278.0,5278.0,5276.0,5276.0,390.0,716847.0,716950.0
2026-07-02 14:00:00,5276.0,5277.0,5276.0,5276.0,490.0,716950.0,716880.0
2026-07-02 14:01:00,5276.0,5277.0,5275.0,5276.0,310.0,716880.0,716998.0
2026-07-02 14:02:00,5276.0,5276.0,5274.0,5275.0,1489.0,716998.0,717293.0
2026-07-02 14:03:00,5275.0,5275.0,5273.0,5273.0,773.0,717293.0,717303.0
2026-07-02 14:04:00,5273.0,5274.0,5271.0,5271.0,661.0,717303.0,717672.0
2026-07-02 14:05:00,5271.0,5272.0,5270.0,5271.0,2428.0,717672.0,717794.0
2026-07-02 14:06:00,5271.0,5274.0,5271.0,5274.0,917.0,717794.0,717765.0
2026-07-02 14:07:00,5274.0,5276.0,5273.0,5274.0,520.0,717765.0,717838.0
2026-07-02 14:08:00,5274.0,5275.0,5273.0,5275.0,398.0,717838.0,717831.0
2026-07-02 14:09:00,5275.0,5275.0,5273.0,5274.0,383.0,717831.0,717789.0
2026-07-02 14:10:00,5274.0,5275.0,5273.0,5275.0,316.0,717789.0,717758.0
2026-07-02 14:11:00,5275.0,5276.0,5274.0,5274.0,594.0,717758.0,717877.0
2026-07-02 14:12:00,5274.0,5275.0,5273.0,5273.0,342.0,717877.0,717940.0
2026-07-02 14:13:00,5273.0,5275.0,5273.0,5274.0,522.0,717940.0,717780.0
2026-07-02 14:14:00,5274.0,5274.0,5273.0,5273.0,116.0,717780.0,717795.0
2026-07-02 14:15:00,5273.0,5273.0,5269.0,5271.0,2593.0,717795.0,718267.0
2026-07-02 14:16:00,5271.0,5272.0,5267.0,5268.0,2396.0,718267.0,718052.0
2026-07-02 14:17:00,5268.0,5269.0,5266.0,5267.0,1807.0,718052.0,718269.0
2026-07-02 14:18:00,5267.0,5270.0,5267.0,5269.0,618.0,718269.0,718250.0
2026-07-02 14:19:00,5269.0,5270.0,5268.0,5269.0,1934.0,718250.0,717991.0
2026-07-02 14:20:00,5269.0,5271.0,5268.0,5270.0,462.0,717991.0,717958.0
2026-07-02 14:21:00,5270.0,5271.0,5269.0,5270.0,680.0,717958.0,717854.0
2026-07-02 14:22:00,5270.0,5272.0,5269.0,5271.0,444.0,717854.0,717784.0
2026-07-02 14:23:00,5271.0,5272.0,5270.0,5270.0,393.0,717784.0,717899.0
2026-07-02 14:24:00,5270.0,5272.0,5270.0,5271.0,387.0,717899.0,717820.0
2026-07-02 14:25:00,5271.0,5272.0,5270.0,5271.0,344.0,717820.0,717759.0
2026-07-02 14:26:00,5271.0,5272.0,5271.0,5271.0,100.0,717759.0,717784.0
2026-07-02 14:27:00,5271.0,5272.0,5271.0,5271.0,132.0,717784.0,717814.0
2026-07-02 14:28:00,5271.0,5272.0,5270.0,5270.0,411.0,717814.0,717793.0
2026-07-02 14:29:00,5270.0,5271.0,5270.0,5270.0,646.0,717793.0,717875.0
2026-07-02 14:30:00,5270.0,5271.0,5269.0,5270.0,495.0,717875.0,717851.0
2026-07-02 14:31:00,5270.0,5270.0,5268.0,5268.0,787.0,717851.0,718040.0
2026-07-02 14:32:00,5268.0,5270.0,5268.0,5269.0,540.0,718040.0,718047.0
2026-07-02 14:33:00,5269.0,5269.0,5268.0,5268.0,244.0,718047.0,718042.0
2026-07-02 14:34:00,5268.0,5269.0,5265.0,5265.0,2777.0,718042.0,718448.0
2026-07-02 14:35:00,5265.0,5266.0,5265.0,5266.0,674.0,718448.0,718480.0
2026-07-02 14:36:00,5266.0,5266.0,5262.0,5264.0,4064.0,718480.0,719877.0
2026-07-02 14:37:00,5264.0,5264.0,5262.0,5263.0,1311.0,719877.0,719653.0
2026-07-02 14:38:00,5263.0,5266.0,5262.0,5265.0,1250.0,719653.0,719570.0
2026-07-02 14:39:00,5265.0,5266.0,5264.0,5266.0,679.0,719570.0,719596.0
2026-07-02 14:40:00,5266.0,5266.0,5265.0,5266.0,392.0,719596.0,719600.0
2026-07-02 14:41:00,5266.0,5266.0,5264.0,5264.0,757.0,719600.0,719823.0
2026-07-02 14:42:00,5264.0,5266.0,5264.0,5266.0,598.0,719823.0,719678.0
2026-07-02 14:43:00,5266.0,5267.0,5264.0,5266.0,584.0,719678.0,719684.0
2026-07-02 14:44:00,5266.0,5268.0,5266.0,5266.0,460.0,719684.0,719589.0
2026-07-02 14:45:00,5266.0,5266.0,5262.0,5263.0,1570.0,719589.0,719953.0
2026-07-02 14:46:00,5263.0,5265.0,5262.0,5264.0,416.0,719953.0,719997.0
2026-07-02 14:47:00,5264.0,5265.0,5264.0,5264.0,257.0,719997.0,719962.0
2026-07-02 14:48:00,5264.0,5266.0,5262.0,5264.0,2034.0,719962.0,719574.0
2026-07-02 14:49:00,5264.0,5264.0,5262.0,5263.0,897.0,719574.0,719469.0
2026-07-02 14:50:00,5263.0,5265.0,5263.0,5263.0,773.0,719469.0,719624.0
2026-07-02 14:51:00,5263.0,5264.0,5262.0,5264.0,647.0,719624.0,719751.0
2026-07-02 14:52:00,5264.0,5264.0,5263.0,5263.0,182.0,719751.0,719675.0
2026-07-02 14:53:00,5263.0,5265.0,5263.0,5264.0,469.0,719675.0,719587.0
2026-07-02 14:54:00,5264.0,5266.0,5264.0,5265.0,916.0,719587.0,719286.0
2026-07-02 14:55:00,5265.0,5267.0,5264.0,5266.0,947.0,719286.0,719237.0
2026-07-02 14:56:00,5266.0,5266.0,5265.0,5265.0,862.0,719237.0,719566.0
2026-07-02 14:57:00,5265.0,5265.0,5264.0,5265.0,729.0,719566.0,719740.0
2026-07-02 14:58:00,5265.0,5265.0,5263.0,5264.0,1041.0,719740.0,719684.0
2026-07-02 14:59:00,5264.0,5267.0,5263.0,5267.0,1377.0,719684.0,719587.0
2026-07-02 21:00:00,5286.0,5288.0,5277.0,5282.0,11742.0,719587.0,719308.0
2026-07-02 21:01:00,5282.0,5285.0,5280.0,5285.0,4426.0,719308.0,718782.0
2026-07-02 21:02:00,5285.0,5290.0,5284.0,5288.0,5480.0,718782.0,718286.0
2026-07-02 21:03:00,5288.0,5288.0,5285.0,5287.0,3335.0,718286.0,718510.0
2026-07-02 21:04:00,5287.0,5290.0,5287.0,5290.0,3123.0,718510.0,718457.0
2026-07-02 21:05:00,5290.0,5293.0,5289.0,5289.0,5826.0,718457.0,717928.0
2026-07-02 21:06:00,5289.0,5290.0,5285.0,5286.0,2671.0,717928.0,718556.0
2026-07-02 21:07:00,5286.0,5287.0,5283.0,5284.0,1909.0,718556.0,718472.0
2026-07-02 21:08:00,5284.0,5284.0,5280.0,5280.0,1673.0,718472.0,718460.0
2026-07-02 21:09:00,5280.0,5282.0,5280.0,5282.0,1083.0,718460.0,718567.0
2026-07-02 21:10:00,5282.0,5284.0,5281.0,5281.0,2853.0,718567.0,718713.0
2026-07-02 21:11:00,5281.0,5285.0,5281.0,5284.0,875.0,718713.0,718651.0
2026-07-02 21:12:00,5284.0,5285.0,5283.0,5284.0,1114.0,718651.0,719007.0
2026-07-02 21:13:00,5284.0,5284.0,5282.0,5284.0,614.0,719007.0,719253.0
2026-07-02 21:14:00,5284.0,5285.0,5283.0,5283.0,802.0,719253.0,719277.0
2026-07-02 21:15:00,5283.0,5285.0,5282.0,5284.0,1777.0,719277.0,719422.0
2026-07-02 21:16:00,5284.0,5285.0,5283.0,5283.0,994.0,719422.0,719575.0
2026-07-02 21:17:00,5283.0,5285.0,5282.0,5282.0,2154.0,719575.0,719783.0
2026-07-02 21:18:00,5282.0,5284.0,5282.0,5284.0,460.0,719783.0,719711.0
2026-07-02 21:19:00,5284.0,5284.0,5283.0,5284.0,179.0,719711.0,719727.0
2026-07-02 21:20:00,5284.0,5284.0,5283.0,5283.0,1051.0,719727.0,719844.0
2026-07-02 21:21:00,5283.0,5284.0,5278.0,5279.0,2470.0,719844.0,720164.0
2026-07-02 21:22:00,5279.0,5280.0,5277.0,5277.0,2143.0,720164.0,719646.0
2026-07-02 21:23:00,5277.0,5280.0,5277.0,5279.0,491.0,719646.0,719809.0
2026-07-02 21:24:00,5279.0,5281.0,5278.0,5280.0,787.0,719809.0,719964.0
2026-07-02 21:25:00,5280.0,5281.0,5279.0,5281.0,803.0,719964.0,719944.0
2026-07-02 21:26:00,5281.0,5281.0,5280.0,5281.0,557.0,719944.0,720010.0
2026-07-02 21:27:00,5281.0,5281.0,5279.0,5279.0,392.0,720010.0,719992.0
2026-07-02 21:28:00,5279.0,5281.0,5279.0,5279.0,749.0,719992.0,720183.0
2026-07-02 21:29:00,5279.0,5280.0,5278.0,5279.0,530.0,720183.0,720258.0
2026-07-02 21:30:00,5279.0,5280.0,5279.0,5279.0,232.0,720258.0,720229.0
2026-07-02 21:31:00,5279.0,5282.0,5279.0,5280.0,775.0,720229.0,720270.0
2026-07-02 21:32:00,5280.0,5283.0,5280.0,5282.0,788.0,720270.0,720146.0
2026-07-02 21:33:00,5282.0,5284.0,5282.0,5283.0,1683.0,720146.0,720471.0
2026-07-02 21:34:00,5283.0,5285.0,5282.0,5285.0,1092.0,720471.0,720612.0
2026-07-02 21:35:00,5285.0,5285.0,5282.0,5283.0,718.0,720612.0,720870.0
2026-07-02 21:36:00,5283.0,5283.0,5281.0,5281.0,438.0,720870.0,720948.0
2026-07-02 21:37:00,5281.0,5282.0,5281.0,5281.0,89.0,720948.0,720924.0
2026-07-02 21:38:00,5281.0,5283.0,5280.0,5281.0,661.0,720924.0,721031.0
2026-07-02 21:39:00,5281.0,5282.0,5280.0,5282.0,410.0,721031.0,720929.0
2026-07-02 21:40:00,5282.0,5282.0,5279.0,5279.0,971.0,720929.0,721222.0
2026-07-02 21:41:00,5279.0,5280.0,5279.0,5280.0,387.0,721222.0,721242.0
2026-07-02 21:42:00,5280.0,5281.0,5279.0,5280.0,535.0,721242.0,721356.0
2026-07-02 21:43:00,5280.0,5282.0,5280.0,5281.0,290.0,721356.0,721307.0
2026-07-02 21:44:00,5281.0,5282.0,5281.0,5282.0,667.0,721307.0,721546.0
2026-07-02 21:45:00,5282.0,5284.0,5282.0,5283.0,733.0,721546.0,721554.0
2026-07-02 21:46:00,5283.0,5283.0,5282.0,5283.0,99.0,721554.0,721540.0
2026-07-02 21:47:00,5283.0,5284.0,5282.0,5282.0,581.0,721540.0,721451.0
2026-07-02 21:48:00,5282.0,5287.0,5282.0,5286.0,2403.0,721451.0,721288.0
2026-07-02 21:49:00,5286.0,5286.0,5284.0,5285.0,788.0,721288.0,721486.0
2026-07-02 21:50:00,5285.0,5285.0,5284.0,5284.0,195.0,721486.0,721453.0
2026-07-02 21:51:00,5284.0,5285.0,5283.0,5285.0,1077.0,721453.0,721319.0
2026-07-02 21:52:00,5285.0,5285.0,5283.0,5283.0,1189.0,721319.0,721429.0
2026-07-02 21:53:00,5283.0,5285.0,5281.0,5281.0,1146.0,721429.0,721592.0
2026-07-02 21:54:00,5281.0,5282.0,5281.0,5281.0,637.0,721592.0,721792.0
2026-07-02 21:55:00,5281.0,5283.0,5280.0,5281.0,784.0,721792.0,721780.0
2026-07-02 21:56:00,5281.0,5282.0,5280.0,5281.0,779.0,721780.0,721864.0
2026-07-02 21:57:00,5281.0,5281.0,5280.0,5280.0,338.0,721864.0,721961.0
2026-07-02 21:58:00,5280.0,5281.0,5279.0,5280.0,1359.0,721961.0,722395.0
2026-07-02 21:59:00,5280.0,5281.0,5279.0,5279.0,532.0,722395.0,722521.0
2026-07-02 22:00:00,5279.0,5281.0,5279.0,5280.0,1143.0,722521.0,722586.0
2026-07-02 22:01:00,5280.0,5280.0,5277.0,5278.0,1498.0,722586.0,722921.0
2026-07-02 22:02:00,5278.0,5280.0,5278.0,5279.0,499.0,722921.0,722939.0
2026-07-02 22:03:00,5279.0,5280.0,5278.0,5279.0,730.0,722939.0,722984.0
2026-07-02 22:04:00,5279.0,5279.0,5278.0,5279.0,226.0,722984.0,723076.0
2026-07-02 22:05:00,5279.0,5280.0,5278.0,5280.0,869.0,723076.0,723149.0
2026-07-02 22:06:00,5280.0,5281.0,5280.0,5280.0,440.0,723149.0,723182.0
2026-07-02 22:07:00,5280.0,5280.0,5278.0,5278.0,372.0,723182.0,723238.0
2026-07-02 22:08:00,5278.0,5280.0,5278.0,5278.0,1052.0,723238.0,723101.0
2026-07-02 22:09:00,5278.0,5279.0,5277.0,5279.0,886.0,723101.0,723388.0
2026-07-02 22:10:00,5279.0,5279.0,5277.0,5279.0,1661.0,723388.0,723527.0
2026-07-02 22:11:00,5279.0,5279.0,5274.0,5275.0,1632.0,723527.0,723671.0
2026-07-02 22:12:00,5275.0,5276.0,5274.0,5276.0,1687.0,723671.0,723523.0
2026-07-02 22:13:00,5276.0,5278.0,5275.0,5277.0,1069.0,723523.0,723596.0
2026-07-02 22:14:00,5277.0,5278.0,5276.0,5276.0,351.0,723596.0,723745.0
2026-07-02 22:15:00,5276.0,5277.0,5275.0,5275.0,1319.0,723745.0,723347.0
2026-07-02 22:16:00,5275.0,5275.0,5272.0,5273.0,2027.0,723347.0,723260.0
2026-07-02 22:17:00,5273.0,5274.0,5273.0,5273.0,149.0,723260.0,723269.0
2026-07-02 22:18:00,5273.0,5274.0,5272.0,5273.0,789.0,723269.0,723465.0
2026-07-02 22:19:00,5273.0,5273.0,5269.0,5270.0,2545.0,723465.0,723347.0
2026-07-02 22:20:00,5270.0,5271.0,5268.0,5268.0,1946.0,723347.0,723369.0
2026-07-02 22:21:00,5268.0,5269.0,5267.0,5268.0,773.0,723369.0,723505.0
2026-07-02 22:22:00,5268.0,5270.0,5267.0,5270.0,1033.0,723505.0,723446.0
2026-07-02 22:23:00,5270.0,5270.0,5269.0,5269.0,899.0,723446.0,723442.0
2026-07-02 22:24:00,5269.0,5272.0,5268.0,5272.0,1516.0,723442.0,722733.0
2026-07-02 22:25:00,5272.0,5273.0,5271.0,5273.0,1031.0,722733.0,722722.0
2026-07-02 22:26:00,5273.0,5274.0,5272.0,5272.0,513.0,722722.0,722953.0
2026-07-02 22:27:00,5272.0,5273.0,5271.0,5272.0,593.0,722953.0,722952.0
2026-07-02 22:28:00,5272.0,5273.0,5272.0,5272.0,97.0,722952.0,722944.0
2026-07-02 22:29:00,5272.0,5273.0,5270.0,5271.0,887.0,722944.0,723091.0
2026-07-02 22:30:00,5271.0,5271.0,5270.0,5270.0,727.0,723091.0,723266.0
2026-07-02 22:31:00,5270.0,5271.0,5269.0,5271.0,679.0,723266.0,723341.0
2026-07-02 22:32:00,5271.0,5271.0,5268.0,5269.0,989.0,723341.0,723774.0
2026-07-02 22:33:00,5269.0,5270.0,5268.0,5270.0,563.0,723774.0,723903.0
2026-07-02 22:34:00,5270.0,5271.0,5268.0,5268.0,442.0,723903.0,723980.0
2026-07-02 22:35:00,5268.0,5269.0,5268.0,5269.0,468.0,723980.0,723917.0
2026-07-02 22:36:00,5269.0,5270.0,5268.0,5270.0,453.0,723917.0,723993.0
2026-07-02 22:37:00,5270.0,5271.0,5268.0,5270.0,371.0,723993.0,724096.0
2026-07-02 22:38:00,5270.0,5271.0,5270.0,5270.0,108.0,724096.0,724116.0
2026-07-02 22:39:00,5270.0,5271.0,5270.0,5270.0,131.0,724116.0,724115.0
2026-07-02 22:40:00,5270.0,5271.0,5269.0,5270.0,571.0,724115.0,724427.0
2026-07-02 22:41:00,5270.0,5271.0,5269.0,5270.0,995.0,724427.0,724547.0
2026-07-02 22:42:00,5270.0,5270.0,5266.0,5266.0,1965.0,724547.0,725038.0
2026-07-02 22:43:00,5266.0,5267.0,5266.0,5267.0,1154.0,725038.0,725171.0
2026-07-02 22:44:00,5267.0,5267.0,5266.0,5266.0,1561.0,725171.0,725323.0
2026-07-02 22:45:00,5266.0,5268.0,5266.0,5268.0,489.0,725323.0,725283.0
2026-07-02 22:46:00,5268.0,5268.0,5267.0,5267.0,982.0,725283.0,725127.0
2026-07-02 22:47:00,5267.0,5269.0,5267.0,5267.0,550.0,725127.0,725149.0
2026-07-02 22:48:00,5267.0,5268.0,5267.0,5268.0,336.0,725149.0,725176.0
2026-07-02 22:49:00,5268.0,5270.0,5268.0,5269.0,574.0,725176.0,725120.0
2026-07-02 22:50:00,5269.0,5269.0,5267.0,5268.0,389.0,725120.0,725246.0
2026-07-02 22:51:00,5268.0,5268.0,5267.0,5267.0,452.0,725246.0,725237.0
2026-07-02 22:52:00,5267.0,5268.0,5267.0,5268.0,321.0,725237.0,725470.0
2026-07-02 22:53:00,5268.0,5268.0,5267.0,5268.0,310.0,725470.0,725533.0
2026-07-02 22:54:00,5268.0,5268.0,5266.0,5267.0,525.0,725533.0,725603.0
2026-07-02 22:55:00,5267.0,5268.0,5266.0,5267.0,736.0,725603.0,725449.0
2026-07-02 22:56:00,5267.0,5268.0,5267.0,5268.0,564.0,725449.0,725480.0
2026-07-02 22:57:00,5268.0,5268.0,5267.0,5268.0,464.0,725480.0,725310.0
2026-07-02 22:58:00,5268.0,5268.0,5266.0,5266.0,923.0,725310.0,725079.0
2026-07-02 22:59:00,5266.0,5268.0,5266.0,5267.0,1278.0,725079.0,724611.0
2026-07-03 09:00:00,5267.0,5267.0,5246.0,5252.0,15519.0,724611.0,727346.0
2026-07-03 09:01:00,5252.0,5253.0,5248.0,5249.0,6616.0,727346.0,727576.0
2026-07-03 09:02:00,5249.0,5255.0,5249.0,5252.0,3757.0,727576.0,726587.0
2026-07-03 09:03:00,5252.0,5257.0,5251.0,5255.0,2037.0,726587.0,726476.0
2026-07-03 09:04:00,5255.0,5256.0,5253.0,5255.0,3661.0,726476.0,727750.0
2026-07-03 09:05:00,5255.0,5263.0,5255.0,5263.0,3144.0,727750.0,727293.0
2026-07-03 09:06:00,5263.0,5263.0,5260.0,5260.0,3185.0,727293.0,726427.0
2026-07-03 09:07:00,5260.0,5260.0,5257.0,5257.0,1772.0,726427.0,726121.0
2026-07-03 09:08:00,5257.0,5260.0,5256.0,5259.0,1041.0,726121.0,726108.0
2026-07-03 09:09:00,5259.0,5260.0,5258.0,5258.0,436.0,726108.0,726079.0
2026-07-03 09:10:00,5258.0,5260.0,5257.0,5258.0,1015.0,726079.0,726187.0
2026-07-03 09:11:00,5258.0,5259.0,5258.0,5259.0,440.0,726187.0,726317.0
2026-07-03 09:12:00,5259.0,5259.0,5257.0,5259.0,707.0,726317.0,726619.0
2026-07-03 09:13:00,5259.0,5260.0,5258.0,5260.0,622.0,726619.0,726629.0
2026-07-03 09:14:00,5260.0,5261.0,5259.0,5260.0,397.0,726629.0,726590.0
2026-07-03 09:15:00,5260.0,5262.0,5259.0,5261.0,1558.0,726590.0,726631.0
2026-07-03 09:16:00,5261.0,5266.0,5261.0,5264.0,1795.0,726631.0,726355.0
2026-07-03 09:17:00,5264.0,5268.0,5264.0,5268.0,1538.0,726355.0,726747.0
2026-07-03 09:18:00,5268.0,5269.0,5265.0,5265.0,1902.0,726747.0,726937.0
2026-07-03 09:19:00,5265.0,5269.0,5265.0,5268.0,1373.0,726937.0,726931.0
2026-07-03 09:20:00,5268.0,5270.0,5268.0,5268.0,960.0,726931.0,726927.0
2026-07-03 09:21:00,5268.0,5270.0,5266.0,5266.0,992.0,726927.0,726927.0
2026-07-03 09:22:00,5266.0,5267.0,5265.0,5266.0,980.0,726927.0,727130.0
2026-07-03 09:23:00,5266.0,5268.0,5266.0,5268.0,568.0,727130.0,727121.0
2026-07-03 09:24:00,5268.0,5269.0,5267.0,5269.0,696.0,727121.0,726985.0
2026-07-03 09:25:00,5269.0,5273.0,5269.0,5273.0,1719.0,726985.0,726690.0
2026-07-03 09:26:00,5273.0,5274.0,5271.0,5274.0,1837.0,726690.0,726019.0
2026-07-03 09:27:00,5274.0,5275.0,5273.0,5274.0,1336.0,726019.0,725719.0
2026-07-03 09:28:00,5274.0,5275.0,5273.0,5274.0,459.0,725719.0,725644.0
2026-07-03 09:29:00,5274.0,5274.0,5271.0,5273.0,1610.0,725644.0,725820.0
2026-07-03 09:30:00,5273.0,5276.0,5273.0,5274.0,1583.0,725820.0,725420.0
2026-07-03 09:31:00,5274.0,5275.0,5272.0,5273.0,876.0,725420.0,725162.0
2026-07-03 09:32:00,5273.0,5276.0,5273.0,5275.0,950.0,725162.0,725030.0
2026-07-03 09:33:00,5275.0,5275.0,5273.0,5274.0,388.0,725030.0,725077.0
2026-07-03 09:34:00,5274.0,5275.0,5273.0,5274.0,512.0,725077.0,725036.0
2026-07-03 09:35:00,5274.0,5277.0,5274.0,5274.0,1655.0,725036.0,724709.0
2026-07-03 09:36:00,5274.0,5275.0,5273.0,5275.0,437.0,724709.0,724799.0
2026-07-03 09:37:00,5275.0,5275.0,5274.0,5275.0,596.0,724799.0,724803.0
2026-07-03 09:38:00,5275.0,5278.0,5275.0,5278.0,1024.0,724803.0,725125.0
2026-07-03 09:39:00,5278.0,5278.0,5276.0,5277.0,581.0,725125.0,725133.0
2026-07-03 09:40:00,5277.0,5278.0,5275.0,5276.0,1019.0,725133.0,725135.0
2026-07-03 09:41:00,5276.0,5277.0,5275.0,5277.0,613.0,725135.0,725188.0
2026-07-03 09:42:00,5277.0,5277.0,5276.0,5277.0,285.0,725188.0,725191.0
2026-07-03 09:43:00,5277.0,5278.0,5276.0,5277.0,532.0,725191.0,725161.0
2026-07-03 09:44:00,5277.0,5281.0,5277.0,5280.0,2163.0,725161.0,724838.0
2026-07-03 09:45:00,5280.0,5283.0,5279.0,5281.0,2719.0,724838.0,724312.0
2026-07-03 09:46:00,5281.0,5284.0,5281.0,5284.0,2295.0,724312.0,724296.0
2026-07-03 09:47:00,5284.0,5284.0,5282.0,5283.0,1067.0,724296.0,724497.0
2026-07-03 09:48:00,5283.0,5283.0,5281.0,5281.0,797.0,724497.0,724729.0
2026-07-03 09:49:00,5281.0,5282.0,5281.0,5281.0,524.0,724729.0,724902.0
2026-07-03 09:50:00,5281.0,5282.0,5278.0,5279.0,1301.0,724902.0,724762.0
2026-07-03 09:51:00,5279.0,5281.0,5279.0,5279.0,703.0,724762.0,724832.0
2026-07-03 09:52:00,5279.0,5281.0,5279.0,5279.0,418.0,724832.0,724785.0
2026-07-03 09:53:00,5279.0,5282.0,5279.0,5281.0,1090.0,724785.0,725027.0
2026-07-03 09:54:00,5281.0,5284.0,5280.0,5283.0,1395.0,725027.0,724801.0
2026-07-03 09:55:00,5283.0,5284.0,5282.0,5282.0,642.0,724801.0,724724.0
2026-07-03 09:56:00,5282.0,5284.0,5282.0,5283.0,854.0,724724.0,724358.0
2026-07-03 09:57:00,5283.0,5285.0,5282.0,5284.0,1170.0,724358.0,724129.0
2026-07-03 09:58:00,5284.0,5286.0,5283.0,5286.0,2073.0,724129.0,724285.0
2026-07-03 09:59:00,5286.0,5288.0,5284.0,5286.0,3063.0,724285.0,724532.0
2026-07-03 10:00:00,5286.0,5287.0,5284.0,5285.0,1586.0,724532.0,724301.0
2026-07-03 10:01:00,5285.0,5287.0,5284.0,5284.0,1307.0,724301.0,724445.0
2026-07-03 10:02:00,5284.0,5286.0,5284.0,5285.0,672.0,724445.0,724331.0
2026-07-03 10:03:00,5285.0,5286.0,5284.0,5284.0,303.0,724331.0,724268.0
2026-07-03 10:04:00,5284.0,5286.0,5284.0,5284.0,748.0,724268.0,724346.0
2026-07-03 10:05:00,5284.0,5285.0,5283.0,5284.0,767.0,724346.0,724232.0
2026-07-03 10:06:00,5284.0,5286.0,5283.0,5284.0,921.0,724232.0,723934.0
2026-07-03 10:07:00,5284.0,5286.0,5283.0,5284.0,796.0,723934.0,723662.0
2026-07-03 10:08:00,5284.0,5285.0,5283.0,5283.0,321.0,723662.0,723587.0
2026-07-03 10:09:00,5283.0,5285.0,5283.0,5283.0,571.0,723587.0,723392.0
2026-07-03 10:10:00,5283.0,5284.0,5281.0,5282.0,522.0,723392.0,723285.0
2026-07-03 10:11:00,5282.0,5283.0,5281.0,5282.0,1238.0,723285.0,723264.0
2026-07-03 10:12:00,5282.0,5284.0,5282.0,5283.0,283.0,723264.0,723216.0
2026-07-03 10:13:00,5283.0,5284.0,5283.0,5284.0,181.0,723216.0,723148.0
2026-07-03 10:14:00,5284.0,5284.0,5282.0,5282.0,556.0,723148.0,723027.0
2026-07-03 10:30:00,5282.0,5284.0,5279.0,5283.0,1767.0,723027.0,723239.0
2026-07-03 10:31:00,5283.0,5285.0,5282.0,5285.0,1103.0,723239.0,723422.0
2026-07-03 10:32:00,5285.0,5285.0,5282.0,5283.0,566.0,723422.0,723452.0
2026-07-03 10:33:00,5283.0,5283.0,5281.0,5282.0,770.0,723452.0,723379.0
2026-07-03 10:34:00,5282.0,5282.0,5280.0,5280.0,823.0,723379.0,723246.0
2026-07-03 10:35:00,5280.0,5283.0,5280.0,5282.0,891.0,723246.0,723533.0
2026-07-03 10:36:00,5282.0,5282.0,5280.0,5282.0,608.0,723533.0,723387.0
2026-07-03 10:37:00,5282.0,5283.0,5281.0,5283.0,497.0,723387.0,723427.0
2026-07-03 10:38:00,5283.0,5283.0,5282.0,5283.0,1052.0,723427.0,723280.0
2026-07-03 10:39:00,5283.0,5284.0,5282.0,5282.0,505.0,723280.0,723237.0
2026-07-03 10:40:00,5282.0,5283.0,5281.0,5282.0,423.0,723237.0,723280.0
2026-07-03 10:41:00,5282.0,5284.0,5282.0,5283.0,900.0,723280.0,723773.0
2026-07-03 10:42:00,5283.0,5286.0,5283.0,5285.0,1003.0,723773.0,723867.0
2026-07-03 10:43:00,5285.0,5285.0,5283.0,5284.0,418.0,723867.0,723638.0
2026-07-03 10:44:00,5284.0,5285.0,5283.0,5283.0,222.0,723638.0,723634.0
2026-07-03 10:45:00,5283.0,5284.0,5281.0,5281.0,773.0,723634.0,723256.0
2026-07-03 10:46:00,5281.0,5282.0,5280.0,5280.0,366.0,723256.0,723189.0
2026-07-03 10:47:00,5280.0,5282.0,5280.0,5281.0,648.0,723189.0,723318.0
2026-07-03 10:48:00,5281.0,5282.0,5280.0,5281.0,229.0,723318.0,723278.0
2026-07-03 10:49:00,5281.0,5282.0,5281.0,5281.0,374.0,723278.0,723101.0
2026-07-03 10:50:00,5281.0,5282.0,5280.0,5280.0,650.0,723101.0,723036.0
2026-07-03 10:51:00,5280.0,5284.0,5280.0,5282.0,744.0,723036.0,723295.0
2026-07-03 10:52:00,5282.0,5283.0,5282.0,5282.0,210.0,723295.0,723266.0
2026-07-03 10:53:00,5282.0,5284.0,5282.0,5282.0,521.0,723266.0,723408.0
2026-07-03 10:54:00,5282.0,5282.0,5281.0,5281.0,530.0,723408.0,723441.0
2026-07-03 10:55:00,5281.0,5282.0,5278.0,5278.0,1683.0,723441.0,722966.0
2026-07-03 10:56:00,5278.0,5278.0,5276.0,5276.0,1056.0,722966.0,722815.0
2026-07-03 10:57:00,5276.0,5277.0,5276.0,5277.0,1217.0,722815.0,722715.0
2026-07-03 10:58:00,5277.0,5279.0,5277.0,5278.0,589.0,722715.0,722574.0
2026-07-03 10:59:00,5278.0,5280.0,5277.0,5279.0,442.0,722574.0,722464.0
2026-07-03 11:00:00,5279.0,5281.0,5278.0,5281.0,712.0,722464.0,722759.0
2026-07-03 11:01:00,5281.0,5281.0,5279.0,5280.0,709.0,722759.0,722646.0
2026-07-03 11:02:00,5280.0,5280.0,5277.0,5277.0,1128.0,722646.0,722499.0
2026-07-03 11:03:00,5277.0,5279.0,5277.0,5279.0,698.0,722499.0,722548.0
2026-07-03 11:04:00,5279.0,5280.0,5278.0,5280.0,604.0,722548.0,722612.0
2026-07-03 11:05:00,5280.0,5281.0,5279.0,5280.0,301.0,722612.0,722621.0
2026-07-03 11:06:00,5280.0,5281.0,5280.0,5281.0,111.0,722621.0,722638.0
2026-07-03 11:07:00,5281.0,5281.0,5279.0,5280.0,449.0,722638.0,722510.0
2026-07-03 11:08:00,5280.0,5280.0,5279.0,5279.0,309.0,722510.0,722641.0
2026-07-03 11:09:00,5279.0,5286.0,5278.0,5286.0,3385.0,722641.0,722565.0
2026-07-03 11:10:00,5286.0,5287.0,5284.0,5285.0,2131.0,722565.0,722624.0
2026-07-03 11:11:00,5285.0,5285.0,5283.0,5284.0,581.0,722624.0,722579.0
2026-07-03 11:12:00,5284.0,5284.0,5282.0,5283.0,786.0,722579.0,722418.0
2026-07-03 11:13:00,5283.0,5288.0,5283.0,5288.0,1726.0,722418.0,722635.0
2026-07-03 11:14:00,5288.0,5289.0,5287.0,5288.0,2597.0,722635.0,723029.0
2026-07-03 11:15:00,5288.0,5289.0,5287.0,5288.0,849.0,723029.0,723184.0
2026-07-03 11:16:00,5288.0,5289.0,5287.0,5287.0,858.0,723184.0,723262.0
2026-07-03 11:17:00,5287.0,5289.0,5286.0,5286.0,812.0,723262.0,723167.0
2026-07-03 11:18:00,5286.0,5287.0,5285.0,5286.0,477.0,723167.0,723090.0
2026-07-03 11:19:00,5286.0,5287.0,5285.0,5285.0,737.0,723090.0,723066.0
2026-07-03 11:20:00,5285.0,5290.0,5285.0,5289.0,1708.0,723066.0,723395.0
2026-07-03 11:21:00,5289.0,5295.0,5289.0,5295.0,7818.0,723395.0,722990.0
2026-07-03 11:22:00,5295.0,5308.0,5293.0,5302.0,17353.0,722990.0,720429.0
2026-07-03 11:23:00,5302.0,5307.0,5302.0,5303.0,6684.0,720429.0,720934.0
2026-07-03 11:24:00,5303.0,5312.0,5302.0,5311.0,8952.0,720934.0,720431.0
2026-07-03 11:25:00,5311.0,5311.0,5307.0,5308.0,4907.0,720431.0,719558.0
2026-07-03 11:26:00,5308.0,5309.0,5304.0,5305.0,3245.0,719558.0,719403.0
2026-07-03 11:27:00,5305.0,5307.0,5304.0,5304.0,2054.0,719403.0,718968.0
2026-07-03 11:28:00,5304.0,5306.0,5297.0,5301.0,3862.0,718968.0,718499.0
2026-07-03 11:29:00,5301.0,5301.0,5296.0,5297.0,3550.0,718499.0,717350.0
2026-07-03 13:30:00,5297.0,5298.0,5293.0,5296.0,4707.0,717350.0,716834.0
2026-07-03 13:31:00,5296.0,5300.0,5296.0,5300.0,2746.0,716834.0,716637.0
2026-07-03 13:32:00,5300.0,5302.0,5300.0,5301.0,2199.0,716637.0,716299.0
2026-07-03 13:33:00,5301.0,5303.0,5300.0,5303.0,1382.0,716299.0,716242.0
2026-07-03 13:34:00,5303.0,5305.0,5302.0,5304.0,1509.0,716242.0,716465.0
2026-07-03 13:35:00,5304.0,5304.0,5300.0,5301.0,1469.0,716465.0,716390.0
2026-07-03 13:36:00,5301.0,5303.0,5300.0,5301.0,1076.0,716390.0,716467.0
2026-07-03 13:37:00,5301.0,5301.0,5299.0,5300.0,1030.0,716467.0,716034.0
2026-07-03 13:38:00,5300.0,5300.0,5297.0,5297.0,827.0,716034.0,716157.0
2026-07-03 13:39:00,5297.0,5298.0,5296.0,5298.0,1276.0,716157.0,716004.0
2026-07-03 13:40:00,5298.0,5300.0,5297.0,5298.0,1358.0,716004.0,715773.0
2026-07-03 13:41:00,5298.0,5301.0,5298.0,5300.0,1549.0,715773.0,715558.0
2026-07-03 13:42:00,5300.0,5305.0,5300.0,5304.0,1721.0,715558.0,715163.0
2026-07-03 13:43:00,5304.0,5305.0,5302.0,5303.0,1599.0,715163.0,715024.0
2026-07-03 13:44:00,5303.0,5304.0,5302.0,5302.0,872.0,715024.0,714866.0
2026-07-03 13:45:00,5302.0,5304.0,5302.0,5302.0,946.0,714866.0,714787.0
2026-07-03 13:46:00,5302.0,5304.0,5302.0,5303.0,1248.0,714787.0,714880.0
2026-07-03 13:47:00,5303.0,5305.0,5302.0,5302.0,831.0,714880.0,714689.0
2026-07-03 13:48:00,5302.0,5303.0,5300.0,5301.0,844.0,714689.0,714660.0
2026-07-03 13:49:00,5301.0,5305.0,5301.0,5305.0,1041.0,714660.0,714686.0
2026-07-03 13:50:00,5305.0,5305.0,5304.0,5304.0,1204.0,714686.0,714943.0
2026-07-03 13:51:00,5304.0,5307.0,5304.0,5305.0,1236.0,714943.0,714883.0
2026-07-03 13:52:00,5305.0,5308.0,5305.0,5308.0,1205.0,714883.0,715208.0
2026-07-03 13:53:00,5308.0,5308.0,5306.0,5306.0,884.0,715208.0,715332.0
2026-07-03 13:54:00,5306.0,5310.0,5305.0,5309.0,2331.0,715332.0,715146.0
2026-07-03 13:55:00,5309.0,5310.0,5307.0,5308.0,1464.0,715146.0,715232.0
2026-07-03 13:56:00,5308.0,5308.0,5305.0,5306.0,782.0,715232.0,715394.0
2026-07-03 13:57:00,5306.0,5307.0,5305.0,5305.0,402.0,715394.0,715445.0
2026-07-03 13:58:00,5305.0,5307.0,5305.0,5306.0,882.0,715445.0,715464.0
2026-07-03 13:59:00,5306.0,5309.0,5306.0,5309.0,884.0,715464.0,715487.0
2026-07-03 14:00:00,5309.0,5310.0,5308.0,5309.0,1243.0,715487.0,715536.0
2026-07-03 14:01:00,5309.0,5315.0,5309.0,5315.0,6597.0,715536.0,714907.0
2026-07-03 14:02:00,5315.0,5315.0,5313.0,5313.0,2564.0,714907.0,714442.0
2026-07-03 14:03:00,5313.0,5315.0,5313.0,5313.0,1580.0,714442.0,714117.0
2026-07-03 14:04:00,5313.0,5314.0,5310.0,5312.0,1668.0,714117.0,714090.0
2026-07-03 14:05:00,5312.0,5314.0,5311.0,5313.0,1837.0,714090.0,714270.0
2026-07-03 14:06:00,5313.0,5314.0,5311.0,5311.0,1650.0,714270.0,713684.0
2026-07-03 14:07:00,5311.0,5312.0,5309.0,5310.0,1937.0,713684.0,713648.0
2026-07-03 14:08:00,5310.0,5314.0,5310.0,5312.0,1451.0,713648.0,713842.0
2026-07-03 14:09:00,5312.0,5312.0,5309.0,5310.0,1504.0,713842.0,713594.0
2026-07-03 14:10:00,5310.0,5311.0,5309.0,5311.0,1074.0,713594.0,713274.0
2026-07-03 14:11:00,5311.0,5313.0,5309.0,5313.0,1039.0,713274.0,712950.0
2026-07-03 14:12:00,5313.0,5313.0,5311.0,5312.0,701.0,712950.0,712982.0
2026-07-03 14:13:00,5312.0,5313.0,5311.0,5312.0,476.0,712982.0,712957.0
2026-07-03 14:14:00,5312.0,5312.0,5310.0,5311.0,773.0,712957.0,712808.0
2026-07-03 14:15:00,5311.0,5314.0,5311.0,5313.0,1116.0,712808.0,712697.0
2026-07-03 14:16:00,5313.0,5314.0,5312.0,5313.0,671.0,712697.0,712663.0
2026-07-03 14:17:00,5313.0,5314.0,5312.0,5313.0,607.0,712663.0,712732.0
2026-07-03 14:18:00,5313.0,5314.0,5313.0,5314.0,1727.0,712732.0,712879.0
2026-07-03 14:19:00,5314.0,5316.0,5313.0,5315.0,3097.0,712879.0,713071.0
2026-07-03 14:20:00,5315.0,5316.0,5314.0,5315.0,862.0,713071.0,712978.0
2026-07-03 14:21:00,5315.0,5315.0,5312.0,5312.0,1475.0,712978.0,712733.0
2026-07-03 14:22:00,5312.0,5313.0,5308.0,5309.0,2544.0,712733.0,712096.0
2026-07-03 14:23:00,5309.0,5310.0,5309.0,5310.0,1284.0,712096.0,711976.0
2026-07-03 14:24:00,5310.0,5312.0,5309.0,5312.0,1042.0,711976.0,711926.0
2026-07-03 14:25:00,5312.0,5312.0,5309.0,5309.0,885.0,711926.0,711708.0
2026-07-03 14:26:00,5309.0,5310.0,5307.0,5307.0,1632.0,711708.0,711212.0
2026-07-03 14:27:00,5307.0,5309.0,5307.0,5308.0,1175.0,711212.0,711109.0
2026-07-03 14:28:00,5308.0,5310.0,5308.0,5308.0,823.0,711109.0,710841.0
2026-07-03 14:29:00,5308.0,5310.0,5308.0,5310.0,426.0,710841.0,710898.0
2026-07-03 14:30:00,5310.0,5311.0,5309.0,5310.0,1474.0,710898.0,711029.0
2026-07-03 14:31:00,5310.0,5312.0,5309.0,5310.0,744.0,711029.0,710862.0
2026-07-03 14:32:00,5310.0,5310.0,5309.0,5309.0,252.0,710862.0,710748.0
2026-07-03 14:33:00,5309.0,5310.0,5307.0,5307.0,846.0,710748.0,710605.0
2026-07-03 14:34:00,5307.0,5308.0,5307.0,5307.0,533.0,710605.0,710490.0
2026-07-03 14:35:00,5307.0,5309.0,5307.0,5308.0,704.0,710490.0,710401.0
2026-07-03 14:36:00,5308.0,5309.0,5307.0,5309.0,321.0,710401.0,710392.0
2026-07-03 14:37:00,5309.0,5309.0,5308.0,5308.0,442.0,710392.0,710403.0
2026-07-03 14:38:00,5308.0,5309.0,5307.0,5308.0,461.0,710403.0,710337.0
2026-07-03 14:39:00,5308.0,5308.0,5305.0,5307.0,1883.0,710337.0,710034.0
2026-07-03 14:40:00,5307.0,5308.0,5307.0,5308.0,330.0,710034.0,710008.0
2026-07-03 14:41:00,5308.0,5308.0,5306.0,5307.0,577.0,710008.0,709967.0
2026-07-03 14:42:00,5307.0,5308.0,5307.0,5307.0,774.0,709967.0,709837.0
2026-07-03 14:43:00,5307.0,5308.0,5306.0,5306.0,464.0,709837.0,709658.0
2026-07-03 14:44:00,5306.0,5308.0,5306.0,5307.0,582.0,709658.0,709527.0
2026-07-03 14:45:00,5307.0,5307.0,5305.0,5306.0,695.0,709527.0,709364.0
2026-07-03 14:46:00,5306.0,5307.0,5305.0,5306.0,1046.0,709364.0,709152.0
2026-07-03 14:47:00,5306.0,5309.0,5306.0,5309.0,746.0,709152.0,708980.0
2026-07-03 14:48:00,5309.0,5310.0,5308.0,5310.0,1238.0,708980.0,708550.0
2026-07-03 14:49:00,5310.0,5311.0,5309.0,5310.0,953.0,708550.0,708458.0
2026-07-03 14:50:00,5310.0,5310.0,5308.0,5308.0,1065.0,708458.0,708182.0
2026-07-03 14:51:00,5308.0,5309.0,5307.0,5308.0,943.0,708182.0,708102.0
2026-07-03 14:52:00,5308.0,5311.0,5308.0,5310.0,1045.0,708102.0,707659.0
2026-07-03 14:53:00,5310.0,5311.0,5309.0,5310.0,699.0,707659.0,707511.0
2026-07-03 14:54:00,5310.0,5312.0,5310.0,5311.0,1535.0,707511.0,707186.0
2026-07-03 14:55:00,5311.0,5313.0,5311.0,5312.0,1960.0,707186.0,706503.0
2026-07-03 14:56:00,5312.0,5312.0,5310.0,5312.0,948.0,706503.0,706387.0
2026-07-03 14:57:00,5312.0,5312.0,5308.0,5308.0,2070.0,706387.0,705463.0
2026-07-03 14:58:00,5308.0,5309.0,5307.0,5308.0,1665.0,705463.0,704838.0
2026-07-03 14:59:00,5308.0,5310.0,5307.0,5307.0,2126.0,704838.0,704054.0
2026-07-03 21:00:00,5312.0,5315.0,5305.0,5311.0,7214.0,704054.0,703660.0
2026-07-03 21:01:00,5311.0,5311.0,5306.0,5311.0,4709.0,703660.0,704425.0
2026-07-03 21:02:00,5311.0,5318.0,5310.0,5317.0,6920.0,704425.0,703965.0
2026-07-03 21:03:00,5317.0,5319.0,5315.0,5315.0,6532.0,703965.0,703137.0
2026-07-03 21:04:00,5315.0,5318.0,5313.0,5315.0,3099.0,703137.0,702860.0
2026-07-03 21:05:00,5315.0,5316.0,5314.0,5314.0,1680.0,702860.0,702989.0
2026-07-03 21:06:00,5314.0,5316.0,5312.0,5312.0,1905.0,702989.0,702850.0
2026-07-03 21:07:00,5312.0,5314.0,5312.0,5313.0,1139.0,702850.0,702676.0
2026-07-03 21:08:00,5313.0,5315.0,5312.0,5315.0,1079.0,702676.0,702926.0
2026-07-03 21:09:00,5315.0,5315.0,5314.0,5314.0,1021.0,702926.0,703224.0
2026-07-03 21:10:00,5314.0,5315.0,5313.0,5314.0,441.0,703224.0,703218.0
2026-07-03 21:11:00,5314.0,5315.0,5314.0,5314.0,856.0,703218.0,703252.0
2026-07-03 21:12:00,5314.0,5317.0,5313.0,5316.0,1841.0,703252.0,703146.0
2026-07-03 21:13:00,5316.0,5316.0,5315.0,5316.0,986.0,703146.0,703128.0
2026-07-03 21:14:00,5316.0,5318.0,5315.0,5317.0,2045.0,703128.0,702798.0
2026-07-03 21:15:00,5317.0,5318.0,5316.0,5318.0,1220.0,702798.0,703213.0
2026-07-03 21:16:00,5318.0,5318.0,5317.0,5318.0,807.0,703213.0,703360.0
2026-07-03 21:17:00,5318.0,5318.0,5316.0,5317.0,677.0,703360.0,703458.0
2026-07-03 21:18:00,5317.0,5317.0,5315.0,5316.0,983.0,703458.0,703457.0
2026-07-03 21:19:00,5316.0,5317.0,5315.0,5317.0,430.0,703457.0,703492.0
2026-07-03 21:20:00,5317.0,5319.0,5316.0,5319.0,1612.0,703492.0,703378.0
2026-07-03 21:21:00,5319.0,5321.0,5318.0,5318.0,4854.0,703378.0,702931.0
2026-07-03 21:22:00,5318.0,5319.0,5313.0,5314.0,3598.0,702931.0,703317.0
2026-07-03 21:23:00,5314.0,5315.0,5313.0,5313.0,1333.0,703317.0,703356.0
2026-07-03 21:24:00,5313.0,5314.0,5311.0,5311.0,1652.0,703356.0,703576.0
2026-07-03 21:25:00,5311.0,5313.0,5311.0,5312.0,1012.0,703576.0,703655.0
2026-07-03 21:26:00,5312.0,5315.0,5312.0,5313.0,991.0,703655.0,703684.0
2026-07-03 21:27:00,5313.0,5316.0,5313.0,5315.0,1069.0,703684.0,703972.0
2026-07-03 21:28:00,5315.0,5317.0,5315.0,5317.0,1804.0,703972.0,703761.0
2026-07-03 21:29:00,5317.0,5320.0,5316.0,5317.0,2268.0,703761.0,703028.0
2026-07-03 21:30:00,5317.0,5318.0,5316.0,5316.0,800.0,703028.0,702945.0
2026-07-03 21:31:00,5316.0,5317.0,5316.0,5317.0,883.0,702945.0,703052.0
2026-07-03 21:32:00,5317.0,5319.0,5317.0,5318.0,712.0,703052.0,703010.0
2026-07-03 21:33:00,5318.0,5319.0,5318.0,5318.0,1357.0,703010.0,703445.0
2026-07-03 21:34:00,5318.0,5319.0,5317.0,5318.0,678.0,703445.0,703400.0
2026-07-03 21:35:00,5318.0,5324.0,5318.0,5322.0,4488.0,703400.0,703207.0
2026-07-03 21:36:00,5322.0,5323.0,5320.0,5323.0,2049.0,703207.0,703576.0
2026-07-03 21:37:00,5323.0,5324.0,5320.0,5321.0,1695.0,703576.0,703222.0
2026-07-03 21:38:00,5321.0,5322.0,5320.0,5321.0,1417.0,703222.0,703023.0
2026-07-03 21:39:00,5321.0,5322.0,5320.0,5322.0,580.0,703023.0,703047.0
2026-07-03 21:40:00,5322.0,5322.0,5320.0,5321.0,443.0,703047.0,703036.0
2026-07-03 21:41:00,5321.0,5322.0,5320.0,5321.0,603.0,703036.0,703057.0
2026-07-03 21:42:00,5321.0,5321.0,5318.0,5319.0,1574.0,703057.0,703295.0
2026-07-03 21:43:00,5319.0,5322.0,5319.0,5322.0,1101.0,703295.0,703108.0
2026-07-03 21:44:00,5322.0,5324.0,5321.0,5321.0,1618.0,703108.0,702562.0
2026-07-03 21:45:00,5321.0,5322.0,5321.0,5322.0,362.0,702562.0,702550.0
2026-07-03 21:46:00,5322.0,5323.0,5321.0,5323.0,570.0,702550.0,702543.0
2026-07-03 21:47:00,5323.0,5323.0,5319.0,5320.0,865.0,702543.0,702564.0
2026-07-03 21:48:00,5320.0,5321.0,5317.0,5317.0,1715.0,702564.0,702227.0
2026-07-03 21:49:00,5317.0,5319.0,5317.0,5319.0,603.0,702227.0,702171.0
2026-07-03 21:50:00,5319.0,5320.0,5318.0,5320.0,348.0,702171.0,702160.0
2026-07-03 21:51:00,5320.0,5321.0,5319.0,5321.0,443.0,702160.0,702224.0
2026-07-03 21:52:00,5321.0,5322.0,5320.0,5321.0,1008.0,702224.0,702245.0
2026-07-03 21:53:00,5321.0,5323.0,5321.0,5321.0,927.0,702245.0,702470.0
2026-07-03 21:54:00,5321.0,5321.0,5318.0,5319.0,813.0,702470.0,702694.0
2026-07-03 21:55:00,5319.0,5319.0,5314.0,5316.0,3806.0,702694.0,702570.0
2026-07-03 21:56:00,5316.0,5316.0,5315.0,5315.0,1022.0,702570.0,702878.0
2026-07-03 21:57:00,5315.0,5316.0,5315.0,5315.0,471.0,702878.0,702952.0
2026-07-03 21:58:00,5315.0,5316.0,5313.0,5314.0,1292.0,702952.0,703068.0
2026-07-03 21:59:00,5314.0,5316.0,5313.0,5316.0,804.0,703068.0,702789.0
2026-07-03 22:00:00,5316.0,5316.0,5314.0,5315.0,888.0,702789.0,702849.0
2026-07-03 22:01:00,5315.0,5316.0,5314.0,5316.0,378.0,702849.0,702874.0
2026-07-03 22:02:00,5316.0,5316.0,5314.0,5315.0,573.0,702874.0,702832.0
2026-07-03 22:03:00,5315.0,5318.0,5315.0,5317.0,1390.0,702832.0,702800.0
2026-07-03 22:04:00,5317.0,5317.0,5316.0,5317.0,311.0,702800.0,702803.0
2026-07-03 22:05:00,5317.0,5317.0,5316.0,5317.0,338.0,702803.0,702775.0
2026-07-03 22:06:00,5317.0,5318.0,5316.0,5317.0,547.0,702775.0,702660.0
2026-07-03 22:07:00,5317.0,5317.0,5314.0,5314.0,863.0,702660.0,702541.0
2026-07-03 22:08:00,5314.0,5315.0,5313.0,5313.0,725.0,702541.0,702451.0
2026-07-03 22:09:00,5313.0,5315.0,5313.0,5313.0,419.0,702451.0,702436.0
2026-07-03 22:10:00,5313.0,5314.0,5313.0,5314.0,702.0,702436.0,702432.0
2026-07-03 22:11:00,5314.0,5315.0,5314.0,5314.0,303.0,702432.0,702354.0
2026-07-03 22:12:00,5314.0,5315.0,5313.0,5314.0,566.0,702354.0,702448.0
2026-07-03 22:13:00,5314.0,5316.0,5314.0,5315.0,483.0,702448.0,702415.0
2026-07-03 22:14:00,5315.0,5315.0,5314.0,5315.0,507.0,702415.0,702255.0
2026-07-03 22:15:00,5315.0,5315.0,5314.0,5315.0,400.0,702255.0,702223.0
2026-07-03 22:16:00,5315.0,5316.0,5314.0,5316.0,408.0,702223.0,702207.0
2026-07-03 22:17:00,5316.0,5317.0,5314.0,5314.0,559.0,702207.0,702154.0
2026-07-03 22:18:00,5314.0,5316.0,5314.0,5316.0,396.0,702154.0,702112.0
2026-07-03 22:19:00,5316.0,5316.0,5313.0,5314.0,804.0,702112.0,702158.0
2026-07-03 22:20:00,5314.0,5315.0,5313.0,5314.0,532.0,702158.0,702287.0
2026-07-03 22:21:00,5314.0,5315.0,5312.0,5312.0,811.0,702287.0,702470.0
2026-07-03 22:22:00,5312.0,5313.0,5312.0,5312.0,383.0,702470.0,702328.0
2026-07-03 22:23:00,5312.0,5314.0,5311.0,5314.0,962.0,702328.0,702278.0
2026-07-03 22:24:00,5314.0,5314.0,5312.0,5314.0,653.0,702278.0,702246.0
2026-07-03 22:25:00,5314.0,5314.0,5312.0,5312.0,517.0,702246.0,702171.0
2026-07-03 22:26:00,5312.0,5314.0,5312.0,5313.0,441.0,702171.0,702049.0
2026-07-03 22:27:00,5313.0,5313.0,5311.0,5311.0,456.0,702049.0,701950.0
2026-07-03 22:28:00,5311.0,5313.0,5311.0,5313.0,514.0,701950.0,702141.0
2026-07-03 22:29:00,5313.0,5315.0,5313.0,5314.0,486.0,702141.0,702101.0
2026-07-03 22:30:00,5314.0,5315.0,5314.0,5315.0,1021.0,702101.0,701711.0
2026-07-03 22:31:00,5315.0,5315.0,5313.0,5313.0,200.0,701711.0,701645.0
2026-07-03 22:32:00,5313.0,5315.0,5313.0,5315.0,182.0,701645.0,701683.0
2026-07-03 22:33:00,5315.0,5315.0,5313.0,5314.0,245.0,701683.0,701598.0
2026-07-03 22:34:00,5314.0,5316.0,5314.0,5316.0,503.0,701598.0,701610.0
2026-07-03 22:35:00,5316.0,5316.0,5315.0,5316.0,384.0,701610.0,701600.0
2026-07-03 22:36:00,5316.0,5316.0,5315.0,5316.0,221.0,701600.0,701580.0
2026-07-03 22:37:00,5316.0,5316.0,5315.0,5315.0,76.0,701580.0,701568.0
2026-07-03 22:38:00,5315.0,5318.0,5315.0,5318.0,1645.0,701568.0,701431.0
2026-07-03 22:39:00,5318.0,5318.0,5317.0,5318.0,695.0,701431.0,701374.0
2026-07-03 22:40:00,5318.0,5319.0,5317.0,5318.0,329.0,701374.0,701329.0
2026-07-03 22:41:00,5318.0,5319.0,5318.0,5319.0,951.0,701329.0,701037.0
2026-07-03 22:42:00,5319.0,5319.0,5318.0,5318.0,466.0,701037.0,701002.0
2026-07-03 22:43:00,5318.0,5319.0,5317.0,5317.0,513.0,701002.0,700895.0
2026-07-03 22:44:00,5317.0,5319.0,5317.0,5318.0,903.0,700895.0,700899.0
2026-07-03 22:45:00,5318.0,5319.0,5317.0,5317.0,1172.0,700899.0,700712.0
2026-07-03 22:46:00,5317.0,5318.0,5317.0,5318.0,110.0,700712.0,700709.0
2026-07-03 22:47:00,5318.0,5318.0,5317.0,5318.0,220.0,700709.0,700687.0
2026-07-03 22:48:00,5318.0,5318.0,5317.0,5318.0,91.0,700687.0,700650.0
2026-07-03 22:49:00,5318.0,5318.0,5317.0,5317.0,155.0,700650.0,700586.0
2026-07-03 22:50:00,5317.0,5318.0,5317.0,5317.0,382.0,700586.0,700573.0
2026-07-03 22:51:00,5317.0,5318.0,5316.0,5316.0,819.0,700573.0,700292.0
2026-07-03 22:52:00,5316.0,5317.0,5316.0,5317.0,404.0,700292.0,700075.0
2026-07-03 22:53:00,5317.0,5317.0,5316.0,5316.0,150.0,700075.0,700032.0
2026-07-03 22:54:00,5316.0,5317.0,5316.0,5317.0,179.0,700032.0,699923.0
2026-07-03 22:55:00,5317.0,5317.0,5316.0,5316.0,271.0,699923.0,699808.0
2026-07-03 22:56:00,5316.0,5319.0,5316.0,5318.0,1568.0,699808.0,699389.0
2026-07-03 22:57:00,5318.0,5319.0,5317.0,5318.0,322.0,699389.0,699260.0
2026-07-03 22:58:00,5318.0,5319.0,5317.0,5317.0,636.0,699260.0,699019.0
2026-07-03 22:59:00,5317.0,5319.0,5317.0,5319.0,1254.0,699019.0,698598.0
2026-07-06 09:00:00,5319.0,5320.0,5306.0,5315.0,8731.0,698598.0,699183.0
2026-07-06 09:01:00,5315.0,5317.0,5312.0,5315.0,4921.0,699183.0,699603.0
2026-07-06 09:02:00,5315.0,5316.0,5313.0,5316.0,1549.0,699603.0,699659.0
2026-07-06 09:03:00,5316.0,5319.0,5315.0,5316.0,1660.0,699659.0,700107.0
2026-07-06 09:04:00,5316.0,5319.0,5315.0,5318.0,1958.0,700107.0,700234.0
2026-07-06 09:05:00,5318.0,5318.0,5316.0,5317.0,1453.0,700234.0,700421.0
2026-07-06 09:06:00,5317.0,5318.0,5315.0,5318.0,2150.0,700421.0,699801.0
2026-07-06 09:07:00,5318.0,5320.0,5317.0,5320.0,964.0,699801.0,699770.0
2026-07-06 09:08:00,5320.0,5320.0,5317.0,5319.0,1103.0,699770.0,700011.0
2026-07-06 09:09:00,5319.0,5319.0,5316.0,5318.0,1084.0,700011.0,700125.0
2026-07-06 09:10:00,5318.0,5319.0,5316.0,5318.0,1008.0,700125.0,700289.0
2026-07-06 09:11:00,5318.0,5319.0,5316.0,5316.0,996.0,700289.0,700427.0
2026-07-06 09:12:00,5316.0,5319.0,5316.0,5318.0,981.0,700427.0,700466.0
2026-07-06 09:13:00,5318.0,5319.0,5316.0,5318.0,1033.0,700466.0,700488.0
2026-07-06 09:14:00,5318.0,5319.0,5316.0,5318.0,915.0,700488.0,700709.0
2026-07-06 09:15:00,5318.0,5320.0,5317.0,5319.0,1092.0,700709.0,700752.0
2026-07-06 09:16:00,5319.0,5320.0,5317.0,5319.0,862.0,700752.0,700474.0
2026-07-06 09:17:00,5319.0,5320.0,5318.0,5320.0,1317.0,700474.0,700651.0
2026-07-06 09:18:00,5320.0,5321.0,5318.0,5321.0,774.0,700651.0,700664.0
2026-07-06 09:19:00,5321.0,5321.0,5318.0,5318.0,1034.0,700664.0,700893.0
2026-07-06 09:20:00,5318.0,5321.0,5317.0,5321.0,1236.0,700893.0,700969.0
2026-07-06 09:21:00,5321.0,5323.0,5320.0,5322.0,1681.0,700969.0,701195.0
2026-07-06 09:22:00,5322.0,5324.0,5322.0,5324.0,1404.0,701195.0,701130.0
2026-07-06 09:23:00,5324.0,5324.0,5322.0,5323.0,1626.0,701130.0,701133.0
2026-07-06 09:24:00,5323.0,5325.0,5321.0,5325.0,1540.0,701133.0,701121.0
2026-07-06 09:25:00,5325.0,5326.0,5323.0,5323.0,3652.0,701121.0,699800.0
2026-07-06 09:26:00,5323.0,5325.0,5321.0,5324.0,2022.0,699800.0,700088.0
2026-07-06 09:27:00,5324.0,5325.0,5323.0,5324.0,733.0,700088.0,699924.0
2026-07-06 09:28:00,5324.0,5325.0,5323.0,5325.0,866.0,699924.0,699874.0
2026-07-06 09:29:00,5325.0,5325.0,5323.0,5324.0,800.0,699874.0,699893.0
2026-07-06 09:30:00,5324.0,5325.0,5321.0,5322.0,938.0,699893.0,699700.0
2026-07-06 09:31:00,5322.0,5325.0,5321.0,5324.0,951.0,699700.0,699548.0
2026-07-06 09:32:00,5324.0,5325.0,5324.0,5325.0,617.0,699548.0,699474.0
2026-07-06 09:33:00,5325.0,5326.0,5324.0,5325.0,967.0,699474.0,699463.0
2026-07-06 09:34:00,5325.0,5326.0,5324.0,5325.0,382.0,699463.0,699334.0
2026-07-06 09:35:00,5325.0,5326.0,5322.0,5322.0,1321.0,699334.0,699424.0
2026-07-06 09:36:00,5322.0,5323.0,5320.0,5322.0,1457.0,699424.0,699165.0
2026-07-06 09:37:00,5322.0,5323.0,5319.0,5319.0,795.0,699165.0,699124.0
2026-07-06 09:38:00,5319.0,5320.0,5316.0,5318.0,2374.0,699124.0,699424.0
2026-07-06 09:39:00,5318.0,5318.0,5315.0,5317.0,1467.0,699424.0,698844.0
2026-07-06 09:40:00,5317.0,5317.0,5315.0,5316.0,488.0,698844.0,698675.0
2026-07-06 09:41:00,5316.0,5316.0,5314.0,5315.0,1404.0,698675.0,698423.0
2026-07-06 09:42:00,5315.0,5315.0,5313.0,5313.0,1239.0,698423.0,698547.0
2026-07-06 09:43:00,5313.0,5316.0,5313.0,5316.0,818.0,698547.0,698514.0
2026-07-06 09:44:00,5316.0,5318.0,5316.0,5317.0,804.0,698514.0,698586.0
2026-07-06 09:45:00,5317.0,5319.0,5317.0,5319.0,583.0,698586.0,698626.0
2026-07-06 09:46:00,5319.0,5320.0,5318.0,5320.0,488.0,698626.0,698510.0
2026-07-06 09:47:00,5320.0,5320.0,5318.0,5319.0,748.0,698510.0,698829.0
2026-07-06 09:48:00,5319.0,5319.0,5317.0,5317.0,560.0,698829.0,698826.0
2026-07-06 09:49:00,5317.0,5319.0,5317.0,5318.0,532.0,698826.0,698839.0
2026-07-06 09:50:00,5318.0,5319.0,5317.0,5318.0,353.0,698839.0,698804.0
2026-07-06 09:51:00,5318.0,5319.0,5317.0,5319.0,530.0,698804.0,698832.0
2026-07-06 09:52:00,5319.0,5319.0,5318.0,5319.0,198.0,698832.0,698815.0
2026-07-06 09:53:00,5319.0,5320.0,5318.0,5318.0,470.0,698815.0,698935.0
2026-07-06 09:54:00,5318.0,5319.0,5316.0,5316.0,392.0,698935.0,699015.0
2026-07-06 09:55:00,5316.0,5317.0,5314.0,5315.0,651.0,699015.0,699153.0
2026-07-06 09:56:00,5315.0,5315.0,5311.0,5312.0,1639.0,699153.0,699008.0
2026-07-06 09:57:00,5312.0,5314.0,5311.0,5313.0,820.0,699008.0,698978.0
2026-07-06 09:58:00,5313.0,5313.0,5311.0,5313.0,526.0,698978.0,699080.0
2026-07-06 09:59:00,5313.0,5314.0,5311.0,5313.0,837.0,699080.0,699026.0
2026-07-06 10:00:00,5313.0,5315.0,5313.0,5314.0,915.0,699026.0,699080.0
2026-07-06 10:01:00,5314.0,5315.0,5314.0,5314.0,456.0,699080.0,699103.0
2026-07-06 10:02:00,5314.0,5314.0,5310.0,5311.0,1564.0,699103.0,698973.0
2026-07-06 10:03:00,5311.0,5312.0,5310.0,5311.0,845.0,698973.0,698924.0
2026-07-06 10:04:00,5311.0,5312.0,5309.0,5310.0,1298.0,698924.0,698967.0
2026-07-06 10:05:00,5310.0,5311.0,5309.0,5310.0,581.0,698967.0,699116.0
2026-07-06 10:06:00,5310.0,5310.0,5309.0,5309.0,781.0,699116.0,699079.0
2026-07-06 10:07:00,5309.0,5310.0,5308.0,5309.0,1205.0,699079.0,699199.0
2026-07-06 10:08:00,5309.0,5310.0,5307.0,5309.0,1209.0,699199.0,699183.0
2026-07-06 10:09:00,5309.0,5309.0,5307.0,5307.0,562.0,699183.0,699232.0
2026-07-06 10:10:00,5307.0,5310.0,5306.0,5307.0,1625.0,699232.0,699083.0
2026-07-06 10:11:00,5307.0,5307.0,5299.0,5301.0,5592.0,699083.0,699622.0
2026-07-06 10:12:00,5301.0,5302.0,5299.0,5302.0,1980.0,699622.0,699465.0
2026-07-06 10:13:00,5302.0,5305.0,5301.0,5304.0,1169.0,699465.0,699457.0
2026-07-06 10:14:00,5304.0,5304.0,5302.0,5304.0,815.0,699457.0,699432.0
2026-07-06 10:30:00,5304.0,5304.0,5297.0,5299.0,3243.0,699432.0,699702.0
2026-07-06 10:31:00,5299.0,5301.0,5299.0,5300.0,978.0,699702.0,699660.0
2026-07-06 10:32:00,5300.0,5301.0,5298.0,5301.0,1267.0,699660.0,699455.0
2026-07-06 10:33:00,5301.0,5302.0,5300.0,5302.0,573.0,699455.0,699504.0
2026-07-06 10:34:00,5302.0,5303.0,5302.0,5302.0,596.0,699504.0,699590.0
2026-07-06 10:35:00,5302.0,5303.0,5301.0,5302.0,608.0,699590.0,699487.0
2026-07-06 10:36:00,5302.0,5304.0,5302.0,5304.0,675.0,699487.0,699443.0
2026-07-06 10:37:00,5304.0,5304.0,5302.0,5302.0,729.0,699443.0,699465.0
2026-07-06 10:38:00,5302.0,5304.0,5302.0,5303.0,705.0,699465.0,699600.0
2026-07-06 10:39:00,5303.0,5303.0,5301.0,5301.0,579.0,699600.0,699438.0
2026-07-06 10:40:00,5301.0,5305.0,5301.0,5301.0,1510.0,699438.0,699908.0
2026-07-06 10:41:00,5301.0,5301.0,5298.0,5300.0,1478.0,699908.0,700313.0
2026-07-06 10:42:00,5300.0,5300.0,5298.0,5299.0,524.0,700313.0,700447.0
2026-07-06 10:43:00,5299.0,5299.0,5295.0,5297.0,2255.0,700447.0,700201.0
2026-07-06 10:44:00,5297.0,5298.0,5296.0,5297.0,941.0,700201.0,700329.0
2026-07-06 10:45:00,5297.0,5300.0,5296.0,5299.0,1069.0,700329.0,700184.0
2026-07-06 10:46:00,5299.0,5300.0,5294.0,5294.0,2624.0,700184.0,700561.0
2026-07-06 10:47:00,5294.0,5295.0,5292.0,5292.0,2671.0,700561.0,701252.0
2026-07-06 10:48:00,5292.0,5294.0,5291.0,5291.0,2964.0,701252.0,701227.0
2026-07-06 10:49:00,5291.0,5292.0,5287.0,5290.0,4182.0,701227.0,701897.0
2026-07-06 10:50:00,5290.0,5292.0,5289.0,5292.0,2299.0,701897.0,702317.0
2026-07-06 10:51:00,5292.0,5294.0,5291.0,5293.0,1583.0,702317.0,702279.0
2026-07-06 10:52:00,5293.0,5294.0,5291.0,5294.0,1087.0,702279.0,702500.0
2026-07-06 10:53:00,5294.0,5294.0,5291.0,5293.0,1554.0,702500.0,702828.0
2026-07-06 10:54:00,5293.0,5295.0,5293.0,5293.0,789.0,702828.0,702860.0
2026-07-06 10:55:00,5293.0,5294.0,5292.0,5293.0,764.0,702860.0,702908.0
2026-07-06 10:56:00,5293.0,5294.0,5292.0,5292.0,638.0,702908.0,702839.0
2026-07-06 10:57:00,5292.0,5293.0,5290.0,5293.0,1670.0,702839.0,702511.0
2026-07-06 10:58:00,5293.0,5294.0,5292.0,5294.0,480.0,702511.0,702567.0
2026-07-06 10:59:00,5294.0,5295.0,5293.0,5294.0,1306.0,702567.0,702429.0
2026-07-06 11:00:00,5294.0,5294.0,5292.0,5293.0,1005.0,702429.0,702422.0
2026-07-06 11:01:00,5293.0,5296.0,5293.0,5296.0,899.0,702422.0,702545.0
2026-07-06 11:02:00,5296.0,5297.0,5295.0,5296.0,787.0,702545.0,702530.0
2026-07-06 11:03:00,5296.0,5296.0,5292.0,5293.0,1103.0,702530.0,702943.0
2026-07-06 11:04:00,5293.0,5296.0,5292.0,5295.0,780.0,702943.0,703034.0
2026-07-06 11:05:00,5295.0,5296.0,5294.0,5296.0,631.0,703034.0,702998.0
2026-07-06 11:06:00,5296.0,5298.0,5295.0,5298.0,1329.0,702998.0,702726.0
2026-07-06 11:07:00,5298.0,5299.0,5297.0,5298.0,773.0,702726.0,702668.0
2026-07-06 11:08:00,5298.0,5299.0,5298.0,5298.0,510.0,702668.0,702717.0
2026-07-06 11:09:00,5298.0,5299.0,5297.0,5299.0,421.0,702717.0,702767.0
2026-07-06 11:10:00,5299.0,5299.0,5298.0,5298.0,253.0,702767.0,702771.0
2026-07-06 11:11:00,5298.0,5299.0,5297.0,5298.0,564.0,702771.0,702829.0
2026-07-06 11:12:00,5298.0,5299.0,5297.0,5298.0,436.0,702829.0,702958.0
2026-07-06 11:13:00,5298.0,5298.0,5296.0,5296.0,379.0,702958.0,703078.0
2026-07-06 11:14:00,5296.0,5299.0,5296.0,5298.0,2082.0,703078.0,702767.0
2026-07-06 11:15:00,5298.0,5298.0,5297.0,5298.0,321.0,702767.0,702711.0
2026-07-06 11:16:00,5298.0,5298.0,5295.0,5295.0,899.0,702711.0,702762.0
2026-07-06 11:17:00,5295.0,5296.0,5294.0,5295.0,1072.0,702762.0,702523.0
2026-07-06 11:18:00,5295.0,5296.0,5295.0,5296.0,217.0,702523.0,702538.0
2026-07-06 11:19:00,5296.0,5297.0,5295.0,5296.0,711.0,702538.0,702718.0
2026-07-06 11:20:00,5296.0,5296.0,5295.0,5296.0,228.0,702718.0,702761.0
2026-07-06 11:21:00,5296.0,5296.0,5295.0,5295.0,165.0,702761.0,702757.0
2026-07-06 11:22:00,5295.0,5296.0,5293.0,5293.0,481.0,702757.0,702780.0
2026-07-06 11:23:00,5293.0,5295.0,5293.0,5294.0,544.0,702780.0,702749.0
2026-07-06 11:24:00,5294.0,5295.0,5293.0,5294.0,434.0,702749.0,702748.0
2026-07-06 11:25:00,5294.0,5294.0,5292.0,5293.0,874.0,702748.0,702898.0
2026-07-06 11:26:00,5293.0,5295.0,5293.0,5295.0,654.0,702898.0,702819.0
2026-07-06 11:27:00,5295.0,5296.0,5294.0,5294.0,478.0,702819.0,702727.0
2026-07-06 11:28:00,5294.0,5295.0,5293.0,5294.0,852.0,702727.0,702674.0
2026-07-06 11:29:00,5294.0,5295.0,5293.0,5294.0,635.0,702674.0,702640.0
2026-07-06 13:30:00,5295.0,5299.0,5295.0,5297.0,2136.0,702640.0,702428.0
2026-07-06 13:31:00,5297.0,5297.0,5295.0,5296.0,703.0,702428.0,702526.0
2026-07-06 13:32:00,5296.0,5298.0,5295.0,5297.0,1440.0,702526.0,702709.0
2026-07-06 13:33:00,5297.0,5298.0,5296.0,5298.0,462.0,702709.0,702785.0
2026-07-06 13:34:00,5298.0,5298.0,5297.0,5297.0,207.0,702785.0,702841.0
2026-07-06 13:35:00,5297.0,5301.0,5297.0,5301.0,1332.0,702841.0,703006.0
2026-07-06 13:36:00,5301.0,5302.0,5300.0,5301.0,1259.0,703006.0,703256.0
2026-07-06 13:37:00,5301.0,5302.0,5301.0,5302.0,955.0,703256.0,703227.0
2026-07-06 13:38:00,5302.0,5305.0,5302.0,5305.0,2316.0,703227.0,703695.0
2026-07-06 13:39:00,5305.0,5306.0,5303.0,5306.0,1495.0,703695.0,704017.0
2026-07-06 13:40:00,5306.0,5308.0,5306.0,5307.0,1533.0,704017.0,704243.0
2026-07-06 13:41:00,5307.0,5308.0,5305.0,5306.0,790.0,704243.0,704205.0
2026-07-06 13:42:00,5306.0,5308.0,5306.0,5308.0,828.0,704205.0,704506.0
2026-07-06 13:43:00,5308.0,5308.0,5306.0,5306.0,806.0,704506.0,704670.0
2026-07-06 13:44:00,5306.0,5307.0,5304.0,5305.0,835.0,704670.0,704660.0
2026-07-06 13:45:00,5305.0,5307.0,5304.0,5306.0,981.0,704660.0,704641.0
2026-07-06 13:46:00,5306.0,5307.0,5305.0,5305.0,305.0,704641.0,704673.0
2026-07-06 13:47:00,5305.0,5306.0,5305.0,5305.0,201.0,704673.0,704685.0
2026-07-06 13:48:00,5305.0,5306.0,5304.0,5304.0,805.0,704685.0,704466.0
2026-07-06 13:49:00,5304.0,5306.0,5304.0,5306.0,348.0,704466.0,704382.0
2026-07-06 13:50:00,5306.0,5308.0,5306.0,5308.0,1136.0,704382.0,704546.0
2026-07-06 13:51:00,5308.0,5308.0,5305.0,5306.0,867.0,704546.0,704480.0
2026-07-06 13:52:00,5306.0,5307.0,5305.0,5305.0,397.0,704480.0,704632.0
2026-07-06 13:53:00,5305.0,5306.0,5304.0,5306.0,645.0,704632.0,704606.0
2026-07-06 13:54:00,5306.0,5306.0,5305.0,5306.0,285.0,704606.0,704633.0
2026-07-06 13:55:00,5306.0,5307.0,5305.0,5305.0,431.0,704633.0,704644.0
2026-07-06 13:56:00,5305.0,5308.0,5305.0,5308.0,1077.0,704644.0,704768.0
2026-07-06 13:57:00,5308.0,5308.0,5306.0,5307.0,751.0,704768.0,704906.0
2026-07-06 13:58:00,5307.0,5308.0,5306.0,5308.0,335.0,704906.0,704986.0
2026-07-06 13:59:00,5308.0,5310.0,5307.0,5310.0,919.0,704986.0,704869.0
2026-07-06 14:00:00,5310.0,5310.0,5308.0,5309.0,1394.0,704869.0,704772.0
2026-07-06 14:01:00,5309.0,5309.0,5307.0,5308.0,878.0,704772.0,704730.0
2026-07-06 14:02:00,5308.0,5308.0,5306.0,5307.0,396.0,704730.0,704721.0
2026-07-06 14:03:00,5307.0,5307.0,5305.0,5306.0,827.0,704721.0,704705.0
2026-07-06 14:04:00,5306.0,5307.0,5305.0,5307.0,651.0,704705.0,704570.0
2026-07-06 14:05:00,5307.0,5308.0,5306.0,5308.0,715.0,704570.0,704681.0
2026-07-06 14:06:00,5308.0,5309.0,5307.0,5308.0,499.0,704681.0,704627.0
2026-07-06 14:07:00,5308.0,5309.0,5307.0,5308.0,251.0,704627.0,704580.0
2026-07-06 14:08:00,5308.0,5309.0,5308.0,5309.0,378.0,704580.0,704539.0
2026-07-06 14:09:00,5309.0,5310.0,5308.0,5310.0,606.0,704539.0,704423.0
2026-07-06 14:10:00,5310.0,5310.0,5306.0,5306.0,1342.0,704423.0,704565.0
2026-07-06 14:11:00,5306.0,5308.0,5305.0,5308.0,606.0,704565.0,704556.0
2026-07-06 14:12:00,5308.0,5308.0,5307.0,5307.0,523.0,704556.0,704529.0
2026-07-06 14:13:00,5307.0,5308.0,5305.0,5306.0,639.0,704529.0,704404.0
2026-07-06 14:14:00,5306.0,5307.0,5304.0,5304.0,868.0,704404.0,704388.0
2026-07-06 14:15:00,5304.0,5307.0,5304.0,5306.0,590.0,704388.0,704349.0
2026-07-06 14:16:00,5306.0,5308.0,5306.0,5306.0,322.0,704349.0,704353.0
2026-07-06 14:17:00,5306.0,5308.0,5306.0,5308.0,180.0,704353.0,704278.0
2026-07-06 14:18:00,5308.0,5311.0,5307.0,5309.0,2195.0,704278.0,704502.0
2026-07-06 14:19:00,5309.0,5310.0,5308.0,5310.0,1096.0,704502.0,704787.0
2026-07-06 14:20:00,5310.0,5315.0,5310.0,5313.0,3613.0,704787.0,704794.0
2026-07-06 14:21:00,5313.0,5313.0,5311.0,5312.0,1040.0,704794.0,704772.0
2026-07-06 14:22:00,5312.0,5315.0,5311.0,5314.0,1017.0,704772.0,705020.0
2026-07-06 14:23:00,5314.0,5320.0,5314.0,5320.0,3701.0,705020.0,705199.0
2026-07-06 14:24:00,5320.0,5324.0,5317.0,5324.0,5691.0,705199.0,705414.0
2026-07-06 14:25:00,5324.0,5324.0,5321.0,5321.0,2939.0,705414.0,705689.0
2026-07-06 14:26:00,5321.0,5322.0,5318.0,5318.0,3080.0,705689.0,705527.0
2026-07-06 14:27:00,5318.0,5320.0,5318.0,5318.0,884.0,705527.0,705456.0
2026-07-06 14:28:00,5318.0,5319.0,5316.0,5318.0,2936.0,705456.0,705157.0
2026-07-06 14:29:00,5318.0,5319.0,5316.0,5318.0,1641.0,705157.0,705339.0
2026-07-06 14:30:00,5318.0,5320.0,5318.0,5319.0,1856.0,705339.0,705945.0
2026-07-06 14:31:00,5319.0,5320.0,5318.0,5319.0,501.0,705945.0,706027.0
2026-07-06 14:32:00,5319.0,5321.0,5317.0,5320.0,1270.0,706027.0,705856.0
2026-07-06 14:33:00,5320.0,5321.0,5319.0,5320.0,899.0,705856.0,706054.0
2026-07-06 14:34:00,5320.0,5320.0,5316.0,5316.0,1059.0,706054.0,705894.0
2026-07-06 14:35:00,5316.0,5317.0,5316.0,5317.0,712.0,705894.0,705784.0
2026-07-06 14:36:00,5317.0,5317.0,5314.0,5315.0,1143.0,705784.0,705764.0
2026-07-06 14:37:00,5315.0,5318.0,5315.0,5317.0,925.0,705764.0,705998.0
2026-07-06 14:38:00,5317.0,5318.0,5316.0,5317.0,669.0,705998.0,705996.0
2026-07-06 14:39:00,5317.0,5319.0,5315.0,5319.0,714.0,705996.0,706049.0
2026-07-06 14:40:00,5319.0,5320.0,5317.0,5319.0,945.0,706049.0,706058.0
2026-07-06 14:41:00,5319.0,5323.0,5319.0,5323.0,2200.0,706058.0,705944.0
2026-07-06 14:42:00,5323.0,5323.0,5321.0,5322.0,1310.0,705944.0,706198.0
2026-07-06 14:43:00,5322.0,5322.0,5320.0,5321.0,808.0,706198.0,706272.0
2026-07-06 14:44:00,5321.0,5321.0,5319.0,5321.0,968.0,706272.0,706220.0
2026-07-06 14:45:00,5321.0,5321.0,5319.0,5320.0,923.0,706220.0,706281.0
2026-07-06 14:46:00,5320.0,5320.0,5319.0,5319.0,960.0,706281.0,706317.0
2026-07-06 14:47:00,5319.0,5319.0,5317.0,5318.0,1132.0,706317.0,706177.0
2026-07-06 14:48:00,5318.0,5320.0,5318.0,5320.0,1445.0,706177.0,705865.0
2026-07-06 14:49:00,5320.0,5321.0,5319.0,5319.0,1240.0,705865.0,705747.0
2026-07-06 14:50:00,5319.0,5322.0,5319.0,5320.0,1600.0,705747.0,705800.0
2026-07-06 14:51:00,5320.0,5322.0,5320.0,5321.0,1115.0,705800.0,705946.0
2026-07-06 14:52:00,5321.0,5322.0,5321.0,5322.0,1040.0,705946.0,706038.0
2026-07-06 14:53:00,5322.0,5323.0,5319.0,5320.0,1382.0,706038.0,706192.0
2026-07-06 14:54:00,5320.0,5323.0,5318.0,5323.0,3055.0,706192.0,705434.0
2026-07-06 14:55:00,5323.0,5325.0,5323.0,5325.0,2789.0,705434.0,705681.0
2026-07-06 14:56:00,5325.0,5328.0,5325.0,5327.0,3026.0,705681.0,705157.0
2026-07-06 14:57:00,5327.0,5329.0,5326.0,5327.0,3653.0,705157.0,705443.0
2026-07-06 14:58:00,5327.0,5328.0,5326.0,5328.0,2899.0,705443.0,705654.0
2026-07-06 14:59:00,5328.0,5328.0,5325.0,5327.0,3026.0,705654.0,705403.0
2026-07-06 21:00:00,5326.0,5330.0,5323.0,5328.0,13398.0,705403.0,709032.0
2026-07-06 21:01:00,5328.0,5332.0,5327.0,5328.0,9716.0,709032.0,708955.0
2026-07-06 21:02:00,5328.0,5329.0,5321.0,5322.0,6868.0,708955.0,709386.0
2026-07-06 21:03:00,5322.0,5327.0,5321.0,5324.0,4116.0,709386.0,709505.0
2026-07-06 21:04:00,5324.0,5324.0,5319.0,5322.0,3409.0,709505.0,709506.0
2026-07-06 21:05:00,5322.0,5324.0,5321.0,5322.0,2346.0,709506.0,709416.0
2026-07-06 21:06:00,5322.0,5322.0,5320.0,5320.0,1931.0,709416.0,709222.0
2026-07-06 21:07:00,5320.0,5321.0,5317.0,5318.0,4268.0,709222.0,708700.0
2026-07-06 21:08:00,5318.0,5320.0,5317.0,5318.0,2027.0,708700.0,708423.0
2026-07-06 21:09:00,5318.0,5320.0,5315.0,5317.0,3824.0,708423.0,707489.0
2026-07-06 21:10:00,5317.0,5317.0,5314.0,5317.0,2553.0,707489.0,707130.0
2026-07-06 21:11:00,5317.0,5317.0,5316.0,5317.0,1307.0,707130.0,707122.0
2026-07-06 21:12:00,5317.0,5318.0,5315.0,5318.0,1400.0,707122.0,707237.0
2026-07-06 21:13:00,5318.0,5318.0,5317.0,5317.0,1541.0,707237.0,707480.0
2026-07-06 21:14:00,5317.0,5318.0,5316.0,5318.0,930.0,707480.0,707528.0
2026-07-06 21:15:00,5318.0,5318.0,5315.0,5316.0,1229.0,707528.0,707820.0
2026-07-06 21:16:00,5316.0,5317.0,5315.0,5317.0,1406.0,707820.0,707749.0
2026-07-06 21:17:00,5317.0,5318.0,5315.0,5317.0,1672.0,707749.0,707506.0
2026-07-06 21:18:00,5317.0,5318.0,5316.0,5316.0,1279.0,707506.0,707541.0
2026-07-06 21:19:00,5316.0,5318.0,5315.0,5317.0,1515.0,707541.0,707233.0
2026-07-06 21:20:00,5317.0,5321.0,5317.0,5320.0,1897.0,707233.0,707666.0
2026-07-06 21:21:00,5320.0,5321.0,5319.0,5321.0,991.0,707666.0,707746.0
2026-07-06 21:22:00,5321.0,5321.0,5318.0,5319.0,986.0,707746.0,707942.0
2026-07-06 21:23:00,5319.0,5320.0,5318.0,5319.0,566.0,707942.0,708245.0
2026-07-06 21:24:00,5319.0,5320.0,5317.0,5319.0,1147.0,708245.0,708345.0
2026-07-06 21:25:00,5319.0,5321.0,5318.0,5320.0,819.0,708345.0,708046.0
2026-07-06 21:26:00,5320.0,5322.0,5320.0,5321.0,1238.0,708046.0,708525.0
2026-07-06 21:27:00,5321.0,5323.0,5321.0,5321.0,1330.0,708525.0,708522.0
2026-07-06 21:28:00,5321.0,5323.0,5320.0,5322.0,758.0,708522.0,708793.0
2026-07-06 21:29:00,5322.0,5323.0,5321.0,5321.0,982.0,708793.0,709080.0
2026-07-06 21:30:00,5321.0,5323.0,5321.0,5321.0,685.0,709080.0,708968.0
2026-07-06 21:31:00,5321.0,5324.0,5321.0,5323.0,1480.0,708968.0,708945.0
2026-07-06 21:32:00,5323.0,5324.0,5322.0,5324.0,877.0,708945.0,708930.0
2026-07-06 21:33:00,5324.0,5324.0,5322.0,5322.0,425.0,708930.0,708951.0
2026-07-06 21:34:00,5322.0,5323.0,5322.0,5322.0,819.0,708951.0,708846.0
2026-07-06 21:35:00,5322.0,5325.0,5322.0,5324.0,939.0,708846.0,708838.0
2026-07-06 21:36:00,5324.0,5325.0,5323.0,5323.0,336.0,708838.0,708899.0
2026-07-06 21:37:00,5323.0,5325.0,5323.0,5325.0,763.0,708899.0,708851.0
2026-07-06 21:38:00,5325.0,5325.0,5323.0,5324.0,461.0,708851.0,708932.0
2026-07-06 21:39:00,5324.0,5326.0,5323.0,5326.0,1399.0,708932.0,708810.0
2026-07-06 21:40:00,5326.0,5327.0,5324.0,5326.0,1114.0,708810.0,709129.0
2026-07-06 21:41:00,5326.0,5328.0,5326.0,5328.0,1317.0,709129.0,709003.0
2026-07-06 21:42:00,5328.0,5328.0,5326.0,5327.0,1239.0,709003.0,709128.0
2026-07-06 21:43:00,5327.0,5327.0,5325.0,5326.0,683.0,709128.0,709372.0
2026-07-06 21:44:00,5326.0,5326.0,5323.0,5324.0,1347.0,709372.0,709748.0
2026-07-06 21:45:00,5324.0,5326.0,5324.0,5326.0,1161.0,709748.0,709701.0
2026-07-06 21:46:00,5326.0,5327.0,5325.0,5326.0,626.0,709701.0,709809.0
2026-07-06 21:47:00,5326.0,5326.0,5324.0,5325.0,455.0,709809.0,709911.0
2026-07-06 21:48:00,5325.0,5325.0,5323.0,5324.0,703.0,709911.0,710018.0
2026-07-06 21:49:00,5324.0,5325.0,5322.0,5322.0,549.0,710018.0,710005.0
2026-07-06 21:50:00,5322.0,5324.0,5321.0,5322.0,1487.0,710005.0,710132.0
2026-07-06 21:51:00,5322.0,5323.0,5321.0,5322.0,362.0,710132.0,710075.0
2026-07-06 21:52:00,5322.0,5323.0,5321.0,5322.0,765.0,710075.0,710046.0
2026-07-06 21:53:00,5322.0,5325.0,5322.0,5325.0,1314.0,710046.0,710090.0
2026-07-06 21:54:00,5325.0,5325.0,5323.0,5324.0,342.0,710090.0,710141.0
2026-07-06 21:55:00,5324.0,5325.0,5323.0,5324.0,357.0,710141.0,710139.0
2026-07-06 21:56:00,5324.0,5325.0,5323.0,5324.0,721.0,710139.0,710193.0
2026-07-06 21:57:00,5324.0,5325.0,5323.0,5324.0,571.0,710193.0,710199.0
2026-07-06 21:58:00,5324.0,5326.0,5324.0,5326.0,751.0,710199.0,710198.0
2026-07-06 21:59:00,5326.0,5326.0,5325.0,5325.0,396.0,710198.0,710173.0
2026-07-06 22:00:00,5325.0,5326.0,5324.0,5325.0,692.0,710173.0,710361.0
2026-07-06 22:01:00,5325.0,5326.0,5324.0,5326.0,358.0,710361.0,710451.0
2026-07-06 22:02:00,5326.0,5326.0,5325.0,5325.0,185.0,710451.0,710450.0
2026-07-06 22:03:00,5325.0,5326.0,5324.0,5324.0,335.0,710450.0,710516.0
2026-07-06 22:04:00,5324.0,5326.0,5323.0,5325.0,764.0,710516.0,710398.0
2026-07-06 22:05:00,5325.0,5328.0,5325.0,5328.0,649.0,710398.0,710230.0
2026-07-06 22:06:00,5328.0,5329.0,5327.0,5328.0,1028.0,710230.0,710265.0
2026-07-06 22:07:00,5328.0,5328.0,5326.0,5326.0,1381.0,710265.0,710250.0
2026-07-06 22:08:00,5326.0,5327.0,5324.0,5326.0,735.0,710250.0,710053.0
2026-07-06 22:09:00,5326.0,5327.0,5326.0,5326.0,231.0,710053.0,710077.0
2026-07-06 22:10:00,5326.0,5328.0,5326.0,5328.0,485.0,710077.0,710056.0
2026-07-06 22:11:00,5328.0,5329.0,5327.0,5329.0,1116.0,710056.0,710276.0
2026-07-06 22:12:00,5329.0,5329.0,5328.0,5328.0,626.0,710276.0,710286.0
2026-07-06 22:13:00,5328.0,5330.0,5328.0,5329.0,1354.0,710286.0,710452.0
2026-07-06 22:14:00,5329.0,5329.0,5328.0,5328.0,684.0,710452.0,710630.0
2026-07-06 22:15:00,5328.0,5329.0,5325.0,5326.0,981.0,710630.0,710745.0
2026-07-06 22:16:00,5326.0,5327.0,5326.0,5327.0,704.0,710745.0,711070.0
2026-07-06 22:17:00,5327.0,5327.0,5325.0,5326.0,726.0,711070.0,711198.0
2026-07-06 22:18:00,5326.0,5327.0,5325.0,5326.0,332.0,711198.0,711085.0
2026-07-06 22:19:00,5326.0,5326.0,5324.0,5326.0,529.0,711085.0,710987.0
2026-07-06 22:20:00,5326.0,5326.0,5325.0,5326.0,153.0,710987.0,710990.0
2026-07-06 22:21:00,5326.0,5327.0,5325.0,5325.0,573.0,710990.0,710931.0
2026-07-06 22:22:00,5325.0,5326.0,5325.0,5326.0,260.0,710931.0,710992.0
2026-07-06 22:23:00,5326.0,5327.0,5326.0,5326.0,593.0,710992.0,711068.0
2026-07-06 22:24:00,5326.0,5327.0,5326.0,5327.0,264.0,711068.0,711121.0
2026-07-06 22:25:00,5327.0,5327.0,5326.0,5327.0,358.0,711121.0,711013.0
2026-07-06 22:26:00,5327.0,5329.0,5327.0,5329.0,574.0,711013.0,710999.0
2026-07-06 22:27:00,5329.0,5330.0,5328.0,5329.0,1053.0,710999.0,711338.0
2026-07-06 22:28:00,5329.0,5331.0,5329.0,5330.0,1560.0,711338.0,711577.0
2026-07-06 22:29:00,5330.0,5331.0,5329.0,5329.0,1317.0,711577.0,711719.0
2026-07-06 22:30:00,5329.0,5329.0,5327.0,5328.0,875.0,711719.0,711581.0
2026-07-06 22:31:00,5328.0,5329.0,5327.0,5328.0,428.0,711581.0,711658.0
2026-07-06 22:32:00,5328.0,5328.0,5326.0,5327.0,695.0,711658.0,711734.0
2026-07-06 22:33:00,5327.0,5328.0,5327.0,5328.0,412.0,711734.0,711763.0
2026-07-06 22:34:00,5328.0,5328.0,5327.0,5328.0,260.0,711763.0,711678.0
2026-07-06 22:35:00,5328.0,5329.0,5327.0,5329.0,357.0,711678.0,711598.0
2026-07-06 22:36:00,5329.0,5329.0,5327.0,5327.0,457.0,711598.0,711611.0
2026-07-06 22:37:00,5327.0,5328.0,5327.0,5328.0,132.0,711611.0,711608.0
2026-07-06 22:38:00,5328.0,5329.0,5328.0,5329.0,674.0,711608.0,711492.0
2026-07-06 22:39:00,5329.0,5330.0,5328.0,5329.0,310.0,711492.0,711434.0
2026-07-06 22:40:00,5329.0,5330.0,5329.0,5330.0,412.0,711434.0,711493.0
2026-07-06 22:41:00,5330.0,5330.0,5329.0,5330.0,282.0,711493.0,711597.0
2026-07-06 22:42:00,5330.0,5330.0,5328.0,5328.0,542.0,711597.0,711764.0
2026-07-06 22:43:00,5328.0,5329.0,5327.0,5327.0,1082.0,711764.0,711638.0
2026-07-06 22:44:00,5327.0,5328.0,5327.0,5327.0,406.0,711638.0,711567.0
2026-07-06 22:45:00,5327.0,5328.0,5327.0,5328.0,567.0,711567.0,711638.0
2026-07-06 22:46:00,5328.0,5329.0,5327.0,5328.0,198.0,711638.0,711638.0
2026-07-06 22:47:00,5328.0,5329.0,5328.0,5329.0,119.0,711638.0,711627.0
2026-07-06 22:48:00,5329.0,5329.0,5328.0,5328.0,175.0,711627.0,711637.0
2026-07-06 22:49:00,5328.0,5329.0,5327.0,5328.0,436.0,711637.0,711730.0
2026-07-06 22:50:00,5328.0,5328.0,5327.0,5327.0,504.0,711730.0,711660.0
2026-07-06 22:51:00,5327.0,5329.0,5327.0,5328.0,513.0,711660.0,711561.0
2026-07-06 22:52:00,5328.0,5329.0,5327.0,5328.0,363.0,711561.0,711487.0
2026-07-06 22:53:00,5328.0,5329.0,5327.0,5327.0,442.0,711487.0,711436.0
2026-07-06 22:54:00,5327.0,5330.0,5327.0,5329.0,1120.0,711436.0,711553.0
2026-07-06 22:55:00,5329.0,5330.0,5329.0,5329.0,526.0,711553.0,711520.0
2026-07-06 22:56:00,5329.0,5331.0,5329.0,5330.0,630.0,711520.0,711342.0
2026-07-06 22:57:00,5330.0,5331.0,5329.0,5330.0,968.0,711342.0,711292.0
2026-07-06 22:58:00,5330.0,5332.0,5330.0,5332.0,1959.0,711292.0,710703.0
2026-07-06 22:59:00,5332.0,5333.0,5330.0,5330.0,2119.0,710703.0,710177.0
2026-07-07 09:00:00,5330.0,5334.0,5330.0,5334.0,6586.0,710177.0,710559.0
2026-07-07 09:01:00,5334.0,5334.0,5331.0,5334.0,2855.0,710559.0,710729.0
2026-07-07 09:02:00,5334.0,5335.0,5333.0,5334.0,3212.0,710729.0,710504.0
2026-07-07 09:03:00,5334.0,5336.0,5329.0,5330.0,3108.0,710504.0,710748.0
2026-07-07 09:04:00,5330.0,5331.0,5327.0,5328.0,2069.0,710748.0,710502.0
2026-07-07 09:05:00,5328.0,5330.0,5327.0,5329.0,864.0,710502.0,710510.0
2026-07-07 09:06:00,5329.0,5329.0,5325.0,5325.0,1664.0,710510.0,710666.0
2026-07-07 09:07:00,5325.0,5326.0,5321.0,5323.0,3730.0,710666.0,709843.0
2026-07-07 09:08:00,5323.0,5324.0,5320.0,5323.0,3330.0,709843.0,709279.0
2026-07-07 09:09:00,5323.0,5325.0,5321.0,5325.0,2278.0,709279.0,708991.0
2026-07-07 09:10:00,5325.0,5325.0,5322.0,5322.0,1207.0,708991.0,708686.0
2026-07-07 09:11:00,5322.0,5324.0,5322.0,5323.0,569.0,708686.0,708724.0
2026-07-07 09:12:00,5323.0,5324.0,5323.0,5324.0,677.0,708724.0,708687.0
2026-07-07 09:13:00,5324.0,5325.0,5321.0,5323.0,1497.0,708687.0,708811.0
2026-07-07 09:14:00,5323.0,5323.0,5321.0,5322.0,671.0,708811.0,708795.0
2026-07-07 09:15:00,5322.0,5325.0,5321.0,5325.0,1207.0,708795.0,708918.0
2026-07-07 09:16:00,5325.0,5325.0,5323.0,5324.0,854.0,708918.0,708908.0
2026-07-07 09:17:00,5324.0,5325.0,5324.0,5325.0,751.0,708908.0,708851.0
2026-07-07 09:18:00,5325.0,5325.0,5322.0,5323.0,914.0,708851.0,708525.0
2026-07-07 09:19:00,5323.0,5324.0,5321.0,5321.0,1784.0,708525.0,708623.0
2026-07-07 09:20:00,5321.0,5323.0,5318.0,5319.0,2300.0,708623.0,708150.0
2026-07-07 09:21:00,5319.0,5320.0,5318.0,5319.0,1815.0,708150.0,707486.0
2026-07-07 09:22:00,5319.0,5321.0,5319.0,5320.0,2432.0,707486.0,707466.0
2026-07-07 09:23:00,5320.0,5322.0,5319.0,5322.0,486.0,707466.0,707480.0
2026-07-07 09:24:00,5322.0,5323.0,5321.0,5323.0,1071.0,707480.0,707429.0
2026-07-07 09:25:00,5323.0,5324.0,5322.0,5322.0,664.0,707429.0,707640.0
2026-07-07 09:26:00,5322.0,5323.0,5319.0,5320.0,1552.0,707640.0,707814.0
2026-07-07 09:27:00,5320.0,5321.0,5318.0,5320.0,1010.0,707814.0,708032.0
2026-07-07 09:28:00,5320.0,5324.0,5320.0,5323.0,1212.0,708032.0,707755.0
2026-07-07 09:29:00,5323.0,5325.0,5323.0,5323.0,1401.0,707755.0,707439.0
2026-07-07 09:30:00,5323.0,5324.0,5323.0,5324.0,542.0,707439.0,707423.0
2026-07-07 09:31:00,5324.0,5324.0,5322.0,5323.0,350.0,707423.0,707438.0
2026-07-07 09:32:00,5323.0,5323.0,5322.0,5322.0,643.0,707438.0,707574.0
2026-07-07 09:33:00,5322.0,5322.0,5320.0,5322.0,571.0,707574.0,707426.0
2026-07-07 09:34:00,5322.0,5322.0,5320.0,5320.0,390.0,707426.0,707486.0
2026-07-07 09:35:00,5320.0,5321.0,5320.0,5321.0,710.0,707486.0,707481.0
2026-07-07 09:36:00,5321.0,5321.0,5320.0,5320.0,253.0,707481.0,707478.0
2026-07-07 09:37:00,5320.0,5321.0,5319.0,5320.0,824.0,707478.0,707447.0
2026-07-07 09:38:00,5320.0,5322.0,5320.0,5320.0,569.0,707447.0,707382.0
2026-07-07 09:39:00,5320.0,5322.0,5320.0,5321.0,500.0,707382.0,707509.0
2026-07-07 09:40:00,5321.0,5323.0,5321.0,5322.0,1062.0,707509.0,707560.0
2026-07-07 09:41:00,5322.0,5323.0,5321.0,5322.0,265.0,707560.0,707556.0
2026-07-07 09:42:00,5322.0,5325.0,5321.0,5324.0,972.0,707556.0,707656.0
2026-07-07 09:43:00,5324.0,5325.0,5323.0,5325.0,1043.0,707656.0,707850.0
2026-07-07 09:44:00,5325.0,5326.0,5324.0,5325.0,640.0,707850.0,707910.0
2026-07-07 09:45:00,5325.0,5326.0,5324.0,5325.0,857.0,707910.0,707817.0
2026-07-07 09:46:00,5325.0,5325.0,5324.0,5325.0,184.0,707817.0,707827.0
2026-07-07 09:47:00,5325.0,5328.0,5324.0,5327.0,1265.0,707827.0,707873.0
2026-07-07 09:48:00,5327.0,5328.0,5326.0,5328.0,771.0,707873.0,707946.0
2026-07-07 09:49:00,5328.0,5328.0,5326.0,5327.0,514.0,707946.0,708055.0
2026-07-07 09:50:00,5327.0,5328.0,5325.0,5325.0,1359.0,708055.0,708066.0
2026-07-07 09:51:00,5325.0,5326.0,5324.0,5325.0,403.0,708066.0,708085.0
2026-07-07 09:52:00,5325.0,5326.0,5324.0,5325.0,671.0,708085.0,708060.0
2026-07-07 09:53:00,5325.0,5325.0,5321.0,5321.0,1495.0,708060.0,707719.0
2026-07-07 09:54:00,5321.0,5323.0,5321.0,5322.0,851.0,707719.0,707681.0
2026-07-07 09:55:00,5322.0,5324.0,5321.0,5324.0,543.0,707681.0,707611.0
2026-07-07 09:56:00,5324.0,5325.0,5323.0,5324.0,599.0,707611.0,707553.0
2026-07-07 09:57:00,5324.0,5324.0,5322.0,5323.0,381.0,707553.0,707502.0
2026-07-07 09:58:00,5323.0,5324.0,5323.0,5323.0,198.0,707502.0,707441.0
2026-07-07 09:59:00,5323.0,5324.0,5322.0,5322.0,548.0,707441.0,707415.0
2026-07-07 10:00:00,5322.0,5323.0,5321.0,5322.0,612.0,707415.0,707478.0
2026-07-07 10:01:00,5322.0,5325.0,5322.0,5324.0,1144.0,707478.0,707554.0
2026-07-07 10:02:00,5324.0,5326.0,5324.0,5326.0,598.0,707554.0,707498.0
2026-07-07 10:03:00,5326.0,5326.0,5324.0,5324.0,425.0,707498.0,707561.0
2026-07-07 10:04:00,5324.0,5325.0,5322.0,5323.0,571.0,707561.0,707540.0
2026-07-07 10:05:00,5323.0,5324.0,5322.0,5324.0,579.0,707540.0,707562.0
2026-07-07 10:06:00,5324.0,5324.0,5323.0,5323.0,336.0,707562.0,707619.0
2026-07-07 10:07:00,5323.0,5326.0,5323.0,5325.0,473.0,707619.0,707674.0
2026-07-07 10:08:00,5325.0,5326.0,5325.0,5325.0,567.0,707674.0,707759.0
2026-07-07 10:09:00,5325.0,5327.0,5325.0,5326.0,757.0,707759.0,707726.0
2026-07-07 10:10:00,5326.0,5329.0,5326.0,5327.0,920.0,707726.0,707734.0
2026-07-07 10:11:00,5327.0,5327.0,5326.0,5327.0,323.0,707734.0,707770.0
2026-07-07 10:12:00,5327.0,5327.0,5325.0,5326.0,348.0,707770.0,707763.0
2026-07-07 10:13:00,5326.0,5328.0,5326.0,5328.0,499.0,707763.0,707712.0
2026-07-07 10:14:00,5328.0,5329.0,5327.0,5327.0,610.0,707712.0,707582.0
2026-07-07 10:30:00,5327.0,5327.0,5322.0,5323.0,2216.0,707582.0,708019.0
2026-07-07 10:31:00,5323.0,5324.0,5322.0,5323.0,823.0,708019.0,707763.0
2026-07-07 10:32:00,5323.0,5323.0,5321.0,5322.0,864.0,707763.0,707654.0
2026-07-07 10:33:00,5322.0,5323.0,5321.0,5323.0,330.0,707654.0,707655.0
2026-07-07 10:34:00,5323.0,5326.0,5322.0,5325.0,665.0,707655.0,707545.0
2026-07-07 10:35:00,5325.0,5325.0,5324.0,5325.0,112.0,707545.0,707581.0
2026-07-07 10:36:00,5325.0,5325.0,5323.0,5323.0,670.0,707581.0,707776.0
2026-07-07 10:37:00,5323.0,5324.0,5323.0,5323.0,386.0,707776.0,707766.0
2026-07-07 10:38:00,5323.0,5325.0,5323.0,5325.0,303.0,707766.0,707750.0
2026-07-07 10:39:00,5325.0,5325.0,5321.0,5321.0,860.0,707750.0,707376.0
2026-07-07 10:40:00,5321.0,5322.0,5316.0,5316.0,4225.0,707376.0,707540.0
2026-07-07 10:41:00,5316.0,5317.0,5315.0,5316.0,2490.0,707540.0,707436.0
2026-07-07 10:42:00,5316.0,5317.0,5315.0,5315.0,1211.0,707436.0,707440.0
2026-07-07 10:43:00,5315.0,5316.0,5312.0,5313.0,3254.0,707440.0,706800.0
2026-07-07 10:44:00,5313.0,5315.0,5313.0,5314.0,1225.0,706800.0,706388.0
2026-07-07 10:45:00,5314.0,5315.0,5313.0,5315.0,1497.0,706388.0,706544.0
2026-07-07 10:46:00,5315.0,5316.0,5314.0,5316.0,1118.0,706544.0,706873.0
2026-07-07 10:47:00,5316.0,5316.0,5314.0,5314.0,1224.0,706873.0,706667.0
2026-07-07 10:48:00,5314.0,5315.0,5310.0,5310.0,4121.0,706667.0,706956.0
2026-07-07 10:49:00,5310.0,5312.0,5309.0,5310.0,2138.0,706956.0,706648.0
2026-07-07 10:50:00,5310.0,5311.0,5308.0,5308.0,1981.0,706648.0,706808.0
2026-07-07 10:51:00,5308.0,5310.0,5307.0,5309.0,2107.0,706808.0,706755.0
2026-07-07 10:52:00,5309.0,5310.0,5308.0,5310.0,1232.0,706755.0,707072.0
2026-07-07 10:53:00,5310.0,5311.0,5309.0,5311.0,930.0,707072.0,707186.0
2026-07-07 10:54:00,5311.0,5312.0,5309.0,5309.0,1036.0,707186.0,707214.0
2026-07-07 10:55:00,5309.0,5310.0,5306.0,5308.0,3320.0,707214.0,706479.0
2026-07-07 10:56:00,5308.0,5310.0,5308.0,5309.0,1168.0,706479.0,706098.0
2026-07-07 10:57:00,5309.0,5310.0,5308.0,5310.0,438.0,706098.0,706061.0
2026-07-07 10:58:00,5310.0,5312.0,5309.0,5312.0,1264.0,706061.0,705931.0
2026-07-07 10:59:00,5312.0,5313.0,5311.0,5312.0,1019.0,705931.0,705824.0
2026-07-07 11:00:00,5312.0,5313.0,5310.0,5312.0,1069.0,705824.0,705592.0
2026-07-07 11:01:00,5312.0,5313.0,5311.0,5311.0,2532.0,705592.0,705055.0
2026-07-07 11:02:00,5311.0,5314.0,5311.0,5313.0,538.0,705055.0,704970.0
2026-07-07 11:03:00,5313.0,5315.0,5313.0,5315.0,618.0,704970.0,704833.0
2026-07-07 11:04:00,5315.0,5315.0,5314.0,5315.0,444.0,704833.0,704897.0
2026-07-07 11:05:00,5315.0,5315.0,5314.0,5315.0,681.0,704897.0,704624.0
2026-07-07 11:06:00,5315.0,5317.0,5314.0,5317.0,1005.0,704624.0,704594.0
2026-07-07 11:07:00,5317.0,5317.0,5315.0,5316.0,560.0,704594.0,704549.0
2026-07-07 11:08:00,5316.0,5316.0,5315.0,5316.0,443.0,704549.0,704398.0
2026-07-07 11:09:00,5316.0,5316.0,5315.0,5315.0,310.0,704398.0,704368.0
2026-07-07 11:10:00,5315.0,5316.0,5314.0,5316.0,1048.0,704368.0,704034.0
2026-07-07 11:11:00,5316.0,5316.0,5314.0,5315.0,390.0,704034.0,704120.0
2026-07-07 11:12:00,5315.0,5315.0,5313.0,5314.0,746.0,704120.0,704127.0
2026-07-07 11:13:00,5314.0,5315.0,5313.0,5313.0,176.0,704127.0,704109.0
2026-07-07 11:14:00,5313.0,5314.0,5312.0,5312.0,479.0,704109.0,703884.0
2026-07-07 11:15:00,5312.0,5313.0,5310.0,5311.0,1275.0,703884.0,704007.0
2026-07-07 11:16:00,5311.0,5311.0,5309.0,5310.0,1073.0,704007.0,704062.0
2026-07-07 11:17:00,5310.0,5311.0,5309.0,5311.0,965.0,704062.0,703887.0
2026-07-07 11:18:00,5311.0,5313.0,5310.0,5313.0,357.0,703887.0,703903.0
2026-07-07 11:19:00,5313.0,5314.0,5312.0,5313.0,1064.0,703903.0,703784.0
2026-07-07 11:20:00,5313.0,5313.0,5312.0,5313.0,467.0,703784.0,703776.0
2026-07-07 11:21:00,5313.0,5313.0,5312.0,5313.0,508.0,703776.0,703622.0
2026-07-07 11:22:00,5313.0,5315.0,5312.0,5314.0,802.0,703622.0,703410.0
2026-07-07 11:23:00,5314.0,5316.0,5314.0,5314.0,530.0,703410.0,703280.0
2026-07-07 11:24:00,5314.0,5315.0,5313.0,5314.0,433.0,703280.0,703093.0
2026-07-07 11:25:00,5314.0,5314.0,5312.0,5312.0,553.0,703093.0,703203.0
2026-07-07 11:26:00,5312.0,5312.0,5311.0,5311.0,514.0,703203.0,703133.0
2026-07-07 11:27:00,5311.0,5314.0,5311.0,5313.0,700.0,703133.0,703045.0
2026-07-07 11:28:00,5313.0,5314.0,5313.0,5313.0,204.0,703045.0,703056.0
2026-07-07 11:29:00,5313.0,5317.0,5313.0,5317.0,1045.0,703056.0,702572.0
2026-07-07 13:30:00,5317.0,5320.0,5314.0,5320.0,2876.0,702572.0,702017.0
2026-07-07 13:31:00,5320.0,5321.0,5318.0,5319.0,1126.0,702017.0,701775.0
2026-07-07 13:32:00,5319.0,5320.0,5318.0,5319.0,754.0,701775.0,701603.0
2026-07-07 13:33:00,5319.0,5319.0,5317.0,5317.0,775.0,701603.0,701392.0
2026-07-07 13:34:00,5317.0,5317.0,5316.0,5316.0,1273.0,701392.0,701348.0
2026-07-07 13:35:00,5316.0,5317.0,5315.0,5316.0,834.0,701348.0,701160.0
2026-07-07 13:36:00,5316.0,5318.0,5315.0,5317.0,621.0,701160.0,701046.0
2026-07-07 13:37:00,5317.0,5317.0,5316.0,5316.0,616.0,701046.0,700924.0
2026-07-07 13:38:00,5316.0,5317.0,5316.0,5316.0,310.0,700924.0,700918.0
2026-07-07 13:39:00,5316.0,5317.0,5316.0,5316.0,227.0,700918.0,700886.0
2026-07-07 13:40:00,5316.0,5317.0,5316.0,5316.0,409.0,700886.0,700815.0
2026-07-07 13:41:00,5316.0,5316.0,5315.0,5315.0,354.0,700815.0,700694.0
2026-07-07 13:42:00,5315.0,5316.0,5315.0,5315.0,173.0,700694.0,700709.0
2026-07-07 13:43:00,5315.0,5318.0,5315.0,5318.0,712.0,700709.0,700562.0
2026-07-07 13:44:00,5318.0,5318.0,5315.0,5317.0,799.0,700562.0,700820.0
2026-07-07 13:45:00,5317.0,5317.0,5316.0,5317.0,330.0,700820.0,700762.0
2026-07-07 13:46:00,5317.0,5318.0,5315.0,5316.0,685.0,700762.0,700717.0
2026-07-07 13:47:00,5316.0,5319.0,5316.0,5318.0,1397.0,700717.0,700598.0
2026-07-07 13:48:00,5318.0,5319.0,5317.0,5318.0,236.0,700598.0,700707.0
2026-07-07 13:49:00,5318.0,5319.0,5317.0,5319.0,467.0,700707.0,700641.0
2026-07-07 13:50:00,5319.0,5320.0,5318.0,5319.0,1062.0,700641.0,700533.0
2026-07-07 13:51:00,5319.0,5322.0,5319.0,5320.0,1888.0,700533.0,700443.0
2026-07-07 13:52:00,5320.0,5322.0,5320.0,5321.0,1004.0,700443.0,700603.0
2026-07-07 13:53:00,5321.0,5321.0,5320.0,5321.0,346.0,700603.0,700575.0
2026-07-07 13:54:00,5321.0,5321.0,5319.0,5319.0,1127.0,700575.0,700517.0
2026-07-07 13:55:00,5319.0,5320.0,5319.0,5320.0,106.0,700517.0,700481.0
2026-07-07 13:56:00,5320.0,5320.0,5319.0,5320.0,103.0,700481.0,700500.0
2026-07-07 13:57:00,5320.0,5322.0,5319.0,5321.0,670.0,700500.0,700651.0
2026-07-07 13:58:00,5321.0,5322.0,5320.0,5320.0,521.0,700651.0,700480.0
2026-07-07 13:59:00,5320.0,5322.0,5320.0,5320.0,569.0,700480.0,700299.0
2026-07-07 14:00:00,5320.0,5322.0,5318.0,5318.0,1055.0,700299.0,700480.0
2026-07-07 14:01:00,5318.0,5319.0,5318.0,5319.0,382.0,700480.0,700384.0
2026-07-07 14:02:00,5319.0,5320.0,5317.0,5319.0,595.0,700384.0,700475.0
2026-07-07 14:03:00,5319.0,5319.0,5316.0,5318.0,468.0,700475.0,700416.0
2026-07-07 14:04:00,5318.0,5318.0,5316.0,5318.0,766.0,700416.0,700132.0
2026-07-07 14:05:00,5318.0,5319.0,5317.0,5319.0,523.0,700132.0,700061.0
2026-07-07 14:06:00,5319.0,5321.0,5318.0,5320.0,1172.0,700061.0,700156.0
2026-07-07 14:07:00,5320.0,5321.0,5319.0,5320.0,524.0,700156.0,700049.0
2026-07-07 14:08:00,5320.0,5321.0,5320.0,5321.0,290.0,700049.0,699934.0
2026-07-07 14:09:00,5321.0,5321.0,5319.0,5320.0,264.0,699934.0,699978.0
2026-07-07 14:10:00,5320.0,5320.0,5319.0,5320.0,990.0,699978.0,700058.0
2026-07-07 14:11:00,5320.0,5320.0,5319.0,5319.0,265.0,700058.0,700107.0
2026-07-07 14:12:00,5319.0,5320.0,5318.0,5320.0,477.0,700107.0,700164.0
2026-07-07 14:13:00,5320.0,5321.0,5319.0,5321.0,972.0,700164.0,700035.0
2026-07-07 14:14:00,5321.0,5321.0,5319.0,5320.0,641.0,700035.0,700126.0
2026-07-07 14:15:00,5320.0,5320.0,5318.0,5318.0,472.0,700126.0,699959.0
2026-07-07 14:16:00,5318.0,5320.0,5318.0,5319.0,493.0,699959.0,699794.0
2026-07-07 14:17:00,5319.0,5321.0,5319.0,5320.0,1164.0,699794.0,699910.0
2026-07-07 14:18:00,5320.0,5323.0,5320.0,5323.0,1592.0,699910.0,699596.0
2026-07-07 14:19:00,5323.0,5323.0,5321.0,5323.0,1285.0,699596.0,699699.0
2026-07-07 14:20:00,5323.0,5325.0,5322.0,5324.0,1606.0,699699.0,699243.0
2026-07-07 14:21:00,5324.0,5325.0,5324.0,5324.0,934.0,699243.0,699163.0
2026-07-07 14:22:00,5324.0,5325.0,5323.0,5324.0,1193.0,699163.0,698977.0
2026-07-07 14:23:00,5324.0,5325.0,5323.0,5325.0,681.0,698977.0,698910.0
2026-07-07 14:24:00,5325.0,5325.0,5323.0,5323.0,560.0,698910.0,698958.0
2026-07-07 14:25:00,5323.0,5325.0,5323.0,5323.0,929.0,698958.0,698690.0
2026-07-07 14:26:00,5323.0,5323.0,5322.0,5322.0,790.0,698690.0,698522.0
2026-07-07 14:27:00,5322.0,5324.0,5320.0,5321.0,2031.0,698522.0,698029.0
2026-07-07 14:28:00,5321.0,5322.0,5321.0,5322.0,285.0,698029.0,698004.0
2026-07-07 14:29:00,5322.0,5322.0,5321.0,5322.0,239.0,698004.0,697894.0
2026-07-07 14:30:00,5322.0,5322.0,5320.0,5321.0,418.0,697894.0,697870.0
2026-07-07 14:31:00,5321.0,5321.0,5320.0,5321.0,504.0,697870.0,697777.0
2026-07-07 14:32:00,5321.0,5322.0,5320.0,5321.0,575.0,697777.0,697551.0
2026-07-07 14:33:00,5321.0,5322.0,5320.0,5321.0,163.0,697551.0,697497.0
2026-07-07 14:34:00,5321.0,5322.0,5319.0,5320.0,1054.0,697497.0,697361.0
2026-07-07 14:35:00,5320.0,5322.0,5319.0,5320.0,582.0,697361.0,697432.0
2026-07-07 14:36:00,5320.0,5321.0,5320.0,5320.0,905.0,697432.0,697442.0
2026-07-07 14:37:00,5320.0,5322.0,5320.0,5322.0,834.0,697442.0,697447.0
2026-07-07 14:38:00,5322.0,5322.0,5320.0,5321.0,592.0,697447.0,697393.0
2026-07-07 14:39:00,5321.0,5322.0,5320.0,5320.0,193.0,697393.0,697359.0
2026-07-07 14:40:00,5320.0,5321.0,5320.0,5321.0,139.0,697359.0,697315.0
2026-07-07 14:41:00,5321.0,5321.0,5320.0,5320.0,214.0,697315.0,697269.0
2026-07-07 14:42:00,5320.0,5321.0,5320.0,5320.0,125.0,697269.0,697207.0
2026-07-07 14:43:00,5320.0,5321.0,5319.0,5320.0,600.0,697207.0,697324.0
2026-07-07 14:44:00,5320.0,5320.0,5318.0,5320.0,1002.0,697324.0,697336.0
2026-07-07 14:45:00,5320.0,5320.0,5319.0,5320.0,302.0,697336.0,697276.0
2026-07-07 14:46:00,5320.0,5321.0,5319.0,5319.0,720.0,697276.0,697194.0
2026-07-07 14:47:00,5319.0,5320.0,5317.0,5317.0,730.0,697194.0,697051.0
2026-07-07 14:48:00,5317.0,5318.0,5315.0,5315.0,1879.0,697051.0,696552.0
2026-07-07 14:49:00,5315.0,5317.0,5315.0,5317.0,708.0,696552.0,696393.0
2026-07-07 14:50:00,5317.0,5317.0,5315.0,5315.0,570.0,696393.0,696482.0
2026-07-07 14:51:00,5315.0,5317.0,5315.0,5316.0,562.0,696482.0,696454.0
2026-07-07 14:52:00,5316.0,5317.0,5315.0,5316.0,545.0,696454.0,696267.0
2026-07-07 14:53:00,5316.0,5316.0,5314.0,5314.0,655.0,696267.0,696111.0
2026-07-07 14:54:00,5314.0,5315.0,5312.0,5314.0,1547.0,696111.0,695371.0
2026-07-07 14:55:00,5314.0,5317.0,5314.0,5317.0,1508.0,695371.0,694979.0
2026-07-07 14:56:00,5317.0,5317.0,5316.0,5316.0,692.0,694979.0,694769.0
2026-07-07 14:57:00,5316.0,5317.0,5315.0,5316.0,515.0,694769.0,694789.0
2026-07-07 14:58:00,5316.0,5317.0,5315.0,5316.0,696.0,694789.0,694640.0
2026-07-07 14:59:00,5316.0,5317.0,5315.0,5316.0,1276.0,694640.0,694454.0
2026-07-07 21:00:00,5315.0,5315.0,5302.0,5310.0,12134.0,694454.0,696421.0
2026-07-07 21:01:00,5310.0,5311.0,5302.0,5302.0,5712.0,696421.0,697284.0
2026-07-07 21:02:00,5302.0,5306.0,5300.0,5302.0,5571.0,697284.0,697910.0
2026-07-07 21:03:00,5302.0,5303.0,5297.0,5301.0,4779.0,697910.0,698155.0
2026-07-07 21:04:00,5301.0,5301.0,5297.0,5297.0,3492.0,698155.0,698122.0
2026-07-07 21:05:00,5297.0,5299.0,5294.0,5294.0,5288.0,698122.0,699416.0
2026-07-07 21:06:00,5294.0,5295.0,5288.0,5292.0,8293.0,699416.0,700659.0
2026-07-07 21:07:00,5292.0,5295.0,5291.0,5295.0,4910.0,700659.0,701456.0
2026-07-07 21:08:00,5295.0,5297.0,5294.0,5294.0,3224.0,701456.0,701220.0
2026-07-07 21:09:00,5294.0,5298.0,5294.0,5295.0,2628.0,701220.0,701119.0
2026-07-07 21:10:00,5295.0,5297.0,5294.0,5297.0,1839.0,701119.0,701266.0
2026-07-07 21:11:00,5297.0,5297.0,5295.0,5295.0,1673.0,701266.0,701264.0
2026-07-07 21:12:00,5295.0,5298.0,5295.0,5296.0,1620.0,701264.0,701473.0
2026-07-07 21:13:00,5296.0,5297.0,5293.0,5293.0,2111.0,701473.0,701777.0
2026-07-07 21:14:00,5293.0,5293.0,5280.0,5282.0,11283.0,701777.0,702258.0
2026-07-07 21:15:00,5282.0,5283.0,5281.0,5283.0,4923.0,702258.0,702615.0
2026-07-07 21:16:00,5283.0,5284.0,5281.0,5282.0,4056.0,702615.0,702716.0
2026-07-07 21:17:00,5282.0,5284.0,5281.0,5282.0,3069.0,702716.0,703449.0
2026-07-07 21:18:00,5282.0,5284.0,5281.0,5283.0,2314.0,703449.0,704010.0
2026-07-07 21:19:00,5283.0,5285.0,5282.0,5283.0,1364.0,704010.0,704127.0
2026-07-07 21:20:00,5283.0,5288.0,5283.0,5286.0,2759.0,704127.0,704631.0
2026-07-07 21:21:00,5286.0,5287.0,5285.0,5287.0,1803.0,704631.0,704553.0
2026-07-07 21:22:00,5287.0,5288.0,5287.0,5288.0,946.0,704553.0,704622.0
2026-07-07 21:23:00,5288.0,5290.0,5287.0,5290.0,3193.0,704622.0,704625.0
2026-07-07 21:24:00,5290.0,5290.0,5288.0,5288.0,1553.0,704625.0,704594.0
2026-07-07 21:25:00,5288.0,5289.0,5287.0,5287.0,905.0,704594.0,704698.0
2026-07-07 21:26:00,5287.0,5288.0,5284.0,5285.0,2150.0,704698.0,705428.0
2026-07-07 21:27:00,5285.0,5285.0,5282.0,5284.0,3253.0,705428.0,706379.0
2026-07-07 21:28:00,5284.0,5284.0,5280.0,5281.0,3539.0,706379.0,707575.0
2026-07-07 21:29:00,5281.0,5282.0,5280.0,5280.0,1809.0,707575.0,708064.0
2026-07-07 21:30:00,5280.0,5281.0,5276.0,5279.0,4689.0,708064.0,708110.0
2026-07-07 21:31:00,5279.0,5280.0,5277.0,5280.0,2197.0,708110.0,708746.0
2026-07-07 21:32:00,5280.0,5282.0,5279.0,5281.0,1602.0,708746.0,708956.0
2026-07-07 21:33:00,5281.0,5282.0,5278.0,5278.0,2534.0,708956.0,709670.0
2026-07-07 21:34:00,5278.0,5283.0,5278.0,5283.0,1938.0,709670.0,709507.0
2026-07-07 21:35:00,5283.0,5283.0,5281.0,5282.0,811.0,709507.0,709551.0
2026-07-07 21:36:00,5282.0,5283.0,5282.0,5283.0,1014.0,709551.0,709724.0
2026-07-07 21:37:00,5283.0,5283.0,5281.0,5281.0,799.0,709724.0,709898.0
2026-07-07 21:38:00,5281.0,5282.0,5280.0,5281.0,1193.0,709898.0,710073.0
2026-07-07 21:39:00,5281.0,5284.0,5281.0,5283.0,1509.0,710073.0,709982.0
2026-07-07 21:40:00,5283.0,5283.0,5281.0,5282.0,890.0,709982.0,710387.0
2026-07-07 21:41:00,5282.0,5284.0,5282.0,5284.0,550.0,710387.0,710318.0
2026-07-07 21:42:00,5284.0,5285.0,5283.0,5284.0,1742.0,710318.0,711144.0
2026-07-07 21:43:00,5284.0,5286.0,5283.0,5284.0,2089.0,711144.0,710540.0
2026-07-07 21:44:00,5284.0,5284.0,5282.0,5283.0,1065.0,710540.0,710300.0
2026-07-07 21:45:00,5283.0,5285.0,5282.0,5282.0,1315.0,710300.0,710626.0
2026-07-07 21:46:00,5282.0,5283.0,5280.0,5281.0,1160.0,710626.0,710651.0
2026-07-07 21:47:00,5281.0,5283.0,5280.0,5282.0,1315.0,710651.0,710851.0
2026-07-07 21:48:00,5282.0,5282.0,5280.0,5281.0,634.0,710851.0,711126.0
2026-07-07 21:49:00,5281.0,5282.0,5281.0,5281.0,562.0,711126.0,711167.0
2026-07-07 21:50:00,5281.0,5282.0,5278.0,5278.0,2708.0,711167.0,711808.0
2026-07-07 21:51:00,5278.0,5279.0,5276.0,5277.0,2783.0,711808.0,711899.0
2026-07-07 21:52:00,5277.0,5280.0,5277.0,5278.0,1548.0,711899.0,711939.0
2026-07-07 21:53:00,5278.0,5279.0,5277.0,5278.0,1424.0,711939.0,712087.0
2026-07-07 21:54:00,5278.0,5279.0,5278.0,5279.0,379.0,712087.0,712161.0
2026-07-07 21:55:00,5279.0,5281.0,5278.0,5281.0,1739.0,712161.0,712325.0
2026-07-07 21:56:00,5281.0,5281.0,5279.0,5280.0,728.0,712325.0,712398.0
2026-07-07 21:57:00,5280.0,5281.0,5279.0,5281.0,717.0,712398.0,712324.0
2026-07-07 21:58:00,5281.0,5283.0,5280.0,5283.0,925.0,712324.0,712208.0
2026-07-07 21:59:00,5283.0,5283.0,5280.0,5281.0,945.0,712208.0,712257.0
2026-07-07 22:00:00,5281.0,5282.0,5280.0,5282.0,537.0,712257.0,712171.0
2026-07-07 22:01:00,5282.0,5284.0,5281.0,5284.0,1016.0,712171.0,711911.0
2026-07-07 22:02:00,5284.0,5285.0,5283.0,5285.0,1173.0,711911.0,711526.0
2026-07-07 22:03:00,5285.0,5286.0,5284.0,5286.0,1348.0,711526.0,711384.0
2026-07-07 22:04:00,5286.0,5286.0,5284.0,5286.0,765.0,711384.0,711262.0
2026-07-07 22:05:00,5286.0,5286.0,5284.0,5284.0,1090.0,711262.0,711233.0
2026-07-07 22:06:00,5284.0,5285.0,5284.0,5284.0,512.0,711233.0,711335.0
2026-07-07 22:07:00,5284.0,5285.0,5283.0,5284.0,1124.0,711335.0,711769.0
2026-07-07 22:08:00,5284.0,5286.0,5283.0,5286.0,1166.0,711769.0,711954.0
2026-07-07 22:09:00,5286.0,5288.0,5286.0,5287.0,1380.0,711954.0,712088.0
2026-07-07 22:10:00,5287.0,5289.0,5287.0,5287.0,1260.0,712088.0,711891.0
2026-07-07 22:11:00,5287.0,5288.0,5286.0,5287.0,794.0,711891.0,712101.0
2026-07-07 22:12:00,5287.0,5289.0,5287.0,5288.0,1059.0,712101.0,712278.0
2026-07-07 22:13:00,5288.0,5289.0,5286.0,5288.0,919.0,712278.0,712245.0
2026-07-07 22:14:00,5288.0,5290.0,5288.0,5289.0,2154.0,712245.0,711625.0
2026-07-07 22:15:00,5289.0,5291.0,5288.0,5288.0,1663.0,711625.0,711340.0
2026-07-07 22:16:00,5288.0,5289.0,5285.0,5285.0,1582.0,711340.0,711494.0
2026-07-07 22:17:00,5285.0,5286.0,5284.0,5284.0,768.0,711494.0,711657.0
2026-07-07 22:18:00,5284.0,5285.0,5283.0,5284.0,1622.0,711657.0,712129.0
2026-07-07 22:19:00,5284.0,5284.0,5282.0,5282.0,1199.0,712129.0,711966.0
2026-07-07 22:20:00,5282.0,5285.0,5282.0,5285.0,574.0,711966.0,712006.0
2026-07-07 22:21:00,5285.0,5286.0,5284.0,5285.0,960.0,712006.0,712207.0
2026-07-07 22:22:00,5285.0,5287.0,5285.0,5287.0,223.0,712207.0,712246.0
2026-07-07 22:23:00,5287.0,5287.0,5284.0,5284.0,502.0,712246.0,712079.0
2026-07-07 22:24:00,5284.0,5285.0,5282.0,5284.0,541.0,712079.0,712044.0
2026-07-07 22:25:00,5284.0,5284.0,5282.0,5283.0,827.0,712044.0,711897.0
2026-07-07 22:26:00,5283.0,5283.0,5282.0,5282.0,109.0,711897.0,711917.0
2026-07-07 22:27:00,5282.0,5283.0,5281.0,5283.0,810.0,711917.0,712025.0
2026-07-07 22:28:00,5283.0,5283.0,5281.0,5282.0,438.0,712025.0,712069.0
2026-07-07 22:29:00,5282.0,5283.0,5281.0,5282.0,666.0,712069.0,711915.0
2026-07-07 22:30:00,5282.0,5283.0,5282.0,5283.0,485.0,711915.0,711958.0
2026-07-07 22:31:00,5283.0,5284.0,5282.0,5283.0,328.0,711958.0,711923.0
2026-07-07 22:32:00,5283.0,5283.0,5280.0,5281.0,986.0,711923.0,712063.0
2026-07-07 22:33:00,5281.0,5282.0,5280.0,5281.0,895.0,712063.0,711987.0
2026-07-07 22:34:00,5281.0,5282.0,5280.0,5280.0,1351.0,711987.0,712526.0
2026-07-07 22:35:00,5280.0,5281.0,5279.0,5280.0,669.0,712526.0,712445.0
2026-07-07 22:36:00,5280.0,5282.0,5280.0,5282.0,417.0,712445.0,712375.0
2026-07-07 22:37:00,5282.0,5283.0,5281.0,5282.0,486.0,712375.0,712236.0
2026-07-07 22:38:00,5282.0,5282.0,5281.0,5282.0,218.0,712236.0,712296.0
2026-07-07 22:39:00,5282.0,5283.0,5281.0,5283.0,369.0,712296.0,712281.0
2026-07-07 22:40:00,5283.0,5284.0,5282.0,5283.0,601.0,712281.0,712278.0
2026-07-07 22:41:00,5283.0,5283.0,5282.0,5283.0,194.0,712278.0,712323.0
2026-07-07 22:42:00,5283.0,5284.0,5282.0,5284.0,157.0,712323.0,712280.0
2026-07-07 22:43:00,5284.0,5284.0,5282.0,5283.0,256.0,712280.0,712255.0
2026-07-07 22:44:00,5283.0,5283.0,5282.0,5282.0,198.0,712255.0,712302.0
2026-07-07 22:45:00,5282.0,5283.0,5282.0,5282.0,162.0,712302.0,712316.0
2026-07-07 22:46:00,5282.0,5283.0,5282.0,5282.0,124.0,712316.0,712310.0
2026-07-07 22:47:00,5282.0,5283.0,5282.0,5282.0,84.0,712310.0,712289.0
2026-07-07 22:48:00,5282.0,5283.0,5282.0,5282.0,345.0,712289.0,712336.0
2026-07-07 22:49:00,5282.0,5283.0,5281.0,5283.0,604.0,712336.0,712332.0
2026-07-07 22:50:00,5283.0,5283.0,5281.0,5283.0,235.0,712332.0,712251.0
2026-07-07 22:51:00,5283.0,5283.0,5281.0,5281.0,280.0,712251.0,712307.0
2026-07-07 22:52:00,5281.0,5282.0,5281.0,5281.0,119.0,712307.0,712322.0
2026-07-07 22:53:00,5281.0,5282.0,5281.0,5281.0,519.0,712322.0,712093.0
2026-07-07 22:54:00,5281.0,5282.0,5281.0,5281.0,319.0,712093.0,712032.0
2026-07-07 22:55:00,5281.0,5284.0,5281.0,5284.0,1240.0,712032.0,711745.0
2026-07-07 22:56:00,5284.0,5284.0,5283.0,5284.0,409.0,711745.0,711726.0
2026-07-07 22:57:00,5284.0,5284.0,5282.0,5282.0,658.0,711726.0,711644.0
2026-07-07 22:58:00,5282.0,5283.0,5282.0,5282.0,491.0,711644.0,711458.0
2026-07-07 22:59:00,5282.0,5283.0,5280.0,5282.0,2034.0,711458.0,710650.0
2026-07-08 09:00:00,5282.0,5287.0,5282.0,5287.0,5015.0,710650.0,710088.0
2026-07-08 09:01:00,5287.0,5290.0,5286.0,5288.0,3133.0,710088.0,709018.0
2026-07-08 09:02:00,5288.0,5288.0,5287.0,5288.0,1744.0,709018.0,708862.0
2026-07-08 09:03:00,5288.0,5289.0,5287.0,5288.0,1564.0,708862.0,708692.0
2026-07-08 09:04:00,5288.0,5290.0,5288.0,5289.0,1792.0,708692.0,708654.0
2026-07-08 09:05:00,5289.0,5290.0,5285.0,5286.0,2118.0,708654.0,708444.0
2026-07-08 09:06:00,5286.0,5286.0,5284.0,5284.0,1190.0,708444.0,708233.0
2026-07-08 09:07:00,5284.0,5285.0,5283.0,5284.0,950.0,708233.0,708191.0
2026-07-08 09:08:00,5284.0,5285.0,5283.0,5284.0,899.0,708191.0,708071.0
2026-07-08 09:09:00,5284.0,5287.0,5284.0,5286.0,929.0,708071.0,707941.0
2026-07-08 09:10:00,5286.0,5289.0,5286.0,5288.0,907.0,707941.0,707817.0
2026-07-08 09:11:00,5288.0,5289.0,5287.0,5288.0,778.0,707817.0,707743.0
2026-07-08 09:12:00,5288.0,5288.0,5286.0,5287.0,548.0,707743.0,707544.0
2026-07-08 09:13:00,5287.0,5288.0,5286.0,5288.0,786.0,707544.0,707404.0
2026-07-08 09:14:00,5288.0,5288.0,5285.0,5285.0,724.0,707404.0,707222.0
2026-07-08 09:15:00,5285.0,5286.0,5284.0,5284.0,640.0,707222.0,706861.0
2026-07-08 09:16:00,5284.0,5284.0,5281.0,5283.0,1950.0,706861.0,706837.0
2026-07-08 09:17:00,5283.0,5285.0,5282.0,5284.0,846.0,706837.0,706715.0
2026-07-08 09:18:00,5284.0,5286.0,5284.0,5284.0,896.0,706715.0,706576.0
2026-07-08 09:19:00,5284.0,5285.0,5283.0,5284.0,515.0,706576.0,706422.0
2026-07-08 09:20:00,5284.0,5286.0,5283.0,5286.0,695.0,706422.0,706299.0
2026-07-08 09:21:00,5286.0,5287.0,5285.0,5286.0,870.0,706299.0,706348.0
2026-07-08 09:22:00,5286.0,5287.0,5284.0,5285.0,523.0,706348.0,706372.0
2026-07-08 09:23:00,5285.0,5286.0,5284.0,5285.0,347.0,706372.0,706360.0
2026-07-08 09:24:00,5285.0,5285.0,5284.0,5285.0,298.0,706360.0,706287.0
2026-07-08 09:25:00,5285.0,5287.0,5284.0,5287.0,476.0,706287.0,706287.0
2026-07-08 09:26:00,5287.0,5288.0,5286.0,5288.0,902.0,706287.0,705933.0
2026-07-08 09:27:00,5288.0,5289.0,5287.0,5289.0,884.0,705933.0,705749.0
2026-07-08 09:28:00,5289.0,5289.0,5288.0,5289.0,1211.0,705749.0,705716.0
2026-07-08 09:29:00,5289.0,5289.0,5287.0,5288.0,473.0,705716.0,705757.0
2026-07-08 09:30:00,5288.0,5290.0,5287.0,5289.0,1023.0,705757.0,705877.0
2026-07-08 09:31:00,5289.0,5291.0,5289.0,5291.0,1231.0,705877.0,705830.0
2026-07-08 09:32:00,5291.0,5292.0,5290.0,5291.0,1817.0,705830.0,705746.0
2026-07-08 09:33:00,5291.0,5295.0,5291.0,5295.0,2693.0,705746.0,705108.0
2026-07-08 09:34:00,5295.0,5298.0,5295.0,5298.0,2705.0,705108.0,704628.0
2026-07-08 09:35:00,5298.0,5298.0,5295.0,5296.0,2075.0,704628.0,704270.0
2026-07-08 09:36:00,5296.0,5299.0,5295.0,5298.0,1822.0,704270.0,704087.0
2026-07-08 09:37:00,5298.0,5299.0,5295.0,5295.0,1357.0,704087.0,703989.0
2026-07-08 09:38:00,5295.0,5296.0,5294.0,5296.0,1100.0,703989.0,703686.0
2026-07-08 09:39:00,5296.0,5296.0,5294.0,5294.0,1004.0,703686.0,703747.0
2026-07-08 09:40:00,5294.0,5295.0,5293.0,5294.0,675.0,703747.0,703538.0
2026-07-08 09:41:00,5294.0,5294.0,5293.0,5293.0,565.0,703538.0,703513.0
2026-07-08 09:42:00,5293.0,5295.0,5293.0,5293.0,475.0,703513.0,703487.0
2026-07-08 09:43:00,5293.0,5294.0,5292.0,5294.0,950.0,703487.0,703264.0
2026-07-08 09:44:00,5294.0,5294.0,5293.0,5294.0,628.0,703264.0,703039.0
2026-07-08 09:45:00,5294.0,5294.0,5293.0,5293.0,761.0,703039.0,702870.0
2026-07-08 09:46:00,5293.0,5294.0,5292.0,5292.0,355.0,702870.0,702833.0
2026-07-08 09:47:00,5292.0,5296.0,5292.0,5295.0,1534.0,702833.0,702503.0
2026-07-08 09:48:00,5295.0,5296.0,5294.0,5296.0,405.0,702503.0,702374.0
2026-07-08 09:49:00,5296.0,5297.0,5295.0,5296.0,887.0,702374.0,702398.0
2026-07-08 09:50:00,5296.0,5298.0,5296.0,5297.0,1326.0,702398.0,701921.0
2026-07-08 09:51:00,5297.0,5299.0,5297.0,5298.0,737.0,701921.0,701773.0
2026-07-08 09:52:00,5298.0,5298.0,5296.0,5296.0,1146.0,701773.0,701509.0
2026-07-08 09:53:00,5296.0,5299.0,5296.0,5298.0,877.0,701509.0,701361.0
2026-07-08 09:54:00,5298.0,5300.0,5298.0,5300.0,1544.0,701361.0,701277.0
2026-07-08 09:55:00,5300.0,5300.0,5299.0,5299.0,783.0,701277.0,701258.0
2026-07-08 09:56:00,5299.0,5302.0,5299.0,5301.0,1703.0,701258.0,701417.0
2026-07-08 09:57:00,5301.0,5302.0,5300.0,5300.0,893.0,701417.0,701456.0
2026-07-08 09:58:00,5300.0,5303.0,5300.0,5301.0,996.0,701456.0,701422.0
2026-07-08 09:59:00,5301.0,5303.0,5300.0,5302.0,981.0,701422.0,701251.0
2026-07-08 10:00:00,5302.0,5302.0,5296.0,5297.0,1693.0,701251.0,700944.0
2026-07-08 10:01:00,5297.0,5299.0,5296.0,5298.0,878.0,700944.0,701101.0
2026-07-08 10:02:00,5298.0,5300.0,5298.0,5298.0,624.0,701101.0,701158.0
2026-07-08 10:03:00,5298.0,5300.0,5298.0,5300.0,274.0,701158.0,701142.0
2026-07-08 10:04:00,5300.0,5300.0,5299.0,5300.0,880.0,701142.0,701241.0
2026-07-08 10:05:00,5300.0,5301.0,5299.0,5300.0,558.0,701241.0,701353.0
2026-07-08 10:06:00,5300.0,5304.0,5300.0,5304.0,1534.0,701353.0,701112.0
2026-07-08 10:07:00,5304.0,5304.0,5303.0,5304.0,534.0,701112.0,701140.0
2026-07-08 10:08:00,5304.0,5304.0,5301.0,5301.0,928.0,701140.0,701047.0
2026-07-08 10:09:00,5301.0,5302.0,5299.0,5299.0,1301.0,701047.0,700752.0
2026-07-08 10:10:00,5299.0,5299.0,5297.0,5298.0,1049.0,700752.0,700587.0
2026-07-08 10:11:00,5298.0,5300.0,5298.0,5299.0,430.0,700587.0,700596.0
2026-07-08 10:12:00,5299.0,5299.0,5297.0,5298.0,722.0,700596.0,700466.0
2026-07-08 10:13:00,5298.0,5299.0,5296.0,5297.0,511.0,700466.0,700450.0
2026-07-08 10:14:00,5297.0,5297.0,5294.0,5295.0,1116.0,700450.0,700526.0
2026-07-08 10:30:00,5295.0,5297.0,5294.0,5296.0,1585.0,700526.0,700763.0
2026-07-08 10:31:00,5296.0,5297.0,5293.0,5293.0,1074.0,700763.0,700662.0
2026-07-08 10:32:00,5293.0,5294.0,5291.0,5291.0,1285.0,700662.0,700519.0
2026-07-08 10:33:00,5291.0,5294.0,5291.0,5294.0,1002.0,700519.0,700792.0
2026-07-08 10:34:00,5294.0,5294.0,5292.0,5293.0,511.0,700792.0,700802.0
2026-07-08 10:35:00,5293.0,5293.0,5286.0,5286.0,3257.0,700802.0,700421.0
2026-07-08 10:36:00,5286.0,5288.0,5286.0,5287.0,1319.0,700421.0,700791.0
2026-07-08 10:37:00,5287.0,5288.0,5285.0,5286.0,1880.0,700791.0,700848.0
2026-07-08 10:38:00,5286.0,5288.0,5285.0,5287.0,1566.0,700848.0,701020.0
2026-07-08 10:39:00,5287.0,5289.0,5287.0,5287.0,612.0,701020.0,701188.0
2026-07-08 10:40:00,5287.0,5288.0,5287.0,5287.0,429.0,701188.0,701228.0
2026-07-08 10:41:00,5287.0,5288.0,5285.0,5286.0,977.0,701228.0,701292.0
2026-07-08 10:42:00,5286.0,5286.0,5285.0,5285.0,503.0,701292.0,701249.0
2026-07-08 10:43:00,5285.0,5286.0,5282.0,5283.0,2268.0,701249.0,701158.0
2026-07-08 10:44:00,5283.0,5284.0,5281.0,5282.0,2143.0,701158.0,701755.0
2026-07-08 10:45:00,5282.0,5284.0,5281.0,5283.0,1239.0,701755.0,701959.0
2026-07-08 10:46:00,5283.0,5286.0,5283.0,5286.0,1101.0,701959.0,701854.0
2026-07-08 10:47:00,5286.0,5286.0,5284.0,5285.0,704.0,701854.0,701997.0
2026-07-08 10:48:00,5285.0,5286.0,5284.0,5285.0,435.0,701997.0,701991.0
2026-07-08 10:49:00,5285.0,5286.0,5284.0,5286.0,857.0,701991.0,701836.0
2026-07-08 10:50:00,5286.0,5288.0,5285.0,5286.0,712.0,701836.0,701807.0
2026-07-08 10:51:00,5286.0,5287.0,5286.0,5287.0,148.0,701807.0,701788.0
2026-07-08 10:52:00,5287.0,5287.0,5285.0,5286.0,841.0,701788.0,701707.0
2026-07-08 10:53:00,5286.0,5286.0,5284.0,5285.0,424.0,701707.0,701653.0
2026-07-08 10:54:00,5285.0,5288.0,5284.0,5288.0,659.0,701653.0,701749.0
2026-07-08 10:55:00,5288.0,5288.0,5287.0,5287.0,366.0,701749.0,701693.0
2026-07-08 10:56:00,5287.0,5288.0,5287.0,5287.0,304.0,701693.0,701680.0
2026-07-08 10:57:00,5287.0,5288.0,5286.0,5288.0,357.0,701680.0,701669.0
2026-07-08 10:58:00,5288.0,5289.0,5287.0,5289.0,706.0,701669.0,701570.0
2026-07-08 10:59:00,5289.0,5289.0,5286.0,5287.0,538.0,701570.0,701490.0
2026-07-08 11:00:00,5287.0,5288.0,5286.0,5287.0,358.0,701490.0,701443.0
2026-07-08 11:01:00,5287.0,5289.0,5287.0,5288.0,314.0,701443.0,701509.0
2026-07-08 11:02:00,5288.0,5290.0,5288.0,5290.0,994.0,701509.0,701729.0
2026-07-08 11:03:00,5290.0,5290.0,5288.0,5289.0,734.0,701729.0,701633.0
2026-07-08 11:04:00,5289.0,5289.0,5288.0,5288.0,152.0,701633.0,701617.0
2026-07-08 11:05:00,5288.0,5289.0,5287.0,5288.0,419.0,701617.0,701598.0
2026-07-08 11:06:00,5288.0,5289.0,5287.0,5287.0,354.0,701598.0,701477.0
2026-07-08 11:07:00,5287.0,5288.0,5286.0,5288.0,554.0,701477.0,701552.0
2026-07-08 11:08:00,5288.0,5291.0,5288.0,5290.0,517.0,701552.0,701520.0
2026-07-08 11:09:00,5290.0,5291.0,5290.0,5290.0,329.0,701520.0,701425.0
2026-07-08 11:10:00,5290.0,5293.0,5290.0,5292.0,1082.0,701425.0,701447.0
2026-07-08 11:11:00,5292.0,5293.0,5291.0,5292.0,688.0,701447.0,701629.0
2026-07-08 11:12:00,5292.0,5294.0,5292.0,5294.0,370.0,701629.0,701614.0
2026-07-08 11:13:00,5294.0,5294.0,5293.0,5294.0,594.0,701614.0,701632.0
2026-07-08 11:14:00,5294.0,5295.0,5294.0,5294.0,697.0,701632.0,701854.0
2026-07-08 11:15:00,5294.0,5294.0,5293.0,5293.0,655.0,701854.0,701993.0
2026-07-08 11:16:00,5293.0,5294.0,5292.0,5293.0,520.0,701993.0,701848.0
2026-07-08 11:17:00,5293.0,5295.0,5293.0,5295.0,441.0,701848.0,701919.0
2026-07-08 11:18:00,5295.0,5295.0,5292.0,5293.0,609.0,701919.0,701954.0
2026-07-08 11:19:00,5293.0,5294.0,5292.0,5294.0,370.0,701954.0,702018.0
2026-07-08 11:20:00,5294.0,5295.0,5293.0,5294.0,557.0,702018.0,702124.0
2026-07-08 11:21:00,5294.0,5296.0,5294.0,5294.0,636.0,702124.0,702063.0
2026-07-08 11:22:00,5294.0,5295.0,5293.0,5293.0,397.0,702063.0,702000.0
2026-07-08 11:23:00,5293.0,5294.0,5290.0,5290.0,1053.0,702000.0,702276.0
2026-07-08 11:24:00,5290.0,5293.0,5290.0,5292.0,417.0,702276.0,702171.0
2026-07-08 11:25:00,5292.0,5293.0,5292.0,5292.0,89.0,702171.0,702162.0
2026-07-08 11:26:00,5292.0,5293.0,5291.0,5292.0,693.0,702162.0,702318.0
2026-07-08 11:27:00,5292.0,5292.0,5288.0,5289.0,1081.0,702318.0,702339.0
2026-07-08 11:28:00,5289.0,5290.0,5288.0,5290.0,321.0,702339.0,702238.0
2026-07-08 11:29:00,5290.0,5290.0,5288.0,5289.0,534.0,702238.0,702174.0
2026-07-08 13:30:00,5289.0,5291.0,5286.0,5287.0,2139.0,702174.0,702418.0
2026-07-08 13:31:00,5287.0,5287.0,5283.0,5284.0,2029.0,702418.0,702508.0
2026-07-08 13:32:00,5284.0,5286.0,5283.0,5285.0,1062.0,702508.0,702609.0
2026-07-08 13:33:00,5285.0,5286.0,5284.0,5284.0,718.0,702609.0,702658.0
2026-07-08 13:34:00,5284.0,5285.0,5283.0,5284.0,873.0,702658.0,702611.0
2026-07-08 13:35:00,5284.0,5286.0,5284.0,5285.0,729.0,702611.0,702701.0
2026-07-08 13:36:00,5285.0,5285.0,5282.0,5282.0,2297.0,702701.0,703109.0
2026-07-08 13:37:00,5282.0,5282.0,5270.0,5276.0,9538.0,703109.0,702858.0
2026-07-08 13:38:00,5276.0,5278.0,5275.0,5276.0,2167.0,702858.0,702865.0
2026-07-08 13:39:00,5276.0,5280.0,5276.0,5279.0,1821.0,702865.0,702696.0
2026-07-08 13:40:00,5279.0,5279.0,5277.0,5278.0,1279.0,702696.0,702569.0
2026-07-08 13:41:00,5278.0,5279.0,5277.0,5279.0,1030.0,702569.0,702718.0
2026-07-08 13:42:00,5279.0,5279.0,5277.0,5277.0,1247.0,702718.0,702812.0
2026-07-08 13:43:00,5277.0,5277.0,5275.0,5275.0,1312.0,702812.0,703105.0
2026-07-08 13:44:00,5275.0,5277.0,5274.0,5274.0,1534.0,703105.0,703074.0
2026-07-08 13:45:00,5274.0,5276.0,5274.0,5275.0,1515.0,703074.0,703170.0
2026-07-08 13:46:00,5275.0,5277.0,5274.0,5276.0,1499.0,703170.0,703286.0
2026-07-08 13:47:00,5276.0,5276.0,5271.0,5271.0,3066.0,703286.0,703445.0
2026-07-08 13:48:00,5271.0,5273.0,5267.0,5272.0,5307.0,703445.0,702484.0
2026-07-08 13:49:00,5272.0,5273.0,5271.0,5273.0,1317.0,702484.0,702489.0
2026-07-08 13:50:00,5273.0,5274.0,5271.0,5271.0,2366.0,702489.0,702000.0
2026-07-08 13:51:00,5271.0,5272.0,5269.0,5270.0,1431.0,702000.0,701993.0
2026-07-08 13:52:00,5270.0,5274.0,5270.0,5274.0,1334.0,701993.0,702015.0
2026-07-08 13:53:00,5274.0,5276.0,5273.0,5274.0,1236.0,702015.0,702107.0
2026-07-08 13:54:00,5274.0,5276.0,5272.0,5274.0,1667.0,702107.0,702246.0
2026-07-08 13:55:00,5274.0,5274.0,5273.0,5273.0,543.0,702246.0,702359.0
2026-07-08 13:56:00,5273.0,5275.0,5273.0,5275.0,1047.0,702359.0,702256.0
2026-07-08 13:57:00,5275.0,5277.0,5274.0,5274.0,1866.0,702256.0,702384.0
2026-07-08 13:58:00,5274.0,5274.0,5271.0,5271.0,1151.0,702384.0,702800.0
2026-07-08 13:59:00,5271.0,5272.0,5269.0,5270.0,1837.0,702800.0,702821.0
2026-07-08 14:00:00,5270.0,5270.0,5268.0,5270.0,2436.0,702821.0,702729.0
2026-07-08 14:01:00,5270.0,5270.0,5268.0,5269.0,1059.0,702729.0,702973.0
2026-07-08 14:02:00,5269.0,5269.0,5265.0,5267.0,3151.0,702973.0,703188.0
2026-07-08 14:03:00,5267.0,5267.0,5263.0,5263.0,2236.0,703188.0,703497.0
2026-07-08 14:04:00,5263.0,5264.0,5262.0,5263.0,1859.0,703497.0,703523.0
2026-07-08 14:05:00,5263.0,5268.0,5263.0,5267.0,2037.0,703523.0,703637.0
2026-07-08 14:06:00,5267.0,5268.0,5265.0,5266.0,1592.0,703637.0,704101.0
2026-07-08 14:07:00,5266.0,5266.0,5263.0,5263.0,985.0,704101.0,704329.0
2026-07-08 14:08:00,5263.0,5264.0,5262.0,5263.0,970.0,704329.0,704686.0
2026-07-08 14:09:00,5263.0,5266.0,5262.0,5265.0,1839.0,704686.0,704726.0
2026-07-08 14:10:00,5265.0,5266.0,5264.0,5266.0,912.0,704726.0,704868.0
2026-07-08 14:11:00,5266.0,5267.0,5265.0,5267.0,1202.0,704868.0,704957.0
2026-07-08 14:12:00,5267.0,5267.0,5266.0,5266.0,326.0,704957.0,705109.0
2026-07-08 14:13:00,5266.0,5268.0,5266.0,5268.0,1165.0,705109.0,705104.0
2026-07-08 14:14:00,5268.0,5268.0,5267.0,5267.0,548.0,705104.0,705170.0
2026-07-08 14:15:00,5267.0,5271.0,5267.0,5267.0,1593.0,705170.0,705026.0
2026-07-08 14:16:00,5267.0,5268.0,5267.0,5267.0,298.0,705026.0,705056.0
2026-07-08 14:17:00,5267.0,5268.0,5265.0,5265.0,967.0,705056.0,705152.0
2026-07-08 14:18:00,5265.0,5267.0,5264.0,5266.0,1046.0,705152.0,705158.0
2026-07-08 14:19:00,5266.0,5268.0,5266.0,5268.0,445.0,705158.0,705182.0
2026-07-08 14:20:00,5268.0,5268.0,5267.0,5267.0,339.0,705182.0,705211.0
2026-07-08 14:21:00,5267.0,5270.0,5267.0,5269.0,889.0,705211.0,705148.0
2026-07-08 14:22:00,5269.0,5272.0,5269.0,5271.0,2479.0,705148.0,704996.0
2026-07-08 14:23:00,5271.0,5273.0,5270.0,5272.0,1032.0,704996.0,704771.0
2026-07-08 14:24:00,5272.0,5273.0,5271.0,5272.0,1270.0,704771.0,704480.0
2026-07-08 14:25:00,5272.0,5273.0,5271.0,5272.0,548.0,704480.0,704422.0
2026-07-08 14:26:00,5272.0,5272.0,5271.0,5271.0,574.0,704422.0,704527.0
2026-07-08 14:27:00,5271.0,5272.0,5271.0,5272.0,492.0,704527.0,704529.0
2026-07-08 14:28:00,5272.0,5274.0,5271.0,5274.0,1050.0,704529.0,704482.0
2026-07-08 14:29:00,5274.0,5274.0,5272.0,5272.0,875.0,704482.0,704290.0
2026-07-08 14:30:00,5272.0,5275.0,5272.0,5273.0,1612.0,704290.0,704166.0
2026-07-08 14:31:00,5273.0,5274.0,5272.0,5273.0,910.0,704166.0,704035.0
2026-07-08 14:32:00,5273.0,5273.0,5271.0,5272.0,927.0,704035.0,704421.0
2026-07-08 14:33:00,5272.0,5272.0,5270.0,5270.0,646.0,704421.0,704380.0
2026-07-08 14:34:00,5270.0,5272.0,5270.0,5271.0,494.0,704380.0,704168.0
2026-07-08 14:35:00,5271.0,5272.0,5271.0,5272.0,409.0,704168.0,704334.0
2026-07-08 14:36:00,5272.0,5273.0,5271.0,5273.0,395.0,704334.0,704325.0
2026-07-08 14:37:00,5273.0,5273.0,5271.0,5272.0,459.0,704325.0,704281.0
2026-07-08 14:38:00,5272.0,5273.0,5272.0,5273.0,299.0,704281.0,704142.0
2026-07-08 14:39:00,5273.0,5273.0,5271.0,5271.0,536.0,704142.0,704253.0
2026-07-08 14:40:00,5271.0,5273.0,5271.0,5272.0,728.0,704253.0,704241.0
2026-07-08 14:41:00,5272.0,5272.0,5270.0,5272.0,394.0,704241.0,704182.0
2026-07-08 14:42:00,5272.0,5274.0,5271.0,5273.0,906.0,704182.0,703962.0
2026-07-08 14:43:00,5273.0,5274.0,5272.0,5274.0,655.0,703962.0,703821.0
2026-07-08 14:44:00,5274.0,5275.0,5273.0,5273.0,1427.0,703821.0,703821.0
2026-07-08 14:45:00,5273.0,5275.0,5273.0,5273.0,901.0,703821.0,703800.0
2026-07-08 14:46:00,5273.0,5274.0,5271.0,5271.0,750.0,703800.0,703759.0
2026-07-08 14:47:00,5271.0,5272.0,5269.0,5270.0,788.0,703759.0,703817.0
2026-07-08 14:48:00,5270.0,5271.0,5269.0,5270.0,526.0,703817.0,703680.0
2026-07-08 14:49:00,5270.0,5270.0,5268.0,5269.0,690.0,703680.0,703814.0
2026-07-08 14:50:00,5269.0,5270.0,5268.0,5270.0,983.0,703814.0,703916.0
2026-07-08 14:51:00,5270.0,5272.0,5269.0,5272.0,1361.0,703916.0,704388.0
2026-07-08 14:52:00,5272.0,5272.0,5269.0,5269.0,1721.0,704388.0,703940.0
2026-07-08 14:53:00,5269.0,5270.0,5269.0,5270.0,594.0,703940.0,703862.0
2026-07-08 14:54:00,5270.0,5272.0,5269.0,5271.0,867.0,703862.0,703883.0
2026-07-08 14:55:00,5271.0,5272.0,5271.0,5271.0,496.0,703883.0,703769.0
2026-07-08 14:56:00,5271.0,5272.0,5270.0,5271.0,1220.0,703769.0,703870.0
2026-07-08 14:57:00,5271.0,5272.0,5270.0,5272.0,1328.0,703870.0,703956.0
2026-07-08 14:58:00,5272.0,5272.0,5270.0,5272.0,1314.0,703956.0,703703.0
2026-07-08 14:59:00,5272.0,5272.0,5270.0,5271.0,2265.0,703703.0,703303.0
2026-07-08 21:00:00,5265.0,5276.0,5265.0,5266.0,10351.0,703303.0,704098.0
2026-07-08 21:01:00,5266.0,5269.0,5263.0,5268.0,5458.0,704098.0,706046.0
2026-07-08 21:02:00,5268.0,5271.0,5268.0,5270.0,2886.0,706046.0,705950.0
2026-07-08 21:03:00,5270.0,5272.0,5269.0,5272.0,2267.0,705950.0,706249.0
2026-07-08 21:04:00,5272.0,5272.0,5269.0,5271.0,2149.0,706249.0,706343.0
2026-07-08 21:05:00,5271.0,5273.0,5271.0,5273.0,1459.0,706343.0,706443.0
2026-07-08 21:06:00,5273.0,5273.0,5271.0,5272.0,1224.0,706443.0,706780.0
2026-07-08 21:07:00,5272.0,5273.0,5272.0,5273.0,959.0,706780.0,706967.0
2026-07-08 21:08:00,5273.0,5273.0,5270.0,5271.0,974.0,706967.0,707069.0
2026-07-08 21:09:00,5271.0,5274.0,5270.0,5274.0,1315.0,707069.0,707279.0
2026-07-08 21:10:00,5274.0,5275.0,5272.0,5275.0,1584.0,707279.0,707597.0
2026-07-08 21:11:00,5275.0,5275.0,5273.0,5274.0,1359.0,707597.0,707805.0
2026-07-08 21:12:00,5274.0,5277.0,5274.0,5276.0,1882.0,707805.0,708111.0
2026-07-08 21:13:00,5276.0,5276.0,5274.0,5275.0,1405.0,708111.0,708234.0
2026-07-08 21:14:00,5275.0,5275.0,5273.0,5273.0,1166.0,708234.0,708370.0
2026-07-08 21:15:00,5273.0,5274.0,5273.0,5274.0,976.0,708370.0,708578.0
2026-07-08 21:16:00,5274.0,5277.0,5274.0,5276.0,2048.0,708578.0,709247.0
2026-07-08 21:17:00,5276.0,5276.0,5273.0,5273.0,1004.0,709247.0,709665.0
2026-07-08 21:18:00,5273.0,5275.0,5273.0,5274.0,602.0,709665.0,709806.0
2026-07-08 21:19:00,5274.0,5277.0,5274.0,5277.0,1025.0,709806.0,709975.0
2026-07-08 21:20:00,5277.0,5277.0,5275.0,5276.0,971.0,709975.0,710091.0
2026-07-08 21:21:00,5276.0,5277.0,5270.0,5270.0,2270.0,710091.0,710736.0
2026-07-08 21:22:00,5270.0,5271.0,5263.0,5264.0,7556.0,710736.0,710085.0
2026-07-08 21:23:00,5264.0,5265.0,5261.0,5263.0,3595.0,710085.0,710723.0
2026-07-08 21:24:00,5263.0,5265.0,5262.0,5262.0,2135.0,710723.0,710982.0
2026-07-08 21:25:00,5262.0,5262.0,5260.0,5261.0,4006.0,710982.0,711927.0
2026-07-08 21:26:00,5261.0,5261.0,5259.0,5260.0,2459.0,711927.0,712118.0
2026-07-08 21:27:00,5260.0,5264.0,5260.0,5263.0,1365.0,712118.0,712167.0
2026-07-08 21:28:00,5263.0,5266.0,5263.0,5266.0,1928.0,712167.0,711882.0
2026-07-08 21:29:00,5266.0,5266.0,5263.0,5266.0,1943.0,711882.0,712439.0
2026-07-08 21:30:00,5266.0,5266.0,5261.0,5261.0,1530.0,712439.0,712152.0
2026-07-08 21:31:00,5261.0,5263.0,5261.0,5262.0,1394.0,712152.0,712514.0
2026-07-08 21:32:00,5262.0,5263.0,5262.0,5262.0,425.0,712514.0,712554.0
2026-07-08 21:33:00,5262.0,5263.0,5261.0,5262.0,1240.0,712554.0,712595.0
2026-07-08 21:34:00,5262.0,5263.0,5260.0,5261.0,1468.0,712595.0,712747.0
2026-07-08 21:35:00,5261.0,5265.0,5261.0,5264.0,1343.0,712747.0,712199.0
2026-07-08 21:36:00,5264.0,5265.0,5263.0,5263.0,714.0,712199.0,712211.0
2026-07-08 21:37:00,5263.0,5265.0,5263.0,5263.0,716.0,712211.0,712072.0
2026-07-08 21:38:00,5263.0,5265.0,5263.0,5263.0,294.0,712072.0,712041.0
2026-07-08 21:39:00,5263.0,5263.0,5261.0,5263.0,1024.0,712041.0,712160.0
2026-07-08 21:40:00,5263.0,5264.0,5261.0,5262.0,888.0,712160.0,712274.0
2026-07-08 21:41:00,5262.0,5262.0,5260.0,5261.0,944.0,712274.0,712237.0
2026-07-08 21:42:00,5261.0,5261.0,5260.0,5260.0,935.0,712237.0,712513.0
2026-07-08 21:43:00,5260.0,5260.0,5256.0,5258.0,3444.0,712513.0,712484.0
2026-07-08 21:44:00,5258.0,5258.0,5256.0,5257.0,1351.0,712484.0,712469.0
2026-07-08 21:45:00,5257.0,5258.0,5257.0,5257.0,937.0,712469.0,712528.0
2026-07-08 21:46:00,5257.0,5257.0,5255.0,5256.0,2831.0,712528.0,712864.0
2026-07-08 21:47:00,5256.0,5258.0,5255.0,5258.0,1351.0,712864.0,712822.0
2026-07-08 21:48:00,5258.0,5260.0,5257.0,5260.0,1488.0,712822.0,712762.0
2026-07-08 21:49:00,5260.0,5260.0,5259.0,5260.0,288.0,712762.0,712775.0
2026-07-08 21:50:00,5260.0,5262.0,5259.0,5262.0,1393.0,712775.0,712435.0
2026-07-08 21:51:00,5262.0,5263.0,5262.0,5262.0,1024.0,712435.0,712068.0
2026-07-08 21:52:00,5262.0,5263.0,5261.0,5262.0,535.0,712068.0,711941.0
2026-07-08 21:53:00,5262.0,5264.0,5262.0,5263.0,822.0,711941.0,711910.0
2026-07-08 21:54:00,5263.0,5264.0,5262.0,5262.0,388.0,711910.0,711889.0
2026-07-08 21:55:00,5262.0,5263.0,5262.0,5262.0,384.0,711889.0,711897.0
2026-07-08 21:56:00,5262.0,5265.0,5262.0,5264.0,1411.0,711897.0,711824.0
2026-07-08 21:57:00,5264.0,5267.0,5264.0,5266.0,1048.0,711824.0,711446.0
2026-07-08 21:58:00,5266.0,5266.0,5264.0,5264.0,972.0,711446.0,711756.0
2026-07-08 21:59:00,5264.0,5265.0,5263.0,5265.0,496.0,711756.0,711821.0
2026-07-08 22:00:00,5265.0,5265.0,5263.0,5263.0,248.0,711821.0,711821.0
2026-07-08 22:01:00,5263.0,5264.0,5263.0,5264.0,355.0,711821.0,711823.0
2026-07-08 22:02:00,5264.0,5266.0,5263.0,5266.0,577.0,711823.0,711766.0
2026-07-08 22:03:00,5266.0,5266.0,5264.0,5266.0,583.0,711766.0,711992.0
2026-07-08 22:04:00,5266.0,5266.0,5264.0,5264.0,545.0,711992.0,712060.0
2026-07-08 22:05:00,5264.0,5265.0,5264.0,5265.0,502.0,712060.0,712038.0
2026-07-08 22:06:00,5265.0,5266.0,5263.0,5264.0,473.0,712038.0,711881.0
2026-07-08 22:07:00,5264.0,5265.0,5263.0,5265.0,339.0,711881.0,711752.0
2026-07-08 22:08:00,5265.0,5266.0,5265.0,5265.0,93.0,711752.0,711780.0
2026-07-08 22:09:00,5265.0,5267.0,5265.0,5266.0,1557.0,711780.0,712235.0
2026-07-08 22:10:00,5266.0,5266.0,5264.0,5264.0,455.0,712235.0,712277.0
2026-07-08 22:11:00,5264.0,5266.0,5264.0,5266.0,116.0,712277.0,712253.0
2026-07-08 22:12:00,5266.0,5267.0,5265.0,5267.0,760.0,712253.0,712648.0
2026-07-08 22:13:00,5267.0,5268.0,5266.0,5268.0,629.0,712648.0,712648.0
2026-07-08 22:14:00,5268.0,5272.0,5267.0,5272.0,2567.0,712648.0,712512.0
2026-07-08 22:15:00,5272.0,5272.0,5270.0,5271.0,2709.0,712512.0,712225.0
2026-07-08 22:16:00,5271.0,5271.0,5269.0,5270.0,1029.0,712225.0,712408.0
2026-07-08 22:17:00,5270.0,5271.0,5270.0,5270.0,432.0,712408.0,712394.0
2026-07-08 22:18:00,5270.0,5271.0,5270.0,5271.0,380.0,712394.0,712443.0
2026-07-08 22:19:00,5271.0,5271.0,5270.0,5271.0,594.0,712443.0,712390.0
2026-07-08 22:20:00,5271.0,5271.0,5269.0,5270.0,695.0,712390.0,712258.0
2026-07-08 22:21:00,5270.0,5274.0,5270.0,5273.0,1850.0,712258.0,711704.0
2026-07-08 22:22:00,5273.0,5274.0,5272.0,5273.0,506.0,711704.0,711727.0
2026-07-08 22:23:00,5273.0,5275.0,5273.0,5275.0,795.0,711727.0,711743.0
2026-07-08 22:24:00,5275.0,5276.0,5273.0,5274.0,2102.0,711743.0,712053.0
2026-07-08 22:25:00,5274.0,5275.0,5273.0,5273.0,671.0,712053.0,712067.0
2026-07-08 22:26:00,5273.0,5275.0,5273.0,5274.0,935.0,712067.0,711901.0
2026-07-08 22:27:00,5274.0,5274.0,5271.0,5271.0,749.0,711901.0,711796.0
2026-07-08 22:28:00,5271.0,5273.0,5271.0,5272.0,478.0,711796.0,711810.0
2026-07-08 22:29:00,5272.0,5273.0,5271.0,5273.0,504.0,711810.0,711764.0
2026-07-08 22:30:00,5273.0,5274.0,5271.0,5273.0,695.0,711764.0,711789.0
2026-07-08 22:31:00,5273.0,5273.0,5271.0,5273.0,376.0,711789.0,711831.0
2026-07-08 22:32:00,5273.0,5274.0,5272.0,5272.0,324.0,711831.0,711811.0
2026-07-08 22:33:00,5272.0,5274.0,5272.0,5273.0,548.0,711811.0,711576.0
2026-07-08 22:34:00,5273.0,5273.0,5271.0,5271.0,375.0,711576.0,711673.0
2026-07-08 22:35:00,5271.0,5273.0,5271.0,5273.0,936.0,711673.0,711603.0
2026-07-08 22:36:00,5273.0,5274.0,5272.0,5273.0,562.0,711603.0,711627.0
2026-07-08 22:37:00,5273.0,5273.0,5270.0,5271.0,629.0,711627.0,711517.0
2026-07-08 22:38:00,5271.0,5273.0,5271.0,5272.0,842.0,711517.0,711188.0
2026-07-08 22:39:00,5272.0,5275.0,5272.0,5274.0,1314.0,711188.0,710716.0
2026-07-08 22:40:00,5274.0,5274.0,5272.0,5272.0,477.0,710716.0,710588.0
2026-07-08 22:41:00,5272.0,5273.0,5271.0,5271.0,346.0,710588.0,710682.0
2026-07-08 22:42:00,5271.0,5273.0,5271.0,5273.0,465.0,710682.0,710583.0
2026-07-08 22:43:00,5273.0,5273.0,5272.0,5272.0,88.0,710583.0,710575.0
2026-07-08 22:44:00,5272.0,5273.0,5272.0,5273.0,130.0,710575.0,710499.0
2026-07-08 22:45:00,5273.0,5273.0,5270.0,5271.0,1236.0,710499.0,710032.0
2026-07-08 22:46:00,5271.0,5272.0,5269.0,5270.0,1151.0,710032.0,709862.0
2026-07-08 22:47:00,5270.0,5271.0,5269.0,5270.0,623.0,709862.0,709858.0
2026-07-08 22:48:00,5270.0,5272.0,5269.0,5270.0,652.0,709858.0,709750.0
2026-07-08 22:49:00,5270.0,5272.0,5270.0,5271.0,405.0,709750.0,709615.0
2026-07-08 22:50:00,5271.0,5271.0,5270.0,5271.0,317.0,709615.0,709549.0
2026-07-08 22:51:00,5271.0,5271.0,5268.0,5269.0,944.0,709549.0,709562.0
2026-07-08 22:52:00,5269.0,5270.0,5269.0,5269.0,590.0,709562.0,709394.0
2026-07-08 22:53:00,5269.0,5270.0,5268.0,5268.0,546.0,709394.0,709183.0
2026-07-08 22:54:00,5268.0,5270.0,5268.0,5269.0,573.0,709183.0,708937.0
2026-07-08 22:55:00,5269.0,5270.0,5267.0,5269.0,1032.0,708937.0,708592.0
2026-07-08 22:56:00,5269.0,5269.0,5268.0,5268.0,147.0,708592.0,708589.0
2026-07-08 22:57:00,5268.0,5270.0,5268.0,5269.0,564.0,708589.0,708315.0
2026-07-08 22:58:00,5269.0,5270.0,5268.0,5269.0,366.0,708315.0,708117.0
2026-07-08 22:59:00,5269.0,5270.0,5268.0,5268.0,997.0,708117.0,707661.0
2026-07-09 09:00:00,5268.0,5268.0,5258.0,5266.0,5903.0,707661.0,708000.0
2026-07-09 09:01:00,5266.0,5271.0,5265.0,5271.0,1635.0,708000.0,707963.0
2026-07-09 09:02:00,5271.0,5271.0,5268.0,5269.0,1621.0,707963.0,707783.0
2026-07-09 09:03:00,5269.0,5270.0,5267.0,5269.0,1075.0,707783.0,707562.0
2026-07-09 09:04:00,5269.0,5270.0,5268.0,5269.0,1708.0,707562.0,707331.0
2026-07-09 09:05:00,5269.0,5271.0,5268.0,5271.0,1566.0,707331.0,707528.0
2026-07-09 09:06:00,5271.0,5271.0,5269.0,5270.0,588.0,707528.0,707522.0
2026-07-09 09:07:00,5270.0,5272.0,5268.0,5272.0,1288.0,707522.0,707287.0
2026-07-09 09:08:00,5272.0,5272.0,5270.0,5271.0,1044.0,707287.0,707208.0
2026-07-09 09:09:00,5271.0,5271.0,5269.0,5271.0,973.0,707208.0,707016.0
2026-07-09 09:10:00,5271.0,5274.0,5270.0,5273.0,2031.0,707016.0,706906.0
2026-07-09 09:11:00,5273.0,5274.0,5272.0,5272.0,831.0,706906.0,706890.0
2026-07-09 09:12:00,5272.0,5273.0,5272.0,5272.0,563.0,706890.0,706945.0
2026-07-09 09:13:00,5272.0,5273.0,5270.0,5271.0,755.0,706945.0,707082.0
2026-07-09 09:14:00,5271.0,5271.0,5268.0,5269.0,1479.0,707082.0,707161.0
2026-07-09 09:15:00,5269.0,5269.0,5267.0,5267.0,906.0,707161.0,707285.0
2026-07-09 09:16:00,5267.0,5268.0,5267.0,5267.0,1378.0,707285.0,707309.0
2026-07-09 09:17:00,5267.0,5267.0,5264.0,5266.0,1947.0,707309.0,707511.0
2026-07-09 09:18:00,5266.0,5266.0,5265.0,5266.0,552.0,707511.0,707550.0
2026-07-09 09:19:00,5266.0,5267.0,5265.0,5266.0,680.0,707550.0,707749.0
2026-07-09 09:20:00,5266.0,5266.0,5263.0,5265.0,979.0,707749.0,708071.0
2026-07-09 09:21:00,5265.0,5267.0,5265.0,5266.0,645.0,708071.0,708165.0
2026-07-09 09:22:00,5266.0,5268.0,5266.0,5268.0,586.0,708165.0,708234.0
2026-07-09 09:23:00,5268.0,5268.0,5267.0,5268.0,305.0,708234.0,708391.0
2026-07-09 09:24:00,5268.0,5268.0,5267.0,5267.0,260.0,708391.0,708411.0
2026-07-09 09:25:00,5267.0,5268.0,5266.0,5266.0,575.0,708411.0,708506.0
2026-07-09 09:26:00,5266.0,5267.0,5263.0,5263.0,1187.0,708506.0,708785.0
2026-07-09 09:27:00,5263.0,5264.0,5261.0,5262.0,1547.0,708785.0,708799.0
2026-07-09 09:28:00,5262.0,5264.0,5262.0,5263.0,621.0,708799.0,708769.0
2026-07-09 09:29:00,5263.0,5265.0,5262.0,5263.0,926.0,708769.0,708938.0
2026-07-09 09:30:00,5263.0,5263.0,5261.0,5261.0,1156.0,708938.0,709058.0
2026-07-09 09:31:00,5261.0,5263.0,5261.0,5262.0,834.0,709058.0,708858.0
2026-07-09 09:32:00,5262.0,5264.0,5261.0,5264.0,597.0,708858.0,709061.0
2026-07-09 09:33:00,5264.0,5264.0,5262.0,5264.0,461.0,709061.0,709173.0
2026-07-09 09:34:00,5264.0,5265.0,5263.0,5264.0,338.0,709173.0,709194.0
2026-07-09 09:35:00,5264.0,5265.0,5264.0,5265.0,156.0,709194.0,709270.0
2026-07-09 09:36:00,5265.0,5265.0,5261.0,5261.0,841.0,709270.0,709233.0
2026-07-09 09:37:00,5261.0,5262.0,5260.0,5261.0,1128.0,709233.0,709509.0
2026-07-09 09:38:00,5261.0,5262.0,5260.0,5261.0,858.0,709509.0,709678.0
2026-07-09 09:39:00,5261.0,5261.0,5258.0,5259.0,2385.0,709678.0,710242.0
2026-07-09 09:40:00,5259.0,5260.0,5259.0,5260.0,1045.0,710242.0,710005.0
2026-07-09 09:41:00,5260.0,5261.0,5259.0,5260.0,1391.0,710005.0,710169.0
2026-07-09 09:42:00,5260.0,5262.0,5260.0,5262.0,591.0,710169.0,710134.0
2026-07-09 09:43:00,5262.0,5262.0,5260.0,5262.0,778.0,710134.0,710221.0
2026-07-09 09:44:00,5262.0,5262.0,5259.0,5259.0,865.0,710221.0,710343.0
2026-07-09 09:45:00,5259.0,5262.0,5259.0,5261.0,859.0,710343.0,710466.0
2026-07-09 09:46:00,5261.0,5264.0,5261.0,5263.0,720.0,710466.0,710448.0
2026-07-09 09:47:00,5263.0,5263.0,5262.0,5262.0,418.0,710448.0,710348.0
2026-07-09 09:48:00,5262.0,5264.0,5262.0,5263.0,378.0,710348.0,710360.0
2026-07-09 09:49:00,5263.0,5264.0,5262.0,5263.0,787.0,710360.0,710713.0
2026-07-09 09:50:00,5263.0,5263.0,5262.0,5263.0,2441.0,710713.0,709485.0
2026-07-09 09:51:00,5263.0,5265.0,5263.0,5265.0,769.0,709485.0,709396.0
2026-07-09 09:52:00,5265.0,5267.0,5264.0,5266.0,1007.0,709396.0,709215.0
2026-07-09 09:53:00,5266.0,5267.0,5264.0,5265.0,352.0,709215.0,709184.0
2026-07-09 09:54:00,5265.0,5267.0,5264.0,5266.0,697.0,709184.0,709128.0
2026-07-09 09:55:00,5266.0,5267.0,5265.0,5265.0,521.0,709128.0,709317.0
2026-07-09 09:56:00,5265.0,5267.0,5265.0,5265.0,300.0,709317.0,709358.0
2026-07-09 09:57:00,5265.0,5266.0,5265.0,5266.0,422.0,709358.0,709247.0
2026-07-09 09:58:00,5266.0,5266.0,5263.0,5264.0,527.0,709247.0,709183.0
2026-07-09 09:59:00,5264.0,5266.0,5263.0,5266.0,1227.0,709183.0,708994.0
2026-07-09 10:00:00,5266.0,5266.0,5261.0,5261.0,1364.0,708994.0,708832.0
2026-07-09 10:01:00,5261.0,5262.0,5256.0,5257.0,3126.0,708832.0,709004.0
2026-07-09 10:02:00,5257.0,5258.0,5256.0,5258.0,1932.0,709004.0,708665.0
2026-07-09 10:03:00,5258.0,5258.0,5256.0,5257.0,1222.0,708665.0,708532.0
2026-07-09 10:04:00,5257.0,5258.0,5256.0,5257.0,664.0,708532.0,708656.0
2026-07-09 10:05:00,5257.0,5258.0,5257.0,5258.0,579.0,708656.0,708663.0
2026-07-09 10:06:00,5258.0,5258.0,5257.0,5257.0,729.0,708663.0,708803.0
2026-07-09 10:07:00,5257.0,5260.0,5257.0,5260.0,727.0,708803.0,708834.0
2026-07-09 10:08:00,5260.0,5261.0,5257.0,5258.0,1130.0,708834.0,708747.0
2026-07-09 10:09:00,5258.0,5260.0,5257.0,5259.0,451.0,708747.0,708809.0
2026-07-09 10:10:00,5259.0,5260.0,5259.0,5260.0,135.0,708809.0,708801.0
2026-07-09 10:11:00,5260.0,5260.0,5259.0,5260.0,195.0,708801.0,708764.0
2026-07-09 10:12:00,5260.0,5262.0,5259.0,5261.0,1007.0,708764.0,708607.0
2026-07-09 10:13:00,5261.0,5262.0,5260.0,5260.0,636.0,708607.0,708643.0
2026-07-09 10:14:00,5260.0,5261.0,5260.0,5261.0,409.0,708643.0,708484.0
2026-07-09 10:30:00,5261.0,5264.0,5258.0,5259.0,2088.0,708484.0,708408.0
2026-07-09 10:31:00,5259.0,5260.0,5258.0,5259.0,625.0,708408.0,708480.0
2026-07-09 10:32:00,5259.0,5260.0,5257.0,5257.0,690.0,708480.0,708451.0
2026-07-09 10:33:00,5257.0,5260.0,5257.0,5260.0,602.0,708451.0,708506.0
2026-07-09 10:34:00,5260.0,5260.0,5258.0,5258.0,686.0,708506.0,708690.0
2026-07-09 10:35:00,5258.0,5259.0,5257.0,5258.0,317.0,708690.0,708837.0
2026-07-09 10:36:00,5258.0,5260.0,5258.0,5259.0,358.0,708837.0,708860.0
2026-07-09 10:37:00,5259.0,5261.0,5259.0,5260.0,652.0,708860.0,708744.0
2026-07-09 10:38:00,5260.0,5262.0,5259.0,5262.0,1316.0,708744.0,708347.0
2026-07-09 10:39:00,5262.0,5262.0,5261.0,5261.0,243.0,708347.0,708374.0
2026-07-09 10:40:00,5261.0,5261.0,5260.0,5260.0,319.0,708374.0,708414.0
2026-07-09 10:41:00,5260.0,5262.0,5260.0,5262.0,278.0,708414.0,708452.0
2026-07-09 10:42:00,5262.0,5262.0,5260.0,5260.0,196.0,708452.0,708393.0
2026-07-09 10:43:00,5260.0,5262.0,5260.0,5262.0,308.0,708393.0,708393.0
2026-07-09 10:44:00,5262.0,5262.0,5260.0,5260.0,231.0,708393.0,708457.0
2026-07-09 10:45:00,5260.0,5261.0,5259.0,5260.0,673.0,708457.0,708557.0
2026-07-09 10:46:00,5260.0,5260.0,5259.0,5259.0,608.0,708557.0,708929.0
2026-07-09 10:47:00,5259.0,5260.0,5259.0,5259.0,200.0,708929.0,708990.0
2026-07-09 10:48:00,5259.0,5261.0,5259.0,5260.0,319.0,708990.0,708864.0
2026-07-09 10:49:00,5260.0,5261.0,5258.0,5259.0,455.0,708864.0,708717.0
2026-07-09 10:50:00,5259.0,5260.0,5258.0,5259.0,214.0,708717.0,708640.0
2026-07-09 10:51:00,5259.0,5259.0,5257.0,5257.0,1256.0,708640.0,708893.0
2026-07-09 10:52:00,5257.0,5258.0,5252.0,5253.0,3479.0,708893.0,709785.0
2026-07-09 10:53:00,5253.0,5255.0,5252.0,5254.0,2711.0,709785.0,709543.0
2026-07-09 10:54:00,5254.0,5256.0,5254.0,5254.0,1702.0,709543.0,709525.0
2026-07-09 10:55:00,5254.0,5257.0,5254.0,5256.0,693.0,709525.0,709352.0
2026-07-09 10:56:00,5256.0,5257.0,5255.0,5256.0,439.0,709352.0,709378.0
2026-07-09 10:57:00,5256.0,5256.0,5254.0,5255.0,711.0,709378.0,709372.0
2026-07-09 10:58:00,5255.0,5256.0,5253.0,5254.0,1148.0,709372.0,709659.0
2026-07-09 10:59:00,5254.0,5255.0,5253.0,5254.0,727.0,709659.0,709619.0
2026-07-09 11:00:00,5254.0,5256.0,5253.0,5255.0,1114.0,709619.0,709653.0
2026-07-09 11:01:00,5255.0,5256.0,5253.0,5254.0,1399.0,709653.0,710094.0
2026-07-09 11:02:00,5254.0,5255.0,5252.0,5255.0,1662.0,710094.0,710203.0
2026-07-09 11:03:00,5255.0,5255.0,5252.0,5253.0,1470.0,710203.0,710567.0
2026-07-09 11:04:00,5253.0,5254.0,5250.0,5250.0,3356.0,710567.0,711592.0
2026-07-09 11:05:00,5250.0,5252.0,5250.0,5250.0,2095.0,711592.0,712114.0
2026-07-09 11:06:00,5250.0,5250.0,5238.0,5240.0,13025.0,712114.0,712017.0
2026-07-09 11:07:00,5240.0,5241.0,5238.0,5239.0,4307.0,712017.0,712303.0
2026-07-09 11:08:00,5239.0,5242.0,5239.0,5241.0,3054.0,712303.0,712314.0
2026-07-09 11:09:00,5241.0,5241.0,5237.0,5238.0,4942.0,712314.0,711918.0
2026-07-09 11:10:00,5238.0,5239.0,5237.0,5237.0,2068.0,711918.0,711961.0
2026-07-09 11:11:00,5237.0,5239.0,5236.0,5239.0,1827.0,711961.0,711964.0
2026-07-09 11:12:00,5239.0,5241.0,5238.0,5241.0,1954.0,711964.0,712141.0
2026-07-09 11:13:00,5241.0,5242.0,5240.0,5242.0,1183.0,712141.0,712403.0
2026-07-09 11:14:00,5242.0,5242.0,5238.0,5239.0,1715.0,712403.0,712758.0
2026-07-09 11:15:00,5239.0,5242.0,5239.0,5242.0,951.0,712758.0,712765.0
2026-07-09 11:16:00,5242.0,5242.0,5240.0,5240.0,841.0,712765.0,713049.0
2026-07-09 11:17:00,5240.0,5242.0,5240.0,5241.0,1540.0,713049.0,712791.0
2026-07-09 11:18:00,5241.0,5242.0,5240.0,5241.0,817.0,712791.0,712869.0
2026-07-09 11:19:00,5241.0,5241.0,5237.0,5237.0,2281.0,712869.0,712594.0
2026-07-09 11:20:00,5237.0,5242.0,5235.0,5242.0,4504.0,712594.0,711085.0
2026-07-09 11:21:00,5242.0,5244.0,5241.0,5242.0,2309.0,711085.0,710430.0
2026-07-09 11:22:00,5242.0,5244.0,5242.0,5243.0,666.0,710430.0,710329.0
2026-07-09 11:23:00,5243.0,5245.0,5243.0,5243.0,1467.0,710329.0,710279.0
2026-07-09 11:24:00,5243.0,5245.0,5243.0,5244.0,1463.0,710279.0,710412.0
2026-07-09 11:25:00,5244.0,5245.0,5243.0,5245.0,2059.0,710412.0,710292.0
2026-07-09 11:26:00,5245.0,5245.0,5244.0,5245.0,466.0,710292.0,710220.0
2026-07-09 11:27:00,5245.0,5245.0,5243.0,5244.0,577.0,710220.0,710220.0
2026-07-09 11:28:00,5244.0,5244.0,5242.0,5243.0,643.0,710220.0,710145.0
2026-07-09 11:29:00,5243.0,5245.0,5242.0,5244.0,693.0,710145.0,709964.0
2026-07-09 13:30:00,5244.0,5248.0,5243.0,5245.0,3158.0,709964.0,709149.0
2026-07-09 13:31:00,5245.0,5246.0,5244.0,5246.0,1100.0,709149.0,709102.0
2026-07-09 13:32:00,5246.0,5246.0,5244.0,5245.0,699.0,709102.0,709076.0
2026-07-09 13:33:00,5245.0,5246.0,5244.0,5245.0,632.0,709076.0,709155.0
2026-07-09 13:34:00,5245.0,5247.0,5244.0,5247.0,811.0,709155.0,709327.0
2026-07-09 13:35:00,5247.0,5248.0,5246.0,5246.0,1370.0,709327.0,709743.0
2026-07-09 13:36:00,5246.0,5247.0,5244.0,5245.0,1030.0,709743.0,709782.0
2026-07-09 13:37:00,5245.0,5246.0,5245.0,5246.0,196.0,709782.0,709829.0
2026-07-09 13:38:00,5246.0,5247.0,5245.0,5245.0,568.0,709829.0,709851.0
2026-07-09 13:39:00,5245.0,5247.0,5245.0,5247.0,775.0,709851.0,709814.0
2026-07-09 13:40:00,5247.0,5247.0,5243.0,5245.0,1240.0,709814.0,710449.0
2026-07-09 13:41:00,5245.0,5245.0,5243.0,5244.0,982.0,710449.0,710453.0
2026-07-09 13:42:00,5244.0,5246.0,5244.0,5245.0,842.0,710453.0,710426.0
2026-07-09 13:43:00,5245.0,5246.0,5245.0,5245.0,122.0,710426.0,710439.0
2026-07-09 13:44:00,5245.0,5246.0,5245.0,5246.0,373.0,710439.0,710442.0
2026-07-09 13:45:00,5246.0,5247.0,5245.0,5246.0,654.0,710442.0,710346.0
2026-07-09 13:46:00,5246.0,5247.0,5246.0,5247.0,281.0,710346.0,710247.0
2026-07-09 13:47:00,5247.0,5247.0,5244.0,5244.0,1232.0,710247.0,710352.0
2026-07-09 13:48:00,5244.0,5245.0,5243.0,5244.0,886.0,710352.0,710253.0
2026-07-09 13:49:00,5244.0,5247.0,5244.0,5246.0,911.0,710253.0,710285.0
2026-07-09 13:50:00,5246.0,5247.0,5245.0,5246.0,345.0,710285.0,710263.0
2026-07-09 13:51:00,5246.0,5250.0,5246.0,5248.0,1789.0,710263.0,709768.0
2026-07-09 13:52:00,5248.0,5250.0,5248.0,5249.0,756.0,709768.0,709593.0
2026-07-09 13:53:00,5249.0,5250.0,5248.0,5249.0,1283.0,709593.0,709929.0
2026-07-09 13:54:00,5249.0,5250.0,5248.0,5250.0,836.0,709929.0,709685.0
2026-07-09 13:55:00,5250.0,5250.0,5248.0,5248.0,137.0,709685.0,709706.0
2026-07-09 13:56:00,5248.0,5249.0,5247.0,5249.0,1068.0,709706.0,709801.0
2026-07-09 13:57:00,5249.0,5254.0,5249.0,5253.0,2569.0,709801.0,709015.0
2026-07-09 13:58:00,5253.0,5254.0,5252.0,5253.0,1890.0,709015.0,708753.0
2026-07-09 13:59:00,5253.0,5253.0,5250.0,5250.0,999.0,708753.0,708784.0
2026-07-09 14:00:00,5250.0,5251.0,5250.0,5251.0,389.0,708784.0,708883.0
2026-07-09 14:01:00,5251.0,5251.0,5248.0,5249.0,612.0,708883.0,709038.0
2026-07-09 14:02:00,5249.0,5250.0,5248.0,5248.0,530.0,709038.0,709010.0
2026-07-09 14:03:00,5248.0,5251.0,5248.0,5249.0,832.0,709010.0,708928.0
2026-07-09 14:04:00,5249.0,5251.0,5249.0,5250.0,624.0,708928.0,708913.0
2026-07-09 14:05:00,5250.0,5250.0,5249.0,5249.0,219.0,708913.0,708930.0
2026-07-09 14:06:00,5249.0,5251.0,5249.0,5251.0,412.0,708930.0,708818.0
2026-07-09 14:07:00,5251.0,5251.0,5249.0,5249.0,431.0,708818.0,708852.0
2026-07-09 14:08:00,5249.0,5251.0,5249.0,5251.0,665.0,708852.0,708966.0
2026-07-09 14:09:00,5251.0,5253.0,5250.0,5252.0,868.0,708966.0,708881.0
2026-07-09 14:10:00,5252.0,5254.0,5251.0,5252.0,1209.0,708881.0,709023.0
2026-07-09 14:11:00,5252.0,5254.0,5252.0,5252.0,1093.0,709023.0,708866.0
2026-07-09 14:12:00,5252.0,5253.0,5251.0,5252.0,244.0,708866.0,708828.0
2026-07-09 14:13:00,5252.0,5252.0,5250.0,5252.0,968.0,708828.0,708861.0
2026-07-09 14:14:00,5252.0,5253.0,5251.0,5253.0,324.0,708861.0,708918.0
2026-07-09 14:15:00,5253.0,5254.0,5252.0,5253.0,786.0,708918.0,708907.0
2026-07-09 14:16:00,5253.0,5254.0,5252.0,5253.0,656.0,708907.0,708569.0
2026-07-09 14:17:00,5253.0,5253.0,5251.0,5251.0,631.0,708569.0,708640.0
2026-07-09 14:18:00,5251.0,5251.0,5250.0,5251.0,404.0,708640.0,708628.0
2026-07-09 14:19:00,5251.0,5251.0,5249.0,5250.0,986.0,708628.0,708418.0
2026-07-09 14:20:00,5250.0,5251.0,5249.0,5251.0,358.0,708418.0,708323.0
2026-07-09 14:21:00,5251.0,5251.0,5248.0,5249.0,730.0,708323.0,708173.0
2026-07-09 14:22:00,5249.0,5249.0,5248.0,5248.0,606.0,708173.0,708211.0
2026-07-09 14:23:00,5248.0,5250.0,5248.0,5249.0,675.0,708211.0,708238.0
2026-07-09 14:24:00,5249.0,5250.0,5248.0,5249.0,467.0,708238.0,708337.0
2026-07-09 14:25:00,5249.0,5250.0,5248.0,5249.0,688.0,708337.0,708384.0
2026-07-09 14:26:00,5249.0,5249.0,5247.0,5248.0,339.0,708384.0,708447.0
2026-07-09 14:27:00,5248.0,5249.0,5247.0,5249.0,180.0,708447.0,708417.0
2026-07-09 14:28:00,5249.0,5249.0,5247.0,5247.0,668.0,708417.0,708383.0
2026-07-09 14:29:00,5247.0,5248.0,5247.0,5248.0,643.0,708383.0,708276.0
2026-07-09 14:30:00,5248.0,5250.0,5247.0,5250.0,552.0,708276.0,708174.0
2026-07-09 14:31:00,5250.0,5250.0,5248.0,5248.0,517.0,708174.0,708322.0
2026-07-09 14:32:00,5248.0,5249.0,5248.0,5249.0,106.0,708322.0,708345.0
2026-07-09 14:33:00,5249.0,5249.0,5247.0,5247.0,730.0,708345.0,708359.0
2026-07-09 14:34:00,5247.0,5248.0,5246.0,5246.0,658.0,708359.0,708465.0
2026-07-09 14:35:00,5246.0,5247.0,5246.0,5246.0,564.0,708465.0,708488.0
2026-07-09 14:36:00,5246.0,5247.0,5245.0,5247.0,920.0,708488.0,708624.0
2026-07-09 14:37:00,5247.0,5250.0,5246.0,5250.0,544.0,708624.0,708586.0
2026-07-09 14:38:00,5250.0,5250.0,5248.0,5249.0,434.0,708586.0,708717.0
2026-07-09 14:39:00,5249.0,5249.0,5247.0,5248.0,465.0,708717.0,708674.0
2026-07-09 14:40:00,5248.0,5249.0,5247.0,5248.0,224.0,708674.0,708649.0
2026-07-09 14:41:00,5248.0,5249.0,5247.0,5248.0,350.0,708649.0,708664.0
2026-07-09 14:42:00,5248.0,5249.0,5247.0,5249.0,446.0,708664.0,708593.0
2026-07-09 14:43:00,5249.0,5250.0,5248.0,5250.0,578.0,708593.0,708550.0
2026-07-09 14:44:00,5250.0,5251.0,5249.0,5250.0,506.0,708550.0,708657.0
2026-07-09 14:45:00,5250.0,5251.0,5248.0,5249.0,603.0,708657.0,708797.0
2026-07-09 14:46:00,5249.0,5252.0,5249.0,5250.0,1071.0,708797.0,708628.0
2026-07-09 14:47:00,5250.0,5251.0,5249.0,5249.0,834.0,708628.0,708478.0
2026-07-09 14:48:00,5249.0,5251.0,5248.0,5250.0,1639.0,708478.0,707687.0
2026-07-09 14:49:00,5250.0,5252.0,5250.0,5251.0,632.0,707687.0,707662.0
2026-07-09 14:50:00,5251.0,5252.0,5250.0,5251.0,453.0,707662.0,707679.0
2026-07-09 14:51:00,5251.0,5253.0,5251.0,5251.0,1016.0,707679.0,707805.0
2026-07-09 14:52:00,5251.0,5253.0,5251.0,5252.0,970.0,707805.0,707946.0
2026-07-09 14:53:00,5252.0,5252.0,5249.0,5249.0,1357.0,707946.0,707781.0
2026-07-09 14:54:00,5249.0,5250.0,5248.0,5249.0,858.0,707781.0,707767.0
2026-07-09 14:55:00,5249.0,5251.0,5249.0,5251.0,982.0,707767.0,707510.0
2026-07-09 14:56:00,5251.0,5252.0,5250.0,5252.0,912.0,707510.0,707189.0
2026-07-09 14:57:00,5252.0,5253.0,5251.0,5252.0,1124.0,707189.0,707250.0
2026-07-09 14:58:00,5252.0,5252.0,5251.0,5252.0,1040.0,707250.0,707165.0
2026-07-09 14:59:00,5252.0,5252.0,5248.0,5249.0,2422.0,707165.0,706376.0
2026-07-09 21:00:00,5247.0,5257.0,5246.0,5253.0,8579.0,706376.0,706806.0
2026-07-09 21:01:00,5253.0,5256.0,5252.0,5255.0,3601.0,706806.0,707762.0
2026-07-09 21:02:00,5255.0,5256.0,5253.0,5255.0,2819.0,707762.0,708436.0
2026-07-09 21:03:00,5255.0,5256.0,5249.0,5251.0,4113.0,708436.0,709573.0
2026-07-09 21:04:00,5251.0,5252.0,5245.0,5245.0,3172.0,709573.0,710029.0
2026-07-09 21:05:00,5245.0,5246.0,5242.0,5244.0,3749.0,710029.0,710108.0
2026-07-09 21:06:00,5244.0,5245.0,5242.0,5243.0,1940.0,710108.0,710563.0
2026-07-09 21:07:00,5243.0,5245.0,5243.0,5244.0,2064.0,710563.0,710812.0
2026-07-09 21:08:00,5244.0,5245.0,5242.0,5244.0,2707.0,710812.0,711254.0
2026-07-09 21:09:00,5244.0,5244.0,5239.0,5241.0,3585.0,711254.0,712169.0
2026-07-09 21:10:00,5241.0,5243.0,5239.0,5240.0,2583.0,712169.0,712353.0
2026-07-09 21:11:00,5240.0,5241.0,5239.0,5241.0,1637.0,712353.0,712085.0
2026-07-09 21:12:00,5241.0,5242.0,5240.0,5241.0,1365.0,712085.0,711984.0
2026-07-09 21:13:00,5241.0,5242.0,5241.0,5241.0,831.0,711984.0,712062.0
2026-07-09 21:14:00,5241.0,5242.0,5241.0,5241.0,620.0,712062.0,712101.0
2026-07-09 21:15:00,5241.0,5242.0,5239.0,5240.0,2051.0,712101.0,713086.0
2026-07-09 21:16:00,5240.0,5241.0,5239.0,5240.0,1616.0,713086.0,713201.0
2026-07-09 21:17:00,5240.0,5241.0,5239.0,5240.0,881.0,713201.0,713520.0
2026-07-09 21:18:00,5240.0,5240.0,5239.0,5240.0,866.0,713520.0,713611.0
2026-07-09 21:19:00,5240.0,5240.0,5236.0,5239.0,5513.0,713611.0,715725.0
2026-07-09 21:20:00,5239.0,5240.0,5237.0,5237.0,3266.0,715725.0,716383.0
2026-07-09 21:21:00,5237.0,5240.0,5237.0,5240.0,1102.0,716383.0,716335.0
2026-07-09 21:22:00,5240.0,5240.0,5239.0,5240.0,673.0,716335.0,716399.0
2026-07-09 21:23:00,5240.0,5240.0,5237.0,5238.0,2240.0,716399.0,716700.0
2026-07-09 21:24:00,5238.0,5238.0,5237.0,5238.0,718.0,716700.0,716851.0
2026-07-09 21:25:00,5238.0,5240.0,5237.0,5240.0,1655.0,716851.0,717016.0
2026-07-09 21:26:00,5240.0,5240.0,5238.0,5238.0,3291.0,717016.0,716477.0
2026-07-09 21:27:00,5238.0,5241.0,5238.0,5241.0,1674.0,716477.0,716303.0
2026-07-09 21:28:00,5241.0,5242.0,5240.0,5241.0,1315.0,716303.0,716477.0
2026-07-09 21:29:00,5241.0,5242.0,5239.0,5239.0,917.0,716477.0,716746.0
2026-07-09 21:30:00,5239.0,5245.0,5239.0,5245.0,2079.0,716746.0,716989.0
2026-07-09 21:31:00,5245.0,5245.0,5243.0,5243.0,2159.0,716989.0,717758.0
2026-07-09 21:32:00,5243.0,5244.0,5242.0,5244.0,864.0,717758.0,717938.0
2026-07-09 21:33:00,5244.0,5244.0,5242.0,5242.0,587.0,717938.0,717965.0
2026-07-09 21:34:00,5242.0,5243.0,5241.0,5242.0,1413.0,717965.0,718142.0
2026-07-09 21:35:00,5242.0,5243.0,5241.0,5242.0,376.0,718142.0,718152.0
2026-07-09 21:36:00,5242.0,5242.0,5240.0,5241.0,683.0,718152.0,718189.0
2026-07-09 21:37:00,5241.0,5243.0,5241.0,5242.0,553.0,718189.0,718147.0
2026-07-09 21:38:00,5242.0,5243.0,5241.0,5242.0,623.0,718147.0,718388.0
2026-07-09 21:39:00,5242.0,5242.0,5240.0,5242.0,360.0,718388.0,718621.0
2026-07-09 21:40:00,5242.0,5244.0,5241.0,5244.0,729.0,718621.0,718447.0
2026-07-09 21:41:00,5244.0,5244.0,5243.0,5244.0,508.0,718447.0,718663.0
2026-07-09 21:42:00,5244.0,5245.0,5243.0,5245.0,508.0,718663.0,718604.0
2026-07-09 21:43:00,5245.0,5247.0,5244.0,5247.0,1691.0,718604.0,719180.0
2026-07-09 21:44:00,5247.0,5247.0,5245.0,5247.0,886.0,719180.0,719085.0
2026-07-09 21:45:00,5247.0,5250.0,5246.0,5249.0,2276.0,719085.0,718778.0
2026-07-09 21:46:00,5249.0,5250.0,5247.0,5250.0,1194.0,718778.0,718921.0
2026-07-09 21:47:00,5250.0,5250.0,5248.0,5249.0,985.0,718921.0,719071.0
2026-07-09 21:48:00,5249.0,5250.0,5248.0,5248.0,536.0,719071.0,719037.0
2026-07-09 21:49:00,5248.0,5249.0,5247.0,5248.0,722.0,719037.0,719085.0
2026-07-09 21:50:00,5248.0,5249.0,5247.0,5249.0,615.0,719085.0,719111.0
2026-07-09 21:51:00,5249.0,5249.0,5247.0,5248.0,597.0,719111.0,719105.0
2026-07-09 21:52:00,5248.0,5249.0,5248.0,5249.0,236.0,719105.0,719165.0
2026-07-09 21:53:00,5249.0,5249.0,5248.0,5248.0,205.0,719165.0,719218.0
2026-07-09 21:54:00,5248.0,5249.0,5248.0,5249.0,728.0,719218.0,719391.0
2026-07-09 21:55:00,5249.0,5249.0,5246.0,5247.0,1416.0,719391.0,719351.0
2026-07-09 21:56:00,5247.0,5248.0,5247.0,5247.0,477.0,719351.0,719254.0
2026-07-09 21:57:00,5247.0,5249.0,5247.0,5249.0,236.0,719254.0,719164.0
2026-07-09 21:58:00,5249.0,5249.0,5248.0,5249.0,87.0,719164.0,719139.0
2026-07-09 21:59:00,5249.0,5249.0,5247.0,5247.0,561.0,719139.0,719143.0
2026-07-09 22:00:00,5247.0,5248.0,5246.0,5246.0,377.0,719143.0,719034.0
2026-07-09 22:01:00,5246.0,5247.0,5245.0,5247.0,1121.0,719034.0,718427.0
2026-07-09 22:02:00,5247.0,5248.0,5246.0,5247.0,637.0,718427.0,718357.0
2026-07-09 22:03:00,5247.0,5248.0,5247.0,5247.0,268.0,718357.0,718342.0
2026-07-09 22:04:00,5247.0,5247.0,5246.0,5247.0,90.0,718342.0,718367.0
2026-07-09 22:05:00,5247.0,5248.0,5246.0,5248.0,297.0,718367.0,718223.0
2026-07-09 22:06:00,5248.0,5248.0,5247.0,5247.0,197.0,718223.0,718254.0
2026-07-09 22:07:00,5247.0,5248.0,5246.0,5246.0,380.0,718254.0,718325.0
2026-07-09 22:08:00,5246.0,5247.0,5246.0,5246.0,80.0,718325.0,718292.0
2026-07-09 22:09:00,5246.0,5247.0,5245.0,5246.0,1028.0,718292.0,718332.0
2026-07-09 22:10:00,5246.0,5248.0,5246.0,5248.0,330.0,718332.0,718268.0
2026-07-09 22:11:00,5248.0,5248.0,5246.0,5246.0,261.0,718268.0,718201.0
2026-07-09 22:12:00,5246.0,5247.0,5246.0,5246.0,202.0,718201.0,718252.0
2026-07-09 22:13:00,5246.0,5247.0,5246.0,5247.0,48.0,718252.0,718227.0
2026-07-09 22:14:00,5247.0,5247.0,5246.0,5247.0,493.0,718227.0,718115.0
2026-07-09 22:15:00,5247.0,5247.0,5246.0,5247.0,593.0,718115.0,718180.0
2026-07-09 22:16:00,5247.0,5248.0,5247.0,5247.0,261.0,718180.0,718063.0
2026-07-09 22:17:00,5247.0,5248.0,5247.0,5247.0,210.0,718063.0,718074.0
2026-07-09 22:18:00,5247.0,5247.0,5246.0,5247.0,721.0,718074.0,717971.0
2026-07-09 22:19:00,5247.0,5247.0,5246.0,5247.0,41.0,717971.0,717981.0
2026-07-09 22:20:00,5247.0,5247.0,5244.0,5245.0,1710.0,717981.0,718041.0
2026-07-09 22:21:00,5245.0,5245.0,5244.0,5244.0,197.0,718041.0,717992.0
2026-07-09 22:22:00,5244.0,5245.0,5244.0,5245.0,245.0,717992.0,717976.0
2026-07-09 22:23:00,5245.0,5246.0,5244.0,5246.0,541.0,717976.0,717996.0
2026-07-09 22:24:00,5246.0,5246.0,5244.0,5246.0,592.0,717996.0,717840.0
2026-07-09 22:25:00,5246.0,5247.0,5246.0,5247.0,126.0,717840.0,717797.0
2026-07-09 22:26:00,5247.0,5247.0,5245.0,5246.0,195.0,717797.0,717820.0
2026-07-09 22:27:00,5246.0,5246.0,5245.0,5245.0,87.0,717820.0,717829.0
2026-07-09 22:28:00,5245.0,5246.0,5243.0,5244.0,1589.0,717829.0,717247.0
2026-07-09 22:29:00,5244.0,5245.0,5244.0,5245.0,63.0,717247.0,717225.0
2026-07-09 22:30:00,5245.0,5245.0,5244.0,5244.0,249.0,717225.0,717251.0
2026-07-09 22:31:00,5244.0,5246.0,5244.0,5245.0,386.0,717251.0,717372.0
2026-07-09 22:32:00,5245.0,5246.0,5245.0,5246.0,201.0,717372.0,717403.0
2026-07-09 22:33:00,5246.0,5247.0,5245.0,5247.0,490.0,717403.0,717493.0
2026-07-09 22:34:00,5247.0,5247.0,5246.0,5246.0,64.0,717493.0,717507.0
2026-07-09 22:35:00,5246.0,5247.0,5245.0,5246.0,517.0,717507.0,717648.0
2026-07-09 22:36:00,5246.0,5247.0,5245.0,5246.0,358.0,717648.0,717743.0
2026-07-09 22:37:00,5246.0,5247.0,5246.0,5246.0,34.0,717743.0,717759.0
2026-07-09 22:38:00,5246.0,5248.0,5246.0,5247.0,569.0,717759.0,717807.0
2026-07-09 22:39:00,5247.0,5247.0,5246.0,5247.0,55.0,717807.0,717798.0
2026-07-09 22:40:00,5247.0,5247.0,5246.0,5246.0,332.0,717798.0,717695.0
2026-07-09 22:41:00,5246.0,5248.0,5246.0,5248.0,156.0,717695.0,717754.0
2026-07-09 22:42:00,5248.0,5248.0,5247.0,5248.0,327.0,717754.0,717867.0
2026-07-09 22:43:00,5248.0,5249.0,5245.0,5246.0,1327.0,717867.0,718219.0
2026-07-09 22:44:00,5246.0,5246.0,5244.0,5246.0,823.0,718219.0,718594.0
2026-07-09 22:45:00,5246.0,5246.0,5243.0,5243.0,1101.0,718594.0,718694.0
2026-07-09 22:46:00,5243.0,5244.0,5242.0,5244.0,956.0,718694.0,718517.0
2026-07-09 22:47:00,5244.0,5245.0,5244.0,5245.0,173.0,718517.0,718576.0
2026-07-09 22:48:00,5245.0,5245.0,5244.0,5245.0,39.0,718576.0,718572.0
2026-07-09 22:49:00,5245.0,5245.0,5244.0,5245.0,389.0,718572.0,718614.0
2026-07-09 22:50:00,5245.0,5246.0,5245.0,5245.0,292.0,718614.0,718682.0
2026-07-09 22:51:00,5245.0,5246.0,5244.0,5245.0,274.0,718682.0,718617.0
2026-07-09 22:52:00,5245.0,5245.0,5243.0,5243.0,546.0,718617.0,718529.0
2026-07-09 22:53:00,5243.0,5245.0,5243.0,5244.0,320.0,718529.0,718486.0
2026-07-09 22:54:00,5244.0,5246.0,5243.0,5244.0,844.0,718486.0,718716.0
2026-07-09 22:55:00,5244.0,5245.0,5244.0,5245.0,373.0,718716.0,718550.0
2026-07-09 22:56:00,5245.0,5246.0,5244.0,5245.0,302.0,718550.0,718404.0
2026-07-09 22:57:00,5245.0,5246.0,5245.0,5246.0,347.0,718404.0,718399.0
2026-07-09 22:58:00,5246.0,5247.0,5245.0,5246.0,541.0,718399.0,718232.0
2026-07-09 22:59:00,5246.0,5247.0,5246.0,5246.0,615.0,718232.0,718085.0
2026-07-10 09:00:00,5246.0,5248.0,5243.0,5244.0,2302.0,718085.0,718413.0
2026-07-10 09:01:00,5244.0,5246.0,5242.0,5243.0,1918.0,718413.0,718814.0
2026-07-10 09:02:00,5243.0,5243.0,5240.0,5240.0,2774.0,718814.0,719561.0
2026-07-10 09:03:00,5240.0,5243.0,5240.0,5243.0,955.0,719561.0,719676.0
2026-07-10 09:04:00,5243.0,5248.0,5242.0,5247.0,1960.0,719676.0,719921.0
2026-07-10 09:05:00,5247.0,5247.0,5242.0,5245.0,1934.0,719921.0,720289.0
2026-07-10 09:06:00,5245.0,5245.0,5241.0,5241.0,1181.0,720289.0,720973.0
2026-07-10 09:07:00,5241.0,5243.0,5241.0,5243.0,733.0,720973.0,721040.0
2026-07-10 09:08:00,5243.0,5244.0,5242.0,5244.0,396.0,721040.0,721096.0
2026-07-10 09:09:00,5244.0,5244.0,5242.0,5243.0,409.0,721096.0,721243.0
2026-07-10 09:10:00,5243.0,5245.0,5243.0,5244.0,644.0,721243.0,721157.0
2026-07-10 09:11:00,5244.0,5246.0,5244.0,5245.0,461.0,721157.0,721271.0
2026-07-10 09:12:00,5245.0,5248.0,5244.0,5247.0,1110.0,721271.0,721122.0
2026-07-10 09:13:00,5247.0,5252.0,5247.0,5251.0,3695.0,721122.0,720676.0
2026-07-10 09:14:00,5251.0,5252.0,5251.0,5251.0,1620.0,720676.0,720594.0
2026-07-10 09:15:00,5251.0,5254.0,5250.0,5253.0,1635.0,720594.0,720616.0
2026-07-10 09:16:00,5253.0,5253.0,5250.0,5252.0,1547.0,720616.0,720752.0
2026-07-10 09:17:00,5252.0,5254.0,5251.0,5253.0,1117.0,720752.0,720445.0
2026-07-10 09:18:00,5253.0,5254.0,5252.0,5254.0,527.0,720445.0,720426.0
2026-07-10 09:19:00,5254.0,5255.0,5251.0,5252.0,1596.0,720426.0,720492.0
2026-07-10 09:20:00,5252.0,5252.0,5249.0,5250.0,1317.0,720492.0,720941.0
2026-07-10 09:21:00,5250.0,5251.0,5250.0,5250.0,510.0,720941.0,720840.0
2026-07-10 09:22:00,5250.0,5251.0,5249.0,5251.0,662.0,720840.0,720698.0
2026-07-10 09:23:00,5251.0,5253.0,5250.0,5252.0,631.0,720698.0,720674.0
2026-07-10 09:24:00,5252.0,5252.0,5251.0,5252.0,565.0,720674.0,720779.0
2026-07-10 09:25:00,5252.0,5252.0,5251.0,5251.0,361.0,720779.0,720793.0
2026-07-10 09:26:00,5251.0,5254.0,5251.0,5253.0,749.0,720793.0,720782.0
2026-07-10 09:27:00,5253.0,5254.0,5253.0,5254.0,1103.0,720782.0,720638.0
2026-07-10 09:28:00,5254.0,5255.0,5252.0,5254.0,1107.0,720638.0,720461.0
2026-07-10 09:29:00,5254.0,5254.0,5252.0,5253.0,312.0,720461.0,720481.0
2026-07-10 09:30:00,5253.0,5253.0,5251.0,5252.0,882.0,720481.0,720441.0
2026-07-10 09:31:00,5252.0,5253.0,5250.0,5251.0,673.0,720441.0,720505.0
2026-07-10 09:32:00,5251.0,5251.0,5248.0,5249.0,1034.0,720505.0,720470.0
2026-07-10 09:33:00,5249.0,5251.0,5249.0,5250.0,400.0,720470.0,720334.0
2026-07-10 09:34:00,5250.0,5251.0,5250.0,5251.0,169.0,720334.0,720257.0
2026-07-10 09:35:00,5251.0,5253.0,5250.0,5252.0,1055.0,720257.0,720065.0
2026-07-10 09:36:00,5252.0,5252.0,5250.0,5251.0,598.0,720065.0,719969.0
2026-07-10 09:37:00,5251.0,5253.0,5250.0,5253.0,564.0,719969.0,719845.0
2026-07-10 09:38:00,5253.0,5254.0,5251.0,5254.0,689.0,719845.0,719798.0
2026-07-10 09:39:00,5254.0,5254.0,5252.0,5254.0,363.0,719798.0,719729.0
2026-07-10 09:40:00,5254.0,5256.0,5252.0,5254.0,1798.0,719729.0,719783.0
2026-07-10 09:41:00,5254.0,5255.0,5252.0,5252.0,844.0,719783.0,719709.0
2026-07-10 09:42:00,5252.0,5254.0,5252.0,5254.0,411.0,719709.0,719700.0
2026-07-10 09:43:00,5254.0,5256.0,5253.0,5256.0,749.0,719700.0,719666.0
2026-07-10 09:44:00,5256.0,5256.0,5255.0,5255.0,954.0,719666.0,719496.0
2026-07-10 09:45:00,5255.0,5259.0,5255.0,5259.0,2423.0,719496.0,719063.0
2026-07-10 09:46:00,5259.0,5260.0,5258.0,5259.0,1934.0,719063.0,719049.0
2026-07-10 09:47:00,5259.0,5261.0,5259.0,5260.0,2159.0,719049.0,719109.0
2026-07-10 09:48:00,5260.0,5261.0,5259.0,5260.0,767.0,719109.0,718978.0
2026-07-10 09:49:00,5260.0,5261.0,5258.0,5259.0,1479.0,718978.0,719449.0
2026-07-10 09:50:00,5259.0,5261.0,5259.0,5260.0,867.0,719449.0,719722.0
2026-07-10 09:51:00,5260.0,5263.0,5260.0,5261.0,2102.0,719722.0,719490.0
2026-07-10 09:52:00,5261.0,5264.0,5261.0,5261.0,1492.0,719490.0,719251.0
2026-07-10 09:53:00,5261.0,5263.0,5259.0,5260.0,1875.0,719251.0,719692.0
2026-07-10 09:54:00,5260.0,5262.0,5260.0,5262.0,921.0,719692.0,719571.0
2026-07-10 09:55:00,5262.0,5262.0,5260.0,5262.0,1391.0,719571.0,719794.0
2026-07-10 09:56:00,5262.0,5265.0,5261.0,5264.0,1405.0,719794.0,719787.0
2026-07-10 09:57:00,5264.0,5267.0,5263.0,5267.0,2910.0,719787.0,720089.0
2026-07-10 09:58:00,5267.0,5267.0,5265.0,5265.0,1121.0,720089.0,720211.0
2026-07-10 09:59:00,5265.0,5267.0,5265.0,5266.0,1248.0,720211.0,720253.0
2026-07-10 10:00:00,5266.0,5266.0,5263.0,5263.0,1786.0,720253.0,720137.0
2026-07-10 10:01:00,5263.0,5264.0,5260.0,5261.0,1032.0,720137.0,719758.0
2026-07-10 10:02:00,5261.0,5262.0,5260.0,5261.0,938.0,719758.0,719658.0
2026-07-10 10:03:00,5261.0,5263.0,5261.0,5262.0,819.0,719658.0,719472.0
2026-07-10 10:04:00,5262.0,5264.0,5261.0,5262.0,894.0,719472.0,719519.0
2026-07-10 10:05:00,5262.0,5265.0,5262.0,5263.0,1208.0,719519.0,719581.0
2026-07-10 10:06:00,5263.0,5266.0,5263.0,5265.0,1131.0,719581.0,719193.0
2026-07-10 10:07:00,5265.0,5267.0,5264.0,5266.0,1090.0,719193.0,719178.0
2026-07-10 10:08:00,5266.0,5270.0,5265.0,5268.0,2803.0,719178.0,718699.0
2026-07-10 10:09:00,5268.0,5270.0,5268.0,5269.0,1275.0,718699.0,718538.0
2026-07-10 10:10:00,5269.0,5270.0,5266.0,5267.0,1386.0,718538.0,718369.0
2026-07-10 10:11:00,5267.0,5268.0,5266.0,5267.0,1183.0,718369.0,717954.0
2026-07-10 10:12:00,5267.0,5268.0,5266.0,5267.0,461.0,717954.0,717906.0
2026-07-10 10:13:00,5267.0,5268.0,5266.0,5267.0,252.0,717906.0,717841.0
2026-07-10 10:14:00,5267.0,5268.0,5266.0,5267.0,463.0,717841.0,717709.0
2026-07-10 10:30:00,5268.0,5270.0,5265.0,5266.0,2336.0,717709.0,717007.0
2026-07-10 10:31:00,5266.0,5268.0,5266.0,5267.0,1105.0,717007.0,716855.0
2026-07-10 10:32:00,5267.0,5268.0,5267.0,5267.0,522.0,716855.0,716671.0
2026-07-10 10:33:00,5267.0,5268.0,5266.0,5267.0,698.0,716671.0,716446.0
2026-07-10 10:34:00,5267.0,5268.0,5266.0,5266.0,808.0,716446.0,716262.0
2026-07-10 10:35:00,5266.0,5270.0,5266.0,5270.0,1196.0,716262.0,716433.0
2026-07-10 10:36:00,5270.0,5271.0,5269.0,5271.0,1326.0,716433.0,716336.0
2026-07-10 10:37:00,5271.0,5271.0,5266.0,5266.0,1574.0,716336.0,716213.0
2026-07-10 10:38:00,5266.0,5268.0,5266.0,5268.0,1557.0,716213.0,715664.0
2026-07-10 10:39:00,5268.0,5269.0,5267.0,5269.0,1800.0,715664.0,715536.0
2026-07-10 10:40:00,5269.0,5270.0,5268.0,5270.0,1140.0,715536.0,715277.0
2026-07-10 10:41:00,5270.0,5271.0,5269.0,5270.0,1487.0,715277.0,715124.0
2026-07-10 10:42:00,5270.0,5272.0,5270.0,5271.0,1150.0,715124.0,714821.0
2026-07-10 10:43:00,5271.0,5271.0,5270.0,5270.0,326.0,714821.0,714730.0
2026-07-10 10:44:00,5270.0,5271.0,5270.0,5271.0,642.0,714730.0,714569.0
2026-07-10 10:45:00,5271.0,5271.0,5268.0,5269.0,849.0,714569.0,714446.0
2026-07-10 10:46:00,5269.0,5269.0,5265.0,5267.0,2025.0,714446.0,713800.0
2026-07-10 10:47:00,5267.0,5269.0,5267.0,5269.0,890.0,713800.0,713492.0
2026-07-10 10:48:00,5269.0,5269.0,5267.0,5267.0,654.0,713492.0,713239.0
2026-07-10 10:49:00,5267.0,5269.0,5266.0,5268.0,596.0,713239.0,713076.0
2026-07-10 10:50:00,5268.0,5271.0,5268.0,5271.0,1148.0,713076.0,712666.0
2026-07-10 10:51:00,5271.0,5274.0,5270.0,5273.0,2757.0,712666.0,711933.0
2026-07-10 10:52:00,5273.0,5273.0,5272.0,5272.0,791.0,711933.0,711669.0
2026-07-10 10:53:00,5272.0,5281.0,5272.0,5280.0,7228.0,711669.0,711976.0
2026-07-10 10:54:00,5280.0,5280.0,5279.0,5279.0,2392.0,711976.0,711714.0
2026-07-10 10:55:00,5279.0,5280.0,5276.0,5276.0,3236.0,711714.0,711111.0
2026-07-10 10:56:00,5276.0,5279.0,5276.0,5279.0,1802.0,711111.0,710691.0
2026-07-10 10:57:00,5279.0,5280.0,5278.0,5280.0,1644.0,710691.0,710586.0
2026-07-10 10:58:00,5280.0,5280.0,5277.0,5279.0,2211.0,710586.0,710559.0
2026-07-10 10:59:00,5279.0,5281.0,5277.0,5279.0,1878.0,710559.0,710413.0
2026-07-10 11:00:00,5279.0,5281.0,5278.0,5279.0,2216.0,710413.0,710320.0
2026-07-10 11:01:00,5279.0,5280.0,5278.0,5278.0,1581.0,710320.0,709678.0
2026-07-10 11:02:00,5278.0,5282.0,5276.0,5281.0,3702.0,709678.0,709044.0
2026-07-10 11:03:00,5281.0,5282.0,5278.0,5279.0,1979.0,709044.0,708852.0
2026-07-10 11:04:00,5279.0,5279.0,5278.0,5278.0,850.0,708852.0,708695.0
2026-07-10 11:05:00,5278.0,5281.0,5278.0,5280.0,1227.0,708695.0,708475.0
2026-07-10 11:06:00,5280.0,5282.0,5280.0,5280.0,1870.0,708475.0,708380.0
2026-07-10 11:07:00,5280.0,5281.0,5279.0,5280.0,1119.0,708380.0,708153.0
2026-07-10 11:08:00,5280.0,5284.0,5280.0,5283.0,1941.0,708153.0,707643.0
2026-07-10 11:09:00,5283.0,5283.0,5282.0,5282.0,792.0,707643.0,707490.0
2026-07-10 11:10:00,5282.0,5284.0,5281.0,5282.0,1232.0,707490.0,707151.0
2026-07-10 11:11:00,5282.0,5284.0,5282.0,5283.0,1359.0,707151.0,707100.0
2026-07-10 11:12:00,5283.0,5283.0,5281.0,5281.0,702.0,707100.0,707065.0
2026-07-10 11:13:00,5281.0,5282.0,5278.0,5278.0,1532.0,707065.0,706515.0
2026-07-10 11:14:00,5278.0,5279.0,5276.0,5277.0,3190.0,706515.0,706459.0
2026-07-10 11:15:00,5277.0,5279.0,5277.0,5278.0,2550.0,706459.0,705588.0
2026-07-10 11:16:00,5278.0,5280.0,5278.0,5279.0,872.0,705588.0,705333.0
2026-07-10 11:17:00,5279.0,5279.0,5275.0,5275.0,2135.0,705333.0,705042.0
2026-07-10 11:18:00,5275.0,5276.0,5274.0,5276.0,1913.0,705042.0,704288.0
2026-07-10 11:19:00,5276.0,5277.0,5275.0,5276.0,791.0,704288.0,704133.0
2026-07-10 11:20:00,5276.0,5277.0,5273.0,5273.0,1287.0,704133.0,703797.0
2026-07-10 11:21:00,5273.0,5279.0,5273.0,5278.0,1611.0,703797.0,703811.0
2026-07-10 11:22:00,5278.0,5281.0,5277.0,5279.0,2534.0,703811.0,704219.0
2026-07-10 11:23:00,5279.0,5283.0,5278.0,5281.0,2300.0,704219.0,704441.0
2026-07-10 11:24:00,5281.0,5282.0,5278.0,5279.0,1110.0,704441.0,704297.0
2026-07-10 11:25:00,5279.0,5280.0,5277.0,5280.0,1199.0,704297.0,704025.0
2026-07-10 11:26:00,5280.0,5280.0,5277.0,5277.0,667.0,704025.0,703961.0
2026-07-10 11:27:00,5277.0,5278.0,5276.0,5278.0,476.0,703961.0,703842.0
2026-07-10 11:28:00,5278.0,5278.0,5276.0,5277.0,662.0,703842.0,703908.0
2026-07-10 11:29:00,5277.0,5280.0,5277.0,5279.0,551.0,703908.0,703831.0
2026-07-10 13:30:00,5279.0,5280.0,5277.0,5279.0,2494.0,703831.0,703436.0
2026-07-10 13:31:00,5279.0,5281.0,5279.0,5281.0,1600.0,703436.0,702995.0
2026-07-10 13:32:00,5281.0,5282.0,5280.0,5282.0,1542.0,702995.0,702846.0
2026-07-10 13:33:00,5282.0,5282.0,5279.0,5280.0,1286.0,702846.0,702553.0
2026-07-10 13:34:00,5280.0,5282.0,5279.0,5279.0,1285.0,702553.0,702040.0
2026-07-10 13:35:00,5279.0,5280.0,5279.0,5280.0,1063.0,702040.0,701895.0
2026-07-10 13:36:00,5280.0,5280.0,5279.0,5280.0,530.0,701895.0,701915.0
2026-07-10 13:37:00,5280.0,5280.0,5277.0,5280.0,1109.0,701915.0,701792.0
2026-07-10 13:38:00,5280.0,5280.0,5277.0,5278.0,1054.0,701792.0,701452.0
2026-07-10 13:39:00,5278.0,5279.0,5277.0,5278.0,794.0,701452.0,701261.0
2026-07-10 13:40:00,5278.0,5278.0,5274.0,5276.0,1614.0,701261.0,700690.0
2026-07-10 13:41:00,5276.0,5277.0,5275.0,5275.0,633.0,700690.0,700568.0
2026-07-10 13:42:00,5275.0,5277.0,5275.0,5276.0,466.0,700568.0,700592.0
2026-07-10 13:43:00,5276.0,5277.0,5275.0,5275.0,655.0,700592.0,700445.0
2026-07-10 13:44:00,5275.0,5277.0,5275.0,5275.0,623.0,700445.0,700275.0
2026-07-10 13:45:00,5275.0,5276.0,5273.0,5274.0,2061.0,700275.0,699739.0
2026-07-10 13:46:00,5274.0,5274.0,5271.0,5272.0,1467.0,699739.0,699240.0
2026-07-10 13:47:00,5272.0,5274.0,5271.0,5273.0,1395.0,699240.0,698926.0
2026-07-10 13:48:00,5273.0,5274.0,5271.0,5272.0,946.0,698926.0,698871.0
2026-07-10 13:49:00,5272.0,5272.0,5267.0,5268.0,2217.0,698871.0,698399.0
2026-07-10 13:50:00,5268.0,5270.0,5268.0,5270.0,1192.0,698399.0,698119.0
2026-07-10 13:51:00,5270.0,5271.0,5269.0,5270.0,610.0,698119.0,697953.0
2026-07-10 13:52:00,5270.0,5270.0,5268.0,5269.0,817.0,697953.0,698225.0
2026-07-10 13:53:00,5269.0,5271.0,5268.0,5271.0,428.0,698225.0,698086.0
2026-07-10 13:54:00,5271.0,5272.0,5270.0,5271.0,842.0,698086.0,697793.0
2026-07-10 13:55:00,5271.0,5271.0,5269.0,5270.0,579.0,697793.0,697630.0
2026-07-10 13:56:00,5270.0,5270.0,5268.0,5268.0,840.0,697630.0,697849.0
2026-07-10 13:57:00,5268.0,5270.0,5268.0,5269.0,544.0,697849.0,697712.0
2026-07-10 13:58:00,5269.0,5270.0,5268.0,5269.0,313.0,697712.0,697630.0
2026-07-10 13:59:00,5269.0,5270.0,5269.0,5269.0,142.0,697630.0,697599.0
2026-07-10 14:00:00,5269.0,5270.0,5268.0,5269.0,900.0,697599.0,697412.0
2026-07-10 14:01:00,5269.0,5270.0,5268.0,5269.0,621.0,697412.0,697429.0
2026-07-10 14:02:00,5269.0,5269.0,5268.0,5268.0,310.0,697429.0,697350.0
2026-07-10 14:03:00,5268.0,5271.0,5268.0,5270.0,872.0,697350.0,697209.0
2026-07-10 14:04:00,5270.0,5270.0,5267.0,5267.0,1683.0,697209.0,697195.0
2026-07-10 14:05:00,5267.0,5269.0,5267.0,5269.0,646.0,697195.0,697039.0
2026-07-10 14:06:00,5269.0,5269.0,5265.0,5267.0,2623.0,697039.0,697545.0
2026-07-10 14:07:00,5267.0,5268.0,5266.0,5267.0,818.0,697545.0,697364.0
2026-07-10 14:08:00,5267.0,5269.0,5267.0,5268.0,633.0,697364.0,697309.0
2026-07-10 14:09:00,5268.0,5268.0,5266.0,5267.0,802.0,697309.0,697122.0
2026-07-10 14:10:00,5267.0,5269.0,5266.0,5268.0,897.0,697122.0,697019.0
2026-07-10 14:11:00,5268.0,5268.0,5266.0,5267.0,535.0,697019.0,697016.0
2026-07-10 14:12:00,5267.0,5268.0,5266.0,5268.0,387.0,697016.0,696995.0
2026-07-10 14:13:00,5268.0,5268.0,5265.0,5265.0,792.0,696995.0,696824.0
2026-07-10 14:14:00,5265.0,5267.0,5265.0,5266.0,586.0,696824.0,696796.0
2026-07-10 14:15:00,5266.0,5267.0,5266.0,5266.0,409.0,696796.0,696857.0
2026-07-10 14:16:00,5266.0,5269.0,5266.0,5268.0,936.0,696857.0,696734.0
2026-07-10 14:17:00,5268.0,5269.0,5266.0,5267.0,589.0,696734.0,696562.0
2026-07-10 14:18:00,5267.0,5268.0,5266.0,5268.0,538.0,696562.0,696499.0
2026-07-10 14:19:00,5268.0,5268.0,5266.0,5266.0,404.0,696499.0,696478.0
2026-07-10 14:20:00,5266.0,5269.0,5266.0,5269.0,907.0,696478.0,696341.0
2026-07-10 14:21:00,5269.0,5270.0,5268.0,5268.0,867.0,696341.0,696324.0
2026-07-10 14:22:00,5268.0,5270.0,5267.0,5270.0,483.0,696324.0,696392.0
2026-07-10 14:23:00,5270.0,5271.0,5269.0,5270.0,772.0,696392.0,696187.0
2026-07-10 14:24:00,5270.0,5272.0,5270.0,5272.0,768.0,696187.0,696251.0
2026-07-10 14:25:00,5272.0,5272.0,5270.0,5272.0,897.0,696251.0,696436.0
2026-07-10 14:26:00,5272.0,5273.0,5271.0,5272.0,1216.0,696436.0,696477.0
2026-07-10 14:27:00,5272.0,5273.0,5272.0,5272.0,923.0,696477.0,696374.0
2026-07-10 14:28:00,5272.0,5273.0,5271.0,5272.0,518.0,696374.0,696321.0
2026-07-10 14:29:00,5272.0,5272.0,5270.0,5271.0,1460.0,696321.0,696643.0
2026-07-10 14:30:00,5271.0,5273.0,5270.0,5273.0,1009.0,696643.0,696601.0
2026-07-10 14:31:00,5273.0,5276.0,5273.0,5274.0,2741.0,696601.0,695869.0
2026-07-10 14:32:00,5274.0,5276.0,5274.0,5276.0,690.0,695869.0,695904.0
2026-07-10 14:33:00,5276.0,5278.0,5276.0,5277.0,2933.0,695904.0,695545.0
2026-07-10 14:34:00,5277.0,5278.0,5276.0,5276.0,1112.0,695545.0,695243.0
2026-07-10 14:35:00,5276.0,5279.0,5276.0,5278.0,1139.0,695243.0,695141.0
2026-07-10 14:36:00,5278.0,5279.0,5277.0,5277.0,1108.0,695141.0,694803.0
2026-07-10 14:37:00,5277.0,5278.0,5276.0,5276.0,1355.0,694803.0,694789.0
2026-07-10 14:38:00,5276.0,5279.0,5276.0,5278.0,942.0,694789.0,694476.0
2026-07-10 14:39:00,5278.0,5279.0,5278.0,5278.0,460.0,694476.0,694338.0
2026-07-10 14:40:00,5278.0,5280.0,5278.0,5280.0,1749.0,694338.0,694393.0
2026-07-10 14:41:00,5280.0,5282.0,5279.0,5280.0,1280.0,694393.0,694354.0
2026-07-10 14:42:00,5280.0,5280.0,5278.0,5279.0,504.0,694354.0,694270.0
2026-07-10 14:43:00,5279.0,5279.0,5278.0,5278.0,404.0,694270.0,694365.0
2026-07-10 14:44:00,5278.0,5280.0,5278.0,5279.0,878.0,694365.0,694302.0
2026-07-10 14:45:00,5279.0,5281.0,5278.0,5279.0,1466.0,694302.0,694014.0
2026-07-10 14:46:00,5279.0,5280.0,5278.0,5278.0,881.0,694014.0,693847.0
2026-07-10 14:47:00,5278.0,5279.0,5278.0,5278.0,345.0,693847.0,693689.0
2026-07-10 14:48:00,5278.0,5279.0,5275.0,5275.0,1331.0,693689.0,693291.0
2026-07-10 14:49:00,5275.0,5277.0,5275.0,5277.0,1039.0,693291.0,693126.0
2026-07-10 14:50:00,5277.0,5277.0,5275.0,5277.0,739.0,693126.0,693009.0
2026-07-10 14:51:00,5277.0,5278.0,5276.0,5276.0,1076.0,693009.0,692840.0
2026-07-10 14:52:00,5276.0,5277.0,5276.0,5277.0,780.0,692840.0,692571.0
2026-07-10 14:53:00,5277.0,5281.0,5276.0,5280.0,2285.0,692571.0,693092.0
2026-07-10 14:54:00,5280.0,5285.0,5280.0,5283.0,5528.0,693092.0,693353.0
2026-07-10 14:55:00,5283.0,5288.0,5283.0,5285.0,5097.0,693353.0,692678.0
2026-07-10 14:56:00,5285.0,5287.0,5284.0,5285.0,2509.0,692678.0,692077.0
2026-07-10 14:57:00,5285.0,5285.0,5283.0,5285.0,1315.0,692077.0,691732.0
2026-07-10 14:58:00,5285.0,5285.0,5282.0,5283.0,2053.0,691732.0,691285.0
2026-07-10 14:59:00,5283.0,5285.0,5282.0,5284.0,1653.0,691285.0,691029.0
2026-07-10 21:00:00,5274.0,5276.0,5266.0,5275.0,10507.0,691029.0,692045.0
2026-07-10 21:01:00,5275.0,5275.0,5273.0,5275.0,3014.0,692045.0,691692.0
2026-07-10 21:02:00,5275.0,5275.0,5270.0,5270.0,3811.0,691692.0,691894.0
2026-07-10 21:03:00,5270.0,5273.0,5270.0,5271.0,3089.0,691894.0,692137.0
2026-07-10 21:04:00,5271.0,5274.0,5271.0,5274.0,1373.0,692137.0,692325.0
2026-07-10 21:05:00,5274.0,5276.0,5271.0,5276.0,3864.0,692325.0,691516.0
2026-07-10 21:06:00,5276.0,5279.0,5274.0,5278.0,2506.0,691516.0,691022.0
2026-07-10 21:07:00,5278.0,5278.0,5271.0,5272.0,2825.0,691022.0,691108.0
2026-07-10 21:08:00,5272.0,5274.0,5272.0,5273.0,686.0,691108.0,691217.0
2026-07-10 21:09:00,5273.0,5274.0,5272.0,5274.0,772.0,691217.0,691136.0
2026-07-10 21:10:00,5274.0,5274.0,5270.0,5270.0,1617.0,691136.0,691585.0
2026-07-10 21:11:00,5270.0,5271.0,5268.0,5269.0,2499.0,691585.0,691130.0
2026-07-10 21:12:00,5269.0,5270.0,5268.0,5269.0,1197.0,691130.0,691145.0
2026-07-10 21:13:00,5269.0,5270.0,5262.0,5263.0,5014.0,691145.0,691763.0
2026-07-10 21:14:00,5263.0,5265.0,5263.0,5265.0,1832.0,691763.0,691976.0
2026-07-10 21:15:00,5265.0,5266.0,5264.0,5266.0,1083.0,691976.0,691990.0
2026-07-10 21:16:00,5266.0,5266.0,5264.0,5264.0,1065.0,691990.0,691953.0
2026-07-10 21:17:00,5264.0,5267.0,5264.0,5267.0,1480.0,691953.0,691896.0
2026-07-10 21:18:00,5267.0,5269.0,5266.0,5268.0,1508.0,691896.0,691865.0
2026-07-10 21:19:00,5268.0,5271.0,5268.0,5271.0,1753.0,691865.0,691775.0
2026-07-10 21:20:00,5271.0,5271.0,5269.0,5269.0,873.0,691775.0,691934.0
2026-07-10 21:21:00,5269.0,5270.0,5269.0,5269.0,985.0,691934.0,691986.0
2026-07-10 21:22:00,5269.0,5270.0,5268.0,5268.0,621.0,691986.0,691821.0
2026-07-10 21:23:00,5268.0,5269.0,5266.0,5266.0,1024.0,691821.0,691995.0
2026-07-10 21:24:00,5266.0,5268.0,5265.0,5265.0,1078.0,691995.0,691921.0
2026-07-10 21:25:00,5265.0,5266.0,5262.0,5263.0,3431.0,691921.0,692458.0
2026-07-10 21:26:00,5263.0,5264.0,5262.0,5262.0,1287.0,692458.0,692347.0
2026-07-10 21:27:00,5262.0,5263.0,5262.0,5263.0,1205.0,692347.0,692498.0
2026-07-10 21:28:00,5263.0,5263.0,5260.0,5261.0,3027.0,692498.0,692980.0
2026-07-10 21:29:00,5261.0,5262.0,5260.0,5261.0,535.0,692980.0,692966.0
2026-07-10 21:30:00,5261.0,5263.0,5260.0,5263.0,1183.0,692966.0,692977.0
2026-07-10 21:31:00,5263.0,5265.0,5262.0,5264.0,1591.0,692977.0,692543.0
2026-07-10 21:32:00,5264.0,5265.0,5263.0,5265.0,359.0,692543.0,692639.0
2026-07-10 21:33:00,5265.0,5265.0,5263.0,5264.0,2791.0,692639.0,693240.0
2026-07-10 21:34:00,5264.0,5265.0,5262.0,5264.0,1318.0,693240.0,693067.0
2026-07-10 21:35:00,5264.0,5265.0,5263.0,5265.0,1921.0,693067.0,692773.0
2026-07-10 21:36:00,5265.0,5266.0,5265.0,5266.0,704.0,692773.0,692703.0
2026-07-10 21:37:00,5266.0,5266.0,5264.0,5264.0,826.0,692703.0,692905.0
2026-07-10 21:38:00,5264.0,5266.0,5263.0,5264.0,1006.0,692905.0,692599.0
2026-07-10 21:39:00,5264.0,5264.0,5262.0,5263.0,571.0,692599.0,692539.0
2026-07-10 21:40:00,5263.0,5265.0,5263.0,5264.0,468.0,692539.0,692495.0
2026-07-10 21:41:00,5264.0,5265.0,5263.0,5265.0,301.0,692495.0,692471.0
2026-07-10 21:42:00,5265.0,5266.0,5264.0,5265.0,450.0,692471.0,692432.0
2026-07-10 21:43:00,5265.0,5265.0,5263.0,5264.0,728.0,692432.0,692671.0
2026-07-10 21:44:00,5264.0,5265.0,5262.0,5263.0,642.0,692671.0,692829.0
2026-07-10 21:45:00,5263.0,5265.0,5262.0,5264.0,953.0,692829.0,692760.0
2026-07-10 21:46:00,5264.0,5265.0,5264.0,5264.0,228.0,692760.0,692783.0
2026-07-10 21:47:00,5264.0,5265.0,5264.0,5264.0,688.0,692783.0,692590.0
2026-07-10 21:48:00,5264.0,5266.0,5264.0,5265.0,910.0,692590.0,692896.0
2026-07-10 21:49:00,5265.0,5266.0,5265.0,5266.0,395.0,692896.0,692744.0
2026-07-10 21:50:00,5266.0,5269.0,5265.0,5267.0,1333.0,692744.0,692976.0
2026-07-10 21:51:00,5267.0,5269.0,5267.0,5268.0,540.0,692976.0,693013.0
2026-07-10 21:52:00,5268.0,5269.0,5268.0,5268.0,198.0,693013.0,693041.0
2026-07-10 21:53:00,5268.0,5269.0,5268.0,5268.0,522.0,693041.0,693148.0
2026-07-10 21:54:00,5268.0,5269.0,5267.0,5268.0,386.0,693148.0,693236.0
2026-07-10 21:55:00,5268.0,5268.0,5266.0,5266.0,312.0,693236.0,693207.0
2026-07-10 21:56:00,5266.0,5268.0,5266.0,5267.0,476.0,693207.0,693135.0
2026-07-10 21:57:00,5267.0,5267.0,5265.0,5265.0,635.0,693135.0,693121.0
2026-07-10 21:58:00,5265.0,5266.0,5265.0,5265.0,615.0,693121.0,693090.0
2026-07-10 21:59:00,5265.0,5267.0,5265.0,5265.0,466.0,693090.0,693036.0
2026-07-10 22:00:00,5265.0,5267.0,5265.0,5265.0,678.0,693036.0,692903.0
2026-07-10 22:01:00,5265.0,5266.0,5265.0,5265.0,413.0,692903.0,692781.0
2026-07-10 22:02:00,5265.0,5266.0,5263.0,5263.0,1577.0,692781.0,692869.0
2026-07-10 22:03:00,5263.0,5264.0,5263.0,5264.0,427.0,692869.0,692913.0
2026-07-10 22:04:00,5264.0,5264.0,5262.0,5263.0,1157.0,692913.0,692958.0
2026-07-10 22:05:00,5263.0,5265.0,5263.0,5264.0,498.0,692958.0,693042.0
2026-07-10 22:06:00,5264.0,5265.0,5263.0,5264.0,347.0,693042.0,693137.0
2026-07-10 22:07:00,5264.0,5264.0,5263.0,5264.0,322.0,693137.0,693111.0
2026-07-10 22:08:00,5264.0,5264.0,5262.0,5264.0,1191.0,693111.0,693324.0
2026-07-10 22:09:00,5264.0,5265.0,5263.0,5263.0,314.0,693324.0,693442.0
2026-07-10 22:10:00,5263.0,5264.0,5263.0,5263.0,159.0,693442.0,693399.0
2026-07-10 22:11:00,5263.0,5265.0,5263.0,5265.0,266.0,693399.0,693352.0
2026-07-10 22:12:00,5265.0,5265.0,5264.0,5264.0,559.0,693352.0,693151.0
2026-07-10 22:13:00,5264.0,5266.0,5263.0,5266.0,1690.0,693151.0,692497.0
2026-07-10 22:14:00,5266.0,5266.0,5264.0,5265.0,232.0,692497.0,692437.0
2026-07-10 22:15:00,5265.0,5265.0,5263.0,5264.0,223.0,692437.0,692390.0
2026-07-10 22:16:00,5264.0,5266.0,5264.0,5264.0,501.0,692390.0,692303.0
2026-07-10 22:17:00,5264.0,5265.0,5263.0,5263.0,194.0,692303.0,692352.0
2026-07-10 22:18:00,5263.0,5264.0,5263.0,5263.0,1054.0,692352.0,692431.0
2026-07-10 22:19:00,5263.0,5264.0,5261.0,5261.0,722.0,692431.0,692605.0
2026-07-10 22:20:00,5261.0,5262.0,5261.0,5261.0,754.0,692605.0,692728.0
2026-07-10 22:21:00,5261.0,5264.0,5261.0,5263.0,967.0,692728.0,692630.0
2026-07-10 22:22:00,5263.0,5263.0,5261.0,5262.0,494.0,692630.0,692896.0
2026-07-10 22:23:00,5262.0,5263.0,5261.0,5262.0,268.0,692896.0,692948.0
2026-07-10 22:24:00,5262.0,5264.0,5261.0,5262.0,567.0,692948.0,692973.0
2026-07-10 22:25:00,5262.0,5262.0,5260.0,5262.0,1304.0,692973.0,693054.0
2026-07-10 22:26:00,5262.0,5262.0,5261.0,5262.0,222.0,693054.0,692996.0
2026-07-10 22:27:00,5262.0,5262.0,5261.0,5262.0,210.0,692996.0,693018.0
2026-07-10 22:28:00,5262.0,5262.0,5261.0,5262.0,348.0,693018.0,692964.0
2026-07-10 22:29:00,5262.0,5264.0,5261.0,5263.0,626.0,692964.0,692780.0
2026-07-10 22:30:00,5263.0,5263.0,5261.0,5261.0,357.0,692780.0,692878.0
2026-07-10 22:31:00,5261.0,5263.0,5261.0,5262.0,482.0,692878.0,692900.0
2026-07-10 22:32:00,5262.0,5264.0,5261.0,5264.0,547.0,692900.0,692789.0
2026-07-10 22:33:00,5264.0,5265.0,5262.0,5264.0,771.0,692789.0,692659.0
2026-07-10 22:34:00,5264.0,5264.0,5263.0,5264.0,109.0,692659.0,692688.0
2026-07-10 22:35:00,5264.0,5264.0,5261.0,5262.0,551.0,692688.0,692922.0
2026-07-10 22:36:00,5262.0,5262.0,5261.0,5262.0,166.0,692922.0,692936.0
2026-07-10 22:37:00,5262.0,5262.0,5261.0,5262.0,1009.0,692936.0,692855.0
2026-07-10 22:38:00,5262.0,5262.0,5261.0,5262.0,66.0,692855.0,692853.0
2026-07-10 22:39:00,5262.0,5263.0,5261.0,5262.0,539.0,692853.0,692807.0
2026-07-10 22:40:00,5262.0,5262.0,5260.0,5261.0,487.0,692807.0,692747.0
2026-07-10 22:41:00,5261.0,5262.0,5260.0,5261.0,454.0,692747.0,692726.0
2026-07-10 22:42:00,5261.0,5262.0,5260.0,5261.0,468.0,692726.0,692755.0
2026-07-10 22:43:00,5261.0,5262.0,5261.0,5262.0,182.0,692755.0,692851.0
2026-07-10 22:44:00,5262.0,5263.0,5261.0,5262.0,570.0,692851.0,692684.0
2026-07-10 22:45:00,5262.0,5262.0,5260.0,5261.0,392.0,692684.0,692597.0
2026-07-10 22:46:00,5261.0,5261.0,5260.0,5260.0,457.0,692597.0,692600.0
2026-07-10 22:47:00,5260.0,5262.0,5260.0,5261.0,371.0,692600.0,692466.0
2026-07-10 22:48:00,5261.0,5263.0,5261.0,5262.0,427.0,692466.0,692430.0
2026-07-10 22:49:00,5262.0,5264.0,5262.0,5264.0,498.0,692430.0,692476.0
2026-07-10 22:50:00,5264.0,5264.0,5262.0,5263.0,610.0,692476.0,692343.0
2026-07-10 22:51:00,5263.0,5263.0,5261.0,5262.0,301.0,692343.0,692437.0
2026-07-10 22:52:00,5262.0,5263.0,5261.0,5263.0,343.0,692437.0,692469.0
2026-07-10 22:53:00,5263.0,5263.0,5262.0,5262.0,222.0,692469.0,692482.0
2026-07-10 22:54:00,5262.0,5263.0,5262.0,5262.0,318.0,692482.0,692433.0
2026-07-10 22:55:00,5262.0,5262.0,5261.0,5261.0,317.0,692433.0,692437.0
2026-07-10 22:56:00,5261.0,5262.0,5261.0,5262.0,243.0,692437.0,692362.0
2026-07-10 22:57:00,5262.0,5262.0,5261.0,5261.0,228.0,692362.0,692301.0
2026-07-10 22:58:00,5261.0,5262.0,5261.0,5261.0,494.0,692301.0,692254.0
2026-07-10 22:59:00,5261.0,5262.0,5260.0,5261.0,1241.0,692254.0,691901.0
2026-07-13 09:00:00,5261.0,5270.0,5260.0,5268.0,7084.0,691901.0,692110.0
2026-07-13 09:01:00,5268.0,5274.0,5265.0,5270.0,5129.0,692110.0,691752.0
2026-07-13 09:02:00,5270.0,5271.0,5269.0,5269.0,1276.0,691752.0,691539.0
2026-07-13 09:03:00,5269.0,5270.0,5266.0,5266.0,1694.0,691539.0,691483.0
2026-07-13 09:04:00,5266.0,5267.0,5263.0,5266.0,2221.0,691483.0,691604.0
2026-07-13 09:05:00,5266.0,5268.0,5263.0,5266.0,1744.0,691604.0,692065.0
2026-07-13 09:06:00,5266.0,5266.0,5265.0,5265.0,853.0,692065.0,692042.0
2026-07-13 09:07:00,5265.0,5269.0,5265.0,5269.0,1260.0,692042.0,691767.0
2026-07-13 09:08:00,5269.0,5272.0,5268.0,5270.0,2392.0,691767.0,691481.0
2026-07-13 09:09:00,5270.0,5273.0,5270.0,5273.0,1730.0,691481.0,691653.0
2026-07-13 09:10:00,5273.0,5273.0,5270.0,5272.0,986.0,691653.0,691744.0
2026-07-13 09:11:00,5272.0,5273.0,5271.0,5272.0,765.0,691744.0,691662.0
2026-07-13 09:12:00,5272.0,5275.0,5272.0,5273.0,2269.0,691662.0,691712.0
2026-07-13 09:13:00,5273.0,5273.0,5270.0,5270.0,897.0,691712.0,691903.0
2026-07-13 09:14:00,5270.0,5272.0,5269.0,5272.0,891.0,691903.0,691799.0
2026-07-13 09:15:00,5272.0,5272.0,5269.0,5271.0,913.0,691799.0,691678.0
2026-07-13 09:16:00,5271.0,5272.0,5271.0,5271.0,381.0,691678.0,691707.0
2026-07-13 09:17:00,5271.0,5273.0,5270.0,5270.0,1111.0,691707.0,691919.0
2026-07-13 09:18:00,5270.0,5271.0,5268.0,5269.0,877.0,691919.0,691660.0
2026-07-13 09:19:00,5269.0,5269.0,5267.0,5267.0,1057.0,691660.0,691514.0
2026-07-13 09:20:00,5267.0,5270.0,5267.0,5270.0,1110.0,691514.0,691510.0
2026-07-13 09:21:00,5270.0,5270.0,5268.0,5269.0,633.0,691510.0,691473.0
2026-07-13 09:22:00,5269.0,5270.0,5267.0,5269.0,727.0,691473.0,691438.0
2026-07-13 09:23:00,5269.0,5271.0,5269.0,5270.0,521.0,691438.0,691507.0
2026-07-13 09:24:00,5270.0,5270.0,5267.0,5268.0,467.0,691507.0,691445.0
2026-07-13 09:25:00,5268.0,5268.0,5266.0,5267.0,649.0,691445.0,691505.0
2026-07-13 09:26:00,5267.0,5267.0,5266.0,5267.0,289.0,691505.0,691527.0
2026-07-13 09:27:00,5267.0,5267.0,5265.0,5266.0,1301.0,691527.0,691938.0
2026-07-13 09:28:00,5266.0,5267.0,5265.0,5267.0,787.0,691938.0,691818.0
2026-07-13 09:29:00,5267.0,5268.0,5266.0,5267.0,268.0,691818.0,691796.0
2026-07-13 09:30:00,5267.0,5270.0,5267.0,5269.0,799.0,691796.0,691898.0
2026-07-13 09:31:00,5269.0,5270.0,5268.0,5269.0,555.0,691898.0,691784.0
2026-07-13 09:32:00,5269.0,5273.0,5269.0,5272.0,1163.0,691784.0,691747.0
2026-07-13 09:33:00,5272.0,5273.0,5271.0,5271.0,860.0,691747.0,691888.0
2026-07-13 09:34:00,5271.0,5273.0,5271.0,5272.0,849.0,691888.0,691954.0
2026-07-13 09:35:00,5272.0,5273.0,5271.0,5271.0,786.0,691954.0,691998.0
2026-07-13 09:36:00,5271.0,5274.0,5271.0,5274.0,1112.0,691998.0,692131.0
2026-07-13 09:37:00,5274.0,5275.0,5273.0,5274.0,1607.0,692131.0,691989.0
2026-07-13 09:38:00,5274.0,5275.0,5270.0,5270.0,965.0,691989.0,691883.0
2026-07-13 09:39:00,5270.0,5271.0,5270.0,5270.0,1188.0,691883.0,691951.0
2026-07-13 09:40:00,5270.0,5271.0,5269.0,5270.0,822.0,691951.0,691688.0
2026-07-13 09:41:00,5270.0,5272.0,5269.0,5269.0,621.0,691688.0,691788.0
2026-07-13 09:42:00,5269.0,5270.0,5269.0,5270.0,826.0,691788.0,691477.0
2026-07-13 09:43:00,5270.0,5270.0,5266.0,5268.0,1479.0,691477.0,691496.0
2026-07-13 09:44:00,5268.0,5272.0,5267.0,5272.0,763.0,691496.0,691344.0
2026-07-13 09:45:00,5272.0,5273.0,5271.0,5273.0,427.0,691344.0,691273.0
2026-07-13 09:46:00,5273.0,5275.0,5272.0,5274.0,1230.0,691273.0,691435.0
2026-07-13 09:47:00,5274.0,5274.0,5272.0,5273.0,1120.0,691435.0,691507.0
2026-07-13 09:48:00,5273.0,5273.0,5271.0,5271.0,437.0,691507.0,691323.0
2026-07-13 09:49:00,5271.0,5273.0,5270.0,5272.0,1076.0,691323.0,691144.0
2026-07-13 09:50:00,5272.0,5273.0,5271.0,5271.0,340.0,691144.0,691108.0
2026-07-13 09:51:00,5271.0,5271.0,5266.0,5267.0,1094.0,691108.0,690730.0
2026-07-13 09:52:00,5267.0,5269.0,5266.0,5267.0,829.0,690730.0,690795.0
2026-07-13 09:53:00,5267.0,5268.0,5266.0,5267.0,522.0,690795.0,690629.0
2026-07-13 09:54:00,5267.0,5269.0,5267.0,5267.0,743.0,690629.0,690571.0
2026-07-13 09:55:00,5267.0,5268.0,5264.0,5264.0,1891.0,690571.0,690786.0
2026-07-13 09:56:00,5264.0,5266.0,5263.0,5265.0,1278.0,690786.0,690518.0
2026-07-13 09:57:00,5265.0,5265.0,5263.0,5263.0,1053.0,690518.0,690478.0
2026-07-13 09:58:00,5263.0,5264.0,5262.0,5262.0,1233.0,690478.0,690286.0
2026-07-13 09:59:00,5262.0,5264.0,5262.0,5263.0,859.0,690286.0,690114.0
2026-07-13 10:00:00,5263.0,5263.0,5258.0,5261.0,5164.0,690114.0,690119.0
2026-07-13 10:01:00,5261.0,5261.0,5255.0,5257.0,3283.0,690119.0,689925.0
2026-07-13 10:02:00,5257.0,5259.0,5256.0,5258.0,2122.0,689925.0,690227.0
2026-07-13 10:03:00,5258.0,5259.0,5256.0,5258.0,1252.0,690227.0,690454.0
2026-07-13 10:04:00,5258.0,5261.0,5258.0,5260.0,1349.0,690454.0,690124.0
2026-07-13 10:05:00,5260.0,5261.0,5259.0,5259.0,969.0,690124.0,690147.0
2026-07-13 10:06:00,5259.0,5263.0,5259.0,5261.0,1128.0,690147.0,689848.0
2026-07-13 10:07:00,5261.0,5263.0,5261.0,5262.0,710.0,689848.0,689731.0
2026-07-13 10:08:00,5262.0,5263.0,5262.0,5263.0,297.0,689731.0,689648.0
2026-07-13 10:09:00,5263.0,5266.0,5262.0,5266.0,1526.0,689648.0,689189.0
2026-07-13 10:10:00,5266.0,5269.0,5266.0,5268.0,2162.0,689189.0,689156.0
2026-07-13 10:11:00,5268.0,5269.0,5267.0,5268.0,1097.0,689156.0,689111.0
2026-07-13 10:12:00,5268.0,5272.0,5268.0,5269.0,1939.0,689111.0,689071.0
2026-07-13 10:13:00,5269.0,5270.0,5269.0,5269.0,527.0,689071.0,688989.0
2026-07-13 10:14:00,5269.0,5271.0,5269.0,5271.0,843.0,688989.0,689012.0
2026-07-13 10:30:00,5270.0,5273.0,5269.0,5269.0,3526.0,689012.0,688098.0
2026-07-13 10:31:00,5269.0,5270.0,5268.0,5268.0,927.0,688098.0,688410.0
2026-07-13 10:32:00,5268.0,5269.0,5266.0,5266.0,793.0,688410.0,688423.0
2026-07-13 10:33:00,5266.0,5269.0,5266.0,5267.0,671.0,688423.0,688517.0
2026-07-13 10:34:00,5267.0,5270.0,5267.0,5269.0,1018.0,688517.0,688421.0
2026-07-13 10:35:00,5269.0,5270.0,5269.0,5269.0,288.0,688421.0,688430.0
2026-07-13 10:36:00,5269.0,5270.0,5268.0,5268.0,550.0,688430.0,688230.0
2026-07-13 10:37:00,5268.0,5269.0,5267.0,5267.0,643.0,688230.0,688352.0
2026-07-13 10:38:00,5267.0,5270.0,5267.0,5270.0,1755.0,688352.0,687851.0
2026-07-13 10:39:00,5270.0,5271.0,5268.0,5269.0,820.0,687851.0,687802.0
2026-07-13 10:40:00,5269.0,5269.0,5267.0,5268.0,382.0,687802.0,687707.0
2026-07-13 10:41:00,5268.0,5269.0,5267.0,5268.0,658.0,687707.0,687529.0
2026-07-13 10:42:00,5268.0,5268.0,5267.0,5267.0,160.0,687529.0,687463.0
2026-07-13 10:43:00,5267.0,5269.0,5267.0,5269.0,744.0,687463.0,687389.0
2026-07-13 10:44:00,5269.0,5272.0,5268.0,5271.0,1467.0,687389.0,687322.0
2026-07-13 10:45:00,5271.0,5272.0,5270.0,5271.0,887.0,687322.0,687283.0
2026-07-13 10:46:00,5271.0,5271.0,5268.0,5268.0,605.0,687283.0,687306.0
2026-07-13 10:47:00,5268.0,5269.0,5268.0,5268.0,198.0,687306.0,687219.0
2026-07-13 10:48:00,5268.0,5269.0,5266.0,5267.0,913.0,687219.0,687058.0
2026-07-13 10:49:00,5267.0,5267.0,5266.0,5266.0,484.0,687058.0,687118.0
2026-07-13 10:50:00,5266.0,5268.0,5266.0,5268.0,549.0,687118.0,686965.0
2026-07-13 10:51:00,5268.0,5268.0,5266.0,5267.0,536.0,686965.0,686889.0
2026-07-13 10:52:00,5267.0,5270.0,5267.0,5269.0,704.0,686889.0,686840.0
2026-07-13 10:53:00,5269.0,5271.0,5269.0,5271.0,1153.0,686840.0,686940.0
2026-07-13 10:54:00,5271.0,5272.0,5269.0,5269.0,540.0,686940.0,686812.0
2026-07-13 10:55:00,5269.0,5270.0,5267.0,5267.0,428.0,686812.0,686800.0
2026-07-13 10:56:00,5267.0,5268.0,5265.0,5265.0,1490.0,686800.0,686356.0
2026-07-13 10:57:00,5265.0,5267.0,5265.0,5267.0,478.0,686356.0,686432.0
2026-07-13 10:58:00,5267.0,5270.0,5266.0,5269.0,864.0,686432.0,686278.0
2026-07-13 10:59:00,5269.0,5270.0,5268.0,5269.0,303.0,686278.0,686236.0
2026-07-13 11:00:00,5269.0,5270.0,5268.0,5269.0,428.0,686236.0,686221.0
2026-07-13 11:01:00,5269.0,5271.0,5268.0,5270.0,763.0,686221.0,686223.0
2026-07-13 11:02:00,5270.0,5270.0,5268.0,5269.0,541.0,686223.0,685981.0
2026-07-13 11:03:00,5269.0,5270.0,5267.0,5267.0,679.0,685981.0,686079.0
2026-07-13 11:04:00,5267.0,5268.0,5267.0,5267.0,106.0,686079.0,686069.0
2026-07-13 11:05:00,5267.0,5269.0,5267.0,5268.0,249.0,686069.0,686138.0
2026-07-13 11:06:00,5268.0,5270.0,5268.0,5270.0,692.0,686138.0,686131.0
2026-07-13 11:07:00,5270.0,5271.0,5269.0,5271.0,695.0,686131.0,686000.0
2026-07-13 11:08:00,5271.0,5272.0,5270.0,5271.0,1224.0,686000.0,686067.0
2026-07-13 11:09:00,5271.0,5272.0,5270.0,5271.0,759.0,686067.0,686051.0
2026-07-13 11:10:00,5271.0,5272.0,5270.0,5271.0,492.0,686051.0,685976.0
2026-07-13 11:11:00,5271.0,5271.0,5267.0,5268.0,632.0,685976.0,685867.0
2026-07-13 11:12:00,5268.0,5269.0,5267.0,5268.0,326.0,685867.0,685832.0
2026-07-13 11:13:00,5268.0,5269.0,5267.0,5269.0,407.0,685832.0,685632.0
2026-07-13 11:14:00,5269.0,5270.0,5268.0,5269.0,452.0,685632.0,685505.0
2026-07-13 11:15:00,5269.0,5271.0,5269.0,5270.0,399.0,685505.0,685476.0
2026-07-13 11:16:00,5270.0,5271.0,5269.0,5269.0,660.0,685476.0,685439.0
2026-07-13 11:17:00,5269.0,5271.0,5269.0,5271.0,143.0,685439.0,685504.0
2026-07-13 11:18:00,5271.0,5271.0,5270.0,5270.0,325.0,685504.0,685563.0
2026-07-13 11:19:00,5270.0,5270.0,5269.0,5270.0,427.0,685563.0,685451.0
2026-07-13 11:20:00,5270.0,5270.0,5268.0,5269.0,664.0,685451.0,685457.0
2026-07-13 11:21:00,5269.0,5269.0,5268.0,5269.0,327.0,685457.0,685426.0
2026-07-13 11:22:00,5269.0,5269.0,5267.0,5267.0,529.0,685426.0,685242.0
2026-07-13 11:23:00,5267.0,5270.0,5267.0,5267.0,1018.0,685242.0,685282.0
2026-07-13 11:24:00,5267.0,5268.0,5266.0,5267.0,413.0,685282.0,685350.0
2026-07-13 11:25:00,5267.0,5267.0,5266.0,5267.0,350.0,685350.0,685254.0
2026-07-13 11:26:00,5267.0,5268.0,5266.0,5267.0,332.0,685254.0,685225.0
2026-07-13 11:27:00,5267.0,5269.0,5267.0,5268.0,204.0,685225.0,685172.0
2026-07-13 11:28:00,5268.0,5268.0,5267.0,5267.0,117.0,685172.0,685133.0
2026-07-13 11:29:00,5267.0,5268.0,5266.0,5268.0,465.0,685133.0,685026.0
2026-07-13 13:30:00,5269.0,5269.0,5264.0,5265.0,1754.0,685026.0,684944.0
2026-07-13 13:31:00,5265.0,5267.0,5265.0,5266.0,1037.0,684944.0,684815.0
2026-07-13 13:32:00,5266.0,5269.0,5266.0,5268.0,487.0,684815.0,684869.0
2026-07-13 13:33:00,5268.0,5270.0,5268.0,5268.0,262.0,684869.0,684841.0
2026-07-13 13:34:00,5268.0,5269.0,5267.0,5268.0,646.0,684841.0,684941.0
2026-07-13 13:35:00,5268.0,5269.0,5267.0,5269.0,458.0,684941.0,684858.0
2026-07-13 13:36:00,5269.0,5269.0,5267.0,5268.0,134.0,684858.0,684860.0
2026-07-13 13:37:00,5268.0,5268.0,5267.0,5268.0,278.0,684860.0,684886.0
2026-07-13 13:38:00,5268.0,5268.0,5267.0,5267.0,546.0,684886.0,684970.0
2026-07-13 13:39:00,5267.0,5267.0,5266.0,5266.0,205.0,684970.0,684881.0
2026-07-13 13:40:00,5266.0,5268.0,5266.0,5267.0,646.0,684881.0,684774.0
2026-07-13 13:41:00,5267.0,5267.0,5265.0,5266.0,695.0,684774.0,684885.0
2026-07-13 13:42:00,5266.0,5266.0,5265.0,5265.0,66.0,684885.0,684908.0
2026-07-13 13:43:00,5265.0,5266.0,5264.0,5264.0,390.0,684908.0,684957.0
2026-07-13 13:44:00,5264.0,5266.0,5264.0,5266.0,734.0,684957.0,684951.0
2026-07-13 13:45:00,5266.0,5267.0,5264.0,5264.0,710.0,684951.0,684849.0
2026-07-13 13:46:00,5264.0,5265.0,5263.0,5264.0,557.0,684849.0,684989.0
2026-07-13 13:47:00,5264.0,5264.0,5262.0,5262.0,1024.0,684989.0,685166.0
2026-07-13 13:48:00,5262.0,5263.0,5261.0,5262.0,1237.0,685166.0,685371.0
2026-07-13 13:49:00,5262.0,5263.0,5257.0,5258.0,3861.0,685371.0,685900.0
2026-07-13 13:50:00,5258.0,5260.0,5258.0,5258.0,1225.0,685900.0,686041.0
2026-07-13 13:51:00,5258.0,5259.0,5258.0,5259.0,627.0,686041.0,686118.0
2026-07-13 13:52:00,5259.0,5259.0,5258.0,5259.0,706.0,686118.0,686206.0
2026-07-13 13:53:00,5259.0,5259.0,5257.0,5257.0,1383.0,686206.0,686551.0
2026-07-13 13:54:00,5257.0,5259.0,5257.0,5259.0,961.0,686551.0,686743.0
2026-07-13 13:55:00,5259.0,5260.0,5258.0,5259.0,801.0,686743.0,686717.0
2026-07-13 13:56:00,5259.0,5260.0,5256.0,5256.0,1953.0,686717.0,686670.0
2026-07-13 13:57:00,5256.0,5257.0,5255.0,5255.0,1215.0,686670.0,686758.0
2026-07-13 13:58:00,5255.0,5258.0,5255.0,5257.0,901.0,686758.0,686699.0
2026-07-13 13:59:00,5257.0,5257.0,5256.0,5256.0,289.0,686699.0,686755.0
2026-07-13 14:00:00,5256.0,5259.0,5256.0,5258.0,1207.0,686755.0,686657.0
2026-07-13 14:01:00,5258.0,5259.0,5257.0,5259.0,294.0,686657.0,686742.0
2026-07-13 14:02:00,5259.0,5259.0,5258.0,5259.0,174.0,686742.0,686785.0
2026-07-13 14:03:00,5259.0,5260.0,5258.0,5259.0,947.0,686785.0,687124.0
2026-07-13 14:04:00,5259.0,5261.0,5259.0,5260.0,1079.0,687124.0,687041.0
2026-07-13 14:05:00,5260.0,5260.0,5259.0,5260.0,404.0,687041.0,687010.0
2026-07-13 14:06:00,5260.0,5260.0,5257.0,5257.0,1056.0,687010.0,687104.0
2026-07-13 14:07:00,5257.0,5258.0,5256.0,5258.0,1197.0,687104.0,686610.0
2026-07-13 14:08:00,5258.0,5258.0,5256.0,5257.0,388.0,686610.0,686476.0
2026-07-13 14:09:00,5257.0,5257.0,5255.0,5256.0,821.0,686476.0,686540.0
2026-07-13 14:10:00,5256.0,5257.0,5254.0,5255.0,678.0,686540.0,686452.0
2026-07-13 14:11:00,5255.0,5256.0,5253.0,5253.0,1447.0,686452.0,686478.0
2026-07-13 14:12:00,5253.0,5254.0,5250.0,5250.0,4051.0,686478.0,687148.0
2026-07-13 14:13:00,5250.0,5251.0,5248.0,5248.0,3927.0,687148.0,687130.0
2026-07-13 14:14:00,5248.0,5251.0,5248.0,5250.0,1799.0,687130.0,686982.0
2026-07-13 14:15:00,5250.0,5251.0,5249.0,5250.0,1431.0,686982.0,687030.0
2026-07-13 14:16:00,5250.0,5251.0,5249.0,5250.0,613.0,687030.0,687163.0
2026-07-13 14:17:00,5250.0,5252.0,5249.0,5252.0,1148.0,687163.0,687418.0
2026-07-13 14:18:00,5252.0,5252.0,5250.0,5251.0,883.0,687418.0,687595.0
2026-07-13 14:19:00,5251.0,5252.0,5250.0,5252.0,721.0,687595.0,687522.0
2026-07-13 14:20:00,5252.0,5253.0,5251.0,5252.0,895.0,687522.0,687253.0
2026-07-13 14:21:00,5252.0,5252.0,5251.0,5252.0,444.0,687253.0,687204.0
2026-07-13 14:22:00,5252.0,5252.0,5250.0,5252.0,520.0,687204.0,687174.0
2026-07-13 14:23:00,5252.0,5252.0,5250.0,5250.0,877.0,687174.0,687013.0
2026-07-13 14:24:00,5250.0,5251.0,5250.0,5250.0,319.0,687013.0,686884.0
2026-07-13 14:25:00,5250.0,5251.0,5249.0,5249.0,789.0,686884.0,687096.0
2026-07-13 14:26:00,5249.0,5251.0,5249.0,5249.0,1063.0,687096.0,687094.0
2026-07-13 14:27:00,5249.0,5251.0,5249.0,5250.0,299.0,687094.0,687141.0
2026-07-13 14:28:00,5250.0,5252.0,5249.0,5252.0,445.0,687141.0,687050.0
2026-07-13 14:29:00,5252.0,5253.0,5250.0,5251.0,866.0,687050.0,687063.0
2026-07-13 14:30:00,5251.0,5252.0,5250.0,5250.0,617.0,687063.0,687259.0
2026-07-13 14:31:00,5250.0,5251.0,5249.0,5251.0,419.0,687259.0,687302.0
2026-07-13 14:32:00,5251.0,5251.0,5250.0,5251.0,804.0,687302.0,687403.0
2026-07-13 14:33:00,5251.0,5251.0,5249.0,5249.0,323.0,687403.0,687522.0
2026-07-13 14:34:00,5249.0,5250.0,5249.0,5250.0,491.0,687522.0,687510.0
2026-07-13 14:35:00,5250.0,5253.0,5250.0,5252.0,1324.0,687510.0,687299.0
2026-07-13 14:36:00,5252.0,5254.0,5252.0,5253.0,1017.0,687299.0,687051.0
2026-07-13 14:37:00,5253.0,5254.0,5251.0,5252.0,553.0,687051.0,686926.0
2026-07-13 14:38:00,5252.0,5252.0,5251.0,5252.0,133.0,686926.0,686901.0
2026-07-13 14:39:00,5252.0,5253.0,5251.0,5253.0,647.0,686901.0,686967.0
2026-07-13 14:40:00,5253.0,5254.0,5252.0,5252.0,367.0,686967.0,686943.0
2026-07-13 14:41:00,5252.0,5253.0,5252.0,5253.0,505.0,686943.0,686743.0
2026-07-13 14:42:00,5253.0,5253.0,5251.0,5251.0,344.0,686743.0,686790.0
2026-07-13 14:43:00,5251.0,5252.0,5251.0,5252.0,495.0,686790.0,686779.0
2026-07-13 14:44:00,5252.0,5253.0,5252.0,5252.0,141.0,686779.0,686735.0
2026-07-13 14:45:00,5252.0,5253.0,5251.0,5252.0,891.0,686735.0,686577.0
2026-07-13 14:46:00,5252.0,5252.0,5250.0,5251.0,681.0,686577.0,686629.0
2026-07-13 14:47:00,5251.0,5251.0,5250.0,5250.0,243.0,686629.0,686608.0
2026-07-13 14:48:00,5250.0,5251.0,5249.0,5250.0,782.0,686608.0,686547.0
2026-07-13 14:49:00,5250.0,5250.0,5249.0,5249.0,379.0,686547.0,686565.0
2026-07-13 14:50:00,5249.0,5252.0,5249.0,5252.0,1451.0,686565.0,686818.0
2026-07-13 14:51:00,5252.0,5252.0,5251.0,5251.0,621.0,686818.0,686833.0
2026-07-13 14:52:00,5251.0,5253.0,5250.0,5250.0,768.0,686833.0,686952.0
2026-07-13 14:53:00,5250.0,5253.0,5250.0,5253.0,894.0,686952.0,686752.0
2026-07-13 14:54:00,5253.0,5255.0,5252.0,5253.0,1459.0,686752.0,686581.0
2026-07-13 14:55:00,5253.0,5254.0,5252.0,5254.0,478.0,686581.0,686551.0
2026-07-13 14:56:00,5254.0,5256.0,5253.0,5256.0,1230.0,686551.0,686279.0
2026-07-13 14:57:00,5256.0,5256.0,5254.0,5255.0,1170.0,686279.0,686162.0
2026-07-13 14:58:00,5255.0,5257.0,5255.0,5256.0,1235.0,686162.0,685958.0
2026-07-13 14:59:00,5256.0,5257.0,5255.0,5255.0,1377.0,685958.0,685646.0
2026-07-13 21:00:00,5260.0,5260.0,5254.0,5255.0,6422.0,685646.0,687785.0
2026-07-13 21:01:00,5255.0,5256.0,5252.0,5253.0,2861.0,687785.0,688324.0
2026-07-13 21:02:00,5253.0,5255.0,5252.0,5253.0,2022.0,688324.0,688614.0
2026-07-13 21:03:00,5253.0,5254.0,5252.0,5252.0,735.0,688614.0,688936.0
2026-07-13 21:04:00,5252.0,5253.0,5249.0,5251.0,2552.0,688936.0,689784.0
2026-07-13 21:05:00,5251.0,5253.0,5249.0,5249.0,1826.0,689784.0,690152.0
2026-07-13 21:06:00,5249.0,5250.0,5245.0,5246.0,3763.0,690152.0,689922.0
2026-07-13 21:07:00,5246.0,5246.0,5245.0,5245.0,1284.0,689922.0,690339.0
2026-07-13 21:08:00,5245.0,5248.0,5245.0,5248.0,1609.0,690339.0,690214.0
2026-07-13 21:09:00,5248.0,5250.0,5248.0,5250.0,1215.0,690214.0,690179.0
2026-07-13 21:10:00,5250.0,5252.0,5250.0,5252.0,1627.0,690179.0,690486.0
2026-07-13 21:11:00,5252.0,5252.0,5250.0,5251.0,1001.0,690486.0,690572.0
2026-07-13 21:12:00,5251.0,5252.0,5250.0,5251.0,475.0,690572.0,690737.0
2026-07-13 21:13:00,5251.0,5252.0,5250.0,5252.0,498.0,690737.0,690977.0
2026-07-13 21:14:00,5252.0,5253.0,5251.0,5252.0,562.0,690977.0,690915.0
2026-07-13 21:15:00,5252.0,5254.0,5250.0,5251.0,1898.0,690915.0,691059.0
2026-07-13 21:16:00,5251.0,5251.0,5247.0,5247.0,1964.0,691059.0,691013.0
2026-07-13 21:17:00,5247.0,5249.0,5247.0,5248.0,670.0,691013.0,691009.0
2026-07-13 21:18:00,5248.0,5250.0,5247.0,5250.0,640.0,691009.0,691114.0
2026-07-13 21:19:00,5250.0,5251.0,5249.0,5251.0,709.0,691114.0,691167.0
2026-07-13 21:20:00,5251.0,5251.0,5250.0,5250.0,1072.0,691167.0,691643.0
2026-07-13 21:21:00,5250.0,5253.0,5250.0,5252.0,857.0,691643.0,691505.0
2026-07-13 21:22:00,5252.0,5252.0,5250.0,5251.0,520.0,691505.0,691348.0
2026-07-13 21:23:00,5251.0,5251.0,5250.0,5250.0,265.0,691348.0,691424.0
2026-07-13 21:24:00,5250.0,5252.0,5250.0,5252.0,346.0,691424.0,691489.0
2026-07-13 21:25:00,5252.0,5254.0,5251.0,5253.0,457.0,691489.0,691473.0
2026-07-13 21:26:00,5253.0,5254.0,5252.0,5252.0,466.0,691473.0,691490.0
2026-07-13 21:27:00,5252.0,5254.0,5252.0,5252.0,388.0,691490.0,691372.0
2026-07-13 21:28:00,5252.0,5253.0,5249.0,5251.0,1283.0,691372.0,691675.0
2026-07-13 21:29:00,5251.0,5252.0,5250.0,5250.0,620.0,691675.0,691809.0
2026-07-13 21:30:00,5250.0,5252.0,5249.0,5252.0,688.0,691809.0,691743.0
2026-07-13 21:31:00,5252.0,5253.0,5250.0,5250.0,524.0,691743.0,691637.0
2026-07-13 21:32:00,5250.0,5253.0,5250.0,5252.0,540.0,691637.0,691484.0
2026-07-13 21:33:00,5252.0,5252.0,5251.0,5252.0,142.0,691484.0,691481.0
2026-07-13 21:34:00,5252.0,5252.0,5250.0,5251.0,597.0,691481.0,691335.0
2026-07-13 21:35:00,5251.0,5253.0,5250.0,5253.0,548.0,691335.0,691096.0
2026-07-13 21:36:00,5253.0,5253.0,5250.0,5252.0,703.0,691096.0,691139.0
2026-07-13 21:37:00,5252.0,5252.0,5251.0,5252.0,63.0,691139.0,691145.0
2026-07-13 21:38:00,5252.0,5253.0,5251.0,5253.0,593.0,691145.0,691017.0
2026-07-13 21:39:00,5253.0,5254.0,5252.0,5254.0,479.0,691017.0,691060.0
2026-07-13 21:40:00,5254.0,5256.0,5253.0,5254.0,2011.0,691060.0,690555.0
2026-07-13 21:41:00,5254.0,5257.0,5254.0,5256.0,1347.0,690555.0,690421.0
2026-07-13 21:42:00,5256.0,5256.0,5255.0,5255.0,704.0,690421.0,690500.0
2026-07-13 21:43:00,5255.0,5255.0,5253.0,5254.0,553.0,690500.0,690546.0
2026-07-13 21:44:00,5254.0,5255.0,5253.0,5253.0,336.0,690546.0,690549.0
2026-07-13 21:45:00,5253.0,5254.0,5253.0,5254.0,199.0,690549.0,690550.0
2026-07-13 21:46:00,5254.0,5254.0,5253.0,5254.0,163.0,690550.0,690568.0
2026-07-13 21:47:00,5254.0,5254.0,5251.0,5253.0,698.0,690568.0,690683.0
2026-07-13 21:48:00,5253.0,5254.0,5252.0,5252.0,97.0,690683.0,690662.0
2026-07-13 21:49:00,5252.0,5253.0,5252.0,5252.0,46.0,690662.0,690667.0
2026-07-13 21:50:00,5252.0,5253.0,5252.0,5253.0,137.0,690667.0,690698.0
2026-07-13 21:51:00,5253.0,5253.0,5251.0,5251.0,367.0,690698.0,690611.0
2026-07-13 21:52:00,5251.0,5252.0,5251.0,5251.0,469.0,690611.0,690571.0
2026-07-13 21:53:00,5251.0,5252.0,5250.0,5251.0,451.0,690571.0,690494.0
2026-07-13 21:54:00,5251.0,5252.0,5250.0,5251.0,323.0,690494.0,690500.0
2026-07-13 21:55:00,5251.0,5254.0,5251.0,5253.0,499.0,690500.0,690398.0
2026-07-13 21:56:00,5253.0,5254.0,5253.0,5253.0,233.0,690398.0,690369.0
2026-07-13 21:57:00,5253.0,5254.0,5252.0,5253.0,98.0,690369.0,690329.0
2026-07-13 21:58:00,5253.0,5253.0,5250.0,5250.0,672.0,690329.0,690657.0
2026-07-13 21:59:00,5250.0,5251.0,5250.0,5250.0,340.0,690657.0,690728.0
2026-07-13 22:00:00,5250.0,5251.0,5247.0,5247.0,1556.0,690728.0,690915.0
2026-07-13 22:01:00,5247.0,5248.0,5247.0,5248.0,630.0,690915.0,691006.0
2026-07-13 22:02:00,5248.0,5248.0,5247.0,5248.0,669.0,691006.0,691233.0
2026-07-13 22:03:00,5248.0,5248.0,5246.0,5247.0,617.0,691233.0,691194.0
2026-07-13 22:04:00,5247.0,5248.0,5246.0,5246.0,729.0,691194.0,691343.0
2026-07-13 22:05:00,5246.0,5247.0,5246.0,5246.0,484.0,691343.0,691564.0
2026-07-13 22:06:00,5246.0,5248.0,5246.0,5248.0,604.0,691564.0,691655.0
2026-07-13 22:07:00,5248.0,5249.0,5247.0,5249.0,454.0,691655.0,691677.0
2026-07-13 22:08:00,5249.0,5250.0,5248.0,5250.0,901.0,691677.0,691588.0
2026-07-13 22:09:00,5250.0,5251.0,5249.0,5250.0,579.0,691588.0,691591.0
2026-07-13 22:10:00,5250.0,5252.0,5249.0,5251.0,485.0,691591.0,691584.0
2026-07-13 22:11:00,5251.0,5252.0,5250.0,5251.0,510.0,691584.0,691876.0
2026-07-13 22:12:00,5251.0,5251.0,5248.0,5248.0,1219.0,691876.0,692070.0
2026-07-13 22:13:00,5248.0,5249.0,5247.0,5247.0,699.0,692070.0,692248.0
2026-07-13 22:14:00,5247.0,5248.0,5246.0,5248.0,1006.0,692248.0,692600.0
2026-07-13 22:15:00,5248.0,5248.0,5247.0,5247.0,340.0,692600.0,692752.0
2026-07-13 22:16:00,5247.0,5248.0,5246.0,5248.0,678.0,692752.0,692741.0
2026-07-13 22:17:00,5248.0,5251.0,5247.0,5251.0,727.0,692741.0,692599.0
2026-07-13 22:18:00,5251.0,5252.0,5249.0,5249.0,548.0,692599.0,692509.0
2026-07-13 22:19:00,5249.0,5250.0,5249.0,5250.0,156.0,692509.0,692502.0
2026-07-13 22:20:00,5250.0,5250.0,5248.0,5249.0,540.0,692502.0,692624.0
2026-07-13 22:21:00,5249.0,5251.0,5249.0,5249.0,430.0,692624.0,692519.0
2026-07-13 22:22:00,5249.0,5250.0,5248.0,5250.0,320.0,692519.0,692500.0
2026-07-13 22:23:00,5250.0,5250.0,5248.0,5249.0,253.0,692500.0,692458.0
2026-07-13 22:24:00,5249.0,5250.0,5248.0,5248.0,241.0,692458.0,692444.0
2026-07-13 22:25:00,5248.0,5248.0,5247.0,5247.0,241.0,692444.0,692386.0
2026-07-13 22:26:00,5247.0,5248.0,5247.0,5248.0,414.0,692386.0,692416.0
2026-07-13 22:27:00,5248.0,5248.0,5247.0,5247.0,427.0,692416.0,692446.0
2026-07-13 22:28:00,5247.0,5249.0,5247.0,5249.0,254.0,692446.0,692550.0
2026-07-13 22:29:00,5249.0,5249.0,5247.0,5247.0,442.0,692550.0,692538.0
2026-07-13 22:30:00,5247.0,5248.0,5247.0,5248.0,542.0,692538.0,692450.0
2026-07-13 22:31:00,5248.0,5249.0,5247.0,5249.0,250.0,692450.0,692481.0
2026-07-13 22:32:00,5249.0,5249.0,5248.0,5248.0,119.0,692481.0,692448.0
2026-07-13 22:33:00,5248.0,5249.0,5248.0,5249.0,56.0,692448.0,692459.0
2026-07-13 22:34:00,5249.0,5249.0,5248.0,5248.0,350.0,692459.0,692708.0
2026-07-13 22:35:00,5248.0,5250.0,5248.0,5249.0,458.0,692708.0,692583.0
2026-07-13 22:36:00,5249.0,5250.0,5249.0,5250.0,333.0,692583.0,692475.0
2026-07-13 22:37:00,5250.0,5250.0,5248.0,5248.0,324.0,692475.0,692526.0
2026-07-13 22:38:00,5248.0,5249.0,5248.0,5248.0,52.0,692526.0,692548.0
2026-07-13 22:39:00,5248.0,5249.0,5248.0,5248.0,146.0,692548.0,692561.0
2026-07-13 22:40:00,5248.0,5249.0,5247.0,5248.0,228.0,692561.0,692492.0
2026-07-13 22:41:00,5248.0,5248.0,5246.0,5247.0,248.0,692492.0,692455.0
2026-07-13 22:42:00,5247.0,5247.0,5246.0,5247.0,127.0,692455.0,692472.0
2026-07-13 22:43:00,5247.0,5247.0,5246.0,5247.0,306.0,692472.0,692550.0
2026-07-13 22:44:00,5247.0,5247.0,5246.0,5246.0,88.0,692550.0,692572.0
2026-07-13 22:45:00,5246.0,5247.0,5246.0,5246.0,153.0,692572.0,692587.0
2026-07-13 22:46:00,5246.0,5247.0,5245.0,5246.0,597.0,692587.0,692812.0
2026-07-13 22:47:00,5246.0,5246.0,5245.0,5246.0,206.0,692812.0,692927.0
2026-07-13 22:48:00,5246.0,5247.0,5245.0,5247.0,274.0,692927.0,692976.0
2026-07-13 22:49:00,5247.0,5247.0,5246.0,5247.0,276.0,692976.0,693038.0
2026-07-13 22:50:00,5247.0,5248.0,5247.0,5248.0,308.0,693038.0,692965.0
2026-07-13 22:51:00,5248.0,5249.0,5247.0,5249.0,420.0,692965.0,692783.0
2026-07-13 22:52:00,5249.0,5249.0,5247.0,5249.0,315.0,692783.0,692794.0
2026-07-13 22:53:00,5249.0,5249.0,5247.0,5248.0,199.0,692794.0,692719.0
2026-07-13 22:54:00,5248.0,5248.0,5246.0,5247.0,675.0,692719.0,692603.0
2026-07-13 22:55:00,5247.0,5248.0,5247.0,5247.0,146.0,692603.0,692543.0
2026-07-13 22:56:00,5247.0,5248.0,5247.0,5248.0,166.0,692543.0,692534.0
2026-07-13 22:57:00,5248.0,5248.0,5246.0,5247.0,530.0,692534.0,692381.0
2026-07-13 22:58:00,5247.0,5249.0,5247.0,5248.0,387.0,692381.0,692350.0
2026-07-13 22:59:00,5248.0,5249.0,5246.0,5247.0,928.0,692350.0,692075.0
2026-07-14 09:00:00,5247.0,5261.0,5247.0,5259.0,8930.0,692075.0,690515.0
2026-07-14 09:01:00,5259.0,5259.0,5256.0,5257.0,2136.0,690515.0,690206.0
2026-07-14 09:02:00,5257.0,5263.0,5257.0,5261.0,4448.0,690206.0,689609.0
2026-07-14 09:03:00,5261.0,5265.0,5261.0,5262.0,3151.0,689609.0,689144.0
2026-07-14 09:04:00,5262.0,5266.0,5262.0,5264.0,4029.0,689144.0,689001.0
2026-07-14 09:05:00,5264.0,5265.0,5260.0,5262.0,2959.0,689001.0,688851.0
2026-07-14 09:06:00,5262.0,5265.0,5261.0,5264.0,1165.0,688851.0,688795.0
2026-07-14 09:07:00,5264.0,5265.0,5259.0,5259.0,1275.0,688795.0,688700.0
2026-07-14 09:08:00,5259.0,5260.0,5258.0,5259.0,1148.0,688700.0,688629.0
2026-07-14 09:09:00,5259.0,5260.0,5258.0,5259.0,500.0,688629.0,688388.0
2026-07-14 09:10:00,5259.0,5260.0,5256.0,5257.0,1209.0,688388.0,688554.0
2026-07-14 09:11:00,5257.0,5257.0,5255.0,5256.0,1286.0,688554.0,688526.0
2026-07-14 09:12:00,5256.0,5256.0,5255.0,5255.0,650.0,688526.0,688665.0
2026-07-14 09:13:00,5255.0,5257.0,5255.0,5255.0,809.0,688665.0,688901.0
2026-07-14 09:14:00,5255.0,5257.0,5255.0,5255.0,1012.0,688901.0,688877.0
2026-07-14 09:15:00,5255.0,5258.0,5255.0,5258.0,925.0,688877.0,689111.0
2026-07-14 09:16:00,5258.0,5258.0,5256.0,5256.0,676.0,689111.0,689273.0
2026-07-14 09:17:00,5256.0,5257.0,5255.0,5257.0,758.0,689273.0,689417.0
2026-07-14 09:18:00,5257.0,5258.0,5256.0,5258.0,770.0,689417.0,689388.0
2026-07-14 09:19:00,5258.0,5258.0,5255.0,5255.0,468.0,689388.0,689456.0
2026-07-14 09:20:00,5255.0,5256.0,5254.0,5254.0,522.0,689456.0,689597.0
2026-07-14 09:21:00,5254.0,5255.0,5253.0,5255.0,631.0,689597.0,689568.0
2026-07-14 09:22:00,5255.0,5255.0,5252.0,5252.0,1198.0,689568.0,689800.0
2026-07-14 09:23:00,5252.0,5253.0,5251.0,5252.0,717.0,689800.0,689845.0
2026-07-14 09:24:00,5252.0,5252.0,5248.0,5249.0,3110.0,689845.0,690303.0
2026-07-14 09:25:00,5249.0,5250.0,5248.0,5249.0,1236.0,690303.0,690728.0
2026-07-14 09:26:00,5249.0,5252.0,5248.0,5251.0,890.0,690728.0,690809.0
2026-07-14 09:27:00,5251.0,5252.0,5250.0,5252.0,1192.0,690809.0,690823.0
2026-07-14 09:28:00,5252.0,5252.0,5251.0,5252.0,793.0,690823.0,691232.0
2026-07-14 09:29:00,5252.0,5254.0,5251.0,5252.0,903.0,691232.0,691303.0
2026-07-14 09:30:00,5252.0,5253.0,5250.0,5252.0,635.0,691303.0,691364.0
2026-07-14 09:31:00,5252.0,5252.0,5250.0,5250.0,904.0,691364.0,691518.0
2026-07-14 09:32:00,5250.0,5251.0,5246.0,5247.0,2038.0,691518.0,691938.0
2026-07-14 09:33:00,5247.0,5248.0,5245.0,5246.0,1608.0,691938.0,692322.0
2026-07-14 09:34:00,5246.0,5247.0,5245.0,5246.0,1566.0,692322.0,692589.0
2026-07-14 09:35:00,5246.0,5247.0,5245.0,5247.0,1812.0,692589.0,692970.0
2026-07-14 09:36:00,5247.0,5247.0,5240.0,5242.0,5767.0,692970.0,694378.0
2026-07-14 09:37:00,5242.0,5245.0,5242.0,5245.0,1566.0,694378.0,694337.0
2026-07-14 09:38:00,5245.0,5248.0,5244.0,5245.0,2200.0,694337.0,694266.0
2026-07-14 09:39:00,5245.0,5246.0,5244.0,5244.0,1033.0,694266.0,694459.0
2026-07-14 09:40:00,5244.0,5244.0,5242.0,5243.0,961.0,694459.0,694464.0
2026-07-14 09:41:00,5243.0,5246.0,5243.0,5246.0,1106.0,694464.0,694472.0
2026-07-14 09:42:00,5246.0,5246.0,5243.0,5246.0,1928.0,694472.0,693801.0
2026-07-14 09:43:00,5246.0,5247.0,5245.0,5246.0,909.0,693801.0,694004.0
2026-07-14 09:44:00,5246.0,5247.0,5245.0,5247.0,765.0,694004.0,693843.0
2026-07-14 09:45:00,5247.0,5247.0,5245.0,5245.0,356.0,693843.0,693889.0
2026-07-14 09:46:00,5245.0,5247.0,5245.0,5246.0,624.0,693889.0,693894.0
2026-07-14 09:47:00,5246.0,5247.0,5245.0,5246.0,318.0,693894.0,693876.0
2026-07-14 09:48:00,5246.0,5248.0,5245.0,5247.0,466.0,693876.0,694002.0
2026-07-14 09:49:00,5247.0,5249.0,5247.0,5247.0,1283.0,694002.0,694356.0
2026-07-14 09:50:00,5247.0,5248.0,5245.0,5246.0,804.0,694356.0,694277.0
2026-07-14 09:51:00,5246.0,5246.0,5245.0,5246.0,466.0,694277.0,694249.0
2026-07-14 09:52:00,5246.0,5246.0,5245.0,5245.0,892.0,694249.0,694412.0
2026-07-14 09:53:00,5245.0,5247.0,5245.0,5246.0,719.0,694412.0,694548.0
2026-07-14 09:54:00,5246.0,5246.0,5244.0,5244.0,291.0,694548.0,694571.0
2026-07-14 09:55:00,5244.0,5246.0,5244.0,5246.0,485.0,694571.0,694568.0
2026-07-14 09:56:00,5246.0,5250.0,5245.0,5249.0,1226.0,694568.0,694651.0
2026-07-14 09:57:00,5249.0,5250.0,5249.0,5249.0,802.0,694651.0,694720.0
2026-07-14 09:58:00,5249.0,5250.0,5247.0,5249.0,368.0,694720.0,694834.0
2026-07-14 09:59:00,5249.0,5249.0,5248.0,5248.0,658.0,694834.0,694839.0
2026-07-14 10:00:00,5248.0,5250.0,5247.0,5248.0,795.0,694839.0,694951.0
2026-07-14 10:01:00,5248.0,5248.0,5242.0,5244.0,1579.0,694951.0,694758.0
2026-07-14 10:02:00,5244.0,5244.0,5239.0,5241.0,4863.0,694758.0,695200.0
2026-07-14 10:03:00,5241.0,5241.0,5236.0,5239.0,4546.0,695200.0,695891.0
2026-07-14 10:04:00,5239.0,5239.0,5230.0,5233.0,7606.0,695891.0,696841.0
2026-07-14 10:05:00,5233.0,5237.0,5232.0,5236.0,4141.0,696841.0,696855.0
2026-07-14 10:06:00,5236.0,5237.0,5234.0,5236.0,1889.0,696855.0,697313.0
2026-07-14 10:07:00,5236.0,5236.0,5231.0,5232.0,2024.0,697313.0,698155.0
2026-07-14 10:08:00,5232.0,5233.0,5231.0,5232.0,1900.0,698155.0,698531.0
2026-07-14 10:09:00,5232.0,5235.0,5231.0,5233.0,1293.0,698531.0,698605.0
2026-07-14 10:10:00,5233.0,5235.0,5232.0,5235.0,1246.0,698605.0,698750.0
2026-07-14 10:11:00,5235.0,5237.0,5232.0,5233.0,2053.0,698750.0,699350.0
2026-07-14 10:12:00,5233.0,5233.0,5227.0,5231.0,5390.0,699350.0,700347.0
2026-07-14 10:13:00,5231.0,5233.0,5230.0,5233.0,1341.0,700347.0,700489.0
2026-07-14 10:14:00,5233.0,5234.0,5231.0,5233.0,1474.0,700489.0,700477.0
2026-07-14 10:30:00,5233.0,5235.0,5231.0,5235.0,1794.0,700477.0,700550.0
2026-07-14 10:31:00,5235.0,5236.0,5233.0,5233.0,1576.0,700550.0,700777.0
2026-07-14 10:32:00,5233.0,5234.0,5230.0,5230.0,1869.0,700777.0,700967.0
2026-07-14 10:33:00,5230.0,5232.0,5230.0,5231.0,2044.0,700967.0,701367.0
2026-07-14 10:34:00,5231.0,5231.0,5228.0,5229.0,1277.0,701367.0,701354.0
2026-07-14 10:35:00,5229.0,5230.0,5228.0,5228.0,1352.0,701354.0,701633.0
2026-07-14 10:36:00,5228.0,5229.0,5225.0,5226.0,3984.0,701633.0,702125.0
2026-07-14 10:37:00,5226.0,5226.0,5224.0,5224.0,2488.0,702125.0,702000.0
2026-07-14 10:38:00,5224.0,5229.0,5224.0,5228.0,1682.0,702000.0,702067.0
2026-07-14 10:39:00,5228.0,5230.0,5227.0,5230.0,1518.0,702067.0,702263.0
2026-07-14 10:40:00,5230.0,5232.0,5229.0,5230.0,1525.0,702263.0,702227.0
2026-07-14 10:41:00,5230.0,5231.0,5228.0,5230.0,993.0,702227.0,702360.0
2026-07-14 10:42:00,5230.0,5230.0,5228.0,5230.0,532.0,702360.0,702468.0
2026-07-14 10:43:00,5230.0,5230.0,5228.0,5230.0,1153.0,702468.0,702723.0
2026-07-14 10:44:00,5230.0,5231.0,5229.0,5230.0,771.0,702723.0,702882.0
2026-07-14 10:45:00,5230.0,5232.0,5230.0,5232.0,701.0,702882.0,702935.0
2026-07-14 10:46:00,5232.0,5232.0,5230.0,5232.0,794.0,702935.0,703063.0
2026-07-14 10:47:00,5232.0,5232.0,5228.0,5229.0,750.0,703063.0,703101.0
2026-07-14 10:48:00,5229.0,5231.0,5229.0,5230.0,518.0,703101.0,703141.0
2026-07-14 10:49:00,5230.0,5231.0,5229.0,5231.0,692.0,703141.0,703028.0
2026-07-14 10:50:00,5231.0,5234.0,5231.0,5233.0,994.0,703028.0,702896.0
2026-07-14 10:51:00,5233.0,5234.0,5232.0,5234.0,830.0,702896.0,702921.0
2026-07-14 10:52:00,5234.0,5234.0,5233.0,5234.0,900.0,702921.0,702846.0
2026-07-14 10:53:00,5234.0,5234.0,5232.0,5234.0,1089.0,702846.0,702760.0
2026-07-14 10:54:00,5234.0,5234.0,5232.0,5232.0,389.0,702760.0,702770.0
2026-07-14 10:55:00,5232.0,5233.0,5230.0,5231.0,775.0,702770.0,702897.0
2026-07-14 10:56:00,5231.0,5231.0,5230.0,5230.0,188.0,702897.0,702980.0
2026-07-14 10:57:00,5230.0,5232.0,5230.0,5231.0,515.0,702980.0,703147.0
2026-07-14 10:58:00,5231.0,5231.0,5229.0,5230.0,1031.0,703147.0,703583.0
2026-07-14 10:59:00,5230.0,5230.0,5229.0,5229.0,214.0,703583.0,703640.0
2026-07-14 11:00:00,5229.0,5232.0,5229.0,5232.0,1379.0,703640.0,703704.0
2026-07-14 11:01:00,5232.0,5233.0,5229.0,5232.0,1061.0,703704.0,704034.0
2026-07-14 11:02:00,5232.0,5234.0,5232.0,5234.0,1025.0,704034.0,703867.0
2026-07-14 11:03:00,5234.0,5235.0,5234.0,5234.0,649.0,703867.0,703586.0
2026-07-14 11:04:00,5234.0,5235.0,5233.0,5233.0,496.0,703586.0,703620.0
2026-07-14 11:05:00,5233.0,5235.0,5233.0,5234.0,739.0,703620.0,703453.0
2026-07-14 11:06:00,5234.0,5237.0,5234.0,5237.0,1277.0,703453.0,703298.0
2026-07-14 11:07:00,5237.0,5237.0,5235.0,5236.0,624.0,703298.0,703046.0
2026-07-14 11:08:00,5236.0,5236.0,5234.0,5235.0,417.0,703046.0,702991.0
2026-07-14 11:09:00,5235.0,5237.0,5235.0,5237.0,454.0,702991.0,702768.0
2026-07-14 11:10:00,5237.0,5237.0,5234.0,5235.0,566.0,702768.0,702796.0
2026-07-14 11:11:00,5235.0,5235.0,5232.0,5232.0,815.0,702796.0,702948.0
2026-07-14 11:12:00,5232.0,5232.0,5231.0,5232.0,516.0,702948.0,702873.0
2026-07-14 11:13:00,5232.0,5232.0,5230.0,5231.0,510.0,702873.0,703006.0
2026-07-14 11:14:00,5231.0,5232.0,5231.0,5231.0,772.0,703006.0,702624.0
2026-07-14 11:15:00,5231.0,5232.0,5230.0,5231.0,387.0,702624.0,702614.0
2026-07-14 11:16:00,5231.0,5234.0,5231.0,5234.0,548.0,702614.0,702502.0
2026-07-14 11:17:00,5234.0,5235.0,5233.0,5234.0,435.0,702502.0,702422.0
2026-07-14 11:18:00,5234.0,5235.0,5234.0,5234.0,483.0,702422.0,702519.0
2026-07-14 11:19:00,5234.0,5235.0,5233.0,5234.0,463.0,702519.0,702577.0
2026-07-14 11:20:00,5234.0,5234.0,5232.0,5232.0,584.0,702577.0,702596.0
2026-07-14 11:21:00,5232.0,5233.0,5232.0,5232.0,114.0,702596.0,702626.0
2026-07-14 11:22:00,5232.0,5233.0,5232.0,5232.0,608.0,702626.0,702637.0
2026-07-14 11:23:00,5232.0,5233.0,5230.0,5230.0,552.0,702637.0,702547.0
2026-07-14 11:24:00,5230.0,5231.0,5230.0,5231.0,411.0,702547.0,702635.0
2026-07-14 11:25:00,5231.0,5232.0,5229.0,5231.0,1284.0,702635.0,702821.0
2026-07-14 11:26:00,5231.0,5232.0,5230.0,5232.0,272.0,702821.0,702779.0
2026-07-14 11:27:00,5232.0,5232.0,5231.0,5232.0,259.0,702779.0,702726.0
2026-07-14 11:28:00,5232.0,5232.0,5231.0,5231.0,167.0,702726.0,702696.0
2026-07-14 11:29:00,5231.0,5232.0,5230.0,5230.0,737.0,702696.0,702727.0
2026-07-14 13:30:00,5231.0,5233.0,5230.0,5232.0,1702.0,702727.0,702616.0
2026-07-14 13:31:00,5232.0,5234.0,5231.0,5233.0,1192.0,702616.0,702633.0
2026-07-14 13:32:00,5233.0,5233.0,5231.0,5232.0,546.0,702633.0,702734.0
2026-07-14 13:33:00,5232.0,5234.0,5231.0,5231.0,728.0,702734.0,702786.0
2026-07-14 13:34:00,5231.0,5234.0,5231.0,5234.0,866.0,702786.0,702632.0
2026-07-14 13:35:00,5234.0,5234.0,5231.0,5232.0,589.0,702632.0,702706.0
2026-07-14 13:36:00,5232.0,5232.0,5231.0,5231.0,241.0,702706.0,702782.0
2026-07-14 13:37:00,5231.0,5233.0,5231.0,5233.0,765.0,702782.0,702939.0
2026-07-14 13:38:00,5233.0,5234.0,5232.0,5232.0,494.0,702939.0,702859.0
2026-07-14 13:39:00,5232.0,5233.0,5231.0,5233.0,463.0,702859.0,702874.0
2026-07-14 13:40:00,5233.0,5235.0,5232.0,5235.0,514.0,702874.0,702843.0
2026-07-14 13:41:00,5235.0,5236.0,5234.0,5235.0,829.0,702843.0,702882.0
2026-07-14 13:42:00,5235.0,5236.0,5234.0,5235.0,578.0,702882.0,702826.0
2026-07-14 13:43:00,5235.0,5237.0,5235.0,5236.0,1078.0,702826.0,702778.0
2026-07-14 13:44:00,5236.0,5236.0,5233.0,5233.0,562.0,702778.0,702897.0
2026-07-14 13:45:00,5233.0,5234.0,5231.0,5233.0,770.0,702897.0,703005.0
2026-07-14 13:46:00,5233.0,5233.0,5231.0,5231.0,468.0,703005.0,703036.0
2026-07-14 13:47:00,5231.0,5232.0,5231.0,5232.0,217.0,703036.0,703125.0
2026-07-14 13:48:00,5232.0,5232.0,5230.0,5231.0,608.0,703125.0,703070.0
2026-07-14 13:49:00,5231.0,5232.0,5230.0,5231.0,526.0,703070.0,702909.0
2026-07-14 13:50:00,5231.0,5232.0,5230.0,5231.0,476.0,702909.0,702959.0
2026-07-14 13:51:00,5231.0,5233.0,5230.0,5232.0,829.0,702959.0,703136.0
2026-07-14 13:52:00,5232.0,5233.0,5231.0,5232.0,186.0,703136.0,703092.0
2026-07-14 13:53:00,5232.0,5232.0,5231.0,5232.0,560.0,703092.0,703088.0
2026-07-14 13:54:00,5232.0,5232.0,5230.0,5230.0,1182.0,703088.0,703384.0
2026-07-14 13:55:00,5230.0,5233.0,5230.0,5232.0,603.0,703384.0,703203.0
2026-07-14 13:56:00,5232.0,5233.0,5231.0,5233.0,225.0,703203.0,703243.0
2026-07-14 13:57:00,5233.0,5234.0,5232.0,5232.0,426.0,703243.0,703198.0
2026-07-14 13:58:00,5232.0,5234.0,5232.0,5233.0,772.0,703198.0,703075.0
2026-07-14 13:59:00,5233.0,5234.0,5232.0,5233.0,414.0,703075.0,703123.0
2026-07-14 14:00:00,5233.0,5233.0,5231.0,5231.0,715.0,703123.0,703257.0
2026-07-14 14:01:00,5231.0,5233.0,5231.0,5232.0,379.0,703257.0,703296.0
2026-07-14 14:02:00,5232.0,5232.0,5230.0,5230.0,332.0,703296.0,703314.0
2026-07-14 14:03:00,5230.0,5232.0,5229.0,5230.0,1536.0,703314.0,703751.0
2026-07-14 14:04:00,5230.0,5232.0,5229.0,5232.0,617.0,703751.0,703836.0
2026-07-14 14:05:00,5232.0,5233.0,5231.0,5232.0,456.0,703836.0,703904.0
2026-07-14 14:06:00,5232.0,5235.0,5232.0,5234.0,1144.0,703904.0,703556.0
2026-07-14 14:07:00,5234.0,5236.0,5233.0,5234.0,1425.0,703556.0,703558.0
2026-07-14 14:08:00,5234.0,5235.0,5234.0,5235.0,288.0,703558.0,703502.0
2026-07-14 14:09:00,5235.0,5235.0,5233.0,5234.0,435.0,703502.0,703441.0
2026-07-14 14:10:00,5234.0,5234.0,5231.0,5231.0,775.0,703441.0,703355.0
2026-07-14 14:11:00,5231.0,5232.0,5230.0,5232.0,523.0,703355.0,703390.0
2026-07-14 14:12:00,5232.0,5232.0,5230.0,5231.0,358.0,703390.0,703344.0
2026-07-14 14:13:00,5231.0,5232.0,5230.0,5231.0,302.0,703344.0,703360.0
2026-07-14 14:14:00,5231.0,5234.0,5230.0,5233.0,525.0,703360.0,703349.0
2026-07-14 14:15:00,5233.0,5234.0,5233.0,5234.0,140.0,703349.0,703415.0
2026-07-14 14:16:00,5234.0,5234.0,5233.0,5233.0,199.0,703415.0,703392.0
2026-07-14 14:17:00,5233.0,5235.0,5233.0,5234.0,517.0,703392.0,703316.0
2026-07-14 14:18:00,5234.0,5236.0,5234.0,5235.0,1564.0,703316.0,703223.0
2026-07-14 14:19:00,5235.0,5235.0,5234.0,5234.0,691.0,703223.0,703327.0
2026-07-14 14:20:00,5234.0,5235.0,5234.0,5234.0,841.0,703327.0,703098.0
2026-07-14 14:21:00,5234.0,5237.0,5234.0,5236.0,2578.0,703098.0,702251.0
2026-07-14 14:22:00,5236.0,5237.0,5235.0,5235.0,427.0,702251.0,702417.0
2026-07-14 14:23:00,5235.0,5237.0,5235.0,5236.0,658.0,702417.0,702373.0
2026-07-14 14:24:00,5236.0,5236.0,5235.0,5236.0,197.0,702373.0,702382.0
2026-07-14 14:25:00,5236.0,5236.0,5234.0,5234.0,597.0,702382.0,702603.0
2026-07-14 14:26:00,5234.0,5236.0,5234.0,5235.0,306.0,702603.0,702518.0
2026-07-14 14:27:00,5235.0,5236.0,5235.0,5236.0,150.0,702518.0,702540.0
2026-07-14 14:28:00,5236.0,5236.0,5235.0,5236.0,305.0,702540.0,702455.0
2026-07-14 14:29:00,5236.0,5237.0,5236.0,5236.0,230.0,702455.0,702418.0
2026-07-14 14:30:00,5236.0,5237.0,5235.0,5237.0,365.0,702418.0,702376.0
2026-07-14 14:31:00,5237.0,5237.0,5235.0,5236.0,353.0,702376.0,702430.0
2026-07-14 14:32:00,5236.0,5236.0,5235.0,5236.0,235.0,702430.0,702498.0
2026-07-14 14:33:00,5236.0,5236.0,5234.0,5234.0,308.0,702498.0,702469.0
2026-07-14 14:34:00,5234.0,5235.0,5233.0,5234.0,680.0,702469.0,702732.0
2026-07-14 14:35:00,5234.0,5235.0,5234.0,5235.0,153.0,702732.0,702725.0
2026-07-14 14:36:00,5235.0,5235.0,5234.0,5234.0,148.0,702725.0,702755.0
2026-07-14 14:37:00,5234.0,5235.0,5233.0,5233.0,526.0,702755.0,702638.0
2026-07-14 14:38:00,5233.0,5234.0,5232.0,5233.0,514.0,702638.0,702614.0
2026-07-14 14:39:00,5233.0,5234.0,5232.0,5234.0,376.0,702614.0,702692.0
2026-07-14 14:40:00,5234.0,5234.0,5233.0,5233.0,136.0,702692.0,702636.0
2026-07-14 14:41:00,5233.0,5234.0,5232.0,5233.0,585.0,702636.0,702709.0
2026-07-14 14:42:00,5233.0,5233.0,5232.0,5233.0,420.0,702709.0,702628.0
2026-07-14 14:43:00,5233.0,5234.0,5232.0,5232.0,302.0,702628.0,702502.0
2026-07-14 14:44:00,5232.0,5233.0,5232.0,5232.0,814.0,702502.0,702572.0
2026-07-14 14:45:00,5232.0,5235.0,5232.0,5235.0,1236.0,702572.0,702462.0
2026-07-14 14:46:00,5235.0,5235.0,5233.0,5235.0,604.0,702462.0,702205.0
2026-07-14 14:47:00,5235.0,5235.0,5233.0,5235.0,725.0,702205.0,702167.0
2026-07-14 14:48:00,5235.0,5236.0,5234.0,5236.0,915.0,702167.0,701941.0
2026-07-14 14:49:00,5236.0,5237.0,5235.0,5237.0,1014.0,701941.0,701780.0
2026-07-14 14:50:00,5237.0,5237.0,5236.0,5236.0,1496.0,701780.0,701926.0
2026-07-14 14:51:00,5236.0,5237.0,5236.0,5237.0,723.0,701926.0,701914.0
2026-07-14 14:52:00,5237.0,5238.0,5236.0,5236.0,680.0,701914.0,701903.0
2026-07-14 14:53:00,5236.0,5237.0,5235.0,5235.0,267.0,701903.0,701959.0
2026-07-14 14:54:00,5235.0,5236.0,5235.0,5235.0,347.0,701959.0,701828.0
2026-07-14 14:55:00,5235.0,5236.0,5233.0,5234.0,1210.0,701828.0,701807.0
2026-07-14 14:56:00,5234.0,5235.0,5233.0,5233.0,443.0,701807.0,701744.0
2026-07-14 14:57:00,5233.0,5234.0,5233.0,5233.0,1087.0,701744.0,701655.0
2026-07-14 14:58:00,5233.0,5235.0,5233.0,5234.0,1020.0,701655.0,701495.0
2026-07-14 14:59:00,5234.0,5235.0,5234.0,5235.0,1201.0,701495.0,701040.0
2026-07-14 21:00:00,5233.0,5239.0,5226.0,5231.0,9861.0,701040.0,702850.0
2026-07-14 21:01:00,5231.0,5233.0,5229.0,5231.0,3202.0,702850.0,703196.0
2026-07-14 21:02:00,5231.0,5233.0,5228.0,5230.0,2600.0,703196.0,703765.0
2026-07-14 21:03:00,5230.0,5230.0,5227.0,5229.0,2322.0,703765.0,704599.0
2026-07-14 21:04:00,5229.0,5230.0,5228.0,5230.0,1881.0,704599.0,704868.0
2026-07-14 21:05:00,5230.0,5231.0,5229.0,5230.0,1753.0,704868.0,705103.0
2026-07-14 21:06:00,5230.0,5231.0,5228.0,5228.0,1136.0,705103.0,705437.0
2026-07-14 21:07:00,5228.0,5232.0,5228.0,5230.0,1464.0,705437.0,705546.0
2026-07-14 21:08:00,5230.0,5233.0,5229.0,5233.0,1234.0,705546.0,705516.0
2026-07-14 21:09:00,5233.0,5235.0,5232.0,5233.0,2005.0,705516.0,705729.0
2026-07-14 21:10:00,5233.0,5235.0,5233.0,5234.0,1496.0,705729.0,705802.0
2026-07-14 21:11:00,5234.0,5235.0,5233.0,5233.0,1439.0,705802.0,706041.0
2026-07-14 21:12:00,5233.0,5235.0,5233.0,5234.0,1269.0,706041.0,705955.0
2026-07-14 21:13:00,5234.0,5235.0,5233.0,5234.0,1059.0,705955.0,705872.0
2026-07-14 21:14:00,5234.0,5235.0,5233.0,5234.0,583.0,705872.0,705932.0
2026-07-14 21:15:00,5234.0,5234.0,5229.0,5230.0,2781.0,705932.0,706571.0
2026-07-14 21:16:00,5230.0,5233.0,5229.0,5232.0,856.0,706571.0,706732.0
2026-07-14 21:17:00,5232.0,5233.0,5231.0,5231.0,500.0,706732.0,706838.0
2026-07-14 21:18:00,5231.0,5232.0,5231.0,5232.0,711.0,706838.0,706885.0
2026-07-14 21:19:00,5232.0,5233.0,5231.0,5231.0,523.0,706885.0,707023.0
2026-07-14 21:20:00,5231.0,5232.0,5227.0,5228.0,2593.0,707023.0,708139.0
2026-07-14 21:21:00,5228.0,5228.0,5226.0,5227.0,2350.0,708139.0,708655.0
2026-07-14 21:22:00,5227.0,5228.0,5226.0,5227.0,945.0,708655.0,708834.0
2026-07-14 21:23:00,5227.0,5228.0,5226.0,5227.0,1840.0,708834.0,709472.0
2026-07-14 21:24:00,5227.0,5228.0,5225.0,5228.0,2041.0,709472.0,709897.0
2026-07-14 21:25:00,5228.0,5230.0,5227.0,5229.0,1462.0,709897.0,709984.0
2026-07-14 21:26:00,5229.0,5230.0,5228.0,5229.0,1714.0,709984.0,709494.0
2026-07-14 21:27:00,5229.0,5231.0,5228.0,5229.0,631.0,709494.0,709397.0
2026-07-14 21:28:00,5229.0,5229.0,5227.0,5227.0,485.0,709397.0,709625.0
2026-07-14 21:29:00,5227.0,5228.0,5227.0,5228.0,618.0,709625.0,709779.0
2026-07-14 21:30:00,5228.0,5229.0,5227.0,5228.0,796.0,709779.0,709919.0
2026-07-14 21:31:00,5228.0,5232.0,5228.0,5230.0,1690.0,709919.0,709758.0
2026-07-14 21:32:00,5230.0,5233.0,5230.0,5232.0,818.0,709758.0,709903.0
2026-07-14 21:33:00,5232.0,5233.0,5231.0,5231.0,420.0,709903.0,710023.0
2026-07-14 21:34:00,5231.0,5232.0,5231.0,5231.0,707.0,710023.0,710158.0
2026-07-14 21:35:00,5231.0,5232.0,5230.0,5232.0,245.0,710158.0,710261.0
2026-07-14 21:36:00,5232.0,5233.0,5231.0,5232.0,782.0,710261.0,710360.0
2026-07-14 21:37:00,5232.0,5232.0,5231.0,5232.0,629.0,710360.0,710502.0
2026-07-14 21:38:00,5232.0,5232.0,5230.0,5231.0,238.0,710502.0,710513.0
2026-07-14 21:39:00,5231.0,5231.0,5230.0,5230.0,226.0,710513.0,710542.0
2026-07-14 21:40:00,5230.0,5231.0,5230.0,5231.0,342.0,710542.0,710545.0
2026-07-14 21:41:00,5231.0,5232.0,5231.0,5232.0,131.0,710545.0,710537.0
2026-07-14 21:42:00,5232.0,5232.0,5231.0,5231.0,1048.0,710537.0,710411.0
2026-07-14 21:43:00,5231.0,5232.0,5230.0,5231.0,300.0,710411.0,710425.0
2026-07-14 21:44:00,5231.0,5231.0,5230.0,5231.0,185.0,710425.0,710454.0
2026-07-14 21:45:00,5231.0,5232.0,5231.0,5231.0,144.0,710454.0,710427.0
2026-07-14 21:46:00,5231.0,5233.0,5231.0,5233.0,299.0,710427.0,710579.0
2026-07-14 21:47:00,5233.0,5234.0,5232.0,5233.0,783.0,710579.0,710562.0
2026-07-14 21:48:00,5233.0,5234.0,5232.0,5232.0,559.0,710562.0,710647.0
2026-07-14 21:49:00,5232.0,5234.0,5232.0,5234.0,302.0,710647.0,710666.0
2026-07-14 21:50:00,5234.0,5234.0,5233.0,5233.0,259.0,710666.0,710689.0
2026-07-14 21:51:00,5233.0,5234.0,5233.0,5233.0,155.0,710689.0,710701.0
2026-07-14 21:52:00,5233.0,5236.0,5233.0,5235.0,1770.0,710701.0,710411.0
2026-07-14 21:53:00,5235.0,5236.0,5235.0,5235.0,576.0,710411.0,710410.0
2026-07-14 21:54:00,5235.0,5236.0,5233.0,5234.0,818.0,710410.0,710460.0
2026-07-14 21:55:00,5234.0,5236.0,5233.0,5236.0,663.0,710460.0,710296.0
2026-07-14 21:56:00,5236.0,5236.0,5235.0,5235.0,334.0,710296.0,710292.0
2026-07-14 21:57:00,5235.0,5236.0,5235.0,5235.0,1149.0,710292.0,710035.0
2026-07-14 21:58:00,5235.0,5236.0,5234.0,5234.0,621.0,710035.0,710208.0
2026-07-14 21:59:00,5234.0,5236.0,5233.0,5236.0,543.0,710208.0,710303.0
2026-07-14 22:00:00,5236.0,5236.0,5231.0,5231.0,1287.0,710303.0,710454.0
2026-07-14 22:01:00,5231.0,5233.0,5231.0,5231.0,520.0,710454.0,710486.0
2026-07-14 22:02:00,5231.0,5233.0,5231.0,5232.0,554.0,710486.0,710416.0
2026-07-14 22:03:00,5232.0,5233.0,5232.0,5232.0,227.0,710416.0,710430.0
2026-07-14 22:04:00,5232.0,5234.0,5232.0,5234.0,225.0,710430.0,710456.0
2026-07-14 22:05:00,5234.0,5235.0,5232.0,5233.0,472.0,710456.0,710507.0
2026-07-14 22:06:00,5233.0,5234.0,5230.0,5230.0,1261.0,710507.0,711164.0
2026-07-14 22:07:00,5230.0,5231.0,5230.0,5230.0,742.0,711164.0,711594.0
2026-07-14 22:08:00,5230.0,5231.0,5230.0,5231.0,684.0,711594.0,711897.0
2026-07-14 22:09:00,5231.0,5232.0,5230.0,5231.0,299.0,711897.0,711925.0
2026-07-14 22:10:00,5231.0,5232.0,5231.0,5232.0,168.0,711925.0,711977.0
2026-07-14 22:11:00,5232.0,5233.0,5231.0,5233.0,330.0,711977.0,712048.0
2026-07-14 22:12:00,5233.0,5233.0,5232.0,5233.0,171.0,712048.0,712053.0
2026-07-14 22:13:00,5233.0,5233.0,5231.0,5232.0,325.0,712053.0,711906.0
2026-07-14 22:14:00,5232.0,5232.0,5231.0,5232.0,136.0,711906.0,711962.0
2026-07-14 22:15:00,5232.0,5232.0,5230.0,5231.0,383.0,711962.0,711901.0
2026-07-14 22:16:00,5231.0,5232.0,5230.0,5232.0,166.0,711901.0,711940.0
2026-07-14 22:17:00,5232.0,5232.0,5231.0,5231.0,194.0,711940.0,711930.0
2026-07-14 22:18:00,5231.0,5231.0,5230.0,5231.0,976.0,711930.0,712380.0
2026-07-14 22:19:00,5231.0,5231.0,5229.0,5230.0,356.0,712380.0,712457.0
2026-07-14 22:20:00,5230.0,5232.0,5230.0,5231.0,250.0,712457.0,712446.0
2026-07-14 22:21:00,5231.0,5232.0,5230.0,5231.0,111.0,712446.0,712458.0
2026-07-14 22:22:00,5231.0,5232.0,5230.0,5231.0,169.0,712458.0,712448.0
2026-07-14 22:23:00,5231.0,5233.0,5231.0,5232.0,469.0,712448.0,712433.0
2026-07-14 22:24:00,5232.0,5233.0,5232.0,5233.0,63.0,712433.0,712462.0
2026-07-14 22:25:00,5233.0,5233.0,5232.0,5233.0,91.0,712462.0,712486.0
2026-07-14 22:26:00,5233.0,5233.0,5231.0,5232.0,447.0,712486.0,712614.0
2026-07-14 22:27:00,5232.0,5232.0,5230.0,5231.0,211.0,712614.0,712638.0
2026-07-14 22:28:00,5231.0,5232.0,5228.0,5230.0,1333.0,712638.0,712799.0
2026-07-14 22:29:00,5230.0,5231.0,5229.0,5231.0,717.0,712799.0,712707.0
2026-07-14 22:30:00,5231.0,5232.0,5230.0,5230.0,368.0,712707.0,712724.0
2026-07-14 22:31:00,5230.0,5231.0,5229.0,5229.0,198.0,712724.0,712761.0
2026-07-14 22:32:00,5229.0,5231.0,5229.0,5230.0,314.0,712761.0,712782.0
2026-07-14 22:33:00,5230.0,5231.0,5230.0,5230.0,104.0,712782.0,712783.0
2026-07-14 22:34:00,5230.0,5231.0,5229.0,5229.0,284.0,712783.0,712805.0
2026-07-14 22:35:00,5229.0,5231.0,5229.0,5230.0,430.0,712805.0,712726.0
2026-07-14 22:36:00,5230.0,5230.0,5229.0,5230.0,110.0,712726.0,712726.0
2026-07-14 22:37:00,5230.0,5230.0,5229.0,5229.0,92.0,712726.0,712733.0
2026-07-14 22:38:00,5229.0,5231.0,5229.0,5230.0,256.0,712733.0,712687.0
2026-07-14 22:39:00,5230.0,5231.0,5229.0,5230.0,198.0,712687.0,712651.0
2026-07-14 22:40:00,5230.0,5231.0,5229.0,5231.0,170.0,712651.0,712610.0
2026-07-14 22:41:00,5231.0,5231.0,5230.0,5231.0,208.0,712610.0,712553.0
2026-07-14 22:42:00,5231.0,5232.0,5231.0,5231.0,44.0,712553.0,712519.0
2026-07-14 22:43:00,5231.0,5232.0,5231.0,5231.0,233.0,712519.0,712494.0
2026-07-14 22:44:00,5231.0,5232.0,5231.0,5232.0,503.0,712494.0,712245.0
2026-07-14 22:45:00,5232.0,5233.0,5231.0,5232.0,243.0,712245.0,712266.0
2026-07-14 22:46:00,5232.0,5233.0,5231.0,5231.0,220.0,712266.0,712257.0
2026-07-14 22:47:00,5231.0,5232.0,5231.0,5231.0,167.0,712257.0,712259.0
2026-07-14 22:48:00,5231.0,5232.0,5231.0,5231.0,67.0,712259.0,712259.0
2026-07-14 22:49:00,5231.0,5233.0,5231.0,5232.0,325.0,712259.0,712231.0
2026-07-14 22:50:00,5232.0,5232.0,5231.0,5232.0,316.0,712231.0,712300.0
2026-07-14 22:51:00,5232.0,5232.0,5231.0,5232.0,141.0,712300.0,712284.0
2026-07-14 22:52:00,5232.0,5232.0,5230.0,5231.0,1610.0,712284.0,711456.0
2026-07-14 22:53:00,5231.0,5232.0,5230.0,5231.0,1068.0,711456.0,711395.0
2026-07-14 22:54:00,5231.0,5232.0,5230.0,5231.0,614.0,711395.0,711292.0
2026-07-14 22:55:00,5231.0,5231.0,5230.0,5231.0,149.0,711292.0,711302.0
2026-07-14 22:56:00,5231.0,5231.0,5230.0,5230.0,112.0,711302.0,711280.0
2026-07-14 22:57:00,5230.0,5231.0,5230.0,5231.0,145.0,711280.0,711200.0
2026-07-14 22:58:00,5231.0,5231.0,5230.0,5231.0,243.0,711200.0,711061.0
2026-07-14 22:59:00,5231.0,5233.0,5231.0,5232.0,1197.0,711061.0,710353.0
2026-07-15 09:00:00,5232.0,5239.0,5232.0,5233.0,6311.0,710353.0,709666.0
2026-07-15 09:01:00,5233.0,5241.0,5233.0,5240.0,4741.0,709666.0,709046.0
2026-07-15 09:02:00,5240.0,5242.0,5239.0,5241.0,2813.0,709046.0,708620.0
2026-07-15 09:03:00,5241.0,5242.0,5238.0,5239.0,1942.0,708620.0,708638.0
2026-07-15 09:04:00,5239.0,5241.0,5239.0,5241.0,1212.0,708638.0,708563.0
2026-07-15 09:05:00,5241.0,5245.0,5240.0,5244.0,3185.0,708563.0,707960.0
2026-07-15 09:06:00,5244.0,5246.0,5243.0,5244.0,2945.0,707960.0,707424.0
2026-07-15 09:07:00,5244.0,5245.0,5243.0,5243.0,1652.0,707424.0,707136.0
2026-07-15 09:08:00,5243.0,5244.0,5240.0,5241.0,1494.0,707136.0,707276.0
2026-07-15 09:09:00,5241.0,5242.0,5240.0,5241.0,692.0,707276.0,707201.0
2026-07-15 09:10:00,5241.0,5243.0,5241.0,5242.0,637.0,707201.0,707337.0
2026-07-15 09:11:00,5242.0,5245.0,5242.0,5244.0,1072.0,707337.0,707370.0
2026-07-15 09:12:00,5244.0,5245.0,5243.0,5244.0,1687.0,707370.0,707528.0
2026-07-15 09:13:00,5244.0,5244.0,5241.0,5241.0,1386.0,707528.0,707786.0
2026-07-15 09:14:00,5241.0,5243.0,5241.0,5243.0,651.0,707786.0,707679.0
2026-07-15 09:15:00,5243.0,5243.0,5241.0,5241.0,602.0,707679.0,707751.0
2026-07-15 09:16:00,5241.0,5242.0,5240.0,5241.0,927.0,707751.0,707577.0
2026-07-15 09:17:00,5241.0,5241.0,5240.0,5240.0,623.0,707577.0,707767.0
2026-07-15 09:18:00,5240.0,5241.0,5238.0,5239.0,1645.0,707767.0,707803.0
2026-07-15 09:19:00,5239.0,5239.0,5237.0,5237.0,794.0,707803.0,707683.0
2026-07-15 09:20:00,5237.0,5238.0,5236.0,5237.0,1121.0,707683.0,707574.0
2026-07-15 09:21:00,5237.0,5238.0,5236.0,5237.0,719.0,707574.0,707554.0
2026-07-15 09:22:00,5237.0,5238.0,5236.0,5236.0,2164.0,707554.0,707725.0
2026-07-15 09:23:00,5236.0,5236.0,5234.0,5235.0,2071.0,707725.0,707870.0
2026-07-15 09:24:00,5235.0,5236.0,5234.0,5236.0,500.0,707870.0,707784.0
2026-07-15 09:25:00,5236.0,5236.0,5234.0,5235.0,1265.0,707784.0,707766.0
2026-07-15 09:26:00,5235.0,5235.0,5233.0,5234.0,1401.0,707766.0,707743.0
2026-07-15 09:27:00,5234.0,5238.0,5234.0,5237.0,844.0,707743.0,707709.0
2026-07-15 09:28:00,5237.0,5239.0,5237.0,5239.0,636.0,707709.0,707635.0
2026-07-15 09:29:00,5239.0,5239.0,5237.0,5238.0,367.0,707635.0,707678.0
2026-07-15 09:30:00,5238.0,5238.0,5236.0,5236.0,458.0,707678.0,707707.0
2026-07-15 09:31:00,5236.0,5237.0,5235.0,5237.0,475.0,707707.0,707765.0
2026-07-15 09:32:00,5237.0,5237.0,5235.0,5235.0,310.0,707765.0,707758.0
2026-07-15 09:33:00,5235.0,5236.0,5235.0,5236.0,254.0,707758.0,707767.0
2026-07-15 09:34:00,5236.0,5238.0,5235.0,5236.0,968.0,707767.0,707794.0
2026-07-15 09:35:00,5236.0,5237.0,5234.0,5235.0,469.0,707794.0,707977.0
2026-07-15 09:36:00,5235.0,5236.0,5234.0,5234.0,264.0,707977.0,708081.0
2026-07-15 09:37:00,5234.0,5235.0,5233.0,5234.0,634.0,708081.0,708096.0
2026-07-15 09:38:00,5234.0,5235.0,5233.0,5233.0,476.0,708096.0,708030.0
2026-07-15 09:39:00,5233.0,5235.0,5233.0,5234.0,378.0,708030.0,707995.0
2026-07-15 09:40:00,5234.0,5236.0,5234.0,5236.0,557.0,707995.0,707977.0
2026-07-15 09:41:00,5236.0,5236.0,5234.0,5235.0,402.0,707977.0,708046.0
2026-07-15 09:42:00,5235.0,5236.0,5235.0,5235.0,1114.0,708046.0,708114.0
2026-07-15 09:43:00,5235.0,5236.0,5235.0,5236.0,104.0,708114.0,708128.0
2026-07-15 09:44:00,5236.0,5236.0,5235.0,5236.0,102.0,708128.0,708160.0
2026-07-15 09:45:00,5236.0,5237.0,5235.0,5237.0,951.0,708160.0,708240.0
2026-07-15 09:46:00,5237.0,5238.0,5236.0,5238.0,1125.0,708240.0,708102.0
2026-07-15 09:47:00,5238.0,5240.0,5238.0,5239.0,1359.0,708102.0,707982.0
2026-07-15 09:48:00,5239.0,5240.0,5238.0,5239.0,761.0,707982.0,708031.0
2026-07-15 09:49:00,5239.0,5240.0,5238.0,5239.0,430.0,708031.0,708065.0
2026-07-15 09:50:00,5239.0,5239.0,5237.0,5238.0,471.0,708065.0,708143.0
2026-07-15 09:51:00,5238.0,5239.0,5237.0,5238.0,786.0,708143.0,708096.0
2026-07-15 09:52:00,5238.0,5240.0,5238.0,5239.0,355.0,708096.0,708013.0
2026-07-15 09:53:00,5239.0,5240.0,5239.0,5239.0,761.0,708013.0,707894.0
2026-07-15 09:54:00,5239.0,5239.0,5237.0,5237.0,602.0,707894.0,708033.0
2026-07-15 09:55:00,5237.0,5239.0,5237.0,5238.0,310.0,708033.0,708077.0
2026-07-15 09:56:00,5238.0,5239.0,5237.0,5238.0,255.0,708077.0,708096.0
2026-07-15 09:57:00,5238.0,5240.0,5238.0,5238.0,686.0,708096.0,708057.0
2026-07-15 09:58:00,5238.0,5239.0,5237.0,5237.0,588.0,708057.0,708234.0
2026-07-15 09:59:00,5237.0,5237.0,5236.0,5237.0,393.0,708234.0,708127.0
2026-07-15 10:00:00,5237.0,5241.0,5237.0,5240.0,712.0,708127.0,707959.0
2026-07-15 10:01:00,5240.0,5241.0,5239.0,5241.0,908.0,707959.0,707947.0
2026-07-15 10:02:00,5241.0,5242.0,5240.0,5242.0,830.0,707947.0,707964.0
2026-07-15 10:03:00,5242.0,5243.0,5241.0,5243.0,996.0,707964.0,707856.0
2026-07-15 10:04:00,5243.0,5244.0,5242.0,5244.0,1059.0,707856.0,707572.0
2026-07-15 10:05:00,5244.0,5244.0,5242.0,5242.0,902.0,707572.0,707456.0
2026-07-15 10:06:00,5242.0,5245.0,5242.0,5244.0,1214.0,707456.0,707111.0
2026-07-15 10:07:00,5244.0,5246.0,5243.0,5245.0,2016.0,707111.0,707381.0
2026-07-15 10:08:00,5245.0,5246.0,5244.0,5245.0,1844.0,707381.0,707231.0
2026-07-15 10:09:00,5245.0,5245.0,5242.0,5243.0,810.0,707231.0,707285.0
2026-07-15 10:10:00,5243.0,5244.0,5241.0,5241.0,430.0,707285.0,707250.0
2026-07-15 10:11:00,5241.0,5243.0,5241.0,5243.0,551.0,707250.0,706986.0
2026-07-15 10:12:00,5243.0,5243.0,5241.0,5241.0,242.0,706986.0,706948.0
2026-07-15 10:13:00,5241.0,5242.0,5240.0,5241.0,619.0,706948.0,706720.0
2026-07-15 10:14:00,5241.0,5243.0,5241.0,5241.0,403.0,706720.0,706600.0
2026-07-15 10:30:00,5241.0,5243.0,5241.0,5242.0,602.0,706600.0,706517.0
2026-07-15 10:31:00,5242.0,5244.0,5242.0,5244.0,949.0,706517.0,706283.0
2026-07-15 10:32:00,5244.0,5245.0,5242.0,5242.0,468.0,706283.0,706248.0
2026-07-15 10:33:00,5242.0,5242.0,5240.0,5240.0,443.0,706248.0,706298.0
2026-07-15 10:34:00,5240.0,5242.0,5240.0,5241.0,189.0,706298.0,706290.0
2026-07-15 10:35:00,5241.0,5241.0,5240.0,5240.0,471.0,706290.0,706323.0
2026-07-15 10:36:00,5240.0,5242.0,5240.0,5241.0,362.0,706323.0,706281.0
2026-07-15 10:37:00,5241.0,5244.0,5241.0,5243.0,714.0,706281.0,706324.0
2026-07-15 10:38:00,5243.0,5245.0,5242.0,5244.0,602.0,706324.0,706397.0
2026-07-15 10:39:00,5244.0,5245.0,5244.0,5245.0,515.0,706397.0,706417.0
2026-07-15 10:40:00,5245.0,5245.0,5243.0,5243.0,592.0,706417.0,706681.0
2026-07-15 10:41:00,5243.0,5244.0,5243.0,5243.0,171.0,706681.0,706684.0
2026-07-15 10:42:00,5243.0,5244.0,5242.0,5243.0,382.0,706684.0,706629.0
2026-07-15 10:43:00,5243.0,5246.0,5243.0,5245.0,1303.0,706629.0,706886.0
2026-07-15 10:44:00,5245.0,5245.0,5243.0,5243.0,396.0,706886.0,706981.0
2026-07-15 10:45:00,5243.0,5245.0,5243.0,5244.0,536.0,706981.0,706918.0
2026-07-15 10:46:00,5244.0,5245.0,5243.0,5243.0,394.0,706918.0,706937.0
2026-07-15 10:47:00,5243.0,5245.0,5243.0,5244.0,327.0,706937.0,706944.0
2026-07-15 10:48:00,5244.0,5245.0,5242.0,5243.0,702.0,706944.0,706957.0
2026-07-15 10:49:00,5243.0,5243.0,5241.0,5241.0,727.0,706957.0,706983.0
2026-07-15 10:50:00,5241.0,5242.0,5240.0,5241.0,525.0,706983.0,707124.0
2026-07-15 10:51:00,5241.0,5242.0,5240.0,5241.0,1124.0,707124.0,707325.0
2026-07-15 10:52:00,5241.0,5243.0,5241.0,5242.0,492.0,707325.0,707286.0
2026-07-15 10:53:00,5242.0,5244.0,5242.0,5243.0,214.0,707286.0,707237.0
2026-07-15 10:54:00,5243.0,5243.0,5241.0,5242.0,316.0,707237.0,707264.0
2026-07-15 10:55:00,5242.0,5242.0,5239.0,5239.0,754.0,707264.0,707119.0
2026-07-15 10:56:00,5239.0,5240.0,5239.0,5239.0,331.0,707119.0,707085.0
2026-07-15 10:57:00,5239.0,5240.0,5238.0,5239.0,560.0,707085.0,706988.0
2026-07-15 10:58:00,5239.0,5240.0,5239.0,5240.0,385.0,706988.0,706997.0
2026-07-15 10:59:00,5240.0,5240.0,5238.0,5239.0,479.0,706997.0,707005.0
2026-07-15 11:00:00,5239.0,5241.0,5238.0,5239.0,542.0,707005.0,707044.0
2026-07-15 11:01:00,5239.0,5239.0,5237.0,5238.0,1403.0,707044.0,706925.0
2026-07-15 11:02:00,5238.0,5239.0,5237.0,5238.0,434.0,706925.0,706986.0
2026-07-15 11:03:00,5238.0,5238.0,5237.0,5237.0,118.0,706986.0,707022.0
2026-07-15 11:04:00,5237.0,5239.0,5237.0,5238.0,339.0,707022.0,707038.0
2026-07-15 11:05:00,5238.0,5239.0,5238.0,5238.0,396.0,707038.0,707052.0
2026-07-15 11:06:00,5238.0,5240.0,5237.0,5240.0,401.0,707052.0,707122.0
2026-07-15 11:07:00,5240.0,5240.0,5238.0,5239.0,391.0,707122.0,707072.0
2026-07-15 11:08:00,5239.0,5240.0,5238.0,5240.0,280.0,707072.0,707053.0
2026-07-15 11:09:00,5240.0,5240.0,5238.0,5238.0,346.0,707053.0,707086.0
2026-07-15 11:10:00,5238.0,5241.0,5238.0,5240.0,614.0,707086.0,707027.0
2026-07-15 11:11:00,5240.0,5241.0,5240.0,5241.0,450.0,707027.0,707006.0
2026-07-15 11:12:00,5241.0,5242.0,5240.0,5242.0,380.0,707006.0,707137.0
2026-07-15 11:13:00,5242.0,5242.0,5239.0,5240.0,974.0,707137.0,706924.0
2026-07-15 11:14:00,5240.0,5242.0,5240.0,5241.0,401.0,706924.0,706936.0
2026-07-15 11:15:00,5241.0,5242.0,5241.0,5241.0,384.0,706936.0,707053.0
2026-07-15 11:16:00,5241.0,5242.0,5240.0,5240.0,257.0,707053.0,707063.0
2026-07-15 11:17:00,5240.0,5241.0,5240.0,5240.0,193.0,707063.0,707032.0
2026-07-15 11:18:00,5240.0,5240.0,5238.0,5238.0,169.0,707032.0,707059.0
2026-07-15 11:19:00,5238.0,5240.0,5238.0,5239.0,285.0,707059.0,706982.0
2026-07-15 11:20:00,5239.0,5240.0,5238.0,5240.0,320.0,706982.0,707039.0
2026-07-15 11:21:00,5240.0,5241.0,5239.0,5240.0,203.0,707039.0,707092.0
2026-07-15 11:22:00,5240.0,5241.0,5238.0,5240.0,350.0,707092.0,707171.0
2026-07-15 11:23:00,5240.0,5241.0,5240.0,5241.0,186.0,707171.0,707206.0
2026-07-15 11:24:00,5241.0,5241.0,5239.0,5239.0,367.0,707206.0,707122.0
2026-07-15 11:25:00,5239.0,5241.0,5239.0,5239.0,346.0,707122.0,707209.0
2026-07-15 11:26:00,5239.0,5240.0,5239.0,5239.0,75.0,707209.0,707209.0
2026-07-15 11:27:00,5239.0,5240.0,5238.0,5239.0,325.0,707209.0,707125.0
2026-07-15 11:28:00,5239.0,5240.0,5239.0,5239.0,65.0,707125.0,707126.0
2026-07-15 11:29:00,5239.0,5240.0,5238.0,5239.0,328.0,707126.0,707076.0
2026-07-15 13:30:00,5240.0,5240.0,5237.0,5240.0,1312.0,707076.0,706940.0
2026-07-15 13:31:00,5240.0,5243.0,5239.0,5243.0,804.0,706940.0,706861.0
2026-07-15 13:32:00,5243.0,5244.0,5241.0,5241.0,1162.0,706861.0,707121.0
2026-07-15 13:33:00,5241.0,5242.0,5240.0,5241.0,469.0,707121.0,707144.0
2026-07-15 13:34:00,5241.0,5242.0,5241.0,5241.0,181.0,707144.0,707253.0
2026-07-15 13:35:00,5241.0,5243.0,5239.0,5240.0,1101.0,707253.0,707697.0
2026-07-15 13:36:00,5240.0,5240.0,5238.0,5240.0,679.0,707697.0,707680.0
2026-07-15 13:37:00,5240.0,5240.0,5238.0,5239.0,303.0,707680.0,707687.0
2026-07-15 13:38:00,5239.0,5240.0,5239.0,5240.0,401.0,707687.0,707697.0
2026-07-15 13:39:00,5240.0,5240.0,5237.0,5238.0,1012.0,707697.0,708005.0
2026-07-15 13:40:00,5238.0,5240.0,5238.0,5239.0,706.0,708005.0,708016.0
2026-07-15 13:41:00,5239.0,5239.0,5238.0,5239.0,268.0,708016.0,708198.0
2026-07-15 13:42:00,5239.0,5240.0,5238.0,5239.0,934.0,708198.0,708209.0
2026-07-15 13:43:00,5239.0,5240.0,5238.0,5239.0,302.0,708209.0,708374.0
2026-07-15 13:44:00,5239.0,5239.0,5237.0,5237.0,1099.0,708374.0,708372.0
2026-07-15 13:45:00,5237.0,5238.0,5237.0,5238.0,170.0,708372.0,708338.0
2026-07-15 13:46:00,5238.0,5238.0,5237.0,5238.0,123.0,708338.0,708375.0
2026-07-15 13:47:00,5238.0,5238.0,5235.0,5237.0,2073.0,708375.0,708735.0
2026-07-15 13:48:00,5237.0,5237.0,5235.0,5236.0,414.0,708735.0,708807.0
2026-07-15 13:49:00,5236.0,5237.0,5235.0,5236.0,515.0,708807.0,708641.0
2026-07-15 13:50:00,5236.0,5238.0,5236.0,5237.0,411.0,708641.0,708587.0
2026-07-15 13:51:00,5237.0,5237.0,5235.0,5235.0,394.0,708587.0,708607.0
2026-07-15 13:52:00,5235.0,5236.0,5230.0,5231.0,3921.0,708607.0,710032.0
2026-07-15 13:53:00,5231.0,5232.0,5230.0,5230.0,2366.0,710032.0,709754.0
2026-07-15 13:54:00,5230.0,5232.0,5230.0,5231.0,1805.0,709754.0,709832.0
2026-07-15 13:55:00,5231.0,5233.0,5230.0,5233.0,946.0,709832.0,709633.0
2026-07-15 13:56:00,5233.0,5234.0,5232.0,5233.0,607.0,709633.0,709495.0
2026-07-15 13:57:00,5233.0,5234.0,5232.0,5232.0,362.0,709495.0,709576.0
2026-07-15 13:58:00,5232.0,5233.0,5232.0,5232.0,496.0,709576.0,709598.0
2026-07-15 13:59:00,5232.0,5233.0,5232.0,5233.0,590.0,709598.0,709616.0
2026-07-15 14:00:00,5233.0,5233.0,5232.0,5232.0,331.0,709616.0,709648.0
2026-07-15 14:01:00,5232.0,5233.0,5231.0,5231.0,540.0,709648.0,709746.0
2026-07-15 14:02:00,5231.0,5232.0,5230.0,5232.0,1117.0,709746.0,709914.0
2026-07-15 14:03:00,5232.0,5233.0,5230.0,5231.0,469.0,709914.0,709928.0
2026-07-15 14:04:00,5231.0,5232.0,5230.0,5231.0,392.0,709928.0,709850.0
2026-07-15 14:05:00,5231.0,5231.0,5229.0,5229.0,1187.0,709850.0,710090.0
2026-07-15 14:06:00,5229.0,5231.0,5229.0,5230.0,939.0,710090.0,709831.0
2026-07-15 14:07:00,5230.0,5231.0,5229.0,5229.0,505.0,709831.0,709809.0
2026-07-15 14:08:00,5229.0,5230.0,5229.0,5229.0,530.0,709809.0,709918.0
2026-07-15 14:09:00,5229.0,5230.0,5225.0,5225.0,3605.0,709918.0,710744.0
2026-07-15 14:10:00,5225.0,5228.0,5225.0,5228.0,1248.0,710744.0,710827.0
2026-07-15 14:11:00,5228.0,5229.0,5227.0,5229.0,736.0,710827.0,710937.0
2026-07-15 14:12:00,5229.0,5230.0,5228.0,5228.0,574.0,710937.0,711074.0
2026-07-15 14:13:00,5228.0,5230.0,5228.0,5229.0,599.0,711074.0,711134.0
2026-07-15 14:14:00,5229.0,5231.0,5228.0,5230.0,1095.0,711134.0,711014.0
2026-07-15 14:15:00,5230.0,5230.0,5228.0,5229.0,716.0,711014.0,711289.0
2026-07-15 14:16:00,5229.0,5230.0,5227.0,5230.0,1518.0,711289.0,711197.0
2026-07-15 14:17:00,5230.0,5230.0,5229.0,5230.0,189.0,711197.0,711237.0
2026-07-15 14:18:00,5230.0,5230.0,5228.0,5229.0,531.0,711237.0,711349.0
2026-07-15 14:19:00,5229.0,5229.0,5227.0,5227.0,767.0,711349.0,711524.0
2026-07-15 14:20:00,5227.0,5228.0,5227.0,5228.0,837.0,711524.0,711389.0
2026-07-15 14:21:00,5228.0,5230.0,5228.0,5228.0,836.0,711389.0,711264.0
2026-07-15 14:22:00,5228.0,5230.0,5227.0,5229.0,838.0,711264.0,711317.0
2026-07-15 14:23:00,5229.0,5229.0,5227.0,5227.0,632.0,711317.0,711403.0
2026-07-15 14:24:00,5227.0,5229.0,5227.0,5228.0,542.0,711403.0,711286.0
2026-07-15 14:25:00,5228.0,5229.0,5227.0,5229.0,426.0,711286.0,711411.0
2026-07-15 14:26:00,5229.0,5230.0,5228.0,5230.0,469.0,711411.0,711387.0
2026-07-15 14:27:00,5230.0,5230.0,5229.0,5230.0,115.0,711387.0,711399.0
2026-07-15 14:28:00,5230.0,5230.0,5228.0,5229.0,283.0,711399.0,711416.0
2026-07-15 14:29:00,5229.0,5230.0,5228.0,5229.0,343.0,711416.0,711376.0
2026-07-15 14:30:00,5229.0,5230.0,5228.0,5228.0,164.0,711376.0,711341.0
2026-07-15 14:31:00,5228.0,5229.0,5228.0,5229.0,179.0,711341.0,711325.0
2026-07-15 14:32:00,5229.0,5229.0,5227.0,5229.0,676.0,711325.0,711226.0
2026-07-15 14:33:00,5229.0,5229.0,5227.0,5227.0,386.0,711226.0,711216.0
2026-07-15 14:34:00,5227.0,5228.0,5226.0,5227.0,1220.0,711216.0,711558.0
2026-07-15 14:35:00,5227.0,5228.0,5226.0,5227.0,600.0,711558.0,711370.0
2026-07-15 14:36:00,5227.0,5229.0,5226.0,5229.0,520.0,711370.0,711282.0
2026-07-15 14:37:00,5229.0,5230.0,5228.0,5229.0,436.0,711282.0,711214.0
2026-07-15 14:38:00,5229.0,5230.0,5229.0,5230.0,249.0,711214.0,711123.0
2026-07-15 14:39:00,5230.0,5230.0,5228.0,5228.0,1043.0,711123.0,711690.0
2026-07-15 14:40:00,5228.0,5230.0,5228.0,5230.0,849.0,711690.0,711455.0
2026-07-15 14:41:00,5230.0,5232.0,5230.0,5231.0,1027.0,711455.0,711411.0
2026-07-15 14:42:00,5231.0,5231.0,5230.0,5231.0,305.0,711411.0,711522.0
2026-07-15 14:43:00,5231.0,5231.0,5229.0,5229.0,533.0,711522.0,711686.0
2026-07-15 14:44:00,5229.0,5231.0,5229.0,5229.0,415.0,711686.0,711762.0
2026-07-15 14:45:00,5229.0,5230.0,5228.0,5229.0,464.0,711762.0,711732.0
2026-07-15 14:46:00,5229.0,5230.0,5228.0,5229.0,353.0,711732.0,711781.0
2026-07-15 14:47:00,5229.0,5229.0,5228.0,5229.0,135.0,711781.0,711764.0
2026-07-15 14:48:00,5229.0,5230.0,5228.0,5229.0,343.0,711764.0,711648.0
2026-07-15 14:49:00,5229.0,5229.0,5228.0,5228.0,252.0,711648.0,711645.0
2026-07-15 14:50:00,5228.0,5229.0,5228.0,5229.0,718.0,711645.0,711630.0
2026-07-15 14:51:00,5229.0,5230.0,5228.0,5230.0,402.0,711630.0,711577.0
2026-07-15 14:52:00,5230.0,5230.0,5229.0,5230.0,143.0,711577.0,711546.0
2026-07-15 14:53:00,5230.0,5230.0,5229.0,5229.0,697.0,711546.0,711385.0
2026-07-15 14:54:00,5229.0,5231.0,5229.0,5229.0,618.0,711385.0,711472.0
2026-07-15 14:55:00,5229.0,5230.0,5229.0,5229.0,538.0,711472.0,711604.0
2026-07-15 14:56:00,5229.0,5231.0,5229.0,5230.0,606.0,711604.0,711461.0
2026-07-15 14:57:00,5230.0,5231.0,5230.0,5231.0,815.0,711461.0,711266.0
2026-07-15 14:58:00,5231.0,5231.0,5230.0,5230.0,1140.0,711266.0,711245.0
2026-07-15 14:59:00,5230.0,5231.0,5229.0,5229.0,1217.0,711245.0,711157.0
2026-07-15 21:00:00,5220.0,5220.0,5211.0,5218.0,16529.0,711157.0,712215.0
2026-07-15 21:01:00,5218.0,5222.0,5216.0,5219.0,5844.0,712215.0,712743.0
2026-07-15 21:02:00,5219.0,5219.0,5211.0,5211.0,6909.0,712743.0,714008.0
2026-07-15 21:03:00,5211.0,5213.0,5206.0,5208.0,10564.0,714008.0,717249.0
2026-07-15 21:04:00,5208.0,5208.0,5197.0,5203.0,21569.0,717249.0,721259.0
2026-07-15 21:05:00,5203.0,5209.0,5200.0,5208.0,8907.0,721259.0,722360.0
2026-07-15 21:06:00,5208.0,5212.0,5207.0,5212.0,5032.0,722360.0,722974.0
2026-07-15 21:07:00,5212.0,5215.0,5211.0,5214.0,4310.0,722974.0,723692.0
2026-07-15 21:08:00,5214.0,5215.0,5213.0,5213.0,2398.0,723692.0,723969.0
2026-07-15 21:09:00,5213.0,5215.0,5213.0,5214.0,2834.0,723969.0,724258.0
2026-07-15 21:10:00,5214.0,5215.0,5212.0,5214.0,2007.0,724258.0,724606.0
2026-07-15 21:11:00,5214.0,5216.0,5212.0,5216.0,1888.0,724606.0,724854.0
2026-07-15 21:12:00,5216.0,5216.0,5212.0,5212.0,2095.0,724854.0,725530.0
2026-07-15 21:13:00,5212.0,5214.0,5211.0,5213.0,2512.0,725530.0,725873.0
2026-07-15 21:14:00,5213.0,5213.0,5207.0,5208.0,3474.0,725873.0,726634.0
2026-07-15 21:15:00,5208.0,5209.0,5206.0,5209.0,3968.0,726634.0,726606.0
2026-07-15 21:16:00,5209.0,5209.0,5208.0,5209.0,2553.0,726606.0,727239.0
2026-07-15 21:17:00,5209.0,5212.0,5208.0,5211.0,2127.0,727239.0,727938.0
2026-07-15 21:18:00,5211.0,5212.0,5211.0,5211.0,954.0,727938.0,728027.0
2026-07-15 21:19:00,5211.0,5213.0,5211.0,5211.0,1289.0,728027.0,728479.0
2026-07-15 21:20:00,5211.0,5213.0,5211.0,5213.0,1387.0,728479.0,728885.0
2026-07-15 21:21:00,5213.0,5214.0,5212.0,5212.0,1203.0,728885.0,728966.0
2026-07-15 21:22:00,5212.0,5214.0,5212.0,5214.0,774.0,728966.0,729225.0
2026-07-15 21:23:00,5214.0,5214.0,5212.0,5213.0,565.0,729225.0,729275.0
2026-07-15 21:24:00,5213.0,5214.0,5212.0,5213.0,926.0,729275.0,729547.0
2026-07-15 21:25:00,5213.0,5216.0,5213.0,5213.0,1482.0,729547.0,729668.0
2026-07-15 21:26:00,5213.0,5215.0,5213.0,5214.0,854.0,729668.0,729894.0
2026-07-15 21:27:00,5214.0,5216.0,5213.0,5215.0,895.0,729894.0,729842.0
2026-07-15 21:28:00,5215.0,5217.0,5213.0,5216.0,2299.0,729842.0,730041.0
2026-07-15 21:29:00,5216.0,5216.0,5214.0,5215.0,652.0,730041.0,730148.0
2026-07-15 21:30:00,5215.0,5215.0,5212.0,5213.0,1357.0,730148.0,730304.0
2026-07-15 21:31:00,5213.0,5214.0,5212.0,5214.0,1096.0,730304.0,730615.0
2026-07-15 21:32:00,5214.0,5214.0,5212.0,5214.0,881.0,730615.0,730518.0
2026-07-15 21:33:00,5214.0,5215.0,5213.0,5214.0,633.0,730518.0,730609.0
2026-07-15 21:34:00,5214.0,5216.0,5214.0,5215.0,786.0,730609.0,730648.0
2026-07-15 21:35:00,5215.0,5216.0,5214.0,5214.0,762.0,730648.0,730667.0
2026-07-15 21:36:00,5214.0,5216.0,5214.0,5215.0,458.0,730667.0,730641.0
2026-07-15 21:37:00,5215.0,5215.0,5211.0,5211.0,1432.0,730641.0,730645.0
2026-07-15 21:38:00,5211.0,5213.0,5211.0,5212.0,1334.0,730645.0,730400.0
2026-07-15 21:39:00,5212.0,5215.0,5212.0,5214.0,838.0,730400.0,730630.0
2026-07-15 21:40:00,5214.0,5215.0,5213.0,5214.0,1076.0,730630.0,730841.0
2026-07-15 21:41:00,5214.0,5214.0,5212.0,5212.0,529.0,730841.0,730787.0
2026-07-15 21:42:00,5212.0,5213.0,5212.0,5212.0,438.0,730787.0,730925.0
2026-07-15 21:43:00,5212.0,5214.0,5212.0,5213.0,243.0,730925.0,730963.0
2026-07-15 21:44:00,5213.0,5214.0,5212.0,5214.0,416.0,730963.0,730877.0
2026-07-15 21:45:00,5214.0,5214.0,5213.0,5213.0,241.0,730877.0,730838.0
2026-07-15 21:46:00,5213.0,5214.0,5212.0,5212.0,888.0,730838.0,730993.0
2026-07-15 21:47:00,5212.0,5213.0,5212.0,5213.0,426.0,730993.0,731006.0
2026-07-15 21:48:00,5213.0,5214.0,5212.0,5214.0,537.0,731006.0,731026.0
2026-07-15 21:49:00,5214.0,5214.0,5212.0,5212.0,937.0,731026.0,730896.0
2026-07-15 21:50:00,5212.0,5214.0,5212.0,5213.0,542.0,730896.0,730899.0
2026-07-15 21:51:00,5213.0,5216.0,5213.0,5216.0,777.0,730899.0,730790.0
2026-07-15 21:52:00,5216.0,5218.0,5215.0,5217.0,2472.0,730790.0,731149.0
2026-07-15 21:53:00,5217.0,5218.0,5216.0,5217.0,895.0,731149.0,731365.0
2026-07-15 21:54:00,5217.0,5218.0,5216.0,5217.0,578.0,731365.0,731388.0
2026-07-15 21:55:00,5217.0,5218.0,5215.0,5215.0,1123.0,731388.0,731704.0
2026-07-15 21:56:00,5215.0,5216.0,5214.0,5214.0,418.0,731704.0,731645.0
2026-07-15 21:57:00,5214.0,5215.0,5213.0,5215.0,529.0,731645.0,731589.0
2026-07-15 21:58:00,5215.0,5215.0,5213.0,5215.0,496.0,731589.0,731623.0
2026-07-15 21:59:00,5215.0,5215.0,5214.0,5215.0,195.0,731623.0,731597.0
2026-07-15 22:00:00,5215.0,5216.0,5214.0,5216.0,619.0,731597.0,731460.0
2026-07-15 22:01:00,5216.0,5216.0,5214.0,5215.0,725.0,731460.0,731191.0
2026-07-15 22:02:00,5215.0,5217.0,5215.0,5216.0,732.0,731191.0,730973.0
2026-07-15 22:03:00,5216.0,5218.0,5216.0,5218.0,634.0,730973.0,731078.0
2026-07-15 22:04:00,5218.0,5220.0,5217.0,5220.0,1356.0,731078.0,731120.0
2026-07-15 22:05:00,5220.0,5220.0,5219.0,5219.0,2140.0,731120.0,730823.0
2026-07-15 22:06:00,5219.0,5220.0,5218.0,5219.0,523.0,730823.0,730798.0
2026-07-15 22:07:00,5219.0,5219.0,5218.0,5219.0,181.0,730798.0,730770.0
2026-07-15 22:08:00,5219.0,5220.0,5218.0,5219.0,876.0,730770.0,730976.0
2026-07-15 22:09:00,5219.0,5220.0,5218.0,5218.0,406.0,730976.0,730934.0
2026-07-15 22:10:00,5218.0,5221.0,5218.0,5220.0,781.0,730934.0,730608.0
2026-07-15 22:11:00,5220.0,5222.0,5220.0,5220.0,1641.0,730608.0,730292.0
2026-07-15 22:12:00,5220.0,5222.0,5220.0,5221.0,783.0,730292.0,730276.0
2026-07-15 22:13:00,5221.0,5221.0,5220.0,5220.0,332.0,730276.0,730301.0
2026-07-15 22:14:00,5220.0,5221.0,5219.0,5219.0,556.0,730301.0,730277.0
2026-07-15 22:15:00,5219.0,5220.0,5218.0,5219.0,681.0,730277.0,730410.0
2026-07-15 22:16:00,5219.0,5221.0,5218.0,5221.0,828.0,730410.0,730527.0
2026-07-15 22:17:00,5221.0,5222.0,5221.0,5222.0,786.0,730527.0,730407.0
2026-07-15 22:18:00,5222.0,5222.0,5221.0,5222.0,221.0,730407.0,730394.0
2026-07-15 22:19:00,5222.0,5224.0,5221.0,5223.0,1689.0,730394.0,730117.0
2026-07-15 22:20:00,5223.0,5225.0,5223.0,5224.0,2108.0,730117.0,730198.0
2026-07-15 22:21:00,5224.0,5224.0,5222.0,5222.0,556.0,730198.0,730289.0
2026-07-15 22:22:00,5222.0,5223.0,5222.0,5222.0,195.0,730289.0,730282.0
2026-07-15 22:23:00,5222.0,5224.0,5222.0,5223.0,326.0,730282.0,730185.0
2026-07-15 22:24:00,5223.0,5224.0,5223.0,5223.0,635.0,730185.0,730367.0
2026-07-15 22:25:00,5223.0,5224.0,5222.0,5222.0,341.0,730367.0,730408.0
2026-07-15 22:26:00,5222.0,5223.0,5221.0,5221.0,518.0,730408.0,730404.0
2026-07-15 22:27:00,5221.0,5222.0,5221.0,5221.0,422.0,730404.0,730323.0
2026-07-15 22:28:00,5221.0,5222.0,5221.0,5222.0,522.0,730323.0,730274.0
2026-07-15 22:29:00,5222.0,5223.0,5221.0,5222.0,268.0,730274.0,730243.0
2026-07-15 22:30:00,5222.0,5223.0,5222.0,5222.0,96.0,730243.0,730240.0
2026-07-15 22:31:00,5222.0,5222.0,5221.0,5221.0,596.0,730240.0,730259.0
2026-07-15 22:32:00,5221.0,5223.0,5221.0,5222.0,332.0,730259.0,730407.0
2026-07-15 22:33:00,5222.0,5223.0,5221.0,5221.0,190.0,730407.0,730363.0
2026-07-15 22:34:00,5221.0,5222.0,5221.0,5222.0,488.0,730363.0,730158.0
2026-07-15 22:35:00,5222.0,5222.0,5220.0,5221.0,296.0,730158.0,730065.0
2026-07-15 22:36:00,5221.0,5222.0,5220.0,5220.0,234.0,730065.0,729997.0
2026-07-15 22:37:00,5220.0,5221.0,5219.0,5219.0,524.0,729997.0,729807.0
2026-07-15 22:38:00,5219.0,5221.0,5219.0,5220.0,429.0,729807.0,729655.0
2026-07-15 22:39:00,5220.0,5222.0,5220.0,5220.0,530.0,729655.0,729630.0
2026-07-15 22:40:00,5220.0,5222.0,5220.0,5221.0,466.0,729630.0,729515.0
2026-07-15 22:41:00,5221.0,5222.0,5220.0,5222.0,582.0,729515.0,729527.0
2026-07-15 22:42:00,5222.0,5223.0,5221.0,5222.0,662.0,729527.0,729300.0
2026-07-15 22:43:00,5222.0,5223.0,5221.0,5222.0,636.0,729300.0,729592.0
2026-07-15 22:44:00,5222.0,5222.0,5221.0,5221.0,215.0,729592.0,729603.0
2026-07-15 22:45:00,5221.0,5223.0,5221.0,5221.0,279.0,729603.0,729676.0
2026-07-15 22:46:00,5221.0,5222.0,5221.0,5222.0,153.0,729676.0,729695.0
2026-07-15 22:47:00,5222.0,5223.0,5221.0,5222.0,263.0,729695.0,729651.0
2026-07-15 22:48:00,5222.0,5223.0,5221.0,5222.0,250.0,729651.0,729701.0
2026-07-15 22:49:00,5222.0,5223.0,5221.0,5222.0,317.0,729701.0,729633.0
2026-07-15 22:50:00,5222.0,5222.0,5221.0,5222.0,132.0,729633.0,729658.0
2026-07-15 22:51:00,5222.0,5222.0,5221.0,5221.0,72.0,729658.0,729662.0
2026-07-15 22:52:00,5221.0,5222.0,5220.0,5221.0,585.0,729662.0,729609.0
2026-07-15 22:53:00,5221.0,5222.0,5221.0,5222.0,199.0,729609.0,729651.0
2026-07-15 22:54:00,5222.0,5222.0,5221.0,5222.0,205.0,729651.0,729572.0
2026-07-15 22:55:00,5222.0,5222.0,5221.0,5222.0,81.0,729572.0,729562.0
2026-07-15 22:56:00,5222.0,5222.0,5221.0,5222.0,216.0,729562.0,729477.0
2026-07-15 22:57:00,5222.0,5223.0,5221.0,5223.0,608.0,729477.0,729070.0
2026-07-15 22:58:00,5223.0,5223.0,5222.0,5222.0,739.0,729070.0,728698.0
2026-07-15 22:59:00,5222.0,5223.0,5221.0,5222.0,1185.0,728698.0,728166.0
2026-07-16 09:00:00,5222.0,5226.0,5221.0,5224.0,5031.0,728166.0,728311.0
2026-07-16 09:01:00,5224.0,5226.0,5221.0,5226.0,1182.0,728311.0,728340.0
2026-07-16 09:02:00,5226.0,5228.0,5225.0,5227.0,2296.0,728340.0,727795.0
2026-07-16 09:03:00,5227.0,5232.0,5224.0,5227.0,5065.0,727795.0,728071.0
2026-07-16 09:04:00,5227.0,5228.0,5226.0,5227.0,1469.0,728071.0,727927.0
2026-07-16 09:05:00,5227.0,5227.0,5224.0,5225.0,1617.0,727927.0,728106.0
2026-07-16 09:06:00,5225.0,5227.0,5225.0,5225.0,534.0,728106.0,728039.0
2026-07-16 09:07:00,5225.0,5227.0,5224.0,5225.0,1438.0,728039.0,728065.0
2026-07-16 09:08:00,5225.0,5226.0,5224.0,5224.0,600.0,728065.0,728103.0
2026-07-16 09:09:00,5224.0,5227.0,5224.0,5225.0,817.0,728103.0,727908.0
2026-07-16 09:10:00,5225.0,5226.0,5222.0,5224.0,983.0,727908.0,727861.0
2026-07-16 09:11:00,5224.0,5225.0,5223.0,5223.0,619.0,727861.0,727639.0
2026-07-16 09:12:00,5223.0,5224.0,5220.0,5220.0,1336.0,727639.0,727838.0
2026-07-16 09:13:00,5220.0,5221.0,5219.0,5220.0,1248.0,727838.0,727672.0
2026-07-16 09:14:00,5220.0,5222.0,5220.0,5221.0,1231.0,727672.0,727993.0
2026-07-16 09:15:00,5221.0,5224.0,5220.0,5224.0,1686.0,727993.0,728028.0
2026-07-16 09:16:00,5224.0,5224.0,5219.0,5220.0,1090.0,728028.0,728196.0
2026-07-16 09:17:00,5220.0,5221.0,5220.0,5220.0,371.0,728196.0,728205.0
2026-07-16 09:18:00,5220.0,5220.0,5216.0,5216.0,2029.0,728205.0,728411.0
2026-07-16 09:19:00,5216.0,5217.0,5216.0,5217.0,631.0,728411.0,728428.0
2026-07-16 09:20:00,5217.0,5219.0,5216.0,5217.0,960.0,728428.0,728486.0
2026-07-16 09:21:00,5217.0,5219.0,5217.0,5218.0,223.0,728486.0,728478.0
2026-07-16 09:22:00,5218.0,5219.0,5218.0,5219.0,148.0,728478.0,728472.0
2026-07-16 09:23:00,5219.0,5219.0,5217.0,5217.0,941.0,728472.0,728304.0
2026-07-16 09:24:00,5217.0,5218.0,5215.0,5216.0,1138.0,728304.0,728233.0
2026-07-16 09:25:00,5216.0,5218.0,5215.0,5217.0,850.0,728233.0,728237.0
2026-07-16 09:26:00,5217.0,5218.0,5217.0,5217.0,223.0,728237.0,728307.0
2026-07-16 09:27:00,5217.0,5218.0,5215.0,5217.0,963.0,728307.0,728447.0
2026-07-16 09:28:00,5217.0,5217.0,5214.0,5214.0,1440.0,728447.0,728281.0
2026-07-16 09:29:00,5214.0,5217.0,5214.0,5215.0,856.0,728281.0,728123.0
2026-07-16 09:30:00,5215.0,5216.0,5215.0,5215.0,575.0,728123.0,728013.0
2026-07-16 09:31:00,5215.0,5216.0,5214.0,5215.0,1186.0,728013.0,727947.0
2026-07-16 09:32:00,5215.0,5216.0,5214.0,5214.0,561.0,727947.0,728096.0
2026-07-16 09:33:00,5214.0,5214.0,5210.0,5211.0,3174.0,728096.0,727692.0
2026-07-16 09:34:00,5211.0,5212.0,5210.0,5211.0,1068.0,727692.0,727745.0
2026-07-16 09:35:00,5211.0,5212.0,5210.0,5210.0,2462.0,727745.0,727814.0
2026-07-16 09:36:00,5210.0,5211.0,5209.0,5210.0,1371.0,727814.0,727981.0
2026-07-16 09:37:00,5210.0,5211.0,5209.0,5210.0,900.0,727981.0,728070.0
2026-07-16 09:38:00,5210.0,5210.0,5208.0,5210.0,744.0,728070.0,728237.0
2026-07-16 09:39:00,5210.0,5210.0,5206.0,5206.0,2070.0,728237.0,728700.0
2026-07-16 09:40:00,5206.0,5207.0,5205.0,5205.0,1861.0,728700.0,729285.0
2026-07-16 09:41:00,5205.0,5208.0,5205.0,5207.0,2398.0,729285.0,729665.0
2026-07-16 09:42:00,5207.0,5209.0,5206.0,5207.0,1678.0,729665.0,730030.0
2026-07-16 09:43:00,5207.0,5209.0,5207.0,5207.0,1291.0,730030.0,730441.0
2026-07-16 09:44:00,5207.0,5208.0,5206.0,5207.0,774.0,730441.0,730558.0
2026-07-16 09:45:00,5207.0,5209.0,5206.0,5207.0,1269.0,730558.0,730695.0
2026-07-16 09:46:00,5207.0,5208.0,5206.0,5208.0,581.0,730695.0,730990.0
2026-07-16 09:47:00,5208.0,5208.0,5204.0,5205.0,2411.0,730990.0,731719.0
2026-07-16 09:48:00,5205.0,5207.0,5203.0,5206.0,1636.0,731719.0,731423.0
2026-07-16 09:49:00,5206.0,5207.0,5205.0,5205.0,866.0,731423.0,731793.0
2026-07-16 09:50:00,5205.0,5207.0,5205.0,5207.0,799.0,731793.0,732157.0
2026-07-16 09:51:00,5207.0,5207.0,5204.0,5205.0,956.0,732157.0,732572.0
2026-07-16 09:52:00,5205.0,5206.0,5204.0,5205.0,653.0,732572.0,732771.0
2026-07-16 09:53:00,5205.0,5205.0,5203.0,5204.0,1033.0,732771.0,733325.0
2026-07-16 09:54:00,5204.0,5204.0,5202.0,5203.0,1766.0,733325.0,734207.0
2026-07-16 09:55:00,5203.0,5205.0,5202.0,5205.0,1427.0,734207.0,734285.0
2026-07-16 09:56:00,5205.0,5205.0,5203.0,5205.0,597.0,734285.0,734395.0
2026-07-16 09:57:00,5205.0,5206.0,5203.0,5205.0,1138.0,734395.0,734703.0
2026-07-16 09:58:00,5205.0,5206.0,5204.0,5205.0,1019.0,734703.0,734888.0
2026-07-16 09:59:00,5205.0,5205.0,5204.0,5204.0,800.0,734888.0,735216.0
2026-07-16 10:00:00,5204.0,5206.0,5204.0,5205.0,791.0,735216.0,735238.0
2026-07-16 10:01:00,5205.0,5206.0,5204.0,5206.0,831.0,735238.0,735354.0
2026-07-16 10:02:00,5206.0,5206.0,5203.0,5203.0,1593.0,735354.0,735760.0
2026-07-16 10:03:00,5203.0,5203.0,5194.0,5194.0,8301.0,735760.0,739828.0
2026-07-16 10:04:00,5194.0,5194.0,5191.0,5193.0,9053.0,739828.0,740849.0
2026-07-16 10:05:00,5193.0,5195.0,5191.0,5192.0,4276.0,740849.0,741806.0
2026-07-16 10:06:00,5192.0,5193.0,5190.0,5192.0,5534.0,741806.0,742347.0
2026-07-16 10:07:00,5192.0,5192.0,5190.0,5191.0,2344.0,742347.0,743188.0
2026-07-16 10:08:00,5191.0,5194.0,5190.0,5194.0,2087.0,743188.0,743214.0
2026-07-16 10:09:00,5194.0,5194.0,5192.0,5193.0,2061.0,743214.0,743945.0
2026-07-16 10:10:00,5193.0,5195.0,5193.0,5194.0,2461.0,743945.0,744580.0
2026-07-16 10:11:00,5194.0,5194.0,5185.0,5186.0,7964.0,744580.0,747306.0
2026-07-16 10:12:00,5186.0,5187.0,5184.0,5184.0,6467.0,747306.0,747438.0
2026-07-16 10:13:00,5184.0,5186.0,5182.0,5184.0,5635.0,747438.0,747149.0
2026-07-16 10:14:00,5184.0,5185.0,5183.0,5184.0,2197.0,747149.0,747866.0
2026-07-16 10:30:00,5184.0,5184.0,5176.0,5180.0,9778.0,747866.0,750463.0
2026-07-16 10:31:00,5180.0,5180.0,5178.0,5179.0,2480.0,750463.0,751359.0
2026-07-16 10:32:00,5179.0,5181.0,5178.0,5180.0,3247.0,751359.0,751972.0
2026-07-16 10:33:00,5180.0,5181.0,5179.0,5181.0,3631.0,751972.0,752444.0
2026-07-16 10:34:00,5181.0,5181.0,5177.0,5179.0,3499.0,752444.0,753336.0
2026-07-16 10:35:00,5179.0,5179.0,5176.0,5178.0,4019.0,753336.0,754282.0
2026-07-16 10:36:00,5178.0,5180.0,5177.0,5179.0,2885.0,754282.0,754563.0
2026-07-16 10:37:00,5179.0,5180.0,5178.0,5180.0,2378.0,754563.0,754972.0
2026-07-16 10:38:00,5180.0,5181.0,5180.0,5180.0,2668.0,754972.0,755726.0
2026-07-16 10:39:00,5180.0,5180.0,5177.0,5177.0,2199.0,755726.0,756150.0
2026-07-16 10:40:00,5177.0,5178.0,5174.0,5175.0,4885.0,756150.0,757326.0
2026-07-16 10:41:00,5175.0,5178.0,5174.0,5174.0,3107.0,757326.0,757444.0
2026-07-16 10:42:00,5174.0,5176.0,5174.0,5175.0,1835.0,757444.0,757833.0
2026-07-16 10:43:00,5175.0,5177.0,5175.0,5175.0,1565.0,757833.0,758245.0
2026-07-16 10:44:00,5175.0,5176.0,5175.0,5175.0,1514.0,758245.0,758938.0
2026-07-16 10:45:00,5175.0,5177.0,5175.0,5177.0,2044.0,758938.0,759430.0
2026-07-16 10:46:00,5177.0,5178.0,5176.0,5178.0,2123.0,759430.0,759908.0
2026-07-16 10:47:00,5178.0,5178.0,5175.0,5176.0,2344.0,759908.0,761096.0
2026-07-16 10:48:00,5176.0,5176.0,5173.0,5175.0,2878.0,761096.0,761877.0
2026-07-16 10:49:00,5175.0,5175.0,5171.0,5172.0,3195.0,761877.0,762060.0
2026-07-16 10:50:00,5172.0,5174.0,5172.0,5173.0,1464.0,762060.0,762455.0
2026-07-16 10:51:00,5173.0,5174.0,5169.0,5169.0,5061.0,762455.0,763482.0
2026-07-16 10:52:00,5169.0,5172.0,5168.0,5171.0,2342.0,763482.0,763623.0
2026-07-16 10:53:00,5171.0,5173.0,5170.0,5172.0,1574.0,763623.0,764097.0
2026-07-16 10:54:00,5172.0,5172.0,5170.0,5172.0,761.0,764097.0,764410.0
2026-07-16 10:55:00,5172.0,5172.0,5171.0,5171.0,1187.0,764410.0,764846.0
2026-07-16 10:56:00,5171.0,5172.0,5170.0,5171.0,2270.0,764846.0,764863.0
2026-07-16 10:57:00,5171.0,5174.0,5171.0,5174.0,2860.0,764863.0,764351.0
2026-07-16 10:58:00,5174.0,5175.0,5173.0,5174.0,2081.0,764351.0,764177.0
2026-07-16 10:59:00,5174.0,5177.0,5173.0,5176.0,2024.0,764177.0,764386.0
2026-07-16 11:00:00,5176.0,5177.0,5175.0,5176.0,2590.0,764386.0,765565.0
2026-07-16 11:01:00,5176.0,5176.0,5173.0,5174.0,1808.0,765565.0,766258.0
2026-07-16 11:02:00,5174.0,5175.0,5173.0,5174.0,1154.0,766258.0,766602.0
2026-07-16 11:03:00,5174.0,5175.0,5173.0,5174.0,1344.0,766602.0,766991.0
2026-07-16 11:04:00,5174.0,5175.0,5173.0,5174.0,632.0,766991.0,767372.0
2026-07-16 11:05:00,5174.0,5174.0,5171.0,5171.0,1737.0,767372.0,768247.0
2026-07-16 11:06:00,5171.0,5174.0,5171.0,5173.0,1364.0,768247.0,768383.0
2026-07-16 11:07:00,5173.0,5174.0,5173.0,5173.0,661.0,768383.0,768394.0
2026-07-16 11:08:00,5173.0,5175.0,5173.0,5175.0,666.0,768394.0,768325.0
2026-07-16 11:09:00,5175.0,5175.0,5174.0,5175.0,419.0,768325.0,768334.0
2026-07-16 11:10:00,5175.0,5176.0,5174.0,5175.0,586.0,768334.0,768415.0
2026-07-16 11:11:00,5175.0,5177.0,5175.0,5177.0,1698.0,768415.0,768860.0
2026-07-16 11:12:00,5177.0,5177.0,5175.0,5176.0,1492.0,768860.0,769337.0
2026-07-16 11:13:00,5176.0,5178.0,5176.0,5178.0,802.0,769337.0,769439.0
2026-07-16 11:14:00,5178.0,5178.0,5176.0,5176.0,551.0,769439.0,769480.0
2026-07-16 11:15:00,5176.0,5177.0,5175.0,5175.0,1780.0,769480.0,770271.0
2026-07-16 11:16:00,5175.0,5176.0,5175.0,5175.0,373.0,770271.0,770521.0
2026-07-16 11:17:00,5175.0,5177.0,5175.0,5177.0,980.0,770521.0,770669.0
2026-07-16 11:18:00,5177.0,5177.0,5175.0,5177.0,438.0,770669.0,770646.0
2026-07-16 11:19:00,5177.0,5178.0,5176.0,5177.0,769.0,770646.0,770675.0
2026-07-16 11:20:00,5177.0,5178.0,5176.0,5177.0,1158.0,770675.0,770717.0
2026-07-16 11:21:00,5177.0,5178.0,5175.0,5178.0,1860.0,770717.0,770970.0
2026-07-16 11:22:00,5178.0,5178.0,5177.0,5177.0,341.0,770970.0,770996.0
2026-07-16 11:23:00,5177.0,5177.0,5175.0,5175.0,745.0,770996.0,771278.0
2026-07-16 11:24:00,5175.0,5176.0,5173.0,5174.0,1242.0,771278.0,771615.0
2026-07-16 11:25:00,5174.0,5175.0,5173.0,5174.0,672.0,771615.0,771624.0
2026-07-16 11:26:00,5174.0,5176.0,5174.0,5176.0,844.0,771624.0,771689.0
2026-07-16 11:27:00,5176.0,5176.0,5175.0,5175.0,353.0,771689.0,771630.0
2026-07-16 11:28:00,5175.0,5177.0,5175.0,5177.0,875.0,771630.0,771584.0
2026-07-16 11:29:00,5177.0,5177.0,5175.0,5175.0,1167.0,771584.0,771886.0
2026-07-16 13:30:00,5175.0,5175.0,5171.0,5173.0,4309.0,771886.0,772830.0
2026-07-16 13:31:00,5173.0,5173.0,5170.0,5170.0,2892.0,772830.0,773074.0
2026-07-16 13:32:00,5170.0,5170.0,5167.0,5169.0,5611.0,773074.0,773016.0
2026-07-16 13:33:00,5169.0,5170.0,5168.0,5168.0,1217.0,773016.0,773291.0
2026-07-16 13:34:00,5168.0,5169.0,5167.0,5169.0,1510.0,773291.0,773599.0
2026-07-16 13:35:00,5169.0,5170.0,5168.0,5169.0,1293.0,773599.0,773847.0
2026-07-16 13:36:00,5169.0,5170.0,5168.0,5169.0,1408.0,773847.0,774263.0
2026-07-16 13:37:00,5169.0,5170.0,5168.0,5170.0,1662.0,774263.0,774433.0
2026-07-16 13:38:00,5170.0,5172.0,5169.0,5171.0,879.0,774433.0,774503.0
2026-07-16 13:39:00,5171.0,5173.0,5171.0,5172.0,1311.0,774503.0,775010.0
2026-07-16 13:40:00,5172.0,5172.0,5170.0,5172.0,1436.0,775010.0,775261.0
2026-07-16 13:41:00,5172.0,5172.0,5170.0,5172.0,1006.0,775261.0,775048.0
2026-07-16 13:42:00,5172.0,5172.0,5171.0,5171.0,667.0,775048.0,775213.0
2026-07-16 13:43:00,5171.0,5172.0,5170.0,5170.0,855.0,775213.0,775319.0
2026-07-16 13:44:00,5170.0,5172.0,5170.0,5172.0,492.0,775319.0,775391.0
2026-07-16 13:45:00,5172.0,5173.0,5171.0,5171.0,743.0,775391.0,775589.0
2026-07-16 13:46:00,5171.0,5173.0,5170.0,5173.0,1534.0,775589.0,775928.0
2026-07-16 13:47:00,5173.0,5173.0,5171.0,5172.0,732.0,775928.0,776054.0
2026-07-16 13:48:00,5172.0,5173.0,5171.0,5173.0,577.0,776054.0,776248.0
2026-07-16 13:49:00,5173.0,5173.0,5171.0,5172.0,419.0,776248.0,776467.0
2026-07-16 13:50:00,5172.0,5172.0,5168.0,5168.0,2239.0,776467.0,776517.0
2026-07-16 13:51:00,5168.0,5170.0,5167.0,5168.0,1654.0,776517.0,776982.0
2026-07-16 13:52:00,5168.0,5170.0,5168.0,5169.0,956.0,776982.0,777053.0
2026-07-16 13:53:00,5169.0,5170.0,5168.0,5170.0,1828.0,777053.0,777087.0
2026-07-16 13:54:00,5170.0,5170.0,5169.0,5169.0,783.0,777087.0,777368.0
2026-07-16 13:55:00,5169.0,5170.0,5168.0,5169.0,621.0,777368.0,777485.0
2026-07-16 13:56:00,5169.0,5170.0,5168.0,5169.0,548.0,777485.0,777772.0
2026-07-16 13:57:00,5169.0,5169.0,5165.0,5167.0,2593.0,777772.0,778410.0
2026-07-16 13:58:00,5167.0,5168.0,5166.0,5167.0,1299.0,778410.0,778663.0
2026-07-16 13:59:00,5167.0,5169.0,5166.0,5168.0,1250.0,778663.0,779192.0
2026-07-16 14:00:00,5168.0,5170.0,5167.0,5167.0,908.0,779192.0,779516.0
2026-07-16 14:01:00,5167.0,5169.0,5167.0,5169.0,784.0,779516.0,779567.0
2026-07-16 14:02:00,5169.0,5170.0,5166.0,5167.0,1174.0,779567.0,779931.0
2026-07-16 14:03:00,5167.0,5168.0,5166.0,5166.0,883.0,779931.0,780006.0
2026-07-16 14:04:00,5166.0,5168.0,5163.0,5164.0,3696.0,780006.0,781670.0
2026-07-16 14:05:00,5164.0,5166.0,5164.0,5166.0,2461.0,781670.0,781210.0
2026-07-16 14:06:00,5166.0,5166.0,5163.0,5163.0,2479.0,781210.0,781159.0
2026-07-16 14:07:00,5163.0,5166.0,5159.0,5159.0,7576.0,781159.0,783280.0
2026-07-16 14:08:00,5159.0,5161.0,5159.0,5161.0,2126.0,783280.0,783752.0
2026-07-16 14:09:00,5161.0,5163.0,5160.0,5161.0,1679.0,783752.0,784177.0
2026-07-16 14:10:00,5161.0,5161.0,5159.0,5161.0,1482.0,784177.0,784941.0
2026-07-16 14:11:00,5161.0,5162.0,5160.0,5161.0,1793.0,784941.0,785681.0
2026-07-16 14:12:00,5161.0,5162.0,5160.0,5160.0,1021.0,785681.0,786001.0
2026-07-16 14:13:00,5160.0,5161.0,5158.0,5160.0,1962.0,786001.0,786560.0
2026-07-16 14:14:00,5160.0,5160.0,5158.0,5158.0,1558.0,786560.0,786448.0
2026-07-16 14:15:00,5158.0,5159.0,5156.0,5158.0,3624.0,786448.0,786863.0
2026-07-16 14:16:00,5158.0,5158.0,5155.0,5155.0,3189.0,786863.0,787209.0
2026-07-16 14:17:00,5155.0,5158.0,5155.0,5157.0,2334.0,787209.0,787376.0
2026-07-16 14:18:00,5157.0,5158.0,5156.0,5157.0,882.0,787376.0,787681.0
2026-07-16 14:19:00,5157.0,5158.0,5156.0,5157.0,914.0,787681.0,787641.0
2026-07-16 14:20:00,5157.0,5160.0,5156.0,5159.0,2180.0,787641.0,787582.0
2026-07-16 14:21:00,5159.0,5159.0,5157.0,5158.0,1132.0,787582.0,788043.0
2026-07-16 14:22:00,5158.0,5158.0,5156.0,5156.0,653.0,788043.0,788371.0
2026-07-16 14:23:00,5156.0,5157.0,5156.0,5156.0,718.0,788371.0,788511.0
2026-07-16 14:24:00,5156.0,5158.0,5156.0,5157.0,782.0,788511.0,788609.0
2026-07-16 14:25:00,5157.0,5158.0,5156.0,5158.0,1181.0,788609.0,788292.0
2026-07-16 14:26:00,5158.0,5158.0,5156.0,5158.0,882.0,788292.0,788458.0
2026-07-16 14:27:00,5158.0,5158.0,5156.0,5156.0,266.0,788458.0,788598.0
2026-07-16 14:28:00,5156.0,5157.0,5156.0,5156.0,737.0,788598.0,788795.0
2026-07-16 14:29:00,5156.0,5160.0,5156.0,5158.0,1787.0,788795.0,789393.0
2026-07-16 14:30:00,5158.0,5159.0,5154.0,5156.0,3398.0,789393.0,788803.0
2026-07-16 14:31:00,5156.0,5157.0,5155.0,5156.0,1010.0,788803.0,788715.0
2026-07-16 14:32:00,5156.0,5158.0,5155.0,5157.0,695.0,788715.0,788635.0
2026-07-16 14:33:00,5157.0,5158.0,5155.0,5155.0,1088.0,788635.0,789145.0
2026-07-16 14:34:00,5155.0,5157.0,5155.0,5156.0,878.0,789145.0,789178.0
2026-07-16 14:35:00,5156.0,5157.0,5155.0,5157.0,532.0,789178.0,789049.0
2026-07-16 14:36:00,5157.0,5157.0,5154.0,5155.0,1302.0,789049.0,789456.0
2026-07-16 14:37:00,5155.0,5156.0,5154.0,5155.0,1183.0,789456.0,789577.0
2026-07-16 14:38:00,5155.0,5155.0,5153.0,5154.0,1867.0,789577.0,789696.0
2026-07-16 14:39:00,5154.0,5154.0,5152.0,5154.0,1780.0,789696.0,789435.0
2026-07-16 14:40:00,5154.0,5156.0,5153.0,5155.0,1470.0,789435.0,789042.0
2026-07-16 14:41:00,5155.0,5156.0,5153.0,5154.0,2127.0,789042.0,788616.0
2026-07-16 14:42:00,5154.0,5156.0,5153.0,5155.0,1440.0,788616.0,788667.0
2026-07-16 14:43:00,5155.0,5155.0,5153.0,5153.0,1203.0,788667.0,788840.0
2026-07-16 14:44:00,5153.0,5155.0,5153.0,5155.0,741.0,788840.0,788812.0
2026-07-16 14:45:00,5155.0,5156.0,5154.0,5155.0,716.0,788812.0,788786.0
2026-07-16 14:46:00,5155.0,5156.0,5154.0,5155.0,933.0,788786.0,788907.0
2026-07-16 14:47:00,5155.0,5158.0,5154.0,5158.0,2554.0,788907.0,788114.0
2026-07-16 14:48:00,5158.0,5158.0,5156.0,5156.0,1277.0,788114.0,788024.0
2026-07-16 14:49:00,5156.0,5157.0,5155.0,5156.0,1468.0,788024.0,787530.0
2026-07-16 14:50:00,5156.0,5157.0,5156.0,5157.0,1199.0,787530.0,787271.0
2026-07-16 14:51:00,5157.0,5158.0,5156.0,5157.0,644.0,787271.0,787255.0
2026-07-16 14:52:00,5157.0,5159.0,5157.0,5158.0,1317.0,787255.0,787144.0
2026-07-16 14:53:00,5158.0,5160.0,5158.0,5159.0,1536.0,787144.0,786515.0
2026-07-16 14:54:00,5159.0,5161.0,5159.0,5160.0,2189.0,786515.0,786095.0
2026-07-16 14:55:00,5160.0,5161.0,5159.0,5161.0,1523.0,786095.0,785902.0
2026-07-16 14:56:00,5161.0,5161.0,5160.0,5160.0,1831.0,785902.0,785716.0
2026-07-16 14:57:00,5160.0,5162.0,5160.0,5160.0,1612.0,785716.0,785431.0
2026-07-16 14:58:00,5160.0,5161.0,5159.0,5160.0,1759.0,785431.0,785327.0
2026-07-16 14:59:00,5160.0,5161.0,5157.0,5158.0,4029.0,785327.0,785079.0
2026-07-16 21:00:00,5145.0,5157.0,5141.0,5151.0,18983.0,785079.0,784426.0
2026-07-16 21:01:00,5151.0,5155.0,5149.0,5150.0,8332.0,784426.0,785300.0
2026-07-16 21:02:00,5150.0,5150.0,5146.0,5148.0,5047.0,785300.0,785452.0
2026-07-16 21:03:00,5148.0,5151.0,5148.0,5148.0,2876.0,785452.0,786139.0
2026-07-16 21:04:00,5148.0,5149.0,5147.0,5147.0,3739.0,786139.0,786405.0
2026-07-16 21:05:00,5147.0,5149.0,5141.0,5142.0,5910.0,786405.0,785914.0
2026-07-16 21:06:00,5142.0,5142.0,5139.0,5141.0,6096.0,785914.0,785750.0
2026-07-16 21:07:00,5141.0,5141.0,5138.0,5140.0,4437.0,785750.0,787181.0
2026-07-16 21:08:00,5140.0,5141.0,5139.0,5141.0,2351.0,787181.0,787517.0
2026-07-16 21:09:00,5141.0,5143.0,5140.0,5142.0,2105.0,787517.0,787424.0
2026-07-16 21:10:00,5142.0,5145.0,5141.0,5144.0,2352.0,787424.0,787378.0
2026-07-16 21:11:00,5144.0,5146.0,5143.0,5145.0,1864.0,787378.0,787139.0
2026-07-16 21:12:00,5145.0,5150.0,5145.0,5148.0,3689.0,787139.0,786957.0
2026-07-16 21:13:00,5148.0,5150.0,5146.0,5147.0,2049.0,786957.0,787104.0
2026-07-16 21:14:00,5147.0,5149.0,5146.0,5149.0,2015.0,787104.0,787400.0
2026-07-16 21:15:00,5149.0,5152.0,5148.0,5151.0,4229.0,787400.0,787062.0
2026-07-16 21:16:00,5151.0,5152.0,5149.0,5151.0,2467.0,787062.0,786885.0
2026-07-16 21:17:00,5151.0,5154.0,5151.0,5153.0,3629.0,786885.0,786556.0
2026-07-16 21:18:00,5153.0,5156.0,5152.0,5154.0,3625.0,786556.0,786127.0
2026-07-16 21:19:00,5154.0,5157.0,5153.0,5153.0,2405.0,786127.0,785903.0
2026-07-16 21:20:00,5153.0,5156.0,5153.0,5156.0,1349.0,785903.0,785713.0
2026-07-16 21:21:00,5156.0,5157.0,5154.0,5155.0,2597.0,785713.0,785451.0
2026-07-16 21:22:00,5155.0,5159.0,5155.0,5158.0,1873.0,785451.0,785174.0
2026-07-16 21:23:00,5158.0,5159.0,5157.0,5157.0,1954.0,785174.0,785540.0
2026-07-16 21:24:00,5157.0,5158.0,5156.0,5157.0,1863.0,785540.0,785456.0
2026-07-16 21:25:00,5157.0,5159.0,5157.0,5158.0,2236.0,785456.0,785189.0
2026-07-16 21:26:00,5158.0,5159.0,5155.0,5159.0,2210.0,785189.0,785509.0
2026-07-16 21:27:00,5159.0,5162.0,5158.0,5161.0,4198.0,785509.0,785742.0
2026-07-16 21:28:00,5161.0,5162.0,5160.0,5161.0,1580.0,785742.0,785967.0
2026-07-16 21:29:00,5161.0,5161.0,5155.0,5155.0,2945.0,785967.0,785099.0
2026-07-16 21:30:00,5155.0,5156.0,5151.0,5151.0,5519.0,785099.0,783818.0
2026-07-16 21:31:00,5151.0,5152.0,5148.0,5150.0,3662.0,783818.0,783358.0
2026-07-16 21:32:00,5150.0,5153.0,5149.0,5152.0,1836.0,783358.0,783108.0
2026-07-16 21:33:00,5152.0,5153.0,5149.0,5150.0,2117.0,783108.0,783033.0
2026-07-16 21:34:00,5150.0,5151.0,5150.0,5151.0,1190.0,783033.0,783125.0
2026-07-16 21:35:00,5151.0,5153.0,5151.0,5153.0,655.0,783125.0,783071.0
2026-07-16 21:36:00,5153.0,5154.0,5152.0,5153.0,968.0,783071.0,782968.0
2026-07-16 21:37:00,5153.0,5154.0,5151.0,5154.0,974.0,782968.0,782921.0
2026-07-16 21:38:00,5154.0,5154.0,5151.0,5152.0,1192.0,782921.0,783117.0
2026-07-16 21:39:00,5152.0,5153.0,5151.0,5151.0,1252.0,783117.0,783449.0
2026-07-16 21:40:00,5151.0,5152.0,5149.0,5150.0,1213.0,783449.0,783965.0
2026-07-16 21:41:00,5150.0,5152.0,5149.0,5152.0,965.0,783965.0,783924.0
2026-07-16 21:42:00,5152.0,5153.0,5151.0,5153.0,616.0,783924.0,784083.0
2026-07-16 21:43:00,5153.0,5154.0,5151.0,5152.0,979.0,784083.0,784134.0
2026-07-16 21:44:00,5152.0,5153.0,5148.0,5149.0,1904.0,784134.0,784785.0
2026-07-16 21:45:00,5149.0,5150.0,5148.0,5148.0,1142.0,784785.0,784682.0
2026-07-16 21:46:00,5148.0,5150.0,5148.0,5150.0,1262.0,784682.0,784878.0
2026-07-16 21:47:00,5150.0,5151.0,5149.0,5151.0,935.0,784878.0,785327.0
2026-07-16 21:48:00,5151.0,5153.0,5150.0,5153.0,1058.0,785327.0,785280.0
2026-07-16 21:49:00,5153.0,5154.0,5152.0,5153.0,1366.0,785280.0,785065.0
2026-07-16 21:50:00,5153.0,5154.0,5151.0,5154.0,1149.0,785065.0,785038.0
2026-07-16 21:51:00,5154.0,5155.0,5153.0,5154.0,1011.0,785038.0,784729.0
2026-07-16 21:52:00,5154.0,5155.0,5152.0,5155.0,1115.0,784729.0,784508.0
2026-07-16 21:53:00,5155.0,5155.0,5153.0,5155.0,408.0,784508.0,784304.0
2026-07-16 21:54:00,5155.0,5155.0,5153.0,5153.0,1023.0,784304.0,784373.0
2026-07-16 21:55:00,5153.0,5154.0,5153.0,5154.0,366.0,784373.0,784354.0
2026-07-16 21:56:00,5154.0,5154.0,5153.0,5153.0,220.0,784354.0,784288.0
2026-07-16 21:57:00,5153.0,5154.0,5153.0,5154.0,208.0,784288.0,784221.0
2026-07-16 21:58:00,5154.0,5155.0,5153.0,5155.0,333.0,784221.0,784099.0
2026-07-16 21:59:00,5155.0,5156.0,5155.0,5155.0,665.0,784099.0,784188.0
2026-07-16 22:00:00,5155.0,5157.0,5155.0,5157.0,985.0,784188.0,783847.0
2026-07-16 22:01:00,5157.0,5158.0,5156.0,5158.0,1595.0,783847.0,783718.0
2026-07-16 22:02:00,5158.0,5159.0,5157.0,5158.0,1477.0,783718.0,783814.0
2026-07-16 22:03:00,5158.0,5159.0,5156.0,5157.0,611.0,783814.0,783833.0
2026-07-16 22:04:00,5157.0,5157.0,5156.0,5156.0,366.0,783833.0,783866.0
2026-07-16 22:05:00,5156.0,5158.0,5156.0,5157.0,580.0,783866.0,783829.0
2026-07-16 22:06:00,5157.0,5159.0,5157.0,5159.0,560.0,783829.0,783613.0
2026-07-16 22:07:00,5159.0,5159.0,5157.0,5159.0,579.0,783613.0,783503.0
2026-07-16 22:08:00,5159.0,5160.0,5158.0,5159.0,1504.0,783503.0,783281.0
2026-07-16 22:09:00,5159.0,5160.0,5159.0,5159.0,325.0,783281.0,783365.0
2026-07-16 22:10:00,5159.0,5159.0,5158.0,5158.0,328.0,783365.0,783395.0
2026-07-16 22:11:00,5158.0,5160.0,5158.0,5159.0,1120.0,783395.0,783198.0
2026-07-16 22:12:00,5159.0,5161.0,5159.0,5160.0,846.0,783198.0,783284.0
2026-07-16 22:13:00,5160.0,5161.0,5158.0,5158.0,743.0,783284.0,783139.0
2026-07-16 22:14:00,5158.0,5159.0,5156.0,5157.0,893.0,783139.0,783047.0
2026-07-16 22:15:00,5157.0,5159.0,5156.0,5158.0,1081.0,783047.0,782729.0
2026-07-16 22:16:00,5158.0,5160.0,5157.0,5157.0,514.0,782729.0,782829.0
2026-07-16 22:17:00,5157.0,5158.0,5157.0,5157.0,234.0,782829.0,782885.0
2026-07-16 22:18:00,5157.0,5159.0,5157.0,5158.0,324.0,782885.0,782834.0
2026-07-16 22:19:00,5158.0,5158.0,5156.0,5158.0,411.0,782834.0,782877.0
2026-07-16 22:20:00,5158.0,5159.0,5157.0,5158.0,338.0,782877.0,782802.0
2026-07-16 22:21:00,5158.0,5158.0,5157.0,5157.0,250.0,782802.0,782821.0
2026-07-16 22:22:00,5157.0,5159.0,5157.0,5159.0,589.0,782821.0,782531.0
2026-07-16 22:23:00,5159.0,5159.0,5158.0,5159.0,837.0,782531.0,782448.0
2026-07-16 22:24:00,5159.0,5160.0,5158.0,5158.0,510.0,782448.0,782533.0
2026-07-16 22:25:00,5158.0,5158.0,5157.0,5158.0,367.0,782533.0,782515.0
2026-07-16 22:26:00,5158.0,5158.0,5155.0,5157.0,1604.0,782515.0,782217.0
2026-07-16 22:27:00,5157.0,5157.0,5154.0,5155.0,1692.0,782217.0,781497.0
2026-07-16 22:28:00,5155.0,5155.0,5152.0,5153.0,2673.0,781497.0,780830.0
2026-07-16 22:29:00,5153.0,5154.0,5152.0,5152.0,1610.0,780830.0,780308.0
2026-07-16 22:30:00,5152.0,5154.0,5151.0,5152.0,1774.0,780308.0,779936.0
2026-07-16 22:31:00,5152.0,5154.0,5151.0,5154.0,621.0,779936.0,779607.0
2026-07-16 22:32:00,5154.0,5154.0,5153.0,5153.0,375.0,779607.0,779425.0
2026-07-16 22:33:00,5153.0,5155.0,5153.0,5153.0,238.0,779425.0,779477.0
2026-07-16 22:34:00,5153.0,5154.0,5153.0,5154.0,222.0,779477.0,779496.0
2026-07-16 22:35:00,5154.0,5155.0,5153.0,5154.0,514.0,779496.0,779466.0
2026-07-16 22:36:00,5154.0,5155.0,5153.0,5153.0,334.0,779466.0,779589.0
2026-07-16 22:37:00,5153.0,5154.0,5153.0,5153.0,938.0,779589.0,779516.0
2026-07-16 22:38:00,5153.0,5154.0,5153.0,5153.0,67.0,779516.0,779516.0
2026-07-16 22:39:00,5153.0,5154.0,5153.0,5153.0,51.0,779516.0,779504.0
2026-07-16 22:40:00,5153.0,5154.0,5153.0,5154.0,438.0,779504.0,779289.0
2026-07-16 22:41:00,5154.0,5154.0,5153.0,5154.0,244.0,779289.0,779300.0
2026-07-16 22:42:00,5154.0,5155.0,5154.0,5154.0,312.0,779300.0,779235.0
2026-07-16 22:43:00,5154.0,5155.0,5153.0,5155.0,410.0,779235.0,779172.0
2026-07-16 22:44:00,5155.0,5155.0,5154.0,5154.0,169.0,779172.0,779255.0
2026-07-16 22:45:00,5154.0,5155.0,5153.0,5154.0,333.0,779255.0,779185.0
2026-07-16 22:46:00,5154.0,5154.0,5152.0,5154.0,479.0,779185.0,779129.0
2026-07-16 22:47:00,5154.0,5155.0,5153.0,5154.0,318.0,779129.0,779121.0
2026-07-16 22:48:00,5154.0,5154.0,5153.0,5153.0,370.0,779121.0,779190.0
2026-07-16 22:49:00,5153.0,5154.0,5153.0,5154.0,503.0,779190.0,779279.0
2026-07-16 22:50:00,5154.0,5154.0,5153.0,5153.0,210.0,779279.0,779287.0
2026-07-16 22:51:00,5153.0,5154.0,5152.0,5152.0,897.0,779287.0,779189.0
2026-07-16 22:52:00,5152.0,5153.0,5152.0,5153.0,254.0,779189.0,779123.0
2026-07-16 22:53:00,5153.0,5154.0,5152.0,5153.0,707.0,779123.0,779138.0
2026-07-16 22:54:00,5153.0,5154.0,5152.0,5153.0,658.0,779138.0,778864.0
2026-07-16 22:55:00,5153.0,5153.0,5151.0,5152.0,804.0,778864.0,778590.0
2026-07-16 22:56:00,5152.0,5152.0,5151.0,5152.0,577.0,778590.0,778448.0
2026-07-16 22:57:00,5152.0,5155.0,5151.0,5154.0,1108.0,778448.0,778000.0
2026-07-16 22:58:00,5154.0,5154.0,5152.0,5153.0,982.0,778000.0,777587.0
2026-07-16 22:59:00,5153.0,5154.0,5152.0,5154.0,943.0,777587.0,777384.0
2026-07-17 09:00:00,5154.0,5154.0,5146.0,5149.0,4554.0,777384.0,777646.0
2026-07-17 09:01:00,5149.0,5150.0,5147.0,5149.0,2184.0,777646.0,778143.0
2026-07-17 09:02:00,5149.0,5149.0,5145.0,5146.0,3040.0,778143.0,778423.0
2026-07-17 09:03:00,5146.0,5149.0,5145.0,5147.0,1990.0,778423.0,778054.0
2026-07-17 09:04:00,5147.0,5147.0,5145.0,5146.0,1630.0,778054.0,778079.0
2026-07-17 09:05:00,5146.0,5147.0,5144.0,5146.0,1870.0,778079.0,778374.0
2026-07-17 09:06:00,5146.0,5148.0,5145.0,5147.0,765.0,778374.0,778546.0
2026-07-17 09:07:00,5147.0,5148.0,5145.0,5147.0,1417.0,778546.0,778602.0
2026-07-17 09:08:00,5147.0,5147.0,5145.0,5146.0,1136.0,778602.0,779017.0
2026-07-17 09:09:00,5146.0,5148.0,5146.0,5147.0,1162.0,779017.0,779326.0
2026-07-17 09:10:00,5147.0,5147.0,5146.0,5147.0,818.0,779326.0,779566.0
2026-07-17 09:11:00,5147.0,5147.0,5145.0,5146.0,1116.0,779566.0,779688.0
2026-07-17 09:12:00,5146.0,5149.0,5145.0,5146.0,3476.0,779688.0,779571.0
2026-07-17 09:13:00,5146.0,5146.0,5144.0,5145.0,1445.0,779571.0,779382.0
2026-07-17 09:14:00,5145.0,5147.0,5145.0,5145.0,754.0,779382.0,779514.0
2026-07-17 09:15:00,5145.0,5145.0,5143.0,5144.0,933.0,779514.0,779730.0
2026-07-17 09:16:00,5144.0,5146.0,5143.0,5143.0,1208.0,779730.0,779783.0
2026-07-17 09:17:00,5143.0,5146.0,5143.0,5145.0,1093.0,779783.0,780047.0
2026-07-17 09:18:00,5145.0,5146.0,5144.0,5145.0,638.0,780047.0,780189.0
2026-07-17 09:19:00,5145.0,5145.0,5141.0,5142.0,2259.0,780189.0,780836.0
2026-07-17 09:20:00,5142.0,5144.0,5142.0,5143.0,1199.0,780836.0,781016.0
2026-07-17 09:21:00,5143.0,5145.0,5142.0,5143.0,2032.0,781016.0,781525.0
2026-07-17 09:22:00,5143.0,5145.0,5142.0,5144.0,1101.0,781525.0,781703.0
2026-07-17 09:23:00,5144.0,5146.0,5144.0,5145.0,609.0,781703.0,781806.0
2026-07-17 09:24:00,5145.0,5145.0,5143.0,5144.0,1040.0,781806.0,781951.0
2026-07-17 09:25:00,5144.0,5145.0,5143.0,5144.0,607.0,781951.0,781829.0
2026-07-17 09:26:00,5144.0,5145.0,5142.0,5143.0,1584.0,781829.0,782110.0
2026-07-17 09:27:00,5143.0,5143.0,5141.0,5142.0,1410.0,782110.0,782430.0
2026-07-17 09:28:00,5142.0,5143.0,5141.0,5143.0,1793.0,782430.0,782818.0
2026-07-17 09:29:00,5143.0,5144.0,5142.0,5143.0,1712.0,782818.0,782914.0
2026-07-17 09:30:00,5143.0,5145.0,5143.0,5145.0,1213.0,782914.0,782936.0
2026-07-17 09:31:00,5145.0,5145.0,5143.0,5145.0,1140.0,782936.0,782711.0
2026-07-17 09:32:00,5145.0,5145.0,5141.0,5142.0,1111.0,782711.0,782766.0
2026-07-17 09:33:00,5142.0,5145.0,5141.0,5144.0,785.0,782766.0,782727.0
2026-07-17 09:34:00,5144.0,5144.0,5141.0,5141.0,859.0,782727.0,782607.0
2026-07-17 09:35:00,5141.0,5142.0,5140.0,5142.0,1713.0,782607.0,782882.0
2026-07-17 09:36:00,5142.0,5143.0,5141.0,5142.0,611.0,782882.0,782679.0
2026-07-17 09:37:00,5142.0,5143.0,5141.0,5142.0,563.0,782679.0,782571.0
2026-07-17 09:38:00,5142.0,5145.0,5142.0,5143.0,775.0,782571.0,782198.0
2026-07-17 09:39:00,5143.0,5143.0,5141.0,5142.0,741.0,782198.0,782317.0
2026-07-17 09:40:00,5142.0,5144.0,5141.0,5143.0,703.0,782317.0,782230.0
2026-07-17 09:41:00,5143.0,5144.0,5142.0,5144.0,707.0,782230.0,781985.0
2026-07-17 09:42:00,5144.0,5145.0,5142.0,5144.0,1412.0,781985.0,781895.0
2026-07-17 09:43:00,5144.0,5145.0,5143.0,5145.0,326.0,781895.0,781782.0
2026-07-17 09:44:00,5145.0,5146.0,5144.0,5145.0,822.0,781782.0,782077.0
2026-07-17 09:45:00,5145.0,5145.0,5142.0,5143.0,1235.0,782077.0,782029.0
2026-07-17 09:46:00,5143.0,5145.0,5142.0,5144.0,560.0,782029.0,782126.0
2026-07-17 09:47:00,5144.0,5144.0,5139.0,5140.0,3661.0,782126.0,782691.0
2026-07-17 09:48:00,5140.0,5141.0,5137.0,5137.0,2974.0,782691.0,782991.0
2026-07-17 09:49:00,5137.0,5139.0,5136.0,5138.0,2888.0,782991.0,783366.0
2026-07-17 09:50:00,5138.0,5140.0,5138.0,5139.0,1457.0,783366.0,783516.0
2026-07-17 09:51:00,5139.0,5139.0,5136.0,5136.0,1532.0,783516.0,783083.0
2026-07-17 09:52:00,5136.0,5137.0,5135.0,5135.0,2569.0,783083.0,782009.0
2026-07-17 09:53:00,5135.0,5136.0,5132.0,5134.0,4042.0,782009.0,781656.0
2026-07-17 09:54:00,5134.0,5136.0,5133.0,5135.0,1744.0,781656.0,781772.0
2026-07-17 09:55:00,5135.0,5139.0,5135.0,5139.0,2470.0,781772.0,781260.0
2026-07-17 09:56:00,5139.0,5140.0,5138.0,5139.0,1194.0,781260.0,781457.0
2026-07-17 09:57:00,5139.0,5139.0,5137.0,5138.0,814.0,781457.0,781522.0
2026-07-17 09:58:00,5138.0,5139.0,5137.0,5138.0,545.0,781522.0,781606.0
2026-07-17 09:59:00,5138.0,5139.0,5137.0,5137.0,527.0,781606.0,781629.0
2026-07-17 10:00:00,5137.0,5139.0,5137.0,5137.0,909.0,781629.0,781584.0
2026-07-17 10:01:00,5137.0,5137.0,5135.0,5136.0,869.0,781584.0,781587.0
2026-07-17 10:02:00,5136.0,5138.0,5135.0,5136.0,829.0,781587.0,781768.0
2026-07-17 10:03:00,5136.0,5137.0,5135.0,5135.0,379.0,781768.0,781686.0
2026-07-17 10:04:00,5135.0,5138.0,5135.0,5137.0,752.0,781686.0,781748.0
2026-07-17 10:05:00,5137.0,5138.0,5136.0,5138.0,579.0,781748.0,781661.0
2026-07-17 10:06:00,5138.0,5138.0,5135.0,5136.0,744.0,781661.0,781702.0
2026-07-17 10:07:00,5136.0,5137.0,5135.0,5135.0,489.0,781702.0,781712.0
2026-07-17 10:08:00,5135.0,5138.0,5135.0,5137.0,422.0,781712.0,781667.0
2026-07-17 10:09:00,5137.0,5138.0,5136.0,5136.0,450.0,781667.0,781615.0
2026-07-17 10:10:00,5136.0,5137.0,5135.0,5136.0,466.0,781615.0,781752.0
2026-07-17 10:11:00,5136.0,5136.0,5132.0,5133.0,1605.0,781752.0,782203.0
2026-07-17 10:12:00,5133.0,5139.0,5133.0,5137.0,2342.0,782203.0,781543.0
2026-07-17 10:13:00,5137.0,5137.0,5136.0,5137.0,346.0,781543.0,781492.0
2026-07-17 10:14:00,5137.0,5137.0,5135.0,5136.0,711.0,781492.0,781274.0
2026-07-17 10:30:00,5137.0,5137.0,5133.0,5133.0,1755.0,781274.0,781309.0
2026-07-17 10:31:00,5133.0,5136.0,5133.0,5134.0,931.0,781309.0,781283.0
2026-07-17 10:32:00,5134.0,5134.0,5130.0,5132.0,2275.0,781283.0,780936.0
2026-07-17 10:33:00,5132.0,5133.0,5131.0,5131.0,957.0,780936.0,780779.0
2026-07-17 10:34:00,5131.0,5132.0,5131.0,5132.0,550.0,780779.0,780900.0
2026-07-17 10:35:00,5132.0,5133.0,5131.0,5132.0,1250.0,780900.0,780774.0
2026-07-17 10:36:00,5132.0,5132.0,5130.0,5131.0,1890.0,780774.0,780754.0
2026-07-17 10:37:00,5131.0,5131.0,5130.0,5130.0,648.0,780754.0,780657.0
2026-07-17 10:38:00,5130.0,5132.0,5130.0,5130.0,856.0,780657.0,780450.0
2026-07-17 10:39:00,5130.0,5132.0,5130.0,5130.0,976.0,780450.0,780449.0
2026-07-17 10:40:00,5130.0,5132.0,5130.0,5131.0,1137.0,780449.0,780107.0
2026-07-17 10:41:00,5131.0,5132.0,5129.0,5130.0,1362.0,780107.0,779898.0
2026-07-17 10:42:00,5130.0,5131.0,5125.0,5126.0,3647.0,779898.0,779544.0
2026-07-17 10:43:00,5126.0,5128.0,5126.0,5127.0,2188.0,779544.0,779527.0
2026-07-17 10:44:00,5127.0,5127.0,5125.0,5127.0,1240.0,779527.0,779260.0
2026-07-17 10:45:00,5127.0,5127.0,5125.0,5127.0,3321.0,779260.0,778421.0
2026-07-17 10:46:00,5127.0,5127.0,5124.0,5124.0,1754.0,778421.0,778221.0
2026-07-17 10:47:00,5124.0,5128.0,5124.0,5127.0,1812.0,778221.0,777789.0
2026-07-17 10:48:00,5127.0,5128.0,5126.0,5127.0,1504.0,777789.0,777951.0
2026-07-17 10:49:00,5127.0,5127.0,5124.0,5125.0,1097.0,777951.0,777881.0
2026-07-17 10:50:00,5125.0,5127.0,5124.0,5126.0,931.0,777881.0,777817.0
2026-07-17 10:51:00,5126.0,5128.0,5126.0,5126.0,619.0,777817.0,777730.0
2026-07-17 10:52:00,5126.0,5128.0,5123.0,5125.0,1399.0,777730.0,777658.0
2026-07-17 10:53:00,5125.0,5126.0,5124.0,5125.0,802.0,777658.0,777442.0
2026-07-17 10:54:00,5125.0,5127.0,5124.0,5126.0,1406.0,777442.0,777434.0
2026-07-17 10:55:00,5126.0,5127.0,5125.0,5126.0,885.0,777434.0,777435.0
2026-07-17 10:56:00,5126.0,5127.0,5125.0,5125.0,448.0,777435.0,777312.0
2026-07-17 10:57:00,5125.0,5127.0,5125.0,5125.0,1004.0,777312.0,777201.0
2026-07-17 10:58:00,5125.0,5127.0,5125.0,5126.0,664.0,777201.0,777247.0
2026-07-17 10:59:00,5126.0,5129.0,5126.0,5129.0,1296.0,777247.0,777190.0
2026-07-17 11:00:00,5129.0,5131.0,5128.0,5131.0,2020.0,777190.0,776922.0
2026-07-17 11:01:00,5131.0,5131.0,5128.0,5128.0,959.0,776922.0,776828.0
2026-07-17 11:02:00,5128.0,5131.0,5128.0,5129.0,1485.0,776828.0,776914.0
2026-07-17 11:03:00,5129.0,5133.0,5129.0,5133.0,1321.0,776914.0,776716.0
2026-07-17 11:04:00,5133.0,5135.0,5133.0,5135.0,1321.0,776716.0,776675.0
2026-07-17 11:05:00,5135.0,5137.0,5134.0,5137.0,1669.0,776675.0,776369.0
2026-07-17 11:06:00,5137.0,5138.0,5135.0,5136.0,1242.0,776369.0,776276.0
2026-07-17 11:07:00,5136.0,5138.0,5136.0,5138.0,1244.0,776276.0,776149.0
2026-07-17 11:08:00,5138.0,5138.0,5136.0,5137.0,812.0,776149.0,776163.0
2026-07-17 11:09:00,5137.0,5138.0,5136.0,5136.0,635.0,776163.0,776066.0
2026-07-17 11:10:00,5136.0,5137.0,5134.0,5134.0,970.0,776066.0,775981.0
2026-07-17 11:11:00,5134.0,5135.0,5133.0,5133.0,715.0,775981.0,775913.0
2026-07-17 11:12:00,5133.0,5134.0,5133.0,5133.0,675.0,775913.0,775895.0
2026-07-17 11:13:00,5133.0,5134.0,5132.0,5132.0,413.0,775895.0,775970.0
2026-07-17 11:14:00,5132.0,5134.0,5132.0,5133.0,658.0,775970.0,775819.0
2026-07-17 11:15:00,5133.0,5136.0,5133.0,5136.0,1279.0,775819.0,775334.0
2026-07-17 11:16:00,5136.0,5136.0,5133.0,5133.0,1105.0,775334.0,775632.0
2026-07-17 11:17:00,5133.0,5133.0,5130.0,5131.0,892.0,775632.0,775395.0
2026-07-17 11:18:00,5131.0,5132.0,5130.0,5131.0,313.0,775395.0,775353.0
2026-07-17 11:19:00,5131.0,5132.0,5130.0,5131.0,432.0,775353.0,775330.0
2026-07-17 11:20:00,5131.0,5133.0,5131.0,5132.0,635.0,775330.0,775458.0
2026-07-17 11:21:00,5132.0,5132.0,5130.0,5130.0,416.0,775458.0,775474.0
2026-07-17 11:22:00,5130.0,5134.0,5130.0,5131.0,845.0,775474.0,775437.0
2026-07-17 11:23:00,5131.0,5133.0,5131.0,5132.0,432.0,775437.0,775357.0
2026-07-17 11:24:00,5132.0,5133.0,5130.0,5130.0,589.0,775357.0,775259.0
2026-07-17 11:25:00,5130.0,5132.0,5130.0,5132.0,309.0,775259.0,775239.0
2026-07-17 11:26:00,5132.0,5133.0,5131.0,5131.0,220.0,775239.0,775256.0
2026-07-17 11:27:00,5131.0,5132.0,5130.0,5131.0,757.0,775256.0,775032.0
2026-07-17 11:28:00,5131.0,5132.0,5130.0,5131.0,514.0,775032.0,774934.0
2026-07-17 11:29:00,5131.0,5133.0,5131.0,5133.0,509.0,774934.0,774930.0
2026-07-17 13:30:00,5132.0,5133.0,5121.0,5125.0,5285.0,774930.0,774076.0
2026-07-17 13:31:00,5125.0,5129.0,5125.0,5128.0,1683.0,774076.0,773909.0
2026-07-17 13:32:00,5128.0,5132.0,5127.0,5132.0,1095.0,773909.0,773900.0
2026-07-17 13:33:00,5132.0,5132.0,5128.0,5128.0,1351.0,773900.0,773848.0
2026-07-17 13:34:00,5128.0,5129.0,5127.0,5127.0,810.0,773848.0,773723.0
2026-07-17 13:35:00,5127.0,5128.0,5126.0,5127.0,1379.0,773723.0,773713.0
2026-07-17 13:36:00,5127.0,5128.0,5123.0,5125.0,2265.0,773713.0,773582.0
2026-07-17 13:37:00,5125.0,5126.0,5124.0,5126.0,1067.0,773582.0,773315.0
2026-07-17 13:38:00,5126.0,5128.0,5125.0,5125.0,2187.0,773315.0,773339.0
2026-07-17 13:39:00,5125.0,5127.0,5124.0,5127.0,1175.0,773339.0,772966.0
2026-07-17 13:40:00,5127.0,5129.0,5127.0,5128.0,971.0,772966.0,773047.0
2026-07-17 13:41:00,5128.0,5130.0,5127.0,5129.0,1057.0,773047.0,772702.0
2026-07-17 13:42:00,5129.0,5129.0,5127.0,5129.0,926.0,772702.0,772722.0
2026-07-17 13:43:00,5129.0,5130.0,5128.0,5129.0,876.0,772722.0,772534.0
2026-07-17 13:44:00,5129.0,5133.0,5129.0,5132.0,1291.0,772534.0,772651.0
2026-07-17 13:45:00,5132.0,5133.0,5130.0,5130.0,1429.0,772651.0,772853.0
2026-07-17 13:46:00,5130.0,5133.0,5130.0,5131.0,980.0,772853.0,773003.0
2026-07-17 13:47:00,5131.0,5133.0,5130.0,5132.0,1008.0,773003.0,772866.0
2026-07-17 13:48:00,5132.0,5135.0,5131.0,5135.0,1450.0,772866.0,772746.0
2026-07-17 13:49:00,5135.0,5136.0,5132.0,5132.0,1143.0,772746.0,772903.0
2026-07-17 13:50:00,5132.0,5135.0,5132.0,5134.0,801.0,772903.0,772712.0
2026-07-17 13:51:00,5134.0,5135.0,5130.0,5130.0,1040.0,772712.0,773097.0
2026-07-17 13:52:00,5130.0,5133.0,5130.0,5131.0,851.0,773097.0,772978.0
2026-07-17 13:53:00,5131.0,5133.0,5130.0,5130.0,430.0,772978.0,772972.0
2026-07-17 13:54:00,5130.0,5132.0,5130.0,5131.0,472.0,772972.0,772877.0
2026-07-17 13:55:00,5131.0,5132.0,5130.0,5130.0,357.0,772877.0,772919.0
2026-07-17 13:56:00,5130.0,5132.0,5129.0,5130.0,1163.0,772919.0,772913.0
2026-07-17 13:57:00,5130.0,5131.0,5129.0,5131.0,188.0,772913.0,772879.0
2026-07-17 13:58:00,5131.0,5133.0,5130.0,5132.0,2003.0,772879.0,772286.0
2026-07-17 13:59:00,5132.0,5134.0,5131.0,5134.0,607.0,772286.0,772292.0
2026-07-17 14:00:00,5134.0,5135.0,5133.0,5134.0,1035.0,772292.0,772009.0
2026-07-17 14:01:00,5134.0,5134.0,5130.0,5130.0,1025.0,772009.0,771907.0
2026-07-17 14:02:00,5130.0,5132.0,5130.0,5131.0,922.0,771907.0,771937.0
2026-07-17 14:03:00,5131.0,5134.0,5131.0,5132.0,480.0,771937.0,771862.0
2026-07-17 14:04:00,5132.0,5134.0,5132.0,5134.0,993.0,771862.0,772116.0
2026-07-17 14:05:00,5134.0,5134.0,5132.0,5132.0,606.0,772116.0,772147.0
2026-07-17 14:06:00,5132.0,5135.0,5132.0,5133.0,575.0,772147.0,772202.0
2026-07-17 14:07:00,5133.0,5134.0,5133.0,5133.0,434.0,772202.0,772135.0
2026-07-17 14:08:00,5133.0,5134.0,5132.0,5134.0,763.0,772135.0,772258.0
2026-07-17 14:09:00,5134.0,5135.0,5133.0,5134.0,410.0,772258.0,772178.0
2026-07-17 14:10:00,5134.0,5137.0,5131.0,5135.0,2295.0,772178.0,772089.0
2026-07-17 14:11:00,5135.0,5137.0,5135.0,5136.0,646.0,772089.0,772033.0
2026-07-17 14:12:00,5136.0,5137.0,5134.0,5134.0,639.0,772033.0,772290.0
2026-07-17 14:13:00,5134.0,5135.0,5133.0,5133.0,949.0,772290.0,772433.0
2026-07-17 14:14:00,5133.0,5133.0,5131.0,5133.0,844.0,772433.0,772361.0
2026-07-17 14:15:00,5133.0,5133.0,5131.0,5131.0,462.0,772361.0,772396.0
2026-07-17 14:16:00,5131.0,5133.0,5131.0,5132.0,254.0,772396.0,772349.0
2026-07-17 14:17:00,5132.0,5134.0,5132.0,5134.0,384.0,772349.0,772270.0
2026-07-17 14:18:00,5134.0,5135.0,5133.0,5134.0,538.0,772270.0,772245.0
2026-07-17 14:19:00,5134.0,5136.0,5133.0,5135.0,657.0,772245.0,772396.0
2026-07-17 14:20:00,5135.0,5136.0,5134.0,5135.0,499.0,772396.0,772433.0
2026-07-17 14:21:00,5135.0,5137.0,5134.0,5134.0,1297.0,772433.0,772529.0
2026-07-17 14:22:00,5134.0,5135.0,5133.0,5133.0,519.0,772529.0,772552.0
2026-07-17 14:23:00,5133.0,5134.0,5132.0,5132.0,537.0,772552.0,772709.0
2026-07-17 14:24:00,5132.0,5135.0,5132.0,5134.0,471.0,772709.0,772658.0
2026-07-17 14:25:00,5134.0,5135.0,5133.0,5135.0,245.0,772658.0,772633.0
2026-07-17 14:26:00,5135.0,5135.0,5133.0,5133.0,589.0,772633.0,772486.0
2026-07-17 14:27:00,5133.0,5134.0,5133.0,5133.0,158.0,772486.0,772490.0
2026-07-17 14:28:00,5133.0,5134.0,5132.0,5132.0,715.0,772490.0,772337.0
2026-07-17 14:29:00,5132.0,5133.0,5130.0,5132.0,1564.0,772337.0,771702.0
2026-07-17 14:30:00,5132.0,5133.0,5130.0,5131.0,1210.0,771702.0,771524.0
2026-07-17 14:31:00,5131.0,5132.0,5130.0,5131.0,466.0,771524.0,771524.0
2026-07-17 14:32:00,5131.0,5132.0,5130.0,5130.0,1200.0,771524.0,771174.0
2026-07-17 14:33:00,5130.0,5131.0,5130.0,5130.0,215.0,771174.0,771139.0
2026-07-17 14:34:00,5130.0,5132.0,5130.0,5131.0,848.0,771139.0,771120.0
2026-07-17 14:35:00,5131.0,5133.0,5130.0,5133.0,547.0,771120.0,771010.0
2026-07-17 14:36:00,5133.0,5133.0,5131.0,5132.0,501.0,771010.0,770923.0
2026-07-17 14:37:00,5132.0,5133.0,5131.0,5132.0,354.0,770923.0,770808.0
2026-07-17 14:38:00,5132.0,5133.0,5132.0,5132.0,104.0,770808.0,770780.0
2026-07-17 14:39:00,5132.0,5134.0,5132.0,5133.0,634.0,770780.0,770734.0
2026-07-17 14:40:00,5133.0,5134.0,5131.0,5132.0,442.0,770734.0,770577.0
2026-07-17 14:41:00,5132.0,5133.0,5131.0,5132.0,639.0,770577.0,770453.0
2026-07-17 14:42:00,5132.0,5133.0,5132.0,5133.0,322.0,770453.0,770477.0
2026-07-17 14:43:00,5133.0,5133.0,5130.0,5131.0,426.0,770477.0,770292.0
2026-07-17 14:44:00,5131.0,5132.0,5130.0,5131.0,291.0,770292.0,770201.0
2026-07-17 14:45:00,5131.0,5131.0,5129.0,5130.0,1267.0,770201.0,770204.0
2026-07-17 14:46:00,5130.0,5131.0,5128.0,5128.0,1771.0,770204.0,769494.0
2026-07-17 14:47:00,5128.0,5129.0,5126.0,5127.0,1961.0,769494.0,769054.0
2026-07-17 14:48:00,5127.0,5128.0,5126.0,5127.0,1553.0,769054.0,768641.0
2026-07-17 14:49:00,5127.0,5128.0,5126.0,5126.0,1232.0,768641.0,768435.0
2026-07-17 14:50:00,5126.0,5128.0,5126.0,5127.0,1098.0,768435.0,768121.0
2026-07-17 14:51:00,5127.0,5127.0,5125.0,5125.0,1245.0,768121.0,767962.0
2026-07-17 14:52:00,5125.0,5126.0,5125.0,5126.0,693.0,767962.0,767872.0
2026-07-17 14:53:00,5126.0,5126.0,5124.0,5125.0,1324.0,767872.0,767798.0
2026-07-17 14:54:00,5125.0,5127.0,5125.0,5126.0,1017.0,767798.0,767707.0
2026-07-17 14:55:00,5126.0,5127.0,5125.0,5125.0,1197.0,767707.0,767271.0
2026-07-17 14:56:00,5125.0,5126.0,5123.0,5124.0,1754.0,767271.0,766593.0
2026-07-17 14:57:00,5124.0,5126.0,5123.0,5125.0,1715.0,766593.0,766133.0
2026-07-17 14:58:00,5125.0,5127.0,5125.0,5126.0,1410.0,766133.0,765926.0
2026-07-17 14:59:00,5126.0,5126.0,5123.0,5124.0,1975.0,765926.0,765325.0
2026-07-17 21:00:00,5138.0,5144.0,5136.0,5140.0,10298.0,765325.0,764748.0
2026-07-17 21:01:00,5140.0,5145.0,5139.0,5140.0,5077.0,764748.0,764157.0
2026-07-17 21:02:00,5140.0,5141.0,5138.0,5139.0,2770.0,764157.0,764282.0
2026-07-17 21:03:00,5139.0,5140.0,5138.0,5138.0,1730.0,764282.0,764507.0
2026-07-17 21:04:00,5138.0,5142.0,5136.0,5141.0,2781.0,764507.0,764184.0
2026-07-17 21:05:00,5141.0,5142.0,5136.0,5138.0,1882.0,764184.0,764468.0
2026-07-17 21:06:00,5138.0,5139.0,5137.0,5138.0,2069.0,764468.0,764502.0
2026-07-17 21:07:00,5138.0,5139.0,5137.0,5137.0,1016.0,764502.0,764465.0
2026-07-17 21:08:00,5137.0,5138.0,5134.0,5134.0,1795.0,764465.0,764576.0
2026-07-17 21:09:00,5134.0,5135.0,5133.0,5133.0,978.0,764576.0,764945.0
2026-07-17 21:10:00,5133.0,5135.0,5132.0,5135.0,1811.0,764945.0,764933.0
2026-07-17 21:11:00,5135.0,5136.0,5134.0,5136.0,912.0,764933.0,765166.0
2026-07-17 21:12:00,5136.0,5136.0,5134.0,5135.0,833.0,765166.0,765166.0
2026-07-17 21:13:00,5135.0,5136.0,5134.0,5135.0,1432.0,765166.0,765456.0
2026-07-17 21:14:00,5135.0,5139.0,5135.0,5138.0,2385.0,765456.0,765228.0
2026-07-17 21:15:00,5138.0,5139.0,5136.0,5137.0,2494.0,765228.0,765130.0
2026-07-17 21:16:00,5137.0,5138.0,5136.0,5136.0,1029.0,765130.0,765512.0
2026-07-17 21:17:00,5136.0,5138.0,5136.0,5138.0,552.0,765512.0,765738.0
2026-07-17 21:18:00,5138.0,5138.0,5136.0,5137.0,517.0,765738.0,765840.0
2026-07-17 21:19:00,5137.0,5138.0,5136.0,5137.0,1288.0,765840.0,766081.0
2026-07-17 21:20:00,5137.0,5138.0,5134.0,5136.0,1000.0,766081.0,766336.0
2026-07-17 21:21:00,5136.0,5138.0,5134.0,5137.0,804.0,766336.0,766382.0
2026-07-17 21:22:00,5137.0,5139.0,5137.0,5139.0,1318.0,766382.0,766163.0
2026-07-17 21:23:00,5139.0,5139.0,5136.0,5136.0,835.0,766163.0,766021.0
2026-07-17 21:24:00,5136.0,5137.0,5135.0,5136.0,904.0,766021.0,766262.0
2026-07-17 21:25:00,5136.0,5136.0,5134.0,5135.0,1230.0,766262.0,766471.0
2026-07-17 21:26:00,5135.0,5136.0,5134.0,5136.0,721.0,766471.0,766567.0
2026-07-17 21:27:00,5136.0,5137.0,5135.0,5136.0,638.0,766567.0,766532.0
2026-07-17 21:28:00,5136.0,5138.0,5135.0,5137.0,811.0,766532.0,766780.0
2026-07-17 21:29:00,5137.0,5138.0,5136.0,5136.0,248.0,766780.0,766829.0
2026-07-17 21:30:00,5136.0,5138.0,5136.0,5137.0,426.0,766829.0,766839.0
2026-07-17 21:31:00,5137.0,5138.0,5136.0,5137.0,1037.0,766839.0,767132.0
2026-07-17 21:32:00,5137.0,5137.0,5135.0,5137.0,447.0,767132.0,767170.0
2026-07-17 21:33:00,5137.0,5137.0,5136.0,5137.0,333.0,767170.0,767269.0
2026-07-17 21:34:00,5137.0,5137.0,5135.0,5136.0,500.0,767269.0,767367.0
2026-07-17 21:35:00,5136.0,5136.0,5134.0,5135.0,939.0,767367.0,767694.0
2026-07-17 21:36:00,5135.0,5138.0,5135.0,5137.0,836.0,767694.0,767433.0
2026-07-17 21:37:00,5137.0,5137.0,5135.0,5137.0,573.0,767433.0,767509.0
2026-07-17 21:38:00,5137.0,5139.0,5137.0,5139.0,670.0,767509.0,767841.0
2026-07-17 21:39:00,5139.0,5140.0,5138.0,5139.0,941.0,767841.0,768130.0
2026-07-17 21:40:00,5139.0,5140.0,5138.0,5139.0,1061.0,768130.0,768158.0
2026-07-17 21:41:00,5139.0,5142.0,5139.0,5142.0,1591.0,768158.0,768031.0
2026-07-17 21:42:00,5142.0,5143.0,5141.0,5143.0,995.0,768031.0,767857.0
2026-07-17 21:43:00,5143.0,5143.0,5142.0,5143.0,818.0,767857.0,767819.0
2026-07-17 21:44:00,5143.0,5144.0,5142.0,5142.0,1802.0,767819.0,767597.0
2026-07-17 21:45:00,5142.0,5145.0,5142.0,5144.0,1537.0,767597.0,767224.0
2026-07-17 21:46:00,5144.0,5145.0,5142.0,5144.0,1029.0,767224.0,767381.0
2026-07-17 21:47:00,5144.0,5147.0,5143.0,5146.0,2656.0,767381.0,766556.0
2026-07-17 21:48:00,5146.0,5148.0,5145.0,5146.0,1665.0,766556.0,766486.0
2026-07-17 21:49:00,5146.0,5147.0,5144.0,5147.0,1833.0,766486.0,766859.0
2026-07-17 21:50:00,5147.0,5149.0,5146.0,5147.0,2290.0,766859.0,767064.0
2026-07-17 21:51:00,5147.0,5148.0,5145.0,5147.0,1360.0,767064.0,767094.0
2026-07-17 21:52:00,5147.0,5147.0,5145.0,5146.0,821.0,767094.0,767138.0
2026-07-17 21:53:00,5146.0,5146.0,5145.0,5146.0,727.0,767138.0,767144.0
2026-07-17 21:54:00,5146.0,5147.0,5145.0,5145.0,523.0,767144.0,767163.0
2026-07-17 21:55:00,5145.0,5146.0,5145.0,5146.0,694.0,767163.0,767287.0
2026-07-17 21:56:00,5146.0,5147.0,5145.0,5146.0,647.0,767287.0,766978.0
2026-07-17 21:57:00,5146.0,5147.0,5145.0,5146.0,691.0,766978.0,766995.0
2026-07-17 21:58:00,5146.0,5147.0,5145.0,5146.0,670.0,766995.0,766969.0
2026-07-17 21:59:00,5146.0,5148.0,5146.0,5147.0,1229.0,766969.0,766997.0
2026-07-17 22:00:00,5147.0,5150.0,5147.0,5150.0,2147.0,766997.0,766966.0
2026-07-17 22:01:00,5150.0,5150.0,5147.0,5148.0,976.0,766966.0,767070.0
2026-07-17 22:02:00,5148.0,5149.0,5146.0,5148.0,1044.0,767070.0,767289.0
2026-07-17 22:03:00,5148.0,5148.0,5145.0,5146.0,1336.0,767289.0,767209.0
2026-07-17 22:04:00,5146.0,5146.0,5145.0,5145.0,1217.0,767209.0,767327.0
2026-07-17 22:05:00,5145.0,5146.0,5144.0,5145.0,949.0,767327.0,767446.0
2026-07-17 22:06:00,5145.0,5146.0,5144.0,5144.0,672.0,767446.0,767545.0
2026-07-17 22:07:00,5144.0,5145.0,5143.0,5143.0,734.0,767545.0,767349.0
2026-07-17 22:08:00,5143.0,5145.0,5143.0,5145.0,673.0,767349.0,767421.0
2026-07-17 22:09:00,5145.0,5145.0,5143.0,5144.0,840.0,767421.0,767447.0
2026-07-17 22:10:00,5144.0,5144.0,5141.0,5142.0,1025.0,767447.0,767097.0
2026-07-17 22:11:00,5142.0,5142.0,5141.0,5142.0,630.0,767097.0,767105.0
2026-07-17 22:12:00,5142.0,5144.0,5142.0,5143.0,408.0,767105.0,767111.0
2026-07-17 22:13:00,5143.0,5145.0,5143.0,5144.0,567.0,767111.0,767137.0
2026-07-17 22:14:00,5144.0,5145.0,5143.0,5144.0,337.0,767137.0,767207.0
2026-07-17 22:15:00,5144.0,5144.0,5142.0,5143.0,480.0,767207.0,767135.0
2026-07-17 22:16:00,5143.0,5143.0,5142.0,5143.0,447.0,767135.0,767159.0
2026-07-17 22:17:00,5143.0,5144.0,5143.0,5144.0,170.0,767159.0,767191.0
2026-07-17 22:18:00,5144.0,5144.0,5142.0,5142.0,598.0,767191.0,767159.0
2026-07-17 22:19:00,5142.0,5144.0,5142.0,5143.0,278.0,767159.0,767127.0
2026-07-17 22:20:00,5143.0,5144.0,5142.0,5144.0,666.0,767127.0,766996.0
2026-07-17 22:21:00,5144.0,5145.0,5143.0,5145.0,652.0,766996.0,766990.0
2026-07-17 22:22:00,5145.0,5145.0,5144.0,5144.0,187.0,766990.0,767014.0
2026-07-17 22:23:00,5144.0,5146.0,5144.0,5144.0,1180.0,767014.0,767377.0
2026-07-17 22:24:00,5144.0,5145.0,5144.0,5145.0,132.0,767377.0,767405.0
2026-07-17 22:25:00,5145.0,5145.0,5144.0,5144.0,196.0,767405.0,767381.0
2026-07-17 22:26:00,5144.0,5145.0,5144.0,5145.0,548.0,767381.0,767252.0
2026-07-17 22:27:00,5145.0,5145.0,5144.0,5145.0,563.0,767252.0,767483.0
2026-07-17 22:28:00,5145.0,5147.0,5144.0,5146.0,374.0,767483.0,767598.0
2026-07-17 22:29:00,5146.0,5147.0,5144.0,5144.0,323.0,767598.0,767503.0
2026-07-17 22:30:00,5144.0,5144.0,5142.0,5143.0,773.0,767503.0,767298.0
2026-07-17 22:31:00,5143.0,5143.0,5142.0,5142.0,103.0,767298.0,767308.0
2026-07-17 22:32:00,5142.0,5143.0,5141.0,5141.0,737.0,767308.0,767665.0
2026-07-17 22:33:00,5141.0,5143.0,5141.0,5142.0,785.0,767665.0,767677.0
2026-07-17 22:34:00,5142.0,5142.0,5140.0,5141.0,731.0,767677.0,767735.0
2026-07-17 22:35:00,5141.0,5142.0,5140.0,5142.0,347.0,767735.0,767799.0
2026-07-17 22:36:00,5142.0,5144.0,5141.0,5143.0,779.0,767799.0,767856.0
2026-07-17 22:37:00,5143.0,5143.0,5142.0,5143.0,595.0,767856.0,767857.0
2026-07-17 22:38:00,5143.0,5144.0,5142.0,5143.0,432.0,767857.0,767946.0
2026-07-17 22:39:00,5143.0,5143.0,5141.0,5142.0,285.0,767946.0,767997.0
2026-07-17 22:40:00,5142.0,5144.0,5142.0,5143.0,409.0,767997.0,767944.0
2026-07-17 22:41:00,5143.0,5144.0,5143.0,5143.0,224.0,767944.0,768012.0
2026-07-17 22:42:00,5143.0,5144.0,5143.0,5143.0,529.0,768012.0,768091.0
2026-07-17 22:43:00,5143.0,5144.0,5143.0,5143.0,780.0,768091.0,768078.0
2026-07-17 22:44:00,5143.0,5145.0,5143.0,5144.0,631.0,768078.0,768303.0
2026-07-17 22:45:00,5144.0,5144.0,5143.0,5144.0,509.0,768303.0,768388.0
2026-07-17 22:46:00,5144.0,5144.0,5143.0,5144.0,239.0,768388.0,768406.0
2026-07-17 22:47:00,5144.0,5145.0,5144.0,5145.0,933.0,768406.0,768220.0
2026-07-17 22:48:00,5145.0,5146.0,5145.0,5146.0,208.0,768220.0,768178.0
2026-07-17 22:49:00,5146.0,5146.0,5144.0,5144.0,840.0,768178.0,768350.0
2026-07-17 22:50:00,5144.0,5145.0,5144.0,5145.0,1196.0,768350.0,768857.0
2026-07-17 22:51:00,5145.0,5146.0,5145.0,5146.0,299.0,768857.0,768656.0
2026-07-17 22:52:00,5146.0,5146.0,5145.0,5145.0,138.0,768656.0,768605.0
2026-07-17 22:53:00,5145.0,5146.0,5145.0,5146.0,259.0,768605.0,768499.0
2026-07-17 22:54:00,5146.0,5147.0,5146.0,5147.0,543.0,768499.0,768458.0
2026-07-17 22:55:00,5147.0,5147.0,5145.0,5146.0,745.0,768458.0,768160.0
2026-07-17 22:56:00,5146.0,5147.0,5145.0,5146.0,294.0,768160.0,768163.0
2026-07-17 22:57:00,5146.0,5146.0,5145.0,5145.0,361.0,768163.0,768146.0
2026-07-17 22:58:00,5145.0,5145.0,5144.0,5144.0,681.0,768146.0,768149.0
2026-07-17 22:59:00,5144.0,5145.0,5141.0,5143.0,1527.0,768149.0,767892.0
2026-07-20 09:00:00,5143.0,5153.0,5143.0,5149.0,7464.0,767892.0,767958.0
2026-07-20 09:01:00,5149.0,5150.0,5142.0,5145.0,4176.0,767958.0,768269.0
2026-07-20 09:02:00,5145.0,5145.0,5140.0,5143.0,3918.0,768269.0,768047.0
2026-07-20 09:03:00,5143.0,5147.0,5143.0,5147.0,2824.0,768047.0,767572.0
2026-07-20 09:04:00,5147.0,5147.0,5144.0,5145.0,1453.0,767572.0,767500.0
2026-07-20 09:05:00,5145.0,5145.0,5141.0,5145.0,1932.0,767500.0,767404.0
2026-07-20 09:06:00,5145.0,5146.0,5143.0,5144.0,1223.0,767404.0,767422.0
2026-07-20 09:07:00,5144.0,5144.0,5141.0,5142.0,1206.0,767422.0,767364.0
2026-07-20 09:08:00,5142.0,5145.0,5141.0,5145.0,1212.0,767364.0,767674.0
2026-07-20 09:09:00,5145.0,5146.0,5142.0,5142.0,1561.0,767674.0,767359.0
2026-07-20 09:10:00,5142.0,5144.0,5142.0,5143.0,883.0,767359.0,767227.0
2026-07-20 09:11:00,5143.0,5143.0,5140.0,5140.0,1418.0,767227.0,767141.0
2026-07-20 09:12:00,5140.0,5142.0,5140.0,5142.0,597.0,767141.0,767080.0
2026-07-20 09:13:00,5142.0,5142.0,5140.0,5141.0,739.0,767080.0,767264.0
2026-07-20 09:14:00,5141.0,5143.0,5140.0,5143.0,788.0,767264.0,767326.0
2026-07-20 09:15:00,5143.0,5145.0,5143.0,5145.0,935.0,767326.0,767280.0
2026-07-20 09:16:00,5145.0,5147.0,5144.0,5145.0,899.0,767280.0,767128.0
2026-07-20 09:17:00,5145.0,5146.0,5144.0,5145.0,666.0,767128.0,767183.0
2026-07-20 09:18:00,5145.0,5146.0,5144.0,5145.0,576.0,767183.0,767228.0
2026-07-20 09:19:00,5145.0,5149.0,5145.0,5148.0,2589.0,767228.0,766647.0
2026-07-20 09:20:00,5148.0,5150.0,5147.0,5147.0,1411.0,766647.0,766790.0
2026-07-20 09:21:00,5147.0,5148.0,5146.0,5148.0,1048.0,766790.0,766667.0
2026-07-20 09:22:00,5148.0,5149.0,5146.0,5148.0,773.0,766667.0,766684.0
2026-07-20 09:23:00,5148.0,5151.0,5145.0,5150.0,1940.0,766684.0,766103.0
2026-07-20 09:24:00,5150.0,5150.0,5147.0,5150.0,1615.0,766103.0,766210.0
2026-07-20 09:25:00,5150.0,5155.0,5148.0,5153.0,4029.0,766210.0,764936.0
2026-07-20 09:26:00,5153.0,5157.0,5151.0,5155.0,5139.0,764936.0,763880.0
2026-07-20 09:27:00,5155.0,5155.0,5152.0,5154.0,1795.0,763880.0,763811.0
2026-07-20 09:28:00,5154.0,5155.0,5153.0,5155.0,1397.0,763811.0,763827.0
2026-07-20 09:29:00,5155.0,5157.0,5151.0,5152.0,2379.0,763827.0,764670.0
2026-07-20 09:30:00,5152.0,5153.0,5150.0,5152.0,906.0,764670.0,764644.0
2026-07-20 09:31:00,5152.0,5153.0,5151.0,5152.0,615.0,764644.0,764567.0
2026-07-20 09:32:00,5152.0,5152.0,5150.0,5152.0,966.0,764567.0,764428.0
2026-07-20 09:33:00,5152.0,5154.0,5152.0,5153.0,321.0,764428.0,764378.0
2026-07-20 09:34:00,5153.0,5155.0,5153.0,5155.0,1761.0,764378.0,763817.0
2026-07-20 09:35:00,5155.0,5157.0,5154.0,5156.0,991.0,763817.0,763783.0
2026-07-20 09:36:00,5156.0,5158.0,5155.0,5156.0,822.0,763783.0,763557.0
2026-07-20 09:37:00,5156.0,5157.0,5155.0,5157.0,796.0,763557.0,763503.0
2026-07-20 09:38:00,5157.0,5159.0,5156.0,5158.0,1036.0,763503.0,763539.0
2026-07-20 09:39:00,5158.0,5169.0,5158.0,5167.0,11470.0,763539.0,762174.0
2026-07-20 09:40:00,5167.0,5167.0,5164.0,5165.0,5390.0,762174.0,762514.0
2026-07-20 09:41:00,5165.0,5165.0,5162.0,5165.0,2062.0,762514.0,761662.0
2026-07-20 09:42:00,5165.0,5166.0,5163.0,5164.0,1457.0,761662.0,761385.0
2026-07-20 09:43:00,5164.0,5165.0,5163.0,5163.0,1006.0,761385.0,761367.0
2026-07-20 09:44:00,5163.0,5164.0,5162.0,5163.0,581.0,761367.0,761129.0
2026-07-20 09:45:00,5163.0,5163.0,5161.0,5161.0,1300.0,761129.0,760869.0
2026-07-20 09:46:00,5161.0,5162.0,5160.0,5161.0,994.0,760869.0,760765.0
2026-07-20 09:47:00,5161.0,5161.0,5160.0,5160.0,825.0,760765.0,760640.0
2026-07-20 09:48:00,5160.0,5160.0,5158.0,5159.0,986.0,760640.0,760470.0
2026-07-20 09:49:00,5159.0,5160.0,5158.0,5159.0,542.0,760470.0,760553.0
2026-07-20 09:50:00,5159.0,5161.0,5159.0,5161.0,681.0,760553.0,760517.0
2026-07-20 09:51:00,5161.0,5161.0,5155.0,5156.0,2589.0,760517.0,760587.0
2026-07-20 09:52:00,5156.0,5158.0,5155.0,5158.0,759.0,760587.0,760507.0
2026-07-20 09:53:00,5158.0,5158.0,5155.0,5155.0,633.0,760507.0,760246.0
2026-07-20 09:54:00,5155.0,5156.0,5155.0,5155.0,768.0,760246.0,760402.0
2026-07-20 09:55:00,5155.0,5156.0,5153.0,5155.0,1094.0,760402.0,760197.0
2026-07-20 09:56:00,5155.0,5158.0,5154.0,5157.0,493.0,760197.0,760224.0
2026-07-20 09:57:00,5157.0,5157.0,5154.0,5155.0,1391.0,760224.0,759911.0
2026-07-20 09:58:00,5155.0,5157.0,5155.0,5156.0,761.0,759911.0,759674.0
2026-07-20 09:59:00,5156.0,5157.0,5155.0,5156.0,645.0,759674.0,759662.0
2026-07-20 10:00:00,5156.0,5157.0,5155.0,5155.0,883.0,759662.0,759850.0
2026-07-20 10:01:00,5155.0,5157.0,5153.0,5157.0,1414.0,759850.0,759809.0
2026-07-20 10:02:00,5157.0,5159.0,5156.0,5159.0,1178.0,759809.0,759820.0
2026-07-20 10:03:00,5159.0,5159.0,5157.0,5158.0,423.0,759820.0,759784.0
2026-07-20 10:04:00,5158.0,5160.0,5157.0,5158.0,686.0,759784.0,759565.0
2026-07-20 10:05:00,5158.0,5159.0,5156.0,5157.0,626.0,759565.0,759587.0
2026-07-20 10:06:00,5157.0,5158.0,5156.0,5157.0,263.0,759587.0,759602.0
2026-07-20 10:07:00,5157.0,5157.0,5155.0,5155.0,413.0,759602.0,759606.0
2026-07-20 10:08:00,5155.0,5158.0,5155.0,5158.0,405.0,759606.0,759673.0
2026-07-20 10:09:00,5158.0,5159.0,5157.0,5158.0,666.0,759673.0,759661.0
2026-07-20 10:10:00,5158.0,5158.0,5154.0,5155.0,770.0,759661.0,759595.0
2026-07-20 10:11:00,5155.0,5156.0,5154.0,5156.0,386.0,759595.0,759634.0
2026-07-20 10:12:00,5156.0,5156.0,5154.0,5155.0,669.0,759634.0,759608.0
2026-07-20 10:13:00,5155.0,5156.0,5153.0,5153.0,501.0,759608.0,759626.0
2026-07-20 10:14:00,5153.0,5156.0,5153.0,5155.0,566.0,759626.0,759439.0
2026-07-20 10:30:00,5154.0,5154.0,5146.0,5147.0,3776.0,759439.0,759247.0
2026-07-20 10:31:00,5147.0,5148.0,5145.0,5146.0,1698.0,759247.0,759169.0
2026-07-20 10:32:00,5146.0,5149.0,5146.0,5148.0,1029.0,759169.0,759258.0
2026-07-20 10:33:00,5148.0,5151.0,5148.0,5151.0,937.0,759258.0,759338.0
2026-07-20 10:34:00,5151.0,5151.0,5149.0,5151.0,444.0,759338.0,759353.0
2026-07-20 10:35:00,5151.0,5151.0,5150.0,5151.0,470.0,759353.0,759301.0
2026-07-20 10:36:00,5151.0,5152.0,5150.0,5152.0,388.0,759301.0,759288.0
2026-07-20 10:37:00,5152.0,5152.0,5150.0,5151.0,621.0,759288.0,759302.0
2026-07-20 10:38:00,5151.0,5152.0,5150.0,5151.0,442.0,759302.0,759255.0
2026-07-20 10:39:00,5151.0,5153.0,5150.0,5151.0,701.0,759255.0,759022.0
2026-07-20 10:40:00,5151.0,5152.0,5150.0,5150.0,509.0,759022.0,759059.0
2026-07-20 10:41:00,5150.0,5153.0,5150.0,5152.0,390.0,759059.0,759042.0
2026-07-20 10:42:00,5152.0,5153.0,5151.0,5151.0,383.0,759042.0,759059.0
2026-07-20 10:43:00,5151.0,5152.0,5151.0,5151.0,165.0,759059.0,758996.0
2026-07-20 10:44:00,5151.0,5152.0,5151.0,5152.0,90.0,758996.0,759024.0
2026-07-20 10:45:00,5152.0,5153.0,5151.0,5152.0,408.0,759024.0,759047.0
2026-07-20 10:46:00,5152.0,5153.0,5151.0,5153.0,991.0,759047.0,758925.0
2026-07-20 10:47:00,5153.0,5154.0,5152.0,5153.0,373.0,758925.0,758827.0
2026-07-20 10:48:00,5153.0,5155.0,5152.0,5155.0,579.0,758827.0,758651.0
2026-07-20 10:49:00,5155.0,5155.0,5153.0,5155.0,406.0,758651.0,758617.0
2026-07-20 10:50:00,5155.0,5156.0,5154.0,5156.0,852.0,758617.0,758312.0
2026-07-20 10:51:00,5156.0,5157.0,5154.0,5155.0,621.0,758312.0,758322.0
2026-07-20 10:52:00,5155.0,5155.0,5152.0,5154.0,445.0,758322.0,758267.0
2026-07-20 10:53:00,5154.0,5156.0,5153.0,5154.0,452.0,758267.0,758260.0
2026-07-20 10:54:00,5154.0,5155.0,5153.0,5155.0,472.0,758260.0,758269.0
2026-07-20 10:55:00,5155.0,5158.0,5155.0,5158.0,645.0,758269.0,758127.0
2026-07-20 10:56:00,5158.0,5159.0,5157.0,5158.0,649.0,758127.0,757958.0
2026-07-20 10:57:00,5158.0,5160.0,5158.0,5158.0,1118.0,757958.0,757940.0
2026-07-20 10:58:00,5158.0,5161.0,5158.0,5161.0,1199.0,757940.0,757425.0
2026-07-20 10:59:00,5161.0,5162.0,5160.0,5160.0,1130.0,757425.0,757334.0
2026-07-20 11:00:00,5160.0,5163.0,5160.0,5163.0,1282.0,757334.0,757029.0
2026-07-20 11:01:00,5163.0,5165.0,5162.0,5165.0,1896.0,757029.0,757137.0
2026-07-20 11:02:00,5165.0,5169.0,5164.0,5167.0,4197.0,757137.0,755948.0
2026-07-20 11:03:00,5167.0,5170.0,5166.0,5170.0,2903.0,755948.0,755398.0
2026-07-20 11:04:00,5170.0,5171.0,5167.0,5171.0,3353.0,755398.0,754408.0
2026-07-20 11:05:00,5171.0,5172.0,5168.0,5169.0,2738.0,754408.0,753730.0
2026-07-20 11:06:00,5169.0,5169.0,5166.0,5167.0,1392.0,753730.0,753548.0
2026-07-20 11:07:00,5167.0,5169.0,5166.0,5166.0,927.0,753548.0,753241.0
2026-07-20 11:08:00,5166.0,5169.0,5166.0,5169.0,933.0,753241.0,752966.0
2026-07-20 11:09:00,5169.0,5170.0,5167.0,5167.0,1021.0,752966.0,752751.0
2026-07-20 11:10:00,5167.0,5168.0,5166.0,5168.0,959.0,752751.0,752541.0
2026-07-20 11:11:00,5168.0,5169.0,5167.0,5168.0,583.0,752541.0,752360.0
2026-07-20 11:12:00,5168.0,5168.0,5166.0,5168.0,1443.0,752360.0,751866.0
2026-07-20 11:13:00,5168.0,5170.0,5167.0,5169.0,833.0,751866.0,751356.0
2026-07-20 11:14:00,5169.0,5170.0,5168.0,5169.0,739.0,751356.0,751261.0
2026-07-20 11:15:00,5169.0,5173.0,5169.0,5173.0,2835.0,751261.0,749744.0
2026-07-20 11:16:00,5173.0,5174.0,5172.0,5173.0,993.0,749744.0,749769.0
2026-07-20 11:17:00,5173.0,5173.0,5168.0,5168.0,1903.0,749769.0,749313.0
2026-07-20 11:18:00,5168.0,5169.0,5167.0,5168.0,1706.0,749313.0,748358.0
2026-07-20 11:19:00,5168.0,5169.0,5167.0,5168.0,893.0,748358.0,747960.0
2026-07-20 11:20:00,5168.0,5169.0,5167.0,5167.0,755.0,747960.0,747701.0
2026-07-20 11:21:00,5167.0,5172.0,5167.0,5171.0,1586.0,747701.0,747584.0
2026-07-20 11:22:00,5171.0,5171.0,5168.0,5169.0,676.0,747584.0,747550.0
2026-07-20 11:23:00,5169.0,5170.0,5168.0,5169.0,506.0,747550.0,747377.0
2026-07-20 11:24:00,5169.0,5172.0,5169.0,5170.0,1169.0,747377.0,747530.0
2026-07-20 11:25:00,5170.0,5171.0,5169.0,5170.0,607.0,747530.0,747378.0
2026-07-20 11:26:00,5170.0,5171.0,5168.0,5169.0,780.0,747378.0,747082.0
2026-07-20 11:27:00,5169.0,5170.0,5168.0,5169.0,651.0,747082.0,746817.0
2026-07-20 11:28:00,5169.0,5169.0,5166.0,5166.0,789.0,746817.0,746500.0
2026-07-20 11:29:00,5166.0,5168.0,5166.0,5167.0,613.0,746500.0,746086.0
2026-07-20 13:30:00,5167.0,5170.0,5164.0,5167.0,4709.0,746086.0,746571.0
2026-07-20 13:31:00,5167.0,5169.0,5166.0,5167.0,1045.0,746571.0,746614.0
2026-07-20 13:32:00,5167.0,5169.0,5167.0,5168.0,555.0,746614.0,746611.0
2026-07-20 13:33:00,5168.0,5169.0,5165.0,5166.0,1063.0,746611.0,746569.0
2026-07-20 13:34:00,5166.0,5168.0,5164.0,5168.0,2183.0,746569.0,745353.0
2026-07-20 13:35:00,5168.0,5168.0,5164.0,5164.0,825.0,745353.0,745311.0
2026-07-20 13:36:00,5164.0,5165.0,5163.0,5165.0,753.0,745311.0,745165.0
2026-07-20 13:37:00,5165.0,5165.0,5163.0,5164.0,620.0,745165.0,744784.0
2026-07-20 13:38:00,5164.0,5164.0,5162.0,5162.0,1154.0,744784.0,744677.0
2026-07-20 13:39:00,5162.0,5164.0,5162.0,5163.0,1104.0,744677.0,744154.0
2026-07-20 13:40:00,5163.0,5169.0,5163.0,5168.0,2358.0,744154.0,744272.0
2026-07-20 13:41:00,5168.0,5169.0,5167.0,5168.0,529.0,744272.0,744239.0
2026-07-20 13:42:00,5168.0,5168.0,5165.0,5166.0,628.0,744239.0,744253.0
2026-07-20 13:43:00,5166.0,5166.0,5165.0,5166.0,449.0,744253.0,744083.0
2026-07-20 13:44:00,5166.0,5166.0,5164.0,5164.0,307.0,744083.0,743996.0
2026-07-20 13:45:00,5164.0,5166.0,5163.0,5163.0,951.0,743996.0,744090.0
2026-07-20 13:46:00,5163.0,5164.0,5161.0,5161.0,982.0,744090.0,743856.0
2026-07-20 13:47:00,5161.0,5165.0,5161.0,5164.0,1152.0,743856.0,743376.0
2026-07-20 13:48:00,5164.0,5166.0,5163.0,5164.0,731.0,743376.0,743145.0
2026-07-20 13:49:00,5164.0,5164.0,5163.0,5163.0,541.0,743145.0,742962.0
2026-07-20 13:50:00,5163.0,5165.0,5163.0,5164.0,732.0,742962.0,742688.0
2026-07-20 13:51:00,5164.0,5168.0,5164.0,5167.0,1592.0,742688.0,742173.0
2026-07-20 13:52:00,5167.0,5167.0,5165.0,5165.0,827.0,742173.0,742067.0
2026-07-20 13:53:00,5165.0,5166.0,5163.0,5163.0,544.0,742067.0,741873.0
2026-07-20 13:54:00,5163.0,5165.0,5163.0,5165.0,441.0,741873.0,741745.0
2026-07-20 13:55:00,5165.0,5165.0,5163.0,5163.0,396.0,741745.0,741635.0
2026-07-20 13:56:00,5163.0,5164.0,5162.0,5162.0,455.0,741635.0,741552.0
2026-07-20 13:57:00,5162.0,5165.0,5162.0,5165.0,646.0,741552.0,741486.0
2026-07-20 13:58:00,5165.0,5166.0,5164.0,5165.0,263.0,741486.0,741446.0
2026-07-20 13:59:00,5165.0,5166.0,5164.0,5166.0,491.0,741446.0,741392.0
2026-07-20 14:00:00,5166.0,5167.0,5165.0,5165.0,507.0,741392.0,741443.0
2026-07-20 14:01:00,5165.0,5166.0,5164.0,5164.0,559.0,741443.0,741411.0
2026-07-20 14:02:00,5164.0,5165.0,5164.0,5164.0,205.0,741411.0,741332.0
2026-07-20 14:03:00,5164.0,5166.0,5164.0,5164.0,594.0,741332.0,741151.0
2026-07-20 14:04:00,5164.0,5166.0,5164.0,5166.0,285.0,741151.0,741054.0
2026-07-20 14:05:00,5166.0,5167.0,5164.0,5166.0,625.0,741054.0,740927.0
2026-07-20 14:06:00,5166.0,5168.0,5166.0,5166.0,1249.0,740927.0,740871.0
2026-07-20 14:07:00,5166.0,5167.0,5165.0,5165.0,540.0,740871.0,740903.0
2026-07-20 14:08:00,5165.0,5166.0,5164.0,5164.0,456.0,740903.0,740847.0
2026-07-20 14:09:00,5164.0,5167.0,5164.0,5165.0,643.0,740847.0,740689.0
2026-07-20 14:10:00,5165.0,5166.0,5164.0,5166.0,422.0,740689.0,740620.0
2026-07-20 14:11:00,5166.0,5166.0,5163.0,5164.0,386.0,740620.0,740579.0
2026-07-20 14:12:00,5164.0,5164.0,5163.0,5164.0,245.0,740579.0,740486.0
2026-07-20 14:13:00,5164.0,5164.0,5163.0,5164.0,99.0,740486.0,740478.0
2026-07-20 14:14:00,5164.0,5164.0,5163.0,5164.0,143.0,740478.0,740456.0
2026-07-20 14:15:00,5164.0,5165.0,5163.0,5165.0,445.0,740456.0,740538.0
2026-07-20 14:16:00,5165.0,5166.0,5164.0,5165.0,418.0,740538.0,740563.0
2026-07-20 14:17:00,5165.0,5166.0,5165.0,5165.0,301.0,740563.0,740474.0
2026-07-20 14:18:00,5165.0,5166.0,5164.0,5165.0,439.0,740474.0,740361.0
2026-07-20 14:19:00,5165.0,5165.0,5163.0,5164.0,524.0,740361.0,740336.0
2026-07-20 14:20:00,5164.0,5165.0,5164.0,5165.0,343.0,740336.0,740288.0
2026-07-20 14:21:00,5165.0,5166.0,5164.0,5165.0,415.0,740288.0,740168.0
2026-07-20 14:22:00,5165.0,5166.0,5163.0,5163.0,264.0,740168.0,740211.0
2026-07-20 14:23:00,5163.0,5166.0,5163.0,5165.0,811.0,740211.0,740210.0
2026-07-20 14:24:00,5165.0,5165.0,5164.0,5164.0,139.0,740210.0,740176.0
2026-07-20 14:25:00,5164.0,5164.0,5163.0,5163.0,405.0,740176.0,739986.0
2026-07-20 14:26:00,5163.0,5165.0,5163.0,5163.0,292.0,739986.0,739893.0
2026-07-20 14:27:00,5163.0,5164.0,5161.0,5161.0,810.0,739893.0,739526.0
2026-07-20 14:28:00,5161.0,5163.0,5161.0,5162.0,463.0,739526.0,739417.0
2026-07-20 14:29:00,5162.0,5162.0,5161.0,5161.0,248.0,739417.0,739399.0
2026-07-20 14:30:00,5161.0,5162.0,5159.0,5160.0,2075.0,739399.0,738938.0
2026-07-20 14:31:00,5160.0,5162.0,5160.0,5161.0,761.0,738938.0,738779.0
2026-07-20 14:32:00,5161.0,5162.0,5160.0,5160.0,322.0,738779.0,738644.0
2026-07-20 14:33:00,5160.0,5160.0,5159.0,5159.0,376.0,738644.0,738571.0
2026-07-20 14:34:00,5159.0,5160.0,5159.0,5160.0,371.0,738571.0,738500.0
2026-07-20 14:35:00,5160.0,5160.0,5158.0,5158.0,554.0,738500.0,738581.0
2026-07-20 14:36:00,5158.0,5160.0,5158.0,5159.0,900.0,738581.0,738351.0
2026-07-20 14:37:00,5159.0,5161.0,5159.0,5161.0,399.0,738351.0,738341.0
2026-07-20 14:38:00,5161.0,5161.0,5160.0,5160.0,283.0,738341.0,738270.0
2026-07-20 14:39:00,5160.0,5161.0,5159.0,5159.0,304.0,738270.0,738345.0
2026-07-20 14:40:00,5159.0,5160.0,5158.0,5159.0,491.0,738345.0,738308.0
2026-07-20 14:41:00,5159.0,5160.0,5158.0,5158.0,519.0,738308.0,738374.0
2026-07-20 14:42:00,5158.0,5159.0,5156.0,5157.0,1230.0,738374.0,738301.0
2026-07-20 14:43:00,5157.0,5159.0,5157.0,5157.0,964.0,738301.0,738373.0
2026-07-20 14:44:00,5157.0,5158.0,5156.0,5156.0,733.0,738373.0,738430.0
2026-07-20 14:45:00,5156.0,5159.0,5156.0,5158.0,705.0,738430.0,738521.0
2026-07-20 14:46:00,5158.0,5161.0,5157.0,5161.0,1221.0,738521.0,738422.0
2026-07-20 14:47:00,5161.0,5161.0,5157.0,5157.0,1121.0,738422.0,738253.0
2026-07-20 14:48:00,5157.0,5159.0,5156.0,5156.0,1180.0,738253.0,738129.0
2026-07-20 14:49:00,5156.0,5157.0,5155.0,5155.0,1313.0,738129.0,737856.0
2026-07-20 14:50:00,5155.0,5157.0,5155.0,5156.0,1589.0,737856.0,737362.0
2026-07-20 14:51:00,5156.0,5157.0,5154.0,5157.0,1215.0,737362.0,737141.0
2026-07-20 14:52:00,5157.0,5160.0,5156.0,5160.0,826.0,737141.0,737243.0
2026-07-20 14:53:00,5160.0,5160.0,5158.0,5159.0,518.0,737243.0,737245.0
2026-07-20 14:54:00,5159.0,5160.0,5158.0,5159.0,451.0,737245.0,737192.0
2026-07-20 14:55:00,5159.0,5160.0,5158.0,5160.0,571.0,737192.0,737203.0
2026-07-20 14:56:00,5160.0,5160.0,5157.0,5158.0,857.0,737203.0,736982.0
2026-07-20 14:57:00,5158.0,5159.0,5157.0,5159.0,676.0,736982.0,736828.0
2026-07-20 14:58:00,5159.0,5159.0,5158.0,5158.0,833.0,736828.0,736877.0
2026-07-20 14:59:00,5158.0,5159.0,5157.0,5157.0,1208.0,736877.0,736762.0
2026-07-20 21:00:00,5162.0,5162.0,5151.0,5157.0,10214.0,736762.0,736822.0
2026-07-20 21:01:00,5157.0,5161.0,5157.0,5161.0,3066.0,736822.0,737415.0
2026-07-20 21:02:00,5161.0,5161.0,5158.0,5160.0,2558.0,737415.0,737779.0
2026-07-20 21:03:00,5160.0,5160.0,5157.0,5158.0,2061.0,737779.0,738336.0
2026-07-20 21:04:00,5158.0,5160.0,5157.0,5158.0,1855.0,738336.0,738350.0
2026-07-20 21:05:00,5158.0,5158.0,5154.0,5156.0,2947.0,738350.0,738861.0
2026-07-20 21:06:00,5156.0,5162.0,5155.0,5160.0,2399.0,738861.0,738798.0
2026-07-20 21:07:00,5160.0,5160.0,5155.0,5156.0,1889.0,738798.0,739192.0
2026-07-20 21:08:00,5156.0,5158.0,5156.0,5157.0,571.0,739192.0,739274.0
2026-07-20 21:09:00,5157.0,5158.0,5156.0,5157.0,999.0,739274.0,739250.0
2026-07-20 21:10:00,5157.0,5157.0,5150.0,5152.0,4183.0,739250.0,738475.0
2026-07-20 21:11:00,5152.0,5153.0,5147.0,5151.0,4810.0,738475.0,738690.0
2026-07-20 21:12:00,5151.0,5154.0,5151.0,5154.0,1682.0,738690.0,738873.0
2026-07-20 21:13:00,5154.0,5155.0,5152.0,5154.0,2153.0,738873.0,738960.0
2026-07-20 21:14:00,5154.0,5155.0,5154.0,5155.0,465.0,738960.0,738876.0
2026-07-20 21:15:00,5155.0,5155.0,5151.0,5153.0,1900.0,738876.0,739021.0
2026-07-20 21:16:00,5153.0,5153.0,5151.0,5151.0,863.0,739021.0,739184.0
2026-07-20 21:17:00,5151.0,5152.0,5149.0,5149.0,1965.0,739184.0,739294.0
2026-07-20 21:18:00,5149.0,5152.0,5147.0,5151.0,2540.0,739294.0,739028.0
2026-07-20 21:19:00,5151.0,5152.0,5151.0,5151.0,1054.0,739028.0,739045.0
2026-07-20 21:20:00,5151.0,5152.0,5151.0,5152.0,1130.0,739045.0,739520.0
2026-07-20 21:21:00,5152.0,5154.0,5152.0,5153.0,657.0,739520.0,739663.0
2026-07-20 21:22:00,5153.0,5155.0,5153.0,5153.0,605.0,739663.0,739594.0
2026-07-20 21:23:00,5153.0,5154.0,5153.0,5154.0,213.0,739594.0,739662.0
2026-07-20 21:24:00,5154.0,5155.0,5151.0,5151.0,1080.0,739662.0,739955.0
2026-07-20 21:25:00,5151.0,5153.0,5151.0,5152.0,615.0,739955.0,739838.0
2026-07-20 21:26:00,5152.0,5153.0,5151.0,5152.0,306.0,739838.0,739840.0
2026-07-20 21:27:00,5152.0,5153.0,5152.0,5153.0,413.0,739840.0,739945.0
2026-07-20 21:28:00,5153.0,5154.0,5151.0,5151.0,1247.0,739945.0,740182.0
2026-07-20 21:29:00,5151.0,5153.0,5150.0,5150.0,965.0,740182.0,740588.0
2026-07-20 21:30:00,5150.0,5153.0,5150.0,5150.0,1197.0,740588.0,740855.0
2026-07-20 21:31:00,5150.0,5152.0,5150.0,5151.0,451.0,740855.0,740783.0
2026-07-20 21:32:00,5151.0,5152.0,5151.0,5152.0,518.0,740783.0,740925.0
2026-07-20 21:33:00,5152.0,5152.0,5151.0,5152.0,580.0,740925.0,741034.0
2026-07-20 21:34:00,5152.0,5152.0,5150.0,5150.0,1075.0,741034.0,741179.0
2026-07-20 21:35:00,5150.0,5154.0,5150.0,5153.0,867.0,741179.0,741307.0
2026-07-20 21:36:00,5153.0,5154.0,5151.0,5153.0,280.0,741307.0,741348.0
2026-07-20 21:37:00,5153.0,5153.0,5151.0,5153.0,220.0,741348.0,741345.0
2026-07-20 21:38:00,5153.0,5154.0,5153.0,5153.0,630.0,741345.0,741348.0
2026-07-20 21:39:00,5153.0,5153.0,5151.0,5153.0,369.0,741348.0,741377.0
2026-07-20 21:40:00,5153.0,5154.0,5153.0,5154.0,705.0,741377.0,741586.0
2026-07-20 21:41:00,5154.0,5154.0,5152.0,5153.0,353.0,741586.0,741534.0
2026-07-20 21:42:00,5153.0,5154.0,5153.0,5153.0,264.0,741534.0,741463.0
2026-07-20 21:43:00,5153.0,5154.0,5153.0,5154.0,677.0,741463.0,741309.0
2026-07-20 21:44:00,5154.0,5155.0,5154.0,5155.0,504.0,741309.0,741529.0
2026-07-20 21:45:00,5155.0,5155.0,5153.0,5154.0,301.0,741529.0,741621.0
2026-07-20 21:46:00,5154.0,5155.0,5153.0,5155.0,321.0,741621.0,741521.0
2026-07-20 21:47:00,5155.0,5155.0,5153.0,5153.0,634.0,741521.0,741664.0
2026-07-20 21:48:00,5153.0,5155.0,5153.0,5154.0,425.0,741664.0,741630.0
2026-07-20 21:49:00,5154.0,5155.0,5154.0,5155.0,259.0,741630.0,741654.0
2026-07-20 21:50:00,5155.0,5155.0,5154.0,5155.0,151.0,741654.0,741664.0
2026-07-20 21:51:00,5155.0,5155.0,5154.0,5155.0,739.0,741664.0,741763.0
2026-07-20 21:52:00,5155.0,5156.0,5154.0,5155.0,667.0,741763.0,741723.0
2026-07-20 21:53:00,5155.0,5157.0,5155.0,5156.0,1917.0,741723.0,741364.0
2026-07-20 21:54:00,5156.0,5156.0,5154.0,5155.0,912.0,741364.0,741397.0
2026-07-20 21:55:00,5155.0,5156.0,5154.0,5154.0,398.0,741397.0,741445.0
2026-07-20 21:56:00,5154.0,5155.0,5154.0,5155.0,128.0,741445.0,741428.0
2026-07-20 21:57:00,5155.0,5155.0,5153.0,5153.0,602.0,741428.0,741451.0
2026-07-20 21:58:00,5153.0,5154.0,5153.0,5153.0,534.0,741451.0,741660.0
2026-07-20 21:59:00,5153.0,5153.0,5152.0,5152.0,644.0,741660.0,741667.0
2026-07-20 22:00:00,5152.0,5153.0,5151.0,5152.0,1354.0,741667.0,741412.0
2026-07-20 22:01:00,5152.0,5154.0,5152.0,5154.0,415.0,741412.0,741363.0
2026-07-20 22:02:00,5154.0,5157.0,5153.0,5155.0,1738.0,741363.0,741296.0
2026-07-20 22:03:00,5155.0,5156.0,5154.0,5156.0,324.0,741296.0,741272.0
2026-07-20 22:04:00,5156.0,5157.0,5155.0,5157.0,310.0,741272.0,741204.0
2026-07-20 22:05:00,5157.0,5157.0,5155.0,5156.0,329.0,741204.0,741222.0
2026-07-20 22:06:00,5156.0,5156.0,5155.0,5156.0,198.0,741222.0,741263.0
2026-07-20 22:07:00,5156.0,5157.0,5155.0,5157.0,232.0,741263.0,741306.0
2026-07-20 22:08:00,5157.0,5157.0,5155.0,5155.0,578.0,741306.0,741352.0
2026-07-20 22:09:00,5155.0,5156.0,5155.0,5156.0,531.0,741352.0,741541.0
2026-07-20 22:10:00,5156.0,5156.0,5155.0,5156.0,115.0,741541.0,741566.0
2026-07-20 22:11:00,5156.0,5156.0,5155.0,5155.0,152.0,741566.0,741612.0
2026-07-20 22:12:00,5155.0,5156.0,5154.0,5155.0,626.0,741612.0,741505.0
2026-07-20 22:13:00,5155.0,5155.0,5152.0,5153.0,549.0,741505.0,741559.0
2026-07-20 22:14:00,5153.0,5154.0,5153.0,5153.0,167.0,741559.0,741569.0
2026-07-20 22:15:00,5153.0,5154.0,5152.0,5153.0,498.0,741569.0,741376.0
2026-07-20 22:16:00,5153.0,5153.0,5152.0,5152.0,209.0,741376.0,741347.0
2026-07-20 22:17:00,5152.0,5153.0,5152.0,5153.0,350.0,741347.0,741294.0
2026-07-20 22:18:00,5153.0,5153.0,5152.0,5153.0,82.0,741294.0,741267.0
2026-07-20 22:19:00,5153.0,5154.0,5152.0,5154.0,554.0,741267.0,740987.0
2026-07-20 22:20:00,5154.0,5154.0,5152.0,5153.0,238.0,740987.0,740938.0
2026-07-20 22:21:00,5153.0,5154.0,5152.0,5152.0,808.0,740938.0,741320.0
2026-07-20 22:22:00,5152.0,5153.0,5152.0,5153.0,159.0,741320.0,741309.0
2026-07-20 22:23:00,5153.0,5154.0,5152.0,5154.0,243.0,741309.0,741288.0
2026-07-20 22:24:00,5154.0,5154.0,5153.0,5153.0,39.0,741288.0,741292.0
2026-07-20 22:25:00,5153.0,5154.0,5153.0,5154.0,33.0,741292.0,741279.0
2026-07-20 22:26:00,5154.0,5154.0,5153.0,5153.0,53.0,741279.0,741269.0
2026-07-20 22:27:00,5153.0,5154.0,5153.0,5154.0,24.0,741269.0,741267.0
2026-07-20 22:28:00,5154.0,5154.0,5153.0,5154.0,58.0,741267.0,741249.0
2026-07-20 22:29:00,5154.0,5155.0,5153.0,5154.0,340.0,741249.0,741192.0
2026-07-20 22:30:00,5154.0,5155.0,5154.0,5155.0,665.0,741192.0,741260.0
2026-07-20 22:31:00,5155.0,5155.0,5154.0,5154.0,93.0,741260.0,741253.0
2026-07-20 22:32:00,5154.0,5156.0,5154.0,5156.0,478.0,741253.0,741327.0
2026-07-20 22:33:00,5156.0,5156.0,5155.0,5156.0,240.0,741327.0,741333.0
2026-07-20 22:34:00,5156.0,5156.0,5155.0,5156.0,133.0,741333.0,741359.0
2026-07-20 22:35:00,5156.0,5156.0,5155.0,5156.0,58.0,741359.0,741346.0
2026-07-20 22:36:00,5156.0,5157.0,5155.0,5156.0,395.0,741346.0,741509.0
2026-07-20 22:37:00,5156.0,5157.0,5155.0,5155.0,198.0,741509.0,741548.0
2026-07-20 22:38:00,5155.0,5156.0,5154.0,5154.0,531.0,741548.0,741601.0
2026-07-20 22:39:00,5154.0,5155.0,5153.0,5154.0,333.0,741601.0,741572.0
2026-07-20 22:40:00,5154.0,5154.0,5153.0,5153.0,105.0,741572.0,741560.0
2026-07-20 22:41:00,5153.0,5155.0,5153.0,5155.0,494.0,741560.0,741447.0
2026-07-20 22:42:00,5155.0,5155.0,5154.0,5155.0,137.0,741447.0,741455.0
2026-07-20 22:43:00,5155.0,5156.0,5154.0,5156.0,123.0,741455.0,741428.0
2026-07-20 22:44:00,5156.0,5156.0,5155.0,5156.0,125.0,741428.0,741409.0
2026-07-20 22:45:00,5156.0,5157.0,5155.0,5156.0,495.0,741409.0,741350.0
2026-07-20 22:46:00,5156.0,5157.0,5156.0,5156.0,91.0,741350.0,741380.0
2026-07-20 22:47:00,5156.0,5157.0,5156.0,5156.0,240.0,741380.0,741422.0
2026-07-20 22:48:00,5156.0,5157.0,5156.0,5157.0,62.0,741422.0,741415.0
2026-07-20 22:49:00,5157.0,5157.0,5156.0,5157.0,70.0,741415.0,741418.0
2026-07-20 22:50:00,5157.0,5158.0,5156.0,5158.0,794.0,741418.0,741292.0
2026-07-20 22:51:00,5158.0,5158.0,5157.0,5157.0,232.0,741292.0,741280.0
2026-07-20 22:52:00,5157.0,5158.0,5156.0,5156.0,184.0,741280.0,741251.0
2026-07-20 22:53:00,5156.0,5157.0,5156.0,5157.0,554.0,741251.0,741159.0
2026-07-20 22:54:00,5157.0,5157.0,5155.0,5156.0,117.0,741159.0,741127.0
2026-07-20 22:55:00,5156.0,5156.0,5155.0,5156.0,521.0,741127.0,741108.0
2026-07-20 22:56:00,5156.0,5157.0,5155.0,5156.0,317.0,741108.0,741040.0
2026-07-20 22:57:00,5156.0,5157.0,5155.0,5156.0,330.0,741040.0,740972.0
2026-07-20 22:58:00,5156.0,5157.0,5156.0,5157.0,264.0,740972.0,740852.0
2026-07-20 22:59:00,5157.0,5157.0,5156.0,5157.0,1323.0,740852.0,740097.0
2026-07-21 09:00:00,5157.0,5157.0,5153.0,5154.0,1931.0,740097.0,739887.0
2026-07-21 09:01:00,5154.0,5157.0,5153.0,5154.0,1868.0,739887.0,739841.0
2026-07-21 09:02:00,5154.0,5154.0,5150.0,5151.0,2132.0,739841.0,739378.0
2026-07-21 09:03:00,5151.0,5153.0,5149.0,5150.0,2266.0,739378.0,740049.0
2026-07-21 09:04:00,5150.0,5152.0,5148.0,5149.0,1808.0,740049.0,740449.0
2026-07-21 09:05:00,5149.0,5152.0,5148.0,5151.0,1515.0,740449.0,740074.0
2026-07-21 09:06:00,5151.0,5153.0,5150.0,5152.0,1146.0,740074.0,739870.0
2026-07-21 09:07:00,5152.0,5153.0,5151.0,5153.0,1359.0,739870.0,740170.0
2026-07-21 09:08:00,5153.0,5153.0,5151.0,5151.0,886.0,740170.0,740021.0
2026-07-21 09:09:00,5151.0,5153.0,5150.0,5151.0,568.0,740021.0,739985.0
2026-07-21 09:10:00,5151.0,5155.0,5151.0,5155.0,1632.0,739985.0,740054.0
2026-07-21 09:11:00,5155.0,5156.0,5149.0,5149.0,3652.0,740054.0,740230.0
2026-07-21 09:12:00,5149.0,5152.0,5148.0,5151.0,2029.0,740230.0,739899.0
2026-07-21 09:13:00,5151.0,5153.0,5150.0,5152.0,736.0,739899.0,739906.0
2026-07-21 09:14:00,5152.0,5154.0,5152.0,5153.0,624.0,739906.0,739879.0
2026-07-21 09:15:00,5153.0,5156.0,5153.0,5155.0,664.0,739879.0,739822.0
2026-07-21 09:16:00,5155.0,5158.0,5154.0,5157.0,1366.0,739822.0,739719.0
2026-07-21 09:17:00,5157.0,5157.0,5156.0,5157.0,854.0,739719.0,739554.0
2026-07-21 09:18:00,5157.0,5157.0,5155.0,5156.0,273.0,739554.0,739648.0
2026-07-21 09:19:00,5156.0,5156.0,5154.0,5155.0,804.0,739648.0,739807.0
2026-07-21 09:20:00,5155.0,5157.0,5155.0,5157.0,339.0,739807.0,739926.0
2026-07-21 09:21:00,5157.0,5157.0,5154.0,5155.0,759.0,739926.0,739706.0
2026-07-21 09:22:00,5155.0,5156.0,5155.0,5155.0,131.0,739706.0,739678.0
2026-07-21 09:23:00,5155.0,5157.0,5155.0,5156.0,695.0,739678.0,739584.0
2026-07-21 09:24:00,5156.0,5158.0,5155.0,5157.0,1364.0,739584.0,739899.0
2026-07-21 09:25:00,5157.0,5158.0,5156.0,5158.0,745.0,739899.0,739944.0
2026-07-21 09:26:00,5158.0,5159.0,5157.0,5158.0,2595.0,739944.0,738987.0
2026-07-21 09:27:00,5158.0,5160.0,5157.0,5160.0,1544.0,738987.0,738798.0
2026-07-21 09:28:00,5160.0,5162.0,5159.0,5161.0,2370.0,738798.0,738322.0
2026-07-21 09:29:00,5161.0,5161.0,5159.0,5159.0,925.0,738322.0,738272.0
2026-07-21 09:30:00,5159.0,5162.0,5159.0,5161.0,1038.0,738272.0,738165.0
2026-07-21 09:31:00,5161.0,5164.0,5160.0,5163.0,1400.0,738165.0,737995.0
2026-07-21 09:32:00,5163.0,5164.0,5162.0,5164.0,1470.0,737995.0,738016.0
2026-07-21 09:33:00,5164.0,5166.0,5163.0,5165.0,1883.0,738016.0,737975.0
2026-07-21 09:34:00,5165.0,5166.0,5164.0,5165.0,1210.0,737975.0,737928.0
2026-07-21 09:35:00,5165.0,5168.0,5165.0,5167.0,2626.0,737928.0,737502.0
2026-07-21 09:36:00,5167.0,5167.0,5165.0,5166.0,980.0,737502.0,737451.0
2026-07-21 09:37:00,5166.0,5166.0,5165.0,5165.0,852.0,737451.0,737507.0
2026-07-21 09:38:00,5165.0,5170.0,5165.0,5170.0,2485.0,737507.0,737435.0
2026-07-21 09:39:00,5170.0,5170.0,5168.0,5168.0,1315.0,737435.0,737021.0
2026-07-21 09:40:00,5168.0,5172.0,5168.0,5170.0,4042.0,737021.0,736640.0
2026-07-21 09:41:00,5170.0,5171.0,5170.0,5171.0,1277.0,736640.0,736690.0
2026-07-21 09:42:00,5171.0,5171.0,5169.0,5169.0,1012.0,736690.0,736813.0
2026-07-21 09:43:00,5169.0,5173.0,5169.0,5170.0,2617.0,736813.0,736981.0
2026-07-21 09:44:00,5170.0,5173.0,5169.0,5171.0,1759.0,736981.0,736650.0
2026-07-21 09:45:00,5171.0,5172.0,5170.0,5171.0,897.0,736650.0,736491.0
2026-07-21 09:46:00,5171.0,5174.0,5171.0,5174.0,1810.0,736491.0,736125.0
2026-07-21 09:47:00,5174.0,5174.0,5171.0,5173.0,2010.0,736125.0,735537.0
2026-07-21 09:48:00,5173.0,5174.0,5169.0,5169.0,1972.0,735537.0,735403.0
2026-07-21 09:49:00,5169.0,5169.0,5165.0,5167.0,2944.0,735403.0,735000.0
2026-07-21 09:50:00,5167.0,5169.0,5166.0,5168.0,2108.0,735000.0,734820.0
2026-07-21 09:51:00,5168.0,5170.0,5167.0,5170.0,698.0,734820.0,734674.0
2026-07-21 09:52:00,5170.0,5171.0,5169.0,5170.0,1207.0,734674.0,734319.0
2026-07-21 09:53:00,5170.0,5171.0,5169.0,5170.0,836.0,734319.0,734370.0
2026-07-21 09:54:00,5170.0,5170.0,5168.0,5170.0,527.0,734370.0,734301.0
2026-07-21 09:55:00,5170.0,5170.0,5167.0,5167.0,678.0,734301.0,734113.0
2026-07-21 09:56:00,5167.0,5169.0,5167.0,5167.0,1006.0,734113.0,733907.0
2026-07-21 09:57:00,5167.0,5169.0,5167.0,5169.0,357.0,733907.0,733887.0
2026-07-21 09:58:00,5169.0,5169.0,5167.0,5168.0,755.0,733887.0,733942.0
2026-07-21 09:59:00,5168.0,5170.0,5168.0,5169.0,1467.0,733942.0,733800.0
2026-07-21 10:00:00,5169.0,5170.0,5168.0,5170.0,864.0,733800.0,733686.0
2026-07-21 10:01:00,5170.0,5170.0,5169.0,5170.0,272.0,733686.0,733641.0
2026-07-21 10:02:00,5170.0,5170.0,5167.0,5169.0,819.0,733641.0,733609.0
2026-07-21 10:03:00,5169.0,5169.0,5168.0,5168.0,794.0,733609.0,733316.0
2026-07-21 10:04:00,5168.0,5169.0,5166.0,5166.0,803.0,733316.0,733225.0
2026-07-21 10:05:00,5166.0,5168.0,5165.0,5166.0,1500.0,733225.0,732658.0
2026-07-21 10:06:00,5166.0,5168.0,5165.0,5167.0,734.0,732658.0,732575.0
2026-07-21 10:07:00,5167.0,5168.0,5164.0,5165.0,596.0,732575.0,732449.0
2026-07-21 10:08:00,5165.0,5165.0,5163.0,5164.0,722.0,732449.0,732083.0
2026-07-21 10:09:00,5164.0,5165.0,5163.0,5164.0,737.0,732083.0,731629.0
2026-07-21 10:10:00,5164.0,5166.0,5164.0,5165.0,663.0,731629.0,731433.0
2026-07-21 10:11:00,5165.0,5167.0,5164.0,5167.0,452.0,731433.0,731317.0
2026-07-21 10:12:00,5167.0,5167.0,5166.0,5167.0,247.0,731317.0,731262.0
2026-07-21 10:13:00,5167.0,5168.0,5166.0,5166.0,877.0,731262.0,731192.0
2026-07-21 10:14:00,5166.0,5168.0,5166.0,5168.0,605.0,731192.0,730899.0
2026-07-21 10:30:00,5169.0,5171.0,5168.0,5168.0,2736.0,730899.0,730761.0
2026-07-21 10:31:00,5168.0,5168.0,5165.0,5165.0,776.0,730761.0,730437.0
2026-07-21 10:32:00,5165.0,5167.0,5165.0,5166.0,395.0,730437.0,730338.0
2026-07-21 10:33:00,5166.0,5168.0,5166.0,5168.0,510.0,730338.0,730189.0
2026-07-21 10:34:00,5168.0,5170.0,5167.0,5170.0,1045.0,730189.0,730070.0
2026-07-21 10:35:00,5170.0,5171.0,5168.0,5169.0,565.0,730070.0,730124.0
2026-07-21 10:36:00,5169.0,5170.0,5168.0,5169.0,796.0,730124.0,730393.0
2026-07-21 10:37:00,5169.0,5171.0,5169.0,5169.0,765.0,730393.0,730270.0
2026-07-21 10:38:00,5169.0,5170.0,5169.0,5169.0,382.0,730270.0,730282.0
2026-07-21 10:39:00,5169.0,5170.0,5168.0,5169.0,473.0,730282.0,730046.0
2026-07-21 10:40:00,5169.0,5170.0,5168.0,5170.0,901.0,730046.0,730029.0
2026-07-21 10:41:00,5170.0,5170.0,5168.0,5170.0,420.0,730029.0,729915.0
2026-07-21 10:42:00,5170.0,5170.0,5167.0,5168.0,694.0,729915.0,729775.0
2026-07-21 10:43:00,5168.0,5170.0,5167.0,5170.0,475.0,729775.0,729690.0
2026-07-21 10:44:00,5170.0,5171.0,5169.0,5171.0,1344.0,729690.0,729681.0
2026-07-21 10:45:00,5171.0,5172.0,5170.0,5172.0,748.0,729681.0,729557.0
2026-07-21 10:46:00,5172.0,5173.0,5171.0,5173.0,837.0,729557.0,729468.0
2026-07-21 10:47:00,5173.0,5173.0,5171.0,5172.0,519.0,729468.0,729586.0
2026-07-21 10:48:00,5172.0,5174.0,5171.0,5171.0,1208.0,729586.0,729583.0
2026-07-21 10:49:00,5171.0,5172.0,5170.0,5171.0,959.0,729583.0,729082.0
2026-07-21 10:50:00,5171.0,5171.0,5168.0,5169.0,805.0,729082.0,728780.0
2026-07-21 10:51:00,5169.0,5170.0,5168.0,5168.0,600.0,728780.0,728656.0
2026-07-21 10:52:00,5168.0,5169.0,5167.0,5168.0,366.0,728656.0,728608.0
2026-07-21 10:53:00,5168.0,5169.0,5167.0,5169.0,578.0,728608.0,728520.0
2026-07-21 10:54:00,5169.0,5169.0,5166.0,5168.0,495.0,728520.0,728379.0
2026-07-21 10:55:00,5168.0,5169.0,5166.0,5168.0,810.0,728379.0,728215.0
2026-07-21 10:56:00,5168.0,5169.0,5167.0,5169.0,527.0,728215.0,728057.0
2026-07-21 10:57:00,5169.0,5169.0,5167.0,5168.0,590.0,728057.0,728073.0
2026-07-21 10:58:00,5168.0,5168.0,5166.0,5167.0,1069.0,728073.0,728011.0
2026-07-21 10:59:00,5167.0,5168.0,5166.0,5167.0,347.0,728011.0,728006.0
2026-07-21 11:00:00,5167.0,5168.0,5165.0,5168.0,932.0,728006.0,727510.0
2026-07-21 11:01:00,5168.0,5168.0,5166.0,5167.0,391.0,727510.0,727399.0
2026-07-21 11:02:00,5167.0,5168.0,5165.0,5165.0,1124.0,727399.0,727220.0
2026-07-21 11:03:00,5165.0,5166.0,5164.0,5164.0,1749.0,727220.0,726860.0
2026-07-21 11:04:00,5164.0,5167.0,5164.0,5167.0,2136.0,726860.0,726952.0
2026-07-21 11:05:00,5167.0,5168.0,5166.0,5168.0,519.0,726952.0,726977.0
2026-07-21 11:06:00,5168.0,5169.0,5167.0,5168.0,433.0,726977.0,726800.0
2026-07-21 11:07:00,5168.0,5169.0,5167.0,5169.0,399.0,726800.0,726600.0
2026-07-21 11:08:00,5169.0,5170.0,5168.0,5169.0,332.0,726600.0,726431.0
2026-07-21 11:09:00,5169.0,5170.0,5168.0,5170.0,384.0,726431.0,726349.0
2026-07-21 11:10:00,5170.0,5172.0,5170.0,5172.0,870.0,726349.0,726284.0
2026-07-21 11:11:00,5172.0,5173.0,5171.0,5172.0,724.0,726284.0,726142.0
2026-07-21 11:12:00,5172.0,5173.0,5171.0,5173.0,986.0,726142.0,725951.0
2026-07-21 11:13:00,5173.0,5174.0,5172.0,5173.0,792.0,725951.0,725907.0
2026-07-21 11:14:00,5173.0,5173.0,5171.0,5172.0,711.0,725907.0,725871.0
2026-07-21 11:15:00,5172.0,5172.0,5170.0,5171.0,895.0,725871.0,725690.0
2026-07-21 11:16:00,5171.0,5172.0,5170.0,5172.0,383.0,725690.0,725537.0
2026-07-21 11:17:00,5172.0,5173.0,5171.0,5172.0,667.0,725537.0,725204.0
2026-07-21 11:18:00,5172.0,5172.0,5171.0,5171.0,370.0,725204.0,725228.0
2026-07-21 11:19:00,5171.0,5171.0,5168.0,5168.0,1233.0,725228.0,724904.0
2026-07-21 11:20:00,5168.0,5169.0,5168.0,5169.0,570.0,724904.0,724733.0
2026-07-21 11:21:00,5169.0,5169.0,5167.0,5167.0,536.0,724733.0,724528.0
2026-07-21 11:22:00,5167.0,5168.0,5166.0,5167.0,661.0,724528.0,724471.0
2026-07-21 11:23:00,5167.0,5167.0,5165.0,5166.0,727.0,724471.0,724171.0
2026-07-21 11:24:00,5166.0,5169.0,5166.0,5168.0,548.0,724171.0,724021.0
2026-07-21 11:25:00,5168.0,5169.0,5167.0,5169.0,230.0,724021.0,723934.0
2026-07-21 11:26:00,5169.0,5169.0,5167.0,5168.0,655.0,723934.0,723899.0
2026-07-21 11:27:00,5168.0,5169.0,5167.0,5168.0,172.0,723899.0,723847.0
2026-07-21 11:28:00,5168.0,5168.0,5166.0,5166.0,346.0,723847.0,723865.0
2026-07-21 11:29:00,5166.0,5169.0,5166.0,5168.0,364.0,723865.0,723763.0
2026-07-21 13:30:00,5168.0,5170.0,5167.0,5169.0,1938.0,723763.0,723661.0
2026-07-21 13:31:00,5169.0,5169.0,5167.0,5168.0,881.0,723661.0,723200.0
2026-07-21 13:32:00,5168.0,5168.0,5167.0,5168.0,314.0,723200.0,723243.0
2026-07-21 13:33:00,5168.0,5168.0,5165.0,5166.0,687.0,723243.0,723003.0
2026-07-21 13:34:00,5166.0,5166.0,5165.0,5165.0,261.0,723003.0,722974.0
2026-07-21 13:35:00,5165.0,5166.0,5164.0,5166.0,1150.0,722974.0,722498.0
2026-07-21 13:36:00,5166.0,5167.0,5165.0,5165.0,1194.0,722498.0,722379.0
2026-07-21 13:37:00,5165.0,5167.0,5165.0,5165.0,461.0,722379.0,722362.0
2026-07-21 13:38:00,5165.0,5167.0,5165.0,5167.0,451.0,722362.0,722232.0
2026-07-21 13:39:00,5167.0,5168.0,5166.0,5168.0,627.0,722232.0,722314.0
2026-07-21 13:40:00,5168.0,5169.0,5167.0,5168.0,702.0,722314.0,722264.0
2026-07-21 13:41:00,5168.0,5169.0,5168.0,5169.0,237.0,722264.0,722195.0
2026-07-21 13:42:00,5169.0,5169.0,5167.0,5169.0,510.0,722195.0,722285.0
2026-07-21 13:43:00,5169.0,5170.0,5167.0,5169.0,651.0,722285.0,722362.0
2026-07-21 13:44:00,5169.0,5171.0,5169.0,5170.0,810.0,722362.0,722116.0
2026-07-21 13:45:00,5170.0,5171.0,5168.0,5171.0,1574.0,722116.0,721744.0
2026-07-21 13:46:00,5171.0,5172.0,5170.0,5171.0,669.0,721744.0,721576.0
2026-07-21 13:47:00,5171.0,5178.0,5171.0,5177.0,6167.0,721576.0,721342.0
2026-07-21 13:48:00,5177.0,5178.0,5176.0,5177.0,2170.0,721342.0,720809.0
2026-07-21 13:49:00,5177.0,5182.0,5177.0,5179.0,5907.0,720809.0,720205.0
2026-07-21 13:50:00,5179.0,5179.0,5177.0,5178.0,1199.0,720205.0,720286.0
2026-07-21 13:51:00,5178.0,5178.0,5175.0,5175.0,1643.0,720286.0,720373.0
2026-07-21 13:52:00,5175.0,5176.0,5174.0,5175.0,1405.0,720373.0,720129.0
2026-07-21 13:53:00,5175.0,5176.0,5173.0,5174.0,779.0,720129.0,720076.0
2026-07-21 13:54:00,5174.0,5174.0,5172.0,5174.0,945.0,720076.0,719964.0
2026-07-21 13:55:00,5174.0,5175.0,5172.0,5175.0,1176.0,719964.0,720019.0
2026-07-21 13:56:00,5175.0,5177.0,5174.0,5175.0,1200.0,720019.0,719601.0
2026-07-21 13:57:00,5175.0,5176.0,5174.0,5174.0,825.0,719601.0,719374.0
2026-07-21 13:58:00,5174.0,5175.0,5173.0,5173.0,577.0,719374.0,719414.0
2026-07-21 13:59:00,5173.0,5175.0,5173.0,5175.0,520.0,719414.0,719298.0
2026-07-21 14:00:00,5175.0,5176.0,5174.0,5175.0,914.0,719298.0,719078.0
2026-07-21 14:01:00,5175.0,5176.0,5174.0,5175.0,750.0,719078.0,718935.0
2026-07-21 14:02:00,5175.0,5177.0,5175.0,5176.0,812.0,718935.0,718743.0
2026-07-21 14:03:00,5176.0,5179.0,5176.0,5178.0,1864.0,718743.0,718329.0
2026-07-21 14:04:00,5178.0,5179.0,5177.0,5178.0,562.0,718329.0,718097.0
2026-07-21 14:05:00,5178.0,5180.0,5176.0,5177.0,1741.0,718097.0,717797.0
2026-07-21 14:06:00,5177.0,5178.0,5176.0,5177.0,497.0,717797.0,717679.0
2026-07-21 14:07:00,5177.0,5177.0,5175.0,5175.0,1359.0,717679.0,717217.0
2026-07-21 14:08:00,5175.0,5176.0,5173.0,5173.0,1438.0,717217.0,717013.0
2026-07-21 14:09:00,5173.0,5173.0,5171.0,5173.0,2640.0,717013.0,716375.0
2026-07-21 14:10:00,5173.0,5174.0,5171.0,5174.0,978.0,716375.0,716086.0
2026-07-21 14:11:00,5174.0,5174.0,5170.0,5170.0,1800.0,716086.0,715610.0
2026-07-21 14:12:00,5170.0,5172.0,5170.0,5171.0,723.0,715610.0,715458.0
2026-07-21 14:13:00,5171.0,5172.0,5170.0,5172.0,496.0,715458.0,715464.0
2026-07-21 14:14:00,5172.0,5172.0,5169.0,5169.0,1223.0,715464.0,715501.0
2026-07-21 14:15:00,5169.0,5171.0,5168.0,5169.0,1134.0,715501.0,715205.0
2026-07-21 14:16:00,5169.0,5170.0,5168.0,5168.0,969.0,715205.0,714876.0
2026-07-21 14:17:00,5168.0,5170.0,5168.0,5170.0,894.0,714876.0,714883.0
2026-07-21 14:18:00,5170.0,5171.0,5169.0,5171.0,1052.0,714883.0,714942.0
2026-07-21 14:19:00,5171.0,5172.0,5168.0,5168.0,844.0,714942.0,715007.0
2026-07-21 14:20:00,5168.0,5169.0,5167.0,5167.0,841.0,715007.0,714833.0
2026-07-21 14:21:00,5167.0,5168.0,5166.0,5167.0,1249.0,714833.0,714673.0
2026-07-21 14:22:00,5167.0,5168.0,5166.0,5167.0,720.0,714673.0,714602.0
2026-07-21 14:23:00,5167.0,5169.0,5166.0,5169.0,567.0,714602.0,714584.0
2026-07-21 14:24:00,5169.0,5170.0,5168.0,5169.0,518.0,714584.0,714643.0
2026-07-21 14:25:00,5169.0,5170.0,5169.0,5170.0,341.0,714643.0,714617.0
2026-07-21 14:26:00,5170.0,5170.0,5168.0,5169.0,1224.0,714617.0,714811.0
2026-07-21 14:27:00,5169.0,5169.0,5167.0,5167.0,971.0,714811.0,714922.0
2026-07-21 14:28:00,5167.0,5168.0,5167.0,5168.0,394.0,714922.0,715001.0
2026-07-21 14:29:00,5168.0,5168.0,5166.0,5167.0,575.0,715001.0,714839.0
2026-07-21 14:30:00,5167.0,5167.0,5166.0,5166.0,320.0,714839.0,714794.0
2026-07-21 14:31:00,5166.0,5167.0,5166.0,5167.0,1522.0,714794.0,714650.0
2026-07-21 14:32:00,5167.0,5167.0,5166.0,5167.0,373.0,714650.0,714547.0
2026-07-21 14:33:00,5167.0,5168.0,5166.0,5167.0,935.0,714547.0,714770.0
2026-07-21 14:34:00,5167.0,5167.0,5165.0,5167.0,1021.0,714770.0,714811.0
2026-07-21 14:35:00,5167.0,5167.0,5166.0,5167.0,213.0,714811.0,714793.0
2026-07-21 14:36:00,5167.0,5167.0,5165.0,5165.0,432.0,714793.0,714777.0
2026-07-21 14:37:00,5165.0,5166.0,5165.0,5166.0,290.0,714777.0,714809.0
2026-07-21 14:38:00,5166.0,5167.0,5165.0,5167.0,409.0,714809.0,714798.0
2026-07-21 14:39:00,5167.0,5168.0,5165.0,5165.0,1597.0,714798.0,714844.0
2026-07-21 14:40:00,5165.0,5166.0,5164.0,5165.0,912.0,714844.0,714761.0
2026-07-21 14:41:00,5165.0,5165.0,5162.0,5163.0,2572.0,714761.0,713865.0
2026-07-21 14:42:00,5163.0,5164.0,5162.0,5163.0,809.0,713865.0,713992.0
2026-07-21 14:43:00,5163.0,5166.0,5163.0,5166.0,822.0,713992.0,713852.0
2026-07-21 14:44:00,5166.0,5167.0,5166.0,5167.0,423.0,713852.0,713914.0
2026-07-21 14:45:00,5167.0,5168.0,5167.0,5167.0,685.0,713914.0,713760.0
2026-07-21 14:46:00,5167.0,5168.0,5167.0,5168.0,685.0,713760.0,713661.0
2026-07-21 14:47:00,5168.0,5169.0,5168.0,5168.0,311.0,713661.0,713654.0
2026-07-21 14:48:00,5168.0,5170.0,5168.0,5169.0,809.0,713654.0,713671.0
2026-07-21 14:49:00,5169.0,5169.0,5167.0,5167.0,469.0,713671.0,713559.0
2026-07-21 14:50:00,5167.0,5168.0,5166.0,5166.0,555.0,713559.0,713608.0
2026-07-21 14:51:00,5166.0,5167.0,5166.0,5167.0,198.0,713608.0,713572.0
2026-07-21 14:52:00,5167.0,5167.0,5166.0,5167.0,183.0,713572.0,713525.0
2026-07-21 14:53:00,5167.0,5169.0,5166.0,5168.0,620.0,713525.0,713417.0
2026-07-21 14:54:00,5168.0,5169.0,5167.0,5168.0,890.0,713417.0,713367.0
2026-07-21 14:55:00,5168.0,5170.0,5168.0,5170.0,933.0,713367.0,712926.0
2026-07-21 14:56:00,5170.0,5170.0,5169.0,5170.0,632.0,712926.0,712813.0
2026-07-21 14:57:00,5170.0,5170.0,5169.0,5169.0,1352.0,712813.0,712964.0
2026-07-21 14:58:00,5169.0,5170.0,5168.0,5169.0,847.0,712964.0,712955.0
2026-07-21 14:59:00,5169.0,5170.0,5167.0,5169.0,2457.0,712955.0,712374.0
2026-07-21 21:00:00,5165.0,5169.0,5162.0,5167.0,6413.0,712374.0,713681.0
2026-07-21 21:01:00,5167.0,5168.0,5160.0,5161.0,3291.0,713681.0,714049.0
2026-07-21 21:02:00,5161.0,5169.0,5161.0,5169.0,3476.0,714049.0,713700.0
2026-07-21 21:03:00,5169.0,5169.0,5165.0,5165.0,1633.0,713700.0,713605.0
2026-07-21 21:04:00,5165.0,5166.0,5164.0,5164.0,1501.0,713605.0,713520.0
2026-07-21 21:05:00,5164.0,5165.0,5163.0,5165.0,1299.0,713520.0,713673.0
2026-07-21 21:06:00,5165.0,5165.0,5161.0,5163.0,2834.0,713673.0,714284.0
2026-07-21 21:07:00,5163.0,5165.0,5162.0,5163.0,2135.0,714284.0,714220.0
2026-07-21 21:08:00,5163.0,5163.0,5161.0,5161.0,1587.0,714220.0,714629.0
2026-07-21 21:09:00,5161.0,5163.0,5161.0,5163.0,1778.0,714629.0,714721.0
2026-07-21 21:10:00,5163.0,5164.0,5161.0,5163.0,1188.0,714721.0,714293.0
2026-07-21 21:11:00,5163.0,5163.0,5162.0,5162.0,544.0,714293.0,714339.0
2026-07-21 21:12:00,5162.0,5164.0,5161.0,5164.0,1082.0,714339.0,714315.0
2026-07-21 21:13:00,5164.0,5165.0,5163.0,5164.0,542.0,714315.0,714408.0
2026-07-21 21:14:00,5164.0,5165.0,5163.0,5165.0,485.0,714408.0,714396.0
2026-07-21 21:15:00,5165.0,5165.0,5163.0,5164.0,588.0,714396.0,714476.0
2026-07-21 21:16:00,5164.0,5166.0,5164.0,5165.0,791.0,714476.0,714420.0
2026-07-21 21:17:00,5165.0,5166.0,5163.0,5163.0,644.0,714420.0,714321.0
2026-07-21 21:18:00,5163.0,5164.0,5163.0,5163.0,469.0,714321.0,714303.0
2026-07-21 21:19:00,5163.0,5165.0,5163.0,5164.0,774.0,714303.0,714338.0
2026-07-21 21:20:00,5164.0,5165.0,5162.0,5162.0,1182.0,714338.0,714508.0
2026-07-21 21:21:00,5162.0,5163.0,5161.0,5162.0,746.0,714508.0,714539.0
2026-07-21 21:22:00,5162.0,5163.0,5161.0,5162.0,442.0,714539.0,714635.0
2026-07-21 21:23:00,5162.0,5165.0,5162.0,5165.0,851.0,714635.0,714756.0
2026-07-21 21:24:00,5165.0,5166.0,5164.0,5165.0,845.0,714756.0,714642.0
2026-07-21 21:25:00,5165.0,5165.0,5163.0,5164.0,533.0,714642.0,714658.0
2026-07-21 21:26:00,5164.0,5164.0,5162.0,5162.0,550.0,714658.0,714517.0
2026-07-21 21:27:00,5162.0,5164.0,5162.0,5163.0,689.0,714517.0,714388.0
2026-07-21 21:28:00,5163.0,5165.0,5163.0,5164.0,379.0,714388.0,714300.0
2026-07-21 21:29:00,5164.0,5165.0,5163.0,5164.0,624.0,714300.0,714220.0
2026-07-21 21:30:00,5164.0,5165.0,5163.0,5163.0,436.0,714220.0,714214.0
2026-07-21 21:31:00,5163.0,5164.0,5163.0,5164.0,303.0,714214.0,714223.0
2026-07-21 21:32:00,5164.0,5165.0,5162.0,5162.0,576.0,714223.0,714209.0
2026-07-21 21:33:00,5162.0,5163.0,5160.0,5160.0,2186.0,714209.0,714264.0
2026-07-21 21:34:00,5160.0,5161.0,5160.0,5160.0,658.0,714264.0,714270.0
2026-07-21 21:35:00,5160.0,5161.0,5160.0,5160.0,753.0,714270.0,714283.0
2026-07-21 21:36:00,5160.0,5162.0,5160.0,5162.0,1524.0,714283.0,714311.0
2026-07-21 21:37:00,5162.0,5164.0,5162.0,5162.0,744.0,714311.0,714451.0
2026-07-21 21:38:00,5162.0,5163.0,5161.0,5161.0,568.0,714451.0,714143.0
2026-07-21 21:39:00,5161.0,5163.0,5161.0,5163.0,254.0,714143.0,714153.0
2026-07-21 21:40:00,5163.0,5164.0,5162.0,5162.0,439.0,714153.0,714320.0
2026-07-21 21:41:00,5162.0,5164.0,5162.0,5163.0,155.0,714320.0,714335.0
2026-07-21 21:42:00,5163.0,5164.0,5163.0,5164.0,281.0,714335.0,714181.0
2026-07-21 21:43:00,5164.0,5167.0,5164.0,5166.0,1109.0,714181.0,714447.0
2026-07-21 21:44:00,5166.0,5167.0,5165.0,5166.0,707.0,714447.0,714411.0
2026-07-21 21:45:00,5166.0,5166.0,5164.0,5164.0,347.0,714411.0,714446.0
2026-07-21 21:46:00,5164.0,5166.0,5164.0,5166.0,271.0,714446.0,714510.0
2026-07-21 21:47:00,5166.0,5169.0,5165.0,5169.0,860.0,714510.0,714578.0
2026-07-21 21:48:00,5169.0,5170.0,5167.0,5169.0,1171.0,714578.0,714850.0
2026-07-21 21:49:00,5169.0,5169.0,5168.0,5168.0,241.0,714850.0,714851.0
2026-07-21 21:50:00,5168.0,5169.0,5166.0,5166.0,620.0,714851.0,714713.0
2026-07-21 21:51:00,5166.0,5168.0,5166.0,5168.0,313.0,714713.0,714601.0
2026-07-21 21:52:00,5168.0,5168.0,5165.0,5165.0,1219.0,714601.0,714284.0
2026-07-21 21:53:00,5165.0,5166.0,5165.0,5166.0,699.0,714284.0,713808.0
2026-07-21 21:54:00,5166.0,5166.0,5165.0,5165.0,214.0,713808.0,713896.0
2026-07-21 21:55:00,5165.0,5167.0,5164.0,5167.0,452.0,713896.0,713833.0
2026-07-21 21:56:00,5167.0,5168.0,5166.0,5166.0,348.0,713833.0,713852.0
2026-07-21 21:57:00,5166.0,5166.0,5165.0,5165.0,335.0,713852.0,713696.0
2026-07-21 21:58:00,5165.0,5166.0,5164.0,5165.0,401.0,713696.0,713822.0
2026-07-21 21:59:00,5165.0,5166.0,5164.0,5165.0,145.0,713822.0,713854.0
2026-07-21 22:00:00,5165.0,5166.0,5164.0,5165.0,349.0,713854.0,713882.0
2026-07-21 22:01:00,5165.0,5165.0,5163.0,5163.0,471.0,713882.0,713896.0
2026-07-21 22:02:00,5163.0,5164.0,5161.0,5161.0,923.0,713896.0,713760.0
2026-07-21 22:03:00,5161.0,5162.0,5159.0,5160.0,2050.0,713760.0,712988.0
2026-07-21 22:04:00,5160.0,5160.0,5158.0,5160.0,1634.0,712988.0,712832.0
2026-07-21 22:05:00,5160.0,5161.0,5159.0,5161.0,894.0,712832.0,712881.0
2026-07-21 22:06:00,5161.0,5162.0,5160.0,5161.0,372.0,712881.0,713020.0
2026-07-21 22:07:00,5161.0,5163.0,5161.0,5162.0,341.0,713020.0,712963.0
2026-07-21 22:08:00,5162.0,5163.0,5161.0,5162.0,314.0,712963.0,712990.0
2026-07-21 22:09:00,5162.0,5163.0,5161.0,5161.0,455.0,712990.0,713133.0
2026-07-21 22:10:00,5161.0,5162.0,5160.0,5161.0,526.0,713133.0,713141.0
2026-07-21 22:11:00,5161.0,5162.0,5161.0,5162.0,263.0,713141.0,713103.0
2026-07-21 22:12:00,5162.0,5162.0,5161.0,5162.0,54.0,713103.0,713103.0
2026-07-21 22:13:00,5162.0,5162.0,5161.0,5162.0,72.0,713103.0,713099.0
2026-07-21 22:14:00,5162.0,5162.0,5161.0,5162.0,158.0,713099.0,713110.0
2026-07-21 22:15:00,5162.0,5164.0,5161.0,5164.0,399.0,713110.0,712980.0
2026-07-21 22:16:00,5164.0,5164.0,5163.0,5163.0,272.0,712980.0,712977.0
2026-07-21 22:17:00,5163.0,5164.0,5162.0,5163.0,311.0,712977.0,713000.0
2026-07-21 22:18:00,5163.0,5163.0,5162.0,5163.0,193.0,713000.0,713027.0
2026-07-21 22:19:00,5163.0,5164.0,5162.0,5162.0,216.0,713027.0,713084.0
2026-07-21 22:20:00,5162.0,5164.0,5162.0,5164.0,135.0,713084.0,713051.0
2026-07-21 22:21:00,5164.0,5164.0,5163.0,5164.0,52.0,713051.0,713050.0
2026-07-21 22:22:00,5164.0,5164.0,5163.0,5163.0,70.0,713050.0,713049.0
2026-07-21 22:23:00,5163.0,5164.0,5162.0,5163.0,225.0,713049.0,712945.0
2026-07-21 22:24:00,5163.0,5164.0,5162.0,5163.0,432.0,712945.0,712776.0
2026-07-21 22:25:00,5163.0,5165.0,5163.0,5163.0,346.0,712776.0,712803.0
2026-07-21 22:26:00,5163.0,5164.0,5163.0,5163.0,100.0,712803.0,712788.0
2026-07-21 22:27:00,5163.0,5165.0,5163.0,5164.0,443.0,712788.0,712586.0
2026-07-21 22:28:00,5164.0,5165.0,5163.0,5164.0,156.0,712586.0,712564.0
2026-07-21 22:29:00,5164.0,5164.0,5162.0,5162.0,315.0,712564.0,712585.0
2026-07-21 22:30:00,5162.0,5163.0,5161.0,5163.0,447.0,712585.0,712702.0
2026-07-21 22:31:00,5163.0,5163.0,5162.0,5162.0,183.0,712702.0,712688.0
2026-07-21 22:32:00,5162.0,5163.0,5161.0,5163.0,266.0,712688.0,712731.0
2026-07-21 22:33:00,5163.0,5165.0,5163.0,5164.0,263.0,712731.0,712553.0
2026-07-21 22:34:00,5164.0,5166.0,5164.0,5165.0,443.0,712553.0,712496.0
2026-07-21 22:35:00,5165.0,5165.0,5164.0,5164.0,238.0,712496.0,712463.0
2026-07-21 22:36:00,5164.0,5164.0,5163.0,5163.0,239.0,712463.0,712465.0
2026-07-21 22:37:00,5163.0,5164.0,5163.0,5163.0,227.0,712465.0,712416.0
2026-07-21 22:38:00,5163.0,5163.0,5162.0,5162.0,97.0,712416.0,712380.0
2026-07-21 22:39:00,5162.0,5164.0,5162.0,5164.0,175.0,712380.0,712408.0
2026-07-21 22:40:00,5164.0,5164.0,5162.0,5163.0,239.0,712408.0,712328.0
2026-07-21 22:41:00,5163.0,5164.0,5162.0,5164.0,435.0,712328.0,712320.0
2026-07-21 22:42:00,5164.0,5164.0,5163.0,5163.0,110.0,712320.0,712334.0
2026-07-21 22:43:00,5163.0,5164.0,5163.0,5164.0,84.0,712334.0,712284.0
2026-07-21 22:44:00,5164.0,5164.0,5163.0,5163.0,246.0,712284.0,712316.0
2026-07-21 22:45:00,5163.0,5165.0,5163.0,5165.0,197.0,712316.0,712265.0
2026-07-21 22:46:00,5165.0,5165.0,5164.0,5164.0,104.0,712265.0,712235.0
2026-07-21 22:47:00,5164.0,5165.0,5164.0,5165.0,94.0,712235.0,712275.0
2026-07-21 22:48:00,5165.0,5165.0,5163.0,5165.0,310.0,712275.0,712148.0
2026-07-21 22:49:00,5165.0,5165.0,5164.0,5165.0,153.0,712148.0,712234.0
2026-07-21 22:50:00,5165.0,5165.0,5164.0,5165.0,367.0,712234.0,712027.0
2026-07-21 22:51:00,5165.0,5167.0,5164.0,5167.0,1460.0,712027.0,711407.0
2026-07-21 22:52:00,5167.0,5167.0,5165.0,5167.0,507.0,711407.0,711446.0
2026-07-21 22:53:00,5167.0,5167.0,5166.0,5167.0,92.0,711446.0,711456.0
2026-07-21 22:54:00,5167.0,5167.0,5166.0,5166.0,366.0,711456.0,711473.0
2026-07-21 22:55:00,5166.0,5167.0,5166.0,5167.0,344.0,711473.0,711274.0
2026-07-21 22:56:00,5167.0,5167.0,5166.0,5166.0,120.0,711274.0,711242.0
2026-07-21 22:57:00,5166.0,5167.0,5165.0,5165.0,213.0,711242.0,711172.0
2026-07-21 22:58:00,5165.0,5166.0,5165.0,5165.0,378.0,711172.0,711046.0
2026-07-21 22:59:00,5165.0,5166.0,5163.0,5163.0,826.0,711046.0,710682.0
2026-07-22 09:00:00,5163.0,5167.0,5163.0,5166.0,3787.0,710682.0,710673.0
2026-07-22 09:01:00,5166.0,5169.0,5165.0,5166.0,1524.0,710673.0,710840.0
2026-07-22 09:02:00,5166.0,5167.0,5164.0,5167.0,1049.0,710840.0,710996.0
2026-07-22 09:03:00,5167.0,5170.0,5167.0,5168.0,1500.0,710996.0,711075.0
2026-07-22 09:04:00,5168.0,5169.0,5167.0,5168.0,911.0,711075.0,711053.0
2026-07-22 09:05:00,5168.0,5172.0,5168.0,5170.0,2632.0,711053.0,711016.0
2026-07-22 09:06:00,5170.0,5172.0,5169.0,5172.0,1490.0,711016.0,710924.0
2026-07-22 09:07:00,5172.0,5175.0,5171.0,5174.0,4714.0,710924.0,711116.0
2026-07-22 09:08:00,5174.0,5174.0,5172.0,5174.0,1589.0,711116.0,711328.0
2026-07-22 09:09:00,5174.0,5176.0,5173.0,5175.0,3156.0,711328.0,711931.0
2026-07-22 09:10:00,5175.0,5177.0,5174.0,5176.0,1038.0,711931.0,711767.0
2026-07-22 09:11:00,5176.0,5178.0,5176.0,5176.0,1059.0,711767.0,711743.0
2026-07-22 09:12:00,5176.0,5177.0,5174.0,5175.0,1410.0,711743.0,711850.0
2026-07-22 09:13:00,5175.0,5177.0,5174.0,5176.0,1244.0,711850.0,711701.0
2026-07-22 09:14:00,5176.0,5178.0,5175.0,5177.0,1612.0,711701.0,711651.0
2026-07-22 09:15:00,5177.0,5178.0,5176.0,5176.0,1428.0,711651.0,711331.0
2026-07-22 09:16:00,5176.0,5179.0,5174.0,5174.0,2642.0,711331.0,711324.0
2026-07-22 09:17:00,5174.0,5176.0,5173.0,5174.0,1031.0,711324.0,711132.0
2026-07-22 09:18:00,5174.0,5174.0,5173.0,5174.0,527.0,711132.0,711016.0
2026-07-22 09:19:00,5174.0,5174.0,5172.0,5173.0,1138.0,711016.0,711132.0
2026-07-22 09:20:00,5173.0,5174.0,5171.0,5174.0,1127.0,711132.0,711118.0
2026-07-22 09:21:00,5174.0,5174.0,5173.0,5174.0,538.0,711118.0,710940.0
2026-07-22 09:22:00,5174.0,5175.0,5173.0,5174.0,597.0,710940.0,710828.0
2026-07-22 09:23:00,5174.0,5176.0,5173.0,5175.0,771.0,710828.0,710616.0
2026-07-22 09:24:00,5175.0,5175.0,5172.0,5173.0,987.0,710616.0,710360.0
2026-07-22 09:25:00,5173.0,5174.0,5172.0,5173.0,887.0,710360.0,710064.0
2026-07-22 09:26:00,5173.0,5174.0,5169.0,5169.0,2017.0,710064.0,709724.0
2026-07-22 09:27:00,5169.0,5171.0,5168.0,5171.0,1406.0,709724.0,709555.0
2026-07-22 09:28:00,5171.0,5174.0,5170.0,5172.0,1086.0,709555.0,709314.0
2026-07-22 09:29:00,5172.0,5174.0,5172.0,5174.0,592.0,709314.0,709401.0
2026-07-22 09:30:00,5174.0,5174.0,5173.0,5174.0,783.0,709401.0,709250.0
2026-07-22 09:31:00,5174.0,5176.0,5173.0,5174.0,1151.0,709250.0,709005.0
2026-07-22 09:32:00,5174.0,5175.0,5173.0,5174.0,592.0,709005.0,708897.0
2026-07-22 09:33:00,5174.0,5175.0,5173.0,5175.0,384.0,708897.0,708838.0
2026-07-22 09:34:00,5175.0,5177.0,5174.0,5176.0,1324.0,708838.0,708482.0
2026-07-22 09:35:00,5176.0,5176.0,5174.0,5175.0,439.0,708482.0,708360.0
2026-07-22 09:36:00,5175.0,5175.0,5174.0,5174.0,273.0,708360.0,708303.0
2026-07-22 09:37:00,5174.0,5176.0,5174.0,5175.0,529.0,708303.0,708370.0
2026-07-22 09:38:00,5175.0,5176.0,5174.0,5175.0,592.0,708370.0,708312.0
2026-07-22 09:39:00,5175.0,5175.0,5174.0,5175.0,524.0,708312.0,708203.0
2026-07-22 09:40:00,5175.0,5177.0,5175.0,5176.0,1065.0,708203.0,707971.0
2026-07-22 09:41:00,5176.0,5176.0,5174.0,5174.0,687.0,707971.0,707995.0
2026-07-22 09:42:00,5174.0,5176.0,5174.0,5174.0,537.0,707995.0,707964.0
2026-07-22 09:43:00,5174.0,5176.0,5174.0,5175.0,327.0,707964.0,707855.0
2026-07-22 09:44:00,5175.0,5176.0,5175.0,5175.0,142.0,707855.0,707789.0
2026-07-22 09:45:00,5175.0,5177.0,5175.0,5177.0,590.0,707789.0,707647.0
2026-07-22 09:46:00,5177.0,5177.0,5175.0,5175.0,441.0,707647.0,707537.0
2026-07-22 09:47:00,5175.0,5176.0,5175.0,5176.0,673.0,707537.0,707340.0
2026-07-22 09:48:00,5176.0,5177.0,5175.0,5177.0,614.0,707340.0,707227.0
2026-07-22 09:49:00,5177.0,5178.0,5174.0,5174.0,1136.0,707227.0,707263.0
2026-07-22 09:50:00,5174.0,5176.0,5174.0,5175.0,727.0,707263.0,707227.0
2026-07-22 09:51:00,5175.0,5176.0,5175.0,5176.0,444.0,707227.0,707117.0
2026-07-22 09:52:00,5176.0,5177.0,5175.0,5177.0,1066.0,707117.0,706524.0
2026-07-22 09:53:00,5177.0,5181.0,5176.0,5181.0,3739.0,706524.0,706121.0
2026-07-22 09:54:00,5181.0,5181.0,5178.0,5179.0,1245.0,706121.0,705861.0
2026-07-22 09:55:00,5179.0,5179.0,5176.0,5176.0,968.0,705861.0,705631.0
2026-07-22 09:56:00,5176.0,5177.0,5176.0,5177.0,176.0,705631.0,705560.0
2026-07-22 09:57:00,5177.0,5177.0,5175.0,5175.0,1273.0,705560.0,705537.0
2026-07-22 09:58:00,5175.0,5176.0,5174.0,5174.0,513.0,705537.0,705466.0
2026-07-22 09:59:00,5174.0,5175.0,5173.0,5174.0,1360.0,705466.0,705209.0
2026-07-22 10:00:00,5174.0,5175.0,5173.0,5175.0,1144.0,705209.0,705046.0
2026-07-22 10:01:00,5175.0,5175.0,5170.0,5170.0,3091.0,705046.0,704397.0
2026-07-22 10:02:00,5170.0,5171.0,5166.0,5167.0,3060.0,704397.0,704455.0
2026-07-22 10:03:00,5167.0,5168.0,5166.0,5168.0,1763.0,704455.0,704565.0
2026-07-22 10:04:00,5168.0,5169.0,5167.0,5167.0,1074.0,704565.0,704737.0
2026-07-22 10:05:00,5167.0,5168.0,5164.0,5164.0,2917.0,704737.0,705086.0
2026-07-22 10:06:00,5164.0,5165.0,5164.0,5165.0,1309.0,705086.0,705354.0
2026-07-22 10:07:00,5165.0,5165.0,5163.0,5163.0,1399.0,705354.0,705550.0
2026-07-22 10:08:00,5163.0,5166.0,5162.0,5166.0,2188.0,705550.0,705142.0
2026-07-22 10:09:00,5166.0,5167.0,5165.0,5167.0,877.0,705142.0,705120.0
2026-07-22 10:10:00,5167.0,5168.0,5166.0,5167.0,616.0,705120.0,705089.0
2026-07-22 10:11:00,5167.0,5168.0,5166.0,5167.0,610.0,705089.0,705097.0
2026-07-22 10:12:00,5167.0,5167.0,5162.0,5164.0,1357.0,705097.0,705299.0
2026-07-22 10:13:00,5164.0,5164.0,5163.0,5164.0,374.0,705299.0,705310.0
2026-07-22 10:14:00,5164.0,5165.0,5163.0,5164.0,375.0,705310.0,705248.0
2026-07-22 10:30:00,5164.0,5165.0,5163.0,5165.0,1215.0,705248.0,704991.0
2026-07-22 10:31:00,5165.0,5165.0,5162.0,5162.0,1298.0,704991.0,705336.0
2026-07-22 10:32:00,5162.0,5164.0,5162.0,5162.0,1937.0,705336.0,705468.0
2026-07-22 10:33:00,5162.0,5163.0,5161.0,5162.0,565.0,705468.0,705411.0
2026-07-22 10:34:00,5162.0,5163.0,5160.0,5160.0,2142.0,705411.0,705670.0
2026-07-22 10:35:00,5160.0,5162.0,5160.0,5160.0,1020.0,705670.0,705498.0
2026-07-22 10:36:00,5160.0,5161.0,5159.0,5160.0,1300.0,705498.0,705488.0
2026-07-22 10:37:00,5160.0,5161.0,5158.0,5160.0,1462.0,705488.0,705493.0
2026-07-22 10:38:00,5160.0,5160.0,5158.0,5158.0,1244.0,705493.0,705706.0
2026-07-22 10:39:00,5158.0,5159.0,5155.0,5157.0,3224.0,705706.0,705811.0
2026-07-22 10:40:00,5157.0,5159.0,5156.0,5159.0,1023.0,705811.0,705850.0
2026-07-22 10:41:00,5159.0,5160.0,5158.0,5159.0,710.0,705850.0,705776.0
2026-07-22 10:42:00,5159.0,5160.0,5156.0,5156.0,2161.0,705776.0,705456.0
2026-07-22 10:43:00,5156.0,5157.0,5156.0,5157.0,949.0,705456.0,705384.0
2026-07-22 10:44:00,5157.0,5159.0,5157.0,5158.0,496.0,705384.0,705396.0
2026-07-22 10:45:00,5158.0,5160.0,5158.0,5160.0,747.0,705396.0,705424.0
2026-07-22 10:46:00,5160.0,5160.0,5159.0,5160.0,712.0,705424.0,705371.0
2026-07-22 10:47:00,5160.0,5161.0,5159.0,5161.0,675.0,705371.0,705346.0
2026-07-22 10:48:00,5161.0,5161.0,5159.0,5159.0,863.0,705346.0,705438.0
2026-07-22 10:49:00,5159.0,5161.0,5158.0,5160.0,760.0,705438.0,705468.0
2026-07-22 10:50:00,5160.0,5161.0,5159.0,5160.0,631.0,705468.0,705403.0
2026-07-22 10:51:00,5160.0,5162.0,5159.0,5160.0,751.0,705403.0,705267.0
2026-07-22 10:52:00,5160.0,5162.0,5159.0,5162.0,522.0,705267.0,705199.0
2026-07-22 10:53:00,5162.0,5164.0,5161.0,5164.0,861.0,705199.0,704968.0
2026-07-22 10:54:00,5164.0,5165.0,5163.0,5164.0,1702.0,704968.0,704879.0
2026-07-22 10:55:00,5164.0,5165.0,5163.0,5165.0,583.0,704879.0,704797.0
2026-07-22 10:56:00,5165.0,5166.0,5164.0,5165.0,851.0,704797.0,704475.0
2026-07-22 10:57:00,5165.0,5165.0,5164.0,5164.0,596.0,704475.0,704311.0
2026-07-22 10:58:00,5164.0,5165.0,5161.0,5163.0,1255.0,704311.0,704081.0
2026-07-22 10:59:00,5163.0,5164.0,5162.0,5163.0,658.0,704081.0,703885.0
2026-07-22 11:00:00,5163.0,5165.0,5162.0,5164.0,366.0,703885.0,703736.0
2026-07-22 11:01:00,5164.0,5166.0,5163.0,5164.0,844.0,703736.0,703637.0
2026-07-22 11:02:00,5164.0,5165.0,5163.0,5163.0,536.0,703637.0,703580.0
2026-07-22 11:03:00,5163.0,5163.0,5161.0,5162.0,891.0,703580.0,703502.0
2026-07-22 11:04:00,5162.0,5164.0,5162.0,5163.0,670.0,703502.0,703391.0
2026-07-22 11:05:00,5163.0,5165.0,5162.0,5163.0,641.0,703391.0,703220.0
2026-07-22 11:06:00,5163.0,5165.0,5163.0,5164.0,456.0,703220.0,703201.0
2026-07-22 11:07:00,5164.0,5166.0,5164.0,5164.0,1001.0,703201.0,703111.0
2026-07-22 11:08:00,5164.0,5165.0,5164.0,5164.0,364.0,703111.0,703003.0
2026-07-22 11:09:00,5164.0,5166.0,5164.0,5165.0,623.0,703003.0,702848.0
2026-07-22 11:10:00,5165.0,5167.0,5165.0,5166.0,1485.0,702848.0,702678.0
2026-07-22 11:11:00,5166.0,5167.0,5165.0,5165.0,482.0,702678.0,702563.0
2026-07-22 11:12:00,5165.0,5166.0,5164.0,5165.0,208.0,702563.0,702504.0
2026-07-22 11:13:00,5165.0,5167.0,5165.0,5167.0,472.0,702504.0,702472.0
2026-07-22 11:14:00,5167.0,5168.0,5166.0,5167.0,620.0,702472.0,702437.0
2026-07-22 11:15:00,5167.0,5168.0,5165.0,5166.0,1198.0,702437.0,702144.0
2026-07-22 11:16:00,5166.0,5167.0,5165.0,5166.0,662.0,702144.0,701952.0
2026-07-22 11:17:00,5166.0,5167.0,5166.0,5167.0,450.0,701952.0,701780.0
2026-07-22 11:18:00,5167.0,5167.0,5166.0,5167.0,363.0,701780.0,701751.0
2026-07-22 11:19:00,5167.0,5167.0,5165.0,5167.0,585.0,701751.0,701501.0
2026-07-22 11:20:00,5167.0,5168.0,5166.0,5167.0,464.0,701501.0,701470.0
