time,open,high,low,close,volume,open_oi,close_oi
2025-09-12 21:00:00,5272.0,5272.0,5272.0,5272.0,5.0,0.0,5.0
2025-09-12 21:30:00,5272.0,5296.0,5259.0,5296.0,17.0,5.0,14.0
2025-09-12 22:00:00,5296.0,5296.0,5267.0,5278.0,4.0,14.0,16.0
2025-09-12 22:30:00,5278.0,5286.0,5266.0,5274.0,22.0,16.0,29.0
2025-09-15 09:00:00,5274.0,5314.0,5274.0,5314.0,22.0,29.0,44.0
2025-09-15 09:30:00,5314.0,5325.0,5310.0,5310.0,13.0,44.0,52.0
2025-09-15 10:00:00,5310.0,5315.0,5310.0,5315.0,2.0,52.0,54.0
2025-09-15 10:30:00,5315.0,5315.0,5302.0,5309.0,11.0,54.0,55.0
2025-09-15 11:00:00,5309.0,5338.0,5309.0,5338.0,48.0,55.0,95.0
2025-09-15 13:30:00,5326.0,5344.0,5311.0,5326.0,89.0,95.0,94.0
2025-09-15 14:00:00,5326.0,5329.0,5324.0,5324.0,13.0,94.0,99.0
2025-09-15 14:30:00,5324.0,5330.0,5320.0,5330.0,9.0,99.0,107.0
2025-09-15 21:00:00,5349.0,5420.0,5344.0,5412.0,233.0,107.0,158.0
2025-09-15 21:30:00,5412.0,5412.0,5387.0,5400.0,21.0,158.0,165.0
2025-09-15 22:00:00,5400.0,5400.0,5393.0,5393.0,2.0,165.0,166.0
2025-09-15 22:30:00,5393.0,5420.0,5393.0,5413.0,27.0,166.0,184.0
2025-09-16 09:00:00,5413.0,5413.0,5387.0,5387.0,26.0,184.0,198.0
2025-09-16 09:30:00,5387.0,5392.0,5369.0,5369.0,11.0,198.0,198.0
2025-09-16 10:00:00,5369.0,5381.0,5369.0,5380.0,31.0,198.0,222.0
2025-09-16 10:30:00,5380.0,5381.0,5374.0,5374.0,6.0,222.0,222.0
2025-09-16 11:00:00,5374.0,5374.0,5367.0,5372.0,17.0,222.0,227.0
2025-09-16 13:30:00,5372.0,5386.0,5372.0,5386.0,16.0,227.0,239.0
2025-09-16 14:00:00,5386.0,5390.0,5372.0,5372.0,19.0,239.0,254.0
2025-09-16 14:30:00,5372.0,5375.0,5371.0,5373.0,6.0,254.0,255.0
2025-09-16 21:00:00,5373.0,5390.0,5373.0,5379.0,35.0,255.0,283.0
2025-09-16 21:30:00,5379.0,5380.0,5375.0,5376.0,14.0,283.0,297.0
2025-09-16 22:00:00,5376.0,5381.0,5376.0,5381.0,4.0,297.0,299.0
2025-09-16 22:30:00,5381.0,5391.0,5381.0,5391.0,12.0,299.0,310.0
2025-09-17 09:00:00,5391.0,5391.0,5380.0,5380.0,60.0,310.0,326.0
2025-09-17 09:30:00,5380.0,5382.0,5377.0,5379.0,77.0,326.0,368.0
2025-09-17 10:00:00,5379.0,5379.0,5370.0,5376.0,23.0,368.0,362.0
2025-09-17 10:30:00,5376.0,5388.0,5376.0,5388.0,119.0,362.0,402.0
2025-09-17 11:00:00,5388.0,5394.0,5385.0,5390.0,30.0,402.0,428.0
2025-09-17 13:30:00,5390.0,5395.0,5388.0,5393.0,44.0,428.0,451.0
2025-09-17 14:00:00,5393.0,5394.0,5375.0,5383.0,29.0,451.0,460.0
2025-09-17 14:30:00,5383.0,5385.0,5381.0,5385.0,37.0,460.0,475.0
2025-09-17 21:00:00,5393.0,5402.0,5373.0,5384.0,111.0,475.0,507.0
2025-09-17 21:30:00,5384.0,5387.0,5378.0,5378.0,42.0,507.0,531.0
2025-09-17 22:00:00,5378.0,5383.0,5378.0,5383.0,33.0,531.0,531.0
2025-09-17 22:30:00,5383.0,5385.0,5380.0,5385.0,20.0,531.0,533.0
2025-09-18 09:00:00,5380.0,5380.0,5357.0,5362.0,50.0,533.0,539.0
2025-09-18 09:30:00,5362.0,5370.0,5362.0,5370.0,8.0,539.0,540.0
2025-09-18 10:00:00,5370.0,5370.0,5367.0,5367.0,20.0,540.0,558.0
2025-09-18 10:30:00,5367.0,5370.0,5345.0,5351.0,25.0,558.0,568.0
2025-09-18 11:00:00,5351.0,5351.0,5344.0,5344.0,8.0,568.0,564.0
2025-09-18 13:30:00,5344.0,5348.0,5339.0,5340.0,24.0,564.0,566.0
2025-09-18 14:00:00,5340.0,5344.0,5332.0,5340.0,11.0,566.0,565.0
2025-09-18 14:30:00,5340.0,5350.0,5340.0,5347.0,38.0,565.0,582.0
2025-09-18 21:00:00,5347.0,5376.0,5340.0,5371.0,130.0,582.0,663.0
2025-09-18 21:30:00,5371.0,5381.0,5367.0,5370.0,75.0,663.0,728.0
2025-09-18 22:00:00,5370.0,5384.0,5370.0,5384.0,99.0,728.0,794.0
2025-09-18 22:30:00,5384.0,5384.0,5364.0,5370.0,9.0,794.0,795.0
2025-09-19 09:00:00,5370.0,5383.0,5367.0,5379.0,74.0,795.0,799.0
2025-09-19 09:30:00,5379.0,5394.0,5379.0,5390.0,20.0,799.0,814.0
2025-09-19 10:00:00,5390.0,5390.0,5385.0,5385.0,2.0,814.0,814.0
2025-09-19 10:30:00,5385.0,5387.0,5380.0,5384.0,11.0,814.0,810.0
2025-09-19 11:00:00,5384.0,5384.0,5378.0,5378.0,7.0,810.0,812.0
2025-09-19 13:30:00,5378.0,5378.0,5369.0,5373.0,17.0,812.0,809.0
2025-09-19 14:00:00,5373.0,5386.0,5373.0,5382.0,32.0,809.0,813.0
2025-09-19 14:30:00,5382.0,5386.0,5371.0,5371.0,11.0,813.0,816.0
2025-09-19 21:00:00,5391.0,5402.0,5389.0,5392.0,73.0,816.0,862.0
2025-09-19 21:30:00,5392.0,5395.0,5388.0,5391.0,8.0,862.0,864.0
2025-09-19 22:00:00,5391.0,5391.0,5389.0,5389.0,8.0,864.0,871.0
2025-09-19 22:30:00,5389.0,5389.0,5385.0,5388.0,12.0,871.0,873.0
2025-09-22 09:00:00,5388.0,5400.0,5385.0,5400.0,212.0,873.0,983.0
2025-09-22 09:30:00,5400.0,5400.0,5394.0,5394.0,380.0,983.0,1321.0
2025-09-22 10:00:00,5394.0,5394.0,5373.0,5373.0,24.0,1321.0,1316.0
2025-09-22 10:30:00,5373.0,5375.0,5354.0,5355.0,90.0,1316.0,1281.0
2025-09-22 11:00:00,5355.0,5363.0,5350.0,5350.0,64.0,1281.0,1268.0
2025-09-22 13:30:00,5350.0,5358.0,5349.0,5351.0,45.0,1268.0,1243.0
2025-09-22 14:00:00,5351.0,5361.0,5342.0,5361.0,56.0,1243.0,1214.0
2025-09-22 14:30:00,5361.0,5363.0,5354.0,5359.0,50.0,1214.0,1205.0
2025-09-22 21:00:00,5352.0,5360.0,5339.0,5340.0,170.0,1205.0,1237.0
2025-09-22 21:30:00,5340.0,5349.0,5337.0,5346.0,97.0,1237.0,1258.0
2025-09-22 22:00:00,5346.0,5346.0,5345.0,5345.0,1.0,1258.0,1259.0
2025-09-22 22:30:00,5345.0,5345.0,5318.0,5330.0,50.0,1259.0,1272.0
2025-09-23 09:00:00,5330.0,5348.0,5326.0,5348.0,91.0,1272.0,1239.0
2025-09-23 09:30:00,5348.0,5350.0,5331.0,5331.0,10.0,1239.0,1238.0
2025-09-23 10:00:00,5331.0,5331.0,5318.0,5325.0,18.0,1238.0,1241.0
2025-09-23 10:30:00,5325.0,5335.0,5309.0,5325.0,101.0,1241.0,1222.0
2025-09-23 11:00:00,5325.0,5332.0,5315.0,5315.0,22.0,1222.0,1230.0
2025-09-23 13:30:00,5315.0,5323.0,5305.0,5317.0,76.0,1230.0,1245.0
2025-09-23 14:00:00,5317.0,5320.0,5312.0,5319.0,33.0,1245.0,1237.0
2025-09-23 14:30:00,5319.0,5320.0,5311.0,5311.0,52.0,1237.0,1257.0
2025-09-23 21:00:00,5309.0,5310.0,5291.0,5291.0,250.0,1257.0,1430.0
2025-09-23 21:30:00,5291.0,5310.0,5291.0,5310.0,13.0,1430.0,1428.0
2025-09-23 22:00:00,5310.0,5314.0,5309.0,5314.0,16.0,1428.0,1439.0
2025-09-23 22:30:00,5314.0,5314.0,5310.0,5310.0,5.0,1439.0,1441.0
2025-09-24 09:00:00,5310.0,5321.0,5307.0,5316.0,448.0,1441.0,1415.0
2025-09-24 09:30:00,5316.0,5322.0,5316.0,5322.0,14.0,1415.0,1424.0
2025-09-24 10:00:00,5322.0,5324.0,5320.0,5324.0,20.0,1424.0,1423.0
2025-09-24 10:30:00,5324.0,5329.0,5314.0,5329.0,17.0,1423.0,1413.0
2025-09-24 11:00:00,5329.0,5332.0,5323.0,5323.0,54.0,1413.0,1424.0
2025-09-24 13:30:00,5323.0,5352.0,5323.0,5345.0,233.0,1424.0,1503.0
2025-09-24 14:00:00,5345.0,5378.0,5345.0,5370.0,186.0,1503.0,1601.0
2025-09-24 14:30:00,5370.0,5370.0,5341.0,5345.0,51.0,1601.0,1583.0
2025-09-24 21:00:00,5344.0,5365.0,5344.0,5362.0,196.0,1583.0,1477.0
2025-09-24 21:30:00,5362.0,5363.0,5358.0,5359.0,11.0,1477.0,1471.0
2025-09-24 22:00:00,5359.0,5359.0,5355.0,5355.0,10.0,1471.0,1473.0
2025-09-24 22:30:00,5355.0,5358.0,5351.0,5351.0,14.0,1473.0,1477.0
2025-09-25 09:00:00,5357.0,5357.0,5339.0,5351.0,313.0,1477.0,1347.0
2025-09-25 09:30:00,5351.0,5358.0,5347.0,5347.0,150.0,1347.0,1275.0
2025-09-25 10:00:00,5347.0,5358.0,5347.0,5358.0,8.0,1275.0,1278.0
2025-09-25 10:30:00,5358.0,5367.0,5354.0,5360.0,109.0,1278.0,1307.0
2025-09-25 11:00:00,5360.0,5370.0,5360.0,5366.0,34.0,1307.0,1316.0
2025-09-25 13:30:00,5366.0,5373.0,5361.0,5366.0,39.0,1316.0,1316.0
2025-09-25 14:00:00,5366.0,5372.0,5365.0,5370.0,65.0,1316.0,1284.0
2025-09-25 14:30:00,5370.0,5372.0,5363.0,5369.0,28.0,1284.0,1270.0
2025-09-25 21:00:00,5350.0,5350.0,5334.0,5342.0,57.0,1270.0,1252.0
2025-09-25 21:30:00,5342.0,5345.0,5335.0,5341.0,121.0,1252.0,1196.0
2025-09-25 22:00:00,5341.0,5345.0,5341.0,5345.0,19.0,1196.0,1213.0
2025-09-25 22:30:00,5345.0,5349.0,5345.0,5346.0,10.0,1213.0,1220.0
2025-09-26 09:00:00,5346.0,5350.0,5324.0,5328.0,157.0,1220.0,1099.0
2025-09-26 09:30:00,5328.0,5332.0,5323.0,5332.0,17.0,1099.0,1092.0
2025-09-26 10:00:00,5332.0,5336.0,5332.0,5336.0,9.0,1092.0,1088.0
2025-09-26 10:30:00,5336.0,5350.0,5335.0,5350.0,90.0,1088.0,1096.0
2025-09-26 11:00:00,5350.0,5354.0,5348.0,5350.0,98.0,1096.0,1145.0
2025-09-26 13:30:00,5350.0,5352.0,5340.0,5340.0,222.0,1145.0,1070.0
2025-09-26 14:00:00,5340.0,5346.0,5335.0,5335.0,45.0,1070.0,1052.0
2025-09-26 14:30:00,5335.0,5335.0,5327.0,5330.0,69.0,1052.0,1025.0
2025-09-26 21:00:00,5336.0,5341.0,5312.0,5341.0,141.0,1025.0,1030.0
2025-09-26 21:30:00,5341.0,5341.0,5324.0,5327.0,41.0,1030.0,1062.0
2025-09-26 22:00:00,5327.0,5331.0,5326.0,5326.0,134.0,1062.0,1090.0
2025-09-26 22:30:00,5326.0,5337.0,5326.0,5329.0,265.0,1090.0,1088.0
2025-09-29 09:00:00,5329.0,5334.0,5315.0,5317.0,62.0,1088.0,1076.0
2025-09-29 09:30:00,5317.0,5332.0,5317.0,5332.0,21.0,1076.0,1069.0
2025-09-29 10:00:00,5332.0,5333.0,5329.0,5329.0,52.0,1069.0,1084.0
2025-09-29 10:30:00,5329.0,5336.0,5329.0,5335.0,49.0,1084.0,1098.0
2025-09-29 11:00:00,5335.0,5342.0,5335.0,5342.0,64.0,1098.0,1134.0
2025-09-29 13:30:00,5342.0,5349.0,5339.0,5343.0,58.0,1134.0,1171.0
2025-09-29 14:00:00,5343.0,5345.0,5334.0,5340.0,67.0,1171.0,1150.0
2025-09-29 14:30:00,5340.0,5340.0,5334.0,5335.0,172.0,1150.0,1113.0
2025-09-29 21:00:00,5335.0,5335.0,5305.0,5312.0,228.0,1113.0,1181.0
2025-09-29 21:30:00,5312.0,5322.0,5312.0,5314.0,110.0,1181.0,1217.0
2025-09-29 22:00:00,5314.0,5322.0,5314.0,5319.0,55.0,1217.0,1239.0
2025-09-29 22:30:00,5319.0,5324.0,5315.0,5315.0,9.0,1239.0,1241.0
2025-09-30 09:00:00,5315.0,5317.0,5307.0,5313.0,168.0,1241.0,1233.0
2025-09-30 09:30:00,5313.0,5314.0,5291.0,5299.0,138.0,1233.0,1276.0
2025-09-30 10:00:00,5299.0,5303.0,5298.0,5298.0,2.0,1276.0,1275.0
2025-09-30 10:30:00,5298.0,5300.0,5291.0,5300.0,89.0,1275.0,1284.0
2025-09-30 11:00:00,5300.0,5300.0,5294.0,5294.0,10.0,1284.0,1288.0
2025-09-30 13:30:00,5294.0,5304.0,5294.0,5304.0,13.0,1288.0,1288.0
2025-09-30 14:00:00,5304.0,5304.0,5293.0,5299.0,53.0,1288.0,1285.0
2025-09-30 14:30:00,5299.0,5303.0,5293.0,5293.0,12.0,1285.0,1282.0
2025-10-09 09:00:00,5293.0,5293.0,5211.0,5217.0,773.0,1282.0,1521.0
2025-10-09 09:30:00,5217.0,5226.0,5199.0,5213.0,114.0,1521.0,1570.0
2025-10-09 10:00:00,5213.0,5223.0,5210.0,5220.0,92.0,1570.0,1650.0
2025-10-09 10:30:00,5220.0,5224.0,5199.0,5199.0,48.0,1650.0,1638.0
2025-10-09 11:00:00,5199.0,5204.0,5192.0,5192.0,40.0,1638.0,1671.0
2025-10-09 13:30:00,5192.0,5213.0,5192.0,5213.0,149.0,1671.0,1812.0
2025-10-09 14:00:00,5213.0,5235.0,5213.0,5235.0,24.0,1812.0,1814.0
2025-10-09 14:30:00,5235.0,5239.0,5231.0,5238.0,34.0,1814.0,1818.0
2025-10-09 21:00:00,5240.0,5260.0,5240.0,5250.0,174.0,1818.0,1938.0
2025-10-09 21:30:00,5250.0,5250.0,5225.0,5225.0,52.0,1938.0,1956.0
2025-10-09 22:00:00,5225.0,5229.0,5225.0,5226.0,17.0,1956.0,1953.0
2025-10-09 22:30:00,5226.0,5233.0,5225.0,5228.0,26.0,1953.0,1956.0
2025-10-10 09:00:00,5228.0,5228.0,5212.0,5219.0,62.0,1956.0,1970.0
2025-10-10 09:30:00,5219.0,5219.0,5202.0,5210.0,42.0,1970.0,1970.0
2025-10-10 10:00:00,5210.0,5210.0,5202.0,5202.0,54.0,1970.0,1987.0
2025-10-10 10:30:00,5202.0,5208.0,5196.0,5196.0,59.0,1987.0,2002.0
2025-10-10 11:00:00,5196.0,5200.0,5192.0,5196.0,94.0,2002.0,1954.0
2025-10-10 13:30:00,5196.0,5202.0,5192.0,5202.0,126.0,1954.0,1958.0
2025-10-10 14:00:00,5202.0,5203.0,5190.0,5194.0,53.0,1958.0,1972.0
2025-10-10 14:30:00,5194.0,5196.0,5185.0,5193.0,120.0,1972.0,2030.0
2025-10-10 21:00:00,5194.0,5194.0,5170.0,5175.0,187.0,2030.0,2060.0
2025-10-10 21:30:00,5175.0,5190.0,5175.0,5180.0,104.0,2060.0,2076.0
2025-10-10 22:00:00,5180.0,5186.0,5171.0,5171.0,32.0,2076.0,2083.0
2025-10-10 22:30:00,5171.0,5181.0,5170.0,5176.0,98.0,2083.0,2089.0
2025-10-13 09:00:00,5140.0,5187.0,5140.0,5179.0,268.0,2089.0,2143.0
2025-10-13 09:30:00,5179.0,5190.0,5179.0,5186.0,55.0,2143.0,2165.0
2025-10-13 10:00:00,5186.0,5186.0,5176.0,5180.0,5.0,2165.0,2168.0
2025-10-13 10:30:00,5180.0,5191.0,5175.0,5175.0,110.0,2168.0,2211.0
2025-10-13 11:00:00,5175.0,5181.0,5168.0,5168.0,39.0,2211.0,2236.0
2025-10-13 13:30:00,5168.0,5180.0,5168.0,5180.0,7.0,2236.0,2237.0
2025-10-13 14:00:00,5180.0,5180.0,5174.0,5180.0,22.0,2237.0,2246.0
2025-10-13 14:30:00,5180.0,5184.0,5174.0,5175.0,22.0,2246.0,2262.0
2025-10-13 21:00:00,5162.0,5175.0,5155.0,5155.0,136.0,2262.0,2318.0
2025-10-13 21:30:00,5155.0,5161.0,5141.0,5150.0,155.0,2318.0,2403.0
2025-10-13 22:00:00,5150.0,5150.0,5132.0,5137.0,94.0,2403.0,2431.0
2025-10-13 22:30:00,5137.0,5138.0,5125.0,5125.0,30.0,2431.0,2436.0
2025-10-14 09:00:00,5125.0,5135.0,5122.0,5130.0,270.0,2436.0,2477.0
2025-10-14 09:30:00,5130.0,5132.0,5123.0,5130.0,187.0,2477.0,2496.0
2025-10-14 10:00:00,5130.0,5131.0,5120.0,5126.0,32.0,2496.0,2500.0
2025-10-14 10:30:00,5126.0,5129.0,5121.0,5121.0,58.0,2500.0,2499.0
2025-10-14 11:00:00,5121.0,5125.0,5118.0,5121.0,28.0,2499.0,2509.0
2025-10-14 13:30:00,5120.0,5147.0,5116.0,5136.0,276.0,2509.0,2549.0
2025-10-14 14:00:00,5136.0,5136.0,5120.0,5136.0,83.0,2549.0,2531.0
2025-10-14 14:30:00,5136.0,5148.0,5136.0,5142.0,169.0,2531.0,2516.0
2025-10-14 21:00:00,5142.0,5142.0,5127.0,5130.0,82.0,2516.0,2524.0
2025-10-14 21:30:00,5130.0,5135.0,5115.0,5125.0,102.0,2524.0,2530.0
2025-10-14 22:00:00,5125.0,5127.0,5117.0,5123.0,119.0,2530.0,2532.0
2025-10-14 22:30:00,5123.0,5126.0,5116.0,5116.0,30.0,2532.0,2548.0
2025-10-15 09:00:00,5121.0,5136.0,5120.0,5133.0,45.0,2548.0,2554.0
2025-10-15 09:30:00,5133.0,5138.0,5124.0,5132.0,70.0,2554.0,2537.0
2025-10-15 10:00:00,5132.0,5141.0,5132.0,5141.0,21.0,2537.0,2527.0
2025-10-15 10:30:00,5141.0,5141.0,5135.0,5137.0,11.0,2527.0,2531.0
2025-10-15 11:00:00,5137.0,5138.0,5125.0,5125.0,28.0,2531.0,2540.0
2025-10-15 13:30:00,5125.0,5149.0,5125.0,5149.0,105.0,2540.0,2543.0
2025-10-15 14:00:00,5149.0,5149.0,5133.0,5133.0,23.0,2543.0,2553.0
2025-10-15 14:30:00,5133.0,5135.0,5123.0,5129.0,213.0,2553.0,2555.0
2025-10-15 21:00:00,5130.0,5130.0,5104.0,5104.0,170.0,2555.0,2605.0
2025-10-15 21:30:00,5104.0,5107.0,5101.0,5101.0,61.0,2605.0,2612.0
2025-10-15 22:00:00,5101.0,5106.0,5099.0,5102.0,57.0,2612.0,2660.0
2025-10-15 22:30:00,5102.0,5103.0,5098.0,5099.0,12.0,2660.0,2667.0
2025-10-16 09:00:00,5099.0,5116.0,5099.0,5114.0,195.0,2667.0,2565.0
2025-10-16 09:30:00,5114.0,5121.0,5114.0,5114.0,123.0,2565.0,2525.0
2025-10-16 10:00:00,5114.0,5129.0,5114.0,5129.0,19.0,2525.0,2518.0
2025-10-16 10:30:00,5129.0,5137.0,5125.0,5134.0,105.0,2518.0,2510.0
2025-10-16 11:00:00,5134.0,5134.0,5120.0,5120.0,14.0,2510.0,2510.0
2025-10-16 13:30:00,5118.0,5133.0,5116.0,5127.0,112.0,2510.0,2465.0
2025-10-16 14:00:00,5127.0,5137.0,5122.0,5137.0,18.0,2465.0,2468.0
2025-10-16 14:30:00,5137.0,5140.0,5131.0,5139.0,701.0,2468.0,2439.0
2025-10-16 21:00:00,5136.0,5159.0,5136.0,5154.0,265.0,2439.0,2487.0
2025-10-16 21:30:00,5154.0,5163.0,5154.0,5158.0,67.0,2487.0,2492.0
2025-10-16 22:00:00,5158.0,5158.0,5150.0,5154.0,32.0,2492.0,2486.0
2025-10-16 22:30:00,5154.0,5154.0,5149.0,5153.0,191.0,2486.0,2494.0
2025-10-17 09:00:00,5149.0,5149.0,5134.0,5145.0,73.0,2494.0,2493.0
2025-10-17 09:30:00,5145.0,5150.0,5135.0,5136.0,153.0,2493.0,2522.0
2025-10-17 10:00:00,5136.0,5136.0,5125.0,5128.0,94.0,2522.0,2501.0
2025-10-17 10:30:00,5128.0,5138.0,5128.0,5137.0,57.0,2501.0,2481.0
2025-10-17 11:00:00,5137.0,5144.0,5137.0,5142.0,9.0,2481.0,2482.0
2025-10-17 13:30:00,5142.0,5142.0,5124.0,5130.0,181.0,2482.0,2493.0
2025-10-17 14:00:00,5130.0,5130.0,5116.0,5119.0,67.0,2493.0,2491.0
2025-10-17 14:30:00,5119.0,5125.0,5111.0,5121.0,175.0,2491.0,2455.0
2025-10-17 21:00:00,5129.0,5166.0,5127.0,5155.0,366.0,2455.0,2507.0
2025-10-17 21:30:00,5155.0,5164.0,5153.0,5158.0,79.0,2507.0,2493.0
2025-10-17 22:00:00,5158.0,5161.0,5156.0,5156.0,153.0,2493.0,2526.0
2025-10-17 22:30:00,5156.0,5156.0,5146.0,5153.0,59.0,2526.0,2528.0
2025-10-20 09:00:00,5153.0,5157.0,5139.0,5153.0,84.0,2528.0,2530.0
2025-10-20 09:30:00,5153.0,5160.0,5149.0,5160.0,59.0,2530.0,2556.0
2025-10-20 10:00:00,5160.0,5166.0,5158.0,5166.0,32.0,2556.0,2582.0
2025-10-20 10:30:00,5166.0,5166.0,5145.0,5145.0,48.0,2582.0,2589.0
2025-10-20 11:00:00,5145.0,5151.0,5138.0,5140.0,35.0,2589.0,2588.0
2025-10-20 13:30:00,5140.0,5144.0,5132.0,5132.0,27.0,2588.0,2600.0
2025-10-20 14:00:00,5132.0,5144.0,5132.0,5141.0,162.0,2600.0,2607.0
2025-10-20 14:30:00,5141.0,5141.0,5130.0,5135.0,68.0,2607.0,2653.0
2025-10-20 21:00:00,5122.0,5122.0,5103.0,5120.0,202.0,2653.0,2656.0
2025-10-20 21:30:00,5120.0,5130.0,5120.0,5126.0,27.0,2656.0,2670.0
2025-10-20 22:00:00,5126.0,5131.0,5116.0,5116.0,66.0,2670.0,2654.0
2025-10-20 22:30:00,5116.0,5123.0,5113.0,5123.0,29.0,2654.0,2639.0
2025-10-21 09:00:00,5123.0,5139.0,5123.0,5128.0,35.0,2639.0,2644.0
2025-10-21 09:30:00,5128.0,5138.0,5128.0,5135.0,17.0,2644.0,2641.0
2025-10-21 10:00:00,5135.0,5138.0,5134.0,5138.0,26.0,2641.0,2662.0
2025-10-21 10:30:00,5138.0,5142.0,5132.0,5142.0,51.0,2662.0,2667.0
2025-10-21 11:00:00,5142.0,5147.0,5139.0,5146.0,68.0,2667.0,2663.0
2025-10-21 13:30:00,5148.0,5149.0,5141.0,5148.0,35.0,2663.0,2662.0
2025-10-21 14:00:00,5148.0,5148.0,5136.0,5136.0,24.0,2662.0,2649.0
2025-10-21 14:30:00,5136.0,5136.0,5122.0,5125.0,46.0,2649.0,2636.0
2025-10-21 21:00:00,5122.0,5134.0,5116.0,5133.0,44.0,2636.0,2629.0
2025-10-21 21:30:00,5133.0,5134.0,5128.0,5130.0,18.0,2629.0,2625.0
2025-10-21 22:00:00,5130.0,5133.0,5129.0,5130.0,15.0,2625.0,2633.0
2025-10-21 22:30:00,5130.0,5132.0,5127.0,5131.0,26.0,2633.0,2636.0
2025-10-22 09:00:00,5132.0,5135.0,5127.0,5133.0,49.0,2636.0,2641.0
2025-10-22 09:30:00,5133.0,5140.0,5133.0,5140.0,43.0,2641.0,2656.0
2025-10-22 10:00:00,5140.0,5140.0,5137.0,5140.0,37.0,2656.0,2683.0
2025-10-22 10:30:00,5140.0,5145.0,5138.0,5143.0,43.0,2683.0,2666.0
2025-10-22 11:00:00,5143.0,5163.0,5143.0,5159.0,303.0,2666.0,2828.0
2025-10-22 13:30:00,5160.0,5164.0,5140.0,5146.0,133.0,2828.0,2876.0
2025-10-22 14:00:00,5146.0,5152.0,5146.0,5151.0,10.0,2876.0,2878.0
2025-10-22 14:30:00,5151.0,5153.0,5150.0,5153.0,258.0,2878.0,3034.0
2025-10-22 21:00:00,5149.0,5161.0,5144.0,5146.0,63.0,3034.0,3019.0
2025-10-22 21:30:00,5146.0,5153.0,5146.0,5150.0,28.0,3019.0,3018.0
2025-10-22 22:00:00,5150.0,5156.0,5149.0,5156.0,40.0,3018.0,2994.0
2025-10-22 22:30:00,5156.0,5169.0,5156.0,5165.0,80.0,2994.0,2999.0
2025-10-23 09:00:00,5168.0,5170.0,5156.0,5157.0,71.0,2999.0,2991.0
2025-10-23 09:30:00,5157.0,5160.0,5152.0,5152.0,85.0,2991.0,2973.0
2025-10-23 10:00:00,5152.0,5159.0,5152.0,5159.0,6.0,2973.0,2972.0
2025-10-23 10:30:00,5159.0,5165.0,5158.0,5162.0,86.0,2972.0,2911.0
2025-10-23 11:00:00,5162.0,5163.0,5158.0,5163.0,14.0,2911.0,2916.0
2025-10-23 13:30:00,5166.0,5170.0,5146.0,5150.0,96.0,2916.0,2908.0
2025-10-23 14:00:00,5150.0,5158.0,5150.0,5158.0,45.0,2908.0,2900.0
2025-10-23 14:30:00,5158.0,5158.0,5149.0,5154.0,49.0,2900.0,2884.0
2025-10-23 21:00:00,5163.0,5168.0,5136.0,5137.0,248.0,2884.0,2873.0
2025-10-23 21:30:00,5137.0,5143.0,5136.0,5140.0,52.0,2873.0,2854.0
2025-10-23 22:00:00,5140.0,5143.0,5132.0,5143.0,69.0,2854.0,2860.0
2025-10-23 22:30:00,5143.0,5143.0,5140.0,5140.0,4.0,2860.0,2860.0
2025-10-24 09:00:00,5140.0,5142.0,5133.0,5138.0,31.0,2860.0,2866.0
2025-10-24 09:30:00,5138.0,5150.0,5138.0,5142.0,130.0,2866.0,2886.0
2025-10-24 10:00:00,5142.0,5145.0,5142.0,5143.0,3.0,2886.0,2883.0
2025-10-24 10:30:00,5143.0,5144.0,5133.0,5142.0,112.0,2883.0,2944.0
2025-10-24 11:00:00,5142.0,5148.0,5141.0,5148.0,70.0,2944.0,2913.0
2025-10-24 13:30:00,5148.0,5148.0,5142.0,5142.0,17.0,2913.0,2912.0
2025-10-24 14:00:00,5142.0,5143.0,5138.0,5140.0,25.0,2912.0,2920.0
2025-10-24 14:30:00,5140.0,5141.0,5132.0,5133.0,49.0,2920.0,2891.0
2025-10-24 21:00:00,5131.0,5153.0,5119.0,5150.0,396.0,2891.0,2888.0
2025-10-24 21:30:00,5150.0,5154.0,5144.0,5144.0,22.0,2888.0,2886.0
2025-10-24 22:00:00,5144.0,5144.0,5130.0,5134.0,57.0,2886.0,2860.0
2025-10-24 22:30:00,5134.0,5140.0,5134.0,5138.0,16.0,2860.0,2861.0
2025-10-27 09:00:00,5141.0,5153.0,5137.0,5139.0,290.0,2861.0,2857.0
2025-10-27 09:30:00,5139.0,5148.0,5134.0,5134.0,25.0,2857.0,2855.0
2025-10-27 10:00:00,5134.0,5138.0,5134.0,5138.0,27.0,2855.0,2865.0
2025-10-27 10:30:00,5138.0,5138.0,5126.0,5129.0,70.0,2865.0,2862.0
2025-10-27 11:00:00,5129.0,5144.0,5129.0,5137.0,34.0,2862.0,2860.0
2025-10-27 13:30:00,5137.0,5142.0,5133.0,5136.0,81.0,2860.0,2831.0
2025-10-27 14:00:00,5136.0,5147.0,5136.0,5143.0,39.0,2831.0,2839.0
2025-10-27 14:30:00,5143.0,5163.0,5143.0,5158.0,220.0,2839.0,2869.0
2025-10-27 21:00:00,5165.0,5165.0,5146.0,5152.0,119.0,2869.0,2884.0
2025-10-27 21:30:00,5152.0,5155.0,5149.0,5149.0,18.0,2884.0,2887.0
2025-10-27 22:00:00,5149.0,5155.0,5149.0,5154.0,34.0,2887.0,2900.0
2025-10-27 22:30:00,5154.0,5155.0,5152.0,5155.0,4.0,2900.0,2902.0
2025-10-28 09:00:00,5155.0,5155.0,5146.0,5146.0,43.0,2902.0,2915.0
2025-10-28 09:30:00,5146.0,5149.0,5142.0,5147.0,59.0,2915.0,2926.0
2025-10-28 10:00:00,5147.0,5153.0,5147.0,5147.0,14.0,2926.0,2934.0
2025-10-28 10:30:00,5147.0,5147.0,5131.0,5131.0,115.0,2934.0,2925.0
2025-10-28 11:00:00,5131.0,5146.0,5130.0,5143.0,34.0,2925.0,2927.0
2025-10-28 13:30:00,5140.0,5140.0,5132.0,5135.0,26.0,2927.0,2941.0
2025-10-28 14:00:00,5135.0,5138.0,5125.0,5129.0,57.0,2941.0,2983.0
2025-10-28 14:30:00,5129.0,5136.0,5129.0,5131.0,123.0,2983.0,2981.0
2025-10-28 21:00:00,5126.0,5147.0,5126.0,5146.0,175.0,2981.0,3011.0
2025-10-28 21:30:00,5146.0,5153.0,5145.0,5150.0,103.0,3011.0,3021.0
2025-10-28 22:00:00,5150.0,5152.0,5145.0,5145.0,28.0,3021.0,3005.0
2025-10-28 22:30:00,5145.0,5148.0,5142.0,5148.0,29.0,3005.0,3016.0
2025-10-29 09:00:00,5148.0,5153.0,5147.0,5150.0,35.0,3016.0,3028.0
2025-10-29 09:30:00,5150.0,5160.0,5150.0,5152.0,69.0,3028.0,3028.0
2025-10-29 10:00:00,5152.0,5152.0,5146.0,5149.0,44.0,3028.0,3026.0
2025-10-29 10:30:00,5149.0,5149.0,5139.0,5141.0,56.0,3026.0,3009.0
2025-10-29 11:00:00,5141.0,5147.0,5136.0,5144.0,69.0,3009.0,2975.0
2025-10-29 13:30:00,5144.0,5148.0,5141.0,5146.0,119.0,2975.0,2974.0
2025-10-29 14:00:00,5146.0,5165.0,5146.0,5164.0,126.0,2974.0,3030.0
2025-10-29 14:30:00,5164.0,5190.0,5161.0,5183.0,238.0,3030.0,3086.0
2025-10-29 21:00:00,5188.0,5195.0,5171.0,5183.0,116.0,3086.0,3105.0
2025-10-29 21:30:00,5183.0,5191.0,5179.0,5184.0,172.0,3105.0,3156.0
2025-10-29 22:00:00,5184.0,5205.0,5184.0,5205.0,493.0,3156.0,3384.0
2025-10-29 22:30:00,5205.0,5209.0,5199.0,5204.0,116.0,3384.0,3390.0
2025-10-30 09:00:00,5204.0,5209.0,5190.0,5193.0,219.0,3390.0,3404.0
2025-10-30 09:30:00,5193.0,5199.0,5193.0,5199.0,50.0,3404.0,3438.0
2025-10-30 10:00:00,5199.0,5199.0,5192.0,5192.0,10.0,3438.0,3441.0
2025-10-30 10:30:00,5192.0,5200.0,5192.0,5200.0,109.0,3441.0,3475.0
2025-10-30 11:00:00,5200.0,5200.0,5190.0,5196.0,157.0,3475.0,3410.0
2025-10-30 13:30:00,5194.0,5194.0,5172.0,5189.0,347.0,3410.0,3280.0
2025-10-30 14:00:00,5189.0,5189.0,5164.0,5171.0,145.0,3280.0,3251.0
2025-10-30 14:30:00,5171.0,5177.0,5167.0,5167.0,166.0,3251.0,3257.0
2025-10-30 21:00:00,5168.0,5175.0,5154.0,5160.0,135.0,3257.0,3280.0
2025-10-30 21:30:00,5160.0,5160.0,5146.0,5146.0,132.0,3280.0,3287.0
2025-10-30 22:00:00,5146.0,5151.0,5144.0,5150.0,43.0,3287.0,3307.0
2025-10-30 22:30:00,5150.0,5157.0,5147.0,5153.0,92.0,3307.0,3310.0
2025-10-31 09:00:00,5153.0,5164.0,5153.0,5159.0,92.0,3310.0,3316.0
2025-10-31 09:30:00,5159.0,5167.0,5157.0,5164.0,40.0,3316.0,3330.0
2025-10-31 10:00:00,5164.0,5167.0,5160.0,5164.0,9.0,3330.0,3331.0
2025-10-31 10:30:00,5164.0,5164.0,5133.0,5143.0,404.0,3331.0,3414.0
2025-10-31 11:00:00,5143.0,5143.0,5123.0,5124.0,225.0,3414.0,3482.0
2025-10-31 13:30:00,5127.0,5133.0,5121.0,5129.0,110.0,3482.0,3479.0
2025-10-31 14:00:00,5129.0,5129.0,5109.0,5109.0,122.0,3479.0,3481.0
2025-10-31 14:30:00,5109.0,5118.0,5108.0,5118.0,139.0,3481.0,3494.0
2025-10-31 21:00:00,5105.0,5126.0,5105.0,5121.0,197.0,3494.0,3537.0
2025-10-31 21:30:00,5121.0,5121.0,5102.0,5109.0,140.0,3537.0,3565.0
2025-10-31 22:00:00,5109.0,5109.0,5098.0,5099.0,219.0,3565.0,3611.0
2025-10-31 22:30:00,5099.0,5103.0,5093.0,5100.0,224.0,3611.0,3624.0
2025-11-03 09:00:00,5100.0,5119.0,5100.0,5115.0,141.0,3624.0,3645.0
2025-11-03 09:30:00,5115.0,5122.0,5112.0,5112.0,39.0,3645.0,3648.0
2025-11-03 10:00:00,5112.0,5114.0,5104.0,5106.0,93.0,3648.0,3681.0
2025-11-03 10:30:00,5106.0,5119.0,5104.0,5119.0,162.0,3681.0,3691.0
2025-11-03 11:00:00,5119.0,5119.0,5106.0,5112.0,31.0,3691.0,3693.0
2025-11-03 13:30:00,5109.0,5114.0,5104.0,5111.0,134.0,3693.0,3711.0
2025-11-03 14:00:00,5111.0,5111.0,5099.0,5100.0,64.0,3711.0,3721.0
2025-11-03 14:30:00,5100.0,5105.0,5099.0,5105.0,20.0,3721.0,3725.0
2025-11-03 21:00:00,5095.0,5097.0,5082.0,5093.0,370.0,3725.0,3847.0
2025-11-03 21:30:00,5093.0,5094.0,5086.0,5094.0,111.0,3847.0,3816.0
2025-11-03 22:00:00,5094.0,5094.0,5083.0,5085.0,102.0,3816.0,3794.0
2025-11-03 22:30:00,5085.0,5088.0,5084.0,5084.0,60.0,3794.0,3791.0
2025-11-04 09:00:00,5084.0,5093.0,5082.0,5093.0,47.0,3791.0,3800.0
2025-11-04 09:30:00,5093.0,5106.0,5087.0,5105.0,39.0,3800.0,3793.0
2025-11-04 10:00:00,5105.0,5107.0,5098.0,5098.0,104.0,3793.0,3820.0
2025-11-04 10:30:00,5098.0,5108.0,5098.0,5105.0,94.0,3820.0,3836.0
2025-11-04 11:00:00,5105.0,5107.0,5098.0,5099.0,204.0,3836.0,3960.0
2025-11-04 13:30:00,5099.0,5107.0,5099.0,5102.0,90.0,3960.0,3999.0
2025-11-04 14:00:00,5102.0,5103.0,5091.0,5097.0,393.0,3999.0,4215.0
2025-11-04 14:30:00,5097.0,5099.0,5095.0,5096.0,58.0,4215.0,4168.0
2025-11-04 21:00:00,5083.0,5085.0,5055.0,5065.0,462.0,4168.0,4339.0
2025-11-04 21:30:00,5065.0,5069.0,5057.0,5069.0,89.0,4339.0,4346.0
2025-11-04 22:00:00,5069.0,5069.0,5056.0,5066.0,34.0,4346.0,4351.0
2025-11-04 22:30:00,5066.0,5066.0,5057.0,5058.0,36.0,4351.0,4366.0
2025-11-05 09:00:00,5057.0,5063.0,5053.0,5055.0,116.0,4366.0,4419.0
2025-11-05 09:30:00,5055.0,5070.0,5055.0,5070.0,84.0,4419.0,4412.0
2025-11-05 10:00:00,5070.0,5071.0,5068.0,5068.0,7.0,4412.0,4410.0
2025-11-05 10:30:00,5068.0,5071.0,5065.0,5065.0,30.0,4410.0,4408.0
2025-11-05 11:00:00,5065.0,5069.0,5055.0,5069.0,163.0,4408.0,4478.0
2025-11-05 13:30:00,5069.0,5079.0,5066.0,5072.0,69.0,4478.0,4474.0
2025-11-05 14:00:00,5072.0,5081.0,5070.0,5072.0,46.0,4474.0,4487.0
2025-11-05 14:30:00,5072.0,5076.0,5064.0,5068.0,40.0,4487.0,4509.0
2025-11-05 21:00:00,5078.0,5078.0,5059.0,5066.0,283.0,4509.0,4543.0
2025-11-05 21:30:00,5066.0,5068.0,5060.0,5061.0,116.0,4543.0,4551.0
2025-11-05 22:00:00,5061.0,5063.0,5060.0,5063.0,247.0,4551.0,4506.0
2025-11-05 22:30:00,5063.0,5063.0,5053.0,5054.0,244.0,4506.0,4508.0
2025-11-06 09:00:00,5053.0,5055.0,5048.0,5048.0,331.0,4508.0,4688.0
2025-11-06 09:30:00,5048.0,5049.0,5039.0,5045.0,170.0,4688.0,4683.0
2025-11-06 10:00:00,5045.0,5048.0,5042.0,5048.0,15.0,4683.0,4679.0
2025-11-06 10:30:00,5048.0,5055.0,5045.0,5052.0,75.0,4679.0,4683.0
2025-11-06 11:00:00,5052.0,5058.0,5049.0,5055.0,75.0,4683.0,4675.0
2025-11-06 13:30:00,5055.0,5064.0,5055.0,5056.0,152.0,4675.0,4629.0
2025-11-06 14:00:00,5056.0,5067.0,5056.0,5066.0,90.0,4629.0,4617.0
2025-11-06 14:30:00,5066.0,5067.0,5063.0,5064.0,30.0,4617.0,4620.0
2025-11-06 21:00:00,5059.0,5061.0,5047.0,5056.0,184.0,4620.0,4639.0
2025-11-06 21:30:00,5056.0,5069.0,5056.0,5058.0,109.0,4639.0,4595.0
2025-11-06 22:00:00,5058.0,5058.0,5053.0,5056.0,13.0,4595.0,4595.0
2025-11-06 22:30:00,5056.0,5057.0,5053.0,5057.0,13.0,4595.0,4595.0
2025-11-07 09:00:00,5057.0,5063.0,5050.0,5058.0,41.0,4595.0,4597.0
2025-11-07 09:30:00,5058.0,5059.0,5052.0,5052.0,25.0,4597.0,4598.0
2025-11-07 10:00:00,5052.0,5053.0,5049.0,5051.0,23.0,4598.0,4613.0
2025-11-07 10:30:00,5051.0,5060.0,5051.0,5058.0,85.0,4613.0,4625.0
2025-11-07 11:00:00,5058.0,5059.0,5049.0,5050.0,68.0,4625.0,4663.0
2025-11-07 13:30:00,5050.0,5054.0,5049.0,5049.0,99.0,4663.0,4656.0
2025-11-07 14:00:00,5049.0,5050.0,5044.0,5045.0,105.0,4656.0,4719.0
2025-11-07 14:30:00,5045.0,5047.0,5043.0,5045.0,55.0,4719.0,4737.0
2025-11-07 21:00:00,5045.0,5052.0,5038.0,5049.0,153.0,4737.0,4758.0
2025-11-07 21:30:00,5049.0,5049.0,5040.0,5042.0,51.0,4758.0,4769.0
2025-11-07 22:00:00,5042.0,5042.0,5038.0,5041.0,60.0,4769.0,4788.0
2025-11-07 22:30:00,5041.0,5041.0,5035.0,5040.0,101.0,4788.0,4760.0
2025-11-10 09:00:00,5040.0,5042.0,5023.0,5024.0,149.0,4760.0,4809.0
2025-11-10 09:30:00,5024.0,5032.0,5012.0,5014.0,123.0,4809.0,4850.0
2025-11-10 10:00:00,5014.0,5016.0,5011.0,5016.0,47.0,4850.0,4857.0
2025-11-10 10:30:00,5016.0,5018.0,5010.0,5016.0,53.0,4857.0,4845.0
2025-11-10 11:00:00,5016.0,5035.0,5016.0,5034.0,79.0,4845.0,4839.0
2025-11-10 13:30:00,5038.0,5046.0,5026.0,5039.0,159.0,4839.0,4802.0
2025-11-10 14:00:00,5039.0,5044.0,5035.0,5044.0,52.0,4802.0,4798.0
2025-11-10 14:30:00,5044.0,5045.0,5036.0,5039.0,51.0,4798.0,4801.0
2025-11-10 21:00:00,5033.0,5035.0,5025.0,5028.0,133.0,4801.0,4861.0
2025-11-10 21:30:00,5028.0,5033.0,5027.0,5027.0,63.0,4861.0,4876.0
2025-11-10 22:00:00,5027.0,5032.0,5026.0,5028.0,17.0,4876.0,4883.0
2025-11-10 22:30:00,5028.0,5029.0,5025.0,5025.0,30.0,4883.0,4900.0
2025-11-11 09:00:00,5025.0,5031.0,5025.0,5031.0,17.0,4900.0,4897.0
2025-11-11 09:30:00,5031.0,5031.0,5023.0,5023.0,84.0,4897.0,4902.0
2025-11-11 10:00:00,5023.0,5031.0,5023.0,5030.0,46.0,4902.0,4889.0
2025-11-11 10:30:00,5030.0,5030.0,5016.0,5019.0,279.0,4889.0,5086.0
2025-11-11 11:00:00,5019.0,5020.0,5014.0,5020.0,48.0,5086.0,5109.0
2025-11-11 13:30:00,5020.0,5020.0,5005.0,5005.0,239.0,5109.0,5169.0
2025-11-11 14:00:00,5005.0,5014.0,5002.0,5013.0,155.0,5169.0,5263.0
2025-11-11 14:30:00,5013.0,5013.0,5000.0,5001.0,264.0,5263.0,5393.0
2025-11-11 21:00:00,5004.0,5050.0,5003.0,5013.0,251.0,5393.0,5383.0
2025-11-11 21:30:00,5013.0,5018.0,5013.0,5016.0,67.0,5383.0,5384.0
2025-11-11 22:00:00,5016.0,5016.0,5011.0,5011.0,15.0,5384.0,5390.0
2025-11-11 22:30:00,5011.0,5013.0,5010.0,5011.0,22.0,5390.0,5396.0
2025-11-12 09:00:00,5011.0,5018.0,5010.0,5013.0,63.0,5396.0,5409.0
2025-11-12 09:30:00,5013.0,5018.0,5013.0,5018.0,25.0,5409.0,5394.0
2025-11-12 10:00:00,5018.0,5024.0,5017.0,5024.0,84.0,5394.0,5357.0
2025-11-12 10:30:00,5024.0,5024.0,5004.0,5004.0,122.0,5357.0,5411.0
2025-11-12 11:00:00,5004.0,5009.0,5003.0,5009.0,35.0,5411.0,5419.0
2025-11-12 13:30:00,5009.0,5012.0,5005.0,5012.0,60.0,5419.0,5428.0
2025-11-12 14:00:00,5012.0,5013.0,5009.0,5009.0,53.0,5428.0,5411.0
2025-11-12 14:30:00,5009.0,5016.0,5009.0,5013.0,76.0,5411.0,5404.0
2025-11-12 21:00:00,5008.0,5008.0,4995.0,4998.0,312.0,5404.0,5479.0
2025-11-12 21:30:00,4998.0,5021.0,4998.0,5020.0,372.0,5479.0,5543.0
2025-11-12 22:00:00,5020.0,5022.0,5007.0,5012.0,129.0,5543.0,5557.0
2025-11-12 22:30:00,5012.0,5012.0,5002.0,5003.0,59.0,5557.0,5570.0
2025-11-13 09:00:00,5003.0,5013.0,4998.0,5013.0,106.0,5570.0,5590.0
2025-11-13 09:30:00,5013.0,5018.0,5006.0,5006.0,71.0,5590.0,5590.0
2025-11-13 10:00:00,5006.0,5020.0,5005.0,5016.0,131.0,5590.0,5647.0
2025-11-13 10:30:00,5017.0,5025.0,5012.0,5014.0,131.0,5647.0,5632.0
2025-11-13 11:00:00,5014.0,5025.0,5014.0,5014.0,58.0,5632.0,5631.0
2025-11-13 13:30:00,5014.0,5019.0,5013.0,5014.0,64.0,5631.0,5674.0
2025-11-13 14:00:00,5014.0,5021.0,5014.0,5017.0,116.0,5674.0,5746.0
2025-11-13 14:30:00,5017.0,5026.0,5015.0,5026.0,91.0,5746.0,5703.0
2025-11-13 21:00:00,5028.0,5047.0,5028.0,5039.0,341.0,5703.0,5730.0
2025-11-13 21:30:00,5039.0,5039.0,5031.0,5037.0,50.0,5730.0,5738.0
2025-11-13 22:00:00,5037.0,5043.0,5033.0,5043.0,38.0,5738.0,5730.0
2025-11-13 22:30:00,5043.0,5045.0,5036.0,5037.0,33.0,5730.0,5719.0
2025-11-14 09:00:00,5037.0,5037.0,5021.0,5022.0,86.0,5719.0,5768.0
2025-11-14 09:30:00,5022.0,5044.0,5021.0,5036.0,61.0,5768.0,5775.0
2025-11-14 10:00:00,5036.0,5042.0,5029.0,5034.0,65.0,5775.0,5782.0
2025-11-14 10:30:00,5034.0,5039.0,5022.0,5022.0,91.0,5782.0,5801.0
2025-11-14 11:00:00,5022.0,5026.0,5016.0,5022.0,232.0,5801.0,5827.0
2025-11-14 13:30:00,5026.0,5049.0,5026.0,5047.0,704.0,5827.0,5879.0
2025-11-14 14:00:00,5047.0,5059.0,5047.0,5054.0,560.0,5879.0,5912.0
2025-11-14 14:30:00,5054.0,5055.0,5042.0,5045.0,426.0,5912.0,5886.0
2025-11-14 21:00:00,5039.0,5046.0,5026.0,5034.0,213.0,5886.0,5960.0
2025-11-14 21:30:00,5034.0,5037.0,5027.0,5029.0,115.0,5960.0,5962.0
2025-11-14 22:00:00,5029.0,5030.0,5015.0,5015.0,179.0,5962.0,6020.0
2025-11-14 22:30:00,5015.0,5019.0,5011.0,5016.0,207.0,6020.0,6077.0
2025-11-17 09:00:00,5016.0,5030.0,5014.0,5025.0,351.0,6077.0,6268.0
2025-11-17 09:30:00,5025.0,5032.0,5024.0,5031.0,1671.0,6268.0,7525.0
2025-11-17 10:00:00,5031.0,5032.0,5022.0,5027.0,379.0,7525.0,7854.0
2025-11-17 10:30:00,5027.0,5039.0,5026.0,5038.0,364.0,7854.0,8141.0
2025-11-17 11:00:00,5038.0,5049.0,5036.0,5043.0,254.0,8141.0,8274.0
2025-11-17 13:30:00,5046.0,5052.0,5040.0,5052.0,1339.0,8274.0,9315.0
2025-11-17 14:00:00,5052.0,5057.0,5046.0,5053.0,2018.0,9315.0,11087.0
2025-11-17 14:30:00,5053.0,5060.0,5050.0,5054.0,2228.0,11087.0,12890.0
2025-11-17 21:00:00,5054.0,5058.0,5040.0,5047.0,540.0,12890.0,13198.0
2025-11-17 21:30:00,5047.0,5048.0,5040.0,5043.0,1211.0,13198.0,14177.0
2025-11-17 22:00:00,5043.0,5045.0,5025.0,5030.0,1359.0,14177.0,15285.0
2025-11-17 22:30:00,5030.0,5035.0,5026.0,5028.0,415.0,15285.0,15528.0
2025-11-18 09:00:00,5029.0,5029.0,5007.0,5014.0,468.0,15528.0,15709.0
2025-11-18 09:30:00,5014.0,5020.0,4997.0,4999.0,1133.0,15709.0,16429.0
2025-11-18 10:00:00,4999.0,5005.0,4993.0,4999.0,485.0,16429.0,16776.0
2025-11-18 10:30:00,4999.0,5004.0,4995.0,5001.0,1075.0,16776.0,17669.0
2025-11-18 11:00:00,5001.0,5004.0,4993.0,4998.0,1266.0,17669.0,18673.0
2025-11-18 13:30:00,4997.0,5004.0,4989.0,4999.0,2172.0,18673.0,20017.0
2025-11-18 14:00:00,4999.0,4999.0,4980.0,4987.0,2190.0,20017.0,22008.0
2025-11-18 14:30:00,4987.0,4991.0,4981.0,4982.0,710.0,22008.0,22522.0
2025-11-18 21:00:00,4996.0,4996.0,4971.0,4982.0,206.0,22522.0,22601.0
2025-11-18 21:30:00,4982.0,4982.0,4975.0,4978.0,117.0,22601.0,22645.0
2025-11-18 22:00:00,4978.0,4989.0,4978.0,4978.0,307.0,22645.0,22614.0
2025-11-18 22:30:00,4978.0,4978.0,4961.0,4961.0,654.0,22614.0,22760.0
2025-11-19 09:00:00,4968.0,4968.0,4960.0,4963.0,144.0,22760.0,22803.0
2025-11-19 09:30:00,4963.0,4966.0,4944.0,4946.0,288.0,22803.0,22973.0
2025-11-19 10:00:00,4946.0,4950.0,4932.0,4939.0,242.0,22973.0,22939.0
2025-11-19 10:30:00,4939.0,4960.0,4938.0,4955.0,228.0,22939.0,23016.0
2025-11-19 11:00:00,4955.0,4958.0,4948.0,4954.0,272.0,23016.0,22985.0
2025-11-19 13:30:00,4954.0,4967.0,4953.0,4957.0,240.0,22985.0,22994.0
2025-11-19 14:00:00,4957.0,4960.0,4942.0,4944.0,614.0,22994.0,22554.0
2025-11-19 14:30:00,4944.0,4944.0,4931.0,4935.0,184.0,22554.0,22636.0
2025-11-19 21:00:00,4929.0,4929.0,4906.0,4911.0,492.0,22636.0,22803.0
2025-11-19 21:30:00,4911.0,4911.0,4902.0,4905.0,251.0,22803.0,22974.0
2025-11-19 22:00:00,4905.0,4912.0,4901.0,4907.0,195.0,22974.0,23100.0
2025-11-19 22:30:00,4907.0,4908.0,4889.0,4889.0,286.0,23100.0,23167.0
2025-11-20 09:00:00,4889.0,4898.0,4875.0,4891.0,934.0,23167.0,23844.0
2025-11-20 09:30:00,4891.0,4894.0,4881.0,4889.0,630.0,23844.0,23888.0
2025-11-20 10:00:00,4889.0,4900.0,4884.0,4884.0,833.0,23888.0,24130.0
2025-11-20 10:30:00,4884.0,4894.0,4882.0,4891.0,410.0,24130.0,24189.0
2025-11-20 11:00:00,4891.0,4912.0,4890.0,4909.0,254.0,24189.0,24183.0
2025-11-20 13:30:00,4909.0,4913.0,4900.0,4905.0,354.0,24183.0,24191.0
2025-11-20 14:00:00,4905.0,4907.0,4896.0,4906.0,136.0,24191.0,24201.0
2025-11-20 14:30:00,4906.0,4917.0,4903.0,4906.0,426.0,24201.0,24296.0
2025-11-20 21:00:00,4900.0,4942.0,4900.0,4936.0,672.0,24296.0,24234.0
2025-11-20 21:30:00,4936.0,4961.0,4936.0,4948.0,548.0,24234.0,24240.0
2025-11-20 22:00:00,4948.0,4949.0,4931.0,4931.0,798.0,24240.0,24275.0
2025-11-20 22:30:00,4931.0,4937.0,4929.0,4930.0,105.0,24275.0,24286.0
2025-11-21 09:00:00,4925.0,4925.0,4914.0,4921.0,361.0,24286.0,24297.0
2025-11-21 09:30:00,4921.0,4924.0,4907.0,4912.0,202.0,24297.0,24369.0
2025-11-21 10:00:00,4912.0,4912.0,4900.0,4903.0,120.0,24369.0,24446.0
2025-11-21 10:30:00,4903.0,4907.0,4898.0,4902.0,720.0,24446.0,24568.0
2025-11-21 11:00:00,4902.0,4906.0,4891.0,4897.0,304.0,24568.0,24651.0
2025-11-21 13:30:00,4897.0,4899.0,4888.0,4895.0,146.0,24651.0,24686.0
2025-11-21 14:00:00,4895.0,4905.0,4892.0,4892.0,416.0,24686.0,24574.0
2025-11-21 14:30:00,4892.0,4900.0,4889.0,4893.0,110.0,24574.0,24624.0
2025-11-21 21:00:00,4896.0,4912.0,4895.0,4899.0,233.0,24624.0,24617.0
2025-11-21 21:30:00,4899.0,4902.0,4888.0,4893.0,540.0,24617.0,25079.0
2025-11-21 22:00:00,4893.0,4906.0,4893.0,4900.0,964.0,25079.0,25928.0
2025-11-21 22:30:00,4900.0,4902.0,4885.0,4895.0,392.0,25928.0,26178.0
2025-11-24 09:00:00,4895.0,4923.0,4895.0,4917.0,923.0,26178.0,26583.0
2025-11-24 09:30:00,4917.0,4926.0,4913.0,4921.0,1024.0,26583.0,27433.0
2025-11-24 10:00:00,4921.0,4928.0,4920.0,4921.0,86.0,27433.0,27425.0
2025-11-24 10:30:00,4921.0,4935.0,4921.0,4930.0,198.0,27425.0,27387.0
2025-11-24 11:00:00,4930.0,4932.0,4919.0,4924.0,198.0,27387.0,27397.0
2025-11-24 13:30:00,4924.0,4941.0,4923.0,4936.0,226.0,27397.0,27387.0
2025-11-24 14:00:00,4936.0,4950.0,4934.0,4948.0,1104.0,27387.0,27381.0
2025-11-24 14:30:00,4948.0,4950.0,4921.0,4923.0,899.0,27381.0,27432.0
2025-11-24 21:00:00,4929.0,4936.0,4918.0,4935.0,1048.0,27432.0,27890.0
2025-11-24 21:30:00,4935.0,4949.0,4931.0,4943.0,949.0,27890.0,28663.0
2025-11-24 22:00:00,4943.0,4948.0,4942.0,4945.0,453.0,28663.0,28976.0
2025-11-24 22:30:00,4945.0,4950.0,4944.0,4946.0,335.0,28976.0,29197.0
2025-11-25 09:00:00,4946.0,4952.0,4931.0,4940.0,1108.0,29197.0,29431.0
2025-11-25 09:30:00,4940.0,4953.0,4939.0,4948.0,647.0,29431.0,29941.0
2025-11-25 10:00:00,4948.0,4952.0,4946.0,4947.0,558.0,29941.0,30445.0
2025-11-25 10:30:00,4947.0,4954.0,4946.0,4948.0,1262.0,30445.0,31553.0
2025-11-25 11:00:00,4948.0,4952.0,4943.0,4952.0,1711.0,31553.0,33181.0
2025-11-25 13:30:00,4952.0,4952.0,4937.0,4939.0,883.0,33181.0,33740.0
2025-11-25 14:00:00,4939.0,4942.0,4933.0,4936.0,1586.0,33740.0,34866.0
2025-11-25 14:30:00,4936.0,4937.0,4923.0,4923.0,935.0,34866.0,35547.0
2025-11-25 21:00:00,4924.0,4926.0,4909.0,4917.0,709.0,35547.0,35946.0
2025-11-25 21:30:00,4917.0,4922.0,4913.0,4922.0,320.0,35946.0,36134.0
2025-11-25 22:00:00,4922.0,4922.0,4909.0,4909.0,849.0,36134.0,36558.0
2025-11-25 22:30:00,4909.0,4913.0,4905.0,4905.0,951.0,36558.0,37310.0
2025-11-26 09:00:00,4905.0,4923.0,4905.0,4919.0,801.0,37310.0,37774.0
2025-11-26 09:30:00,4919.0,4926.0,4919.0,4926.0,317.0,37774.0,37763.0
2025-11-26 10:00:00,4926.0,4929.0,4926.0,4926.0,52.0,37763.0,37756.0
2025-11-26 10:30:00,4924.0,4935.0,4924.0,4931.0,1067.0,37756.0,38686.0
2025-11-26 11:00:00,4931.0,4938.0,4929.0,4936.0,1118.0,38686.0,39665.0
2025-11-26 13:30:00,4935.0,4939.0,4922.0,4937.0,793.0,39665.0,40231.0
2025-11-26 14:00:00,4937.0,4938.0,4928.0,4928.0,732.0,40231.0,40801.0
2025-11-26 14:30:00,4928.0,4929.0,4919.0,4923.0,1475.0,40801.0,42014.0
2025-11-26 21:00:00,4919.0,4931.0,4913.0,4931.0,850.0,42014.0,42307.0
2025-11-26 21:30:00,4931.0,4939.0,4929.0,4935.0,249.0,42307.0,42324.0
2025-11-26 22:00:00,4935.0,4936.0,4931.0,4932.0,72.0,42324.0,42327.0
2025-11-26 22:30:00,4932.0,4939.0,4932.0,4934.0,108.0,42327.0,42341.0
2025-11-27 09:00:00,4934.0,4938.0,4922.0,4922.0,393.0,42341.0,42421.0
2025-11-27 09:30:00,4922.0,4929.0,4919.0,4924.0,1912.0,42421.0,42418.0
2025-11-27 10:00:00,4924.0,4935.0,4924.0,4935.0,51.0,42418.0,42418.0
2025-11-27 10:30:00,4935.0,4942.0,4933.0,4935.0,215.0,42418.0,42467.0
2025-11-27 11:00:00,4935.0,4938.0,4932.0,4934.0,37.0,42467.0,42467.0
2025-11-27 13:30:00,4937.0,4940.0,4932.0,4933.0,545.0,42467.0,42457.0
2025-11-27 14:00:00,4933.0,4937.0,4928.0,4937.0,83.0,42457.0,42434.0
2025-11-27 14:30:00,4937.0,4937.0,4925.0,4935.0,128.0,42434.0,42428.0
2025-11-27 21:00:00,4939.0,4980.0,4939.0,4963.0,1212.0,42428.0,42419.0
2025-11-27 21:30:00,4963.0,4970.0,4961.0,4961.0,102.0,42419.0,42417.0
2025-11-27 22:00:00,4961.0,4968.0,4961.0,4963.0,54.0,42417.0,42416.0
2025-11-27 22:30:00,4963.0,4969.0,4962.0,4965.0,86.0,42416.0,42422.0
2025-11-28 09:00:00,4965.0,4971.0,4955.0,4967.0,393.0,42422.0,42507.0
2025-11-28 09:30:00,4967.0,4972.0,4959.0,4968.0,452.0,42507.0,42669.0
2025-11-28 10:00:00,4968.0,4979.0,4966.0,4977.0,1076.0,42669.0,43534.0
2025-11-28 10:30:00,4977.0,4977.0,4968.0,4971.0,85.0,43534.0,43578.0
2025-11-28 11:00:00,4971.0,4981.0,4971.0,4977.0,217.0,43578.0,43617.0
2025-11-28 13:30:00,4977.0,4983.0,4973.0,4979.0,1983.0,43617.0,45477.0
2025-11-28 14:00:00,4979.0,4984.0,4970.0,4974.0,1830.0,45477.0,46605.0
2025-11-28 14:30:00,4974.0,4986.0,4973.0,4981.0,1342.0,46605.0,47623.0
2025-11-28 21:00:00,4988.0,5012.0,4974.0,5011.0,716.0,47623.0,47676.0
2025-11-28 21:30:00,5011.0,5014.0,4989.0,4998.0,537.0,47676.0,47672.0
2025-11-28 22:00:00,4998.0,5005.0,4983.0,4996.0,653.0,47672.0,47680.0
2025-11-28 22:30:00,4996.0,5006.0,4996.0,5000.0,465.0,47680.0,47747.0
2025-12-01 09:00:00,5000.0,5000.0,4965.0,4968.0,1733.0,47747.0,47899.0
2025-12-01 09:30:00,4968.0,4976.0,4950.0,4962.0,1788.0,47899.0,48391.0
2025-12-01 10:00:00,4962.0,4965.0,4956.0,4964.0,935.0,48391.0,49260.0
2025-12-01 10:30:00,4964.0,4974.0,4955.0,4971.0,934.0,49260.0,50010.0
2025-12-01 11:00:00,4971.0,4982.0,4968.0,4976.0,2331.0,50010.0,52005.0
2025-12-01 13:30:00,4979.0,4979.0,4964.0,4969.0,533.0,52005.0,52231.0
2025-12-01 14:00:00,4969.0,4975.0,4967.0,4967.0,1303.0,52231.0,53402.0
2025-12-01 14:30:00,4967.0,4980.0,4966.0,4976.0,1942.0,53402.0,55076.0
2025-12-01 21:00:00,4980.0,4989.0,4973.0,4983.0,1678.0,55076.0,55274.0
2025-12-01 21:30:00,4983.0,4988.0,4979.0,4981.0,180.0,55274.0,55307.0
2025-12-01 22:00:00,4981.0,4985.0,4977.0,4980.0,250.0,55307.0,55314.0
2025-12-01 22:30:00,4980.0,4983.0,4975.0,4980.0,184.0,55314.0,55307.0
2025-12-02 09:00:00,4980.0,4984.0,4971.0,4983.0,267.0,55307.0,55344.0
2025-12-02 09:30:00,4983.0,4986.0,4975.0,4984.0,266.0,55344.0,55244.0
2025-12-02 10:00:00,4984.0,4999.0,4984.0,4993.0,355.0,55244.0,55297.0
2025-12-02 10:30:00,4993.0,4993.0,4984.0,4992.0,835.0,55297.0,55512.0
2025-12-02 11:00:00,4992.0,4994.0,4983.0,4983.0,953.0,55512.0,56105.0
2025-12-02 13:30:00,4983.0,4993.0,4978.0,4978.0,1471.0,56105.0,57305.0
2025-12-02 14:00:00,4978.0,4991.0,4972.0,4989.0,2311.0,57305.0,59231.0
2025-12-02 14:30:00,4989.0,4994.0,4987.0,4993.0,1600.0,59231.0,60626.0
2025-12-02 21:00:00,4987.0,4994.0,4977.0,4978.0,644.0,60626.0,60851.0
2025-12-02 21:30:00,4978.0,4981.0,4960.0,4961.0,499.0,60851.0,60981.0
2025-12-02 22:00:00,4961.0,4970.0,4960.0,4961.0,238.0,60981.0,61016.0
2025-12-02 22:30:00,4961.0,4966.0,4959.0,4966.0,119.0,61016.0,61054.0
2025-12-03 09:00:00,4966.0,4972.0,4959.0,4959.0,5566.0,61054.0,61387.0
2025-12-03 09:30:00,4959.0,4960.0,4952.0,4958.0,1712.0,61387.0,61634.0
2025-12-03 10:00:00,4958.0,4959.0,4951.0,4957.0,1084.0,61634.0,61594.0
2025-12-03 10:30:00,4957.0,4957.0,4940.0,4948.0,707.0,61594.0,61569.0
2025-12-03 11:00:00,4948.0,4952.0,4932.0,4938.0,667.0,61569.0,61670.0
2025-12-03 13:30:00,4938.0,4947.0,4928.0,4942.0,4346.0,61670.0,62012.0
2025-12-03 14:00:00,4942.0,4944.0,4934.0,4936.0,496.0,62012.0,62069.0
2025-12-03 14:30:00,4936.0,4954.0,4936.0,4950.0,799.0,62069.0,61994.0
2025-12-03 21:00:00,4952.0,4952.0,4922.0,4924.0,1545.0,61994.0,61978.0
2025-12-03 21:30:00,4924.0,4926.0,4918.0,4920.0,349.0,61978.0,61983.0
2025-12-03 22:00:00,4920.0,4920.0,4902.0,4902.0,528.0,61983.0,62107.0
2025-12-03 22:30:00,4902.0,4908.0,4899.0,4904.0,240.0,62107.0,62160.0
2025-12-04 09:00:00,4904.0,4919.0,4904.0,4909.0,682.0,62160.0,62342.0
2025-12-04 09:30:00,4909.0,4924.0,4906.0,4919.0,531.0,62342.0,62490.0
2025-12-04 10:00:00,4919.0,4922.0,4918.0,4920.0,462.0,62490.0,62552.0
2025-12-04 10:30:00,4919.0,4920.0,4909.0,4915.0,735.0,62552.0,62766.0
2025-12-04 11:00:00,4915.0,4918.0,4908.0,4918.0,920.0,62766.0,63022.0
2025-12-04 13:30:00,4917.0,4918.0,4907.0,4910.0,824.0,63022.0,63051.0
2025-12-04 14:00:00,4910.0,4923.0,4906.0,4920.0,990.0,63051.0,63095.0
2025-12-04 14:30:00,4920.0,4921.0,4912.0,4915.0,1255.0,63095.0,63194.0
2025-12-04 21:00:00,4910.0,4917.0,4898.0,4899.0,991.0,63194.0,63333.0
2025-12-04 21:30:00,4899.0,4914.0,4899.0,4913.0,234.0,63333.0,63342.0
2025-12-04 22:00:00,4913.0,4914.0,4907.0,4910.0,313.0,63342.0,63454.0
2025-12-04 22:30:00,4910.0,4910.0,4901.0,4903.0,174.0,63454.0,63480.0
2025-12-05 09:00:00,4905.0,4909.0,4895.0,4900.0,557.0,63480.0,63438.0
2025-12-05 09:30:00,4900.0,4903.0,4891.0,4896.0,1040.0,63438.0,64000.0
2025-12-05 10:00:00,4896.0,4898.0,4891.0,4896.0,1680.0,64000.0,65437.0
2025-12-05 10:30:00,4896.0,4896.0,4842.0,4848.0,2679.0,65437.0,66750.0
2025-12-05 11:00:00,4848.0,4861.0,4843.0,4856.0,1171.0,66750.0,67154.0
2025-12-05 13:30:00,4856.0,4858.0,4845.0,4858.0,661.0,67154.0,67348.0
2025-12-05 14:00:00,4858.0,4866.0,4852.0,4856.0,944.0,67348.0,67562.0
2025-12-05 14:30:00,4856.0,4860.0,4851.0,4851.0,882.0,67562.0,67879.0
2025-12-05 21:00:00,4853.0,4853.0,4823.0,4835.0,1205.0,67879.0,68070.0
2025-12-05 21:30:00,4835.0,4835.0,4823.0,4823.0,268.0,68070.0,68161.0
2025-12-05 22:00:00,4823.0,4829.0,4818.0,4829.0,1593.0,68161.0,68343.0
2025-12-05 22:30:00,4829.0,4839.0,4825.0,4830.0,294.0,68343.0,68340.0
2025-12-08 09:00:00,4832.0,4842.0,4820.0,4822.0,2344.0,68340.0,68762.0
2025-12-08 09:30:00,4822.0,4834.0,4821.0,4830.0,695.0,68762.0,69201.0
2025-12-08 10:00:00,4830.0,4834.0,4827.0,4834.0,493.0,69201.0,69499.0
2025-12-08 10:30:00,4834.0,4848.0,4830.0,4832.0,1668.0,69499.0,69489.0
2025-12-08 11:00:00,4832.0,4843.0,4825.0,4833.0,1632.0,69489.0,70409.0
2025-12-08 13:30:00,4833.0,4863.0,4833.0,4858.0,2405.0,70409.0,70666.0
2025-12-08 14:00:00,4858.0,4862.0,4853.0,4856.0,951.0,70666.0,70913.0
2025-12-08 14:30:00,4856.0,4863.0,4853.0,4863.0,1113.0,70913.0,71470.0
2025-12-08 21:00:00,4854.0,4854.0,4836.0,4848.0,1740.0,71470.0,72657.0
2025-12-08 21:30:00,4848.0,4860.0,4846.0,4855.0,3565.0,72657.0,75902.0
2025-12-08 22:00:00,4855.0,4855.0,4846.0,4847.0,4000.0,75902.0,79546.0
2025-12-08 22:30:00,4847.0,4847.0,4826.0,4828.0,528.0,79546.0,79618.0
2025-12-09 09:00:00,4828.0,4838.0,4823.0,4837.0,625.0,79618.0,79621.0
2025-12-09 09:30:00,4837.0,4838.0,4808.0,4808.0,4245.0,79621.0,80748.0
2025-12-09 10:00:00,4808.0,4812.0,4798.0,4807.0,3237.0,80748.0,80814.0
2025-12-09 10:30:00,4807.0,4807.0,4787.0,4790.0,2436.0,80814.0,81293.0
2025-12-09 11:00:00,4790.0,4804.0,4789.0,4795.0,747.0,81293.0,81218.0
2025-12-09 13:30:00,4795.0,4798.0,4776.0,4790.0,1520.0,81218.0,81492.0
2025-12-09 14:00:00,4790.0,4790.0,4779.0,4788.0,1481.0,81492.0,82206.0
2025-12-09 14:30:00,4788.0,4799.0,4788.0,4790.0,1008.0,82206.0,82227.0
2025-12-09 21:00:00,4799.0,4799.0,4772.0,4779.0,2674.0,82227.0,83292.0
2025-12-09 21:30:00,4779.0,4779.0,4751.0,4751.0,1230.0,83292.0,83456.0
2025-12-09 22:00:00,4751.0,4767.0,4751.0,4765.0,557.0,83456.0,83563.0
2025-12-09 22:30:00,4765.0,4773.0,4764.0,4770.0,269.0,83563.0,83523.0
2025-12-10 09:00:00,4770.0,4770.0,4751.0,4752.0,874.0,83523.0,83527.0
2025-12-10 09:30:00,4752.0,4752.0,4736.0,4739.0,684.0,83527.0,83553.0
2025-12-10 10:00:00,4739.0,4740.0,4725.0,4729.0,620.0,83553.0,83710.0
2025-12-10 10:30:00,4729.0,4753.0,4729.0,4751.0,796.0,83710.0,83980.0
2025-12-10 11:00:00,4751.0,4755.0,4740.0,4755.0,788.0,83980.0,84304.0
2025-12-10 13:30:00,4755.0,4791.0,4746.0,4782.0,2105.0,84304.0,84593.0
2025-12-10 14:00:00,4782.0,4782.0,4769.0,4772.0,1248.0,84593.0,85083.0
2025-12-10 14:30:00,4772.0,4773.0,4744.0,4745.0,926.0,85083.0,85374.0
2025-12-10 21:00:00,4755.0,4755.0,4726.0,4754.0,1994.0,85374.0,85828.0
2025-12-10 21:30:00,4754.0,4757.0,4744.0,4750.0,354.0,85828.0,85913.0
2025-12-10 22:00:00,4750.0,4757.0,4738.0,4740.0,302.0,85913.0,85879.0
2025-12-10 22:30:00,4740.0,4750.0,4740.0,4746.0,576.0,85879.0,85958.0
2025-12-11 09:00:00,4752.0,4754.0,4733.0,4737.0,371.0,85958.0,85982.0
2025-12-11 09:30:00,4737.0,4749.0,4737.0,4745.0,409.0,85982.0,85967.0
2025-12-11 10:00:00,4745.0,4747.0,4740.0,4744.0,245.0,85967.0,86143.0
2025-12-11 10:30:00,4744.0,4758.0,4743.0,4748.0,322.0,86143.0,86156.0
2025-12-11 11:00:00,4748.0,4760.0,4730.0,4740.0,920.0,86156.0,86294.0
2025-12-11 13:30:00,4732.0,4737.0,4708.0,4714.0,1400.0,86294.0,86224.0
2025-12-11 14:00:00,4714.0,4717.0,4702.0,4713.0,1145.0,86224.0,86627.0
2025-12-11 14:30:00,4713.0,4713.0,4691.0,4701.0,2194.0,86627.0,87408.0
2025-12-11 21:00:00,4680.0,4712.0,4679.0,4685.0,1912.0,87408.0,87825.0
2025-12-11 21:30:00,4685.0,4685.0,4667.0,4667.0,1295.0,87825.0,88550.0
2025-12-11 22:00:00,4667.0,4669.0,4653.0,4666.0,966.0,88550.0,88669.0
2025-12-11 22:30:00,4666.0,4673.0,4657.0,4659.0,593.0,88669.0,88898.0
2025-12-12 09:00:00,4660.0,4667.0,4655.0,4667.0,1394.0,88898.0,89472.0
2025-12-12 09:30:00,4667.0,4672.0,4663.0,4670.0,2706.0,89472.0,89628.0
2025-12-12 10:00:00,4670.0,4676.0,4666.0,4673.0,323.0,89628.0,89621.0
2025-12-12 10:30:00,4673.0,4673.0,4646.0,4650.0,1432.0,89621.0,90391.0
2025-12-12 11:00:00,4650.0,4656.0,4641.0,4643.0,1398.0,90391.0,91113.0
2025-12-12 13:30:00,4643.0,4649.0,4622.0,4626.0,2075.0,91113.0,91572.0
2025-12-12 14:00:00,4626.0,4628.0,4606.0,4617.0,1872.0,91572.0,92177.0
2025-12-12 14:30:00,4617.0,4624.0,4601.0,4609.0,5312.0,92177.0,92694.0
2025-12-12 21:00:00,4610.0,4699.0,4610.0,4696.0,10449.0,92694.0,94140.0
2025-12-12 21:30:00,4696.0,4726.0,4694.0,4724.0,5232.0,94140.0,93742.0
2025-12-12 22:00:00,4724.0,4748.0,4711.0,4737.0,2655.0,93742.0,94001.0
2025-12-12 22:30:00,4737.0,4738.0,4703.0,4711.0,4770.0,94001.0,93919.0
2025-12-15 09:00:00,4712.0,4742.0,4712.0,4739.0,2559.0,93919.0,93758.0
2025-12-15 09:30:00,4739.0,4755.0,4730.0,4747.0,3119.0,93758.0,94786.0
2025-12-15 10:00:00,4747.0,4748.0,4734.0,4745.0,808.0,94786.0,95095.0
2025-12-15 10:30:00,4745.0,4750.0,4733.0,4739.0,992.0,95095.0,95282.0
2025-12-15 11:00:00,4739.0,4746.0,4738.0,4741.0,529.0,95282.0,95423.0
2025-12-15 13:30:00,4744.0,4744.0,4726.0,4727.0,1013.0,95423.0,95679.0
2025-12-15 14:00:00,4727.0,4728.0,4711.0,4721.0,1356.0,95679.0,96039.0
2025-12-15 14:30:00,4721.0,4725.0,4709.0,4712.0,584.0,96039.0,96106.0
2025-12-15 21:00:00,4719.0,4735.0,4697.0,4722.0,4119.0,96106.0,97371.0
2025-12-15 21:30:00,4722.0,4724.0,4704.0,4705.0,1691.0,97371.0,98090.0
2025-12-15 22:00:00,4705.0,4710.0,4702.0,4709.0,577.0,98090.0,98190.0
2025-12-15 22:30:00,4709.0,4723.0,4707.0,4713.0,991.0,98190.0,98455.0
2025-12-16 09:00:00,4710.0,4769.0,4710.0,4760.0,4202.0,98455.0,98680.0
2025-12-16 09:30:00,4760.0,4764.0,4749.0,4760.0,1760.0,98680.0,98900.0
2025-12-16 10:00:00,4760.0,4766.0,4756.0,4762.0,657.0,98900.0,99018.0
2025-12-16 10:30:00,4762.0,4799.0,4761.0,4792.0,4212.0,99018.0,99407.0
2025-12-16 11:00:00,4792.0,4801.0,4776.0,4781.0,2467.0,99407.0,99472.0
2025-12-16 13:30:00,4782.0,4791.0,4776.0,4782.0,1376.0,99472.0,99486.0
2025-12-16 14:00:00,4782.0,4786.0,4768.0,4785.0,1490.0,99486.0,99885.0
2025-12-16 14:30:00,4785.0,4798.0,4780.0,4790.0,1214.0,99885.0,99779.0
2025-12-16 21:00:00,4794.0,4810.0,4730.0,4796.0,6577.0,99779.0,99312.0
2025-12-16 21:30:00,4796.0,4796.0,4781.0,4786.0,620.0,99312.0,99219.0
2025-12-16 22:00:00,4786.0,4790.0,4782.0,4783.0,740.0,99219.0,99431.0
2025-12-16 22:30:00,4783.0,4797.0,4779.0,4790.0,379.0,99431.0,99468.0
2025-12-17 09:00:00,4790.0,4796.0,4772.0,4775.0,2621.0,99468.0,100146.0
2025-12-17 09:30:00,4775.0,4777.0,4766.0,4769.0,1101.0,100146.0,100249.0
2025-12-17 10:00:00,4769.0,4792.0,4769.0,4788.0,605.0,100249.0,100311.0
2025-12-17 10:30:00,4790.0,4799.0,4782.0,4797.0,1527.0,100311.0,100823.0
2025-12-17 11:00:00,4797.0,4797.0,4789.0,4796.0,901.0,100823.0,101116.0
2025-12-17 13:30:00,4799.0,4813.0,4798.0,4809.0,3105.0,101116.0,100746.0
2025-12-17 14:00:00,4809.0,4819.0,4800.0,4800.0,1030.0,100746.0,101021.0
2025-12-17 14:30:00,4800.0,4808.0,4791.0,4807.0,1746.0,101021.0,100977.0
2025-12-17 21:00:00,4812.0,4842.0,4798.0,4842.0,8835.0,100977.0,102487.0
2025-12-17 21:30:00,4842.0,4849.0,4837.0,4847.0,9863.0,102487.0,102531.0
2025-12-17 22:00:00,4847.0,4861.0,4843.0,4857.0,8100.0,102531.0,102334.0
2025-12-17 22:30:00,4857.0,4859.0,4845.0,4847.0,5121.0,102334.0,102538.0
2025-12-18 09:00:00,4850.0,4852.0,4815.0,4820.0,4784.0,102538.0,102906.0
2025-12-18 09:30:00,4820.0,4829.0,4817.0,4829.0,927.0,102906.0,102859.0
2025-12-18 10:00:00,4829.0,4838.0,4827.0,4834.0,520.0,102859.0,102842.0
2025-12-18 10:30:00,4832.0,4837.0,4825.0,4835.0,599.0,102842.0,102830.0
2025-12-18 11:00:00,4835.0,4843.0,4833.0,4838.0,501.0,102830.0,102785.0
2025-12-18 13:30:00,4839.0,4843.0,4827.0,4831.0,2073.0,102785.0,102127.0
2025-12-18 14:00:00,4831.0,4847.0,4829.0,4840.0,3956.0,102127.0,100877.0
2025-12-18 14:30:00,4840.0,4847.0,4835.0,4838.0,998.0,100877.0,100721.0
2025-12-18 21:00:00,4842.0,4845.0,4818.0,4836.0,5403.0,100721.0,100198.0
2025-12-18 21:30:00,4836.0,4842.0,4816.0,4817.0,3438.0,100198.0,100250.0
2025-12-18 22:00:00,4817.0,4828.0,4817.0,4826.0,1113.0,100250.0,100452.0
2025-12-18 22:30:00,4826.0,4827.0,4817.0,4823.0,1568.0,100452.0,100699.0
2025-12-19 09:00:00,4819.0,4835.0,4807.0,4809.0,2769.0,100699.0,100895.0
2025-12-19 09:30:00,4809.0,4819.0,4798.0,4800.0,1465.0,100895.0,101161.0
2025-12-19 10:00:00,4800.0,4806.0,4792.0,4800.0,1347.0,101161.0,101277.0
2025-12-19 10:30:00,4799.0,4799.0,4774.0,4789.0,3930.0,101277.0,102103.0
2025-12-19 11:00:00,4789.0,4789.0,4769.0,4778.0,2232.0,102103.0,102584.0
2025-12-19 13:30:00,4778.0,4781.0,4769.0,4779.0,1255.0,102584.0,102623.0
2025-12-19 14:00:00,4779.0,4790.0,4771.0,4781.0,1506.0,102623.0,102782.0
2025-12-19 14:30:00,4781.0,4788.0,4773.0,4781.0,1162.0,102782.0,102757.0
2025-12-19 21:00:00,4786.0,4786.0,4730.0,4734.0,6369.0,102757.0,104068.0
2025-12-19 21:30:00,4734.0,4751.0,4719.0,4723.0,3725.0,104068.0,105322.0
2025-12-19 22:00:00,4723.0,4723.0,4713.0,4717.0,2734.0,105322.0,105722.0
2025-12-19 22:30:00,4717.0,4731.0,4714.0,4724.0,1022.0,105722.0,105729.0
2025-12-22 09:00:00,4742.0,4742.0,4714.0,4732.0,4547.0,105729.0,106372.0
2025-12-22 09:30:00,4732.0,4747.0,4700.0,4706.0,5728.0,106372.0,106527.0
2025-12-22 10:00:00,4706.0,4711.0,4689.0,4701.0,4848.0,106527.0,104164.0
2025-12-22 10:30:00,4701.0,4713.0,4694.0,4706.0,2973.0,104164.0,104354.0
2025-12-22 11:00:00,4706.0,4730.0,4706.0,4728.0,1446.0,104354.0,104630.0
2025-12-22 13:30:00,4726.0,4729.0,4710.0,4719.0,1693.0,104630.0,104997.0
2025-12-22 14:00:00,4719.0,4742.0,4716.0,4731.0,1540.0,104997.0,104984.0
2025-12-22 14:30:00,4731.0,4733.0,4715.0,4720.0,1282.0,104984.0,105035.0
2025-12-22 21:00:00,4727.0,4867.0,4725.0,4863.0,15615.0,105035.0,103962.0
2025-12-22 21:30:00,4863.0,4888.0,4854.0,4880.0,6151.0,103962.0,105113.0
2025-12-22 22:00:00,4880.0,4886.0,4835.0,4836.0,4409.0,105113.0,105565.0
2025-12-22 22:30:00,4836.0,4848.0,4833.0,4845.0,1242.0,105565.0,105610.0
2025-12-23 09:00:00,4845.0,4847.0,4812.0,4818.0,4615.0,105610.0,106294.0
2025-12-23 09:30:00,4818.0,4838.0,4800.0,4835.0,2773.0,106294.0,106896.0
2025-12-23 10:00:00,4835.0,4837.0,4817.0,4829.0,1415.0,106896.0,107108.0
2025-12-23 10:30:00,4829.0,4834.0,4820.0,4830.0,1691.0,107108.0,107397.0
2025-12-23 11:00:00,4830.0,4833.0,4812.0,4825.0,2724.0,107397.0,107658.0
2025-12-23 13:30:00,4825.0,4826.0,4804.0,4823.0,1911.0,107658.0,108169.0
2025-12-23 14:00:00,4823.0,4863.0,4823.0,4861.0,4397.0,108169.0,109084.0
2025-12-23 14:30:00,4861.0,4876.0,4851.0,4866.0,5159.0,109084.0,110673.0
2025-12-23 21:00:00,4868.0,4895.0,4840.0,4849.0,6141.0,110673.0,110852.0
2025-12-23 21:30:00,4849.0,4857.0,4838.0,4850.0,1173.0,110852.0,110926.0
2025-12-23 22:00:00,4850.0,4856.0,4840.0,4845.0,1007.0,110926.0,111216.0
2025-12-23 22:30:00,4845.0,4849.0,4840.0,4841.0,955.0,111216.0,111084.0
2025-12-24 09:00:00,4845.0,4870.0,4834.0,4851.0,7064.0,111084.0,110811.0
2025-12-24 09:30:00,4851.0,4877.0,4851.0,4872.0,2683.0,110811.0,111241.0
2025-12-24 10:00:00,4872.0,4878.0,4869.0,4875.0,1278.0,111241.0,111212.0
2025-12-24 10:30:00,4874.0,4883.0,4868.0,4877.0,2952.0,111212.0,111683.0
2025-12-24 11:00:00,4877.0,4902.0,4874.0,4895.0,4326.0,111683.0,111897.0
2025-12-24 13:30:00,4896.0,4910.0,4892.0,4901.0,2597.0,111897.0,112480.0
2025-12-24 14:00:00,4901.0,4908.0,4896.0,4905.0,2040.0,112480.0,112627.0
2025-12-24 14:30:00,4905.0,4918.0,4894.0,4916.0,1892.0,112627.0,113109.0
2025-12-24 21:00:00,4910.0,4918.0,4882.0,4891.0,9876.0,113109.0,113917.0
2025-12-24 21:30:00,4891.0,4901.0,4884.0,4885.0,1302.0,113917.0,114011.0
2025-12-24 22:00:00,4885.0,4898.0,4883.0,4895.0,685.0,114011.0,114172.0
2025-12-24 22:30:00,4895.0,4901.0,4886.0,4886.0,1043.0,114172.0,114090.0
2025-12-25 09:00:00,4886.0,4898.0,4876.0,4888.0,1839.0,114090.0,114318.0
2025-12-25 09:30:00,4888.0,4897.0,4884.0,4895.0,1146.0,114318.0,114350.0
2025-12-25 10:00:00,4895.0,4897.0,4877.0,4881.0,3450.0,114350.0,114782.0
2025-12-25 10:30:00,4881.0,4881.0,4839.0,4843.0,11804.0,114782.0,117206.0
2025-12-25 11:00:00,4843.0,4850.0,4835.0,4845.0,9928.0,117206.0,118638.0
2025-12-25 13:30:00,4844.0,4844.0,4812.0,4832.0,4533.0,118638.0,118807.0
2025-12-25 14:00:00,4832.0,4841.0,4831.0,4838.0,1901.0,118807.0,118706.0
2025-12-25 14:30:00,4838.0,4880.0,4833.0,4877.0,3580.0,118706.0,117808.0
2025-12-25 21:00:00,4882.0,4882.0,4857.0,4878.0,5869.0,117808.0,117994.0
2025-12-25 21:30:00,4878.0,4880.0,4863.0,4866.0,1542.0,117994.0,118164.0
2025-12-25 22:00:00,4866.0,4876.0,4865.0,4865.0,2156.0,118164.0,118099.0
2025-12-25 22:30:00,4865.0,4867.0,4848.0,4862.0,1933.0,118099.0,118037.0
2025-12-26 09:00:00,4865.0,4870.0,4853.0,4855.0,2325.0,118037.0,118293.0
2025-12-26 09:30:00,4855.0,4862.0,4834.0,4843.0,3225.0,118293.0,118288.0
2025-12-26 10:00:00,4843.0,4843.0,4831.0,4840.0,1476.0,118288.0,117909.0
2025-12-26 10:30:00,4840.0,4876.0,4840.0,4874.0,2335.0,117909.0,117628.0
2025-12-26 11:00:00,4874.0,4894.0,4867.0,4867.0,2847.0,117628.0,117645.0
2025-12-26 13:30:00,4871.0,4900.0,4871.0,4897.0,2233.0,117645.0,117678.0
2025-12-26 14:00:00,4897.0,4937.0,4894.0,4927.0,10054.0,117678.0,117301.0
2025-12-26 14:30:00,4927.0,4963.0,4927.0,4962.0,8354.0,117301.0,116695.0
2025-12-26 21:00:00,4966.0,4982.0,4947.0,4978.0,20102.0,116695.0,118095.0
2025-12-26 21:30:00,4978.0,4982.0,4959.0,4962.0,2337.0,118095.0,118253.0
2025-12-26 22:00:00,4962.0,4979.0,4951.0,4975.0,2472.0,118253.0,118591.0
2025-12-26 22:30:00,4975.0,4977.0,4963.0,4975.0,1934.0,118591.0,118316.0
2025-12-29 09:00:00,4977.0,4984.0,4945.0,4953.0,4350.0,118316.0,118895.0
2025-12-29 09:30:00,4953.0,4954.0,4926.0,4928.0,3542.0,118895.0,119041.0
2025-12-29 10:00:00,4928.0,4940.0,4927.0,4938.0,1541.0,119041.0,119172.0
2025-12-29 10:30:00,4939.0,4957.0,4939.0,4950.0,1503.0,119172.0,119635.0
2025-12-29 11:00:00,4950.0,4958.0,4946.0,4949.0,1432.0,119635.0,120059.0
2025-12-29 13:30:00,4949.0,4955.0,4937.0,4938.0,1607.0,120059.0,119953.0
2025-12-29 14:00:00,4938.0,4942.0,4920.0,4923.0,4097.0,119953.0,120332.0
2025-12-29 14:30:00,4923.0,4927.0,4897.0,4910.0,5850.0,120332.0,120283.0
2025-12-29 21:00:00,4920.0,4925.0,4882.0,4891.0,7090.0,120283.0,121272.0
2025-12-29 21:30:00,4891.0,4901.0,4886.0,4898.0,1488.0,121272.0,121351.0
2025-12-29 22:00:00,4898.0,4905.0,4890.0,4893.0,1328.0,121351.0,121624.0
2025-12-29 22:30:00,4893.0,4913.0,4892.0,4905.0,1666.0,121624.0,121639.0
2025-12-30 09:00:00,4902.0,4939.0,4902.0,4939.0,3372.0,121639.0,121861.0
2025-12-30 09:30:00,4939.0,4940.0,4926.0,4927.0,1392.0,121861.0,121826.0
2025-12-30 10:00:00,4927.0,4933.0,4922.0,4932.0,700.0,121826.0,121825.0
2025-12-30 10:30:00,4932.0,4946.0,4925.0,4946.0,1385.0,121825.0,122071.0
2025-12-30 11:00:00,4946.0,4956.0,4938.0,4943.0,1649.0,122071.0,121913.0
2025-12-30 13:30:00,4948.0,4949.0,4930.0,4935.0,1684.0,121913.0,121929.0
2025-12-30 14:00:00,4935.0,4963.0,4934.0,4938.0,2572.0,121929.0,121626.0
2025-12-30 14:30:00,4938.0,4948.0,4934.0,4943.0,1548.0,121626.0,121211.0
2025-12-30 21:00:00,4936.0,4949.0,4923.0,4942.0,4015.0,121211.0,121790.0
2025-12-30 21:30:00,4942.0,4955.0,4928.0,4934.0,2317.0,121790.0,122651.0
2025-12-30 22:00:00,4934.0,4936.0,4922.0,4925.0,1536.0,122651.0,122806.0
2025-12-30 22:30:00,4925.0,4930.0,4921.0,4928.0,1510.0,122806.0,122291.0
2025-12-31 09:00:00,4932.0,4937.0,4919.0,4935.0,1986.0,122291.0,122835.0
2025-12-31 09:30:00,4935.0,4937.0,4925.0,4927.0,1713.0,122835.0,122801.0
2025-12-31 10:00:00,4927.0,4936.0,4924.0,4931.0,434.0,122801.0,122805.0
2025-12-31 10:30:00,4930.0,4946.0,4923.0,4927.0,2455.0,122805.0,123040.0
2025-12-31 11:00:00,4927.0,4931.0,4905.0,4913.0,2726.0,123040.0,122743.0
2025-12-31 13:30:00,4912.0,4916.0,4906.0,4913.0,1686.0,122743.0,122797.0
2025-12-31 14:00:00,4913.0,4935.0,4913.0,4930.0,2701.0,122797.0,123189.0
2025-12-31 14:30:00,4930.0,4939.0,4927.0,4939.0,2170.0,123189.0,123141.0
2026-01-05 09:00:00,4932.0,4933.0,4888.0,4905.0,9476.0,123141.0,123642.0
2026-01-05 09:30:00,4905.0,4907.0,4874.0,4881.0,4368.0,123642.0,123938.0
2026-01-05 10:00:00,4881.0,4883.0,4870.0,4880.0,1497.0,123938.0,123788.0
2026-01-05 10:30:00,4880.0,4906.0,4880.0,4882.0,2896.0,123788.0,123623.0
2026-01-05 11:00:00,4882.0,4902.0,4881.0,4902.0,1280.0,123623.0,123664.0
2026-01-05 13:30:00,4903.0,4903.0,4871.0,4878.0,3712.0,123664.0,124098.0
2026-01-05 14:00:00,4878.0,4880.0,4861.0,4863.0,2958.0,124098.0,123866.0
2026-01-05 14:30:00,4863.0,4898.0,4863.0,4895.0,2168.0,123866.0,123716.0
2026-01-05 21:00:00,4915.0,5011.0,4915.0,5003.0,22081.0,123716.0,126529.0
2026-01-05 21:30:00,5003.0,5040.0,5002.0,5029.0,7209.0,126529.0,127453.0
2026-01-05 22:00:00,5029.0,5035.0,5008.0,5010.0,3140.0,127453.0,127342.0
2026-01-05 22:30:00,5010.0,5016.0,5004.0,5004.0,1309.0,127342.0,127326.0
2026-01-06 09:00:00,5010.0,5010.0,4958.0,4975.0,9614.0,127326.0,128630.0
2026-01-06 09:30:00,4975.0,5012.0,4972.0,5003.0,3733.0,128630.0,128721.0
2026-01-06 10:00:00,5003.0,5009.0,4997.0,5002.0,2573.0,128721.0,128541.0
2026-01-06 10:30:00,5002.0,5012.0,4994.0,5004.0,2283.0,128541.0,128329.0
2026-01-06 11:00:00,5004.0,5018.0,5003.0,5011.0,2475.0,128329.0,128394.0
2026-01-06 13:30:00,5013.0,5027.0,5010.0,5017.0,4257.0,128394.0,128189.0
2026-01-06 14:00:00,5017.0,5046.0,5016.0,5045.0,4311.0,128189.0,128971.0
2026-01-06 14:30:00,5045.0,5066.0,5044.0,5052.0,4782.0,128971.0,128324.0
2026-01-06 21:00:00,5050.0,5081.0,5047.0,5071.0,11698.0,128324.0,130908.0
2026-01-06 21:30:00,5071.0,5086.0,5060.0,5083.0,4844.0,130908.0,131693.0
2026-01-06 22:00:00,5083.0,5108.0,5081.0,5107.0,3940.0,131693.0,132162.0
2026-01-06 22:30:00,5107.0,5107.0,5083.0,5088.0,2040.0,132162.0,132113.0
2026-01-07 09:00:00,5076.0,5086.0,5051.0,5074.0,8777.0,132113.0,132638.0
2026-01-07 09:30:00,5074.0,5094.0,5062.0,5074.0,3953.0,132638.0,133546.0
2026-01-07 10:00:00,5074.0,5088.0,5072.0,5087.0,1181.0,133546.0,133635.0
2026-01-07 10:30:00,5087.0,5102.0,5075.0,5099.0,3881.0,133635.0,134657.0
2026-01-07 11:00:00,5099.0,5123.0,5096.0,5123.0,3556.0,134657.0,135141.0
2026-01-07 13:30:00,5115.0,5117.0,5082.0,5090.0,5646.0,135141.0,135391.0
2026-01-07 14:00:00,5090.0,5143.0,5090.0,5130.0,6899.0,135391.0,137498.0
2026-01-07 14:30:00,5130.0,5132.0,5102.0,5107.0,4362.0,137498.0,137156.0
2026-01-07 21:00:00,5126.0,5128.0,5083.0,5089.0,13763.0,137156.0,137234.0
2026-01-07 21:30:00,5089.0,5107.0,5089.0,5101.0,3774.0,137234.0,137486.0
2026-01-07 22:00:00,5101.0,5120.0,5101.0,5112.0,4215.0,137486.0,137826.0
2026-01-07 22:30:00,5112.0,5114.0,5074.0,5084.0,3974.0,137826.0,138046.0
2026-01-08 09:00:00,5083.0,5102.0,5073.0,5095.0,4334.0,138046.0,138546.0
2026-01-08 09:30:00,5095.0,5100.0,5075.0,5089.0,4068.0,138546.0,139661.0
2026-01-08 10:00:00,5089.0,5094.0,5078.0,5083.0,1060.0,139661.0,139640.0
2026-01-08 10:30:00,5082.0,5083.0,5057.0,5069.0,4701.0,139640.0,140548.0
2026-01-08 11:00:00,5069.0,5071.0,5026.0,5048.0,7419.0,140548.0,140720.0
2026-01-08 13:30:00,5047.0,5047.0,5015.0,5033.0,6272.0,140720.0,140833.0
2026-01-08 14:00:00,5033.0,5036.0,5009.0,5029.0,3062.0,140833.0,141020.0
2026-01-08 14:30:00,5029.0,5057.0,5029.0,5042.0,4739.0,141020.0,140818.0
2026-01-08 21:00:00,5056.0,5056.0,4961.0,4967.0,19634.0,140818.0,140000.0
2026-01-08 21:30:00,4967.0,4997.0,4966.0,4982.0,6746.0,140000.0,140625.0
2026-01-08 22:00:00,4982.0,4983.0,4967.0,4974.0,5183.0,140625.0,141242.0
2026-01-08 22:30:00,4974.0,4988.0,4966.0,4985.0,3304.0,141242.0,141489.0
2026-01-09 09:00:00,5002.0,5019.0,4991.0,5001.0,7878.0,141489.0,143037.0
2026-01-09 09:30:00,5001.0,5022.0,4996.0,5017.0,4470.0,143037.0,144528.0
2026-01-09 10:00:00,5017.0,5030.0,5015.0,5025.0,1807.0,144528.0,144704.0
2026-01-09 10:30:00,5026.0,5032.0,5015.0,5029.0,4730.0,144704.0,146136.0
2026-01-09 11:00:00,5029.0,5030.0,4999.0,5015.0,3265.0,146136.0,146745.0
2026-01-09 13:30:00,5018.0,5051.0,5018.0,5046.0,5830.0,146745.0,147246.0
2026-01-09 14:00:00,5046.0,5047.0,5024.0,5025.0,3850.0,147246.0,147293.0
2026-01-09 14:30:00,5025.0,5038.0,5016.0,5033.0,2638.0,147293.0,147641.0
2026-01-09 21:00:00,4800.0,4900.0,4705.0,4876.0,102854.0,147641.0,162161.0
2026-01-09 21:30:00,4876.0,4885.0,4846.0,4870.0,19518.0,162161.0,161393.0
2026-01-09 22:00:00,4870.0,4876.0,4851.0,4874.0,13015.0,161393.0,161742.0
2026-01-09 22:30:00,4874.0,4908.0,4874.0,4898.0,11910.0,161742.0,160425.0
2026-01-12 09:00:00,4890.0,4916.0,4871.0,4885.0,24247.0,160425.0,161968.0
2026-01-12 09:30:00,4885.0,4926.0,4878.0,4917.0,9725.0,161968.0,162569.0
2026-01-12 10:00:00,4917.0,4942.0,4909.0,4940.0,4424.0,162569.0,162603.0
2026-01-12 10:30:00,4942.0,4976.0,4931.0,4971.0,14836.0,162603.0,163368.0
2026-01-12 11:00:00,4971.0,4988.0,4953.0,4980.0,8901.0,163368.0,164135.0
2026-01-12 13:30:00,4978.0,5038.0,4978.0,5031.0,28573.0,164135.0,166071.0
2026-01-12 14:00:00,5031.0,5044.0,5006.0,5040.0,13728.0,166071.0,165336.0
2026-01-12 14:30:00,5040.0,5052.0,5023.0,5050.0,9317.0,165336.0,163495.0
2026-01-12 21:00:00,5029.0,5060.0,4993.0,4994.0,23939.0,163495.0,164173.0
2026-01-12 21:30:00,4994.0,5030.0,4985.0,5017.0,10924.0,164173.0,163486.0
2026-01-12 22:00:00,5017.0,5022.0,4983.0,4993.0,7777.0,163486.0,163898.0
2026-01-12 22:30:00,4993.0,5009.0,4991.0,5000.0,3685.0,163898.0,163281.0
2026-01-13 09:00:00,5000.0,5031.0,5000.0,5019.0,8149.0,163281.0,164776.0
2026-01-13 09:30:00,5019.0,5028.0,5008.0,5021.0,4419.0,164776.0,165391.0
2026-01-13 10:00:00,5021.0,5038.0,5014.0,5033.0,2729.0,165391.0,165728.0
2026-01-13 10:30:00,5033.0,5057.0,5021.0,5055.0,8431.0,165728.0,166540.0
2026-01-13 11:00:00,5055.0,5060.0,5041.0,5042.0,9676.0,166540.0,167134.0
2026-01-13 13:30:00,5032.0,5032.0,4977.0,4983.0,17211.0,167134.0,168050.0
2026-01-13 14:00:00,4983.0,4988.0,4963.0,4980.0,10352.0,168050.0,168139.0
2026-01-13 14:30:00,4980.0,5017.0,4976.0,5009.0,8907.0,168139.0,168022.0
2026-01-13 21:00:00,5017.0,5056.0,4984.0,5003.0,17073.0,168022.0,168750.0
2026-01-13 21:30:00,5003.0,5010.0,4990.0,5002.0,5103.0,168750.0,168902.0
2026-01-13 22:00:00,5002.0,5015.0,4995.0,5009.0,2416.0,168902.0,168710.0
2026-01-13 22:30:00,5009.0,5021.0,5004.0,5013.0,3062.0,168710.0,168480.0
2026-01-14 09:00:00,5008.0,5012.0,4980.0,4995.0,8258.0,168480.0,168734.0
2026-01-14 09:30:00,4995.0,5000.0,4983.0,4995.0,4514.0,168734.0,169366.0
2026-01-14 10:00:00,4995.0,5008.0,4993.0,5004.0,2109.0,169366.0,169612.0
2026-01-14 10:30:00,5005.0,5022.0,4998.0,5016.0,5276.0,169612.0,169844.0
2026-01-14 11:00:00,5016.0,5028.0,5005.0,5011.0,5037.0,169844.0,169425.0
2026-01-14 13:30:00,4996.0,5012.0,4986.0,4996.0,7676.0,169425.0,169415.0
2026-01-14 14:00:00,4996.0,5025.0,4993.0,5010.0,6684.0,169415.0,169363.0
2026-01-14 14:30:00,5010.0,5011.0,4993.0,5004.0,4515.0,169363.0,168500.0
2026-01-14 21:00:00,5010.0,5025.0,4980.0,4990.0,9803.0,168500.0,169654.0
2026-01-14 21:30:00,4990.0,4990.0,4971.0,4985.0,3933.0,169654.0,169846.0
2026-01-14 22:00:00,4985.0,5021.0,4984.0,5020.0,5210.0,169846.0,170167.0
2026-01-14 22:30:00,5020.0,5045.0,5019.0,5027.0,23330.0,170167.0,172433.0
2026-01-15 09:00:00,5025.0,5028.0,5006.0,5007.0,7767.0,172433.0,172203.0
2026-01-15 09:30:00,5007.0,5018.0,4996.0,5007.0,3715.0,172203.0,172755.0
2026-01-15 10:00:00,5007.0,5013.0,4990.0,4998.0,1606.0,172755.0,172843.0
2026-01-15 10:30:00,4996.0,4996.0,4982.0,4991.0,4425.0,172843.0,172675.0
2026-01-15 11:00:00,4991.0,4998.0,4977.0,4985.0,3995.0,172675.0,172193.0
2026-01-15 13:30:00,4986.0,4991.0,4968.0,4970.0,5755.0,172193.0,172128.0
2026-01-15 14:00:00,4970.0,4987.0,4960.0,4987.0,4754.0,172128.0,171996.0
2026-01-15 14:30:00,4987.0,4998.0,4970.0,4992.0,3485.0,171996.0,171459.0
2026-01-15 21:00:00,4992.0,5010.0,4925.0,4935.0,14627.0,171459.0,171039.0
2026-01-15 21:30:00,4935.0,4949.0,4918.0,4932.0,10109.0,171039.0,170091.0
2026-01-15 22:00:00,4932.0,4941.0,4928.0,4934.0,3228.0,170091.0,169886.0
2026-01-15 22:30:00,4934.0,4935.0,4913.0,4923.0,4214.0,169886.0,169276.0
2026-01-16 09:00:00,4920.0,4986.0,4920.0,4979.0,10341.0,169276.0,170129.0
2026-01-16 09:30:00,4979.0,4993.0,4958.0,4965.0,4609.0,170129.0,169484.0
2026-01-16 10:00:00,4965.0,4968.0,4931.0,4938.0,4349.0,169484.0,169596.0
2026-01-16 10:30:00,4938.0,4938.0,4923.0,4929.0,4679.0,169596.0,169263.0
2026-01-16 11:00:00,4929.0,4934.0,4916.0,4916.0,3308.0,169263.0,169836.0
2026-01-16 13:30:00,4917.0,4926.0,4916.0,4921.0,3292.0,169836.0,169930.0
2026-01-16 14:00:00,4921.0,4923.0,4906.0,4915.0,5090.0,169930.0,170239.0
2026-01-16 14:30:00,4915.0,4923.0,4911.0,4923.0,3680.0,170239.0,169626.0
2026-01-16 21:00:00,4939.0,4941.0,4896.0,4910.0,7414.0,169626.0,169304.0
2026-01-16 21:30:00,4910.0,4925.0,4906.0,4920.0,3575.0,169304.0,169413.0
2026-01-16 22:00:00,4920.0,4940.0,4914.0,4927.0,5125.0,169413.0,169181.0
2026-01-16 22:30:00,4927.0,4931.0,4915.0,4919.0,2040.0,169181.0,169100.0
2026-01-19 09:00:00,4919.0,4939.0,4914.0,4917.0,6511.0,169100.0,168838.0
2026-01-19 09:30:00,4917.0,4922.0,4906.0,4913.0,2888.0,168838.0,168563.0
2026-01-19 10:00:00,4913.0,4928.0,4910.0,4927.0,1095.0,168563.0,168531.0
2026-01-19 10:30:00,4927.0,4927.0,4891.0,4891.0,5573.0,168531.0,169383.0
2026-01-19 11:00:00,4891.0,4914.0,4885.0,4904.0,2976.0,169383.0,168727.0
2026-01-19 13:30:00,4906.0,4923.0,4906.0,4919.0,3004.0,168727.0,168404.0
2026-01-19 14:00:00,4919.0,4922.0,4905.0,4909.0,3515.0,168404.0,167594.0
2026-01-19 14:30:00,4909.0,4918.0,4904.0,4916.0,2951.0,167594.0,166767.0
2026-01-19 21:00:00,4913.0,4921.0,4886.0,4898.0,7000.0,166767.0,167010.0
2026-01-19 21:30:00,4898.0,4927.0,4895.0,4926.0,2343.0,167010.0,167075.0
2026-01-19 22:00:00,4926.0,4951.0,4918.0,4943.0,7062.0,167075.0,167050.0
2026-01-19 22:30:00,4943.0,4947.0,4935.0,4940.0,2585.0,167050.0,166753.0
2026-01-20 09:00:00,4940.0,4940.0,4917.0,4933.0,5450.0,166753.0,167031.0
2026-01-20 09:30:00,4933.0,4940.0,4920.0,4922.0,2805.0,167031.0,167174.0
2026-01-20 10:00:00,4922.0,4922.0,4892.0,4895.0,4015.0,167174.0,167193.0
2026-01-20 10:30:00,4895.0,4903.0,4889.0,4899.0,4984.0,167193.0,167418.0
2026-01-20 11:00:00,4899.0,4920.0,4893.0,4914.0,2857.0,167418.0,167190.0
2026-01-20 13:30:00,4918.0,4945.0,4918.0,4943.0,4928.0,167190.0,167166.0
2026-01-20 14:00:00,4943.0,4949.0,4929.0,4932.0,3811.0,167166.0,166733.0
2026-01-20 14:30:00,4932.0,4935.0,4917.0,4925.0,3605.0,166733.0,166807.0
2026-01-20 21:00:00,4927.0,4927.0,4872.0,4885.0,14798.0,166807.0,168809.0
2026-01-20 21:30:00,4885.0,4892.0,4853.0,4856.0,11838.0,168809.0,171618.0
2026-01-20 22:00:00,4856.0,4877.0,4855.0,4874.0,5815.0,171618.0,171703.0
2026-01-20 22:30:00,4874.0,4884.0,4870.0,4879.0,3193.0,171703.0,172066.0
2026-01-21 09:00:00,4870.0,4876.0,4849.0,4853.0,5696.0,172066.0,172652.0
2026-01-21 09:30:00,4853.0,4855.0,4841.0,4851.0,4044.0,172652.0,173231.0
2026-01-21 10:00:00,4851.0,4853.0,4840.0,4852.0,1138.0,173231.0,173178.0
2026-01-21 10:30:00,4852.0,4858.0,4830.0,4843.0,4372.0,173178.0,173455.0
2026-01-21 11:00:00,4843.0,4860.0,4838.0,4851.0,5505.0,173455.0,173459.0
2026-01-21 13:30:00,4851.0,4868.0,4849.0,4856.0,3040.0,173459.0,173561.0
2026-01-21 14:00:00,4856.0,4865.0,4847.0,4853.0,2152.0,173561.0,173668.0
2026-01-21 14:30:00,4853.0,4866.0,4850.0,4861.0,3071.0,173668.0,173312.0
2026-01-21 21:00:00,4858.0,4889.0,4849.0,4861.0,11096.0,173312.0,171995.0
2026-01-21 21:30:00,4861.0,4882.0,4854.0,4875.0,6484.0,171995.0,170713.0
2026-01-21 22:00:00,4875.0,4879.0,4862.0,4865.0,3204.0,170713.0,170409.0
2026-01-21 22:30:00,4865.0,4869.0,4861.0,4862.0,1233.0,170409.0,170111.0
2026-01-22 09:00:00,4862.0,4904.0,4860.0,4902.0,7741.0,170111.0,169245.0
2026-01-22 09:30:00,4902.0,4918.0,4895.0,4909.0,5429.0,169245.0,168761.0
2026-01-22 10:00:00,4909.0,4913.0,4904.0,4905.0,2778.0,168761.0,169332.0
2026-01-22 10:30:00,4904.0,4931.0,4893.0,4930.0,5817.0,169332.0,170321.0
2026-01-22 11:00:00,4930.0,4938.0,4924.0,4925.0,6901.0,170321.0,169423.0
2026-01-22 13:30:00,4925.0,4948.0,4920.0,4946.0,4819.0,169423.0,169093.0
2026-01-22 14:00:00,4946.0,4951.0,4940.0,4941.0,3871.0,169093.0,169500.0
2026-01-22 14:30:00,4941.0,4965.0,4940.0,4963.0,6145.0,169500.0,169126.0
2026-01-22 21:00:00,4950.0,4980.0,4948.0,4969.0,11852.0,169126.0,170132.0
2026-01-22 21:30:00,4969.0,4990.0,4969.0,4978.0,4355.0,170132.0,170225.0
2026-01-22 22:00:00,4978.0,4998.0,4970.0,4997.0,4257.0,170225.0,169911.0
2026-01-22 22:30:00,4997.0,5001.0,4978.0,4981.0,11733.0,169911.0,171376.0
2026-01-23 09:00:00,4981.0,4990.0,4974.0,4982.0,7614.0,171376.0,171500.0
2026-01-23 09:30:00,4982.0,5000.0,4977.0,4994.0,4828.0,171500.0,172238.0
2026-01-23 10:00:00,4994.0,5007.0,4994.0,5005.0,3685.0,172238.0,173875.0
2026-01-23 10:30:00,5000.0,5007.0,4972.0,4976.0,6928.0,173875.0,173980.0
2026-01-23 11:00:00,4976.0,4989.0,4969.0,4986.0,3349.0,173980.0,174035.0
2026-01-23 13:30:00,4982.0,5002.0,4978.0,4997.0,3382.0,174035.0,174583.0
2026-01-23 14:00:00,4997.0,5028.0,4995.0,5016.0,10094.0,174583.0,176730.0
2026-01-23 14:30:00,5016.0,5036.0,5003.0,5032.0,9444.0,176730.0,175620.0
2026-01-23 21:00:00,5046.0,5046.0,5014.0,5039.0,14077.0,175620.0,176215.0
2026-01-23 21:30:00,5039.0,5059.0,5015.0,5054.0,11516.0,176215.0,177766.0
2026-01-23 22:00:00,5054.0,5062.0,5043.0,5058.0,7115.0,177766.0,178362.0
2026-01-23 22:30:00,5058.0,5058.0,5041.0,5051.0,3334.0,178362.0,177446.0
2026-01-26 09:00:00,5059.0,5069.0,5042.0,5067.0,9022.0,177446.0,177906.0
2026-01-26 09:30:00,5067.0,5081.0,5046.0,5049.0,6030.0,177906.0,178145.0
2026-01-26 10:00:00,5049.0,5063.0,5046.0,5062.0,1524.0,178145.0,178288.0
2026-01-26 10:30:00,5065.0,5087.0,5060.0,5060.0,8539.0,178288.0,178508.0
2026-01-26 11:00:00,5060.0,5073.0,5053.0,5058.0,2749.0,178508.0,178490.0
2026-01-26 13:30:00,5062.0,5068.0,5047.0,5063.0,5340.0,178490.0,180384.0
2026-01-26 14:00:00,5063.0,5082.0,5060.0,5082.0,3263.0,180384.0,181111.0
2026-01-26 14:30:00,5082.0,5100.0,5075.0,5076.0,8750.0,181111.0,181295.0
2026-01-26 21:00:00,5065.0,5074.0,5033.0,5040.0,10282.0,181295.0,182161.0
2026-01-26 21:30:00,5040.0,5050.0,5026.0,5038.0,5057.0,182161.0,182111.0
2026-01-26 22:00:00,5038.0,5063.0,5035.0,5057.0,6336.0,182111.0,182927.0
2026-01-26 22:30:00,5057.0,5068.0,5056.0,5058.0,2337.0,182927.0,182434.0
2026-01-27 09:00:00,5043.0,5078.0,5043.0,5072.0,5278.0,182434.0,182047.0
2026-01-27 09:30:00,5072.0,5081.0,5047.0,5052.0,4405.0,182047.0,181407.0
2026-01-27 10:00:00,5052.0,5065.0,5050.0,5052.0,1494.0,181407.0,181728.0
2026-01-27 10:30:00,5052.0,5052.0,5038.0,5041.0,2470.0,181728.0,181654.0
2026-01-27 11:00:00,5041.0,5043.0,5021.0,5029.0,3492.0,181654.0,181736.0
2026-01-27 13:30:00,5027.0,5032.0,5010.0,5029.0,10837.0,181736.0,184237.0
2026-01-27 14:00:00,5029.0,5029.0,5019.0,5028.0,3397.0,184237.0,183696.0
2026-01-27 14:30:00,5028.0,5034.0,5014.0,5028.0,4079.0,183696.0,183744.0
2026-01-27 21:00:00,5025.0,5052.0,5000.0,5039.0,12699.0,183744.0,184924.0
2026-01-27 21:30:00,5039.0,5040.0,5023.0,5034.0,3923.0,184924.0,185295.0
2026-01-27 22:00:00,5034.0,5038.0,5001.0,5014.0,4221.0,185295.0,185379.0
2026-01-27 22:30:00,5014.0,5021.0,5008.0,5016.0,1765.0,185379.0,185023.0
2026-01-28 09:00:00,5023.0,5044.0,5021.0,5033.0,4791.0,185023.0,184829.0
2026-01-28 09:30:00,5033.0,5048.0,5026.0,5028.0,3609.0,184829.0,184530.0
2026-01-28 10:00:00,5028.0,5043.0,5027.0,5035.0,1217.0,184530.0,184525.0
2026-01-28 10:30:00,5037.0,5055.0,5037.0,5038.0,4457.0,184525.0,184396.0
2026-01-28 11:00:00,5038.0,5057.0,5035.0,5054.0,2896.0,184396.0,185006.0
2026-01-28 13:30:00,5051.0,5053.0,5028.0,5037.0,5640.0,185006.0,185211.0
2026-01-28 14:00:00,5037.0,5044.0,5006.0,5008.0,12750.0,185211.0,188580.0
2026-01-28 14:30:00,5008.0,5028.0,5005.0,5025.0,8115.0,188580.0,189585.0
2026-01-28 21:00:00,5017.0,5038.0,4978.0,4982.0,22551.0,189585.0,186945.0
2026-01-28 21:30:00,4982.0,5020.0,4981.0,5009.0,10152.0,186945.0,186023.0
2026-01-28 22:00:00,5009.0,5020.0,5005.0,5011.0,6521.0,186023.0,185068.0
2026-01-28 22:30:00,5011.0,5015.0,5004.0,5012.0,2796.0,185068.0,185034.0
2026-01-29 09:00:00,5015.0,5017.0,4996.0,5004.0,7811.0,185034.0,184792.0
2026-01-29 09:30:00,5004.0,5026.0,5003.0,5024.0,3198.0,184792.0,184552.0
2026-01-29 10:00:00,5024.0,5030.0,5015.0,5024.0,1751.0,184552.0,184266.0
2026-01-29 10:30:00,5026.0,5032.0,5016.0,5028.0,3427.0,184266.0,184563.0
2026-01-29 11:00:00,5028.0,5032.0,5019.0,5020.0,2055.0,184563.0,184014.0
2026-01-29 13:30:00,5027.0,5045.0,5025.0,5040.0,6205.0,184014.0,183823.0
2026-01-29 14:00:00,5040.0,5043.0,5018.0,5020.0,5031.0,183823.0,184837.0
2026-01-29 14:30:00,5020.0,5033.0,5011.0,5019.0,5921.0,184837.0,184975.0
2026-01-29 21:00:00,5050.0,5085.0,5041.0,5072.0,22133.0,184975.0,186214.0
2026-01-29 21:30:00,5072.0,5077.0,5047.0,5064.0,9592.0,186214.0,187940.0
2026-01-29 22:00:00,5064.0,5095.0,5064.0,5094.0,7131.0,187940.0,188659.0
2026-01-29 22:30:00,5094.0,5142.0,5087.0,5118.0,16774.0,188659.0,187358.0
2026-01-30 09:00:00,5107.0,5107.0,5029.0,5055.0,24922.0,187358.0,186464.0
2026-01-30 09:30:00,5055.0,5062.0,5036.0,5044.0,7398.0,186464.0,185782.0
2026-01-30 10:00:00,5044.0,5052.0,5039.0,5041.0,2678.0,185782.0,185693.0
2026-01-30 10:30:00,5039.0,5097.0,5018.0,5097.0,24745.0,185693.0,183930.0
2026-01-30 11:00:00,5097.0,5105.0,5073.0,5098.0,12078.0,183930.0,183348.0
2026-01-30 13:30:00,5100.0,5203.0,5099.0,5178.0,38660.0,183348.0,186499.0
2026-01-30 14:00:00,5178.0,5223.0,5167.0,5198.0,22226.0,186499.0,188274.0
2026-01-30 14:30:00,5198.0,5243.0,5164.0,5185.0,32292.0,188274.0,189466.0
2026-01-30 21:00:00,5211.0,5211.0,5152.0,5193.0,25486.0,189466.0,191721.0
2026-01-30 21:30:00,5193.0,5248.0,5188.0,5229.0,21205.0,191721.0,191110.0
2026-01-30 22:00:00,5229.0,5264.0,5229.0,5252.0,24252.0,191110.0,193130.0
2026-01-30 22:30:00,5252.0,5259.0,5214.0,5225.0,13096.0,193130.0,191131.0
2026-02-02 09:00:00,5212.0,5212.0,5159.0,5185.0,27374.0,191131.0,193834.0
2026-02-02 09:30:00,5185.0,5201.0,5161.0,5182.0,11096.0,193834.0,193919.0
2026-02-02 10:00:00,5182.0,5198.0,5167.0,5174.0,4156.0,193919.0,193995.0
2026-02-02 10:30:00,5172.0,5179.0,5132.0,5142.0,24380.0,193995.0,192446.0
2026-02-02 11:00:00,5142.0,5162.0,5128.0,5133.0,8115.0,192446.0,192388.0
2026-02-02 13:30:00,5123.0,5128.0,5077.0,5125.0,28653.0,192388.0,192283.0
2026-02-02 14:00:00,5125.0,5155.0,5115.0,5125.0,16733.0,192283.0,192308.0
2026-02-02 14:30:00,5125.0,5133.0,5100.0,5131.0,10699.0,192308.0,190136.0
2026-02-02 21:00:00,5142.0,5204.0,5142.0,5181.0,32197.0,190136.0,189340.0
2026-02-02 21:30:00,5181.0,5210.0,5164.0,5206.0,15144.0,189340.0,190656.0
2026-02-02 22:00:00,5206.0,5216.0,5192.0,5212.0,15047.0,190656.0,191319.0
2026-02-02 22:30:00,5212.0,5212.0,5170.0,5174.0,8141.0,191319.0,189540.0
2026-02-03 09:00:00,5170.0,5197.0,5170.0,5180.0,7395.0,189540.0,190239.0
2026-02-03 09:30:00,5180.0,5184.0,5152.0,5166.0,7209.0,190239.0,189642.0
2026-02-03 10:00:00,5166.0,5180.0,5157.0,5161.0,2968.0,189642.0,189611.0
2026-02-03 10:30:00,5160.0,5188.0,5157.0,5159.0,9841.0,189611.0,189540.0
2026-02-03 11:00:00,5159.0,5159.0,5123.0,5134.0,12271.0,189540.0,188992.0
2026-02-03 13:30:00,5140.0,5147.0,5124.0,5142.0,6103.0,188992.0,188909.0
2026-02-03 14:00:00,5142.0,5154.0,5133.0,5149.0,5209.0,188909.0,188356.0
2026-02-03 14:30:00,5149.0,5186.0,5142.0,5183.0,7184.0,188356.0,188572.0
2026-02-03 21:00:00,5194.0,5197.0,5152.0,5187.0,16567.0,188572.0,189229.0
2026-02-03 21:30:00,5187.0,5197.0,5156.0,5166.0,26411.0,189229.0,181636.0
2026-02-03 22:00:00,5166.0,5179.0,5154.0,5172.0,4379.0,181636.0,180788.0
2026-02-03 22:30:00,5172.0,5173.0,5162.0,5165.0,2995.0,180788.0,180293.0
2026-02-04 09:00:00,5171.0,5201.0,5168.0,5193.0,10839.0,180293.0,183186.0
2026-02-04 09:30:00,5193.0,5232.0,5193.0,5227.0,10255.0,183186.0,184442.0
2026-02-04 10:00:00,5227.0,5255.0,5227.0,5249.0,9620.0,184442.0,183799.0
2026-02-04 10:30:00,5249.0,5265.0,5229.0,5229.0,15279.0,183799.0,183891.0
2026-02-04 11:00:00,5229.0,5263.0,5229.0,5254.0,9175.0,183891.0,185807.0
2026-02-04 13:30:00,5261.0,5271.0,5248.0,5249.0,12500.0,185807.0,187924.0
2026-02-04 14:00:00,5249.0,5254.0,5235.0,5244.0,7437.0,187924.0,187222.0
2026-02-04 14:30:00,5244.0,5258.0,5244.0,5254.0,4786.0,187222.0,187911.0
2026-02-04 21:00:00,5235.0,5247.0,5207.0,5231.0,15972.0,187911.0,189065.0
2026-02-04 21:30:00,5231.0,5243.0,5224.0,5231.0,5287.0,189065.0,189240.0
2026-02-04 22:00:00,5231.0,5248.0,5223.0,5232.0,4245.0,189240.0,189111.0
2026-02-04 22:30:00,5232.0,5239.0,5220.0,5224.0,7282.0,189111.0,188653.0
2026-02-05 09:00:00,5228.0,5241.0,5180.0,5188.0,16447.0,188653.0,189571.0
2026-02-05 09:30:00,5188.0,5199.0,5183.0,5184.0,6703.0,189571.0,189104.0
2026-02-05 10:00:00,5184.0,5186.0,5169.0,5177.0,5222.0,189104.0,189309.0
2026-02-05 10:30:00,5178.0,5183.0,5151.0,5170.0,8355.0,189309.0,188461.0
2026-02-05 11:00:00,5170.0,5178.0,5161.0,5166.0,4691.0,188461.0,188609.0
2026-02-05 13:30:00,5166.0,5180.0,5160.0,5164.0,4793.0,188609.0,188006.0
2026-02-05 14:00:00,5164.0,5165.0,5131.0,5142.0,13295.0,188006.0,187551.0
2026-02-05 14:30:00,5142.0,5165.0,5138.0,5161.0,6564.0,187551.0,188276.0
2026-02-05 21:00:00,5144.0,5152.0,5074.0,5095.0,16887.0,188276.0,189501.0
2026-02-05 21:30:00,5095.0,5125.0,5093.0,5109.0,19618.0,189501.0,197118.0
2026-02-05 22:00:00,5109.0,5129.0,5098.0,5125.0,12966.0,197118.0,203095.0
2026-02-05 22:30:00,5125.0,5126.0,5110.0,5113.0,3842.0,203095.0,202817.0
2026-02-06 09:00:00,5105.0,5105.0,5074.0,5082.0,10975.0,202817.0,202334.0
2026-02-06 09:30:00,5082.0,5084.0,5061.0,5074.0,10552.0,202334.0,202136.0
2026-02-06 10:00:00,5074.0,5094.0,5069.0,5093.0,2542.0,202136.0,201639.0
2026-02-06 10:30:00,5095.0,5112.0,5095.0,5098.0,6280.0,201639.0,201542.0
2026-02-06 11:00:00,5098.0,5115.0,5091.0,5109.0,4883.0,201542.0,200928.0
2026-02-06 13:30:00,5110.0,5135.0,5110.0,5135.0,6348.0,200928.0,200941.0
2026-02-06 14:00:00,5135.0,5138.0,5125.0,5128.0,2951.0,200941.0,201021.0
2026-02-06 14:30:00,5128.0,5130.0,5088.0,5094.0,6249.0,201021.0,199337.0
2026-02-06 21:00:00,5083.0,5124.0,5077.0,5116.0,10392.0,199337.0,198267.0
2026-02-06 21:30:00,5116.0,5117.0,5092.0,5094.0,3506.0,198267.0,197991.0
2026-02-06 22:00:00,5094.0,5095.0,5072.0,5077.0,4674.0,197991.0,197977.0
2026-02-06 22:30:00,5077.0,5094.0,5077.0,5083.0,3028.0,197977.0,197664.0
2026-02-09 09:00:00,5084.0,5114.0,5084.0,5106.0,5055.0,197664.0,197505.0
2026-02-09 09:30:00,5106.0,5116.0,5098.0,5111.0,3453.0,197505.0,197057.0
2026-02-09 10:00:00,5111.0,5120.0,5107.0,5119.0,1473.0,197057.0,197043.0
2026-02-09 10:30:00,5119.0,5133.0,5112.0,5128.0,4339.0,197043.0,196477.0
2026-02-09 11:00:00,5128.0,5151.0,5125.0,5136.0,5059.0,196477.0,196419.0
2026-02-09 13:30:00,5139.0,5146.0,5113.0,5127.0,6082.0,196419.0,196135.0
2026-02-09 14:00:00,5127.0,5127.0,5108.0,5110.0,2924.0,196135.0,195847.0
2026-02-09 14:30:00,5110.0,5116.0,5101.0,5109.0,3462.0,195847.0,195644.0
2026-02-09 21:00:00,5118.0,5120.0,5090.0,5096.0,9347.0,195644.0,195260.0
2026-02-09 21:30:00,5096.0,5101.0,5072.0,5073.0,5326.0,195260.0,194611.0
2026-02-09 22:00:00,5073.0,5081.0,5051.0,5058.0,13410.0,194611.0,193284.0
2026-02-09 22:30:00,5058.0,5086.0,5055.0,5086.0,7762.0,193284.0,192459.0
2026-02-10 09:00:00,5087.0,5090.0,5072.0,5080.0,4806.0,192459.0,192090.0
2026-02-10 09:30:00,5080.0,5092.0,5076.0,5087.0,4161.0,192090.0,192943.0
2026-02-10 10:00:00,5087.0,5096.0,5086.0,5095.0,3498.0,192943.0,193170.0
2026-02-10 10:30:00,5095.0,5098.0,5068.0,5074.0,3975.0,193170.0,193684.0
2026-02-10 11:00:00,5074.0,5076.0,5052.0,5059.0,4327.0,193684.0,194381.0
2026-02-10 13:30:00,5060.0,5080.0,5054.0,5075.0,2418.0,194381.0,194105.0
2026-02-10 14:00:00,5075.0,5091.0,5073.0,5077.0,3784.0,194105.0,194099.0
2026-02-10 14:30:00,5077.0,5090.0,5077.0,5088.0,2563.0,194099.0,193691.0
2026-02-10 21:00:00,5083.0,5090.0,5064.0,5081.0,6160.0,193691.0,194455.0
2026-02-10 21:30:00,5081.0,5086.0,5072.0,5083.0,2789.0,194455.0,194705.0
2026-02-10 22:00:00,5083.0,5085.0,5078.0,5080.0,1366.0,194705.0,194576.0
2026-02-10 22:30:00,5080.0,5081.0,5067.0,5076.0,2077.0,194576.0,194372.0
2026-02-11 09:00:00,5076.0,5104.0,5073.0,5097.0,7247.0,194372.0,194149.0
2026-02-11 09:30:00,5097.0,5100.0,5089.0,5092.0,1986.0,194149.0,194160.0
2026-02-11 10:00:00,5092.0,5100.0,5091.0,5095.0,1065.0,194160.0,193925.0
2026-02-11 10:30:00,5098.0,5121.0,5098.0,5107.0,6495.0,193925.0,194106.0
2026-02-11 11:00:00,5107.0,5110.0,5101.0,5106.0,1634.0,194106.0,193928.0
2026-02-11 13:30:00,5108.0,5108.0,5095.0,5099.0,4058.0,193928.0,193240.0
2026-02-11 14:00:00,5099.0,5109.0,5099.0,5106.0,2856.0,193240.0,192840.0
2026-02-11 14:30:00,5106.0,5107.0,5095.0,5103.0,2772.0,192840.0,191945.0
2026-02-11 21:00:00,5109.0,5114.0,5089.0,5093.0,7151.0,191945.0,190544.0
2026-02-11 21:30:00,5093.0,5097.0,5087.0,5090.0,4160.0,190544.0,189245.0
2026-02-11 22:00:00,5090.0,5100.0,5080.0,5082.0,4211.0,189245.0,188844.0
2026-02-11 22:30:00,5082.0,5084.0,5077.0,5078.0,2873.0,188844.0,188300.0
2026-02-12 09:00:00,5076.0,5082.0,5067.0,5079.0,3751.0,188300.0,187732.0
2026-02-12 09:30:00,5079.0,5079.0,5070.0,5073.0,1810.0,187732.0,187939.0
2026-02-12 10:00:00,5073.0,5085.0,5070.0,5083.0,1428.0,187939.0,187673.0
2026-02-12 10:30:00,5082.0,5082.0,5061.0,5072.0,3874.0,187673.0,187296.0
2026-02-12 11:00:00,5072.0,5082.0,5062.0,5066.0,1775.0,187296.0,187036.0
2026-02-12 13:30:00,5064.0,5071.0,5055.0,5071.0,6951.0,187036.0,186749.0
2026-02-12 14:00:00,5071.0,5073.0,5060.0,5065.0,3759.0,186749.0,187495.0
2026-02-12 14:30:00,5065.0,5069.0,5047.0,5059.0,4704.0,187495.0,187319.0
2026-02-12 21:00:00,5054.0,5062.0,5030.0,5035.0,14827.0,187319.0,186141.0
2026-02-12 21:30:00,5035.0,5042.0,5026.0,5040.0,4454.0,186141.0,186367.0
2026-02-12 22:00:00,5040.0,5055.0,5036.0,5051.0,2139.0,186367.0,186322.0
2026-02-12 22:30:00,5051.0,5056.0,5048.0,5051.0,1147.0,186322.0,186054.0
2026-02-13 09:00:00,5040.0,5060.0,5032.0,5056.0,6149.0,186054.0,186977.0
2026-02-13 09:30:00,5056.0,5057.0,5046.0,5048.0,4653.0,186977.0,187761.0
2026-02-13 10:00:00,5048.0,5049.0,5037.0,5041.0,1794.0,187761.0,187537.0
2026-02-13 10:30:00,5041.0,5047.0,5038.0,5046.0,2321.0,187537.0,186926.0
2026-02-13 11:00:00,5046.0,5052.0,5017.0,5020.0,5071.0,186926.0,187513.0
2026-02-13 13:30:00,5021.0,5039.0,5017.0,5027.0,3432.0,187513.0,187911.0
2026-02-13 14:00:00,5027.0,5036.0,5016.0,5028.0,3103.0,187911.0,187944.0
2026-02-13 14:30:00,5028.0,5032.0,5016.0,5027.0,3607.0,187944.0,187795.0
2026-02-24 09:00:00,5057.0,5057.0,4980.0,4998.0,21892.0,187795.0,193567.0
2026-02-24 09:30:00,4998.0,5002.0,4960.0,4980.0,9780.0,193567.0,194205.0
2026-02-24 10:00:00,4980.0,5019.0,4976.0,5019.0,5362.0,194205.0,193328.0
2026-02-24 10:30:00,5015.0,5126.0,5012.0,5120.0,17493.0,193328.0,192229.0
2026-02-24 11:00:00,5120.0,5131.0,5089.0,5097.0,10595.0,192229.0,192574.0
2026-02-24 13:30:00,5097.0,5125.0,5079.0,5125.0,6274.0,192574.0,193460.0
2026-02-24 14:00:00,5125.0,5128.0,5108.0,5108.0,3952.0,193460.0,193919.0
2026-02-24 14:30:00,5108.0,5110.0,5068.0,5072.0,10889.0,193919.0,195339.0
2026-02-24 21:00:00,5072.0,5104.0,5063.0,5104.0,18864.0,195339.0,202425.0
2026-02-24 21:30:00,5104.0,5104.0,5075.0,5077.0,6793.0,202425.0,203366.0
2026-02-24 22:00:00,5077.0,5087.0,5072.0,5085.0,4099.0,203366.0,204412.0
2026-02-24 22:30:00,5085.0,5093.0,5083.0,5088.0,2786.0,204412.0,203792.0
2026-02-25 09:00:00,5085.0,5094.0,5075.0,5075.0,7468.0,203792.0,206002.0
2026-02-25 09:30:00,5075.0,5088.0,5065.0,5065.0,3349.0,206002.0,206517.0
2026-02-25 10:00:00,5065.0,5074.0,5061.0,5072.0,3329.0,206517.0,207045.0
2026-02-25 10:30:00,5072.0,5077.0,5064.0,5076.0,6209.0,207045.0,207585.0
2026-02-25 11:00:00,5076.0,5103.0,5076.0,5096.0,16089.0,207585.0,214224.0
2026-02-25 13:30:00,5092.0,5110.0,5086.0,5088.0,12031.0,214224.0,217527.0
2026-02-25 14:00:00,5088.0,5091.0,5081.0,5082.0,4770.0,217527.0,217846.0
2026-02-25 14:30:00,5082.0,5095.0,5077.0,5094.0,9760.0,217846.0,222423.0
2026-02-25 21:00:00,5085.0,5098.0,5037.0,5050.0,19120.0,222423.0,223310.0
2026-02-25 21:30:00,5050.0,5063.0,5033.0,5040.0,7199.0,223310.0,223671.0
2026-02-25 22:00:00,5040.0,5046.0,5035.0,5036.0,2840.0,223671.0,224203.0
2026-02-25 22:30:00,5036.0,5043.0,5030.0,5037.0,4401.0,224203.0,223959.0
2026-02-26 09:00:00,5039.0,5050.0,5034.0,5049.0,8476.0,223959.0,227201.0
2026-02-26 09:30:00,5049.0,5055.0,5012.0,5012.0,14884.0,227201.0,231089.0
2026-02-26 10:00:00,5012.0,5024.0,5012.0,5019.0,5601.0,231089.0,233687.0
2026-02-26 10:30:00,5017.0,5017.0,4991.0,4994.0,11808.0,233687.0,235501.0
2026-02-26 11:00:00,4994.0,5012.0,4991.0,5009.0,3890.0,235501.0,236288.0
2026-02-26 13:30:00,5011.0,5012.0,4993.0,4995.0,6717.0,236288.0,238670.0
2026-02-26 14:00:00,4995.0,4999.0,4987.0,4994.0,7674.0,238670.0,240598.0
2026-02-26 14:30:00,4994.0,4999.0,4987.0,4992.0,6725.0,240598.0,241581.0
2026-02-26 21:00:00,4988.0,4988.0,4942.0,4946.0,26650.0,241581.0,243781.0
2026-02-26 21:30:00,4946.0,4947.0,4933.0,4936.0,7518.0,243781.0,245561.0
2026-02-26 22:00:00,4936.0,4937.0,4908.0,4910.0,10951.0,245561.0,249407.0
2026-02-26 22:30:00,4910.0,4914.0,4904.0,4906.0,7759.0,249407.0,249718.0
2026-02-27 09:00:00,4906.0,4923.0,4902.0,4918.0,23258.0,249718.0,250730.0
2026-02-27 09:30:00,4918.0,4928.0,4915.0,4925.0,6074.0,250730.0,250848.0
2026-02-27 10:00:00,4925.0,4933.0,4922.0,4931.0,5730.0,250848.0,251296.0
2026-02-27 10:30:00,4933.0,4956.0,4933.0,4954.0,8131.0,251296.0,250308.0
2026-02-27 11:00:00,4954.0,4955.0,4910.0,4913.0,12020.0,250308.0,248368.0
2026-02-27 13:30:00,4918.0,4929.0,4915.0,4917.0,6895.0,248368.0,247598.0
2026-02-27 14:00:00,4917.0,4919.0,4907.0,4912.0,5261.0,247598.0,248073.0
2026-02-27 14:30:00,4912.0,4935.0,4908.0,4930.0,5655.0,248073.0,248222.0
2026-02-27 21:00:00,4970.0,4988.0,4958.0,4962.0,26620.0,248222.0,253499.0
2026-02-27 21:30:00,4962.0,4971.0,4942.0,4949.0,7027.0,253499.0,253688.0
2026-02-27 22:00:00,4949.0,4955.0,4931.0,4933.0,6288.0,253688.0,255962.0
2026-02-27 22:30:00,4933.0,4945.0,4923.0,4940.0,7705.0,255962.0,255239.0
2026-03-02 09:00:00,4972.0,4990.0,4928.0,4931.0,26174.0,255239.0,254211.0
2026-03-02 09:30:00,4931.0,4942.0,4911.0,4919.0,10250.0,254211.0,256431.0
2026-03-02 10:00:00,4919.0,4922.0,4905.0,4913.0,5167.0,256431.0,256973.0
2026-03-02 10:30:00,4915.0,4946.0,4915.0,4931.0,7046.0,256973.0,257609.0
2026-03-02 11:00:00,4931.0,4943.0,4921.0,4938.0,6517.0,257609.0,257607.0
2026-03-02 13:30:00,4950.0,4969.0,4941.0,4966.0,11836.0,257607.0,257156.0
2026-03-02 14:00:00,4966.0,4992.0,4959.0,4989.0,14593.0,257156.0,257313.0
2026-03-02 14:30:00,4989.0,5011.0,4978.0,5000.0,13688.0,257313.0,256541.0
2026-03-02 21:00:00,5008.0,5026.0,4986.0,5005.0,16121.0,256541.0,255797.0
2026-03-02 21:30:00,5005.0,5010.0,4987.0,4994.0,7586.0,255797.0,255311.0
2026-03-02 22:00:00,4994.0,4994.0,4964.0,4967.0,12049.0,255311.0,253451.0
2026-03-02 22:30:00,4967.0,4977.0,4957.0,4962.0,10707.0,253451.0,252036.0
2026-03-03 09:00:00,4962.0,5009.0,4961.0,5007.0,15350.0,252036.0,249345.0
2026-03-03 09:30:00,5007.0,5034.0,4992.0,4999.0,22792.0,249345.0,244894.0
2026-03-03 10:00:00,4999.0,5004.0,4987.0,4992.0,4395.0,244894.0,244750.0
2026-03-03 10:30:00,4997.0,5025.0,4985.0,5002.0,20789.0,244750.0,245807.0
2026-03-03 11:00:00,5002.0,5030.0,5001.0,5018.0,10310.0,245807.0,242824.0
2026-03-03 13:30:00,5023.0,5072.0,5023.0,5039.0,28493.0,242824.0,241388.0
2026-03-03 14:00:00,5039.0,5048.0,5023.0,5048.0,12612.0,241388.0,239478.0
2026-03-03 14:30:00,5048.0,5063.0,5039.0,5060.0,12532.0,239478.0,235497.0
2026-03-03 21:00:00,5080.0,5101.0,5060.0,5092.0,30102.0,235497.0,236191.0
2026-03-03 21:30:00,5092.0,5148.0,5080.0,5146.0,23516.0,236191.0,233407.0
2026-03-03 22:00:00,5146.0,5169.0,5107.0,5119.0,27868.0,233407.0,231989.0
2026-03-03 22:30:00,5119.0,5123.0,5091.0,5105.0,14171.0,231989.0,230024.0
2026-03-04 09:00:00,5100.0,5113.0,5060.0,5069.0,26372.0,230024.0,228256.0
2026-03-04 09:30:00,5069.0,5082.0,5044.0,5051.0,21252.0,228256.0,227979.0
2026-03-04 10:00:00,5051.0,5069.0,5046.0,5060.0,5627.0,227979.0,227960.0
2026-03-04 10:30:00,5056.0,5061.0,5030.0,5056.0,14809.0,227960.0,230419.0
2026-03-04 11:00:00,5056.0,5085.0,5050.0,5072.0,10896.0,230419.0,230014.0
2026-03-04 13:30:00,5080.0,5118.0,5080.0,5102.0,18098.0,230014.0,228085.0
2026-03-04 14:00:00,5102.0,5122.0,5096.0,5118.0,7189.0,228085.0,228176.0
2026-03-04 14:30:00,5118.0,5126.0,5106.0,5125.0,11335.0,228176.0,226474.0
2026-03-04 21:00:00,5105.0,5118.0,5058.0,5111.0,32537.0,226474.0,226413.0
2026-03-04 21:30:00,5111.0,5119.0,5087.0,5109.0,13739.0,226413.0,228149.0
2026-03-04 22:00:00,5109.0,5129.0,5107.0,5116.0,11695.0,228149.0,228041.0
2026-03-04 22:30:00,5116.0,5151.0,5115.0,5135.0,17338.0,228041.0,227929.0
2026-03-05 09:00:00,5155.0,5163.0,5140.0,5141.0,18115.0,227929.0,228376.0
2026-03-05 09:30:00,5141.0,5159.0,5132.0,5148.0,16282.0,228376.0,228756.0
2026-03-05 10:00:00,5148.0,5154.0,5138.0,5146.0,8261.0,228756.0,228928.0
2026-03-05 10:30:00,5150.0,5180.0,5145.0,5159.0,20671.0,228928.0,231188.0
2026-03-05 11:00:00,5159.0,5187.0,5144.0,5175.0,20181.0,231188.0,232586.0
2026-03-05 13:30:00,5185.0,5207.0,5182.0,5186.0,36543.0,232586.0,233778.0
2026-03-05 14:00:00,5186.0,5190.0,5157.0,5177.0,20906.0,233778.0,231835.0
2026-03-05 14:30:00,5177.0,5192.0,5108.0,5136.0,34822.0,231835.0,232585.0
2026-03-05 21:00:00,5130.0,5177.0,5130.0,5173.0,25298.0,232585.0,232762.0
2026-03-05 21:30:00,5173.0,5177.0,5138.0,5157.0,12972.0,232762.0,234175.0
2026-03-05 22:00:00,5157.0,5170.0,5145.0,5160.0,7089.0,234175.0,234021.0
2026-03-05 22:30:00,5160.0,5166.0,5154.0,5162.0,7004.0,234021.0,234191.0
2026-03-06 09:00:00,5165.0,5185.0,5145.0,5179.0,11517.0,234191.0,233745.0
2026-03-06 09:30:00,5179.0,5209.0,5178.0,5204.0,17757.0,233745.0,235251.0
2026-03-06 10:00:00,5204.0,5227.0,5193.0,5214.0,12542.0,235251.0,236901.0
2026-03-06 10:30:00,5215.0,5239.0,5188.0,5228.0,18201.0,236901.0,238695.0
2026-03-06 11:00:00,5228.0,5265.0,5226.0,5260.0,21865.0,238695.0,239156.0
2026-03-06 13:30:00,5261.0,5348.0,5261.0,5331.0,87445.0,239156.0,248782.0
2026-03-06 14:00:00,5331.0,5377.0,5320.0,5374.0,33264.0,248782.0,250734.0
2026-03-06 14:30:00,5374.0,5378.0,5339.0,5362.0,29053.0,250734.0,247543.0
2026-03-06 21:00:00,5448.0,5530.0,5405.0,5478.0,88034.0,247543.0,251107.0
2026-03-06 21:30:00,5478.0,5505.0,5415.0,5500.0,49849.0,251107.0,253409.0
2026-03-06 22:00:00,5500.0,5541.0,5471.0,5479.0,37967.0,253409.0,258413.0
2026-03-06 22:30:00,5479.0,5514.0,5470.0,5484.0,22557.0,258413.0,257665.0
2026-03-09 09:00:00,5577.0,5577.0,5577.0,5577.0,6300.0,257665.0,255519.0
2026-03-09 09:30:00,5577.0,5577.0,5577.0,5577.0,741.0,255519.0,255504.0
2026-03-09 10:00:00,5577.0,5577.0,5577.0,5577.0,309.0,255504.0,255479.0
2026-03-09 10:30:00,5577.0,5577.0,5577.0,5577.0,288.0,255479.0,255442.0
2026-03-09 11:00:00,5577.0,5577.0,5577.0,5577.0,269.0,255442.0,255354.0
2026-03-09 13:30:00,5577.0,5577.0,5489.0,5544.0,58796.0,255354.0,257655.0
2026-03-09 14:00:00,5544.0,5577.0,5478.0,5577.0,77079.0,257655.0,260668.0
2026-03-09 14:30:00,5577.0,5577.0,5577.0,5577.0,2849.0,260668.0,259408.0
2026-03-09 21:00:00,5580.0,5603.0,5442.0,5462.0,111271.0,259408.0,245408.0
2026-03-09 21:30:00,5462.0,5477.0,5416.0,5447.0,56728.0,245408.0,243331.0
2026-03-09 22:00:00,5447.0,5547.0,5445.0,5521.0,41483.0,243331.0,245519.0
2026-03-09 22:30:00,5521.0,5529.0,5452.0,5515.0,37364.0,245519.0,248121.0
2026-03-10 09:00:00,5400.0,5400.0,5112.0,5218.0,114403.0,248121.0,245188.0
2026-03-10 09:30:00,5218.0,5228.0,5189.0,5228.0,34943.0,245188.0,246566.0
2026-03-10 10:00:00,5228.0,5232.0,5208.0,5212.0,8863.0,246566.0,245094.0
2026-03-10 10:30:00,5215.0,5277.0,5206.0,5262.0,34750.0,245094.0,244162.0
2026-03-10 11:00:00,5262.0,5278.0,5237.0,5268.0,21577.0,244162.0,243664.0
2026-03-10 13:30:00,5274.0,5285.0,5243.0,5273.0,34864.0,243664.0,244670.0
2026-03-10 14:00:00,5273.0,5309.0,5259.0,5298.0,29269.0,244670.0,246524.0
2026-03-10 14:30:00,5298.0,5325.0,5290.0,5318.0,22409.0,246524.0,244826.0
2026-03-10 21:00:00,5350.0,5400.0,5321.0,5334.0,58353.0,244826.0,250255.0
2026-03-10 21:30:00,5334.0,5338.0,5295.0,5304.0,29144.0,250255.0,252068.0
2026-03-10 22:00:00,5304.0,5324.0,5258.0,5264.0,32368.0,252068.0,252905.0
2026-03-10 22:30:00,5264.0,5270.0,5241.0,5252.0,24529.0,252905.0,251256.0
2026-03-11 09:00:00,5246.0,5315.0,5233.0,5311.0,38040.0,251256.0,250938.0
2026-03-11 09:30:00,5311.0,5319.0,5294.0,5314.0,16412.0,250938.0,250899.0
2026-03-11 10:00:00,5314.0,5341.0,5312.0,5341.0,14764.0,250899.0,249671.0
2026-03-11 10:30:00,5341.0,5381.0,5341.0,5379.0,40186.0,249671.0,250084.0
2026-03-11 11:00:00,5379.0,5421.0,5378.0,5417.0,41090.0,250084.0,252790.0
2026-03-11 13:30:00,5410.0,5498.0,5382.0,5480.0,76740.0,252790.0,254416.0
2026-03-11 14:00:00,5480.0,5640.0,5477.0,5640.0,86643.0,254416.0,260292.0
2026-03-11 14:30:00,5640.0,5643.0,5558.0,5600.0,62587.0,260292.0,257492.0
2026-03-11 21:00:00,5656.0,5855.0,5650.0,5815.0,127945.0,257492.0,273360.0
2026-03-11 21:30:00,5815.0,5815.0,5642.0,5652.0,107628.0,273360.0,270518.0
2026-03-11 22:00:00,5652.0,5689.0,5608.0,5670.0,55031.0,270518.0,270892.0
2026-03-11 22:30:00,5670.0,5705.0,5650.0,5660.0,38355.0,270892.0,268996.0
2026-03-12 09:00:00,5802.0,5836.0,5710.0,5720.0,87284.0,268996.0,279253.0
2026-03-12 09:30:00,5720.0,5777.0,5718.0,5758.0,30690.0,279253.0,279542.0
2026-03-12 10:00:00,5758.0,5811.0,5757.0,5805.0,21456.0,279542.0,280996.0
2026-03-12 10:30:00,5803.0,5852.0,5751.0,5751.0,55744.0,280996.0,281411.0
2026-03-12 11:00:00,5751.0,5793.0,5731.0,5772.0,48019.0,281411.0,278912.0
2026-03-12 13:30:00,5751.0,5756.0,5654.0,5663.0,61057.0,278912.0,283979.0
2026-03-12 14:00:00,5663.0,5714.0,5643.0,5666.0,47811.0,283979.0,286210.0
2026-03-12 14:30:00,5666.0,5689.0,5582.0,5633.0,60021.0,286210.0,280789.0
2026-03-12 21:00:00,5668.0,5750.0,5634.0,5748.0,76531.0,280789.0,279826.0
2026-03-12 21:30:00,5748.0,5755.0,5678.0,5716.0,60323.0,279826.0,281760.0
2026-03-12 22:00:00,5716.0,5765.0,5698.0,5760.0,42800.0,281760.0,280127.0
2026-03-12 22:30:00,5760.0,5760.0,5712.0,5726.0,34903.0,280127.0,279190.0
2026-03-13 09:00:00,5726.0,5742.0,5677.0,5687.0,49371.0,279190.0,282992.0
2026-03-13 09:30:00,5687.0,5796.0,5685.0,5771.0,53585.0,282992.0,279510.0
2026-03-13 10:00:00,5771.0,5778.0,5748.0,5769.0,18522.0,279510.0,278710.0
2026-03-13 10:30:00,5773.0,5788.0,5716.0,5783.0,46560.0,278710.0,281424.0
2026-03-13 11:00:00,5783.0,5800.0,5748.0,5768.0,30429.0,281424.0,279892.0
2026-03-13 13:30:00,5761.0,5796.0,5733.0,5744.0,42836.0,279892.0,280039.0
2026-03-13 14:00:00,5744.0,5750.0,5707.0,5732.0,45328.0,280039.0,282297.0
2026-03-13 14:30:00,5732.0,5749.0,5715.0,5742.0,32895.0,282297.0,278706.0
2026-03-13 21:00:00,5674.0,5764.0,5642.0,5734.0,81090.0,278706.0,281251.0
2026-03-13 21:30:00,5734.0,5786.0,5723.0,5773.0,48210.0,281251.0,280777.0
2026-03-13 22:00:00,5773.0,5825.0,5759.0,5793.0,42020.0,280777.0,278996.0
2026-03-13 22:30:00,5793.0,5890.0,5779.0,5886.0,48977.0,278996.0,276890.0
2026-03-16 09:00:00,5882.0,5925.0,5803.0,5911.0,96178.0,276890.0,279524.0
2026-03-16 09:30:00,5911.0,5969.0,5900.0,5946.0,62710.0,279524.0,279331.0
2026-03-16 10:00:00,5946.0,5966.0,5906.0,5963.0,29678.0,279331.0,278149.0
2026-03-16 10:30:00,5957.0,5999.0,5889.0,5901.0,60215.0,278149.0,279181.0
2026-03-16 11:00:00,5901.0,5903.0,5816.0,5830.0,64114.0,279181.0,283610.0
2026-03-16 13:30:00,5856.0,5893.0,5811.0,5811.0,49540.0,283610.0,288712.0
2026-03-16 14:00:00,5811.0,5883.0,5803.0,5862.0,44340.0,288712.0,287410.0
2026-03-16 14:30:00,5862.0,5876.0,5831.0,5849.0,26233.0,287410.0,283077.0
2026-03-16 21:00:00,5805.0,5839.0,5751.0,5796.0,84946.0,283077.0,286438.0
2026-03-16 21:30:00,5796.0,5824.0,5705.0,5720.0,83771.0,286438.0,290105.0
2026-03-16 22:00:00,5720.0,5765.0,5709.0,5758.0,69807.0,290105.0,286639.0
2026-03-16 22:30:00,5758.0,5778.0,5751.0,5765.0,33593.0,286639.0,283996.0
2026-03-17 09:00:00,5782.0,5836.0,5782.0,5824.0,52549.0,283996.0,284743.0
2026-03-17 09:30:00,5824.0,5919.0,5817.0,5879.0,63118.0,284743.0,284585.0
2026-03-17 10:00:00,5879.0,5894.0,5865.0,5889.0,13082.0,284585.0,284094.0
2026-03-17 10:30:00,5888.0,5890.0,5818.0,5821.0,43459.0,284094.0,283814.0
2026-03-17 11:00:00,5821.0,5863.0,5802.0,5850.0,33501.0,283814.0,282566.0
2026-03-17 13:30:00,5840.0,5906.0,5821.0,5900.0,47636.0,282566.0,283002.0
2026-03-17 14:00:00,5900.0,5909.0,5861.0,5866.0,45253.0,283002.0,282190.0
2026-03-17 14:30:00,5866.0,5910.0,5857.0,5885.0,37392.0,282190.0,279903.0
2026-03-17 21:00:00,5849.0,5920.0,5845.0,5883.0,80329.0,279903.0,283818.0
2026-03-17 21:30:00,5883.0,5899.0,5855.0,5894.0,51830.0,283818.0,285984.0
2026-03-17 22:00:00,5894.0,5915.0,5873.0,5900.0,41141.0,285984.0,287127.0
2026-03-17 22:30:00,5900.0,5903.0,5868.0,5869.0,31223.0,287127.0,283871.0
2026-03-18 09:00:00,5866.0,5877.0,5837.0,5871.0,51198.0,283871.0,286051.0
2026-03-18 09:30:00,5871.0,5882.0,5827.0,5846.0,45389.0,286051.0,285555.0
2026-03-18 10:00:00,5846.0,5856.0,5820.0,5824.0,20961.0,285555.0,284668.0
2026-03-18 10:30:00,5820.0,5827.0,5791.0,5820.0,44330.0,284668.0,282925.0
2026-03-18 11:00:00,5820.0,5824.0,5740.0,5768.0,45325.0,282925.0,284066.0
2026-03-18 13:30:00,5742.0,5766.0,5713.0,5725.0,46987.0,284066.0,286316.0
2026-03-18 14:00:00,5725.0,5754.0,5711.0,5741.0,41340.0,286316.0,287005.0
2026-03-18 14:30:00,5741.0,5760.0,5732.0,5746.0,28577.0,287005.0,283898.0
2026-03-18 21:00:00,5828.0,5950.0,5828.0,5903.0,108506.0,283898.0,283921.0
2026-03-18 21:30:00,5903.0,5920.0,5877.0,5908.0,49994.0,283921.0,284199.0
2026-03-18 22:00:00,5908.0,5958.0,5880.0,5947.0,64522.0,284199.0,287082.0
2026-03-18 22:30:00,5947.0,5991.0,5942.0,5969.0,57693.0,287082.0,283044.0
2026-03-19 09:00:00,5982.0,6057.0,5933.0,5938.0,91196.0,283044.0,289808.0
2026-03-19 09:30:00,5938.0,5958.0,5910.0,5954.0,52057.0,289808.0,289234.0
2026-03-19 10:00:00,5954.0,5985.0,5931.0,5934.0,25844.0,289234.0,288425.0
2026-03-19 10:30:00,5934.0,5934.0,5881.0,5895.0,44033.0,288425.0,288805.0
2026-03-19 11:00:00,5895.0,5904.0,5845.0,5858.0,42439.0,288805.0,289315.0
2026-03-19 13:30:00,5862.0,5908.0,5854.0,5875.0,45706.0,289315.0,291508.0
2026-03-19 14:00:00,5875.0,5894.0,5857.0,5890.0,33347.0,291508.0,291185.0
2026-03-19 14:30:00,5890.0,5906.0,5878.0,5894.0,33492.0,291185.0,290109.0
2026-03-19 21:00:00,5861.0,5909.0,5820.0,5875.0,93277.0,290109.0,290047.0
2026-03-19 21:30:00,5875.0,5927.0,5871.0,5923.0,57245.0,290047.0,290945.0
2026-03-19 22:00:00,5923.0,5953.0,5902.0,5930.0,55977.0,290945.0,289270.0
2026-03-19 22:30:00,5930.0,5948.0,5922.0,5937.0,33645.0,289270.0,283533.0
2026-03-20 09:00:00,5898.0,5908.0,5827.0,5843.0,77776.0,283533.0,284167.0
2026-03-20 09:30:00,5843.0,5881.0,5808.0,5881.0,53237.0,284167.0,281601.0
2026-03-20 10:00:00,5881.0,5905.0,5867.0,5885.0,28932.0,281601.0,279317.0
2026-03-20 10:30:00,5886.0,5900.0,5859.0,5899.0,28489.0,279317.0,281025.0
2026-03-20 11:00:00,5899.0,5899.0,5861.0,5871.0,28893.0,281025.0,283047.0
2026-03-20 13:30:00,5871.0,5891.0,5836.0,5855.0,34868.0,283047.0,284515.0
2026-03-20 14:00:00,5855.0,5884.0,5849.0,5872.0,22995.0,284515.0,283805.0
2026-03-20 14:30:00,5872.0,5903.0,5872.0,5896.0,26834.0,283805.0,282020.0
2026-03-20 21:00:00,5909.0,5969.0,5895.0,5963.0,77831.0,282020.0,287301.0
2026-03-20 21:30:00,5963.0,6000.0,5943.0,5998.0,54863.0,287301.0,290746.0
2026-03-20 22:00:00,5998.0,6016.0,5974.0,6015.0,38412.0,290746.0,290141.0
2026-03-20 22:30:00,6015.0,6100.0,6013.0,6099.0,67516.0,290141.0,289708.0
2026-03-23 09:00:00,6115.0,6153.0,6081.0,6134.0,74708.0,289708.0,291504.0
2026-03-23 09:30:00,6134.0,6208.0,6118.0,6204.0,53180.0,291504.0,293982.0
2026-03-23 10:00:00,6204.0,6206.0,6130.0,6161.0,30957.0,293982.0,293183.0
2026-03-23 10:30:00,6163.0,6257.0,6150.0,6251.0,53243.0,293183.0,295955.0
2026-03-23 11:00:00,6251.0,6295.0,6236.0,6288.0,42494.0,295955.0,295957.0
2026-03-23 13:30:00,6289.0,6345.0,6271.0,6313.0,64445.0,295957.0,298917.0
2026-03-23 14:00:00,6313.0,6380.0,6301.0,6367.0,48138.0,298917.0,301783.0
2026-03-23 14:30:00,6367.0,6370.0,6262.0,6287.0,60207.0,301783.0,296496.0
2026-03-23 21:00:00,6000.0,6095.0,5900.0,6090.0,151007.0,296496.0,299518.0
2026-03-23 21:30:00,6090.0,6092.0,6015.0,6031.0,79828.0,299518.0,300007.0
2026-03-23 22:00:00,6031.0,6033.0,5982.0,6020.0,62829.0,300007.0,298132.0
2026-03-23 22:30:00,6020.0,6049.0,5990.0,5990.0,46498.0,298132.0,294959.0
2026-03-24 09:00:00,6020.0,6115.0,6020.0,6066.0,60601.0,294959.0,297101.0
2026-03-24 09:30:00,6066.0,6110.0,6065.0,6082.0,38847.0,297101.0,298663.0
2026-03-24 10:00:00,6082.0,6107.0,6074.0,6095.0,15173.0,298663.0,298322.0
2026-03-24 10:30:00,6093.0,6119.0,6065.0,6065.0,39521.0,298322.0,299667.0
2026-03-24 11:00:00,6065.0,6098.0,6048.0,6080.0,31225.0,299667.0,298750.0
2026-03-24 13:30:00,6085.0,6125.0,6050.0,6057.0,48766.0,298750.0,302238.0
2026-03-24 14:00:00,6057.0,6057.0,5976.0,6000.0,77726.0,302238.0,299981.0
2026-03-24 14:30:00,6000.0,6013.0,5940.0,5940.0,67163.0,299981.0,296814.0
2026-03-24 21:00:00,5980.0,6025.0,5946.0,5994.0,88927.0,296814.0,301639.0
2026-03-24 21:30:00,5994.0,6003.0,5937.0,5944.0,52825.0,301639.0,301706.0
2026-03-24 22:00:00,5944.0,5949.0,5860.0,5873.0,75802.0,301706.0,298150.0
2026-03-24 22:30:00,5873.0,5894.0,5798.0,5833.0,97992.0,298150.0,292663.0
2026-03-25 09:00:00,5745.0,5745.0,5659.0,5697.0,103471.0,292663.0,291128.0
2026-03-25 09:30:00,5697.0,5703.0,5671.0,5681.0,36288.0,291128.0,293243.0
2026-03-25 10:00:00,5681.0,5724.0,5677.0,5707.0,20463.0,293243.0,293376.0
2026-03-25 10:30:00,5712.0,5750.0,5708.0,5748.0,34208.0,293376.0,296365.0
2026-03-25 11:00:00,5748.0,5775.0,5738.0,5774.0,27949.0,296365.0,294763.0
2026-03-25 13:30:00,5778.0,5804.0,5763.0,5792.0,39936.0,294763.0,297004.0
2026-03-25 14:00:00,5792.0,5804.0,5751.0,5775.0,39254.0,297004.0,298512.0
2026-03-25 14:30:00,5775.0,5810.0,5767.0,5801.0,46853.0,298512.0,303152.0
2026-03-25 21:00:00,5796.0,5815.0,5668.0,5672.0,102535.0,303152.0,315115.0
2026-03-25 21:30:00,5672.0,5771.0,5653.0,5746.0,93606.0,315115.0,317901.0
2026-03-25 22:00:00,5746.0,5762.0,5713.0,5744.0,66866.0,317901.0,320884.0
2026-03-25 22:30:00,5744.0,5773.0,5730.0,5765.0,33066.0,320884.0,316804.0
2026-03-26 09:00:00,5800.0,5821.0,5775.0,5781.0,65221.0,316804.0,324729.0
2026-03-26 09:30:00,5781.0,5781.0,5716.0,5726.0,66791.0,324729.0,330116.0
2026-03-26 10:00:00,5726.0,5726.0,5693.0,5699.0,32154.0,330116.0,333067.0
2026-03-26 10:30:00,5698.0,5753.0,5693.0,5744.0,50179.0,333067.0,332800.0
2026-03-26 11:00:00,5744.0,5768.0,5728.0,5751.0,39596.0,332800.0,334123.0
2026-03-26 13:30:00,5762.0,5795.0,5755.0,5793.0,48562.0,334123.0,333867.0
2026-03-26 14:00:00,5793.0,5799.0,5752.0,5757.0,43020.0,333867.0,334849.0
2026-03-26 14:30:00,5757.0,5781.0,5735.0,5766.0,41958.0,334849.0,332599.0
2026-03-26 21:00:00,5821.0,5864.0,5771.0,5776.0,90977.0,332599.0,339335.0
2026-03-26 21:30:00,5776.0,5795.0,5740.0,5758.0,56072.0,339335.0,341292.0
2026-03-26 22:00:00,5758.0,5765.0,5710.0,5718.0,45231.0,341292.0,341907.0
2026-03-26 22:30:00,5718.0,5742.0,5685.0,5721.0,57099.0,341907.0,339133.0
2026-03-27 09:00:00,5702.0,5755.0,5696.0,5713.0,55352.0,339133.0,342011.0
2026-03-27 09:30:00,5713.0,5734.0,5689.0,5702.0,56903.0,342011.0,344735.0
2026-03-27 10:00:00,5702.0,5702.0,5650.0,5695.0,44333.0,344735.0,347378.0
2026-03-27 10:30:00,5699.0,5703.0,5650.0,5656.0,47675.0,347378.0,350796.0
2026-03-27 11:00:00,5656.0,5701.0,5651.0,5700.0,39029.0,350796.0,350424.0
2026-03-27 13:30:00,5703.0,5729.0,5663.0,5720.0,52158.0,350424.0,350380.0
2026-03-27 14:00:00,5720.0,5720.0,5686.0,5710.0,40212.0,350380.0,351211.0
2026-03-27 14:30:00,5710.0,5726.0,5697.0,5725.0,33619.0,351211.0,349299.0
2026-03-27 21:00:00,5788.0,5796.0,5728.0,5757.0,101844.0,349299.0,352415.0
2026-03-27 21:30:00,5757.0,5820.0,5751.0,5811.0,67451.0,352415.0,352862.0
2026-03-27 22:00:00,5811.0,5818.0,5774.0,5783.0,64064.0,352862.0,356816.0
2026-03-27 22:30:00,5783.0,5798.0,5760.0,5780.0,57205.0,356816.0,352588.0
2026-03-30 09:00:00,5828.0,5866.0,5790.0,5812.0,84287.0,352588.0,356466.0
2026-03-30 09:30:00,5812.0,5836.0,5806.0,5827.0,37288.0,356466.0,356318.0
2026-03-30 10:00:00,5827.0,5860.0,5813.0,5853.0,30149.0,356318.0,356122.0
2026-03-30 10:30:00,5858.0,5860.0,5762.0,5774.0,68407.0,356122.0,360894.0
2026-03-30 11:00:00,5774.0,5784.0,5741.0,5751.0,57973.0,360894.0,361020.0
2026-03-30 13:30:00,5759.0,5777.0,5686.0,5693.0,76969.0,361020.0,369977.0
2026-03-30 14:00:00,5693.0,5709.0,5667.0,5681.0,59810.0,369977.0,369542.0
2026-03-30 14:30:00,5681.0,5684.0,5644.0,5659.0,60683.0,369542.0,365104.0
2026-03-30 21:00:00,5612.0,5636.0,5582.0,5610.0,107359.0,365104.0,371706.0
2026-03-30 21:30:00,5610.0,5610.0,5546.0,5553.0,100148.0,371706.0,376721.0
2026-03-30 22:00:00,5553.0,5602.0,5547.0,5575.0,57648.0,376721.0,376067.0
2026-03-30 22:30:00,5575.0,5596.0,5575.0,5589.0,30674.0,376067.0,371949.0
2026-03-31 09:00:00,5605.0,5607.0,5547.0,5549.0,80177.0,371949.0,375624.0
2026-03-31 09:30:00,5549.0,5554.0,5510.0,5548.0,82205.0,375624.0,374278.0
2026-03-31 10:00:00,5548.0,5548.0,5493.0,5505.0,32133.0,374278.0,377638.0
2026-03-31 10:30:00,5508.0,5537.0,5471.0,5477.0,59216.0,377638.0,380400.0
2026-03-31 11:00:00,5477.0,5481.0,5428.0,5457.0,73423.0,380400.0,377235.0
2026-03-31 13:30:00,5462.0,5501.0,5462.0,5487.0,65414.0,377235.0,375984.0
2026-03-31 14:00:00,5487.0,5515.0,5462.0,5468.0,67107.0,375984.0,374723.0
2026-03-31 14:30:00,5468.0,5481.0,5450.0,5459.0,44326.0,374723.0,372072.0
2026-03-31 21:00:00,5459.0,5503.0,5421.0,5496.0,77873.0,372072.0,378668.0
2026-03-31 21:30:00,5496.0,5497.0,5459.0,5476.0,51598.0,378668.0,379290.0
2026-03-31 22:00:00,5476.0,5486.0,5452.0,5473.0,39977.0,379290.0,380046.0
2026-03-31 22:30:00,5473.0,5514.0,5470.0,5511.0,41080.0,380046.0,376600.0
2026-04-01 09:00:00,5470.0,5515.0,5446.0,5489.0,87559.0,376600.0,378510.0
2026-04-01 09:30:00,5489.0,5508.0,5485.0,5495.0,41398.0,378510.0,379151.0
2026-04-01 10:00:00,5495.0,5510.0,5486.0,5510.0,20477.0,379151.0,380377.0
2026-04-01 10:30:00,5510.0,5547.0,5507.0,5547.0,53508.0,380377.0,384266.0
2026-04-01 11:00:00,5547.0,5548.0,5500.0,5524.0,46512.0,384266.0,383566.0
2026-04-01 13:30:00,5507.0,5507.0,5387.0,5428.0,135199.0,383566.0,382493.0
2026-04-01 14:00:00,5428.0,5431.0,5385.0,5391.0,74380.0,382493.0,382943.0
2026-04-01 14:30:00,5391.0,5400.0,5366.0,5369.0,88260.0,382943.0,391037.0
2026-04-01 21:00:00,5408.0,5440.0,5382.0,5400.0,100496.0,391037.0,397337.0
2026-04-01 21:30:00,5400.0,5419.0,5377.0,5415.0,57960.0,397337.0,398583.0
2026-04-01 22:00:00,5415.0,5431.0,5404.0,5422.0,44961.0,398583.0,398591.0
2026-04-01 22:30:00,5422.0,5431.0,5407.0,5430.0,36122.0,398591.0,395499.0
2026-04-02 09:00:00,5406.0,5462.0,5394.0,5461.0,99098.0,395499.0,401398.0
2026-04-02 09:30:00,5461.0,5548.0,5458.0,5530.0,110185.0,401398.0,402647.0
2026-04-02 10:00:00,5530.0,5546.0,5500.0,5542.0,59629.0,402647.0,402451.0
2026-04-02 10:30:00,5542.0,5600.0,5536.0,5577.0,109321.0,402451.0,403408.0
2026-04-02 11:00:00,5577.0,5595.0,5569.0,5585.0,55670.0,403408.0,402421.0
2026-04-02 13:30:00,5590.0,5617.0,5577.0,5607.0,84615.0,402421.0,399341.0
2026-04-02 14:00:00,5607.0,5623.0,5568.0,5588.0,66437.0,399341.0,399838.0
2026-04-02 14:30:00,5588.0,5600.0,5563.0,5575.0,44284.0,399838.0,396909.0
2026-04-02 21:00:00,5678.0,5712.0,5551.0,5563.0,139845.0,396909.0,408351.0
2026-04-02 21:30:00,5563.0,5573.0,5506.0,5513.0,76736.0,408351.0,409542.0
2026-04-02 22:00:00,5513.0,5527.0,5453.0,5461.0,92935.0,409542.0,412102.0
2026-04-02 22:30:00,5461.0,5496.0,5438.0,5485.0,89124.0,412102.0,405014.0
2026-04-03 09:00:00,5496.0,5562.0,5484.0,5550.0,125189.0,405014.0,399124.0
2026-04-03 09:30:00,5550.0,5557.0,5511.0,5526.0,54517.0,399124.0,402074.0
2026-04-03 10:00:00,5526.0,5528.0,5513.0,5519.0,20067.0,402074.0,404078.0
2026-04-03 10:30:00,5520.0,5535.0,5480.0,5526.0,68323.0,404078.0,405851.0
2026-04-03 11:00:00,5526.0,5533.0,5495.0,5522.0,44363.0,405851.0,404984.0
2026-04-03 13:30:00,5524.0,5527.0,5462.0,5480.0,66862.0,404984.0,407416.0
2026-04-03 14:00:00,5480.0,5539.0,5461.0,5518.0,97305.0,407416.0,405998.0
2026-04-03 14:30:00,5518.0,5539.0,5500.0,5528.0,75091.0,405998.0,406652.0
2026-04-07 09:00:00,5550.0,5563.0,5470.0,5507.0,119042.0,406652.0,418011.0
2026-04-07 09:30:00,5507.0,5552.0,5500.0,5536.0,80636.0,418011.0,425365.0
2026-04-07 10:00:00,5536.0,5543.0,5460.0,5500.0,70285.0,425365.0,432521.0
2026-04-07 10:30:00,5495.0,5537.0,5477.0,5485.0,90656.0,432521.0,438085.0
2026-04-07 11:00:00,5485.0,5530.0,5467.0,5521.0,68814.0,438085.0,441253.0
2026-04-07 13:30:00,5530.0,5619.0,5505.0,5507.0,160235.0,441253.0,451355.0
2026-04-07 14:00:00,5507.0,5560.0,5493.0,5535.0,104650.0,451355.0,459708.0
2026-04-07 14:30:00,5535.0,5545.0,5507.0,5511.0,65440.0,459708.0,453470.0
2026-04-07 21:00:00,5494.0,5532.0,5436.0,5463.0,143907.0,453470.0,467071.0
2026-04-07 21:30:00,5463.0,5495.0,5433.0,5458.0,101779.0,467071.0,484896.0
2026-04-07 22:00:00,5458.0,5486.0,5448.0,5451.0,60421.0,484896.0,484661.0
2026-04-07 22:30:00,5451.0,5474.0,5444.0,5469.0,43100.0,484661.0,478773.0
2026-04-08 09:00:00,5330.0,5342.0,5200.0,5329.0,205582.0,478773.0,476050.0
2026-04-08 09:30:00,5329.0,5370.0,5320.0,5350.0,82720.0,476050.0,480551.0
2026-04-08 10:00:00,5350.0,5374.0,5347.0,5361.0,26036.0,480551.0,481644.0
2026-04-08 10:30:00,5366.0,5369.0,5308.0,5341.0,89360.0,481644.0,488745.0
2026-04-08 11:00:00,5341.0,5342.0,5310.0,5324.0,56344.0,488745.0,492236.0
2026-04-08 13:30:00,5327.0,5335.0,5305.0,5311.0,43692.0,492236.0,493666.0
2026-04-08 14:00:00,5311.0,5320.0,5241.0,5241.0,67354.0,493666.0,494711.0
2026-04-08 14:30:00,5241.0,5288.0,5240.0,5280.0,69229.0,494711.0,487557.0
2026-04-08 21:00:00,5243.0,5308.0,5243.0,5301.0,106170.0,487557.0,491832.0
2026-04-08 21:30:00,5301.0,5312.0,5286.0,5303.0,57098.0,491832.0,490986.0
2026-04-08 22:00:00,5303.0,5311.0,5291.0,5305.0,39361.0,490986.0,490869.0
2026-04-08 22:30:00,5305.0,5331.0,5303.0,5331.0,42786.0,490869.0,485243.0
2026-04-09 09:00:00,5340.0,5365.0,5315.0,5331.0,90091.0,485243.0,491809.0
2026-04-09 09:30:00,5331.0,5331.0,5265.0,5266.0,78205.0,491809.0,498880.0
2026-04-09 10:00:00,5266.0,5268.0,5200.0,5211.0,74526.0,498880.0,510709.0
2026-04-09 10:30:00,5215.0,5253.0,5204.0,5244.0,71234.0,510709.0,515437.0
2026-04-09 11:00:00,5244.0,5245.0,5218.0,5227.0,42077.0,515437.0,514684.0
2026-04-09 13:30:00,5235.0,5244.0,5205.0,5223.0,59009.0,514684.0,521383.0
2026-04-09 14:00:00,5223.0,5228.0,5209.0,5216.0,38332.0,521383.0,520416.0
2026-04-09 14:30:00,5216.0,5226.0,5205.0,5214.0,38368.0,520416.0,514932.0
2026-04-09 21:00:00,5226.0,5227.0,5131.0,5138.0,148110.0,514932.0,532233.0
2026-04-09 21:30:00,5138.0,5138.0,5106.0,5119.0,104866.0,532233.0,544057.0
2026-04-09 22:00:00,5119.0,5124.0,5086.0,5120.0,82539.0,544057.0,546612.0
2026-04-09 22:30:00,5120.0,5135.0,5116.0,5132.0,49395.0,546612.0,539575.0
2026-04-10 09:00:00,5120.0,5129.0,5091.0,5096.0,85314.0,539575.0,544870.0
2026-04-10 09:30:00,5096.0,5111.0,5088.0,5100.0,41509.0,544870.0,547230.0
2026-04-10 10:00:00,5100.0,5113.0,5093.0,5098.0,23819.0,547230.0,551292.0
2026-04-10 10:30:00,5098.0,5113.0,5044.0,5053.0,94289.0,551292.0,563935.0
2026-04-10 11:00:00,5053.0,5092.0,5046.0,5092.0,53009.0,563935.0,563316.0
2026-04-10 13:30:00,5091.0,5097.0,5076.0,5092.0,50743.0,563316.0,564625.0
2026-04-10 14:00:00,5092.0,5101.0,5072.0,5090.0,49665.0,564625.0,561805.0
2026-04-10 14:30:00,5090.0,5091.0,5062.0,5067.0,48778.0,561805.0,556786.0
2026-04-10 21:00:00,5065.0,5072.0,5020.0,5021.0,121431.0,556786.0,578385.0
2026-04-10 21:30:00,5021.0,5073.0,5019.0,5050.0,99379.0,578385.0,576039.0
2026-04-10 22:00:00,5050.0,5065.0,5043.0,5054.0,51094.0,576039.0,576377.0
2026-04-10 22:30:00,5054.0,5075.0,5052.0,5074.0,39655.0,576377.0,569900.0
2026-04-13 09:00:00,5124.0,5150.0,5074.0,5082.0,142898.0,569900.0,585271.0
2026-04-13 09:30:00,5082.0,5098.0,5070.0,5076.0,47107.0,585271.0,585364.0
2026-04-13 10:00:00,5076.0,5083.0,5064.0,5082.0,26846.0,585364.0,586962.0
2026-04-13 10:30:00,5083.0,5090.0,5072.0,5079.0,41666.0,586962.0,592832.0
2026-04-13 11:00:00,5079.0,5109.0,5073.0,5098.0,53977.0,592832.0,594326.0
2026-04-13 13:30:00,5098.0,5125.0,5090.0,5112.0,65794.0,594326.0,594469.0
2026-04-13 14:00:00,5112.0,5128.0,5097.0,5108.0,63456.0,594469.0,599763.0
2026-04-13 14:30:00,5108.0,5110.0,5085.0,5092.0,50054.0,599763.0,594569.0
2026-04-13 21:00:00,5077.0,5099.0,5055.0,5079.0,109126.0,594569.0,611124.0
2026-04-13 21:30:00,5079.0,5081.0,5044.0,5050.0,71529.0,611124.0,613564.0
2026-04-13 22:00:00,5050.0,5060.0,5037.0,5055.0,57445.0,613564.0,616229.0
2026-04-13 22:30:00,5055.0,5058.0,5043.0,5053.0,36133.0,616229.0,612189.0
2026-04-14 09:00:00,5030.0,5056.0,5010.0,5015.0,117831.0,612189.0,626556.0
2026-04-14 09:30:00,5015.0,5017.0,4984.0,5007.0,84630.0,626556.0,631196.0
2026-04-14 10:00:00,5007.0,5010.0,4995.0,5005.0,30843.0,631196.0,633851.0
2026-04-14 10:30:00,5005.0,5022.0,4999.0,5001.0,53604.0,633851.0,639130.0
2026-04-14 11:00:00,5001.0,5020.0,4996.0,5014.0,37054.0,639130.0,641139.0
2026-04-14 13:30:00,5012.0,5020.0,4999.0,5018.0,53289.0,641139.0,643041.0
2026-04-14 14:00:00,5018.0,5030.0,5014.0,5023.0,47994.0,643041.0,642426.0
2026-04-14 14:30:00,5023.0,5045.0,5022.0,5039.0,58690.0,642426.0,641029.0
2026-04-14 21:00:00,5019.0,5127.0,5015.0,5101.0,280121.0,641029.0,670665.0
2026-04-14 21:30:00,5101.0,5116.0,5081.0,5084.0,111147.0,670665.0,678616.0
2026-04-14 22:00:00,5084.0,5092.0,5075.0,5083.0,85881.0,678616.0,675945.0
2026-04-14 22:30:00,5083.0,5086.0,5066.0,5083.0,69676.0,675945.0,667289.0
2026-04-15 09:00:00,5070.0,5082.0,5048.0,5067.0,106479.0,667289.0,673566.0
2026-04-15 09:30:00,5067.0,5113.0,5067.0,5110.0,107467.0,673566.0,679156.0
2026-04-15 10:00:00,5110.0,5120.0,5109.0,5116.0,48452.0,679156.0,684673.0
2026-04-15 10:30:00,5116.0,5158.0,5114.0,5144.0,159542.0,684673.0,701537.0
2026-04-15 11:00:00,5144.0,5144.0,5110.0,5122.0,92335.0,701537.0,704231.0
2026-04-15 13:30:00,5125.0,5138.0,5101.0,5104.0,109342.0,704231.0,706506.0
2026-04-15 14:00:00,5104.0,5117.0,5103.0,5106.0,61805.0,706506.0,709347.0
2026-04-15 14:30:00,5106.0,5113.0,5087.0,5100.0,83378.0,709347.0,706725.0
2026-04-15 21:00:00,5100.0,5134.0,5100.0,5119.0,172597.0,706725.0,725112.0
2026-04-15 21:30:00,5119.0,5119.0,5077.0,5079.0,133166.0,725112.0,733056.0
2026-04-15 22:00:00,5079.0,5087.0,5071.0,5079.0,70320.0,733056.0,736573.0
2026-04-15 22:30:00,5079.0,5098.0,5076.0,5088.0,68950.0,736573.0,728043.0
2026-04-16 09:00:00,5079.0,5088.0,5067.0,5079.0,102283.0,728043.0,733595.0
2026-04-16 09:30:00,5079.0,5085.0,5069.0,5076.0,67438.0,733595.0,743937.0
2026-04-16 10:00:00,5076.0,5102.0,5073.0,5093.0,56504.0,743937.0,745231.0
2026-04-16 10:30:00,5095.0,5103.0,5044.0,5061.0,133654.0,745231.0,753802.0
2026-04-16 11:00:00,5061.0,5073.0,5053.0,5061.0,70173.0,753802.0,752592.0
2026-04-16 13:30:00,5065.0,5069.0,5045.0,5056.0,70617.0,752592.0,758354.0
2026-04-16 14:00:00,5056.0,5084.0,5052.0,5082.0,67991.0,758354.0,755221.0
2026-04-16 14:30:00,5082.0,5117.0,5077.0,5109.0,137453.0,755221.0,754651.0
2026-04-16 21:00:00,5100.0,5118.0,5080.0,5097.0,139862.0,754651.0,762191.0
2026-04-16 21:30:00,5097.0,5119.0,5096.0,5102.0,87948.0,762191.0,764366.0
2026-04-16 22:00:00,5102.0,5113.0,5096.0,5104.0,67709.0,764366.0,764941.0
2026-04-16 22:30:00,5104.0,5115.0,5103.0,5110.0,50073.0,764941.0,760696.0
2026-04-17 09:00:00,5109.0,5125.0,5086.0,5096.0,114914.0,760696.0,765843.0
2026-04-17 09:30:00,5096.0,5116.0,5093.0,5100.0,85051.0,765843.0,768396.0
2026-04-17 10:00:00,5100.0,5126.0,5099.0,5117.0,40305.0,768396.0,771965.0
2026-04-17 10:30:00,5116.0,5152.0,5113.0,5136.0,175714.0,771965.0,778058.0
2026-04-17 11:00:00,5136.0,5145.0,5119.0,5126.0,67822.0,778058.0,774326.0
2026-04-17 13:30:00,5126.0,5126.0,5093.0,5095.0,102300.0,774326.0,775060.0
2026-04-17 14:00:00,5095.0,5102.0,5089.0,5094.0,66346.0,775060.0,781401.0
2026-04-17 14:30:00,5094.0,5104.0,5081.0,5093.0,95213.0,781401.0,782516.0
2026-04-17 21:00:00,5032.0,5098.0,4996.0,5093.0,250729.0,782516.0,789191.0
2026-04-17 21:30:00,5093.0,5108.0,5080.0,5087.0,109806.0,789191.0,791162.0
2026-04-17 22:00:00,5087.0,5126.0,5086.0,5120.0,102917.0,791162.0,794429.0
2026-04-17 22:30:00,5120.0,5142.0,5099.0,5133.0,129877.0,794429.0,781757.0
2026-04-20 09:00:00,5155.0,5169.0,5113.0,5129.0,189468.0,781757.0,797672.0
2026-04-20 09:30:00,5129.0,5137.0,5106.0,5115.0,103458.0,797672.0,806898.0
2026-04-20 10:00:00,5115.0,5146.0,5110.0,5139.0,58527.0,806898.0,805782.0
2026-04-20 10:30:00,5138.0,5138.0,5107.0,5129.0,103560.0,805782.0,808906.0
2026-04-20 11:00:00,5129.0,5180.0,5128.0,5160.0,140531.0,808906.0,814663.0
2026-04-20 13:30:00,5163.0,5167.0,5128.0,5142.0,105768.0,814663.0,816166.0
2026-04-20 14:00:00,5142.0,5145.0,5124.0,5139.0,97548.0,816166.0,827083.0
2026-04-20 14:30:00,5139.0,5154.0,5135.0,5147.0,82828.0,827083.0,815044.0
2026-04-20 21:00:00,5134.0,5160.0,5126.0,5133.0,164254.0,815044.0,832628.0
2026-04-20 21:30:00,5133.0,5151.0,5133.0,5139.0,88637.0,832628.0,840527.0
2026-04-20 22:00:00,5139.0,5165.0,5128.0,5129.0,112245.0,840527.0,845704.0
2026-04-20 22:30:00,5129.0,5137.0,5124.0,5127.0,81058.0,845704.0,839280.0
2026-04-21 09:00:00,5126.0,5136.0,5113.0,5118.0,121437.0,839280.0,855056.0
2026-04-21 09:30:00,5118.0,5122.0,5104.0,5117.0,74483.0,855056.0,860637.0
2026-04-21 10:00:00,5117.0,5129.0,5114.0,5122.0,29847.0,860637.0,858829.0
2026-04-21 10:30:00,5120.0,5132.0,5111.0,5126.0,69698.0,858829.0,869278.0
2026-04-21 11:00:00,5126.0,5136.0,5104.0,5128.0,107572.0,869278.0,869420.0
2026-04-21 13:30:00,5121.0,5121.0,5091.0,5106.0,146669.0,869420.0,890494.0
2026-04-21 14:00:00,5106.0,5126.0,5094.0,5125.0,93222.0,890494.0,882937.0
2026-04-21 14:30:00,5125.0,5141.0,5120.0,5134.0,120417.0,882937.0,868734.0
2026-04-21 21:00:00,5135.0,5147.0,5121.0,5132.0,123365.0,868734.0,879265.0
2026-04-21 21:30:00,5132.0,5142.0,5131.0,5137.0,49483.0,879265.0,881575.0
2026-04-21 22:00:00,5137.0,5163.0,5135.0,5155.0,94914.0,881575.0,889277.0
2026-04-21 22:30:00,5155.0,5177.0,5153.0,5175.0,93731.0,889277.0,878586.0
2026-04-22 09:00:00,5175.0,5179.0,5151.0,5164.0,104577.0,878586.0,884652.0
2026-04-22 09:30:00,5164.0,5172.0,5156.0,5169.0,53812.0,884652.0,885412.0
2026-04-22 10:00:00,5169.0,5185.0,5164.0,5181.0,39835.0,885412.0,888121.0
2026-04-22 10:30:00,5182.0,5220.0,5173.0,5218.0,135889.0,888121.0,896198.0
2026-04-22 11:00:00,5218.0,5255.0,5215.0,5247.0,179239.0,896198.0,894342.0
2026-04-22 13:30:00,5233.0,5235.0,5216.0,5226.0,135966.0,894342.0,898177.0
2026-04-22 14:00:00,5226.0,5229.0,5208.0,5213.0,85580.0,898177.0,905400.0
2026-04-22 14:30:00,5213.0,5235.0,5213.0,5230.0,80332.0,905400.0,899152.0
2026-04-22 21:00:00,5260.0,5267.0,5215.0,5220.0,184625.0,899152.0,923386.0
2026-04-22 21:30:00,5220.0,5230.0,5214.0,5220.0,69796.0,923386.0,925904.0
2026-04-22 22:00:00,5220.0,5225.0,5212.0,5223.0,50484.0,925904.0,925938.0
2026-04-22 22:30:00,5223.0,5227.0,5208.0,5209.0,55464.0,925938.0,918395.0
2026-04-23 09:00:00,5210.0,5221.0,5193.0,5208.0,112898.0,918395.0,920749.0
2026-04-23 09:30:00,5208.0,5210.0,5169.0,5180.0,136781.0,920749.0,921066.0
2026-04-23 10:00:00,5180.0,5185.0,5175.0,5185.0,24298.0,921066.0,921910.0
2026-04-23 10:30:00,5186.0,5210.0,5183.0,5206.0,88712.0,921910.0,924215.0
2026-04-23 11:00:00,5206.0,5207.0,5181.0,5192.0,82027.0,924215.0,924445.0
2026-04-23 13:30:00,5187.0,5206.0,5183.0,5187.0,77255.0,924445.0,930817.0
2026-04-23 14:00:00,5187.0,5190.0,5174.0,5185.0,67872.0,930817.0,931964.0
2026-04-23 14:30:00,5185.0,5190.0,5176.0,5189.0,50861.0,931964.0,925421.0
2026-04-23 21:00:00,5180.0,5228.0,5171.0,5220.0,192324.0,925421.0,933742.0
2026-04-23 21:30:00,5220.0,5220.0,5199.0,5210.0,102715.0,933742.0,940393.0
2026-04-23 22:00:00,5210.0,5214.0,5195.0,5200.0,66241.0,940393.0,941094.0
2026-04-23 22:30:00,5200.0,5210.0,5195.0,5195.0,53792.0,941094.0,931654.0
2026-04-24 09:00:00,5210.0,5223.0,5206.0,5220.0,93432.0,931654.0,933223.0
2026-04-24 09:30:00,5220.0,5224.0,5156.0,5175.0,142803.0,933223.0,936161.0
2026-04-24 10:00:00,5175.0,5184.0,5168.0,5178.0,33846.0,936161.0,936952.0
2026-04-24 10:30:00,5178.0,5188.0,5165.0,5183.0,60760.0,936952.0,940476.0
2026-04-24 11:00:00,5183.0,5185.0,5162.0,5173.0,54887.0,940476.0,939896.0
2026-04-24 13:30:00,5170.0,5186.0,5165.0,5179.0,60128.0,939896.0,939470.0
2026-04-24 14:00:00,5179.0,5187.0,5174.0,5180.0,40873.0,939470.0,935410.0
2026-04-24 14:30:00,5180.0,5181.0,5144.0,5153.0,108984.0,935410.0,927956.0
2026-04-24 21:00:00,5140.0,5197.0,5130.0,5184.0,169910.0,927956.0,925342.0
2026-04-24 21:30:00,5184.0,5195.0,5167.0,5170.0,89382.0,925342.0,924384.0
2026-04-24 22:00:00,5170.0,5182.0,5168.0,5178.0,56178.0,924384.0,923998.0
2026-04-24 22:30:00,5178.0,5183.0,5170.0,5174.0,45873.0,923998.0,914510.0
2026-04-27 09:00:00,5186.0,5232.0,5186.0,5229.0,176451.0,914510.0,920596.0
2026-04-27 09:30:00,5229.0,5248.0,5219.0,5231.0,107438.0,920596.0,917834.0
2026-04-27 10:00:00,5231.0,5235.0,5223.0,5227.0,26354.0,917834.0,917109.0
2026-04-27 10:30:00,5227.0,5232.0,5211.0,5230.0,64005.0,917109.0,918868.0
2026-04-27 11:00:00,5230.0,5242.0,5218.0,5222.0,65570.0,918868.0,920257.0
2026-04-27 13:30:00,5232.0,5248.0,5224.0,5233.0,88837.0,920257.0,925535.0
2026-04-27 14:00:00,5233.0,5237.0,5224.0,5231.0,46286.0,925535.0,926598.0
2026-04-27 14:30:00,5231.0,5240.0,5226.0,5228.0,59429.0,926598.0,923090.0
2026-04-27 21:00:00,5220.0,5242.0,5216.0,5224.0,120902.0,923090.0,931051.0
2026-04-27 21:30:00,5224.0,5250.0,5224.0,5227.0,122075.0,931051.0,935716.0
2026-04-27 22:00:00,5227.0,5230.0,5197.0,5207.0,139828.0,935716.0,947546.0
2026-04-27 22:30:00,5207.0,5212.0,5201.0,5202.0,60872.0,947546.0,937687.0
2026-04-28 09:00:00,5206.0,5217.0,5191.0,5193.0,88533.0,937687.0,938477.0
2026-04-28 09:30:00,5193.0,5202.0,5186.0,5191.0,56491.0,938477.0,937019.0
2026-04-28 10:00:00,5191.0,5202.0,5183.0,5200.0,39637.0,937019.0,933049.0
2026-04-28 10:30:00,5200.0,5219.0,5200.0,5214.0,64930.0,933049.0,931808.0
2026-04-28 11:00:00,5214.0,5226.0,5206.0,5223.0,58253.0,931808.0,928759.0
2026-04-28 13:30:00,5225.0,5304.0,5225.0,5292.0,289174.0,928759.0,936447.0
2026-04-28 14:00:00,5292.0,5319.0,5279.0,5306.0,144432.0,936447.0,933393.0
2026-04-28 14:30:00,5306.0,5360.0,5298.0,5358.0,173663.0,933393.0,930411.0
2026-04-28 21:00:00,5349.0,5371.0,5307.0,5309.0,256743.0,930411.0,944605.0
2026-04-28 21:30:00,5309.0,5315.0,5271.0,5278.0,167919.0,944605.0,942234.0
2026-04-28 22:00:00,5278.0,5296.0,5274.0,5285.0,95349.0,942234.0,942114.0
2026-04-28 22:30:00,5285.0,5293.0,5279.0,5281.0,67575.0,942114.0,929964.0
2026-04-29 09:00:00,5280.0,5291.0,5266.0,5290.0,116693.0,929964.0,938062.0
2026-04-29 09:30:00,5290.0,5295.0,5281.0,5284.0,67689.0,938062.0,941370.0
2026-04-29 10:00:00,5284.0,5293.0,5281.0,5287.0,28348.0,941370.0,941975.0
2026-04-29 10:30:00,5285.0,5315.0,5252.0,5301.0,192118.0,941975.0,947260.0
2026-04-29 11:00:00,5301.0,5303.0,5277.0,5285.0,82546.0,947260.0,942467.0
2026-04-29 13:30:00,5293.0,5309.0,5293.0,5307.0,74504.0,942467.0,941548.0
2026-04-29 14:00:00,5307.0,5307.0,5292.0,5301.0,53127.0,941548.0,938571.0
2026-04-29 14:30:00,5301.0,5303.0,5291.0,5295.0,57969.0,938571.0,932599.0
2026-04-29 21:00:00,5320.0,5327.0,5278.0,5293.0,174505.0,932599.0,951710.0
2026-04-29 21:30:00,5293.0,5295.0,5273.0,5283.0,84698.0,951710.0,958129.0
2026-04-29 22:00:00,5283.0,5283.0,5269.0,5279.0,63623.0,958129.0,960703.0
2026-04-29 22:30:00,5279.0,5285.0,5272.0,5280.0,49072.0,960703.0,952533.0
2026-04-30 09:00:00,5288.0,5320.0,5283.0,5310.0,139338.0,952533.0,943954.0
2026-04-30 09:30:00,5310.0,5314.0,5284.0,5285.0,77941.0,943954.0,940655.0
2026-04-30 10:00:00,5285.0,5290.0,5276.0,5277.0,37108.0,940655.0,941696.0
2026-04-30 10:30:00,5284.0,5295.0,5280.0,5294.0,60884.0,941696.0,939968.0
2026-04-30 11:00:00,5294.0,5317.0,5287.0,5310.0,75635.0,939968.0,935959.0
2026-04-30 13:30:00,5315.0,5318.0,5286.0,5296.0,85169.0,935959.0,930876.0
2026-04-30 14:00:00,5296.0,5305.0,5285.0,5298.0,58954.0,930876.0,928059.0
2026-04-30 14:30:00,5298.0,5299.0,5272.0,5272.0,82009.0,928059.0,913066.0
2026-05-06 09:00:00,5260.0,5333.0,5252.0,5300.0,215313.0,913066.0,939016.0
2026-05-06 09:30:00,5300.0,5311.0,5268.0,5308.0,124605.0,939016.0,949091.0
2026-05-06 10:00:00,5308.0,5330.0,5299.0,5328.0,69067.0,949091.0,949933.0
2026-05-06 10:30:00,5329.0,5339.0,5285.0,5289.0,118546.0,949933.0,954780.0
2026-05-06 11:00:00,5289.0,5306.0,5278.0,5292.0,83592.0,954780.0,961298.0
2026-05-06 13:30:00,5293.0,5341.0,5293.0,5339.0,116380.0,961298.0,961785.0
2026-05-06 14:00:00,5339.0,5339.0,5307.0,5324.0,119565.0,961785.0,958877.0
2026-05-06 14:30:00,5324.0,5325.0,5310.0,5319.0,59931.0,958877.0,954248.0
2026-05-06 21:00:00,5280.0,5291.0,5217.0,5234.0,300699.0,954248.0,983739.0
2026-05-06 21:30:00,5234.0,5238.0,5207.0,5221.0,103740.0,983739.0,987710.0
2026-05-06 22:00:00,5221.0,5233.0,5205.0,5211.0,86151.0,987710.0,993471.0
2026-05-06 22:30:00,5211.0,5230.0,5210.0,5220.0,66604.0,993471.0,979879.0
2026-05-07 09:00:00,5225.0,5243.0,5167.0,5169.0,174746.0,979879.0,994637.0
2026-05-07 09:30:00,5169.0,5169.0,5131.0,5132.0,153791.0,994637.0,1004885.0
2026-05-07 10:00:00,5132.0,5139.0,5125.0,5138.0,54604.0,1004885.0,1005658.0
2026-05-07 10:30:00,5138.0,5147.0,5130.0,5136.0,67632.0,1005658.0,1008405.0
2026-05-07 11:00:00,5136.0,5162.0,5134.0,5155.0,69422.0,1008405.0,1000658.0
2026-05-07 13:30:00,5155.0,5169.0,5154.0,5169.0,57226.0,1000658.0,996945.0
2026-05-07 14:00:00,5169.0,5169.0,5153.0,5160.0,53350.0,996945.0,995874.0
2026-05-07 14:30:00,5160.0,5166.0,5150.0,5163.0,68267.0,995874.0,986600.0
2026-05-07 21:00:00,5126.0,5159.0,5120.0,5145.0,186806.0,986600.0,996610.0
2026-05-07 21:30:00,5145.0,5156.0,5136.0,5148.0,68519.0,996610.0,999730.0
2026-05-07 22:00:00,5148.0,5162.0,5146.0,5154.0,49663.0,999730.0,999245.0
2026-05-07 22:30:00,5154.0,5179.0,5152.0,5174.0,68154.0,999245.0,990646.0
2026-05-08 09:00:00,5186.0,5195.0,5169.0,5173.0,96443.0,990646.0,993027.0
2026-05-08 09:30:00,5173.0,5192.0,5172.0,5188.0,49274.0,993027.0,993608.0
2026-05-08 10:00:00,5188.0,5196.0,5181.0,5183.0,28358.0,993608.0,992633.0
2026-05-08 10:30:00,5183.0,5190.0,5170.0,5174.0,63852.0,992633.0,992470.0
2026-05-08 11:00:00,5174.0,5182.0,5161.0,5177.0,55765.0,992470.0,987658.0
2026-05-08 13:30:00,5180.0,5182.0,5162.0,5165.0,48973.0,987658.0,990427.0
2026-05-08 14:00:00,5165.0,5168.0,5146.0,5150.0,51824.0,990427.0,989403.0
2026-05-08 14:30:00,5150.0,5151.0,5134.0,5145.0,74185.0,989403.0,978916.0
2026-05-08 21:00:00,5145.0,5153.0,5112.0,5117.0,154531.0,978916.0,987984.0
2026-05-08 21:30:00,5117.0,5134.0,5108.0,5110.0,73476.0,987984.0,986822.0
2026-05-08 22:00:00,5110.0,5133.0,5105.0,5131.0,83305.0,986822.0,984138.0
2026-05-08 22:30:00,5131.0,5135.0,5120.0,5125.0,56375.0,984138.0,972722.0
2026-05-11 09:00:00,5140.0,5159.0,5128.0,5138.0,134163.0,972722.0,973851.0
2026-05-11 09:30:00,5138.0,5149.0,5131.0,5138.0,53513.0,973851.0,972341.0
2026-05-11 10:00:00,5138.0,5155.0,5136.0,5150.0,33141.0,972341.0,972926.0
2026-05-11 10:30:00,5150.0,5161.0,5143.0,5156.0,56093.0,972926.0,974138.0
2026-05-11 11:00:00,5156.0,5165.0,5150.0,5160.0,46983.0,974138.0,969722.0
2026-05-11 13:30:00,5159.0,5163.0,5151.0,5156.0,38299.0,969722.0,972089.0
2026-05-11 14:00:00,5156.0,5159.0,5132.0,5135.0,60700.0,972089.0,973249.0
2026-05-11 14:30:00,5135.0,5137.0,5123.0,5133.0,76713.0,973249.0,973397.0
2026-05-11 21:00:00,5127.0,5133.0,5104.0,5121.0,122464.0,973397.0,986245.0
2026-05-11 21:30:00,5121.0,5137.0,5118.0,5130.0,56583.0,986245.0,984510.0
2026-05-11 22:00:00,5130.0,5141.0,5130.0,5137.0,42551.0,984510.0,983857.0
2026-05-11 22:30:00,5137.0,5144.0,5136.0,5140.0,35134.0,983857.0,975738.0
2026-05-12 09:00:00,5143.0,5154.0,5133.0,5149.0,70303.0,975738.0,978464.0
2026-05-12 09:30:00,5149.0,5149.0,5120.0,5124.0,72822.0,978464.0,978795.0
2026-05-12 10:00:00,5124.0,5133.0,5117.0,5131.0,41828.0,978795.0,976277.0
2026-05-12 10:30:00,5134.0,5149.0,5124.0,5126.0,77769.0,976277.0,976514.0
2026-05-12 11:00:00,5126.0,5130.0,5087.0,5094.0,108213.0,976514.0,980346.0
2026-05-12 13:30:00,5094.0,5095.0,5071.0,5093.0,115222.0,980346.0,983800.0
2026-05-12 14:00:00,5093.0,5106.0,5091.0,5100.0,63353.0,983800.0,980869.0
2026-05-12 14:30:00,5100.0,5109.0,5087.0,5105.0,66642.0,980869.0,972155.0
2026-05-12 21:00:00,5093.0,5102.0,5065.0,5076.0,142715.0,972155.0,995841.0
2026-05-12 21:30:00,5076.0,5087.0,5075.0,5086.0,44476.0,995841.0,997227.0
2026-05-12 22:00:00,5086.0,5102.0,5083.0,5099.0,58625.0,997227.0,991247.0
2026-05-12 22:30:00,5099.0,5104.0,5089.0,5104.0,42286.0,991247.0,982894.0
2026-05-13 09:00:00,5101.0,5105.0,5085.0,5085.0,80133.0,982894.0,983709.0
2026-05-13 09:30:00,5085.0,5115.0,5077.0,5107.0,85630.0,983709.0,977978.0
2026-05-13 10:00:00,5107.0,5118.0,5106.0,5110.0,31211.0,977978.0,977733.0
2026-05-13 10:30:00,5111.0,5131.0,5105.0,5112.0,83371.0,977733.0,973170.0
2026-05-13 11:00:00,5112.0,5117.0,5097.0,5108.0,49818.0,973170.0,972351.0
2026-05-13 13:30:00,5105.0,5113.0,5092.0,5100.0,52544.0,972351.0,974599.0
2026-05-13 14:00:00,5100.0,5121.0,5098.0,5106.0,55935.0,974599.0,975769.0
2026-05-13 14:30:00,5106.0,5231.0,5102.0,5229.0,359172.0,975769.0,980767.0
2026-05-13 21:00:00,5230.0,5257.0,5178.0,5195.0,415693.0,980767.0,1016458.0
2026-05-13 21:30:00,5195.0,5196.0,5162.0,5174.0,173891.0,1016458.0,1034933.0
2026-05-13 22:00:00,5174.0,5183.0,5159.0,5174.0,97273.0,1034933.0,1041275.0
2026-05-13 22:30:00,5174.0,5177.0,5152.0,5154.0,90949.0,1041275.0,1031642.0
2026-05-14 09:00:00,5150.0,5162.0,5124.0,5140.0,182387.0,1031642.0,1037420.0
2026-05-14 09:30:00,5140.0,5144.0,5113.0,5118.0,108942.0,1037420.0,1039570.0
2026-05-14 10:00:00,5118.0,5119.0,5106.0,5114.0,50117.0,1039570.0,1046606.0
2026-05-14 10:30:00,5114.0,5126.0,5094.0,5106.0,99202.0,1046606.0,1048746.0
2026-05-14 11:00:00,5106.0,5107.0,5087.0,5099.0,78477.0,1048746.0,1050119.0
2026-05-14 13:30:00,5102.0,5116.0,5077.0,5082.0,113079.0,1050119.0,1050241.0
2026-05-14 14:00:00,5082.0,5092.0,5072.0,5090.0,107274.0,1050241.0,1060843.0
2026-05-14 14:30:00,5090.0,5095.0,5054.0,5056.0,148647.0,1060843.0,1053538.0
2026-05-14 21:00:00,5056.0,5082.0,5051.0,5075.0,169278.0,1053538.0,1053865.0
2026-05-14 21:30:00,5075.0,5079.0,5068.0,5077.0,60511.0,1053865.0,1055193.0
2026-05-14 22:00:00,5077.0,5105.0,5075.0,5087.0,113937.0,1055193.0,1049043.0
2026-05-14 22:30:00,5087.0,5089.0,5080.0,5083.0,47855.0,1049043.0,1044414.0
2026-05-15 09:00:00,5087.0,5104.0,5084.0,5093.0,87012.0,1044414.0,1042711.0
2026-05-15 09:30:00,5093.0,5101.0,5083.0,5088.0,53820.0,1042711.0,1041798.0
2026-05-15 10:00:00,5088.0,5099.0,5084.0,5097.0,26271.0,1041798.0,1039539.0
2026-05-15 10:30:00,5099.0,5109.0,5092.0,5101.0,78432.0,1039539.0,1040331.0
2026-05-15 11:00:00,5101.0,5105.0,5078.0,5082.0,57087.0,1040331.0,1037697.0
2026-05-15 13:30:00,5081.0,5089.0,5061.0,5062.0,88433.0,1037697.0,1038039.0
2026-05-15 14:00:00,5062.0,5073.0,5040.0,5045.0,122081.0,1038039.0,1041535.0
2026-05-15 14:30:00,5045.0,5048.0,5024.0,5027.0,103852.0,1041535.0,1040706.0
2026-05-15 21:00:00,5030.0,5040.0,5008.0,5027.0,142763.0,1040706.0,1059450.0
2026-05-15 21:30:00,5027.0,5033.0,5019.0,5024.0,66094.0,1059450.0,1062339.0
2026-05-15 22:00:00,5024.0,5030.0,5006.0,5028.0,78888.0,1062339.0,1059997.0
2026-05-15 22:30:00,5028.0,5031.0,5023.0,5026.0,40525.0,1059997.0,1052581.0
2026-05-18 09:00:00,5035.0,5065.0,5032.0,5051.0,143677.0,1052581.0,1057588.0
2026-05-18 09:30:00,5051.0,5071.0,5046.0,5060.0,67776.0,1057588.0,1054246.0
2026-05-18 10:00:00,5060.0,5076.0,5059.0,5075.0,49940.0,1054246.0,1051639.0
2026-05-18 10:30:00,5075.0,5101.0,5075.0,5092.0,104369.0,1051639.0,1047538.0
2026-05-18 11:00:00,5092.0,5096.0,5072.0,5093.0,75253.0,1047538.0,1042871.0
2026-05-18 13:30:00,5093.0,5144.0,5085.0,5140.0,168285.0,1042871.0,1033881.0
2026-05-18 14:00:00,5140.0,5141.0,5114.0,5117.0,98253.0,1033881.0,1025931.0
2026-05-18 14:30:00,5117.0,5130.0,5105.0,5109.0,85762.0,1025931.0,1020375.0
2026-05-18 21:00:00,5082.0,5083.0,5035.0,5040.0,231004.0,1020375.0,1034785.0
2026-05-18 21:30:00,5040.0,5050.0,5029.0,5034.0,90348.0,1034785.0,1044665.0
2026-05-18 22:00:00,5034.0,5063.0,5033.0,5058.0,87443.0,1044665.0,1035522.0
2026-05-18 22:30:00,5058.0,5064.0,5055.0,5063.0,46200.0,1035522.0,1026664.0
2026-05-19 09:00:00,5061.0,5064.0,5047.0,5057.0,69358.0,1026664.0,1030112.0
2026-05-19 09:30:00,5057.0,5059.0,5020.0,5024.0,84534.0,1030112.0,1035121.0
2026-05-19 10:00:00,5024.0,5035.0,5018.0,5027.0,48046.0,1035121.0,1037026.0
2026-05-19 10:30:00,5026.0,5047.0,5023.0,5044.0,54697.0,1037026.0,1036472.0
2026-05-19 11:00:00,5044.0,5056.0,5038.0,5042.0,49642.0,1036472.0,1034577.0
2026-05-19 13:30:00,5046.0,5057.0,5043.0,5057.0,49943.0,1034577.0,1033864.0
2026-05-19 14:00:00,5057.0,5062.0,5042.0,5054.0,51046.0,1033864.0,1031835.0
2026-05-19 14:30:00,5054.0,5059.0,5047.0,5050.0,44138.0,1031835.0,1027714.0
2026-05-19 21:00:00,5048.0,5069.0,5026.0,5056.0,136468.0,1027714.0,1042541.0
2026-05-19 21:30:00,5056.0,5065.0,5020.0,5027.0,123031.0,1042541.0,1051516.0
2026-05-19 22:00:00,5027.0,5031.0,5011.0,5015.0,94201.0,1051516.0,1058351.0
2026-05-19 22:30:00,5015.0,5015.0,4971.0,4990.0,202700.0,1058351.0,1072010.0
2026-05-20 09:00:00,4991.0,4998.0,4955.0,4986.0,151058.0,1072010.0,1081621.0
2026-05-20 09:30:00,4986.0,5004.0,4981.0,4993.0,107229.0,1081621.0,1069346.0
2026-05-20 10:00:00,4993.0,4995.0,4975.0,4988.0,43166.0,1069346.0,1067245.0
2026-05-20 10:30:00,4989.0,5005.0,4976.0,4981.0,78975.0,1067245.0,1068459.0
2026-05-20 11:00:00,4981.0,4996.0,4974.0,4982.0,49631.0,1068459.0,1067200.0
2026-05-20 13:30:00,4982.0,4982.0,4939.0,4956.0,137325.0,1067200.0,1085185.0
2026-05-20 14:00:00,4956.0,4967.0,4945.0,4961.0,67150.0,1085185.0,1082867.0
2026-05-20 14:30:00,4961.0,4963.0,4936.0,4947.0,88864.0,1082867.0,1081621.0
2026-05-20 21:00:00,4947.0,4956.0,4925.0,4931.0,160282.0,1081621.0,1102585.0
2026-05-20 21:30:00,4931.0,4942.0,4924.0,4931.0,71591.0,1102585.0,1106940.0
2026-05-20 22:00:00,4931.0,4945.0,4920.0,4929.0,102372.0,1106940.0,1100971.0
2026-05-20 22:30:00,4929.0,4937.0,4925.0,4928.0,66144.0,1100971.0,1093828.0
2026-05-21 09:00:00,4925.0,4964.0,4925.0,4955.0,123090.0,1093828.0,1092024.0
2026-05-21 09:30:00,4955.0,4961.0,4938.0,4946.0,71616.0,1092024.0,1089648.0
2026-05-21 10:00:00,4946.0,4953.0,4943.0,4947.0,21598.0,1089648.0,1090182.0
2026-05-21 10:30:00,4946.0,4959.0,4941.0,4957.0,54402.0,1090182.0,1092848.0
2026-05-21 11:00:00,4957.0,4963.0,4945.0,4948.0,44458.0,1092848.0,1092418.0
2026-05-21 13:30:00,4950.0,4953.0,4890.0,4895.0,170591.0,1092418.0,1112422.0
2026-05-21 14:00:00,4895.0,4897.0,4863.0,4874.0,144901.0,1112422.0,1133602.0
2026-05-21 14:30:00,4874.0,4877.0,4862.0,4865.0,89670.0,1133602.0,1128740.0
2026-05-21 21:00:00,4868.0,4892.0,4855.0,4862.0,164588.0,1128740.0,1142553.0
2026-05-21 21:30:00,4862.0,4865.0,4852.0,4861.0,73772.0,1142553.0,1144664.0
2026-05-21 22:00:00,4861.0,4869.0,4853.0,4858.0,49294.0,1144664.0,1144397.0
2026-05-21 22:30:00,4858.0,4863.0,4854.0,4862.0,33885.0,1144397.0,1136557.0
2026-05-22 09:00:00,4853.0,4855.0,4834.0,4845.0,118205.0,1136557.0,1139000.0
2026-05-22 09:30:00,4845.0,4846.0,4808.0,4811.0,114678.0,1139000.0,1145713.0
2026-05-22 10:00:00,4811.0,4825.0,4809.0,4822.0,34213.0,1145713.0,1143404.0
2026-05-22 10:30:00,4820.0,4823.0,4804.0,4816.0,66598.0,1143404.0,1141798.0
2026-05-22 11:00:00,4816.0,4847.0,4812.0,4837.0,85875.0,1141798.0,1128311.0
2026-05-22 13:30:00,4839.0,4853.0,4835.0,4842.0,74297.0,1128311.0,1124139.0
2026-05-22 14:00:00,4842.0,4844.0,4829.0,4834.0,47179.0,1124139.0,1123821.0
2026-05-22 14:30:00,4834.0,4852.0,4833.0,4846.0,57145.0,1123821.0,1114102.0
2026-05-22 21:00:00,4830.0,4840.0,4826.0,4838.0,88397.0,1114102.0,1125289.0
2026-05-22 21:30:00,4838.0,4860.0,4838.0,4849.0,95337.0,1125289.0,1126002.0
2026-05-22 22:00:00,4849.0,4854.0,4843.0,4850.0,41834.0,1126002.0,1123345.0
2026-05-22 22:30:00,4850.0,4853.0,4844.0,4853.0,31973.0,1123345.0,1119352.0
2026-05-25 09:00:00,4925.0,4949.0,4892.0,4910.0,347781.0,1119352.0,1098723.0
2026-05-25 09:30:00,4910.0,4927.0,4905.0,4921.0,78714.0,1098723.0,1094837.0
2026-05-25 10:00:00,4921.0,4932.0,4913.0,4923.0,34499.0,1094837.0,1091930.0
2026-05-25 10:30:00,4923.0,4928.0,4892.0,4897.0,88984.0,1091930.0,1091829.0
2026-05-25 11:00:00,4897.0,4899.0,4865.0,4879.0,104410.0,1091829.0,1094832.0
2026-05-25 13:30:00,4882.0,4918.0,4876.0,4905.0,120380.0,1094832.0,1089355.0
2026-05-25 14:00:00,4905.0,4915.0,4903.0,4908.0,55865.0,1089355.0,1091287.0
2026-05-25 14:30:00,4908.0,4925.0,4900.0,4914.0,74931.0,1091287.0,1084558.0
2026-05-25 21:00:00,4926.0,4928.0,4874.0,4878.0,166007.0,1084558.0,1098479.0
2026-05-25 21:30:00,4878.0,4892.0,4877.0,4886.0,48947.0,1098479.0,1097814.0
2026-05-25 22:00:00,4886.0,4890.0,4877.0,4885.0,44888.0,1097814.0,1096162.0
2026-05-25 22:30:00,4885.0,4903.0,4882.0,4892.0,60369.0,1096162.0,1085114.0
2026-05-26 09:00:00,4890.0,4907.0,4886.0,4901.0,86011.0,1085114.0,1086335.0
2026-05-26 09:30:00,4901.0,4909.0,4889.0,4895.0,51759.0,1086335.0,1082748.0
2026-05-26 10:00:00,4895.0,4896.0,4862.0,4872.0,58316.0,1082748.0,1087583.0
2026-05-26 10:30:00,4871.0,4873.0,4846.0,4852.0,89448.0,1087583.0,1093145.0
2026-05-26 11:00:00,4852.0,4856.0,4843.0,4850.0,53322.0,1093145.0,1095776.0
2026-05-26 13:30:00,4855.0,4862.0,4841.0,4846.0,60086.0,1095776.0,1101195.0
2026-05-26 14:00:00,4846.0,4852.0,4839.0,4849.0,48233.0,1101195.0,1102433.0
2026-05-26 14:30:00,4849.0,4859.0,4842.0,4854.0,50422.0,1102433.0,1093033.0
2026-05-26 21:00:00,4850.0,4867.0,4833.0,4861.0,115536.0,1093033.0,1096724.0
2026-05-26 21:30:00,4861.0,4872.0,4856.0,4862.0,49317.0,1096724.0,1096568.0
2026-05-26 22:00:00,4862.0,4869.0,4856.0,4865.0,38744.0,1096568.0,1094703.0
2026-05-26 22:30:00,4865.0,4871.0,4863.0,4870.0,35284.0,1094703.0,1088802.0
2026-05-27 09:00:00,4864.0,4868.0,4846.0,4867.0,81708.0,1088802.0,1091239.0
2026-05-27 09:30:00,4867.0,4880.0,4863.0,4877.0,55844.0,1091239.0,1091301.0
2026-05-27 10:00:00,4877.0,4886.0,4872.0,4883.0,34063.0,1091301.0,1089413.0
2026-05-27 10:30:00,4883.0,4887.0,4874.0,4880.0,51840.0,1089413.0,1084692.0
2026-05-27 11:00:00,4880.0,4904.0,4872.0,4889.0,103039.0,1084692.0,1075808.0
2026-05-27 13:30:00,4886.0,4894.0,4875.0,4877.0,52029.0,1075808.0,1072984.0
2026-05-27 14:00:00,4877.0,4890.0,4867.0,4888.0,57503.0,1072984.0,1071373.0
2026-05-27 14:30:00,4888.0,4889.0,4865.0,4873.0,58088.0,1071373.0,1068744.0
2026-05-27 21:00:00,4855.0,4905.0,4850.0,4896.0,162068.0,1068744.0,1074294.0
2026-05-27 21:30:00,4896.0,4916.0,4896.0,4914.0,87571.0,1074294.0,1073917.0
2026-05-27 22:00:00,4914.0,4955.0,4913.0,4954.0,169297.0,1073917.0,1069848.0
2026-05-27 22:30:00,4954.0,4994.0,4951.0,4989.0,214243.0,1069848.0,1053859.0
2026-05-28 09:00:00,4987.0,4990.0,4955.0,4963.0,136282.0,1053859.0,1040918.0
2026-05-28 09:30:00,4963.0,4968.0,4955.0,4961.0,54154.0,1040918.0,1040101.0
2026-05-28 10:00:00,4961.0,4972.0,4951.0,4953.0,35890.0,1040101.0,1040871.0
2026-05-28 10:30:00,4953.0,4955.0,4923.0,4930.0,116672.0,1040871.0,1039492.0
2026-05-28 11:00:00,4930.0,4965.0,4929.0,4957.0,83294.0,1039492.0,1032581.0
2026-05-28 13:30:00,4960.0,4967.0,4945.0,4951.0,59404.0,1032581.0,1033416.0
2026-05-28 14:00:00,4951.0,4957.0,4948.0,4954.0,30747.0,1033416.0,1034974.0
2026-05-28 14:30:00,4954.0,4963.0,4936.0,4939.0,68656.0,1034974.0,1034138.0
2026-05-28 21:00:00,4940.0,4953.0,4919.0,4933.0,151682.0,1034138.0,1048878.0
2026-05-28 21:30:00,4933.0,4945.0,4917.0,4931.0,97356.0,1048878.0,1051272.0
2026-05-28 22:00:00,4931.0,4934.0,4910.0,4921.0,94396.0,1051272.0,1051638.0
2026-05-28 22:30:00,4921.0,4931.0,4918.0,4926.0,46176.0,1051638.0,1045972.0
2026-05-29 09:00:00,4926.0,4943.0,4917.0,4933.0,89389.0,1045972.0,1050518.0
2026-05-29 09:30:00,4933.0,4939.0,4915.0,4919.0,62710.0,1050518.0,1054548.0
2026-05-29 10:00:00,4919.0,4930.0,4911.0,4926.0,31220.0,1054548.0,1052386.0
2026-05-29 10:30:00,4926.0,4959.0,4926.0,4940.0,112926.0,1052386.0,1054899.0
2026-05-29 11:00:00,4940.0,4945.0,4919.0,4925.0,71566.0,1054899.0,1055579.0
2026-05-29 13:30:00,4926.0,4941.0,4916.0,4926.0,78246.0,1055579.0,1059863.0
2026-05-29 14:00:00,4926.0,4932.0,4906.0,4915.0,72751.0,1059863.0,1064661.0
2026-05-29 14:30:00,4915.0,4925.0,4910.0,4924.0,52059.0,1064661.0,1057944.0
2026-05-29 21:00:00,4911.0,4974.0,4911.0,4950.0,196135.0,1057944.0,1063548.0
2026-05-29 21:30:00,4950.0,4961.0,4938.0,4961.0,96970.0,1063548.0,1067028.0
2026-05-29 22:00:00,4961.0,4978.0,4954.0,4962.0,119787.0,1067028.0,1060086.0
2026-05-29 22:30:00,4962.0,4967.0,4948.0,4955.0,65526.0,1060086.0,1050131.0
2026-06-01 09:00:00,4961.0,4998.0,4960.0,4992.0,176308.0,1050131.0,1047842.0
2026-06-01 09:30:00,4992.0,5021.0,4989.0,5018.0,118214.0,1047842.0,1038031.0
2026-06-01 10:00:00,5018.0,5025.0,5013.0,5022.0,41111.0,1038031.0,1035053.0
2026-06-01 10:30:00,5023.0,5032.0,5002.0,5012.0,92922.0,1035053.0,1030708.0
2026-06-01 11:00:00,5012.0,5015.0,4991.0,4996.0,64584.0,1030708.0,1032148.0
2026-06-01 13:30:00,4996.0,5020.0,4988.0,5012.0,90657.0,1032148.0,1033951.0
2026-06-01 14:00:00,5012.0,5018.0,4984.0,4991.0,72403.0,1033951.0,1038364.0
2026-06-01 14:30:00,4991.0,4999.0,4988.0,4993.0,47612.0,1038364.0,1032082.0
2026-06-01 21:00:00,5013.0,5013.0,4967.0,5006.0,176952.0,1032082.0,1044536.0
2026-06-01 21:30:00,5006.0,5024.0,4993.0,5015.0,113655.0,1044536.0,1040625.0
2026-06-01 22:00:00,5015.0,5019.0,5001.0,5004.0,58708.0,1040625.0,1040701.0
2026-06-01 22:30:00,5004.0,5011.0,5000.0,5010.0,37723.0,1040701.0,1036344.0
2026-06-02 09:00:00,5000.0,5000.0,4944.0,4960.0,170772.0,1036344.0,1053889.0
2026-06-02 09:30:00,4960.0,4963.0,4935.0,4942.0,89989.0,1053889.0,1060353.0
2026-06-02 10:00:00,4942.0,4948.0,4936.0,4942.0,25732.0,1060353.0,1063358.0
2026-06-02 10:30:00,4944.0,4955.0,4931.0,4953.0,76131.0,1063358.0,1066622.0
2026-06-02 11:00:00,4953.0,4977.0,4953.0,4958.0,73654.0,1066622.0,1052950.0
2026-06-02 13:30:00,4960.0,4963.0,4944.0,4959.0,65496.0,1052950.0,1054029.0
2026-06-02 14:00:00,4959.0,4961.0,4946.0,4951.0,36469.0,1054029.0,1055951.0
2026-06-02 14:30:00,4951.0,4956.0,4945.0,4950.0,41756.0,1055951.0,1053814.0
2026-06-02 21:00:00,4934.0,4946.0,4916.0,4937.0,156540.0,1053814.0,1067385.0
2026-06-02 21:30:00,4937.0,4941.0,4912.0,4914.0,89923.0,1067385.0,1074499.0
2026-06-02 22:00:00,4914.0,4935.0,4913.0,4931.0,73280.0,1074499.0,1072828.0
2026-06-02 22:30:00,4931.0,4932.0,4904.0,4926.0,86392.0,1072828.0,1067882.0
2026-06-03 09:00:00,4935.0,4960.0,4921.0,4927.0,106327.0,1067882.0,1067792.0
2026-06-03 09:30:00,4927.0,4937.0,4914.0,4914.0,57576.0,1067792.0,1069709.0
2026-06-03 10:00:00,4914.0,4921.0,4880.0,4884.0,79798.0,1069709.0,1078210.0
2026-06-03 10:30:00,4884.0,4924.0,4870.0,4919.0,141440.0,1078210.0,1082752.0
2026-06-03 11:00:00,4919.0,4943.0,4915.0,4935.0,104755.0,1082752.0,1071472.0
2026-06-03 13:30:00,4934.0,4956.0,4934.0,4947.0,79734.0,1071472.0,1069355.0
2026-06-03 14:00:00,4947.0,4967.0,4938.0,4950.0,75090.0,1069355.0,1064257.0
2026-06-03 14:30:00,4950.0,4952.0,4936.0,4943.0,65122.0,1064257.0,1053967.0
2026-06-03 21:00:00,4933.0,4940.0,4890.0,4900.0,184855.0,1053967.0,1080397.0
2026-06-03 21:30:00,4900.0,4905.0,4874.0,4878.0,112737.0,1080397.0,1099847.0
2026-06-03 22:00:00,4878.0,4883.0,4865.0,4871.0,87007.0,1099847.0,1113256.0
2026-06-03 22:30:00,4871.0,4885.0,4870.0,4879.0,63726.0,1113256.0,1103493.0
2026-06-04 09:00:00,4879.0,4879.0,4830.0,4848.0,167428.0,1103493.0,1128085.0
2026-06-04 09:30:00,4848.0,4848.0,4820.0,4835.0,88615.0,1128085.0,1141797.0
2026-06-04 10:00:00,4835.0,4845.0,4828.0,4842.0,34138.0,1141797.0,1136184.0
2026-06-04 10:30:00,4843.0,4851.0,4825.0,4828.0,72864.0,1136184.0,1134580.0
2026-06-04 11:00:00,4828.0,4832.0,4816.0,4826.0,63341.0,1134580.0,1139855.0
2026-06-04 13:30:00,4831.0,4847.0,4817.0,4824.0,80551.0,1139855.0,1140266.0
2026-06-04 14:00:00,4824.0,4836.0,4820.0,4826.0,52811.0,1140266.0,1140015.0
2026-06-04 14:30:00,4826.0,4830.0,4813.0,4819.0,79869.0,1140015.0,1137073.0
2026-06-04 21:00:00,4801.0,4815.0,4781.0,4792.0,184720.0,1137073.0,1157576.0
2026-06-04 21:30:00,4792.0,4798.0,4767.0,4781.0,108237.0,1157576.0,1165604.0
2026-06-04 22:00:00,4781.0,4796.0,4779.0,4793.0,69630.0,1165604.0,1161809.0
2026-06-04 22:30:00,4793.0,4796.0,4784.0,4791.0,47995.0,1161809.0,1153102.0
2026-06-05 09:00:00,4795.0,4795.0,4766.0,4787.0,106982.0,1153102.0,1155389.0
2026-06-05 09:30:00,4787.0,4792.0,4767.0,4772.0,62489.0,1155389.0,1160358.0
2026-06-05 10:00:00,4772.0,4786.0,4771.0,4784.0,24696.0,1160358.0,1159922.0
2026-06-05 10:30:00,4787.0,4797.0,4781.0,4795.0,56855.0,1159922.0,1161823.0
2026-06-05 11:00:00,4795.0,4815.0,4786.0,4808.0,80097.0,1161823.0,1154288.0
2026-06-05 13:30:00,4806.0,4810.0,4772.0,4774.0,89270.0,1154288.0,1162657.0
2026-06-05 14:00:00,4774.0,4775.0,4754.0,4762.0,96482.0,1162657.0,1172918.0
2026-06-05 14:30:00,4762.0,4774.0,4755.0,4767.0,65182.0,1172918.0,1161300.0
2026-06-05 21:00:00,4769.0,4775.0,4736.0,4748.0,148480.0,1161300.0,1169921.0
2026-06-05 21:30:00,4748.0,4750.0,4734.0,4739.0,73320.0,1169921.0,1170117.0
2026-06-05 22:00:00,4739.0,4742.0,4722.0,4734.0,77897.0,1170117.0,1172700.0
2026-06-05 22:30:00,4734.0,4745.0,4733.0,4744.0,53433.0,1172700.0,1164072.0
2026-06-08 09:00:00,4748.0,4758.0,4725.0,4751.0,109896.0,1164072.0,1163182.0
2026-06-08 09:30:00,4751.0,4760.0,4734.0,4749.0,79979.0,1163182.0,1161528.0
2026-06-08 10:00:00,4749.0,4753.0,4737.0,4753.0,29687.0,1161528.0,1161797.0
2026-06-08 10:30:00,4754.0,4758.0,4719.0,4748.0,111433.0,1161797.0,1166126.0
2026-06-08 11:00:00,4748.0,4774.0,4745.0,4769.0,98469.0,1166126.0,1157223.0
2026-06-08 13:30:00,4775.0,4796.0,4766.0,4781.0,111361.0,1157223.0,1156210.0
2026-06-08 14:00:00,4781.0,4802.0,4775.0,4783.0,79439.0,1156210.0,1153478.0
2026-06-08 14:30:00,4783.0,4789.0,4770.0,4778.0,57275.0,1153478.0,1147823.0
2026-06-08 21:00:00,4751.0,4787.0,4740.0,4770.0,167092.0,1147823.0,1145698.0
2026-06-08 21:30:00,4770.0,4775.0,4753.0,4757.0,62664.0,1145698.0,1145978.0
2026-06-08 22:00:00,4757.0,4774.0,4756.0,4769.0,51219.0,1145978.0,1143784.0
2026-06-08 22:30:00,4769.0,4778.0,4767.0,4772.0,36711.0,1143784.0,1139336.0
2026-06-09 09:00:00,4770.0,4785.0,4737.0,4745.0,122079.0,1139336.0,1146549.0
2026-06-09 09:30:00,4745.0,4746.0,4724.0,4735.0,83195.0,1146549.0,1155406.0
2026-06-09 10:00:00,4735.0,4737.0,4706.0,4709.0,61423.0,1155406.0,1163342.0
2026-06-09 10:30:00,4710.0,4727.0,4710.0,4716.0,59522.0,1163342.0,1162496.0
2026-06-09 11:00:00,4716.0,4730.0,4715.0,4719.0,37867.0,1162496.0,1159076.0
2026-06-09 13:30:00,4716.0,4717.0,4690.0,4712.0,118909.0,1159076.0,1166810.0
2026-06-09 14:00:00,4712.0,4721.0,4703.0,4720.0,59547.0,1166810.0,1163053.0
2026-06-09 14:30:00,4720.0,4725.0,4710.0,4717.0,51849.0,1163053.0,1155057.0
2026-06-09 21:00:00,4710.0,4718.0,4696.0,4697.0,130374.0,1155057.0,1169802.0
2026-06-09 21:30:00,4697.0,4713.0,4695.0,4700.0,54551.0,1169802.0,1169495.0
2026-06-09 22:00:00,4700.0,4702.0,4685.0,4688.0,70930.0,1169495.0,1178596.0
2026-06-09 22:30:00,4688.0,4693.0,4668.0,4679.0,73810.0,1178596.0,1180185.0
2026-06-10 09:00:00,4686.0,4698.0,4662.0,4670.0,99460.0,1180185.0,1185092.0
2026-06-10 09:30:00,4670.0,4710.0,4667.0,4704.0,87225.0,1185092.0,1179573.0
2026-06-10 10:00:00,4704.0,4717.0,4702.0,4711.0,42328.0,1179573.0,1173887.0
2026-06-10 10:30:00,4712.0,4712.0,4692.0,4700.0,52974.0,1173887.0,1172249.0
2026-06-10 11:00:00,4700.0,4702.0,4684.0,4689.0,37020.0,1172249.0,1172256.0
2026-06-10 13:30:00,4681.0,4681.0,4652.0,4667.0,119534.0,1172256.0,1188804.0
2026-06-10 14:00:00,4667.0,4693.0,4662.0,4689.0,66259.0,1188804.0,1182353.0
2026-06-10 14:30:00,4689.0,4715.0,4688.0,4706.0,101189.0,1182353.0,1164961.0
2026-06-10 21:00:00,4707.0,4722.0,4695.0,4706.0,133451.0,1164961.0,1177681.0
2026-06-10 21:30:00,4706.0,4710.0,4684.0,4687.0,84984.0,1177681.0,1185272.0
2026-06-10 22:00:00,4687.0,4698.0,4682.0,4689.0,48825.0,1185272.0,1185298.0
2026-06-10 22:30:00,4689.0,4696.0,4683.0,4689.0,36799.0,1185298.0,1181449.0
2026-06-11 09:00:00,4697.0,4711.0,4688.0,4692.0,93845.0,1181449.0,1186721.0
2026-06-11 09:30:00,4692.0,4712.0,4683.0,4704.0,72906.0,1186721.0,1193462.0
2026-06-11 10:00:00,4704.0,4706.0,4684.0,4693.0,35813.0,1193462.0,1191944.0
2026-06-11 10:30:00,4692.0,4706.0,4658.0,4661.0,103302.0,1191944.0,1209818.0
2026-06-11 11:00:00,4661.0,4718.0,4644.0,4718.0,196617.0,1209818.0,1204234.0
2026-06-11 13:30:00,4707.0,4713.0,4694.0,4707.0,105608.0,1204234.0,1207277.0
2026-06-11 14:00:00,4707.0,4735.0,4704.0,4715.0,110863.0,1207277.0,1203708.0
2026-06-11 14:30:00,4715.0,4724.0,4712.0,4716.0,50182.0,1203708.0,1196478.0
2026-06-11 21:00:00,4706.0,4716.0,4686.0,4705.0,134710.0,1196478.0,1206918.0
2026-06-11 21:30:00,4705.0,4708.0,4689.0,4690.0,66564.0,1206918.0,1208014.0
2026-06-11 22:00:00,4690.0,4698.0,4687.0,4693.0,40686.0,1208014.0,1208362.0
2026-06-11 22:30:00,4693.0,4701.0,4693.0,4696.0,33175.0,1208362.0,1202184.0
2026-06-12 09:00:00,4682.0,4694.0,4672.0,4678.0,104088.0,1202184.0,1213029.0
2026-06-12 09:30:00,4678.0,4697.0,4676.0,4692.0,65737.0,1213029.0,1215160.0
2026-06-12 10:00:00,4692.0,4703.0,4685.0,4699.0,33396.0,1215160.0,1214756.0
2026-06-12 10:30:00,4702.0,4712.0,4690.0,4710.0,55378.0,1214756.0,1214708.0
2026-06-12 11:00:00,4710.0,4749.0,4706.0,4745.0,110703.0,1214708.0,1206862.0
2026-06-12 13:30:00,4735.0,4759.0,4732.0,4733.0,137342.0,1206862.0,1202569.0
2026-06-12 14:00:00,4733.0,4743.0,4722.0,4734.0,63717.0,1202569.0,1202879.0
2026-06-12 14:30:00,4734.0,4745.0,4728.0,4741.0,56609.0,1202879.0,1197273.0
2026-06-12 21:00:00,4738.0,4769.0,4730.0,4755.0,159240.0,1197273.0,1205185.0
2026-06-12 21:30:00,4755.0,4774.0,4754.0,4768.0,101784.0,1205185.0,1205688.0
2026-06-12 22:00:00,4768.0,4784.0,4765.0,4767.0,82329.0,1205688.0,1198524.0
2026-06-12 22:30:00,4767.0,4776.0,4760.0,4765.0,59101.0,1198524.0,1191860.0
2026-06-15 09:00:00,4750.0,4750.0,4704.0,4724.0,219162.0,1191860.0,1192155.0
2026-06-15 09:30:00,4724.0,4745.0,4709.0,4745.0,101119.0,1192155.0,1182455.0
2026-06-15 10:00:00,4745.0,4766.0,4744.0,4750.0,68393.0,1182455.0,1184108.0
2026-06-15 10:30:00,4748.0,4761.0,4737.0,4747.0,73551.0,1184108.0,1183655.0
2026-06-15 11:00:00,4747.0,4750.0,4727.0,4732.0,53395.0,1183655.0,1179423.0
2026-06-15 13:30:00,4740.0,4746.0,4694.0,4715.0,148216.0,1179423.0,1185588.0
2026-06-15 14:00:00,4715.0,4718.0,4689.0,4693.0,81056.0,1185588.0,1196001.0
2026-06-15 14:30:00,4693.0,4700.0,4685.0,4692.0,66158.0,1196001.0,1193294.0
2026-06-15 21:00:00,4696.0,4705.0,4681.0,4687.0,139302.0,1193294.0,1209741.0
2026-06-15 21:30:00,4687.0,4695.0,4684.0,4688.0,51669.0,1209741.0,1213454.0
2026-06-15 22:00:00,4688.0,4693.0,4673.0,4680.0,66890.0,1213454.0,1214313.0
2026-06-15 22:30:00,4680.0,4686.0,4678.0,4681.0,37015.0,1214313.0,1208500.0
2026-06-16 09:00:00,4686.0,4688.0,4631.0,4637.0,208421.0,1208500.0,1247936.0
2026-06-16 09:30:00,4637.0,4661.0,4635.0,4647.0,95192.0,1247936.0,1242183.0
2026-06-16 10:00:00,4647.0,4655.0,4644.0,4651.0,28326.0,1242183.0,1240314.0
2026-06-16 10:30:00,4651.0,4655.0,4624.0,4637.0,106662.0,1240314.0,1256011.0
2026-06-16 11:00:00,4637.0,4643.0,4626.0,4628.0,55845.0,1256011.0,1259613.0
2026-06-16 13:30:00,4625.0,4643.0,4617.0,4638.0,87330.0,1259613.0,1263939.0
2026-06-16 14:00:00,4638.0,4646.0,4629.0,4637.0,59551.0,1263939.0,1262658.0
2026-06-16 14:30:00,4637.0,4646.0,4635.0,4637.0,67916.0,1262658.0,1259717.0
2026-06-16 21:00:00,4610.0,4673.0,4604.0,4665.0,216085.0,1259717.0,1258129.0
2026-06-16 21:30:00,4665.0,4681.0,4660.0,4676.0,90076.0,1258129.0,1251803.0
2026-06-16 22:00:00,4676.0,4680.0,4665.0,4666.0,53457.0,1251803.0,1245768.0
2026-06-16 22:30:00,4666.0,4670.0,4658.0,4665.0,47496.0,1245768.0,1236483.0
2026-06-17 09:00:00,4666.0,4681.0,4661.0,4679.0,84337.0,1236483.0,1236021.0
2026-06-17 09:30:00,4679.0,4690.0,4666.0,4671.0,87915.0,1236021.0,1234556.0
2026-06-17 10:00:00,4671.0,4679.0,4666.0,4668.0,30392.0,1234556.0,1235478.0
2026-06-17 10:30:00,4668.0,4668.0,4647.0,4651.0,71075.0,1235478.0,1234028.0
2026-06-17 11:00:00,4651.0,4653.0,4627.0,4629.0,68321.0,1234028.0,1239834.0
2026-06-17 13:30:00,4625.0,4645.0,4616.0,4639.0,105227.0,1239834.0,1253710.0
2026-06-17 14:00:00,4639.0,4643.0,4625.0,4631.0,49811.0,1253710.0,1259164.0
2026-06-17 14:30:00,4631.0,4637.0,4616.0,4618.0,73489.0,1259164.0,1261906.0
2026-06-17 21:00:00,4638.0,4638.0,4620.0,4634.0,106158.0,1261906.0,1264958.0
2026-06-17 21:30:00,4634.0,4641.0,4625.0,4627.0,49159.0,1264958.0,1262407.0
2026-06-17 22:00:00,4627.0,4635.0,4622.0,4628.0,44407.0,1262407.0,1264151.0
2026-06-17 22:30:00,4628.0,4640.0,4627.0,4636.0,48206.0,1264151.0,1254340.0
2026-06-18 09:00:00,4629.0,4633.0,4615.0,4616.0,73655.0,1254340.0,1258056.0
2026-06-18 09:30:00,4616.0,4637.0,4611.0,4629.0,65397.0,1258056.0,1259957.0
2026-06-18 10:00:00,4629.0,4632.0,4623.0,4625.0,19118.0,1259957.0,1258828.0
2026-06-18 10:30:00,4625.0,4635.0,4606.0,4614.0,82536.0,1258828.0,1262283.0
2026-06-18 11:00:00,4614.0,4619.0,4609.0,4614.0,37111.0,1262283.0,1263805.0
2026-06-18 13:30:00,4605.0,4626.0,4596.0,4607.0,120634.0,1263805.0,1273649.0
2026-06-18 14:00:00,4607.0,4611.0,4580.0,4598.0,115548.0,1273649.0,1279780.0
2026-06-18 14:30:00,4598.0,4620.0,4596.0,4616.0,104418.0,1279780.0,1256297.0
2026-06-22 09:00:00,4625.0,4657.0,4554.0,4557.0,278255.0,1256297.0,1305826.0
2026-06-22 09:30:00,4557.0,4567.0,4539.0,4548.0,132220.0,1305826.0,1332243.0
2026-06-22 10:00:00,4548.0,4549.0,4535.0,4540.0,38587.0,1332243.0,1337761.0
2026-06-22 10:30:00,4540.0,4544.0,4532.0,4541.0,84101.0,1337761.0,1344133.0
2026-06-22 11:00:00,4541.0,4543.0,4527.0,4534.0,57710.0,1344133.0,1348766.0
2026-06-22 13:30:00,4531.0,4546.0,4526.0,4537.0,76452.0,1348766.0,1348353.0
2026-06-22 14:00:00,4537.0,4543.0,4528.0,4542.0,49555.0,1348353.0,1346939.0
2026-06-22 14:30:00,4542.0,4546.0,4533.0,4535.0,56009.0,1346939.0,1336038.0
2026-06-22 21:00:00,4529.0,4529.0,4496.0,4503.0,206705.0,1336038.0,1381665.0
2026-06-22 21:30:00,4503.0,4504.0,4491.0,4492.0,64432.0,1381665.0,1391060.0
2026-06-22 22:00:00,4492.0,4504.0,4492.0,4501.0,42549.0,1391060.0,1390047.0
2026-06-22 22:30:00,4501.0,4506.0,4495.0,4497.0,47184.0,1390047.0,1375612.0
2026-06-23 09:00:00,4502.0,4517.0,4487.0,4502.0,139797.0,1375612.0,1370802.0
2026-06-23 09:30:00,4502.0,4502.0,4484.0,4488.0,73353.0,1370802.0,1375120.0
2026-06-23 10:00:00,4488.0,4494.0,4483.0,4485.0,29589.0,1375120.0,1375019.0
2026-06-23 10:30:00,4485.0,4496.0,4467.0,4471.0,94183.0,1375019.0,1384850.0
2026-06-23 11:00:00,4471.0,4475.0,4462.0,4468.0,66513.0,1384850.0,1391864.0
2026-06-23 13:30:00,4468.0,4472.0,4459.0,4461.0,68118.0,1391864.0,1393921.0
2026-06-23 14:00:00,4461.0,4466.0,4443.0,4444.0,79175.0,1393921.0,1402300.0
2026-06-23 14:30:00,4444.0,4454.0,4439.0,4444.0,91617.0,1402300.0,1389523.0
2026-06-23 21:00:00,4454.0,4462.0,4435.0,4438.0,139912.0,1389523.0,1394470.0
2026-06-23 21:30:00,4438.0,4456.0,4438.0,4455.0,56388.0,1394470.0,1389883.0
2026-06-23 22:00:00,4455.0,4461.0,4453.0,4458.0,46475.0,1389883.0,1384929.0
2026-06-23 22:30:00,4458.0,4493.0,4458.0,4486.0,118944.0,1384929.0,1358386.0
2026-06-24 09:00:00,4484.0,4516.0,4474.0,4506.0,168027.0,1358386.0,1340675.0
2026-06-24 09:30:00,4506.0,4510.0,4493.0,4504.0,66748.0,1340675.0,1339380.0
2026-06-24 10:00:00,4504.0,4510.0,4500.0,4508.0,19461.0,1339380.0,1338311.0
2026-06-24 10:30:00,4508.0,4523.0,4500.0,4506.0,79484.0,1338311.0,1333369.0
2026-06-24 11:00:00,4506.0,4513.0,4500.0,4504.0,47438.0,1333369.0,1331150.0
2026-06-24 13:30:00,4509.0,4519.0,4505.0,4508.0,57203.0,1331150.0,1332669.0
2026-06-24 14:00:00,4508.0,4527.0,4507.0,4512.0,74092.0,1332669.0,1329666.0
2026-06-24 14:30:00,4512.0,4513.0,4487.0,4490.0,85845.0,1329666.0,1328453.0
2026-06-24 21:00:00,4476.0,4505.0,4474.0,4480.0,169019.0,1328453.0,1337480.0
2026-06-24 21:30:00,4480.0,4495.0,4469.0,4481.0,80278.0,1337480.0,1336771.0
2026-06-24 22:00:00,4481.0,4495.0,4479.0,4490.0,47865.0,1336771.0,1334096.0
2026-06-24 22:30:00,4490.0,4493.0,4477.0,4477.0,45928.0,1334096.0,1328085.0
2026-06-25 09:00:00,4478.0,4497.0,4465.0,4481.0,101234.0,1328085.0,1329842.0
2026-06-25 09:30:00,4481.0,4493.0,4474.0,4483.0,65613.0,1329842.0,1327956.0
2026-06-25 10:00:00,4483.0,4487.0,4463.0,4476.0,34499.0,1327956.0,1329722.0
2026-06-25 10:30:00,4476.0,4535.0,4475.0,4533.0,151517.0,1329722.0,1337383.0
2026-06-25 11:00:00,4533.0,4540.0,4510.0,4530.0,148215.0,1337383.0,1332517.0
2026-06-25 13:30:00,4533.0,4537.0,4495.0,4496.0,103704.0,1332517.0,1326126.0
2026-06-25 14:00:00,4496.0,4503.0,4481.0,4486.0,75858.0,1326126.0,1324369.0
2026-06-25 14:30:00,4486.0,4486.0,4458.0,4469.0,106221.0,1324369.0,1325614.0
2026-06-25 21:00:00,4460.0,4488.0,4451.0,4466.0,153688.0,1325614.0,1336608.0
2026-06-25 21:30:00,4466.0,4476.0,4461.0,4471.0,56468.0,1336608.0,1338699.0
2026-06-25 22:00:00,4471.0,4481.0,4465.0,4475.0,51323.0,1338699.0,1335792.0
2026-06-25 22:30:00,4475.0,4478.0,4463.0,4469.0,43989.0,1335792.0,1336215.0
2026-06-26 09:00:00,4475.0,4475.0,4417.0,4419.0,179292.0,1336215.0,1374946.0
2026-06-26 09:30:00,4419.0,4424.0,4406.0,4408.0,129500.0,1374946.0,1401172.0
2026-06-26 10:00:00,4408.0,4428.0,4407.0,4426.0,40083.0,1401172.0,1400144.0
2026-06-26 10:30:00,4425.0,4425.0,4400.0,4404.0,78596.0,1400144.0,1406221.0
2026-06-26 11:00:00,4404.0,4408.0,4393.0,4400.0,71822.0,1406221.0,1416715.0
2026-06-26 13:30:00,4401.0,4416.0,4388.0,4404.0,109031.0,1416715.0,1422190.0
2026-06-26 14:00:00,4404.0,4416.0,4394.0,4402.0,67296.0,1422190.0,1423093.0
2026-06-26 14:30:00,4402.0,4403.0,4385.0,4388.0,94127.0,1423093.0,1421719.0
2026-06-26 21:00:00,4398.0,4398.0,4370.0,4388.0,146581.0,1421719.0,1430465.0
2026-06-26 21:30:00,4388.0,4389.0,4372.0,4382.0,60926.0,1430465.0,1433849.0
2026-06-26 22:00:00,4382.0,4385.0,4375.0,4381.0,31046.0,1433849.0,1433430.0
2026-06-26 22:30:00,4381.0,4393.0,4379.0,4382.0,41154.0,1433430.0,1425771.0
2026-06-29 09:00:00,4384.0,4390.0,4353.0,4365.0,152462.0,1425771.0,1448604.0
2026-06-29 09:30:00,4365.0,4378.0,4355.0,4356.0,77456.0,1448604.0,1445558.0
2026-06-29 10:00:00,4356.0,4368.0,4343.0,4355.0,46030.0,1445558.0,1449492.0
2026-06-29 10:30:00,4359.0,4389.0,4352.0,4377.0,86854.0,1449492.0,1439768.0
2026-06-29 11:00:00,4377.0,4392.0,4374.0,4385.0,56812.0,1439768.0,1430029.0
2026-06-29 13:30:00,4386.0,4393.0,4375.0,4379.0,66396.0,1430029.0,1427715.0
2026-06-29 14:00:00,4379.0,4389.0,4375.0,4386.0,48303.0,1427715.0,1431111.0
2026-06-29 14:30:00,4386.0,4398.0,4384.0,4391.0,75901.0,1431111.0,1419954.0
2026-06-29 21:00:00,4391.0,4391.0,4342.0,4351.0,185868.0,1419954.0,1468737.0
2026-06-29 21:30:00,4351.0,4355.0,4344.0,4347.0,48194.0,1468737.0,1478486.0
2026-06-29 22:00:00,4347.0,4351.0,4337.0,4349.0,55500.0,1478486.0,1478534.0
2026-06-29 22:30:00,4349.0,4350.0,4339.0,4339.0,37202.0,1478534.0,1472942.0
2026-06-30 09:00:00,4340.0,4354.0,4334.0,4345.0,71527.0,1472942.0,1474590.0
2026-06-30 09:30:00,4345.0,4372.0,4344.0,4371.0,87644.0,1474590.0,1461165.0
2026-06-30 10:00:00,4371.0,4416.0,4367.0,4413.0,150550.0,1461165.0,1435484.0
2026-06-30 10:30:00,4413.0,4463.0,4413.0,4449.0,308923.0,1435484.0,1405048.0
2026-06-30 11:00:00,4449.0,4472.0,4449.0,4462.0,100209.0,1405048.0,1393611.0
2026-06-30 13:30:00,4459.0,4470.0,4443.0,4450.0,140791.0,1393611.0,1378479.0
2026-06-30 14:00:00,4450.0,4458.0,4438.0,4445.0,81510.0,1378479.0,1374560.0
2026-06-30 14:30:00,4445.0,4460.0,4445.0,4456.0,65336.0,1374560.0,1363069.0
2026-06-30 21:00:00,4466.0,4492.0,4444.0,4448.0,228717.0,1363069.0,1368402.0
2026-06-30 21:30:00,4448.0,4449.0,4434.0,4438.0,74797.0,1368402.0,1368878.0
2026-06-30 22:00:00,4438.0,4440.0,4426.0,4437.0,68019.0,1368878.0,1363237.0
2026-06-30 22:30:00,4437.0,4442.0,4432.0,4433.0,44336.0,1363237.0,1354590.0
2026-07-01 09:00:00,4434.0,4439.0,4414.0,4422.0,102079.0,1354590.0,1358690.0
2026-07-01 09:30:00,4422.0,4456.0,4416.0,4439.0,114678.0,1358690.0,1361508.0
2026-07-01 10:00:00,4439.0,4453.0,4435.0,4444.0,36550.0,1361508.0,1360009.0
2026-07-01 10:30:00,4446.0,4446.0,4425.0,4435.0,65527.0,1360009.0,1357898.0
2026-07-01 11:00:00,4435.0,4436.0,4420.0,4432.0,47493.0,1357898.0,1354090.0
2026-07-01 13:30:00,4431.0,4445.0,4425.0,4426.0,53001.0,1354090.0,1354442.0
2026-07-01 14:00:00,4426.0,4430.0,4410.0,4418.0,53665.0,1354442.0,1357624.0
2026-07-01 14:30:00,4418.0,4419.0,4385.0,4392.0,94199.0,1357624.0,1352654.0
2026-07-01 21:00:00,4398.0,4434.0,4388.0,4412.0,159543.0,1352654.0,1355313.0
2026-07-01 21:30:00,4412.0,4426.0,4412.0,4424.0,46894.0,1355313.0,1351592.0
2026-07-01 22:00:00,4424.0,4427.0,4417.0,4421.0,31951.0,1351592.0,1349132.0
2026-07-01 22:30:00,4421.0,4422.0,4410.0,4416.0,42695.0,1349132.0,1343733.0
2026-07-02 09:00:00,4413.0,4413.0,4370.0,4373.0,141590.0,1343733.0,1359284.0
2026-07-02 09:30:00,4373.0,4386.0,4368.0,4384.0,63006.0,1359284.0,1361014.0
2026-07-02 10:00:00,4384.0,4385.0,4374.0,4380.0,22821.0,1361014.0,1362098.0
2026-07-02 10:30:00,4380.0,4381.0,4366.0,4374.0,51300.0,1362098.0,1364811.0
2026-07-02 11:00:00,4374.0,4378.0,4361.0,4366.0,51268.0,1364811.0,1362432.0
2026-07-02 13:30:00,4368.0,4392.0,4365.0,4386.0,75322.0,1362432.0,1361005.0
2026-07-02 14:00:00,4386.0,4393.0,4375.0,4387.0,55518.0,1361005.0,1360278.0
2026-07-02 14:30:00,4387.0,4392.0,4365.0,4369.0,64643.0,1360278.0,1361005.0
2026-07-02 21:00:00,4390.0,4411.0,4376.0,4388.0,150119.0,1361005.0,1357404.0
2026-07-02 21:30:00,4388.0,4418.0,4386.0,4409.0,98680.0,1357404.0,1353063.0
2026-07-02 22:00:00,4409.0,4418.0,4402.0,4406.0,49411.0,1353063.0,1347114.0
2026-07-02 22:30:00,4406.0,4426.0,4406.0,4425.0,64596.0,1347114.0,1338183.0
2026-07-03 09:00:00,4428.0,4443.0,4417.0,4432.0,104555.0,1338183.0,1329589.0
2026-07-03 09:30:00,4432.0,4459.0,4432.0,4456.0,87579.0,1329589.0,1326470.0
2026-07-03 10:00:00,4456.0,4463.0,4452.0,4460.0,31210.0,1326470.0,1323705.0
2026-07-03 10:30:00,4459.0,4475.0,4450.0,4455.0,95213.0,1323705.0,1316118.0
2026-07-03 11:00:00,4455.0,4461.0,4443.0,4458.0,53222.0,1316118.0,1311235.0
2026-07-03 13:30:00,4459.0,4478.0,4452.0,4466.0,74088.0,1311235.0,1310584.0
2026-07-03 14:00:00,4466.0,4468.0,4441.0,4446.0,64759.0,1310584.0,1306539.0
2026-07-03 14:30:00,4446.0,4457.0,4444.0,4453.0,50548.0,1306539.0,1298384.0
2026-07-03 21:00:00,4466.0,4490.0,4453.0,4474.0,152537.0,1298384.0,1295595.0
2026-07-03 21:30:00,4474.0,4484.0,4468.0,4483.0,51014.0,1295595.0,1295713.0
2026-07-03 22:00:00,4483.0,4494.0,4468.0,4473.0,80009.0,1295713.0,1293766.0
2026-07-03 22:30:00,4473.0,4477.0,4468.0,4474.0,40960.0,1293766.0,1285363.0
2026-07-06 09:00:00,4483.0,4490.0,4465.0,4484.0,116297.0,1285363.0,1288940.0
2026-07-06 09:30:00,4484.0,4486.0,4469.0,4481.0,49777.0,1288940.0,1286949.0
2026-07-06 10:00:00,4481.0,4506.0,4478.0,4490.0,51667.0,1286949.0,1285591.0
2026-07-06 10:30:00,4488.0,4488.0,4450.0,4457.0,91330.0,1285591.0,1282167.0
2026-07-06 11:00:00,4457.0,4460.0,4451.0,4459.0,34331.0,1282167.0,1284078.0
2026-07-06 13:30:00,4462.0,4472.0,4461.0,4463.0,41039.0,1284078.0,1283310.0
2026-07-06 14:00:00,4463.0,4481.0,4462.0,4470.0,40960.0,1283310.0,1279908.0
2026-07-06 14:30:00,4470.0,4471.0,4444.0,4450.0,80464.0,1279908.0,1283771.0
2026-07-06 21:00:00,4425.0,4444.0,4406.0,4441.0,173758.0,1283771.0,1292758.0
2026-07-06 21:30:00,4441.0,4449.0,4436.0,4444.0,52805.0,1292758.0,1294461.0
2026-07-06 22:00:00,4444.0,4456.0,4441.0,4452.0,42159.0,1294461.0,1290659.0
2026-07-06 22:30:00,4452.0,4454.0,4443.0,4453.0,37776.0,1290659.0,1287300.0
2026-07-07 09:00:00,4453.0,4462.0,4422.0,4437.0,99477.0,1287300.0,1297786.0
2026-07-07 09:30:00,4437.0,4458.0,4428.0,4456.0,54910.0,1297786.0,1296228.0
2026-07-07 10:00:00,4456.0,4467.0,4451.0,4451.0,30386.0,1296228.0,1294484.0
2026-07-07 10:30:00,4450.0,4452.0,4426.0,4430.0,62327.0,1294484.0,1299571.0
2026-07-07 11:00:00,4430.0,4449.0,4430.0,4444.0,41058.0,1299571.0,1296621.0
2026-07-07 13:30:00,4447.0,4451.0,4430.0,4445.0,53201.0,1296621.0,1298573.0
2026-07-07 14:00:00,4445.0,4453.0,4438.0,4447.0,51584.0,1298573.0,1295255.0
2026-07-07 14:30:00,4447.0,4448.0,4436.0,4439.0,41944.0,1295255.0,1290626.0
2026-07-07 21:00:00,4433.0,4450.0,4413.0,4433.0,129514.0,1290626.0,1297962.0
2026-07-07 21:30:00,4433.0,4434.0,4422.0,4430.0,70968.0,1297962.0,1309144.0
2026-07-07 22:00:00,4430.0,4450.0,4429.0,4443.0,73007.0,1309144.0,1297587.0
2026-07-07 22:30:00,4443.0,4444.0,4436.0,4439.0,25781.0,1297587.0,1295224.0
2026-07-08 09:00:00,4451.0,4477.0,4451.0,4469.0,142932.0,1295224.0,1287613.0
2026-07-08 09:30:00,4469.0,4506.0,4468.0,4504.0,112389.0,1287613.0,1286206.0
2026-07-08 10:00:00,4504.0,4509.0,4493.0,4496.0,56361.0,1286206.0,1280673.0
2026-07-08 10:30:00,4497.0,4503.0,4474.0,4487.0,91923.0,1280673.0,1271536.0
2026-07-08 11:00:00,4487.0,4500.0,4482.0,4495.0,42464.0,1271536.0,1269412.0
2026-07-08 13:30:00,4499.0,4507.0,4490.0,4492.0,86119.0,1269412.0,1262663.0
2026-07-08 14:00:00,4492.0,4495.0,4480.0,4485.0,53946.0,1262663.0,1259945.0
2026-07-08 14:30:00,4485.0,4488.0,4474.0,4480.0,57391.0,1259945.0,1259923.0
2026-07-08 21:00:00,4500.0,4506.0,4467.0,4479.0,130855.0,1259923.0,1272024.0
2026-07-08 21:30:00,4479.0,4479.0,4452.0,4464.0,83894.0,1272024.0,1278517.0
2026-07-08 22:00:00,4464.0,4494.0,4461.0,4490.0,88845.0,1278517.0,1267808.0
2026-07-08 22:30:00,4490.0,4503.0,4488.0,4499.0,84347.0,1267808.0,1259652.0
2026-07-09 09:00:00,4491.0,4514.0,4476.0,4505.0,129523.0,1259652.0,1252618.0
2026-07-09 09:30:00,4505.0,4518.0,4499.0,4513.0,64454.0,1252618.0,1248997.0
2026-07-09 10:00:00,4513.0,4521.0,4504.0,4511.0,38980.0,1248997.0,1246567.0
2026-07-09 10:30:00,4512.0,4530.0,4510.0,4518.0,78165.0,1246567.0,1239505.0
2026-07-09 11:00:00,4518.0,4526.0,4502.0,4509.0,58902.0,1239505.0,1232403.0
2026-07-09 13:30:00,4515.0,4521.0,4494.0,4502.0,85017.0,1232403.0,1228742.0
2026-07-09 14:00:00,4502.0,4513.0,4495.0,4504.0,51096.0,1228742.0,1228216.0
2026-07-09 14:30:00,4504.0,4512.0,4496.0,4511.0,42555.0,1228216.0,1223893.0
2026-07-09 21:00:00,4511.0,4521.0,4488.0,4494.0,128136.0,1223893.0,1227423.0
2026-07-09 21:30:00,4494.0,4526.0,4491.0,4517.0,107825.0,1227423.0,1233385.0
2026-07-09 22:00:00,4517.0,4520.0,4510.0,4515.0,46852.0,1233385.0,1232853.0
2026-07-09 22:30:00,4515.0,4522.0,4511.0,4520.0,47478.0,1232853.0,1225765.0
2026-07-10 09:00:00,4515.0,4516.0,4493.0,4504.0,97964.0,1225765.0,1228233.0
2026-07-10 09:30:00,4504.0,4535.0,4501.0,4527.0,99260.0,1228233.0,1223282.0
2026-07-10 10:00:00,4527.0,4537.0,4525.0,4529.0,28358.0,1223282.0,1221791.0
2026-07-10 10:30:00,4530.0,4547.0,4530.0,4542.0,67986.0,1221791.0,1217245.0
2026-07-10 11:00:00,4542.0,4545.0,4534.0,4542.0,42578.0,1217245.0,1212352.0
2026-07-10 13:30:00,4542.0,4558.0,4530.0,4533.0,91105.0,1212352.0,1209156.0
2026-07-10 14:00:00,4533.0,4537.0,4524.0,4534.0,53237.0,1209156.0,1206798.0
2026-07-10 14:30:00,4534.0,4540.0,4532.0,4534.0,35261.0,1206798.0,1198040.0
2026-07-10 21:00:00,4545.0,4545.0,4515.0,4534.0,122182.0,1198040.0,1206225.0
2026-07-10 21:30:00,4534.0,4535.0,4526.0,4532.0,35211.0,1206225.0,1204553.0
2026-07-10 22:00:00,4532.0,4540.0,4527.0,4535.0,38545.0,1204553.0,1204699.0
2026-07-10 22:30:00,4535.0,4552.0,4535.0,4550.0,57509.0,1204699.0,1197049.0
2026-07-13 09:00:00,4563.0,4590.0,4563.0,4574.0,156926.0,1197049.0,1193503.0
2026-07-13 09:30:00,4574.0,4589.0,4573.0,4576.0,65977.0,1193503.0,1191377.0
2026-07-13 10:00:00,4576.0,4583.0,4573.0,4575.0,25932.0,1191377.0,1191312.0
2026-07-13 10:30:00,4578.0,4578.0,4537.0,4542.0,104791.0,1191312.0,1200182.0
2026-07-13 11:00:00,4542.0,4543.0,4515.0,4520.0,97230.0,1200182.0,1210558.0
2026-07-13 13:30:00,4526.0,4526.0,4499.0,4502.0,109450.0,1210558.0,1224093.0
2026-07-13 14:00:00,4502.0,4507.0,4497.0,4503.0,55362.0,1224093.0,1230568.0
2026-07-13 14:30:00,4503.0,4505.0,4486.0,4488.0,75414.0,1230568.0,1225956.0
2026-07-13 21:00:00,4488.0,4490.0,4429.0,4436.0,253755.0,1225956.0,1259804.0
2026-07-13 21:30:00,4436.0,4471.0,4434.0,4457.0,125162.0,1259804.0,1248218.0
2026-07-13 22:00:00,4457.0,4503.0,4455.0,4499.0,117215.0,1248218.0,1232044.0
2026-07-13 22:30:00,4499.0,4514.0,4496.0,4510.0,106765.0,1232044.0,1217134.0
2026-07-14 09:00:00,4550.0,4602.0,4544.0,4579.0,322371.0,1217134.0,1189069.0
2026-07-14 09:30:00,4579.0,4596.0,4566.0,4590.0,101497.0,1189069.0,1185077.0
2026-07-14 10:00:00,4590.0,4592.0,4548.0,4548.0,63661.0,1185077.0,1183178.0
2026-07-14 10:30:00,4548.0,4575.0,4540.0,4575.0,85624.0,1183178.0,1181088.0
2026-07-14 11:00:00,4575.0,4581.0,4568.0,4576.0,47905.0,1181088.0,1178351.0
2026-07-14 13:30:00,4578.0,4580.0,4553.0,4560.0,81375.0,1178351.0,1178409.0
2026-07-14 14:00:00,4560.0,4577.0,4557.0,4575.0,47056.0,1178409.0,1174259.0
2026-07-14 14:30:00,4575.0,4595.0,4573.0,4579.0,87397.0,1174259.0,1169529.0
2026-07-14 21:00:00,4583.0,4607.0,4583.0,4593.0,173281.0,1169529.0,1165941.0
2026-07-14 21:30:00,4593.0,4598.0,4580.0,4585.0,66164.0,1165941.0,1160639.0
2026-07-14 22:00:00,4585.0,4593.0,4582.0,4591.0,35433.0,1160639.0,1157547.0
2026-07-14 22:30:00,4591.0,4592.0,4582.0,4587.0,38951.0,1157547.0,1152010.0
2026-07-15 09:00:00,4594.0,4596.0,4569.0,4573.0,104894.0,1152010.0,1155654.0
2026-07-15 09:30:00,4573.0,4591.0,4569.0,4589.0,49210.0,1155654.0,1155997.0
2026-07-15 10:00:00,4589.0,4598.0,4587.0,4597.0,27247.0,1155997.0,1152722.0
2026-07-15 10:30:00,4598.0,4635.0,4594.0,4625.0,144004.0,1152722.0,1142016.0
2026-07-15 11:00:00,4625.0,4630.0,4617.0,4621.0,54595.0,1142016.0,1139373.0
2026-07-15 13:30:00,4621.0,4621.0,4601.0,4606.0,71799.0,1139373.0,1135026.0
2026-07-15 14:00:00,4606.0,4607.0,4595.0,4601.0,56343.0,1135026.0,1134763.0
2026-07-15 14:30:00,4601.0,4602.0,4586.0,4598.0,59792.0,1134763.0,1129112.0
2026-07-15 21:00:00,4610.0,4624.0,4585.0,4621.0,169670.0,1129112.0,1136215.0
2026-07-15 21:30:00,4621.0,4632.0,4610.0,4620.0,88061.0,1136215.0,1134804.0
2026-07-15 22:00:00,4620.0,4638.0,4616.0,4626.0,92710.0,1134804.0,1134471.0
2026-07-15 22:30:00,4626.0,4626.0,4611.0,4613.0,63186.0,1134471.0,1125518.0
2026-07-16 09:00:00,4618.0,4631.0,4612.0,4624.0,77589.0,1125518.0,1122334.0
2026-07-16 09:30:00,4624.0,4626.0,4601.0,4605.0,68904.0,1122334.0,1121596.0
2026-07-16 10:00:00,4605.0,4617.0,4597.0,4613.0,31582.0,1121596.0,1121307.0
2026-07-16 10:30:00,4615.0,4618.0,4599.0,4601.0,50716.0,1121307.0,1119988.0
2026-07-16 11:00:00,4601.0,4606.0,4587.0,4602.0,50761.0,1119988.0,1116969.0
2026-07-16 13:30:00,4598.0,4604.0,4589.0,4596.0,52836.0,1116969.0,1114900.0
2026-07-16 14:00:00,4596.0,4598.0,4581.0,4591.0,55839.0,1114900.0,1108983.0
2026-07-16 14:30:00,4591.0,4597.0,4587.0,4590.0,46091.0,1108983.0,1101020.0
2026-07-16 21:00:00,4605.0,4613.0,4588.0,4590.0,126472.0,1101020.0,1103383.0
2026-07-16 21:30:00,4590.0,4602.0,4581.0,4597.0,69313.0,1103383.0,1103439.0
2026-07-16 22:00:00,4597.0,4601.0,4590.0,4593.0,40967.0,1103439.0,1101048.0
2026-07-16 22:30:00,4593.0,4598.0,4589.0,4593.0,25618.0,1101048.0,1096116.0
2026-07-17 09:00:00,4595.0,4603.0,4573.0,4582.0,96058.0,1096116.0,1100114.0
2026-07-17 09:30:00,4582.0,4591.0,4546.0,4549.0,81145.0,1100114.0,1098981.0
2026-07-17 10:00:00,4549.0,4551.0,4509.0,4521.0,114781.0,1098981.0,1116896.0
2026-07-17 10:30:00,4523.0,4530.0,4474.0,4478.0,167959.0,1116896.0,1131934.0
2026-07-17 11:00:00,4478.0,4478.0,4455.0,4472.0,128477.0,1131934.0,1140802.0
2026-07-17 13:30:00,4469.0,4469.0,4437.0,4446.0,146191.0,1140802.0,1145589.0
2026-07-17 14:00:00,4446.0,4446.0,4434.0,4446.0,77457.0,1145589.0,1145555.0
2026-07-17 14:30:00,4446.0,4448.0,4438.0,4440.0,77480.0,1145555.0,1129744.0
2026-07-17 21:00:00,4458.0,4491.0,4440.0,4483.0,195076.0,1129744.0,1131008.0
2026-07-17 21:30:00,4483.0,4530.0,4475.0,4530.0,131356.0,1131008.0,1124579.0
2026-07-17 22:00:00,4530.0,4556.0,4525.0,4547.0,193524.0,1124579.0,1104324.0
2026-07-17 22:30:00,4547.0,4565.0,4538.0,4560.0,115705.0,1104324.0,1087631.0
2026-07-20 09:00:00,4585.0,4651.0,4585.0,4633.0,306086.0,1087631.0,1079368.0
2026-07-20 09:30:00,4633.0,4677.0,4632.0,4669.0,135141.0,1079368.0,1075032.0
2026-07-20 10:00:00,4669.0,4685.0,4660.0,4685.0,58828.0,1075032.0,1074845.0
2026-07-20 10:30:00,4683.0,4697.0,4668.0,4679.0,118393.0,1074845.0,1072386.0
2026-07-20 11:00:00,4679.0,4700.0,4667.0,4694.0,95682.0,1072386.0,1068504.0
2026-07-20 13:30:00,4693.0,4695.0,4683.0,4687.0,80692.0,1068504.0,1060962.0
2026-07-20 14:00:00,4687.0,4723.0,4686.0,4712.0,110754.0,1060962.0,1051696.0
2026-07-20 14:30:00,4712.0,4720.0,4700.0,4713.0,91958.0,1051696.0,1035544.0
2026-07-20 21:00:00,4671.0,4680.0,4591.0,4615.0,395903.0,1035544.0,1034545.0
2026-07-20 21:30:00,4615.0,4645.0,4609.0,4627.0,124346.0,1034545.0,1020340.0
2026-07-20 22:00:00,4627.0,4635.0,4617.0,4623.0,63253.0,1020340.0,1017743.0
2026-07-20 22:30:00,4623.0,4629.0,4613.0,4626.0,56390.0,1017743.0,1006435.0
2026-07-21 09:00:00,4632.0,4632.0,4562.0,4595.0,193082.0,1006435.0,1012624.0
2026-07-21 09:30:00,4595.0,4605.0,4569.0,4578.0,85674.0,1012624.0,1014291.0
2026-07-21 10:00:00,4578.0,4579.0,4545.0,4560.0,67143.0,1014291.0,1017279.0
2026-07-21 10:30:00,4563.0,4583.0,4548.0,4549.0,103292.0,1017279.0,1018716.0
2026-07-21 11:00:00,4549.0,4570.0,4546.0,4566.0,72113.0,1018716.0,1015098.0
2026-07-21 13:30:00,4568.0,4584.0,4565.0,4578.0,78114.0,1015098.0,1015665.0
2026-07-21 14:00:00,4578.0,4590.0,4577.0,4583.0,54156.0,1015665.0,1014446.0
2026-07-21 14:30:00,4583.0,4596.0,4583.0,4587.0,58921.0,1014446.0,1007168.0
2026-07-21 21:00:00,4616.0,4644.0,4584.0,4601.0,211349.0,1007168.0,1016070.0
2026-07-21 21:30:00,4601.0,4605.0,4571.0,4584.0,132061.0,1016070.0,1018335.0
2026-07-21 22:00:00,4584.0,4592.0,4573.0,4585.0,59582.0,1018335.0,1018713.0
2026-07-21 22:30:00,4585.0,4597.0,4585.0,4592.0,44587.0,1018713.0,1010039.0
2026-07-22 09:00:00,4596.0,4605.0,4575.0,4581.0,110788.0,1010039.0,1019724.0
2026-07-22 09:30:00,4581.0,4589.0,4554.0,4559.0,88775.0,1019724.0,1027536.0
2026-07-22 10:00:00,4559.0,4572.0,4559.0,4563.0,28541.0,1027536.0,1029740.0
2026-07-22 10:30:00,4563.0,4581.0,4556.0,4573.0,79732.0,1029740.0,1028412.0
2026-07-22 11:00:00,4573.0,4586.0,4567.0,4579.0,34661.0,1028412.0,1026062.0
