time,open,high,low,close,volume,open_oi,close_oi
2026-01-23 09:10:00,8000.0,8002.0,7996.0,7996.0,486.0,135082.0,135263.0
2026-01-23 09:15:00,7996.0,8008.0,7994.0,8002.0,1112.0,135263.0,136055.0
2026-01-23 09:20:00,8002.0,8010.0,8000.0,8006.0,845.0,136055.0,136571.0
2026-01-23 09:25:00,8006.0,8010.0,8006.0,8006.0,187.0,136571.0,136602.0
2026-01-23 09:30:00,8006.0,8010.0,8000.0,8010.0,486.0,136602.0,136523.0
2026-01-23 09:35:00,8010.0,8010.0,8004.0,8004.0,364.0,136523.0,136576.0
2026-01-23 09:40:00,8004.0,8006.0,8000.0,8002.0,335.0,136576.0,136568.0
2026-01-23 09:45:00,8002.0,8010.0,8002.0,8008.0,226.0,136568.0,136556.0
2026-01-23 09:50:00,8008.0,8012.0,8008.0,8008.0,604.0,136556.0,137070.0
2026-01-23 09:55:00,8008.0,8012.0,8008.0,8008.0,67.0,137070.0,137076.0
2026-01-23 10:00:00,8008.0,8012.0,7996.0,7998.0,691.0,137076.0,137135.0
2026-01-23 10:05:00,7998.0,8002.0,7990.0,7992.0,970.0,137135.0,137244.0
2026-01-23 10:10:00,7992.0,7994.0,7990.0,7990.0,171.0,137244.0,137169.0
2026-01-23 10:30:00,7988.0,7990.0,7980.0,7980.0,1278.0,137169.0,137371.0
2026-01-23 10:35:00,7980.0,7982.0,7976.0,7976.0,927.0,137371.0,137593.0
2026-01-23 10:40:00,7976.0,7978.0,7968.0,7970.0,615.0,137593.0,137765.0
2026-01-23 10:45:00,7970.0,7980.0,7970.0,7980.0,338.0,137765.0,137930.0
2026-01-23 10:50:00,7980.0,7988.0,7980.0,7984.0,277.0,137930.0,138003.0
2026-01-23 10:55:00,7984.0,7990.0,7984.0,7986.0,787.0,138003.0,138535.0
2026-01-23 11:00:00,7986.0,7990.0,7984.0,7988.0,237.0,138535.0,138608.0
2026-01-23 11:05:00,7988.0,7988.0,7984.0,7988.0,263.0,138608.0,138612.0
2026-01-23 11:10:00,7988.0,7990.0,7984.0,7990.0,116.0,138612.0,138646.0
2026-01-23 11:15:00,7990.0,7992.0,7988.0,7992.0,299.0,138646.0,138740.0
2026-01-23 11:20:00,7992.0,7998.0,7988.0,7998.0,396.0,138740.0,138763.0
2026-01-23 11:25:00,7998.0,7998.0,7994.0,7996.0,253.0,138763.0,138807.0
2026-01-23 13:30:00,7994.0,7998.0,7986.0,7998.0,189.0,138807.0,138811.0
2026-01-23 13:35:00,7998.0,8002.0,7996.0,8002.0,443.0,138811.0,138820.0
2026-01-23 13:40:00,8002.0,8002.0,7994.0,7996.0,457.0,138820.0,138867.0
2026-01-23 13:45:00,7996.0,8004.0,7996.0,8002.0,461.0,138867.0,139068.0
2026-01-23 13:50:00,8002.0,8008.0,8002.0,8004.0,179.0,139068.0,139107.0
2026-01-23 13:55:00,8004.0,8010.0,8002.0,8002.0,200.0,139107.0,139175.0
2026-01-23 14:00:00,8002.0,8006.0,8000.0,8002.0,62.0,139175.0,139190.0
2026-01-23 14:05:00,8002.0,8006.0,8000.0,8006.0,157.0,139190.0,139215.0
2026-01-23 14:10:00,8006.0,8008.0,7998.0,7998.0,470.0,139215.0,139339.0
2026-01-23 14:15:00,7998.0,8000.0,7994.0,7996.0,269.0,139339.0,139369.0
2026-01-23 14:20:00,7996.0,8002.0,7996.0,8000.0,54.0,139369.0,139374.0
2026-01-23 14:25:00,8000.0,8002.0,7996.0,7996.0,257.0,139374.0,139530.0
2026-01-23 14:30:00,7996.0,8000.0,7992.0,7992.0,284.0,139530.0,139619.0
2026-01-23 14:35:00,7992.0,7992.0,7990.0,7990.0,315.0,139619.0,139664.0
2026-01-23 14:40:00,7990.0,7994.0,7988.0,7992.0,378.0,139664.0,139697.0
2026-01-23 14:45:00,7992.0,7998.0,7990.0,7998.0,81.0,139697.0,139704.0
2026-01-23 14:50:00,7998.0,8002.0,7998.0,7998.0,168.0,139704.0,139700.0
2026-01-23 14:55:00,7998.0,8004.0,7998.0,8000.0,689.0,139700.0,139651.0
2026-01-23 21:00:00,8032.0,8038.0,8022.0,8038.0,2537.0,139651.0,140344.0
2026-01-23 21:05:00,8038.0,8038.0,8024.0,8026.0,1135.0,140344.0,140635.0
2026-01-23 21:10:00,8026.0,8028.0,8024.0,8028.0,207.0,140635.0,140638.0
2026-01-23 21:15:00,8028.0,8028.0,8020.0,8020.0,137.0,140638.0,140612.0
2026-01-23 21:20:00,8020.0,8032.0,8018.0,8030.0,595.0,140612.0,140749.0
2026-01-23 21:25:00,8030.0,8034.0,8030.0,8032.0,263.0,140749.0,140722.0
2026-01-23 21:30:00,8032.0,8038.0,8032.0,8032.0,415.0,140722.0,140741.0
2026-01-23 21:35:00,8032.0,8034.0,8030.0,8034.0,204.0,140741.0,140745.0
2026-01-23 21:40:00,8034.0,8048.0,8034.0,8048.0,1000.0,140745.0,140917.0
2026-01-23 21:45:00,8048.0,8056.0,8048.0,8052.0,629.0,140917.0,140916.0
2026-01-23 21:50:00,8052.0,8062.0,8050.0,8058.0,845.0,140916.0,140887.0
2026-01-23 21:55:00,8058.0,8060.0,8052.0,8060.0,507.0,140887.0,140898.0
2026-01-23 22:00:00,8060.0,8082.0,8058.0,8078.0,1807.0,140898.0,141210.0
2026-01-23 22:05:00,8078.0,8088.0,8078.0,8088.0,375.0,141210.0,141259.0
2026-01-23 22:10:00,8088.0,8094.0,8082.0,8084.0,433.0,141259.0,141235.0
2026-01-23 22:15:00,8084.0,8086.0,8074.0,8074.0,142.0,141235.0,141219.0
2026-01-23 22:20:00,8074.0,8080.0,8074.0,8080.0,142.0,141219.0,141250.0
2026-01-23 22:25:00,8080.0,8084.0,8080.0,8080.0,332.0,141250.0,141194.0
2026-01-23 22:30:00,8080.0,8094.0,8078.0,8088.0,205.0,141194.0,141215.0
2026-01-23 22:35:00,8088.0,8088.0,8080.0,8086.0,226.0,141215.0,141262.0
2026-01-23 22:40:00,8086.0,8090.0,8082.0,8086.0,403.0,141262.0,141318.0
2026-01-23 22:45:00,8086.0,8094.0,8084.0,8094.0,361.0,141318.0,141391.0
2026-01-23 22:50:00,8094.0,8098.0,8092.0,8094.0,435.0,141391.0,141442.0
2026-01-23 22:55:00,8094.0,8098.0,8090.0,8096.0,368.0,141442.0,141465.0
2026-01-26 09:00:00,8080.0,8080.0,8058.0,8064.0,4401.0,141465.0,141391.0
2026-01-26 09:05:00,8064.0,8066.0,8054.0,8064.0,867.0,141391.0,141246.0
2026-01-26 09:10:00,8064.0,8072.0,8064.0,8068.0,435.0,141246.0,141182.0
2026-01-26 09:15:00,8068.0,8074.0,8064.0,8068.0,572.0,141182.0,141478.0
2026-01-26 09:20:00,8068.0,8070.0,8058.0,8068.0,1175.0,141478.0,142248.0
2026-01-26 09:25:00,8068.0,8068.0,8062.0,8066.0,188.0,142248.0,142264.0
2026-01-26 09:30:00,8066.0,8070.0,8062.0,8066.0,315.0,142264.0,142301.0
2026-01-26 09:35:00,8066.0,8074.0,8064.0,8066.0,563.0,142301.0,142529.0
2026-01-26 09:40:00,8066.0,8072.0,8066.0,8066.0,837.0,142529.0,142938.0
2026-01-26 09:45:00,8066.0,8072.0,8064.0,8072.0,1077.0,142938.0,143732.0
2026-01-26 09:50:00,8072.0,8082.0,8070.0,8078.0,719.0,143732.0,143830.0
2026-01-26 09:55:00,8078.0,8080.0,8074.0,8076.0,232.0,143830.0,143812.0
2026-01-26 10:00:00,8076.0,8080.0,8076.0,8080.0,160.0,143812.0,143809.0
2026-01-26 10:05:00,8080.0,8082.0,8078.0,8080.0,431.0,143809.0,143844.0
2026-01-26 10:10:00,8080.0,8096.0,8080.0,8094.0,325.0,143844.0,143805.0
2026-01-26 10:30:00,8094.0,8096.0,8086.0,8090.0,660.0,143805.0,143821.0
2026-01-26 10:35:00,8090.0,8090.0,8084.0,8086.0,541.0,143821.0,144098.0
2026-01-26 10:40:00,8086.0,8092.0,8082.0,8092.0,571.0,144098.0,144353.0
2026-01-26 10:45:00,8092.0,8094.0,8082.0,8084.0,472.0,144353.0,144447.0
2026-01-26 10:50:00,8084.0,8090.0,8082.0,8090.0,330.0,144447.0,144547.0
2026-01-26 10:55:00,8090.0,8092.0,8086.0,8088.0,658.0,144547.0,144752.0
2026-01-26 11:00:00,8088.0,8092.0,8084.0,8088.0,178.0,144752.0,144721.0
2026-01-26 11:05:00,8088.0,8092.0,8086.0,8092.0,141.0,144721.0,144788.0
2026-01-26 11:10:00,8092.0,8098.0,8092.0,8094.0,640.0,144788.0,145040.0
2026-01-26 11:15:00,8094.0,8098.0,8094.0,8096.0,206.0,145040.0,145094.0
2026-01-26 11:20:00,8096.0,8102.0,8096.0,8100.0,381.0,145094.0,145047.0
2026-01-26 11:25:00,8100.0,8102.0,8090.0,8098.0,569.0,145047.0,145064.0
2026-01-26 13:30:00,8098.0,8104.0,8090.0,8092.0,955.0,145064.0,144659.0
2026-01-26 13:35:00,8092.0,8100.0,8088.0,8098.0,633.0,144659.0,144889.0
2026-01-26 13:40:00,8098.0,8100.0,8090.0,8098.0,424.0,144889.0,144876.0
2026-01-26 13:45:00,8098.0,8098.0,8092.0,8092.0,220.0,144876.0,144884.0
2026-01-26 13:50:00,8092.0,8098.0,8090.0,8096.0,569.0,144884.0,145004.0
2026-01-26 13:55:00,8096.0,8098.0,8092.0,8092.0,185.0,145004.0,145020.0
2026-01-26 14:00:00,8092.0,8094.0,8086.0,8086.0,568.0,145020.0,144939.0
2026-01-26 14:05:00,8086.0,8098.0,8086.0,8098.0,620.0,144939.0,145206.0
2026-01-26 14:10:00,8098.0,8098.0,8094.0,8094.0,275.0,145206.0,145130.0
2026-01-26 14:15:00,8094.0,8102.0,8094.0,8102.0,702.0,145130.0,145530.0
2026-01-26 14:20:00,8102.0,8114.0,8100.0,8114.0,1815.0,145530.0,146329.0
2026-01-26 14:25:00,8114.0,8128.0,8112.0,8124.0,1505.0,146329.0,146398.0
2026-01-26 14:30:00,8124.0,8138.0,8122.0,8130.0,1806.0,146398.0,146639.0
2026-01-26 14:35:00,8130.0,8130.0,8118.0,8122.0,654.0,146639.0,146599.0
2026-01-26 14:40:00,8122.0,8142.0,8122.0,8142.0,966.0,146599.0,146563.0
2026-01-26 14:45:00,8142.0,8148.0,8132.0,8138.0,2349.0,146563.0,146998.0
2026-01-26 14:50:00,8138.0,8142.0,8126.0,8138.0,1383.0,146998.0,146999.0
2026-01-26 14:55:00,8138.0,8146.0,8134.0,8138.0,1273.0,146999.0,146852.0
2026-01-26 21:00:00,8102.0,8136.0,8102.0,8136.0,1927.0,146852.0,146893.0
2026-01-26 21:05:00,8136.0,8138.0,8130.0,8130.0,783.0,146893.0,147076.0
2026-01-26 21:10:00,8130.0,8132.0,8122.0,8124.0,666.0,147076.0,147183.0
2026-01-26 21:15:00,8124.0,8130.0,8124.0,8130.0,256.0,147183.0,147206.0
2026-01-26 21:20:00,8130.0,8130.0,8116.0,8118.0,1352.0,147206.0,147963.0
2026-01-26 21:25:00,8118.0,8122.0,8100.0,8100.0,1547.0,147963.0,148797.0
2026-01-26 21:30:00,8100.0,8100.0,8086.0,8100.0,1016.0,148797.0,149289.0
2026-01-26 21:35:00,8100.0,8110.0,8100.0,8110.0,541.0,149289.0,149424.0
2026-01-26 21:40:00,8110.0,8110.0,8104.0,8108.0,281.0,149424.0,149536.0
2026-01-26 21:45:00,8108.0,8110.0,8106.0,8106.0,152.0,149536.0,149569.0
2026-01-26 21:50:00,8106.0,8108.0,8100.0,8102.0,93.0,149569.0,149591.0
2026-01-26 21:55:00,8102.0,8102.0,8090.0,8090.0,231.0,149591.0,149538.0
2026-01-26 22:00:00,8090.0,8094.0,8082.0,8094.0,314.0,149538.0,149585.0
2026-01-26 22:05:00,8094.0,8102.0,8094.0,8102.0,185.0,149585.0,149598.0
2026-01-26 22:10:00,8102.0,8114.0,8100.0,8114.0,565.0,149598.0,149901.0
2026-01-26 22:15:00,8114.0,8126.0,8108.0,8126.0,438.0,149901.0,149878.0
2026-01-26 22:20:00,8126.0,8136.0,8124.0,8134.0,578.0,149878.0,150033.0
2026-01-26 22:25:00,8134.0,8142.0,8134.0,8140.0,347.0,150033.0,150027.0
2026-01-26 22:30:00,8140.0,8152.0,8138.0,8142.0,821.0,150027.0,150144.0
2026-01-26 22:35:00,8142.0,8150.0,8122.0,8122.0,840.0,150144.0,150234.0
2026-01-26 22:40:00,8122.0,8132.0,8122.0,8128.0,387.0,150234.0,150372.0
2026-01-26 22:45:00,8128.0,8130.0,8124.0,8128.0,913.0,150372.0,150340.0
2026-01-26 22:50:00,8128.0,8132.0,8120.0,8122.0,1167.0,150340.0,150837.0
2026-01-26 22:55:00,8122.0,8122.0,8102.0,8114.0,1482.0,150837.0,151440.0
2026-01-27 09:00:00,8090.0,8092.0,8070.0,8092.0,1472.0,151440.0,151557.0
2026-01-27 09:05:00,8092.0,8098.0,8090.0,8096.0,1466.0,151557.0,151842.0
2026-01-27 09:10:00,8096.0,8112.0,8096.0,8110.0,1012.0,151842.0,152070.0
2026-01-27 09:15:00,8110.0,8112.0,8096.0,8096.0,613.0,152070.0,152240.0
2026-01-27 09:20:00,8096.0,8100.0,8096.0,8096.0,433.0,152240.0,152424.0
2026-01-27 09:25:00,8096.0,8108.0,8096.0,8102.0,660.0,152424.0,152609.0
2026-01-27 09:30:00,8102.0,8106.0,8100.0,8106.0,347.0,152609.0,152576.0
2026-01-27 09:35:00,8106.0,8106.0,8100.0,8104.0,114.0,152576.0,152594.0
2026-01-27 09:40:00,8104.0,8104.0,8090.0,8094.0,450.0,152594.0,152487.0
2026-01-27 09:45:00,8094.0,8094.0,8074.0,8078.0,553.0,152487.0,152554.0
2026-01-27 09:50:00,8078.0,8090.0,8078.0,8090.0,486.0,152554.0,152652.0
2026-01-27 09:55:00,8090.0,8090.0,8082.0,8082.0,291.0,152652.0,152664.0
2026-01-27 10:00:00,8082.0,8090.0,8082.0,8088.0,240.0,152664.0,152660.0
2026-01-27 10:05:00,8088.0,8096.0,8088.0,8090.0,236.0,152660.0,152684.0
2026-01-27 10:10:00,8090.0,8102.0,8090.0,8102.0,519.0,152684.0,152986.0
2026-01-27 10:30:00,8102.0,8106.0,8100.0,8102.0,530.0,152986.0,153117.0
2026-01-27 10:35:00,8102.0,8104.0,8098.0,8102.0,651.0,153117.0,152936.0
2026-01-27 10:40:00,8102.0,8112.0,8100.0,8112.0,213.0,152936.0,152976.0
2026-01-27 10:45:00,8112.0,8112.0,8102.0,8102.0,243.0,152976.0,153000.0
2026-01-27 10:50:00,8102.0,8104.0,8096.0,8098.0,425.0,153000.0,153133.0
2026-01-27 10:55:00,8098.0,8104.0,8092.0,8104.0,404.0,153133.0,153300.0
2026-01-27 11:00:00,8104.0,8104.0,8096.0,8100.0,749.0,153300.0,153604.0
2026-01-27 11:05:00,8100.0,8106.0,8100.0,8106.0,319.0,153604.0,153691.0
2026-01-27 11:10:00,8106.0,8124.0,8104.0,8122.0,443.0,153691.0,153751.0
2026-01-27 11:15:00,8122.0,8122.0,8116.0,8120.0,205.0,153751.0,153751.0
2026-01-27 11:20:00,8120.0,8128.0,8120.0,8126.0,328.0,153751.0,153783.0
2026-01-27 11:25:00,8126.0,8132.0,8124.0,8130.0,590.0,153783.0,153886.0
2026-01-27 13:30:00,8122.0,8130.0,8110.0,8118.0,1186.0,153886.0,154531.0
2026-01-27 13:35:00,8118.0,8122.0,8114.0,8120.0,675.0,154531.0,154815.0
2026-01-27 13:40:00,8120.0,8122.0,8110.0,8110.0,486.0,154815.0,154966.0
2026-01-27 13:45:00,8110.0,8120.0,8108.0,8118.0,490.0,154966.0,155118.0
2026-01-27 13:50:00,8118.0,8128.0,8116.0,8128.0,572.0,155118.0,155365.0
2026-01-27 13:55:00,8128.0,8132.0,8126.0,8130.0,569.0,155365.0,155374.0
2026-01-27 14:00:00,8130.0,8142.0,8128.0,8140.0,951.0,155374.0,155407.0
2026-01-27 14:05:00,8140.0,8148.0,8136.0,8138.0,1296.0,155407.0,155981.0
2026-01-27 14:10:00,8138.0,8140.0,8128.0,8130.0,639.0,155981.0,155936.0
2026-01-27 14:15:00,8130.0,8138.0,8126.0,8134.0,641.0,155936.0,156060.0
2026-01-27 14:20:00,8134.0,8138.0,8132.0,8134.0,705.0,156060.0,156492.0
2026-01-27 14:25:00,8134.0,8148.0,8134.0,8148.0,576.0,156492.0,156683.0
2026-01-27 14:30:00,8148.0,8148.0,8140.0,8140.0,679.0,156683.0,156937.0
2026-01-27 14:35:00,8140.0,8144.0,8138.0,8144.0,463.0,156937.0,157000.0
2026-01-27 14:40:00,8144.0,8160.0,8144.0,8158.0,1088.0,157000.0,157364.0
2026-01-27 14:45:00,8158.0,8182.0,8156.0,8172.0,2381.0,157364.0,157686.0
2026-01-27 14:50:00,8172.0,8180.0,8168.0,8170.0,1221.0,157686.0,158053.0
2026-01-27 14:55:00,8170.0,8176.0,8170.0,8172.0,717.0,158053.0,157953.0
2026-01-27 21:00:00,8186.0,8214.0,8186.0,8214.0,2050.0,157953.0,158062.0
2026-01-27 21:05:00,8214.0,8250.0,8214.0,8248.0,1346.0,158062.0,158057.0
2026-01-27 21:10:00,8248.0,8248.0,8226.0,8226.0,1067.0,158057.0,157976.0
2026-01-27 21:15:00,8226.0,8234.0,8218.0,8230.0,966.0,157976.0,157942.0
2026-01-27 21:20:00,8230.0,8230.0,8216.0,8220.0,440.0,157942.0,157999.0
2026-01-27 21:25:00,8220.0,8220.0,8210.0,8218.0,927.0,157999.0,157884.0
2026-01-27 21:30:00,8218.0,8220.0,8210.0,8216.0,937.0,157884.0,157973.0
2026-01-27 21:35:00,8216.0,8220.0,8210.0,8214.0,1269.0,157973.0,158471.0
2026-01-27 21:40:00,8214.0,8218.0,8204.0,8206.0,1180.0,158471.0,158238.0
2026-01-27 21:45:00,8206.0,8212.0,8200.0,8212.0,858.0,158238.0,158176.0
2026-01-27 21:50:00,8212.0,8212.0,8200.0,8204.0,351.0,158176.0,158159.0
2026-01-27 21:55:00,8204.0,8210.0,8202.0,8204.0,243.0,158159.0,158219.0
2026-01-27 22:00:00,8204.0,8204.0,8194.0,8200.0,329.0,158219.0,158364.0
2026-01-27 22:05:00,8200.0,8210.0,8200.0,8204.0,290.0,158364.0,158317.0
2026-01-27 22:10:00,8204.0,8204.0,8198.0,8202.0,175.0,158317.0,158321.0
2026-01-27 22:15:00,8202.0,8202.0,8190.0,8194.0,303.0,158321.0,158278.0
2026-01-27 22:20:00,8194.0,8198.0,8188.0,8188.0,393.0,158278.0,158383.0
2026-01-27 22:25:00,8188.0,8202.0,8186.0,8194.0,495.0,158383.0,158400.0
2026-01-27 22:30:00,8194.0,8210.0,8194.0,8198.0,754.0,158400.0,158517.0
2026-01-27 22:35:00,8198.0,8202.0,8184.0,8186.0,1750.0,158517.0,159235.0
2026-01-27 22:40:00,8186.0,8192.0,8180.0,8180.0,976.0,159235.0,159699.0
2026-01-27 22:45:00,8180.0,8188.0,8172.0,8184.0,857.0,159699.0,159990.0
2026-01-27 22:50:00,8184.0,8186.0,8180.0,8186.0,361.0,159990.0,160020.0
2026-01-27 22:55:00,8186.0,8190.0,8182.0,8184.0,515.0,160020.0,160063.0
2026-01-28 09:00:00,8210.0,8222.0,8206.0,8218.0,1061.0,160063.0,159997.0
2026-01-28 09:05:00,8218.0,8224.0,8218.0,8218.0,690.0,159997.0,160069.0
2026-01-28 09:10:00,8218.0,8236.0,8218.0,8234.0,657.0,160069.0,160174.0
2026-01-28 09:15:00,8234.0,8236.0,8220.0,8220.0,240.0,160174.0,160159.0
2026-01-28 09:20:00,8220.0,8228.0,8210.0,8214.0,1939.0,160159.0,161263.0
2026-01-28 09:25:00,8214.0,8218.0,8210.0,8214.0,563.0,161263.0,161454.0
2026-01-28 09:30:00,8214.0,8222.0,8212.0,8216.0,1190.0,161454.0,162122.0
2026-01-28 09:35:00,8216.0,8216.0,8206.0,8210.0,1543.0,162122.0,162614.0
2026-01-28 09:40:00,8210.0,8216.0,8206.0,8208.0,765.0,162614.0,162770.0
2026-01-28 09:45:00,8208.0,8212.0,8208.0,8212.0,393.0,162770.0,162939.0
2026-01-28 09:50:00,8212.0,8216.0,8210.0,8214.0,802.0,162939.0,163376.0
2026-01-28 09:55:00,8214.0,8216.0,8212.0,8216.0,506.0,163376.0,163550.0
2026-01-28 10:00:00,8216.0,8218.0,8214.0,8216.0,460.0,163550.0,163504.0
2026-01-28 10:05:00,8216.0,8222.0,8214.0,8220.0,551.0,163504.0,163604.0
2026-01-28 10:10:00,8220.0,8228.0,8220.0,8224.0,306.0,163604.0,163527.0
2026-01-28 10:30:00,8224.0,8226.0,8216.0,8224.0,436.0,163527.0,163448.0
2026-01-28 10:35:00,8224.0,8230.0,8222.0,8228.0,726.0,163448.0,163490.0
2026-01-28 10:40:00,8228.0,8232.0,8222.0,8228.0,402.0,163490.0,163565.0
2026-01-28 10:45:00,8228.0,8234.0,8228.0,8232.0,302.0,163565.0,163636.0
2026-01-28 10:50:00,8232.0,8232.0,8226.0,8228.0,278.0,163636.0,163659.0
2026-01-28 10:55:00,8228.0,8238.0,8226.0,8226.0,422.0,163659.0,163700.0
2026-01-28 11:00:00,8226.0,8226.0,8212.0,8226.0,1033.0,163700.0,163618.0
2026-01-28 11:05:00,8226.0,8232.0,8224.0,8224.0,364.0,163618.0,163638.0
2026-01-28 11:10:00,8224.0,8232.0,8224.0,8226.0,414.0,163638.0,163737.0
2026-01-28 11:15:00,8226.0,8230.0,8220.0,8220.0,393.0,163737.0,163908.0
2026-01-28 11:20:00,8220.0,8226.0,8216.0,8226.0,266.0,163908.0,164022.0
2026-01-28 11:25:00,8226.0,8228.0,8220.0,8224.0,262.0,164022.0,164009.0
2026-01-28 13:30:00,8226.0,8234.0,8222.0,8224.0,518.0,164009.0,164264.0
2026-01-28 13:35:00,8224.0,8224.0,8216.0,8220.0,510.0,164264.0,164044.0
2026-01-28 13:40:00,8220.0,8224.0,8220.0,8224.0,82.0,164044.0,164064.0
2026-01-28 13:45:00,8224.0,8230.0,8220.0,8230.0,436.0,164064.0,163962.0
2026-01-28 13:50:00,8230.0,8236.0,8228.0,8232.0,600.0,163962.0,163841.0
2026-01-28 13:55:00,8232.0,8234.0,8226.0,8228.0,527.0,163841.0,163906.0
2026-01-28 14:00:00,8228.0,8236.0,8228.0,8234.0,794.0,163906.0,163866.0
2026-01-28 14:05:00,8234.0,8244.0,8234.0,8240.0,1345.0,163866.0,164327.0
2026-01-28 14:10:00,8240.0,8242.0,8234.0,8236.0,688.0,164327.0,164457.0
2026-01-28 14:15:00,8236.0,8246.0,8234.0,8246.0,423.0,164457.0,164568.0
2026-01-28 14:20:00,8246.0,8246.0,8238.0,8238.0,656.0,164568.0,164806.0
2026-01-28 14:25:00,8238.0,8238.0,8230.0,8234.0,678.0,164806.0,165077.0
2026-01-28 14:30:00,8234.0,8234.0,8226.0,8228.0,299.0,165077.0,165177.0
2026-01-28 14:35:00,8228.0,8232.0,8226.0,8230.0,264.0,165177.0,165219.0
2026-01-28 14:40:00,8230.0,8232.0,8226.0,8228.0,647.0,165219.0,165227.0
2026-01-28 14:45:00,8228.0,8232.0,8226.0,8228.0,369.0,165227.0,165382.0
2026-01-28 14:50:00,8228.0,8236.0,8228.0,8236.0,379.0,165382.0,165399.0
2026-01-28 14:55:00,8236.0,8240.0,8234.0,8240.0,418.0,165399.0,165337.0
2026-01-28 21:00:00,8240.0,8258.0,8238.0,8244.0,2519.0,165337.0,165744.0
2026-01-28 21:05:00,8244.0,8248.0,8232.0,8236.0,609.0,165744.0,165715.0
2026-01-28 21:10:00,8236.0,8242.0,8232.0,8234.0,1227.0,165715.0,166088.0
2026-01-28 21:15:00,8234.0,8244.0,8234.0,8240.0,452.0,166088.0,166071.0
2026-01-28 21:20:00,8240.0,8244.0,8240.0,8244.0,409.0,166071.0,166148.0
2026-01-28 21:25:00,8244.0,8248.0,8238.0,8238.0,452.0,166148.0,166426.0
2026-01-28 21:30:00,8238.0,8244.0,8238.0,8242.0,310.0,166426.0,166507.0
2026-01-28 21:35:00,8242.0,8244.0,8234.0,8238.0,461.0,166507.0,166585.0
2026-01-28 21:40:00,8238.0,8240.0,8232.0,8240.0,212.0,166585.0,166547.0
2026-01-28 21:45:00,8240.0,8260.0,8240.0,8256.0,749.0,166547.0,166742.0
2026-01-28 21:50:00,8256.0,8268.0,8254.0,8266.0,751.0,166742.0,166992.0
2026-01-28 21:55:00,8266.0,8268.0,8258.0,8268.0,348.0,166992.0,167004.0
2026-01-28 22:00:00,8268.0,8278.0,8266.0,8274.0,291.0,167004.0,166924.0
2026-01-28 22:05:00,8274.0,8290.0,8272.0,8288.0,482.0,166924.0,167044.0
2026-01-28 22:10:00,8288.0,8296.0,8286.0,8292.0,774.0,167044.0,167143.0
2026-01-28 22:15:00,8292.0,8298.0,8290.0,8292.0,581.0,167143.0,167218.0
2026-01-28 22:20:00,8292.0,8294.0,8276.0,8276.0,641.0,167218.0,167251.0
2026-01-28 22:25:00,8276.0,8288.0,8276.0,8280.0,514.0,167251.0,167380.0
2026-01-28 22:30:00,8280.0,8280.0,8252.0,8256.0,2984.0,167380.0,169144.0
2026-01-28 22:35:00,8256.0,8268.0,8256.0,8268.0,2019.0,169144.0,170284.0
2026-01-28 22:40:00,8268.0,8268.0,8254.0,8256.0,2189.0,170284.0,171672.0
2026-01-28 22:45:00,8256.0,8260.0,8250.0,8252.0,2914.0,171672.0,173491.0
2026-01-28 22:50:00,8252.0,8260.0,8244.0,8252.0,2505.0,173491.0,175000.0
2026-01-28 22:55:00,8252.0,8262.0,8252.0,8256.0,1148.0,175000.0,175342.0
2026-01-29 09:00:00,8248.0,8256.0,8240.0,8246.0,836.0,175342.0,175310.0
2026-01-29 09:05:00,8246.0,8250.0,8240.0,8248.0,423.0,175310.0,175401.0
2026-01-29 09:10:00,8248.0,8252.0,8246.0,8248.0,592.0,175401.0,175556.0
2026-01-29 09:15:00,8248.0,8256.0,8248.0,8252.0,375.0,175556.0,175594.0
2026-01-29 09:20:00,8252.0,8252.0,8242.0,8244.0,344.0,175594.0,175682.0
2026-01-29 09:25:00,8244.0,8258.0,8244.0,8258.0,1111.0,175682.0,176237.0
2026-01-29 09:30:00,8258.0,8268.0,8258.0,8264.0,859.0,176237.0,176584.0
2026-01-29 09:35:00,8264.0,8270.0,8262.0,8262.0,1205.0,176584.0,177084.0
2026-01-29 09:40:00,8262.0,8268.0,8262.0,8268.0,171.0,177084.0,177115.0
2026-01-29 09:45:00,8268.0,8276.0,8268.0,8272.0,245.0,177115.0,177115.0
2026-01-29 09:50:00,8272.0,8278.0,8272.0,8274.0,265.0,177115.0,177107.0
2026-01-29 09:55:00,8274.0,8282.0,8272.0,8280.0,170.0,177107.0,177095.0
2026-01-29 10:00:00,8280.0,8282.0,8276.0,8276.0,220.0,177095.0,177131.0
2026-01-29 10:05:00,8276.0,8278.0,8260.0,8260.0,423.0,177131.0,177097.0
2026-01-29 10:10:00,8260.0,8266.0,8256.0,8264.0,460.0,177097.0,177173.0
2026-01-29 10:30:00,8264.0,8266.0,8256.0,8258.0,468.0,177173.0,177127.0
2026-01-29 10:35:00,8258.0,8268.0,8258.0,8266.0,191.0,177127.0,177126.0
2026-01-29 10:40:00,8266.0,8272.0,8266.0,8270.0,199.0,177126.0,177137.0
2026-01-29 10:45:00,8270.0,8274.0,8266.0,8270.0,271.0,177137.0,177175.0
2026-01-29 10:50:00,8270.0,8278.0,8270.0,8278.0,390.0,177175.0,177243.0
2026-01-29 10:55:00,8278.0,8280.0,8274.0,8278.0,153.0,177243.0,177253.0
2026-01-29 11:00:00,8278.0,8278.0,8264.0,8266.0,917.0,177253.0,177254.0
2026-01-29 11:05:00,8266.0,8274.0,8266.0,8274.0,393.0,177254.0,177400.0
2026-01-29 11:10:00,8274.0,8276.0,8266.0,8268.0,310.0,177400.0,177556.0
2026-01-29 11:15:00,8268.0,8270.0,8264.0,8266.0,210.0,177556.0,177669.0
2026-01-29 11:20:00,8266.0,8278.0,8266.0,8278.0,249.0,177669.0,177745.0
2026-01-29 11:25:00,8278.0,8286.0,8274.0,8284.0,531.0,177745.0,177996.0
2026-01-29 13:30:00,8284.0,8300.0,8282.0,8282.0,1326.0,177996.0,178422.0
2026-01-29 13:35:00,8282.0,8284.0,8268.0,8272.0,798.0,178422.0,178687.0
2026-01-29 13:40:00,8272.0,8274.0,8262.0,8264.0,879.0,178687.0,178938.0
2026-01-29 13:45:00,8264.0,8278.0,8264.0,8278.0,484.0,178938.0,179034.0
2026-01-29 13:50:00,8278.0,8280.0,8272.0,8278.0,526.0,179034.0,179240.0
2026-01-29 13:55:00,8278.0,8284.0,8278.0,8282.0,252.0,179240.0,179258.0
2026-01-29 14:00:00,8282.0,8282.0,8272.0,8278.0,323.0,179258.0,179268.0
2026-01-29 14:05:00,8278.0,8282.0,8276.0,8280.0,164.0,179268.0,179258.0
2026-01-29 14:10:00,8280.0,8282.0,8272.0,8276.0,395.0,179258.0,179290.0
2026-01-29 14:15:00,8276.0,8280.0,8274.0,8278.0,143.0,179290.0,179254.0
2026-01-29 14:20:00,8278.0,8292.0,8278.0,8286.0,194.0,179254.0,179238.0
2026-01-29 14:25:00,8286.0,8294.0,8284.0,8294.0,838.0,179238.0,179320.0
2026-01-29 14:30:00,8294.0,8302.0,8284.0,8298.0,1032.0,179320.0,179654.0
2026-01-29 14:35:00,8298.0,8306.0,8296.0,8302.0,1131.0,179654.0,180194.0
2026-01-29 14:40:00,8302.0,8312.0,8300.0,8306.0,1509.0,180194.0,180433.0
2026-01-29 14:45:00,8306.0,8306.0,8286.0,8288.0,1963.0,180433.0,181318.0
2026-01-29 14:50:00,8288.0,8296.0,8286.0,8292.0,812.0,181318.0,181510.0
2026-01-29 14:55:00,8292.0,8294.0,8284.0,8294.0,1126.0,181510.0,181554.0
2026-01-29 21:00:00,8306.0,8314.0,8294.0,8314.0,2996.0,181554.0,181840.0
2026-01-29 21:05:00,8314.0,8322.0,8304.0,8304.0,1136.0,181840.0,181784.0
2026-01-29 21:10:00,8304.0,8312.0,8298.0,8310.0,1399.0,181784.0,182119.0
2026-01-29 21:15:00,8310.0,8324.0,8306.0,8322.0,975.0,182119.0,182267.0
2026-01-29 21:20:00,8322.0,8326.0,8320.0,8324.0,1415.0,182267.0,182460.0
2026-01-29 21:25:00,8324.0,8324.0,8314.0,8316.0,1507.0,182460.0,183393.0
2026-01-29 21:30:00,8316.0,8318.0,8298.0,8300.0,675.0,183393.0,183172.0
2026-01-29 21:35:00,8300.0,8302.0,8288.0,8292.0,950.0,183172.0,183174.0
2026-01-29 21:40:00,8292.0,8296.0,8282.0,8292.0,825.0,183174.0,183225.0
2026-01-29 21:45:00,8292.0,8292.0,8254.0,8270.0,2598.0,183225.0,182930.0
2026-01-29 21:50:00,8270.0,8274.0,8260.0,8266.0,1078.0,182930.0,182928.0
2026-01-29 21:55:00,8266.0,8270.0,8254.0,8260.0,1104.0,182928.0,182988.0
2026-01-29 22:00:00,8260.0,8282.0,8258.0,8280.0,751.0,182988.0,183085.0
2026-01-29 22:05:00,8280.0,8286.0,8272.0,8272.0,1639.0,183085.0,183132.0
2026-01-29 22:10:00,8272.0,8280.0,8272.0,8274.0,224.0,183132.0,183136.0
2026-01-29 22:15:00,8274.0,8290.0,8270.0,8288.0,1082.0,183136.0,183619.0
2026-01-29 22:20:00,8288.0,8304.0,8288.0,8300.0,548.0,183619.0,183594.0
2026-01-29 22:25:00,8300.0,8318.0,8300.0,8316.0,1947.0,183594.0,184613.0
2026-01-29 22:30:00,8316.0,8322.0,8298.0,8300.0,1718.0,184613.0,184848.0
2026-01-29 22:35:00,8300.0,8310.0,8296.0,8308.0,909.0,184848.0,185085.0
2026-01-29 22:40:00,8308.0,8310.0,8296.0,8298.0,1071.0,185085.0,185286.0
2026-01-29 22:45:00,8298.0,8300.0,8282.0,8288.0,1891.0,185286.0,185621.0
2026-01-29 22:50:00,8288.0,8288.0,8266.0,8266.0,637.0,185621.0,185533.0
2026-01-29 22:55:00,8266.0,8278.0,8264.0,8278.0,689.0,185533.0,185318.0
2026-01-30 09:00:00,8248.0,8248.0,8218.0,8240.0,2190.0,185318.0,185370.0
2026-01-30 09:05:00,8240.0,8240.0,8214.0,8218.0,2098.0,185370.0,185519.0
2026-01-30 09:10:00,8218.0,8218.0,8196.0,8206.0,2347.0,185519.0,185266.0
2026-01-30 09:15:00,8206.0,8228.0,8204.0,8228.0,689.0,185266.0,185312.0
2026-01-30 09:20:00,8228.0,8228.0,8212.0,8214.0,464.0,185312.0,185428.0
2026-01-30 09:25:00,8214.0,8228.0,8214.0,8228.0,277.0,185428.0,185484.0
2026-01-30 09:30:00,8228.0,8232.0,8224.0,8228.0,356.0,185484.0,185433.0
2026-01-30 09:35:00,8228.0,8228.0,8222.0,8226.0,2234.0,185433.0,185918.0
2026-01-30 09:40:00,8226.0,8230.0,8216.0,8216.0,1922.0,185918.0,186649.0
2026-01-30 09:45:00,8216.0,8216.0,8206.0,8214.0,378.0,186649.0,186700.0
2026-01-30 09:50:00,8214.0,8218.0,8186.0,8194.0,1894.0,186700.0,187208.0
2026-01-30 09:55:00,8194.0,8198.0,8182.0,8192.0,1234.0,187208.0,187699.0
2026-01-30 10:00:00,8192.0,8192.0,8174.0,8176.0,1426.0,187699.0,188087.0
2026-01-30 10:05:00,8176.0,8188.0,8174.0,8178.0,1115.0,188087.0,188127.0
2026-01-30 10:10:00,8178.0,8186.0,8176.0,8178.0,542.0,188127.0,188164.0
2026-01-30 10:30:00,8178.0,8178.0,8152.0,8158.0,1409.0,188164.0,188342.0
2026-01-30 10:35:00,8158.0,8178.0,8152.0,8172.0,1694.0,188342.0,188673.0
2026-01-30 10:40:00,8172.0,8190.0,8168.0,8188.0,875.0,188673.0,188619.0
2026-01-30 10:45:00,8188.0,8202.0,8188.0,8200.0,860.0,188619.0,188544.0
2026-01-30 10:50:00,8200.0,8202.0,8196.0,8198.0,508.0,188544.0,188447.0
2026-01-30 10:55:00,8198.0,8208.0,8198.0,8204.0,500.0,188447.0,188490.0
2026-01-30 11:00:00,8204.0,8204.0,8190.0,8192.0,652.0,188490.0,188395.0
2026-01-30 11:05:00,8192.0,8192.0,8178.0,8180.0,417.0,188395.0,188341.0
2026-01-30 11:10:00,8180.0,8180.0,8168.0,8180.0,850.0,188341.0,188416.0
2026-01-30 11:15:00,8180.0,8182.0,8172.0,8180.0,486.0,188416.0,188354.0
2026-01-30 11:20:00,8180.0,8188.0,8176.0,8186.0,156.0,188354.0,188367.0
2026-01-30 11:25:00,8186.0,8190.0,8184.0,8188.0,228.0,188367.0,188357.0
2026-01-30 13:30:00,8182.0,8212.0,8180.0,8204.0,686.0,188357.0,188565.0
2026-01-30 13:35:00,8204.0,8222.0,8204.0,8218.0,557.0,188565.0,188465.0
2026-01-30 13:40:00,8218.0,8220.0,8212.0,8220.0,573.0,188465.0,188433.0
2026-01-30 13:45:00,8220.0,8224.0,8214.0,8216.0,549.0,188433.0,188606.0
2026-01-30 13:50:00,8216.0,8220.0,8212.0,8216.0,433.0,188606.0,188688.0
2026-01-30 13:55:00,8216.0,8216.0,8202.0,8204.0,230.0,188688.0,188662.0
2026-01-30 14:00:00,8204.0,8208.0,8196.0,8198.0,487.0,188662.0,188695.0
2026-01-30 14:05:00,8198.0,8204.0,8196.0,8202.0,156.0,188695.0,188689.0
2026-01-30 14:10:00,8202.0,8208.0,8202.0,8206.0,124.0,188689.0,188706.0
2026-01-30 14:15:00,8206.0,8210.0,8200.0,8210.0,210.0,188706.0,188779.0
2026-01-30 14:20:00,8210.0,8212.0,8204.0,8210.0,210.0,188779.0,188822.0
2026-01-30 14:25:00,8210.0,8210.0,8204.0,8206.0,294.0,188822.0,188762.0
2026-01-30 14:30:00,8206.0,8208.0,8202.0,8202.0,138.0,188762.0,188742.0
2026-01-30 14:35:00,8202.0,8212.0,8202.0,8208.0,163.0,188742.0,188803.0
2026-01-30 14:40:00,8208.0,8210.0,8206.0,8206.0,257.0,188803.0,188884.0
2026-01-30 14:45:00,8206.0,8208.0,8200.0,8204.0,183.0,188884.0,188888.0
2026-01-30 14:50:00,8204.0,8214.0,8202.0,8212.0,528.0,188888.0,188882.0
2026-01-30 14:55:00,8212.0,8214.0,8208.0,8214.0,628.0,188882.0,188950.0
2026-01-30 21:00:00,8218.0,8218.0,8182.0,8186.0,2087.0,188950.0,189044.0
2026-01-30 21:05:00,8186.0,8188.0,8172.0,8180.0,565.0,189044.0,189182.0
2026-01-30 21:10:00,8180.0,8196.0,8180.0,8194.0,1051.0,189182.0,189520.0
2026-01-30 21:15:00,8194.0,8196.0,8188.0,8190.0,464.0,189520.0,189629.0
2026-01-30 21:20:00,8190.0,8196.0,8190.0,8192.0,391.0,189629.0,189725.0
2026-01-30 21:25:00,8192.0,8200.0,8190.0,8198.0,622.0,189725.0,189677.0
2026-01-30 21:30:00,8198.0,8212.0,8194.0,8208.0,514.0,189677.0,189791.0
2026-01-30 21:35:00,8208.0,8214.0,8206.0,8208.0,478.0,189791.0,190031.0
2026-01-30 21:40:00,8208.0,8212.0,8208.0,8210.0,355.0,190031.0,190149.0
2026-01-30 21:45:00,8210.0,8210.0,8190.0,8190.0,392.0,190149.0,190120.0
2026-01-30 21:50:00,8190.0,8200.0,8188.0,8188.0,479.0,190120.0,190227.0
2026-01-30 21:55:00,8188.0,8202.0,8188.0,8200.0,221.0,190227.0,190194.0
2026-01-30 22:00:00,8200.0,8210.0,8200.0,8210.0,510.0,190194.0,190158.0
2026-01-30 22:05:00,8210.0,8220.0,8210.0,8218.0,312.0,190158.0,190162.0
2026-01-30 22:10:00,8218.0,8226.0,8218.0,8226.0,423.0,190162.0,190215.0
2026-01-30 22:15:00,8226.0,8238.0,8226.0,8234.0,1515.0,190215.0,190991.0
2026-01-30 22:20:00,8234.0,8250.0,8234.0,8248.0,1153.0,190991.0,191475.0
2026-01-30 22:25:00,8248.0,8260.0,8246.0,8246.0,2889.0,191475.0,192685.0
2026-01-30 22:30:00,8246.0,8246.0,8224.0,8224.0,3375.0,192685.0,194440.0
2026-01-30 22:35:00,8224.0,8228.0,8220.0,8226.0,1085.0,194440.0,194473.0
2026-01-30 22:40:00,8226.0,8230.0,8218.0,8222.0,1008.0,194473.0,194898.0
2026-01-30 22:45:00,8222.0,8238.0,8220.0,8238.0,744.0,194898.0,194975.0
2026-01-30 22:50:00,8238.0,8244.0,8220.0,8224.0,1320.0,194975.0,195540.0
2026-01-30 22:55:00,8224.0,8232.0,8218.0,8226.0,1359.0,195540.0,196008.0
2026-02-02 09:00:00,8210.0,8210.0,8150.0,8168.0,3038.0,196008.0,196017.0
2026-02-02 09:05:00,8168.0,8168.0,8136.0,8152.0,1620.0,196017.0,195772.0
2026-02-02 09:10:00,8152.0,8156.0,8136.0,8154.0,969.0,195772.0,195813.0
2026-02-02 09:15:00,8154.0,8160.0,8152.0,8154.0,916.0,195813.0,195652.0
2026-02-02 09:20:00,8154.0,8156.0,8132.0,8134.0,735.0,195652.0,195573.0
2026-02-02 09:25:00,8134.0,8142.0,8124.0,8126.0,1207.0,195573.0,195383.0
2026-02-02 09:30:00,8126.0,8126.0,8118.0,8120.0,1633.0,195383.0,195311.0
2026-02-02 09:35:00,8120.0,8130.0,8118.0,8128.0,1496.0,195311.0,195194.0
2026-02-02 09:40:00,8128.0,8128.0,8112.0,8120.0,1559.0,195194.0,195315.0
2026-02-02 09:45:00,8120.0,8120.0,8090.0,8090.0,1506.0,195315.0,195099.0
2026-02-02 09:50:00,8090.0,8102.0,8090.0,8100.0,848.0,195099.0,195090.0
2026-02-02 09:55:00,8100.0,8104.0,8096.0,8104.0,1181.0,195090.0,195136.0
2026-02-02 10:00:00,8104.0,8104.0,8086.0,8096.0,789.0,195136.0,195142.0
2026-02-02 10:05:00,8096.0,8098.0,8088.0,8096.0,773.0,195142.0,195150.0
2026-02-02 10:10:00,8096.0,8100.0,8088.0,8098.0,343.0,195150.0,195098.0
2026-02-02 10:30:00,8102.0,8102.0,8094.0,8098.0,377.0,195098.0,194999.0
2026-02-02 10:35:00,8098.0,8100.0,8096.0,8098.0,97.0,194999.0,194977.0
2026-02-02 10:40:00,8098.0,8102.0,8090.0,8092.0,791.0,194977.0,194661.0
2026-02-02 10:45:00,8092.0,8094.0,8086.0,8088.0,423.0,194661.0,194572.0
2026-02-02 10:50:00,8088.0,8090.0,8084.0,8084.0,219.0,194572.0,194499.0
2026-02-02 10:55:00,8084.0,8088.0,8080.0,8080.0,321.0,194499.0,194599.0
2026-02-02 11:00:00,8080.0,8080.0,8064.0,8064.0,651.0,194599.0,194450.0
2026-02-02 11:05:00,8064.0,8070.0,8062.0,8066.0,549.0,194450.0,194457.0
2026-02-02 11:10:00,8066.0,8070.0,8060.0,8066.0,428.0,194457.0,194503.0
2026-02-02 11:15:00,8066.0,8070.0,8064.0,8068.0,400.0,194503.0,194531.0
2026-02-02 11:20:00,8068.0,8070.0,8058.0,8060.0,1186.0,194531.0,194332.0
2026-02-02 11:25:00,8060.0,8062.0,8052.0,8054.0,461.0,194332.0,194384.0
2026-02-02 13:30:00,8050.0,8050.0,8032.0,8042.0,3255.0,194384.0,195045.0
2026-02-02 13:35:00,8042.0,8044.0,8028.0,8032.0,2463.0,195045.0,195270.0
2026-02-02 13:40:00,8032.0,8036.0,8026.0,8026.0,1391.0,195270.0,195483.0
2026-02-02 13:45:00,8026.0,8030.0,8010.0,8014.0,2476.0,195483.0,195342.0
2026-02-02 13:50:00,8014.0,8018.0,8000.0,8000.0,3288.0,195342.0,194561.0
2026-02-02 13:55:00,8000.0,8038.0,7998.0,8034.0,1403.0,194561.0,194181.0
2026-02-02 14:00:00,8034.0,8048.0,8032.0,8040.0,958.0,194181.0,194164.0
2026-02-02 14:05:00,8040.0,8042.0,7992.0,8038.0,977.0,194164.0,194312.0
2026-02-02 14:10:00,8038.0,8042.0,8036.0,8038.0,397.0,194312.0,194199.0
2026-02-02 14:15:00,8038.0,8042.0,8028.0,8030.0,687.0,194199.0,194072.0
2026-02-02 14:20:00,8030.0,8032.0,8026.0,8028.0,794.0,194072.0,193906.0
2026-02-02 14:25:00,8028.0,8038.0,8026.0,8036.0,673.0,193906.0,193830.0
2026-02-02 14:30:00,8036.0,8046.0,8036.0,8042.0,542.0,193830.0,193826.0
2026-02-02 14:35:00,8042.0,8042.0,8022.0,8024.0,1251.0,193826.0,193265.0
2026-02-02 14:40:00,8024.0,8032.0,8022.0,8022.0,1351.0,193265.0,193074.0
2026-02-02 14:45:00,8022.0,8026.0,8018.0,8022.0,757.0,193074.0,193205.0
2026-02-02 14:50:00,8022.0,8036.0,8022.0,8032.0,676.0,193205.0,193089.0
2026-02-02 14:55:00,8032.0,8034.0,8026.0,8028.0,598.0,193089.0,193002.0
2026-02-02 21:00:00,8040.0,8064.0,8040.0,8046.0,3243.0,193002.0,193000.0
2026-02-02 21:05:00,8046.0,8050.0,8040.0,8042.0,2278.0,193000.0,193061.0
2026-02-02 21:10:00,8042.0,8050.0,8042.0,8048.0,692.0,193061.0,193223.0
2026-02-02 21:15:00,8048.0,8048.0,8036.0,8040.0,1451.0,193223.0,193950.0
2026-02-02 21:20:00,8040.0,8042.0,8032.0,8032.0,680.0,193950.0,194033.0
2026-02-02 21:25:00,8032.0,8034.0,8028.0,8032.0,600.0,194033.0,193941.0
2026-02-02 21:30:00,8032.0,8036.0,8024.0,8034.0,592.0,193941.0,193950.0
2026-02-02 21:35:00,8034.0,8040.0,8028.0,8038.0,266.0,193950.0,193855.0
2026-02-02 21:40:00,8038.0,8040.0,8032.0,8040.0,412.0,193855.0,193815.0
2026-02-02 21:45:00,8040.0,8052.0,8040.0,8052.0,750.0,193815.0,193920.0
2026-02-02 21:50:00,8052.0,8054.0,8044.0,8048.0,216.0,193920.0,193902.0
2026-02-02 21:55:00,8048.0,8048.0,8044.0,8048.0,126.0,193902.0,193877.0
2026-02-02 22:00:00,8048.0,8052.0,8046.0,8048.0,300.0,193877.0,193806.0
2026-02-02 22:05:00,8048.0,8054.0,8048.0,8052.0,133.0,193806.0,193792.0
2026-02-02 22:10:00,8052.0,8052.0,8048.0,8052.0,154.0,193792.0,193712.0
2026-02-02 22:15:00,8052.0,8058.0,8052.0,8054.0,281.0,193712.0,193659.0
2026-02-02 22:20:00,8054.0,8054.0,8044.0,8054.0,600.0,193659.0,193661.0
2026-02-02 22:25:00,8054.0,8054.0,8052.0,8054.0,25.0,193661.0,193662.0
2026-02-02 22:30:00,8054.0,8058.0,8052.0,8056.0,293.0,193662.0,193621.0
2026-02-02 22:35:00,8056.0,8064.0,8054.0,8060.0,411.0,193621.0,193665.0
2026-02-02 22:40:00,8060.0,8066.0,8058.0,8066.0,521.0,193665.0,193768.0
2026-02-02 22:45:00,8066.0,8066.0,8058.0,8058.0,437.0,193768.0,193879.0
2026-02-02 22:50:00,8058.0,8062.0,8058.0,8058.0,168.0,193879.0,193828.0
2026-02-02 22:55:00,8058.0,8062.0,8054.0,8054.0,553.0,193828.0,193879.0
2026-02-03 09:00:00,8058.0,8082.0,8058.0,8080.0,1538.0,193879.0,193838.0
2026-02-03 09:05:00,8080.0,8082.0,8060.0,8060.0,938.0,193838.0,193875.0
2026-02-03 09:10:00,8060.0,8066.0,8058.0,8058.0,966.0,193875.0,193998.0
2026-02-03 09:15:00,8058.0,8068.0,8056.0,8068.0,722.0,193998.0,194032.0
2026-02-03 09:20:00,8068.0,8070.0,8064.0,8068.0,264.0,194032.0,193957.0
2026-02-03 09:25:00,8068.0,8068.0,8060.0,8064.0,177.0,193957.0,193981.0
2026-02-03 09:30:00,8064.0,8064.0,8058.0,8062.0,352.0,193981.0,194054.0
2026-02-03 09:35:00,8062.0,8064.0,8054.0,8054.0,263.0,194054.0,194042.0
2026-02-03 09:40:00,8054.0,8056.0,8050.0,8052.0,633.0,194042.0,194328.0
2026-02-03 09:45:00,8052.0,8052.0,8046.0,8046.0,225.0,194328.0,194318.0
2026-02-03 09:50:00,8046.0,8052.0,8040.0,8050.0,534.0,194318.0,194405.0
2026-02-03 09:55:00,8050.0,8054.0,8050.0,8052.0,178.0,194405.0,194382.0
2026-02-03 10:00:00,8052.0,8052.0,8038.0,8038.0,961.0,194382.0,194742.0
2026-02-03 10:05:00,8038.0,8044.0,8038.0,8040.0,318.0,194742.0,194708.0
2026-02-03 10:10:00,8040.0,8048.0,8040.0,8040.0,291.0,194708.0,194733.0
2026-02-03 10:30:00,8040.0,8040.0,8030.0,8032.0,549.0,194733.0,194672.0
2026-02-03 10:35:00,8032.0,8038.0,8032.0,8038.0,134.0,194672.0,194643.0
2026-02-03 10:40:00,8038.0,8038.0,8026.0,8028.0,228.0,194643.0,194616.0
2026-02-03 10:45:00,8028.0,8044.0,8024.0,8042.0,435.0,194616.0,194653.0
2026-02-03 10:50:00,8042.0,8044.0,8034.0,8034.0,171.0,194653.0,194644.0
2026-02-03 10:55:00,8034.0,8036.0,8030.0,8034.0,314.0,194644.0,194735.0
2026-02-03 11:00:00,8034.0,8034.0,8026.0,8028.0,254.0,194735.0,194757.0
2026-02-03 11:05:00,8028.0,8032.0,8024.0,8026.0,364.0,194757.0,194869.0
2026-02-03 11:10:00,8026.0,8030.0,8024.0,8028.0,751.0,194869.0,195218.0
2026-02-03 11:15:00,8028.0,8030.0,8020.0,8022.0,783.0,195218.0,195445.0
2026-02-03 11:20:00,8022.0,8026.0,8020.0,8020.0,268.0,195445.0,195470.0
2026-02-03 11:25:00,8020.0,8022.0,8018.0,8018.0,132.0,195470.0,195483.0
2026-02-03 13:30:00,8024.0,8026.0,8020.0,8020.0,360.0,195483.0,195483.0
2026-02-03 13:35:00,8020.0,8026.0,8018.0,8026.0,266.0,195483.0,195499.0
2026-02-03 13:40:00,8026.0,8026.0,8020.0,8020.0,514.0,195499.0,195744.0
2026-02-03 13:45:00,8020.0,8030.0,8018.0,8030.0,1136.0,195744.0,195947.0
2026-02-03 13:50:00,8030.0,8038.0,8030.0,8036.0,1834.0,195947.0,196701.0
2026-02-03 13:55:00,8036.0,8042.0,8030.0,8032.0,600.0,196701.0,196768.0
2026-02-03 14:00:00,8032.0,8034.0,8030.0,8032.0,1132.0,196768.0,197080.0
2026-02-03 14:05:00,8032.0,8036.0,8030.0,8030.0,335.0,197080.0,197091.0
2026-02-03 14:10:00,8030.0,8034.0,8028.0,8030.0,344.0,197091.0,197151.0
2026-02-03 14:15:00,8030.0,8034.0,8030.0,8034.0,184.0,197151.0,197103.0
2026-02-03 14:20:00,8034.0,8038.0,8032.0,8032.0,177.0,197103.0,197117.0
2026-02-03 14:25:00,8032.0,8036.0,8032.0,8034.0,200.0,197117.0,197153.0
2026-02-03 14:30:00,8034.0,8036.0,8024.0,8030.0,704.0,197153.0,197054.0
2026-02-03 14:35:00,8030.0,8030.0,8024.0,8028.0,583.0,197054.0,196977.0
2026-02-03 14:40:00,8028.0,8036.0,8028.0,8030.0,1011.0,196977.0,197341.0
2026-02-03 14:45:00,8030.0,8032.0,8026.0,8030.0,597.0,197341.0,197352.0
2026-02-03 14:50:00,8030.0,8036.0,8028.0,8034.0,705.0,197352.0,197472.0
2026-02-03 14:55:00,8034.0,8034.0,8026.0,8030.0,849.0,197472.0,197277.0
2026-02-03 21:00:00,8072.0,8112.0,8072.0,8102.0,5324.0,197277.0,197393.0
2026-02-03 21:05:00,8102.0,8108.0,8092.0,8096.0,2470.0,197393.0,197779.0
2026-02-03 21:10:00,8096.0,8108.0,8094.0,8102.0,1427.0,197779.0,198192.0
2026-02-03 21:15:00,8102.0,8106.0,8090.0,8092.0,1311.0,198192.0,198044.0
2026-02-03 21:20:00,8092.0,8094.0,8084.0,8092.0,1065.0,198044.0,197946.0
2026-02-03 21:25:00,8092.0,8098.0,8092.0,8094.0,934.0,197946.0,197863.0
2026-02-03 21:30:00,8094.0,8094.0,8084.0,8092.0,395.0,197863.0,197943.0
2026-02-03 21:35:00,8092.0,8102.0,8088.0,8100.0,865.0,197943.0,198372.0
2026-02-03 21:40:00,8100.0,8104.0,8096.0,8102.0,189.0,198372.0,198403.0
2026-02-03 21:45:00,8102.0,8106.0,8098.0,8100.0,1226.0,198403.0,198718.0
2026-02-03 21:50:00,8100.0,8102.0,8094.0,8094.0,366.0,198718.0,198747.0
2026-02-03 21:55:00,8094.0,8096.0,8092.0,8092.0,482.0,198747.0,198971.0
2026-02-03 22:00:00,8092.0,8096.0,8086.0,8096.0,246.0,198971.0,198954.0
2026-02-03 22:05:00,8096.0,8106.0,8094.0,8104.0,699.0,198954.0,199222.0
2026-02-03 22:10:00,8104.0,8108.0,8104.0,8104.0,199.0,199222.0,199214.0
2026-02-03 22:15:00,8104.0,8104.0,8096.0,8098.0,96.0,199214.0,199198.0
2026-02-03 22:20:00,8098.0,8098.0,8092.0,8098.0,160.0,199198.0,199266.0
2026-02-03 22:25:00,8098.0,8100.0,8094.0,8100.0,359.0,199266.0,199463.0
2026-02-03 22:30:00,8100.0,8102.0,8090.0,8090.0,764.0,199463.0,199598.0
2026-02-03 22:35:00,8090.0,8100.0,8088.0,8092.0,977.0,199598.0,200086.0
2026-02-03 22:40:00,8092.0,8096.0,8086.0,8090.0,549.0,200086.0,200210.0
2026-02-03 22:45:00,8090.0,8092.0,8086.0,8088.0,775.0,200210.0,200616.0
2026-02-03 22:50:00,8088.0,8096.0,8088.0,8096.0,263.0,200616.0,200636.0
2026-02-03 22:55:00,8096.0,8098.0,8084.0,8084.0,422.0,200636.0,200647.0
2026-02-04 09:00:00,8092.0,8104.0,8092.0,8094.0,1388.0,200647.0,200702.0
2026-02-04 09:05:00,8094.0,8096.0,8088.0,8092.0,496.0,200702.0,200867.0
2026-02-04 09:10:00,8092.0,8094.0,8082.0,8084.0,813.0,200867.0,201039.0
2026-02-04 09:15:00,8084.0,8090.0,8084.0,8088.0,285.0,201039.0,201136.0
2026-02-04 09:20:00,8088.0,8092.0,8086.0,8090.0,145.0,201136.0,201230.0
2026-02-04 09:25:00,8090.0,8090.0,8082.0,8084.0,231.0,201230.0,201291.0
2026-02-04 09:30:00,8084.0,8088.0,8080.0,8086.0,375.0,201291.0,201530.0
2026-02-04 09:35:00,8086.0,8088.0,8076.0,8078.0,544.0,201530.0,201387.0
2026-02-04 09:40:00,8078.0,8080.0,8076.0,8080.0,294.0,201387.0,201523.0
2026-02-04 09:45:00,8080.0,8080.0,8072.0,8078.0,107.0,201523.0,201540.0
2026-02-04 09:50:00,8078.0,8088.0,8078.0,8084.0,112.0,201540.0,201600.0
2026-02-04 09:55:00,8084.0,8084.0,8078.0,8078.0,74.0,201600.0,201603.0
2026-02-04 10:00:00,8078.0,8086.0,8078.0,8084.0,175.0,201603.0,201683.0
2026-02-04 10:05:00,8084.0,8086.0,8080.0,8082.0,522.0,201683.0,201716.0
2026-02-04 10:10:00,8082.0,8082.0,8076.0,8078.0,205.0,201716.0,201699.0
2026-02-04 10:30:00,8078.0,8086.0,8064.0,8068.0,915.0,201699.0,201744.0
2026-02-04 10:35:00,8068.0,8072.0,8060.0,8064.0,352.0,201744.0,201821.0
2026-02-04 10:40:00,8064.0,8072.0,8064.0,8070.0,101.0,201821.0,201854.0
2026-02-04 10:45:00,8070.0,8070.0,8060.0,8064.0,115.0,201854.0,201866.0
2026-02-04 10:50:00,8064.0,8064.0,8058.0,8058.0,264.0,201866.0,201892.0
2026-02-04 10:55:00,8058.0,8058.0,8048.0,8058.0,427.0,201892.0,201917.0
2026-02-04 11:00:00,8058.0,8060.0,8054.0,8060.0,305.0,201917.0,201886.0
2026-02-04 11:05:00,8060.0,8066.0,8060.0,8062.0,160.0,201886.0,201906.0
2026-02-04 11:10:00,8062.0,8066.0,8060.0,8062.0,139.0,201906.0,201901.0
2026-02-04 11:15:00,8062.0,8062.0,8054.0,8056.0,285.0,201901.0,201828.0
2026-02-04 11:20:00,8056.0,8064.0,8056.0,8064.0,60.0,201828.0,201833.0
2026-02-04 11:25:00,8064.0,8066.0,8058.0,8064.0,389.0,201833.0,201882.0
2026-02-04 13:30:00,8064.0,8070.0,8058.0,8058.0,268.0,201882.0,201819.0
2026-02-04 13:35:00,8058.0,8060.0,8056.0,8058.0,105.0,201819.0,201796.0
2026-02-04 13:40:00,8058.0,8058.0,8054.0,8058.0,297.0,201796.0,201910.0
2026-02-04 13:45:00,8058.0,8058.0,8054.0,8054.0,336.0,201910.0,202051.0
2026-02-04 13:50:00,8054.0,8060.0,8054.0,8056.0,151.0,202051.0,202042.0
2026-02-04 13:55:00,8056.0,8056.0,8052.0,8054.0,538.0,202042.0,202210.0
2026-02-04 14:00:00,8054.0,8058.0,8050.0,8056.0,124.0,202210.0,202225.0
2026-02-04 14:05:00,8056.0,8056.0,8050.0,8054.0,91.0,202225.0,202254.0
2026-02-04 14:10:00,8054.0,8058.0,8054.0,8058.0,39.0,202254.0,202243.0
2026-02-04 14:15:00,8058.0,8058.0,8052.0,8056.0,104.0,202243.0,202223.0
2026-02-04 14:20:00,8056.0,8060.0,8052.0,8060.0,135.0,202223.0,202210.0
2026-02-04 14:25:00,8060.0,8066.0,8058.0,8062.0,170.0,202210.0,202225.0
2026-02-04 14:30:00,8062.0,8074.0,8062.0,8066.0,298.0,202225.0,202309.0
2026-02-04 14:35:00,8066.0,8070.0,8064.0,8068.0,61.0,202309.0,202313.0
2026-02-04 14:40:00,8068.0,8070.0,8064.0,8066.0,398.0,202313.0,202396.0
2026-02-04 14:45:00,8066.0,8072.0,8062.0,8070.0,330.0,202396.0,202357.0
2026-02-04 14:50:00,8070.0,8076.0,8068.0,8072.0,448.0,202357.0,202450.0
2026-02-04 14:55:00,8072.0,8076.0,8070.0,8074.0,294.0,202450.0,202336.0
2026-02-04 21:00:00,8064.0,8074.0,8060.0,8072.0,2255.0,202336.0,202633.0
2026-02-04 21:05:00,8072.0,8092.0,8070.0,8090.0,2023.0,202633.0,203381.0
2026-02-04 21:10:00,8090.0,8108.0,8086.0,8102.0,2945.0,203381.0,204194.0
2026-02-04 21:15:00,8102.0,8122.0,8098.0,8114.0,4707.0,204194.0,205025.0
2026-02-04 21:20:00,8114.0,8116.0,8110.0,8114.0,1075.0,205025.0,205393.0
2026-02-04 21:25:00,8114.0,8116.0,8104.0,8112.0,858.0,205393.0,205376.0
2026-02-04 21:30:00,8112.0,8112.0,8102.0,8102.0,877.0,205376.0,205585.0
2026-02-04 21:35:00,8102.0,8106.0,8098.0,8104.0,329.0,205585.0,205673.0
2026-02-04 21:40:00,8104.0,8106.0,8098.0,8098.0,263.0,205673.0,205569.0
2026-02-04 21:45:00,8098.0,8100.0,8088.0,8092.0,629.0,205569.0,205635.0
2026-02-04 21:50:00,8092.0,8094.0,8086.0,8086.0,287.0,205635.0,205681.0
2026-02-04 21:55:00,8086.0,8088.0,8078.0,8080.0,606.0,205681.0,205848.0
2026-02-04 22:00:00,8080.0,8088.0,8072.0,8078.0,1424.0,205848.0,205678.0
2026-02-04 22:05:00,8078.0,8086.0,8076.0,8086.0,515.0,205678.0,205831.0
2026-02-04 22:10:00,8086.0,8090.0,8084.0,8088.0,531.0,205831.0,205906.0
2026-02-04 22:15:00,8088.0,8092.0,8084.0,8090.0,168.0,205906.0,205935.0
2026-02-04 22:20:00,8090.0,8096.0,8090.0,8090.0,164.0,205935.0,205886.0
2026-02-04 22:25:00,8090.0,8094.0,8090.0,8092.0,276.0,205886.0,206005.0
2026-02-04 22:30:00,8092.0,8102.0,8092.0,8098.0,1886.0,206005.0,206903.0
2026-02-04 22:35:00,8098.0,8102.0,8094.0,8094.0,370.0,206903.0,206900.0
2026-02-04 22:40:00,8094.0,8094.0,8086.0,8094.0,413.0,206900.0,206805.0
2026-02-04 22:45:00,8094.0,8102.0,8090.0,8102.0,357.0,206805.0,206696.0
2026-02-04 22:50:00,8102.0,8108.0,8100.0,8106.0,960.0,206696.0,207077.0
2026-02-04 22:55:00,8106.0,8108.0,8096.0,8096.0,505.0,207077.0,206928.0
2026-02-05 09:00:00,8118.0,8138.0,8108.0,8112.0,4729.0,206928.0,208657.0
2026-02-05 09:05:00,8112.0,8124.0,8112.0,8120.0,2379.0,208657.0,209366.0
2026-02-05 09:10:00,8120.0,8120.0,8102.0,8106.0,2493.0,209366.0,210406.0
2026-02-05 09:15:00,8106.0,8114.0,8104.0,8110.0,941.0,210406.0,210552.0
2026-02-05 09:20:00,8110.0,8112.0,8098.0,8110.0,1212.0,210552.0,211169.0
2026-02-05 09:25:00,8110.0,8116.0,8104.0,8110.0,1094.0,211169.0,211366.0
2026-02-05 09:30:00,8110.0,8114.0,8106.0,8110.0,576.0,211366.0,211331.0
2026-02-05 09:35:00,8110.0,8118.0,8110.0,8116.0,1272.0,211331.0,210802.0
2026-02-05 09:40:00,8116.0,8118.0,8108.0,8110.0,1106.0,210802.0,211096.0
2026-02-05 09:45:00,8110.0,8116.0,8110.0,8110.0,913.0,211096.0,210969.0
2026-02-05 09:50:00,8110.0,8118.0,8108.0,8114.0,1313.0,210969.0,210959.0
2026-02-05 09:55:00,8114.0,8116.0,8106.0,8106.0,896.0,210959.0,210892.0
2026-02-05 10:00:00,8106.0,8108.0,8100.0,8102.0,382.0,210892.0,210948.0
2026-02-05 10:05:00,8102.0,8102.0,8078.0,8080.0,1390.0,210948.0,211349.0
2026-02-05 10:10:00,8080.0,8090.0,8076.0,8090.0,1897.0,211349.0,211372.0
2026-02-05 10:30:00,8088.0,8094.0,8086.0,8088.0,283.0,211372.0,211286.0
2026-02-05 10:35:00,8088.0,8100.0,8086.0,8098.0,813.0,211286.0,211512.0
2026-02-05 10:40:00,8098.0,8098.0,8080.0,8080.0,241.0,211512.0,211458.0
2026-02-05 10:45:00,8080.0,8082.0,8070.0,8078.0,1131.0,211458.0,211452.0
2026-02-05 10:50:00,8078.0,8086.0,8076.0,8084.0,785.0,211452.0,211503.0
2026-02-05 10:55:00,8084.0,8084.0,8070.0,8072.0,240.0,211503.0,211435.0
2026-02-05 11:00:00,8072.0,8074.0,8066.0,8074.0,553.0,211435.0,211377.0
2026-02-05 11:05:00,8074.0,8078.0,8072.0,8074.0,707.0,211377.0,211413.0
2026-02-05 11:10:00,8074.0,8080.0,8070.0,8070.0,271.0,211413.0,211363.0
2026-02-05 11:15:00,8070.0,8072.0,8060.0,8062.0,647.0,211363.0,211485.0
2026-02-05 11:20:00,8062.0,8066.0,8052.0,8064.0,1572.0,211485.0,212183.0
2026-02-05 11:25:00,8064.0,8070.0,8050.0,8064.0,660.0,212183.0,212405.0
2026-02-05 13:30:00,8078.0,8080.0,8066.0,8074.0,1303.0,212405.0,212712.0
2026-02-05 13:35:00,8074.0,8076.0,8070.0,8074.0,279.0,212712.0,212655.0
2026-02-05 13:40:00,8074.0,8076.0,8066.0,8074.0,291.0,212655.0,212645.0
2026-02-05 13:45:00,8074.0,8080.0,8072.0,8074.0,343.0,212645.0,212567.0
2026-02-05 13:50:00,8074.0,8082.0,8072.0,8076.0,759.0,212567.0,212271.0
2026-02-05 13:55:00,8076.0,8078.0,8068.0,8068.0,887.0,212271.0,212026.0
2026-02-05 14:00:00,8068.0,8068.0,8060.0,8062.0,250.0,212026.0,211992.0
2026-02-05 14:05:00,8062.0,8068.0,8060.0,8066.0,152.0,211992.0,211995.0
2026-02-05 14:10:00,8066.0,8068.0,8058.0,8058.0,137.0,211995.0,212028.0
2026-02-05 14:15:00,8058.0,8066.0,8054.0,8060.0,182.0,212028.0,212060.0
2026-02-05 14:20:00,8060.0,8062.0,8054.0,8056.0,331.0,212060.0,211975.0
2026-02-05 14:25:00,8056.0,8066.0,8054.0,8062.0,397.0,211975.0,212006.0
2026-02-05 14:30:00,8062.0,8066.0,8062.0,8062.0,178.0,212006.0,212017.0
2026-02-05 14:35:00,8062.0,8062.0,8056.0,8060.0,265.0,212017.0,211966.0
2026-02-05 14:40:00,8060.0,8060.0,8052.0,8052.0,254.0,211966.0,211933.0
2026-02-05 14:45:00,8052.0,8058.0,8052.0,8052.0,372.0,211933.0,212036.0
2026-02-05 14:50:00,8052.0,8056.0,8046.0,8046.0,495.0,212036.0,211900.0
2026-02-05 14:55:00,8046.0,8052.0,8044.0,8046.0,687.0,211900.0,211832.0
2026-02-05 21:00:00,8040.0,8050.0,8020.0,8050.0,1364.0,211832.0,211830.0
2026-02-05 21:05:00,8050.0,8056.0,8046.0,8052.0,683.0,211830.0,211894.0
2026-02-05 21:10:00,8052.0,8064.0,8052.0,8060.0,1016.0,211894.0,211843.0
2026-02-05 21:15:00,8060.0,8070.0,8058.0,8064.0,1124.0,211843.0,211920.0
2026-02-05 21:20:00,8064.0,8068.0,8060.0,8064.0,1299.0,211920.0,212160.0
2026-02-05 21:25:00,8064.0,8064.0,8058.0,8060.0,148.0,212160.0,212178.0
2026-02-05 21:30:00,8060.0,8062.0,8058.0,8060.0,96.0,212178.0,212201.0
2026-02-05 21:35:00,8060.0,8066.0,8060.0,8060.0,369.0,212201.0,212167.0
2026-02-05 21:40:00,8060.0,8066.0,8058.0,8060.0,380.0,212167.0,212207.0
2026-02-05 21:45:00,8060.0,8072.0,8056.0,8070.0,1310.0,212207.0,212696.0
2026-02-05 21:50:00,8070.0,8072.0,8064.0,8072.0,384.0,212696.0,212711.0
2026-02-05 21:55:00,8072.0,8072.0,8062.0,8062.0,394.0,212711.0,212663.0
2026-02-05 22:00:00,8062.0,8066.0,8062.0,8062.0,94.0,212663.0,212617.0
2026-02-05 22:05:00,8062.0,8066.0,8062.0,8064.0,55.0,212617.0,212606.0
2026-02-05 22:10:00,8064.0,8066.0,8058.0,8058.0,95.0,212606.0,212598.0
2026-02-05 22:15:00,8058.0,8060.0,8054.0,8058.0,415.0,212598.0,212819.0
2026-02-05 22:20:00,8058.0,8068.0,8058.0,8068.0,69.0,212819.0,212834.0
2026-02-05 22:25:00,8068.0,8072.0,8066.0,8070.0,143.0,212834.0,212802.0
2026-02-05 22:30:00,8070.0,8070.0,8060.0,8066.0,216.0,212802.0,212821.0
2026-02-05 22:35:00,8066.0,8072.0,8066.0,8072.0,144.0,212821.0,212790.0
2026-02-05 22:40:00,8072.0,8074.0,8070.0,8072.0,170.0,212790.0,212814.0
2026-02-05 22:45:00,8072.0,8076.0,8072.0,8074.0,98.0,212814.0,212818.0
2026-02-05 22:50:00,8074.0,8080.0,8074.0,8074.0,207.0,212818.0,212855.0
2026-02-05 22:55:00,8074.0,8080.0,8072.0,8080.0,209.0,212855.0,212856.0
2026-02-06 09:00:00,8050.0,8070.0,8050.0,8060.0,1380.0,212856.0,212530.0
2026-02-06 09:05:00,8060.0,8064.0,8056.0,8058.0,152.0,212530.0,212538.0
2026-02-06 09:10:00,8058.0,8060.0,8048.0,8048.0,204.0,212538.0,212601.0
2026-02-06 09:15:00,8048.0,8050.0,8044.0,8050.0,495.0,212601.0,212653.0
2026-02-06 09:20:00,8050.0,8056.0,8048.0,8050.0,452.0,212653.0,212860.0
2026-02-06 09:25:00,8050.0,8050.0,8046.0,8046.0,267.0,212860.0,212975.0
2026-02-06 09:30:00,8046.0,8056.0,8046.0,8054.0,340.0,212975.0,213063.0
2026-02-06 09:35:00,8054.0,8054.0,8046.0,8048.0,336.0,213063.0,213057.0
2026-02-06 09:40:00,8048.0,8052.0,8044.0,8046.0,307.0,213057.0,213147.0
2026-02-06 09:45:00,8046.0,8058.0,8044.0,8054.0,705.0,213147.0,213398.0
2026-02-06 09:50:00,8054.0,8064.0,8052.0,8062.0,290.0,213398.0,213459.0
2026-02-06 09:55:00,8062.0,8066.0,8058.0,8064.0,631.0,213459.0,213370.0
2026-02-06 10:00:00,8064.0,8066.0,8060.0,8060.0,481.0,213370.0,213334.0
2026-02-06 10:05:00,8060.0,8066.0,8054.0,8054.0,344.0,213334.0,213312.0
2026-02-06 10:10:00,8054.0,8058.0,8054.0,8058.0,112.0,213312.0,213337.0
2026-02-06 10:30:00,8060.0,8068.0,8058.0,8060.0,368.0,213337.0,213406.0
2026-02-06 10:35:00,8060.0,8062.0,8060.0,8060.0,575.0,213406.0,213417.0
2026-02-06 10:40:00,8060.0,8066.0,8054.0,8060.0,912.0,213417.0,213696.0
2026-02-06 10:45:00,8060.0,8060.0,8050.0,8056.0,221.0,213696.0,213647.0
2026-02-06 10:50:00,8056.0,8056.0,8044.0,8046.0,187.0,213647.0,213690.0
2026-02-06 10:55:00,8046.0,8050.0,8044.0,8044.0,244.0,213690.0,213742.0
2026-02-06 11:00:00,8044.0,8056.0,8044.0,8056.0,423.0,213742.0,213907.0
2026-02-06 11:05:00,8056.0,8062.0,8056.0,8060.0,150.0,213907.0,213917.0
2026-02-06 11:10:00,8060.0,8062.0,8058.0,8058.0,98.0,213917.0,213899.0
2026-02-06 11:15:00,8058.0,8066.0,8058.0,8062.0,416.0,213899.0,213776.0
2026-02-06 11:20:00,8062.0,8062.0,8054.0,8062.0,215.0,213776.0,213822.0
2026-02-06 11:25:00,8062.0,8074.0,8058.0,8074.0,515.0,213822.0,213910.0
2026-02-06 13:30:00,8074.0,8078.0,8068.0,8070.0,525.0,213910.0,213664.0
2026-02-06 13:35:00,8070.0,8070.0,8066.0,8066.0,126.0,213664.0,213670.0
2026-02-06 13:40:00,8066.0,8068.0,8066.0,8066.0,59.0,213670.0,213657.0
2026-02-06 13:45:00,8066.0,8068.0,8062.0,8064.0,133.0,213657.0,213712.0
2026-02-06 13:50:00,8064.0,8066.0,8062.0,8066.0,96.0,213712.0,213728.0
2026-02-06 13:55:00,8066.0,8068.0,8064.0,8064.0,216.0,213728.0,213809.0
2026-02-06 14:00:00,8064.0,8066.0,8060.0,8062.0,140.0,213809.0,213768.0
2026-02-06 14:05:00,8062.0,8066.0,8062.0,8066.0,97.0,213768.0,213781.0
2026-02-06 14:10:00,8066.0,8066.0,8060.0,8064.0,319.0,213781.0,213745.0
2026-02-06 14:15:00,8064.0,8064.0,8062.0,8062.0,76.0,213745.0,213745.0
2026-02-06 14:20:00,8062.0,8062.0,8052.0,8054.0,120.0,213745.0,213736.0
2026-02-06 14:25:00,8054.0,8060.0,8052.0,8058.0,374.0,213736.0,213644.0
2026-02-06 14:30:00,8058.0,8060.0,8054.0,8054.0,139.0,213644.0,213589.0
2026-02-06 14:35:00,8054.0,8056.0,8052.0,8054.0,172.0,213589.0,213624.0
2026-02-06 14:40:00,8054.0,8056.0,8052.0,8052.0,56.0,213624.0,213639.0
2026-02-06 14:45:00,8052.0,8056.0,8050.0,8052.0,196.0,213639.0,213587.0
2026-02-06 14:50:00,8052.0,8058.0,8052.0,8056.0,475.0,213587.0,213420.0
2026-02-06 14:55:00,8056.0,8058.0,8052.0,8054.0,330.0,213420.0,213338.0
2026-02-06 21:00:00,8042.0,8076.0,8040.0,8072.0,1646.0,213338.0,213036.0
2026-02-06 21:05:00,8072.0,8084.0,8070.0,8072.0,1297.0,213036.0,212526.0
2026-02-06 21:10:00,8072.0,8076.0,8062.0,8068.0,695.0,212526.0,212577.0
2026-02-06 21:15:00,8068.0,8072.0,8068.0,8068.0,226.0,212577.0,212545.0
2026-02-06 21:20:00,8068.0,8072.0,8066.0,8070.0,499.0,212545.0,212746.0
2026-02-06 21:25:00,8070.0,8082.0,8070.0,8072.0,1074.0,212746.0,212182.0
2026-02-06 21:30:00,8072.0,8078.0,8072.0,8076.0,321.0,212182.0,212176.0
2026-02-06 21:35:00,8076.0,8080.0,8070.0,8072.0,352.0,212176.0,212170.0
2026-02-06 21:40:00,8072.0,8072.0,8062.0,8064.0,465.0,212170.0,212300.0
2026-02-06 21:45:00,8064.0,8072.0,8062.0,8066.0,161.0,212300.0,212305.0
2026-02-06 21:50:00,8066.0,8070.0,8066.0,8066.0,67.0,212305.0,212339.0
2026-02-06 21:55:00,8066.0,8068.0,8050.0,8052.0,375.0,212339.0,212306.0
2026-02-06 22:00:00,8052.0,8062.0,8052.0,8062.0,289.0,212306.0,212344.0
2026-02-06 22:05:00,8062.0,8062.0,8054.0,8054.0,142.0,212344.0,212361.0
2026-02-06 22:10:00,8054.0,8062.0,8054.0,8062.0,212.0,212361.0,212424.0
2026-02-06 22:15:00,8062.0,8062.0,8056.0,8056.0,175.0,212424.0,212360.0
2026-02-06 22:20:00,8056.0,8062.0,8056.0,8060.0,185.0,212360.0,212320.0
2026-02-06 22:25:00,8060.0,8068.0,8060.0,8060.0,156.0,212320.0,212270.0
2026-02-06 22:30:00,8060.0,8076.0,8060.0,8072.0,323.0,212270.0,212145.0
2026-02-06 22:35:00,8072.0,8080.0,8068.0,8076.0,686.0,212145.0,211884.0
2026-02-06 22:40:00,8076.0,8084.0,8076.0,8082.0,775.0,211884.0,211628.0
2026-02-06 22:45:00,8082.0,8082.0,8070.0,8072.0,237.0,211628.0,211560.0
2026-02-06 22:50:00,8072.0,8080.0,8072.0,8076.0,258.0,211560.0,211610.0
2026-02-06 22:55:00,8076.0,8076.0,8064.0,8070.0,804.0,211610.0,211393.0
2026-02-09 09:00:00,8056.0,8084.0,8056.0,8074.0,1482.0,211393.0,211233.0
2026-02-09 09:05:00,8074.0,8076.0,8064.0,8072.0,536.0,211233.0,211083.0
2026-02-09 09:10:00,8072.0,8092.0,8070.0,8092.0,1067.0,211083.0,211315.0
2026-02-09 09:15:00,8092.0,8096.0,8074.0,8074.0,1220.0,211315.0,211275.0
2026-02-09 09:20:00,8074.0,8078.0,8072.0,8076.0,353.0,211275.0,211359.0
2026-02-09 09:25:00,8076.0,8082.0,8074.0,8082.0,633.0,211359.0,211493.0
2026-02-09 09:30:00,8082.0,8082.0,8074.0,8078.0,652.0,211493.0,211663.0
2026-02-09 09:35:00,8078.0,8084.0,8078.0,8084.0,534.0,211663.0,211813.0
2026-02-09 09:40:00,8084.0,8086.0,8080.0,8082.0,278.0,211813.0,211937.0
2026-02-09 09:45:00,8082.0,8084.0,8078.0,8080.0,98.0,211937.0,211912.0
2026-02-09 09:50:00,8080.0,8084.0,8080.0,8080.0,61.0,211912.0,211915.0
2026-02-09 09:55:00,8080.0,8084.0,8076.0,8080.0,63.0,211915.0,211916.0
2026-02-09 10:00:00,8080.0,8080.0,8072.0,8076.0,125.0,211916.0,211908.0
2026-02-09 10:05:00,8076.0,8082.0,8076.0,8076.0,104.0,211908.0,211886.0
2026-02-09 10:10:00,8076.0,8090.0,8076.0,8088.0,225.0,211886.0,211895.0
2026-02-09 10:30:00,8086.0,8086.0,8080.0,8084.0,446.0,211895.0,211740.0
2026-02-09 10:35:00,8084.0,8092.0,8082.0,8092.0,798.0,211740.0,212245.0
2026-02-09 10:40:00,8092.0,8092.0,8082.0,8086.0,417.0,212245.0,212046.0
2026-02-09 10:45:00,8086.0,8086.0,8076.0,8080.0,234.0,212046.0,212054.0
2026-02-09 10:50:00,8080.0,8084.0,8072.0,8074.0,241.0,212054.0,211960.0
2026-02-09 10:55:00,8074.0,8080.0,8072.0,8072.0,302.0,211960.0,211871.0
2026-02-09 11:00:00,8072.0,8078.0,8068.0,8068.0,311.0,211871.0,211838.0
2026-02-09 11:05:00,8068.0,8070.0,8064.0,8068.0,315.0,211838.0,211789.0
2026-02-09 11:10:00,8068.0,8074.0,8068.0,8072.0,257.0,211789.0,211689.0
2026-02-09 11:15:00,8072.0,8078.0,8070.0,8076.0,150.0,211689.0,211624.0
2026-02-09 11:20:00,8076.0,8078.0,8074.0,8078.0,79.0,211624.0,211587.0
2026-02-09 11:25:00,8078.0,8078.0,8070.0,8074.0,352.0,211587.0,211563.0
2026-02-09 13:30:00,8088.0,8090.0,8080.0,8080.0,601.0,211563.0,211481.0
2026-02-09 13:35:00,8080.0,8084.0,8080.0,8084.0,89.0,211481.0,211456.0
2026-02-09 13:40:00,8084.0,8084.0,8076.0,8076.0,196.0,211456.0,211418.0
2026-02-09 13:45:00,8076.0,8076.0,8072.0,8074.0,149.0,211418.0,211425.0
2026-02-09 13:50:00,8074.0,8076.0,8072.0,8076.0,120.0,211425.0,211391.0
2026-02-09 13:55:00,8076.0,8078.0,8076.0,8078.0,138.0,211391.0,211392.0
2026-02-09 14:00:00,8078.0,8078.0,8068.0,8068.0,90.0,211392.0,211413.0
2026-02-09 14:05:00,8068.0,8070.0,8062.0,8066.0,130.0,211413.0,211460.0
2026-02-09 14:10:00,8066.0,8070.0,8064.0,8066.0,80.0,211460.0,211442.0
2026-02-09 14:15:00,8066.0,8068.0,8062.0,8064.0,81.0,211442.0,211415.0
2026-02-09 14:20:00,8064.0,8066.0,8062.0,8064.0,75.0,211415.0,211441.0
2026-02-09 14:25:00,8064.0,8068.0,8064.0,8064.0,146.0,211441.0,211384.0
2026-02-09 14:30:00,8064.0,8068.0,8062.0,8068.0,341.0,211384.0,211352.0
2026-02-09 14:35:00,8068.0,8072.0,8066.0,8072.0,223.0,211352.0,211356.0
2026-02-09 14:40:00,8072.0,8074.0,8068.0,8070.0,128.0,211356.0,211379.0
2026-02-09 14:45:00,8070.0,8070.0,8064.0,8066.0,101.0,211379.0,211352.0
2026-02-09 14:50:00,8066.0,8068.0,8064.0,8066.0,140.0,211352.0,211268.0
2026-02-09 14:55:00,8066.0,8070.0,8064.0,8064.0,421.0,211268.0,211162.0
2026-02-09 21:00:00,8076.0,8080.0,8072.0,8074.0,755.0,211162.0,210976.0
2026-02-09 21:05:00,8074.0,8080.0,8072.0,8072.0,221.0,210976.0,210915.0
2026-02-09 21:10:00,8072.0,8076.0,8066.0,8070.0,396.0,210915.0,210901.0
2026-02-09 21:15:00,8070.0,8076.0,8068.0,8070.0,522.0,210901.0,210726.0
2026-02-09 21:20:00,8070.0,8070.0,8062.0,8066.0,293.0,210726.0,210774.0
2026-02-09 21:25:00,8066.0,8066.0,8058.0,8058.0,146.0,210774.0,210774.0
2026-02-09 21:30:00,8058.0,8062.0,8052.0,8052.0,481.0,210774.0,210722.0
2026-02-09 21:35:00,8052.0,8060.0,8050.0,8050.0,654.0,210722.0,210586.0
2026-02-09 21:40:00,8050.0,8052.0,8034.0,8038.0,1319.0,210586.0,210387.0
2026-02-09 21:45:00,8038.0,8042.0,8030.0,8042.0,836.0,210387.0,210339.0
2026-02-09 21:50:00,8042.0,8046.0,8040.0,8040.0,164.0,210339.0,210349.0
2026-02-09 21:55:00,8040.0,8046.0,8040.0,8044.0,355.0,210349.0,210517.0
2026-02-09 22:00:00,8044.0,8048.0,8042.0,8048.0,151.0,210517.0,210565.0
2026-02-09 22:05:00,8048.0,8054.0,8048.0,8052.0,286.0,210565.0,210568.0
2026-02-09 22:10:00,8052.0,8054.0,8046.0,8046.0,562.0,210568.0,210702.0
2026-02-09 22:15:00,8046.0,8050.0,8044.0,8050.0,180.0,210702.0,210695.0
2026-02-09 22:20:00,8050.0,8054.0,8050.0,8054.0,180.0,210695.0,210733.0
2026-02-09 22:25:00,8054.0,8060.0,8054.0,8056.0,140.0,210733.0,210748.0
2026-02-09 22:30:00,8056.0,8064.0,8056.0,8064.0,170.0,210748.0,210700.0
2026-02-09 22:35:00,8064.0,8076.0,8062.0,8076.0,195.0,210700.0,210630.0
2026-02-09 22:40:00,8076.0,8084.0,8072.0,8080.0,339.0,210630.0,210501.0
2026-02-09 22:45:00,8080.0,8080.0,8072.0,8072.0,347.0,210501.0,210383.0
2026-02-09 22:50:00,8072.0,8080.0,8070.0,8074.0,758.0,210383.0,210719.0
2026-02-09 22:55:00,8074.0,8074.0,8068.0,8068.0,154.0,210719.0,210682.0
2026-02-10 09:00:00,8076.0,8082.0,8062.0,8062.0,746.0,210682.0,210725.0
2026-02-10 09:05:00,8062.0,8072.0,8062.0,8072.0,173.0,210725.0,210719.0
2026-02-10 09:10:00,8072.0,8072.0,8060.0,8060.0,142.0,210719.0,210669.0
2026-02-10 09:15:00,8060.0,8062.0,8056.0,8058.0,135.0,210669.0,210602.0
2026-02-10 09:20:00,8058.0,8060.0,8052.0,8052.0,304.0,210602.0,210502.0
2026-02-10 09:25:00,8052.0,8054.0,8050.0,8054.0,223.0,210502.0,210439.0
2026-02-10 09:30:00,8054.0,8066.0,8054.0,8062.0,325.0,210439.0,210351.0
2026-02-10 09:35:00,8062.0,8070.0,8060.0,8068.0,211.0,210351.0,210271.0
2026-02-10 09:40:00,8068.0,8072.0,8066.0,8068.0,131.0,210271.0,210256.0
2026-02-10 09:45:00,8068.0,8078.0,8068.0,8076.0,139.0,210256.0,210232.0
2026-02-10 09:50:00,8076.0,8076.0,8070.0,8070.0,218.0,210232.0,210188.0
2026-02-10 09:55:00,8070.0,8074.0,8070.0,8074.0,133.0,210188.0,210241.0
2026-02-10 10:00:00,8074.0,8080.0,8070.0,8080.0,346.0,210241.0,210118.0
2026-02-10 10:05:00,8080.0,8092.0,8078.0,8090.0,1096.0,210118.0,210127.0
2026-02-10 10:10:00,8090.0,8092.0,8082.0,8082.0,829.0,210127.0,210075.0
2026-02-10 10:30:00,8082.0,8090.0,8078.0,8078.0,435.0,210075.0,210008.0
2026-02-10 10:35:00,8078.0,8084.0,8078.0,8082.0,379.0,210008.0,210019.0
2026-02-10 10:40:00,8082.0,8088.0,8080.0,8084.0,235.0,210019.0,210034.0
2026-02-10 10:45:00,8084.0,8086.0,8080.0,8084.0,104.0,210034.0,210031.0
2026-02-10 10:50:00,8084.0,8084.0,8072.0,8074.0,207.0,210031.0,210069.0
2026-02-10 10:55:00,8074.0,8076.0,8068.0,8068.0,444.0,210069.0,209871.0
2026-02-10 11:00:00,8068.0,8072.0,8062.0,8068.0,283.0,209871.0,209894.0
2026-02-10 11:05:00,8068.0,8068.0,8056.0,8060.0,447.0,209894.0,209799.0
2026-02-10 11:10:00,8060.0,8060.0,8052.0,8056.0,248.0,209799.0,209753.0
2026-02-10 11:15:00,8056.0,8060.0,8046.0,8050.0,458.0,209753.0,209863.0
2026-02-10 11:20:00,8050.0,8058.0,8048.0,8050.0,238.0,209863.0,209824.0
2026-02-10 11:25:00,8050.0,8060.0,8050.0,8054.0,807.0,209824.0,210002.0
2026-02-10 13:30:00,8058.0,8070.0,8058.0,8064.0,778.0,210002.0,210001.0
2026-02-10 13:35:00,8064.0,8070.0,8064.0,8070.0,287.0,210001.0,209912.0
2026-02-10 13:40:00,8070.0,8074.0,8068.0,8074.0,749.0,209912.0,209723.0
2026-02-10 13:45:00,8074.0,8076.0,8070.0,8074.0,549.0,209723.0,209696.0
2026-02-10 13:50:00,8074.0,8076.0,8068.0,8072.0,174.0,209696.0,209641.0
2026-02-10 13:55:00,8072.0,8074.0,8066.0,8070.0,123.0,209641.0,209648.0
2026-02-10 14:00:00,8070.0,8070.0,8064.0,8064.0,204.0,209648.0,209679.0
2026-02-10 14:05:00,8064.0,8064.0,8060.0,8060.0,301.0,209679.0,209689.0
2026-02-10 14:10:00,8060.0,8064.0,8060.0,8060.0,80.0,209689.0,209690.0
2026-02-10 14:15:00,8060.0,8062.0,8054.0,8056.0,160.0,209690.0,209651.0
2026-02-10 14:20:00,8056.0,8058.0,8052.0,8052.0,93.0,209651.0,209592.0
2026-02-10 14:25:00,8052.0,8056.0,8048.0,8048.0,313.0,209592.0,209707.0
2026-02-10 14:30:00,8048.0,8052.0,8046.0,8052.0,284.0,209707.0,209660.0
2026-02-10 14:35:00,8052.0,8058.0,8048.0,8050.0,846.0,209660.0,209831.0
2026-02-10 14:40:00,8050.0,8052.0,8042.0,8046.0,213.0,209831.0,209862.0
2026-02-10 14:45:00,8046.0,8046.0,8042.0,8046.0,174.0,209862.0,209760.0
2026-02-10 14:50:00,8046.0,8054.0,8046.0,8048.0,405.0,209760.0,209755.0
2026-02-10 14:55:00,8048.0,8052.0,8044.0,8048.0,833.0,209755.0,210039.0
2026-02-10 21:00:00,8046.0,8050.0,8036.0,8038.0,1108.0,210039.0,209598.0
2026-02-10 21:05:00,8038.0,8050.0,8038.0,8044.0,307.0,209598.0,209692.0
2026-02-10 21:10:00,8044.0,8048.0,8040.0,8042.0,183.0,209692.0,209685.0
2026-02-10 21:15:00,8042.0,8052.0,8042.0,8050.0,542.0,209685.0,209537.0
2026-02-10 21:20:00,8050.0,8052.0,8046.0,8046.0,244.0,209537.0,209537.0
2026-02-10 21:25:00,8046.0,8048.0,8040.0,8046.0,582.0,209537.0,209723.0
2026-02-10 21:30:00,8046.0,8048.0,8040.0,8048.0,178.0,209723.0,209735.0
2026-02-10 21:35:00,8048.0,8048.0,8042.0,8044.0,142.0,209735.0,209790.0
2026-02-10 21:40:00,8044.0,8044.0,8042.0,8044.0,168.0,209790.0,209798.0
2026-02-10 21:45:00,8044.0,8044.0,8042.0,8044.0,194.0,209798.0,209753.0
2026-02-10 21:50:00,8044.0,8044.0,8036.0,8042.0,210.0,209753.0,209778.0
2026-02-10 21:55:00,8042.0,8042.0,8034.0,8036.0,260.0,209778.0,209781.0
2026-02-10 22:00:00,8036.0,8038.0,8026.0,8030.0,889.0,209781.0,209957.0
2026-02-10 22:05:00,8030.0,8032.0,8022.0,8032.0,443.0,209957.0,209943.0
2026-02-10 22:10:00,8032.0,8038.0,8032.0,8034.0,36.0,209943.0,209942.0
2026-02-10 22:15:00,8034.0,8040.0,8032.0,8040.0,166.0,209942.0,209914.0
2026-02-10 22:20:00,8040.0,8042.0,8038.0,8040.0,128.0,209914.0,209908.0
2026-02-10 22:25:00,8040.0,8040.0,8032.0,8034.0,84.0,209908.0,209896.0
2026-02-10 22:30:00,8034.0,8038.0,8032.0,8036.0,138.0,209896.0,209888.0
2026-02-10 22:35:00,8036.0,8036.0,8032.0,8032.0,142.0,209888.0,209866.0
2026-02-10 22:40:00,8032.0,8034.0,8022.0,8026.0,235.0,209866.0,209911.0
2026-02-10 22:45:00,8026.0,8030.0,8026.0,8028.0,82.0,209911.0,209934.0
2026-02-10 22:50:00,8028.0,8042.0,8026.0,8042.0,260.0,209934.0,209932.0
2026-02-10 22:55:00,8042.0,8042.0,8038.0,8042.0,346.0,209932.0,209834.0
2026-02-11 09:00:00,8054.0,8062.0,8050.0,8062.0,1405.0,209834.0,209932.0
2026-02-11 09:05:00,8062.0,8062.0,8054.0,8058.0,900.0,209932.0,210244.0
2026-02-11 09:10:00,8058.0,8066.0,8058.0,8064.0,403.0,210244.0,210356.0
2026-02-11 09:15:00,8064.0,8066.0,8056.0,8058.0,1001.0,210356.0,210862.0
2026-02-11 09:20:00,8058.0,8058.0,8048.0,8052.0,335.0,210862.0,210936.0
2026-02-11 09:25:00,8052.0,8054.0,8048.0,8048.0,269.0,210936.0,211124.0
2026-02-11 09:30:00,8048.0,8048.0,8038.0,8042.0,545.0,211124.0,211456.0
2026-02-11 09:35:00,8042.0,8048.0,8042.0,8046.0,756.0,211456.0,211862.0
2026-02-11 09:40:00,8046.0,8050.0,8042.0,8050.0,472.0,211862.0,212124.0
2026-02-11 09:45:00,8050.0,8058.0,8048.0,8052.0,961.0,212124.0,212532.0
2026-02-11 09:50:00,8052.0,8056.0,8036.0,8038.0,382.0,212532.0,212566.0
2026-02-11 09:55:00,8038.0,8042.0,8034.0,8036.0,390.0,212566.0,212605.0
2026-02-11 10:00:00,8036.0,8042.0,8034.0,8038.0,559.0,212605.0,212823.0
2026-02-11 10:05:00,8038.0,8042.0,8036.0,8036.0,344.0,212823.0,212717.0
2026-02-11 10:10:00,8036.0,8040.0,8032.0,8040.0,1130.0,212717.0,212508.0
2026-02-11 10:30:00,8042.0,8048.0,8038.0,8048.0,934.0,212508.0,212330.0
2026-02-11 10:35:00,8048.0,8054.0,8046.0,8054.0,591.0,212330.0,212542.0
2026-02-11 10:40:00,8054.0,8060.0,8052.0,8058.0,612.0,212542.0,212584.0
2026-02-11 10:45:00,8058.0,8058.0,8050.0,8050.0,226.0,212584.0,212485.0
2026-02-11 10:50:00,8050.0,8054.0,8050.0,8052.0,613.0,212485.0,212431.0
2026-02-11 10:55:00,8052.0,8062.0,8052.0,8060.0,470.0,212431.0,212584.0
2026-02-11 11:00:00,8060.0,8068.0,8058.0,8058.0,911.0,212584.0,212377.0
2026-02-11 11:05:00,8058.0,8060.0,8054.0,8054.0,385.0,212377.0,212185.0
2026-02-11 11:10:00,8054.0,8060.0,8052.0,8054.0,634.0,212185.0,212092.0
2026-02-11 11:15:00,8054.0,8054.0,8048.0,8052.0,363.0,212092.0,211914.0
2026-02-11 11:20:00,8052.0,8056.0,8050.0,8056.0,197.0,211914.0,211884.0
2026-02-11 11:25:00,8056.0,8058.0,8054.0,8054.0,87.0,211884.0,211885.0
2026-02-11 13:30:00,8062.0,8066.0,8054.0,8054.0,338.0,211885.0,211797.0
2026-02-11 13:35:00,8054.0,8056.0,8054.0,8056.0,183.0,211797.0,211764.0
2026-02-11 13:40:00,8056.0,8056.0,8050.0,8050.0,209.0,211764.0,211726.0
2026-02-11 13:45:00,8050.0,8058.0,8050.0,8056.0,155.0,211726.0,211699.0
2026-02-11 13:50:00,8056.0,8058.0,8052.0,8056.0,215.0,211699.0,211636.0
2026-02-11 13:55:00,8056.0,8058.0,8054.0,8058.0,228.0,211636.0,211595.0
2026-02-11 14:00:00,8058.0,8060.0,8056.0,8058.0,127.0,211595.0,211615.0
2026-02-11 14:05:00,8058.0,8062.0,8056.0,8062.0,104.0,211615.0,211578.0
2026-02-11 14:10:00,8062.0,8062.0,8052.0,8056.0,409.0,211578.0,211443.0
2026-02-11 14:15:00,8056.0,8056.0,8050.0,8054.0,300.0,211443.0,211368.0
2026-02-11 14:20:00,8054.0,8060.0,8054.0,8060.0,149.0,211368.0,211353.0
2026-02-11 14:25:00,8060.0,8060.0,8056.0,8060.0,138.0,211353.0,211320.0
2026-02-11 14:30:00,8060.0,8060.0,8050.0,8058.0,291.0,211320.0,211301.0
2026-02-11 14:35:00,8058.0,8058.0,8054.0,8054.0,676.0,211301.0,210893.0
2026-02-11 14:40:00,8054.0,8054.0,8042.0,8042.0,376.0,210893.0,210960.0
2026-02-11 14:45:00,8042.0,8052.0,8040.0,8050.0,639.0,210960.0,211161.0
2026-02-11 14:50:00,8050.0,8052.0,8044.0,8048.0,317.0,211161.0,211190.0
2026-02-11 14:55:00,8048.0,8056.0,8046.0,8052.0,490.0,211190.0,211098.0
2026-02-11 21:00:00,8052.0,8076.0,8052.0,8056.0,2728.0,211098.0,211251.0
2026-02-11 21:05:00,8056.0,8062.0,8054.0,8056.0,725.0,211251.0,211450.0
2026-02-11 21:10:00,8056.0,8056.0,8040.0,8044.0,1195.0,211450.0,211822.0
2026-02-11 21:15:00,8044.0,8048.0,8042.0,8046.0,615.0,211822.0,212142.0
2026-02-11 21:20:00,8046.0,8046.0,8040.0,8044.0,472.0,212142.0,212453.0
2026-02-11 21:25:00,8044.0,8044.0,8038.0,8040.0,966.0,212453.0,212554.0
2026-02-11 21:30:00,8040.0,8040.0,8030.0,8034.0,1377.0,212554.0,212839.0
2026-02-11 21:35:00,8034.0,8040.0,8034.0,8040.0,181.0,212839.0,212818.0
2026-02-11 21:40:00,8040.0,8042.0,8038.0,8042.0,56.0,212818.0,212806.0
2026-02-11 21:45:00,8042.0,8050.0,8042.0,8048.0,529.0,212806.0,212589.0
2026-02-11 21:50:00,8048.0,8060.0,8048.0,8058.0,391.0,212589.0,212591.0
2026-02-11 21:55:00,8058.0,8060.0,8058.0,8060.0,214.0,212591.0,212599.0
2026-02-11 22:00:00,8060.0,8064.0,8056.0,8062.0,438.0,212599.0,212690.0
2026-02-11 22:05:00,8062.0,8064.0,8054.0,8056.0,240.0,212690.0,212668.0
2026-02-11 22:10:00,8056.0,8058.0,8052.0,8052.0,130.0,212668.0,212643.0
2026-02-11 22:15:00,8052.0,8052.0,8044.0,8044.0,132.0,212643.0,212662.0
2026-02-11 22:20:00,8044.0,8046.0,8040.0,8046.0,154.0,212662.0,212705.0
2026-02-11 22:25:00,8046.0,8048.0,8042.0,8042.0,161.0,212705.0,212735.0
2026-02-11 22:30:00,8042.0,8044.0,8040.0,8040.0,310.0,212735.0,212789.0
2026-02-11 22:35:00,8040.0,8040.0,8036.0,8036.0,292.0,212789.0,212828.0
2026-02-11 22:40:00,8036.0,8038.0,8032.0,8032.0,880.0,212828.0,212581.0
2026-02-11 22:45:00,8032.0,8032.0,8018.0,8020.0,1061.0,212581.0,212383.0
2026-02-11 22:50:00,8020.0,8022.0,8016.0,8020.0,480.0,212383.0,212378.0
2026-02-11 22:55:00,8020.0,8026.0,8020.0,8020.0,173.0,212378.0,212332.0
2026-02-12 09:00:00,8028.0,8034.0,8020.0,8026.0,1514.0,212332.0,212125.0
2026-02-12 09:05:00,8026.0,8046.0,8020.0,8046.0,1714.0,212125.0,212450.0
2026-02-12 09:10:00,8046.0,8056.0,8046.0,8050.0,2331.0,212450.0,212729.0
2026-02-12 09:15:00,8050.0,8054.0,8044.0,8048.0,789.0,212729.0,212562.0
2026-02-12 09:20:00,8048.0,8054.0,8044.0,8052.0,691.0,212562.0,212359.0
2026-02-12 09:25:00,8052.0,8066.0,8050.0,8066.0,901.0,212359.0,212072.0
2026-02-12 09:30:00,8066.0,8066.0,8058.0,8062.0,559.0,212072.0,212244.0
2026-02-12 09:35:00,8062.0,8062.0,8058.0,8060.0,940.0,212244.0,212358.0
2026-02-12 09:40:00,8060.0,8062.0,8056.0,8058.0,469.0,212358.0,212686.0
2026-02-12 09:45:00,8058.0,8060.0,8056.0,8058.0,374.0,212686.0,212789.0
2026-02-12 09:50:00,8058.0,8060.0,8054.0,8056.0,771.0,212789.0,213203.0
2026-02-12 09:55:00,8056.0,8058.0,8054.0,8058.0,140.0,213203.0,213222.0
2026-02-12 10:00:00,8058.0,8058.0,8052.0,8056.0,458.0,213222.0,213196.0
2026-02-12 10:05:00,8056.0,8058.0,8050.0,8054.0,645.0,213196.0,213182.0
2026-02-12 10:10:00,8054.0,8056.0,8050.0,8054.0,347.0,213182.0,213146.0
2026-02-12 10:30:00,8056.0,8060.0,8052.0,8056.0,505.0,213146.0,212931.0
2026-02-12 10:35:00,8056.0,8056.0,8050.0,8056.0,366.0,212931.0,213004.0
2026-02-12 10:40:00,8056.0,8062.0,8056.0,8058.0,151.0,213004.0,212962.0
2026-02-12 10:45:00,8058.0,8058.0,8050.0,8054.0,249.0,212962.0,212887.0
2026-02-12 10:50:00,8054.0,8054.0,8050.0,8054.0,270.0,212887.0,212957.0
2026-02-12 10:55:00,8054.0,8054.0,8048.0,8050.0,78.0,212957.0,212958.0
2026-02-12 11:00:00,8050.0,8050.0,8040.0,8042.0,487.0,212958.0,212922.0
2026-02-12 11:05:00,8042.0,8046.0,8040.0,8046.0,449.0,212922.0,212945.0
2026-02-12 11:10:00,8046.0,8046.0,8036.0,8036.0,247.0,212945.0,212973.0
2026-02-12 11:15:00,8036.0,8046.0,8036.0,8046.0,418.0,212973.0,212937.0
2026-02-12 11:20:00,8046.0,8046.0,8036.0,8036.0,644.0,212937.0,212593.0
2026-02-12 11:25:00,8036.0,8044.0,8036.0,8044.0,402.0,212593.0,212496.0
2026-02-12 13:30:00,8044.0,8046.0,8042.0,8046.0,390.0,212496.0,212229.0
2026-02-12 13:35:00,8046.0,8050.0,8042.0,8046.0,926.0,212229.0,212300.0
2026-02-12 13:40:00,8046.0,8050.0,8044.0,8048.0,783.0,212300.0,212611.0
2026-02-12 13:45:00,8048.0,8052.0,8038.0,8042.0,888.0,212611.0,212816.0
2026-02-12 13:50:00,8042.0,8042.0,8036.0,8038.0,703.0,212816.0,212812.0
2026-02-12 13:55:00,8038.0,8044.0,8038.0,8038.0,201.0,212812.0,212808.0
2026-02-12 14:00:00,8038.0,8040.0,8032.0,8034.0,317.0,212808.0,212924.0
2026-02-12 14:05:00,8034.0,8036.0,8026.0,8036.0,351.0,212924.0,213100.0
2026-02-12 14:10:00,8036.0,8040.0,8034.0,8038.0,123.0,213100.0,213084.0
2026-02-12 14:15:00,8038.0,8040.0,8030.0,8030.0,216.0,213084.0,213093.0
2026-02-12 14:20:00,8030.0,8032.0,8028.0,8030.0,306.0,213093.0,213105.0
2026-02-12 14:25:00,8030.0,8030.0,8026.0,8028.0,320.0,213105.0,213130.0
2026-02-12 14:30:00,8028.0,8030.0,8026.0,8028.0,271.0,213130.0,213117.0
2026-02-12 14:35:00,8028.0,8032.0,8026.0,8030.0,230.0,213117.0,213161.0
2026-02-12 14:40:00,8030.0,8034.0,8028.0,8030.0,417.0,213161.0,213338.0
2026-02-12 14:45:00,8030.0,8030.0,8024.0,8028.0,604.0,213338.0,213296.0
2026-02-12 14:50:00,8028.0,8028.0,8024.0,8026.0,641.0,213296.0,213247.0
2026-02-12 14:55:00,8026.0,8030.0,8020.0,8022.0,4910.0,213247.0,213400.0
2026-02-12 21:00:00,8034.0,8046.0,8016.0,8042.0,1656.0,213400.0,212923.0
2026-02-12 21:05:00,8042.0,8044.0,8034.0,8038.0,855.0,212923.0,212689.0
2026-02-12 21:10:00,8038.0,8042.0,8034.0,8040.0,985.0,212689.0,212529.0
2026-02-12 21:15:00,8040.0,8040.0,8032.0,8032.0,845.0,212529.0,212509.0
2026-02-12 21:20:00,8032.0,8036.0,8026.0,8028.0,370.0,212509.0,212474.0
2026-02-12 21:25:00,8028.0,8036.0,8028.0,8036.0,471.0,212474.0,212553.0
2026-02-12 21:30:00,8036.0,8036.0,8028.0,8032.0,207.0,212553.0,212572.0
2026-02-12 21:35:00,8032.0,8032.0,8022.0,8024.0,241.0,212572.0,212581.0
2026-02-12 21:40:00,8024.0,8024.0,8014.0,8018.0,773.0,212581.0,212591.0
2026-02-12 21:45:00,8018.0,8022.0,8012.0,8018.0,548.0,212591.0,212625.0
2026-02-12 21:50:00,8018.0,8020.0,8014.0,8016.0,668.0,212625.0,212650.0
2026-02-12 21:55:00,8016.0,8024.0,8012.0,8018.0,716.0,212650.0,212934.0
2026-02-12 22:00:00,8018.0,8026.0,8016.0,8026.0,540.0,212934.0,213081.0
2026-02-12 22:05:00,8026.0,8028.0,8024.0,8026.0,330.0,213081.0,213164.0
2026-02-12 22:10:00,8026.0,8032.0,8024.0,8028.0,293.0,213164.0,213248.0
2026-02-12 22:15:00,8028.0,8030.0,8026.0,8028.0,189.0,213248.0,213290.0
2026-02-12 22:20:00,8028.0,8032.0,8026.0,8028.0,273.0,213290.0,213435.0
2026-02-12 22:25:00,8028.0,8032.0,8028.0,8030.0,262.0,213435.0,213551.0
2026-02-12 22:30:00,8030.0,8034.0,8024.0,8028.0,597.0,213551.0,213525.0
2026-02-12 22:35:00,8028.0,8038.0,8028.0,8038.0,609.0,213525.0,213519.0
2026-02-12 22:40:00,8038.0,8042.0,8038.0,8042.0,206.0,213519.0,213473.0
2026-02-12 22:45:00,8042.0,8050.0,8042.0,8048.0,195.0,213473.0,213438.0
2026-02-12 22:50:00,8048.0,8048.0,8044.0,8048.0,251.0,213438.0,213391.0
2026-02-12 22:55:00,8048.0,8058.0,8044.0,8056.0,1730.0,213391.0,213833.0
2026-02-13 09:00:00,8040.0,8040.0,8010.0,8014.0,1501.0,213833.0,213755.0
2026-02-13 09:05:00,8014.0,8028.0,8014.0,8014.0,499.0,213755.0,213845.0
2026-02-13 09:10:00,8014.0,8026.0,8014.0,8020.0,470.0,213845.0,213915.0
2026-02-13 09:15:00,8020.0,8022.0,8016.0,8020.0,145.0,213915.0,213908.0
2026-02-13 09:20:00,8020.0,8030.0,8018.0,8022.0,691.0,213908.0,214066.0
2026-02-13 09:25:00,8022.0,8026.0,8016.0,8018.0,215.0,214066.0,214049.0
2026-02-13 09:30:00,8018.0,8028.0,8018.0,8028.0,232.0,214049.0,214082.0
2026-02-13 09:35:00,8028.0,8028.0,8018.0,8018.0,739.0,214082.0,214115.0
2026-02-13 09:40:00,8018.0,8020.0,8018.0,8018.0,201.0,214115.0,214073.0
2026-02-13 09:45:00,8018.0,8024.0,8018.0,8020.0,670.0,214073.0,214223.0
2026-02-13 09:50:00,8020.0,8022.0,8012.0,8012.0,396.0,214223.0,214332.0
2026-02-13 09:55:00,8012.0,8014.0,8010.0,8012.0,198.0,214332.0,214373.0
2026-02-13 10:00:00,8012.0,8016.0,8008.0,8008.0,537.0,214373.0,214142.0
2026-02-13 10:05:00,8008.0,8008.0,8000.0,8004.0,1222.0,214142.0,213686.0
2026-02-13 10:10:00,8004.0,8014.0,8002.0,8008.0,233.0,213686.0,213658.0
2026-02-13 10:30:00,8012.0,8014.0,8004.0,8004.0,239.0,213658.0,213599.0
2026-02-13 10:35:00,8004.0,8008.0,8004.0,8008.0,103.0,213599.0,213573.0
2026-02-13 10:40:00,8008.0,8008.0,7992.0,7996.0,457.0,213573.0,213747.0
2026-02-13 10:45:00,7996.0,8000.0,7994.0,7996.0,131.0,213747.0,213728.0
2026-02-13 10:50:00,7996.0,7996.0,7988.0,7996.0,320.0,213728.0,213737.0
2026-02-13 10:55:00,7996.0,8000.0,7988.0,7988.0,220.0,213737.0,213744.0
2026-02-13 11:00:00,7988.0,7996.0,7986.0,7994.0,392.0,213744.0,213662.0
2026-02-13 11:05:00,7994.0,8002.0,7994.0,8000.0,344.0,213662.0,213674.0
2026-02-13 11:10:00,8000.0,8000.0,7996.0,7996.0,126.0,213674.0,213641.0
2026-02-13 11:15:00,7996.0,7998.0,7984.0,7984.0,375.0,213641.0,213792.0
2026-02-13 11:20:00,7984.0,7988.0,7970.0,7972.0,2088.0,213792.0,214030.0
2026-02-13 11:25:00,7972.0,7972.0,7966.0,7972.0,1288.0,214030.0,214419.0
2026-02-13 13:30:00,7974.0,7976.0,7962.0,7962.0,1550.0,214419.0,214375.0
2026-02-13 13:35:00,7962.0,7968.0,7962.0,7966.0,633.0,214375.0,214658.0
2026-02-13 13:40:00,7966.0,7970.0,7966.0,7968.0,897.0,214658.0,215155.0
2026-02-13 13:45:00,7968.0,7968.0,7960.0,7962.0,1086.0,215155.0,215152.0
2026-02-13 13:50:00,7962.0,7964.0,7960.0,7962.0,1390.0,215152.0,215002.0
2026-02-13 13:55:00,7962.0,7968.0,7960.0,7962.0,1416.0,215002.0,215133.0
2026-02-13 14:00:00,7962.0,7962.0,7948.0,7948.0,872.0,215133.0,215528.0
2026-02-13 14:05:00,7948.0,7954.0,7948.0,7952.0,408.0,215528.0,215547.0
2026-02-13 14:10:00,7952.0,7956.0,7946.0,7956.0,752.0,215547.0,215532.0
2026-02-13 14:15:00,7956.0,7978.0,7954.0,7976.0,673.0,215532.0,215458.0
2026-02-13 14:20:00,7976.0,7986.0,7966.0,7968.0,1161.0,215458.0,215253.0
2026-02-13 14:25:00,7968.0,7968.0,7956.0,7962.0,676.0,215253.0,215308.0
2026-02-13 14:30:00,7962.0,7980.0,7960.0,7976.0,991.0,215308.0,215389.0
2026-02-13 14:35:00,7976.0,7976.0,7966.0,7968.0,419.0,215389.0,215267.0
2026-02-13 14:40:00,7968.0,7968.0,7962.0,7966.0,695.0,215267.0,215207.0
2026-02-13 14:45:00,7966.0,7972.0,7966.0,7970.0,594.0,215207.0,215158.0
2026-02-13 14:50:00,7970.0,7978.0,7970.0,7976.0,635.0,215158.0,215118.0
2026-02-13 14:55:00,7976.0,7988.0,7974.0,7984.0,1255.0,215118.0,214989.0
2026-02-24 09:00:00,8084.0,8096.0,8030.0,8082.0,7692.0,214989.0,213740.0
2026-02-24 09:05:00,8082.0,8086.0,8058.0,8072.0,2549.0,213740.0,213316.0
2026-02-24 09:10:00,8072.0,8080.0,8064.0,8066.0,1016.0,213316.0,213386.0
2026-02-24 09:15:00,8066.0,8078.0,8060.0,8078.0,1325.0,213386.0,213422.0
2026-02-24 09:20:00,8078.0,8082.0,8070.0,8076.0,1176.0,213422.0,213081.0
2026-02-24 09:25:00,8076.0,8080.0,8056.0,8056.0,933.0,213081.0,212927.0
2026-02-24 09:30:00,8056.0,8064.0,8050.0,8064.0,380.0,212927.0,212869.0
2026-02-24 09:35:00,8064.0,8076.0,8062.0,8074.0,936.0,212869.0,212912.0
2026-02-24 09:40:00,8074.0,8086.0,8074.0,8084.0,574.0,212912.0,212886.0
2026-02-24 09:45:00,8084.0,8090.0,8070.0,8072.0,1054.0,212886.0,212939.0
2026-02-24 09:50:00,8072.0,8092.0,8070.0,8090.0,848.0,212939.0,212919.0
2026-02-24 09:55:00,8090.0,8092.0,8082.0,8090.0,457.0,212919.0,212917.0
2026-02-24 10:00:00,8090.0,8096.0,8086.0,8090.0,1114.0,212917.0,212758.0
2026-02-24 10:05:00,8090.0,8098.0,8088.0,8096.0,753.0,212758.0,212759.0
2026-02-24 10:10:00,8096.0,8102.0,8094.0,8102.0,1269.0,212759.0,212872.0
2026-02-24 10:30:00,8100.0,8100.0,8086.0,8096.0,1186.0,212872.0,212553.0
2026-02-24 10:35:00,8096.0,8100.0,8086.0,8088.0,1446.0,212553.0,212516.0
2026-02-24 10:40:00,8088.0,8092.0,8078.0,8084.0,1286.0,212516.0,212780.0
2026-02-24 10:45:00,8084.0,8088.0,8082.0,8084.0,276.0,212780.0,212868.0
2026-02-24 10:50:00,8084.0,8090.0,8084.0,8090.0,293.0,212868.0,212982.0
2026-02-24 10:55:00,8090.0,8100.0,8090.0,8100.0,421.0,212982.0,213173.0
2026-02-24 11:00:00,8100.0,8100.0,8082.0,8086.0,482.0,213173.0,213253.0
2026-02-24 11:05:00,8086.0,8088.0,8074.0,8082.0,585.0,213253.0,213529.0
2026-02-24 11:10:00,8082.0,8088.0,8082.0,8084.0,314.0,213529.0,213601.0
2026-02-24 11:15:00,8084.0,8088.0,8076.0,8078.0,491.0,213601.0,213840.0
2026-02-24 11:20:00,8078.0,8086.0,8078.0,8084.0,144.0,213840.0,213854.0
2026-02-24 11:25:00,8084.0,8092.0,8084.0,8090.0,178.0,213854.0,213910.0
2026-02-24 13:30:00,8084.0,8086.0,8074.0,8080.0,786.0,213910.0,213880.0
2026-02-24 13:35:00,8080.0,8082.0,8072.0,8072.0,1026.0,213880.0,213713.0
2026-02-24 13:40:00,8072.0,8088.0,8072.0,8088.0,447.0,213713.0,213826.0
2026-02-24 13:45:00,8088.0,8090.0,8084.0,8088.0,229.0,213826.0,213825.0
2026-02-24 13:50:00,8088.0,8096.0,8088.0,8094.0,559.0,213825.0,213989.0
2026-02-24 13:55:00,8094.0,8096.0,8086.0,8088.0,797.0,213989.0,213868.0
2026-02-24 14:00:00,8088.0,8096.0,8088.0,8096.0,228.0,213868.0,213921.0
2026-02-24 14:05:00,8096.0,8096.0,8092.0,8094.0,225.0,213921.0,213975.0
2026-02-24 14:10:00,8094.0,8096.0,8092.0,8092.0,384.0,213975.0,214080.0
2026-02-24 14:15:00,8092.0,8092.0,8088.0,8092.0,120.0,214080.0,214104.0
2026-02-24 14:20:00,8092.0,8094.0,8090.0,8092.0,51.0,214104.0,214121.0
2026-02-24 14:25:00,8092.0,8094.0,8088.0,8090.0,216.0,214121.0,214114.0
2026-02-24 14:30:00,8090.0,8090.0,8086.0,8090.0,295.0,214114.0,214144.0
2026-02-24 14:35:00,8090.0,8090.0,8082.0,8084.0,756.0,214144.0,213907.0
2026-02-24 14:40:00,8084.0,8084.0,8074.0,8078.0,1096.0,213907.0,213935.0
2026-02-24 14:45:00,8078.0,8082.0,8072.0,8076.0,371.0,213935.0,214079.0
2026-02-24 14:50:00,8076.0,8078.0,8068.0,8068.0,1141.0,214079.0,214071.0
2026-02-24 14:55:00,8068.0,8076.0,8066.0,8070.0,1428.0,214071.0,214033.0
2026-02-24 21:00:00,8066.0,8078.0,8060.0,8076.0,1748.0,214033.0,214209.0
2026-02-24 21:05:00,8076.0,8088.0,8074.0,8082.0,696.0,214209.0,214441.0
2026-02-24 21:10:00,8082.0,8090.0,8082.0,8088.0,1187.0,214441.0,214996.0
2026-02-24 21:15:00,8088.0,8090.0,8076.0,8078.0,1034.0,214996.0,214985.0
2026-02-24 21:20:00,8078.0,8088.0,8078.0,8080.0,1210.0,214985.0,215253.0
2026-02-24 21:25:00,8080.0,8086.0,8078.0,8086.0,472.0,215253.0,215316.0
2026-02-24 21:30:00,8086.0,8086.0,8078.0,8084.0,719.0,215316.0,215283.0
2026-02-24 21:35:00,8084.0,8084.0,8078.0,8082.0,448.0,215283.0,215321.0
2026-02-24 21:40:00,8082.0,8088.0,8080.0,8088.0,210.0,215321.0,215329.0
2026-02-24 21:45:00,8088.0,8094.0,8084.0,8086.0,783.0,215329.0,215276.0
2026-02-24 21:50:00,8086.0,8086.0,8082.0,8082.0,372.0,215276.0,215304.0
2026-02-24 21:55:00,8082.0,8088.0,8082.0,8088.0,113.0,215304.0,215277.0
2026-02-24 22:00:00,8088.0,8090.0,8082.0,8082.0,223.0,215277.0,215335.0
2026-02-24 22:05:00,8082.0,8084.0,8078.0,8080.0,516.0,215335.0,215472.0
2026-02-24 22:10:00,8080.0,8082.0,8076.0,8078.0,131.0,215472.0,215462.0
2026-02-24 22:15:00,8078.0,8080.0,8070.0,8074.0,738.0,215462.0,215474.0
2026-02-24 22:20:00,8074.0,8080.0,8072.0,8078.0,231.0,215474.0,215570.0
2026-02-24 22:25:00,8078.0,8082.0,8076.0,8078.0,389.0,215570.0,215477.0
2026-02-24 22:30:00,8078.0,8084.0,8076.0,8082.0,310.0,215477.0,215467.0
2026-02-24 22:35:00,8082.0,8088.0,8080.0,8088.0,193.0,215467.0,215522.0
2026-02-24 22:40:00,8088.0,8102.0,8088.0,8100.0,1207.0,215522.0,215828.0
2026-02-24 22:45:00,8100.0,8106.0,8094.0,8096.0,917.0,215828.0,215861.0
2026-02-24 22:50:00,8096.0,8102.0,8094.0,8100.0,576.0,215861.0,215841.0
2026-02-24 22:55:00,8100.0,8116.0,8098.0,8114.0,1070.0,215841.0,215876.0
2026-02-25 09:00:00,8108.0,8140.0,8108.0,8136.0,3019.0,215876.0,215825.0
2026-02-25 09:05:00,8136.0,8142.0,8132.0,8136.0,1307.0,215825.0,216184.0
2026-02-25 09:10:00,8136.0,8156.0,8136.0,8154.0,1575.0,216184.0,216171.0
2026-02-25 09:15:00,8154.0,8158.0,8148.0,8150.0,1081.0,216171.0,216197.0
2026-02-25 09:20:00,8150.0,8150.0,8142.0,8144.0,1046.0,216197.0,216558.0
2026-02-25 09:25:00,8144.0,8148.0,8138.0,8146.0,2059.0,216558.0,217295.0
2026-02-25 09:30:00,8146.0,8148.0,8134.0,8136.0,1391.0,217295.0,218126.0
2026-02-25 09:35:00,8136.0,8142.0,8132.0,8136.0,992.0,218126.0,218465.0
2026-02-25 09:40:00,8136.0,8140.0,8134.0,8140.0,517.0,218465.0,218405.0
2026-02-25 09:45:00,8140.0,8142.0,8138.0,8142.0,438.0,218405.0,218411.0
2026-02-25 09:50:00,8142.0,8142.0,8132.0,8134.0,416.0,218411.0,218519.0
2026-02-25 09:55:00,8134.0,8140.0,8132.0,8134.0,885.0,218519.0,218765.0
2026-02-25 10:00:00,8134.0,8148.0,8134.0,8148.0,617.0,218765.0,218782.0
2026-02-25 10:05:00,8148.0,8152.0,8148.0,8148.0,474.0,218782.0,218689.0
2026-02-25 10:10:00,8148.0,8158.0,8148.0,8158.0,375.0,218689.0,218749.0
2026-02-25 10:30:00,8160.0,8160.0,8150.0,8160.0,1058.0,218749.0,219160.0
2026-02-25 10:35:00,8160.0,8166.0,8158.0,8166.0,633.0,219160.0,219284.0
2026-02-25 10:40:00,8166.0,8178.0,8166.0,8176.0,1592.0,219284.0,219717.0
2026-02-25 10:45:00,8176.0,8178.0,8170.0,8172.0,668.0,219717.0,219935.0
2026-02-25 10:50:00,8172.0,8180.0,8170.0,8180.0,483.0,219935.0,219946.0
2026-02-25 10:55:00,8180.0,8186.0,8178.0,8182.0,1695.0,219946.0,220329.0
2026-02-25 11:00:00,8182.0,8182.0,8172.0,8174.0,546.0,220329.0,220421.0
2026-02-25 11:05:00,8174.0,8180.0,8174.0,8180.0,356.0,220421.0,220378.0
2026-02-25 11:10:00,8180.0,8184.0,8176.0,8180.0,2008.0,220378.0,220510.0
2026-02-25 11:15:00,8180.0,8182.0,8176.0,8182.0,845.0,220510.0,220523.0
2026-02-25 11:20:00,8182.0,8182.0,8178.0,8180.0,543.0,220523.0,220576.0
2026-02-25 11:25:00,8180.0,8182.0,8176.0,8180.0,557.0,220576.0,220628.0
2026-02-25 13:30:00,8168.0,8184.0,8166.0,8182.0,1295.0,220628.0,220480.0
2026-02-25 13:35:00,8182.0,8184.0,8174.0,8184.0,693.0,220480.0,220594.0
2026-02-25 13:40:00,8184.0,8190.0,8182.0,8188.0,509.0,220594.0,220674.0
2026-02-25 13:45:00,8188.0,8190.0,8184.0,8190.0,593.0,220674.0,220750.0
2026-02-25 13:50:00,8190.0,8190.0,8182.0,8188.0,515.0,220750.0,220774.0
2026-02-25 13:55:00,8188.0,8190.0,8182.0,8184.0,332.0,220774.0,220925.0
2026-02-25 14:00:00,8184.0,8186.0,8176.0,8178.0,1472.0,220925.0,220564.0
2026-02-25 14:05:00,8178.0,8184.0,8174.0,8176.0,355.0,220564.0,220505.0
2026-02-25 14:10:00,8176.0,8180.0,8174.0,8178.0,277.0,220505.0,220511.0
2026-02-25 14:15:00,8178.0,8186.0,8178.0,8186.0,490.0,220511.0,220567.0
2026-02-25 14:20:00,8186.0,8188.0,8182.0,8184.0,209.0,220567.0,220570.0
2026-02-25 14:25:00,8184.0,8184.0,8178.0,8182.0,490.0,220570.0,220680.0
2026-02-25 14:30:00,8182.0,8184.0,8178.0,8180.0,403.0,220680.0,220665.0
2026-02-25 14:35:00,8180.0,8180.0,8170.0,8172.0,875.0,220665.0,220698.0
2026-02-25 14:40:00,8172.0,8178.0,8170.0,8174.0,554.0,220698.0,220874.0
2026-02-25 14:45:00,8174.0,8176.0,8170.0,8170.0,524.0,220874.0,220804.0
2026-02-25 14:50:00,8170.0,8172.0,8160.0,8164.0,702.0,220804.0,220814.0
2026-02-25 14:55:00,8164.0,8172.0,8162.0,8168.0,737.0,220814.0,220919.0
2026-02-25 21:00:00,8138.0,8180.0,8138.0,8178.0,2434.0,220919.0,220718.0
2026-02-25 21:05:00,8178.0,8180.0,8174.0,8176.0,698.0,220718.0,220760.0
2026-02-25 21:10:00,8176.0,8180.0,8170.0,8174.0,827.0,220760.0,220815.0
2026-02-25 21:15:00,8174.0,8180.0,8174.0,8174.0,829.0,220815.0,221140.0
2026-02-25 21:20:00,8174.0,8176.0,8170.0,8174.0,332.0,221140.0,221220.0
2026-02-25 21:25:00,8174.0,8174.0,8170.0,8174.0,412.0,221220.0,221272.0
2026-02-25 21:30:00,8174.0,8176.0,8170.0,8170.0,311.0,221272.0,221314.0
2026-02-25 21:35:00,8170.0,8172.0,8168.0,8170.0,161.0,221314.0,221251.0
2026-02-25 21:40:00,8170.0,8172.0,8168.0,8172.0,396.0,221251.0,221358.0
2026-02-25 21:45:00,8172.0,8172.0,8168.0,8170.0,1200.0,221358.0,222198.0
2026-02-25 21:50:00,8170.0,8170.0,8166.0,8168.0,592.0,222198.0,222445.0
2026-02-25 21:55:00,8168.0,8170.0,8164.0,8164.0,407.0,222445.0,222586.0
2026-02-25 22:00:00,8164.0,8172.0,8164.0,8172.0,388.0,222586.0,222634.0
2026-02-25 22:05:00,8172.0,8176.0,8170.0,8170.0,301.0,222634.0,222667.0
2026-02-25 22:10:00,8170.0,8172.0,8168.0,8170.0,202.0,222667.0,222669.0
2026-02-25 22:15:00,8170.0,8172.0,8166.0,8168.0,306.0,222669.0,222758.0
2026-02-25 22:20:00,8168.0,8172.0,8166.0,8166.0,338.0,222758.0,222903.0
2026-02-25 22:25:00,8166.0,8168.0,8162.0,8162.0,284.0,222903.0,223073.0
2026-02-25 22:30:00,8162.0,8164.0,8142.0,8146.0,1150.0,223073.0,223112.0
2026-02-25 22:35:00,8146.0,8146.0,8132.0,8138.0,928.0,223112.0,223274.0
2026-02-25 22:40:00,8138.0,8140.0,8134.0,8136.0,1385.0,223274.0,223275.0
2026-02-25 22:45:00,8136.0,8140.0,8134.0,8134.0,784.0,223275.0,222951.0
2026-02-25 22:50:00,8134.0,8138.0,8128.0,8130.0,341.0,222951.0,222980.0
2026-02-25 22:55:00,8130.0,8136.0,8124.0,8126.0,1238.0,222980.0,222904.0
2026-02-26 09:00:00,8164.0,8166.0,8154.0,8166.0,1918.0,222904.0,223040.0
2026-02-26 09:05:00,8166.0,8170.0,8164.0,8168.0,532.0,223040.0,223162.0
2026-02-26 09:10:00,8168.0,8178.0,8162.0,8178.0,967.0,223162.0,223521.0
2026-02-26 09:15:00,8178.0,8178.0,8170.0,8172.0,653.0,223521.0,223775.0
2026-02-26 09:20:00,8172.0,8176.0,8168.0,8168.0,281.0,223775.0,223782.0
2026-02-26 09:25:00,8168.0,8170.0,8164.0,8168.0,248.0,223782.0,223844.0
2026-02-26 09:30:00,8168.0,8170.0,8164.0,8170.0,329.0,223844.0,223951.0
2026-02-26 09:35:00,8170.0,8174.0,8166.0,8172.0,317.0,223951.0,223969.0
2026-02-26 09:40:00,8172.0,8174.0,8170.0,8170.0,215.0,223969.0,224027.0
2026-02-26 09:45:00,8170.0,8172.0,8166.0,8168.0,405.0,224027.0,223993.0
2026-02-26 09:50:00,8168.0,8170.0,8158.0,8158.0,314.0,223993.0,224029.0
2026-02-26 09:55:00,8158.0,8164.0,8156.0,8164.0,166.0,224029.0,224006.0
2026-02-26 10:00:00,8164.0,8164.0,8156.0,8156.0,245.0,224006.0,223965.0
2026-02-26 10:05:00,8156.0,8160.0,8154.0,8156.0,305.0,223965.0,223952.0
2026-02-26 10:10:00,8156.0,8164.0,8156.0,8158.0,183.0,223952.0,223966.0
2026-02-26 10:30:00,8156.0,8166.0,8152.0,8162.0,1398.0,223966.0,223972.0
2026-02-26 10:35:00,8162.0,8164.0,8156.0,8158.0,630.0,223972.0,224276.0
2026-02-26 10:40:00,8158.0,8158.0,8150.0,8156.0,1271.0,224276.0,224705.0
2026-02-26 10:45:00,8156.0,8160.0,8152.0,8156.0,1296.0,224705.0,225248.0
2026-02-26 10:50:00,8156.0,8158.0,8150.0,8154.0,898.0,225248.0,225272.0
2026-02-26 10:55:00,8154.0,8156.0,8146.0,8156.0,200.0,225272.0,225255.0
2026-02-26 11:00:00,8156.0,8162.0,8156.0,8160.0,933.0,225255.0,225240.0
2026-02-26 11:05:00,8160.0,8166.0,8154.0,8164.0,1053.0,225240.0,225426.0
2026-02-26 11:10:00,8164.0,8170.0,8162.0,8170.0,2238.0,225426.0,225797.0
2026-02-26 11:15:00,8170.0,8174.0,8166.0,8168.0,1650.0,225797.0,226382.0
2026-02-26 11:20:00,8168.0,8172.0,8166.0,8170.0,960.0,226382.0,226990.0
2026-02-26 11:25:00,8170.0,8170.0,8162.0,8170.0,742.0,226990.0,227198.0
2026-02-26 13:30:00,8176.0,8178.0,8172.0,8174.0,965.0,227198.0,227273.0
2026-02-26 13:35:00,8174.0,8174.0,8166.0,8168.0,655.0,227273.0,227162.0
2026-02-26 13:40:00,8168.0,8172.0,8166.0,8170.0,187.0,227162.0,227192.0
2026-02-26 13:45:00,8170.0,8170.0,8164.0,8166.0,147.0,227192.0,227184.0
2026-02-26 13:50:00,8166.0,8168.0,8164.0,8166.0,270.0,227184.0,227324.0
2026-02-26 13:55:00,8166.0,8166.0,8156.0,8162.0,215.0,227324.0,227334.0
2026-02-26 14:00:00,8162.0,8164.0,8158.0,8158.0,190.0,227334.0,227323.0
2026-02-26 14:05:00,8158.0,8160.0,8154.0,8158.0,923.0,227323.0,227469.0
2026-02-26 14:10:00,8158.0,8162.0,8154.0,8160.0,305.0,227469.0,227373.0
2026-02-26 14:15:00,8160.0,8162.0,8148.0,8148.0,648.0,227373.0,227386.0
2026-02-26 14:20:00,8148.0,8150.0,8142.0,8142.0,1186.0,227386.0,227408.0
2026-02-26 14:25:00,8142.0,8150.0,8140.0,8148.0,1604.0,227408.0,227538.0
2026-02-26 14:30:00,8148.0,8154.0,8148.0,8152.0,209.0,227538.0,227521.0
2026-02-26 14:35:00,8152.0,8152.0,8148.0,8148.0,709.0,227521.0,227611.0
2026-02-26 14:40:00,8148.0,8148.0,8144.0,8146.0,500.0,227611.0,227825.0
2026-02-26 14:45:00,8146.0,8146.0,8138.0,8140.0,660.0,227825.0,227843.0
2026-02-26 14:50:00,8140.0,8154.0,8140.0,8152.0,338.0,227843.0,227979.0
2026-02-26 14:55:00,8152.0,8158.0,8148.0,8158.0,1567.0,227979.0,228194.0
2026-02-26 21:00:00,8144.0,8172.0,8144.0,8170.0,3231.0,228194.0,229089.0
2026-02-26 21:05:00,8170.0,8172.0,8162.0,8172.0,558.0,229089.0,229081.0
2026-02-26 21:10:00,8172.0,8180.0,8172.0,8178.0,2139.0,229081.0,229782.0
2026-02-26 21:15:00,8178.0,8190.0,8178.0,8188.0,1679.0,229782.0,230305.0
2026-02-26 21:20:00,8188.0,8194.0,8182.0,8188.0,1107.0,230305.0,230571.0
2026-02-26 21:25:00,8188.0,8194.0,8184.0,8194.0,694.0,230571.0,230642.0
2026-02-26 21:30:00,8194.0,8194.0,8186.0,8190.0,624.0,230642.0,230734.0
2026-02-26 21:35:00,8190.0,8190.0,8186.0,8188.0,389.0,230734.0,230666.0
2026-02-26 21:40:00,8188.0,8188.0,8180.0,8182.0,778.0,230666.0,230906.0
2026-02-26 21:45:00,8182.0,8188.0,8182.0,8186.0,212.0,230906.0,230981.0
2026-02-26 21:50:00,8186.0,8198.0,8186.0,8196.0,627.0,230981.0,230999.0
2026-02-26 21:55:00,8196.0,8198.0,8192.0,8196.0,258.0,230999.0,231004.0
2026-02-26 22:00:00,8196.0,8196.0,8192.0,8192.0,199.0,231004.0,231001.0
2026-02-26 22:05:00,8192.0,8196.0,8190.0,8194.0,1170.0,231001.0,231680.0
2026-02-26 22:10:00,8194.0,8210.0,8194.0,8208.0,938.0,231680.0,231838.0
2026-02-26 22:15:00,8208.0,8218.0,8204.0,8210.0,1943.0,231838.0,232345.0
2026-02-26 22:20:00,8210.0,8216.0,8204.0,8204.0,570.0,232345.0,232506.0
2026-02-26 22:25:00,8204.0,8208.0,8202.0,8208.0,239.0,232506.0,232416.0
2026-02-26 22:30:00,8208.0,8208.0,8196.0,8204.0,536.0,232416.0,232352.0
2026-02-26 22:35:00,8204.0,8206.0,8188.0,8188.0,474.0,232352.0,232438.0
2026-02-26 22:40:00,8188.0,8188.0,8178.0,8178.0,870.0,232438.0,232447.0
2026-02-26 22:45:00,8178.0,8184.0,8174.0,8182.0,370.0,232447.0,232445.0
2026-02-26 22:50:00,8182.0,8184.0,8168.0,8176.0,412.0,232445.0,232443.0
2026-02-26 22:55:00,8176.0,8188.0,8174.0,8186.0,1257.0,232443.0,232693.0
2026-02-27 09:00:00,8198.0,8206.0,8190.0,8192.0,1279.0,232693.0,232455.0
2026-02-27 09:05:00,8192.0,8196.0,8182.0,8182.0,617.0,232455.0,232552.0
2026-02-27 09:10:00,8182.0,8188.0,8182.0,8186.0,363.0,232552.0,232484.0
2026-02-27 09:15:00,8186.0,8196.0,8186.0,8190.0,292.0,232484.0,232532.0
2026-02-27 09:20:00,8190.0,8196.0,8190.0,8194.0,178.0,232532.0,232531.0
2026-02-27 09:25:00,8194.0,8198.0,8192.0,8194.0,206.0,232531.0,232593.0
2026-02-27 09:30:00,8194.0,8194.0,8184.0,8188.0,276.0,232593.0,232677.0
2026-02-27 09:35:00,8188.0,8190.0,8186.0,8186.0,136.0,232677.0,232695.0
2026-02-27 09:40:00,8186.0,8188.0,8182.0,8184.0,251.0,232695.0,232676.0
2026-02-27 09:45:00,8184.0,8188.0,8184.0,8184.0,105.0,232676.0,232728.0
2026-02-27 09:50:00,8184.0,8188.0,8184.0,8188.0,256.0,232728.0,232838.0
2026-02-27 09:55:00,8188.0,8192.0,8186.0,8190.0,237.0,232838.0,232900.0
2026-02-27 10:00:00,8190.0,8192.0,8186.0,8190.0,582.0,232900.0,233178.0
2026-02-27 10:05:00,8190.0,8196.0,8188.0,8196.0,904.0,233178.0,233250.0
2026-02-27 10:10:00,8196.0,8196.0,8190.0,8190.0,192.0,233250.0,233248.0
2026-02-27 10:30:00,8192.0,8200.0,8190.0,8194.0,574.0,233248.0,233268.0
2026-02-27 10:35:00,8194.0,8198.0,8186.0,8186.0,1363.0,233268.0,233891.0
2026-02-27 10:40:00,8186.0,8194.0,8186.0,8194.0,883.0,233891.0,234150.0
2026-02-27 10:45:00,8194.0,8194.0,8184.0,8184.0,246.0,234150.0,234152.0
2026-02-27 10:50:00,8184.0,8188.0,8176.0,8180.0,324.0,234152.0,234208.0
2026-02-27 10:55:00,8180.0,8182.0,8174.0,8176.0,382.0,234208.0,234077.0
2026-02-27 11:00:00,8176.0,8184.0,8176.0,8184.0,502.0,234077.0,234091.0
2026-02-27 11:05:00,8184.0,8190.0,8182.0,8190.0,386.0,234091.0,234262.0
2026-02-27 11:10:00,8190.0,8190.0,8184.0,8186.0,219.0,234262.0,234328.0
2026-02-27 11:15:00,8186.0,8188.0,8178.0,8180.0,429.0,234328.0,234336.0
2026-02-27 11:20:00,8180.0,8182.0,8170.0,8172.0,574.0,234336.0,234336.0
2026-02-27 11:25:00,8172.0,8174.0,8166.0,8170.0,580.0,234336.0,234376.0
2026-02-27 13:30:00,8178.0,8184.0,8178.0,8182.0,769.0,234376.0,234344.0
2026-02-27 13:35:00,8182.0,8182.0,8174.0,8174.0,282.0,234344.0,234375.0
2026-02-27 13:40:00,8174.0,8176.0,8170.0,8174.0,306.0,234375.0,234378.0
2026-02-27 13:45:00,8174.0,8178.0,8170.0,8170.0,168.0,234378.0,234419.0
2026-02-27 13:50:00,8170.0,8176.0,8170.0,8172.0,490.0,234419.0,234341.0
2026-02-27 13:55:00,8172.0,8182.0,8172.0,8180.0,586.0,234341.0,234416.0
2026-02-27 14:00:00,8180.0,8180.0,8174.0,8176.0,307.0,234416.0,234462.0
2026-02-27 14:05:00,8176.0,8184.0,8176.0,8182.0,223.0,234462.0,234506.0
2026-02-27 14:10:00,8182.0,8182.0,8178.0,8178.0,390.0,234506.0,234516.0
2026-02-27 14:15:00,8178.0,8184.0,8178.0,8180.0,331.0,234516.0,234574.0
2026-02-27 14:20:00,8180.0,8186.0,8180.0,8184.0,464.0,234574.0,234603.0
2026-02-27 14:25:00,8184.0,8192.0,8184.0,8188.0,608.0,234603.0,234807.0
2026-02-27 14:30:00,8188.0,8190.0,8182.0,8186.0,770.0,234807.0,235036.0
2026-02-27 14:35:00,8186.0,8188.0,8182.0,8186.0,427.0,235036.0,235174.0
2026-02-27 14:40:00,8186.0,8190.0,8182.0,8182.0,681.0,235174.0,235355.0
2026-02-27 14:45:00,8182.0,8186.0,8178.0,8182.0,1640.0,235355.0,236067.0
2026-02-27 14:50:00,8182.0,8188.0,8180.0,8184.0,848.0,236067.0,236109.0
2026-02-27 14:55:00,8184.0,8194.0,8184.0,8186.0,1201.0,236109.0,236129.0
2026-02-27 21:00:00,8218.0,8218.0,8194.0,8200.0,5152.0,236129.0,235531.0
2026-02-27 21:05:00,8200.0,8210.0,8192.0,8198.0,2786.0,235531.0,235977.0
2026-02-27 21:10:00,8198.0,8208.0,8198.0,8208.0,1784.0,235977.0,236811.0
2026-02-27 21:15:00,8208.0,8208.0,8200.0,8202.0,720.0,236811.0,236998.0
2026-02-27 21:20:00,8202.0,8208.0,8198.0,8206.0,457.0,236998.0,237068.0
2026-02-27 21:25:00,8206.0,8208.0,8202.0,8202.0,759.0,237068.0,237036.0
2026-02-27 21:30:00,8202.0,8202.0,8198.0,8202.0,615.0,237036.0,236873.0
2026-02-27 21:35:00,8202.0,8202.0,8190.0,8192.0,677.0,236873.0,236994.0
2026-02-27 21:40:00,8192.0,8198.0,8190.0,8198.0,359.0,236994.0,236926.0
2026-02-27 21:45:00,8198.0,8198.0,8188.0,8190.0,312.0,236926.0,236870.0
2026-02-27 21:50:00,8190.0,8190.0,8184.0,8186.0,374.0,236870.0,236774.0
2026-02-27 21:55:00,8186.0,8186.0,8178.0,8182.0,443.0,236774.0,236913.0
2026-02-27 22:00:00,8182.0,8186.0,8182.0,8182.0,305.0,236913.0,236873.0
2026-02-27 22:05:00,8182.0,8192.0,8182.0,8190.0,893.0,236873.0,237110.0
2026-02-27 22:10:00,8190.0,8196.0,8190.0,8196.0,259.0,237110.0,237107.0
2026-02-27 22:15:00,8196.0,8200.0,8196.0,8196.0,217.0,237107.0,237048.0
2026-02-27 22:20:00,8196.0,8210.0,8196.0,8206.0,613.0,237048.0,237081.0
2026-02-27 22:25:00,8206.0,8206.0,8198.0,8200.0,374.0,237081.0,237119.0
2026-02-27 22:30:00,8200.0,8200.0,8176.0,8184.0,808.0,237119.0,236989.0
2026-02-27 22:35:00,8184.0,8186.0,8180.0,8182.0,462.0,236989.0,237051.0
2026-02-27 22:40:00,8182.0,8182.0,8174.0,8178.0,488.0,237051.0,237127.0
2026-02-27 22:45:00,8178.0,8186.0,8176.0,8184.0,466.0,237127.0,237148.0
2026-02-27 22:50:00,8184.0,8194.0,8184.0,8188.0,541.0,237148.0,237218.0
2026-02-27 22:55:00,8188.0,8192.0,8180.0,8190.0,704.0,237218.0,236914.0
2026-03-02 09:00:00,8278.0,8278.0,8230.0,8230.0,7577.0,236914.0,237421.0
2026-03-02 09:05:00,8230.0,8252.0,8228.0,8250.0,2871.0,237421.0,237701.0
2026-03-02 09:10:00,8250.0,8254.0,8238.0,8252.0,1946.0,237701.0,238048.0
2026-03-02 09:15:00,8252.0,8254.0,8238.0,8242.0,1828.0,238048.0,238827.0
2026-03-02 09:20:00,8242.0,8244.0,8216.0,8224.0,3272.0,238827.0,239075.0
2026-03-02 09:25:00,8224.0,8238.0,8224.0,8226.0,1774.0,239075.0,239114.0
2026-03-02 09:30:00,8226.0,8240.0,8222.0,8238.0,1898.0,239114.0,238976.0
2026-03-02 09:35:00,8238.0,8250.0,8236.0,8248.0,1354.0,238976.0,238783.0
2026-03-02 09:40:00,8248.0,8252.0,8236.0,8238.0,977.0,238783.0,238665.0
2026-03-02 09:45:00,8238.0,8238.0,8222.0,8224.0,767.0,238665.0,238734.0
2026-03-02 09:50:00,8224.0,8228.0,8218.0,8224.0,1269.0,238734.0,239088.0
2026-03-02 09:55:00,8224.0,8228.0,8218.0,8226.0,823.0,239088.0,239134.0
2026-03-02 10:00:00,8226.0,8230.0,8216.0,8218.0,971.0,239134.0,239243.0
2026-03-02 10:05:00,8218.0,8220.0,8212.0,8216.0,715.0,239243.0,239268.0
2026-03-02 10:10:00,8216.0,8218.0,8206.0,8208.0,1210.0,239268.0,239448.0
2026-03-02 10:30:00,8210.0,8226.0,8210.0,8224.0,912.0,239448.0,239435.0
2026-03-02 10:35:00,8224.0,8226.0,8214.0,8218.0,605.0,239435.0,239450.0
2026-03-02 10:40:00,8218.0,8222.0,8216.0,8220.0,356.0,239450.0,239449.0
2026-03-02 10:45:00,8220.0,8220.0,8206.0,8212.0,837.0,239449.0,239662.0
2026-03-02 10:50:00,8212.0,8220.0,8212.0,8214.0,767.0,239662.0,240155.0
2026-03-02 10:55:00,8214.0,8214.0,8208.0,8208.0,365.0,240155.0,240297.0
2026-03-02 11:00:00,8208.0,8210.0,8206.0,8208.0,471.0,240297.0,240161.0
2026-03-02 11:05:00,8208.0,8212.0,8202.0,8202.0,375.0,240161.0,240227.0
2026-03-02 11:10:00,8202.0,8212.0,8202.0,8210.0,828.0,240227.0,240137.0
2026-03-02 11:15:00,8210.0,8226.0,8210.0,8226.0,562.0,240137.0,239988.0
2026-03-02 11:20:00,8226.0,8234.0,8222.0,8230.0,581.0,239988.0,239986.0
2026-03-02 11:25:00,8230.0,8238.0,8228.0,8230.0,796.0,239986.0,239957.0
2026-03-02 13:30:00,8240.0,8246.0,8236.0,8246.0,1150.0,239957.0,239890.0
2026-03-02 13:35:00,8246.0,8248.0,8236.0,8248.0,1613.0,239890.0,239928.0
2026-03-02 13:40:00,8248.0,8250.0,8242.0,8246.0,371.0,239928.0,239953.0
2026-03-02 13:45:00,8246.0,8260.0,8246.0,8256.0,1066.0,239953.0,240092.0
2026-03-02 13:50:00,8256.0,8260.0,8248.0,8254.0,1126.0,240092.0,240283.0
2026-03-02 13:55:00,8254.0,8254.0,8240.0,8242.0,1421.0,240283.0,240787.0
2026-03-02 14:00:00,8242.0,8246.0,8240.0,8242.0,269.0,240787.0,240813.0
2026-03-02 14:05:00,8242.0,8250.0,8242.0,8244.0,1689.0,240813.0,241478.0
2026-03-02 14:10:00,8244.0,8246.0,8240.0,8246.0,404.0,241478.0,241538.0
2026-03-02 14:15:00,8246.0,8246.0,8242.0,8244.0,613.0,241538.0,241564.0
2026-03-02 14:20:00,8244.0,8248.0,8242.0,8248.0,578.0,241564.0,241534.0
2026-03-02 14:25:00,8248.0,8252.0,8246.0,8250.0,482.0,241534.0,241494.0
2026-03-02 14:30:00,8250.0,8250.0,8242.0,8242.0,2051.0,241494.0,241798.0
2026-03-02 14:35:00,8242.0,8244.0,8238.0,8240.0,623.0,241798.0,241887.0
2026-03-02 14:40:00,8240.0,8242.0,8234.0,8238.0,1271.0,241887.0,241740.0
2026-03-02 14:45:00,8238.0,8246.0,8232.0,8244.0,666.0,241740.0,241982.0
2026-03-02 14:50:00,8244.0,8246.0,8238.0,8246.0,640.0,241982.0,241884.0
2026-03-02 14:55:00,8246.0,8248.0,8242.0,8244.0,1859.0,241884.0,242090.0
2026-03-02 21:00:00,8272.0,8272.0,8250.0,8266.0,3575.0,242090.0,241155.0
2026-03-02 21:05:00,8266.0,8272.0,8260.0,8266.0,1954.0,241155.0,240925.0
2026-03-02 21:10:00,8266.0,8284.0,8266.0,8282.0,2156.0,240925.0,240158.0
2026-03-02 21:15:00,8282.0,8286.0,8272.0,8278.0,2324.0,240158.0,239863.0
2026-03-02 21:20:00,8278.0,8278.0,8270.0,8274.0,775.0,239863.0,239703.0
2026-03-02 21:25:00,8274.0,8274.0,8266.0,8270.0,543.0,239703.0,239668.0
2026-03-02 21:30:00,8270.0,8274.0,8260.0,8272.0,926.0,239668.0,239762.0
2026-03-02 21:35:00,8272.0,8280.0,8270.0,8278.0,1068.0,239762.0,240099.0
2026-03-02 21:40:00,8278.0,8282.0,8274.0,8278.0,808.0,240099.0,240354.0
2026-03-02 21:45:00,8278.0,8278.0,8272.0,8274.0,502.0,240354.0,240481.0
2026-03-02 21:50:00,8274.0,8276.0,8270.0,8274.0,327.0,240481.0,240603.0
2026-03-02 21:55:00,8274.0,8284.0,8270.0,8282.0,503.0,240603.0,240643.0
2026-03-02 22:00:00,8282.0,8282.0,8276.0,8278.0,371.0,240643.0,240811.0
2026-03-02 22:05:00,8278.0,8286.0,8276.0,8284.0,535.0,240811.0,240795.0
2026-03-02 22:10:00,8284.0,8288.0,8282.0,8288.0,256.0,240795.0,240902.0
2026-03-02 22:15:00,8288.0,8288.0,8282.0,8286.0,560.0,240902.0,240958.0
2026-03-02 22:20:00,8286.0,8288.0,8280.0,8286.0,1638.0,240958.0,241525.0
2026-03-02 22:25:00,8286.0,8286.0,8272.0,8272.0,1230.0,241525.0,241378.0
2026-03-02 22:30:00,8272.0,8276.0,8260.0,8262.0,1271.0,241378.0,241402.0
2026-03-02 22:35:00,8262.0,8280.0,8262.0,8276.0,855.0,241402.0,241597.0
2026-03-02 22:40:00,8276.0,8282.0,8272.0,8274.0,516.0,241597.0,241588.0
2026-03-02 22:45:00,8274.0,8276.0,8268.0,8272.0,537.0,241588.0,241541.0
2026-03-02 22:50:00,8272.0,8276.0,8270.0,8276.0,706.0,241541.0,241728.0
2026-03-02 22:55:00,8276.0,8282.0,8274.0,8280.0,793.0,241728.0,241443.0
2026-03-03 09:00:00,8272.0,8304.0,8264.0,8302.0,2850.0,241443.0,241517.0
2026-03-03 09:05:00,8302.0,8316.0,8294.0,8312.0,2419.0,241517.0,241694.0
2026-03-03 09:10:00,8312.0,8336.0,8310.0,8334.0,3426.0,241694.0,242878.0
2026-03-03 09:15:00,8334.0,8338.0,8322.0,8334.0,1504.0,242878.0,243042.0
2026-03-03 09:20:00,8334.0,8340.0,8334.0,8334.0,1351.0,243042.0,243393.0
2026-03-03 09:25:00,8334.0,8348.0,8334.0,8348.0,2172.0,243393.0,244368.0
2026-03-03 09:30:00,8348.0,8362.0,8338.0,8362.0,1772.0,244368.0,244523.0
2026-03-03 09:35:00,8362.0,8370.0,8358.0,8366.0,2043.0,244523.0,244758.0
2026-03-03 09:40:00,8366.0,8370.0,8360.0,8360.0,1716.0,244758.0,244537.0
2026-03-03 09:45:00,8360.0,8366.0,8344.0,8344.0,1331.0,244537.0,244769.0
2026-03-03 09:50:00,8344.0,8354.0,8340.0,8344.0,1177.0,244769.0,244937.0
2026-03-03 09:55:00,8344.0,8356.0,8342.0,8352.0,769.0,244937.0,245002.0
2026-03-03 10:00:00,8352.0,8354.0,8338.0,8340.0,1672.0,245002.0,245470.0
2026-03-03 10:05:00,8340.0,8340.0,8318.0,8318.0,3071.0,245470.0,246062.0
2026-03-03 10:10:00,8318.0,8326.0,8312.0,8316.0,2874.0,246062.0,245934.0
2026-03-03 10:30:00,8318.0,8332.0,8318.0,8332.0,2446.0,245934.0,246743.0
2026-03-03 10:35:00,8332.0,8338.0,8322.0,8328.0,1496.0,246743.0,246982.0
2026-03-03 10:40:00,8328.0,8332.0,8316.0,8320.0,903.0,246982.0,247067.0
2026-03-03 10:45:00,8320.0,8330.0,8316.0,8326.0,1718.0,247067.0,247622.0
2026-03-03 10:50:00,8326.0,8340.0,8320.0,8338.0,631.0,247622.0,247555.0
2026-03-03 10:55:00,8338.0,8340.0,8330.0,8338.0,421.0,247555.0,247581.0
2026-03-03 11:00:00,8338.0,8340.0,8334.0,8336.0,511.0,247581.0,247675.0
2026-03-03 11:05:00,8336.0,8340.0,8330.0,8330.0,390.0,247675.0,247667.0
2026-03-03 11:10:00,8330.0,8340.0,8330.0,8336.0,387.0,247667.0,247692.0
2026-03-03 11:15:00,8336.0,8338.0,8330.0,8334.0,383.0,247692.0,247721.0
2026-03-03 11:20:00,8334.0,8334.0,8320.0,8324.0,663.0,247721.0,247650.0
2026-03-03 11:25:00,8324.0,8326.0,8314.0,8316.0,650.0,247650.0,247561.0
2026-03-03 13:30:00,8324.0,8340.0,8324.0,8332.0,1420.0,247561.0,247750.0
2026-03-03 13:35:00,8332.0,8340.0,8332.0,8334.0,647.0,247750.0,247929.0
2026-03-03 13:40:00,8334.0,8340.0,8334.0,8336.0,240.0,247929.0,247931.0
2026-03-03 13:45:00,8336.0,8344.0,8330.0,8332.0,958.0,247931.0,248299.0
2026-03-03 13:50:00,8332.0,8332.0,8322.0,8326.0,1469.0,248299.0,248217.0
2026-03-03 13:55:00,8326.0,8330.0,8324.0,8326.0,393.0,248217.0,248314.0
2026-03-03 14:00:00,8326.0,8332.0,8316.0,8316.0,1367.0,248314.0,248900.0
2026-03-03 14:05:00,8316.0,8320.0,8314.0,8314.0,804.0,248900.0,249218.0
2026-03-03 14:10:00,8314.0,8318.0,8312.0,8314.0,385.0,249218.0,249165.0
2026-03-03 14:15:00,8314.0,8318.0,8312.0,8316.0,587.0,249165.0,249200.0
2026-03-03 14:20:00,8316.0,8318.0,8304.0,8304.0,1138.0,249200.0,249463.0
2026-03-03 14:25:00,8304.0,8312.0,8294.0,8310.0,1840.0,249463.0,249207.0
2026-03-03 14:30:00,8310.0,8314.0,8302.0,8304.0,885.0,249207.0,249144.0
2026-03-03 14:35:00,8304.0,8310.0,8300.0,8308.0,1113.0,249144.0,249108.0
2026-03-03 14:40:00,8308.0,8318.0,8304.0,8318.0,1096.0,249108.0,249234.0
2026-03-03 14:45:00,8318.0,8328.0,8318.0,8322.0,2133.0,249234.0,249489.0
2026-03-03 14:50:00,8322.0,8326.0,8320.0,8326.0,797.0,249489.0,249597.0
2026-03-03 14:55:00,8326.0,8328.0,8318.0,8322.0,824.0,249597.0,249489.0
2026-03-03 21:00:00,8350.0,8358.0,8342.0,8358.0,3509.0,249489.0,249381.0
2026-03-03 21:05:00,8358.0,8358.0,8344.0,8356.0,2006.0,249381.0,249702.0
2026-03-03 21:10:00,8356.0,8378.0,8354.0,8372.0,2950.0,249702.0,250373.0
2026-03-03 21:15:00,8372.0,8380.0,8364.0,8378.0,1553.0,250373.0,250508.0
2026-03-03 21:20:00,8378.0,8382.0,8366.0,8374.0,1527.0,250508.0,250458.0
2026-03-03 21:25:00,8374.0,8376.0,8370.0,8376.0,1317.0,250458.0,250154.0
2026-03-03 21:30:00,8376.0,8376.0,8354.0,8360.0,1246.0,250154.0,250207.0
2026-03-03 21:35:00,8360.0,8366.0,8356.0,8360.0,919.0,250207.0,250150.0
2026-03-03 21:40:00,8360.0,8370.0,8360.0,8364.0,337.0,250150.0,250139.0
2026-03-03 21:45:00,8364.0,8370.0,8364.0,8368.0,252.0,250139.0,250119.0
2026-03-03 21:50:00,8368.0,8374.0,8366.0,8368.0,979.0,250119.0,250100.0
2026-03-03 21:55:00,8368.0,8378.0,8362.0,8378.0,983.0,250100.0,249873.0
2026-03-03 22:00:00,8378.0,8386.0,8376.0,8382.0,1359.0,249873.0,250010.0
2026-03-03 22:05:00,8382.0,8388.0,8372.0,8374.0,1691.0,250010.0,250391.0
2026-03-03 22:10:00,8374.0,8396.0,8372.0,8394.0,1333.0,250391.0,250223.0
2026-03-03 22:15:00,8394.0,8398.0,8382.0,8382.0,919.0,250223.0,250290.0
2026-03-03 22:20:00,8382.0,8386.0,8376.0,8382.0,1027.0,250290.0,250464.0
2026-03-03 22:25:00,8382.0,8396.0,8382.0,8390.0,479.0,250464.0,250604.0
2026-03-03 22:30:00,8390.0,8390.0,8380.0,8380.0,1322.0,250604.0,250680.0
2026-03-03 22:35:00,8380.0,8386.0,8378.0,8380.0,982.0,250680.0,250762.0
2026-03-03 22:40:00,8380.0,8380.0,8356.0,8360.0,1790.0,250762.0,250829.0
2026-03-03 22:45:00,8360.0,8364.0,8340.0,8342.0,2417.0,250829.0,250611.0
2026-03-03 22:50:00,8342.0,8358.0,8338.0,8354.0,1187.0,250611.0,250549.0
2026-03-03 22:55:00,8354.0,8360.0,8348.0,8350.0,1026.0,250549.0,250453.0
2026-03-04 09:00:00,8340.0,8346.0,8316.0,8326.0,2969.0,250453.0,250578.0
2026-03-04 09:05:00,8326.0,8334.0,8300.0,8306.0,4425.0,250578.0,249672.0
2026-03-04 09:10:00,8306.0,8324.0,8306.0,8314.0,1418.0,249672.0,249913.0
2026-03-04 09:15:00,8314.0,8316.0,8308.0,8314.0,702.0,249913.0,249900.0
2026-03-04 09:20:00,8314.0,8316.0,8296.0,8300.0,1532.0,249900.0,249962.0
2026-03-04 09:25:00,8300.0,8310.0,8294.0,8294.0,1818.0,249962.0,250493.0
2026-03-04 09:30:00,8294.0,8310.0,8292.0,8306.0,552.0,250493.0,250602.0
2026-03-04 09:35:00,8306.0,8316.0,8304.0,8314.0,1021.0,250602.0,250811.0
2026-03-04 09:40:00,8314.0,8324.0,8310.0,8320.0,1202.0,250811.0,251131.0
2026-03-04 09:45:00,8320.0,8324.0,8316.0,8318.0,401.0,251131.0,251195.0
2026-03-04 09:50:00,8318.0,8322.0,8316.0,8316.0,477.0,251195.0,251270.0
2026-03-04 09:55:00,8316.0,8322.0,8314.0,8320.0,446.0,251270.0,251195.0
2026-03-04 10:00:00,8320.0,8326.0,8320.0,8324.0,825.0,251195.0,251572.0
2026-03-04 10:05:00,8324.0,8328.0,8318.0,8326.0,424.0,251572.0,251535.0
2026-03-04 10:10:00,8326.0,8328.0,8322.0,8326.0,242.0,251535.0,251598.0
2026-03-04 10:30:00,8318.0,8322.0,8302.0,8306.0,1308.0,251598.0,251815.0
2026-03-04 10:35:00,8306.0,8316.0,8304.0,8316.0,381.0,251815.0,251819.0
2026-03-04 10:40:00,8316.0,8322.0,8314.0,8318.0,478.0,251819.0,251941.0
2026-03-04 10:45:00,8318.0,8322.0,8306.0,8310.0,748.0,251941.0,252053.0
2026-03-04 10:50:00,8310.0,8318.0,8310.0,8314.0,668.0,252053.0,252349.0
2026-03-04 10:55:00,8314.0,8318.0,8312.0,8316.0,405.0,252349.0,252449.0
2026-03-04 11:00:00,8316.0,8322.0,8314.0,8322.0,583.0,252449.0,252526.0
2026-03-04 11:05:00,8322.0,8330.0,8320.0,8328.0,400.0,252526.0,252483.0
2026-03-04 11:10:00,8328.0,8330.0,8322.0,8326.0,281.0,252483.0,252539.0
2026-03-04 11:15:00,8326.0,8340.0,8324.0,8338.0,388.0,252539.0,252467.0
2026-03-04 11:20:00,8338.0,8338.0,8328.0,8332.0,202.0,252467.0,252537.0
2026-03-04 11:25:00,8332.0,8336.0,8322.0,8328.0,365.0,252537.0,252495.0
2026-03-04 13:30:00,8338.0,8340.0,8326.0,8330.0,742.0,252495.0,252510.0
2026-03-04 13:35:00,8330.0,8330.0,8324.0,8328.0,191.0,252510.0,252611.0
2026-03-04 13:40:00,8328.0,8336.0,8328.0,8330.0,816.0,252611.0,252835.0
2026-03-04 13:45:00,8330.0,8336.0,8320.0,8334.0,1498.0,252835.0,253370.0
2026-03-04 13:50:00,8334.0,8336.0,8320.0,8320.0,1466.0,253370.0,253890.0
2026-03-04 13:55:00,8320.0,8326.0,8316.0,8322.0,393.0,253890.0,253949.0
2026-03-04 14:00:00,8322.0,8326.0,8320.0,8326.0,252.0,253949.0,254037.0
2026-03-04 14:05:00,8326.0,8330.0,8322.0,8330.0,360.0,254037.0,254212.0
2026-03-04 14:10:00,8330.0,8336.0,8328.0,8334.0,403.0,254212.0,254249.0
2026-03-04 14:15:00,8334.0,8336.0,8330.0,8336.0,271.0,254249.0,254276.0
2026-03-04 14:20:00,8336.0,8336.0,8332.0,8334.0,191.0,254276.0,254330.0
2026-03-04 14:25:00,8334.0,8338.0,8332.0,8334.0,361.0,254330.0,254430.0
2026-03-04 14:30:00,8334.0,8340.0,8328.0,8334.0,579.0,254430.0,254506.0
2026-03-04 14:35:00,8334.0,8336.0,8332.0,8332.0,252.0,254506.0,254522.0
2026-03-04 14:40:00,8332.0,8336.0,8332.0,8334.0,614.0,254522.0,254700.0
2026-03-04 14:45:00,8334.0,8336.0,8330.0,8336.0,1041.0,254700.0,255429.0
2026-03-04 14:50:00,8336.0,8336.0,8330.0,8330.0,1223.0,255429.0,256163.0
2026-03-04 14:55:00,8330.0,8340.0,8330.0,8340.0,633.0,256163.0,256042.0
2026-03-04 21:00:00,8306.0,8318.0,8262.0,8288.0,6959.0,256042.0,255600.0
2026-03-04 21:05:00,8288.0,8292.0,8266.0,8278.0,2288.0,255600.0,256025.0
2026-03-04 21:10:00,8278.0,8296.0,8276.0,8290.0,1399.0,256025.0,256278.0
2026-03-04 21:15:00,8290.0,8290.0,8280.0,8282.0,772.0,256278.0,256341.0
2026-03-04 21:20:00,8282.0,8290.0,8274.0,8288.0,535.0,256341.0,256405.0
2026-03-04 21:25:00,8288.0,8296.0,8286.0,8290.0,1085.0,256405.0,256489.0
2026-03-04 21:30:00,8290.0,8294.0,8286.0,8290.0,1615.0,256489.0,256850.0
2026-03-04 21:35:00,8290.0,8300.0,8288.0,8296.0,900.0,256850.0,256858.0
2026-03-04 21:40:00,8296.0,8300.0,8290.0,8296.0,942.0,256858.0,256886.0
2026-03-04 21:45:00,8296.0,8298.0,8290.0,8294.0,533.0,256886.0,257085.0
2026-03-04 21:50:00,8294.0,8296.0,8288.0,8290.0,667.0,257085.0,257212.0
2026-03-04 21:55:00,8290.0,8298.0,8290.0,8298.0,613.0,257212.0,257356.0
2026-03-04 22:00:00,8298.0,8298.0,8294.0,8298.0,322.0,257356.0,257339.0
2026-03-04 22:05:00,8298.0,8302.0,8288.0,8292.0,634.0,257339.0,257335.0
2026-03-04 22:10:00,8292.0,8292.0,8282.0,8288.0,415.0,257335.0,257338.0
2026-03-04 22:15:00,8288.0,8290.0,8280.0,8282.0,226.0,257338.0,257355.0
2026-03-04 22:20:00,8282.0,8284.0,8276.0,8280.0,421.0,257355.0,257373.0
2026-03-04 22:25:00,8280.0,8292.0,8278.0,8290.0,562.0,257373.0,257321.0
2026-03-04 22:30:00,8290.0,8298.0,8290.0,8296.0,1206.0,257321.0,257238.0
2026-03-04 22:35:00,8296.0,8306.0,8296.0,8296.0,786.0,257238.0,257170.0
2026-03-04 22:40:00,8296.0,8302.0,8294.0,8302.0,512.0,257170.0,257201.0
2026-03-04 22:45:00,8302.0,8304.0,8298.0,8300.0,383.0,257201.0,257224.0
2026-03-04 22:50:00,8300.0,8304.0,8294.0,8302.0,391.0,257224.0,257152.0
2026-03-04 22:55:00,8302.0,8302.0,8294.0,8298.0,412.0,257152.0,257125.0
2026-03-05 09:00:00,8310.0,8324.0,8310.0,8314.0,1368.0,257125.0,257363.0
2026-03-05 09:05:00,8314.0,8324.0,8312.0,8322.0,618.0,257363.0,257517.0
2026-03-05 09:10:00,8322.0,8328.0,8318.0,8326.0,494.0,257517.0,257501.0
2026-03-05 09:15:00,8326.0,8326.0,8320.0,8322.0,288.0,257501.0,257517.0
2026-03-05 09:20:00,8322.0,8326.0,8320.0,8324.0,255.0,257517.0,257559.0
2026-03-05 09:25:00,8324.0,8324.0,8320.0,8322.0,173.0,257559.0,257580.0
2026-03-05 09:30:00,8322.0,8322.0,8316.0,8320.0,339.0,257580.0,257530.0
2026-03-05 09:35:00,8320.0,8320.0,8316.0,8318.0,256.0,257530.0,257536.0
2026-03-05 09:40:00,8318.0,8318.0,8310.0,8310.0,666.0,257536.0,257507.0
2026-03-05 09:45:00,8310.0,8320.0,8310.0,8318.0,469.0,257507.0,257508.0
2026-03-05 09:50:00,8318.0,8320.0,8316.0,8318.0,321.0,257508.0,257566.0
2026-03-05 09:55:00,8318.0,8318.0,8310.0,8316.0,426.0,257566.0,257669.0
2026-03-05 10:00:00,8316.0,8322.0,8316.0,8320.0,363.0,257669.0,257738.0
2026-03-05 10:05:00,8320.0,8322.0,8318.0,8320.0,254.0,257738.0,257753.0
2026-03-05 10:10:00,8320.0,8328.0,8318.0,8326.0,446.0,257753.0,257790.0
2026-03-05 10:30:00,8326.0,8330.0,8320.0,8324.0,411.0,257790.0,257670.0
2026-03-05 10:35:00,8324.0,8324.0,8318.0,8320.0,186.0,257670.0,257740.0
2026-03-05 10:40:00,8320.0,8324.0,8318.0,8322.0,298.0,257740.0,257766.0
2026-03-05 10:45:00,8322.0,8324.0,8318.0,8318.0,219.0,257766.0,257705.0
2026-03-05 10:50:00,8318.0,8328.0,8316.0,8320.0,464.0,257705.0,257681.0
2026-03-05 10:55:00,8320.0,8330.0,8320.0,8328.0,507.0,257681.0,257865.0
2026-03-05 11:00:00,8328.0,8330.0,8324.0,8330.0,515.0,257865.0,257841.0
2026-03-05 11:05:00,8330.0,8330.0,8318.0,8324.0,284.0,257841.0,257833.0
2026-03-05 11:10:00,8324.0,8326.0,8318.0,8322.0,190.0,257833.0,257835.0
2026-03-05 11:15:00,8322.0,8330.0,8322.0,8328.0,391.0,257835.0,257828.0
2026-03-05 11:20:00,8328.0,8344.0,8328.0,8342.0,723.0,257828.0,257884.0
2026-03-05 11:25:00,8342.0,8342.0,8332.0,8336.0,433.0,257884.0,257925.0
2026-03-05 13:30:00,8346.0,8366.0,8346.0,8366.0,2999.0,257925.0,257665.0
2026-03-05 13:35:00,8366.0,8376.0,8364.0,8370.0,1089.0,257665.0,257819.0
2026-03-05 13:40:00,8370.0,8374.0,8362.0,8362.0,918.0,257819.0,257809.0
2026-03-05 13:45:00,8362.0,8366.0,8348.0,8350.0,1091.0,257809.0,257943.0
2026-03-05 13:50:00,8350.0,8352.0,8336.0,8342.0,633.0,257943.0,258023.0
2026-03-05 13:55:00,8342.0,8354.0,8340.0,8342.0,1386.0,258023.0,258214.0
2026-03-05 14:00:00,8342.0,8344.0,8334.0,8342.0,519.0,258214.0,258143.0
2026-03-05 14:05:00,8342.0,8350.0,8340.0,8342.0,598.0,258143.0,258165.0
2026-03-05 14:10:00,8342.0,8348.0,8342.0,8344.0,308.0,258165.0,258146.0
2026-03-05 14:15:00,8344.0,8350.0,8338.0,8350.0,307.0,258146.0,258119.0
2026-03-05 14:20:00,8350.0,8358.0,8348.0,8350.0,596.0,258119.0,258150.0
2026-03-05 14:25:00,8350.0,8352.0,8348.0,8348.0,150.0,258150.0,258161.0
2026-03-05 14:30:00,8348.0,8348.0,8338.0,8344.0,986.0,258161.0,258101.0
2026-03-05 14:35:00,8344.0,8354.0,8344.0,8354.0,314.0,258101.0,258146.0
2026-03-05 14:40:00,8354.0,8358.0,8350.0,8354.0,736.0,258146.0,258128.0
2026-03-05 14:45:00,8354.0,8358.0,8344.0,8344.0,950.0,258128.0,257689.0
2026-03-05 14:50:00,8344.0,8344.0,8330.0,8340.0,2814.0,257689.0,257034.0
2026-03-05 14:55:00,8340.0,8348.0,8334.0,8342.0,1849.0,257034.0,256220.0
2026-03-05 21:00:00,8344.0,8360.0,8334.0,8352.0,2053.0,256220.0,255849.0
2026-03-05 21:05:00,8352.0,8358.0,8344.0,8346.0,1564.0,255849.0,256065.0
2026-03-05 21:10:00,8346.0,8348.0,8340.0,8344.0,848.0,256065.0,256160.0
2026-03-05 21:15:00,8344.0,8346.0,8334.0,8338.0,741.0,256160.0,256127.0
2026-03-05 21:20:00,8338.0,8340.0,8328.0,8330.0,549.0,256127.0,256105.0
2026-03-05 21:25:00,8330.0,8340.0,8330.0,8340.0,251.0,256105.0,256070.0
2026-03-05 21:30:00,8340.0,8342.0,8336.0,8336.0,446.0,256070.0,255983.0
2026-03-05 21:35:00,8336.0,8340.0,8326.0,8340.0,463.0,255983.0,256106.0
2026-03-05 21:40:00,8340.0,8348.0,8334.0,8344.0,491.0,256106.0,256141.0
2026-03-05 21:45:00,8344.0,8350.0,8338.0,8346.0,670.0,256141.0,256146.0
2026-03-05 21:50:00,8346.0,8358.0,8346.0,8356.0,604.0,256146.0,256137.0
2026-03-05 21:55:00,8356.0,8362.0,8354.0,8358.0,1564.0,256137.0,256220.0
2026-03-05 22:00:00,8358.0,8358.0,8350.0,8358.0,451.0,256220.0,256267.0
2026-03-05 22:05:00,8358.0,8368.0,8358.0,8368.0,490.0,256267.0,256339.0
2026-03-05 22:10:00,8368.0,8370.0,8362.0,8368.0,960.0,256339.0,256716.0
2026-03-05 22:15:00,8368.0,8370.0,8366.0,8370.0,417.0,256716.0,256700.0
2026-03-05 22:20:00,8370.0,8372.0,8362.0,8364.0,358.0,256700.0,256625.0
2026-03-05 22:25:00,8364.0,8366.0,8360.0,8364.0,289.0,256625.0,256563.0
2026-03-05 22:30:00,8364.0,8364.0,8356.0,8356.0,1051.0,256563.0,257005.0
2026-03-05 22:35:00,8356.0,8364.0,8352.0,8364.0,1681.0,257005.0,257550.0
2026-03-05 22:40:00,8364.0,8368.0,8358.0,8360.0,288.0,257550.0,257453.0
2026-03-05 22:45:00,8360.0,8368.0,8358.0,8364.0,1599.0,257453.0,257899.0
2026-03-05 22:50:00,8364.0,8376.0,8362.0,8374.0,1021.0,257899.0,257936.0
2026-03-05 22:55:00,8374.0,8376.0,8362.0,8366.0,508.0,257936.0,257926.0
2026-03-06 09:00:00,8400.0,8402.0,8366.0,8366.0,3668.0,257926.0,257891.0
2026-03-06 09:05:00,8366.0,8384.0,8366.0,8382.0,971.0,257891.0,257927.0
2026-03-06 09:10:00,8382.0,8386.0,8352.0,8356.0,1514.0,257927.0,258023.0
2026-03-06 09:15:00,8356.0,8364.0,8356.0,8362.0,718.0,258023.0,257945.0
2026-03-06 09:20:00,8362.0,8366.0,8360.0,8364.0,707.0,257945.0,258190.0
2026-03-06 09:25:00,8364.0,8384.0,8360.0,8382.0,677.0,258190.0,258200.0
2026-03-06 09:30:00,8382.0,8392.0,8378.0,8378.0,1070.0,258200.0,258544.0
2026-03-06 09:35:00,8378.0,8386.0,8374.0,8382.0,1816.0,258544.0,259226.0
2026-03-06 09:40:00,8382.0,8386.0,8376.0,8382.0,491.0,259226.0,259168.0
2026-03-06 09:45:00,8382.0,8386.0,8380.0,8382.0,493.0,259168.0,259134.0
2026-03-06 09:50:00,8382.0,8390.0,8374.0,8376.0,1770.0,259134.0,258705.0
2026-03-06 09:55:00,8376.0,8382.0,8364.0,8370.0,2073.0,258705.0,259281.0
2026-03-06 10:00:00,8370.0,8378.0,8364.0,8368.0,1432.0,259281.0,259237.0
2026-03-06 10:05:00,8368.0,8368.0,8350.0,8350.0,3287.0,259237.0,260878.0
2026-03-06 10:10:00,8350.0,8358.0,8338.0,8358.0,1439.0,260878.0,261156.0
2026-03-06 10:30:00,8364.0,8366.0,8356.0,8360.0,808.0,261156.0,261139.0
2026-03-06 10:35:00,8360.0,8368.0,8350.0,8358.0,1341.0,261139.0,261038.0
2026-03-06 10:40:00,8358.0,8366.0,8352.0,8356.0,2695.0,261038.0,261105.0
2026-03-06 10:45:00,8356.0,8380.0,8354.0,8376.0,1482.0,261105.0,261048.0
2026-03-06 10:50:00,8376.0,8378.0,8372.0,8374.0,801.0,261048.0,260987.0
2026-03-06 10:55:00,8374.0,8376.0,8368.0,8374.0,499.0,260987.0,260986.0
2026-03-06 11:00:00,8374.0,8376.0,8368.0,8372.0,1604.0,260986.0,260999.0
2026-03-06 11:05:00,8372.0,8376.0,8366.0,8366.0,1425.0,260999.0,261010.0
2026-03-06 11:10:00,8366.0,8376.0,8364.0,8364.0,2599.0,261010.0,260873.0
2026-03-06 11:15:00,8364.0,8376.0,8362.0,8370.0,1346.0,260873.0,260633.0
2026-03-06 11:20:00,8370.0,8382.0,8370.0,8374.0,1722.0,260633.0,260900.0
2026-03-06 11:25:00,8374.0,8390.0,8372.0,8388.0,1676.0,260900.0,260941.0
2026-03-06 13:30:00,8390.0,8396.0,8382.0,8392.0,4125.0,260941.0,262635.0
2026-03-06 13:35:00,8392.0,8392.0,8386.0,8386.0,839.0,262635.0,262526.0
2026-03-06 13:40:00,8386.0,8398.0,8382.0,8396.0,762.0,262526.0,262445.0
2026-03-06 13:45:00,8396.0,8398.0,8390.0,8390.0,639.0,262445.0,262326.0
2026-03-06 13:50:00,8390.0,8394.0,8386.0,8392.0,286.0,262326.0,262281.0
2026-03-06 13:55:00,8392.0,8398.0,8392.0,8394.0,874.0,262281.0,262062.0
2026-03-06 14:00:00,8394.0,8398.0,8392.0,8396.0,461.0,262062.0,262143.0
2026-03-06 14:05:00,8396.0,8396.0,8372.0,8378.0,2090.0,262143.0,261924.0
2026-03-06 14:10:00,8378.0,8382.0,8370.0,8372.0,1139.0,261924.0,262031.0
2026-03-06 14:15:00,8372.0,8376.0,8366.0,8376.0,1496.0,262031.0,262786.0
2026-03-06 14:20:00,8376.0,8382.0,8374.0,8378.0,860.0,262786.0,262989.0
2026-03-06 14:25:00,8378.0,8382.0,8376.0,8382.0,700.0,262989.0,263030.0
2026-03-06 14:30:00,8382.0,8384.0,8376.0,8378.0,773.0,263030.0,263166.0
2026-03-06 14:35:00,8378.0,8382.0,8372.0,8378.0,427.0,263166.0,263113.0
2026-03-06 14:40:00,8378.0,8380.0,8370.0,8370.0,1736.0,263113.0,263688.0
2026-03-06 14:45:00,8370.0,8370.0,8362.0,8366.0,1039.0,263688.0,264252.0
2026-03-06 14:50:00,8366.0,8366.0,8354.0,8360.0,2274.0,264252.0,264935.0
2026-03-06 14:55:00,8360.0,8368.0,8356.0,8364.0,1116.0,264935.0,265117.0
2026-03-06 21:00:00,8410.0,8466.0,8410.0,8440.0,9079.0,265117.0,264553.0
2026-03-06 21:05:00,8440.0,8448.0,8416.0,8426.0,5885.0,264553.0,265046.0
2026-03-06 21:10:00,8426.0,8442.0,8412.0,8440.0,4228.0,265046.0,264943.0
2026-03-06 21:15:00,8440.0,8446.0,8428.0,8442.0,2742.0,264943.0,264884.0
2026-03-06 21:20:00,8442.0,8450.0,8436.0,8448.0,2168.0,264884.0,264840.0
2026-03-06 21:25:00,8448.0,8476.0,8444.0,8476.0,3999.0,264840.0,266353.0
2026-03-06 21:30:00,8476.0,8480.0,8438.0,8454.0,3566.0,266353.0,266341.0
2026-03-06 21:35:00,8454.0,8466.0,8452.0,8466.0,3289.0,266341.0,265864.0
2026-03-06 21:40:00,8466.0,8486.0,8464.0,8470.0,4656.0,265864.0,265482.0
2026-03-06 21:45:00,8470.0,8490.0,8470.0,8484.0,2464.0,265482.0,265211.0
2026-03-06 21:50:00,8484.0,8496.0,8472.0,8490.0,2056.0,265211.0,265022.0
2026-03-06 21:55:00,8490.0,8492.0,8478.0,8488.0,1975.0,265022.0,265077.0
2026-03-06 22:00:00,8488.0,8498.0,8482.0,8492.0,1797.0,265077.0,264874.0
2026-03-06 22:05:00,8492.0,8508.0,8488.0,8504.0,4004.0,264874.0,265481.0
2026-03-06 22:10:00,8504.0,8516.0,8488.0,8510.0,2102.0,265481.0,265600.0
2026-03-06 22:15:00,8510.0,8526.0,8506.0,8522.0,2811.0,265600.0,265587.0
2026-03-06 22:20:00,8522.0,8522.0,8490.0,8512.0,1609.0,265587.0,265360.0
2026-03-06 22:25:00,8512.0,8514.0,8494.0,8494.0,2313.0,265360.0,265396.0
2026-03-06 22:30:00,8494.0,8494.0,8436.0,8450.0,4297.0,265396.0,265325.0
2026-03-06 22:35:00,8450.0,8472.0,8444.0,8446.0,3453.0,265325.0,265506.0
2026-03-06 22:40:00,8446.0,8456.0,8416.0,8434.0,4267.0,265506.0,265698.0
2026-03-06 22:45:00,8434.0,8470.0,8434.0,8468.0,1926.0,265698.0,265801.0
2026-03-06 22:50:00,8468.0,8472.0,8442.0,8450.0,1766.0,265801.0,265314.0
2026-03-06 22:55:00,8450.0,8454.0,8442.0,8444.0,2042.0,265314.0,264817.0
2026-03-09 09:00:00,8610.0,8818.0,8610.0,8782.0,16706.0,264817.0,265970.0
2026-03-09 09:05:00,8782.0,8792.0,8760.0,8784.0,5478.0,265970.0,266582.0
2026-03-09 09:10:00,8784.0,8784.0,8730.0,8744.0,6571.0,266582.0,267756.0
2026-03-09 09:15:00,8744.0,8784.0,8738.0,8760.0,5022.0,267756.0,268534.0
2026-03-09 09:20:00,8760.0,8780.0,8756.0,8770.0,5926.0,268534.0,269006.0
2026-03-09 09:25:00,8770.0,8780.0,8760.0,8764.0,3460.0,269006.0,269630.0
2026-03-09 09:30:00,8764.0,8772.0,8750.0,8754.0,4243.0,269630.0,270669.0
2026-03-09 09:35:00,8754.0,8758.0,8738.0,8740.0,2346.0,270669.0,270472.0
2026-03-09 09:40:00,8740.0,8762.0,8724.0,8762.0,2797.0,270472.0,270696.0
2026-03-09 09:45:00,8762.0,8764.0,8752.0,8760.0,1188.0,270696.0,270750.0
2026-03-09 09:50:00,8760.0,8780.0,8758.0,8770.0,2197.0,270750.0,270979.0
2026-03-09 09:55:00,8770.0,8774.0,8764.0,8770.0,2591.0,270979.0,271993.0
2026-03-09 10:00:00,8770.0,8780.0,8768.0,8776.0,1724.0,271993.0,272338.0
2026-03-09 10:05:00,8776.0,8788.0,8774.0,8784.0,2539.0,272338.0,272283.0
2026-03-09 10:10:00,8784.0,8794.0,8782.0,8794.0,1344.0,272283.0,272479.0
2026-03-09 10:30:00,8794.0,8814.0,8782.0,8788.0,3693.0,272479.0,272654.0
2026-03-09 10:35:00,8788.0,8794.0,8780.0,8784.0,3075.0,272654.0,274352.0
2026-03-09 10:40:00,8784.0,8788.0,8782.0,8786.0,1637.0,274352.0,274199.0
2026-03-09 10:45:00,8786.0,8786.0,8758.0,8758.0,2329.0,274199.0,275189.0
2026-03-09 10:50:00,8758.0,8772.0,8756.0,8766.0,1475.0,275189.0,275023.0
2026-03-09 10:55:00,8766.0,8770.0,8762.0,8766.0,1779.0,275023.0,275654.0
2026-03-09 11:00:00,8766.0,8770.0,8758.0,8758.0,1211.0,275654.0,275945.0
2026-03-09 11:05:00,8758.0,8768.0,8758.0,8764.0,1967.0,275945.0,276886.0
2026-03-09 11:10:00,8764.0,8768.0,8758.0,8764.0,1357.0,276886.0,277208.0
2026-03-09 11:15:00,8764.0,8764.0,8752.0,8760.0,1314.0,277208.0,277560.0
2026-03-09 11:20:00,8760.0,8776.0,8758.0,8764.0,3193.0,277560.0,277906.0
2026-03-09 11:25:00,8764.0,8770.0,8760.0,8762.0,2119.0,277906.0,278090.0
2026-03-09 13:30:00,8750.0,8750.0,8630.0,8648.0,12344.0,278090.0,278328.0
2026-03-09 13:35:00,8648.0,8690.0,8604.0,8616.0,7563.0,278328.0,278676.0
2026-03-09 13:40:00,8616.0,8674.0,8616.0,8674.0,4910.0,278676.0,278991.0
2026-03-09 13:45:00,8674.0,8690.0,8640.0,8646.0,5001.0,278991.0,279982.0
2026-03-09 13:50:00,8646.0,8672.0,8620.0,8672.0,5741.0,279982.0,279273.0
2026-03-09 13:55:00,8672.0,8672.0,8570.0,8588.0,6321.0,279273.0,278942.0
2026-03-09 14:00:00,8588.0,8606.0,8568.0,8586.0,8193.0,278942.0,278591.0
2026-03-09 14:05:00,8586.0,8610.0,8566.0,8586.0,5435.0,278591.0,278512.0
2026-03-09 14:10:00,8586.0,8596.0,8572.0,8586.0,4326.0,278512.0,278981.0
2026-03-09 14:15:00,8586.0,8610.0,8584.0,8596.0,3566.0,278981.0,278842.0
2026-03-09 14:20:00,8596.0,8612.0,8590.0,8598.0,2309.0,278842.0,278679.0
2026-03-09 14:25:00,8598.0,8600.0,8582.0,8592.0,3368.0,278679.0,278875.0
2026-03-09 14:30:00,8592.0,8606.0,8582.0,8602.0,4700.0,278875.0,278515.0
2026-03-09 14:35:00,8602.0,8644.0,8600.0,8624.0,3077.0,278515.0,278957.0
2026-03-09 14:40:00,8624.0,8628.0,8610.0,8614.0,2256.0,278957.0,278215.0
2026-03-09 14:45:00,8614.0,8660.0,8598.0,8656.0,3030.0,278215.0,277832.0
2026-03-09 14:50:00,8656.0,8674.0,8620.0,8622.0,2333.0,277832.0,277855.0
2026-03-09 14:55:00,8622.0,8624.0,8592.0,8600.0,1820.0,277855.0,277328.0
2026-03-09 21:00:00,8576.0,8580.0,8520.0,8552.0,5247.0,277328.0,277427.0
2026-03-09 21:05:00,8552.0,8552.0,8522.0,8526.0,2458.0,277427.0,277957.0
2026-03-09 21:10:00,8526.0,8548.0,8520.0,8526.0,2755.0,277957.0,277845.0
2026-03-09 21:15:00,8526.0,8542.0,8524.0,8526.0,2065.0,277845.0,277591.0
2026-03-09 21:20:00,8526.0,8530.0,8516.0,8520.0,1217.0,277591.0,277679.0
2026-03-09 21:25:00,8520.0,8536.0,8518.0,8528.0,2021.0,277679.0,278204.0
2026-03-09 21:30:00,8528.0,8528.0,8484.0,8490.0,3967.0,278204.0,278203.0
2026-03-09 21:35:00,8490.0,8506.0,8484.0,8506.0,1499.0,278203.0,278329.0
2026-03-09 21:40:00,8506.0,8520.0,8504.0,8520.0,1206.0,278329.0,278386.0
2026-03-09 21:45:00,8520.0,8540.0,8520.0,8532.0,2722.0,278386.0,277989.0
2026-03-09 21:50:00,8532.0,8564.0,8524.0,8554.0,2050.0,277989.0,277748.0
2026-03-09 21:55:00,8554.0,8564.0,8542.0,8544.0,861.0,277748.0,277717.0
2026-03-09 22:00:00,8544.0,8562.0,8536.0,8560.0,816.0,277717.0,277544.0
2026-03-09 22:05:00,8560.0,8572.0,8552.0,8564.0,1516.0,277544.0,277561.0
2026-03-09 22:10:00,8564.0,8572.0,8562.0,8568.0,1341.0,277561.0,277480.0
2026-03-09 22:15:00,8568.0,8580.0,8562.0,8566.0,1239.0,277480.0,277379.0
2026-03-09 22:20:00,8566.0,8574.0,8560.0,8570.0,1292.0,277379.0,277285.0
2026-03-09 22:25:00,8570.0,8582.0,8562.0,8578.0,1564.0,277285.0,277326.0
2026-03-09 22:30:00,8578.0,8578.0,8564.0,8574.0,613.0,277326.0,277300.0
2026-03-09 22:35:00,8574.0,8576.0,8560.0,8562.0,712.0,277300.0,277201.0
2026-03-09 22:40:00,8562.0,8568.0,8552.0,8556.0,834.0,277201.0,277071.0
2026-03-09 22:45:00,8556.0,8564.0,8550.0,8560.0,558.0,277071.0,277106.0
2026-03-09 22:50:00,8560.0,8562.0,8552.0,8552.0,226.0,277106.0,277059.0
2026-03-09 22:55:00,8552.0,8570.0,8548.0,8568.0,1135.0,277059.0,277193.0
2026-03-10 09:00:00,8460.0,8460.0,8318.0,8394.0,15676.0,277193.0,277632.0
2026-03-10 09:05:00,8394.0,8400.0,8362.0,8368.0,4157.0,277632.0,277713.0
2026-03-10 09:10:00,8368.0,8380.0,8352.0,8358.0,5081.0,277713.0,278048.0
2026-03-10 09:15:00,8358.0,8378.0,8350.0,8370.0,3235.0,278048.0,277931.0
2026-03-10 09:20:00,8370.0,8384.0,8362.0,8382.0,2795.0,277931.0,278720.0
2026-03-10 09:25:00,8382.0,8382.0,8348.0,8354.0,2028.0,278720.0,278969.0
2026-03-10 09:30:00,8354.0,8354.0,8338.0,8342.0,2188.0,278969.0,279130.0
2026-03-10 09:35:00,8342.0,8348.0,8332.0,8348.0,1092.0,279130.0,279112.0
2026-03-10 09:40:00,8348.0,8372.0,8348.0,8366.0,2296.0,279112.0,279394.0
2026-03-10 09:45:00,8366.0,8366.0,8346.0,8350.0,679.0,279394.0,279438.0
2026-03-10 09:50:00,8350.0,8366.0,8344.0,8364.0,1194.0,279438.0,279593.0
2026-03-10 09:55:00,8364.0,8368.0,8356.0,8360.0,587.0,279593.0,279747.0
2026-03-10 10:00:00,8360.0,8362.0,8354.0,8358.0,1141.0,279747.0,280122.0
2026-03-10 10:05:00,8358.0,8362.0,8350.0,8356.0,1388.0,280122.0,280672.0
2026-03-10 10:10:00,8356.0,8362.0,8354.0,8358.0,762.0,280672.0,280966.0
2026-03-10 10:30:00,8362.0,8382.0,8362.0,8378.0,1605.0,280966.0,281231.0
2026-03-10 10:35:00,8378.0,8378.0,8364.0,8368.0,767.0,281231.0,281279.0
2026-03-10 10:40:00,8368.0,8374.0,8366.0,8370.0,1252.0,281279.0,281370.0
2026-03-10 10:45:00,8370.0,8386.0,8368.0,8384.0,1010.0,281370.0,281567.0
2026-03-10 10:50:00,8384.0,8388.0,8380.0,8388.0,1181.0,281567.0,281242.0
2026-03-10 10:55:00,8388.0,8398.0,8386.0,8396.0,2079.0,281242.0,281219.0
2026-03-10 11:00:00,8396.0,8406.0,8392.0,8392.0,1356.0,281219.0,281093.0
2026-03-10 11:05:00,8392.0,8400.0,8384.0,8394.0,938.0,281093.0,281056.0
2026-03-10 11:10:00,8394.0,8396.0,8382.0,8392.0,1366.0,281056.0,280945.0
2026-03-10 11:15:00,8392.0,8400.0,8390.0,8394.0,1352.0,280945.0,281271.0
2026-03-10 11:20:00,8394.0,8410.0,8390.0,8410.0,705.0,281271.0,281235.0
2026-03-10 11:25:00,8410.0,8422.0,8406.0,8422.0,897.0,281235.0,281406.0
2026-03-10 13:30:00,8406.0,8412.0,8398.0,8402.0,2100.0,281406.0,281834.0
2026-03-10 13:35:00,8402.0,8404.0,8398.0,8402.0,828.0,281834.0,282049.0
2026-03-10 13:40:00,8402.0,8408.0,8398.0,8400.0,756.0,282049.0,282377.0
2026-03-10 13:45:00,8400.0,8410.0,8400.0,8402.0,1298.0,282377.0,282301.0
2026-03-10 13:50:00,8402.0,8410.0,8402.0,8408.0,730.0,282301.0,282434.0
2026-03-10 13:55:00,8408.0,8414.0,8402.0,8410.0,917.0,282434.0,282424.0
2026-03-10 14:00:00,8410.0,8412.0,8396.0,8398.0,1338.0,282424.0,282425.0
2026-03-10 14:05:00,8398.0,8406.0,8392.0,8404.0,1236.0,282425.0,282497.0
2026-03-10 14:10:00,8404.0,8406.0,8400.0,8402.0,688.0,282497.0,282489.0
2026-03-10 14:15:00,8402.0,8410.0,8396.0,8406.0,872.0,282489.0,282587.0
2026-03-10 14:20:00,8406.0,8410.0,8400.0,8402.0,684.0,282587.0,282627.0
2026-03-10 14:25:00,8402.0,8404.0,8396.0,8398.0,788.0,282627.0,282578.0
2026-03-10 14:30:00,8398.0,8404.0,8396.0,8402.0,514.0,282578.0,282674.0
2026-03-10 14:35:00,8402.0,8410.0,8400.0,8408.0,841.0,282674.0,283077.0
2026-03-10 14:40:00,8408.0,8408.0,8396.0,8398.0,691.0,283077.0,283121.0
2026-03-10 14:45:00,8398.0,8400.0,8388.0,8394.0,1174.0,283121.0,282842.0
2026-03-10 14:50:00,8394.0,8396.0,8380.0,8384.0,2804.0,282842.0,283105.0
2026-03-10 14:55:00,8384.0,8386.0,8378.0,8380.0,2134.0,283105.0,283001.0
2026-03-10 21:00:00,8402.0,8426.0,8402.0,8424.0,3575.0,283001.0,282771.0
2026-03-10 21:05:00,8424.0,8430.0,8416.0,8420.0,1550.0,282771.0,282804.0
2026-03-10 21:10:00,8420.0,8424.0,8400.0,8400.0,2636.0,282804.0,282927.0
2026-03-10 21:15:00,8400.0,8418.0,8398.0,8414.0,1596.0,282927.0,283100.0
2026-03-10 21:20:00,8414.0,8416.0,8398.0,8398.0,1122.0,283100.0,283084.0
2026-03-10 21:25:00,8398.0,8400.0,8388.0,8390.0,1185.0,283084.0,282936.0
2026-03-10 21:30:00,8390.0,8392.0,8370.0,8376.0,3455.0,282936.0,284227.0
2026-03-10 21:35:00,8376.0,8390.0,8374.0,8386.0,1209.0,284227.0,284504.0
2026-03-10 21:40:00,8386.0,8394.0,8384.0,8392.0,977.0,284504.0,284584.0
2026-03-10 21:45:00,8392.0,8410.0,8392.0,8400.0,2370.0,284584.0,285279.0
2026-03-10 21:50:00,8400.0,8422.0,8400.0,8420.0,1442.0,285279.0,285483.0
2026-03-10 21:55:00,8420.0,8422.0,8410.0,8420.0,752.0,285483.0,285494.0
2026-03-10 22:00:00,8420.0,8428.0,8410.0,8414.0,1984.0,285494.0,286068.0
2026-03-10 22:05:00,8414.0,8420.0,8406.0,8418.0,1977.0,286068.0,286553.0
2026-03-10 22:10:00,8418.0,8418.0,8410.0,8414.0,1120.0,286553.0,286306.0
2026-03-10 22:15:00,8414.0,8426.0,8404.0,8408.0,2060.0,286306.0,286369.0
2026-03-10 22:20:00,8408.0,8408.0,8392.0,8406.0,1716.0,286369.0,286229.0
2026-03-10 22:25:00,8406.0,8410.0,8386.0,8388.0,1495.0,286229.0,286402.0
2026-03-10 22:30:00,8388.0,8392.0,8372.0,8376.0,2833.0,286402.0,286871.0
2026-03-10 22:35:00,8376.0,8378.0,8364.0,8364.0,1601.0,286871.0,286716.0
2026-03-10 22:40:00,8364.0,8366.0,8334.0,8342.0,3606.0,286716.0,286345.0
2026-03-10 22:45:00,8342.0,8360.0,8340.0,8350.0,1536.0,286345.0,285990.0
2026-03-10 22:50:00,8350.0,8352.0,8332.0,8336.0,1404.0,285990.0,285738.0
2026-03-10 22:55:00,8336.0,8342.0,8332.0,8336.0,1159.0,285738.0,285475.0
2026-03-11 09:00:00,8372.0,8386.0,8364.0,8382.0,3599.0,285475.0,285873.0
2026-03-11 09:05:00,8382.0,8404.0,8382.0,8404.0,1660.0,285873.0,286193.0
2026-03-11 09:10:00,8404.0,8408.0,8396.0,8404.0,1474.0,286193.0,286699.0
2026-03-11 09:15:00,8404.0,8406.0,8394.0,8394.0,1135.0,286699.0,287139.0
2026-03-11 09:20:00,8394.0,8398.0,8390.0,8392.0,726.0,287139.0,287143.0
2026-03-11 09:25:00,8392.0,8404.0,8392.0,8402.0,1021.0,287143.0,287471.0
2026-03-11 09:30:00,8402.0,8408.0,8400.0,8402.0,485.0,287471.0,287502.0
2026-03-11 09:35:00,8402.0,8402.0,8394.0,8394.0,1095.0,287502.0,287631.0
2026-03-11 09:40:00,8394.0,8400.0,8392.0,8392.0,707.0,287631.0,287930.0
2026-03-11 09:45:00,8392.0,8406.0,8392.0,8400.0,745.0,287930.0,287777.0
2026-03-11 09:50:00,8400.0,8404.0,8396.0,8404.0,294.0,287777.0,287794.0
2026-03-11 09:55:00,8404.0,8406.0,8392.0,8396.0,520.0,287794.0,287865.0
2026-03-11 10:00:00,8396.0,8408.0,8394.0,8406.0,1083.0,287865.0,287878.0
2026-03-11 10:05:00,8406.0,8410.0,8398.0,8398.0,640.0,287878.0,287902.0
2026-03-11 10:10:00,8398.0,8400.0,8394.0,8396.0,422.0,287902.0,287877.0
2026-03-11 10:30:00,8402.0,8406.0,8398.0,8400.0,678.0,287877.0,287793.0
2026-03-11 10:35:00,8400.0,8406.0,8398.0,8406.0,643.0,287793.0,287816.0
2026-03-11 10:40:00,8406.0,8420.0,8404.0,8410.0,1855.0,287816.0,287527.0
2026-03-11 10:45:00,8410.0,8416.0,8406.0,8416.0,706.0,287527.0,287496.0
2026-03-11 10:50:00,8416.0,8424.0,8414.0,8418.0,1149.0,287496.0,287935.0
2026-03-11 10:55:00,8418.0,8422.0,8414.0,8416.0,957.0,287935.0,287938.0
2026-03-11 11:00:00,8416.0,8416.0,8408.0,8410.0,322.0,287938.0,287905.0
2026-03-11 11:05:00,8410.0,8410.0,8402.0,8408.0,553.0,287905.0,287869.0
2026-03-11 11:10:00,8408.0,8408.0,8400.0,8400.0,570.0,287869.0,287858.0
2026-03-11 11:15:00,8400.0,8406.0,8396.0,8404.0,479.0,287858.0,287840.0
2026-03-11 11:20:00,8404.0,8406.0,8396.0,8402.0,655.0,287840.0,287931.0
2026-03-11 11:25:00,8402.0,8414.0,8400.0,8414.0,499.0,287931.0,287845.0
2026-03-11 13:30:00,8416.0,8418.0,8404.0,8418.0,729.0,287845.0,287749.0
2026-03-11 13:35:00,8418.0,8424.0,8416.0,8420.0,1331.0,287749.0,287769.0
2026-03-11 13:40:00,8420.0,8428.0,8418.0,8424.0,640.0,287769.0,287878.0
2026-03-11 13:45:00,8424.0,8432.0,8420.0,8424.0,1108.0,287878.0,288121.0
2026-03-11 13:50:00,8424.0,8432.0,8422.0,8424.0,497.0,288121.0,288260.0
2026-03-11 13:55:00,8424.0,8434.0,8422.0,8434.0,518.0,288260.0,288359.0
2026-03-11 14:00:00,8434.0,8440.0,8430.0,8440.0,561.0,288359.0,288332.0
2026-03-11 14:05:00,8440.0,8450.0,8440.0,8448.0,1991.0,288332.0,288539.0
2026-03-11 14:10:00,8448.0,8452.0,8444.0,8448.0,1096.0,288539.0,288695.0
2026-03-11 14:15:00,8448.0,8450.0,8440.0,8446.0,898.0,288695.0,288770.0
2026-03-11 14:20:00,8446.0,8450.0,8444.0,8446.0,609.0,288770.0,288582.0
2026-03-11 14:25:00,8446.0,8456.0,8436.0,8454.0,1299.0,288582.0,288933.0
2026-03-11 14:30:00,8454.0,8464.0,8450.0,8460.0,3291.0,288933.0,287810.0
2026-03-11 14:35:00,8460.0,8474.0,8446.0,8452.0,2458.0,287810.0,287090.0
2026-03-11 14:40:00,8452.0,8466.0,8450.0,8458.0,1495.0,287090.0,286799.0
2026-03-11 14:45:00,8458.0,8458.0,8450.0,8456.0,1158.0,286799.0,286928.0
2026-03-11 14:50:00,8456.0,8470.0,8454.0,8468.0,1157.0,286928.0,287154.0
2026-03-11 14:55:00,8468.0,8468.0,8456.0,8456.0,2639.0,287154.0,287537.0
2026-03-11 21:00:00,8556.0,8558.0,8512.0,8514.0,6995.0,287537.0,288927.0
2026-03-11 21:05:00,8514.0,8542.0,8504.0,8536.0,5102.0,288927.0,288980.0
2026-03-11 21:10:00,8536.0,8538.0,8528.0,8536.0,2232.0,288980.0,289251.0
2026-03-11 21:15:00,8536.0,8542.0,8530.0,8540.0,1868.0,289251.0,289397.0
2026-03-11 21:20:00,8540.0,8540.0,8526.0,8530.0,1266.0,289397.0,289337.0
2026-03-11 21:25:00,8530.0,8536.0,8522.0,8526.0,1155.0,289337.0,289251.0
2026-03-11 21:30:00,8526.0,8530.0,8494.0,8500.0,2061.0,289251.0,289282.0
2026-03-11 21:35:00,8500.0,8508.0,8488.0,8496.0,1956.0,289282.0,289161.0
2026-03-11 21:40:00,8496.0,8514.0,8496.0,8512.0,1133.0,289161.0,289171.0
2026-03-11 21:45:00,8512.0,8516.0,8498.0,8502.0,871.0,289171.0,289108.0
2026-03-11 21:50:00,8502.0,8508.0,8490.0,8500.0,1885.0,289108.0,288948.0
2026-03-11 21:55:00,8500.0,8508.0,8486.0,8486.0,2267.0,288948.0,288950.0
2026-03-11 22:00:00,8486.0,8502.0,8484.0,8498.0,1699.0,288950.0,289053.0
2026-03-11 22:05:00,8498.0,8498.0,8486.0,8498.0,2791.0,289053.0,289450.0
2026-03-11 22:10:00,8498.0,8506.0,8490.0,8492.0,2512.0,289450.0,289701.0
2026-03-11 22:15:00,8492.0,8498.0,8488.0,8492.0,800.0,289701.0,289553.0
2026-03-11 22:20:00,8492.0,8498.0,8482.0,8496.0,1373.0,289553.0,289589.0
2026-03-11 22:25:00,8496.0,8520.0,8496.0,8516.0,1812.0,289589.0,290009.0
2026-03-11 22:30:00,8516.0,8522.0,8510.0,8516.0,1241.0,290009.0,290116.0
2026-03-11 22:35:00,8516.0,8516.0,8506.0,8512.0,914.0,290116.0,290304.0
2026-03-11 22:40:00,8512.0,8512.0,8496.0,8500.0,817.0,290304.0,290328.0
2026-03-11 22:45:00,8500.0,8510.0,8500.0,8508.0,597.0,290328.0,290243.0
2026-03-11 22:50:00,8508.0,8510.0,8496.0,8502.0,869.0,290243.0,290033.0
2026-03-11 22:55:00,8502.0,8510.0,8502.0,8504.0,740.0,290033.0,289957.0
2026-03-12 09:00:00,8530.0,8562.0,8530.0,8540.0,4622.0,289957.0,289521.0
2026-03-12 09:05:00,8540.0,8556.0,8540.0,8554.0,2409.0,289521.0,289800.0
2026-03-12 09:10:00,8554.0,8554.0,8546.0,8548.0,1385.0,289800.0,289866.0
2026-03-12 09:15:00,8548.0,8568.0,8548.0,8568.0,3099.0,289866.0,289646.0
2026-03-12 09:20:00,8568.0,8572.0,8548.0,8548.0,2165.0,289646.0,289630.0
2026-03-12 09:25:00,8548.0,8558.0,8540.0,8548.0,1397.0,289630.0,289937.0
2026-03-12 09:30:00,8548.0,8566.0,8548.0,8560.0,990.0,289937.0,289938.0
2026-03-12 09:35:00,8560.0,8574.0,8560.0,8572.0,1252.0,289938.0,290282.0
2026-03-12 09:40:00,8572.0,8588.0,8566.0,8588.0,1254.0,290282.0,290402.0
2026-03-12 09:45:00,8588.0,8588.0,8578.0,8586.0,942.0,290402.0,290576.0
2026-03-12 09:50:00,8586.0,8588.0,8580.0,8584.0,629.0,290576.0,290548.0
2026-03-12 09:55:00,8584.0,8594.0,8582.0,8588.0,706.0,290548.0,290619.0
2026-03-12 10:00:00,8588.0,8588.0,8578.0,8582.0,848.0,290619.0,290795.0
2026-03-12 10:05:00,8582.0,8594.0,8582.0,8584.0,537.0,290795.0,290833.0
2026-03-12 10:10:00,8584.0,8598.0,8584.0,8596.0,952.0,290833.0,290740.0
2026-03-12 10:30:00,8596.0,8596.0,8566.0,8582.0,4339.0,290740.0,290887.0
2026-03-12 10:35:00,8582.0,8588.0,8568.0,8586.0,1834.0,290887.0,290915.0
2026-03-12 10:40:00,8586.0,8586.0,8560.0,8572.0,1822.0,290915.0,290729.0
2026-03-12 10:45:00,8572.0,8582.0,8562.0,8580.0,1090.0,290729.0,290572.0
2026-03-12 10:50:00,8580.0,8586.0,8572.0,8576.0,758.0,290572.0,290506.0
2026-03-12 10:55:00,8576.0,8576.0,8562.0,8564.0,727.0,290506.0,290736.0
2026-03-12 11:00:00,8564.0,8576.0,8558.0,8570.0,1065.0,290736.0,290520.0
2026-03-12 11:05:00,8570.0,8578.0,8564.0,8574.0,942.0,290520.0,290489.0
2026-03-12 11:10:00,8574.0,8588.0,8574.0,8580.0,1014.0,290489.0,290166.0
2026-03-12 11:15:00,8580.0,8584.0,8572.0,8580.0,393.0,290166.0,290014.0
2026-03-12 11:20:00,8580.0,8598.0,8580.0,8588.0,854.0,290014.0,290007.0
2026-03-12 11:25:00,8588.0,8596.0,8586.0,8590.0,546.0,290007.0,290054.0
2026-03-12 13:30:00,8566.0,8566.0,8532.0,8534.0,2695.0,290054.0,290195.0
2026-03-12 13:35:00,8534.0,8542.0,8526.0,8532.0,2230.0,290195.0,290609.0
2026-03-12 13:40:00,8532.0,8534.0,8520.0,8532.0,2010.0,290609.0,290708.0
2026-03-12 13:45:00,8532.0,8554.0,8526.0,8552.0,1587.0,290708.0,290848.0
2026-03-12 13:50:00,8552.0,8562.0,8552.0,8556.0,1144.0,290848.0,290914.0
2026-03-12 13:55:00,8556.0,8558.0,8532.0,8534.0,1535.0,290914.0,290651.0
2026-03-12 14:00:00,8534.0,8542.0,8532.0,8540.0,946.0,290651.0,290453.0
2026-03-12 14:05:00,8540.0,8552.0,8538.0,8552.0,788.0,290453.0,290393.0
2026-03-12 14:10:00,8552.0,8558.0,8542.0,8556.0,1791.0,290393.0,290172.0
2026-03-12 14:15:00,8556.0,8558.0,8546.0,8554.0,946.0,290172.0,290199.0
2026-03-12 14:20:00,8554.0,8558.0,8538.0,8552.0,1652.0,290199.0,290350.0
2026-03-12 14:25:00,8552.0,8558.0,8544.0,8550.0,662.0,290350.0,290208.0
2026-03-12 14:30:00,8550.0,8560.0,8546.0,8550.0,821.0,290208.0,290129.0
2026-03-12 14:35:00,8550.0,8550.0,8538.0,8542.0,668.0,290129.0,290171.0
2026-03-12 14:40:00,8542.0,8552.0,8542.0,8546.0,611.0,290171.0,290043.0
2026-03-12 14:45:00,8546.0,8546.0,8522.0,8532.0,1809.0,290043.0,290224.0
2026-03-12 14:50:00,8532.0,8536.0,8528.0,8536.0,777.0,290224.0,290071.0
2026-03-12 14:55:00,8536.0,8546.0,8534.0,8540.0,2384.0,290071.0,289450.0
2026-03-12 21:00:00,8552.0,8580.0,8552.0,8562.0,2917.0,289450.0,289522.0
2026-03-12 21:05:00,8562.0,8566.0,8542.0,8552.0,2586.0,289522.0,289390.0
2026-03-12 21:10:00,8552.0,8558.0,8546.0,8558.0,1322.0,289390.0,289764.0
2026-03-12 21:15:00,8558.0,8566.0,8556.0,8564.0,1043.0,289764.0,289761.0
2026-03-12 21:20:00,8564.0,8584.0,8560.0,8584.0,1658.0,289761.0,289576.0
2026-03-12 21:25:00,8584.0,8584.0,8574.0,8582.0,1484.0,289576.0,289674.0
2026-03-12 21:30:00,8582.0,8592.0,8578.0,8586.0,2002.0,289674.0,289675.0
2026-03-12 21:35:00,8586.0,8588.0,8570.0,8576.0,861.0,289675.0,289713.0
2026-03-12 21:40:00,8576.0,8576.0,8564.0,8570.0,882.0,289713.0,289693.0
2026-03-12 21:45:00,8570.0,8582.0,8562.0,8572.0,765.0,289693.0,289662.0
2026-03-12 21:50:00,8572.0,8574.0,8566.0,8570.0,448.0,289662.0,289594.0
2026-03-12 21:55:00,8570.0,8582.0,8570.0,8582.0,644.0,289594.0,289613.0
2026-03-12 22:00:00,8582.0,8582.0,8572.0,8578.0,623.0,289613.0,289701.0
2026-03-12 22:05:00,8578.0,8590.0,8576.0,8580.0,979.0,289701.0,289476.0
2026-03-12 22:10:00,8580.0,8594.0,8580.0,8592.0,1557.0,289476.0,289510.0
2026-03-12 22:15:00,8592.0,8610.0,8590.0,8608.0,1230.0,289510.0,289735.0
2026-03-12 22:20:00,8608.0,8614.0,8604.0,8614.0,899.0,289735.0,289793.0
2026-03-12 22:25:00,8614.0,8614.0,8604.0,8610.0,711.0,289793.0,289894.0
2026-03-12 22:30:00,8610.0,8610.0,8592.0,8600.0,1063.0,289894.0,289699.0
2026-03-12 22:35:00,8600.0,8620.0,8596.0,8596.0,1628.0,289699.0,289783.0
2026-03-12 22:40:00,8596.0,8606.0,8596.0,8598.0,1136.0,289783.0,289959.0
2026-03-12 22:45:00,8598.0,8602.0,8586.0,8590.0,1121.0,289959.0,289939.0
2026-03-12 22:50:00,8590.0,8600.0,8588.0,8590.0,651.0,289939.0,289822.0
2026-03-12 22:55:00,8590.0,8606.0,8590.0,8604.0,1018.0,289822.0,289464.0
2026-03-13 09:00:00,8582.0,8588.0,8566.0,8586.0,2785.0,289464.0,289221.0
2026-03-13 09:05:00,8586.0,8592.0,8580.0,8584.0,572.0,289221.0,289154.0
2026-03-13 09:10:00,8584.0,8592.0,8582.0,8588.0,1556.0,289154.0,288998.0
2026-03-13 09:15:00,8588.0,8594.0,8566.0,8574.0,2184.0,288998.0,288808.0
2026-03-13 09:20:00,8574.0,8576.0,8564.0,8574.0,1492.0,288808.0,288595.0
2026-03-13 09:25:00,8574.0,8582.0,8572.0,8574.0,376.0,288595.0,288624.0
2026-03-13 09:30:00,8574.0,8598.0,8572.0,8596.0,883.0,288624.0,288738.0
2026-03-13 09:35:00,8596.0,8610.0,8594.0,8608.0,1494.0,288738.0,288788.0
2026-03-13 09:40:00,8608.0,8616.0,8604.0,8614.0,634.0,288788.0,288791.0
2026-03-13 09:45:00,8614.0,8622.0,8608.0,8614.0,1131.0,288791.0,288881.0
2026-03-13 09:50:00,8614.0,8620.0,8612.0,8612.0,687.0,288881.0,288852.0
2026-03-13 09:55:00,8612.0,8616.0,8608.0,8616.0,792.0,288852.0,288762.0
2026-03-13 10:00:00,8616.0,8626.0,8614.0,8618.0,689.0,288762.0,288774.0
2026-03-13 10:05:00,8618.0,8622.0,8610.0,8616.0,703.0,288774.0,289089.0
2026-03-13 10:10:00,8616.0,8622.0,8608.0,8618.0,1423.0,289089.0,289622.0
2026-03-13 10:30:00,8620.0,8626.0,8586.0,8600.0,1862.0,289622.0,289956.0
2026-03-13 10:35:00,8600.0,8622.0,8598.0,8620.0,1302.0,289956.0,290085.0
2026-03-13 10:40:00,8620.0,8630.0,8614.0,8620.0,1343.0,290085.0,290282.0
2026-03-13 10:45:00,8620.0,8640.0,8618.0,8638.0,2194.0,290282.0,290758.0
2026-03-13 10:50:00,8638.0,8652.0,8624.0,8648.0,2846.0,290758.0,290979.0
2026-03-13 10:55:00,8648.0,8650.0,8630.0,8634.0,2846.0,290979.0,291706.0
2026-03-13 11:00:00,8634.0,8640.0,8626.0,8638.0,1069.0,291706.0,292039.0
2026-03-13 11:05:00,8638.0,8642.0,8620.0,8628.0,1183.0,292039.0,292547.0
2026-03-13 11:10:00,8628.0,8640.0,8628.0,8630.0,1852.0,292547.0,293220.0
2026-03-13 11:15:00,8630.0,8636.0,8618.0,8622.0,1260.0,293220.0,293637.0
2026-03-13 11:20:00,8622.0,8628.0,8614.0,8614.0,1097.0,293637.0,293490.0
2026-03-13 11:25:00,8614.0,8624.0,8612.0,8616.0,963.0,293490.0,293312.0
2026-03-13 13:30:00,8608.0,8616.0,8592.0,8614.0,2511.0,293312.0,293120.0
2026-03-13 13:35:00,8614.0,8620.0,8612.0,8616.0,953.0,293120.0,293099.0
2026-03-13 13:40:00,8616.0,8624.0,8614.0,8618.0,1036.0,293099.0,293189.0
2026-03-13 13:45:00,8618.0,8620.0,8596.0,8610.0,3107.0,293189.0,293190.0
2026-03-13 13:50:00,8610.0,8610.0,8592.0,8596.0,1370.0,293190.0,292960.0
2026-03-13 13:55:00,8596.0,8596.0,8574.0,8582.0,2376.0,292960.0,292598.0
2026-03-13 14:00:00,8582.0,8588.0,8568.0,8572.0,1802.0,292598.0,292616.0
2026-03-13 14:05:00,8572.0,8572.0,8558.0,8564.0,1923.0,292616.0,292754.0
2026-03-13 14:10:00,8564.0,8568.0,8552.0,8564.0,1988.0,292754.0,292712.0
2026-03-13 14:15:00,8564.0,8568.0,8554.0,8556.0,1771.0,292712.0,292964.0
2026-03-13 14:20:00,8556.0,8560.0,8546.0,8554.0,2805.0,292964.0,293439.0
2026-03-13 14:25:00,8554.0,8576.0,8552.0,8568.0,1811.0,293439.0,293705.0
2026-03-13 14:30:00,8568.0,8578.0,8558.0,8558.0,1820.0,293705.0,293635.0
2026-03-13 14:35:00,8558.0,8566.0,8554.0,8556.0,1293.0,293635.0,293601.0
2026-03-13 14:40:00,8556.0,8564.0,8546.0,8564.0,2592.0,293601.0,293972.0
2026-03-13 14:45:00,8564.0,8576.0,8562.0,8576.0,1685.0,293972.0,293679.0
2026-03-13 14:50:00,8576.0,8582.0,8568.0,8576.0,3182.0,293679.0,293454.0
2026-03-13 14:55:00,8576.0,8592.0,8576.0,8576.0,3851.0,293454.0,293473.0
2026-03-13 21:00:00,8560.0,8582.0,8546.0,8580.0,2905.0,293473.0,293991.0
2026-03-13 21:05:00,8580.0,8590.0,8574.0,8588.0,2541.0,293991.0,293885.0
2026-03-13 21:10:00,8588.0,8602.0,8588.0,8600.0,1889.0,293885.0,294143.0
2026-03-13 21:15:00,8600.0,8600.0,8590.0,8594.0,963.0,294143.0,294011.0
2026-03-13 21:20:00,8594.0,8598.0,8580.0,8580.0,1246.0,294011.0,294019.0
2026-03-13 21:25:00,8580.0,8582.0,8564.0,8564.0,1749.0,294019.0,294147.0
2026-03-13 21:30:00,8564.0,8574.0,8560.0,8570.0,2252.0,294147.0,294416.0
2026-03-13 21:35:00,8570.0,8572.0,8556.0,8566.0,1703.0,294416.0,294567.0
2026-03-13 21:40:00,8566.0,8580.0,8564.0,8578.0,1646.0,294567.0,294891.0
2026-03-13 21:45:00,8578.0,8580.0,8572.0,8580.0,2027.0,294891.0,295417.0
2026-03-13 21:50:00,8580.0,8592.0,8576.0,8588.0,1341.0,295417.0,295340.0
2026-03-13 21:55:00,8588.0,8602.0,8586.0,8602.0,2038.0,295340.0,295587.0
2026-03-13 22:00:00,8602.0,8602.0,8590.0,8590.0,1147.0,295587.0,295578.0
2026-03-13 22:05:00,8590.0,8614.0,8588.0,8612.0,2032.0,295578.0,295533.0
2026-03-13 22:10:00,8612.0,8624.0,8612.0,8616.0,1976.0,295533.0,295912.0
2026-03-13 22:15:00,8616.0,8630.0,8612.0,8630.0,1391.0,295912.0,295668.0
2026-03-13 22:20:00,8630.0,8630.0,8594.0,8598.0,2504.0,295668.0,295161.0
2026-03-13 22:25:00,8598.0,8610.0,8592.0,8598.0,1341.0,295161.0,295170.0
2026-03-13 22:30:00,8598.0,8606.0,8598.0,8602.0,750.0,295170.0,295067.0
2026-03-13 22:35:00,8602.0,8616.0,8598.0,8612.0,740.0,295067.0,295098.0
2026-03-13 22:40:00,8612.0,8622.0,8612.0,8616.0,1880.0,295098.0,295658.0
2026-03-13 22:45:00,8616.0,8624.0,8614.0,8620.0,1445.0,295658.0,295786.0
2026-03-13 22:50:00,8620.0,8628.0,8614.0,8628.0,535.0,295786.0,295634.0
2026-03-13 22:55:00,8628.0,8634.0,8620.0,8624.0,1840.0,295634.0,295645.0
2026-03-16 09:00:00,8596.0,8624.0,8556.0,8616.0,8747.0,295645.0,296658.0
2026-03-16 09:05:00,8616.0,8622.0,8590.0,8602.0,6063.0,296658.0,295577.0
2026-03-16 09:10:00,8602.0,8632.0,8600.0,8614.0,4416.0,295577.0,296052.0
2026-03-16 09:15:00,8614.0,8622.0,8600.0,8622.0,5401.0,296052.0,296144.0
2026-03-16 09:20:00,8622.0,8628.0,8606.0,8624.0,2489.0,296144.0,296375.0
2026-03-16 09:25:00,8624.0,8640.0,8622.0,8634.0,1706.0,296375.0,296426.0
2026-03-16 09:30:00,8634.0,8634.0,8616.0,8628.0,1803.0,296426.0,296666.0
2026-03-16 09:35:00,8628.0,8634.0,8618.0,8622.0,1902.0,296666.0,297069.0
2026-03-16 09:40:00,8622.0,8630.0,8614.0,8628.0,2206.0,297069.0,297487.0
2026-03-16 09:45:00,8628.0,8638.0,8628.0,8630.0,1370.0,297487.0,297666.0
2026-03-16 09:50:00,8630.0,8632.0,8614.0,8626.0,2554.0,297666.0,298835.0
2026-03-16 09:55:00,8626.0,8632.0,8618.0,8630.0,3325.0,298835.0,298716.0
2026-03-16 10:00:00,8630.0,8646.0,8628.0,8642.0,2058.0,298716.0,298064.0
2026-03-16 10:05:00,8642.0,8642.0,8612.0,8622.0,2008.0,298064.0,297822.0
2026-03-16 10:10:00,8622.0,8640.0,8620.0,8632.0,2176.0,297822.0,297394.0
2026-03-16 10:30:00,8632.0,8644.0,8624.0,8636.0,1697.0,297394.0,297418.0
2026-03-16 10:35:00,8636.0,8636.0,8622.0,8628.0,974.0,297418.0,297324.0
2026-03-16 10:40:00,8628.0,8644.0,8628.0,8638.0,1321.0,297324.0,297238.0
2026-03-16 10:45:00,8638.0,8644.0,8632.0,8636.0,914.0,297238.0,297285.0
2026-03-16 10:50:00,8636.0,8656.0,8634.0,8650.0,1332.0,297285.0,297256.0
2026-03-16 10:55:00,8650.0,8652.0,8622.0,8630.0,1202.0,297256.0,297028.0
2026-03-16 11:00:00,8630.0,8632.0,8618.0,8620.0,2093.0,297028.0,296525.0
2026-03-16 11:05:00,8620.0,8628.0,8616.0,8626.0,972.0,296525.0,296548.0
2026-03-16 11:10:00,8626.0,8650.0,8624.0,8642.0,1761.0,296548.0,296854.0
2026-03-16 11:15:00,8642.0,8644.0,8626.0,8630.0,1197.0,296854.0,296478.0
2026-03-16 11:20:00,8630.0,8652.0,8624.0,8652.0,1438.0,296478.0,296524.0
2026-03-16 11:25:00,8652.0,8656.0,8646.0,8652.0,1656.0,296524.0,296293.0
2026-03-16 13:30:00,8654.0,8670.0,8652.0,8654.0,2480.0,296293.0,296981.0
2026-03-16 13:35:00,8654.0,8656.0,8642.0,8642.0,1545.0,296981.0,297126.0
2026-03-16 13:40:00,8642.0,8650.0,8634.0,8644.0,3878.0,297126.0,297485.0
2026-03-16 13:45:00,8644.0,8648.0,8634.0,8644.0,3212.0,297485.0,298903.0
2026-03-16 13:50:00,8644.0,8648.0,8638.0,8644.0,2799.0,298903.0,299356.0
2026-03-16 13:55:00,8644.0,8648.0,8640.0,8642.0,1937.0,299356.0,299424.0
2026-03-16 14:00:00,8642.0,8648.0,8638.0,8646.0,1837.0,299424.0,299154.0
2026-03-16 14:05:00,8646.0,8662.0,8646.0,8660.0,2778.0,299154.0,299239.0
2026-03-16 14:10:00,8660.0,8678.0,8658.0,8676.0,2527.0,299239.0,300249.0
2026-03-16 14:15:00,8676.0,8678.0,8666.0,8670.0,1110.0,300249.0,300440.0
2026-03-16 14:20:00,8670.0,8674.0,8668.0,8668.0,654.0,300440.0,300639.0
2026-03-16 14:25:00,8668.0,8678.0,8656.0,8658.0,2288.0,300639.0,300807.0
2026-03-16 14:30:00,8658.0,8666.0,8654.0,8666.0,1110.0,300807.0,300921.0
2026-03-16 14:35:00,8666.0,8668.0,8660.0,8662.0,712.0,300921.0,300815.0
2026-03-16 14:40:00,8662.0,8668.0,8660.0,8664.0,1397.0,300815.0,300229.0
2026-03-16 14:45:00,8664.0,8668.0,8658.0,8660.0,1058.0,300229.0,300165.0
2026-03-16 14:50:00,8660.0,8664.0,8656.0,8658.0,898.0,300165.0,300377.0
2026-03-16 14:55:00,8658.0,8660.0,8648.0,8652.0,2821.0,300377.0,299176.0
2026-03-16 21:00:00,8598.0,8614.0,8570.0,8598.0,6429.0,299176.0,299649.0
2026-03-16 21:05:00,8598.0,8612.0,8596.0,8600.0,1926.0,299649.0,300015.0
2026-03-16 21:10:00,8600.0,8612.0,8600.0,8606.0,1280.0,300015.0,300131.0
2026-03-16 21:15:00,8606.0,8610.0,8594.0,8600.0,1130.0,300131.0,300165.0
2026-03-16 21:20:00,8600.0,8604.0,8592.0,8592.0,736.0,300165.0,300211.0
2026-03-16 21:25:00,8592.0,8594.0,8576.0,8576.0,1760.0,300211.0,299957.0
2026-03-16 21:30:00,8576.0,8578.0,8562.0,8570.0,2378.0,299957.0,300110.0
2026-03-16 21:35:00,8570.0,8586.0,8564.0,8586.0,1711.0,300110.0,299926.0
2026-03-16 21:40:00,8586.0,8594.0,8582.0,8584.0,1575.0,299926.0,300200.0
2026-03-16 21:45:00,8584.0,8584.0,8560.0,8564.0,1971.0,300200.0,300254.0
2026-03-16 21:50:00,8564.0,8564.0,8542.0,8548.0,3439.0,300254.0,300211.0
2026-03-16 21:55:00,8548.0,8548.0,8516.0,8536.0,4241.0,300211.0,300119.0
2026-03-16 22:00:00,8536.0,8550.0,8534.0,8544.0,2014.0,300119.0,300389.0
2026-03-16 22:05:00,8544.0,8548.0,8532.0,8534.0,1262.0,300389.0,300153.0
2026-03-16 22:10:00,8534.0,8548.0,8532.0,8546.0,1403.0,300153.0,300187.0
2026-03-16 22:15:00,8546.0,8556.0,8546.0,8548.0,1572.0,300187.0,300744.0
2026-03-16 22:20:00,8548.0,8562.0,8548.0,8554.0,837.0,300744.0,300807.0
2026-03-16 22:25:00,8554.0,8556.0,8548.0,8552.0,1075.0,300807.0,300907.0
2026-03-16 22:30:00,8552.0,8568.0,8550.0,8566.0,1533.0,300907.0,300686.0
2026-03-16 22:35:00,8566.0,8570.0,8560.0,8564.0,450.0,300686.0,300566.0
2026-03-16 22:40:00,8564.0,8570.0,8562.0,8566.0,1336.0,300566.0,300417.0
2026-03-16 22:45:00,8566.0,8568.0,8548.0,8552.0,2072.0,300417.0,301134.0
2026-03-16 22:50:00,8552.0,8558.0,8548.0,8550.0,807.0,301134.0,301220.0
2026-03-16 22:55:00,8550.0,8568.0,8550.0,8562.0,1192.0,301220.0,301025.0
2026-03-17 09:00:00,8530.0,8546.0,8524.0,8546.0,3752.0,301025.0,300940.0
2026-03-17 09:05:00,8546.0,8552.0,8538.0,8548.0,1681.0,300940.0,301290.0
2026-03-17 09:10:00,8548.0,8550.0,8534.0,8538.0,1916.0,301290.0,301654.0
2026-03-17 09:15:00,8538.0,8540.0,8502.0,8508.0,4256.0,301654.0,301478.0
2026-03-17 09:20:00,8508.0,8516.0,8498.0,8500.0,2262.0,301478.0,301317.0
2026-03-17 09:25:00,8500.0,8518.0,8492.0,8516.0,2741.0,301317.0,301310.0
2026-03-17 09:30:00,8516.0,8526.0,8514.0,8524.0,1646.0,301310.0,301894.0
2026-03-17 09:35:00,8524.0,8534.0,8522.0,8534.0,1770.0,301894.0,302556.0
2026-03-17 09:40:00,8534.0,8540.0,8530.0,8538.0,1596.0,302556.0,302915.0
2026-03-17 09:45:00,8538.0,8544.0,8536.0,8538.0,1266.0,302915.0,303424.0
2026-03-17 09:50:00,8538.0,8552.0,8538.0,8546.0,1837.0,303424.0,303681.0
2026-03-17 09:55:00,8546.0,8556.0,8546.0,8548.0,642.0,303681.0,303853.0
2026-03-17 10:00:00,8548.0,8554.0,8546.0,8554.0,415.0,303853.0,303879.0
2026-03-17 10:05:00,8554.0,8560.0,8544.0,8544.0,1400.0,303879.0,304209.0
2026-03-17 10:10:00,8544.0,8550.0,8544.0,8548.0,410.0,304209.0,304178.0
2026-03-17 10:30:00,8548.0,8552.0,8538.0,8542.0,1228.0,304178.0,304302.0
2026-03-17 10:35:00,8542.0,8548.0,8540.0,8544.0,448.0,304302.0,304205.0
2026-03-17 10:40:00,8544.0,8548.0,8540.0,8542.0,440.0,304205.0,304114.0
2026-03-17 10:45:00,8542.0,8548.0,8538.0,8542.0,662.0,304114.0,303859.0
2026-03-17 10:50:00,8542.0,8550.0,8540.0,8546.0,562.0,303859.0,303954.0
2026-03-17 10:55:00,8546.0,8550.0,8542.0,8542.0,774.0,303954.0,303666.0
2026-03-17 11:00:00,8542.0,8542.0,8518.0,8522.0,1873.0,303666.0,303341.0
2026-03-17 11:05:00,8522.0,8522.0,8506.0,8506.0,1890.0,303341.0,303443.0
2026-03-17 11:10:00,8506.0,8524.0,8506.0,8518.0,649.0,303443.0,303546.0
2026-03-17 11:15:00,8518.0,8522.0,8514.0,8522.0,1125.0,303546.0,303649.0
2026-03-17 11:20:00,8522.0,8530.0,8520.0,8526.0,274.0,303649.0,303665.0
2026-03-17 11:25:00,8526.0,8530.0,8520.0,8524.0,716.0,303665.0,303548.0
2026-03-17 13:30:00,8522.0,8522.0,8504.0,8508.0,1818.0,303548.0,303553.0
2026-03-17 13:35:00,8508.0,8528.0,8506.0,8528.0,1547.0,303553.0,303861.0
2026-03-17 13:40:00,8528.0,8532.0,8522.0,8528.0,1485.0,303861.0,303856.0
2026-03-17 13:45:00,8528.0,8540.0,8528.0,8540.0,1321.0,303856.0,304327.0
2026-03-17 13:50:00,8540.0,8548.0,8538.0,8546.0,958.0,304327.0,304294.0
2026-03-17 13:55:00,8546.0,8546.0,8540.0,8540.0,901.0,304294.0,304391.0
2026-03-17 14:00:00,8540.0,8544.0,8536.0,8538.0,1139.0,304391.0,304330.0
2026-03-17 14:05:00,8538.0,8544.0,8534.0,8542.0,1350.0,304330.0,304959.0
2026-03-17 14:10:00,8542.0,8546.0,8530.0,8532.0,725.0,304959.0,304788.0
2026-03-17 14:15:00,8532.0,8540.0,8526.0,8530.0,753.0,304788.0,304773.0
2026-03-17 14:20:00,8530.0,8532.0,8528.0,8530.0,468.0,304773.0,304799.0
2026-03-17 14:25:00,8530.0,8532.0,8526.0,8526.0,1208.0,304799.0,305163.0
2026-03-17 14:30:00,8526.0,8540.0,8520.0,8534.0,945.0,305163.0,305454.0
2026-03-17 14:35:00,8534.0,8538.0,8528.0,8530.0,563.0,305454.0,305404.0
2026-03-17 14:40:00,8530.0,8546.0,8530.0,8542.0,945.0,305404.0,305574.0
2026-03-17 14:45:00,8542.0,8544.0,8538.0,8544.0,548.0,305574.0,305541.0
2026-03-17 14:50:00,8544.0,8548.0,8540.0,8546.0,1333.0,305541.0,305844.0
2026-03-17 14:55:00,8546.0,8550.0,8542.0,8546.0,2661.0,305844.0,305295.0
2026-03-17 21:00:00,8584.0,8586.0,8554.0,8558.0,4325.0,305295.0,305617.0
2026-03-17 21:05:00,8558.0,8562.0,8540.0,8544.0,1859.0,305617.0,305388.0
2026-03-17 21:10:00,8544.0,8550.0,8534.0,8546.0,1739.0,305388.0,305234.0
2026-03-17 21:15:00,8546.0,8556.0,8544.0,8552.0,759.0,305234.0,305224.0
2026-03-17 21:20:00,8552.0,8560.0,8550.0,8558.0,529.0,305224.0,305290.0
2026-03-17 21:25:00,8558.0,8560.0,8552.0,8552.0,495.0,305290.0,305261.0
2026-03-17 21:30:00,8552.0,8554.0,8546.0,8550.0,1206.0,305261.0,305527.0
2026-03-17 21:35:00,8550.0,8558.0,8544.0,8548.0,1270.0,305527.0,305801.0
2026-03-17 21:40:00,8548.0,8550.0,8534.0,8540.0,735.0,305801.0,305950.0
2026-03-17 21:45:00,8540.0,8544.0,8530.0,8542.0,931.0,305950.0,305737.0
2026-03-17 21:50:00,8542.0,8548.0,8540.0,8546.0,633.0,305737.0,305822.0
2026-03-17 21:55:00,8546.0,8548.0,8530.0,8538.0,702.0,305822.0,305838.0
2026-03-17 22:00:00,8538.0,8548.0,8536.0,8538.0,1491.0,305838.0,305275.0
2026-03-17 22:05:00,8538.0,8546.0,8530.0,8540.0,1128.0,305275.0,304795.0
2026-03-17 22:10:00,8540.0,8560.0,8538.0,8560.0,826.0,304795.0,304565.0
2026-03-17 22:15:00,8560.0,8564.0,8552.0,8554.0,1016.0,304565.0,304734.0
2026-03-17 22:20:00,8554.0,8558.0,8550.0,8554.0,402.0,304734.0,304754.0
2026-03-17 22:25:00,8554.0,8558.0,8544.0,8544.0,1035.0,304754.0,304741.0
2026-03-17 22:30:00,8544.0,8550.0,8540.0,8542.0,522.0,304741.0,304610.0
2026-03-17 22:35:00,8542.0,8546.0,8540.0,8544.0,664.0,304610.0,304680.0
2026-03-17 22:40:00,8544.0,8548.0,8534.0,8538.0,886.0,304680.0,304758.0
2026-03-17 22:45:00,8538.0,8540.0,8528.0,8532.0,528.0,304758.0,304688.0
2026-03-17 22:50:00,8532.0,8538.0,8530.0,8536.0,924.0,304688.0,304930.0
2026-03-17 22:55:00,8536.0,8536.0,8526.0,8528.0,1508.0,304930.0,304989.0
2026-03-18 09:00:00,8518.0,8548.0,8504.0,8530.0,2411.0,304989.0,304947.0
2026-03-18 09:05:00,8530.0,8542.0,8526.0,8532.0,1035.0,304947.0,305105.0
2026-03-18 09:10:00,8532.0,8544.0,8532.0,8542.0,612.0,305105.0,305138.0
2026-03-18 09:15:00,8542.0,8554.0,8538.0,8550.0,1364.0,305138.0,305341.0
2026-03-18 09:20:00,8550.0,8562.0,8546.0,8556.0,1637.0,305341.0,304928.0
2026-03-18 09:25:00,8556.0,8556.0,8546.0,8548.0,863.0,304928.0,304890.0
2026-03-18 09:30:00,8548.0,8560.0,8548.0,8548.0,1073.0,304890.0,304960.0
2026-03-18 09:35:00,8548.0,8548.0,8528.0,8530.0,1725.0,304960.0,304495.0
2026-03-18 09:40:00,8530.0,8532.0,8520.0,8532.0,1032.0,304495.0,304442.0
2026-03-18 09:45:00,8532.0,8534.0,8514.0,8518.0,984.0,304442.0,304706.0
2026-03-18 09:50:00,8518.0,8522.0,8506.0,8514.0,1403.0,304706.0,304694.0
2026-03-18 09:55:00,8514.0,8514.0,8498.0,8508.0,1693.0,304694.0,304538.0
2026-03-18 10:00:00,8508.0,8518.0,8504.0,8512.0,1240.0,304538.0,304554.0
2026-03-18 10:05:00,8512.0,8512.0,8500.0,8506.0,886.0,304554.0,304580.0
2026-03-18 10:10:00,8506.0,8512.0,8504.0,8512.0,767.0,304580.0,304495.0
2026-03-18 10:30:00,8502.0,8510.0,8496.0,8502.0,1520.0,304495.0,304466.0
2026-03-18 10:35:00,8502.0,8512.0,8500.0,8506.0,730.0,304466.0,304676.0
2026-03-18 10:40:00,8506.0,8516.0,8502.0,8510.0,1632.0,304676.0,304773.0
2026-03-18 10:45:00,8510.0,8518.0,8502.0,8502.0,1180.0,304773.0,304457.0
2026-03-18 10:50:00,8502.0,8504.0,8484.0,8494.0,3770.0,304457.0,305139.0
2026-03-18 10:55:00,8494.0,8502.0,8488.0,8502.0,568.0,305139.0,305217.0
2026-03-18 11:00:00,8502.0,8506.0,8492.0,8494.0,763.0,305217.0,305237.0
2026-03-18 11:05:00,8494.0,8504.0,8492.0,8500.0,861.0,305237.0,305562.0
2026-03-18 11:10:00,8500.0,8506.0,8490.0,8492.0,434.0,305562.0,305568.0
2026-03-18 11:15:00,8492.0,8496.0,8478.0,8486.0,1630.0,305568.0,305544.0
2026-03-18 11:20:00,8486.0,8488.0,8468.0,8470.0,1510.0,305544.0,305708.0
2026-03-18 11:25:00,8470.0,8474.0,8466.0,8470.0,812.0,305708.0,305711.0
2026-03-18 13:30:00,8454.0,8464.0,8448.0,8450.0,2894.0,305711.0,305443.0
2026-03-18 13:35:00,8450.0,8460.0,8446.0,8454.0,1128.0,305443.0,305472.0
2026-03-18 13:40:00,8454.0,8462.0,8452.0,8460.0,545.0,305472.0,305400.0
2026-03-18 13:45:00,8460.0,8462.0,8456.0,8460.0,715.0,305400.0,305347.0
2026-03-18 13:50:00,8460.0,8462.0,8448.0,8454.0,769.0,305347.0,305346.0
2026-03-18 13:55:00,8454.0,8456.0,8448.0,8452.0,746.0,305346.0,305323.0
2026-03-18 14:00:00,8452.0,8480.0,8452.0,8474.0,2010.0,305323.0,304875.0
2026-03-18 14:05:00,8474.0,8478.0,8464.0,8464.0,619.0,304875.0,304733.0
2026-03-18 14:10:00,8464.0,8468.0,8460.0,8464.0,586.0,304733.0,304590.0
2026-03-18 14:15:00,8464.0,8464.0,8454.0,8456.0,763.0,304590.0,304641.0
2026-03-18 14:20:00,8456.0,8456.0,8446.0,8452.0,1534.0,304641.0,305042.0
2026-03-18 14:25:00,8452.0,8458.0,8448.0,8454.0,603.0,305042.0,305155.0
2026-03-18 14:30:00,8454.0,8458.0,8442.0,8448.0,1180.0,305155.0,305091.0
2026-03-18 14:35:00,8448.0,8460.0,8446.0,8458.0,974.0,305091.0,304993.0
2026-03-18 14:40:00,8458.0,8462.0,8456.0,8460.0,469.0,304993.0,304978.0
2026-03-18 14:45:00,8460.0,8464.0,8458.0,8458.0,540.0,304978.0,305003.0
2026-03-18 14:50:00,8458.0,8466.0,8456.0,8458.0,517.0,305003.0,304959.0
2026-03-18 14:55:00,8458.0,8464.0,8452.0,8452.0,1460.0,304959.0,305097.0
2026-03-18 21:00:00,8500.0,8530.0,8500.0,8508.0,6227.0,305097.0,305512.0
2026-03-18 21:05:00,8508.0,8522.0,8498.0,8518.0,1988.0,305512.0,305734.0
2026-03-18 21:10:00,8518.0,8522.0,8508.0,8514.0,1284.0,305734.0,305884.0
2026-03-18 21:15:00,8514.0,8518.0,8502.0,8504.0,1395.0,305884.0,306242.0
2026-03-18 21:20:00,8504.0,8512.0,8500.0,8504.0,1237.0,306242.0,306504.0
2026-03-18 21:25:00,8504.0,8516.0,8500.0,8516.0,1147.0,306504.0,306555.0
2026-03-18 21:30:00,8516.0,8526.0,8502.0,8506.0,2752.0,306555.0,306596.0
2026-03-18 21:35:00,8506.0,8506.0,8498.0,8504.0,1847.0,306596.0,306734.0
2026-03-18 21:40:00,8504.0,8520.0,8496.0,8516.0,1059.0,306734.0,306585.0
2026-03-18 21:45:00,8516.0,8516.0,8506.0,8512.0,864.0,306585.0,306630.0
2026-03-18 21:50:00,8512.0,8514.0,8504.0,8514.0,1728.0,306630.0,307476.0
2026-03-18 21:55:00,8514.0,8522.0,8512.0,8522.0,1693.0,307476.0,307115.0
2026-03-18 22:00:00,8522.0,8526.0,8506.0,8508.0,1338.0,307115.0,307011.0
2026-03-18 22:05:00,8508.0,8512.0,8498.0,8510.0,1374.0,307011.0,307015.0
2026-03-18 22:10:00,8510.0,8520.0,8508.0,8516.0,1057.0,307015.0,307214.0
2026-03-18 22:15:00,8516.0,8524.0,8514.0,8522.0,1667.0,307214.0,307497.0
2026-03-18 22:20:00,8522.0,8528.0,8518.0,8524.0,1888.0,307497.0,307909.0
2026-03-18 22:25:00,8524.0,8526.0,8520.0,8526.0,761.0,307909.0,308026.0
2026-03-18 22:30:00,8526.0,8528.0,8514.0,8528.0,1051.0,308026.0,308424.0
2026-03-18 22:35:00,8528.0,8536.0,8522.0,8532.0,1744.0,308424.0,308762.0
2026-03-18 22:40:00,8532.0,8542.0,8530.0,8540.0,1008.0,308762.0,308671.0
2026-03-18 22:45:00,8540.0,8546.0,8536.0,8540.0,1308.0,308671.0,308734.0
2026-03-18 22:50:00,8540.0,8544.0,8536.0,8540.0,1705.0,308734.0,309164.0
2026-03-18 22:55:00,8540.0,8542.0,8532.0,8536.0,1896.0,309164.0,309479.0
2026-03-19 09:00:00,8538.0,8570.0,8538.0,8564.0,6216.0,309479.0,309679.0
2026-03-19 09:05:00,8564.0,8570.0,8556.0,8560.0,1437.0,309679.0,309950.0
2026-03-19 09:10:00,8560.0,8572.0,8560.0,8566.0,3203.0,309950.0,310827.0
2026-03-19 09:15:00,8566.0,8574.0,8556.0,8560.0,2475.0,310827.0,310941.0
2026-03-19 09:20:00,8560.0,8562.0,8548.0,8552.0,2015.0,310941.0,311318.0
2026-03-19 09:25:00,8552.0,8558.0,8540.0,8544.0,1594.0,311318.0,311130.0
2026-03-19 09:30:00,8544.0,8550.0,8542.0,8550.0,1066.0,311130.0,311441.0
2026-03-19 09:35:00,8550.0,8556.0,8540.0,8546.0,1392.0,311441.0,311878.0
2026-03-19 09:40:00,8546.0,8548.0,8536.0,8548.0,989.0,311878.0,311732.0
2026-03-19 09:45:00,8548.0,8556.0,8546.0,8554.0,1384.0,311732.0,312252.0
2026-03-19 09:50:00,8554.0,8558.0,8554.0,8554.0,561.0,312252.0,312417.0
2026-03-19 09:55:00,8554.0,8564.0,8546.0,8562.0,1470.0,312417.0,312871.0
2026-03-19 10:00:00,8562.0,8578.0,8562.0,8578.0,1617.0,312871.0,313123.0
2026-03-19 10:05:00,8578.0,8584.0,8556.0,8564.0,2094.0,313123.0,313451.0
2026-03-19 10:10:00,8564.0,8566.0,8556.0,8560.0,1051.0,313451.0,313533.0
2026-03-19 10:30:00,8558.0,8560.0,8538.0,8538.0,1995.0,313533.0,313469.0
2026-03-19 10:35:00,8538.0,8546.0,8530.0,8530.0,2358.0,313469.0,313310.0
2026-03-19 10:40:00,8530.0,8540.0,8526.0,8536.0,1103.0,313310.0,313373.0
2026-03-19 10:45:00,8536.0,8542.0,8528.0,8532.0,726.0,313373.0,313293.0
2026-03-19 10:50:00,8532.0,8536.0,8526.0,8526.0,597.0,313293.0,313200.0
2026-03-19 10:55:00,8526.0,8540.0,8526.0,8536.0,468.0,313200.0,313274.0
2026-03-19 11:00:00,8536.0,8544.0,8534.0,8542.0,468.0,313274.0,313224.0
2026-03-19 11:05:00,8542.0,8562.0,8536.0,8552.0,1433.0,313224.0,312939.0
2026-03-19 11:10:00,8552.0,8556.0,8542.0,8548.0,824.0,312939.0,312858.0
2026-03-19 11:15:00,8548.0,8554.0,8546.0,8548.0,521.0,312858.0,312897.0
2026-03-19 11:20:00,8548.0,8552.0,8540.0,8546.0,905.0,312897.0,312849.0
2026-03-19 11:25:00,8546.0,8550.0,8542.0,8550.0,300.0,312849.0,312803.0
2026-03-19 13:30:00,8546.0,8554.0,8538.0,8540.0,1410.0,312803.0,313031.0
2026-03-19 13:35:00,8540.0,8550.0,8538.0,8548.0,376.0,313031.0,312949.0
2026-03-19 13:40:00,8548.0,8548.0,8538.0,8544.0,362.0,312949.0,312915.0
2026-03-19 13:45:00,8544.0,8548.0,8536.0,8538.0,893.0,312915.0,312921.0
2026-03-19 13:50:00,8538.0,8544.0,8536.0,8538.0,849.0,312921.0,312842.0
2026-03-19 13:55:00,8538.0,8540.0,8532.0,8532.0,1090.0,312842.0,312428.0
2026-03-19 14:00:00,8532.0,8548.0,8532.0,8548.0,704.0,312428.0,312438.0
2026-03-19 14:05:00,8548.0,8548.0,8536.0,8538.0,591.0,312438.0,312407.0
2026-03-19 14:10:00,8538.0,8540.0,8532.0,8536.0,644.0,312407.0,312386.0
2026-03-19 14:15:00,8536.0,8538.0,8532.0,8536.0,780.0,312386.0,312475.0
2026-03-19 14:20:00,8536.0,8538.0,8528.0,8528.0,721.0,312475.0,312422.0
2026-03-19 14:25:00,8528.0,8536.0,8528.0,8534.0,954.0,312422.0,312308.0
2026-03-19 14:30:00,8534.0,8540.0,8530.0,8540.0,1320.0,312308.0,312872.0
2026-03-19 14:35:00,8540.0,8544.0,8532.0,8536.0,1135.0,312872.0,313263.0
2026-03-19 14:40:00,8536.0,8538.0,8524.0,8524.0,1281.0,313263.0,313185.0
2026-03-19 14:45:00,8524.0,8528.0,8514.0,8522.0,2367.0,313185.0,313694.0
2026-03-19 14:50:00,8522.0,8538.0,8522.0,8534.0,1400.0,313694.0,313271.0
2026-03-19 14:55:00,8534.0,8538.0,8530.0,8530.0,1420.0,313271.0,313072.0
2026-03-19 21:00:00,8522.0,8540.0,8518.0,8530.0,2684.0,313072.0,313019.0
2026-03-19 21:05:00,8530.0,8538.0,8516.0,8520.0,1275.0,313019.0,312978.0
2026-03-19 21:10:00,8520.0,8524.0,8502.0,8502.0,2027.0,312978.0,312943.0
2026-03-19 21:15:00,8502.0,8506.0,8478.0,8482.0,3783.0,312943.0,313107.0
2026-03-19 21:20:00,8482.0,8502.0,8470.0,8496.0,3327.0,313107.0,312510.0
2026-03-19 21:25:00,8496.0,8502.0,8494.0,8500.0,629.0,312510.0,312520.0
2026-03-19 21:30:00,8500.0,8516.0,8498.0,8514.0,2576.0,312520.0,312074.0
2026-03-19 21:35:00,8514.0,8522.0,8508.0,8512.0,2285.0,312074.0,311455.0
2026-03-19 21:40:00,8512.0,8520.0,8508.0,8514.0,1253.0,311455.0,311545.0
2026-03-19 21:45:00,8514.0,8514.0,8502.0,8508.0,901.0,311545.0,311678.0
2026-03-19 21:50:00,8508.0,8512.0,8496.0,8506.0,946.0,311678.0,311772.0
2026-03-19 21:55:00,8506.0,8516.0,8506.0,8510.0,688.0,311772.0,311692.0
2026-03-19 22:00:00,8510.0,8520.0,8508.0,8518.0,879.0,311692.0,311964.0
2026-03-19 22:05:00,8518.0,8524.0,8504.0,8504.0,1213.0,311964.0,311791.0
2026-03-19 22:10:00,8504.0,8508.0,8492.0,8498.0,1376.0,311791.0,311816.0
2026-03-19 22:15:00,8498.0,8500.0,8492.0,8494.0,676.0,311816.0,311810.0
2026-03-19 22:20:00,8494.0,8510.0,8490.0,8504.0,591.0,311810.0,311787.0
2026-03-19 22:25:00,8504.0,8508.0,8502.0,8506.0,239.0,311787.0,311765.0
2026-03-19 22:30:00,8506.0,8506.0,8498.0,8504.0,513.0,311765.0,311641.0
2026-03-19 22:35:00,8504.0,8516.0,8504.0,8512.0,1260.0,311641.0,312041.0
2026-03-19 22:40:00,8512.0,8518.0,8502.0,8502.0,1030.0,312041.0,311686.0
2026-03-19 22:45:00,8502.0,8510.0,8502.0,8508.0,465.0,311686.0,311737.0
2026-03-19 22:50:00,8508.0,8512.0,8502.0,8504.0,714.0,311737.0,311585.0
2026-03-19 22:55:00,8504.0,8510.0,8504.0,8504.0,481.0,311585.0,311566.0
2026-03-20 09:00:00,8506.0,8506.0,8482.0,8500.0,2805.0,311566.0,311303.0
2026-03-20 09:05:00,8500.0,8500.0,8488.0,8490.0,1081.0,311303.0,311274.0
2026-03-20 09:10:00,8490.0,8500.0,8480.0,8486.0,1486.0,311274.0,311026.0
2026-03-20 09:15:00,8486.0,8490.0,8480.0,8482.0,1332.0,311026.0,310806.0
2026-03-20 09:20:00,8482.0,8490.0,8476.0,8484.0,1115.0,310806.0,310873.0
2026-03-20 09:25:00,8484.0,8488.0,8478.0,8486.0,1212.0,310873.0,310944.0
2026-03-20 09:30:00,8486.0,8490.0,8478.0,8484.0,1097.0,310944.0,311003.0
2026-03-20 09:35:00,8484.0,8500.0,8484.0,8494.0,889.0,311003.0,311189.0
2026-03-20 09:40:00,8494.0,8498.0,8488.0,8496.0,499.0,311189.0,311160.0
2026-03-20 09:45:00,8496.0,8500.0,8490.0,8492.0,799.0,311160.0,311423.0
2026-03-20 09:50:00,8492.0,8502.0,8488.0,8500.0,740.0,311423.0,311370.0
2026-03-20 09:55:00,8500.0,8502.0,8494.0,8496.0,516.0,311370.0,311379.0
2026-03-20 10:00:00,8496.0,8508.0,8494.0,8506.0,910.0,311379.0,311023.0
2026-03-20 10:05:00,8506.0,8506.0,8500.0,8504.0,227.0,311023.0,310981.0
2026-03-20 10:10:00,8504.0,8518.0,8504.0,8514.0,770.0,310981.0,311223.0
2026-03-20 10:30:00,8516.0,8524.0,8516.0,8522.0,991.0,311223.0,311314.0
2026-03-20 10:35:00,8522.0,8524.0,8516.0,8518.0,362.0,311314.0,311320.0
2026-03-20 10:40:00,8518.0,8518.0,8506.0,8508.0,475.0,311320.0,311303.0
2026-03-20 10:45:00,8508.0,8518.0,8504.0,8518.0,608.0,311303.0,311519.0
2026-03-20 10:50:00,8518.0,8518.0,8512.0,8512.0,198.0,311519.0,311515.0
2026-03-20 10:55:00,8512.0,8518.0,8512.0,8516.0,419.0,311515.0,311530.0
2026-03-20 11:00:00,8516.0,8526.0,8514.0,8524.0,687.0,311530.0,311633.0
2026-03-20 11:05:00,8524.0,8526.0,8520.0,8524.0,252.0,311633.0,311538.0
2026-03-20 11:10:00,8524.0,8526.0,8520.0,8524.0,273.0,311538.0,311470.0
2026-03-20 11:15:00,8524.0,8530.0,8524.0,8530.0,708.0,311470.0,311444.0
2026-03-20 11:20:00,8530.0,8556.0,8530.0,8554.0,1330.0,311444.0,311711.0
2026-03-20 11:25:00,8554.0,8562.0,8550.0,8558.0,1984.0,311711.0,311784.0
2026-03-20 13:30:00,8564.0,8566.0,8550.0,8558.0,1790.0,311784.0,311920.0
2026-03-20 13:35:00,8558.0,8558.0,8550.0,8550.0,498.0,311920.0,311772.0
2026-03-20 13:40:00,8550.0,8558.0,8548.0,8556.0,575.0,311772.0,311848.0
2026-03-20 13:45:00,8556.0,8558.0,8548.0,8558.0,1766.0,311848.0,312396.0
2026-03-20 13:50:00,8558.0,8564.0,8556.0,8560.0,1247.0,312396.0,312499.0
2026-03-20 13:55:00,8560.0,8560.0,8550.0,8554.0,827.0,312499.0,312122.0
2026-03-20 14:00:00,8554.0,8566.0,8554.0,8566.0,1190.0,312122.0,312310.0
2026-03-20 14:05:00,8566.0,8568.0,8562.0,8564.0,1058.0,312310.0,312527.0
2026-03-20 14:10:00,8564.0,8570.0,8564.0,8570.0,1316.0,312527.0,312856.0
2026-03-20 14:15:00,8570.0,8574.0,8566.0,8572.0,1526.0,312856.0,312966.0
2026-03-20 14:20:00,8572.0,8574.0,8566.0,8566.0,926.0,312966.0,313203.0
2026-03-20 14:25:00,8566.0,8570.0,8564.0,8570.0,796.0,313203.0,313241.0
2026-03-20 14:30:00,8570.0,8570.0,8560.0,8564.0,599.0,313241.0,313029.0
2026-03-20 14:35:00,8564.0,8564.0,8558.0,8560.0,550.0,313029.0,313189.0
2026-03-20 14:40:00,8560.0,8560.0,8552.0,8556.0,685.0,313189.0,313263.0
2026-03-20 14:45:00,8556.0,8558.0,8540.0,8548.0,1046.0,313263.0,313263.0
2026-03-20 14:50:00,8548.0,8556.0,8546.0,8552.0,1310.0,313263.0,313656.0
2026-03-20 14:55:00,8552.0,8554.0,8548.0,8548.0,1382.0,313656.0,313190.0
2026-03-20 21:00:00,8556.0,8564.0,8542.0,8554.0,1963.0,313190.0,313644.0
2026-03-20 21:05:00,8554.0,8570.0,8554.0,8570.0,1601.0,313644.0,313864.0
2026-03-20 21:10:00,8570.0,8578.0,8566.0,8574.0,1847.0,313864.0,314230.0
2026-03-20 21:15:00,8574.0,8574.0,8568.0,8570.0,942.0,314230.0,314517.0
2026-03-20 21:20:00,8570.0,8572.0,8556.0,8570.0,1386.0,314517.0,314836.0
2026-03-20 21:25:00,8570.0,8576.0,8566.0,8576.0,993.0,314836.0,315094.0
2026-03-20 21:30:00,8576.0,8580.0,8562.0,8570.0,2372.0,315094.0,315587.0
2026-03-20 21:35:00,8570.0,8588.0,8568.0,8574.0,2188.0,315587.0,316015.0
2026-03-20 21:40:00,8574.0,8584.0,8568.0,8578.0,1077.0,316015.0,316422.0
2026-03-20 21:45:00,8578.0,8592.0,8574.0,8582.0,1930.0,316422.0,316508.0
2026-03-20 21:50:00,8582.0,8584.0,8566.0,8570.0,1264.0,316508.0,316824.0
2026-03-20 21:55:00,8570.0,8580.0,8566.0,8578.0,1240.0,316824.0,317332.0
2026-03-20 22:00:00,8578.0,8578.0,8554.0,8556.0,1775.0,317332.0,317444.0
2026-03-20 22:05:00,8556.0,8560.0,8548.0,8556.0,926.0,317444.0,317258.0
2026-03-20 22:10:00,8556.0,8558.0,8550.0,8554.0,726.0,317258.0,317361.0
2026-03-20 22:15:00,8554.0,8558.0,8540.0,8548.0,1109.0,317361.0,317353.0
2026-03-20 22:20:00,8548.0,8552.0,8534.0,8540.0,1585.0,317353.0,317326.0
2026-03-20 22:25:00,8540.0,8540.0,8526.0,8534.0,2164.0,317326.0,317579.0
2026-03-20 22:30:00,8534.0,8554.0,8534.0,8546.0,841.0,317579.0,317512.0
2026-03-20 22:35:00,8546.0,8556.0,8542.0,8546.0,1197.0,317512.0,318007.0
2026-03-20 22:40:00,8546.0,8552.0,8542.0,8546.0,764.0,318007.0,318330.0
2026-03-20 22:45:00,8546.0,8550.0,8542.0,8546.0,639.0,318330.0,318608.0
2026-03-20 22:50:00,8546.0,8548.0,8538.0,8546.0,1376.0,318608.0,318983.0
2026-03-20 22:55:00,8546.0,8556.0,8542.0,8554.0,1495.0,318983.0,318925.0
2026-03-23 09:00:00,8530.0,8566.0,8528.0,8554.0,5041.0,318925.0,319709.0
2026-03-23 09:05:00,8554.0,8562.0,8550.0,8554.0,1895.0,319709.0,320141.0
2026-03-23 09:10:00,8554.0,8560.0,8548.0,8556.0,1143.0,320141.0,320463.0
2026-03-23 09:15:00,8556.0,8562.0,8552.0,8560.0,1910.0,320463.0,321348.0
2026-03-23 09:20:00,8560.0,8564.0,8556.0,8562.0,2101.0,321348.0,322562.0
2026-03-23 09:25:00,8562.0,8570.0,8560.0,8562.0,1234.0,322562.0,322804.0
2026-03-23 09:30:00,8562.0,8572.0,8560.0,8566.0,1766.0,322804.0,322856.0
2026-03-23 09:35:00,8566.0,8570.0,8560.0,8566.0,1008.0,322856.0,323039.0
2026-03-23 09:40:00,8566.0,8588.0,8564.0,8584.0,1683.0,323039.0,323363.0
2026-03-23 09:45:00,8584.0,8602.0,8580.0,8596.0,3021.0,323363.0,324344.0
2026-03-23 09:50:00,8596.0,8604.0,8590.0,8598.0,2152.0,324344.0,324841.0
2026-03-23 09:55:00,8598.0,8614.0,8594.0,8602.0,2985.0,324841.0,325746.0
2026-03-23 10:00:00,8602.0,8608.0,8592.0,8604.0,983.0,325746.0,325806.0
2026-03-23 10:05:00,8604.0,8610.0,8576.0,8576.0,2108.0,325806.0,325773.0
2026-03-23 10:10:00,8576.0,8592.0,8576.0,8580.0,1799.0,325773.0,325501.0
2026-03-23 10:30:00,8582.0,8592.0,8580.0,8588.0,839.0,325501.0,325454.0
2026-03-23 10:35:00,8588.0,8602.0,8588.0,8600.0,700.0,325454.0,325556.0
2026-03-23 10:40:00,8600.0,8602.0,8594.0,8598.0,462.0,325556.0,325618.0
2026-03-23 10:45:00,8598.0,8600.0,8592.0,8598.0,333.0,325618.0,325684.0
2026-03-23 10:50:00,8598.0,8604.0,8594.0,8598.0,1164.0,325684.0,326083.0
2026-03-23 10:55:00,8598.0,8620.0,8598.0,8618.0,1731.0,326083.0,326586.0
2026-03-23 11:00:00,8618.0,8646.0,8618.0,8646.0,4196.0,326586.0,327605.0
2026-03-23 11:05:00,8646.0,8646.0,8632.0,8632.0,1513.0,327605.0,328152.0
2026-03-23 11:10:00,8632.0,8638.0,8620.0,8626.0,976.0,328152.0,328081.0
2026-03-23 11:15:00,8626.0,8632.0,8624.0,8626.0,793.0,328081.0,328071.0
2026-03-23 11:20:00,8626.0,8634.0,8626.0,8634.0,474.0,328071.0,328209.0
2026-03-23 11:25:00,8634.0,8652.0,8634.0,8652.0,2502.0,328209.0,328880.0
2026-03-23 13:30:00,8644.0,8650.0,8634.0,8650.0,2594.0,328880.0,329204.0
2026-03-23 13:35:00,8650.0,8658.0,8640.0,8642.0,2203.0,329204.0,329800.0
2026-03-23 13:40:00,8642.0,8650.0,8640.0,8648.0,776.0,329800.0,329718.0
2026-03-23 13:45:00,8648.0,8648.0,8638.0,8638.0,391.0,329718.0,329746.0
2026-03-23 13:50:00,8638.0,8640.0,8628.0,8632.0,1170.0,329746.0,329553.0
2026-03-23 13:55:00,8632.0,8644.0,8630.0,8640.0,782.0,329553.0,329463.0
2026-03-23 14:00:00,8640.0,8642.0,8636.0,8640.0,631.0,329463.0,329415.0
2026-03-23 14:05:00,8640.0,8650.0,8640.0,8650.0,966.0,329415.0,329665.0
2026-03-23 14:10:00,8650.0,8652.0,8640.0,8650.0,577.0,329665.0,329629.0
2026-03-23 14:15:00,8650.0,8672.0,8650.0,8662.0,1915.0,329629.0,330238.0
2026-03-23 14:20:00,8662.0,8662.0,8648.0,8658.0,845.0,330238.0,330316.0
2026-03-23 14:25:00,8658.0,8658.0,8646.0,8654.0,1150.0,330316.0,330625.0
2026-03-23 14:30:00,8654.0,8662.0,8648.0,8660.0,976.0,330625.0,330780.0
2026-03-23 14:35:00,8660.0,8666.0,8658.0,8660.0,1135.0,330780.0,331177.0
2026-03-23 14:40:00,8660.0,8662.0,8650.0,8654.0,508.0,331177.0,331178.0
2026-03-23 14:45:00,8654.0,8654.0,8644.0,8652.0,965.0,331178.0,331193.0
2026-03-23 14:50:00,8652.0,8662.0,8648.0,8660.0,1429.0,331193.0,331440.0
2026-03-23 14:55:00,8660.0,8672.0,8660.0,8666.0,2218.0,331440.0,331150.0
2026-03-23 21:00:00,8580.0,8588.0,8474.0,8518.0,16940.0,331150.0,329273.0
2026-03-23 21:05:00,8518.0,8528.0,8504.0,8514.0,6495.0,329273.0,328810.0
2026-03-23 21:10:00,8514.0,8528.0,8510.0,8516.0,3441.0,328810.0,328110.0
2026-03-23 21:15:00,8516.0,8530.0,8512.0,8526.0,2136.0,328110.0,328399.0
2026-03-23 21:20:00,8526.0,8542.0,8520.0,8528.0,3260.0,328399.0,328563.0
2026-03-23 21:25:00,8528.0,8536.0,8526.0,8534.0,1264.0,328563.0,328794.0
2026-03-23 21:30:00,8534.0,8544.0,8530.0,8542.0,1356.0,328794.0,328775.0
2026-03-23 21:35:00,8542.0,8550.0,8520.0,8522.0,2424.0,328775.0,328894.0
2026-03-23 21:40:00,8522.0,8528.0,8514.0,8524.0,1835.0,328894.0,329060.0
2026-03-23 21:45:00,8524.0,8530.0,8520.0,8522.0,1215.0,329060.0,328956.0
2026-03-23 21:50:00,8522.0,8530.0,8512.0,8520.0,1486.0,328956.0,329188.0
2026-03-23 21:55:00,8520.0,8532.0,8520.0,8522.0,1687.0,329188.0,329295.0
2026-03-23 22:00:00,8522.0,8526.0,8498.0,8500.0,2685.0,329295.0,329840.0
2026-03-23 22:05:00,8500.0,8502.0,8486.0,8498.0,2575.0,329840.0,329872.0
2026-03-23 22:10:00,8498.0,8498.0,8488.0,8496.0,1272.0,329872.0,330030.0
2026-03-23 22:15:00,8496.0,8508.0,8492.0,8494.0,1389.0,330030.0,329542.0
2026-03-23 22:20:00,8494.0,8500.0,8488.0,8488.0,656.0,329542.0,329366.0
2026-03-23 22:25:00,8488.0,8512.0,8488.0,8510.0,2071.0,329366.0,329333.0
2026-03-23 22:30:00,8510.0,8518.0,8510.0,8518.0,993.0,329333.0,329058.0
2026-03-23 22:35:00,8518.0,8520.0,8512.0,8518.0,1053.0,329058.0,328682.0
2026-03-23 22:40:00,8518.0,8530.0,8518.0,8530.0,686.0,328682.0,328584.0
2026-03-23 22:45:00,8530.0,8530.0,8520.0,8522.0,1012.0,328584.0,328351.0
2026-03-23 22:50:00,8522.0,8526.0,8512.0,8512.0,1047.0,328351.0,327870.0
2026-03-23 22:55:00,8512.0,8518.0,8508.0,8518.0,998.0,327870.0,327893.0
2026-03-24 09:00:00,8542.0,8572.0,8540.0,8570.0,4968.0,327893.0,328589.0
2026-03-24 09:05:00,8570.0,8576.0,8562.0,8574.0,1750.0,328589.0,328520.0
2026-03-24 09:10:00,8574.0,8578.0,8568.0,8574.0,1304.0,328520.0,328681.0
2026-03-24 09:15:00,8574.0,8576.0,8568.0,8574.0,745.0,328681.0,328826.0
2026-03-24 09:20:00,8574.0,8584.0,8568.0,8582.0,2011.0,328826.0,329394.0
2026-03-24 09:25:00,8582.0,8582.0,8568.0,8570.0,1134.0,329394.0,329444.0
2026-03-24 09:30:00,8570.0,8570.0,8556.0,8562.0,1814.0,329444.0,328799.0
2026-03-24 09:35:00,8562.0,8570.0,8560.0,8568.0,585.0,328799.0,328843.0
2026-03-24 09:40:00,8568.0,8584.0,8568.0,8578.0,1100.0,328843.0,329216.0
2026-03-24 09:45:00,8578.0,8590.0,8576.0,8582.0,1191.0,329216.0,329581.0
2026-03-24 09:50:00,8582.0,8588.0,8578.0,8586.0,1307.0,329581.0,330012.0
2026-03-24 09:55:00,8586.0,8586.0,8578.0,8580.0,520.0,330012.0,330172.0
2026-03-24 10:00:00,8580.0,8598.0,8578.0,8598.0,1190.0,330172.0,330453.0
2026-03-24 10:05:00,8598.0,8602.0,8592.0,8600.0,875.0,330453.0,330720.0
2026-03-24 10:10:00,8600.0,8602.0,8594.0,8600.0,459.0,330720.0,330808.0
2026-03-24 10:30:00,8600.0,8606.0,8594.0,8604.0,1277.0,330808.0,331024.0
2026-03-24 10:35:00,8604.0,8606.0,8592.0,8594.0,522.0,331024.0,330999.0
2026-03-24 10:40:00,8594.0,8594.0,8578.0,8580.0,1058.0,330999.0,331307.0
2026-03-24 10:45:00,8580.0,8584.0,8572.0,8582.0,1216.0,331307.0,331207.0
2026-03-24 10:50:00,8582.0,8588.0,8580.0,8584.0,383.0,331207.0,331235.0
2026-03-24 10:55:00,8584.0,8584.0,8572.0,8576.0,400.0,331235.0,331129.0
2026-03-24 11:00:00,8576.0,8584.0,8576.0,8580.0,415.0,331129.0,331252.0
2026-03-24 11:05:00,8580.0,8580.0,8574.0,8580.0,674.0,331252.0,331595.0
2026-03-24 11:10:00,8580.0,8586.0,8580.0,8582.0,387.0,331595.0,331708.0
2026-03-24 11:15:00,8582.0,8586.0,8576.0,8582.0,366.0,331708.0,331730.0
2026-03-24 11:20:00,8582.0,8594.0,8582.0,8592.0,846.0,331730.0,331821.0
2026-03-24 11:25:00,8592.0,8592.0,8580.0,8582.0,359.0,331821.0,331793.0
2026-03-24 13:30:00,8588.0,8592.0,8584.0,8588.0,1033.0,331793.0,331855.0
2026-03-24 13:35:00,8588.0,8590.0,8588.0,8588.0,307.0,331855.0,331901.0
2026-03-24 13:40:00,8588.0,8590.0,8584.0,8586.0,1118.0,331901.0,332439.0
2026-03-24 13:45:00,8586.0,8590.0,8584.0,8588.0,519.0,332439.0,332446.0
2026-03-24 13:50:00,8588.0,8588.0,8580.0,8582.0,652.0,332446.0,332403.0
2026-03-24 13:55:00,8582.0,8582.0,8566.0,8566.0,1186.0,332403.0,332600.0
2026-03-24 14:00:00,8566.0,8568.0,8540.0,8546.0,2161.0,332600.0,332292.0
2026-03-24 14:05:00,8546.0,8558.0,8546.0,8552.0,1124.0,332292.0,332491.0
2026-03-24 14:10:00,8552.0,8552.0,8544.0,8550.0,835.0,332491.0,332464.0
2026-03-24 14:15:00,8550.0,8552.0,8542.0,8550.0,1118.0,332464.0,332418.0
2026-03-24 14:20:00,8550.0,8550.0,8532.0,8532.0,1155.0,332418.0,332177.0
2026-03-24 14:25:00,8532.0,8534.0,8520.0,8534.0,1644.0,332177.0,331946.0
2026-03-24 14:30:00,8534.0,8538.0,8522.0,8528.0,1526.0,331946.0,332036.0
2026-03-24 14:35:00,8528.0,8536.0,8524.0,8536.0,834.0,332036.0,331972.0
2026-03-24 14:40:00,8536.0,8542.0,8532.0,8540.0,659.0,331972.0,332135.0
2026-03-24 14:45:00,8540.0,8542.0,8538.0,8540.0,647.0,332135.0,332207.0
2026-03-24 14:50:00,8540.0,8542.0,8530.0,8534.0,1325.0,332207.0,332535.0
2026-03-24 14:55:00,8534.0,8538.0,8530.0,8532.0,1956.0,332535.0,332095.0
2026-03-24 21:00:00,8516.0,8540.0,8516.0,8528.0,3557.0,332095.0,331602.0
2026-03-24 21:05:00,8528.0,8536.0,8526.0,8536.0,800.0,331602.0,331706.0
2026-03-24 21:10:00,8536.0,8538.0,8528.0,8530.0,912.0,331706.0,331940.0
2026-03-24 21:15:00,8530.0,8536.0,8528.0,8536.0,702.0,331940.0,332254.0
2026-03-24 21:20:00,8536.0,8540.0,8534.0,8540.0,1633.0,332254.0,333095.0
2026-03-24 21:25:00,8540.0,8542.0,8538.0,8542.0,691.0,333095.0,333299.0
2026-03-24 21:30:00,8542.0,8544.0,8534.0,8538.0,2199.0,333299.0,333525.0
2026-03-24 21:35:00,8538.0,8540.0,8532.0,8534.0,770.0,333525.0,333659.0
2026-03-24 21:40:00,8534.0,8542.0,8526.0,8542.0,968.0,333659.0,333756.0
2026-03-24 21:45:00,8542.0,8550.0,8538.0,8544.0,2226.0,333756.0,333700.0
2026-03-24 21:50:00,8544.0,8552.0,8540.0,8546.0,1399.0,333700.0,333973.0
2026-03-24 21:55:00,8546.0,8560.0,8546.0,8556.0,1700.0,333973.0,334132.0
2026-03-24 22:00:00,8556.0,8556.0,8542.0,8548.0,1452.0,334132.0,334314.0
2026-03-24 22:05:00,8548.0,8548.0,8530.0,8536.0,1662.0,334314.0,334244.0
2026-03-24 22:10:00,8536.0,8538.0,8524.0,8528.0,1512.0,334244.0,334153.0
2026-03-24 22:15:00,8528.0,8532.0,8522.0,8530.0,651.0,334153.0,334233.0
2026-03-24 22:20:00,8530.0,8530.0,8520.0,8524.0,1062.0,334233.0,334290.0
2026-03-24 22:25:00,8524.0,8526.0,8516.0,8520.0,867.0,334290.0,334316.0
2026-03-24 22:30:00,8520.0,8526.0,8518.0,8522.0,464.0,334316.0,334307.0
2026-03-24 22:35:00,8522.0,8528.0,8516.0,8522.0,2278.0,334307.0,334999.0
2026-03-24 22:40:00,8522.0,8532.0,8514.0,8516.0,2807.0,334999.0,335052.0
2026-03-24 22:45:00,8516.0,8516.0,8506.0,8510.0,2770.0,335052.0,335516.0
2026-03-24 22:50:00,8510.0,8514.0,8500.0,8502.0,2481.0,335516.0,335961.0
2026-03-24 22:55:00,8502.0,8508.0,8498.0,8504.0,1348.0,335961.0,335940.0
2026-03-25 09:00:00,8470.0,8472.0,8442.0,8458.0,10656.0,335940.0,334684.0
2026-03-25 09:05:00,8458.0,8470.0,8454.0,8464.0,4341.0,334684.0,334583.0
2026-03-25 09:10:00,8464.0,8474.0,8458.0,8472.0,3217.0,334583.0,335182.0
2026-03-25 09:15:00,8472.0,8474.0,8464.0,8464.0,1832.0,335182.0,335352.0
2026-03-25 09:20:00,8464.0,8472.0,8460.0,8472.0,992.0,335352.0,335418.0
2026-03-25 09:25:00,8472.0,8472.0,8460.0,8466.0,1916.0,335418.0,335711.0
2026-03-25 09:30:00,8466.0,8470.0,8462.0,8464.0,961.0,335711.0,335702.0
2026-03-25 09:35:00,8464.0,8468.0,8454.0,8466.0,2643.0,335702.0,336498.0
2026-03-25 09:40:00,8466.0,8474.0,8464.0,8466.0,1849.0,336498.0,337208.0
2026-03-25 09:45:00,8466.0,8470.0,8460.0,8464.0,3331.0,337208.0,336668.0
2026-03-25 09:50:00,8464.0,8472.0,8458.0,8472.0,1156.0,336668.0,336821.0
2026-03-25 09:55:00,8472.0,8474.0,8466.0,8468.0,687.0,336821.0,336991.0
2026-03-25 10:00:00,8468.0,8472.0,8466.0,8470.0,610.0,336991.0,337014.0
2026-03-25 10:05:00,8470.0,8478.0,8468.0,8476.0,1303.0,337014.0,337281.0
2026-03-25 10:10:00,8476.0,8480.0,8474.0,8476.0,1131.0,337281.0,337327.0
2026-03-25 10:30:00,8478.0,8488.0,8476.0,8484.0,1544.0,337327.0,337314.0
2026-03-25 10:35:00,8484.0,8486.0,8476.0,8480.0,779.0,337314.0,337333.0
2026-03-25 10:40:00,8480.0,8494.0,8480.0,8492.0,1052.0,337333.0,337244.0
2026-03-25 10:45:00,8492.0,8494.0,8484.0,8488.0,1177.0,337244.0,337295.0
2026-03-25 10:50:00,8488.0,8488.0,8480.0,8486.0,930.0,337295.0,337471.0
2026-03-25 10:55:00,8486.0,8494.0,8486.0,8492.0,522.0,337471.0,337577.0
2026-03-25 11:00:00,8492.0,8492.0,8480.0,8482.0,966.0,337577.0,337494.0
2026-03-25 11:05:00,8482.0,8484.0,8472.0,8474.0,661.0,337494.0,337511.0
2026-03-25 11:10:00,8474.0,8480.0,8464.0,8464.0,1049.0,337511.0,337178.0
2026-03-25 11:15:00,8464.0,8472.0,8462.0,8472.0,565.0,337178.0,337112.0
2026-03-25 11:20:00,8472.0,8478.0,8468.0,8474.0,481.0,337112.0,337240.0
2026-03-25 11:25:00,8474.0,8476.0,8466.0,8476.0,278.0,337240.0,337198.0
2026-03-25 13:30:00,8484.0,8492.0,8480.0,8490.0,1613.0,337198.0,337567.0
2026-03-25 13:35:00,8490.0,8494.0,8484.0,8490.0,1066.0,337567.0,337785.0
2026-03-25 13:40:00,8490.0,8492.0,8480.0,8482.0,783.0,337785.0,337788.0
2026-03-25 13:45:00,8482.0,8486.0,8478.0,8484.0,312.0,337788.0,337839.0
2026-03-25 13:50:00,8484.0,8488.0,8484.0,8488.0,310.0,337839.0,337843.0
2026-03-25 13:55:00,8488.0,8490.0,8486.0,8486.0,673.0,337843.0,338124.0
2026-03-25 14:00:00,8486.0,8494.0,8486.0,8492.0,1066.0,338124.0,338058.0
2026-03-25 14:05:00,8492.0,8500.0,8490.0,8498.0,901.0,338058.0,338497.0
2026-03-25 14:10:00,8498.0,8498.0,8492.0,8496.0,760.0,338497.0,338168.0
2026-03-25 14:15:00,8496.0,8496.0,8486.0,8488.0,517.0,338168.0,338087.0
2026-03-25 14:20:00,8488.0,8488.0,8480.0,8480.0,634.0,338087.0,338100.0
2026-03-25 14:25:00,8480.0,8486.0,8478.0,8486.0,459.0,338100.0,338012.0
2026-03-25 14:30:00,8486.0,8494.0,8484.0,8492.0,857.0,338012.0,337873.0
2026-03-25 14:35:00,8492.0,8496.0,8486.0,8490.0,742.0,337873.0,337961.0
2026-03-25 14:40:00,8490.0,8496.0,8488.0,8492.0,369.0,337961.0,338051.0
2026-03-25 14:45:00,8492.0,8496.0,8488.0,8492.0,301.0,338051.0,338108.0
2026-03-25 14:50:00,8492.0,8494.0,8484.0,8488.0,561.0,338108.0,338053.0
2026-03-25 14:55:00,8488.0,8488.0,8480.0,8480.0,1211.0,338053.0,337768.0
2026-03-25 21:00:00,8514.0,8514.0,8478.0,8478.0,3258.0,337768.0,337632.0
2026-03-25 21:05:00,8478.0,8486.0,8476.0,8482.0,713.0,337632.0,337569.0
2026-03-25 21:10:00,8482.0,8488.0,8476.0,8484.0,1004.0,337569.0,337610.0
2026-03-25 21:15:00,8484.0,8492.0,8482.0,8488.0,1141.0,337610.0,337558.0
2026-03-25 21:20:00,8488.0,8492.0,8486.0,8486.0,713.0,337558.0,337204.0
2026-03-25 21:25:00,8486.0,8492.0,8484.0,8488.0,1264.0,337204.0,337171.0
2026-03-25 21:30:00,8488.0,8494.0,8482.0,8494.0,960.0,337171.0,337369.0
2026-03-25 21:35:00,8494.0,8500.0,8490.0,8492.0,797.0,337369.0,337401.0
2026-03-25 21:40:00,8492.0,8496.0,8482.0,8492.0,493.0,337401.0,337366.0
2026-03-25 21:45:00,8492.0,8496.0,8488.0,8490.0,574.0,337366.0,337315.0
2026-03-25 21:50:00,8490.0,8502.0,8490.0,8494.0,1151.0,337315.0,337118.0
2026-03-25 21:55:00,8494.0,8498.0,8490.0,8498.0,767.0,337118.0,337313.0
2026-03-25 22:00:00,8498.0,8498.0,8486.0,8492.0,1154.0,337313.0,337300.0
2026-03-25 22:05:00,8492.0,8496.0,8490.0,8494.0,588.0,337300.0,337459.0
2026-03-25 22:10:00,8494.0,8500.0,8494.0,8500.0,256.0,337459.0,337472.0
2026-03-25 22:15:00,8500.0,8500.0,8494.0,8498.0,654.0,337472.0,337589.0
2026-03-25 22:20:00,8498.0,8506.0,8494.0,8506.0,792.0,337589.0,337631.0
2026-03-25 22:25:00,8506.0,8506.0,8496.0,8498.0,684.0,337631.0,337781.0
2026-03-25 22:30:00,8498.0,8502.0,8492.0,8500.0,693.0,337781.0,337987.0
2026-03-25 22:35:00,8500.0,8502.0,8496.0,8498.0,430.0,337987.0,338077.0
2026-03-25 22:40:00,8498.0,8502.0,8498.0,8502.0,285.0,338077.0,338167.0
2026-03-25 22:45:00,8502.0,8508.0,8500.0,8506.0,1101.0,338167.0,338173.0
2026-03-25 22:50:00,8506.0,8514.0,8504.0,8510.0,1862.0,338173.0,338239.0
2026-03-25 22:55:00,8510.0,8514.0,8506.0,8512.0,1473.0,338239.0,338217.0
2026-03-26 09:00:00,8550.0,8554.0,8530.0,8532.0,6468.0,338217.0,338750.0
2026-03-26 09:05:00,8532.0,8540.0,8530.0,8532.0,2259.0,338750.0,338434.0
2026-03-26 09:10:00,8532.0,8540.0,8532.0,8538.0,943.0,338434.0,338737.0
2026-03-26 09:15:00,8538.0,8544.0,8534.0,8544.0,929.0,338737.0,338862.0
2026-03-26 09:20:00,8544.0,8548.0,8540.0,8546.0,1897.0,338862.0,339565.0
2026-03-26 09:25:00,8546.0,8558.0,8542.0,8554.0,3655.0,339565.0,340571.0
2026-03-26 09:30:00,8554.0,8554.0,8546.0,8550.0,1559.0,340571.0,341093.0
2026-03-26 09:35:00,8550.0,8556.0,8548.0,8554.0,2096.0,341093.0,341596.0
2026-03-26 09:40:00,8554.0,8566.0,8550.0,8564.0,3324.0,341596.0,342322.0
2026-03-26 09:45:00,8564.0,8564.0,8554.0,8556.0,2143.0,342322.0,342990.0
2026-03-26 09:50:00,8556.0,8558.0,8548.0,8554.0,2544.0,342990.0,343218.0
2026-03-26 09:55:00,8554.0,8558.0,8550.0,8554.0,954.0,343218.0,343337.0
2026-03-26 10:00:00,8554.0,8554.0,8542.0,8546.0,1087.0,343337.0,343745.0
2026-03-26 10:05:00,8546.0,8550.0,8542.0,8546.0,809.0,343745.0,343690.0
2026-03-26 10:10:00,8546.0,8546.0,8540.0,8544.0,1310.0,343690.0,343944.0
2026-03-26 10:30:00,8542.0,8558.0,8542.0,8554.0,2369.0,343944.0,344555.0
2026-03-26 10:35:00,8554.0,8568.0,8554.0,8564.0,2982.0,344555.0,345626.0
2026-03-26 10:40:00,8564.0,8576.0,8562.0,8568.0,2412.0,345626.0,346563.0
2026-03-26 10:45:00,8568.0,8574.0,8564.0,8570.0,2522.0,346563.0,346753.0
2026-03-26 10:50:00,8570.0,8586.0,8568.0,8584.0,2238.0,346753.0,347131.0
2026-03-26 10:55:00,8584.0,8590.0,8578.0,8580.0,2065.0,347131.0,347402.0
2026-03-26 11:00:00,8580.0,8584.0,8572.0,8574.0,1169.0,347402.0,347431.0
2026-03-26 11:05:00,8574.0,8578.0,8570.0,8574.0,2668.0,347431.0,348339.0
2026-03-26 11:10:00,8574.0,8576.0,8564.0,8568.0,1417.0,348339.0,348750.0
2026-03-26 11:15:00,8568.0,8570.0,8564.0,8568.0,745.0,348750.0,349010.0
2026-03-26 11:20:00,8568.0,8572.0,8562.0,8570.0,704.0,349010.0,349130.0
2026-03-26 11:25:00,8570.0,8574.0,8566.0,8574.0,1078.0,349130.0,349296.0
2026-03-26 13:30:00,8578.0,8584.0,8572.0,8580.0,2019.0,349296.0,349848.0
2026-03-26 13:35:00,8580.0,8582.0,8572.0,8576.0,855.0,349848.0,349934.0
2026-03-26 13:40:00,8576.0,8582.0,8572.0,8578.0,700.0,349934.0,350179.0
2026-03-26 13:45:00,8578.0,8584.0,8576.0,8582.0,854.0,350179.0,350041.0
2026-03-26 13:50:00,8582.0,8582.0,8576.0,8582.0,883.0,350041.0,350305.0
2026-03-26 13:55:00,8582.0,8586.0,8578.0,8584.0,923.0,350305.0,350521.0
2026-03-26 14:00:00,8584.0,8588.0,8578.0,8582.0,1767.0,350521.0,351188.0
2026-03-26 14:05:00,8582.0,8586.0,8574.0,8576.0,865.0,351188.0,351498.0
2026-03-26 14:10:00,8576.0,8578.0,8572.0,8578.0,960.0,351498.0,351821.0
2026-03-26 14:15:00,8578.0,8586.0,8578.0,8586.0,2235.0,351821.0,352901.0
2026-03-26 14:20:00,8586.0,8588.0,8578.0,8586.0,1366.0,352901.0,353313.0
2026-03-26 14:25:00,8586.0,8588.0,8580.0,8588.0,1419.0,353313.0,353808.0
2026-03-26 14:30:00,8588.0,8596.0,8586.0,8588.0,2008.0,353808.0,354070.0
2026-03-26 14:35:00,8588.0,8588.0,8578.0,8578.0,2301.0,354070.0,354226.0
2026-03-26 14:40:00,8578.0,8588.0,8578.0,8588.0,946.0,354226.0,354399.0
2026-03-26 14:45:00,8588.0,8592.0,8586.0,8590.0,1035.0,354399.0,354864.0
2026-03-26 14:50:00,8590.0,8598.0,8588.0,8594.0,1485.0,354864.0,355206.0
2026-03-26 14:55:00,8594.0,8598.0,8588.0,8588.0,3405.0,355206.0,355404.0
2026-03-26 21:00:00,8612.0,8628.0,8612.0,8624.0,5178.0,355404.0,356213.0
2026-03-26 21:05:00,8624.0,8634.0,8616.0,8618.0,2608.0,356213.0,356617.0
2026-03-26 21:10:00,8618.0,8618.0,8608.0,8610.0,2498.0,356617.0,356758.0
2026-03-26 21:15:00,8610.0,8612.0,8604.0,8612.0,1658.0,356758.0,356899.0
2026-03-26 21:20:00,8612.0,8612.0,8600.0,8604.0,1274.0,356899.0,356738.0
2026-03-26 21:25:00,8604.0,8604.0,8596.0,8598.0,779.0,356738.0,356692.0
2026-03-26 21:30:00,8598.0,8602.0,8590.0,8602.0,947.0,356692.0,356819.0
2026-03-26 21:35:00,8602.0,8604.0,8584.0,8588.0,2020.0,356819.0,356860.0
2026-03-26 21:40:00,8588.0,8592.0,8578.0,8580.0,1136.0,356860.0,356790.0
2026-03-26 21:45:00,8580.0,8584.0,8566.0,8566.0,2341.0,356790.0,355978.0
2026-03-26 21:50:00,8566.0,8570.0,8558.0,8558.0,2491.0,355978.0,355861.0
2026-03-26 21:55:00,8558.0,8566.0,8558.0,8562.0,1701.0,355861.0,356073.0
2026-03-26 22:00:00,8562.0,8574.0,8560.0,8568.0,805.0,356073.0,355938.0
2026-03-26 22:05:00,8568.0,8580.0,8568.0,8580.0,852.0,355938.0,356184.0
2026-03-26 22:10:00,8580.0,8582.0,8578.0,8580.0,848.0,356184.0,356420.0
2026-03-26 22:15:00,8580.0,8586.0,8580.0,8584.0,623.0,356420.0,356514.0
2026-03-26 22:20:00,8584.0,8588.0,8582.0,8588.0,925.0,356514.0,356399.0
2026-03-26 22:25:00,8588.0,8592.0,8582.0,8586.0,1333.0,356399.0,356250.0
2026-03-26 22:30:00,8586.0,8586.0,8574.0,8578.0,1405.0,356250.0,356242.0
2026-03-26 22:35:00,8578.0,8590.0,8574.0,8588.0,1537.0,356242.0,356617.0
2026-03-26 22:40:00,8588.0,8596.0,8584.0,8592.0,733.0,356617.0,356565.0
2026-03-26 22:45:00,8592.0,8600.0,8590.0,8600.0,1523.0,356565.0,356992.0
2026-03-26 22:50:00,8600.0,8610.0,8596.0,8610.0,2939.0,356992.0,356723.0
2026-03-26 22:55:00,8610.0,8618.0,8608.0,8614.0,2763.0,356723.0,356433.0
2026-03-27 09:00:00,8580.0,8606.0,8580.0,8594.0,3315.0,356433.0,356684.0
2026-03-27 09:05:00,8594.0,8598.0,8584.0,8588.0,1720.0,356684.0,356540.0
2026-03-27 09:10:00,8588.0,8590.0,8578.0,8584.0,1530.0,356540.0,356376.0
2026-03-27 09:15:00,8584.0,8586.0,8578.0,8580.0,1311.0,356376.0,356578.0
2026-03-27 09:20:00,8580.0,8588.0,8580.0,8584.0,901.0,356578.0,356571.0
2026-03-27 09:25:00,8584.0,8590.0,8578.0,8582.0,1018.0,356571.0,356712.0
2026-03-27 09:30:00,8582.0,8588.0,8578.0,8584.0,2599.0,356712.0,357321.0
2026-03-27 09:35:00,8584.0,8588.0,8580.0,8582.0,855.0,357321.0,357332.0
2026-03-27 09:40:00,8582.0,8588.0,8580.0,8588.0,799.0,357332.0,357435.0
2026-03-27 09:45:00,8588.0,8592.0,8584.0,8590.0,864.0,357435.0,357605.0
2026-03-27 09:50:00,8590.0,8594.0,8584.0,8584.0,850.0,357605.0,357644.0
2026-03-27 09:55:00,8584.0,8586.0,8578.0,8584.0,1197.0,357644.0,357409.0
2026-03-27 10:00:00,8584.0,8588.0,8572.0,8588.0,1899.0,357409.0,357463.0
2026-03-27 10:05:00,8588.0,8590.0,8582.0,8584.0,1096.0,357463.0,357762.0
2026-03-27 10:10:00,8584.0,8592.0,8584.0,8586.0,1014.0,357762.0,358050.0
2026-03-27 10:30:00,8592.0,8600.0,8586.0,8588.0,2199.0,358050.0,358817.0
2026-03-27 10:35:00,8588.0,8604.0,8588.0,8600.0,1772.0,358817.0,359615.0
2026-03-27 10:40:00,8600.0,8602.0,8590.0,8590.0,1211.0,359615.0,359934.0
2026-03-27 10:45:00,8590.0,8596.0,8582.0,8596.0,1388.0,359934.0,360133.0
2026-03-27 10:50:00,8596.0,8602.0,8594.0,8600.0,1699.0,360133.0,360643.0
2026-03-27 10:55:00,8600.0,8604.0,8594.0,8600.0,1371.0,360643.0,360772.0
2026-03-27 11:00:00,8600.0,8608.0,8600.0,8604.0,1631.0,360772.0,360933.0
2026-03-27 11:05:00,8604.0,8610.0,8602.0,8606.0,1068.0,360933.0,361265.0
2026-03-27 11:10:00,8606.0,8610.0,8604.0,8608.0,1630.0,361265.0,362078.0
2026-03-27 11:15:00,8608.0,8612.0,8602.0,8612.0,2412.0,362078.0,362200.0
2026-03-27 11:20:00,8612.0,8614.0,8606.0,8612.0,1784.0,362200.0,362620.0
2026-03-27 11:25:00,8612.0,8618.0,8608.0,8618.0,1493.0,362620.0,362814.0
2026-03-27 13:30:00,8614.0,8620.0,8612.0,8612.0,3295.0,362814.0,363843.0
2026-03-27 13:35:00,8612.0,8616.0,8602.0,8606.0,1836.0,363843.0,363880.0
2026-03-27 13:40:00,8606.0,8610.0,8604.0,8606.0,930.0,363880.0,364041.0
2026-03-27 13:45:00,8606.0,8610.0,8604.0,8608.0,1109.0,364041.0,364449.0
2026-03-27 13:50:00,8608.0,8614.0,8604.0,8614.0,1422.0,364449.0,364978.0
2026-03-27 13:55:00,8614.0,8624.0,8612.0,8618.0,2837.0,364978.0,366520.0
2026-03-27 14:00:00,8618.0,8622.0,8616.0,8616.0,1746.0,366520.0,367008.0
2026-03-27 14:05:00,8616.0,8628.0,8614.0,8626.0,3009.0,367008.0,368148.0
2026-03-27 14:10:00,8626.0,8632.0,8624.0,8630.0,1465.0,368148.0,368236.0
2026-03-27 14:15:00,8630.0,8638.0,8626.0,8638.0,2566.0,368236.0,369200.0
2026-03-27 14:20:00,8638.0,8648.0,8636.0,8646.0,1906.0,369200.0,369848.0
2026-03-27 14:25:00,8646.0,8648.0,8634.0,8636.0,2054.0,369848.0,370157.0
2026-03-27 14:30:00,8636.0,8640.0,8634.0,8636.0,1425.0,370157.0,370317.0
2026-03-27 14:35:00,8636.0,8642.0,8634.0,8638.0,966.0,370317.0,370501.0
2026-03-27 14:40:00,8638.0,8642.0,8634.0,8640.0,1053.0,370501.0,370824.0
2026-03-27 14:45:00,8640.0,8644.0,8638.0,8642.0,1679.0,370824.0,371059.0
2026-03-27 14:50:00,8642.0,8644.0,8638.0,8640.0,1181.0,371059.0,371330.0
2026-03-27 14:55:00,8640.0,8642.0,8630.0,8630.0,4511.0,371330.0,371148.0
2026-03-27 21:00:00,8674.0,8680.0,8650.0,8668.0,5766.0,371148.0,372351.0
2026-03-27 21:05:00,8668.0,8686.0,8666.0,8684.0,5972.0,372351.0,373733.0
2026-03-27 21:10:00,8684.0,8702.0,8682.0,8686.0,4503.0,373733.0,374453.0
2026-03-27 21:15:00,8686.0,8690.0,8678.0,8682.0,2366.0,374453.0,375092.0
2026-03-27 21:20:00,8682.0,8690.0,8680.0,8684.0,1918.0,375092.0,375897.0
2026-03-27 21:25:00,8684.0,8686.0,8678.0,8684.0,1116.0,375897.0,376101.0
2026-03-27 21:30:00,8684.0,8686.0,8670.0,8672.0,2403.0,376101.0,375906.0
2026-03-27 21:35:00,8672.0,8676.0,8668.0,8672.0,1396.0,375906.0,376298.0
2026-03-27 21:40:00,8672.0,8674.0,8658.0,8658.0,2280.0,376298.0,376583.0
2026-03-27 21:45:00,8658.0,8662.0,8644.0,8650.0,3022.0,376583.0,376631.0
2026-03-27 21:50:00,8650.0,8658.0,8646.0,8650.0,2677.0,376631.0,376816.0
2026-03-27 21:55:00,8650.0,8656.0,8642.0,8644.0,1774.0,376816.0,376708.0
2026-03-27 22:00:00,8644.0,8648.0,8616.0,8622.0,4203.0,376708.0,376118.0
2026-03-27 22:05:00,8622.0,8640.0,8622.0,8636.0,2369.0,376118.0,376821.0
2026-03-27 22:10:00,8636.0,8636.0,8630.0,8632.0,796.0,376821.0,376996.0
2026-03-27 22:15:00,8632.0,8638.0,8630.0,8636.0,597.0,376996.0,377112.0
2026-03-27 22:20:00,8636.0,8640.0,8632.0,8632.0,739.0,377112.0,377230.0
2026-03-27 22:25:00,8632.0,8634.0,8622.0,8622.0,1294.0,377230.0,377522.0
2026-03-27 22:30:00,8622.0,8626.0,8612.0,8614.0,1556.0,377522.0,377229.0
2026-03-27 22:35:00,8614.0,8620.0,8610.0,8612.0,1434.0,377229.0,377454.0
2026-03-27 22:40:00,8612.0,8616.0,8600.0,8602.0,2311.0,377454.0,376964.0
2026-03-27 22:45:00,8602.0,8618.0,8602.0,8618.0,1451.0,376964.0,377530.0
2026-03-27 22:50:00,8618.0,8620.0,8600.0,8602.0,1784.0,377530.0,377481.0
2026-03-27 22:55:00,8602.0,8602.0,8580.0,8592.0,4934.0,377481.0,377231.0
2026-03-30 09:00:00,8608.0,8632.0,8608.0,8628.0,9280.0,377231.0,378250.0
2026-03-30 09:05:00,8628.0,8628.0,8600.0,8616.0,5185.0,378250.0,379432.0
2026-03-30 09:10:00,8616.0,8630.0,8608.0,8622.0,7510.0,379432.0,381598.0
2026-03-30 09:15:00,8622.0,8626.0,8616.0,8626.0,1933.0,381598.0,381948.0
2026-03-30 09:20:00,8626.0,8632.0,8618.0,8620.0,1608.0,381948.0,382003.0
2026-03-30 09:25:00,8620.0,8622.0,8614.0,8616.0,1431.0,382003.0,382352.0
2026-03-30 09:30:00,8616.0,8620.0,8616.0,8618.0,1254.0,382352.0,382685.0
2026-03-30 09:35:00,8618.0,8622.0,8612.0,8620.0,1187.0,382685.0,382971.0
2026-03-30 09:40:00,8620.0,8620.0,8612.0,8616.0,1189.0,382971.0,383230.0
2026-03-30 09:45:00,8616.0,8618.0,8596.0,8602.0,3560.0,383230.0,382872.0
2026-03-30 09:50:00,8602.0,8608.0,8594.0,8596.0,1764.0,382872.0,383019.0
2026-03-30 09:55:00,8596.0,8596.0,8588.0,8592.0,2267.0,383019.0,382800.0
2026-03-30 10:00:00,8592.0,8610.0,8590.0,8606.0,4602.0,382800.0,383184.0
2026-03-30 10:05:00,8606.0,8616.0,8606.0,8612.0,5386.0,383184.0,383759.0
2026-03-30 10:10:00,8612.0,8618.0,8608.0,8616.0,3414.0,383759.0,384774.0
2026-03-30 10:30:00,8618.0,8620.0,8610.0,8612.0,2224.0,384774.0,385199.0
2026-03-30 10:35:00,8612.0,8616.0,8600.0,8604.0,2417.0,385199.0,385699.0
2026-03-30 10:40:00,8604.0,8612.0,8600.0,8608.0,2034.0,385699.0,385630.0
2026-03-30 10:45:00,8608.0,8612.0,8602.0,8604.0,2057.0,385630.0,385483.0
2026-03-30 10:50:00,8604.0,8610.0,8600.0,8606.0,1723.0,385483.0,385482.0
2026-03-30 10:55:00,8606.0,8608.0,8594.0,8600.0,1909.0,385482.0,385598.0
2026-03-30 11:00:00,8600.0,8602.0,8590.0,8596.0,2395.0,385598.0,385929.0
2026-03-30 11:05:00,8596.0,8596.0,8582.0,8590.0,2185.0,385929.0,385661.0
2026-03-30 11:10:00,8590.0,8596.0,8582.0,8592.0,1709.0,385661.0,385708.0
2026-03-30 11:15:00,8592.0,8594.0,8578.0,8580.0,2932.0,385708.0,386352.0
2026-03-30 11:20:00,8580.0,8586.0,8576.0,8580.0,1396.0,386352.0,386771.0
2026-03-30 11:25:00,8580.0,8586.0,8572.0,8584.0,1908.0,386771.0,387411.0
2026-03-30 13:30:00,8588.0,8598.0,8586.0,8596.0,2367.0,387411.0,387578.0
2026-03-30 13:35:00,8596.0,8600.0,8588.0,8596.0,2093.0,387578.0,387752.0
2026-03-30 13:40:00,8596.0,8602.0,8596.0,8600.0,2102.0,387752.0,387908.0
2026-03-30 13:45:00,8600.0,8600.0,8592.0,8596.0,1445.0,387908.0,387974.0
2026-03-30 13:50:00,8596.0,8598.0,8588.0,8588.0,2191.0,387974.0,388804.0
2026-03-30 13:55:00,8588.0,8590.0,8580.0,8586.0,1455.0,388804.0,388702.0
2026-03-30 14:00:00,8586.0,8588.0,8580.0,8586.0,1521.0,388702.0,388808.0
2026-03-30 14:05:00,8586.0,8594.0,8584.0,8594.0,1517.0,388808.0,388991.0
2026-03-30 14:10:00,8594.0,8596.0,8584.0,8586.0,1217.0,388991.0,388933.0
2026-03-30 14:15:00,8586.0,8588.0,8580.0,8584.0,1212.0,388933.0,389067.0
2026-03-30 14:20:00,8584.0,8594.0,8584.0,8590.0,1327.0,389067.0,389614.0
2026-03-30 14:25:00,8590.0,8596.0,8588.0,8594.0,1474.0,389614.0,390426.0
2026-03-30 14:30:00,8594.0,8594.0,8582.0,8586.0,1751.0,390426.0,391296.0
2026-03-30 14:35:00,8586.0,8588.0,8580.0,8584.0,1735.0,391296.0,391405.0
2026-03-30 14:40:00,8584.0,8602.0,8582.0,8602.0,2700.0,391405.0,391935.0
2026-03-30 14:45:00,8602.0,8630.0,8598.0,8622.0,7299.0,391935.0,392200.0
2026-03-30 14:50:00,8622.0,8666.0,8622.0,8664.0,14213.0,392200.0,394190.0
2026-03-30 14:55:00,8664.0,8690.0,8662.0,8674.0,12247.0,394190.0,396957.0
2026-03-30 21:00:00,8656.0,8666.0,8640.0,8652.0,11081.0,396957.0,397181.0
2026-03-30 21:05:00,8652.0,8670.0,8650.0,8668.0,4678.0,397181.0,397991.0
2026-03-30 21:10:00,8668.0,8672.0,8662.0,8668.0,3522.0,397991.0,398519.0
2026-03-30 21:15:00,8668.0,8676.0,8664.0,8668.0,2851.0,398519.0,398961.0
2026-03-30 21:20:00,8668.0,8670.0,8660.0,8662.0,2328.0,398961.0,399376.0
2026-03-30 21:25:00,8662.0,8678.0,8662.0,8676.0,3055.0,399376.0,400234.0
2026-03-30 21:30:00,8676.0,8678.0,8660.0,8670.0,3989.0,400234.0,400967.0
2026-03-30 21:35:00,8670.0,8678.0,8662.0,8674.0,3135.0,400967.0,401112.0
2026-03-30 21:40:00,8674.0,8684.0,8670.0,8682.0,5012.0,401112.0,403107.0
2026-03-30 21:45:00,8682.0,8698.0,8678.0,8696.0,5119.0,403107.0,403343.0
2026-03-30 21:50:00,8696.0,8718.0,8694.0,8716.0,10631.0,403343.0,406515.0
2026-03-30 21:55:00,8716.0,8734.0,8712.0,8722.0,10047.0,406515.0,409799.0
2026-03-30 22:00:00,8722.0,8740.0,8722.0,8734.0,5071.0,409799.0,412021.0
2026-03-30 22:05:00,8734.0,8740.0,8714.0,8720.0,5028.0,412021.0,413530.0
2026-03-30 22:10:00,8720.0,8724.0,8712.0,8722.0,2365.0,413530.0,413718.0
2026-03-30 22:15:00,8722.0,8732.0,8720.0,8726.0,2078.0,413718.0,413450.0
2026-03-30 22:20:00,8726.0,8736.0,8714.0,8720.0,4299.0,413450.0,413029.0
2026-03-30 22:25:00,8720.0,8726.0,8708.0,8712.0,3790.0,413029.0,413050.0
2026-03-30 22:30:00,8712.0,8724.0,8710.0,8720.0,1280.0,413050.0,413125.0
2026-03-30 22:35:00,8720.0,8728.0,8720.0,8722.0,662.0,413125.0,413215.0
2026-03-30 22:40:00,8722.0,8724.0,8714.0,8718.0,1975.0,413215.0,413264.0
2026-03-30 22:45:00,8718.0,8718.0,8698.0,8704.0,2688.0,413264.0,412726.0
2026-03-30 22:50:00,8704.0,8708.0,8692.0,8696.0,2363.0,412726.0,412577.0
2026-03-30 22:55:00,8696.0,8712.0,8696.0,8708.0,2133.0,412577.0,412543.0
2026-03-31 09:00:00,8700.0,8714.0,8694.0,8698.0,4324.0,412543.0,413070.0
2026-03-31 09:05:00,8698.0,8704.0,8692.0,8704.0,3492.0,413070.0,413733.0
2026-03-31 09:10:00,8704.0,8704.0,8668.0,8672.0,8203.0,413733.0,413211.0
2026-03-31 09:15:00,8672.0,8680.0,8650.0,8652.0,8427.0,413211.0,411916.0
2026-03-31 09:20:00,8652.0,8668.0,8650.0,8662.0,2944.0,411916.0,411911.0
2026-03-31 09:25:00,8662.0,8664.0,8648.0,8652.0,2119.0,411911.0,412128.0
2026-03-31 09:30:00,8652.0,8656.0,8610.0,8612.0,9982.0,412128.0,409688.0
2026-03-31 09:35:00,8612.0,8624.0,8612.0,8616.0,4498.0,409688.0,409109.0
2026-03-31 09:40:00,8616.0,8620.0,8592.0,8596.0,5566.0,409109.0,408947.0
2026-03-31 09:45:00,8596.0,8608.0,8594.0,8606.0,4441.0,408947.0,409992.0
2026-03-31 09:50:00,8606.0,8614.0,8598.0,8614.0,2963.0,409992.0,410079.0
2026-03-31 09:55:00,8614.0,8630.0,8610.0,8628.0,3080.0,410079.0,411245.0
2026-03-31 10:00:00,8628.0,8628.0,8614.0,8618.0,1962.0,411245.0,411724.0
2026-03-31 10:05:00,8618.0,8622.0,8606.0,8620.0,1882.0,411724.0,412074.0
2026-03-31 10:10:00,8620.0,8632.0,8618.0,8624.0,3384.0,412074.0,412846.0
2026-03-31 10:30:00,8626.0,8638.0,8626.0,8628.0,2279.0,412846.0,412844.0
2026-03-31 10:35:00,8628.0,8630.0,8620.0,8624.0,2066.0,412844.0,412956.0
2026-03-31 10:40:00,8624.0,8634.0,8620.0,8630.0,2152.0,412956.0,413537.0
2026-03-31 10:45:00,8630.0,8636.0,8616.0,8620.0,1706.0,413537.0,413762.0
2026-03-31 10:50:00,8620.0,8624.0,8614.0,8618.0,1627.0,413762.0,413925.0
2026-03-31 10:55:00,8618.0,8630.0,8614.0,8624.0,1462.0,413925.0,414144.0
2026-03-31 11:00:00,8624.0,8626.0,8616.0,8618.0,2838.0,414144.0,414149.0
2026-03-31 11:05:00,8618.0,8634.0,8618.0,8628.0,1768.0,414149.0,413797.0
2026-03-31 11:10:00,8628.0,8630.0,8624.0,8626.0,888.0,413797.0,413730.0
2026-03-31 11:15:00,8626.0,8632.0,8624.0,8628.0,1423.0,413730.0,413611.0
2026-03-31 11:20:00,8628.0,8630.0,8624.0,8628.0,1406.0,413611.0,413523.0
2026-03-31 11:25:00,8628.0,8638.0,8628.0,8636.0,1882.0,413523.0,413399.0
2026-03-31 13:30:00,8636.0,8646.0,8632.0,8636.0,4061.0,413399.0,415045.0
2026-03-31 13:35:00,8636.0,8656.0,8634.0,8652.0,2996.0,415045.0,415550.0
2026-03-31 13:40:00,8652.0,8654.0,8642.0,8646.0,2980.0,415550.0,415504.0
2026-03-31 13:45:00,8646.0,8650.0,8642.0,8646.0,2383.0,415504.0,415960.0
2026-03-31 13:50:00,8646.0,8650.0,8644.0,8646.0,1654.0,415960.0,415843.0
2026-03-31 13:55:00,8646.0,8646.0,8620.0,8620.0,3346.0,415843.0,415527.0
2026-03-31 14:00:00,8620.0,8634.0,8620.0,8632.0,2125.0,415527.0,415453.0
2026-03-31 14:05:00,8632.0,8632.0,8622.0,8624.0,859.0,415453.0,415474.0
2026-03-31 14:10:00,8624.0,8630.0,8620.0,8626.0,1523.0,415474.0,415953.0
2026-03-31 14:15:00,8626.0,8628.0,8622.0,8624.0,955.0,415953.0,415960.0
2026-03-31 14:20:00,8624.0,8632.0,8622.0,8630.0,1341.0,415960.0,416235.0
2026-03-31 14:25:00,8630.0,8636.0,8630.0,8632.0,1201.0,416235.0,416417.0
2026-03-31 14:30:00,8632.0,8636.0,8628.0,8630.0,985.0,416417.0,416698.0
2026-03-31 14:35:00,8630.0,8636.0,8630.0,8632.0,880.0,416698.0,416977.0
2026-03-31 14:40:00,8632.0,8638.0,8630.0,8632.0,962.0,416977.0,417242.0
2026-03-31 14:45:00,8632.0,8634.0,8626.0,8628.0,1194.0,417242.0,417493.0
2026-03-31 14:50:00,8628.0,8634.0,8626.0,8634.0,1594.0,417493.0,417739.0
2026-03-31 14:55:00,8634.0,8634.0,8622.0,8628.0,3014.0,417739.0,418049.0
2026-03-31 21:00:00,8690.0,8744.0,8690.0,8736.0,25138.0,418049.0,424772.0
2026-03-31 21:05:00,8736.0,8780.0,8736.0,8760.0,16603.0,424772.0,430749.0
2026-03-31 21:10:00,8760.0,8764.0,8742.0,8750.0,8912.0,430749.0,433035.0
2026-03-31 21:15:00,8750.0,8766.0,8742.0,8756.0,8874.0,433035.0,433196.0
2026-03-31 21:20:00,8756.0,8756.0,8738.0,8744.0,4997.0,433196.0,433984.0
2026-03-31 21:25:00,8744.0,8754.0,8730.0,8746.0,6479.0,433984.0,434578.0
2026-03-31 21:30:00,8746.0,8746.0,8714.0,8720.0,7894.0,434578.0,435502.0
2026-03-31 21:35:00,8720.0,8734.0,8718.0,8720.0,3296.0,435502.0,435967.0
2026-03-31 21:40:00,8720.0,8728.0,8714.0,8718.0,2111.0,435967.0,435982.0
2026-03-31 21:45:00,8718.0,8720.0,8708.0,8718.0,4698.0,435982.0,436079.0
2026-03-31 21:50:00,8718.0,8728.0,8712.0,8718.0,2921.0,436079.0,436866.0
2026-03-31 21:55:00,8718.0,8728.0,8714.0,8720.0,2950.0,436866.0,437728.0
2026-03-31 22:00:00,8720.0,8730.0,8712.0,8722.0,3039.0,437728.0,438179.0
2026-03-31 22:05:00,8722.0,8722.0,8710.0,8716.0,4130.0,438179.0,439153.0
2026-03-31 22:10:00,8716.0,8720.0,8704.0,8714.0,3882.0,439153.0,439301.0
2026-03-31 22:15:00,8714.0,8738.0,8714.0,8728.0,4576.0,439301.0,440657.0
2026-03-31 22:20:00,8728.0,8728.0,8712.0,8714.0,1695.0,440657.0,440662.0
2026-03-31 22:25:00,8714.0,8728.0,8710.0,8726.0,2276.0,440662.0,440304.0
2026-03-31 22:30:00,8726.0,8726.0,8716.0,8722.0,931.0,440304.0,440041.0
2026-03-31 22:35:00,8722.0,8730.0,8720.0,8726.0,1372.0,440041.0,440202.0
2026-03-31 22:40:00,8726.0,8730.0,8722.0,8726.0,1051.0,440202.0,440391.0
2026-03-31 22:45:00,8726.0,8744.0,8726.0,8740.0,2040.0,440391.0,440811.0
2026-03-31 22:50:00,8740.0,8744.0,8732.0,8732.0,1183.0,440811.0,440996.0
2026-03-31 22:55:00,8732.0,8740.0,8722.0,8732.0,3302.0,440996.0,440836.0
2026-04-01 09:00:00,8730.0,8730.0,8674.0,8684.0,15447.0,440836.0,438654.0
2026-04-01 09:05:00,8684.0,8696.0,8684.0,8690.0,4493.0,438654.0,439277.0
2026-04-01 09:10:00,8690.0,8696.0,8678.0,8686.0,2928.0,439277.0,439588.0
2026-04-01 09:15:00,8686.0,8694.0,8684.0,8690.0,2044.0,439588.0,439552.0
2026-04-01 09:20:00,8690.0,8696.0,8686.0,8692.0,3098.0,439552.0,440629.0
2026-04-01 09:25:00,8692.0,8694.0,8674.0,8682.0,3636.0,440629.0,441075.0
2026-04-01 09:30:00,8682.0,8694.0,8680.0,8692.0,3837.0,441075.0,441535.0
2026-04-01 09:35:00,8692.0,8700.0,8686.0,8698.0,3669.0,441535.0,442054.0
2026-04-01 09:40:00,8698.0,8706.0,8694.0,8702.0,4252.0,442054.0,442980.0
2026-04-01 09:45:00,8702.0,8706.0,8696.0,8704.0,2760.0,442980.0,443576.0
2026-04-01 09:50:00,8704.0,8710.0,8700.0,8710.0,2059.0,443576.0,444064.0
2026-04-01 09:55:00,8710.0,8720.0,8708.0,8718.0,2819.0,444064.0,445021.0
2026-04-01 10:00:00,8718.0,8728.0,8714.0,8718.0,6770.0,445021.0,447639.0
2026-04-01 10:05:00,8718.0,8720.0,8710.0,8714.0,3320.0,447639.0,448803.0
2026-04-01 10:10:00,8714.0,8726.0,8710.0,8724.0,1990.0,448803.0,449026.0
2026-04-01 10:30:00,8720.0,8734.0,8720.0,8728.0,4308.0,449026.0,449608.0
2026-04-01 10:35:00,8728.0,8732.0,8720.0,8726.0,2247.0,449608.0,450217.0
2026-04-01 10:40:00,8726.0,8732.0,8724.0,8728.0,1571.0,450217.0,450457.0
2026-04-01 10:45:00,8728.0,8736.0,8722.0,8728.0,2935.0,450457.0,451180.0
2026-04-01 10:50:00,8728.0,8728.0,8718.0,8726.0,2120.0,451180.0,451430.0
2026-04-01 10:55:00,8726.0,8740.0,8724.0,8738.0,2062.0,451430.0,451766.0
2026-04-01 11:00:00,8738.0,8738.0,8730.0,8732.0,1515.0,451766.0,452247.0
2026-04-01 11:05:00,8732.0,8744.0,8730.0,8734.0,3606.0,452247.0,454400.0
2026-04-01 11:10:00,8734.0,8740.0,8732.0,8734.0,2166.0,454400.0,454100.0
2026-04-01 11:15:00,8734.0,8748.0,8732.0,8744.0,3470.0,454100.0,454101.0
2026-04-01 11:20:00,8744.0,8754.0,8744.0,8752.0,2881.0,454101.0,454605.0
2026-04-01 11:25:00,8752.0,8754.0,8744.0,8746.0,2206.0,454605.0,455445.0
2026-04-01 13:30:00,8744.0,8752.0,8712.0,8712.0,7468.0,455445.0,454611.0
2026-04-01 13:35:00,8712.0,8722.0,8708.0,8712.0,2969.0,454611.0,454471.0
2026-04-01 13:40:00,8712.0,8714.0,8684.0,8694.0,6035.0,454471.0,453573.0
2026-04-01 13:45:00,8694.0,8694.0,8676.0,8680.0,7872.0,453573.0,455142.0
2026-04-01 13:50:00,8680.0,8684.0,8664.0,8666.0,6670.0,455142.0,456382.0
2026-04-01 13:55:00,8666.0,8676.0,8664.0,8666.0,5506.0,456382.0,457262.0
2026-04-01 14:00:00,8666.0,8672.0,8660.0,8664.0,3377.0,457262.0,457473.0
2026-04-01 14:05:00,8664.0,8666.0,8640.0,8646.0,5217.0,457473.0,457159.0
2026-04-01 14:10:00,8646.0,8652.0,8622.0,8628.0,8448.0,457159.0,455955.0
2026-04-01 14:15:00,8628.0,8638.0,8610.0,8618.0,5658.0,455955.0,455292.0
2026-04-01 14:20:00,8618.0,8626.0,8614.0,8626.0,3699.0,455292.0,455486.0
2026-04-01 14:25:00,8626.0,8630.0,8618.0,8618.0,3872.0,455486.0,456173.0
2026-04-01 14:30:00,8618.0,8626.0,8596.0,8610.0,6722.0,456173.0,455908.0
2026-04-01 14:35:00,8610.0,8628.0,8602.0,8620.0,4532.0,455908.0,455520.0
2026-04-01 14:40:00,8620.0,8622.0,8588.0,8594.0,6046.0,455520.0,454982.0
2026-04-01 14:45:00,8594.0,8598.0,8580.0,8590.0,5385.0,454982.0,454019.0
2026-04-01 14:50:00,8590.0,8610.0,8584.0,8590.0,5466.0,454019.0,453704.0
2026-04-01 14:55:00,8590.0,8592.0,8576.0,8584.0,5270.0,453704.0,454208.0
2026-04-01 21:00:00,8620.0,8620.0,8600.0,8610.0,12107.0,454208.0,456856.0
2026-04-01 21:05:00,8610.0,8620.0,8608.0,8608.0,6844.0,456856.0,457970.0
2026-04-01 21:10:00,8608.0,8616.0,8602.0,8616.0,6213.0,457970.0,459224.0
2026-04-01 21:15:00,8616.0,8618.0,8610.0,8616.0,4835.0,459224.0,460657.0
2026-04-01 21:20:00,8616.0,8622.0,8616.0,8618.0,2821.0,460657.0,461233.0
2026-04-01 21:25:00,8618.0,8618.0,8608.0,8614.0,1866.0,461233.0,461238.0
2026-04-01 21:30:00,8614.0,8614.0,8580.0,8586.0,6286.0,461238.0,462016.0
2026-04-01 21:35:00,8586.0,8592.0,8568.0,8574.0,6250.0,462016.0,461939.0
2026-04-01 21:40:00,8574.0,8590.0,8566.0,8582.0,6364.0,461939.0,463534.0
2026-04-01 21:45:00,8582.0,8582.0,8570.0,8574.0,3010.0,463534.0,464230.0
2026-04-01 21:50:00,8574.0,8578.0,8564.0,8576.0,3977.0,464230.0,464537.0
2026-04-01 21:55:00,8576.0,8588.0,8572.0,8586.0,2606.0,464537.0,464678.0
2026-04-01 22:00:00,8586.0,8596.0,8582.0,8584.0,2111.0,464678.0,464984.0
2026-04-01 22:05:00,8584.0,8584.0,8572.0,8576.0,1975.0,464984.0,465712.0
2026-04-01 22:10:00,8576.0,8582.0,8574.0,8576.0,940.0,465712.0,465868.0
2026-04-01 22:15:00,8576.0,8580.0,8568.0,8570.0,2655.0,465868.0,466191.0
2026-04-01 22:20:00,8570.0,8576.0,8558.0,8566.0,3687.0,466191.0,466399.0
2026-04-01 22:25:00,8566.0,8576.0,8560.0,8572.0,2218.0,466399.0,465927.0
2026-04-01 22:30:00,8572.0,8578.0,8570.0,8578.0,1279.0,465927.0,465693.0
2026-04-01 22:35:00,8578.0,8584.0,8572.0,8574.0,1564.0,465693.0,466041.0
2026-04-01 22:40:00,8574.0,8584.0,8574.0,8580.0,1066.0,466041.0,466228.0
2026-04-01 22:45:00,8580.0,8582.0,8572.0,8574.0,847.0,466228.0,466076.0
2026-04-01 22:50:00,8574.0,8576.0,8566.0,8570.0,1674.0,466076.0,465860.0
2026-04-01 22:55:00,8570.0,8574.0,8564.0,8574.0,1189.0,465860.0,465542.0
2026-04-02 09:00:00,8558.0,8584.0,8548.0,8582.0,7989.0,465542.0,466235.0
2026-04-02 09:05:00,8582.0,8592.0,8582.0,8590.0,5715.0,466235.0,466903.0
2026-04-02 09:10:00,8590.0,8604.0,8584.0,8604.0,4877.0,466903.0,467669.0
2026-04-02 09:15:00,8604.0,8634.0,8600.0,8630.0,8294.0,467669.0,468307.0
2026-04-02 09:20:00,8630.0,8642.0,8624.0,8630.0,7116.0,468307.0,468765.0
2026-04-02 09:25:00,8630.0,8632.0,8612.0,8614.0,6617.0,468765.0,469362.0
2026-04-02 09:30:00,8614.0,8624.0,8608.0,8622.0,6476.0,469362.0,469397.0
2026-04-02 09:35:00,8622.0,8640.0,8616.0,8630.0,4827.0,469397.0,469900.0
2026-04-02 09:40:00,8630.0,8644.0,8626.0,8640.0,3576.0,469900.0,470685.0
2026-04-02 09:45:00,8640.0,8648.0,8638.0,8646.0,5724.0,470685.0,471919.0
2026-04-02 09:50:00,8646.0,8646.0,8630.0,8642.0,2820.0,471919.0,472125.0
2026-04-02 09:55:00,8642.0,8656.0,8642.0,8650.0,4705.0,472125.0,473067.0
2026-04-02 10:00:00,8650.0,8652.0,8642.0,8644.0,2660.0,473067.0,473916.0
2026-04-02 10:05:00,8644.0,8662.0,8642.0,8658.0,2436.0,473916.0,473781.0
2026-04-02 10:10:00,8658.0,8666.0,8654.0,8664.0,2729.0,473781.0,474110.0
2026-04-02 10:30:00,8664.0,8670.0,8656.0,8662.0,3189.0,474110.0,474557.0
2026-04-02 10:35:00,8662.0,8670.0,8658.0,8668.0,1809.0,474557.0,474783.0
2026-04-02 10:40:00,8668.0,8670.0,8662.0,8662.0,1964.0,474783.0,475451.0
2026-04-02 10:45:00,8662.0,8666.0,8658.0,8662.0,2644.0,475451.0,476379.0
2026-04-02 10:50:00,8662.0,8668.0,8662.0,8664.0,1159.0,476379.0,476617.0
2026-04-02 10:55:00,8664.0,8674.0,8660.0,8674.0,3423.0,476617.0,478159.0
2026-04-02 11:00:00,8674.0,8680.0,8670.0,8672.0,3688.0,478159.0,479175.0
2026-04-02 11:05:00,8672.0,8682.0,8668.0,8682.0,1620.0,479175.0,479539.0
2026-04-02 11:10:00,8682.0,8694.0,8678.0,8688.0,4209.0,479539.0,481665.0
2026-04-02 11:15:00,8688.0,8690.0,8676.0,8680.0,2599.0,481665.0,480995.0
2026-04-02 11:20:00,8680.0,8684.0,8676.0,8678.0,1684.0,480995.0,481091.0
2026-04-02 11:25:00,8678.0,8682.0,8674.0,8680.0,1527.0,481091.0,481092.0
2026-04-02 13:30:00,8690.0,8700.0,8684.0,8686.0,6717.0,481092.0,482132.0
2026-04-02 13:35:00,8686.0,8688.0,8682.0,8682.0,2309.0,482132.0,482404.0
2026-04-02 13:40:00,8682.0,8694.0,8678.0,8692.0,3366.0,482404.0,483639.0
2026-04-02 13:45:00,8692.0,8696.0,8686.0,8696.0,2745.0,483639.0,484240.0
2026-04-02 13:50:00,8696.0,8700.0,8690.0,8696.0,2113.0,484240.0,484867.0
2026-04-02 13:55:00,8696.0,8698.0,8692.0,8694.0,1635.0,484867.0,484880.0
2026-04-02 14:00:00,8694.0,8696.0,8684.0,8686.0,2137.0,484880.0,485279.0
2026-04-02 14:05:00,8686.0,8692.0,8678.0,8678.0,3235.0,485279.0,485528.0
2026-04-02 14:10:00,8678.0,8684.0,8670.0,8670.0,2505.0,485528.0,486059.0
2026-04-02 14:15:00,8670.0,8684.0,8666.0,8670.0,4407.0,486059.0,487230.0
2026-04-02 14:20:00,8670.0,8674.0,8666.0,8672.0,1993.0,487230.0,488010.0
2026-04-02 14:25:00,8672.0,8678.0,8664.0,8676.0,2801.0,488010.0,488836.0
2026-04-02 14:30:00,8676.0,8680.0,8672.0,8672.0,1309.0,488836.0,489180.0
2026-04-02 14:35:00,8672.0,8682.0,8670.0,8678.0,4556.0,489180.0,489854.0
2026-04-02 14:40:00,8678.0,8684.0,8676.0,8676.0,1682.0,489854.0,490356.0
2026-04-02 14:45:00,8676.0,8682.0,8676.0,8682.0,1809.0,490356.0,491114.0
2026-04-02 14:50:00,8682.0,8682.0,8664.0,8670.0,3279.0,491114.0,490578.0
2026-04-02 14:55:00,8670.0,8672.0,8662.0,8664.0,3464.0,490578.0,489453.0
2026-04-02 21:00:00,8702.0,8720.0,8694.0,8710.0,26614.0,489453.0,494439.0
2026-04-02 21:05:00,8710.0,8712.0,8694.0,8698.0,10871.0,494439.0,495106.0
2026-04-02 21:10:00,8698.0,8702.0,8694.0,8694.0,3657.0,495106.0,495625.0
2026-04-02 21:15:00,8694.0,8698.0,8690.0,8692.0,4176.0,495625.0,495761.0
2026-04-02 21:20:00,8692.0,8692.0,8680.0,8688.0,2941.0,495761.0,495515.0
2026-04-02 21:25:00,8688.0,8694.0,8672.0,8694.0,4048.0,495515.0,495759.0
2026-04-02 21:30:00,8694.0,8698.0,8688.0,8692.0,4396.0,495759.0,495599.0
2026-04-02 21:35:00,8692.0,8694.0,8680.0,8694.0,2758.0,495599.0,495309.0
2026-04-02 21:40:00,8694.0,8700.0,8690.0,8696.0,3944.0,495309.0,496466.0
2026-04-02 21:45:00,8696.0,8700.0,8684.0,8690.0,2362.0,496466.0,496633.0
2026-04-02 21:50:00,8690.0,8690.0,8672.0,8676.0,4142.0,496633.0,496256.0
2026-04-02 21:55:00,8676.0,8684.0,8672.0,8678.0,1838.0,496256.0,496317.0
2026-04-02 22:00:00,8678.0,8688.0,8668.0,8672.0,4072.0,496317.0,497754.0
2026-04-02 22:05:00,8672.0,8674.0,8656.0,8658.0,3727.0,497754.0,497204.0
2026-04-02 22:10:00,8658.0,8660.0,8642.0,8658.0,4024.0,497204.0,497269.0
2026-04-02 22:15:00,8658.0,8666.0,8652.0,8656.0,4088.0,497269.0,498578.0
2026-04-02 22:20:00,8656.0,8660.0,8652.0,8654.0,1629.0,498578.0,498655.0
2026-04-02 22:25:00,8654.0,8658.0,8654.0,8656.0,705.0,498655.0,498686.0
2026-04-02 22:30:00,8656.0,8662.0,8648.0,8652.0,3686.0,498686.0,499793.0
2026-04-02 22:35:00,8652.0,8652.0,8622.0,8630.0,7930.0,499793.0,498901.0
2026-04-02 22:40:00,8630.0,8642.0,8620.0,8620.0,3586.0,498901.0,498556.0
2026-04-02 22:45:00,8620.0,8644.0,8620.0,8642.0,3427.0,498556.0,498499.0
2026-04-02 22:50:00,8642.0,8650.0,8638.0,8648.0,2600.0,498499.0,498669.0
2026-04-02 22:55:00,8648.0,8652.0,8644.0,8646.0,1401.0,498669.0,498336.0
2026-04-03 09:00:00,8672.0,8674.0,8660.0,8662.0,6519.0,498336.0,500058.0
2026-04-03 09:05:00,8662.0,8672.0,8662.0,8666.0,3916.0,500058.0,500717.0
2026-04-03 09:10:00,8666.0,8668.0,8656.0,8662.0,2321.0,500717.0,501314.0
2026-04-03 09:15:00,8662.0,8664.0,8656.0,8660.0,3286.0,501314.0,502637.0
2026-04-03 09:20:00,8660.0,8662.0,8652.0,8660.0,3534.0,502637.0,504138.0
2026-04-03 09:25:00,8660.0,8664.0,8656.0,8660.0,3002.0,504138.0,504676.0
2026-04-03 09:30:00,8660.0,8668.0,8658.0,8664.0,1520.0,504676.0,504825.0
2026-04-03 09:35:00,8664.0,8666.0,8658.0,8660.0,1372.0,504825.0,504860.0
2026-04-03 09:40:00,8660.0,8666.0,8660.0,8664.0,983.0,504860.0,504876.0
2026-04-03 09:45:00,8664.0,8666.0,8660.0,8664.0,1181.0,504876.0,505190.0
2026-04-03 09:50:00,8664.0,8680.0,8664.0,8680.0,2875.0,505190.0,506359.0
2026-04-03 09:55:00,8680.0,8684.0,8674.0,8682.0,2165.0,506359.0,506813.0
2026-04-03 10:00:00,8682.0,8682.0,8670.0,8672.0,2893.0,506813.0,507541.0
2026-04-03 10:05:00,8672.0,8674.0,8668.0,8670.0,1393.0,507541.0,507484.0
2026-04-03 10:10:00,8670.0,8676.0,8670.0,8674.0,2332.0,507484.0,507364.0
2026-04-03 10:30:00,8674.0,8680.0,8656.0,8662.0,3447.0,507364.0,507044.0
2026-04-03 10:35:00,8662.0,8666.0,8652.0,8664.0,2445.0,507044.0,507309.0
2026-04-03 10:40:00,8664.0,8674.0,8660.0,8668.0,1951.0,507309.0,508109.0
2026-04-03 10:45:00,8668.0,8676.0,8664.0,8674.0,1407.0,508109.0,508399.0
2026-04-03 10:50:00,8674.0,8680.0,8668.0,8678.0,1972.0,508399.0,508590.0
2026-04-03 10:55:00,8678.0,8680.0,8672.0,8678.0,2235.0,508590.0,509147.0
2026-04-03 11:00:00,8678.0,8682.0,8676.0,8676.0,2485.0,509147.0,509447.0
2026-04-03 11:05:00,8676.0,8676.0,8666.0,8670.0,2533.0,509447.0,509807.0
2026-04-03 11:10:00,8670.0,8672.0,8666.0,8670.0,1640.0,509807.0,509767.0
2026-04-03 11:15:00,8670.0,8672.0,8660.0,8660.0,1618.0,509767.0,509586.0
2026-04-03 11:20:00,8660.0,8662.0,8654.0,8662.0,2772.0,509586.0,508867.0
2026-04-03 11:25:00,8662.0,8668.0,8660.0,8666.0,1680.0,508867.0,508428.0
2026-04-03 13:30:00,8666.0,8676.0,8662.0,8664.0,2918.0,508428.0,507928.0
2026-04-03 13:35:00,8664.0,8668.0,8664.0,8668.0,831.0,507928.0,507879.0
2026-04-03 13:40:00,8668.0,8672.0,8662.0,8668.0,1909.0,507879.0,508054.0
2026-04-03 13:45:00,8668.0,8670.0,8666.0,8670.0,1365.0,508054.0,508133.0
2026-04-03 13:50:00,8670.0,8680.0,8666.0,8678.0,2043.0,508133.0,508410.0
2026-04-03 13:55:00,8678.0,8682.0,8672.0,8680.0,3157.0,508410.0,507603.0
2026-04-03 14:00:00,8680.0,8682.0,8668.0,8674.0,1803.0,507603.0,507915.0
2026-04-03 14:05:00,8674.0,8690.0,8672.0,8690.0,4885.0,507915.0,509567.0
2026-04-03 14:10:00,8690.0,8692.0,8686.0,8690.0,2246.0,509567.0,510273.0
2026-04-03 14:15:00,8690.0,8692.0,8682.0,8686.0,2038.0,510273.0,510977.0
2026-04-03 14:20:00,8686.0,8686.0,8678.0,8680.0,1360.0,510977.0,511001.0
2026-04-03 14:25:00,8680.0,8688.0,8678.0,8682.0,1992.0,511001.0,512003.0
2026-04-03 14:30:00,8682.0,8688.0,8678.0,8686.0,1190.0,512003.0,512399.0
2026-04-03 14:35:00,8686.0,8690.0,8680.0,8684.0,2535.0,512399.0,513564.0
2026-04-03 14:40:00,8684.0,8684.0,8674.0,8676.0,2008.0,513564.0,513241.0
2026-04-03 14:45:00,8676.0,8680.0,8676.0,8680.0,1526.0,513241.0,513144.0
2026-04-03 14:50:00,8680.0,8680.0,8672.0,8672.0,2984.0,513144.0,512284.0
2026-04-03 14:55:00,8672.0,8680.0,8672.0,8674.0,4056.0,512284.0,511262.0
2026-04-07 09:00:00,8720.0,8720.0,8688.0,8688.0,19982.0,511262.0,514783.0
2026-04-07 09:05:00,8688.0,8704.0,8686.0,8698.0,6572.0,514783.0,516506.0
2026-04-07 09:10:00,8698.0,8702.0,8690.0,8696.0,4764.0,516506.0,516992.0
2026-04-07 09:15:00,8696.0,8700.0,8692.0,8694.0,3950.0,516992.0,518273.0
2026-04-07 09:20:00,8694.0,8700.0,8684.0,8690.0,5796.0,518273.0,518993.0
2026-04-07 09:25:00,8690.0,8694.0,8684.0,8688.0,5338.0,518993.0,519250.0
2026-04-07 09:30:00,8688.0,8690.0,8676.0,8680.0,4727.0,519250.0,520181.0
2026-04-07 09:35:00,8680.0,8704.0,8676.0,8702.0,6116.0,520181.0,520934.0
2026-04-07 09:40:00,8702.0,8714.0,8700.0,8712.0,5547.0,520934.0,522395.0
2026-04-07 09:45:00,8712.0,8714.0,8704.0,8712.0,4771.0,522395.0,523599.0
2026-04-07 09:50:00,8712.0,8730.0,8712.0,8722.0,8205.0,523599.0,525778.0
2026-04-07 09:55:00,8722.0,8734.0,8720.0,8732.0,6102.0,525778.0,526746.0
2026-04-07 10:00:00,8732.0,8744.0,8724.0,8742.0,9476.0,526746.0,528307.0
2026-04-07 10:05:00,8742.0,8744.0,8734.0,8740.0,6067.0,528307.0,528971.0
2026-04-07 10:10:00,8740.0,8746.0,8732.0,8742.0,3447.0,528971.0,529662.0
2026-04-07 10:30:00,8742.0,8748.0,8736.0,8742.0,7101.0,529662.0,532016.0
2026-04-07 10:35:00,8742.0,8744.0,8728.0,8732.0,4866.0,532016.0,532702.0
2026-04-07 10:40:00,8732.0,8738.0,8724.0,8730.0,4754.0,532702.0,533200.0
2026-04-07 10:45:00,8730.0,8734.0,8720.0,8728.0,4331.0,533200.0,533042.0
2026-04-07 10:50:00,8728.0,8742.0,8728.0,8742.0,4121.0,533042.0,533281.0
2026-04-07 10:55:00,8742.0,8744.0,8730.0,8742.0,3422.0,533281.0,534166.0
2026-04-07 11:00:00,8742.0,8742.0,8722.0,8726.0,3928.0,534166.0,534147.0
2026-04-07 11:05:00,8726.0,8736.0,8724.0,8728.0,3649.0,534147.0,534960.0
2026-04-07 11:10:00,8728.0,8734.0,8726.0,8730.0,3072.0,534960.0,535742.0
2026-04-07 11:15:00,8730.0,8740.0,8724.0,8740.0,4116.0,535742.0,536843.0
2026-04-07 11:20:00,8740.0,8744.0,8736.0,8742.0,4828.0,536843.0,538321.0
2026-04-07 11:25:00,8742.0,8746.0,8738.0,8744.0,2849.0,538321.0,539503.0
2026-04-07 13:30:00,8740.0,8742.0,8732.0,8742.0,5490.0,539503.0,541335.0
2026-04-07 13:35:00,8742.0,8750.0,8740.0,8748.0,4409.0,541335.0,542843.0
2026-04-07 13:40:00,8748.0,8756.0,8744.0,8746.0,5801.0,542843.0,544812.0
2026-04-07 13:45:00,8746.0,8752.0,8742.0,8746.0,4016.0,544812.0,546521.0
2026-04-07 13:50:00,8746.0,8748.0,8734.0,8742.0,5166.0,546521.0,547173.0
2026-04-07 13:55:00,8742.0,8742.0,8732.0,8734.0,3887.0,547173.0,548023.0
2026-04-07 14:00:00,8734.0,8736.0,8712.0,8724.0,8845.0,548023.0,548020.0
2026-04-07 14:05:00,8724.0,8732.0,8722.0,8728.0,3831.0,548020.0,549082.0
2026-04-07 14:10:00,8728.0,8732.0,8724.0,8732.0,2757.0,549082.0,550030.0
2026-04-07 14:15:00,8732.0,8742.0,8730.0,8742.0,3010.0,550030.0,551185.0
2026-04-07 14:20:00,8742.0,8762.0,8738.0,8754.0,8663.0,551185.0,554927.0
2026-04-07 14:25:00,8754.0,8756.0,8742.0,8744.0,4861.0,554927.0,555106.0
2026-04-07 14:30:00,8744.0,8746.0,8734.0,8734.0,4243.0,555106.0,555442.0
2026-04-07 14:35:00,8734.0,8744.0,8728.0,8742.0,5584.0,555442.0,555044.0
2026-04-07 14:40:00,8742.0,8760.0,8740.0,8760.0,7805.0,555044.0,557947.0
2026-04-07 14:45:00,8760.0,8774.0,8758.0,8764.0,10181.0,557947.0,562073.0
2026-04-07 14:50:00,8764.0,8768.0,8758.0,8760.0,5366.0,562073.0,563251.0
2026-04-07 14:55:00,8760.0,8764.0,8748.0,8748.0,8374.0,563251.0,563943.0
2026-04-07 21:00:00,8748.0,8762.0,8728.0,8740.0,20679.0,563943.0,568872.0
2026-04-07 21:05:00,8740.0,8744.0,8730.0,8734.0,8656.0,568872.0,571169.0
2026-04-07 21:10:00,8734.0,8736.0,8722.0,8728.0,7035.0,571169.0,572524.0
2026-04-07 21:15:00,8728.0,8734.0,8720.0,8730.0,3886.0,572524.0,573225.0
2026-04-07 21:20:00,8730.0,8734.0,8710.0,8716.0,6501.0,573225.0,573257.0
2026-04-07 21:25:00,8716.0,8726.0,8712.0,8724.0,4609.0,573257.0,574142.0
2026-04-07 21:30:00,8724.0,8724.0,8712.0,8720.0,6204.0,574142.0,575826.0
2026-04-07 21:35:00,8720.0,8722.0,8712.0,8716.0,5303.0,575826.0,576711.0
2026-04-07 21:40:00,8716.0,8742.0,8714.0,8742.0,5311.0,576711.0,576747.0
2026-04-07 21:45:00,8742.0,8748.0,8738.0,8742.0,4150.0,576747.0,577071.0
2026-04-07 21:50:00,8742.0,8750.0,8736.0,8748.0,3667.0,577071.0,577907.0
2026-04-07 21:55:00,8748.0,8756.0,8744.0,8750.0,4807.0,577907.0,578743.0
2026-04-07 22:00:00,8750.0,8750.0,8730.0,8730.0,8500.0,578743.0,579131.0
2026-04-07 22:05:00,8730.0,8738.0,8724.0,8732.0,4672.0,579131.0,578775.0
2026-04-07 22:10:00,8732.0,8732.0,8714.0,8722.0,4581.0,578775.0,577818.0
2026-04-07 22:15:00,8722.0,8722.0,8712.0,8716.0,3629.0,577818.0,577753.0
2026-04-07 22:20:00,8716.0,8716.0,8700.0,8700.0,3464.0,577753.0,576654.0
2026-04-07 22:25:00,8700.0,8704.0,8692.0,8698.0,4532.0,576654.0,577124.0
2026-04-07 22:30:00,8698.0,8704.0,8694.0,8700.0,3573.0,577124.0,576771.0
2026-04-07 22:35:00,8700.0,8708.0,8698.0,8706.0,2671.0,576771.0,576849.0
2026-04-07 22:40:00,8706.0,8708.0,8694.0,8696.0,3135.0,576849.0,575803.0
2026-04-07 22:45:00,8696.0,8698.0,8686.0,8688.0,3689.0,575803.0,574139.0
2026-04-07 22:50:00,8688.0,8698.0,8688.0,8696.0,1386.0,574139.0,573813.0
2026-04-07 22:55:00,8696.0,8698.0,8690.0,8696.0,2520.0,573813.0,572910.0
2026-04-08 09:00:00,8548.0,8548.0,8444.0,8486.0,57727.0,572910.0,564700.0
2026-04-08 09:05:00,8486.0,8522.0,8480.0,8496.0,28656.0,564700.0,563505.0
2026-04-08 09:10:00,8496.0,8522.0,8496.0,8520.0,12925.0,563505.0,562666.0
2026-04-08 09:15:00,8520.0,8524.0,8512.0,8520.0,9665.0,562666.0,561800.0
2026-04-08 09:20:00,8520.0,8536.0,8512.0,8516.0,10412.0,561800.0,562647.0
2026-04-08 09:25:00,8516.0,8518.0,8492.0,8496.0,9899.0,562647.0,561648.0
2026-04-08 09:30:00,8496.0,8502.0,8484.0,8486.0,10570.0,561648.0,560764.0
2026-04-08 09:35:00,8486.0,8510.0,8486.0,8510.0,5971.0,560764.0,560434.0
2026-04-08 09:40:00,8510.0,8512.0,8502.0,8504.0,4229.0,560434.0,560554.0
2026-04-08 09:45:00,8504.0,8510.0,8494.0,8502.0,5219.0,560554.0,561620.0
2026-04-08 09:50:00,8502.0,8512.0,8494.0,8506.0,4300.0,561620.0,561946.0
2026-04-08 09:55:00,8506.0,8508.0,8478.0,8482.0,8963.0,561946.0,563776.0
2026-04-08 10:00:00,8482.0,8490.0,8478.0,8490.0,6824.0,563776.0,564759.0
2026-04-08 10:05:00,8490.0,8498.0,8488.0,8490.0,3286.0,564759.0,563806.0
2026-04-08 10:10:00,8490.0,8500.0,8488.0,8498.0,3064.0,563806.0,563403.0
2026-04-08 10:30:00,8500.0,8512.0,8494.0,8496.0,5557.0,563403.0,562738.0
2026-04-08 10:35:00,8496.0,8506.0,8494.0,8500.0,4706.0,562738.0,561608.0
2026-04-08 10:40:00,8500.0,8502.0,8490.0,8494.0,3266.0,561608.0,560956.0
2026-04-08 10:45:00,8494.0,8498.0,8492.0,8498.0,2121.0,560956.0,560714.0
2026-04-08 10:50:00,8498.0,8506.0,8494.0,8502.0,2813.0,560714.0,561106.0
2026-04-08 10:55:00,8502.0,8526.0,8502.0,8524.0,5857.0,561106.0,560887.0
2026-04-08 11:00:00,8524.0,8526.0,8504.0,8504.0,5014.0,560887.0,560407.0
2026-04-08 11:05:00,8504.0,8506.0,8496.0,8500.0,2921.0,560407.0,559777.0
2026-04-08 11:10:00,8500.0,8502.0,8488.0,8490.0,2659.0,559777.0,559867.0
2026-04-08 11:15:00,8490.0,8494.0,8488.0,8492.0,1945.0,559867.0,559972.0
2026-04-08 11:20:00,8492.0,8494.0,8486.0,8488.0,1912.0,559972.0,559977.0
2026-04-08 11:25:00,8488.0,8490.0,8484.0,8490.0,2081.0,559977.0,560003.0
2026-04-08 13:30:00,8488.0,8490.0,8466.0,8470.0,12929.0,560003.0,559747.0
2026-04-08 13:35:00,8470.0,8476.0,8468.0,8474.0,4099.0,559747.0,559664.0
2026-04-08 13:40:00,8474.0,8482.0,8472.0,8482.0,3017.0,559664.0,559727.0
2026-04-08 13:45:00,8482.0,8482.0,8472.0,8476.0,3008.0,559727.0,559820.0
2026-04-08 13:50:00,8476.0,8480.0,8474.0,8476.0,2741.0,559820.0,559570.0
2026-04-08 13:55:00,8476.0,8480.0,8472.0,8480.0,2374.0,559570.0,559675.0
2026-04-08 14:00:00,8480.0,8484.0,8478.0,8482.0,2046.0,559675.0,559281.0
2026-04-08 14:05:00,8482.0,8484.0,8470.0,8472.0,3075.0,559281.0,559149.0
2026-04-08 14:10:00,8472.0,8472.0,8464.0,8468.0,5001.0,559149.0,559220.0
2026-04-08 14:15:00,8468.0,8468.0,8458.0,8460.0,7030.0,559220.0,557742.0
2026-04-08 14:20:00,8460.0,8464.0,8458.0,8460.0,3640.0,557742.0,557176.0
2026-04-08 14:25:00,8460.0,8464.0,8456.0,8460.0,3864.0,557176.0,556692.0
2026-04-08 14:30:00,8460.0,8466.0,8452.0,8452.0,5430.0,556692.0,555845.0
2026-04-08 14:35:00,8452.0,8458.0,8452.0,8454.0,5592.0,555845.0,554276.0
2026-04-08 14:40:00,8454.0,8454.0,8438.0,8444.0,11593.0,554276.0,553242.0
2026-04-08 14:45:00,8444.0,8454.0,8442.0,8452.0,4868.0,553242.0,553022.0
2026-04-08 14:50:00,8452.0,8460.0,8448.0,8458.0,4323.0,553022.0,551843.0
2026-04-08 14:55:00,8458.0,8462.0,8450.0,8460.0,7067.0,551843.0,549956.0
2026-04-08 21:00:00,8460.0,8460.0,8420.0,8432.0,20042.0,549956.0,549279.0
2026-04-08 21:05:00,8432.0,8448.0,8426.0,8448.0,11827.0,549279.0,551794.0
2026-04-08 21:10:00,8448.0,8448.0,8434.0,8436.0,3515.0,551794.0,552388.0
2026-04-08 21:15:00,8436.0,8438.0,8430.0,8438.0,3523.0,552388.0,552493.0
2026-04-08 21:20:00,8438.0,8440.0,8434.0,8440.0,2494.0,552493.0,552954.0
2026-04-08 21:25:00,8440.0,8442.0,8434.0,8442.0,1926.0,552954.0,553391.0
2026-04-08 21:30:00,8442.0,8452.0,8438.0,8448.0,3575.0,553391.0,554029.0
2026-04-08 21:35:00,8448.0,8454.0,8446.0,8452.0,3879.0,554029.0,554906.0
2026-04-08 21:40:00,8452.0,8464.0,8450.0,8462.0,4516.0,554906.0,555379.0
2026-04-08 21:45:00,8462.0,8462.0,8454.0,8456.0,2841.0,555379.0,555883.0
2026-04-08 21:50:00,8456.0,8462.0,8452.0,8462.0,1942.0,555883.0,555853.0
2026-04-08 21:55:00,8462.0,8468.0,8458.0,8466.0,2658.0,555853.0,555865.0
2026-04-08 22:00:00,8466.0,8472.0,8464.0,8468.0,3209.0,555865.0,556667.0
2026-04-08 22:05:00,8468.0,8474.0,8462.0,8472.0,2623.0,556667.0,556959.0
2026-04-08 22:10:00,8472.0,8476.0,8466.0,8468.0,2362.0,556959.0,557086.0
2026-04-08 22:15:00,8468.0,8472.0,8462.0,8470.0,2992.0,557086.0,557459.0
2026-04-08 22:20:00,8470.0,8472.0,8462.0,8466.0,1068.0,557459.0,557382.0
2026-04-08 22:25:00,8466.0,8470.0,8464.0,8466.0,1622.0,557382.0,557636.0
2026-04-08 22:30:00,8466.0,8474.0,8466.0,8472.0,2380.0,557636.0,557824.0
2026-04-08 22:35:00,8472.0,8478.0,8470.0,8478.0,2756.0,557824.0,558166.0
2026-04-08 22:40:00,8478.0,8478.0,8470.0,8474.0,1471.0,558166.0,558367.0
2026-04-08 22:45:00,8474.0,8482.0,8472.0,8476.0,2742.0,558367.0,558539.0
2026-04-08 22:50:00,8476.0,8480.0,8470.0,8474.0,2919.0,558539.0,558390.0
2026-04-08 22:55:00,8474.0,8478.0,8472.0,8478.0,1968.0,558390.0,558041.0
2026-04-09 09:00:00,8490.0,8498.0,8486.0,8490.0,11661.0,558041.0,557527.0
2026-04-09 09:05:00,8490.0,8490.0,8480.0,8482.0,4669.0,557527.0,557042.0
2026-04-09 09:10:00,8482.0,8496.0,8480.0,8496.0,3867.0,557042.0,556678.0
2026-04-09 09:15:00,8496.0,8498.0,8488.0,8490.0,2895.0,556678.0,556988.0
2026-04-09 09:20:00,8490.0,8490.0,8484.0,8484.0,1552.0,556988.0,556993.0
2026-04-09 09:25:00,8484.0,8486.0,8482.0,8482.0,1256.0,556993.0,556754.0
2026-04-09 09:30:00,8482.0,8486.0,8476.0,8478.0,2517.0,556754.0,556797.0
2026-04-09 09:35:00,8478.0,8486.0,8478.0,8486.0,1906.0,556797.0,556830.0
2026-04-09 09:40:00,8486.0,8486.0,8476.0,8476.0,2260.0,556830.0,556894.0
2026-04-09 09:45:00,8476.0,8478.0,8472.0,8476.0,2033.0,556894.0,556650.0
2026-04-09 09:50:00,8476.0,8476.0,8462.0,8464.0,2608.0,556650.0,556623.0
2026-04-09 09:55:00,8464.0,8464.0,8456.0,8456.0,3566.0,556623.0,556893.0
2026-04-09 10:00:00,8456.0,8464.0,8456.0,8462.0,1955.0,556893.0,556952.0
2026-04-09 10:05:00,8462.0,8468.0,8460.0,8462.0,2836.0,556952.0,556504.0
2026-04-09 10:10:00,8462.0,8470.0,8462.0,8468.0,1561.0,556504.0,556111.0
2026-04-09 10:30:00,8466.0,8468.0,8460.0,8464.0,3081.0,556111.0,555655.0
2026-04-09 10:35:00,8464.0,8466.0,8458.0,8462.0,2518.0,555655.0,555676.0
2026-04-09 10:40:00,8462.0,8470.0,8460.0,8466.0,1217.0,555676.0,555608.0
2026-04-09 10:45:00,8466.0,8474.0,8464.0,8474.0,4291.0,555608.0,556612.0
2026-04-09 10:50:00,8474.0,8484.0,8474.0,8480.0,3402.0,556612.0,556127.0
2026-04-09 10:55:00,8480.0,8482.0,8472.0,8482.0,1699.0,556127.0,556036.0
2026-04-09 11:00:00,8482.0,8488.0,8480.0,8486.0,2658.0,556036.0,555525.0
2026-04-09 11:05:00,8486.0,8492.0,8482.0,8482.0,2587.0,555525.0,554930.0
2026-04-09 11:10:00,8482.0,8488.0,8482.0,8486.0,1818.0,554930.0,554830.0
2026-04-09 11:15:00,8486.0,8488.0,8484.0,8486.0,1860.0,554830.0,554396.0
2026-04-09 11:20:00,8486.0,8500.0,8484.0,8498.0,4159.0,554396.0,554228.0
2026-04-09 11:25:00,8498.0,8500.0,8490.0,8496.0,2746.0,554228.0,553989.0
2026-04-09 13:30:00,8496.0,8508.0,8496.0,8504.0,6426.0,553989.0,555002.0
2026-04-09 13:35:00,8504.0,8514.0,8500.0,8502.0,6033.0,555002.0,555109.0
2026-04-09 13:40:00,8502.0,8508.0,8502.0,8504.0,1944.0,555109.0,555074.0
2026-04-09 13:45:00,8504.0,8506.0,8500.0,8506.0,1230.0,555074.0,555114.0
2026-04-09 13:50:00,8506.0,8508.0,8502.0,8504.0,1714.0,555114.0,555175.0
2026-04-09 13:55:00,8504.0,8506.0,8498.0,8502.0,2229.0,555175.0,555259.0
2026-04-09 14:00:00,8502.0,8506.0,8500.0,8502.0,1445.0,555259.0,555309.0
2026-04-09 14:05:00,8502.0,8508.0,8500.0,8506.0,912.0,555309.0,555359.0
2026-04-09 14:10:00,8506.0,8506.0,8498.0,8502.0,1854.0,555359.0,554985.0
2026-04-09 14:15:00,8502.0,8506.0,8500.0,8504.0,1505.0,554985.0,555046.0
2026-04-09 14:20:00,8504.0,8506.0,8500.0,8506.0,1277.0,555046.0,555282.0
2026-04-09 14:25:00,8506.0,8508.0,8500.0,8504.0,1531.0,555282.0,555613.0
2026-04-09 14:30:00,8504.0,8506.0,8498.0,8500.0,1646.0,555613.0,555698.0
2026-04-09 14:35:00,8500.0,8500.0,8490.0,8490.0,2603.0,555698.0,555195.0
2026-04-09 14:40:00,8490.0,8496.0,8484.0,8492.0,2623.0,555195.0,555205.0
2026-04-09 14:45:00,8492.0,8498.0,8490.0,8496.0,2742.0,555205.0,555530.0
2026-04-09 14:50:00,8496.0,8504.0,8496.0,8500.0,2529.0,555530.0,555917.0
2026-04-09 14:55:00,8500.0,8504.0,8494.0,8496.0,3246.0,555917.0,555300.0
2026-04-09 21:00:00,8522.0,8524.0,8506.0,8516.0,17867.0,555300.0,557269.0
2026-04-09 21:05:00,8516.0,8527.0,8512.0,8525.0,8748.0,557269.0,558252.0
2026-04-09 21:10:00,8525.0,8528.0,8519.0,8522.0,4608.0,558252.0,558733.0
2026-04-09 21:15:00,8522.0,8524.0,8515.0,8516.0,4800.0,558733.0,559132.0
2026-04-09 21:20:00,8516.0,8518.0,8513.0,8518.0,2765.0,559132.0,559240.0
2026-04-09 21:25:00,8518.0,8523.0,8518.0,8522.0,3524.0,559240.0,559576.0
2026-04-09 21:30:00,8522.0,8536.0,8521.0,8536.0,6635.0,559576.0,559585.0
2026-04-09 21:35:00,8536.0,8536.0,8526.0,8527.0,3467.0,559585.0,559752.0
2026-04-09 21:40:00,8527.0,8529.0,8523.0,8529.0,2353.0,559752.0,559609.0
2026-04-09 21:45:00,8529.0,8533.0,8525.0,8529.0,3478.0,559609.0,559502.0
2026-04-09 21:50:00,8529.0,8531.0,8523.0,8526.0,3256.0,559502.0,559259.0
2026-04-09 21:55:00,8526.0,8533.0,8522.0,8532.0,3302.0,559259.0,558534.0
2026-04-09 22:00:00,8532.0,8535.0,8530.0,8534.0,3119.0,558534.0,558867.0
2026-04-09 22:05:00,8534.0,8535.0,8524.0,8524.0,2845.0,558867.0,558981.0
2026-04-09 22:10:00,8524.0,8534.0,8523.0,8532.0,2455.0,558981.0,559085.0
2026-04-09 22:15:00,8532.0,8549.0,8532.0,8545.0,5537.0,559085.0,559568.0
2026-04-09 22:20:00,8545.0,8546.0,8535.0,8540.0,2764.0,559568.0,559543.0
2026-04-09 22:25:00,8540.0,8545.0,8540.0,8543.0,2122.0,559543.0,559650.0
2026-04-09 22:30:00,8543.0,8552.0,8542.0,8547.0,4498.0,559650.0,559916.0
2026-04-09 22:35:00,8547.0,8549.0,8536.0,8540.0,3713.0,559916.0,560466.0
2026-04-09 22:40:00,8540.0,8542.0,8536.0,8540.0,1928.0,560466.0,560635.0
2026-04-09 22:45:00,8540.0,8544.0,8539.0,8539.0,1752.0,560635.0,560941.0
2026-04-09 22:50:00,8539.0,8541.0,8536.0,8537.0,1932.0,560941.0,560853.0
2026-04-09 22:55:00,8537.0,8540.0,8535.0,8538.0,2899.0,560853.0,560296.0
2026-04-10 09:00:00,8519.0,8521.0,8507.0,8512.0,17479.0,560296.0,559486.0
2026-04-10 09:05:00,8512.0,8523.0,8511.0,8516.0,5883.0,559486.0,559462.0
2026-04-10 09:10:00,8516.0,8519.0,8507.0,8510.0,6846.0,559462.0,559658.0
2026-04-10 09:15:00,8510.0,8512.0,8504.0,8509.0,5384.0,559658.0,559296.0
2026-04-10 09:20:00,8509.0,8511.0,8501.0,8506.0,4511.0,559296.0,559872.0
2026-04-10 09:25:00,8506.0,8510.0,8502.0,8509.0,3258.0,559872.0,559936.0
2026-04-10 09:30:00,8509.0,8520.0,8509.0,8517.0,4492.0,559936.0,560483.0
2026-04-10 09:35:00,8517.0,8524.0,8514.0,8524.0,4978.0,560483.0,559277.0
2026-04-10 09:40:00,8524.0,8537.0,8523.0,8534.0,5662.0,559277.0,559719.0
2026-04-10 09:45:00,8534.0,8538.0,8530.0,8533.0,3803.0,559719.0,559659.0
2026-04-10 09:50:00,8533.0,8533.0,8525.0,8525.0,2029.0,559659.0,559389.0
2026-04-10 09:55:00,8525.0,8527.0,8523.0,8524.0,2083.0,559389.0,559495.0
2026-04-10 10:00:00,8524.0,8534.0,8524.0,8528.0,2777.0,559495.0,559746.0
2026-04-10 10:05:00,8528.0,8531.0,8525.0,8528.0,1767.0,559746.0,559737.0
2026-04-10 10:10:00,8528.0,8529.0,8519.0,8521.0,2193.0,559737.0,559756.0
2026-04-10 10:30:00,8521.0,8525.0,8509.0,8514.0,5693.0,559756.0,560159.0
2026-04-10 10:35:00,8514.0,8525.0,8513.0,8514.0,3143.0,560159.0,560511.0
2026-04-10 10:40:00,8514.0,8515.0,8512.0,8513.0,1832.0,560511.0,560501.0
2026-04-10 10:45:00,8513.0,8519.0,8512.0,8514.0,1883.0,560501.0,560641.0
2026-04-10 10:50:00,8514.0,8514.0,8506.0,8507.0,3962.0,560641.0,561529.0
2026-04-10 10:55:00,8507.0,8511.0,8502.0,8511.0,4012.0,561529.0,561680.0
2026-04-10 11:00:00,8511.0,8518.0,8506.0,8508.0,3617.0,561680.0,562262.0
2026-04-10 11:05:00,8508.0,8512.0,8506.0,8509.0,2335.0,562262.0,561996.0
2026-04-10 11:10:00,8509.0,8512.0,8503.0,8509.0,2354.0,561996.0,562133.0
2026-04-10 11:15:00,8509.0,8514.0,8506.0,8512.0,2092.0,562133.0,562412.0
2026-04-10 11:20:00,8512.0,8518.0,8511.0,8516.0,2801.0,562412.0,562457.0
2026-04-10 11:25:00,8516.0,8527.0,8515.0,8524.0,3862.0,562457.0,562596.0
2026-04-10 13:30:00,8516.0,8526.0,8506.0,8512.0,7314.0,562596.0,562462.0
2026-04-10 13:35:00,8512.0,8516.0,8509.0,8509.0,2073.0,562462.0,562738.0
2026-04-10 13:40:00,8509.0,8512.0,8505.0,8509.0,3896.0,562738.0,563027.0
2026-04-10 13:45:00,8509.0,8517.0,8509.0,8514.0,2627.0,563027.0,563077.0
2026-04-10 13:50:00,8514.0,8517.0,8512.0,8515.0,2457.0,563077.0,563098.0
2026-04-10 13:55:00,8515.0,8528.0,8515.0,8524.0,3342.0,563098.0,563199.0
2026-04-10 14:00:00,8524.0,8530.0,8522.0,8523.0,2641.0,563199.0,563342.0
2026-04-10 14:05:00,8523.0,8523.0,8516.0,8517.0,1889.0,563342.0,563284.0
2026-04-10 14:10:00,8517.0,8520.0,8516.0,8519.0,2397.0,563284.0,563473.0
2026-04-10 14:15:00,8519.0,8523.0,8518.0,8522.0,1704.0,563473.0,563985.0
2026-04-10 14:20:00,8522.0,8525.0,8519.0,8520.0,1663.0,563985.0,564425.0
2026-04-10 14:25:00,8520.0,8525.0,8518.0,8522.0,1507.0,564425.0,564608.0
2026-04-10 14:30:00,8522.0,8525.0,8512.0,8514.0,2691.0,564608.0,564828.0
2026-04-10 14:35:00,8514.0,8515.0,8508.0,8509.0,2983.0,564828.0,564872.0
2026-04-10 14:40:00,8509.0,8512.0,8506.0,8508.0,2531.0,564872.0,565179.0
2026-04-10 14:45:00,8508.0,8509.0,8503.0,8503.0,3828.0,565179.0,565339.0
2026-04-10 14:50:00,8503.0,8508.0,8501.0,8506.0,3558.0,565339.0,565182.0
2026-04-10 14:55:00,8506.0,8508.0,8503.0,8506.0,2965.0,565182.0,564867.0
2026-04-10 21:00:00,8482.0,8483.0,8472.0,8475.0,16399.0,564867.0,564318.0
2026-04-10 21:05:00,8475.0,8484.0,8469.0,8477.0,7738.0,564318.0,563997.0
2026-04-10 21:10:00,8477.0,8481.0,8475.0,8481.0,4014.0,563997.0,564300.0
2026-04-10 21:15:00,8481.0,8485.0,8479.0,8484.0,3685.0,564300.0,564216.0
2026-04-10 21:20:00,8484.0,8486.0,8474.0,8476.0,4245.0,564216.0,564674.0
2026-04-10 21:25:00,8476.0,8476.0,8470.0,8474.0,4322.0,564674.0,564440.0
2026-04-10 21:30:00,8474.0,8474.0,8464.0,8468.0,9035.0,564440.0,564829.0
2026-04-10 21:35:00,8468.0,8470.0,8461.0,8464.0,5872.0,564829.0,564616.0
2026-04-10 21:40:00,8464.0,8481.0,8462.0,8480.0,6097.0,564616.0,564382.0
2026-04-10 21:45:00,8480.0,8481.0,8468.0,8470.0,3478.0,564382.0,564274.0
2026-04-10 21:50:00,8470.0,8473.0,8464.0,8468.0,2643.0,564274.0,564542.0
2026-04-10 21:55:00,8468.0,8469.0,8465.0,8465.0,1375.0,564542.0,564626.0
2026-04-10 22:00:00,8465.0,8475.0,8464.0,8474.0,2012.0,564626.0,564780.0
2026-04-10 22:05:00,8474.0,8482.0,8472.0,8479.0,2738.0,564780.0,564814.0
2026-04-10 22:10:00,8479.0,8480.0,8471.0,8472.0,1727.0,564814.0,564793.0
2026-04-10 22:15:00,8472.0,8473.0,8468.0,8471.0,1676.0,564793.0,564670.0
2026-04-10 22:20:00,8471.0,8477.0,8471.0,8473.0,1226.0,564670.0,564585.0
2026-04-10 22:25:00,8473.0,8473.0,8466.0,8469.0,2366.0,564585.0,565044.0
2026-04-10 22:30:00,8469.0,8470.0,8465.0,8469.0,1698.0,565044.0,564760.0
2026-04-10 22:35:00,8469.0,8470.0,8461.0,8468.0,2475.0,564760.0,564965.0
2026-04-10 22:40:00,8468.0,8469.0,8462.0,8466.0,1616.0,564965.0,565012.0
2026-04-10 22:45:00,8466.0,8470.0,8465.0,8467.0,1522.0,565012.0,564881.0
2026-04-10 22:50:00,8467.0,8470.0,8464.0,8464.0,2046.0,564881.0,564593.0
2026-04-10 22:55:00,8464.0,8467.0,8460.0,8463.0,2721.0,564593.0,564300.0
2026-04-13 09:00:00,8523.0,8539.0,8514.0,8517.0,24889.0,564300.0,561917.0
2026-04-13 09:05:00,8517.0,8520.0,8505.0,8509.0,10180.0,561917.0,560272.0
2026-04-13 09:10:00,8509.0,8511.0,8501.0,8506.0,6263.0,560272.0,560522.0
2026-04-13 09:15:00,8506.0,8510.0,8501.0,8506.0,3778.0,560522.0,560460.0
2026-04-13 09:20:00,8506.0,8506.0,8499.0,8502.0,2944.0,560460.0,560744.0
2026-04-13 09:25:00,8502.0,8512.0,8500.0,8511.0,3299.0,560744.0,561045.0
2026-04-13 09:30:00,8511.0,8523.0,8511.0,8517.0,5389.0,561045.0,561418.0
2026-04-13 09:35:00,8517.0,8524.0,8515.0,8516.0,3416.0,561418.0,561727.0
2026-04-13 09:40:00,8516.0,8519.0,8511.0,8511.0,2684.0,561727.0,561599.0
2026-04-13 09:45:00,8511.0,8520.0,8511.0,8519.0,3530.0,561599.0,562219.0
2026-04-13 09:50:00,8519.0,8521.0,8511.0,8511.0,2107.0,562219.0,562242.0
2026-04-13 09:55:00,8511.0,8513.0,8509.0,8511.0,1626.0,562242.0,562207.0
2026-04-13 10:00:00,8511.0,8514.0,8511.0,8513.0,1701.0,562207.0,562201.0
2026-04-13 10:05:00,8513.0,8522.0,8513.0,8519.0,2475.0,562201.0,562193.0
2026-04-13 10:10:00,8519.0,8526.0,8518.0,8523.0,2831.0,562193.0,562567.0
2026-04-13 10:30:00,8523.0,8524.0,8515.0,8517.0,4691.0,562567.0,562422.0
2026-04-13 10:35:00,8517.0,8526.0,8514.0,8524.0,2419.0,562422.0,562597.0
2026-04-13 10:40:00,8524.0,8524.0,8518.0,8520.0,1706.0,562597.0,562847.0
2026-04-13 10:45:00,8520.0,8523.0,8518.0,8523.0,2338.0,562847.0,563114.0
2026-04-13 10:50:00,8523.0,8526.0,8516.0,8520.0,2766.0,563114.0,563620.0
2026-04-13 10:55:00,8520.0,8521.0,8516.0,8520.0,1909.0,563620.0,563374.0
2026-04-13 11:00:00,8520.0,8528.0,8519.0,8527.0,2206.0,563374.0,563812.0
2026-04-13 11:05:00,8527.0,8529.0,8519.0,8519.0,2427.0,563812.0,564252.0
2026-04-13 11:10:00,8519.0,8532.0,8519.0,8530.0,4688.0,564252.0,565457.0
2026-04-13 11:15:00,8530.0,8534.0,8529.0,8533.0,1833.0,565457.0,565899.0
2026-04-13 11:20:00,8533.0,8539.0,8532.0,8537.0,2901.0,565899.0,566512.0
2026-04-13 11:25:00,8537.0,8539.0,8532.0,8532.0,1957.0,566512.0,566692.0
2026-04-13 13:30:00,8529.0,8531.0,8518.0,8520.0,4295.0,566692.0,566087.0
2026-04-13 13:35:00,8520.0,8520.0,8512.0,8515.0,2239.0,566087.0,565911.0
2026-04-13 13:40:00,8515.0,8517.0,8510.0,8513.0,1892.0,565911.0,565917.0
2026-04-13 13:45:00,8513.0,8517.0,8510.0,8517.0,1951.0,565917.0,565864.0
2026-04-13 13:50:00,8517.0,8520.0,8516.0,8518.0,1755.0,565864.0,565955.0
2026-04-13 13:55:00,8518.0,8519.0,8513.0,8516.0,1741.0,565955.0,566029.0
2026-04-13 14:00:00,8516.0,8516.0,8507.0,8509.0,3382.0,566029.0,565884.0
2026-04-13 14:05:00,8509.0,8510.0,8503.0,8504.0,3035.0,565884.0,566466.0
2026-04-13 14:10:00,8504.0,8512.0,8501.0,8508.0,5930.0,566466.0,565829.0
2026-04-13 14:15:00,8508.0,8511.0,8502.0,8508.0,3258.0,565829.0,565986.0
2026-04-13 14:20:00,8508.0,8510.0,8501.0,8501.0,4261.0,565986.0,565971.0
2026-04-13 14:25:00,8501.0,8503.0,8496.0,8500.0,3420.0,565971.0,566199.0
2026-04-13 14:30:00,8500.0,8502.0,8493.0,8494.0,3106.0,566199.0,566191.0
2026-04-13 14:35:00,8494.0,8499.0,8488.0,8498.0,3665.0,566191.0,566736.0
2026-04-13 14:40:00,8498.0,8499.0,8494.0,8496.0,2039.0,566736.0,567041.0
2026-04-13 14:45:00,8496.0,8497.0,8490.0,8493.0,2032.0,567041.0,567184.0
2026-04-13 14:50:00,8493.0,8494.0,8487.0,8487.0,2417.0,567184.0,566862.0
2026-04-13 14:55:00,8487.0,8493.0,8485.0,8487.0,4681.0,566862.0,565685.0
2026-04-13 21:00:00,8496.0,8507.0,8484.0,8488.0,13250.0,565685.0,566799.0
2026-04-13 21:05:00,8488.0,8493.0,8481.0,8489.0,5795.0,566799.0,567561.0
2026-04-13 21:10:00,8489.0,8496.0,8489.0,8494.0,3763.0,567561.0,567327.0
2026-04-13 21:15:00,8494.0,8502.0,8491.0,8496.0,5697.0,567327.0,568114.0
2026-04-13 21:20:00,8496.0,8497.0,8489.0,8491.0,2527.0,568114.0,568543.0
2026-04-13 21:25:00,8491.0,8494.0,8489.0,8492.0,2898.0,568543.0,569174.0
2026-04-13 21:30:00,8492.0,8492.0,8486.0,8488.0,2642.0,569174.0,569400.0
2026-04-13 21:35:00,8488.0,8499.0,8488.0,8496.0,3061.0,569400.0,570033.0
2026-04-13 21:40:00,8496.0,8514.0,8496.0,8514.0,7852.0,570033.0,570760.0
2026-04-13 21:45:00,8514.0,8516.0,8492.0,8493.0,5200.0,570760.0,570706.0
2026-04-13 21:50:00,8493.0,8495.0,8483.0,8484.0,7757.0,570706.0,571503.0
2026-04-13 21:55:00,8484.0,8484.0,8472.0,8477.0,7747.0,571503.0,571605.0
2026-04-13 22:00:00,8477.0,8483.0,8470.0,8479.0,4432.0,571605.0,571926.0
2026-04-13 22:05:00,8479.0,8483.0,8474.0,8482.0,2718.0,571926.0,572066.0
2026-04-13 22:10:00,8482.0,8483.0,8476.0,8476.0,2584.0,572066.0,572271.0
2026-04-13 22:15:00,8476.0,8479.0,8474.0,8476.0,1785.0,572271.0,572456.0
2026-04-13 22:20:00,8476.0,8482.0,8475.0,8479.0,1532.0,572456.0,572377.0
2026-04-13 22:25:00,8479.0,8487.0,8479.0,8485.0,2185.0,572377.0,572260.0
2026-04-13 22:30:00,8485.0,8487.0,8477.0,8478.0,1598.0,572260.0,572560.0
2026-04-13 22:35:00,8478.0,8478.0,8473.0,8476.0,2258.0,572560.0,572167.0
2026-04-13 22:40:00,8476.0,8487.0,8473.0,8483.0,2342.0,572167.0,572189.0
2026-04-13 22:45:00,8483.0,8490.0,8483.0,8489.0,2365.0,572189.0,571614.0
2026-04-13 22:50:00,8489.0,8491.0,8486.0,8487.0,1461.0,571614.0,571298.0
2026-04-13 22:55:00,8487.0,8488.0,8484.0,8488.0,1668.0,571298.0,571224.0
2026-04-14 09:00:00,8447.0,8451.0,8431.0,8441.0,22522.0,571224.0,572460.0
2026-04-14 09:05:00,8441.0,8443.0,8432.0,8438.0,8328.0,572460.0,572351.0
2026-04-14 09:10:00,8438.0,8441.0,8430.0,8435.0,7069.0,572351.0,572031.0
2026-04-14 09:15:00,8435.0,8447.0,8431.0,8447.0,5762.0,572031.0,571793.0
2026-04-14 09:20:00,8447.0,8448.0,8440.0,8443.0,4501.0,571793.0,571202.0
2026-04-14 09:25:00,8443.0,8447.0,8439.0,8446.0,2590.0,571202.0,571151.0
2026-04-14 09:30:00,8446.0,8448.0,8443.0,8448.0,2318.0,571151.0,571132.0
2026-04-14 09:35:00,8448.0,8452.0,8445.0,8449.0,3427.0,571132.0,571541.0
2026-04-14 09:40:00,8449.0,8450.0,8441.0,8442.0,2479.0,571541.0,571703.0
2026-04-14 09:45:00,8442.0,8450.0,8440.0,8448.0,2536.0,571703.0,571675.0
2026-04-14 09:50:00,8448.0,8448.0,8438.0,8440.0,3613.0,571675.0,571487.0
2026-04-14 09:55:00,8440.0,8444.0,8436.0,8443.0,1983.0,571487.0,571342.0
2026-04-14 10:00:00,8443.0,8447.0,8440.0,8443.0,2738.0,571342.0,570945.0
2026-04-14 10:05:00,8443.0,8443.0,8433.0,8437.0,2473.0,570945.0,570992.0
2026-04-14 10:10:00,8437.0,8443.0,8436.0,8443.0,1401.0,570992.0,571094.0
2026-04-14 10:30:00,8443.0,8443.0,8434.0,8436.0,3637.0,571094.0,571270.0
2026-04-14 10:35:00,8436.0,8441.0,8435.0,8438.0,1561.0,571270.0,571150.0
2026-04-14 10:40:00,8438.0,8446.0,8436.0,8444.0,1922.0,571150.0,571130.0
2026-04-14 10:45:00,8444.0,8448.0,8438.0,8439.0,2542.0,571130.0,571548.0
2026-04-14 10:50:00,8439.0,8441.0,8431.0,8434.0,4780.0,571548.0,571326.0
2026-04-14 10:55:00,8434.0,8435.0,8426.0,8433.0,5044.0,571326.0,571730.0
2026-04-14 11:00:00,8433.0,8434.0,8428.0,8430.0,2364.0,571730.0,571778.0
2026-04-14 11:05:00,8430.0,8438.0,8428.0,8436.0,1872.0,571778.0,571423.0
2026-04-14 11:10:00,8436.0,8438.0,8430.0,8432.0,2057.0,571423.0,571825.0
2026-04-14 11:15:00,8432.0,8442.0,8432.0,8441.0,3285.0,571825.0,572184.0
2026-04-14 11:20:00,8441.0,8444.0,8436.0,8440.0,2143.0,572184.0,572409.0
2026-04-14 11:25:00,8440.0,8442.0,8438.0,8438.0,1362.0,572409.0,572286.0
2026-04-14 13:30:00,8438.0,8440.0,8433.0,8439.0,2793.0,572286.0,572672.0
2026-04-14 13:35:00,8439.0,8442.0,8439.0,8439.0,1948.0,572672.0,572804.0
2026-04-14 13:40:00,8439.0,8446.0,8439.0,8445.0,1937.0,572804.0,572864.0
2026-04-14 13:45:00,8445.0,8446.0,8437.0,8438.0,2739.0,572864.0,572741.0
2026-04-14 13:50:00,8438.0,8441.0,8436.0,8441.0,1961.0,572741.0,572666.0
2026-04-14 13:55:00,8441.0,8443.0,8439.0,8442.0,1417.0,572666.0,572683.0
2026-04-14 14:00:00,8442.0,8444.0,8437.0,8444.0,1874.0,572683.0,572750.0
2026-04-14 14:05:00,8444.0,8450.0,8443.0,8449.0,2579.0,572750.0,573131.0
2026-04-14 14:10:00,8449.0,8460.0,8449.0,8458.0,5319.0,573131.0,573960.0
2026-04-14 14:15:00,8458.0,8459.0,8454.0,8456.0,1984.0,573960.0,573959.0
2026-04-14 14:20:00,8456.0,8461.0,8455.0,8459.0,2334.0,573959.0,573771.0
2026-04-14 14:25:00,8459.0,8463.0,8459.0,8461.0,2242.0,573771.0,573759.0
2026-04-14 14:30:00,8461.0,8464.0,8457.0,8459.0,3110.0,573759.0,573804.0
2026-04-14 14:35:00,8459.0,8462.0,8452.0,8456.0,2277.0,573804.0,574146.0
2026-04-14 14:40:00,8456.0,8458.0,8454.0,8456.0,1801.0,574146.0,574505.0
2026-04-14 14:45:00,8456.0,8465.0,8456.0,8464.0,2424.0,574505.0,574612.0
2026-04-14 14:50:00,8464.0,8464.0,8460.0,8462.0,3513.0,574612.0,574366.0
2026-04-14 14:55:00,8462.0,8462.0,8456.0,8458.0,4102.0,574366.0,573351.0
2026-04-14 21:00:00,8446.0,8447.0,8426.0,8435.0,20458.0,573351.0,574807.0
2026-04-14 21:05:00,8435.0,8439.0,8430.0,8431.0,6473.0,574807.0,575200.0
2026-04-14 21:10:00,8431.0,8431.0,8422.0,8427.0,8098.0,575200.0,575640.0
2026-04-14 21:15:00,8427.0,8428.0,8409.0,8412.0,11964.0,575640.0,576267.0
2026-04-14 21:20:00,8412.0,8415.0,8408.0,8409.0,5232.0,576267.0,576289.0
2026-04-14 21:25:00,8409.0,8413.0,8402.0,8408.0,5447.0,576289.0,576983.0
2026-04-14 21:30:00,8408.0,8412.0,8402.0,8404.0,6447.0,576983.0,578788.0
2026-04-14 21:35:00,8404.0,8404.0,8393.0,8394.0,8418.0,578788.0,579775.0
2026-04-14 21:40:00,8394.0,8397.0,8388.0,8391.0,6858.0,579775.0,579737.0
2026-04-14 21:45:00,8391.0,8398.0,8386.0,8386.0,4863.0,579737.0,579103.0
2026-04-14 21:50:00,8386.0,8397.0,8386.0,8392.0,4084.0,579103.0,578771.0
2026-04-14 21:55:00,8392.0,8398.0,8390.0,8394.0,2888.0,578771.0,578874.0
2026-04-14 22:00:00,8394.0,8398.0,8384.0,8389.0,5588.0,578874.0,579487.0
2026-04-14 22:05:00,8389.0,8397.0,8385.0,8386.0,3036.0,579487.0,579435.0
2026-04-14 22:10:00,8386.0,8389.0,8383.0,8385.0,3812.0,579435.0,579505.0
2026-04-14 22:15:00,8385.0,8392.0,8384.0,8388.0,2434.0,579505.0,579821.0
2026-04-14 22:20:00,8388.0,8395.0,8388.0,8392.0,3164.0,579821.0,580012.0
2026-04-14 22:25:00,8392.0,8396.0,8387.0,8390.0,1979.0,580012.0,580123.0
2026-04-14 22:30:00,8390.0,8391.0,8385.0,8385.0,2277.0,580123.0,580011.0
2026-04-14 22:35:00,8385.0,8393.0,8383.0,8392.0,1781.0,580011.0,580038.0
2026-04-14 22:40:00,8392.0,8395.0,8388.0,8390.0,1645.0,580038.0,580231.0
2026-04-14 22:45:00,8390.0,8393.0,8388.0,8390.0,2188.0,580231.0,580244.0
2026-04-14 22:50:00,8390.0,8392.0,8387.0,8389.0,1913.0,580244.0,580212.0
2026-04-14 22:55:00,8389.0,8390.0,8383.0,8385.0,3118.0,580212.0,579338.0
2026-04-15 09:00:00,8382.0,8395.0,8374.0,8393.0,9241.0,579338.0,578604.0
2026-04-15 09:05:00,8393.0,8396.0,8378.0,8379.0,4972.0,578604.0,578831.0
2026-04-15 09:10:00,8379.0,8382.0,8370.0,8373.0,6417.0,578831.0,578542.0
2026-04-15 09:15:00,8373.0,8375.0,8359.0,8366.0,9702.0,578542.0,577759.0
2026-04-15 09:20:00,8366.0,8368.0,8358.0,8367.0,5715.0,577759.0,577862.0
2026-04-15 09:25:00,8367.0,8368.0,8359.0,8367.0,4774.0,577862.0,577660.0
2026-04-15 09:30:00,8367.0,8371.0,8362.0,8367.0,3752.0,577660.0,578019.0
2026-04-15 09:35:00,8367.0,8375.0,8366.0,8373.0,2397.0,578019.0,577921.0
2026-04-15 09:40:00,8373.0,8377.0,8371.0,8374.0,2676.0,577921.0,578237.0
2026-04-15 09:45:00,8374.0,8379.0,8371.0,8377.0,2305.0,578237.0,578111.0
2026-04-15 09:50:00,8377.0,8384.0,8373.0,8382.0,5386.0,578111.0,578936.0
2026-04-15 09:55:00,8382.0,8389.0,8380.0,8387.0,3120.0,578936.0,579143.0
2026-04-15 10:00:00,8387.0,8392.0,8385.0,8387.0,3841.0,579143.0,579175.0
2026-04-15 10:05:00,8387.0,8388.0,8383.0,8386.0,2928.0,579175.0,579860.0
2026-04-15 10:10:00,8386.0,8392.0,8385.0,8390.0,3877.0,579860.0,581330.0
2026-04-15 10:30:00,8390.0,8404.0,8390.0,8402.0,8111.0,581330.0,581112.0
2026-04-15 10:35:00,8402.0,8406.0,8399.0,8401.0,3730.0,581112.0,581085.0
2026-04-15 10:40:00,8401.0,8409.0,8400.0,8406.0,3676.0,581085.0,580755.0
2026-04-15 10:45:00,8406.0,8407.0,8396.0,8399.0,3201.0,580755.0,580808.0
2026-04-15 10:50:00,8399.0,8404.0,8397.0,8398.0,2434.0,580808.0,580893.0
2026-04-15 10:55:00,8398.0,8409.0,8398.0,8408.0,2272.0,580893.0,581056.0
2026-04-15 11:00:00,8408.0,8408.0,8401.0,8404.0,1700.0,581056.0,581235.0
2026-04-15 11:05:00,8404.0,8407.0,8402.0,8406.0,1268.0,581235.0,581149.0
2026-04-15 11:10:00,8406.0,8408.0,8403.0,8406.0,1695.0,581149.0,581165.0
2026-04-15 11:15:00,8406.0,8409.0,8402.0,8404.0,3386.0,581165.0,581946.0
2026-04-15 11:20:00,8404.0,8404.0,8396.0,8402.0,1884.0,581946.0,581623.0
2026-04-15 11:25:00,8402.0,8403.0,8400.0,8400.0,1636.0,581623.0,581639.0
2026-04-15 13:30:00,8403.0,8409.0,8401.0,8403.0,3194.0,581639.0,581782.0
2026-04-15 13:35:00,8403.0,8408.0,8400.0,8406.0,1708.0,581782.0,581984.0
2026-04-15 13:40:00,8406.0,8413.0,8406.0,8410.0,2654.0,581984.0,582038.0
2026-04-15 13:45:00,8410.0,8416.0,8408.0,8410.0,3409.0,582038.0,581808.0
2026-04-15 13:50:00,8410.0,8411.0,8404.0,8409.0,2673.0,581808.0,581484.0
2026-04-15 13:55:00,8409.0,8418.0,8408.0,8413.0,3265.0,581484.0,581971.0
2026-04-15 14:00:00,8413.0,8415.0,8409.0,8415.0,1378.0,581971.0,581794.0
2026-04-15 14:05:00,8415.0,8418.0,8412.0,8416.0,2714.0,581794.0,581766.0
2026-04-15 14:10:00,8416.0,8417.0,8411.0,8414.0,3769.0,581766.0,582303.0
2026-04-15 14:15:00,8414.0,8415.0,8409.0,8412.0,3485.0,582303.0,582805.0
2026-04-15 14:20:00,8412.0,8415.0,8409.0,8415.0,1345.0,582805.0,582906.0
2026-04-15 14:25:00,8415.0,8419.0,8412.0,8415.0,1766.0,582906.0,582719.0
2026-04-15 14:30:00,8415.0,8419.0,8415.0,8419.0,1729.0,582719.0,582851.0
2026-04-15 14:35:00,8419.0,8425.0,8417.0,8424.0,3807.0,582851.0,583251.0
2026-04-15 14:40:00,8424.0,8428.0,8423.0,8426.0,2432.0,583251.0,583806.0
2026-04-15 14:45:00,8426.0,8427.0,8420.0,8422.0,2320.0,583806.0,583817.0
2026-04-15 14:50:00,8422.0,8422.0,8416.0,8421.0,3257.0,583817.0,583856.0
2026-04-15 14:55:00,8421.0,8425.0,8419.0,8425.0,3494.0,583856.0,583854.0
2026-04-15 21:00:00,8435.0,8441.0,8416.0,8425.0,15458.0,583854.0,583105.0
2026-04-15 21:05:00,8425.0,8429.0,8423.0,8427.0,4253.0,583105.0,584011.0
2026-04-15 21:10:00,8427.0,8427.0,8420.0,8422.0,2414.0,584011.0,584251.0
2026-04-15 21:15:00,8422.0,8422.0,8411.0,8412.0,4422.0,584251.0,584625.0
2026-04-15 21:20:00,8412.0,8412.0,8400.0,8406.0,5283.0,584625.0,584599.0
2026-04-15 21:25:00,8406.0,8413.0,8405.0,8411.0,2958.0,584599.0,585009.0
2026-04-15 21:30:00,8411.0,8412.0,8402.0,8408.0,3470.0,585009.0,585113.0
2026-04-15 21:35:00,8408.0,8408.0,8396.0,8398.0,3641.0,585113.0,585130.0
2026-04-15 21:40:00,8398.0,8401.0,8395.0,8396.0,3099.0,585130.0,585208.0
2026-04-15 21:45:00,8396.0,8399.0,8394.0,8396.0,2671.0,585208.0,584870.0
2026-04-15 21:50:00,8396.0,8400.0,8393.0,8398.0,2223.0,584870.0,584744.0
2026-04-15 21:55:00,8398.0,8405.0,8397.0,8399.0,2654.0,584744.0,584544.0
2026-04-15 22:00:00,8399.0,8407.0,8399.0,8404.0,2094.0,584544.0,584697.0
2026-04-15 22:05:00,8404.0,8407.0,8401.0,8406.0,1365.0,584697.0,584607.0
2026-04-15 22:10:00,8406.0,8411.0,8405.0,8405.0,2183.0,584607.0,585085.0
2026-04-15 22:15:00,8405.0,8406.0,8402.0,8404.0,1358.0,585085.0,585221.0
2026-04-15 22:20:00,8404.0,8408.0,8399.0,8402.0,2120.0,585221.0,585540.0
2026-04-15 22:25:00,8402.0,8403.0,8396.0,8396.0,1662.0,585540.0,585636.0
2026-04-15 22:30:00,8396.0,8409.0,8396.0,8408.0,2522.0,585636.0,585617.0
2026-04-15 22:35:00,8408.0,8414.0,8406.0,8412.0,1952.0,585617.0,585680.0
2026-04-15 22:40:00,8412.0,8416.0,8410.0,8411.0,2068.0,585680.0,585558.0
2026-04-15 22:45:00,8411.0,8413.0,8408.0,8411.0,2388.0,585558.0,585065.0
2026-04-15 22:50:00,8411.0,8415.0,8407.0,8408.0,2272.0,585065.0,585031.0
2026-04-15 22:55:00,8408.0,8414.0,8405.0,8414.0,2259.0,585031.0,585218.0
2026-04-16 09:00:00,8420.0,8421.0,8402.0,8405.0,7870.0,585218.0,586088.0
2026-04-16 09:05:00,8405.0,8415.0,8405.0,8407.0,4738.0,586088.0,587092.0
2026-04-16 09:10:00,8407.0,8415.0,8405.0,8413.0,4730.0,587092.0,588515.0
2026-04-16 09:15:00,8413.0,8415.0,8411.0,8412.0,1717.0,588515.0,588485.0
2026-04-16 09:20:00,8412.0,8415.0,8409.0,8413.0,1538.0,588485.0,588548.0
2026-04-16 09:25:00,8413.0,8413.0,8407.0,8413.0,2810.0,588548.0,588041.0
2026-04-16 09:30:00,8413.0,8420.0,8412.0,8418.0,2673.0,588041.0,588299.0
2026-04-16 09:35:00,8418.0,8429.0,8417.0,8427.0,3919.0,588299.0,588622.0
2026-04-16 09:40:00,8427.0,8435.0,8424.0,8434.0,3986.0,588622.0,589496.0
2026-04-16 09:45:00,8434.0,8439.0,8432.0,8437.0,3907.0,589496.0,589861.0
2026-04-16 09:50:00,8437.0,8447.0,8436.0,8446.0,5810.0,589861.0,589839.0
2026-04-16 09:55:00,8446.0,8449.0,8441.0,8444.0,6319.0,589839.0,592395.0
2026-04-16 10:00:00,8444.0,8446.0,8436.0,8439.0,3511.0,592395.0,592604.0
2026-04-16 10:05:00,8439.0,8442.0,8437.0,8438.0,1847.0,592604.0,592769.0
2026-04-16 10:10:00,8438.0,8444.0,8434.0,8443.0,2202.0,592769.0,592693.0
2026-04-16 10:30:00,8446.0,8448.0,8438.0,8439.0,2775.0,592693.0,592789.0
2026-04-16 10:35:00,8439.0,8445.0,8439.0,8443.0,2025.0,592789.0,592858.0
2026-04-16 10:40:00,8443.0,8443.0,8432.0,8435.0,2094.0,592858.0,592831.0
2026-04-16 10:45:00,8435.0,8436.0,8427.0,8429.0,3226.0,592831.0,592634.0
2026-04-16 10:50:00,8429.0,8432.0,8425.0,8429.0,1891.0,592634.0,592484.0
2026-04-16 10:55:00,8429.0,8434.0,8428.0,8432.0,1516.0,592484.0,592723.0
2026-04-16 11:00:00,8432.0,8434.0,8426.0,8433.0,1816.0,592723.0,592922.0
2026-04-16 11:05:00,8433.0,8435.0,8430.0,8432.0,862.0,592922.0,592966.0
2026-04-16 11:10:00,8432.0,8435.0,8429.0,8433.0,1433.0,592966.0,593105.0
2026-04-16 11:15:00,8433.0,8434.0,8431.0,8434.0,1018.0,593105.0,593149.0
2026-04-16 11:20:00,8434.0,8441.0,8432.0,8437.0,2919.0,593149.0,593773.0
2026-04-16 11:25:00,8437.0,8439.0,8435.0,8439.0,1161.0,593773.0,593762.0
2026-04-16 13:30:00,8434.0,8437.0,8424.0,8427.0,3501.0,593762.0,593972.0
2026-04-16 13:35:00,8427.0,8438.0,8425.0,8435.0,3229.0,593972.0,593875.0
2026-04-16 13:40:00,8435.0,8438.0,8433.0,8438.0,1297.0,593875.0,594117.0
2026-04-16 13:45:00,8438.0,8439.0,8433.0,8437.0,1700.0,594117.0,594161.0
2026-04-16 13:50:00,8437.0,8437.0,8433.0,8435.0,1110.0,594161.0,594174.0
2026-04-16 13:55:00,8435.0,8440.0,8434.0,8438.0,2150.0,594174.0,594464.0
2026-04-16 14:00:00,8438.0,8441.0,8433.0,8440.0,2050.0,594464.0,594846.0
2026-04-16 14:05:00,8440.0,8444.0,8438.0,8442.0,1597.0,594846.0,595146.0
2026-04-16 14:10:00,8442.0,8465.0,8442.0,8463.0,10048.0,595146.0,597873.0
2026-04-16 14:15:00,8463.0,8470.0,8458.0,8458.0,8456.0,597873.0,598144.0
2026-04-16 14:20:00,8458.0,8459.0,8453.0,8456.0,3786.0,598144.0,597912.0
2026-04-16 14:25:00,8456.0,8458.0,8453.0,8455.0,1999.0,597912.0,598043.0
2026-04-16 14:30:00,8455.0,8456.0,8451.0,8454.0,2255.0,598043.0,598193.0
2026-04-16 14:35:00,8454.0,8455.0,8443.0,8444.0,3384.0,598193.0,598701.0
2026-04-16 14:40:00,8444.0,8451.0,8443.0,8450.0,2150.0,598701.0,598847.0
2026-04-16 14:45:00,8450.0,8455.0,8449.0,8452.0,2624.0,598847.0,599829.0
2026-04-16 14:50:00,8452.0,8452.0,8444.0,8447.0,3310.0,599829.0,600135.0
2026-04-16 14:55:00,8447.0,8450.0,8446.0,8448.0,3405.0,600135.0,600039.0
2026-04-16 21:00:00,8464.0,8469.0,8447.0,8449.0,13598.0,600039.0,600942.0
2026-04-16 21:05:00,8449.0,8454.0,8444.0,8450.0,5264.0,600942.0,601071.0
2026-04-16 21:10:00,8450.0,8455.0,8445.0,8449.0,3269.0,601071.0,601329.0
2026-04-16 21:15:00,8449.0,8453.0,8443.0,8451.0,4438.0,601329.0,601981.0
2026-04-16 21:20:00,8451.0,8454.0,8448.0,8450.0,2043.0,601981.0,602290.0
2026-04-16 21:25:00,8450.0,8450.0,8446.0,8449.0,1095.0,602290.0,602381.0
2026-04-16 21:30:00,8449.0,8450.0,8438.0,8449.0,4262.0,602381.0,602645.0
2026-04-16 21:35:00,8449.0,8463.0,8449.0,8462.0,4647.0,602645.0,602757.0
2026-04-16 21:40:00,8462.0,8475.0,8459.0,8469.0,6370.0,602757.0,603624.0
2026-04-16 21:45:00,8469.0,8473.0,8465.0,8469.0,3558.0,603624.0,604045.0
2026-04-16 21:50:00,8469.0,8473.0,8464.0,8472.0,2908.0,604045.0,604383.0
2026-04-16 21:55:00,8472.0,8474.0,8469.0,8471.0,2788.0,604383.0,605018.0
2026-04-16 22:00:00,8471.0,8474.0,8466.0,8471.0,3345.0,605018.0,605471.0
2026-04-16 22:05:00,8471.0,8480.0,8470.0,8470.0,4583.0,605471.0,605459.0
2026-04-16 22:10:00,8470.0,8470.0,8459.0,8467.0,5066.0,605459.0,605757.0
2026-04-16 22:15:00,8467.0,8469.0,8463.0,8463.0,1634.0,605757.0,606206.0
2026-04-16 22:20:00,8463.0,8467.0,8459.0,8466.0,1425.0,606206.0,606142.0
2026-04-16 22:25:00,8466.0,8479.0,8465.0,8479.0,3348.0,606142.0,606484.0
2026-04-16 22:30:00,8479.0,8488.0,8478.0,8485.0,5332.0,606484.0,607778.0
2026-04-16 22:35:00,8485.0,8488.0,8482.0,8484.0,3034.0,607778.0,608553.0
2026-04-16 22:40:00,8484.0,8486.0,8481.0,8485.0,1870.0,608553.0,608463.0
2026-04-16 22:45:00,8485.0,8491.0,8481.0,8491.0,2215.0,608463.0,608170.0
2026-04-16 22:50:00,8491.0,8494.0,8485.0,8487.0,3260.0,608170.0,608145.0
2026-04-16 22:55:00,8487.0,8493.0,8485.0,8490.0,3314.0,608145.0,608107.0
2026-04-17 09:00:00,8490.0,8490.0,8469.0,8474.0,8264.0,608107.0,608185.0
2026-04-17 09:05:00,8474.0,8476.0,8470.0,8474.0,4580.0,608185.0,607689.0
2026-04-17 09:10:00,8474.0,8474.0,8467.0,8470.0,2512.0,607689.0,607715.0
2026-04-17 09:15:00,8470.0,8471.0,8462.0,8462.0,3436.0,607715.0,608093.0
2026-04-17 09:20:00,8462.0,8469.0,8461.0,8464.0,5684.0,608093.0,609084.0
2026-04-17 09:25:00,8464.0,8466.0,8459.0,8461.0,2156.0,609084.0,609041.0
2026-04-17 09:30:00,8461.0,8465.0,8460.0,8461.0,2032.0,609041.0,608946.0
2026-04-17 09:35:00,8461.0,8462.0,8449.0,8452.0,3554.0,608946.0,609011.0
2026-04-17 09:40:00,8452.0,8455.0,8443.0,8446.0,2683.0,609011.0,608894.0
2026-04-17 09:45:00,8446.0,8453.0,8445.0,8452.0,3596.0,608894.0,609631.0
2026-04-17 09:50:00,8452.0,8456.0,8452.0,8455.0,2924.0,609631.0,610238.0
2026-04-17 09:55:00,8455.0,8455.0,8449.0,8450.0,2854.0,610238.0,610794.0
2026-04-17 10:00:00,8450.0,8456.0,8448.0,8449.0,2457.0,610794.0,610919.0
2026-04-17 10:05:00,8449.0,8449.0,8446.0,8447.0,1849.0,610919.0,611437.0
2026-04-17 10:10:00,8447.0,8450.0,8442.0,8447.0,1993.0,611437.0,611419.0
2026-04-17 10:30:00,8447.0,8461.0,8447.0,8458.0,4214.0,611419.0,612047.0
2026-04-17 10:35:00,8458.0,8461.0,8452.0,8461.0,2743.0,612047.0,612253.0
2026-04-17 10:40:00,8461.0,8461.0,8451.0,8453.0,1653.0,612253.0,612418.0
2026-04-17 10:45:00,8453.0,8457.0,8447.0,8457.0,2759.0,612418.0,612238.0
2026-04-17 10:50:00,8457.0,8467.0,8455.0,8462.0,3238.0,612238.0,612229.0
2026-04-17 10:55:00,8462.0,8465.0,8452.0,8456.0,3692.0,612229.0,611891.0
2026-04-17 11:00:00,8456.0,8456.0,8447.0,8451.0,2008.0,611891.0,612253.0
2026-04-17 11:05:00,8451.0,8457.0,8449.0,8457.0,1576.0,612253.0,612245.0
2026-04-17 11:10:00,8457.0,8462.0,8455.0,8459.0,1426.0,612245.0,612257.0
2026-04-17 11:15:00,8459.0,8465.0,8457.0,8463.0,1903.0,612257.0,612619.0
2026-04-17 11:20:00,8463.0,8469.0,8461.0,8461.0,2561.0,612619.0,613150.0
2026-04-17 11:25:00,8461.0,8466.0,8459.0,8460.0,1850.0,613150.0,612999.0
2026-04-17 13:30:00,8457.0,8457.0,8421.0,8439.0,13762.0,612999.0,611618.0
2026-04-17 13:35:00,8439.0,8445.0,8438.0,8444.0,3672.0,611618.0,611675.0
2026-04-17 13:40:00,8444.0,8449.0,8442.0,8448.0,2465.0,611675.0,612287.0
2026-04-17 13:45:00,8448.0,8454.0,8445.0,8452.0,2835.0,612287.0,612978.0
2026-04-17 13:50:00,8452.0,8454.0,8447.0,8453.0,1796.0,612978.0,613275.0
2026-04-17 13:55:00,8453.0,8457.0,8450.0,8450.0,1597.0,613275.0,613403.0
2026-04-17 14:00:00,8450.0,8451.0,8447.0,8449.0,1552.0,613403.0,613391.0
2026-04-17 14:05:00,8449.0,8452.0,8445.0,8452.0,2102.0,613391.0,613441.0
2026-04-17 14:10:00,8452.0,8452.0,8437.0,8439.0,4718.0,613441.0,613858.0
2026-04-17 14:15:00,8439.0,8448.0,8439.0,8448.0,2902.0,613858.0,614093.0
2026-04-17 14:20:00,8448.0,8453.0,8446.0,8449.0,1570.0,614093.0,614170.0
2026-04-17 14:25:00,8449.0,8456.0,8449.0,8453.0,3033.0,614170.0,614379.0
2026-04-17 14:30:00,8453.0,8462.0,8452.0,8460.0,3344.0,614379.0,614715.0
2026-04-17 14:35:00,8460.0,8467.0,8459.0,8461.0,3746.0,614715.0,615346.0
2026-04-17 14:40:00,8461.0,8463.0,8456.0,8459.0,2209.0,615346.0,615233.0
2026-04-17 14:45:00,8459.0,8469.0,8457.0,8469.0,3373.0,615233.0,615428.0
2026-04-17 14:50:00,8469.0,8474.0,8467.0,8472.0,5365.0,615428.0,615971.0
2026-04-17 14:55:00,8472.0,8473.0,8464.0,8466.0,4497.0,615971.0,614962.0
2026-04-17 21:00:00,8397.0,8405.0,8378.0,8401.0,29305.0,614962.0,613847.0
2026-04-17 21:05:00,8401.0,8407.0,8380.0,8380.0,14585.0,613847.0,616098.0
2026-04-17 21:10:00,8380.0,8389.0,8376.0,8387.0,8260.0,616098.0,616334.0
2026-04-17 21:15:00,8387.0,8398.0,8385.0,8392.0,6646.0,616334.0,616475.0
2026-04-17 21:20:00,8392.0,8400.0,8380.0,8381.0,5435.0,616475.0,616113.0
2026-04-17 21:25:00,8381.0,8389.0,8377.0,8385.0,8030.0,616113.0,615896.0
2026-04-17 21:30:00,8385.0,8386.0,8376.0,8381.0,5576.0,615896.0,615538.0
2026-04-17 21:35:00,8381.0,8392.0,8374.0,8391.0,4748.0,615538.0,615296.0
2026-04-17 21:40:00,8391.0,8402.0,8390.0,8397.0,5497.0,615296.0,614808.0
2026-04-17 21:45:00,8397.0,8410.0,8393.0,8404.0,6974.0,614808.0,615224.0
2026-04-17 21:50:00,8404.0,8411.0,8402.0,8410.0,3732.0,615224.0,615260.0
2026-04-17 21:55:00,8410.0,8411.0,8401.0,8401.0,3964.0,615260.0,615557.0
2026-04-17 22:00:00,8401.0,8403.0,8393.0,8396.0,3164.0,615557.0,615310.0
2026-04-17 22:05:00,8396.0,8402.0,8391.0,8392.0,2607.0,615310.0,614826.0
2026-04-17 22:10:00,8392.0,8404.0,8391.0,8399.0,2611.0,614826.0,615124.0
2026-04-17 22:15:00,8399.0,8400.0,8392.0,8396.0,1471.0,615124.0,615025.0
2026-04-17 22:20:00,8396.0,8399.0,8392.0,8393.0,1017.0,615025.0,614979.0
2026-04-17 22:25:00,8393.0,8399.0,8393.0,8397.0,1104.0,614979.0,614835.0
2026-04-17 22:30:00,8397.0,8400.0,8393.0,8394.0,991.0,614835.0,614795.0
2026-04-17 22:35:00,8394.0,8400.0,8392.0,8393.0,1109.0,614795.0,614641.0
2026-04-17 22:40:00,8393.0,8394.0,8385.0,8392.0,2207.0,614641.0,614344.0
2026-04-17 22:45:00,8392.0,8395.0,8390.0,8391.0,1454.0,614344.0,613928.0
2026-04-17 22:50:00,8391.0,8399.0,8390.0,8398.0,2340.0,613928.0,613336.0
2026-04-17 22:55:00,8398.0,8406.0,8398.0,8401.0,3877.0,613336.0,612634.0
2026-04-20 09:00:00,8450.0,8460.0,8442.0,8444.0,19059.0,612634.0,614024.0
2026-04-20 09:05:00,8444.0,8445.0,8436.0,8442.0,5459.0,614024.0,614410.0
2026-04-20 09:10:00,8442.0,8450.0,8440.0,8446.0,4656.0,614410.0,614609.0
2026-04-20 09:15:00,8446.0,8455.0,8445.0,8452.0,4562.0,614609.0,614845.0
2026-04-20 09:20:00,8452.0,8455.0,8449.0,8453.0,3016.0,614845.0,615220.0
2026-04-20 09:25:00,8453.0,8464.0,8450.0,8464.0,4541.0,615220.0,615356.0
2026-04-20 09:30:00,8464.0,8464.0,8454.0,8456.0,3059.0,615356.0,615013.0
2026-04-20 09:35:00,8456.0,8458.0,8449.0,8451.0,2543.0,615013.0,615090.0
2026-04-20 09:40:00,8451.0,8452.0,8446.0,8450.0,1759.0,615090.0,615297.0
2026-04-20 09:45:00,8450.0,8458.0,8447.0,8454.0,2092.0,615297.0,615735.0
2026-04-20 09:50:00,8454.0,8459.0,8449.0,8458.0,1489.0,615735.0,615767.0
2026-04-20 09:55:00,8458.0,8460.0,8457.0,8459.0,1409.0,615767.0,615832.0
2026-04-20 10:00:00,8459.0,8465.0,8457.0,8464.0,2900.0,615832.0,616183.0
2026-04-20 10:05:00,8464.0,8475.0,8462.0,8472.0,5001.0,616183.0,616870.0
2026-04-20 10:10:00,8472.0,8474.0,8468.0,8470.0,2945.0,616870.0,617073.0
2026-04-20 10:30:00,8468.0,8468.0,8455.0,8458.0,3702.0,617073.0,617396.0
2026-04-20 10:35:00,8458.0,8458.0,8447.0,8453.0,4444.0,617396.0,617571.0
2026-04-20 10:40:00,8453.0,8457.0,8451.0,8455.0,2409.0,617571.0,617812.0
2026-04-20 10:45:00,8455.0,8461.0,8452.0,8458.0,2743.0,617812.0,618578.0
2026-04-20 10:50:00,8458.0,8464.0,8457.0,8457.0,1750.0,618578.0,618797.0
2026-04-20 10:55:00,8457.0,8462.0,8456.0,8459.0,1517.0,618797.0,618816.0
2026-04-20 11:00:00,8459.0,8464.0,8453.0,8455.0,1829.0,618816.0,618966.0
2026-04-20 11:05:00,8455.0,8458.0,8453.0,8455.0,1167.0,618966.0,619084.0
2026-04-20 11:10:00,8455.0,8462.0,8454.0,8461.0,1616.0,619084.0,619322.0
2026-04-20 11:15:00,8461.0,8462.0,8456.0,8461.0,2297.0,619322.0,619674.0
2026-04-20 11:20:00,8461.0,8465.0,8460.0,8464.0,2196.0,619674.0,620359.0
2026-04-20 11:25:00,8464.0,8470.0,8463.0,8464.0,2404.0,620359.0,620302.0
2026-04-20 13:30:00,8466.0,8468.0,8459.0,8464.0,4552.0,620302.0,620483.0
2026-04-20 13:35:00,8464.0,8468.0,8463.0,8466.0,1314.0,620483.0,620431.0
2026-04-20 13:40:00,8466.0,8470.0,8460.0,8469.0,2663.0,620431.0,620163.0
2026-04-20 13:45:00,8469.0,8470.0,8463.0,8465.0,3191.0,620163.0,620770.0
2026-04-20 13:50:00,8465.0,8477.0,8464.0,8472.0,4255.0,620770.0,621598.0
2026-04-20 13:55:00,8472.0,8475.0,8469.0,8472.0,3566.0,621598.0,622114.0
2026-04-20 14:00:00,8472.0,8475.0,8466.0,8470.0,3014.0,622114.0,622316.0
2026-04-20 14:05:00,8470.0,8471.0,8466.0,8466.0,1387.0,622316.0,622438.0
2026-04-20 14:10:00,8466.0,8468.0,8462.0,8466.0,2015.0,622438.0,622780.0
2026-04-20 14:15:00,8466.0,8473.0,8465.0,8469.0,2148.0,622780.0,622836.0
2026-04-20 14:20:00,8469.0,8470.0,8467.0,8468.0,1035.0,622836.0,622902.0
2026-04-20 14:25:00,8468.0,8473.0,8467.0,8471.0,1675.0,622902.0,623068.0
2026-04-20 14:30:00,8471.0,8472.0,8464.0,8470.0,2713.0,623068.0,622970.0
2026-04-20 14:35:00,8470.0,8472.0,8465.0,8467.0,2361.0,622970.0,623022.0
2026-04-20 14:40:00,8467.0,8469.0,8463.0,8468.0,2709.0,623022.0,623098.0
2026-04-20 14:45:00,8468.0,8470.0,8465.0,8466.0,1865.0,623098.0,622885.0
2026-04-20 14:50:00,8466.0,8475.0,8465.0,8473.0,4360.0,622885.0,622558.0
2026-04-20 14:55:00,8473.0,8479.0,8471.0,8473.0,6780.0,622558.0,620243.0
2026-04-20 21:00:00,8465.0,8469.0,8453.0,8453.0,12005.0,620243.0,618923.0
2026-04-20 21:05:00,8453.0,8457.0,8451.0,8454.0,4220.0,618923.0,619155.0
2026-04-20 21:10:00,8454.0,8456.0,8449.0,8452.0,3088.0,619155.0,619135.0
2026-04-20 21:15:00,8452.0,8457.0,8451.0,8451.0,2443.0,619135.0,619310.0
2026-04-20 21:20:00,8451.0,8454.0,8448.0,8450.0,2658.0,619310.0,619715.0
2026-04-20 21:25:00,8450.0,8453.0,8447.0,8448.0,3068.0,619715.0,620414.0
2026-04-20 21:30:00,8448.0,8449.0,8442.0,8447.0,3743.0,620414.0,620198.0
2026-04-20 21:35:00,8447.0,8453.0,8444.0,8453.0,2466.0,620198.0,619910.0
2026-04-20 21:40:00,8453.0,8456.0,8451.0,8452.0,2393.0,619910.0,619845.0
2026-04-20 21:45:00,8452.0,8456.0,8449.0,8453.0,2324.0,619845.0,620049.0
2026-04-20 21:50:00,8453.0,8456.0,8451.0,8455.0,1167.0,620049.0,620118.0
2026-04-20 21:55:00,8455.0,8458.0,8453.0,8456.0,1542.0,620118.0,619972.0
2026-04-20 22:00:00,8456.0,8468.0,8455.0,8464.0,3631.0,619972.0,620070.0
2026-04-20 22:05:00,8464.0,8464.0,8458.0,8460.0,1613.0,620070.0,620120.0
2026-04-20 22:10:00,8460.0,8470.0,8459.0,8460.0,2487.0,620120.0,620448.0
2026-04-20 22:15:00,8460.0,8463.0,8457.0,8457.0,1172.0,620448.0,620537.0
2026-04-20 22:20:00,8457.0,8459.0,8454.0,8456.0,2031.0,620537.0,620774.0
2026-04-20 22:25:00,8456.0,8460.0,8454.0,8457.0,1362.0,620774.0,620809.0
2026-04-20 22:30:00,8457.0,8457.0,8451.0,8453.0,2583.0,620809.0,620504.0
2026-04-20 22:35:00,8453.0,8459.0,8452.0,8459.0,1944.0,620504.0,620274.0
2026-04-20 22:40:00,8459.0,8464.0,8458.0,8461.0,1600.0,620274.0,620334.0
2026-04-20 22:45:00,8461.0,8467.0,8460.0,8465.0,2296.0,620334.0,620511.0
2026-04-20 22:50:00,8465.0,8469.0,8460.0,8460.0,2785.0,620511.0,621280.0
2026-04-20 22:55:00,8460.0,8465.0,8460.0,8463.0,2005.0,621280.0,621140.0
2026-04-21 09:00:00,8480.0,8486.0,8473.0,8481.0,9873.0,621140.0,622596.0
2026-04-21 09:05:00,8481.0,8485.0,8478.0,8485.0,3809.0,622596.0,623344.0
2026-04-21 09:10:00,8485.0,8502.0,8478.0,8500.0,12978.0,623344.0,626004.0
2026-04-21 09:15:00,8500.0,8516.0,8499.0,8514.0,11659.0,626004.0,628522.0
2026-04-21 09:20:00,8514.0,8518.0,8510.0,8511.0,7537.0,628522.0,629906.0
2026-04-21 09:25:00,8511.0,8516.0,8506.0,8509.0,5126.0,629906.0,630510.0
2026-04-21 09:30:00,8509.0,8512.0,8505.0,8508.0,4944.0,630510.0,630972.0
2026-04-21 09:35:00,8508.0,8520.0,8506.0,8513.0,6159.0,630972.0,631338.0
2026-04-21 09:40:00,8513.0,8516.0,8501.0,8503.0,4821.0,631338.0,631224.0
2026-04-21 09:45:00,8503.0,8507.0,8501.0,8502.0,2695.0,631224.0,631771.0
2026-04-21 09:50:00,8502.0,8510.0,8502.0,8508.0,2032.0,631771.0,632177.0
2026-04-21 09:55:00,8508.0,8520.0,8507.0,8518.0,5005.0,632177.0,633612.0
2026-04-21 10:00:00,8518.0,8526.0,8516.0,8524.0,5731.0,633612.0,634504.0
2026-04-21 10:05:00,8524.0,8530.0,8522.0,8530.0,4801.0,634504.0,635736.0
2026-04-21 10:10:00,8530.0,8533.0,8525.0,8529.0,5604.0,635736.0,637133.0
2026-04-21 10:30:00,8528.0,8529.0,8513.0,8518.0,7228.0,637133.0,637596.0
2026-04-21 10:35:00,8518.0,8520.0,8512.0,8515.0,3587.0,637596.0,637865.0
2026-04-21 10:40:00,8515.0,8520.0,8515.0,8517.0,2014.0,637865.0,637623.0
2026-04-21 10:45:00,8517.0,8525.0,8516.0,8524.0,2275.0,637623.0,637808.0
2026-04-21 10:50:00,8524.0,8526.0,8517.0,8518.0,2063.0,637808.0,638046.0
2026-04-21 10:55:00,8518.0,8524.0,8513.0,8522.0,2025.0,638046.0,638251.0
2026-04-21 11:00:00,8522.0,8522.0,8510.0,8512.0,2270.0,638251.0,638037.0
2026-04-21 11:05:00,8512.0,8514.0,8510.0,8510.0,1761.0,638037.0,638145.0
2026-04-21 11:10:00,8510.0,8512.0,8508.0,8510.0,1864.0,638145.0,638245.0
2026-04-21 11:15:00,8510.0,8510.0,8498.0,8504.0,5179.0,638245.0,638153.0
2026-04-21 11:20:00,8504.0,8509.0,8501.0,8502.0,2068.0,638153.0,638010.0
2026-04-21 11:25:00,8502.0,8505.0,8499.0,8504.0,2775.0,638010.0,637782.0
2026-04-21 13:30:00,8495.0,8528.0,8493.0,8528.0,11323.0,637782.0,639064.0
2026-04-21 13:35:00,8528.0,8535.0,8523.0,8529.0,11409.0,639064.0,640018.0
2026-04-21 13:40:00,8529.0,8548.0,8529.0,8545.0,12584.0,640018.0,641539.0
2026-04-21 13:45:00,8545.0,8556.0,8538.0,8552.0,10935.0,641539.0,643251.0
2026-04-21 13:50:00,8552.0,8578.0,8552.0,8577.0,14681.0,643251.0,645454.0
2026-04-21 13:55:00,8577.0,8597.0,8573.0,8591.0,18423.0,645454.0,649486.0
2026-04-21 14:00:00,8591.0,8594.0,8575.0,8578.0,12682.0,649486.0,650380.0
2026-04-21 14:05:00,8578.0,8580.0,8557.0,8558.0,13029.0,650380.0,651062.0
2026-04-21 14:10:00,8558.0,8571.0,8555.0,8560.0,7080.0,651062.0,652022.0
2026-04-21 14:15:00,8560.0,8565.0,8553.0,8560.0,5287.0,652022.0,652169.0
2026-04-21 14:20:00,8560.0,8561.0,8553.0,8555.0,3838.0,652169.0,652036.0
2026-04-21 14:25:00,8555.0,8567.0,8554.0,8561.0,8579.0,652036.0,655308.0
2026-04-21 14:30:00,8561.0,8570.0,8551.0,8569.0,7008.0,655308.0,655412.0
2026-04-21 14:35:00,8569.0,8582.0,8568.0,8578.0,6020.0,655412.0,656289.0
2026-04-21 14:40:00,8578.0,8590.0,8578.0,8590.0,6177.0,656289.0,657144.0
2026-04-21 14:45:00,8590.0,8595.0,8583.0,8586.0,7224.0,657144.0,658187.0
2026-04-21 14:50:00,8586.0,8591.0,8581.0,8588.0,8489.0,658187.0,658892.0
2026-04-21 14:55:00,8588.0,8590.0,8584.0,8587.0,8074.0,658892.0,657569.0
2026-04-21 21:00:00,8600.0,8624.0,8600.0,8612.0,23112.0,657569.0,659522.0
2026-04-21 21:05:00,8612.0,8612.0,8601.0,8603.0,7986.0,659522.0,660433.0
2026-04-21 21:10:00,8603.0,8610.0,8602.0,8608.0,4829.0,660433.0,660715.0
2026-04-21 21:15:00,8608.0,8615.0,8608.0,8615.0,6413.0,660715.0,661765.0
2026-04-21 21:20:00,8615.0,8616.0,8608.0,8611.0,4921.0,661765.0,662279.0
2026-04-21 21:25:00,8611.0,8619.0,8610.0,8614.0,4994.0,662279.0,663268.0
2026-04-21 21:30:00,8614.0,8615.0,8600.0,8603.0,5887.0,663268.0,663739.0
2026-04-21 21:35:00,8603.0,8604.0,8594.0,8600.0,5197.0,663739.0,664614.0
2026-04-21 21:40:00,8600.0,8603.0,8586.0,8589.0,6975.0,664614.0,666001.0
2026-04-21 21:45:00,8589.0,8591.0,8579.0,8582.0,5698.0,666001.0,666610.0
2026-04-21 21:50:00,8582.0,8585.0,8573.0,8585.0,6691.0,666610.0,667711.0
2026-04-21 21:55:00,8585.0,8588.0,8582.0,8588.0,3800.0,667711.0,668600.0
2026-04-21 22:00:00,8588.0,8592.0,8586.0,8587.0,3263.0,668600.0,668753.0
2026-04-21 22:05:00,8587.0,8597.0,8585.0,8595.0,4429.0,668753.0,669623.0
2026-04-21 22:10:00,8595.0,8601.0,8591.0,8599.0,4587.0,669623.0,670416.0
2026-04-21 22:15:00,8599.0,8600.0,8589.0,8589.0,4293.0,670416.0,670663.0
2026-04-21 22:20:00,8589.0,8595.0,8588.0,8592.0,3753.0,670663.0,671135.0
2026-04-21 22:25:00,8592.0,8599.0,8590.0,8596.0,2359.0,671135.0,671309.0
2026-04-21 22:30:00,8596.0,8597.0,8590.0,8591.0,2836.0,671309.0,671875.0
2026-04-21 22:35:00,8591.0,8596.0,8591.0,8591.0,2004.0,671875.0,672049.0
2026-04-21 22:40:00,8591.0,8597.0,8590.0,8597.0,3423.0,672049.0,672156.0
2026-04-21 22:45:00,8597.0,8604.0,8596.0,8603.0,3963.0,672156.0,672467.0
2026-04-21 22:50:00,8603.0,8606.0,8597.0,8604.0,4368.0,672467.0,672301.0
2026-04-21 22:55:00,8604.0,8607.0,8600.0,8606.0,3539.0,672301.0,671679.0
2026-04-22 09:00:00,8595.0,8610.0,8595.0,8606.0,12854.0,671679.0,673403.0
2026-04-22 09:05:00,8606.0,8626.0,8601.0,8620.0,11218.0,673403.0,675243.0
2026-04-22 09:10:00,8620.0,8632.0,8618.0,8624.0,10313.0,675243.0,677310.0
2026-04-22 09:15:00,8624.0,8630.0,8620.0,8624.0,5634.0,677310.0,677550.0
2026-04-22 09:20:00,8624.0,8625.0,8615.0,8619.0,4900.0,677550.0,678216.0
2026-04-22 09:25:00,8619.0,8619.0,8611.0,8614.0,4938.0,678216.0,679251.0
2026-04-22 09:30:00,8614.0,8618.0,8610.0,8617.0,3247.0,679251.0,679924.0
2026-04-22 09:35:00,8617.0,8623.0,8616.0,8623.0,2664.0,679924.0,680270.0
2026-04-22 09:40:00,8623.0,8625.0,8619.0,8625.0,1858.0,680270.0,680386.0
2026-04-22 09:45:00,8625.0,8625.0,8618.0,8621.0,3178.0,680386.0,680973.0
2026-04-22 09:50:00,8621.0,8623.0,8616.0,8621.0,3080.0,680973.0,681562.0
2026-04-22 09:55:00,8621.0,8629.0,8618.0,8625.0,4143.0,681562.0,683009.0
2026-04-22 10:00:00,8625.0,8632.0,8621.0,8630.0,5670.0,683009.0,683894.0
2026-04-22 10:05:00,8630.0,8630.0,8617.0,8619.0,2911.0,683894.0,683829.0
2026-04-22 10:10:00,8619.0,8623.0,8615.0,8616.0,3274.0,683829.0,683883.0
2026-04-22 10:30:00,8617.0,8622.0,8610.0,8615.0,5701.0,683883.0,684073.0
2026-04-22 10:35:00,8615.0,8624.0,8612.0,8622.0,3870.0,684073.0,684262.0
2026-04-22 10:40:00,8622.0,8627.0,8618.0,8627.0,3144.0,684262.0,684821.0
2026-04-22 10:45:00,8627.0,8632.0,8623.0,8626.0,3287.0,684821.0,685761.0
2026-04-22 10:50:00,8626.0,8627.0,8622.0,8622.0,1701.0,685761.0,686147.0
2026-04-22 10:55:00,8622.0,8629.0,8618.0,8629.0,3482.0,686147.0,686630.0
2026-04-22 11:00:00,8629.0,8635.0,8627.0,8634.0,4259.0,686630.0,687014.0
2026-04-22 11:05:00,8634.0,8638.0,8628.0,8628.0,4092.0,687014.0,687691.0
2026-04-22 11:10:00,8628.0,8637.0,8625.0,8634.0,3272.0,687691.0,688591.0
2026-04-22 11:15:00,8634.0,8642.0,8634.0,8639.0,4039.0,688591.0,689689.0
2026-04-22 11:20:00,8639.0,8642.0,8635.0,8638.0,1765.0,689689.0,689681.0
2026-04-22 11:25:00,8638.0,8643.0,8634.0,8635.0,2088.0,689681.0,689756.0
2026-04-22 13:30:00,8622.0,8622.0,8592.0,8597.0,17066.0,689756.0,690159.0
2026-04-22 13:35:00,8597.0,8600.0,8589.0,8598.0,6417.0,690159.0,690250.0
2026-04-22 13:40:00,8598.0,8602.0,8587.0,8589.0,6483.0,690250.0,690632.0
2026-04-22 13:45:00,8589.0,8601.0,8588.0,8600.0,3922.0,690632.0,691005.0
2026-04-22 13:50:00,8600.0,8604.0,8597.0,8599.0,3058.0,691005.0,691592.0
2026-04-22 13:55:00,8599.0,8607.0,8598.0,8604.0,3254.0,691592.0,692327.0
2026-04-22 14:00:00,8604.0,8610.0,8603.0,8603.0,2276.0,692327.0,692659.0
2026-04-22 14:05:00,8603.0,8608.0,8603.0,8605.0,1382.0,692659.0,692779.0
2026-04-22 14:10:00,8605.0,8609.0,8605.0,8609.0,1199.0,692779.0,693000.0
2026-04-22 14:15:00,8609.0,8614.0,8609.0,8612.0,2592.0,693000.0,693284.0
2026-04-22 14:20:00,8612.0,8616.0,8610.0,8614.0,3774.0,693284.0,693571.0
2026-04-22 14:25:00,8614.0,8624.0,8612.0,8617.0,3368.0,693571.0,694043.0
2026-04-22 14:30:00,8617.0,8630.0,8617.0,8626.0,3972.0,694043.0,694418.0
2026-04-22 14:35:00,8626.0,8630.0,8623.0,8626.0,3877.0,694418.0,694626.0
2026-04-22 14:40:00,8626.0,8629.0,8620.0,8622.0,4415.0,694626.0,694257.0
2026-04-22 14:45:00,8622.0,8631.0,8622.0,8628.0,5656.0,694257.0,695366.0
2026-04-22 14:50:00,8628.0,8632.0,8624.0,8624.0,4419.0,695366.0,695925.0
2026-04-22 14:55:00,8624.0,8628.0,8618.0,8626.0,6160.0,695925.0,695720.0
2026-04-22 21:00:00,8626.0,8656.0,8621.0,8644.0,16717.0,695720.0,697448.0
2026-04-22 21:05:00,8644.0,8651.0,8638.0,8643.0,8585.0,697448.0,698315.0
2026-04-22 21:10:00,8643.0,8652.0,8643.0,8645.0,6015.0,698315.0,699523.0
2026-04-22 21:15:00,8645.0,8647.0,8638.0,8639.0,4107.0,699523.0,700105.0
2026-04-22 21:20:00,8639.0,8653.0,8638.0,8652.0,4721.0,700105.0,700861.0
2026-04-22 21:25:00,8652.0,8663.0,8652.0,8654.0,6365.0,700861.0,701438.0
2026-04-22 21:30:00,8654.0,8654.0,8645.0,8648.0,6605.0,701438.0,702309.0
2026-04-22 21:35:00,8648.0,8648.0,8641.0,8646.0,3738.0,702309.0,702244.0
2026-04-22 21:40:00,8646.0,8650.0,8640.0,8647.0,2451.0,702244.0,702017.0
2026-04-22 21:45:00,8647.0,8648.0,8639.0,8643.0,3857.0,702017.0,702322.0
2026-04-22 21:50:00,8643.0,8646.0,8638.0,8643.0,2851.0,702322.0,701787.0
2026-04-22 21:55:00,8643.0,8650.0,8640.0,8646.0,2928.0,701787.0,702078.0
2026-04-22 22:00:00,8646.0,8647.0,8638.0,8644.0,3001.0,702078.0,702612.0
2026-04-22 22:05:00,8644.0,8649.0,8642.0,8644.0,2063.0,702612.0,702863.0
2026-04-22 22:10:00,8644.0,8648.0,8641.0,8645.0,1556.0,702863.0,703110.0
2026-04-22 22:15:00,8645.0,8646.0,8633.0,8637.0,3835.0,703110.0,703102.0
2026-04-22 22:20:00,8637.0,8640.0,8630.0,8637.0,3119.0,703102.0,703267.0
2026-04-22 22:25:00,8637.0,8644.0,8635.0,8640.0,2869.0,703267.0,703876.0
2026-04-22 22:30:00,8640.0,8647.0,8640.0,8642.0,1800.0,703876.0,703889.0
2026-04-22 22:35:00,8642.0,8643.0,8630.0,8631.0,4040.0,703889.0,704364.0
2026-04-22 22:40:00,8631.0,8639.0,8630.0,8636.0,3167.0,704364.0,704666.0
2026-04-22 22:45:00,8636.0,8638.0,8628.0,8629.0,3414.0,704666.0,705125.0
2026-04-22 22:50:00,8629.0,8632.0,8625.0,8630.0,2690.0,705125.0,705020.0
2026-04-22 22:55:00,8630.0,8635.0,8627.0,8629.0,1918.0,705020.0,704923.0
2026-04-23 09:00:00,8601.0,8624.0,8600.0,8614.0,11703.0,704923.0,704636.0
2026-04-23 09:05:00,8614.0,8616.0,8608.0,8609.0,4857.0,704636.0,704705.0
2026-04-23 09:10:00,8609.0,8618.0,8608.0,8612.0,3998.0,704705.0,705458.0
2026-04-23 09:15:00,8612.0,8614.0,8599.0,8604.0,5235.0,705458.0,706535.0
2026-04-23 09:20:00,8604.0,8605.0,8597.0,8603.0,4214.0,706535.0,706565.0
2026-04-23 09:25:00,8603.0,8614.0,8602.0,8610.0,2939.0,706565.0,706790.0
2026-04-23 09:30:00,8610.0,8610.0,8592.0,8596.0,4494.0,706790.0,706843.0
2026-04-23 09:35:00,8596.0,8596.0,8589.0,8592.0,3450.0,706843.0,707176.0
2026-04-23 09:40:00,8592.0,8596.0,8588.0,8593.0,3056.0,707176.0,706637.0
2026-04-23 09:45:00,8593.0,8596.0,8586.0,8588.0,4402.0,706637.0,707434.0
2026-04-23 09:50:00,8588.0,8589.0,8569.0,8571.0,9290.0,707434.0,707974.0
2026-04-23 09:55:00,8571.0,8581.0,8569.0,8578.0,4854.0,707974.0,707434.0
2026-04-23 10:00:00,8578.0,8583.0,8574.0,8579.0,3628.0,707434.0,707045.0
2026-04-23 10:05:00,8579.0,8582.0,8574.0,8578.0,2787.0,707045.0,707042.0
2026-04-23 10:10:00,8578.0,8587.0,8577.0,8586.0,2647.0,707042.0,707036.0
2026-04-23 10:30:00,8586.0,8594.0,8583.0,8587.0,4402.0,707036.0,707223.0
2026-04-23 10:35:00,8587.0,8590.0,8584.0,8586.0,2350.0,707223.0,707389.0
2026-04-23 10:40:00,8586.0,8595.0,8583.0,8594.0,2901.0,707389.0,707329.0
2026-04-23 10:45:00,8594.0,8597.0,8588.0,8594.0,2848.0,707329.0,707397.0
2026-04-23 10:50:00,8594.0,8598.0,8588.0,8598.0,3710.0,707397.0,708587.0
2026-04-23 10:55:00,8598.0,8612.0,8597.0,8607.0,7753.0,708587.0,709531.0
2026-04-23 11:00:00,8607.0,8607.0,8600.0,8604.0,2553.0,709531.0,709568.0
2026-04-23 11:05:00,8604.0,8614.0,8601.0,8613.0,3537.0,709568.0,709710.0
2026-04-23 11:10:00,8613.0,8616.0,8606.0,8614.0,4099.0,709710.0,709672.0
2026-04-23 11:15:00,8614.0,8619.0,8606.0,8606.0,4726.0,709672.0,709827.0
2026-04-23 11:20:00,8606.0,8608.0,8601.0,8603.0,3772.0,709827.0,709975.0
2026-04-23 11:25:00,8603.0,8616.0,8600.0,8616.0,3834.0,709975.0,710423.0
2026-04-23 13:30:00,8611.0,8617.0,8602.0,8612.0,4671.0,710423.0,710165.0
2026-04-23 13:35:00,8612.0,8613.0,8602.0,8605.0,3153.0,710165.0,710032.0
2026-04-23 13:40:00,8605.0,8613.0,8605.0,8612.0,1621.0,710032.0,710290.0
2026-04-23 13:45:00,8612.0,8617.0,8610.0,8617.0,2019.0,710290.0,710737.0
2026-04-23 13:50:00,8617.0,8617.0,8607.0,8611.0,1964.0,710737.0,710933.0
2026-04-23 13:55:00,8611.0,8615.0,8609.0,8610.0,1563.0,710933.0,711248.0
2026-04-23 14:00:00,8610.0,8613.0,8605.0,8612.0,2036.0,711248.0,711024.0
2026-04-23 14:05:00,8612.0,8616.0,8611.0,8615.0,1972.0,711024.0,711385.0
2026-04-23 14:10:00,8615.0,8615.0,8603.0,8604.0,2619.0,711385.0,711329.0
2026-04-23 14:15:00,8604.0,8610.0,8603.0,8609.0,2655.0,711329.0,711080.0
2026-04-23 14:20:00,8609.0,8625.0,8609.0,8621.0,4891.0,711080.0,712045.0
2026-04-23 14:25:00,8621.0,8622.0,8616.0,8616.0,1925.0,712045.0,712252.0
2026-04-23 14:30:00,8616.0,8617.0,8606.0,8615.0,3019.0,712252.0,712020.0
2026-04-23 14:35:00,8615.0,8626.0,8612.0,8625.0,3859.0,712020.0,712243.0
2026-04-23 14:40:00,8625.0,8625.0,8615.0,8618.0,2642.0,712243.0,712229.0
2026-04-23 14:45:00,8618.0,8618.0,8609.0,8614.0,4001.0,712229.0,712555.0
2026-04-23 14:50:00,8614.0,8617.0,8605.0,8606.0,3442.0,712555.0,712088.0
2026-04-23 14:55:00,8606.0,8621.0,8606.0,8618.0,6335.0,712088.0,712738.0
2026-04-23 21:00:00,8600.0,8608.0,8587.0,8605.0,14388.0,712738.0,713209.0
2026-04-23 21:05:00,8605.0,8615.0,8603.0,8615.0,4693.0,713209.0,714002.0
2026-04-23 21:10:00,8615.0,8622.0,8613.0,8621.0,4327.0,714002.0,714488.0
2026-04-23 21:15:00,8621.0,8629.0,8618.0,8625.0,3862.0,714488.0,714831.0
2026-04-23 21:20:00,8625.0,8629.0,8619.0,8625.0,4338.0,714831.0,715067.0
2026-04-23 21:25:00,8625.0,8628.0,8621.0,8626.0,2994.0,715067.0,715002.0
2026-04-23 21:30:00,8626.0,8626.0,8612.0,8618.0,7186.0,715002.0,716327.0
2026-04-23 21:35:00,8618.0,8630.0,8618.0,8628.0,5458.0,716327.0,718361.0
2026-04-23 21:40:00,8628.0,8629.0,8619.0,8624.0,5180.0,718361.0,718870.0
2026-04-23 21:45:00,8624.0,8629.0,8621.0,8629.0,3685.0,718870.0,719193.0
2026-04-23 21:50:00,8629.0,8629.0,8615.0,8618.0,3510.0,719193.0,719422.0
2026-04-23 21:55:00,8618.0,8623.0,8614.0,8618.0,3190.0,719422.0,720328.0
2026-04-23 22:00:00,8618.0,8623.0,8614.0,8614.0,3108.0,720328.0,720756.0
2026-04-23 22:05:00,8614.0,8625.0,8612.0,8625.0,3385.0,720756.0,721064.0
2026-04-23 22:10:00,8625.0,8625.0,8617.0,8618.0,1948.0,721064.0,721330.0
2026-04-23 22:15:00,8618.0,8619.0,8609.0,8616.0,2091.0,721330.0,721093.0
2026-04-23 22:20:00,8616.0,8616.0,8609.0,8610.0,1730.0,721093.0,721375.0
2026-04-23 22:25:00,8610.0,8612.0,8606.0,8612.0,2108.0,721375.0,720946.0
2026-04-23 22:30:00,8612.0,8620.0,8609.0,8619.0,1849.0,720946.0,720837.0
2026-04-23 22:35:00,8619.0,8624.0,8614.0,8622.0,1838.0,720837.0,721164.0
2026-04-23 22:40:00,8622.0,8624.0,8616.0,8616.0,2209.0,721164.0,721375.0
2026-04-23 22:45:00,8616.0,8618.0,8612.0,8615.0,2360.0,721375.0,721467.0
2026-04-23 22:50:00,8615.0,8617.0,8608.0,8610.0,2327.0,721467.0,721278.0
2026-04-23 22:55:00,8610.0,8611.0,8604.0,8605.0,2796.0,721278.0,720094.0
2026-04-24 09:00:00,8630.0,8633.0,8623.0,8625.0,7332.0,720094.0,720610.0
2026-04-24 09:05:00,8625.0,8626.0,8612.0,8616.0,5079.0,720610.0,720904.0
2026-04-24 09:10:00,8616.0,8616.0,8599.0,8600.0,7672.0,720904.0,720184.0
2026-04-24 09:15:00,8600.0,8618.0,8600.0,8609.0,6687.0,720184.0,719713.0
2026-04-24 09:20:00,8609.0,8621.0,8607.0,8619.0,3437.0,719713.0,720324.0
2026-04-24 09:25:00,8619.0,8623.0,8616.0,8617.0,3556.0,720324.0,720310.0
2026-04-24 09:30:00,8617.0,8621.0,8615.0,8621.0,2535.0,720310.0,720133.0
2026-04-24 09:35:00,8621.0,8624.0,8597.0,8599.0,6909.0,720133.0,719756.0
2026-04-24 09:40:00,8599.0,8605.0,8596.0,8602.0,3609.0,719756.0,719628.0
2026-04-24 09:45:00,8602.0,8607.0,8597.0,8603.0,2514.0,719628.0,719790.0
2026-04-24 09:50:00,8603.0,8615.0,8602.0,8614.0,2158.0,719790.0,720046.0
2026-04-24 09:55:00,8614.0,8615.0,8599.0,8600.0,3837.0,720046.0,720094.0
2026-04-24 10:00:00,8600.0,8604.0,8593.0,8597.0,4508.0,720094.0,719802.0
2026-04-24 10:05:00,8597.0,8604.0,8595.0,8602.0,2237.0,719802.0,720222.0
2026-04-24 10:10:00,8602.0,8606.0,8600.0,8605.0,1944.0,720222.0,720527.0
2026-04-24 10:30:00,8603.0,8605.0,8595.0,8599.0,2688.0,720527.0,720574.0
2026-04-24 10:35:00,8599.0,8602.0,8596.0,8600.0,1611.0,720574.0,720672.0
2026-04-24 10:40:00,8600.0,8606.0,8599.0,8600.0,1809.0,720672.0,720622.0
2026-04-24 10:45:00,8600.0,8602.0,8591.0,8593.0,2625.0,720622.0,720873.0
2026-04-24 10:50:00,8593.0,8595.0,8585.0,8590.0,3412.0,720873.0,720519.0
2026-04-24 10:55:00,8590.0,8593.0,8583.0,8583.0,2537.0,720519.0,720409.0
2026-04-24 11:00:00,8583.0,8587.0,8578.0,8579.0,3610.0,720409.0,720309.0
2026-04-24 11:05:00,8579.0,8582.0,8572.0,8574.0,4626.0,720309.0,719906.0
2026-04-24 11:10:00,8574.0,8580.0,8574.0,8578.0,1916.0,719906.0,719859.0
2026-04-24 11:15:00,8578.0,8586.0,8573.0,8585.0,3585.0,719859.0,720107.0
2026-04-24 11:20:00,8585.0,8592.0,8585.0,8588.0,2596.0,720107.0,720029.0
2026-04-24 11:25:00,8588.0,8600.0,8588.0,8593.0,2675.0,720029.0,719852.0
2026-04-24 13:30:00,8595.0,8599.0,8583.0,8592.0,8439.0,719852.0,719782.0
2026-04-24 13:35:00,8592.0,8595.0,8571.0,8574.0,5610.0,719782.0,718841.0
2026-04-24 13:40:00,8574.0,8576.0,8562.0,8568.0,7525.0,718841.0,718049.0
2026-04-24 13:45:00,8568.0,8575.0,8553.0,8553.0,8999.0,718049.0,716113.0
2026-04-24 13:50:00,8553.0,8557.0,8546.0,8550.0,12536.0,716113.0,715766.0
2026-04-24 13:55:00,8550.0,8553.0,8525.0,8530.0,15222.0,715766.0,716195.0
2026-04-24 14:00:00,8530.0,8534.0,8525.0,8532.0,14031.0,716195.0,716869.0
2026-04-24 14:05:00,8532.0,8549.0,8532.0,8547.0,11071.0,716869.0,716336.0
2026-04-24 14:10:00,8547.0,8547.0,8529.0,8530.0,5504.0,716336.0,715746.0
2026-04-24 14:15:00,8530.0,8534.0,8512.0,8516.0,9208.0,715746.0,714490.0
2026-04-24 14:20:00,8516.0,8517.0,8492.0,8499.0,20182.0,714490.0,711160.0
2026-04-24 14:25:00,8499.0,8523.0,8495.0,8517.0,13188.0,711160.0,710870.0
2026-04-24 14:30:00,8517.0,8537.0,8512.0,8525.0,11721.0,710870.0,709538.0
2026-04-24 14:35:00,8525.0,8526.0,8512.0,8515.0,5194.0,709538.0,709902.0
2026-04-24 14:40:00,8515.0,8526.0,8515.0,8526.0,5506.0,709902.0,709801.0
2026-04-24 14:45:00,8526.0,8529.0,8521.0,8524.0,4839.0,709801.0,709576.0
2026-04-24 14:50:00,8524.0,8527.0,8513.0,8527.0,11031.0,709576.0,707782.0
2026-04-24 14:55:00,8527.0,8531.0,8522.0,8527.0,8863.0,707782.0,706493.0
2026-04-24 21:00:00,8520.0,8538.0,8513.0,8537.0,20585.0,706493.0,706888.0
2026-04-24 21:05:00,8537.0,8538.0,8526.0,8532.0,6948.0,706888.0,708262.0
2026-04-24 21:10:00,8532.0,8540.0,8529.0,8539.0,5328.0,708262.0,708432.0
2026-04-24 21:15:00,8539.0,8543.0,8534.0,8535.0,5667.0,708432.0,709320.0
2026-04-24 21:20:00,8535.0,8544.0,8534.0,8544.0,3559.0,709320.0,709399.0
2026-04-24 21:25:00,8544.0,8552.0,8543.0,8544.0,5923.0,709399.0,710033.0
2026-04-24 21:30:00,8544.0,8551.0,8537.0,8543.0,5346.0,710033.0,710198.0
2026-04-24 21:35:00,8543.0,8545.0,8540.0,8541.0,2762.0,710198.0,710406.0
2026-04-24 21:40:00,8541.0,8545.0,8535.0,8544.0,2311.0,710406.0,710364.0
2026-04-24 21:45:00,8544.0,8544.0,8532.0,8535.0,2214.0,710364.0,710128.0
2026-04-24 21:50:00,8535.0,8540.0,8535.0,8540.0,1242.0,710128.0,709957.0
2026-04-24 21:55:00,8540.0,8541.0,8535.0,8540.0,1401.0,709957.0,709762.0
2026-04-24 22:00:00,8540.0,8546.0,8539.0,8542.0,1791.0,709762.0,709529.0
2026-04-24 22:05:00,8542.0,8550.0,8538.0,8543.0,2841.0,709529.0,709352.0
2026-04-24 22:10:00,8543.0,8545.0,8535.0,8537.0,1561.0,709352.0,709069.0
2026-04-24 22:15:00,8537.0,8545.0,8537.0,8543.0,1471.0,709069.0,709283.0
2026-04-24 22:20:00,8543.0,8548.0,8540.0,8548.0,1829.0,709283.0,708928.0
2026-04-24 22:25:00,8548.0,8551.0,8544.0,8549.0,2405.0,708928.0,708822.0
2026-04-24 22:30:00,8549.0,8550.0,8534.0,8537.0,1859.0,708822.0,708597.0
2026-04-24 22:35:00,8537.0,8537.0,8530.0,8534.0,3068.0,708597.0,708493.0
2026-04-24 22:40:00,8534.0,8534.0,8524.0,8526.0,2856.0,708493.0,708308.0
2026-04-24 22:45:00,8526.0,8532.0,8524.0,8531.0,2008.0,708308.0,707879.0
2026-04-24 22:50:00,8531.0,8537.0,8529.0,8536.0,2314.0,707879.0,707511.0
2026-04-24 22:55:00,8536.0,8538.0,8533.0,8536.0,2491.0,707511.0,706853.0
2026-04-27 09:00:00,8573.0,8583.0,8571.0,8576.0,17680.0,706853.0,707024.0
2026-04-27 09:05:00,8576.0,8596.0,8575.0,8593.0,13971.0,707024.0,709118.0
2026-04-27 09:10:00,8593.0,8593.0,8575.0,8577.0,7834.0,709118.0,708672.0
2026-04-27 09:15:00,8577.0,8578.0,8562.0,8563.0,6540.0,708672.0,708354.0
2026-04-27 09:20:00,8563.0,8569.0,8561.0,8569.0,4639.0,708354.0,707801.0
2026-04-27 09:25:00,8569.0,8570.0,8564.0,8568.0,2921.0,707801.0,707722.0
2026-04-27 09:30:00,8568.0,8569.0,8559.0,8561.0,2649.0,707722.0,707840.0
2026-04-27 09:35:00,8561.0,8562.0,8553.0,8559.0,2787.0,707840.0,707595.0
2026-04-27 09:40:00,8559.0,8560.0,8554.0,8555.0,1648.0,707595.0,707697.0
2026-04-27 09:45:00,8555.0,8556.0,8547.0,8550.0,3050.0,707697.0,707326.0
2026-04-27 09:50:00,8550.0,8557.0,8547.0,8554.0,2143.0,707326.0,707261.0
2026-04-27 09:55:00,8554.0,8556.0,8546.0,8548.0,2271.0,707261.0,707528.0
2026-04-27 10:00:00,8548.0,8548.0,8543.0,8546.0,3524.0,707528.0,708158.0
2026-04-27 10:05:00,8546.0,8553.0,8544.0,8553.0,4592.0,708158.0,709345.0
2026-04-27 10:10:00,8553.0,8555.0,8547.0,8550.0,2754.0,709345.0,709123.0
2026-04-27 10:30:00,8550.0,8550.0,8537.0,8542.0,4053.0,709123.0,708780.0
2026-04-27 10:35:00,8542.0,8543.0,8532.0,8535.0,3190.0,708780.0,708760.0
2026-04-27 10:40:00,8535.0,8539.0,8531.0,8538.0,2432.0,708760.0,708464.0
2026-04-27 10:45:00,8538.0,8538.0,8529.0,8534.0,3462.0,708464.0,708705.0
2026-04-27 10:50:00,8534.0,8541.0,8532.0,8540.0,2022.0,708705.0,708742.0
2026-04-27 10:55:00,8540.0,8543.0,8536.0,8539.0,2503.0,708742.0,709045.0
2026-04-27 11:00:00,8539.0,8541.0,8532.0,8536.0,2526.0,709045.0,709483.0
2026-04-27 11:05:00,8536.0,8543.0,8535.0,8543.0,1809.0,709483.0,709658.0
2026-04-27 11:10:00,8543.0,8545.0,8537.0,8538.0,1488.0,709658.0,709905.0
2026-04-27 11:15:00,8538.0,8539.0,8531.0,8532.0,2007.0,709905.0,709898.0
2026-04-27 11:20:00,8532.0,8535.0,8525.0,8525.0,3835.0,709898.0,710089.0
2026-04-27 11:25:00,8525.0,8535.0,8523.0,8534.0,3668.0,710089.0,709971.0
2026-04-27 13:30:00,8548.0,8548.0,8536.0,8542.0,4883.0,709971.0,710200.0
2026-04-27 13:35:00,8542.0,8553.0,8541.0,8550.0,3426.0,710200.0,710050.0
2026-04-27 13:40:00,8550.0,8556.0,8550.0,8555.0,2925.0,710050.0,709812.0
2026-04-27 13:45:00,8555.0,8557.0,8545.0,8548.0,2720.0,709812.0,709669.0
2026-04-27 13:50:00,8548.0,8549.0,8543.0,8544.0,1566.0,709669.0,709458.0
2026-04-27 13:55:00,8544.0,8545.0,8541.0,8542.0,1507.0,709458.0,709338.0
2026-04-27 14:00:00,8542.0,8550.0,8541.0,8549.0,1258.0,709338.0,709340.0
2026-04-27 14:05:00,8549.0,8554.0,8547.0,8552.0,2001.0,709340.0,709396.0
2026-04-27 14:10:00,8552.0,8554.0,8550.0,8554.0,1433.0,709396.0,709576.0
2026-04-27 14:15:00,8554.0,8554.0,8546.0,8546.0,1702.0,709576.0,709616.0
2026-04-27 14:20:00,8546.0,8547.0,8544.0,8544.0,1197.0,709616.0,709683.0
2026-04-27 14:25:00,8544.0,8545.0,8538.0,8543.0,2233.0,709683.0,709591.0
2026-04-27 14:30:00,8543.0,8548.0,8539.0,8541.0,2757.0,709591.0,709249.0
2026-04-27 14:35:00,8541.0,8543.0,8536.0,8536.0,2400.0,709249.0,709094.0
2026-04-27 14:40:00,8536.0,8540.0,8535.0,8537.0,1994.0,709094.0,709154.0
2026-04-27 14:45:00,8537.0,8538.0,8532.0,8536.0,1871.0,709154.0,709191.0
2026-04-27 14:50:00,8536.0,8538.0,8532.0,8534.0,3703.0,709191.0,709303.0
2026-04-27 14:55:00,8534.0,8538.0,8533.0,8533.0,7016.0,709303.0,709773.0
2026-04-27 21:00:00,8530.0,8545.0,8517.0,8533.0,15133.0,709773.0,710204.0
2026-04-27 21:05:00,8533.0,8535.0,8513.0,8519.0,8932.0,710204.0,710450.0
2026-04-27 21:10:00,8519.0,8526.0,8516.0,8525.0,7294.0,710450.0,710566.0
2026-04-27 21:15:00,8525.0,8526.0,8519.0,8519.0,4644.0,710566.0,710629.0
2026-04-27 21:20:00,8519.0,8523.0,8515.0,8522.0,4163.0,710629.0,710284.0
2026-04-27 21:25:00,8522.0,8532.0,8520.0,8529.0,3043.0,710284.0,710040.0
2026-04-27 21:30:00,8529.0,8535.0,8523.0,8534.0,2709.0,710040.0,710100.0
2026-04-27 21:35:00,8534.0,8541.0,8534.0,8537.0,3862.0,710100.0,710281.0
2026-04-27 21:40:00,8537.0,8542.0,8537.0,8541.0,2100.0,710281.0,710272.0
2026-04-27 21:45:00,8541.0,8544.0,8537.0,8544.0,2340.0,710272.0,710127.0
2026-04-27 21:50:00,8544.0,8546.0,8539.0,8539.0,2272.0,710127.0,710345.0
2026-04-27 21:55:00,8539.0,8540.0,8531.0,8532.0,1758.0,710345.0,710069.0
2026-04-27 22:00:00,8532.0,8534.0,8528.0,8528.0,1727.0,710069.0,709908.0
2026-04-27 22:05:00,8528.0,8540.0,8527.0,8540.0,1864.0,709908.0,709799.0
2026-04-27 22:10:00,8540.0,8542.0,8536.0,8540.0,1654.0,709799.0,709654.0
2026-04-27 22:15:00,8540.0,8543.0,8537.0,8542.0,1268.0,709654.0,709623.0
2026-04-27 22:20:00,8542.0,8546.0,8541.0,8543.0,2382.0,709623.0,709916.0
2026-04-27 22:25:00,8543.0,8549.0,8540.0,8545.0,2905.0,709916.0,710461.0
2026-04-27 22:30:00,8545.0,8549.0,8541.0,8541.0,1507.0,710461.0,710310.0
2026-04-27 22:35:00,8541.0,8545.0,8538.0,8543.0,1378.0,710310.0,710223.0
2026-04-27 22:40:00,8543.0,8553.0,8543.0,8551.0,3559.0,710223.0,710222.0
2026-04-27 22:45:00,8551.0,8558.0,8551.0,8557.0,3819.0,710222.0,710004.0
2026-04-27 22:50:00,8557.0,8560.0,8554.0,8558.0,2702.0,710004.0,709832.0
2026-04-27 22:55:00,8558.0,8560.0,8556.0,8560.0,2598.0,709832.0,709044.0
2026-04-28 09:00:00,8562.0,8565.0,8547.0,8550.0,6312.0,709044.0,708495.0
2026-04-28 09:05:00,8550.0,8559.0,8546.0,8555.0,5256.0,708495.0,708349.0
2026-04-28 09:10:00,8555.0,8559.0,8554.0,8558.0,2188.0,708349.0,708509.0
2026-04-28 09:15:00,8558.0,8562.0,8558.0,8559.0,3965.0,708509.0,709042.0
2026-04-28 09:20:00,8559.0,8561.0,8555.0,8557.0,2067.0,709042.0,709281.0
2026-04-28 09:25:00,8557.0,8565.0,8556.0,8561.0,2486.0,709281.0,709565.0
2026-04-28 09:30:00,8561.0,8574.0,8561.0,8570.0,4729.0,709565.0,710394.0
2026-04-28 09:35:00,8570.0,8571.0,8558.0,8558.0,2576.0,710394.0,710064.0
2026-04-28 09:40:00,8558.0,8560.0,8548.0,8551.0,3173.0,710064.0,709401.0
2026-04-28 09:45:00,8551.0,8559.0,8551.0,8557.0,1425.0,709401.0,709211.0
2026-04-28 09:50:00,8557.0,8560.0,8549.0,8552.0,1553.0,709211.0,709140.0
2026-04-28 09:55:00,8552.0,8556.0,8548.0,8550.0,1556.0,709140.0,709129.0
2026-04-28 10:00:00,8550.0,8550.0,8538.0,8544.0,3222.0,709129.0,708316.0
2026-04-28 10:05:00,8544.0,8545.0,8535.0,8541.0,2640.0,708316.0,708297.0
2026-04-28 10:10:00,8541.0,8545.0,8533.0,8535.0,3043.0,708297.0,707786.0
2026-04-28 10:30:00,8536.0,8541.0,8531.0,8541.0,3565.0,707786.0,707049.0
2026-04-28 10:35:00,8541.0,8545.0,8536.0,8540.0,2192.0,707049.0,707137.0
2026-04-28 10:40:00,8540.0,8550.0,8539.0,8546.0,2219.0,707137.0,707375.0
2026-04-28 10:45:00,8546.0,8547.0,8539.0,8540.0,2001.0,707375.0,707575.0
2026-04-28 10:50:00,8540.0,8542.0,8531.0,8533.0,2874.0,707575.0,707504.0
2026-04-28 10:55:00,8533.0,8535.0,8515.0,8516.0,8021.0,707504.0,706790.0
2026-04-28 11:00:00,8516.0,8521.0,8514.0,8520.0,7631.0,706790.0,705724.0
2026-04-28 11:05:00,8520.0,8528.0,8517.0,8523.0,5244.0,705724.0,705460.0
2026-04-28 11:10:00,8523.0,8523.0,8513.0,8516.0,4199.0,705460.0,705664.0
2026-04-28 11:15:00,8516.0,8526.0,8515.0,8525.0,2981.0,705664.0,705815.0
2026-04-28 11:20:00,8525.0,8531.0,8524.0,8531.0,2454.0,705815.0,705725.0
2026-04-28 11:25:00,8531.0,8534.0,8528.0,8533.0,2773.0,705725.0,705640.0
2026-04-28 13:30:00,8530.0,8532.0,8518.0,8529.0,4633.0,705640.0,705493.0
2026-04-28 13:35:00,8529.0,8537.0,8527.0,8531.0,3790.0,705493.0,705483.0
2026-04-28 13:40:00,8531.0,8540.0,8530.0,8538.0,2309.0,705483.0,705214.0
2026-04-28 13:45:00,8538.0,8556.0,8538.0,8555.0,5212.0,705214.0,705219.0
2026-04-28 13:50:00,8555.0,8557.0,8547.0,8547.0,4144.0,705219.0,704894.0
2026-04-28 13:55:00,8547.0,8562.0,8546.0,8554.0,5920.0,704894.0,705435.0
2026-04-28 14:00:00,8554.0,8554.0,8546.0,8547.0,2851.0,705435.0,705336.0
2026-04-28 14:05:00,8547.0,8549.0,8544.0,8546.0,1824.0,705336.0,705169.0
2026-04-28 14:10:00,8546.0,8549.0,8544.0,8547.0,1507.0,705169.0,705247.0
2026-04-28 14:15:00,8547.0,8556.0,8547.0,8553.0,2350.0,705247.0,705130.0
2026-04-28 14:20:00,8553.0,8557.0,8549.0,8552.0,2981.0,705130.0,705506.0
2026-04-28 14:25:00,8552.0,8556.0,8549.0,8553.0,2269.0,705506.0,705589.0
2026-04-28 14:30:00,8553.0,8556.0,8543.0,8545.0,2402.0,705589.0,705514.0
2026-04-28 14:35:00,8545.0,8561.0,8544.0,8561.0,3642.0,705514.0,705668.0
2026-04-28 14:40:00,8561.0,8565.0,8558.0,8562.0,3757.0,705668.0,706132.0
2026-04-28 14:45:00,8562.0,8564.0,8556.0,8557.0,3400.0,706132.0,706381.0
2026-04-28 14:50:00,8557.0,8560.0,8551.0,8558.0,2695.0,706381.0,705988.0
2026-04-28 14:55:00,8558.0,8562.0,8554.0,8559.0,5074.0,705988.0,704780.0
2026-04-28 21:00:00,8559.0,8560.0,8542.0,8560.0,13437.0,704780.0,704983.0
2026-04-28 21:05:00,8560.0,8569.0,8552.0,8556.0,6382.0,704983.0,705381.0
2026-04-28 21:10:00,8556.0,8558.0,8550.0,8555.0,3444.0,705381.0,705193.0
2026-04-28 21:15:00,8555.0,8565.0,8554.0,8563.0,2807.0,705193.0,705355.0
2026-04-28 21:20:00,8563.0,8564.0,8558.0,8561.0,2528.0,705355.0,705204.0
2026-04-28 21:25:00,8561.0,8561.0,8546.0,8550.0,3685.0,705204.0,704884.0
2026-04-28 21:30:00,8550.0,8556.0,8546.0,8548.0,3431.0,704884.0,704659.0
2026-04-28 21:35:00,8548.0,8549.0,8531.0,8533.0,6070.0,704659.0,703766.0
2026-04-28 21:40:00,8533.0,8538.0,8523.0,8528.0,6519.0,703766.0,703860.0
2026-04-28 21:45:00,8528.0,8529.0,8519.0,8521.0,6040.0,703860.0,703926.0
2026-04-28 21:50:00,8521.0,8527.0,8516.0,8525.0,5761.0,703926.0,703589.0
2026-04-28 21:55:00,8525.0,8527.0,8520.0,8522.0,2753.0,703589.0,703587.0
2026-04-28 22:00:00,8522.0,8532.0,8520.0,8527.0,5096.0,703587.0,702972.0
2026-04-28 22:05:00,8527.0,8533.0,8526.0,8532.0,2218.0,702972.0,702750.0
2026-04-28 22:10:00,8532.0,8540.0,8531.0,8540.0,2490.0,702750.0,702174.0
2026-04-28 22:15:00,8540.0,8541.0,8537.0,8540.0,2022.0,702174.0,701872.0
2026-04-28 22:20:00,8540.0,8548.0,8540.0,8546.0,2829.0,701872.0,701759.0
2026-04-28 22:25:00,8546.0,8550.0,8541.0,8545.0,2616.0,701759.0,701665.0
2026-04-28 22:30:00,8545.0,8545.0,8533.0,8535.0,2216.0,701665.0,701273.0
2026-04-28 22:35:00,8535.0,8539.0,8529.0,8538.0,2507.0,701273.0,701341.0
2026-04-28 22:40:00,8538.0,8543.0,8533.0,8537.0,1871.0,701341.0,701443.0
2026-04-28 22:45:00,8537.0,8540.0,8530.0,8531.0,1609.0,701443.0,701535.0
2026-04-28 22:50:00,8531.0,8532.0,8514.0,8515.0,6020.0,701535.0,701021.0
2026-04-28 22:55:00,8515.0,8518.0,8509.0,8515.0,6413.0,701021.0,699818.0
2026-04-29 09:00:00,8542.0,8545.0,8527.0,8528.0,12829.0,699818.0,699121.0
2026-04-29 09:05:00,8528.0,8537.0,8527.0,8537.0,4603.0,699121.0,699531.0
2026-04-29 09:10:00,8537.0,8539.0,8531.0,8538.0,2905.0,699531.0,699810.0
2026-04-29 09:15:00,8538.0,8544.0,8537.0,8538.0,3030.0,699810.0,699709.0
2026-04-29 09:20:00,8538.0,8540.0,8532.0,8540.0,2766.0,699709.0,699860.0
2026-04-29 09:25:00,8540.0,8549.0,8539.0,8546.0,3626.0,699860.0,699590.0
2026-04-29 09:30:00,8546.0,8549.0,8540.0,8541.0,2934.0,699590.0,699610.0
2026-04-29 09:35:00,8541.0,8555.0,8541.0,8550.0,3899.0,699610.0,700257.0
2026-04-29 09:40:00,8550.0,8557.0,8550.0,8555.0,2570.0,700257.0,700380.0
2026-04-29 09:45:00,8555.0,8561.0,8551.0,8557.0,4723.0,700380.0,700910.0
2026-04-29 09:50:00,8557.0,8564.0,8557.0,8557.0,4080.0,700910.0,701832.0
2026-04-29 09:55:00,8557.0,8562.0,8556.0,8559.0,2098.0,701832.0,702205.0
2026-04-29 10:00:00,8559.0,8560.0,8552.0,8554.0,2090.0,702205.0,702253.0
2026-04-29 10:05:00,8554.0,8559.0,8552.0,8557.0,1880.0,702253.0,702376.0
2026-04-29 10:10:00,8557.0,8564.0,8554.0,8564.0,2778.0,702376.0,702888.0
2026-04-29 10:30:00,8560.0,8560.0,8542.0,8555.0,7878.0,702888.0,703552.0
2026-04-29 10:35:00,8555.0,8555.0,8548.0,8552.0,2283.0,703552.0,703754.0
2026-04-29 10:40:00,8552.0,8558.0,8549.0,8556.0,2066.0,703754.0,703504.0
2026-04-29 10:45:00,8556.0,8559.0,8546.0,8553.0,2374.0,703504.0,703499.0
2026-04-29 10:50:00,8553.0,8561.0,8552.0,8560.0,2792.0,703499.0,704007.0
2026-04-29 10:55:00,8560.0,8568.0,8560.0,8562.0,5348.0,704007.0,705293.0
2026-04-29 11:00:00,8562.0,8566.0,8560.0,8561.0,1925.0,705293.0,705219.0
2026-04-29 11:05:00,8561.0,8566.0,8558.0,8563.0,1724.0,705219.0,705106.0
2026-04-29 11:10:00,8563.0,8566.0,8562.0,8565.0,1965.0,705106.0,705070.0
2026-04-29 11:15:00,8565.0,8567.0,8560.0,8566.0,1577.0,705070.0,705039.0
2026-04-29 11:20:00,8566.0,8574.0,8560.0,8560.0,6227.0,705039.0,705308.0
2026-04-29 11:25:00,8560.0,8566.0,8560.0,8561.0,2149.0,705308.0,704860.0
2026-04-29 13:30:00,8571.0,8576.0,8564.0,8571.0,5501.0,704860.0,705164.0
2026-04-29 13:35:00,8571.0,8579.0,8571.0,8571.0,4439.0,705164.0,705525.0
2026-04-29 13:40:00,8571.0,8573.0,8557.0,8559.0,4266.0,705525.0,704943.0
2026-04-29 13:45:00,8559.0,8561.0,8554.0,8559.0,3129.0,704943.0,704832.0
2026-04-29 13:50:00,8559.0,8564.0,8555.0,8563.0,3163.0,704832.0,705432.0
2026-04-29 13:55:00,8563.0,8572.0,8561.0,8570.0,2530.0,705432.0,705757.0
2026-04-29 14:00:00,8570.0,8572.0,8566.0,8568.0,2151.0,705757.0,705914.0
2026-04-29 14:05:00,8568.0,8576.0,8568.0,8575.0,2278.0,705914.0,706294.0
2026-04-29 14:10:00,8575.0,8576.0,8568.0,8570.0,3875.0,706294.0,706629.0
2026-04-29 14:15:00,8570.0,8584.0,8569.0,8583.0,5974.0,706629.0,708747.0
2026-04-29 14:20:00,8583.0,8585.0,8577.0,8580.0,3248.0,708747.0,708681.0
2026-04-29 14:25:00,8580.0,8583.0,8576.0,8578.0,3729.0,708681.0,708285.0
2026-04-29 14:30:00,8578.0,8582.0,8573.0,8574.0,3207.0,708285.0,708569.0
2026-04-29 14:35:00,8574.0,8576.0,8562.0,8567.0,3932.0,708569.0,708659.0
2026-04-29 14:40:00,8567.0,8567.0,8562.0,8562.0,2439.0,708659.0,708294.0
2026-04-29 14:45:00,8562.0,8574.0,8562.0,8572.0,2608.0,708294.0,708214.0
2026-04-29 14:50:00,8572.0,8576.0,8571.0,8574.0,2535.0,708214.0,707761.0
2026-04-29 14:55:00,8574.0,8575.0,8570.0,8573.0,5790.0,707761.0,705584.0
2026-04-29 21:00:00,8605.0,8614.0,8585.0,8588.0,18991.0,705584.0,704949.0
2026-04-29 21:05:00,8588.0,8589.0,8580.0,8583.0,6823.0,704949.0,704574.0
2026-04-29 21:10:00,8583.0,8592.0,8581.0,8584.0,5172.0,704574.0,704922.0
2026-04-29 21:15:00,8584.0,8591.0,8581.0,8591.0,4451.0,704922.0,705228.0
2026-04-29 21:20:00,8591.0,8604.0,8585.0,8601.0,5482.0,705228.0,705901.0
2026-04-29 21:25:00,8601.0,8604.0,8593.0,8595.0,6303.0,705901.0,706821.0
2026-04-29 21:30:00,8595.0,8608.0,8591.0,8603.0,4395.0,706821.0,707038.0
2026-04-29 21:35:00,8603.0,8607.0,8596.0,8596.0,3981.0,707038.0,706446.0
2026-04-29 21:40:00,8596.0,8597.0,8590.0,8592.0,3614.0,706446.0,706337.0
2026-04-29 21:45:00,8592.0,8599.0,8589.0,8590.0,2706.0,706337.0,706232.0
2026-04-29 21:50:00,8590.0,8590.0,8584.0,8585.0,2712.0,706232.0,705868.0
2026-04-29 21:55:00,8585.0,8587.0,8575.0,8578.0,3606.0,705868.0,706091.0
2026-04-29 22:00:00,8578.0,8578.0,8568.0,8570.0,3972.0,706091.0,705961.0
2026-04-29 22:05:00,8570.0,8573.0,8568.0,8570.0,2724.0,705961.0,705828.0
2026-04-29 22:10:00,8570.0,8574.0,8567.0,8572.0,3376.0,705828.0,704947.0
2026-04-29 22:15:00,8572.0,8575.0,8565.0,8567.0,2652.0,704947.0,704468.0
2026-04-29 22:20:00,8567.0,8568.0,8560.0,8564.0,4468.0,704468.0,703986.0
2026-04-29 22:25:00,8564.0,8566.0,8557.0,8562.0,3093.0,703986.0,704255.0
2026-04-29 22:30:00,8562.0,8573.0,8562.0,8565.0,2708.0,704255.0,704411.0
2026-04-29 22:35:00,8565.0,8569.0,8562.0,8566.0,1763.0,704411.0,704408.0
2026-04-29 22:40:00,8566.0,8567.0,8560.0,8563.0,1222.0,704408.0,704210.0
2026-04-29 22:45:00,8563.0,8571.0,8560.0,8571.0,2246.0,704210.0,704747.0
2026-04-29 22:50:00,8571.0,8573.0,8564.0,8564.0,2346.0,704747.0,705114.0
2026-04-29 22:55:00,8564.0,8577.0,8562.0,8575.0,4889.0,705114.0,705226.0
2026-04-30 09:00:00,8605.0,8626.0,8605.0,8621.0,17132.0,705226.0,708529.0
2026-04-30 09:05:00,8621.0,8626.0,8612.0,8612.0,8431.0,708529.0,708393.0
2026-04-30 09:10:00,8612.0,8613.0,8602.0,8609.0,5271.0,708393.0,707619.0
2026-04-30 09:15:00,8609.0,8615.0,8603.0,8614.0,4530.0,707619.0,707207.0
2026-04-30 09:20:00,8614.0,8623.0,8611.0,8623.0,4291.0,707207.0,707575.0
2026-04-30 09:25:00,8623.0,8624.0,8609.0,8613.0,2870.0,707575.0,707287.0
2026-04-30 09:30:00,8613.0,8613.0,8600.0,8602.0,4268.0,707287.0,706798.0
2026-04-30 09:35:00,8602.0,8603.0,8592.0,8593.0,3050.0,706798.0,706402.0
2026-04-30 09:40:00,8593.0,8595.0,8587.0,8591.0,2326.0,706402.0,706423.0
2026-04-30 09:45:00,8591.0,8595.0,8586.0,8592.0,1990.0,706423.0,706830.0
2026-04-30 09:50:00,8592.0,8595.0,8587.0,8588.0,1709.0,706830.0,706776.0
2026-04-30 09:55:00,8588.0,8596.0,8587.0,8595.0,1442.0,706776.0,706731.0
2026-04-30 10:00:00,8595.0,8600.0,8590.0,8597.0,3074.0,706731.0,706720.0
2026-04-30 10:05:00,8597.0,8598.0,8591.0,8595.0,1610.0,706720.0,706942.0
2026-04-30 10:10:00,8595.0,8599.0,8593.0,8597.0,1394.0,706942.0,707037.0
2026-04-30 10:30:00,8599.0,8611.0,8597.0,8603.0,7636.0,707037.0,707995.0
2026-04-30 10:35:00,8603.0,8609.0,8599.0,8603.0,3473.0,707995.0,707392.0
2026-04-30 10:40:00,8603.0,8610.0,8596.0,8609.0,2460.0,707392.0,707850.0
2026-04-30 10:45:00,8609.0,8609.0,8601.0,8602.0,1237.0,707850.0,707705.0
2026-04-30 10:50:00,8602.0,8603.0,8589.0,8591.0,3030.0,707705.0,707404.0
2026-04-30 10:55:00,8591.0,8599.0,8591.0,8597.0,1156.0,707404.0,707317.0
2026-04-30 11:00:00,8597.0,8602.0,8596.0,8600.0,1220.0,707317.0,707329.0
2026-04-30 11:05:00,8600.0,8606.0,8599.0,8600.0,1301.0,707329.0,707211.0
2026-04-30 11:10:00,8600.0,8608.0,8598.0,8603.0,1775.0,707211.0,707111.0
2026-04-30 11:15:00,8603.0,8606.0,8598.0,8604.0,1165.0,707111.0,706978.0
2026-04-30 11:20:00,8604.0,8608.0,8602.0,8606.0,1263.0,706978.0,707058.0
2026-04-30 11:25:00,8606.0,8615.0,8604.0,8612.0,2117.0,707058.0,707035.0
2026-04-30 13:30:00,8610.0,8615.0,8593.0,8599.0,4796.0,707035.0,706740.0
2026-04-30 13:35:00,8599.0,8601.0,8592.0,8592.0,2733.0,706740.0,705936.0
2026-04-30 13:40:00,8592.0,8602.0,8589.0,8598.0,2599.0,705936.0,705789.0
2026-04-30 13:45:00,8598.0,8601.0,8596.0,8598.0,1532.0,705789.0,705786.0
2026-04-30 13:50:00,8598.0,8605.0,8597.0,8603.0,1824.0,705786.0,705467.0
2026-04-30 13:55:00,8603.0,8615.0,8602.0,8614.0,3679.0,705467.0,705487.0
2026-04-30 14:00:00,8614.0,8614.0,8597.0,8598.0,3739.0,705487.0,704589.0
2026-04-30 14:05:00,8598.0,8613.0,8597.0,8610.0,2885.0,704589.0,704494.0
2026-04-30 14:10:00,8610.0,8614.0,8596.0,8597.0,3060.0,704494.0,704261.0
2026-04-30 14:15:00,8597.0,8614.0,8595.0,8612.0,3780.0,704261.0,703976.0
2026-04-30 14:20:00,8612.0,8618.0,8611.0,8617.0,2206.0,703976.0,703854.0
2026-04-30 14:25:00,8617.0,8620.0,8614.0,8615.0,3050.0,703854.0,703877.0
2026-04-30 14:30:00,8615.0,8616.0,8605.0,8609.0,2347.0,703877.0,703391.0
2026-04-30 14:35:00,8609.0,8613.0,8604.0,8610.0,2398.0,703391.0,703142.0
2026-04-30 14:40:00,8610.0,8613.0,8606.0,8607.0,1846.0,703142.0,702799.0
2026-04-30 14:45:00,8607.0,8611.0,8607.0,8610.0,1724.0,702799.0,702703.0
2026-04-30 14:50:00,8610.0,8613.0,8605.0,8607.0,3312.0,702703.0,701718.0
2026-04-30 14:55:00,8607.0,8614.0,8605.0,8605.0,7657.0,701718.0,698800.0
2026-05-06 09:00:00,8630.0,8681.0,8620.0,8661.0,30238.0,698800.0,703360.0
2026-05-06 09:05:00,8661.0,8690.0,8660.0,8681.0,13516.0,703360.0,706350.0
2026-05-06 09:10:00,8681.0,8696.0,8681.0,8687.0,12472.0,706350.0,709241.0
2026-05-06 09:15:00,8687.0,8691.0,8674.0,8686.0,8907.0,709241.0,709906.0
2026-05-06 09:20:00,8686.0,8690.0,8679.0,8681.0,5441.0,709906.0,711434.0
2026-05-06 09:25:00,8681.0,8684.0,8670.0,8677.0,4038.0,711434.0,711972.0
2026-05-06 09:30:00,8677.0,8685.0,8670.0,8683.0,4709.0,711972.0,712386.0
2026-05-06 09:35:00,8683.0,8683.0,8660.0,8666.0,5252.0,712386.0,713018.0
2026-05-06 09:40:00,8666.0,8669.0,8655.0,8667.0,3361.0,713018.0,712746.0
2026-05-06 09:45:00,8667.0,8673.0,8664.0,8673.0,3595.0,712746.0,713319.0
2026-05-06 09:50:00,8673.0,8681.0,8672.0,8680.0,3325.0,713319.0,714181.0
2026-05-06 09:55:00,8680.0,8693.0,8679.0,8693.0,5850.0,714181.0,715918.0
2026-05-06 10:00:00,8693.0,8705.0,8690.0,8705.0,7753.0,715918.0,719335.0
2026-05-06 10:05:00,8705.0,8722.0,8705.0,8718.0,10689.0,719335.0,723497.0
2026-05-06 10:10:00,8718.0,8727.0,8712.0,8721.0,9114.0,723497.0,725968.0
2026-05-06 10:30:00,8720.0,8720.0,8689.0,8696.0,10640.0,725968.0,726930.0
2026-05-06 10:35:00,8696.0,8710.0,8695.0,8707.0,4837.0,726930.0,727613.0
2026-05-06 10:40:00,8707.0,8710.0,8700.0,8707.0,1822.0,727613.0,728019.0
2026-05-06 10:45:00,8707.0,8714.0,8704.0,8706.0,2461.0,728019.0,728543.0
2026-05-06 10:50:00,8706.0,8707.0,8698.0,8698.0,2681.0,728543.0,729077.0
2026-05-06 10:55:00,8698.0,8699.0,8679.0,8681.0,5507.0,729077.0,728651.0
2026-05-06 11:00:00,8681.0,8686.0,8672.0,8678.0,5846.0,728651.0,728420.0
2026-05-06 11:05:00,8678.0,8680.0,8671.0,8676.0,3593.0,728420.0,728409.0
2026-05-06 11:10:00,8676.0,8680.0,8667.0,8668.0,4140.0,728409.0,728115.0
2026-05-06 11:15:00,8668.0,8670.0,8655.0,8663.0,5523.0,728115.0,728288.0
2026-05-06 11:20:00,8663.0,8663.0,8646.0,8647.0,5725.0,728288.0,728110.0
2026-05-06 11:25:00,8647.0,8662.0,8640.0,8661.0,6842.0,728110.0,728208.0
2026-05-06 13:30:00,8659.0,8672.0,8657.0,8663.0,6650.0,728208.0,729037.0
2026-05-06 13:35:00,8663.0,8679.0,8662.0,8674.0,7743.0,729037.0,730419.0
2026-05-06 13:40:00,8674.0,8674.0,8662.0,8662.0,2519.0,730419.0,730232.0
2026-05-06 13:45:00,8662.0,8666.0,8658.0,8664.0,3368.0,730232.0,729831.0
2026-05-06 13:50:00,8664.0,8665.0,8657.0,8662.0,1689.0,729831.0,729942.0
2026-05-06 13:55:00,8662.0,8663.0,8646.0,8651.0,2529.0,729942.0,729877.0
2026-05-06 14:00:00,8651.0,8652.0,8634.0,8642.0,7802.0,729877.0,728507.0
2026-05-06 14:05:00,8642.0,8645.0,8637.0,8638.0,3034.0,728507.0,728779.0
2026-05-06 14:10:00,8638.0,8642.0,8635.0,8641.0,1334.0,728779.0,728707.0
2026-05-06 14:15:00,8641.0,8648.0,8639.0,8646.0,1976.0,728707.0,728604.0
2026-05-06 14:20:00,8646.0,8659.0,8644.0,8659.0,2840.0,728604.0,728286.0
2026-05-06 14:25:00,8659.0,8662.0,8654.0,8661.0,2710.0,728286.0,728245.0
2026-05-06 14:30:00,8661.0,8666.0,8657.0,8658.0,2535.0,728245.0,728198.0
2026-05-06 14:35:00,8658.0,8666.0,8657.0,8664.0,1954.0,728198.0,728153.0
2026-05-06 14:40:00,8664.0,8671.0,8662.0,8669.0,2249.0,728153.0,728272.0
2026-05-06 14:45:00,8669.0,8671.0,8666.0,8670.0,2168.0,728272.0,728172.0
2026-05-06 14:50:00,8670.0,8672.0,8664.0,8670.0,3033.0,728172.0,728431.0
2026-05-06 14:55:00,8670.0,8676.0,8664.0,8664.0,5279.0,728431.0,727948.0
2026-05-06 21:00:00,8606.0,8635.0,8604.0,8620.0,27309.0,727948.0,729454.0
2026-05-06 21:05:00,8620.0,8642.0,8617.0,8640.0,9363.0,729454.0,731358.0
2026-05-06 21:10:00,8640.0,8643.0,8635.0,8639.0,5655.0,731358.0,731896.0
2026-05-06 21:15:00,8639.0,8640.0,8632.0,8632.0,4163.0,731896.0,733069.0
2026-05-06 21:20:00,8632.0,8636.0,8626.0,8636.0,4953.0,733069.0,733359.0
2026-05-06 21:25:00,8636.0,8640.0,8629.0,8629.0,5081.0,733359.0,734164.0
2026-05-06 21:30:00,8629.0,8633.0,8613.0,8614.0,5991.0,734164.0,733983.0
2026-05-06 21:35:00,8614.0,8623.0,8611.0,8621.0,3836.0,733983.0,733917.0
2026-05-06 21:40:00,8621.0,8621.0,8613.0,8614.0,3627.0,733917.0,734995.0
2026-05-06 21:45:00,8614.0,8618.0,8610.0,8613.0,2323.0,734995.0,734873.0
2026-05-06 21:50:00,8613.0,8623.0,8612.0,8619.0,1710.0,734873.0,734664.0
2026-05-06 21:55:00,8619.0,8626.0,8617.0,8619.0,1768.0,734664.0,734562.0
2026-05-06 22:00:00,8619.0,8625.0,8618.0,8623.0,1723.0,734562.0,734594.0
2026-05-06 22:05:00,8623.0,8631.0,8620.0,8623.0,2311.0,734594.0,734569.0
2026-05-06 22:10:00,8623.0,8623.0,8610.0,8611.0,2960.0,734569.0,734669.0
2026-05-06 22:15:00,8611.0,8613.0,8608.0,8612.0,3508.0,734669.0,734680.0
2026-05-06 22:20:00,8612.0,8615.0,8608.0,8612.0,2002.0,734680.0,734685.0
2026-05-06 22:25:00,8612.0,8615.0,8609.0,8614.0,1497.0,734685.0,734417.0
2026-05-06 22:30:00,8614.0,8618.0,8611.0,8614.0,2073.0,734417.0,733955.0
2026-05-06 22:35:00,8614.0,8620.0,8611.0,8611.0,1763.0,733955.0,733978.0
2026-05-06 22:40:00,8611.0,8615.0,8608.0,8611.0,1393.0,733978.0,733933.0
2026-05-06 22:45:00,8611.0,8611.0,8606.0,8608.0,2759.0,733933.0,733765.0
2026-05-06 22:50:00,8608.0,8614.0,8607.0,8613.0,1880.0,733765.0,733491.0
2026-05-06 22:55:00,8613.0,8613.0,8609.0,8609.0,1959.0,733491.0,732636.0
2026-05-07 09:00:00,8630.0,8637.0,8623.0,8626.0,9652.0,732636.0,731692.0
2026-05-07 09:05:00,8626.0,8635.0,8617.0,8624.0,5438.0,731692.0,731398.0
2026-05-07 09:10:00,8624.0,8625.0,8610.0,8613.0,4316.0,731398.0,731309.0
2026-05-07 09:15:00,8613.0,8622.0,8613.0,8618.0,3306.0,731309.0,731077.0
2026-05-07 09:20:00,8618.0,8620.0,8610.0,8613.0,2483.0,731077.0,731233.0
2026-05-07 09:25:00,8613.0,8614.0,8594.0,8599.0,6260.0,731233.0,731080.0
2026-05-07 09:30:00,8599.0,8601.0,8592.0,8594.0,3060.0,731080.0,730961.0
2026-05-07 09:35:00,8594.0,8595.0,8582.0,8583.0,5511.0,730961.0,730235.0
2026-05-07 09:40:00,8583.0,8584.0,8575.0,8581.0,5583.0,730235.0,728740.0
2026-05-07 09:45:00,8581.0,8582.0,8564.0,8568.0,8260.0,728740.0,727325.0
2026-05-07 09:50:00,8568.0,8569.0,8558.0,8562.0,6545.0,727325.0,726836.0
2026-05-07 09:55:00,8562.0,8575.0,8560.0,8574.0,4196.0,726836.0,726226.0
2026-05-07 10:00:00,8574.0,8575.0,8565.0,8574.0,3754.0,726226.0,725941.0
2026-05-07 10:05:00,8574.0,8577.0,8562.0,8565.0,3544.0,725941.0,725530.0
2026-05-07 10:10:00,8565.0,8566.0,8558.0,8560.0,4156.0,725530.0,725487.0
2026-05-07 10:30:00,8562.0,8562.0,8550.0,8553.0,7662.0,725487.0,724083.0
2026-05-07 10:35:00,8553.0,8557.0,8542.0,8551.0,7067.0,724083.0,723799.0
2026-05-07 10:40:00,8551.0,8553.0,8546.0,8546.0,4861.0,723799.0,722995.0
2026-05-07 10:45:00,8546.0,8557.0,8544.0,8557.0,3252.0,722995.0,722553.0
2026-05-07 10:50:00,8557.0,8561.0,8554.0,8559.0,3247.0,722553.0,722098.0
2026-05-07 10:55:00,8559.0,8565.0,8557.0,8562.0,2113.0,722098.0,721884.0
2026-05-07 11:00:00,8562.0,8572.0,8561.0,8571.0,3418.0,721884.0,721450.0
2026-05-07 11:05:00,8571.0,8576.0,8565.0,8568.0,4025.0,721450.0,720798.0
2026-05-07 11:10:00,8568.0,8571.0,8567.0,8569.0,2322.0,720798.0,720033.0
2026-05-07 11:15:00,8569.0,8571.0,8566.0,8570.0,1460.0,720033.0,719938.0
2026-05-07 11:20:00,8570.0,8574.0,8567.0,8571.0,2176.0,719938.0,719747.0
2026-05-07 11:25:00,8571.0,8573.0,8568.0,8572.0,1655.0,719747.0,719501.0
2026-05-07 13:30:00,8573.0,8583.0,8573.0,8580.0,4394.0,719501.0,719259.0
2026-05-07 13:35:00,8580.0,8582.0,8573.0,8575.0,2172.0,719259.0,719443.0
2026-05-07 13:40:00,8575.0,8578.0,8573.0,8577.0,1329.0,719443.0,719183.0
2026-05-07 13:45:00,8577.0,8580.0,8574.0,8574.0,1610.0,719183.0,718810.0
2026-05-07 13:50:00,8574.0,8579.0,8574.0,8577.0,1275.0,718810.0,718745.0
2026-05-07 13:55:00,8577.0,8578.0,8572.0,8576.0,1735.0,718745.0,718128.0
2026-05-07 14:00:00,8576.0,8581.0,8576.0,8578.0,2195.0,718128.0,717594.0
2026-05-07 14:05:00,8578.0,8579.0,8568.0,8571.0,2024.0,717594.0,717408.0
2026-05-07 14:10:00,8571.0,8574.0,8567.0,8572.0,2391.0,717408.0,717297.0
2026-05-07 14:15:00,8572.0,8574.0,8569.0,8572.0,1577.0,717297.0,717317.0
2026-05-07 14:20:00,8572.0,8573.0,8568.0,8573.0,1246.0,717317.0,717208.0
2026-05-07 14:25:00,8573.0,8577.0,8571.0,8576.0,1639.0,717208.0,717289.0
2026-05-07 14:30:00,8576.0,8585.0,8576.0,8583.0,2845.0,717289.0,717094.0
2026-05-07 14:35:00,8583.0,8586.0,8579.0,8581.0,3468.0,717094.0,717027.0
2026-05-07 14:40:00,8581.0,8583.0,8571.0,8575.0,3333.0,717027.0,716995.0
2026-05-07 14:45:00,8575.0,8585.0,8573.0,8585.0,2787.0,716995.0,716681.0
2026-05-07 14:50:00,8585.0,8586.0,8574.0,8577.0,3776.0,716681.0,716682.0
2026-05-07 14:55:00,8577.0,8581.0,8575.0,8581.0,3548.0,716682.0,716060.0
2026-05-07 21:00:00,8520.0,8540.0,8515.0,8515.0,26801.0,716060.0,712992.0
2026-05-07 21:05:00,8515.0,8531.0,8514.0,8525.0,10908.0,712992.0,713711.0
2026-05-07 21:10:00,8525.0,8536.0,8524.0,8533.0,7245.0,713711.0,714367.0
2026-05-07 21:15:00,8533.0,8534.0,8523.0,8525.0,5119.0,714367.0,714077.0
2026-05-07 21:20:00,8525.0,8528.0,8517.0,8517.0,4588.0,714077.0,713788.0
2026-05-07 21:25:00,8517.0,8524.0,8517.0,8521.0,3959.0,713788.0,713688.0
2026-05-07 21:30:00,8521.0,8531.0,8521.0,8527.0,5099.0,713688.0,713874.0
2026-05-07 21:35:00,8527.0,8544.0,8526.0,8539.0,4792.0,713874.0,714257.0
2026-05-07 21:40:00,8539.0,8544.0,8535.0,8542.0,3474.0,714257.0,714306.0
2026-05-07 21:45:00,8542.0,8544.0,8534.0,8537.0,3099.0,714306.0,714158.0
2026-05-07 21:50:00,8537.0,8543.0,8536.0,8538.0,2250.0,714158.0,714237.0
2026-05-07 21:55:00,8538.0,8538.0,8529.0,8529.0,2209.0,714237.0,714144.0
2026-05-07 22:00:00,8529.0,8530.0,8520.0,8520.0,3778.0,714144.0,714010.0
2026-05-07 22:05:00,8520.0,8522.0,8513.0,8514.0,6377.0,714010.0,715280.0
2026-05-07 22:10:00,8514.0,8517.0,8505.0,8510.0,10101.0,715280.0,714030.0
2026-05-07 22:15:00,8510.0,8523.0,8509.0,8523.0,4105.0,714030.0,713209.0
2026-05-07 22:20:00,8523.0,8523.0,8517.0,8518.0,2206.0,713209.0,713021.0
2026-05-07 22:25:00,8518.0,8520.0,8514.0,8517.0,2703.0,713021.0,712811.0
2026-05-07 22:30:00,8517.0,8526.0,8517.0,8522.0,2774.0,712811.0,712341.0
2026-05-07 22:35:00,8522.0,8526.0,8515.0,8519.0,1890.0,712341.0,712528.0
2026-05-07 22:40:00,8519.0,8522.0,8516.0,8518.0,2011.0,712528.0,712936.0
2026-05-07 22:45:00,8518.0,8522.0,8515.0,8517.0,2823.0,712936.0,713079.0
2026-05-07 22:50:00,8517.0,8517.0,8512.0,8515.0,2604.0,713079.0,712374.0
2026-05-07 22:55:00,8515.0,8522.0,8513.0,8521.0,4111.0,712374.0,711717.0
2026-05-08 09:00:00,8555.0,8562.0,8542.0,8545.0,13875.0,711717.0,711383.0
2026-05-08 09:05:00,8545.0,8549.0,8539.0,8544.0,4305.0,711383.0,711153.0
2026-05-08 09:10:00,8544.0,8550.0,8536.0,8539.0,5551.0,711153.0,710750.0
2026-05-08 09:15:00,8539.0,8545.0,8534.0,8543.0,7344.0,710750.0,712273.0
2026-05-08 09:20:00,8543.0,8549.0,8542.0,8544.0,2958.0,712273.0,712531.0
2026-05-08 09:25:00,8544.0,8545.0,8536.0,8537.0,2709.0,712531.0,712911.0
2026-05-08 09:30:00,8537.0,8539.0,8534.0,8536.0,1949.0,712911.0,712781.0
2026-05-08 09:35:00,8536.0,8542.0,8536.0,8542.0,1676.0,712781.0,712832.0
2026-05-08 09:40:00,8542.0,8542.0,8530.0,8532.0,2230.0,712832.0,712991.0
2026-05-08 09:45:00,8532.0,8536.0,8526.0,8527.0,4015.0,712991.0,713018.0
2026-05-08 09:50:00,8527.0,8528.0,8515.0,8520.0,5334.0,713018.0,713319.0
2026-05-08 09:55:00,8520.0,8530.0,8519.0,8528.0,2575.0,713319.0,713100.0
2026-05-08 10:00:00,8528.0,8531.0,8522.0,8524.0,2929.0,713100.0,712542.0
2026-05-08 10:05:00,8524.0,8529.0,8519.0,8523.0,3189.0,712542.0,712242.0
2026-05-08 10:10:00,8523.0,8525.0,8520.0,8523.0,2545.0,712242.0,711630.0
2026-05-08 10:30:00,8521.0,8521.0,8513.0,8517.0,5521.0,711630.0,711618.0
2026-05-08 10:35:00,8517.0,8525.0,8516.0,8524.0,2962.0,711618.0,711698.0
2026-05-08 10:40:00,8524.0,8531.0,8520.0,8530.0,4214.0,711698.0,711185.0
2026-05-08 10:45:00,8530.0,8531.0,8523.0,8525.0,2753.0,711185.0,711543.0
2026-05-08 10:50:00,8525.0,8527.0,8512.0,8513.0,4647.0,711543.0,712056.0
2026-05-08 10:55:00,8513.0,8513.0,8504.0,8506.0,8101.0,712056.0,713575.0
2026-05-08 11:00:00,8506.0,8509.0,8502.0,8508.0,5043.0,713575.0,713649.0
2026-05-08 11:05:00,8508.0,8514.0,8504.0,8514.0,4780.0,713649.0,713467.0
2026-05-08 11:10:00,8514.0,8516.0,8506.0,8506.0,2686.0,713467.0,713632.0
2026-05-08 11:15:00,8506.0,8507.0,8493.0,8495.0,8423.0,713632.0,713826.0
2026-05-08 11:20:00,8495.0,8500.0,8489.0,8494.0,6742.0,713826.0,712890.0
2026-05-08 11:25:00,8494.0,8498.0,8490.0,8497.0,3938.0,712890.0,712804.0
2026-05-08 13:30:00,8501.0,8505.0,8486.0,8488.0,9305.0,712804.0,711324.0
2026-05-08 13:35:00,8488.0,8490.0,8483.0,8489.0,7028.0,711324.0,712187.0
2026-05-08 13:40:00,8489.0,8491.0,8482.0,8483.0,3933.0,712187.0,712200.0
2026-05-08 13:45:00,8483.0,8490.0,8480.0,8488.0,3920.0,712200.0,712167.0
2026-05-08 13:50:00,8488.0,8491.0,8484.0,8488.0,2842.0,712167.0,712209.0
2026-05-08 13:55:00,8488.0,8490.0,8485.0,8487.0,2211.0,712209.0,711999.0
2026-05-08 14:00:00,8487.0,8490.0,8486.0,8489.0,1914.0,711999.0,711863.0
2026-05-08 14:05:00,8489.0,8490.0,8485.0,8488.0,2895.0,711863.0,711349.0
2026-05-08 14:10:00,8488.0,8490.0,8485.0,8490.0,2143.0,711349.0,710683.0
2026-05-08 14:15:00,8490.0,8493.0,8488.0,8490.0,2188.0,710683.0,710681.0
2026-05-08 14:20:00,8490.0,8492.0,8482.0,8484.0,3461.0,710681.0,710382.0
2026-05-08 14:25:00,8484.0,8487.0,8482.0,8483.0,3272.0,710382.0,710236.0
2026-05-08 14:30:00,8483.0,8488.0,8480.0,8480.0,7911.0,710236.0,709087.0
2026-05-08 14:35:00,8480.0,8480.0,8470.0,8477.0,6455.0,709087.0,707580.0
2026-05-08 14:40:00,8477.0,8483.0,8475.0,8483.0,3644.0,707580.0,706608.0
2026-05-08 14:45:00,8483.0,8489.0,8481.0,8488.0,3840.0,706608.0,706572.0
2026-05-08 14:50:00,8488.0,8492.0,8486.0,8488.0,4103.0,706572.0,706512.0
2026-05-08 14:55:00,8488.0,8490.0,8485.0,8487.0,4169.0,706512.0,705743.0
2026-05-08 21:00:00,8487.0,8502.0,8480.0,8502.0,17819.0,705743.0,704932.0
2026-05-08 21:05:00,8502.0,8506.0,8498.0,8498.0,5602.0,704932.0,704969.0
2026-05-08 21:10:00,8498.0,8505.0,8496.0,8503.0,4561.0,704969.0,705673.0
2026-05-08 21:15:00,8503.0,8504.0,8496.0,8496.0,4504.0,705673.0,706673.0
2026-05-08 21:20:00,8496.0,8502.0,8496.0,8498.0,1937.0,706673.0,706933.0
2026-05-08 21:25:00,8498.0,8501.0,8493.0,8498.0,3053.0,706933.0,707413.0
2026-05-08 21:30:00,8498.0,8503.0,8494.0,8494.0,2192.0,707413.0,707447.0
2026-05-08 21:35:00,8494.0,8495.0,8488.0,8494.0,3139.0,707447.0,707572.0
2026-05-08 21:40:00,8494.0,8497.0,8490.0,8492.0,2065.0,707572.0,707374.0
2026-05-08 21:45:00,8492.0,8495.0,8489.0,8493.0,1874.0,707374.0,707573.0
2026-05-08 21:50:00,8493.0,8495.0,8485.0,8485.0,4917.0,707573.0,707767.0
2026-05-08 21:55:00,8485.0,8491.0,8485.0,8490.0,2016.0,707767.0,707239.0
2026-05-08 22:00:00,8490.0,8499.0,8489.0,8495.0,2790.0,707239.0,707045.0
2026-05-08 22:05:00,8495.0,8500.0,8490.0,8498.0,2066.0,707045.0,707069.0
2026-05-08 22:10:00,8498.0,8504.0,8498.0,8499.0,2145.0,707069.0,706990.0
2026-05-08 22:15:00,8499.0,8502.0,8496.0,8498.0,1938.0,706990.0,706609.0
2026-05-08 22:20:00,8498.0,8507.0,8498.0,8506.0,3345.0,706609.0,706573.0
2026-05-08 22:25:00,8506.0,8512.0,8503.0,8512.0,2854.0,706573.0,706039.0
2026-05-08 22:30:00,8512.0,8514.0,8508.0,8508.0,2213.0,706039.0,705957.0
2026-05-08 22:35:00,8508.0,8512.0,8507.0,8511.0,1548.0,705957.0,705727.0
2026-05-08 22:40:00,8511.0,8513.0,8510.0,8513.0,1682.0,705727.0,705620.0
2026-05-08 22:45:00,8513.0,8515.0,8510.0,8511.0,1383.0,705620.0,705460.0
2026-05-08 22:50:00,8511.0,8512.0,8506.0,8506.0,2467.0,705460.0,705095.0
2026-05-08 22:55:00,8506.0,8510.0,8506.0,8509.0,2012.0,705095.0,704440.0
2026-05-11 09:00:00,8531.0,8546.0,8531.0,8537.0,17393.0,704440.0,704956.0
2026-05-11 09:05:00,8537.0,8549.0,8537.0,8545.0,8768.0,704956.0,704628.0
2026-05-11 09:10:00,8545.0,8545.0,8539.0,8545.0,4519.0,704628.0,704115.0
2026-05-11 09:15:00,8545.0,8547.0,8541.0,8545.0,2973.0,704115.0,703849.0
2026-05-11 09:20:00,8545.0,8550.0,8540.0,8545.0,5345.0,703849.0,704023.0
2026-05-11 09:25:00,8545.0,8545.0,8540.0,8545.0,3004.0,704023.0,704040.0
2026-05-11 09:30:00,8545.0,8558.0,8545.0,8557.0,6730.0,704040.0,704562.0
2026-05-11 09:35:00,8557.0,8564.0,8556.0,8557.0,6683.0,704562.0,705577.0
2026-05-11 09:40:00,8557.0,8558.0,8548.0,8555.0,3227.0,705577.0,705015.0
2026-05-11 09:45:00,8555.0,8557.0,8549.0,8552.0,2771.0,705015.0,705051.0
2026-05-11 09:50:00,8552.0,8557.0,8550.0,8553.0,1951.0,705051.0,705301.0
2026-05-11 09:55:00,8553.0,8554.0,8545.0,8552.0,3611.0,705301.0,705044.0
2026-05-11 10:00:00,8552.0,8560.0,8547.0,8560.0,3156.0,705044.0,705157.0
2026-05-11 10:05:00,8560.0,8563.0,8552.0,8552.0,3647.0,705157.0,705487.0
2026-05-11 10:10:00,8552.0,8554.0,8548.0,8553.0,1943.0,705487.0,705426.0
2026-05-11 10:30:00,8555.0,8555.0,8547.0,8551.0,3756.0,705426.0,705322.0
2026-05-11 10:35:00,8551.0,8553.0,8545.0,8546.0,2279.0,705322.0,705448.0
2026-05-11 10:40:00,8546.0,8551.0,8545.0,8550.0,2518.0,705448.0,705445.0
2026-05-11 10:45:00,8550.0,8555.0,8548.0,8549.0,2011.0,705445.0,705305.0
2026-05-11 10:50:00,8549.0,8550.0,8544.0,8546.0,2056.0,705305.0,705285.0
2026-05-11 10:55:00,8546.0,8554.0,8545.0,8553.0,1686.0,705285.0,704935.0
2026-05-11 11:00:00,8553.0,8562.0,8551.0,8562.0,3309.0,704935.0,705128.0
2026-05-11 11:05:00,8562.0,8565.0,8556.0,8559.0,3172.0,705128.0,704702.0
2026-05-11 11:10:00,8559.0,8560.0,8554.0,8556.0,1800.0,704702.0,704444.0
2026-05-11 11:15:00,8556.0,8556.0,8551.0,8556.0,2328.0,704444.0,703961.0
2026-05-11 11:20:00,8556.0,8559.0,8547.0,8550.0,3182.0,703961.0,703490.0
2026-05-11 11:25:00,8550.0,8554.0,8547.0,8554.0,4073.0,703490.0,703493.0
2026-05-11 13:30:00,8563.0,8569.0,8555.0,8565.0,8098.0,703493.0,704134.0
2026-05-11 13:35:00,8565.0,8568.0,8557.0,8565.0,4624.0,704134.0,704015.0
2026-05-11 13:40:00,8565.0,8570.0,8562.0,8562.0,3583.0,704015.0,704373.0
2026-05-11 13:45:00,8562.0,8576.0,8562.0,8568.0,7984.0,704373.0,706305.0
2026-05-11 13:50:00,8568.0,8571.0,8565.0,8565.0,4062.0,706305.0,707552.0
2026-05-11 13:55:00,8565.0,8568.0,8561.0,8563.0,2710.0,707552.0,708086.0
2026-05-11 14:00:00,8563.0,8572.0,8563.0,8570.0,2636.0,708086.0,707800.0
2026-05-11 14:05:00,8570.0,8577.0,8569.0,8573.0,3750.0,707800.0,707710.0
2026-05-11 14:10:00,8573.0,8576.0,8571.0,8572.0,1763.0,707710.0,707845.0
2026-05-11 14:15:00,8572.0,8576.0,8569.0,8569.0,2896.0,707845.0,708022.0
2026-05-11 14:20:00,8569.0,8578.0,8569.0,8574.0,1936.0,708022.0,708330.0
2026-05-11 14:25:00,8574.0,8577.0,8569.0,8572.0,2988.0,708330.0,708921.0
2026-05-11 14:30:00,8572.0,8574.0,8561.0,8561.0,5385.0,708921.0,709067.0
2026-05-11 14:35:00,8561.0,8564.0,8553.0,8561.0,6652.0,709067.0,708305.0
2026-05-11 14:40:00,8561.0,8563.0,8550.0,8552.0,5681.0,708305.0,707499.0
2026-05-11 14:45:00,8552.0,8555.0,8548.0,8554.0,3923.0,707499.0,707087.0
2026-05-11 14:50:00,8554.0,8559.0,8553.0,8558.0,3934.0,707087.0,707396.0
2026-05-11 14:55:00,8558.0,8563.0,8556.0,8562.0,6110.0,707396.0,705928.0
2026-05-11 21:00:00,8567.0,8571.0,8552.0,8552.0,12856.0,705928.0,705144.0
2026-05-11 21:05:00,8552.0,8557.0,8547.0,8548.0,7179.0,705144.0,705863.0
2026-05-11 21:10:00,8548.0,8559.0,8546.0,8551.0,4047.0,705863.0,706283.0
2026-05-11 21:15:00,8551.0,8557.0,8547.0,8549.0,4316.0,706283.0,706266.0
2026-05-11 21:20:00,8549.0,8551.0,8547.0,8548.0,2425.0,706266.0,706596.0
2026-05-11 21:25:00,8548.0,8549.0,8541.0,8546.0,4224.0,706596.0,706833.0
2026-05-11 21:30:00,8546.0,8551.0,8544.0,8549.0,3292.0,706833.0,707285.0
2026-05-11 21:35:00,8549.0,8551.0,8544.0,8544.0,2058.0,707285.0,706990.0
2026-05-11 21:40:00,8544.0,8546.0,8536.0,8542.0,3663.0,706990.0,707013.0
2026-05-11 21:45:00,8542.0,8542.0,8533.0,8536.0,3952.0,707013.0,707212.0
2026-05-11 21:50:00,8536.0,8536.0,8526.0,8533.0,4543.0,707212.0,706511.0
2026-05-11 21:55:00,8533.0,8544.0,8532.0,8542.0,2741.0,706511.0,706349.0
2026-05-11 22:00:00,8542.0,8550.0,8541.0,8549.0,2642.0,706349.0,706123.0
2026-05-11 22:05:00,8549.0,8553.0,8546.0,8550.0,3107.0,706123.0,706411.0
2026-05-11 22:10:00,8550.0,8553.0,8546.0,8547.0,1659.0,706411.0,706517.0
2026-05-11 22:15:00,8547.0,8554.0,8546.0,8547.0,1762.0,706517.0,706649.0
2026-05-11 22:20:00,8547.0,8551.0,8544.0,8548.0,1173.0,706649.0,706460.0
2026-05-11 22:25:00,8548.0,8550.0,8545.0,8547.0,829.0,706460.0,706494.0
2026-05-11 22:30:00,8547.0,8554.0,8545.0,8548.0,2368.0,706494.0,706763.0
2026-05-11 22:35:00,8548.0,8552.0,8546.0,8548.0,1449.0,706763.0,706953.0
2026-05-11 22:40:00,8548.0,8549.0,8541.0,8541.0,2003.0,706953.0,706615.0
2026-05-11 22:45:00,8541.0,8549.0,8541.0,8548.0,1224.0,706615.0,706633.0
2026-05-11 22:50:00,8548.0,8549.0,8546.0,8549.0,891.0,706633.0,706501.0
2026-05-11 22:55:00,8549.0,8556.0,8547.0,8556.0,2945.0,706501.0,706098.0
2026-05-12 09:00:00,8558.0,8564.0,8550.0,8551.0,6728.0,706098.0,706463.0
2026-05-12 09:05:00,8551.0,8558.0,8547.0,8558.0,3870.0,706463.0,706572.0
2026-05-12 09:10:00,8558.0,8565.0,8555.0,8563.0,3140.0,706572.0,706985.0
2026-05-12 09:15:00,8563.0,8570.0,8562.0,8570.0,3859.0,706985.0,707238.0
2026-05-12 09:20:00,8570.0,8581.0,8570.0,8580.0,7783.0,707238.0,708964.0
2026-05-12 09:25:00,8580.0,8590.0,8579.0,8586.0,6605.0,708964.0,710267.0
2026-05-12 09:30:00,8586.0,8592.0,8584.0,8585.0,5004.0,710267.0,711180.0
2026-05-12 09:35:00,8585.0,8586.0,8575.0,8578.0,4906.0,711180.0,711848.0
2026-05-12 09:40:00,8578.0,8581.0,8576.0,8576.0,1715.0,711848.0,711928.0
2026-05-12 09:45:00,8576.0,8589.0,8576.0,8587.0,2904.0,711928.0,712221.0
2026-05-12 09:50:00,8587.0,8587.0,8575.0,8578.0,2266.0,712221.0,712132.0
2026-05-12 09:55:00,8578.0,8580.0,8571.0,8572.0,2586.0,712132.0,712477.0
2026-05-12 10:00:00,8572.0,8573.0,8562.0,8568.0,4605.0,712477.0,712065.0
2026-05-12 10:05:00,8568.0,8573.0,8560.0,8564.0,4021.0,712065.0,712131.0
2026-05-12 10:10:00,8564.0,8565.0,8556.0,8558.0,3845.0,712131.0,711831.0
2026-05-12 10:30:00,8560.0,8562.0,8552.0,8554.0,4801.0,711831.0,711185.0
2026-05-12 10:35:00,8554.0,8562.0,8552.0,8560.0,3800.0,711185.0,712113.0
2026-05-12 10:40:00,8560.0,8560.0,8554.0,8559.0,2198.0,712113.0,712269.0
2026-05-12 10:45:00,8559.0,8559.0,8545.0,8546.0,4601.0,712269.0,711558.0
2026-05-12 10:50:00,8546.0,8555.0,8543.0,8551.0,2607.0,711558.0,711282.0
2026-05-12 10:55:00,8551.0,8551.0,8542.0,8546.0,2678.0,711282.0,711243.0
2026-05-12 11:00:00,8546.0,8548.0,8536.0,8541.0,4478.0,711243.0,711187.0
2026-05-12 11:05:00,8541.0,8543.0,8536.0,8539.0,2901.0,711187.0,711272.0
2026-05-12 11:10:00,8539.0,8540.0,8533.0,8533.0,4689.0,711272.0,711726.0
2026-05-12 11:15:00,8533.0,8540.0,8530.0,8532.0,4652.0,711726.0,711348.0
2026-05-12 11:20:00,8532.0,8535.0,8523.0,8529.0,4853.0,711348.0,710939.0
2026-05-12 11:25:00,8529.0,8535.0,8527.0,8534.0,4638.0,710939.0,711417.0
2026-05-12 13:30:00,8525.0,8531.0,8521.0,8524.0,7307.0,711417.0,710502.0
2026-05-12 13:35:00,8524.0,8526.0,8518.0,8522.0,5957.0,710502.0,709976.0
2026-05-12 13:40:00,8522.0,8526.0,8516.0,8517.0,5555.0,709976.0,708309.0
2026-05-12 13:45:00,8517.0,8522.0,8514.0,8515.0,5195.0,708309.0,708449.0
2026-05-12 13:50:00,8515.0,8517.0,8510.0,8513.0,5762.0,708449.0,708575.0
2026-05-12 13:55:00,8513.0,8520.0,8512.0,8515.0,4548.0,708575.0,707832.0
2026-05-12 14:00:00,8515.0,8529.0,8514.0,8528.0,4804.0,707832.0,707262.0
2026-05-12 14:05:00,8528.0,8533.0,8528.0,8531.0,3282.0,707262.0,706791.0
2026-05-12 14:10:00,8531.0,8538.0,8528.0,8536.0,2824.0,706791.0,707068.0
2026-05-12 14:15:00,8536.0,8543.0,8535.0,8542.0,2593.0,707068.0,707297.0
2026-05-12 14:20:00,8542.0,8545.0,8535.0,8539.0,3156.0,707297.0,707666.0
2026-05-12 14:25:00,8539.0,8545.0,8538.0,8542.0,9190.0,707666.0,705207.0
2026-05-12 14:30:00,8542.0,8544.0,8534.0,8542.0,4477.0,705207.0,704295.0
2026-05-12 14:35:00,8542.0,8545.0,8536.0,8539.0,3923.0,704295.0,705382.0
2026-05-12 14:40:00,8539.0,8545.0,8538.0,8543.0,1807.0,705382.0,705530.0
2026-05-12 14:45:00,8543.0,8547.0,8538.0,8547.0,2934.0,705530.0,705522.0
2026-05-12 14:50:00,8547.0,8555.0,8545.0,8547.0,5948.0,705522.0,706650.0
2026-05-12 14:55:00,8547.0,8555.0,8547.0,8551.0,6482.0,706650.0,706792.0
2026-05-12 21:00:00,8565.0,8570.0,8556.0,8560.0,16825.0,706792.0,707549.0
2026-05-12 21:05:00,8560.0,8562.0,8553.0,8558.0,6080.0,707549.0,708127.0
2026-05-12 21:10:00,8558.0,8564.0,8553.0,8561.0,4026.0,708127.0,708376.0
2026-05-12 21:15:00,8561.0,8573.0,8560.0,8568.0,7444.0,708376.0,710216.0
2026-05-12 21:20:00,8568.0,8572.0,8562.0,8568.0,3419.0,710216.0,710507.0
2026-05-12 21:25:00,8568.0,8573.0,8565.0,8572.0,2350.0,710507.0,710914.0
2026-05-12 21:30:00,8572.0,8576.0,8565.0,8565.0,4982.0,710914.0,711402.0
2026-05-12 21:35:00,8565.0,8568.0,8558.0,8559.0,4586.0,711402.0,712320.0
2026-05-12 21:40:00,8559.0,8563.0,8551.0,8561.0,5364.0,712320.0,713969.0
2026-05-12 21:45:00,8561.0,8565.0,8558.0,8563.0,1647.0,713969.0,714310.0
2026-05-12 21:50:00,8563.0,8564.0,8560.0,8562.0,1765.0,714310.0,714209.0
2026-05-12 21:55:00,8562.0,8562.0,8555.0,8556.0,1877.0,714209.0,714221.0
2026-05-12 22:00:00,8556.0,8564.0,8555.0,8560.0,2730.0,714221.0,714550.0
2026-05-12 22:05:00,8560.0,8562.0,8553.0,8555.0,2480.0,714550.0,714437.0
2026-05-12 22:10:00,8555.0,8563.0,8555.0,8559.0,1636.0,714437.0,714251.0
2026-05-12 22:15:00,8559.0,8564.0,8557.0,8557.0,2156.0,714251.0,714223.0
2026-05-12 22:20:00,8557.0,8562.0,8555.0,8560.0,2321.0,714223.0,713974.0
2026-05-12 22:25:00,8560.0,8566.0,8558.0,8566.0,1759.0,713974.0,714148.0
2026-05-12 22:30:00,8566.0,8570.0,8563.0,8564.0,1676.0,714148.0,714372.0
2026-05-12 22:35:00,8564.0,8564.0,8555.0,8555.0,2653.0,714372.0,714508.0
2026-05-12 22:40:00,8555.0,8560.0,8554.0,8558.0,1823.0,714508.0,714581.0
2026-05-12 22:45:00,8558.0,8562.0,8557.0,8561.0,1246.0,714581.0,714550.0
2026-05-12 22:50:00,8561.0,8569.0,8560.0,8569.0,2264.0,714550.0,714360.0
2026-05-12 22:55:00,8569.0,8570.0,8566.0,8566.0,2380.0,714360.0,714024.0
2026-05-13 09:00:00,8577.0,8583.0,8569.0,8578.0,10458.0,714024.0,715800.0
2026-05-13 09:05:00,8578.0,8585.0,8578.0,8585.0,6642.0,715800.0,716198.0
2026-05-13 09:10:00,8585.0,8585.0,8572.0,8572.0,5500.0,716198.0,716660.0
2026-05-13 09:15:00,8572.0,8573.0,8557.0,8558.0,8325.0,716660.0,715810.0
2026-05-13 09:20:00,8558.0,8563.0,8554.0,8557.0,4684.0,715810.0,715553.0
2026-05-13 09:25:00,8557.0,8565.0,8554.0,8561.0,3524.0,715553.0,715747.0
2026-05-13 09:30:00,8561.0,8563.0,8556.0,8557.0,3118.0,715747.0,715315.0
2026-05-13 09:35:00,8557.0,8568.0,8557.0,8559.0,3034.0,715315.0,715294.0
2026-05-13 09:40:00,8559.0,8564.0,8559.0,8562.0,1774.0,715294.0,715495.0
2026-05-13 09:45:00,8562.0,8575.0,8561.0,8572.0,2778.0,715495.0,715923.0
2026-05-13 09:50:00,8572.0,8577.0,8570.0,8571.0,2157.0,715923.0,716374.0
2026-05-13 09:55:00,8571.0,8578.0,8571.0,8576.0,1864.0,716374.0,716715.0
2026-05-13 10:00:00,8576.0,8580.0,8573.0,8578.0,2497.0,716715.0,716884.0
2026-05-13 10:05:00,8578.0,8580.0,8575.0,8576.0,1362.0,716884.0,716966.0
2026-05-13 10:10:00,8576.0,8580.0,8572.0,8579.0,2227.0,716966.0,717383.0
2026-05-13 10:30:00,8578.0,8580.0,8570.0,8571.0,3440.0,717383.0,717253.0
2026-05-13 10:35:00,8571.0,8576.0,8571.0,8573.0,1230.0,717253.0,717364.0
2026-05-13 10:40:00,8573.0,8576.0,8565.0,8566.0,2411.0,717364.0,717049.0
2026-05-13 10:45:00,8566.0,8567.0,8559.0,8561.0,3494.0,717049.0,716651.0
2026-05-13 10:50:00,8561.0,8565.0,8549.0,8553.0,6125.0,716651.0,716356.0
2026-05-13 10:55:00,8553.0,8553.0,8540.0,8549.0,4923.0,716356.0,715944.0
2026-05-13 11:00:00,8549.0,8553.0,8544.0,8552.0,4217.0,715944.0,715504.0
2026-05-13 11:05:00,8552.0,8552.0,8542.0,8543.0,3259.0,715504.0,715096.0
2026-05-13 11:10:00,8543.0,8550.0,8540.0,8549.0,2386.0,715096.0,714857.0
2026-05-13 11:15:00,8549.0,8554.0,8549.0,8552.0,1759.0,714857.0,714679.0
2026-05-13 11:20:00,8552.0,8552.0,8543.0,8545.0,2170.0,714679.0,714669.0
2026-05-13 11:25:00,8545.0,8552.0,8545.0,8547.0,1433.0,714669.0,714631.0
2026-05-13 13:30:00,8544.0,8544.0,8529.0,8535.0,7539.0,714631.0,714639.0
2026-05-13 13:35:00,8535.0,8537.0,8527.0,8532.0,4771.0,714639.0,713701.0
2026-05-13 13:40:00,8532.0,8537.0,8530.0,8532.0,2759.0,713701.0,713641.0
2026-05-13 13:45:00,8532.0,8535.0,8528.0,8532.0,3096.0,713641.0,713652.0
2026-05-13 13:50:00,8532.0,8537.0,8527.0,8536.0,3107.0,713652.0,713532.0
2026-05-13 13:55:00,8536.0,8543.0,8535.0,8542.0,3046.0,713532.0,713411.0
2026-05-13 14:00:00,8542.0,8544.0,8535.0,8535.0,2881.0,713411.0,713637.0
2026-05-13 14:05:00,8535.0,8536.0,8528.0,8533.0,2386.0,713637.0,713192.0
2026-05-13 14:10:00,8533.0,8537.0,8530.0,8536.0,1520.0,713192.0,712962.0
2026-05-13 14:15:00,8536.0,8544.0,8535.0,8537.0,2552.0,712962.0,712691.0
2026-05-13 14:20:00,8537.0,8541.0,8533.0,8539.0,1866.0,712691.0,712401.0
2026-05-13 14:25:00,8539.0,8540.0,8535.0,8537.0,1010.0,712401.0,712372.0
2026-05-13 14:30:00,8537.0,8545.0,8536.0,8539.0,3019.0,712372.0,712432.0
2026-05-13 14:35:00,8539.0,8542.0,8536.0,8540.0,1313.0,712432.0,712013.0
2026-05-13 14:40:00,8540.0,8545.0,8540.0,8543.0,1817.0,712013.0,711874.0
2026-05-13 14:45:00,8543.0,8549.0,8542.0,8542.0,2420.0,711874.0,711924.0
2026-05-13 14:50:00,8542.0,8546.0,8541.0,8543.0,1772.0,711924.0,711830.0
2026-05-13 14:55:00,8543.0,8546.0,8541.0,8544.0,3141.0,711830.0,711594.0
2026-05-13 21:00:00,8560.0,8563.0,8553.0,8555.0,12026.0,711594.0,710629.0
2026-05-13 21:05:00,8555.0,8562.0,8551.0,8561.0,5093.0,710629.0,711210.0
2026-05-13 21:10:00,8561.0,8564.0,8557.0,8558.0,3792.0,711210.0,711330.0
2026-05-13 21:15:00,8558.0,8560.0,8553.0,8555.0,2398.0,711330.0,711268.0
2026-05-13 21:20:00,8555.0,8559.0,8554.0,8556.0,1838.0,711268.0,711165.0
2026-05-13 21:25:00,8556.0,8558.0,8553.0,8553.0,1661.0,711165.0,711439.0
2026-05-13 21:30:00,8553.0,8557.0,8548.0,8549.0,3012.0,711439.0,711690.0
2026-05-13 21:35:00,8549.0,8552.0,8548.0,8550.0,1892.0,711690.0,711804.0
2026-05-13 21:40:00,8550.0,8553.0,8549.0,8549.0,1821.0,711804.0,712263.0
2026-05-13 21:45:00,8549.0,8552.0,8544.0,8550.0,2659.0,712263.0,712586.0
2026-05-13 21:50:00,8550.0,8560.0,8550.0,8560.0,2391.0,712586.0,712880.0
2026-05-13 21:55:00,8560.0,8566.0,8559.0,8561.0,5381.0,712880.0,714016.0
2026-05-13 22:00:00,8561.0,8565.0,8557.0,8565.0,2586.0,714016.0,714170.0
2026-05-13 22:05:00,8565.0,8572.0,8564.0,8571.0,5039.0,714170.0,715689.0
2026-05-13 22:10:00,8571.0,8576.0,8568.0,8575.0,3415.0,715689.0,716460.0
2026-05-13 22:15:00,8575.0,8582.0,8572.0,8572.0,7645.0,716460.0,718416.0
2026-05-13 22:20:00,8572.0,8576.0,8568.0,8574.0,3084.0,718416.0,718120.0
2026-05-13 22:25:00,8574.0,8580.0,8573.0,8579.0,2374.0,718120.0,718516.0
2026-05-13 22:30:00,8579.0,8586.0,8578.0,8580.0,5268.0,718516.0,719133.0
2026-05-13 22:35:00,8580.0,8582.0,8578.0,8579.0,2239.0,719133.0,719239.0
2026-05-13 22:40:00,8579.0,8583.0,8577.0,8582.0,2854.0,719239.0,718991.0
2026-05-13 22:45:00,8582.0,8582.0,8564.0,8569.0,6575.0,718991.0,716885.0
2026-05-13 22:50:00,8569.0,8571.0,8565.0,8569.0,2826.0,716885.0,716365.0
2026-05-13 22:55:00,8569.0,8574.0,8566.0,8572.0,2774.0,716365.0,715562.0
2026-05-14 09:00:00,8554.0,8571.0,8550.0,8555.0,15353.0,715562.0,715557.0
2026-05-14 09:05:00,8555.0,8568.0,8550.0,8566.0,6920.0,715557.0,714077.0
2026-05-14 09:10:00,8566.0,8570.0,8556.0,8556.0,6600.0,714077.0,715099.0
2026-05-14 09:15:00,8556.0,8562.0,8554.0,8555.0,3039.0,715099.0,714577.0
2026-05-14 09:20:00,8555.0,8561.0,8552.0,8560.0,2993.0,714577.0,714380.0
2026-05-14 09:25:00,8560.0,8566.0,8559.0,8564.0,2985.0,714380.0,714045.0
2026-05-14 09:30:00,8564.0,8565.0,8554.0,8559.0,3379.0,714045.0,713705.0
2026-05-14 09:35:00,8559.0,8562.0,8553.0,8556.0,3364.0,713705.0,713523.0
2026-05-14 09:40:00,8556.0,8556.0,8544.0,8545.0,4614.0,713523.0,713248.0
2026-05-14 09:45:00,8545.0,8548.0,8539.0,8545.0,7689.0,713248.0,712960.0
2026-05-14 09:50:00,8545.0,8546.0,8537.0,8539.0,3589.0,712960.0,712778.0
2026-05-14 09:55:00,8539.0,8543.0,8536.0,8542.0,3600.0,712778.0,712753.0
2026-05-14 10:00:00,8542.0,8547.0,8540.0,8545.0,2722.0,712753.0,712373.0
2026-05-14 10:05:00,8545.0,8548.0,8541.0,8543.0,2110.0,712373.0,712475.0
2026-05-14 10:10:00,8543.0,8552.0,8539.0,8549.0,3784.0,712475.0,712482.0
2026-05-14 10:30:00,8548.0,8550.0,8542.0,8547.0,2795.0,712482.0,712709.0
2026-05-14 10:35:00,8547.0,8547.0,8540.0,8543.0,2108.0,712709.0,713231.0
2026-05-14 10:40:00,8543.0,8544.0,8538.0,8540.0,2874.0,713231.0,713680.0
2026-05-14 10:45:00,8540.0,8549.0,8534.0,8546.0,4665.0,713680.0,713351.0
2026-05-14 10:50:00,8546.0,8549.0,8543.0,8548.0,1510.0,713351.0,713519.0
2026-05-14 10:55:00,8548.0,8555.0,8548.0,8553.0,2908.0,713519.0,713046.0
2026-05-14 11:00:00,8553.0,8555.0,8542.0,8543.0,2389.0,713046.0,712872.0
2026-05-14 11:05:00,8543.0,8553.0,8543.0,8548.0,2246.0,712872.0,712601.0
2026-05-14 11:10:00,8548.0,8551.0,8544.0,8549.0,2287.0,712601.0,712417.0
2026-05-14 11:15:00,8549.0,8553.0,8547.0,8548.0,1800.0,712417.0,712187.0
2026-05-14 11:20:00,8548.0,8557.0,8544.0,8552.0,2734.0,712187.0,711886.0
2026-05-14 11:25:00,8552.0,8556.0,8547.0,8551.0,1923.0,711886.0,711691.0
2026-05-14 13:30:00,8560.0,8571.0,8560.0,8564.0,9671.0,711691.0,712527.0
2026-05-14 13:35:00,8564.0,8565.0,8559.0,8559.0,4000.0,712527.0,712857.0
2026-05-14 13:40:00,8559.0,8562.0,8554.0,8556.0,3164.0,712857.0,713037.0
2026-05-14 13:45:00,8556.0,8561.0,8554.0,8555.0,1883.0,713037.0,713110.0
2026-05-14 13:50:00,8555.0,8556.0,8551.0,8551.0,2277.0,713110.0,713360.0
2026-05-14 13:55:00,8551.0,8552.0,8544.0,8547.0,3925.0,713360.0,712947.0
2026-05-14 14:00:00,8547.0,8547.0,8541.0,8542.0,2987.0,712947.0,712571.0
2026-05-14 14:05:00,8542.0,8549.0,8541.0,8548.0,2086.0,712571.0,712600.0
2026-05-14 14:10:00,8548.0,8554.0,8547.0,8553.0,2469.0,712600.0,712147.0
2026-05-14 14:15:00,8553.0,8554.0,8547.0,8547.0,1931.0,712147.0,712036.0
2026-05-14 14:20:00,8547.0,8549.0,8526.0,8527.0,10333.0,712036.0,710740.0
2026-05-14 14:25:00,8527.0,8535.0,8522.0,8530.0,6925.0,710740.0,710111.0
2026-05-14 14:30:00,8530.0,8535.0,8518.0,8521.0,7092.0,710111.0,710419.0
2026-05-14 14:35:00,8521.0,8526.0,8516.0,8519.0,5115.0,710419.0,710664.0
2026-05-14 14:40:00,8519.0,8521.0,8506.0,8507.0,9762.0,710664.0,710521.0
2026-05-14 14:45:00,8507.0,8510.0,8502.0,8508.0,6831.0,710521.0,710518.0
2026-05-14 14:50:00,8508.0,8516.0,8505.0,8512.0,6563.0,710518.0,710181.0
2026-05-14 14:55:00,8512.0,8516.0,8509.0,8514.0,5263.0,710181.0,709354.0
2026-05-14 21:00:00,8490.0,8494.0,8455.0,8470.0,31660.0,709354.0,708777.0
2026-05-14 21:05:00,8470.0,8478.0,8465.0,8469.0,10788.0,708777.0,709482.0
2026-05-14 21:10:00,8469.0,8476.0,8464.0,8472.0,5038.0,709482.0,709807.0
2026-05-14 21:15:00,8472.0,8472.0,8464.0,8469.0,5694.0,709807.0,709745.0
2026-05-14 21:20:00,8469.0,8473.0,8467.0,8471.0,4484.0,709745.0,709288.0
2026-05-14 21:25:00,8471.0,8481.0,8465.0,8480.0,4554.0,709288.0,708995.0
2026-05-14 21:30:00,8480.0,8485.0,8466.0,8467.0,7712.0,708995.0,707769.0
2026-05-14 21:35:00,8467.0,8471.0,8465.0,8470.0,4923.0,707769.0,707757.0
2026-05-14 21:40:00,8470.0,8480.0,8467.0,8475.0,4632.0,707757.0,707856.0
2026-05-14 21:45:00,8475.0,8480.0,8471.0,8475.0,3576.0,707856.0,707421.0
2026-05-14 21:50:00,8475.0,8484.0,8474.0,8479.0,4501.0,707421.0,708372.0
2026-05-14 21:55:00,8479.0,8485.0,8479.0,8484.0,2656.0,708372.0,708145.0
2026-05-14 22:00:00,8484.0,8487.0,8480.0,8480.0,4592.0,708145.0,707237.0
2026-05-14 22:05:00,8480.0,8487.0,8478.0,8484.0,2395.0,707237.0,707001.0
2026-05-14 22:10:00,8484.0,8491.0,8483.0,8486.0,2684.0,707001.0,707029.0
2026-05-14 22:15:00,8486.0,8490.0,8483.0,8484.0,2056.0,707029.0,706880.0
2026-05-14 22:20:00,8484.0,8490.0,8483.0,8490.0,1639.0,706880.0,707113.0
2026-05-14 22:25:00,8490.0,8494.0,8487.0,8488.0,2502.0,707113.0,707399.0
2026-05-14 22:30:00,8488.0,8488.0,8482.0,8482.0,2450.0,707399.0,706980.0
2026-05-14 22:35:00,8482.0,8482.0,8479.0,8480.0,3227.0,706980.0,707672.0
2026-05-14 22:40:00,8480.0,8481.0,8476.0,8478.0,2152.0,707672.0,707353.0
2026-05-14 22:45:00,8478.0,8480.0,8475.0,8479.0,2710.0,707353.0,707504.0
2026-05-14 22:50:00,8479.0,8481.0,8476.0,8479.0,1522.0,707504.0,707226.0
2026-05-14 22:55:00,8479.0,8480.0,8476.0,8479.0,2184.0,707226.0,706768.0
2026-05-15 09:00:00,8490.0,8500.0,8490.0,8498.0,12232.0,706768.0,705713.0
2026-05-15 09:05:00,8498.0,8503.0,8494.0,8496.0,5125.0,705713.0,705574.0
2026-05-15 09:10:00,8496.0,8498.0,8486.0,8491.0,6094.0,705574.0,704730.0
2026-05-15 09:15:00,8491.0,8492.0,8484.0,8485.0,3070.0,704730.0,704806.0
2026-05-15 09:20:00,8485.0,8489.0,8480.0,8489.0,4053.0,704806.0,705355.0
2026-05-15 09:25:00,8489.0,8500.0,8485.0,8499.0,4305.0,705355.0,705444.0
2026-05-15 09:30:00,8499.0,8500.0,8494.0,8497.0,2410.0,705444.0,705312.0
2026-05-15 09:35:00,8497.0,8501.0,8487.0,8488.0,3575.0,705312.0,705291.0
2026-05-15 09:40:00,8488.0,8492.0,8487.0,8492.0,1185.0,705291.0,705409.0
2026-05-15 09:45:00,8492.0,8492.0,8482.0,8482.0,2550.0,705409.0,705220.0
2026-05-15 09:50:00,8482.0,8484.0,8471.0,8471.0,5405.0,705220.0,706068.0
2026-05-15 09:55:00,8471.0,8472.0,8461.0,8463.0,8842.0,706068.0,705766.0
2026-05-15 10:00:00,8463.0,8469.0,8461.0,8462.0,5892.0,705766.0,706056.0
2026-05-15 10:05:00,8462.0,8465.0,8456.0,8459.0,7753.0,706056.0,706350.0
2026-05-15 10:10:00,8459.0,8459.0,8452.0,8456.0,4724.0,706350.0,706298.0
2026-05-15 10:30:00,8456.0,8469.0,8451.0,8462.0,8701.0,706298.0,705558.0
2026-05-15 10:35:00,8462.0,8466.0,8461.0,8463.0,2595.0,705558.0,705856.0
2026-05-15 10:40:00,8463.0,8471.0,8461.0,8470.0,2475.0,705856.0,705572.0
2026-05-15 10:45:00,8470.0,8474.0,8466.0,8470.0,2780.0,705572.0,705455.0
2026-05-15 10:50:00,8470.0,8476.0,8468.0,8472.0,2657.0,705455.0,705384.0
2026-05-15 10:55:00,8472.0,8486.0,8469.0,8484.0,3900.0,705384.0,704928.0
2026-05-15 11:00:00,8484.0,8485.0,8474.0,8479.0,2376.0,704928.0,704801.0
2026-05-15 11:05:00,8479.0,8479.0,8470.0,8473.0,2438.0,704801.0,704738.0
2026-05-15 11:10:00,8473.0,8475.0,8469.0,8473.0,2094.0,704738.0,704612.0
2026-05-15 11:15:00,8473.0,8476.0,8468.0,8471.0,2201.0,704612.0,704240.0
2026-05-15 11:20:00,8471.0,8476.0,8468.0,8474.0,2345.0,704240.0,704048.0
2026-05-15 11:25:00,8474.0,8475.0,8464.0,8470.0,3848.0,704048.0,703002.0
2026-05-15 13:30:00,8468.0,8471.0,8456.0,8463.0,7292.0,703002.0,703200.0
2026-05-15 13:35:00,8463.0,8465.0,8457.0,8459.0,4146.0,703200.0,702927.0
2026-05-15 13:40:00,8459.0,8462.0,8455.0,8458.0,5225.0,702927.0,702556.0
2026-05-15 13:45:00,8458.0,8465.0,8455.0,8457.0,4666.0,702556.0,702029.0
2026-05-15 13:50:00,8457.0,8458.0,8450.0,8453.0,11252.0,702029.0,700090.0
2026-05-15 13:55:00,8453.0,8457.0,8446.0,8453.0,5962.0,700090.0,699416.0
2026-05-15 14:00:00,8453.0,8456.0,8447.0,8449.0,3957.0,699416.0,699033.0
2026-05-15 14:05:00,8449.0,8450.0,8444.0,8450.0,4718.0,699033.0,698888.0
2026-05-15 14:10:00,8450.0,8450.0,8443.0,8447.0,3604.0,698888.0,699003.0
2026-05-15 14:15:00,8447.0,8448.0,8440.0,8443.0,3686.0,699003.0,699053.0
2026-05-15 14:20:00,8443.0,8448.0,8442.0,8448.0,2178.0,699053.0,699223.0
2026-05-15 14:25:00,8448.0,8449.0,8440.0,8441.0,2444.0,699223.0,699100.0
2026-05-15 14:30:00,8441.0,8444.0,8434.0,8434.0,6286.0,699100.0,700053.0
2026-05-15 14:35:00,8434.0,8445.0,8433.0,8439.0,5268.0,700053.0,699118.0
2026-05-15 14:40:00,8439.0,8443.0,8433.0,8434.0,3204.0,699118.0,698836.0
2026-05-15 14:45:00,8434.0,8437.0,8432.0,8436.0,3234.0,698836.0,698562.0
2026-05-15 14:50:00,8436.0,8440.0,8433.0,8439.0,4756.0,698562.0,698524.0
2026-05-15 14:55:00,8439.0,8440.0,8432.0,8435.0,6820.0,698524.0,697795.0
2026-05-15 21:00:00,8430.0,8440.0,8404.0,8405.0,23940.0,697795.0,697659.0
2026-05-15 21:05:00,8405.0,8412.0,8402.0,8412.0,8862.0,697659.0,696631.0
2026-05-15 21:10:00,8412.0,8414.0,8403.0,8413.0,6040.0,696631.0,696438.0
2026-05-15 21:15:00,8413.0,8416.0,8408.0,8414.0,4481.0,696438.0,696190.0
2026-05-15 21:20:00,8414.0,8417.0,8409.0,8417.0,4348.0,696190.0,696204.0
2026-05-15 21:25:00,8417.0,8421.0,8414.0,8418.0,3212.0,696204.0,695771.0
2026-05-15 21:30:00,8418.0,8426.0,8414.0,8425.0,5272.0,695771.0,695949.0
2026-05-15 21:35:00,8425.0,8430.0,8422.0,8427.0,4091.0,695949.0,695955.0
2026-05-15 21:40:00,8427.0,8432.0,8423.0,8431.0,3259.0,695955.0,695846.0
2026-05-15 21:45:00,8431.0,8438.0,8428.0,8436.0,3510.0,695846.0,696088.0
2026-05-15 21:50:00,8436.0,8443.0,8436.0,8436.0,4205.0,696088.0,696532.0
2026-05-15 21:55:00,8436.0,8438.0,8431.0,8431.0,2046.0,696532.0,696481.0
2026-05-15 22:00:00,8431.0,8437.0,8429.0,8430.0,2559.0,696481.0,696605.0
2026-05-15 22:05:00,8430.0,8433.0,8427.0,8429.0,2557.0,696605.0,696716.0
2026-05-15 22:10:00,8429.0,8431.0,8426.0,8426.0,1607.0,696716.0,696607.0
2026-05-15 22:15:00,8426.0,8429.0,8425.0,8429.0,1593.0,696607.0,696595.0
2026-05-15 22:20:00,8429.0,8435.0,8425.0,8434.0,1999.0,696595.0,696492.0
2026-05-15 22:25:00,8434.0,8437.0,8429.0,8429.0,2377.0,696492.0,696292.0
2026-05-15 22:30:00,8429.0,8433.0,8426.0,8430.0,2431.0,696292.0,696132.0
2026-05-15 22:35:00,8430.0,8432.0,8428.0,8430.0,808.0,696132.0,696071.0
2026-05-15 22:40:00,8430.0,8432.0,8425.0,8425.0,1544.0,696071.0,695975.0
2026-05-15 22:45:00,8425.0,8432.0,8425.0,8429.0,2363.0,695975.0,696176.0
2026-05-15 22:50:00,8429.0,8430.0,8420.0,8421.0,4132.0,696176.0,696103.0
2026-05-15 22:55:00,8421.0,8425.0,8417.0,8425.0,3577.0,696103.0,696240.0
2026-05-18 09:00:00,8455.0,8481.0,8455.0,8479.0,19990.0,696240.0,695034.0
2026-05-18 09:05:00,8479.0,8483.0,8471.0,8475.0,8553.0,695034.0,694594.0
2026-05-18 09:10:00,8475.0,8475.0,8454.0,8458.0,6164.0,694594.0,694086.0
2026-05-18 09:15:00,8458.0,8465.0,8454.0,8463.0,5277.0,694086.0,694587.0
2026-05-18 09:20:00,8463.0,8470.0,8461.0,8463.0,5124.0,694587.0,694024.0
2026-05-18 09:25:00,8463.0,8466.0,8458.0,8463.0,2599.0,694024.0,693676.0
2026-05-18 09:30:00,8463.0,8465.0,8457.0,8463.0,3534.0,693676.0,693727.0
2026-05-18 09:35:00,8463.0,8463.0,8452.0,8454.0,3426.0,693727.0,693585.0
2026-05-18 09:40:00,8454.0,8458.0,8451.0,8456.0,2924.0,693585.0,693721.0
2026-05-18 09:45:00,8456.0,8456.0,8446.0,8453.0,3326.0,693721.0,693854.0
2026-05-18 09:50:00,8453.0,8454.0,8444.0,8447.0,2524.0,693854.0,693342.0
2026-05-18 09:55:00,8447.0,8450.0,8440.0,8442.0,2449.0,693342.0,693986.0
2026-05-18 10:00:00,8442.0,8446.0,8441.0,8444.0,2281.0,693986.0,693871.0
2026-05-18 10:05:00,8444.0,8452.0,8443.0,8448.0,2139.0,693871.0,693551.0
2026-05-18 10:10:00,8448.0,8450.0,8444.0,8445.0,2182.0,693551.0,693492.0
2026-05-18 10:30:00,8444.0,8450.0,8438.0,8442.0,4449.0,693492.0,693984.0
2026-05-18 10:35:00,8442.0,8449.0,8440.0,8442.0,2408.0,693984.0,693669.0
2026-05-18 10:40:00,8442.0,8446.0,8442.0,8443.0,1666.0,693669.0,693557.0
2026-05-18 10:45:00,8443.0,8451.0,8443.0,8446.0,1779.0,693557.0,693232.0
2026-05-18 10:50:00,8446.0,8446.0,8438.0,8441.0,1929.0,693232.0,693090.0
2026-05-18 10:55:00,8441.0,8443.0,8440.0,8443.0,1025.0,693090.0,693113.0
2026-05-18 11:00:00,8443.0,8460.0,8442.0,8459.0,3006.0,693113.0,692673.0
2026-05-18 11:05:00,8459.0,8462.0,8455.0,8455.0,3484.0,692673.0,692078.0
2026-05-18 11:10:00,8455.0,8461.0,8454.0,8456.0,1629.0,692078.0,691964.0
2026-05-18 11:15:00,8456.0,8463.0,8455.0,8462.0,2221.0,691964.0,691773.0
2026-05-18 11:20:00,8462.0,8465.0,8454.0,8457.0,2595.0,691773.0,691419.0
2026-05-18 11:25:00,8457.0,8465.0,8456.0,8462.0,1762.0,691419.0,691498.0
2026-05-18 13:30:00,8469.0,8476.0,8461.0,8462.0,7116.0,691498.0,692060.0
2026-05-18 13:35:00,8462.0,8470.0,8462.0,8468.0,4099.0,692060.0,692099.0
2026-05-18 13:40:00,8468.0,8474.0,8467.0,8473.0,3590.0,692099.0,692482.0
2026-05-18 13:45:00,8473.0,8476.0,8468.0,8471.0,3122.0,692482.0,692200.0
2026-05-18 13:50:00,8471.0,8482.0,8470.0,8476.0,5670.0,692200.0,692710.0
2026-05-18 13:55:00,8476.0,8477.0,8472.0,8475.0,2363.0,692710.0,692173.0
2026-05-18 14:00:00,8475.0,8479.0,8473.0,8479.0,1934.0,692173.0,692212.0
2026-05-18 14:05:00,8479.0,8484.0,8478.0,8479.0,3935.0,692212.0,692203.0
2026-05-18 14:10:00,8479.0,8483.0,8477.0,8480.0,2213.0,692203.0,692395.0
2026-05-18 14:15:00,8480.0,8483.0,8478.0,8479.0,1686.0,692395.0,692526.0
2026-05-18 14:20:00,8479.0,8480.0,8475.0,8476.0,1860.0,692526.0,692407.0
2026-05-18 14:25:00,8476.0,8478.0,8470.0,8471.0,2441.0,692407.0,692120.0
2026-05-18 14:30:00,8471.0,8476.0,8470.0,8473.0,2440.0,692120.0,691979.0
2026-05-18 14:35:00,8473.0,8476.0,8469.0,8470.0,2152.0,691979.0,691811.0
2026-05-18 14:40:00,8470.0,8474.0,8467.0,8470.0,2483.0,691811.0,691851.0
2026-05-18 14:45:00,8470.0,8475.0,8467.0,8469.0,3181.0,691851.0,691218.0
2026-05-18 14:50:00,8469.0,8478.0,8468.0,8477.0,4115.0,691218.0,690705.0
2026-05-18 14:55:00,8477.0,8478.0,8473.0,8475.0,5127.0,690705.0,689543.0
2026-05-18 21:00:00,8475.0,8475.0,8459.0,8460.0,19628.0,689543.0,688406.0
2026-05-18 21:05:00,8460.0,8461.0,8452.0,8460.0,6242.0,688406.0,687979.0
2026-05-18 21:10:00,8460.0,8461.0,8452.0,8453.0,4477.0,687979.0,687333.0
2026-05-18 21:15:00,8453.0,8459.0,8450.0,8457.0,4641.0,687333.0,687024.0
2026-05-18 21:20:00,8457.0,8462.0,8455.0,8460.0,4211.0,687024.0,686038.0
2026-05-18 21:25:00,8460.0,8462.0,8453.0,8457.0,2701.0,686038.0,685918.0
2026-05-18 21:30:00,8457.0,8466.0,8457.0,8464.0,4604.0,685918.0,686480.0
2026-05-18 21:35:00,8464.0,8467.0,8462.0,8464.0,3473.0,686480.0,686669.0
2026-05-18 21:40:00,8464.0,8468.0,8461.0,8468.0,2364.0,686669.0,686580.0
2026-05-18 21:45:00,8468.0,8472.0,8462.0,8469.0,2902.0,686580.0,687071.0
2026-05-18 21:50:00,8469.0,8472.0,8466.0,8470.0,2347.0,687071.0,687534.0
2026-05-18 21:55:00,8470.0,8477.0,8469.0,8476.0,2698.0,687534.0,687656.0
2026-05-18 22:00:00,8476.0,8480.0,8470.0,8478.0,2605.0,687656.0,687461.0
2026-05-18 22:05:00,8478.0,8488.0,8477.0,8480.0,6157.0,687461.0,687011.0
2026-05-18 22:10:00,8480.0,8483.0,8478.0,8480.0,1387.0,687011.0,687022.0
2026-05-18 22:15:00,8480.0,8481.0,8476.0,8478.0,1603.0,687022.0,686951.0
2026-05-18 22:20:00,8478.0,8486.0,8477.0,8483.0,1982.0,686951.0,686989.0
2026-05-18 22:25:00,8483.0,8488.0,8481.0,8486.0,1675.0,686989.0,687139.0
2026-05-18 22:30:00,8486.0,8493.0,8484.0,8490.0,3904.0,687139.0,685924.0
2026-05-18 22:35:00,8490.0,8496.0,8489.0,8492.0,1991.0,685924.0,685781.0
2026-05-18 22:40:00,8492.0,8495.0,8486.0,8493.0,3685.0,685781.0,686399.0
2026-05-18 22:45:00,8493.0,8498.0,8493.0,8496.0,2784.0,686399.0,686261.0
2026-05-18 22:50:00,8496.0,8500.0,8495.0,8497.0,2736.0,686261.0,686354.0
2026-05-18 22:55:00,8497.0,8510.0,8496.0,8508.0,4504.0,686354.0,686127.0
2026-05-19 09:00:00,8500.0,8500.0,8485.0,8492.0,9480.0,686127.0,685729.0
2026-05-19 09:05:00,8492.0,8506.0,8492.0,8503.0,4975.0,685729.0,686500.0
2026-05-19 09:10:00,8503.0,8507.0,8500.0,8506.0,3443.0,686500.0,686233.0
2026-05-19 09:15:00,8506.0,8513.0,8503.0,8513.0,4935.0,686233.0,686991.0
2026-05-19 09:20:00,8513.0,8516.0,8503.0,8509.0,4785.0,686991.0,686111.0
2026-05-19 09:25:00,8509.0,8516.0,8507.0,8513.0,3013.0,686111.0,686175.0
2026-05-19 09:30:00,8513.0,8514.0,8510.0,8513.0,1826.0,686175.0,686260.0
2026-05-19 09:35:00,8513.0,8515.0,8508.0,8511.0,2300.0,686260.0,686131.0
2026-05-19 09:40:00,8511.0,8512.0,8507.0,8510.0,1709.0,686131.0,686132.0
2026-05-19 09:45:00,8510.0,8515.0,8507.0,8509.0,2416.0,686132.0,686090.0
2026-05-19 09:50:00,8509.0,8509.0,8500.0,8500.0,2940.0,686090.0,685545.0
2026-05-19 09:55:00,8500.0,8503.0,8496.0,8496.0,2401.0,685545.0,685198.0
2026-05-19 10:00:00,8496.0,8502.0,8494.0,8497.0,3257.0,685198.0,684565.0
2026-05-19 10:05:00,8497.0,8500.0,8491.0,8491.0,2380.0,684565.0,684147.0
2026-05-19 10:10:00,8491.0,8498.0,8490.0,8498.0,1880.0,684147.0,684240.0
2026-05-19 10:30:00,8497.0,8506.0,8493.0,8500.0,3339.0,684240.0,684147.0
2026-05-19 10:35:00,8500.0,8503.0,8495.0,8498.0,2130.0,684147.0,684312.0
2026-05-19 10:40:00,8498.0,8501.0,8493.0,8496.0,2100.0,684312.0,684150.0
2026-05-19 10:45:00,8496.0,8498.0,8490.0,8492.0,2567.0,684150.0,683690.0
2026-05-19 10:50:00,8492.0,8505.0,8491.0,8503.0,1777.0,683690.0,683975.0
2026-05-19 10:55:00,8503.0,8508.0,8503.0,8507.0,2145.0,683975.0,684158.0
2026-05-19 11:00:00,8507.0,8514.0,8506.0,8508.0,3929.0,684158.0,683941.0
2026-05-19 11:05:00,8508.0,8511.0,8503.0,8504.0,2411.0,683941.0,683843.0
2026-05-19 11:10:00,8504.0,8507.0,8501.0,8505.0,1371.0,683843.0,683840.0
2026-05-19 11:15:00,8505.0,8507.0,8501.0,8502.0,1259.0,683840.0,683775.0
2026-05-19 11:20:00,8502.0,8505.0,8499.0,8501.0,1283.0,683775.0,683645.0
2026-05-19 11:25:00,8501.0,8505.0,8495.0,8504.0,1823.0,683645.0,683521.0
2026-05-19 13:30:00,8503.0,8519.0,8502.0,8516.0,5499.0,683521.0,684384.0
2026-05-19 13:35:00,8516.0,8519.0,8512.0,8513.0,2756.0,684384.0,684570.0
2026-05-19 13:40:00,8513.0,8517.0,8512.0,8516.0,2750.0,684570.0,684674.0
2026-05-19 13:45:00,8516.0,8521.0,8514.0,8519.0,3446.0,684674.0,685019.0
2026-05-19 13:50:00,8519.0,8530.0,8519.0,8529.0,5804.0,685019.0,684864.0
2026-05-19 13:55:00,8529.0,8532.0,8523.0,8530.0,5461.0,684864.0,685356.0
2026-05-19 14:00:00,8530.0,8540.0,8529.0,8534.0,7577.0,685356.0,685004.0
2026-05-19 14:05:00,8534.0,8544.0,8533.0,8543.0,7376.0,685004.0,685484.0
2026-05-19 14:10:00,8543.0,8545.0,8539.0,8541.0,6614.0,685484.0,685571.0
2026-05-19 14:15:00,8541.0,8552.0,8539.0,8552.0,9294.0,685571.0,686253.0
2026-05-19 14:20:00,8552.0,8572.0,8552.0,8567.0,14326.0,686253.0,687621.0
2026-05-19 14:25:00,8567.0,8579.0,8567.0,8576.0,8892.0,687621.0,688273.0
2026-05-19 14:30:00,8576.0,8599.0,8573.0,8596.0,16458.0,688273.0,690393.0
2026-05-19 14:35:00,8596.0,8610.0,8596.0,8600.0,15148.0,690393.0,690700.0
2026-05-19 14:40:00,8600.0,8606.0,8590.0,8591.0,12181.0,690700.0,690610.0
2026-05-19 14:45:00,8591.0,8599.0,8591.0,8599.0,10437.0,690610.0,690480.0
2026-05-19 14:50:00,8599.0,8600.0,8590.0,8592.0,8695.0,690480.0,690313.0
2026-05-19 14:55:00,8592.0,8598.0,8585.0,8588.0,12600.0,690313.0,689995.0
2026-05-19 21:00:00,8600.0,8620.0,8596.0,8618.0,29051.0,689995.0,692519.0
2026-05-19 21:05:00,8618.0,8620.0,8608.0,8611.0,8821.0,692519.0,693561.0
2026-05-19 21:10:00,8611.0,8618.0,8609.0,8609.0,6513.0,693561.0,693450.0
2026-05-19 21:15:00,8609.0,8617.0,8609.0,8617.0,6981.0,693450.0,692834.0
2026-05-19 21:20:00,8617.0,8623.0,8615.0,8621.0,6591.0,692834.0,693364.0
2026-05-19 21:25:00,8621.0,8623.0,8608.0,8616.0,5259.0,693364.0,692638.0
2026-05-19 21:30:00,8616.0,8619.0,8611.0,8616.0,4544.0,692638.0,692763.0
2026-05-19 21:35:00,8616.0,8620.0,8611.0,8617.0,3294.0,692763.0,692407.0
2026-05-19 21:40:00,8617.0,8626.0,8611.0,8612.0,4745.0,692407.0,692366.0
2026-05-19 21:45:00,8612.0,8613.0,8602.0,8603.0,7751.0,692366.0,692118.0
2026-05-19 21:50:00,8603.0,8608.0,8598.0,8605.0,4310.0,692118.0,691549.0
2026-05-19 21:55:00,8605.0,8607.0,8601.0,8604.0,2613.0,691549.0,691478.0
2026-05-19 22:00:00,8604.0,8607.0,8598.0,8598.0,3533.0,691478.0,691841.0
2026-05-19 22:05:00,8598.0,8605.0,8597.0,8605.0,2653.0,691841.0,691975.0
2026-05-19 22:10:00,8605.0,8605.0,8598.0,8604.0,3445.0,691975.0,691796.0
2026-05-19 22:15:00,8604.0,8604.0,8595.0,8599.0,4280.0,691796.0,690679.0
2026-05-19 22:20:00,8599.0,8603.0,8596.0,8599.0,2327.0,690679.0,690574.0
2026-05-19 22:25:00,8599.0,8600.0,8592.0,8593.0,2472.0,690574.0,690479.0
2026-05-19 22:30:00,8593.0,8599.0,8590.0,8592.0,4452.0,690479.0,690537.0
2026-05-19 22:35:00,8592.0,8594.0,8589.0,8592.0,2738.0,690537.0,690828.0
2026-05-19 22:40:00,8592.0,8598.0,8589.0,8595.0,2992.0,690828.0,690936.0
2026-05-19 22:45:00,8595.0,8605.0,8594.0,8604.0,2757.0,690936.0,690873.0
2026-05-19 22:50:00,8604.0,8604.0,8590.0,8592.0,3887.0,690873.0,691333.0
2026-05-19 22:55:00,8592.0,8599.0,8591.0,8597.0,2468.0,691333.0,691186.0
2026-05-20 09:00:00,8600.0,8600.0,8583.0,8588.0,9219.0,691186.0,691679.0
2026-05-20 09:05:00,8588.0,8591.0,8585.0,8585.0,5074.0,691679.0,691874.0
2026-05-20 09:10:00,8585.0,8592.0,8582.0,8592.0,5681.0,691874.0,691910.0
2026-05-20 09:15:00,8592.0,8593.0,8580.0,8582.0,4196.0,691910.0,691651.0
2026-05-20 09:20:00,8582.0,8588.0,8578.0,8587.0,3972.0,691651.0,691733.0
2026-05-20 09:25:00,8587.0,8599.0,8586.0,8599.0,5117.0,691733.0,692118.0
2026-05-20 09:30:00,8599.0,8600.0,8594.0,8598.0,4578.0,692118.0,692331.0
2026-05-20 09:35:00,8598.0,8602.0,8594.0,8596.0,3320.0,692331.0,692531.0
2026-05-20 09:40:00,8596.0,8597.0,8585.0,8588.0,3227.0,692531.0,692405.0
2026-05-20 09:45:00,8588.0,8589.0,8579.0,8581.0,3400.0,692405.0,691443.0
2026-05-20 09:50:00,8581.0,8581.0,8566.0,8567.0,5467.0,691443.0,690497.0
2026-05-20 09:55:00,8567.0,8573.0,8564.0,8570.0,3235.0,690497.0,690369.0
2026-05-20 10:00:00,8570.0,8573.0,8567.0,8570.0,3057.0,690369.0,689726.0
2026-05-20 10:05:00,8570.0,8570.0,8561.0,8565.0,3150.0,689726.0,689167.0
2026-05-20 10:10:00,8565.0,8568.0,8559.0,8567.0,2747.0,689167.0,688651.0
2026-05-20 10:30:00,8567.0,8578.0,8567.0,8568.0,4777.0,688651.0,688343.0
2026-05-20 10:35:00,8568.0,8580.0,8567.0,8578.0,3012.0,688343.0,688543.0
2026-05-20 10:40:00,8578.0,8579.0,8574.0,8574.0,1542.0,688543.0,688362.0
2026-05-20 10:45:00,8574.0,8578.0,8568.0,8573.0,1984.0,688362.0,688577.0
2026-05-20 10:50:00,8573.0,8577.0,8572.0,8574.0,1735.0,688577.0,688478.0
2026-05-20 10:55:00,8574.0,8581.0,8572.0,8574.0,2865.0,688478.0,688168.0
2026-05-20 11:00:00,8574.0,8580.0,8570.0,8573.0,3213.0,688168.0,687386.0
2026-05-20 11:05:00,8573.0,8584.0,8571.0,8583.0,3014.0,687386.0,686770.0
2026-05-20 11:10:00,8583.0,8586.0,8580.0,8583.0,1647.0,686770.0,686618.0
2026-05-20 11:15:00,8583.0,8588.0,8579.0,8587.0,1701.0,686618.0,686410.0
2026-05-20 11:20:00,8587.0,8588.0,8581.0,8583.0,3107.0,686410.0,686016.0
2026-05-20 11:25:00,8583.0,8592.0,8580.0,8590.0,2628.0,686016.0,685746.0
2026-05-20 13:30:00,8630.0,8677.0,8611.0,8672.0,51185.0,685746.0,693270.0
2026-05-20 13:35:00,8672.0,8682.0,8653.0,8655.0,21121.0,693270.0,696537.0
2026-05-20 13:40:00,8655.0,8665.0,8643.0,8663.0,11376.0,696537.0,697057.0
2026-05-20 13:45:00,8663.0,8666.0,8656.0,8662.0,8500.0,697057.0,697255.0
2026-05-20 13:50:00,8662.0,8675.0,8661.0,8673.0,8949.0,697255.0,697490.0
2026-05-20 13:55:00,8673.0,8674.0,8658.0,8662.0,6769.0,697490.0,696699.0
2026-05-20 14:00:00,8662.0,8666.0,8648.0,8651.0,6600.0,696699.0,695901.0
2026-05-20 14:05:00,8651.0,8658.0,8643.0,8655.0,5716.0,695901.0,696225.0
2026-05-20 14:10:00,8655.0,8660.0,8654.0,8655.0,3385.0,696225.0,696088.0
2026-05-20 14:15:00,8655.0,8660.0,8650.0,8654.0,3309.0,696088.0,696308.0
2026-05-20 14:20:00,8654.0,8656.0,8646.0,8651.0,3177.0,696308.0,696230.0
2026-05-20 14:25:00,8651.0,8662.0,8645.0,8661.0,4258.0,696230.0,697001.0
2026-05-20 14:30:00,8661.0,8668.0,8658.0,8668.0,3185.0,697001.0,697582.0
2026-05-20 14:35:00,8668.0,8674.0,8666.0,8668.0,5366.0,697582.0,699178.0
2026-05-20 14:40:00,8668.0,8672.0,8663.0,8663.0,4433.0,699178.0,698780.0
2026-05-20 14:45:00,8663.0,8674.0,8661.0,8667.0,5949.0,698780.0,699829.0
2026-05-20 14:50:00,8667.0,8669.0,8658.0,8661.0,6175.0,699829.0,699954.0
2026-05-20 14:55:00,8661.0,8661.0,8636.0,8636.0,10672.0,699954.0,697221.0
2026-05-20 21:00:00,8610.0,8630.0,8601.0,8625.0,21525.0,697221.0,697289.0
2026-05-20 21:05:00,8625.0,8633.0,8622.0,8629.0,7604.0,697289.0,698001.0
2026-05-20 21:10:00,8629.0,8635.0,8627.0,8627.0,3580.0,698001.0,698224.0
2026-05-20 21:15:00,8627.0,8633.0,8624.0,8630.0,3015.0,698224.0,698678.0
2026-05-20 21:20:00,8630.0,8639.0,8630.0,8633.0,2713.0,698678.0,698735.0
2026-05-20 21:25:00,8633.0,8639.0,8629.0,8636.0,2770.0,698735.0,698709.0
2026-05-20 21:30:00,8636.0,8640.0,8633.0,8639.0,5969.0,698709.0,700666.0
2026-05-20 21:35:00,8639.0,8641.0,8635.0,8638.0,3278.0,700666.0,701169.0
2026-05-20 21:40:00,8638.0,8641.0,8635.0,8639.0,2458.0,701169.0,701520.0
2026-05-20 21:45:00,8639.0,8639.0,8631.0,8631.0,2919.0,701520.0,701715.0
2026-05-20 21:50:00,8631.0,8637.0,8631.0,8634.0,2254.0,701715.0,701859.0
2026-05-20 21:55:00,8634.0,8635.0,8625.0,8630.0,3706.0,701859.0,702101.0
2026-05-20 22:00:00,8630.0,8636.0,8623.0,8625.0,3642.0,702101.0,701907.0
2026-05-20 22:05:00,8625.0,8629.0,8620.0,8625.0,3268.0,701907.0,701463.0
2026-05-20 22:10:00,8625.0,8627.0,8614.0,8614.0,3632.0,701463.0,701455.0
2026-05-20 22:15:00,8614.0,8616.0,8598.0,8601.0,8512.0,701455.0,700220.0
2026-05-20 22:20:00,8601.0,8607.0,8593.0,8605.0,7419.0,700220.0,699373.0
2026-05-20 22:25:00,8605.0,8606.0,8591.0,8592.0,5672.0,699373.0,698938.0
2026-05-20 22:30:00,8592.0,8595.0,8582.0,8586.0,7176.0,698938.0,697965.0
2026-05-20 22:35:00,8586.0,8597.0,8585.0,8591.0,4026.0,697965.0,697666.0
2026-05-20 22:40:00,8591.0,8599.0,8590.0,8599.0,2899.0,697666.0,697329.0
2026-05-20 22:45:00,8599.0,8600.0,8584.0,8585.0,4712.0,697329.0,698003.0
2026-05-20 22:50:00,8585.0,8588.0,8580.0,8583.0,3220.0,698003.0,697429.0
2026-05-20 22:55:00,8583.0,8585.0,8574.0,8577.0,6438.0,697429.0,696633.0
2026-05-21 09:00:00,8570.0,8573.0,8561.0,8567.0,17552.0,696633.0,693789.0
2026-05-21 09:05:00,8567.0,8578.0,8566.0,8575.0,4896.0,693789.0,693720.0
2026-05-21 09:10:00,8575.0,8582.0,8573.0,8582.0,3427.0,693720.0,693323.0
2026-05-21 09:15:00,8582.0,8586.0,8580.0,8585.0,2978.0,693323.0,692964.0
2026-05-21 09:20:00,8585.0,8592.0,8583.0,8587.0,5253.0,692964.0,693626.0
2026-05-21 09:25:00,8587.0,8590.0,8583.0,8588.0,2153.0,693626.0,693308.0
2026-05-21 09:30:00,8588.0,8592.0,8579.0,8579.0,2716.0,693308.0,693239.0
2026-05-21 09:35:00,8579.0,8581.0,8569.0,8569.0,4617.0,693239.0,692365.0
2026-05-21 09:40:00,8569.0,8577.0,8569.0,8574.0,2552.0,692365.0,692051.0
2026-05-21 09:45:00,8574.0,8579.0,8572.0,8578.0,1498.0,692051.0,691982.0
2026-05-21 09:50:00,8578.0,8581.0,8569.0,8571.0,2156.0,691982.0,691901.0
2026-05-21 09:55:00,8571.0,8577.0,8568.0,8573.0,2011.0,691901.0,691625.0
2026-05-21 10:00:00,8573.0,8577.0,8570.0,8577.0,2099.0,691625.0,691403.0
2026-05-21 10:05:00,8577.0,8580.0,8573.0,8573.0,2241.0,691403.0,691257.0
2026-05-21 10:10:00,8573.0,8577.0,8572.0,8573.0,1671.0,691257.0,690951.0
2026-05-21 10:30:00,8571.0,8571.0,8541.0,8550.0,16300.0,690951.0,687403.0
2026-05-21 10:35:00,8550.0,8550.0,8540.0,8542.0,8725.0,687403.0,686350.0
2026-05-21 10:40:00,8542.0,8551.0,8540.0,8544.0,5911.0,686350.0,685497.0
2026-05-21 10:45:00,8544.0,8544.0,8532.0,8537.0,8589.0,685497.0,683236.0
2026-05-21 10:50:00,8537.0,8542.0,8534.0,8540.0,3979.0,683236.0,682279.0
2026-05-21 10:55:00,8540.0,8548.0,8536.0,8546.0,3831.0,682279.0,681955.0
2026-05-21 11:00:00,8546.0,8552.0,8545.0,8548.0,2458.0,681955.0,681788.0
2026-05-21 11:05:00,8548.0,8567.0,8547.0,8566.0,4045.0,681788.0,681521.0
2026-05-21 11:10:00,8566.0,8568.0,8560.0,8564.0,2555.0,681521.0,681806.0
2026-05-21 11:15:00,8564.0,8570.0,8563.0,8567.0,2504.0,681806.0,682338.0
2026-05-21 11:20:00,8567.0,8575.0,8564.0,8572.0,3053.0,682338.0,682659.0
2026-05-21 11:25:00,8572.0,8573.0,8560.0,8561.0,2576.0,682659.0,682231.0
2026-05-21 13:30:00,8561.0,8568.0,8560.0,8568.0,3382.0,682231.0,682046.0
2026-05-21 13:35:00,8568.0,8572.0,8566.0,8570.0,1935.0,682046.0,682290.0
2026-05-21 13:40:00,8570.0,8575.0,8567.0,8574.0,2646.0,682290.0,682178.0
2026-05-21 13:45:00,8574.0,8579.0,8572.0,8575.0,2597.0,682178.0,682265.0
2026-05-21 13:50:00,8575.0,8582.0,8574.0,8577.0,2690.0,682265.0,682457.0
2026-05-21 13:55:00,8577.0,8577.0,8560.0,8561.0,3975.0,682457.0,681888.0
2026-05-21 14:00:00,8561.0,8566.0,8560.0,8565.0,2147.0,681888.0,681847.0
2026-05-21 14:05:00,8565.0,8572.0,8563.0,8572.0,3551.0,681847.0,682235.0
2026-05-21 14:10:00,8572.0,8573.0,8564.0,8566.0,2217.0,682235.0,681856.0
2026-05-21 14:15:00,8566.0,8567.0,8557.0,8557.0,3496.0,681856.0,681661.0
2026-05-21 14:20:00,8557.0,8559.0,8545.0,8545.0,5526.0,681661.0,680490.0
2026-05-21 14:25:00,8545.0,8545.0,8538.0,8540.0,6579.0,680490.0,678914.0
2026-05-21 14:30:00,8540.0,8542.0,8534.0,8535.0,4969.0,678914.0,677808.0
2026-05-21 14:35:00,8535.0,8543.0,8535.0,8538.0,5833.0,677808.0,676614.0
2026-05-21 14:40:00,8538.0,8538.0,8533.0,8536.0,4013.0,676614.0,676087.0
2026-05-21 14:45:00,8536.0,8540.0,8534.0,8538.0,4958.0,676087.0,675301.0
2026-05-21 14:50:00,8538.0,8539.0,8524.0,8528.0,8401.0,675301.0,672730.0
2026-05-21 14:55:00,8528.0,8539.0,8525.0,8537.0,6616.0,672730.0,671823.0
2026-05-21 21:00:00,8556.0,8556.0,8544.0,8545.0,13635.0,671823.0,670201.0
2026-05-21 21:05:00,8545.0,8549.0,8538.0,8543.0,5686.0,670201.0,669931.0
2026-05-21 21:10:00,8543.0,8544.0,8530.0,8534.0,5743.0,669931.0,669757.0
2026-05-21 21:15:00,8534.0,8541.0,8532.0,8541.0,4744.0,669757.0,669402.0
2026-05-21 21:20:00,8541.0,8541.0,8532.0,8541.0,2727.0,669402.0,669087.0
2026-05-21 21:25:00,8541.0,8542.0,8535.0,8535.0,2808.0,669087.0,669241.0
2026-05-21 21:30:00,8535.0,8541.0,8535.0,8538.0,3685.0,669241.0,669918.0
2026-05-21 21:35:00,8538.0,8540.0,8534.0,8538.0,2641.0,669918.0,670194.0
2026-05-21 21:40:00,8538.0,8542.0,8535.0,8536.0,3370.0,670194.0,670334.0
2026-05-21 21:45:00,8536.0,8537.0,8528.0,8530.0,3375.0,670334.0,670555.0
2026-05-21 21:50:00,8530.0,8531.0,8515.0,8516.0,6728.0,670555.0,670450.0
2026-05-21 21:55:00,8516.0,8526.0,8515.0,8522.0,4778.0,670450.0,669873.0
2026-05-21 22:00:00,8522.0,8523.0,8516.0,8522.0,3316.0,669873.0,669047.0
2026-05-21 22:05:00,8522.0,8535.0,8521.0,8533.0,3050.0,669047.0,668534.0
2026-05-21 22:10:00,8533.0,8539.0,8530.0,8537.0,2743.0,668534.0,668763.0
2026-05-21 22:15:00,8537.0,8538.0,8528.0,8531.0,2070.0,668763.0,668670.0
2026-05-21 22:20:00,8531.0,8531.0,8518.0,8518.0,2938.0,668670.0,668181.0
2026-05-21 22:25:00,8518.0,8520.0,8510.0,8514.0,4274.0,668181.0,667859.0
2026-05-21 22:30:00,8514.0,8517.0,8507.0,8517.0,4803.0,667859.0,667580.0
2026-05-21 22:35:00,8517.0,8523.0,8515.0,8516.0,2701.0,667580.0,667321.0
2026-05-21 22:40:00,8516.0,8518.0,8511.0,8512.0,2129.0,667321.0,666762.0
2026-05-21 22:45:00,8512.0,8513.0,8508.0,8508.0,2744.0,666762.0,666141.0
2026-05-21 22:50:00,8508.0,8509.0,8503.0,8506.0,5816.0,666141.0,665215.0
2026-05-21 22:55:00,8506.0,8509.0,8499.0,8506.0,8206.0,665215.0,663337.0
2026-05-22 09:00:00,8499.0,8512.0,8492.0,8508.0,10504.0,663337.0,662397.0
2026-05-22 09:05:00,8508.0,8510.0,8498.0,8498.0,4227.0,662397.0,661739.0
2026-05-22 09:10:00,8498.0,8504.0,8495.0,8497.0,3163.0,661739.0,661393.0
2026-05-22 09:15:00,8497.0,8504.0,8494.0,8504.0,3749.0,661393.0,661431.0
2026-05-22 09:20:00,8504.0,8507.0,8501.0,8504.0,2190.0,661431.0,661426.0
2026-05-22 09:25:00,8504.0,8506.0,8502.0,8506.0,1802.0,661426.0,661312.0
2026-05-22 09:30:00,8506.0,8508.0,8501.0,8505.0,2354.0,661312.0,661070.0
2026-05-22 09:35:00,8505.0,8509.0,8503.0,8503.0,1566.0,661070.0,660808.0
2026-05-22 09:40:00,8503.0,8504.0,8498.0,8501.0,2774.0,660808.0,660846.0
2026-05-22 09:45:00,8501.0,8502.0,8498.0,8499.0,1351.0,660846.0,660673.0
2026-05-22 09:50:00,8499.0,8505.0,8498.0,8502.0,1320.0,660673.0,660673.0
2026-05-22 09:55:00,8502.0,8502.0,8495.0,8496.0,1800.0,660673.0,660223.0
2026-05-22 10:00:00,8496.0,8499.0,8494.0,8496.0,2073.0,660223.0,660052.0
2026-05-22 10:05:00,8496.0,8498.0,8494.0,8496.0,1706.0,660052.0,659648.0
2026-05-22 10:10:00,8496.0,8499.0,8494.0,8495.0,1361.0,659648.0,659519.0
2026-05-22 10:30:00,8497.0,8497.0,8484.0,8489.0,6272.0,659519.0,659713.0
2026-05-22 10:35:00,8489.0,8509.0,8488.0,8507.0,4639.0,659713.0,659076.0
2026-05-22 10:40:00,8507.0,8513.0,8503.0,8511.0,4815.0,659076.0,659101.0
2026-05-22 10:45:00,8511.0,8515.0,8503.0,8514.0,3467.0,659101.0,659417.0
2026-05-22 10:50:00,8514.0,8514.0,8507.0,8512.0,2720.0,659417.0,659342.0
2026-05-22 10:55:00,8512.0,8514.0,8503.0,8513.0,2954.0,659342.0,659188.0
2026-05-22 11:00:00,8513.0,8517.0,8511.0,8512.0,2642.0,659188.0,659399.0
2026-05-22 11:05:00,8512.0,8513.0,8507.0,8509.0,1798.0,659399.0,659190.0
2026-05-22 11:10:00,8509.0,8517.0,8506.0,8516.0,1719.0,659190.0,659290.0
2026-05-22 11:15:00,8516.0,8520.0,8513.0,8518.0,3558.0,659290.0,659573.0
2026-05-22 11:20:00,8518.0,8523.0,8517.0,8521.0,1928.0,659573.0,659606.0
2026-05-22 11:25:00,8521.0,8521.0,8512.0,8514.0,2351.0,659606.0,659298.0
2026-05-22 13:30:00,8513.0,8521.0,8509.0,8513.0,4030.0,659298.0,659321.0
2026-05-22 13:35:00,8513.0,8517.0,8505.0,8505.0,2461.0,659321.0,659299.0
2026-05-22 13:40:00,8505.0,8508.0,8502.0,8506.0,1985.0,659299.0,659187.0
2026-05-22 13:45:00,8506.0,8507.0,8502.0,8505.0,1778.0,659187.0,659230.0
2026-05-22 13:50:00,8505.0,8512.0,8503.0,8512.0,1765.0,659230.0,659231.0
2026-05-22 13:55:00,8512.0,8518.0,8509.0,8514.0,1861.0,659231.0,659148.0
2026-05-22 14:00:00,8514.0,8515.0,8500.0,8502.0,2963.0,659148.0,658817.0
2026-05-22 14:05:00,8502.0,8504.0,8497.0,8498.0,3056.0,658817.0,658707.0
2026-05-22 14:10:00,8498.0,8503.0,8497.0,8502.0,1526.0,658707.0,658789.0
2026-05-22 14:15:00,8502.0,8504.0,8496.0,8500.0,2704.0,658789.0,658258.0
2026-05-22 14:20:00,8500.0,8501.0,8495.0,8499.0,2046.0,658258.0,658040.0
2026-05-22 14:25:00,8499.0,8500.0,8494.0,8496.0,2273.0,658040.0,657733.0
2026-05-22 14:30:00,8496.0,8501.0,8493.0,8500.0,2643.0,657733.0,657750.0
2026-05-22 14:35:00,8500.0,8509.0,8499.0,8509.0,2669.0,657750.0,657671.0
2026-05-22 14:40:00,8509.0,8509.0,8500.0,8505.0,2534.0,657671.0,657478.0
2026-05-22 14:45:00,8505.0,8511.0,8504.0,8511.0,3494.0,657478.0,657555.0
2026-05-22 14:50:00,8511.0,8511.0,8506.0,8509.0,2947.0,657555.0,657891.0
2026-05-22 14:55:00,8509.0,8509.0,8502.0,8505.0,4276.0,657891.0,656984.0
2026-05-22 21:00:00,8495.0,8497.0,8481.0,8491.0,13216.0,656984.0,656744.0
2026-05-22 21:05:00,8491.0,8496.0,8487.0,8488.0,4383.0,656744.0,656633.0
2026-05-22 21:10:00,8488.0,8491.0,8484.0,8486.0,5298.0,656633.0,656986.0
2026-05-22 21:15:00,8486.0,8491.0,8485.0,8489.0,2721.0,656986.0,657070.0
2026-05-22 21:20:00,8489.0,8497.0,8489.0,8490.0,2977.0,657070.0,657331.0
2026-05-22 21:25:00,8490.0,8493.0,8488.0,8493.0,1305.0,657331.0,657494.0
2026-05-22 21:30:00,8493.0,8498.0,8492.0,8494.0,2339.0,657494.0,657742.0
2026-05-22 21:35:00,8494.0,8494.0,8484.0,8485.0,3954.0,657742.0,658221.0
2026-05-22 21:40:00,8485.0,8487.0,8483.0,8485.0,2052.0,658221.0,658217.0
2026-05-22 21:45:00,8485.0,8495.0,8485.0,8495.0,2772.0,658217.0,658665.0
2026-05-22 21:50:00,8495.0,8502.0,8495.0,8497.0,3051.0,658665.0,658766.0
2026-05-22 21:55:00,8497.0,8499.0,8491.0,8493.0,1609.0,658766.0,658894.0
2026-05-22 22:00:00,8493.0,8493.0,8488.0,8490.0,1757.0,658894.0,658852.0
2026-05-22 22:05:00,8490.0,8493.0,8489.0,8492.0,1637.0,658852.0,658994.0
2026-05-22 22:10:00,8492.0,8497.0,8490.0,8492.0,1356.0,658994.0,658856.0
2026-05-22 22:15:00,8492.0,8492.0,8482.0,8482.0,3225.0,658856.0,658989.0
2026-05-22 22:20:00,8482.0,8484.0,8480.0,8482.0,2917.0,658989.0,659594.0
2026-05-22 22:25:00,8482.0,8486.0,8479.0,8484.0,2343.0,659594.0,659519.0
2026-05-22 22:30:00,8484.0,8486.0,8481.0,8483.0,1559.0,659519.0,659745.0
2026-05-22 22:35:00,8483.0,8488.0,8481.0,8487.0,1799.0,659745.0,659868.0
2026-05-22 22:40:00,8487.0,8493.0,8487.0,8490.0,2456.0,659868.0,659609.0
2026-05-22 22:45:00,8490.0,8492.0,8484.0,8487.0,1757.0,659609.0,659656.0
2026-05-22 22:50:00,8487.0,8488.0,8485.0,8487.0,1575.0,659656.0,659965.0
2026-05-22 22:55:00,8487.0,8491.0,8484.0,8489.0,2297.0,659965.0,659247.0
2026-05-25 09:00:00,8460.0,8460.0,8422.0,8439.0,33719.0,659247.0,662836.0
2026-05-25 09:05:00,8439.0,8447.0,8430.0,8444.0,10134.0,662836.0,662458.0
2026-05-25 09:10:00,8444.0,8448.0,8438.0,8445.0,5105.0,662458.0,662239.0
2026-05-25 09:15:00,8445.0,8449.0,8443.0,8448.0,4501.0,662239.0,662455.0
2026-05-25 09:20:00,8448.0,8451.0,8436.0,8450.0,5495.0,662455.0,662552.0
2026-05-25 09:25:00,8450.0,8452.0,8442.0,8445.0,3832.0,662552.0,662349.0
2026-05-25 09:30:00,8445.0,8452.0,8442.0,8449.0,3209.0,662349.0,662775.0
2026-05-25 09:35:00,8449.0,8457.0,8448.0,8456.0,2724.0,662775.0,662488.0
2026-05-25 09:40:00,8456.0,8459.0,8450.0,8451.0,2304.0,662488.0,662298.0
2026-05-25 09:45:00,8451.0,8464.0,8451.0,8460.0,3853.0,662298.0,662226.0
2026-05-25 09:50:00,8460.0,8468.0,8460.0,8462.0,2639.0,662226.0,662269.0
2026-05-25 09:55:00,8462.0,8470.0,8461.0,8469.0,2579.0,662269.0,662283.0
2026-05-25 10:00:00,8469.0,8473.0,8465.0,8471.0,3895.0,662283.0,662882.0
2026-05-25 10:05:00,8471.0,8471.0,8460.0,8464.0,2389.0,662882.0,662746.0
2026-05-25 10:10:00,8464.0,8468.0,8462.0,8463.0,1616.0,662746.0,662494.0
2026-05-25 10:30:00,8463.0,8465.0,8456.0,8458.0,4487.0,662494.0,662686.0
2026-05-25 10:35:00,8458.0,8466.0,8456.0,8466.0,1522.0,662686.0,662542.0
2026-05-25 10:40:00,8466.0,8470.0,8460.0,8461.0,2019.0,662542.0,662170.0
2026-05-25 10:45:00,8461.0,8470.0,8457.0,8467.0,1920.0,662170.0,662091.0
2026-05-25 10:50:00,8467.0,8469.0,8458.0,8459.0,1741.0,662091.0,662207.0
2026-05-25 10:55:00,8459.0,8461.0,8451.0,8451.0,3157.0,662207.0,662510.0
2026-05-25 11:00:00,8451.0,8453.0,8433.0,8438.0,7311.0,662510.0,662382.0
2026-05-25 11:05:00,8438.0,8438.0,8432.0,8434.0,4411.0,662382.0,662753.0
2026-05-25 11:10:00,8434.0,8437.0,8427.0,8435.0,8092.0,662753.0,663621.0
2026-05-25 11:15:00,8435.0,8437.0,8426.0,8427.0,6199.0,663621.0,663402.0
2026-05-25 11:20:00,8427.0,8429.0,8421.0,8425.0,6070.0,663402.0,663544.0
2026-05-25 11:25:00,8425.0,8431.0,8423.0,8431.0,4534.0,663544.0,663507.0
2026-05-25 13:30:00,8431.0,8431.0,8425.0,8428.0,4192.0,663507.0,663097.0
2026-05-25 13:35:00,8428.0,8434.0,8424.0,8433.0,3964.0,663097.0,662731.0
2026-05-25 13:40:00,8433.0,8440.0,8431.0,8439.0,3621.0,662731.0,662014.0
2026-05-25 13:45:00,8439.0,8446.0,8437.0,8444.0,3802.0,662014.0,661617.0
2026-05-25 13:50:00,8444.0,8448.0,8437.0,8437.0,2879.0,661617.0,661341.0
2026-05-25 13:55:00,8437.0,8441.0,8434.0,8437.0,1813.0,661341.0,660722.0
2026-05-25 14:00:00,8437.0,8442.0,8433.0,8440.0,2394.0,660722.0,660680.0
2026-05-25 14:05:00,8440.0,8440.0,8430.0,8436.0,3249.0,660680.0,660412.0
2026-05-25 14:10:00,8436.0,8444.0,8436.0,8442.0,2464.0,660412.0,660170.0
2026-05-25 14:15:00,8442.0,8442.0,8434.0,8437.0,2087.0,660170.0,659835.0
2026-05-25 14:20:00,8437.0,8443.0,8437.0,8441.0,2039.0,659835.0,659307.0
2026-05-25 14:25:00,8441.0,8446.0,8440.0,8446.0,2935.0,659307.0,659187.0
2026-05-25 14:30:00,8446.0,8450.0,8440.0,8440.0,3206.0,659187.0,659352.0
2026-05-25 14:35:00,8440.0,8440.0,8435.0,8437.0,2313.0,659352.0,658963.0
2026-05-25 14:40:00,8437.0,8443.0,8437.0,8442.0,2399.0,658963.0,658791.0
2026-05-25 14:45:00,8442.0,8446.0,8434.0,8437.0,3359.0,658791.0,658581.0
2026-05-25 14:50:00,8437.0,8438.0,8433.0,8437.0,3247.0,658581.0,658925.0
2026-05-25 14:55:00,8437.0,8444.0,8435.0,8440.0,6147.0,658925.0,657748.0
2026-05-25 21:00:00,8460.0,8462.0,8434.0,8439.0,13165.0,657748.0,658099.0
2026-05-25 21:05:00,8439.0,8447.0,8439.0,8442.0,4716.0,658099.0,658496.0
2026-05-25 21:10:00,8442.0,8446.0,8440.0,8442.0,2537.0,658496.0,658483.0
2026-05-25 21:15:00,8442.0,8451.0,8442.0,8448.0,3235.0,658483.0,659223.0
2026-05-25 21:20:00,8448.0,8451.0,8443.0,8443.0,2477.0,659223.0,659272.0
2026-05-25 21:25:00,8443.0,8448.0,8442.0,8445.0,2095.0,659272.0,659291.0
2026-05-25 21:30:00,8445.0,8450.0,8443.0,8447.0,2301.0,659291.0,659466.0
2026-05-25 21:35:00,8447.0,8456.0,8444.0,8452.0,3296.0,659466.0,659527.0
2026-05-25 21:40:00,8452.0,8453.0,8444.0,8446.0,1961.0,659527.0,659547.0
2026-05-25 21:45:00,8446.0,8452.0,8442.0,8452.0,1645.0,659547.0,659744.0
2026-05-25 21:50:00,8452.0,8460.0,8450.0,8459.0,3031.0,659744.0,660621.0
2026-05-25 21:55:00,8459.0,8460.0,8445.0,8446.0,3173.0,660621.0,660977.0
2026-05-25 22:00:00,8446.0,8454.0,8442.0,8445.0,3218.0,660977.0,661337.0
2026-05-25 22:05:00,8445.0,8453.0,8445.0,8450.0,2383.0,661337.0,662007.0
2026-05-25 22:10:00,8450.0,8456.0,8449.0,8452.0,1899.0,662007.0,662623.0
2026-05-25 22:15:00,8452.0,8452.0,8448.0,8451.0,1051.0,662623.0,662701.0
2026-05-25 22:20:00,8451.0,8452.0,8445.0,8450.0,1432.0,662701.0,662700.0
2026-05-25 22:25:00,8450.0,8453.0,8446.0,8451.0,1162.0,662700.0,662872.0
2026-05-25 22:30:00,8451.0,8463.0,8451.0,8458.0,3020.0,662872.0,663490.0
2026-05-25 22:35:00,8458.0,8460.0,8454.0,8459.0,1297.0,663490.0,663824.0
2026-05-25 22:40:00,8459.0,8461.0,8453.0,8454.0,1466.0,663824.0,663929.0
2026-05-25 22:45:00,8454.0,8455.0,8450.0,8451.0,998.0,663929.0,663857.0
2026-05-25 22:50:00,8451.0,8453.0,8448.0,8452.0,1018.0,663857.0,663801.0
2026-05-25 22:55:00,8452.0,8455.0,8450.0,8450.0,1474.0,663801.0,663194.0
2026-05-26 09:00:00,8443.0,8445.0,8435.0,8443.0,8296.0,663194.0,663881.0
2026-05-26 09:05:00,8443.0,8447.0,8435.0,8437.0,4897.0,663881.0,663489.0
2026-05-26 09:10:00,8437.0,8438.0,8430.0,8433.0,6109.0,663489.0,663586.0
2026-05-26 09:15:00,8433.0,8440.0,8433.0,8440.0,2316.0,663586.0,663600.0
2026-05-26 09:20:00,8440.0,8449.0,8439.0,8446.0,3829.0,663600.0,663652.0
2026-05-26 09:25:00,8446.0,8455.0,8442.0,8454.0,2831.0,663652.0,663815.0
2026-05-26 09:30:00,8454.0,8457.0,8448.0,8457.0,3330.0,663815.0,663993.0
2026-05-26 09:35:00,8457.0,8466.0,8454.0,8463.0,5138.0,663993.0,664476.0
2026-05-26 09:40:00,8463.0,8464.0,8454.0,8456.0,3116.0,664476.0,664153.0
2026-05-26 09:45:00,8456.0,8459.0,8453.0,8456.0,1596.0,664153.0,663980.0
2026-05-26 09:50:00,8456.0,8463.0,8451.0,8462.0,3376.0,663980.0,663665.0
2026-05-26 09:55:00,8462.0,8465.0,8454.0,8457.0,2403.0,663665.0,663807.0
2026-05-26 10:00:00,8457.0,8462.0,8456.0,8461.0,1952.0,663807.0,663699.0
2026-05-26 10:05:00,8461.0,8463.0,8454.0,8456.0,2209.0,663699.0,663431.0
2026-05-26 10:10:00,8456.0,8456.0,8451.0,8453.0,2673.0,663431.0,662765.0
2026-05-26 10:30:00,8455.0,8463.0,8453.0,8461.0,3403.0,662765.0,662570.0
2026-05-26 10:35:00,8461.0,8467.0,8453.0,8456.0,4153.0,662570.0,662455.0
2026-05-26 10:40:00,8456.0,8458.0,8444.0,8447.0,3429.0,662455.0,661986.0
2026-05-26 10:45:00,8447.0,8455.0,8443.0,8443.0,3485.0,661986.0,662104.0
2026-05-26 10:50:00,8443.0,8450.0,8442.0,8449.0,2177.0,662104.0,662316.0
2026-05-26 10:55:00,8449.0,8451.0,8443.0,8450.0,1917.0,662316.0,662300.0
2026-05-26 11:00:00,8450.0,8451.0,8442.0,8443.0,2142.0,662300.0,662167.0
2026-05-26 11:05:00,8443.0,8445.0,8438.0,8439.0,3007.0,662167.0,661820.0
2026-05-26 11:10:00,8439.0,8441.0,8435.0,8436.0,1871.0,661820.0,661640.0
2026-05-26 11:15:00,8436.0,8441.0,8435.0,8437.0,3100.0,661640.0,661551.0
2026-05-26 11:20:00,8437.0,8438.0,8434.0,8437.0,2699.0,661551.0,661333.0
2026-05-26 11:25:00,8437.0,8443.0,8437.0,8440.0,2417.0,661333.0,660641.0
2026-05-26 13:30:00,8451.0,8459.0,8446.0,8447.0,4869.0,660641.0,660548.0
2026-05-26 13:35:00,8447.0,8448.0,8440.0,8440.0,1853.0,660548.0,660587.0
2026-05-26 13:40:00,8440.0,8441.0,8436.0,8436.0,2078.0,660587.0,660494.0
2026-05-26 13:45:00,8436.0,8437.0,8430.0,8431.0,4906.0,660494.0,660360.0
2026-05-26 13:50:00,8431.0,8437.0,8431.0,8433.0,2591.0,660360.0,660095.0
2026-05-26 13:55:00,8433.0,8434.0,8428.0,8432.0,3290.0,660095.0,659878.0
2026-05-26 14:00:00,8432.0,8432.0,8425.0,8428.0,4573.0,659878.0,658890.0
2026-05-26 14:05:00,8428.0,8429.0,8425.0,8425.0,2380.0,658890.0,658832.0
2026-05-26 14:10:00,8425.0,8426.0,8412.0,8415.0,13050.0,658832.0,657968.0
2026-05-26 14:15:00,8415.0,8415.0,8406.0,8409.0,8559.0,657968.0,657737.0
2026-05-26 14:20:00,8409.0,8420.0,8408.0,8417.0,5364.0,657737.0,657269.0
2026-05-26 14:25:00,8417.0,8424.0,8413.0,8423.0,3892.0,657269.0,656751.0
2026-05-26 14:30:00,8423.0,8426.0,8419.0,8423.0,3071.0,656751.0,656927.0
2026-05-26 14:35:00,8423.0,8424.0,8414.0,8416.0,2380.0,656927.0,656635.0
2026-05-26 14:40:00,8416.0,8419.0,8413.0,8416.0,2416.0,656635.0,656560.0
2026-05-26 14:45:00,8416.0,8417.0,8411.0,8414.0,3074.0,656560.0,656340.0
2026-05-26 14:50:00,8414.0,8416.0,8409.0,8413.0,5532.0,656340.0,656750.0
2026-05-26 14:55:00,8413.0,8420.0,8410.0,8415.0,6254.0,656750.0,657074.0
2026-05-26 21:00:00,8433.0,8440.0,8423.0,8432.0,13923.0,657074.0,655937.0
2026-05-26 21:05:00,8432.0,8442.0,8428.0,8441.0,5277.0,655937.0,655250.0
2026-05-26 21:10:00,8441.0,8445.0,8436.0,8439.0,3905.0,655250.0,655327.0
2026-05-26 21:15:00,8439.0,8444.0,8436.0,8443.0,2695.0,655327.0,655810.0
2026-05-26 21:20:00,8443.0,8445.0,8439.0,8442.0,2086.0,655810.0,656000.0
2026-05-26 21:25:00,8442.0,8443.0,8437.0,8441.0,1803.0,656000.0,656121.0
2026-05-26 21:30:00,8441.0,8442.0,8434.0,8440.0,2331.0,656121.0,656366.0
2026-05-26 21:35:00,8440.0,8441.0,8437.0,8439.0,1083.0,656366.0,656441.0
2026-05-26 21:40:00,8439.0,8442.0,8437.0,8438.0,1092.0,656441.0,656637.0
2026-05-26 21:45:00,8438.0,8453.0,8438.0,8453.0,5128.0,656637.0,657657.0
2026-05-26 21:50:00,8453.0,8458.0,8451.0,8452.0,4015.0,657657.0,657577.0
2026-05-26 21:55:00,8452.0,8454.0,8448.0,8449.0,1780.0,657577.0,657509.0
2026-05-26 22:00:00,8449.0,8449.0,8442.0,8443.0,2557.0,657509.0,657673.0
2026-05-26 22:05:00,8443.0,8444.0,8432.0,8432.0,3303.0,657673.0,658053.0
2026-05-26 22:10:00,8432.0,8442.0,8432.0,8439.0,1939.0,658053.0,657987.0
2026-05-26 22:15:00,8439.0,8443.0,8438.0,8442.0,1674.0,657987.0,658130.0
2026-05-26 22:20:00,8442.0,8443.0,8437.0,8438.0,1377.0,658130.0,658337.0
2026-05-26 22:25:00,8438.0,8439.0,8435.0,8435.0,1019.0,658337.0,658440.0
2026-05-26 22:30:00,8435.0,8437.0,8432.0,8435.0,1888.0,658440.0,658706.0
2026-05-26 22:35:00,8435.0,8435.0,8431.0,8434.0,1329.0,658706.0,658810.0
2026-05-26 22:40:00,8434.0,8437.0,8433.0,8436.0,1060.0,658810.0,659027.0
2026-05-26 22:45:00,8436.0,8436.0,8432.0,8434.0,806.0,659027.0,659034.0
2026-05-26 22:50:00,8434.0,8444.0,8433.0,8441.0,2569.0,659034.0,658247.0
2026-05-26 22:55:00,8441.0,8442.0,8439.0,8441.0,2392.0,658247.0,657482.0
2026-05-27 09:00:00,8441.0,8447.0,8432.0,8439.0,5739.0,657482.0,657785.0
2026-05-27 09:05:00,8439.0,8440.0,8436.0,8439.0,2017.0,657785.0,657777.0
2026-05-27 09:10:00,8439.0,8443.0,8437.0,8439.0,1379.0,657777.0,657890.0
2026-05-27 09:15:00,8439.0,8445.0,8437.0,8442.0,2137.0,657890.0,657987.0
2026-05-27 09:20:00,8442.0,8445.0,8439.0,8444.0,2123.0,657987.0,657979.0
2026-05-27 09:25:00,8444.0,8450.0,8441.0,8449.0,2851.0,657979.0,657830.0
2026-05-27 09:30:00,8449.0,8450.0,8446.0,8447.0,2445.0,657830.0,657774.0
2026-05-27 09:35:00,8447.0,8449.0,8441.0,8444.0,2301.0,657774.0,657533.0
2026-05-27 09:40:00,8444.0,8452.0,8444.0,8450.0,1925.0,657533.0,657448.0
2026-05-27 09:45:00,8450.0,8456.0,8449.0,8454.0,3300.0,657448.0,657147.0
2026-05-27 09:50:00,8454.0,8463.0,8451.0,8459.0,5697.0,657147.0,657466.0
2026-05-27 09:55:00,8459.0,8470.0,8452.0,8455.0,8564.0,657466.0,657536.0
2026-05-27 10:00:00,8455.0,8458.0,8450.0,8453.0,3861.0,657536.0,657345.0
2026-05-27 10:05:00,8453.0,8467.0,8453.0,8462.0,3565.0,657345.0,657128.0
2026-05-27 10:10:00,8462.0,8465.0,8459.0,8462.0,2884.0,657128.0,656712.0
2026-05-27 10:30:00,8462.0,8471.0,8460.0,8469.0,4405.0,656712.0,657483.0
2026-05-27 10:35:00,8469.0,8472.0,8460.0,8467.0,3489.0,657483.0,657572.0
2026-05-27 10:40:00,8467.0,8472.0,8464.0,8469.0,2547.0,657572.0,657927.0
2026-05-27 10:45:00,8469.0,8475.0,8459.0,8463.0,4513.0,657927.0,657530.0
2026-05-27 10:50:00,8463.0,8468.0,8460.0,8466.0,2501.0,657530.0,657625.0
2026-05-27 10:55:00,8466.0,8469.0,8461.0,8465.0,2249.0,657625.0,657749.0
2026-05-27 11:00:00,8465.0,8468.0,8460.0,8465.0,2904.0,657749.0,657458.0
2026-05-27 11:05:00,8465.0,8465.0,8458.0,8462.0,2279.0,657458.0,657281.0
2026-05-27 11:10:00,8462.0,8470.0,8460.0,8468.0,1891.0,657281.0,657447.0
2026-05-27 11:15:00,8468.0,8471.0,8463.0,8469.0,3127.0,657447.0,657647.0
2026-05-27 11:20:00,8469.0,8470.0,8458.0,8459.0,2594.0,657647.0,657458.0
2026-05-27 11:25:00,8459.0,8459.0,8451.0,8459.0,3727.0,657458.0,656687.0
2026-05-27 13:30:00,8458.0,8459.0,8443.0,8453.0,5097.0,656687.0,656985.0
2026-05-27 13:35:00,8453.0,8458.0,8452.0,8455.0,1452.0,656985.0,657016.0
2026-05-27 13:40:00,8455.0,8458.0,8451.0,8454.0,1579.0,657016.0,657061.0
2026-05-27 13:45:00,8454.0,8457.0,8452.0,8455.0,1304.0,657061.0,657067.0
2026-05-27 13:50:00,8455.0,8455.0,8443.0,8444.0,2640.0,657067.0,656845.0
2026-05-27 13:55:00,8444.0,8450.0,8439.0,8446.0,4353.0,656845.0,657491.0
2026-05-27 14:00:00,8446.0,8449.0,8444.0,8446.0,1873.0,657491.0,657690.0
2026-05-27 14:05:00,8446.0,8447.0,8440.0,8441.0,2310.0,657690.0,657426.0
2026-05-27 14:10:00,8441.0,8442.0,8438.0,8439.0,3024.0,657426.0,657181.0
2026-05-27 14:15:00,8439.0,8447.0,8438.0,8444.0,1485.0,657181.0,657206.0
2026-05-27 14:20:00,8444.0,8446.0,8440.0,8442.0,1152.0,657206.0,657083.0
2026-05-27 14:25:00,8442.0,8444.0,8440.0,8442.0,1188.0,657083.0,657147.0
2026-05-27 14:30:00,8442.0,8447.0,8440.0,8443.0,1547.0,657147.0,656960.0
2026-05-27 14:35:00,8443.0,8444.0,8438.0,8440.0,1647.0,656960.0,656959.0
2026-05-27 14:40:00,8440.0,8441.0,8434.0,8438.0,3178.0,656959.0,656863.0
2026-05-27 14:45:00,8438.0,8439.0,8433.0,8434.0,2271.0,656863.0,656679.0
2026-05-27 14:50:00,8434.0,8442.0,8433.0,8441.0,2662.0,656679.0,656362.0
2026-05-27 14:55:00,8441.0,8444.0,8438.0,8442.0,2682.0,656362.0,655916.0
2026-05-27 21:00:00,8422.0,8430.0,8413.0,8427.0,12058.0,655916.0,656016.0
2026-05-27 21:05:00,8427.0,8433.0,8424.0,8432.0,4709.0,656016.0,656034.0
2026-05-27 21:10:00,8432.0,8433.0,8426.0,8429.0,2128.0,656034.0,655992.0
2026-05-27 21:15:00,8429.0,8433.0,8425.0,8425.0,2052.0,655992.0,655962.0
2026-05-27 21:20:00,8425.0,8426.0,8419.0,8419.0,2898.0,655962.0,655854.0
2026-05-27 21:25:00,8419.0,8435.0,8419.0,8431.0,3663.0,655854.0,655765.0
2026-05-27 21:30:00,8431.0,8439.0,8428.0,8435.0,2197.0,655765.0,655464.0
2026-05-27 21:35:00,8435.0,8441.0,8435.0,8438.0,1642.0,655464.0,655236.0
2026-05-27 21:40:00,8438.0,8446.0,8436.0,8446.0,2670.0,655236.0,655219.0
2026-05-27 21:45:00,8446.0,8446.0,8439.0,8440.0,1922.0,655219.0,654952.0
2026-05-27 21:50:00,8440.0,8447.0,8437.0,8446.0,1381.0,654952.0,654903.0
2026-05-27 21:55:00,8446.0,8456.0,8446.0,8456.0,3011.0,654903.0,655584.0
2026-05-27 22:00:00,8456.0,8457.0,8451.0,8454.0,2388.0,655584.0,655732.0
2026-05-27 22:05:00,8454.0,8457.0,8452.0,8454.0,1554.0,655732.0,655917.0
2026-05-27 22:10:00,8454.0,8467.0,8453.0,8465.0,4587.0,655917.0,655809.0
2026-05-27 22:15:00,8465.0,8467.0,8458.0,8458.0,3413.0,655809.0,655673.0
2026-05-27 22:20:00,8458.0,8464.0,8456.0,8462.0,1997.0,655673.0,655436.0
2026-05-27 22:25:00,8462.0,8467.0,8455.0,8458.0,2440.0,655436.0,655496.0
2026-05-27 22:30:00,8458.0,8461.0,8455.0,8457.0,2070.0,655496.0,655162.0
2026-05-27 22:35:00,8457.0,8467.0,8457.0,8463.0,1690.0,655162.0,655268.0
2026-05-27 22:40:00,8463.0,8467.0,8462.0,8464.0,2176.0,655268.0,655234.0
2026-05-27 22:45:00,8464.0,8470.0,8462.0,8470.0,2309.0,655234.0,654991.0
2026-05-27 22:50:00,8470.0,8471.0,8465.0,8468.0,3507.0,654991.0,655315.0
2026-05-27 22:55:00,8468.0,8475.0,8467.0,8474.0,3608.0,655315.0,654937.0
2026-05-28 09:00:00,8480.0,8480.0,8466.0,8467.0,8135.0,654937.0,655179.0
2026-05-28 09:05:00,8467.0,8475.0,8464.0,8475.0,2881.0,655179.0,655205.0
2026-05-28 09:10:00,8475.0,8478.0,8470.0,8471.0,1979.0,655205.0,655335.0
2026-05-28 09:15:00,8471.0,8475.0,8466.0,8471.0,2287.0,655335.0,654958.0
2026-05-28 09:20:00,8471.0,8476.0,8470.0,8471.0,1356.0,654958.0,654979.0
2026-05-28 09:25:00,8471.0,8473.0,8467.0,8469.0,1466.0,654979.0,654912.0
2026-05-28 09:30:00,8469.0,8470.0,8465.0,8466.0,2087.0,654912.0,654801.0
2026-05-28 09:35:00,8466.0,8474.0,8466.0,8467.0,2080.0,654801.0,654789.0
2026-05-28 09:40:00,8467.0,8468.0,8463.0,8465.0,1550.0,654789.0,654416.0
2026-05-28 09:45:00,8465.0,8471.0,8462.0,8464.0,1928.0,654416.0,654365.0
2026-05-28 09:50:00,8464.0,8471.0,8463.0,8466.0,1812.0,654365.0,654211.0
2026-05-28 09:55:00,8466.0,8469.0,8461.0,8467.0,1886.0,654211.0,654199.0
2026-05-28 10:00:00,8467.0,8472.0,8465.0,8470.0,1247.0,654199.0,654307.0
2026-05-28 10:05:00,8470.0,8478.0,8470.0,8474.0,2339.0,654307.0,654523.0
2026-05-28 10:10:00,8474.0,8486.0,8474.0,8481.0,5567.0,654523.0,655040.0
2026-05-28 10:30:00,8481.0,8492.0,8477.0,8489.0,5063.0,655040.0,655418.0
2026-05-28 10:35:00,8489.0,8490.0,8483.0,8485.0,2894.0,655418.0,655227.0
2026-05-28 10:40:00,8485.0,8492.0,8484.0,8492.0,4266.0,655227.0,655166.0
2026-05-28 10:45:00,8492.0,8505.0,8490.0,8494.0,8319.0,655166.0,656156.0
2026-05-28 10:50:00,8494.0,8506.0,8492.0,8494.0,4080.0,656156.0,656182.0
2026-05-28 10:55:00,8494.0,8495.0,8484.0,8484.0,3393.0,656182.0,655561.0
2026-05-28 11:00:00,8484.0,8495.0,8484.0,8495.0,2076.0,655561.0,655709.0
2026-05-28 11:05:00,8495.0,8504.0,8492.0,8501.0,2629.0,655709.0,655764.0
2026-05-28 11:10:00,8501.0,8503.0,8497.0,8500.0,2367.0,655764.0,655860.0
2026-05-28 11:15:00,8500.0,8511.0,8499.0,8509.0,5489.0,655860.0,656865.0
2026-05-28 11:20:00,8509.0,8513.0,8505.0,8510.0,3101.0,656865.0,656966.0
2026-05-28 11:25:00,8510.0,8516.0,8508.0,8511.0,4369.0,656966.0,657090.0
2026-05-28 13:30:00,8513.0,8520.0,8506.0,8508.0,5328.0,657090.0,657276.0
2026-05-28 13:35:00,8508.0,8511.0,8502.0,8505.0,3847.0,657276.0,657050.0
2026-05-28 13:40:00,8505.0,8516.0,8505.0,8516.0,2222.0,657050.0,657011.0
2026-05-28 13:45:00,8516.0,8518.0,8513.0,8515.0,2662.0,657011.0,657180.0
2026-05-28 13:50:00,8515.0,8518.0,8510.0,8511.0,2949.0,657180.0,657098.0
2026-05-28 13:55:00,8511.0,8518.0,8511.0,8518.0,2157.0,657098.0,657177.0
2026-05-28 14:00:00,8518.0,8530.0,8517.0,8526.0,6836.0,657177.0,657868.0
2026-05-28 14:05:00,8526.0,8538.0,8525.0,8537.0,7340.0,657868.0,658074.0
2026-05-28 14:10:00,8537.0,8539.0,8527.0,8529.0,7152.0,658074.0,658096.0
2026-05-28 14:15:00,8529.0,8534.0,8523.0,8526.0,5625.0,658096.0,657452.0
2026-05-28 14:20:00,8526.0,8540.0,8523.0,8534.0,5652.0,657452.0,657012.0
2026-05-28 14:25:00,8534.0,8539.0,8531.0,8533.0,3355.0,657012.0,656945.0
2026-05-28 14:30:00,8533.0,8543.0,8532.0,8539.0,7202.0,656945.0,656984.0
2026-05-28 14:35:00,8539.0,8540.0,8532.0,8537.0,4403.0,656984.0,656824.0
2026-05-28 14:40:00,8537.0,8543.0,8535.0,8539.0,3734.0,656824.0,656974.0
2026-05-28 14:45:00,8539.0,8546.0,8532.0,8533.0,5719.0,656974.0,656545.0
2026-05-28 14:50:00,8533.0,8540.0,8532.0,8533.0,4146.0,656545.0,656526.0
2026-05-28 14:55:00,8533.0,8539.0,8530.0,8538.0,7959.0,656526.0,654730.0
2026-05-28 21:00:00,8560.0,8560.0,8536.0,8543.0,19163.0,654730.0,655958.0
2026-05-28 21:05:00,8543.0,8548.0,8533.0,8545.0,7076.0,655958.0,656329.0
2026-05-28 21:10:00,8545.0,8550.0,8543.0,8546.0,4050.0,656329.0,656570.0
2026-05-28 21:15:00,8546.0,8552.0,8544.0,8548.0,4772.0,656570.0,657574.0
2026-05-28 21:20:00,8548.0,8551.0,8543.0,8545.0,2792.0,657574.0,657648.0
2026-05-28 21:25:00,8545.0,8546.0,8540.0,8541.0,4169.0,657648.0,657027.0
2026-05-28 21:30:00,8541.0,8555.0,8538.0,8555.0,5088.0,657027.0,657204.0
2026-05-28 21:35:00,8555.0,8555.0,8538.0,8540.0,4256.0,657204.0,657370.0
2026-05-28 21:40:00,8540.0,8543.0,8536.0,8539.0,3754.0,657370.0,656425.0
2026-05-28 21:45:00,8539.0,8539.0,8531.0,8531.0,3859.0,656425.0,656070.0
2026-05-28 21:50:00,8531.0,8539.0,8531.0,8537.0,2872.0,656070.0,656043.0
2026-05-28 21:55:00,8537.0,8541.0,8532.0,8538.0,1818.0,656043.0,655854.0
2026-05-28 22:00:00,8538.0,8541.0,8534.0,8535.0,1837.0,655854.0,655630.0
2026-05-28 22:05:00,8535.0,8535.0,8530.0,8531.0,2306.0,655630.0,655547.0
2026-05-28 22:10:00,8531.0,8532.0,8517.0,8522.0,6382.0,655547.0,655690.0
2026-05-28 22:15:00,8522.0,8529.0,8519.0,8523.0,3408.0,655690.0,655224.0
2026-05-28 22:20:00,8523.0,8532.0,8521.0,8524.0,3558.0,655224.0,654541.0
2026-05-28 22:25:00,8524.0,8524.0,8515.0,8518.0,3538.0,654541.0,654350.0
2026-05-28 22:30:00,8518.0,8519.0,8512.0,8517.0,3172.0,654350.0,654043.0
2026-05-28 22:35:00,8517.0,8520.0,8515.0,8516.0,2168.0,654043.0,653790.0
2026-05-28 22:40:00,8516.0,8518.0,8512.0,8513.0,2948.0,653790.0,653533.0
2026-05-28 22:45:00,8513.0,8520.0,8512.0,8518.0,2540.0,653533.0,653312.0
2026-05-28 22:50:00,8518.0,8522.0,8516.0,8522.0,1984.0,653312.0,653194.0
2026-05-28 22:55:00,8522.0,8525.0,8520.0,8525.0,2032.0,653194.0,652820.0
2026-05-29 09:00:00,8550.0,8550.0,8532.0,8536.0,8120.0,652820.0,652903.0
2026-05-29 09:05:00,8536.0,8541.0,8533.0,8537.0,4050.0,652903.0,653353.0
2026-05-29 09:10:00,8537.0,8544.0,8534.0,8540.0,3682.0,653353.0,653402.0
2026-05-29 09:15:00,8540.0,8540.0,8536.0,8538.0,1800.0,653402.0,653288.0
2026-05-29 09:20:00,8538.0,8546.0,8536.0,8543.0,2445.0,653288.0,653361.0
2026-05-29 09:25:00,8543.0,8544.0,8535.0,8538.0,2403.0,653361.0,653506.0
2026-05-29 09:30:00,8538.0,8540.0,8535.0,8539.0,2452.0,653506.0,653824.0
2026-05-29 09:35:00,8539.0,8540.0,8532.0,8533.0,1702.0,653824.0,653716.0
2026-05-29 09:40:00,8533.0,8533.0,8527.0,8527.0,2659.0,653716.0,653961.0
2026-05-29 09:45:00,8527.0,8536.0,8526.0,8533.0,3328.0,653961.0,654441.0
2026-05-29 09:50:00,8533.0,8538.0,8531.0,8532.0,1816.0,654441.0,654377.0
2026-05-29 09:55:00,8532.0,8534.0,8529.0,8531.0,1308.0,654377.0,654392.0
2026-05-29 10:00:00,8531.0,8534.0,8528.0,8531.0,1454.0,654392.0,654591.0
2026-05-29 10:05:00,8531.0,8539.0,8531.0,8539.0,1712.0,654591.0,654644.0
2026-05-29 10:10:00,8539.0,8541.0,8529.0,8530.0,2936.0,654644.0,654767.0
2026-05-29 10:30:00,8530.0,8533.0,8524.0,8526.0,3922.0,654767.0,655050.0
2026-05-29 10:35:00,8526.0,8531.0,8525.0,8528.0,3784.0,655050.0,655097.0
2026-05-29 10:40:00,8528.0,8539.0,8526.0,8539.0,2536.0,655097.0,655129.0
2026-05-29 10:45:00,8539.0,8546.0,8536.0,8544.0,2985.0,655129.0,655499.0
2026-05-29 10:50:00,8544.0,8554.0,8541.0,8548.0,4166.0,655499.0,656214.0
2026-05-29 10:55:00,8548.0,8554.0,8547.0,8550.0,2532.0,656214.0,656474.0
2026-05-29 11:00:00,8550.0,8553.0,8547.0,8548.0,2579.0,656474.0,656898.0
2026-05-29 11:05:00,8548.0,8551.0,8544.0,8546.0,2026.0,656898.0,656873.0
2026-05-29 11:10:00,8546.0,8549.0,8542.0,8549.0,2341.0,656873.0,656634.0
2026-05-29 11:15:00,8549.0,8552.0,8547.0,8549.0,3103.0,656634.0,657773.0
2026-05-29 11:20:00,8549.0,8549.0,8543.0,8546.0,2365.0,657773.0,658021.0
2026-05-29 11:25:00,8546.0,8547.0,8542.0,8547.0,1879.0,658021.0,657622.0
2026-05-29 13:30:00,8552.0,8555.0,8547.0,8551.0,4337.0,657622.0,658200.0
2026-05-29 13:35:00,8551.0,8559.0,8550.0,8558.0,3442.0,658200.0,658475.0
2026-05-29 13:40:00,8558.0,8564.0,8556.0,8561.0,4401.0,658475.0,658585.0
2026-05-29 13:45:00,8561.0,8564.0,8556.0,8564.0,3110.0,658585.0,658583.0
2026-05-29 13:50:00,8564.0,8566.0,8560.0,8561.0,3152.0,658583.0,658600.0
2026-05-29 13:55:00,8561.0,8562.0,8553.0,8554.0,2861.0,658600.0,657756.0
2026-05-29 14:00:00,8554.0,8556.0,8551.0,8551.0,1817.0,657756.0,657146.0
2026-05-29 14:05:00,8551.0,8553.0,8540.0,8546.0,3871.0,657146.0,656345.0
2026-05-29 14:10:00,8546.0,8550.0,8545.0,8545.0,3103.0,656345.0,656389.0
2026-05-29 14:15:00,8545.0,8550.0,8542.0,8546.0,2634.0,656389.0,656156.0
2026-05-29 14:20:00,8546.0,8549.0,8541.0,8544.0,2371.0,656156.0,655810.0
2026-05-29 14:25:00,8544.0,8549.0,8544.0,8548.0,1686.0,655810.0,655569.0
2026-05-29 14:30:00,8548.0,8555.0,8547.0,8555.0,2643.0,655569.0,655218.0
2026-05-29 14:35:00,8555.0,8557.0,8549.0,8553.0,2924.0,655218.0,654653.0
2026-05-29 14:40:00,8553.0,8554.0,8549.0,8553.0,2190.0,654653.0,654742.0
2026-05-29 14:45:00,8553.0,8561.0,8552.0,8554.0,4832.0,654742.0,654827.0
2026-05-29 14:50:00,8554.0,8556.0,8551.0,8553.0,2113.0,654827.0,654481.0
2026-05-29 14:55:00,8553.0,8557.0,8551.0,8553.0,4734.0,654481.0,653777.0
2026-05-29 21:00:00,8573.0,8580.0,8555.0,8555.0,13611.0,653777.0,651726.0
2026-05-29 21:05:00,8555.0,8561.0,8552.0,8559.0,3951.0,651726.0,651240.0
2026-05-29 21:10:00,8559.0,8559.0,8553.0,8553.0,2469.0,651240.0,651115.0
2026-05-29 21:15:00,8553.0,8559.0,8552.0,8554.0,2435.0,651115.0,651031.0
2026-05-29 21:20:00,8554.0,8559.0,8550.0,8556.0,1890.0,651031.0,650914.0
2026-05-29 21:25:00,8556.0,8558.0,8554.0,8555.0,1308.0,650914.0,650995.0
2026-05-29 21:30:00,8555.0,8558.0,8545.0,8550.0,3532.0,650995.0,651262.0
2026-05-29 21:35:00,8550.0,8554.0,8545.0,8553.0,1811.0,651262.0,650959.0
2026-05-29 21:40:00,8553.0,8555.0,8547.0,8552.0,1623.0,650959.0,651026.0
2026-05-29 21:45:00,8552.0,8556.0,8548.0,8549.0,1867.0,651026.0,651030.0
2026-05-29 21:50:00,8549.0,8560.0,8549.0,8559.0,2704.0,651030.0,651120.0
2026-05-29 21:55:00,8559.0,8568.0,8559.0,8565.0,3316.0,651120.0,651280.0
2026-05-29 22:00:00,8565.0,8579.0,8565.0,8577.0,5690.0,651280.0,652075.0
2026-05-29 22:05:00,8577.0,8584.0,8575.0,8579.0,5737.0,652075.0,652765.0
2026-05-29 22:10:00,8579.0,8579.0,8565.0,8567.0,3614.0,652765.0,652847.0
2026-05-29 22:15:00,8567.0,8569.0,8561.0,8565.0,2182.0,652847.0,652777.0
2026-05-29 22:20:00,8565.0,8566.0,8558.0,8561.0,2543.0,652777.0,652816.0
2026-05-29 22:25:00,8561.0,8572.0,8561.0,8571.0,2040.0,652816.0,652410.0
2026-05-29 22:30:00,8571.0,8580.0,8570.0,8577.0,3589.0,652410.0,652778.0
2026-05-29 22:35:00,8577.0,8590.0,8577.0,8587.0,7449.0,652778.0,654797.0
2026-05-29 22:40:00,8587.0,8590.0,8581.0,8582.0,3111.0,654797.0,655198.0
2026-05-29 22:45:00,8582.0,8588.0,8582.0,8586.0,2983.0,655198.0,655527.0
2026-05-29 22:50:00,8586.0,8587.0,8565.0,8568.0,5393.0,655527.0,654774.0
2026-05-29 22:55:00,8568.0,8571.0,8566.0,8568.0,2691.0,654774.0,654007.0
2026-06-01 09:00:00,8562.0,8580.0,8562.0,8576.0,7704.0,654007.0,653768.0
2026-06-01 09:05:00,8576.0,8587.0,8575.0,8582.0,6393.0,653768.0,654026.0
2026-06-01 09:10:00,8582.0,8590.0,8580.0,8588.0,6225.0,654026.0,654402.0
2026-06-01 09:15:00,8588.0,8597.0,8588.0,8592.0,7578.0,654402.0,655556.0
2026-06-01 09:20:00,8592.0,8593.0,8584.0,8593.0,4325.0,655556.0,655046.0
2026-06-01 09:25:00,8593.0,8596.0,8589.0,8590.0,2962.0,655046.0,655223.0
2026-06-01 09:30:00,8590.0,8594.0,8570.0,8573.0,5927.0,655223.0,654019.0
2026-06-01 09:35:00,8573.0,8574.0,8568.0,8573.0,4334.0,654019.0,652759.0
2026-06-01 09:40:00,8573.0,8581.0,8572.0,8579.0,3347.0,652759.0,652864.0
2026-06-01 09:45:00,8579.0,8590.0,8575.0,8587.0,3942.0,652864.0,652737.0
2026-06-01 09:50:00,8587.0,8593.0,8584.0,8584.0,4492.0,652737.0,653321.0
2026-06-01 09:55:00,8584.0,8585.0,8576.0,8577.0,2252.0,653321.0,652999.0
2026-06-01 10:00:00,8577.0,8585.0,8576.0,8580.0,2558.0,652999.0,653097.0
2026-06-01 10:05:00,8580.0,8590.0,8580.0,8589.0,2255.0,653097.0,652945.0
2026-06-01 10:10:00,8589.0,8595.0,8589.0,8593.0,2840.0,652945.0,653308.0
2026-06-01 10:30:00,8594.0,8594.0,8587.0,8593.0,3394.0,653308.0,653777.0
2026-06-01 10:35:00,8593.0,8595.0,8585.0,8585.0,2430.0,653777.0,653708.0
2026-06-01 10:40:00,8585.0,8588.0,8581.0,8588.0,2862.0,653708.0,654688.0
2026-06-01 10:45:00,8588.0,8588.0,8578.0,8584.0,1948.0,654688.0,654615.0
2026-06-01 10:50:00,8584.0,8590.0,8579.0,8589.0,2136.0,654615.0,654653.0
2026-06-01 10:55:00,8589.0,8593.0,8586.0,8588.0,2507.0,654653.0,654795.0
2026-06-01 11:00:00,8588.0,8593.0,8585.0,8591.0,1591.0,654795.0,654945.0
2026-06-01 11:05:00,8591.0,8595.0,8590.0,8592.0,1952.0,654945.0,655366.0
2026-06-01 11:10:00,8592.0,8593.0,8583.0,8587.0,2056.0,655366.0,655526.0
2026-06-01 11:15:00,8587.0,8588.0,8575.0,8576.0,3034.0,655526.0,655386.0
2026-06-01 11:20:00,8576.0,8583.0,8575.0,8583.0,1871.0,655386.0,655353.0
2026-06-01 11:25:00,8583.0,8586.0,8578.0,8586.0,1298.0,655353.0,655432.0
2026-06-01 13:30:00,8593.0,8600.0,8590.0,8595.0,8470.0,655432.0,656867.0
2026-06-01 13:35:00,8595.0,8608.0,8592.0,8594.0,10544.0,656867.0,657863.0
2026-06-01 13:40:00,8594.0,8598.0,8587.0,8596.0,4153.0,657863.0,657746.0
2026-06-01 13:45:00,8596.0,8598.0,8589.0,8592.0,3313.0,657746.0,657478.0
2026-06-01 13:50:00,8592.0,8596.0,8587.0,8588.0,3352.0,657478.0,657194.0
2026-06-01 13:55:00,8588.0,8593.0,8585.0,8592.0,1843.0,657194.0,656888.0
2026-06-01 14:00:00,8592.0,8600.0,8590.0,8599.0,3578.0,656888.0,657369.0
2026-06-01 14:05:00,8599.0,8603.0,8597.0,8597.0,3391.0,657369.0,657524.0
2026-06-01 14:10:00,8597.0,8603.0,8593.0,8599.0,3010.0,657524.0,657853.0
2026-06-01 14:15:00,8599.0,8600.0,8593.0,8595.0,2679.0,657853.0,657801.0
2026-06-01 14:20:00,8595.0,8598.0,8591.0,8593.0,3251.0,657801.0,657923.0
2026-06-01 14:25:00,8593.0,8596.0,8589.0,8596.0,2520.0,657923.0,657779.0
2026-06-01 14:30:00,8596.0,8596.0,8590.0,8595.0,1931.0,657779.0,657772.0
2026-06-01 14:35:00,8595.0,8599.0,8593.0,8598.0,2200.0,657772.0,657925.0
2026-06-01 14:40:00,8598.0,8599.0,8593.0,8596.0,2202.0,657925.0,657981.0
2026-06-01 14:45:00,8596.0,8597.0,8593.0,8594.0,2082.0,657981.0,657974.0
2026-06-01 14:50:00,8594.0,8595.0,8585.0,8590.0,4800.0,657974.0,657605.0
2026-06-01 14:55:00,8590.0,8597.0,8589.0,8596.0,5925.0,657605.0,656006.0
2026-06-01 21:00:00,8583.0,8592.0,8579.0,8581.0,13218.0,656006.0,656616.0
2026-06-01 21:05:00,8581.0,8583.0,8576.0,8581.0,5748.0,656616.0,656589.0
2026-06-01 21:10:00,8581.0,8589.0,8581.0,8588.0,4341.0,656589.0,656877.0
2026-06-01 21:15:00,8588.0,8591.0,8584.0,8589.0,3028.0,656877.0,657162.0
2026-06-01 21:20:00,8589.0,8597.0,8588.0,8597.0,4819.0,657162.0,657511.0
2026-06-01 21:25:00,8597.0,8601.0,8593.0,8601.0,4068.0,657511.0,658945.0
2026-06-01 21:30:00,8601.0,8602.0,8588.0,8592.0,4152.0,658945.0,658602.0
2026-06-01 21:35:00,8592.0,8596.0,8587.0,8590.0,3459.0,658602.0,658169.0
2026-06-01 21:40:00,8590.0,8593.0,8583.0,8590.0,3254.0,658169.0,657828.0
2026-06-01 21:45:00,8590.0,8594.0,8584.0,8593.0,2985.0,657828.0,658203.0
2026-06-01 21:50:00,8593.0,8603.0,8592.0,8599.0,3829.0,658203.0,658332.0
2026-06-01 21:55:00,8599.0,8601.0,8593.0,8595.0,3516.0,658332.0,658024.0
2026-06-01 22:00:00,8595.0,8598.0,8590.0,8591.0,1909.0,658024.0,657974.0
2026-06-01 22:05:00,8591.0,8594.0,8585.0,8586.0,2574.0,657974.0,657891.0
2026-06-01 22:10:00,8586.0,8587.0,8577.0,8577.0,3362.0,657891.0,658067.0
2026-06-01 22:15:00,8577.0,8580.0,8570.0,8578.0,6982.0,658067.0,658046.0
2026-06-01 22:20:00,8578.0,8582.0,8570.0,8582.0,3130.0,658046.0,658098.0
2026-06-01 22:25:00,8582.0,8593.0,8581.0,8590.0,4221.0,658098.0,658203.0
2026-06-01 22:30:00,8590.0,8595.0,8588.0,8589.0,2733.0,658203.0,658154.0
2026-06-01 22:35:00,8589.0,8592.0,8585.0,8588.0,3747.0,658154.0,658308.0
2026-06-01 22:40:00,8588.0,8595.0,8587.0,8591.0,1994.0,658308.0,658364.0
2026-06-01 22:45:00,8591.0,8593.0,8588.0,8593.0,1882.0,658364.0,658180.0
2026-06-01 22:50:00,8593.0,8594.0,8589.0,8592.0,1931.0,658180.0,657746.0
2026-06-01 22:55:00,8592.0,8597.0,8591.0,8593.0,3261.0,657746.0,656816.0
2026-06-02 09:00:00,8580.0,8580.0,8566.0,8579.0,11429.0,656816.0,656673.0
2026-06-02 09:05:00,8579.0,8579.0,8562.0,8567.0,9196.0,656673.0,657733.0
2026-06-02 09:10:00,8567.0,8576.0,8564.0,8573.0,5623.0,657733.0,658235.0
2026-06-02 09:15:00,8573.0,8574.0,8568.0,8571.0,2346.0,658235.0,658068.0
2026-06-02 09:20:00,8571.0,8580.0,8569.0,8572.0,2820.0,658068.0,657747.0
2026-06-02 09:25:00,8572.0,8575.0,8566.0,8569.0,2771.0,657747.0,657540.0
2026-06-02 09:30:00,8569.0,8569.0,8550.0,8551.0,7463.0,657540.0,657624.0
2026-06-02 09:35:00,8551.0,8552.0,8540.0,8543.0,8346.0,657624.0,657086.0
2026-06-02 09:40:00,8543.0,8543.0,8532.0,8539.0,9202.0,657086.0,656212.0
2026-06-02 09:45:00,8539.0,8543.0,8533.0,8538.0,5235.0,656212.0,655463.0
2026-06-02 09:50:00,8538.0,8548.0,8538.0,8548.0,3810.0,655463.0,654972.0
2026-06-02 09:55:00,8548.0,8552.0,8545.0,8547.0,4194.0,654972.0,654603.0
2026-06-02 10:00:00,8547.0,8551.0,8543.0,8550.0,2193.0,654603.0,654592.0
2026-06-02 10:05:00,8550.0,8556.0,8549.0,8556.0,2823.0,654592.0,655171.0
2026-06-02 10:10:00,8556.0,8558.0,8552.0,8556.0,1222.0,655171.0,655192.0
2026-06-02 10:30:00,8555.0,8568.0,8555.0,8568.0,4125.0,655192.0,654870.0
2026-06-02 10:35:00,8568.0,8570.0,8565.0,8567.0,2680.0,654870.0,654842.0
2026-06-02 10:40:00,8567.0,8571.0,8559.0,8561.0,3324.0,654842.0,654762.0
2026-06-02 10:45:00,8561.0,8567.0,8561.0,8567.0,1618.0,654762.0,654836.0
2026-06-02 10:50:00,8567.0,8572.0,8567.0,8572.0,2204.0,654836.0,654972.0
2026-06-02 10:55:00,8572.0,8572.0,8561.0,8565.0,2735.0,654972.0,655042.0
2026-06-02 11:00:00,8565.0,8569.0,8563.0,8569.0,1519.0,655042.0,655052.0
2026-06-02 11:05:00,8569.0,8572.0,8567.0,8571.0,1414.0,655052.0,655272.0
2026-06-02 11:10:00,8571.0,8573.0,8568.0,8568.0,1199.0,655272.0,655238.0
2026-06-02 11:15:00,8568.0,8572.0,8567.0,8570.0,1274.0,655238.0,655409.0
2026-06-02 11:20:00,8570.0,8572.0,8566.0,8567.0,915.0,655409.0,655393.0
2026-06-02 11:25:00,8567.0,8570.0,8565.0,8567.0,1151.0,655393.0,655287.0
2026-06-02 13:30:00,8575.0,8576.0,8562.0,8569.0,4826.0,655287.0,655000.0
2026-06-02 13:35:00,8569.0,8570.0,8562.0,8564.0,1253.0,655000.0,654969.0
2026-06-02 13:40:00,8564.0,8564.0,8557.0,8557.0,2202.0,654969.0,654859.0
2026-06-02 13:45:00,8557.0,8564.0,8557.0,8563.0,1388.0,654859.0,654783.0
2026-06-02 13:50:00,8563.0,8566.0,8558.0,8559.0,1687.0,654783.0,654726.0
2026-06-02 13:55:00,8559.0,8565.0,8558.0,8560.0,1395.0,654726.0,654563.0
2026-06-02 14:00:00,8560.0,8560.0,8554.0,8559.0,2734.0,654563.0,654447.0
2026-06-02 14:05:00,8559.0,8560.0,8557.0,8557.0,1303.0,654447.0,654562.0
2026-06-02 14:10:00,8557.0,8562.0,8555.0,8561.0,2355.0,654562.0,654019.0
2026-06-02 14:15:00,8561.0,8562.0,8553.0,8556.0,2769.0,654019.0,653590.0
2026-06-02 14:20:00,8556.0,8559.0,8545.0,8546.0,3406.0,653590.0,653846.0
2026-06-02 14:25:00,8546.0,8548.0,8542.0,8546.0,3174.0,653846.0,653984.0
2026-06-02 14:30:00,8546.0,8550.0,8544.0,8547.0,2315.0,653984.0,653964.0
2026-06-02 14:35:00,8547.0,8547.0,8542.0,8547.0,2819.0,653964.0,653279.0
2026-06-02 14:40:00,8547.0,8548.0,8541.0,8546.0,2811.0,653279.0,653039.0
2026-06-02 14:45:00,8546.0,8549.0,8544.0,8547.0,2647.0,653039.0,652884.0
2026-06-02 14:50:00,8547.0,8557.0,8544.0,8555.0,4233.0,652884.0,652779.0
2026-06-02 14:55:00,8555.0,8559.0,8550.0,8558.0,4517.0,652779.0,653266.0
2026-06-02 21:00:00,8539.0,8554.0,8539.0,8540.0,11531.0,653266.0,652312.0
2026-06-02 21:05:00,8540.0,8565.0,8537.0,8565.0,9209.0,652312.0,651925.0
2026-06-02 21:10:00,8565.0,8568.0,8564.0,8565.0,4430.0,651925.0,651626.0
2026-06-02 21:15:00,8565.0,8568.0,8562.0,8565.0,2369.0,651626.0,651395.0
2026-06-02 21:20:00,8565.0,8568.0,8560.0,8560.0,2954.0,651395.0,650973.0
2026-06-02 21:25:00,8560.0,8570.0,8559.0,8566.0,4009.0,650973.0,650645.0
2026-06-02 21:30:00,8566.0,8567.0,8559.0,8562.0,3242.0,650645.0,650399.0
2026-06-02 21:35:00,8562.0,8562.0,8551.0,8552.0,3145.0,650399.0,650063.0
2026-06-02 21:40:00,8552.0,8555.0,8542.0,8545.0,4436.0,650063.0,650746.0
2026-06-02 21:45:00,8545.0,8549.0,8533.0,8539.0,5775.0,650746.0,650260.0
2026-06-02 21:50:00,8539.0,8543.0,8536.0,8542.0,2794.0,650260.0,650473.0
2026-06-02 21:55:00,8542.0,8542.0,8535.0,8537.0,2408.0,650473.0,650763.0
2026-06-02 22:00:00,8537.0,8544.0,8535.0,8540.0,3324.0,650763.0,650750.0
2026-06-02 22:05:00,8540.0,8540.0,8527.0,8529.0,5842.0,650750.0,650939.0
2026-06-02 22:10:00,8529.0,8530.0,8522.0,8523.0,5336.0,650939.0,651299.0
2026-06-02 22:15:00,8523.0,8530.0,8522.0,8528.0,3404.0,651299.0,650694.0
2026-06-02 22:20:00,8528.0,8530.0,8525.0,8529.0,2078.0,650694.0,650616.0
2026-06-02 22:25:00,8529.0,8535.0,8526.0,8530.0,2502.0,650616.0,650834.0
2026-06-02 22:30:00,8530.0,8531.0,8515.0,8516.0,7773.0,650834.0,650550.0
2026-06-02 22:35:00,8516.0,8520.0,8513.0,8520.0,3579.0,650550.0,649727.0
2026-06-02 22:40:00,8520.0,8527.0,8520.0,8524.0,2588.0,649727.0,649146.0
2026-06-02 22:45:00,8524.0,8527.0,8522.0,8526.0,897.0,649146.0,648969.0
2026-06-02 22:50:00,8526.0,8535.0,8525.0,8534.0,2783.0,648969.0,647972.0
2026-06-02 22:55:00,8534.0,8538.0,8529.0,8534.0,3190.0,647972.0,648050.0
2026-06-03 09:00:00,8548.0,8553.0,8531.0,8537.0,13565.0,648050.0,645138.0
2026-06-03 09:05:00,8537.0,8540.0,8531.0,8535.0,8959.0,645138.0,643731.0
2026-06-03 09:10:00,8535.0,8535.0,8518.0,8525.0,9842.0,643731.0,643802.0
2026-06-03 09:15:00,8525.0,8541.0,8520.0,8540.0,8814.0,643802.0,643597.0
2026-06-03 09:20:00,8540.0,8558.0,8540.0,8553.0,12061.0,643597.0,642581.0
2026-06-03 09:25:00,8553.0,8559.0,8541.0,8546.0,8023.0,642581.0,641807.0
2026-06-03 09:30:00,8546.0,8546.0,8536.0,8544.0,5806.0,641807.0,641361.0
2026-06-03 09:35:00,8544.0,8547.0,8538.0,8545.0,3253.0,641361.0,640869.0
2026-06-03 09:40:00,8545.0,8550.0,8541.0,8549.0,2340.0,640869.0,640701.0
2026-06-03 09:45:00,8549.0,8551.0,8542.0,8544.0,2413.0,640701.0,640381.0
2026-06-03 09:50:00,8544.0,8552.0,8541.0,8543.0,3485.0,640381.0,639830.0
2026-06-03 09:55:00,8543.0,8552.0,8541.0,8551.0,2632.0,639830.0,640154.0
2026-06-03 10:00:00,8551.0,8563.0,8548.0,8556.0,4920.0,640154.0,640696.0
2026-06-03 10:05:00,8556.0,8567.0,8550.0,8566.0,5796.0,640696.0,640888.0
2026-06-03 10:10:00,8566.0,8566.0,8552.0,8554.0,3142.0,640888.0,640447.0
2026-06-03 10:30:00,8552.0,8552.0,8541.0,8543.0,5123.0,640447.0,640480.0
2026-06-03 10:35:00,8543.0,8548.0,8541.0,8546.0,2422.0,640480.0,640612.0
2026-06-03 10:40:00,8546.0,8555.0,8546.0,8551.0,2216.0,640612.0,640521.0
2026-06-03 10:45:00,8551.0,8563.0,8548.0,8560.0,6040.0,640521.0,641082.0
2026-06-03 10:50:00,8560.0,8561.0,8553.0,8553.0,2956.0,641082.0,640820.0
2026-06-03 10:55:00,8553.0,8561.0,8551.0,8561.0,2351.0,640820.0,640659.0
2026-06-03 11:00:00,8561.0,8565.0,8560.0,8563.0,2158.0,640659.0,640672.0
2026-06-03 11:05:00,8563.0,8579.0,8563.0,8574.0,7523.0,640672.0,641816.0
2026-06-03 11:10:00,8574.0,8580.0,8569.0,8577.0,5586.0,641816.0,642395.0
2026-06-03 11:15:00,8577.0,8580.0,8565.0,8567.0,5553.0,642395.0,642043.0
2026-06-03 11:20:00,8567.0,8567.0,8553.0,8558.0,4401.0,642043.0,640993.0
2026-06-03 11:25:00,8558.0,8558.0,8547.0,8555.0,4790.0,640993.0,640227.0
2026-06-03 13:30:00,8555.0,8559.0,8551.0,8555.0,3627.0,640227.0,640285.0
2026-06-03 13:35:00,8555.0,8565.0,8553.0,8565.0,2586.0,640285.0,640433.0
2026-06-03 13:40:00,8565.0,8566.0,8560.0,8565.0,1478.0,640433.0,640263.0
2026-06-03 13:45:00,8565.0,8567.0,8561.0,8566.0,1460.0,640263.0,640072.0
2026-06-03 13:50:00,8566.0,8568.0,8564.0,8568.0,1742.0,640072.0,639917.0
2026-06-03 13:55:00,8568.0,8584.0,8568.0,8583.0,5338.0,639917.0,640889.0
2026-06-03 14:00:00,8583.0,8586.0,8577.0,8579.0,4434.0,640889.0,641498.0
2026-06-03 14:05:00,8579.0,8589.0,8579.0,8584.0,5336.0,641498.0,641614.0
2026-06-03 14:10:00,8584.0,8586.0,8578.0,8583.0,3666.0,641614.0,641836.0
2026-06-03 14:15:00,8583.0,8586.0,8580.0,8583.0,2384.0,641836.0,642476.0
2026-06-03 14:20:00,8583.0,8590.0,8583.0,8584.0,3743.0,642476.0,642879.0
2026-06-03 14:25:00,8584.0,8584.0,8573.0,8576.0,3938.0,642879.0,642732.0
2026-06-03 14:30:00,8576.0,8581.0,8574.0,8578.0,2681.0,642732.0,642681.0
2026-06-03 14:35:00,8578.0,8578.0,8568.0,8576.0,3617.0,642681.0,641825.0
2026-06-03 14:40:00,8576.0,8589.0,8574.0,8586.0,2854.0,641825.0,641924.0
2026-06-03 14:45:00,8586.0,8592.0,8585.0,8590.0,5210.0,641924.0,642384.0
2026-06-03 14:50:00,8590.0,8600.0,8588.0,8590.0,10502.0,642384.0,643017.0
2026-06-03 14:55:00,8590.0,8594.0,8581.0,8590.0,9215.0,643017.0,642196.0
2026-06-03 21:00:00,8600.0,8630.0,8596.0,8626.0,27371.0,642196.0,646455.0
2026-06-03 21:05:00,8626.0,8626.0,8616.0,8620.0,9197.0,646455.0,647527.0
2026-06-03 21:10:00,8620.0,8627.0,8616.0,8627.0,7224.0,647527.0,648886.0
2026-06-03 21:15:00,8627.0,8627.0,8614.0,8616.0,7953.0,648886.0,650439.0
2026-06-03 21:20:00,8616.0,8622.0,8610.0,8621.0,5637.0,650439.0,650875.0
2026-06-03 21:25:00,8621.0,8627.0,8618.0,8625.0,4928.0,650875.0,651516.0
2026-06-03 21:30:00,8625.0,8625.0,8607.0,8607.0,6942.0,651516.0,651518.0
2026-06-03 21:35:00,8607.0,8608.0,8590.0,8591.0,9223.0,651518.0,651111.0
2026-06-03 21:40:00,8591.0,8592.0,8585.0,8591.0,5292.0,651111.0,650535.0
2026-06-03 21:45:00,8591.0,8599.0,8587.0,8590.0,5367.0,650535.0,649953.0
2026-06-03 21:50:00,8590.0,8592.0,8580.0,8583.0,5179.0,649953.0,649312.0
2026-06-03 21:55:00,8583.0,8587.0,8570.0,8572.0,5850.0,649312.0,648542.0
2026-06-03 22:00:00,8572.0,8579.0,8570.0,8576.0,4823.0,648542.0,647584.0
2026-06-03 22:05:00,8576.0,8586.0,8575.0,8585.0,4431.0,647584.0,647758.0
2026-06-03 22:10:00,8585.0,8587.0,8582.0,8586.0,2337.0,647758.0,647821.0
2026-06-03 22:15:00,8586.0,8599.0,8584.0,8595.0,4370.0,647821.0,648259.0
2026-06-03 22:20:00,8595.0,8605.0,8595.0,8599.0,5916.0,648259.0,648701.0
2026-06-03 22:25:00,8599.0,8605.0,8599.0,8604.0,3091.0,648701.0,649151.0
2026-06-03 22:30:00,8604.0,8604.0,8588.0,8595.0,3657.0,649151.0,649331.0
2026-06-03 22:35:00,8595.0,8595.0,8590.0,8593.0,2941.0,649331.0,649029.0
2026-06-03 22:40:00,8593.0,8598.0,8592.0,8595.0,1657.0,649029.0,648949.0
2026-06-03 22:45:00,8595.0,8604.0,8594.0,8604.0,1795.0,648949.0,648924.0
2026-06-03 22:50:00,8604.0,8606.0,8599.0,8600.0,2133.0,648924.0,648962.0
2026-06-03 22:55:00,8600.0,8605.0,8600.0,8604.0,3206.0,648962.0,648520.0
2026-06-04 09:00:00,8581.0,8584.0,8562.0,8566.0,13693.0,648520.0,646667.0
2026-06-04 09:05:00,8566.0,8569.0,8545.0,8548.0,11084.0,646667.0,646999.0
2026-06-04 09:10:00,8548.0,8550.0,8540.0,8543.0,7391.0,646999.0,646072.0
2026-06-04 09:15:00,8543.0,8550.0,8525.0,8527.0,12974.0,646072.0,645559.0
2026-06-04 09:20:00,8527.0,8536.0,8524.0,8534.0,6004.0,645559.0,644946.0
2026-06-04 09:25:00,8534.0,8541.0,8531.0,8533.0,4140.0,644946.0,644534.0
2026-06-04 09:30:00,8533.0,8535.0,8520.0,8521.0,6902.0,644534.0,644370.0
2026-06-04 09:35:00,8521.0,8526.0,8520.0,8524.0,5151.0,644370.0,643899.0
2026-06-04 09:40:00,8524.0,8538.0,8524.0,8538.0,5248.0,643899.0,643682.0
2026-06-04 09:45:00,8538.0,8544.0,8534.0,8543.0,4140.0,643682.0,643329.0
2026-06-04 09:50:00,8543.0,8547.0,8541.0,8542.0,2467.0,643329.0,643193.0
2026-06-04 09:55:00,8542.0,8546.0,8540.0,8542.0,1415.0,643193.0,643257.0
2026-06-04 10:00:00,8542.0,8545.0,8532.0,8534.0,2707.0,643257.0,643117.0
2026-06-04 10:05:00,8534.0,8540.0,8533.0,8538.0,1936.0,643117.0,642936.0
2026-06-04 10:10:00,8538.0,8541.0,8532.0,8537.0,1838.0,642936.0,642688.0
2026-06-04 10:30:00,8536.0,8545.0,8533.0,8538.0,4009.0,642688.0,642850.0
2026-06-04 10:35:00,8538.0,8538.0,8530.0,8535.0,3557.0,642850.0,642919.0
2026-06-04 10:40:00,8535.0,8535.0,8523.0,8523.0,5744.0,642919.0,642871.0
2026-06-04 10:45:00,8523.0,8523.0,8505.0,8513.0,13239.0,642871.0,641972.0
2026-06-04 10:50:00,8513.0,8515.0,8505.0,8507.0,6912.0,641972.0,641991.0
2026-06-04 10:55:00,8507.0,8514.0,8502.0,8509.0,4073.0,641991.0,641438.0
2026-06-04 11:00:00,8509.0,8509.0,8500.0,8503.0,6897.0,641438.0,640291.0
2026-06-04 11:05:00,8503.0,8505.0,8493.0,8499.0,6359.0,640291.0,640044.0
2026-06-04 11:10:00,8499.0,8500.0,8490.0,8492.0,4263.0,640044.0,639418.0
2026-06-04 11:15:00,8492.0,8502.0,8491.0,8502.0,4537.0,639418.0,639088.0
2026-06-04 11:20:00,8502.0,8504.0,8490.0,8491.0,3643.0,639088.0,638796.0
2026-06-04 11:25:00,8491.0,8498.0,8486.0,8497.0,4649.0,638796.0,638755.0
2026-06-04 13:30:00,8511.0,8511.0,8500.0,8508.0,6072.0,638755.0,637878.0
2026-06-04 13:35:00,8508.0,8513.0,8505.0,8513.0,3301.0,637878.0,637359.0
2026-06-04 13:40:00,8513.0,8515.0,8504.0,8508.0,2911.0,637359.0,637090.0
2026-06-04 13:45:00,8508.0,8513.0,8505.0,8512.0,2369.0,637090.0,636632.0
2026-06-04 13:50:00,8512.0,8513.0,8504.0,8508.0,3127.0,636632.0,636475.0
2026-06-04 13:55:00,8508.0,8509.0,8506.0,8508.0,1079.0,636475.0,636283.0
2026-06-04 14:00:00,8508.0,8508.0,8495.0,8499.0,4312.0,636283.0,636052.0
2026-06-04 14:05:00,8499.0,8503.0,8498.0,8501.0,2192.0,636052.0,635735.0
2026-06-04 14:10:00,8501.0,8504.0,8497.0,8499.0,1134.0,635735.0,635598.0
2026-06-04 14:15:00,8499.0,8506.0,8497.0,8500.0,2646.0,635598.0,634847.0
2026-06-04 14:20:00,8500.0,8504.0,8493.0,8497.0,3241.0,634847.0,634347.0
2026-06-04 14:25:00,8497.0,8497.0,8492.0,8493.0,1595.0,634347.0,634399.0
2026-06-04 14:30:00,8493.0,8494.0,8487.0,8491.0,4879.0,634399.0,633953.0
2026-06-04 14:35:00,8491.0,8492.0,8485.0,8489.0,5528.0,633953.0,633921.0
2026-06-04 14:40:00,8489.0,8495.0,8487.0,8495.0,3460.0,633921.0,633741.0
2026-06-04 14:45:00,8495.0,8504.0,8495.0,8501.0,4201.0,633741.0,633166.0
2026-06-04 14:50:00,8501.0,8505.0,8496.0,8501.0,4240.0,633166.0,632669.0
2026-06-04 14:55:00,8501.0,8504.0,8496.0,8499.0,6535.0,632669.0,631155.0
2026-06-04 21:00:00,8472.0,8495.0,8470.0,8495.0,15637.0,631155.0,631059.0
2026-06-04 21:05:00,8495.0,8503.0,8489.0,8503.0,6713.0,631059.0,631585.0
2026-06-04 21:10:00,8503.0,8503.0,8496.0,8499.0,3703.0,631585.0,631795.0
2026-06-04 21:15:00,8499.0,8505.0,8497.0,8498.0,4712.0,631795.0,631768.0
2026-06-04 21:20:00,8498.0,8501.0,8493.0,8499.0,2859.0,631768.0,631657.0
2026-06-04 21:25:00,8499.0,8500.0,8495.0,8498.0,1940.0,631657.0,631715.0
2026-06-04 21:30:00,8498.0,8501.0,8492.0,8494.0,3927.0,631715.0,631449.0
2026-06-04 21:35:00,8494.0,8494.0,8472.0,8473.0,7317.0,631449.0,631747.0
2026-06-04 21:40:00,8473.0,8479.0,8471.0,8476.0,4922.0,631747.0,631659.0
2026-06-04 21:45:00,8476.0,8481.0,8473.0,8473.0,3354.0,631659.0,631537.0
2026-06-04 21:50:00,8473.0,8477.0,8471.0,8472.0,2553.0,631537.0,631848.0
2026-06-04 21:55:00,8472.0,8475.0,8465.0,8467.0,4694.0,631848.0,631140.0
2026-06-04 22:00:00,8467.0,8467.0,8458.0,8458.0,7209.0,631140.0,631263.0
2026-06-04 22:05:00,8458.0,8465.0,8455.0,8462.0,6746.0,631263.0,630836.0
2026-06-04 22:10:00,8462.0,8466.0,8457.0,8465.0,4964.0,630836.0,630635.0
2026-06-04 22:15:00,8465.0,8466.0,8458.0,8460.0,3062.0,630635.0,630511.0
2026-06-04 22:20:00,8460.0,8460.0,8455.0,8458.0,3084.0,630511.0,630496.0
2026-06-04 22:25:00,8458.0,8467.0,8457.0,8459.0,3361.0,630496.0,630836.0
2026-06-04 22:30:00,8459.0,8461.0,8456.0,8458.0,1921.0,630836.0,630812.0
2026-06-04 22:35:00,8458.0,8460.0,8454.0,8455.0,2760.0,630812.0,631006.0
2026-06-04 22:40:00,8455.0,8457.0,8451.0,8452.0,3444.0,631006.0,631636.0
2026-06-04 22:45:00,8452.0,8454.0,8447.0,8449.0,7309.0,631636.0,630544.0
2026-06-04 22:50:00,8449.0,8456.0,8448.0,8455.0,3747.0,630544.0,630794.0
2026-06-04 22:55:00,8455.0,8455.0,8446.0,8452.0,4591.0,630794.0,630526.0
2026-06-05 09:00:00,8448.0,8449.0,8424.0,8431.0,18784.0,630526.0,630752.0
2026-06-05 09:05:00,8431.0,8435.0,8425.0,8431.0,7875.0,630752.0,631545.0
2026-06-05 09:10:00,8431.0,8441.0,8426.0,8436.0,8379.0,631545.0,631558.0
2026-06-05 09:15:00,8436.0,8438.0,8428.0,8430.0,8279.0,631558.0,631432.0
2026-06-05 09:20:00,8430.0,8436.0,8429.0,8434.0,4203.0,631432.0,631760.0
2026-06-05 09:25:00,8434.0,8436.0,8430.0,8434.0,3368.0,631760.0,631463.0
2026-06-05 09:30:00,8434.0,8436.0,8429.0,8436.0,4079.0,631463.0,631818.0
2026-06-05 09:35:00,8436.0,8442.0,8434.0,8442.0,4324.0,631818.0,632589.0
2026-06-05 09:40:00,8442.0,8448.0,8440.0,8442.0,5174.0,632589.0,633000.0
2026-06-05 09:45:00,8442.0,8443.0,8430.0,8433.0,6407.0,633000.0,632646.0
2026-06-05 09:50:00,8433.0,8434.0,8429.0,8431.0,3323.0,632646.0,632735.0
2026-06-05 09:55:00,8431.0,8436.0,8430.0,8432.0,2593.0,632735.0,632617.0
2026-06-05 10:00:00,8432.0,8438.0,8428.0,8437.0,4975.0,632617.0,633034.0
2026-06-05 10:05:00,8437.0,8441.0,8435.0,8440.0,2733.0,633034.0,633089.0
2026-06-05 10:10:00,8440.0,8447.0,8439.0,8447.0,2354.0,633089.0,633096.0
2026-06-05 10:30:00,8448.0,8452.0,8443.0,8450.0,5212.0,633096.0,632870.0
2026-06-05 10:35:00,8450.0,8454.0,8445.0,8451.0,3484.0,632870.0,632834.0
2026-06-05 10:40:00,8451.0,8451.0,8437.0,8437.0,2713.0,632834.0,633228.0
2026-06-05 10:45:00,8437.0,8440.0,8434.0,8436.0,4056.0,633228.0,633739.0
2026-06-05 10:50:00,8436.0,8438.0,8429.0,8430.0,5036.0,633739.0,633971.0
2026-06-05 10:55:00,8430.0,8432.0,8426.0,8428.0,3487.0,633971.0,634344.0
2026-06-05 11:00:00,8428.0,8438.0,8426.0,8436.0,4011.0,634344.0,634316.0
2026-06-05 11:05:00,8436.0,8436.0,8420.0,8422.0,6777.0,634316.0,634767.0
2026-06-05 11:10:00,8422.0,8426.0,8420.0,8425.0,5662.0,634767.0,635024.0
2026-06-05 11:15:00,8425.0,8429.0,8423.0,8424.0,3596.0,635024.0,634713.0
2026-06-05 11:20:00,8424.0,8428.0,8420.0,8422.0,2431.0,634713.0,635203.0
2026-06-05 11:25:00,8422.0,8427.0,8419.0,8425.0,3814.0,635203.0,635336.0
2026-06-05 13:30:00,8429.0,8437.0,8421.0,8423.0,6640.0,635336.0,635505.0
2026-06-05 13:35:00,8423.0,8428.0,8421.0,8426.0,2309.0,635505.0,635600.0
2026-06-05 13:40:00,8426.0,8426.0,8416.0,8417.0,5572.0,635600.0,635989.0
2026-06-05 13:45:00,8417.0,8422.0,8416.0,8420.0,3942.0,635989.0,636075.0
2026-06-05 13:50:00,8420.0,8428.0,8415.0,8425.0,4716.0,636075.0,636058.0
2026-06-05 13:55:00,8425.0,8426.0,8416.0,8419.0,3547.0,636058.0,636183.0
2026-06-05 14:00:00,8419.0,8429.0,8417.0,8429.0,3012.0,636183.0,636355.0
2026-06-05 14:05:00,8429.0,8429.0,8420.0,8420.0,2135.0,636355.0,636404.0
2026-06-05 14:10:00,8420.0,8423.0,8418.0,8420.0,2268.0,636404.0,636000.0
2026-06-05 14:15:00,8420.0,8425.0,8418.0,8423.0,2064.0,636000.0,635806.0
2026-06-05 14:20:00,8423.0,8425.0,8420.0,8424.0,3239.0,635806.0,635331.0
2026-06-05 14:25:00,8424.0,8433.0,8422.0,8431.0,4742.0,635331.0,634877.0
2026-06-05 14:30:00,8431.0,8435.0,8426.0,8426.0,5541.0,634877.0,633338.0
2026-06-05 14:35:00,8426.0,8430.0,8423.0,8426.0,4164.0,633338.0,632310.0
2026-06-05 14:40:00,8426.0,8435.0,8426.0,8434.0,2952.0,632310.0,632024.0
2026-06-05 14:45:00,8434.0,8445.0,8434.0,8445.0,4550.0,632024.0,632193.0
2026-06-05 14:50:00,8445.0,8448.0,8440.0,8445.0,4959.0,632193.0,632670.0
2026-06-05 14:55:00,8445.0,8446.0,8438.0,8440.0,7041.0,632670.0,630791.0
2026-06-05 21:00:00,8440.0,8457.0,8436.0,8450.0,17813.0,630791.0,628762.0
2026-06-05 21:05:00,8450.0,8455.0,8448.0,8452.0,5729.0,628762.0,628242.0
2026-06-05 21:10:00,8452.0,8454.0,8448.0,8450.0,4701.0,628242.0,627581.0
2026-06-05 21:15:00,8450.0,8457.0,8448.0,8453.0,4124.0,627581.0,626693.0
2026-06-05 21:20:00,8453.0,8457.0,8451.0,8453.0,3327.0,626693.0,626947.0
2026-06-05 21:25:00,8453.0,8455.0,8450.0,8452.0,2260.0,626947.0,626429.0
2026-06-05 21:30:00,8452.0,8452.0,8442.0,8447.0,5150.0,626429.0,625970.0
2026-06-05 21:35:00,8447.0,8448.0,8441.0,8441.0,1919.0,625970.0,625888.0
2026-06-05 21:40:00,8441.0,8444.0,8438.0,8438.0,2358.0,625888.0,625649.0
2026-06-05 21:45:00,8438.0,8441.0,8433.0,8435.0,4517.0,625649.0,624838.0
2026-06-05 21:50:00,8435.0,8439.0,8432.0,8437.0,2205.0,624838.0,625053.0
2026-06-05 21:55:00,8437.0,8443.0,8436.0,8436.0,2378.0,625053.0,625117.0
2026-06-05 22:00:00,8436.0,8436.0,8431.0,8431.0,3268.0,625117.0,625679.0
2026-06-05 22:05:00,8431.0,8441.0,8430.0,8437.0,2074.0,625679.0,625472.0
2026-06-05 22:10:00,8437.0,8438.0,8433.0,8434.0,1460.0,625472.0,625291.0
2026-06-05 22:15:00,8434.0,8439.0,8431.0,8436.0,2317.0,625291.0,624996.0
2026-06-05 22:20:00,8436.0,8440.0,8432.0,8438.0,2988.0,624996.0,625246.0
2026-06-05 22:25:00,8438.0,8442.0,8434.0,8435.0,2091.0,625246.0,625227.0
2026-06-05 22:30:00,8435.0,8448.0,8435.0,8444.0,3291.0,625227.0,624967.0
2026-06-05 22:35:00,8444.0,8455.0,8442.0,8447.0,4794.0,624967.0,624536.0
2026-06-05 22:40:00,8447.0,8447.0,8439.0,8440.0,2866.0,624536.0,625010.0
2026-06-05 22:45:00,8440.0,8441.0,8432.0,8434.0,4131.0,625010.0,624602.0
2026-06-05 22:50:00,8434.0,8442.0,8434.0,8441.0,2536.0,624602.0,624483.0
2026-06-05 22:55:00,8441.0,8446.0,8440.0,8440.0,2313.0,624483.0,623927.0
2026-06-08 09:00:00,8421.0,8421.0,8360.0,8361.0,50389.0,623927.0,627056.0
2026-06-08 09:05:00,8361.0,8361.0,8343.0,8352.0,21580.0,627056.0,629950.0
2026-06-08 09:10:00,8352.0,8365.0,8352.0,8365.0,11495.0,629950.0,630669.0
2026-06-08 09:15:00,8365.0,8375.0,8360.0,8374.0,9129.0,630669.0,630685.0
2026-06-08 09:20:00,8374.0,8376.0,8362.0,8368.0,8060.0,630685.0,631649.0
2026-06-08 09:25:00,8368.0,8380.0,8366.0,8379.0,8482.0,631649.0,631186.0
2026-06-08 09:30:00,8379.0,8383.0,8374.0,8380.0,5840.0,631186.0,630938.0
2026-06-08 09:35:00,8380.0,8381.0,8365.0,8366.0,6811.0,630938.0,632321.0
2026-06-08 09:40:00,8366.0,8366.0,8351.0,8355.0,8886.0,632321.0,632762.0
2026-06-08 09:45:00,8355.0,8364.0,8353.0,8364.0,4602.0,632762.0,633101.0
2026-06-08 09:50:00,8364.0,8364.0,8356.0,8360.0,3216.0,633101.0,633721.0
2026-06-08 09:55:00,8360.0,8363.0,8354.0,8356.0,2860.0,633721.0,634202.0
2026-06-08 10:00:00,8356.0,8369.0,8356.0,8369.0,4126.0,634202.0,634259.0
2026-06-08 10:05:00,8369.0,8369.0,8363.0,8367.0,2066.0,634259.0,634299.0
2026-06-08 10:10:00,8367.0,8376.0,8362.0,8375.0,2698.0,634299.0,634367.0
2026-06-08 10:30:00,8379.0,8384.0,8378.0,8378.0,5367.0,634367.0,634496.0
2026-06-08 10:35:00,8378.0,8386.0,8375.0,8385.0,4096.0,634496.0,634807.0
2026-06-08 10:40:00,8385.0,8386.0,8380.0,8385.0,2802.0,634807.0,634803.0
2026-06-08 10:45:00,8385.0,8386.0,8375.0,8377.0,3379.0,634803.0,635046.0
2026-06-08 10:50:00,8377.0,8385.0,8377.0,8381.0,2200.0,635046.0,635189.0
2026-06-08 10:55:00,8381.0,8385.0,8380.0,8381.0,1738.0,635189.0,635315.0
2026-06-08 11:00:00,8381.0,8381.0,8370.0,8376.0,4167.0,635315.0,635669.0
2026-06-08 11:05:00,8376.0,8378.0,8367.0,8370.0,2880.0,635669.0,635824.0
2026-06-08 11:10:00,8370.0,8377.0,8370.0,8372.0,2315.0,635824.0,635767.0
2026-06-08 11:15:00,8372.0,8375.0,8370.0,8372.0,1647.0,635767.0,635662.0
2026-06-08 11:20:00,8372.0,8377.0,8371.0,8375.0,1748.0,635662.0,635363.0
2026-06-08 11:25:00,8375.0,8379.0,8373.0,8376.0,1702.0,635363.0,635302.0
2026-06-08 13:30:00,8373.0,8397.0,8370.0,8385.0,7733.0,635302.0,634488.0
2026-06-08 13:35:00,8385.0,8387.0,8378.0,8383.0,2610.0,634488.0,634522.0
2026-06-08 13:40:00,8383.0,8387.0,8374.0,8375.0,2114.0,634522.0,634454.0
2026-06-08 13:45:00,8375.0,8379.0,8363.0,8364.0,6002.0,634454.0,633520.0
2026-06-08 13:50:00,8364.0,8364.0,8356.0,8357.0,6109.0,633520.0,634011.0
2026-06-08 13:55:00,8357.0,8368.0,8356.0,8364.0,3988.0,634011.0,634746.0
2026-06-08 14:00:00,8364.0,8369.0,8361.0,8364.0,2952.0,634746.0,634520.0
2026-06-08 14:05:00,8364.0,8370.0,8360.0,8365.0,3747.0,634520.0,633805.0
2026-06-08 14:10:00,8365.0,8365.0,8354.0,8359.0,4962.0,633805.0,634299.0
2026-06-08 14:15:00,8359.0,8365.0,8358.0,8365.0,2945.0,634299.0,634300.0
2026-06-08 14:20:00,8365.0,8366.0,8361.0,8363.0,2697.0,634300.0,634086.0
2026-06-08 14:25:00,8363.0,8370.0,8358.0,8361.0,4145.0,634086.0,633960.0
2026-06-08 14:30:00,8361.0,8364.0,8360.0,8363.0,1974.0,633960.0,633986.0
2026-06-08 14:35:00,8363.0,8368.0,8362.0,8365.0,2331.0,633986.0,634357.0
2026-06-08 14:40:00,8365.0,8369.0,8363.0,8366.0,2206.0,634357.0,634070.0
2026-06-08 14:45:00,8366.0,8369.0,8363.0,8367.0,2943.0,634070.0,634307.0
2026-06-08 14:50:00,8367.0,8380.0,8364.0,8380.0,4592.0,634307.0,634020.0
2026-06-08 14:55:00,8380.0,8380.0,8375.0,8376.0,6245.0,634020.0,634037.0
2026-06-08 21:00:00,8356.0,8358.0,8338.0,8350.0,23063.0,634037.0,633120.0
2026-06-08 21:05:00,8350.0,8353.0,8342.0,8348.0,5700.0,633120.0,633086.0
2026-06-08 21:10:00,8348.0,8349.0,8344.0,8347.0,4046.0,633086.0,633018.0
2026-06-08 21:15:00,8347.0,8351.0,8343.0,8349.0,4105.0,633018.0,633234.0
2026-06-08 21:20:00,8349.0,8351.0,8342.0,8349.0,4334.0,633234.0,633422.0
2026-06-08 21:25:00,8349.0,8350.0,8341.0,8341.0,2489.0,633422.0,633788.0
2026-06-08 21:30:00,8341.0,8344.0,8332.0,8335.0,8430.0,633788.0,634740.0
2026-06-08 21:35:00,8335.0,8338.0,8332.0,8338.0,3711.0,634740.0,634921.0
2026-06-08 21:40:00,8338.0,8339.0,8330.0,8333.0,2898.0,634921.0,635029.0
2026-06-08 21:45:00,8333.0,8333.0,8324.0,8330.0,6986.0,635029.0,635743.0
2026-06-08 21:50:00,8330.0,8331.0,8322.0,8325.0,4697.0,635743.0,635881.0
2026-06-08 21:55:00,8325.0,8328.0,8322.0,8324.0,3633.0,635881.0,635606.0
2026-06-08 22:00:00,8324.0,8331.0,8320.0,8331.0,4688.0,635606.0,635877.0
2026-06-08 22:05:00,8331.0,8345.0,8330.0,8344.0,6802.0,635877.0,634259.0
2026-06-08 22:10:00,8344.0,8362.0,8342.0,8357.0,7457.0,634259.0,633919.0
2026-06-08 22:15:00,8357.0,8366.0,8354.0,8361.0,5855.0,633919.0,633775.0
2026-06-08 22:20:00,8361.0,8365.0,8358.0,8359.0,3353.0,633775.0,633168.0
2026-06-08 22:25:00,8359.0,8361.0,8351.0,8353.0,1819.0,633168.0,633007.0
2026-06-08 22:30:00,8353.0,8366.0,8353.0,8362.0,2824.0,633007.0,632782.0
2026-06-08 22:35:00,8362.0,8365.0,8358.0,8360.0,1895.0,632782.0,632688.0
2026-06-08 22:40:00,8360.0,8361.0,8353.0,8353.0,1684.0,632688.0,632422.0
2026-06-08 22:45:00,8353.0,8356.0,8349.0,8355.0,2124.0,632422.0,632353.0
2026-06-08 22:50:00,8355.0,8357.0,8353.0,8353.0,1302.0,632353.0,632376.0
2026-06-08 22:55:00,8353.0,8354.0,8350.0,8350.0,1600.0,632376.0,631898.0
2026-06-09 09:00:00,8354.0,8354.0,8327.0,8335.0,11168.0,631898.0,633006.0
2026-06-09 09:05:00,8335.0,8335.0,8328.0,8332.0,4758.0,633006.0,633818.0
2026-06-09 09:10:00,8332.0,8339.0,8320.0,8321.0,6627.0,633818.0,634783.0
2026-06-09 09:15:00,8321.0,8326.0,8315.0,8325.0,8583.0,634783.0,636265.0
2026-06-09 09:20:00,8325.0,8328.0,8321.0,8325.0,3658.0,636265.0,637012.0
2026-06-09 09:25:00,8325.0,8329.0,8322.0,8324.0,3785.0,637012.0,637197.0
2026-06-09 09:30:00,8324.0,8330.0,8320.0,8329.0,3329.0,637197.0,636928.0
2026-06-09 09:35:00,8329.0,8330.0,8322.0,8323.0,3279.0,636928.0,637023.0
2026-06-09 09:40:00,8323.0,8330.0,8322.0,8329.0,2427.0,637023.0,637112.0
2026-06-09 09:45:00,8329.0,8331.0,8324.0,8328.0,2471.0,637112.0,637029.0
2026-06-09 09:50:00,8328.0,8337.0,8328.0,8333.0,3035.0,637029.0,637426.0
2026-06-09 09:55:00,8333.0,8339.0,8333.0,8334.0,2144.0,637426.0,637146.0
2026-06-09 10:00:00,8334.0,8335.0,8324.0,8324.0,2207.0,637146.0,636984.0
2026-06-09 10:05:00,8324.0,8333.0,8324.0,8327.0,2373.0,636984.0,636998.0
2026-06-09 10:10:00,8327.0,8330.0,8325.0,8330.0,1325.0,636998.0,637136.0
2026-06-09 10:30:00,8330.0,8335.0,8321.0,8325.0,3848.0,637136.0,637768.0
2026-06-09 10:35:00,8325.0,8327.0,8320.0,8320.0,2386.0,637768.0,637841.0
2026-06-09 10:40:00,8320.0,8326.0,8320.0,8323.0,3497.0,637841.0,637827.0
2026-06-09 10:45:00,8323.0,8324.0,8316.0,8316.0,3182.0,637827.0,637679.0
2026-06-09 10:50:00,8316.0,8323.0,8315.0,8320.0,3127.0,637679.0,637578.0
2026-06-09 10:55:00,8320.0,8322.0,8313.0,8315.0,3349.0,637578.0,637498.0
2026-06-09 11:00:00,8315.0,8317.0,8308.0,8311.0,7019.0,637498.0,637202.0
2026-06-09 11:05:00,8311.0,8313.0,8306.0,8313.0,5089.0,637202.0,637646.0
2026-06-09 11:10:00,8313.0,8317.0,8311.0,8315.0,3311.0,637646.0,637631.0
2026-06-09 11:15:00,8315.0,8316.0,8306.0,8306.0,2007.0,637631.0,637471.0
2026-06-09 11:20:00,8306.0,8309.0,8304.0,8306.0,3320.0,637471.0,637376.0
2026-06-09 11:25:00,8306.0,8309.0,8302.0,8307.0,3657.0,637376.0,637321.0
2026-06-09 13:30:00,8303.0,8305.0,8272.0,8277.0,22380.0,637321.0,636039.0
2026-06-09 13:35:00,8277.0,8292.0,8277.0,8290.0,9110.0,636039.0,633703.0
2026-06-09 13:40:00,8290.0,8298.0,8286.0,8294.0,4025.0,633703.0,633553.0
2026-06-09 13:45:00,8294.0,8306.0,8292.0,8302.0,5486.0,633553.0,632769.0
2026-06-09 13:50:00,8302.0,8306.0,8301.0,8302.0,3373.0,632769.0,632223.0
2026-06-09 13:55:00,8302.0,8303.0,8292.0,8293.0,3143.0,632223.0,631989.0
2026-06-09 14:00:00,8293.0,8299.0,8293.0,8295.0,2641.0,631989.0,631876.0
2026-06-09 14:05:00,8295.0,8303.0,8293.0,8299.0,3463.0,631876.0,631346.0
2026-06-09 14:10:00,8299.0,8306.0,8297.0,8304.0,3049.0,631346.0,631267.0
2026-06-09 14:15:00,8304.0,8305.0,8293.0,8293.0,2392.0,631267.0,631350.0
2026-06-09 14:20:00,8293.0,8298.0,8291.0,8298.0,2736.0,631350.0,631587.0
2026-06-09 14:25:00,8298.0,8306.0,8298.0,8305.0,2354.0,631587.0,631741.0
2026-06-09 14:30:00,8305.0,8317.0,8305.0,8316.0,4440.0,631741.0,631494.0
2026-06-09 14:35:00,8316.0,8331.0,8316.0,8331.0,9029.0,631494.0,631044.0
2026-06-09 14:40:00,8331.0,8333.0,8318.0,8322.0,4647.0,631044.0,630927.0
2026-06-09 14:45:00,8322.0,8323.0,8313.0,8316.0,2929.0,630927.0,631434.0
2026-06-09 14:50:00,8316.0,8322.0,8312.0,8318.0,3792.0,631434.0,632000.0
2026-06-09 14:55:00,8318.0,8326.0,8317.0,8318.0,4876.0,632000.0,631453.0
2026-06-09 21:00:00,8336.0,8342.0,8327.0,8337.0,21391.0,631453.0,627431.0
2026-06-09 21:05:00,8337.0,8341.0,8333.0,8335.0,5279.0,627431.0,627729.0
2026-06-09 21:10:00,8335.0,8339.0,8331.0,8332.0,3429.0,627729.0,627711.0
2026-06-09 21:15:00,8332.0,8336.0,8328.0,8333.0,3901.0,627711.0,627700.0
2026-06-09 21:20:00,8333.0,8336.0,8331.0,8332.0,1757.0,627700.0,627668.0
2026-06-09 21:25:00,8332.0,8340.0,8326.0,8328.0,3608.0,627668.0,627763.0
2026-06-09 21:30:00,8328.0,8332.0,8319.0,8332.0,5171.0,627763.0,627689.0
2026-06-09 21:35:00,8332.0,8332.0,8320.0,8324.0,2373.0,627689.0,627751.0
2026-06-09 21:40:00,8324.0,8328.0,8323.0,8325.0,1315.0,627751.0,627976.0
2026-06-09 21:45:00,8325.0,8327.0,8318.0,8321.0,2618.0,627976.0,628513.0
2026-06-09 21:50:00,8321.0,8333.0,8320.0,8327.0,2948.0,628513.0,628637.0
2026-06-09 21:55:00,8327.0,8330.0,8325.0,8327.0,1733.0,628637.0,628765.0
2026-06-09 22:00:00,8327.0,8330.0,8322.0,8327.0,2179.0,628765.0,628930.0
2026-06-09 22:05:00,8327.0,8339.0,8327.0,8335.0,3253.0,628930.0,628551.0
2026-06-09 22:10:00,8335.0,8340.0,8332.0,8337.0,2687.0,628551.0,628534.0
2026-06-09 22:15:00,8337.0,8340.0,8334.0,8337.0,1799.0,628534.0,628642.0
2026-06-09 22:20:00,8337.0,8340.0,8330.0,8331.0,1991.0,628642.0,628595.0
2026-06-09 22:25:00,8331.0,8334.0,8327.0,8330.0,1681.0,628595.0,628745.0
2026-06-09 22:30:00,8330.0,8334.0,8322.0,8325.0,4033.0,628745.0,629298.0
2026-06-09 22:35:00,8325.0,8326.0,8321.0,8323.0,2071.0,629298.0,629362.0
2026-06-09 22:40:00,8323.0,8331.0,8323.0,8326.0,1968.0,629362.0,629539.0
2026-06-09 22:45:00,8326.0,8326.0,8319.0,8319.0,2616.0,629539.0,629360.0
2026-06-09 22:50:00,8319.0,8322.0,8316.0,8317.0,2607.0,629360.0,628923.0
2026-06-09 22:55:00,8317.0,8318.0,8312.0,8315.0,2644.0,628923.0,628690.0
2026-06-10 09:00:00,8325.0,8340.0,8314.0,8316.0,8466.0,628690.0,628410.0
2026-06-10 09:05:00,8316.0,8318.0,8305.0,8315.0,5715.0,628410.0,629325.0
2026-06-10 09:10:00,8315.0,8315.0,8302.0,8306.0,4401.0,629325.0,630087.0
2026-06-10 09:15:00,8306.0,8308.0,8297.0,8297.0,3973.0,630087.0,630452.0
2026-06-10 09:20:00,8297.0,8306.0,8297.0,8301.0,2304.0,630452.0,630129.0
2026-06-10 09:25:00,8301.0,8305.0,8294.0,8296.0,3364.0,630129.0,630817.0
2026-06-10 09:30:00,8296.0,8298.0,8291.0,8296.0,3073.0,630817.0,631189.0
2026-06-10 09:35:00,8296.0,8303.0,8292.0,8303.0,2580.0,631189.0,631053.0
2026-06-10 09:40:00,8303.0,8311.0,8302.0,8305.0,2460.0,631053.0,630761.0
2026-06-10 09:45:00,8305.0,8310.0,8301.0,8303.0,2005.0,630761.0,630537.0
2026-06-10 09:50:00,8303.0,8310.0,8301.0,8309.0,1705.0,630537.0,630468.0
2026-06-10 09:55:00,8309.0,8313.0,8306.0,8309.0,2193.0,630468.0,630292.0
2026-06-10 10:00:00,8309.0,8312.0,8304.0,8310.0,2017.0,630292.0,630146.0
2026-06-10 10:05:00,8310.0,8314.0,8303.0,8307.0,3877.0,630146.0,629612.0
2026-06-10 10:10:00,8307.0,8309.0,8302.0,8305.0,2551.0,629612.0,629468.0
2026-06-10 10:30:00,8303.0,8304.0,8295.0,8297.0,3499.0,629468.0,629275.0
2026-06-10 10:35:00,8297.0,8297.0,8289.0,8295.0,3560.0,629275.0,629756.0
2026-06-10 10:40:00,8295.0,8303.0,8293.0,8295.0,2558.0,629756.0,629327.0
2026-06-10 10:45:00,8295.0,8303.0,8294.0,8297.0,1830.0,629327.0,629419.0
2026-06-10 10:50:00,8297.0,8310.0,8297.0,8303.0,3348.0,629419.0,628971.0
2026-06-10 10:55:00,8303.0,8310.0,8299.0,8308.0,2124.0,628971.0,629183.0
2026-06-10 11:00:00,8308.0,8314.0,8305.0,8307.0,3173.0,629183.0,629384.0
2026-06-10 11:05:00,8307.0,8316.0,8307.0,8316.0,2725.0,629384.0,629497.0
2026-06-10 11:10:00,8316.0,8316.0,8309.0,8314.0,1871.0,629497.0,629351.0
2026-06-10 11:15:00,8314.0,8324.0,8313.0,8321.0,3503.0,629351.0,629139.0
2026-06-10 11:20:00,8321.0,8324.0,8318.0,8318.0,1997.0,629139.0,629366.0
2026-06-10 11:25:00,8318.0,8328.0,8318.0,8323.0,3052.0,629366.0,629363.0
2026-06-10 13:30:00,8309.0,8309.0,8283.0,8292.0,14688.0,629363.0,630419.0
2026-06-10 13:35:00,8292.0,8301.0,8289.0,8298.0,5900.0,630419.0,631275.0
2026-06-10 13:40:00,8298.0,8303.0,8294.0,8295.0,3738.0,631275.0,631671.0
2026-06-10 13:45:00,8295.0,8300.0,8294.0,8299.0,2366.0,631671.0,631688.0
2026-06-10 13:50:00,8299.0,8305.0,8294.0,8304.0,3842.0,631688.0,631611.0
2026-06-10 13:55:00,8304.0,8310.0,8301.0,8304.0,2577.0,631611.0,631796.0
2026-06-10 14:00:00,8304.0,8311.0,8302.0,8308.0,3047.0,631796.0,631784.0
2026-06-10 14:05:00,8308.0,8312.0,8305.0,8308.0,3078.0,631784.0,631610.0
2026-06-10 14:10:00,8308.0,8315.0,8306.0,8308.0,2860.0,631610.0,631721.0
2026-06-10 14:15:00,8308.0,8313.0,8306.0,8307.0,1758.0,631721.0,632130.0
2026-06-10 14:20:00,8307.0,8321.0,8305.0,8317.0,5549.0,632130.0,630719.0
2026-06-10 14:25:00,8317.0,8318.0,8312.0,8312.0,2162.0,630719.0,630859.0
2026-06-10 14:30:00,8312.0,8315.0,8307.0,8311.0,2291.0,630859.0,630890.0
2026-06-10 14:35:00,8311.0,8315.0,8308.0,8314.0,1499.0,630890.0,631026.0
2026-06-10 14:40:00,8314.0,8326.0,8314.0,8316.0,4385.0,631026.0,630394.0
2026-06-10 14:45:00,8316.0,8327.0,8314.0,8326.0,3268.0,630394.0,630815.0
2026-06-10 14:50:00,8326.0,8330.0,8319.0,8321.0,3447.0,630815.0,630955.0
2026-06-10 14:55:00,8321.0,8322.0,8319.0,8320.0,3029.0,630955.0,630599.0
2026-06-10 21:00:00,8343.0,8349.0,8329.0,8340.0,19944.0,630599.0,629454.0
2026-06-10 21:05:00,8340.0,8346.0,8339.0,8343.0,4173.0,629454.0,629845.0
2026-06-10 21:10:00,8343.0,8344.0,8333.0,8341.0,5768.0,629845.0,629654.0
2026-06-10 21:15:00,8341.0,8344.0,8336.0,8343.0,3114.0,629654.0,629539.0
2026-06-10 21:20:00,8343.0,8344.0,8336.0,8339.0,2144.0,629539.0,629434.0
2026-06-10 21:25:00,8339.0,8340.0,8336.0,8336.0,1429.0,629434.0,629317.0
2026-06-10 21:30:00,8336.0,8348.0,8334.0,8340.0,4286.0,629317.0,629476.0
2026-06-10 21:35:00,8340.0,8340.0,8334.0,8339.0,1726.0,629476.0,629537.0
2026-06-10 21:40:00,8339.0,8342.0,8337.0,8339.0,2148.0,629537.0,629433.0
2026-06-10 21:45:00,8339.0,8350.0,8338.0,8348.0,2567.0,629433.0,629393.0
2026-06-10 21:50:00,8348.0,8355.0,8344.0,8350.0,5027.0,629393.0,629356.0
2026-06-10 21:55:00,8350.0,8355.0,8346.0,8354.0,2512.0,629356.0,629332.0
2026-06-10 22:00:00,8354.0,8357.0,8348.0,8353.0,3318.0,629332.0,629868.0
2026-06-10 22:05:00,8353.0,8360.0,8353.0,8356.0,3042.0,629868.0,629926.0
2026-06-10 22:10:00,8356.0,8360.0,8354.0,8357.0,2351.0,629926.0,630199.0
2026-06-10 22:15:00,8357.0,8360.0,8351.0,8352.0,2354.0,630199.0,630549.0
2026-06-10 22:20:00,8352.0,8359.0,8351.0,8353.0,2242.0,630549.0,630472.0
2026-06-10 22:25:00,8353.0,8358.0,8352.0,8355.0,1731.0,630472.0,630518.0
2026-06-10 22:30:00,8355.0,8359.0,8351.0,8352.0,1787.0,630518.0,630389.0
2026-06-10 22:35:00,8352.0,8357.0,8348.0,8355.0,2042.0,630389.0,630193.0
2026-06-10 22:40:00,8355.0,8356.0,8351.0,8354.0,1197.0,630193.0,630301.0
2026-06-10 22:45:00,8354.0,8354.0,8346.0,8347.0,2006.0,630301.0,630295.0
2026-06-10 22:50:00,8347.0,8350.0,8346.0,8348.0,1674.0,630295.0,630371.0
2026-06-10 22:55:00,8348.0,8354.0,8348.0,8352.0,2851.0,630371.0,629595.0
2026-06-11 09:00:00,8363.0,8376.0,8363.0,8364.0,12225.0,629595.0,628344.0
2026-06-11 09:05:00,8364.0,8365.0,8354.0,8356.0,7591.0,628344.0,627780.0
2026-06-11 09:10:00,8356.0,8356.0,8348.0,8352.0,4009.0,627780.0,627780.0
2026-06-11 09:15:00,8352.0,8353.0,8347.0,8347.0,3349.0,627780.0,628000.0
2026-06-11 09:20:00,8347.0,8347.0,8340.0,8342.0,3400.0,628000.0,627968.0
2026-06-11 09:25:00,8342.0,8343.0,8335.0,8337.0,3567.0,627968.0,628337.0
2026-06-11 09:30:00,8337.0,8345.0,8337.0,8343.0,2666.0,628337.0,628213.0
2026-06-11 09:35:00,8343.0,8345.0,8339.0,8339.0,2362.0,628213.0,627972.0
2026-06-11 09:40:00,8339.0,8343.0,8339.0,8342.0,1270.0,627972.0,627860.0
2026-06-11 09:45:00,8342.0,8355.0,8342.0,8353.0,3583.0,627860.0,626931.0
2026-06-11 09:50:00,8353.0,8354.0,8348.0,8351.0,1489.0,626931.0,626626.0
2026-06-11 09:55:00,8351.0,8360.0,8344.0,8348.0,5365.0,626626.0,627220.0
2026-06-11 10:00:00,8348.0,8352.0,8347.0,8349.0,1927.0,627220.0,627396.0
2026-06-11 10:05:00,8349.0,8353.0,8345.0,8345.0,1763.0,627396.0,627516.0
2026-06-11 10:10:00,8345.0,8348.0,8344.0,8346.0,1681.0,627516.0,627795.0
2026-06-11 10:30:00,8348.0,8363.0,8347.0,8353.0,4026.0,627795.0,627173.0
2026-06-11 10:35:00,8353.0,8359.0,8351.0,8356.0,3519.0,627173.0,626652.0
2026-06-11 10:40:00,8356.0,8360.0,8354.0,8357.0,1628.0,626652.0,626583.0
2026-06-11 10:45:00,8357.0,8358.0,8352.0,8357.0,2000.0,626583.0,626354.0
2026-06-11 10:50:00,8357.0,8364.0,8357.0,8360.0,3220.0,626354.0,626377.0
2026-06-11 10:55:00,8360.0,8360.0,8351.0,8353.0,1685.0,626377.0,626152.0
2026-06-11 11:00:00,8353.0,8357.0,8349.0,8356.0,2066.0,626152.0,626231.0
2026-06-11 11:05:00,8356.0,8363.0,8355.0,8358.0,1397.0,626231.0,626172.0
2026-06-11 11:10:00,8358.0,8360.0,8352.0,8354.0,876.0,626172.0,626122.0
2026-06-11 11:15:00,8354.0,8355.0,8349.0,8351.0,1497.0,626122.0,626142.0
2026-06-11 11:20:00,8351.0,8363.0,8350.0,8362.0,1877.0,626142.0,626065.0
2026-06-11 11:25:00,8362.0,8371.0,8362.0,8367.0,4242.0,626065.0,625381.0
2026-06-11 13:30:00,8367.0,8367.0,8350.0,8358.0,7495.0,625381.0,626082.0
2026-06-11 13:35:00,8358.0,8360.0,8355.0,8355.0,1394.0,626082.0,625730.0
2026-06-11 13:40:00,8355.0,8355.0,8350.0,8351.0,1837.0,625730.0,625441.0
2026-06-11 13:45:00,8351.0,8351.0,8346.0,8351.0,2402.0,625441.0,625261.0
2026-06-11 13:50:00,8351.0,8354.0,8349.0,8351.0,1628.0,625261.0,625163.0
2026-06-11 13:55:00,8351.0,8362.0,8350.0,8359.0,3257.0,625163.0,625614.0
2026-06-11 14:00:00,8359.0,8368.0,8358.0,8368.0,2971.0,625614.0,625318.0
2026-06-11 14:05:00,8368.0,8378.0,8365.0,8377.0,5017.0,625318.0,624771.0
2026-06-11 14:10:00,8377.0,8383.0,8376.0,8381.0,6841.0,624771.0,624619.0
2026-06-11 14:15:00,8381.0,8381.0,8369.0,8370.0,3655.0,624619.0,624176.0
2026-06-11 14:20:00,8370.0,8382.0,8369.0,8381.0,2426.0,624176.0,624045.0
2026-06-11 14:25:00,8381.0,8382.0,8374.0,8374.0,2457.0,624045.0,623580.0
2026-06-11 14:30:00,8374.0,8380.0,8372.0,8374.0,2190.0,623580.0,623072.0
2026-06-11 14:35:00,8374.0,8375.0,8366.0,8368.0,2232.0,623072.0,622489.0
2026-06-11 14:40:00,8368.0,8373.0,8365.0,8370.0,1930.0,622489.0,622333.0
2026-06-11 14:45:00,8370.0,8370.0,8363.0,8367.0,2377.0,622333.0,622066.0
2026-06-11 14:50:00,8367.0,8368.0,8360.0,8360.0,3089.0,622066.0,621454.0
2026-06-11 14:55:00,8360.0,8364.0,8358.0,8361.0,5348.0,621454.0,621283.0
2026-06-11 21:00:00,8376.0,8376.0,8356.0,8365.0,11918.0,621283.0,620482.0
2026-06-11 21:05:00,8365.0,8372.0,8363.0,8365.0,3761.0,620482.0,620600.0
2026-06-11 21:10:00,8365.0,8366.0,8358.0,8359.0,3482.0,620600.0,620767.0
2026-06-11 21:15:00,8359.0,8363.0,8356.0,8362.0,2893.0,620767.0,621070.0
2026-06-11 21:20:00,8362.0,8363.0,8354.0,8356.0,2830.0,621070.0,621414.0
2026-06-11 21:25:00,8356.0,8367.0,8354.0,8367.0,3284.0,621414.0,621580.0
2026-06-11 21:30:00,8367.0,8367.0,8355.0,8363.0,3194.0,621580.0,621577.0
2026-06-11 21:35:00,8363.0,8364.0,8360.0,8364.0,2029.0,621577.0,621397.0
2026-06-11 21:40:00,8364.0,8365.0,8355.0,8359.0,3183.0,621397.0,620454.0
2026-06-11 21:45:00,8359.0,8362.0,8356.0,8359.0,2425.0,620454.0,620223.0
2026-06-11 21:50:00,8359.0,8360.0,8355.0,8358.0,1098.0,620223.0,620180.0
2026-06-11 21:55:00,8358.0,8360.0,8352.0,8357.0,2077.0,620180.0,620157.0
2026-06-11 22:00:00,8357.0,8366.0,8357.0,8361.0,2165.0,620157.0,620054.0
2026-06-11 22:05:00,8361.0,8364.0,8356.0,8360.0,1935.0,620054.0,619500.0
2026-06-11 22:10:00,8360.0,8363.0,8357.0,8358.0,1509.0,619500.0,619755.0
2026-06-11 22:15:00,8358.0,8362.0,8356.0,8361.0,2079.0,619755.0,620419.0
2026-06-11 22:20:00,8361.0,8364.0,8359.0,8364.0,1004.0,620419.0,620406.0
2026-06-11 22:25:00,8364.0,8366.0,8362.0,8364.0,2115.0,620406.0,620445.0
2026-06-11 22:30:00,8364.0,8370.0,8364.0,8369.0,1950.0,620445.0,620370.0
2026-06-11 22:35:00,8369.0,8372.0,8368.0,8369.0,1728.0,620370.0,620244.0
2026-06-11 22:40:00,8369.0,8372.0,8367.0,8370.0,1138.0,620244.0,620096.0
2026-06-11 22:45:00,8370.0,8371.0,8365.0,8368.0,1378.0,620096.0,620094.0
2026-06-11 22:50:00,8368.0,8369.0,8364.0,8364.0,2195.0,620094.0,620413.0
2026-06-11 22:55:00,8364.0,8368.0,8361.0,8368.0,2551.0,620413.0,620449.0
2026-06-12 09:00:00,8338.0,8344.0,8322.0,8343.0,16361.0,620449.0,622337.0
2026-06-12 09:05:00,8343.0,8351.0,8343.0,8348.0,4235.0,622337.0,622507.0
2026-06-12 09:10:00,8348.0,8350.0,8341.0,8347.0,3164.0,622507.0,622285.0
2026-06-12 09:15:00,8347.0,8349.0,8337.0,8340.0,3536.0,622285.0,622453.0
2026-06-12 09:20:00,8340.0,8344.0,8334.0,8343.0,3489.0,622453.0,623127.0
2026-06-12 09:25:00,8343.0,8347.0,8340.0,8341.0,2527.0,623127.0,623259.0
2026-06-12 09:30:00,8341.0,8343.0,8334.0,8339.0,1880.0,623259.0,623256.0
2026-06-12 09:35:00,8339.0,8345.0,8338.0,8340.0,1805.0,623256.0,623523.0
2026-06-12 09:40:00,8340.0,8340.0,8325.0,8329.0,5084.0,623523.0,623825.0
2026-06-12 09:45:00,8329.0,8336.0,8329.0,8334.0,3635.0,623825.0,624192.0
2026-06-12 09:50:00,8334.0,8337.0,8330.0,8335.0,1924.0,624192.0,624387.0
2026-06-12 09:55:00,8335.0,8339.0,8333.0,8336.0,1632.0,624387.0,624177.0
2026-06-12 10:00:00,8336.0,8343.0,8335.0,8340.0,1519.0,624177.0,624043.0
2026-06-12 10:05:00,8340.0,8345.0,8336.0,8338.0,2350.0,624043.0,623420.0
2026-06-12 10:10:00,8338.0,8346.0,8335.0,8335.0,2029.0,623420.0,622886.0
2026-06-12 10:30:00,8335.0,8345.0,8335.0,8343.0,2499.0,622886.0,622569.0
2026-06-12 10:35:00,8343.0,8345.0,8337.0,8341.0,1836.0,622569.0,622351.0
2026-06-12 10:40:00,8341.0,8343.0,8338.0,8342.0,1165.0,622351.0,622389.0
2026-06-12 10:45:00,8342.0,8348.0,8339.0,8346.0,2470.0,622389.0,622431.0
2026-06-12 10:50:00,8346.0,8352.0,8339.0,8352.0,2405.0,622431.0,622485.0
2026-06-12 10:55:00,8352.0,8359.0,8351.0,8358.0,3009.0,622485.0,622494.0
2026-06-12 11:00:00,8358.0,8370.0,8356.0,8366.0,4775.0,622494.0,621899.0
2026-06-12 11:05:00,8366.0,8368.0,8358.0,8358.0,3050.0,621899.0,621496.0
2026-06-12 11:10:00,8358.0,8370.0,8358.0,8370.0,3029.0,621496.0,620646.0
2026-06-12 11:15:00,8370.0,8371.0,8366.0,8366.0,2594.0,620646.0,620547.0
2026-06-12 11:20:00,8366.0,8376.0,8364.0,8374.0,2731.0,620547.0,620097.0
2026-06-12 11:25:00,8374.0,8380.0,8372.0,8376.0,2834.0,620097.0,619434.0
2026-06-12 13:30:00,8363.0,8363.0,8353.0,8358.0,7976.0,619434.0,619070.0
2026-06-12 13:35:00,8358.0,8359.0,8348.0,8349.0,3476.0,619070.0,618850.0
2026-06-12 13:40:00,8349.0,8349.0,8339.0,8344.0,4211.0,618850.0,619099.0
2026-06-12 13:45:00,8344.0,8346.0,8339.0,8344.0,2899.0,619099.0,619500.0
2026-06-12 13:50:00,8344.0,8351.0,8341.0,8346.0,2384.0,619500.0,619613.0
2026-06-12 13:55:00,8346.0,8355.0,8345.0,8350.0,1638.0,619613.0,619840.0
2026-06-12 14:00:00,8350.0,8356.0,8349.0,8355.0,1559.0,619840.0,620194.0
2026-06-12 14:05:00,8355.0,8355.0,8352.0,8354.0,1252.0,620194.0,620265.0
2026-06-12 14:10:00,8354.0,8356.0,8352.0,8355.0,1342.0,620265.0,620416.0
2026-06-12 14:15:00,8355.0,8363.0,8353.0,8355.0,3152.0,620416.0,619874.0
2026-06-12 14:20:00,8355.0,8361.0,8355.0,8358.0,2207.0,619874.0,619756.0
2026-06-12 14:25:00,8358.0,8361.0,8357.0,8358.0,1343.0,619756.0,619601.0
2026-06-12 14:30:00,8358.0,8360.0,8354.0,8356.0,2240.0,619601.0,619625.0
2026-06-12 14:35:00,8356.0,8356.0,8345.0,8346.0,2789.0,619625.0,619795.0
2026-06-12 14:40:00,8346.0,8356.0,8345.0,8355.0,2355.0,619795.0,619693.0
2026-06-12 14:45:00,8355.0,8363.0,8353.0,8362.0,3334.0,619693.0,619876.0
2026-06-12 14:50:00,8362.0,8363.0,8349.0,8351.0,3230.0,619876.0,619598.0
2026-06-12 14:55:00,8351.0,8360.0,8349.0,8357.0,4739.0,619598.0,619423.0
2026-06-12 21:00:00,8343.0,8349.0,8328.0,8346.0,13564.0,619423.0,619931.0
2026-06-12 21:05:00,8346.0,8351.0,8345.0,8348.0,3840.0,619931.0,619617.0
2026-06-12 21:10:00,8348.0,8353.0,8342.0,8343.0,4233.0,619617.0,619866.0
2026-06-12 21:15:00,8343.0,8345.0,8335.0,8335.0,4389.0,619866.0,620431.0
2026-06-12 21:20:00,8335.0,8345.0,8334.0,8343.0,3057.0,620431.0,621062.0
2026-06-12 21:25:00,8343.0,8347.0,8339.0,8339.0,2104.0,621062.0,621138.0
2026-06-12 21:30:00,8339.0,8350.0,8339.0,8347.0,3968.0,621138.0,620849.0
2026-06-12 21:35:00,8347.0,8350.0,8343.0,8348.0,2288.0,620849.0,620935.0
2026-06-12 21:40:00,8348.0,8357.0,8347.0,8348.0,3460.0,620935.0,620558.0
2026-06-12 21:45:00,8348.0,8355.0,8347.0,8354.0,1997.0,620558.0,620618.0
2026-06-12 21:50:00,8354.0,8358.0,8351.0,8356.0,3241.0,620618.0,620215.0
2026-06-12 21:55:00,8356.0,8362.0,8355.0,8360.0,2596.0,620215.0,620208.0
2026-06-12 22:00:00,8360.0,8362.0,8353.0,8354.0,3273.0,620208.0,619698.0
2026-06-12 22:05:00,8354.0,8357.0,8350.0,8350.0,2092.0,619698.0,619475.0
2026-06-12 22:10:00,8350.0,8351.0,8345.0,8346.0,3045.0,619475.0,619524.0
2026-06-12 22:15:00,8346.0,8349.0,8342.0,8348.0,2135.0,619524.0,619812.0
2026-06-12 22:20:00,8348.0,8352.0,8345.0,8346.0,1060.0,619812.0,619831.0
2026-06-12 22:25:00,8346.0,8347.0,8339.0,8342.0,2244.0,619831.0,620131.0
2026-06-12 22:30:00,8342.0,8347.0,8341.0,8345.0,1544.0,620131.0,620270.0
2026-06-12 22:35:00,8345.0,8346.0,8341.0,8345.0,1279.0,620270.0,620536.0
2026-06-12 22:40:00,8345.0,8349.0,8345.0,8348.0,1000.0,620536.0,620609.0
2026-06-12 22:45:00,8348.0,8351.0,8346.0,8350.0,1361.0,620609.0,620518.0
2026-06-12 22:50:00,8350.0,8351.0,8341.0,8344.0,3366.0,620518.0,619781.0
2026-06-12 22:55:00,8344.0,8347.0,8341.0,8344.0,3734.0,619781.0,619230.0
2026-06-15 09:00:00,8315.0,8320.0,8298.0,8314.0,19200.0,619230.0,620733.0
2026-06-15 09:05:00,8314.0,8333.0,8313.0,8330.0,6311.0,620733.0,621222.0
2026-06-15 09:10:00,8330.0,8330.0,8318.0,8322.0,4460.0,621222.0,621579.0
2026-06-15 09:15:00,8322.0,8330.0,8317.0,8323.0,7597.0,621579.0,621436.0
2026-06-15 09:20:00,8323.0,8323.0,8300.0,8300.0,7856.0,621436.0,620591.0
2026-06-15 09:25:00,8300.0,8315.0,8300.0,8312.0,8675.0,620591.0,619959.0
2026-06-15 09:30:00,8312.0,8315.0,8304.0,8308.0,4905.0,619959.0,620254.0
2026-06-15 09:35:00,8308.0,8312.0,8300.0,8304.0,4738.0,620254.0,620335.0
2026-06-15 09:40:00,8304.0,8320.0,8304.0,8315.0,5318.0,620335.0,619504.0
2026-06-15 09:45:00,8315.0,8329.0,8314.0,8329.0,5765.0,619504.0,618878.0
2026-06-15 09:50:00,8329.0,8332.0,8322.0,8329.0,4842.0,618878.0,619330.0
2026-06-15 09:55:00,8329.0,8337.0,8328.0,8336.0,3715.0,619330.0,618989.0
2026-06-15 10:00:00,8336.0,8336.0,8329.0,8333.0,2283.0,618989.0,619106.0
2026-06-15 10:05:00,8333.0,8336.0,8329.0,8332.0,1596.0,619106.0,619037.0
2026-06-15 10:10:00,8332.0,8335.0,8326.0,8334.0,2061.0,619037.0,618645.0
2026-06-15 10:30:00,8335.0,8335.0,8320.0,8328.0,3339.0,618645.0,618805.0
2026-06-15 10:35:00,8328.0,8330.0,8320.0,8320.0,1461.0,618805.0,618794.0
2026-06-15 10:40:00,8320.0,8320.0,8308.0,8312.0,4256.0,618794.0,618244.0
2026-06-15 10:45:00,8312.0,8315.0,8303.0,8303.0,4763.0,618244.0,618992.0
2026-06-15 10:50:00,8303.0,8306.0,8297.0,8305.0,6560.0,618992.0,620098.0
2026-06-15 10:55:00,8305.0,8317.0,8305.0,8314.0,3748.0,620098.0,619813.0
2026-06-15 11:00:00,8314.0,8315.0,8307.0,8311.0,2946.0,619813.0,619572.0
2026-06-15 11:05:00,8311.0,8314.0,8309.0,8310.0,1422.0,619572.0,619647.0
2026-06-15 11:10:00,8310.0,8325.0,8310.0,8324.0,3394.0,619647.0,619124.0
2026-06-15 11:15:00,8324.0,8328.0,8321.0,8326.0,2659.0,619124.0,618997.0
2026-06-15 11:20:00,8326.0,8329.0,8320.0,8324.0,2126.0,618997.0,619027.0
2026-06-15 11:25:00,8324.0,8326.0,8313.0,8315.0,2402.0,619027.0,618818.0
2026-06-15 13:30:00,8326.0,8336.0,8326.0,8330.0,7508.0,618818.0,618805.0
2026-06-15 13:35:00,8330.0,8330.0,8317.0,8319.0,2999.0,618805.0,619154.0
2026-06-15 13:40:00,8319.0,8322.0,8314.0,8316.0,2364.0,619154.0,619649.0
2026-06-15 13:45:00,8316.0,8322.0,8314.0,8321.0,1741.0,619649.0,619897.0
2026-06-15 13:50:00,8321.0,8325.0,8316.0,8323.0,1438.0,619897.0,619666.0
2026-06-15 13:55:00,8323.0,8324.0,8318.0,8321.0,1044.0,619666.0,619797.0
2026-06-15 14:00:00,8321.0,8323.0,8317.0,8320.0,1529.0,619797.0,620022.0
2026-06-15 14:05:00,8320.0,8326.0,8319.0,8322.0,1956.0,620022.0,620036.0
2026-06-15 14:10:00,8322.0,8324.0,8316.0,8317.0,1558.0,620036.0,620279.0
2026-06-15 14:15:00,8317.0,8317.0,8312.0,8314.0,1681.0,620279.0,620441.0
2026-06-15 14:20:00,8314.0,8317.0,8308.0,8314.0,2204.0,620441.0,620544.0
2026-06-15 14:25:00,8314.0,8324.0,8313.0,8322.0,1941.0,620544.0,620536.0
2026-06-15 14:30:00,8322.0,8325.0,8316.0,8319.0,2273.0,620536.0,620401.0
2026-06-15 14:35:00,8319.0,8321.0,8318.0,8320.0,762.0,620401.0,620467.0
2026-06-15 14:40:00,8320.0,8321.0,8315.0,8321.0,1246.0,620467.0,620561.0
2026-06-15 14:45:00,8321.0,8325.0,8321.0,8322.0,3001.0,620561.0,620710.0
2026-06-15 14:50:00,8322.0,8322.0,8316.0,8320.0,2785.0,620710.0,620767.0
2026-06-15 14:55:00,8320.0,8329.0,8319.0,8328.0,6810.0,620767.0,617533.0
2026-06-15 21:00:00,8298.0,8298.0,8280.0,8289.0,25144.0,617533.0,618660.0
2026-06-15 21:05:00,8289.0,8291.0,8280.0,8282.0,7208.0,618660.0,618882.0
2026-06-15 21:10:00,8282.0,8288.0,8278.0,8282.0,6395.0,618882.0,619368.0
2026-06-15 21:15:00,8282.0,8287.0,8281.0,8286.0,4056.0,619368.0,619622.0
2026-06-15 21:20:00,8286.0,8286.0,8276.0,8277.0,4873.0,619622.0,620775.0
2026-06-15 21:25:00,8277.0,8280.0,8270.0,8272.0,8090.0,620775.0,621684.0
2026-06-15 21:30:00,8272.0,8288.0,8270.0,8285.0,6852.0,621684.0,621088.0
2026-06-15 21:35:00,8285.0,8291.0,8284.0,8287.0,3607.0,621088.0,621086.0
2026-06-15 21:40:00,8287.0,8290.0,8285.0,8289.0,2315.0,621086.0,621239.0
2026-06-15 21:45:00,8289.0,8292.0,8286.0,8292.0,2151.0,621239.0,621381.0
2026-06-15 21:50:00,8292.0,8294.0,8288.0,8291.0,2374.0,621381.0,621218.0
2026-06-15 21:55:00,8291.0,8297.0,8291.0,8293.0,2024.0,621218.0,621142.0
2026-06-15 22:00:00,8293.0,8297.0,8291.0,8294.0,1758.0,621142.0,621040.0
2026-06-15 22:05:00,8294.0,8302.0,8294.0,8301.0,2833.0,621040.0,620712.0
2026-06-15 22:10:00,8301.0,8312.0,8299.0,8308.0,4406.0,620712.0,620268.0
2026-06-15 22:15:00,8308.0,8311.0,8304.0,8304.0,2859.0,620268.0,619724.0
2026-06-15 22:20:00,8304.0,8308.0,8301.0,8307.0,2048.0,619724.0,619536.0
2026-06-15 22:25:00,8307.0,8314.0,8307.0,8313.0,2247.0,619536.0,619612.0
2026-06-15 22:30:00,8313.0,8317.0,8309.0,8312.0,2383.0,619612.0,619413.0
2026-06-15 22:35:00,8312.0,8312.0,8302.0,8304.0,2426.0,619413.0,619530.0
2026-06-15 22:40:00,8304.0,8309.0,8302.0,8306.0,1538.0,619530.0,619477.0
2026-06-15 22:45:00,8306.0,8313.0,8305.0,8310.0,1920.0,619477.0,619108.0
2026-06-15 22:50:00,8310.0,8317.0,8309.0,8317.0,2669.0,619108.0,619142.0
2026-06-15 22:55:00,8317.0,8322.0,8315.0,8322.0,3532.0,619142.0,618123.0
2026-06-16 09:00:00,8342.0,8350.0,8324.0,8327.0,16262.0,618123.0,616255.0
2026-06-16 09:05:00,8327.0,8328.0,8319.0,8320.0,5320.0,616255.0,615564.0
2026-06-16 09:10:00,8320.0,8328.0,8319.0,8322.0,2421.0,615564.0,615821.0
2026-06-16 09:15:00,8322.0,8322.0,8316.0,8320.0,2602.0,615821.0,616204.0
2026-06-16 09:20:00,8320.0,8328.0,8313.0,8328.0,3878.0,616204.0,616379.0
2026-06-16 09:25:00,8328.0,8334.0,8326.0,8331.0,3355.0,616379.0,616454.0
2026-06-16 09:30:00,8331.0,8335.0,8327.0,8329.0,2615.0,616454.0,616270.0
2026-06-16 09:35:00,8329.0,8330.0,8322.0,8325.0,1877.0,616270.0,616072.0
2026-06-16 09:40:00,8325.0,8325.0,8319.0,8319.0,1266.0,616072.0,616220.0
2026-06-16 09:45:00,8319.0,8325.0,8319.0,8322.0,1537.0,616220.0,616126.0
2026-06-16 09:50:00,8322.0,8322.0,8315.0,8317.0,1984.0,616126.0,616081.0
2026-06-16 09:55:00,8317.0,8319.0,8310.0,8314.0,2583.0,616081.0,615859.0
2026-06-16 10:00:00,8314.0,8319.0,8313.0,8318.0,1181.0,615859.0,615845.0
2026-06-16 10:05:00,8318.0,8322.0,8317.0,8319.0,1724.0,615845.0,615958.0
2026-06-16 10:10:00,8319.0,8321.0,8308.0,8313.0,3058.0,615958.0,616244.0
2026-06-16 10:30:00,8313.0,8322.0,8309.0,8321.0,3894.0,616244.0,616182.0
2026-06-16 10:35:00,8321.0,8323.0,8315.0,8315.0,3304.0,616182.0,616162.0
2026-06-16 10:40:00,8315.0,8325.0,8315.0,8319.0,3679.0,616162.0,617049.0
2026-06-16 10:45:00,8319.0,8319.0,8308.0,8308.0,2262.0,617049.0,617399.0
2026-06-16 10:50:00,8308.0,8313.0,8305.0,8309.0,2665.0,617399.0,617442.0
2026-06-16 10:55:00,8309.0,8322.0,8309.0,8319.0,3102.0,617442.0,617988.0
2026-06-16 11:00:00,8319.0,8327.0,8319.0,8322.0,2788.0,617988.0,617996.0
2026-06-16 11:05:00,8322.0,8329.0,8321.0,8329.0,1991.0,617996.0,617888.0
2026-06-16 11:10:00,8329.0,8335.0,8328.0,8335.0,2415.0,617888.0,617840.0
2026-06-16 11:15:00,8335.0,8336.0,8327.0,8328.0,2312.0,617840.0,617823.0
2026-06-16 11:20:00,8328.0,8334.0,8324.0,8333.0,1682.0,617823.0,617494.0
2026-06-16 11:25:00,8333.0,8339.0,8332.0,8333.0,3133.0,617494.0,617262.0
2026-06-16 13:30:00,8323.0,8323.0,8308.0,8317.0,8181.0,617262.0,616352.0
2026-06-16 13:35:00,8317.0,8318.0,8312.0,8314.0,1812.0,616352.0,616368.0
2026-06-16 13:40:00,8314.0,8319.0,8311.0,8314.0,1450.0,616368.0,616402.0
2026-06-16 13:45:00,8314.0,8316.0,8312.0,8316.0,1344.0,616402.0,616374.0
2026-06-16 13:50:00,8316.0,8318.0,8310.0,8312.0,1826.0,616374.0,616755.0
2026-06-16 13:55:00,8312.0,8323.0,8312.0,8323.0,2566.0,616755.0,616567.0
2026-06-16 14:00:00,8323.0,8323.0,8315.0,8316.0,1108.0,616567.0,616568.0
2026-06-16 14:05:00,8316.0,8319.0,8312.0,8316.0,1454.0,616568.0,616407.0
2026-06-16 14:10:00,8316.0,8324.0,8314.0,8323.0,1714.0,616407.0,616144.0
2026-06-16 14:15:00,8323.0,8325.0,8320.0,8323.0,2190.0,616144.0,615569.0
2026-06-16 14:20:00,8323.0,8323.0,8314.0,8318.0,2257.0,615569.0,615055.0
2026-06-16 14:25:00,8318.0,8321.0,8317.0,8317.0,1285.0,615055.0,614950.0
2026-06-16 14:30:00,8317.0,8328.0,8316.0,8327.0,3412.0,614950.0,614566.0
2026-06-16 14:35:00,8327.0,8330.0,8321.0,8324.0,3652.0,614566.0,613548.0
2026-06-16 14:40:00,8324.0,8340.0,8324.0,8339.0,4550.0,613548.0,613235.0
2026-06-16 14:45:00,8339.0,8350.0,8338.0,8347.0,9329.0,613235.0,612957.0
2026-06-16 14:50:00,8347.0,8354.0,8344.0,8345.0,8309.0,612957.0,612686.0
2026-06-16 14:55:00,8345.0,8350.0,8339.0,8345.0,7618.0,612686.0,611383.0
2026-06-16 21:00:00,8325.0,8342.0,8325.0,8341.0,11927.0,611383.0,609834.0
2026-06-16 21:05:00,8341.0,8346.0,8337.0,8339.0,5525.0,609834.0,609912.0
2026-06-16 21:10:00,8339.0,8345.0,8336.0,8338.0,2810.0,609912.0,609964.0
2026-06-16 21:15:00,8338.0,8341.0,8336.0,8338.0,2592.0,609964.0,610073.0
2026-06-16 21:20:00,8338.0,8350.0,8337.0,8347.0,3232.0,610073.0,609929.0
2026-06-16 21:25:00,8347.0,8360.0,8347.0,8356.0,5757.0,609929.0,610729.0
2026-06-16 21:30:00,8356.0,8376.0,8356.0,8374.0,11126.0,610729.0,610256.0
2026-06-16 21:35:00,8374.0,8380.0,8370.0,8378.0,6616.0,610256.0,609043.0
2026-06-16 21:40:00,8378.0,8380.0,8368.0,8375.0,3759.0,609043.0,608454.0
2026-06-16 21:45:00,8375.0,8393.0,8375.0,8387.0,9712.0,608454.0,607243.0
2026-06-16 21:50:00,8387.0,8389.0,8379.0,8382.0,5371.0,607243.0,606167.0
2026-06-16 21:55:00,8382.0,8391.0,8381.0,8391.0,3756.0,606167.0,605977.0
2026-06-16 22:00:00,8391.0,8396.0,8384.0,8388.0,5751.0,605977.0,605756.0
2026-06-16 22:05:00,8388.0,8394.0,8383.0,8385.0,4805.0,605756.0,604701.0
2026-06-16 22:10:00,8385.0,8385.0,8376.0,8377.0,4072.0,604701.0,604014.0
2026-06-16 22:15:00,8377.0,8378.0,8360.0,8360.0,6824.0,604014.0,602841.0
2026-06-16 22:20:00,8360.0,8362.0,8357.0,8359.0,3867.0,602841.0,602783.0
2026-06-16 22:25:00,8359.0,8365.0,8355.0,8357.0,3409.0,602783.0,602562.0
2026-06-16 22:30:00,8357.0,8359.0,8353.0,8359.0,2536.0,602562.0,602544.0
2026-06-16 22:35:00,8359.0,8364.0,8358.0,8363.0,2312.0,602544.0,602691.0
2026-06-16 22:40:00,8363.0,8363.0,8355.0,8357.0,1947.0,602691.0,602501.0
2026-06-16 22:45:00,8357.0,8361.0,8357.0,8359.0,2139.0,602501.0,602102.0
2026-06-16 22:50:00,8359.0,8362.0,8356.0,8359.0,2649.0,602102.0,602071.0
2026-06-16 22:55:00,8359.0,8363.0,8358.0,8359.0,2085.0,602071.0,601649.0
2026-06-17 09:00:00,8350.0,8377.0,8350.0,8375.0,9087.0,601649.0,601750.0
2026-06-17 09:05:00,8375.0,8378.0,8367.0,8372.0,3601.0,601750.0,602014.0
2026-06-17 09:10:00,8372.0,8383.0,8372.0,8376.0,3830.0,602014.0,602421.0
2026-06-17 09:15:00,8376.0,8378.0,8369.0,8374.0,3754.0,602421.0,602175.0
2026-06-17 09:20:00,8374.0,8376.0,8360.0,8361.0,3738.0,602175.0,601730.0
2026-06-17 09:25:00,8361.0,8367.0,8358.0,8367.0,2670.0,601730.0,601626.0
2026-06-17 09:30:00,8367.0,8369.0,8365.0,8367.0,2059.0,601626.0,601847.0
2026-06-17 09:35:00,8367.0,8374.0,8363.0,8371.0,1665.0,601847.0,602055.0
2026-06-17 09:40:00,8371.0,8385.0,8371.0,8384.0,3556.0,602055.0,602480.0
2026-06-17 09:45:00,8384.0,8395.0,8383.0,8391.0,7495.0,602480.0,602955.0
2026-06-17 09:50:00,8391.0,8394.0,8382.0,8386.0,3504.0,602955.0,602678.0
2026-06-17 09:55:00,8386.0,8390.0,8382.0,8383.0,2087.0,602678.0,602537.0
2026-06-17 10:00:00,8383.0,8384.0,8375.0,8376.0,3018.0,602537.0,602100.0
2026-06-17 10:05:00,8376.0,8380.0,8369.0,8379.0,3231.0,602100.0,601674.0
2026-06-17 10:10:00,8379.0,8381.0,8375.0,8379.0,1607.0,601674.0,601719.0
2026-06-17 10:30:00,8379.0,8392.0,8379.0,8390.0,4771.0,601719.0,601703.0
2026-06-17 10:35:00,8390.0,8391.0,8383.0,8384.0,2724.0,601703.0,601766.0
2026-06-17 10:40:00,8384.0,8394.0,8384.0,8392.0,3338.0,601766.0,602854.0
2026-06-17 10:45:00,8392.0,8396.0,8391.0,8396.0,4265.0,602854.0,603211.0
2026-06-17 10:50:00,8396.0,8410.0,8395.0,8407.0,9461.0,603211.0,602945.0
2026-06-17 10:55:00,8407.0,8408.0,8395.0,8406.0,5600.0,602945.0,602462.0
2026-06-17 11:00:00,8406.0,8410.0,8398.0,8399.0,4402.0,602462.0,601957.0
2026-06-17 11:05:00,8399.0,8402.0,8393.0,8394.0,2913.0,601957.0,601618.0
2026-06-17 11:10:00,8394.0,8399.0,8392.0,8394.0,1969.0,601618.0,601471.0
2026-06-17 11:15:00,8394.0,8396.0,8390.0,8394.0,1833.0,601471.0,600934.0
2026-06-17 11:20:00,8394.0,8397.0,8393.0,8396.0,1185.0,600934.0,600795.0
2026-06-17 11:25:00,8396.0,8397.0,8393.0,8396.0,1740.0,600795.0,600543.0
2026-06-17 13:30:00,8392.0,8398.0,8386.0,8397.0,4282.0,600543.0,600364.0
2026-06-17 13:35:00,8397.0,8407.0,8397.0,8405.0,4136.0,600364.0,600437.0
2026-06-17 13:40:00,8405.0,8409.0,8404.0,8406.0,2329.0,600437.0,600803.0
2026-06-17 13:45:00,8406.0,8412.0,8403.0,8405.0,4905.0,600803.0,600822.0
2026-06-17 13:50:00,8405.0,8408.0,8399.0,8404.0,2739.0,600822.0,600434.0
2026-06-17 13:55:00,8404.0,8410.0,8402.0,8403.0,2756.0,600434.0,600003.0
2026-06-17 14:00:00,8403.0,8407.0,8396.0,8396.0,2482.0,600003.0,600015.0
2026-06-17 14:05:00,8396.0,8402.0,8393.0,8402.0,2560.0,600015.0,600080.0
2026-06-17 14:10:00,8402.0,8408.0,8401.0,8407.0,2482.0,600080.0,600331.0
2026-06-17 14:15:00,8407.0,8409.0,8401.0,8403.0,2485.0,600331.0,600515.0
2026-06-17 14:20:00,8403.0,8406.0,8398.0,8400.0,2767.0,600515.0,600751.0
2026-06-17 14:25:00,8400.0,8400.0,8395.0,8397.0,2144.0,600751.0,600863.0
2026-06-17 14:30:00,8397.0,8398.0,8388.0,8390.0,4302.0,600863.0,600235.0
2026-06-17 14:35:00,8390.0,8396.0,8384.0,8385.0,3616.0,600235.0,600036.0
2026-06-17 14:40:00,8385.0,8387.0,8380.0,8383.0,2971.0,600036.0,600078.0
2026-06-17 14:45:00,8383.0,8388.0,8382.0,8387.0,2446.0,600078.0,599857.0
2026-06-17 14:50:00,8387.0,8387.0,8381.0,8382.0,3154.0,599857.0,599497.0
2026-06-17 14:55:00,8382.0,8388.0,8381.0,8384.0,4313.0,599497.0,598249.0
2026-06-17 21:00:00,8410.0,8415.0,8402.0,8412.0,12345.0,598249.0,597901.0
2026-06-17 21:05:00,8412.0,8413.0,8401.0,8401.0,5734.0,597901.0,597676.0
2026-06-17 21:10:00,8401.0,8405.0,8398.0,8400.0,4429.0,597676.0,597523.0
2026-06-17 21:15:00,8400.0,8403.0,8395.0,8395.0,3708.0,597523.0,597283.0
2026-06-17 21:20:00,8395.0,8398.0,8393.0,8398.0,2495.0,597283.0,597075.0
2026-06-17 21:25:00,8398.0,8404.0,8397.0,8403.0,2579.0,597075.0,597530.0
2026-06-17 21:30:00,8403.0,8407.0,8396.0,8398.0,3942.0,597530.0,597853.0
2026-06-17 21:35:00,8398.0,8398.0,8392.0,8396.0,2371.0,597853.0,598129.0
2026-06-17 21:40:00,8396.0,8398.0,8389.0,8397.0,3029.0,598129.0,598612.0
2026-06-17 21:45:00,8397.0,8403.0,8397.0,8403.0,2374.0,598612.0,598725.0
2026-06-17 21:50:00,8403.0,8403.0,8396.0,8399.0,1847.0,598725.0,598700.0
2026-06-17 21:55:00,8399.0,8401.0,8394.0,8396.0,2208.0,598700.0,598819.0
2026-06-17 22:00:00,8396.0,8401.0,8391.0,8393.0,1890.0,598819.0,598871.0
2026-06-17 22:05:00,8393.0,8395.0,8388.0,8389.0,1956.0,598871.0,598677.0
2026-06-17 22:10:00,8389.0,8398.0,8389.0,8395.0,1873.0,598677.0,598689.0
2026-06-17 22:15:00,8395.0,8396.0,8386.0,8386.0,2081.0,598689.0,598594.0
2026-06-17 22:20:00,8386.0,8387.0,8381.0,8382.0,2406.0,598594.0,598874.0
2026-06-17 22:25:00,8382.0,8387.0,8376.0,8385.0,3773.0,598874.0,598630.0
2026-06-17 22:30:00,8385.0,8394.0,8385.0,8389.0,2530.0,598630.0,598221.0
2026-06-17 22:35:00,8389.0,8396.0,8388.0,8394.0,1942.0,598221.0,598077.0
2026-06-17 22:40:00,8394.0,8396.0,8391.0,8395.0,1187.0,598077.0,598070.0
2026-06-17 22:45:00,8395.0,8406.0,8393.0,8405.0,4481.0,598070.0,598160.0
2026-06-17 22:50:00,8405.0,8408.0,8400.0,8400.0,4134.0,598160.0,598179.0
2026-06-17 22:55:00,8400.0,8402.0,8396.0,8401.0,2816.0,598179.0,597621.0
2026-06-18 09:00:00,8374.0,8383.0,8366.0,8382.0,11137.0,597621.0,596265.0
2026-06-18 09:05:00,8382.0,8384.0,8377.0,8384.0,3470.0,596265.0,596541.0
2026-06-18 09:10:00,8384.0,8387.0,8381.0,8382.0,3094.0,596541.0,596408.0
2026-06-18 09:15:00,8382.0,8386.0,8381.0,8383.0,2618.0,596408.0,596008.0
2026-06-18 09:20:00,8383.0,8385.0,8380.0,8381.0,1904.0,596008.0,595880.0
2026-06-18 09:25:00,8381.0,8381.0,8372.0,8375.0,3416.0,595880.0,595610.0
2026-06-18 09:30:00,8375.0,8381.0,8374.0,8376.0,1885.0,595610.0,595907.0
2026-06-18 09:35:00,8376.0,8381.0,8372.0,8373.0,1327.0,595907.0,595793.0
2026-06-18 09:40:00,8373.0,8375.0,8361.0,8361.0,4330.0,595793.0,595337.0
2026-06-18 09:45:00,8361.0,8368.0,8360.0,8365.0,3490.0,595337.0,595175.0
2026-06-18 09:50:00,8365.0,8373.0,8364.0,8372.0,2068.0,595175.0,594969.0
2026-06-18 09:55:00,8372.0,8375.0,8369.0,8373.0,2202.0,594969.0,594860.0
2026-06-18 10:00:00,8373.0,8374.0,8367.0,8369.0,2822.0,594860.0,594058.0
2026-06-18 10:05:00,8369.0,8373.0,8358.0,8359.0,4642.0,594058.0,593535.0
2026-06-18 10:10:00,8359.0,8364.0,8357.0,8364.0,2783.0,593535.0,593120.0
2026-06-18 10:30:00,8364.0,8366.0,8351.0,8354.0,6002.0,593120.0,591793.0
2026-06-18 10:35:00,8354.0,8365.0,8351.0,8363.0,2965.0,591793.0,591523.0
2026-06-18 10:40:00,8363.0,8365.0,8358.0,8359.0,1891.0,591523.0,591145.0
2026-06-18 10:45:00,8359.0,8370.0,8359.0,8367.0,1963.0,591145.0,590642.0
2026-06-18 10:50:00,8367.0,8369.0,8350.0,8351.0,3898.0,590642.0,590918.0
2026-06-18 10:55:00,8351.0,8354.0,8343.0,8345.0,5501.0,590918.0,591216.0
2026-06-18 11:00:00,8345.0,8353.0,8344.0,8353.0,2427.0,591216.0,591081.0
2026-06-18 11:05:00,8353.0,8359.0,8350.0,8358.0,2310.0,591081.0,591243.0
2026-06-18 11:10:00,8358.0,8358.0,8338.0,8339.0,4436.0,591243.0,591074.0
2026-06-18 11:15:00,8339.0,8343.0,8334.0,8335.0,4227.0,591074.0,590923.0
2026-06-18 11:20:00,8335.0,8340.0,8333.0,8340.0,3410.0,590923.0,591250.0
2026-06-18 11:25:00,8340.0,8345.0,8337.0,8339.0,3131.0,591250.0,590850.0
2026-06-18 13:30:00,8335.0,8344.0,8332.0,8340.0,3643.0,590850.0,590409.0
2026-06-18 13:35:00,8340.0,8342.0,8336.0,8339.0,1698.0,590409.0,590456.0
2026-06-18 13:40:00,8339.0,8342.0,8336.0,8339.0,1827.0,590456.0,590022.0
2026-06-18 13:45:00,8339.0,8341.0,8331.0,8333.0,3227.0,590022.0,589492.0
2026-06-18 13:50:00,8333.0,8337.0,8331.0,8336.0,2942.0,589492.0,589076.0
2026-06-18 13:55:00,8336.0,8339.0,8333.0,8338.0,2287.0,589076.0,589024.0
2026-06-18 14:00:00,8338.0,8338.0,8332.0,8333.0,1800.0,589024.0,588760.0
2026-06-18 14:05:00,8333.0,8334.0,8323.0,8325.0,4542.0,588760.0,588271.0
2026-06-18 14:10:00,8325.0,8329.0,8321.0,8328.0,3030.0,588271.0,588331.0
2026-06-18 14:15:00,8328.0,8335.0,8327.0,8333.0,2952.0,588331.0,588302.0
2026-06-18 14:20:00,8333.0,8334.0,8331.0,8332.0,1485.0,588302.0,588257.0
2026-06-18 14:25:00,8332.0,8334.0,8329.0,8330.0,1926.0,588257.0,588487.0
2026-06-18 14:30:00,8330.0,8339.0,8330.0,8338.0,2664.0,588487.0,588861.0
2026-06-18 14:35:00,8338.0,8345.0,8335.0,8343.0,3927.0,588861.0,588870.0
2026-06-18 14:40:00,8343.0,8354.0,8343.0,8353.0,4562.0,588870.0,589161.0
2026-06-18 14:45:00,8353.0,8360.0,8352.0,8352.0,4674.0,589161.0,589001.0
2026-06-18 14:50:00,8352.0,8353.0,8346.0,8349.0,3598.0,589001.0,588953.0
2026-06-18 14:55:00,8349.0,8355.0,8348.0,8353.0,4853.0,588953.0,587653.0
2026-06-22 09:00:00,8371.0,8410.0,8371.0,8408.0,27347.0,587653.0,589317.0
2026-06-22 09:05:00,8408.0,8409.0,8391.0,8393.0,9616.0,589317.0,589154.0
2026-06-22 09:10:00,8393.0,8399.0,8388.0,8398.0,6105.0,589154.0,589524.0
2026-06-22 09:15:00,8398.0,8399.0,8392.0,8395.0,4771.0,589524.0,589973.0
2026-06-22 09:20:00,8395.0,8398.0,8390.0,8392.0,3153.0,589973.0,590313.0
2026-06-22 09:25:00,8392.0,8395.0,8377.0,8379.0,4984.0,590313.0,589682.0
2026-06-22 09:30:00,8379.0,8387.0,8375.0,8380.0,4486.0,589682.0,588824.0
2026-06-22 09:35:00,8380.0,8382.0,8367.0,8371.0,3209.0,588824.0,588846.0
2026-06-22 09:40:00,8371.0,8374.0,8365.0,8366.0,2158.0,588846.0,588888.0
2026-06-22 09:45:00,8366.0,8375.0,8364.0,8367.0,2253.0,588888.0,588748.0
2026-06-22 09:50:00,8367.0,8368.0,8361.0,8364.0,1561.0,588748.0,588728.0
2026-06-22 09:55:00,8364.0,8371.0,8360.0,8368.0,2562.0,588728.0,588898.0
2026-06-22 10:00:00,8368.0,8376.0,8364.0,8374.0,2762.0,588898.0,588936.0
2026-06-22 10:05:00,8374.0,8374.0,8365.0,8366.0,2102.0,588936.0,589107.0
2026-06-22 10:10:00,8366.0,8366.0,8360.0,8362.0,2166.0,589107.0,589420.0
2026-06-22 10:30:00,8361.0,8370.0,8354.0,8363.0,4278.0,589420.0,589632.0
2026-06-22 10:35:00,8363.0,8370.0,8360.0,8367.0,2663.0,589632.0,589946.0
2026-06-22 10:40:00,8367.0,8375.0,8364.0,8367.0,2891.0,589946.0,590227.0
2026-06-22 10:45:00,8367.0,8379.0,8360.0,8376.0,3365.0,590227.0,589916.0
2026-06-22 10:50:00,8376.0,8379.0,8372.0,8372.0,2619.0,589916.0,589831.0
2026-06-22 10:55:00,8372.0,8377.0,8364.0,8364.0,2798.0,589831.0,590266.0
2026-06-22 11:00:00,8364.0,8372.0,8364.0,8369.0,1834.0,590266.0,590273.0
2026-06-22 11:05:00,8369.0,8372.0,8362.0,8366.0,2084.0,590273.0,589860.0
2026-06-22 11:10:00,8366.0,8370.0,8359.0,8370.0,1867.0,589860.0,590040.0
2026-06-22 11:15:00,8370.0,8372.0,8361.0,8364.0,1828.0,590040.0,590165.0
2026-06-22 11:20:00,8364.0,8369.0,8362.0,8365.0,1354.0,590165.0,590142.0
2026-06-22 11:25:00,8365.0,8375.0,8364.0,8370.0,2196.0,590142.0,589743.0
2026-06-22 13:30:00,8361.0,8367.0,8341.0,8366.0,10417.0,589743.0,589833.0
2026-06-22 13:35:00,8366.0,8376.0,8365.0,8373.0,4194.0,589833.0,590286.0
2026-06-22 13:40:00,8373.0,8381.0,8373.0,8377.0,3402.0,590286.0,590548.0
2026-06-22 13:45:00,8377.0,8382.0,8374.0,8378.0,2449.0,590548.0,590669.0
2026-06-22 13:50:00,8378.0,8380.0,8370.0,8373.0,2085.0,590669.0,590799.0
2026-06-22 13:55:00,8373.0,8375.0,8364.0,8370.0,2568.0,590799.0,591301.0
2026-06-22 14:00:00,8370.0,8372.0,8364.0,8367.0,2645.0,591301.0,591799.0
2026-06-22 14:05:00,8367.0,8378.0,8367.0,8375.0,2576.0,591799.0,591734.0
2026-06-22 14:10:00,8375.0,8379.0,8374.0,8375.0,1944.0,591734.0,592090.0
2026-06-22 14:15:00,8375.0,8377.0,8361.0,8362.0,2810.0,592090.0,592213.0
2026-06-22 14:20:00,8362.0,8363.0,8355.0,8357.0,3466.0,592213.0,592880.0
2026-06-22 14:25:00,8357.0,8369.0,8357.0,8367.0,1771.0,592880.0,593014.0
2026-06-22 14:30:00,8367.0,8368.0,8358.0,8359.0,2124.0,593014.0,593273.0
2026-06-22 14:35:00,8359.0,8368.0,8358.0,8366.0,1838.0,593273.0,593295.0
2026-06-22 14:40:00,8366.0,8368.0,8360.0,8360.0,1769.0,593295.0,593752.0
2026-06-22 14:45:00,8360.0,8370.0,8360.0,8368.0,2068.0,593752.0,593591.0
2026-06-22 14:50:00,8368.0,8371.0,8361.0,8362.0,4211.0,593591.0,593205.0
2026-06-22 14:55:00,8362.0,8367.0,8361.0,8363.0,2774.0,593205.0,592477.0
2026-06-22 21:00:00,8320.0,8353.0,8320.0,8348.0,16392.0,592477.0,592376.0
2026-06-22 21:05:00,8348.0,8351.0,8344.0,8349.0,4127.0,592376.0,592668.0
2026-06-22 21:10:00,8349.0,8360.0,8346.0,8356.0,4422.0,592668.0,592741.0
2026-06-22 21:15:00,8356.0,8358.0,8349.0,8353.0,2764.0,592741.0,592482.0
2026-06-22 21:20:00,8353.0,8355.0,8346.0,8347.0,1911.0,592482.0,592570.0
2026-06-22 21:25:00,8347.0,8349.0,8345.0,8347.0,1738.0,592570.0,592612.0
2026-06-22 21:30:00,8347.0,8352.0,8341.0,8350.0,4205.0,592612.0,593059.0
2026-06-22 21:35:00,8350.0,8351.0,8338.0,8339.0,3708.0,593059.0,593756.0
2026-06-22 21:40:00,8339.0,8343.0,8336.0,8338.0,2792.0,593756.0,594043.0
2026-06-22 21:45:00,8338.0,8339.0,8330.0,8331.0,3803.0,594043.0,594523.0
2026-06-22 21:50:00,8331.0,8347.0,8330.0,8344.0,3212.0,594523.0,594378.0
2026-06-22 21:55:00,8344.0,8353.0,8343.0,8352.0,2867.0,594378.0,594034.0
2026-06-22 22:00:00,8352.0,8352.0,8341.0,8346.0,2101.0,594034.0,593924.0
2026-06-22 22:05:00,8346.0,8352.0,8345.0,8346.0,1730.0,593924.0,593800.0
2026-06-22 22:10:00,8346.0,8358.0,8345.0,8357.0,2647.0,593800.0,593486.0
2026-06-22 22:15:00,8357.0,8359.0,8352.0,8358.0,1770.0,593486.0,593358.0
2026-06-22 22:20:00,8358.0,8365.0,8356.0,8361.0,3083.0,593358.0,593098.0
2026-06-22 22:25:00,8361.0,8372.0,8358.0,8360.0,4200.0,593098.0,593086.0
2026-06-22 22:30:00,8360.0,8373.0,8359.0,8367.0,2531.0,593086.0,592906.0
2026-06-22 22:35:00,8367.0,8368.0,8362.0,8363.0,1343.0,592906.0,592744.0
2026-06-22 22:40:00,8363.0,8366.0,8360.0,8361.0,1121.0,592744.0,592506.0
2026-06-22 22:45:00,8361.0,8365.0,8359.0,8363.0,1371.0,592506.0,592472.0
2026-06-22 22:50:00,8363.0,8364.0,8358.0,8359.0,1476.0,592472.0,592096.0
2026-06-22 22:55:00,8359.0,8361.0,8355.0,8355.0,2496.0,592096.0,591285.0
2026-06-23 09:00:00,8365.0,8367.0,8357.0,8359.0,5546.0,591285.0,591227.0
2026-06-23 09:05:00,8359.0,8363.0,8353.0,8361.0,3460.0,591227.0,590964.0
2026-06-23 09:10:00,8361.0,8364.0,8356.0,8364.0,2226.0,590964.0,590850.0
2026-06-23 09:15:00,8364.0,8370.0,8362.0,8367.0,2303.0,590850.0,590546.0
2026-06-23 09:20:00,8367.0,8376.0,8365.0,8374.0,3650.0,590546.0,590825.0
2026-06-23 09:25:00,8374.0,8392.0,8374.0,8392.0,7048.0,590825.0,591090.0
2026-06-23 09:30:00,8392.0,8400.0,8390.0,8391.0,9384.0,591090.0,591569.0
2026-06-23 09:35:00,8391.0,8394.0,8384.0,8388.0,4342.0,591569.0,591326.0
2026-06-23 09:40:00,8388.0,8389.0,8382.0,8387.0,2925.0,591326.0,591288.0
2026-06-23 09:45:00,8387.0,8387.0,8381.0,8382.0,2528.0,591288.0,591336.0
2026-06-23 09:50:00,8382.0,8394.0,8380.0,8388.0,3477.0,591336.0,591180.0
2026-06-23 09:55:00,8388.0,8394.0,8385.0,8389.0,2204.0,591180.0,591286.0
2026-06-23 10:00:00,8389.0,8395.0,8388.0,8394.0,3153.0,591286.0,592020.0
2026-06-23 10:05:00,8394.0,8397.0,8390.0,8392.0,3702.0,592020.0,592214.0
2026-06-23 10:10:00,8392.0,8395.0,8391.0,8394.0,2364.0,592214.0,592055.0
2026-06-23 10:30:00,8393.0,8400.0,8387.0,8395.0,5797.0,592055.0,592858.0
2026-06-23 10:35:00,8395.0,8397.0,8389.0,8392.0,2862.0,592858.0,593243.0
2026-06-23 10:40:00,8392.0,8399.0,8392.0,8395.0,2325.0,593243.0,593238.0
2026-06-23 10:45:00,8395.0,8405.0,8393.0,8403.0,5586.0,593238.0,593849.0
2026-06-23 10:50:00,8403.0,8408.0,8402.0,8403.0,4834.0,593849.0,594597.0
2026-06-23 10:55:00,8403.0,8406.0,8396.0,8397.0,3018.0,594597.0,594408.0
2026-06-23 11:00:00,8397.0,8397.0,8372.0,8377.0,7939.0,594408.0,593342.0
2026-06-23 11:05:00,8377.0,8379.0,8356.0,8362.0,10223.0,593342.0,592838.0
2026-06-23 11:10:00,8362.0,8369.0,8360.0,8364.0,4225.0,592838.0,593372.0
2026-06-23 11:15:00,8364.0,8370.0,8362.0,8365.0,3601.0,593372.0,593618.0
2026-06-23 11:20:00,8365.0,8379.0,8364.0,8373.0,3152.0,593618.0,593638.0
2026-06-23 11:25:00,8373.0,8378.0,8372.0,8373.0,2262.0,593638.0,593638.0
2026-06-23 13:30:00,8352.0,8358.0,8346.0,8354.0,11203.0,593638.0,593941.0
2026-06-23 13:35:00,8354.0,8356.0,8341.0,8347.0,6294.0,593941.0,594088.0
2026-06-23 13:40:00,8347.0,8351.0,8338.0,8350.0,6559.0,594088.0,593339.0
2026-06-23 13:45:00,8350.0,8353.0,8346.0,8351.0,2986.0,593339.0,593348.0
2026-06-23 13:50:00,8351.0,8354.0,8347.0,8352.0,2384.0,593348.0,593294.0
2026-06-23 13:55:00,8352.0,8356.0,8350.0,8354.0,2050.0,593294.0,593399.0
2026-06-23 14:00:00,8354.0,8356.0,8344.0,8345.0,2804.0,593399.0,593601.0
2026-06-23 14:05:00,8345.0,8348.0,8341.0,8342.0,3160.0,593601.0,593521.0
2026-06-23 14:10:00,8342.0,8343.0,8338.0,8338.0,4579.0,593521.0,593114.0
2026-06-23 14:15:00,8338.0,8344.0,8336.0,8338.0,3757.0,593114.0,592761.0
2026-06-23 14:20:00,8338.0,8343.0,8336.0,8341.0,2275.0,592761.0,593027.0
2026-06-23 14:25:00,8341.0,8341.0,8332.0,8333.0,3659.0,593027.0,593630.0
2026-06-23 14:30:00,8333.0,8341.0,8332.0,8338.0,3348.0,593630.0,593413.0
2026-06-23 14:35:00,8338.0,8350.0,8335.0,8344.0,4645.0,593413.0,592572.0
2026-06-23 14:40:00,8344.0,8349.0,8342.0,8346.0,2074.0,592572.0,592540.0
2026-06-23 14:45:00,8346.0,8354.0,8343.0,8354.0,2843.0,592540.0,592846.0
2026-06-23 14:50:00,8354.0,8359.0,8349.0,8350.0,4376.0,592846.0,593481.0
2026-06-23 14:55:00,8350.0,8354.0,8348.0,8353.0,4893.0,593481.0,592722.0
2026-06-23 21:00:00,8356.0,8367.0,8354.0,8364.0,12861.0,592722.0,592128.0
2026-06-23 21:05:00,8364.0,8369.0,8361.0,8362.0,5519.0,592128.0,591943.0
2026-06-23 21:10:00,8362.0,8363.0,8351.0,8351.0,4752.0,591943.0,592255.0
2026-06-23 21:15:00,8351.0,8354.0,8347.0,8352.0,4594.0,592255.0,592652.0
2026-06-23 21:20:00,8352.0,8354.0,8344.0,8352.0,3411.0,592652.0,592606.0
2026-06-23 21:25:00,8352.0,8357.0,8349.0,8350.0,2727.0,592606.0,592710.0
2026-06-23 21:30:00,8350.0,8358.0,8349.0,8356.0,2340.0,592710.0,592985.0
2026-06-23 21:35:00,8356.0,8361.0,8354.0,8357.0,2489.0,592985.0,593065.0
2026-06-23 21:40:00,8357.0,8372.0,8357.0,8365.0,3435.0,593065.0,593358.0
2026-06-23 21:45:00,8365.0,8367.0,8357.0,8360.0,2060.0,593358.0,593568.0
2026-06-23 21:50:00,8360.0,8370.0,8357.0,8369.0,1958.0,593568.0,593307.0
2026-06-23 21:55:00,8369.0,8370.0,8363.0,8366.0,2255.0,593307.0,593821.0
2026-06-23 22:00:00,8366.0,8368.0,8361.0,8362.0,2017.0,593821.0,593873.0
2026-06-23 22:05:00,8362.0,8366.0,8357.0,8361.0,1597.0,593873.0,593595.0
2026-06-23 22:10:00,8361.0,8365.0,8359.0,8364.0,1268.0,593595.0,593641.0
2026-06-23 22:15:00,8364.0,8369.0,8363.0,8367.0,1615.0,593641.0,593409.0
2026-06-23 22:20:00,8367.0,8368.0,8361.0,8361.0,1080.0,593409.0,593576.0
2026-06-23 22:25:00,8361.0,8366.0,8361.0,8364.0,918.0,593576.0,593628.0
2026-06-23 22:30:00,8364.0,8370.0,8364.0,8365.0,1740.0,593628.0,593750.0
2026-06-23 22:35:00,8365.0,8375.0,8364.0,8375.0,3202.0,593750.0,593472.0
2026-06-23 22:40:00,8375.0,8376.0,8369.0,8372.0,2654.0,593472.0,593062.0
2026-06-23 22:45:00,8372.0,8378.0,8371.0,8373.0,1696.0,593062.0,592864.0
2026-06-23 22:50:00,8373.0,8374.0,8367.0,8368.0,1815.0,592864.0,592350.0
2026-06-23 22:55:00,8368.0,8370.0,8366.0,8368.0,1767.0,592350.0,591766.0
2026-06-24 09:00:00,8369.0,8376.0,8362.0,8364.0,6370.0,591766.0,592225.0
2026-06-24 09:05:00,8364.0,8369.0,8360.0,8368.0,2753.0,592225.0,591970.0
2026-06-24 09:10:00,8368.0,8390.0,8367.0,8388.0,8295.0,591970.0,592901.0
2026-06-24 09:15:00,8388.0,8399.0,8385.0,8397.0,9291.0,592901.0,594733.0
2026-06-24 09:20:00,8397.0,8400.0,8392.0,8400.0,4661.0,594733.0,594991.0
2026-06-24 09:25:00,8400.0,8403.0,8392.0,8399.0,7442.0,594991.0,596183.0
2026-06-24 09:30:00,8399.0,8400.0,8393.0,8398.0,3423.0,596183.0,596284.0
2026-06-24 09:35:00,8398.0,8404.0,8396.0,8396.0,5096.0,596284.0,596066.0
2026-06-24 09:40:00,8396.0,8398.0,8393.0,8395.0,2236.0,596066.0,595772.0
2026-06-24 09:45:00,8395.0,8396.0,8388.0,8391.0,2628.0,595772.0,595472.0
2026-06-24 09:50:00,8391.0,8396.0,8389.0,8390.0,1853.0,595472.0,595330.0
2026-06-24 09:55:00,8390.0,8397.0,8389.0,8392.0,1691.0,595330.0,595385.0
2026-06-24 10:00:00,8392.0,8398.0,8388.0,8397.0,2319.0,595385.0,595897.0
2026-06-24 10:05:00,8397.0,8400.0,8393.0,8397.0,3520.0,595897.0,595906.0
2026-06-24 10:10:00,8397.0,8399.0,8395.0,8397.0,2245.0,595906.0,595899.0
2026-06-24 10:30:00,8396.0,8403.0,8393.0,8394.0,6587.0,595899.0,595650.0
2026-06-24 10:35:00,8394.0,8397.0,8392.0,8395.0,2112.0,595650.0,595779.0
2026-06-24 10:40:00,8395.0,8402.0,8395.0,8401.0,3237.0,595779.0,596475.0
2026-06-24 10:45:00,8401.0,8407.0,8388.0,8391.0,8156.0,596475.0,595878.0
2026-06-24 10:50:00,8391.0,8393.0,8384.0,8386.0,2928.0,595878.0,595465.0
2026-06-24 10:55:00,8386.0,8393.0,8385.0,8389.0,1973.0,595465.0,595573.0
2026-06-24 11:00:00,8389.0,8394.0,8387.0,8394.0,2235.0,595573.0,595643.0
2026-06-24 11:05:00,8394.0,8395.0,8390.0,8392.0,2012.0,595643.0,595437.0
2026-06-24 11:10:00,8392.0,8393.0,8386.0,8390.0,2251.0,595437.0,595017.0
2026-06-24 11:15:00,8390.0,8390.0,8383.0,8386.0,2115.0,595017.0,594730.0
2026-06-24 11:20:00,8386.0,8387.0,8378.0,8382.0,3090.0,594730.0,594268.0
2026-06-24 11:25:00,8382.0,8388.0,8382.0,8385.0,1384.0,594268.0,594121.0
2026-06-24 13:30:00,8394.0,8399.0,8391.0,8393.0,3926.0,594121.0,594235.0
2026-06-24 13:35:00,8393.0,8396.0,8389.0,8396.0,1983.0,594235.0,594432.0
2026-06-24 13:40:00,8396.0,8397.0,8388.0,8390.0,2141.0,594432.0,594537.0
2026-06-24 13:45:00,8390.0,8391.0,8385.0,8388.0,1967.0,594537.0,594288.0
2026-06-24 13:50:00,8388.0,8388.0,8379.0,8382.0,2724.0,594288.0,594129.0
2026-06-24 13:55:00,8382.0,8387.0,8382.0,8386.0,1073.0,594129.0,594167.0
2026-06-24 14:00:00,8386.0,8398.0,8386.0,8397.0,4318.0,594167.0,594047.0
2026-06-24 14:05:00,8397.0,8408.0,8394.0,8398.0,8568.0,594047.0,594534.0
2026-06-24 14:10:00,8398.0,8402.0,8393.0,8398.0,3503.0,594534.0,594402.0
2026-06-24 14:15:00,8398.0,8400.0,8393.0,8399.0,1766.0,594402.0,594283.0
2026-06-24 14:20:00,8399.0,8402.0,8394.0,8395.0,2425.0,594283.0,594643.0
2026-06-24 14:25:00,8395.0,8398.0,8389.0,8391.0,3946.0,594643.0,594170.0
2026-06-24 14:30:00,8391.0,8392.0,8383.0,8385.0,2687.0,594170.0,593672.0
2026-06-24 14:35:00,8385.0,8393.0,8383.0,8393.0,1724.0,593672.0,593600.0
2026-06-24 14:40:00,8393.0,8395.0,8388.0,8389.0,2246.0,593600.0,594218.0
2026-06-24 14:45:00,8389.0,8392.0,8386.0,8388.0,2671.0,594218.0,593693.0
2026-06-24 14:50:00,8388.0,8392.0,8386.0,8392.0,3062.0,593693.0,593124.0
2026-06-24 14:55:00,8392.0,8396.0,8390.0,8393.0,3597.0,593124.0,592242.0
2026-06-24 21:00:00,8375.0,8387.0,8368.0,8373.0,21622.0,592242.0,591594.0
2026-06-24 21:05:00,8373.0,8374.0,8364.0,8368.0,8856.0,591594.0,591445.0
2026-06-24 21:10:00,8368.0,8368.0,8353.0,8355.0,10342.0,591445.0,591896.0
2026-06-24 21:15:00,8355.0,8360.0,8352.0,8356.0,4793.0,591896.0,591645.0
2026-06-24 21:20:00,8356.0,8359.0,8344.0,8347.0,6878.0,591645.0,591186.0
2026-06-24 21:25:00,8347.0,8347.0,8335.0,8336.0,9996.0,591186.0,590341.0
2026-06-24 21:30:00,8336.0,8342.0,8326.0,8334.0,12931.0,590341.0,590784.0
2026-06-24 21:35:00,8334.0,8345.0,8333.0,8340.0,8111.0,590784.0,589319.0
2026-06-24 21:40:00,8340.0,8346.0,8335.0,8337.0,6300.0,589319.0,588384.0
2026-06-24 21:45:00,8337.0,8347.0,8336.0,8345.0,5037.0,588384.0,588580.0
2026-06-24 21:50:00,8345.0,8356.0,8344.0,8354.0,6159.0,588580.0,587975.0
2026-06-24 21:55:00,8354.0,8354.0,8339.0,8341.0,3929.0,587975.0,588018.0
2026-06-24 22:00:00,8341.0,8345.0,8339.0,8342.0,2627.0,588018.0,587952.0
2026-06-24 22:05:00,8342.0,8352.0,8342.0,8349.0,3041.0,587952.0,587597.0
2026-06-24 22:10:00,8349.0,8353.0,8346.0,8351.0,2186.0,587597.0,587518.0
2026-06-24 22:15:00,8351.0,8360.0,8349.0,8359.0,4345.0,587518.0,586591.0
2026-06-24 22:20:00,8359.0,8376.0,8358.0,8375.0,7291.0,586591.0,585861.0
2026-06-24 22:25:00,8375.0,8386.0,8371.0,8383.0,9430.0,585861.0,585900.0
2026-06-24 22:30:00,8383.0,8422.0,8378.0,8409.0,18556.0,585900.0,586652.0
2026-06-24 22:35:00,8409.0,8415.0,8388.0,8388.0,11210.0,586652.0,585795.0
2026-06-24 22:40:00,8388.0,8389.0,8380.0,8383.0,5376.0,585795.0,585682.0
2026-06-24 22:45:00,8383.0,8387.0,8377.0,8381.0,3963.0,585682.0,585641.0
2026-06-24 22:50:00,8381.0,8386.0,8376.0,8386.0,4434.0,585641.0,585595.0
2026-06-24 22:55:00,8386.0,8387.0,8380.0,8381.0,3427.0,585595.0,585074.0
2026-06-25 09:00:00,8360.0,8360.0,8316.0,8320.0,33037.0,585074.0,586942.0
2026-06-25 09:05:00,8320.0,8322.0,8308.0,8318.0,19927.0,586942.0,585807.0
2026-06-25 09:10:00,8318.0,8324.0,8308.0,8308.0,13040.0,585807.0,586092.0
2026-06-25 09:15:00,8308.0,8322.0,8302.0,8317.0,17133.0,586092.0,583926.0
2026-06-25 09:20:00,8317.0,8326.0,8315.0,8323.0,6692.0,583926.0,583159.0
2026-06-25 09:25:00,8323.0,8335.0,8320.0,8329.0,7264.0,583159.0,582927.0
2026-06-25 09:30:00,8329.0,8332.0,8316.0,8320.0,5372.0,582927.0,582613.0
2026-06-25 09:35:00,8320.0,8323.0,8315.0,8323.0,3821.0,582613.0,582149.0
2026-06-25 09:40:00,8323.0,8327.0,8315.0,8315.0,4562.0,582149.0,581144.0
2026-06-25 09:45:00,8315.0,8316.0,8309.0,8313.0,7993.0,581144.0,580609.0
2026-06-25 09:50:00,8313.0,8317.0,8308.0,8310.0,4720.0,580609.0,580296.0
2026-06-25 09:55:00,8310.0,8325.0,8308.0,8323.0,4369.0,580296.0,580221.0
2026-06-25 10:00:00,8323.0,8325.0,8310.0,8311.0,4011.0,580221.0,580328.0
2026-06-25 10:05:00,8311.0,8316.0,8306.0,8311.0,4947.0,580328.0,580641.0
2026-06-25 10:10:00,8311.0,8317.0,8306.0,8316.0,3461.0,580641.0,580609.0
2026-06-25 10:30:00,8316.0,8328.0,8315.0,8327.0,7153.0,580609.0,579788.0
2026-06-25 10:35:00,8327.0,8335.0,8321.0,8334.0,4534.0,579788.0,579341.0
2026-06-25 10:40:00,8334.0,8336.0,8324.0,8331.0,4029.0,579341.0,579607.0
2026-06-25 10:45:00,8331.0,8340.0,8330.0,8334.0,3688.0,579607.0,579526.0
2026-06-25 10:50:00,8334.0,8339.0,8330.0,8336.0,2500.0,579526.0,579561.0
2026-06-25 10:55:00,8336.0,8343.0,8333.0,8343.0,3356.0,579561.0,579855.0
2026-06-25 11:00:00,8343.0,8349.0,8340.0,8342.0,4320.0,579855.0,579921.0
2026-06-25 11:05:00,8342.0,8347.0,8339.0,8345.0,3099.0,579921.0,579903.0
2026-06-25 11:10:00,8345.0,8349.0,8344.0,8349.0,3036.0,579903.0,579660.0
2026-06-25 11:15:00,8349.0,8351.0,8343.0,8347.0,4109.0,579660.0,580138.0
2026-06-25 11:20:00,8347.0,8357.0,8342.0,8352.0,4240.0,580138.0,580061.0
2026-06-25 11:25:00,8352.0,8354.0,8344.0,8346.0,3348.0,580061.0,579697.0
2026-06-25 13:30:00,8344.0,8355.0,8341.0,8352.0,5178.0,579697.0,579061.0
2026-06-25 13:35:00,8352.0,8360.0,8349.0,8354.0,3873.0,579061.0,577668.0
2026-06-25 13:40:00,8354.0,8356.0,8347.0,8350.0,2834.0,577668.0,577967.0
2026-06-25 13:45:00,8350.0,8351.0,8347.0,8347.0,2018.0,577967.0,577893.0
2026-06-25 13:50:00,8347.0,8349.0,8345.0,8348.0,1786.0,577893.0,577904.0
2026-06-25 13:55:00,8348.0,8352.0,8345.0,8349.0,1929.0,577904.0,577901.0
2026-06-25 14:00:00,8349.0,8353.0,8346.0,8347.0,1783.0,577901.0,578299.0
2026-06-25 14:05:00,8347.0,8352.0,8343.0,8352.0,2937.0,578299.0,578073.0
2026-06-25 14:10:00,8352.0,8353.0,8347.0,8353.0,1555.0,578073.0,577856.0
2026-06-25 14:15:00,8353.0,8353.0,8343.0,8344.0,1524.0,577856.0,577771.0
2026-06-25 14:20:00,8344.0,8351.0,8343.0,8351.0,1848.0,577771.0,577763.0
2026-06-25 14:25:00,8351.0,8354.0,8346.0,8350.0,3676.0,577763.0,577014.0
2026-06-25 14:30:00,8350.0,8354.0,8347.0,8350.0,2580.0,577014.0,577013.0
2026-06-25 14:35:00,8350.0,8355.0,8345.0,8352.0,3598.0,577013.0,577572.0
2026-06-25 14:40:00,8352.0,8353.0,8345.0,8347.0,3865.0,577572.0,577168.0
2026-06-25 14:45:00,8347.0,8350.0,8344.0,8344.0,2859.0,577168.0,576898.0
2026-06-25 14:50:00,8344.0,8351.0,8341.0,8349.0,5058.0,576898.0,575972.0
2026-06-25 14:55:00,8349.0,8352.0,8347.0,8351.0,5657.0,575972.0,574660.0
2026-06-25 21:00:00,8336.0,8369.0,8334.0,8366.0,19712.0,574660.0,574271.0
2026-06-25 21:05:00,8366.0,8378.0,8364.0,8369.0,9749.0,574271.0,574832.0
2026-06-25 21:10:00,8369.0,8375.0,8366.0,8369.0,6234.0,574832.0,574920.0
2026-06-25 21:15:00,8369.0,8378.0,8368.0,8372.0,5109.0,574920.0,575641.0
2026-06-25 21:20:00,8372.0,8377.0,8369.0,8370.0,3569.0,575641.0,575736.0
2026-06-25 21:25:00,8370.0,8382.0,8370.0,8377.0,4477.0,575736.0,576093.0
2026-06-25 21:30:00,8377.0,8384.0,8367.0,8368.0,5445.0,576093.0,576209.0
2026-06-25 21:35:00,8368.0,8378.0,8367.0,8377.0,3705.0,576209.0,576556.0
2026-06-25 21:40:00,8377.0,8383.0,8374.0,8383.0,4068.0,576556.0,576992.0
2026-06-25 21:45:00,8383.0,8386.0,8374.0,8378.0,3999.0,576992.0,576877.0
2026-06-25 21:50:00,8378.0,8386.0,8377.0,8386.0,2488.0,576877.0,576808.0
2026-06-25 21:55:00,8386.0,8396.0,8383.0,8395.0,5332.0,576808.0,577690.0
2026-06-25 22:00:00,8395.0,8399.0,8387.0,8399.0,6276.0,577690.0,577132.0
2026-06-25 22:05:00,8399.0,8403.0,8395.0,8403.0,8802.0,577132.0,578867.0
2026-06-25 22:10:00,8403.0,8416.0,8402.0,8406.0,15871.0,578867.0,579207.0
2026-06-25 22:15:00,8406.0,8408.0,8399.0,8400.0,6444.0,579207.0,577724.0
2026-06-25 22:20:00,8400.0,8414.0,8399.0,8413.0,5394.0,577724.0,577349.0
2026-06-25 22:25:00,8413.0,8418.0,8409.0,8412.0,6353.0,577349.0,577122.0
2026-06-25 22:30:00,8412.0,8426.0,8410.0,8424.0,10845.0,577122.0,577045.0
2026-06-25 22:35:00,8424.0,8430.0,8421.0,8429.0,9529.0,577045.0,577025.0
2026-06-25 22:40:00,8429.0,8430.0,8421.0,8430.0,4251.0,577025.0,577225.0
2026-06-25 22:45:00,8430.0,8440.0,8429.0,8435.0,11409.0,577225.0,577370.0
2026-06-25 22:50:00,8435.0,8436.0,8425.0,8426.0,6531.0,577370.0,576824.0
2026-06-25 22:55:00,8426.0,8429.0,8422.0,8427.0,5983.0,576824.0,575484.0
2026-06-26 09:00:00,8438.0,8456.0,8431.0,8431.0,24164.0,575484.0,575051.0
2026-06-26 09:05:00,8431.0,8437.0,8429.0,8433.0,6662.0,575051.0,574887.0
2026-06-26 09:10:00,8433.0,8433.0,8423.0,8425.0,4642.0,574887.0,573846.0
2026-06-26 09:15:00,8425.0,8432.0,8424.0,8428.0,4189.0,573846.0,573437.0
2026-06-26 09:20:00,8428.0,8429.0,8419.0,8419.0,3726.0,573437.0,572866.0
2026-06-26 09:25:00,8419.0,8429.0,8419.0,8424.0,2573.0,572866.0,572631.0
2026-06-26 09:30:00,8424.0,8426.0,8420.0,8422.0,3333.0,572631.0,572270.0
2026-06-26 09:35:00,8422.0,8429.0,8422.0,8427.0,2334.0,572270.0,572028.0
2026-06-26 09:40:00,8427.0,8433.0,8425.0,8427.0,3898.0,572028.0,573126.0
2026-06-26 09:45:00,8427.0,8432.0,8424.0,8430.0,1764.0,573126.0,572716.0
2026-06-26 09:50:00,8430.0,8433.0,8428.0,8429.0,1795.0,572716.0,572430.0
2026-06-26 09:55:00,8429.0,8432.0,8424.0,8426.0,2403.0,572430.0,572270.0
2026-06-26 10:00:00,8426.0,8434.0,8423.0,8432.0,3387.0,572270.0,573054.0
2026-06-26 10:05:00,8432.0,8436.0,8429.0,8433.0,2375.0,573054.0,572776.0
2026-06-26 10:10:00,8433.0,8434.0,8427.0,8429.0,1828.0,572776.0,572423.0
2026-06-26 10:30:00,8425.0,8425.0,8416.0,8417.0,5577.0,572423.0,571601.0
2026-06-26 10:35:00,8417.0,8420.0,8412.0,8414.0,2900.0,571601.0,571244.0
2026-06-26 10:40:00,8414.0,8422.0,8413.0,8419.0,2070.0,571244.0,571239.0
2026-06-26 10:45:00,8419.0,8420.0,8408.0,8412.0,3060.0,571239.0,571106.0
2026-06-26 10:50:00,8412.0,8415.0,8410.0,8412.0,3097.0,571106.0,570835.0
2026-06-26 10:55:00,8412.0,8413.0,8408.0,8409.0,2364.0,570835.0,570462.0
2026-06-26 11:00:00,8409.0,8416.0,8407.0,8413.0,2923.0,570462.0,570247.0
2026-06-26 11:05:00,8413.0,8414.0,8405.0,8412.0,2345.0,570247.0,570010.0
2026-06-26 11:10:00,8412.0,8415.0,8405.0,8407.0,1971.0,570010.0,570150.0
2026-06-26 11:15:00,8407.0,8411.0,8403.0,8406.0,2345.0,570150.0,569991.0
2026-06-26 11:20:00,8406.0,8409.0,8402.0,8407.0,1957.0,569991.0,569751.0
2026-06-26 11:25:00,8407.0,8414.0,8406.0,8413.0,2307.0,569751.0,569826.0
2026-06-26 13:30:00,8415.0,8417.0,8405.0,8411.0,3491.0,569826.0,569720.0
2026-06-26 13:35:00,8411.0,8430.0,8410.0,8429.0,4350.0,569720.0,569583.0
2026-06-26 13:40:00,8429.0,8437.0,8428.0,8434.0,6330.0,569583.0,569589.0
2026-06-26 13:45:00,8434.0,8437.0,8423.0,8436.0,6040.0,569589.0,568762.0
2026-06-26 13:50:00,8436.0,8450.0,8436.0,8440.0,13194.0,568762.0,569654.0
2026-06-26 13:55:00,8440.0,8450.0,8440.0,8441.0,4511.0,569654.0,569730.0
2026-06-26 14:00:00,8441.0,8446.0,8432.0,8432.0,4381.0,569730.0,569281.0
2026-06-26 14:05:00,8432.0,8439.0,8432.0,8437.0,2142.0,569281.0,569359.0
2026-06-26 14:10:00,8437.0,8439.0,8428.0,8436.0,5137.0,569359.0,568495.0
2026-06-26 14:15:00,8436.0,8445.0,8433.0,8444.0,4554.0,568495.0,569304.0
2026-06-26 14:20:00,8444.0,8447.0,8440.0,8445.0,3418.0,569304.0,570107.0
2026-06-26 14:25:00,8445.0,8450.0,8441.0,8442.0,3272.0,570107.0,569768.0
2026-06-26 14:30:00,8442.0,8445.0,8436.0,8437.0,3389.0,569768.0,569873.0
2026-06-26 14:35:00,8437.0,8444.0,8435.0,8436.0,2356.0,569873.0,569953.0
2026-06-26 14:40:00,8436.0,8438.0,8432.0,8436.0,3239.0,569953.0,569709.0
2026-06-26 14:45:00,8436.0,8437.0,8431.0,8433.0,2778.0,569709.0,569401.0
2026-06-26 14:50:00,8433.0,8441.0,8431.0,8440.0,4517.0,569401.0,568738.0
2026-06-26 14:55:00,8440.0,8445.0,8437.0,8441.0,7808.0,568738.0,566384.0
2026-06-26 21:00:00,8440.0,8455.0,8440.0,8447.0,22856.0,566384.0,566500.0
2026-06-26 21:05:00,8447.0,8450.0,8433.0,8441.0,9204.0,566500.0,566726.0
2026-06-26 21:10:00,8441.0,8446.0,8439.0,8443.0,4368.0,566726.0,566674.0
2026-06-26 21:15:00,8443.0,8450.0,8437.0,8444.0,5391.0,566674.0,566630.0
2026-06-26 21:20:00,8444.0,8448.0,8440.0,8447.0,2660.0,566630.0,566781.0
2026-06-26 21:25:00,8447.0,8451.0,8445.0,8446.0,2201.0,566781.0,567034.0
2026-06-26 21:30:00,8446.0,8448.0,8436.0,8440.0,3912.0,567034.0,566940.0
2026-06-26 21:35:00,8440.0,8447.0,8439.0,8442.0,1705.0,566940.0,566685.0
2026-06-26 21:40:00,8442.0,8446.0,8438.0,8445.0,2467.0,566685.0,566612.0
2026-06-26 21:45:00,8445.0,8450.0,8439.0,8447.0,2496.0,566612.0,566348.0
2026-06-26 21:50:00,8447.0,8449.0,8440.0,8441.0,1973.0,566348.0,566273.0
2026-06-26 21:55:00,8441.0,8462.0,8440.0,8456.0,9498.0,566273.0,566558.0
2026-06-26 22:00:00,8456.0,8461.0,8447.0,8453.0,5634.0,566558.0,565504.0
2026-06-26 22:05:00,8453.0,8455.0,8448.0,8449.0,2474.0,565504.0,565498.0
2026-06-26 22:10:00,8449.0,8454.0,8447.0,8447.0,1868.0,565498.0,565356.0
2026-06-26 22:15:00,8447.0,8454.0,8446.0,8452.0,1881.0,565356.0,565485.0
2026-06-26 22:20:00,8452.0,8454.0,8447.0,8447.0,1499.0,565485.0,565373.0
2026-06-26 22:25:00,8447.0,8450.0,8445.0,8448.0,1507.0,565373.0,565199.0
2026-06-26 22:30:00,8448.0,8453.0,8445.0,8450.0,2106.0,565199.0,565087.0
2026-06-26 22:35:00,8450.0,8451.0,8444.0,8447.0,1871.0,565087.0,565174.0
2026-06-26 22:40:00,8447.0,8452.0,8445.0,8450.0,2000.0,565174.0,565502.0
2026-06-26 22:45:00,8450.0,8457.0,8449.0,8455.0,1680.0,565502.0,565328.0
2026-06-26 22:50:00,8455.0,8460.0,8455.0,8457.0,2876.0,565328.0,565770.0
2026-06-26 22:55:00,8457.0,8460.0,8452.0,8460.0,4113.0,565770.0,564862.0
2026-06-29 09:00:00,8460.0,8478.0,8453.0,8475.0,15431.0,564862.0,565658.0
2026-06-29 09:05:00,8475.0,8482.0,8470.0,8474.0,9654.0,565658.0,566016.0
2026-06-29 09:10:00,8474.0,8476.0,8456.0,8458.0,7879.0,566016.0,564915.0
2026-06-29 09:15:00,8458.0,8469.0,8458.0,8466.0,4392.0,564915.0,564871.0
2026-06-29 09:20:00,8466.0,8466.0,8458.0,8464.0,3319.0,564871.0,564722.0
2026-06-29 09:25:00,8464.0,8469.0,8461.0,8467.0,2675.0,564722.0,564729.0
2026-06-29 09:30:00,8467.0,8471.0,8464.0,8465.0,3899.0,564729.0,564660.0
2026-06-29 09:35:00,8465.0,8468.0,8461.0,8468.0,2382.0,564660.0,564411.0
2026-06-29 09:40:00,8468.0,8471.0,8463.0,8467.0,3020.0,564411.0,564327.0
2026-06-29 09:45:00,8467.0,8470.0,8456.0,8462.0,2716.0,564327.0,564182.0
2026-06-29 09:50:00,8462.0,8462.0,8455.0,8459.0,2120.0,564182.0,564053.0
2026-06-29 09:55:00,8459.0,8461.0,8457.0,8459.0,1091.0,564053.0,563886.0
2026-06-29 10:00:00,8459.0,8463.0,8458.0,8460.0,1574.0,563886.0,563653.0
2026-06-29 10:05:00,8460.0,8465.0,8458.0,8463.0,1830.0,563653.0,563537.0
2026-06-29 10:10:00,8463.0,8465.0,8458.0,8460.0,1625.0,563537.0,563336.0
2026-06-29 10:30:00,8459.0,8464.0,8455.0,8462.0,3586.0,563336.0,563619.0
2026-06-29 10:35:00,8462.0,8473.0,8462.0,8472.0,3520.0,563619.0,563765.0
2026-06-29 10:40:00,8472.0,8475.0,8468.0,8471.0,2486.0,563765.0,563637.0
2026-06-29 10:45:00,8471.0,8473.0,8467.0,8472.0,1804.0,563637.0,563735.0
2026-06-29 10:50:00,8472.0,8476.0,8469.0,8472.0,2167.0,563735.0,563818.0
2026-06-29 10:55:00,8472.0,8475.0,8471.0,8472.0,1384.0,563818.0,563906.0
2026-06-29 11:00:00,8472.0,8475.0,8470.0,8470.0,1720.0,563906.0,563738.0
2026-06-29 11:05:00,8470.0,8473.0,8466.0,8471.0,2240.0,563738.0,563187.0
2026-06-29 11:10:00,8471.0,8476.0,8468.0,8474.0,1873.0,563187.0,563089.0
2026-06-29 11:15:00,8474.0,8475.0,8469.0,8471.0,1416.0,563089.0,562911.0
2026-06-29 11:20:00,8471.0,8473.0,8468.0,8469.0,1097.0,562911.0,562753.0
2026-06-29 11:25:00,8469.0,8470.0,8464.0,8466.0,1915.0,562753.0,562411.0
2026-06-29 13:30:00,8461.0,8462.0,8453.0,8454.0,5501.0,562411.0,562326.0
2026-06-29 13:35:00,8454.0,8456.0,8449.0,8450.0,3248.0,562326.0,561875.0
2026-06-29 13:40:00,8450.0,8457.0,8450.0,8454.0,2203.0,561875.0,561555.0
2026-06-29 13:45:00,8454.0,8463.0,8452.0,8459.0,2600.0,561555.0,561081.0
2026-06-29 13:50:00,8459.0,8464.0,8457.0,8464.0,1599.0,561081.0,560963.0
2026-06-29 13:55:00,8464.0,8467.0,8461.0,8464.0,2349.0,560963.0,560291.0
2026-06-29 14:00:00,8464.0,8466.0,8463.0,8466.0,1344.0,560291.0,560086.0
2026-06-29 14:05:00,8466.0,8472.0,8465.0,8471.0,1959.0,560086.0,559947.0
2026-06-29 14:10:00,8471.0,8472.0,8467.0,8469.0,1559.0,559947.0,559803.0
2026-06-29 14:15:00,8469.0,8473.0,8464.0,8471.0,2304.0,559803.0,560093.0
2026-06-29 14:20:00,8471.0,8475.0,8470.0,8475.0,1696.0,560093.0,559899.0
2026-06-29 14:25:00,8475.0,8478.0,8472.0,8476.0,2929.0,559899.0,559956.0
2026-06-29 14:30:00,8476.0,8482.0,8474.0,8479.0,5362.0,559956.0,560072.0
2026-06-29 14:35:00,8479.0,8481.0,8477.0,8478.0,2630.0,560072.0,560115.0
2026-06-29 14:40:00,8478.0,8481.0,8477.0,8481.0,3014.0,560115.0,560367.0
2026-06-29 14:45:00,8481.0,8484.0,8479.0,8481.0,4571.0,560367.0,560245.0
2026-06-29 14:50:00,8481.0,8481.0,8469.0,8469.0,4489.0,560245.0,559256.0
2026-06-29 14:55:00,8469.0,8476.0,8468.0,8469.0,5653.0,559256.0,558457.0
2026-06-29 21:00:00,8491.0,8491.0,8477.0,8485.0,18311.0,558457.0,559576.0
2026-06-29 21:05:00,8485.0,8487.0,8476.0,8480.0,4933.0,559576.0,559417.0
2026-06-29 21:10:00,8480.0,8482.0,8474.0,8481.0,3359.0,559417.0,560134.0
2026-06-29 21:15:00,8481.0,8481.0,8475.0,8476.0,2331.0,560134.0,560219.0
2026-06-29 21:20:00,8476.0,8480.0,8475.0,8480.0,1785.0,560219.0,560075.0
2026-06-29 21:25:00,8480.0,8480.0,8473.0,8473.0,1615.0,560075.0,560001.0
2026-06-29 21:30:00,8473.0,8478.0,8469.0,8478.0,3262.0,560001.0,560157.0
2026-06-29 21:35:00,8478.0,8479.0,8471.0,8476.0,1514.0,560157.0,560200.0
2026-06-29 21:40:00,8476.0,8478.0,8472.0,8474.0,1522.0,560200.0,560259.0
2026-06-29 21:45:00,8474.0,8475.0,8468.0,8468.0,1427.0,560259.0,560121.0
2026-06-29 21:50:00,8468.0,8472.0,8465.0,8468.0,2131.0,560121.0,560327.0
2026-06-29 21:55:00,8468.0,8471.0,8463.0,8464.0,3229.0,560327.0,559938.0
2026-06-29 22:00:00,8464.0,8466.0,8461.0,8465.0,2033.0,559938.0,560196.0
2026-06-29 22:05:00,8465.0,8465.0,8459.0,8463.0,1965.0,560196.0,560454.0
2026-06-29 22:10:00,8463.0,8468.0,8461.0,8465.0,2472.0,560454.0,560676.0
2026-06-29 22:15:00,8465.0,8468.0,8463.0,8467.0,1675.0,560676.0,560848.0
2026-06-29 22:20:00,8467.0,8469.0,8459.0,8462.0,1945.0,560848.0,561214.0
2026-06-29 22:25:00,8462.0,8462.0,8459.0,8460.0,1216.0,561214.0,561043.0
2026-06-29 22:30:00,8460.0,8464.0,8459.0,8461.0,1776.0,561043.0,560973.0
2026-06-29 22:35:00,8461.0,8462.0,8454.0,8456.0,2117.0,560973.0,560806.0
2026-06-29 22:40:00,8456.0,8456.0,8447.0,8453.0,3848.0,560806.0,560223.0
2026-06-29 22:45:00,8453.0,8454.0,8446.0,8450.0,3022.0,560223.0,560610.0
2026-06-29 22:50:00,8450.0,8456.0,8450.0,8453.0,1545.0,560610.0,560573.0
2026-06-29 22:55:00,8453.0,8458.0,8451.0,8458.0,1596.0,560573.0,560328.0
2026-06-30 09:00:00,8444.0,8456.0,8438.0,8450.0,9672.0,560328.0,560579.0
2026-06-30 09:05:00,8450.0,8455.0,8448.0,8453.0,3316.0,560579.0,560530.0
2026-06-30 09:10:00,8453.0,8455.0,8449.0,8452.0,2445.0,560530.0,560707.0
2026-06-30 09:15:00,8452.0,8454.0,8443.0,8454.0,4673.0,560707.0,561046.0
2026-06-30 09:20:00,8454.0,8456.0,8450.0,8454.0,2787.0,561046.0,561142.0
2026-06-30 09:25:00,8454.0,8460.0,8453.0,8457.0,2097.0,561142.0,561219.0
2026-06-30 09:30:00,8457.0,8460.0,8452.0,8458.0,2203.0,561219.0,561413.0
2026-06-30 09:35:00,8458.0,8462.0,8453.0,8461.0,3300.0,561413.0,561672.0
2026-06-30 09:40:00,8461.0,8464.0,8459.0,8462.0,1839.0,561672.0,561755.0
2026-06-30 09:45:00,8462.0,8465.0,8460.0,8464.0,2395.0,561755.0,562031.0
2026-06-30 09:50:00,8464.0,8466.0,8454.0,8455.0,3195.0,562031.0,562446.0
2026-06-30 09:55:00,8455.0,8459.0,8451.0,8454.0,3288.0,562446.0,562445.0
2026-06-30 10:00:00,8454.0,8458.0,8451.0,8455.0,2662.0,562445.0,562729.0
2026-06-30 10:05:00,8455.0,8460.0,8453.0,8454.0,1807.0,562729.0,562782.0
2026-06-30 10:10:00,8454.0,8456.0,8451.0,8453.0,1352.0,562782.0,562625.0
2026-06-30 10:30:00,8454.0,8460.0,8452.0,8458.0,3040.0,562625.0,562331.0
2026-06-30 10:35:00,8458.0,8463.0,8450.0,8450.0,2625.0,562331.0,562340.0
2026-06-30 10:40:00,8450.0,8452.0,8443.0,8449.0,3643.0,562340.0,562206.0
2026-06-30 10:45:00,8449.0,8455.0,8446.0,8448.0,2388.0,562206.0,562323.0
2026-06-30 10:50:00,8448.0,8455.0,8444.0,8453.0,3444.0,562323.0,562186.0
2026-06-30 10:55:00,8453.0,8458.0,8447.0,8452.0,2701.0,562186.0,562170.0
2026-06-30 11:00:00,8452.0,8456.0,8450.0,8454.0,1613.0,562170.0,562086.0
2026-06-30 11:05:00,8454.0,8457.0,8444.0,8447.0,2254.0,562086.0,561943.0
2026-06-30 11:10:00,8447.0,8452.0,8444.0,8452.0,2218.0,561943.0,561493.0
2026-06-30 11:15:00,8452.0,8459.0,8451.0,8457.0,2094.0,561493.0,561255.0
2026-06-30 11:20:00,8457.0,8458.0,8449.0,8450.0,1651.0,561255.0,561216.0
2026-06-30 11:25:00,8450.0,8452.0,8447.0,8450.0,1840.0,561216.0,560907.0
2026-06-30 13:30:00,8445.0,8450.0,8442.0,8450.0,3868.0,560907.0,560394.0
2026-06-30 13:35:00,8450.0,8451.0,8447.0,8448.0,2141.0,560394.0,560633.0
2026-06-30 13:40:00,8448.0,8450.0,8444.0,8445.0,2982.0,560633.0,560510.0
2026-06-30 13:45:00,8445.0,8447.0,8442.0,8444.0,1825.0,560510.0,560271.0
2026-06-30 13:50:00,8444.0,8444.0,8437.0,8440.0,2728.0,560271.0,559641.0
2026-06-30 13:55:00,8440.0,8447.0,8440.0,8445.0,2647.0,559641.0,559060.0
2026-06-30 14:00:00,8445.0,8452.0,8445.0,8448.0,2443.0,559060.0,558775.0
2026-06-30 14:05:00,8448.0,8450.0,8445.0,8449.0,1452.0,558775.0,558602.0
2026-06-30 14:10:00,8449.0,8452.0,8447.0,8449.0,1575.0,558602.0,558278.0
2026-06-30 14:15:00,8449.0,8449.0,8442.0,8446.0,2222.0,558278.0,558194.0
2026-06-30 14:20:00,8446.0,8447.0,8443.0,8446.0,925.0,558194.0,557971.0
2026-06-30 14:25:00,8446.0,8450.0,8443.0,8444.0,2712.0,557971.0,557558.0
2026-06-30 14:30:00,8444.0,8447.0,8440.0,8441.0,2986.0,557558.0,557297.0
2026-06-30 14:35:00,8441.0,8442.0,8434.0,8437.0,3634.0,557297.0,556831.0
2026-06-30 14:40:00,8437.0,8442.0,8436.0,8441.0,2380.0,556831.0,556577.0
2026-06-30 14:45:00,8441.0,8444.0,8433.0,8443.0,3237.0,556577.0,556191.0
2026-06-30 14:50:00,8443.0,8446.0,8442.0,8443.0,2884.0,556191.0,556244.0
2026-06-30 14:55:00,8443.0,8449.0,8442.0,8447.0,5026.0,556244.0,556287.0
2026-06-30 21:00:00,8447.0,8447.0,8422.0,8438.0,16002.0,556287.0,555259.0
2026-06-30 21:05:00,8438.0,8441.0,8431.0,8440.0,4194.0,555259.0,555179.0
2026-06-30 21:10:00,8440.0,8449.0,8439.0,8446.0,4038.0,555179.0,555868.0
2026-06-30 21:15:00,8446.0,8452.0,8443.0,8444.0,4744.0,555868.0,556169.0
2026-06-30 21:20:00,8444.0,8445.0,8435.0,8439.0,3780.0,556169.0,556246.0
2026-06-30 21:25:00,8439.0,8439.0,8430.0,8435.0,3320.0,556246.0,555680.0
2026-06-30 21:30:00,8435.0,8436.0,8417.0,8422.0,6528.0,555680.0,555331.0
2026-06-30 21:35:00,8422.0,8424.0,8418.0,8422.0,3264.0,555331.0,554851.0
2026-06-30 21:40:00,8422.0,8423.0,8415.0,8417.0,2888.0,554851.0,554723.0
2026-06-30 21:45:00,8417.0,8421.0,8414.0,8419.0,1998.0,554723.0,554628.0
2026-06-30 21:50:00,8419.0,8423.0,8415.0,8419.0,2088.0,554628.0,554452.0
2026-06-30 21:55:00,8419.0,8424.0,8415.0,8421.0,1810.0,554452.0,554251.0
2026-06-30 22:00:00,8421.0,8422.0,8411.0,8411.0,3120.0,554251.0,554251.0
2026-06-30 22:05:00,8411.0,8416.0,8408.0,8410.0,2961.0,554251.0,554382.0
2026-06-30 22:10:00,8410.0,8413.0,8405.0,8409.0,2681.0,554382.0,554670.0
2026-06-30 22:15:00,8409.0,8414.0,8407.0,8407.0,1953.0,554670.0,554334.0
2026-06-30 22:20:00,8407.0,8411.0,8404.0,8406.0,2598.0,554334.0,554542.0
2026-06-30 22:25:00,8406.0,8408.0,8392.0,8396.0,7340.0,554542.0,554100.0
2026-06-30 22:30:00,8396.0,8404.0,8383.0,8387.0,5842.0,554100.0,553594.0
2026-06-30 22:35:00,8387.0,8388.0,8378.0,8378.0,6276.0,553594.0,553383.0
2026-06-30 22:40:00,8378.0,8382.0,8376.0,8378.0,4124.0,553383.0,553674.0
2026-06-30 22:45:00,8378.0,8380.0,8370.0,8372.0,6573.0,553674.0,552921.0
2026-06-30 22:50:00,8372.0,8376.0,8362.0,8371.0,8099.0,552921.0,551841.0
2026-06-30 22:55:00,8371.0,8376.0,8368.0,8373.0,4141.0,551841.0,551430.0
2026-07-01 09:00:00,8378.0,8393.0,8375.0,8383.0,17122.0,551430.0,547229.0
2026-07-01 09:05:00,8383.0,8387.0,8375.0,8386.0,7325.0,547229.0,547069.0
2026-07-01 09:10:00,8386.0,8392.0,8384.0,8390.0,4815.0,547069.0,546774.0
2026-07-01 09:15:00,8390.0,8393.0,8383.0,8384.0,6096.0,546774.0,546761.0
2026-07-01 09:20:00,8384.0,8385.0,8372.0,8379.0,5111.0,546761.0,546653.0
2026-07-01 09:25:00,8379.0,8380.0,8374.0,8374.0,2505.0,546653.0,546489.0
2026-07-01 09:30:00,8374.0,8375.0,8367.0,8373.0,6266.0,546489.0,546581.0
2026-07-01 09:35:00,8373.0,8380.0,8373.0,8376.0,3806.0,546581.0,546414.0
2026-07-01 09:40:00,8376.0,8377.0,8370.0,8373.0,2162.0,546414.0,546423.0
2026-07-01 09:45:00,8373.0,8379.0,8373.0,8376.0,3149.0,546423.0,545977.0
2026-07-01 09:50:00,8376.0,8379.0,8374.0,8377.0,1778.0,545977.0,545717.0
2026-07-01 09:55:00,8377.0,8378.0,8373.0,8378.0,2004.0,545717.0,545684.0
2026-07-01 10:00:00,8378.0,8380.0,8374.0,8377.0,2344.0,545684.0,545692.0
2026-07-01 10:05:00,8377.0,8378.0,8371.0,8378.0,2844.0,545692.0,545623.0
2026-07-01 10:10:00,8378.0,8395.0,8376.0,8392.0,5304.0,545623.0,544988.0
2026-07-01 10:30:00,8394.0,8398.0,8385.0,8397.0,5731.0,544988.0,544584.0
2026-07-01 10:35:00,8397.0,8415.0,8397.0,8413.0,6562.0,544584.0,543801.0
2026-07-01 10:40:00,8413.0,8427.0,8412.0,8423.0,6264.0,543801.0,543720.0
2026-07-01 10:45:00,8423.0,8430.0,8420.0,8426.0,5172.0,543720.0,543755.0
2026-07-01 10:50:00,8426.0,8428.0,8419.0,8424.0,3331.0,543755.0,543616.0
2026-07-01 10:55:00,8424.0,8428.0,8420.0,8425.0,2402.0,543616.0,543389.0
2026-07-01 11:00:00,8425.0,8430.0,8422.0,8430.0,2518.0,543389.0,543342.0
2026-07-01 11:05:00,8430.0,8438.0,8427.0,8434.0,4023.0,543342.0,543044.0
2026-07-01 11:10:00,8434.0,8438.0,8432.0,8437.0,2830.0,543044.0,543151.0
2026-07-01 11:15:00,8437.0,8442.0,8434.0,8440.0,4438.0,543151.0,542850.0
2026-07-01 11:20:00,8440.0,8445.0,8437.0,8438.0,3544.0,542850.0,542692.0
2026-07-01 11:25:00,8438.0,8442.0,8433.0,8440.0,4149.0,542692.0,542187.0
2026-07-01 13:30:00,8440.0,8443.0,8434.0,8440.0,4718.0,542187.0,542165.0
2026-07-01 13:35:00,8440.0,8440.0,8432.0,8433.0,2678.0,542165.0,542115.0
2026-07-01 13:40:00,8433.0,8437.0,8433.0,8436.0,1618.0,542115.0,542143.0
2026-07-01 13:45:00,8436.0,8436.0,8430.0,8430.0,2966.0,542143.0,541917.0
2026-07-01 13:50:00,8430.0,8431.0,8422.0,8427.0,3637.0,541917.0,541613.0
2026-07-01 13:55:00,8427.0,8427.0,8423.0,8426.0,1261.0,541613.0,541802.0
2026-07-01 14:00:00,8426.0,8427.0,8423.0,8426.0,1317.0,541802.0,541791.0
2026-07-01 14:05:00,8426.0,8427.0,8423.0,8425.0,2072.0,541791.0,541761.0
2026-07-01 14:10:00,8425.0,8430.0,8424.0,8427.0,2205.0,541761.0,542014.0
2026-07-01 14:15:00,8427.0,8430.0,8422.0,8426.0,1697.0,542014.0,542052.0
2026-07-01 14:20:00,8426.0,8427.0,8422.0,8422.0,1547.0,542052.0,542125.0
2026-07-01 14:25:00,8422.0,8423.0,8418.0,8421.0,1877.0,542125.0,542214.0
2026-07-01 14:30:00,8421.0,8422.0,8412.0,8413.0,3063.0,542214.0,542003.0
2026-07-01 14:35:00,8413.0,8414.0,8410.0,8414.0,2164.0,542003.0,541847.0
2026-07-01 14:40:00,8414.0,8426.0,8412.0,8425.0,4818.0,541847.0,540184.0
2026-07-01 14:45:00,8425.0,8427.0,8418.0,8419.0,2478.0,540184.0,539923.0
2026-07-01 14:50:00,8419.0,8426.0,8416.0,8425.0,4331.0,539923.0,539493.0
2026-07-01 14:55:00,8425.0,8433.0,8424.0,8430.0,4262.0,539493.0,539576.0
2026-07-01 21:00:00,8406.0,8433.0,8403.0,8431.0,13516.0,539576.0,538311.0
2026-07-01 21:05:00,8431.0,8437.0,8421.0,8429.0,7615.0,538311.0,537868.0
2026-07-01 21:10:00,8429.0,8432.0,8420.0,8423.0,3523.0,537868.0,537913.0
2026-07-01 21:15:00,8423.0,8432.0,8421.0,8425.0,3129.0,537913.0,538904.0
2026-07-01 21:20:00,8425.0,8431.0,8422.0,8423.0,2857.0,538904.0,538808.0
2026-07-01 21:25:00,8423.0,8433.0,8422.0,8430.0,2562.0,538808.0,539033.0
2026-07-01 21:30:00,8430.0,8434.0,8425.0,8426.0,1847.0,539033.0,539282.0
2026-07-01 21:35:00,8426.0,8436.0,8426.0,8435.0,2304.0,539282.0,539432.0
2026-07-01 21:40:00,8435.0,8450.0,8434.0,8449.0,5281.0,539432.0,539602.0
2026-07-01 21:45:00,8449.0,8457.0,8447.0,8450.0,6649.0,539602.0,540650.0
2026-07-01 21:50:00,8450.0,8459.0,8448.0,8456.0,2417.0,540650.0,540817.0
2026-07-01 21:55:00,8456.0,8458.0,8451.0,8453.0,3059.0,540817.0,541214.0
2026-07-01 22:00:00,8453.0,8457.0,8447.0,8450.0,2916.0,541214.0,541233.0
2026-07-01 22:05:00,8450.0,8455.0,8448.0,8453.0,1450.0,541233.0,541256.0
2026-07-01 22:10:00,8453.0,8454.0,8450.0,8451.0,993.0,541256.0,541146.0
2026-07-01 22:15:00,8451.0,8453.0,8446.0,8448.0,1353.0,541146.0,540862.0
2026-07-01 22:20:00,8448.0,8449.0,8442.0,8443.0,1430.0,540862.0,540795.0
2026-07-01 22:25:00,8443.0,8445.0,8440.0,8441.0,1236.0,540795.0,540583.0
2026-07-01 22:30:00,8441.0,8447.0,8438.0,8446.0,1751.0,540583.0,540638.0
2026-07-01 22:35:00,8446.0,8450.0,8446.0,8449.0,1093.0,540638.0,540496.0
2026-07-01 22:40:00,8449.0,8452.0,8446.0,8449.0,1391.0,540496.0,540691.0
2026-07-01 22:45:00,8449.0,8449.0,8440.0,8440.0,1264.0,540691.0,540411.0
2026-07-01 22:50:00,8440.0,8442.0,8432.0,8432.0,2168.0,540411.0,539620.0
2026-07-01 22:55:00,8432.0,8439.0,8431.0,8433.0,2122.0,539620.0,539278.0
2026-07-02 09:00:00,8437.0,8450.0,8433.0,8450.0,6737.0,539278.0,539542.0
2026-07-02 09:05:00,8450.0,8453.0,8441.0,8445.0,3277.0,539542.0,539695.0
2026-07-02 09:10:00,8445.0,8454.0,8442.0,8453.0,2158.0,539695.0,539859.0
2026-07-02 09:15:00,8453.0,8463.0,8452.0,8463.0,5220.0,539859.0,540487.0
2026-07-02 09:20:00,8463.0,8465.0,8446.0,8449.0,4451.0,540487.0,540337.0
2026-07-02 09:25:00,8449.0,8451.0,8437.0,8437.0,3470.0,540337.0,540425.0
2026-07-02 09:30:00,8437.0,8447.0,8437.0,8445.0,3181.0,540425.0,540999.0
2026-07-02 09:35:00,8445.0,8452.0,8444.0,8449.0,2028.0,540999.0,541005.0
2026-07-02 09:40:00,8449.0,8453.0,8446.0,8449.0,1251.0,541005.0,541019.0
2026-07-02 09:45:00,8449.0,8456.0,8449.0,8453.0,2058.0,541019.0,541117.0
2026-07-02 09:50:00,8453.0,8454.0,8446.0,8449.0,2029.0,541117.0,541233.0
2026-07-02 09:55:00,8449.0,8462.0,8449.0,8458.0,5251.0,541233.0,540634.0
2026-07-02 10:00:00,8458.0,8459.0,8453.0,8459.0,2514.0,540634.0,540645.0
2026-07-02 10:05:00,8459.0,8462.0,8455.0,8459.0,1547.0,540645.0,540754.0
2026-07-02 10:10:00,8459.0,8461.0,8452.0,8459.0,1826.0,540754.0,541058.0
2026-07-02 10:30:00,8460.0,8460.0,8454.0,8456.0,3447.0,541058.0,540785.0
2026-07-02 10:35:00,8456.0,8461.0,8451.0,8457.0,2108.0,540785.0,540855.0
2026-07-02 10:40:00,8457.0,8465.0,8457.0,8460.0,3753.0,540855.0,541503.0
2026-07-02 10:45:00,8460.0,8462.0,8454.0,8457.0,2547.0,541503.0,541484.0
2026-07-02 10:50:00,8457.0,8463.0,8453.0,8455.0,2534.0,541484.0,541163.0
2026-07-02 10:55:00,8455.0,8458.0,8448.0,8451.0,3199.0,541163.0,541073.0
2026-07-02 11:00:00,8451.0,8458.0,8450.0,8451.0,1727.0,541073.0,541179.0
2026-07-02 11:05:00,8451.0,8457.0,8451.0,8456.0,1136.0,541179.0,541323.0
2026-07-02 11:10:00,8456.0,8457.0,8449.0,8454.0,1308.0,541323.0,541068.0
2026-07-02 11:15:00,8454.0,8456.0,8450.0,8453.0,1156.0,541068.0,540817.0
2026-07-02 11:20:00,8453.0,8455.0,8450.0,8450.0,1739.0,540817.0,540398.0
2026-07-02 11:25:00,8450.0,8454.0,8447.0,8447.0,2318.0,540398.0,540383.0
2026-07-02 13:30:00,8451.0,8459.0,8442.0,8446.0,5361.0,540383.0,540394.0
2026-07-02 13:35:00,8446.0,8448.0,8436.0,8441.0,4163.0,540394.0,540566.0
2026-07-02 13:40:00,8441.0,8447.0,8436.0,8436.0,2330.0,540566.0,541001.0
2026-07-02 13:45:00,8436.0,8445.0,8434.0,8445.0,2586.0,541001.0,541323.0
2026-07-02 13:50:00,8445.0,8446.0,8438.0,8445.0,2289.0,541323.0,541285.0
2026-07-02 13:55:00,8445.0,8449.0,8441.0,8442.0,2213.0,541285.0,541718.0
2026-07-02 14:00:00,8442.0,8446.0,8441.0,8442.0,1485.0,541718.0,541651.0
2026-07-02 14:05:00,8442.0,8443.0,8437.0,8438.0,1698.0,541651.0,541473.0
2026-07-02 14:10:00,8438.0,8440.0,8428.0,8428.0,4564.0,541473.0,541366.0
2026-07-02 14:15:00,8428.0,8434.0,8425.0,8433.0,3919.0,541366.0,541641.0
2026-07-02 14:20:00,8433.0,8438.0,8433.0,8437.0,1735.0,541641.0,541520.0
2026-07-02 14:25:00,8437.0,8444.0,8435.0,8443.0,2266.0,541520.0,541540.0
2026-07-02 14:30:00,8443.0,8446.0,8436.0,8436.0,2818.0,541540.0,541575.0
2026-07-02 14:35:00,8436.0,8438.0,8431.0,8434.0,2309.0,541575.0,541240.0
2026-07-02 14:40:00,8434.0,8435.0,8427.0,8431.0,2820.0,541240.0,541382.0
2026-07-02 14:45:00,8431.0,8434.0,8429.0,8431.0,1371.0,541382.0,541375.0
2026-07-02 14:50:00,8431.0,8433.0,8424.0,8426.0,3296.0,541375.0,540866.0
2026-07-02 14:55:00,8426.0,8428.0,8420.0,8425.0,6439.0,540866.0,540352.0
2026-07-02 21:00:00,8435.0,8443.0,8429.0,8431.0,13193.0,540352.0,540748.0
2026-07-02 21:05:00,8431.0,8436.0,8412.0,8416.0,6446.0,540748.0,541801.0
2026-07-02 21:10:00,8416.0,8425.0,8413.0,8422.0,5188.0,541801.0,542215.0
2026-07-02 21:15:00,8422.0,8425.0,8418.0,8420.0,2698.0,542215.0,542566.0
2026-07-02 21:20:00,8420.0,8427.0,8419.0,8426.0,2657.0,542566.0,542599.0
2026-07-02 21:25:00,8426.0,8427.0,8420.0,8424.0,2460.0,542599.0,543049.0
2026-07-02 21:30:00,8424.0,8442.0,8423.0,8439.0,6553.0,543049.0,544239.0
2026-07-02 21:35:00,8439.0,8448.0,8435.0,8447.0,5299.0,544239.0,545480.0
2026-07-02 21:40:00,8447.0,8455.0,8446.0,8448.0,5858.0,545480.0,546893.0
2026-07-02 21:45:00,8448.0,8453.0,8445.0,8450.0,3244.0,546893.0,547312.0
2026-07-02 21:50:00,8450.0,8453.0,8446.0,8448.0,2442.0,547312.0,547601.0
2026-07-02 21:55:00,8448.0,8448.0,8439.0,8442.0,2652.0,547601.0,547606.0
2026-07-02 22:00:00,8442.0,8445.0,8437.0,8438.0,1984.0,547606.0,547308.0
2026-07-02 22:05:00,8438.0,8439.0,8432.0,8434.0,2227.0,547308.0,547101.0
2026-07-02 22:10:00,8434.0,8437.0,8430.0,8431.0,2403.0,547101.0,546671.0
2026-07-02 22:15:00,8431.0,8435.0,8426.0,8427.0,2299.0,546671.0,546262.0
2026-07-02 22:20:00,8427.0,8427.0,8419.0,8422.0,3178.0,546262.0,546256.0
2026-07-02 22:25:00,8422.0,8426.0,8420.0,8420.0,1833.0,546256.0,546379.0
2026-07-02 22:30:00,8420.0,8424.0,8415.0,8415.0,2402.0,546379.0,546112.0
2026-07-02 22:35:00,8415.0,8421.0,8414.0,8420.0,2866.0,546112.0,546244.0
2026-07-02 22:40:00,8420.0,8421.0,8410.0,8412.0,3671.0,546244.0,546560.0
2026-07-02 22:45:00,8412.0,8417.0,8411.0,8415.0,1535.0,546560.0,546336.0
2026-07-02 22:50:00,8415.0,8415.0,8407.0,8413.0,3236.0,546336.0,546028.0
2026-07-02 22:55:00,8413.0,8415.0,8409.0,8414.0,2232.0,546028.0,545578.0
2026-07-03 09:00:00,8421.0,8430.0,8410.0,8430.0,8784.0,545578.0,544589.0
2026-07-03 09:05:00,8430.0,8435.0,8417.0,8421.0,5009.0,544589.0,544356.0
2026-07-03 09:10:00,8421.0,8424.0,8419.0,8421.0,1643.0,544356.0,544460.0
2026-07-03 09:15:00,8421.0,8425.0,8419.0,8420.0,1412.0,544460.0,544476.0
2026-07-03 09:20:00,8420.0,8423.0,8415.0,8423.0,2192.0,544476.0,544742.0
2026-07-03 09:25:00,8423.0,8425.0,8419.0,8422.0,1651.0,544742.0,544581.0
2026-07-03 09:30:00,8422.0,8426.0,8417.0,8419.0,1562.0,544581.0,544418.0
2026-07-03 09:35:00,8419.0,8425.0,8419.0,8424.0,1390.0,544418.0,544332.0
2026-07-03 09:40:00,8424.0,8428.0,8423.0,8428.0,3168.0,544332.0,545258.0
2026-07-03 09:45:00,8428.0,8428.0,8421.0,8424.0,1414.0,545258.0,545116.0
2026-07-03 09:50:00,8424.0,8425.0,8419.0,8421.0,1285.0,545116.0,545032.0
2026-07-03 09:55:00,8421.0,8425.0,8419.0,8424.0,1050.0,545032.0,545301.0
2026-07-03 10:00:00,8424.0,8430.0,8421.0,8429.0,2187.0,545301.0,545161.0
2026-07-03 10:05:00,8429.0,8435.0,8428.0,8435.0,2360.0,545161.0,545196.0
2026-07-03 10:10:00,8435.0,8440.0,8435.0,8438.0,2633.0,545196.0,545285.0
2026-07-03 10:30:00,8438.0,8440.0,8431.0,8437.0,2191.0,545285.0,545189.0
2026-07-03 10:35:00,8437.0,8439.0,8428.0,8431.0,1712.0,545189.0,545151.0
2026-07-03 10:40:00,8431.0,8435.0,8428.0,8430.0,1738.0,545151.0,545042.0
2026-07-03 10:45:00,8430.0,8430.0,8415.0,8416.0,4478.0,545042.0,545348.0
2026-07-03 10:50:00,8416.0,8423.0,8412.0,8416.0,3220.0,545348.0,545449.0
2026-07-03 10:55:00,8416.0,8418.0,8411.0,8412.0,3044.0,545449.0,545995.0
2026-07-03 11:00:00,8412.0,8418.0,8411.0,8417.0,1989.0,545995.0,545828.0
2026-07-03 11:05:00,8417.0,8417.0,8410.0,8415.0,2231.0,545828.0,545851.0
2026-07-03 11:10:00,8415.0,8418.0,8410.0,8416.0,1626.0,545851.0,545857.0
2026-07-03 11:15:00,8416.0,8422.0,8412.0,8422.0,2036.0,545857.0,545874.0
2026-07-03 11:20:00,8422.0,8430.0,8421.0,8423.0,2942.0,545874.0,545921.0
2026-07-03 11:25:00,8423.0,8429.0,8422.0,8425.0,1363.0,545921.0,545704.0
2026-07-03 13:30:00,8426.0,8426.0,8413.0,8419.0,3374.0,545704.0,545682.0
2026-07-03 13:35:00,8419.0,8421.0,8413.0,8414.0,2761.0,545682.0,546188.0
2026-07-03 13:40:00,8414.0,8423.0,8413.0,8421.0,2686.0,546188.0,546021.0
2026-07-03 13:45:00,8421.0,8421.0,8410.0,8414.0,3380.0,546021.0,546231.0
2026-07-03 13:50:00,8414.0,8418.0,8412.0,8417.0,1677.0,546231.0,545999.0
2026-07-03 13:55:00,8417.0,8420.0,8415.0,8417.0,1174.0,545999.0,546019.0
2026-07-03 14:00:00,8417.0,8423.0,8414.0,8414.0,1960.0,546019.0,545720.0
2026-07-03 14:05:00,8414.0,8416.0,8408.0,8411.0,2709.0,545720.0,545838.0
2026-07-03 14:10:00,8411.0,8416.0,8410.0,8415.0,1018.0,545838.0,545869.0
2026-07-03 14:15:00,8415.0,8421.0,8414.0,8421.0,1471.0,545869.0,545885.0
2026-07-03 14:20:00,8421.0,8422.0,8415.0,8417.0,2022.0,545885.0,545801.0
2026-07-03 14:25:00,8417.0,8417.0,8411.0,8413.0,2108.0,545801.0,545502.0
2026-07-03 14:30:00,8413.0,8415.0,8408.0,8409.0,2591.0,545502.0,545476.0
2026-07-03 14:35:00,8409.0,8412.0,8405.0,8412.0,3710.0,545476.0,545343.0
2026-07-03 14:40:00,8412.0,8412.0,8403.0,8405.0,3696.0,545343.0,544677.0
2026-07-03 14:45:00,8405.0,8415.0,8404.0,8413.0,4238.0,544677.0,544069.0
2026-07-03 14:50:00,8413.0,8413.0,8406.0,8409.0,2709.0,544069.0,544221.0
2026-07-03 14:55:00,8409.0,8411.0,8404.0,8406.0,3559.0,544221.0,543510.0
2026-07-03 21:00:00,8403.0,8417.0,8400.0,8412.0,8977.0,543510.0,543488.0
2026-07-03 21:05:00,8412.0,8416.0,8407.0,8411.0,3432.0,543488.0,543425.0
2026-07-03 21:10:00,8411.0,8414.0,8407.0,8409.0,3111.0,543425.0,543310.0
2026-07-03 21:15:00,8409.0,8418.0,8408.0,8411.0,3004.0,543310.0,543632.0
2026-07-03 21:20:00,8411.0,8415.0,8408.0,8414.0,1761.0,543632.0,543634.0
2026-07-03 21:25:00,8414.0,8418.0,8413.0,8417.0,1679.0,543634.0,543681.0
2026-07-03 21:30:00,8417.0,8420.0,8415.0,8418.0,1304.0,543681.0,543620.0
2026-07-03 21:35:00,8418.0,8421.0,8413.0,8413.0,1470.0,543620.0,543586.0
2026-07-03 21:40:00,8413.0,8419.0,8413.0,8417.0,859.0,543586.0,543840.0
2026-07-03 21:45:00,8417.0,8423.0,8417.0,8420.0,1925.0,543840.0,544316.0
2026-07-03 21:50:00,8420.0,8420.0,8414.0,8416.0,2784.0,544316.0,544746.0
2026-07-03 21:55:00,8416.0,8420.0,8412.0,8412.0,1549.0,544746.0,544467.0
2026-07-03 22:00:00,8412.0,8417.0,8409.0,8411.0,1855.0,544467.0,544618.0
2026-07-03 22:05:00,8411.0,8414.0,8408.0,8408.0,1725.0,544618.0,544622.0
2026-07-03 22:10:00,8408.0,8408.0,8395.0,8400.0,5651.0,544622.0,544552.0
2026-07-03 22:15:00,8400.0,8410.0,8400.0,8407.0,2015.0,544552.0,544364.0
2026-07-03 22:20:00,8407.0,8407.0,8400.0,8401.0,1359.0,544364.0,544520.0
2026-07-03 22:25:00,8401.0,8401.0,8393.0,8397.0,1924.0,544520.0,544805.0
2026-07-03 22:30:00,8397.0,8399.0,8395.0,8399.0,1111.0,544805.0,544706.0
2026-07-03 22:35:00,8399.0,8409.0,8398.0,8409.0,2547.0,544706.0,544324.0
2026-07-03 22:40:00,8409.0,8417.0,8409.0,8417.0,2673.0,544324.0,543536.0
2026-07-03 22:45:00,8417.0,8419.0,8414.0,8418.0,2279.0,543536.0,543552.0
2026-07-03 22:50:00,8418.0,8425.0,8418.0,8424.0,2973.0,543552.0,543258.0
2026-07-03 22:55:00,8424.0,8430.0,8421.0,8428.0,3800.0,543258.0,542305.0
2026-07-06 09:00:00,8440.0,8470.0,8440.0,8465.0,21343.0,542305.0,544348.0
2026-07-06 09:05:00,8465.0,8467.0,8454.0,8466.0,7186.0,544348.0,544971.0
2026-07-06 09:10:00,8466.0,8474.0,8460.0,8472.0,9609.0,544971.0,545985.0
2026-07-06 09:15:00,8472.0,8498.0,8471.0,8491.0,21624.0,545985.0,548912.0
2026-07-06 09:20:00,8491.0,8494.0,8484.0,8491.0,9722.0,548912.0,549144.0
2026-07-06 09:25:00,8491.0,8491.0,8482.0,8486.0,4692.0,549144.0,549050.0
2026-07-06 09:30:00,8486.0,8498.0,8485.0,8497.0,7118.0,549050.0,549136.0
2026-07-06 09:35:00,8497.0,8497.0,8488.0,8488.0,4143.0,549136.0,549202.0
2026-07-06 09:40:00,8488.0,8497.0,8488.0,8497.0,3379.0,549202.0,549771.0
2026-07-06 09:45:00,8497.0,8514.0,8496.0,8511.0,14104.0,549771.0,551940.0
2026-07-06 09:50:00,8511.0,8515.0,8494.0,8495.0,7977.0,551940.0,551034.0
2026-07-06 09:55:00,8495.0,8502.0,8494.0,8497.0,4500.0,551034.0,551784.0
2026-07-06 10:00:00,8497.0,8508.0,8497.0,8505.0,4725.0,551784.0,552198.0
2026-07-06 10:05:00,8505.0,8509.0,8503.0,8505.0,2605.0,552198.0,552443.0
2026-07-06 10:10:00,8505.0,8507.0,8500.0,8500.0,2723.0,552443.0,552879.0
2026-07-06 10:30:00,8500.0,8505.0,8495.0,8500.0,5277.0,552879.0,553290.0
2026-07-06 10:35:00,8500.0,8507.0,8498.0,8504.0,2553.0,553290.0,553386.0
2026-07-06 10:40:00,8504.0,8507.0,8498.0,8500.0,2372.0,553386.0,553797.0
2026-07-06 10:45:00,8500.0,8505.0,8498.0,8500.0,3301.0,553797.0,553948.0
2026-07-06 10:50:00,8500.0,8503.0,8494.0,8496.0,2881.0,553948.0,553519.0
2026-07-06 10:55:00,8496.0,8496.0,8489.0,8494.0,2985.0,553519.0,553012.0
2026-07-06 11:00:00,8494.0,8500.0,8491.0,8498.0,2384.0,553012.0,553291.0
2026-07-06 11:05:00,8498.0,8505.0,8497.0,8504.0,3269.0,553291.0,554045.0
2026-07-06 11:10:00,8504.0,8505.0,8502.0,8502.0,1411.0,554045.0,554249.0
2026-07-06 11:15:00,8502.0,8503.0,8497.0,8499.0,2326.0,554249.0,554055.0
2026-07-06 11:20:00,8499.0,8502.0,8497.0,8501.0,1504.0,554055.0,553971.0
2026-07-06 11:25:00,8501.0,8505.0,8500.0,8503.0,1642.0,553971.0,553925.0
2026-07-06 13:30:00,8504.0,8506.0,8498.0,8503.0,4526.0,553925.0,554211.0
2026-07-06 13:35:00,8503.0,8509.0,8501.0,8509.0,2377.0,554211.0,554684.0
2026-07-06 13:40:00,8509.0,8510.0,8506.0,8509.0,1705.0,554684.0,554950.0
2026-07-06 13:45:00,8509.0,8512.0,8507.0,8510.0,4217.0,554950.0,556438.0
2026-07-06 13:50:00,8510.0,8517.0,8510.0,8513.0,3016.0,556438.0,556990.0
2026-07-06 13:55:00,8513.0,8514.0,8509.0,8510.0,2428.0,556990.0,557122.0
2026-07-06 14:00:00,8510.0,8517.0,8510.0,8517.0,2560.0,557122.0,557424.0
2026-07-06 14:05:00,8517.0,8523.0,8516.0,8521.0,9407.0,557424.0,559279.0
2026-07-06 14:10:00,8521.0,8523.0,8516.0,8518.0,3017.0,559279.0,559464.0
2026-07-06 14:15:00,8518.0,8521.0,8512.0,8514.0,3800.0,559464.0,559467.0
2026-07-06 14:20:00,8514.0,8514.0,8509.0,8513.0,3754.0,559467.0,559327.0
2026-07-06 14:25:00,8513.0,8515.0,8513.0,8514.0,1557.0,559327.0,559302.0
2026-07-06 14:30:00,8514.0,8515.0,8505.0,8506.0,3372.0,559302.0,559501.0
2026-07-06 14:35:00,8506.0,8510.0,8505.0,8509.0,2299.0,559501.0,559463.0
2026-07-06 14:40:00,8509.0,8511.0,8504.0,8505.0,2468.0,559463.0,559427.0
2026-07-06 14:45:00,8505.0,8514.0,8504.0,8513.0,2673.0,559427.0,559254.0
2026-07-06 14:50:00,8513.0,8516.0,8505.0,8506.0,5266.0,559254.0,557702.0
2026-07-06 14:55:00,8506.0,8511.0,8504.0,8510.0,4866.0,557702.0,556757.0
2026-07-06 21:00:00,8532.0,8541.0,8525.0,8526.0,17121.0,556757.0,558602.0
2026-07-06 21:05:00,8526.0,8533.0,8518.0,8533.0,7749.0,558602.0,559097.0
2026-07-06 21:10:00,8533.0,8537.0,8526.0,8537.0,6655.0,559097.0,559568.0
2026-07-06 21:15:00,8537.0,8542.0,8529.0,8541.0,6167.0,559568.0,560536.0
2026-07-06 21:20:00,8541.0,8543.0,8535.0,8538.0,5040.0,560536.0,560934.0
2026-07-06 21:25:00,8538.0,8543.0,8534.0,8538.0,3290.0,560934.0,561327.0
2026-07-06 21:30:00,8538.0,8542.0,8533.0,8537.0,3059.0,561327.0,560765.0
2026-07-06 21:35:00,8537.0,8550.0,8536.0,8549.0,5964.0,560765.0,561823.0
2026-07-06 21:40:00,8549.0,8555.0,8547.0,8549.0,9398.0,561823.0,562947.0
2026-07-06 21:45:00,8549.0,8558.0,8548.0,8549.0,6052.0,562947.0,564160.0
2026-07-06 21:50:00,8549.0,8551.0,8545.0,8548.0,2467.0,564160.0,563941.0
2026-07-06 21:55:00,8548.0,8551.0,8547.0,8548.0,2478.0,563941.0,564572.0
2026-07-06 22:00:00,8548.0,8549.0,8543.0,8544.0,2382.0,564572.0,564379.0
2026-07-06 22:05:00,8544.0,8549.0,8541.0,8543.0,2170.0,564379.0,564465.0
2026-07-06 22:10:00,8543.0,8550.0,8543.0,8545.0,1667.0,564465.0,564446.0
2026-07-06 22:15:00,8545.0,8552.0,8544.0,8551.0,2257.0,564446.0,564797.0
2026-07-06 22:20:00,8551.0,8555.0,8549.0,8550.0,3108.0,564797.0,564205.0
2026-07-06 22:25:00,8550.0,8555.0,8549.0,8552.0,1933.0,564205.0,564342.0
2026-07-06 22:30:00,8552.0,8553.0,8545.0,8552.0,2434.0,564342.0,564263.0
2026-07-06 22:35:00,8552.0,8563.0,8552.0,8562.0,4418.0,564263.0,565432.0
2026-07-06 22:40:00,8562.0,8562.0,8550.0,8551.0,2512.0,565432.0,564895.0
2026-07-06 22:45:00,8551.0,8558.0,8550.0,8556.0,1936.0,564895.0,564951.0
2026-07-06 22:50:00,8556.0,8560.0,8552.0,8556.0,2579.0,564951.0,564971.0
2026-07-06 22:55:00,8556.0,8560.0,8553.0,8555.0,2524.0,564971.0,564504.0
2026-07-07 09:00:00,8552.0,8560.0,8547.0,8552.0,7336.0,564504.0,564814.0
2026-07-07 09:05:00,8552.0,8557.0,8546.0,8549.0,4561.0,564814.0,564899.0
2026-07-07 09:10:00,8549.0,8552.0,8545.0,8550.0,4095.0,564899.0,565866.0
2026-07-07 09:15:00,8550.0,8552.0,8546.0,8548.0,2575.0,565866.0,566186.0
2026-07-07 09:20:00,8548.0,8551.0,8541.0,8550.0,5605.0,566186.0,567074.0
2026-07-07 09:25:00,8550.0,8563.0,8549.0,8563.0,5065.0,567074.0,568250.0
2026-07-07 09:30:00,8563.0,8575.0,8560.0,8571.0,6585.0,568250.0,569685.0
2026-07-07 09:35:00,8571.0,8575.0,8565.0,8574.0,5319.0,569685.0,570395.0
2026-07-07 09:40:00,8574.0,8576.0,8571.0,8576.0,3891.0,570395.0,571165.0
2026-07-07 09:45:00,8576.0,8587.0,8574.0,8586.0,10438.0,571165.0,573841.0
2026-07-07 09:50:00,8586.0,8588.0,8581.0,8586.0,5095.0,573841.0,574042.0
2026-07-07 09:55:00,8586.0,8587.0,8576.0,8578.0,5108.0,574042.0,573936.0
2026-07-07 10:00:00,8578.0,8585.0,8577.0,8581.0,4161.0,573936.0,574520.0
2026-07-07 10:05:00,8581.0,8588.0,8578.0,8586.0,3324.0,574520.0,575334.0
2026-07-07 10:10:00,8586.0,8592.0,8585.0,8587.0,4745.0,575334.0,576810.0
2026-07-07 10:30:00,8584.0,8589.0,8580.0,8583.0,4608.0,576810.0,577231.0
2026-07-07 10:35:00,8583.0,8586.0,8578.0,8578.0,2953.0,577231.0,577378.0
2026-07-07 10:40:00,8578.0,8585.0,8576.0,8585.0,2493.0,577378.0,577633.0
2026-07-07 10:45:00,8585.0,8591.0,8584.0,8587.0,3279.0,577633.0,577882.0
2026-07-07 10:50:00,8587.0,8590.0,8582.0,8587.0,2471.0,577882.0,577794.0
2026-07-07 10:55:00,8587.0,8589.0,8585.0,8587.0,1974.0,577794.0,578269.0
2026-07-07 11:00:00,8587.0,8595.0,8587.0,8594.0,4377.0,578269.0,579461.0
2026-07-07 11:05:00,8594.0,8594.0,8584.0,8588.0,2240.0,579461.0,579372.0
2026-07-07 11:10:00,8588.0,8593.0,8585.0,8590.0,1725.0,579372.0,579662.0
2026-07-07 11:15:00,8590.0,8590.0,8585.0,8585.0,1695.0,579662.0,579905.0
2026-07-07 11:20:00,8585.0,8590.0,8583.0,8586.0,2140.0,579905.0,580188.0
2026-07-07 11:25:00,8586.0,8587.0,8579.0,8581.0,3197.0,580188.0,580039.0
2026-07-07 13:30:00,8580.0,8586.0,8577.0,8584.0,5665.0,580039.0,581322.0
2026-07-07 13:35:00,8584.0,8585.0,8575.0,8577.0,2898.0,581322.0,581148.0
2026-07-07 13:40:00,8577.0,8580.0,8575.0,8577.0,2517.0,581148.0,581625.0
2026-07-07 13:45:00,8577.0,8581.0,8576.0,8580.0,2527.0,581625.0,581980.0
2026-07-07 13:50:00,8580.0,8583.0,8579.0,8580.0,1763.0,581980.0,582053.0
2026-07-07 13:55:00,8580.0,8586.0,8579.0,8585.0,1973.0,582053.0,582477.0
2026-07-07 14:00:00,8585.0,8587.0,8583.0,8584.0,1863.0,582477.0,582673.0
2026-07-07 14:05:00,8584.0,8584.0,8576.0,8578.0,2907.0,582673.0,582652.0
2026-07-07 14:10:00,8578.0,8581.0,8576.0,8576.0,2181.0,582652.0,582700.0
2026-07-07 14:15:00,8576.0,8588.0,8573.0,8587.0,3124.0,582700.0,582624.0
2026-07-07 14:20:00,8587.0,8594.0,8587.0,8594.0,4493.0,582624.0,584513.0
2026-07-07 14:25:00,8594.0,8597.0,8588.0,8596.0,4685.0,584513.0,585668.0
2026-07-07 14:30:00,8596.0,8598.0,8591.0,8591.0,3419.0,585668.0,586097.0
2026-07-07 14:35:00,8591.0,8595.0,8589.0,8591.0,2097.0,586097.0,586197.0
2026-07-07 14:40:00,8591.0,8593.0,8589.0,8592.0,2427.0,586197.0,586154.0
2026-07-07 14:45:00,8592.0,8596.0,8589.0,8591.0,2409.0,586154.0,586441.0
2026-07-07 14:50:00,8591.0,8592.0,8584.0,8587.0,4063.0,586441.0,586539.0
2026-07-07 14:55:00,8587.0,8592.0,8587.0,8587.0,5804.0,586539.0,586044.0
2026-07-07 21:00:00,8637.0,8637.0,8587.0,8599.0,24318.0,586044.0,589642.0
2026-07-07 21:05:00,8599.0,8599.0,8587.0,8593.0,6331.0,589642.0,590947.0
2026-07-07 21:10:00,8593.0,8598.0,8590.0,8595.0,3772.0,590947.0,590704.0
2026-07-07 21:15:00,8595.0,8599.0,8589.0,8590.0,4542.0,590704.0,590656.0
2026-07-07 21:20:00,8590.0,8598.0,8590.0,8596.0,2625.0,590656.0,590748.0
2026-07-07 21:25:00,8596.0,8596.0,8585.0,8590.0,3252.0,590748.0,590759.0
2026-07-07 21:30:00,8590.0,8590.0,8581.0,8583.0,5290.0,590759.0,591495.0
2026-07-07 21:35:00,8583.0,8588.0,8582.0,8585.0,2524.0,591495.0,592059.0
2026-07-07 21:40:00,8585.0,8591.0,8582.0,8583.0,2438.0,592059.0,592241.0
2026-07-07 21:45:00,8583.0,8583.0,8575.0,8576.0,5913.0,592241.0,593178.0
2026-07-07 21:50:00,8576.0,8579.0,8562.0,8565.0,6292.0,593178.0,593856.0
2026-07-07 21:55:00,8565.0,8576.0,8563.0,8575.0,4585.0,593856.0,593945.0
2026-07-07 22:00:00,8575.0,8582.0,8572.0,8578.0,4063.0,593945.0,594209.0
2026-07-07 22:05:00,8578.0,8583.0,8575.0,8578.0,2213.0,594209.0,594361.0
2026-07-07 22:10:00,8578.0,8580.0,8573.0,8574.0,1831.0,594361.0,594621.0
2026-07-07 22:15:00,8574.0,8574.0,8566.0,8567.0,2860.0,594621.0,594602.0
2026-07-07 22:20:00,8567.0,8575.0,8567.0,8573.0,2076.0,594602.0,594716.0
2026-07-07 22:25:00,8573.0,8573.0,8567.0,8572.0,1483.0,594716.0,595059.0
2026-07-07 22:30:00,8572.0,8576.0,8568.0,8569.0,1670.0,595059.0,595092.0
2026-07-07 22:35:00,8569.0,8571.0,8567.0,8568.0,1369.0,595092.0,595174.0
2026-07-07 22:40:00,8568.0,8572.0,8566.0,8569.0,1563.0,595174.0,595302.0
2026-07-07 22:45:00,8569.0,8574.0,8568.0,8574.0,1347.0,595302.0,595596.0
2026-07-07 22:50:00,8574.0,8574.0,8571.0,8574.0,1060.0,595596.0,595676.0
2026-07-07 22:55:00,8574.0,8576.0,8570.0,8572.0,1755.0,595676.0,595266.0
2026-07-08 09:00:00,8600.0,8606.0,8596.0,8596.0,15283.0,595266.0,596517.0
2026-07-08 09:05:00,8596.0,8602.0,8594.0,8602.0,4453.0,596517.0,597354.0
2026-07-08 09:10:00,8602.0,8605.0,8597.0,8600.0,3032.0,597354.0,597465.0
2026-07-08 09:15:00,8600.0,8601.0,8596.0,8598.0,2687.0,597465.0,597635.0
2026-07-08 09:20:00,8598.0,8602.0,8597.0,8597.0,2715.0,597635.0,597791.0
2026-07-08 09:25:00,8597.0,8607.0,8595.0,8607.0,3819.0,597791.0,597817.0
2026-07-08 09:30:00,8607.0,8614.0,8605.0,8614.0,5072.0,597817.0,598379.0
2026-07-08 09:35:00,8614.0,8616.0,8610.0,8612.0,3659.0,598379.0,598639.0
2026-07-08 09:40:00,8612.0,8615.0,8611.0,8614.0,2244.0,598639.0,598927.0
2026-07-08 09:45:00,8614.0,8620.0,8612.0,8618.0,3782.0,598927.0,599295.0
2026-07-08 09:50:00,8618.0,8622.0,8616.0,8622.0,4404.0,599295.0,600504.0
2026-07-08 09:55:00,8622.0,8626.0,8620.0,8625.0,3517.0,600504.0,600361.0
2026-07-08 10:00:00,8625.0,8630.0,8618.0,8629.0,5575.0,600361.0,601047.0
2026-07-08 10:05:00,8629.0,8634.0,8628.0,8630.0,6595.0,601047.0,602620.0
2026-07-08 10:10:00,8630.0,8633.0,8625.0,8625.0,3379.0,602620.0,602783.0
2026-07-08 10:30:00,8624.0,8626.0,8621.0,8624.0,8762.0,602783.0,601605.0
2026-07-08 10:35:00,8624.0,8633.0,8622.0,8633.0,4418.0,601605.0,602066.0
2026-07-08 10:40:00,8633.0,8637.0,8630.0,8632.0,5221.0,602066.0,603346.0
2026-07-08 10:45:00,8632.0,8645.0,8631.0,8640.0,5324.0,603346.0,604615.0
2026-07-08 10:50:00,8640.0,8644.0,8637.0,8640.0,2963.0,604615.0,605305.0
2026-07-08 10:55:00,8640.0,8644.0,8639.0,8644.0,2232.0,605305.0,605693.0
2026-07-08 11:00:00,8644.0,8645.0,8642.0,8642.0,2017.0,605693.0,606191.0
2026-07-08 11:05:00,8642.0,8648.0,8641.0,8647.0,3075.0,606191.0,606792.0
2026-07-08 11:10:00,8647.0,8650.0,8647.0,8648.0,3787.0,606792.0,608086.0
2026-07-08 11:15:00,8648.0,8648.0,8642.0,8646.0,2771.0,608086.0,608297.0
2026-07-08 11:20:00,8646.0,8647.0,8643.0,8645.0,2238.0,608297.0,608741.0
2026-07-08 11:25:00,8645.0,8650.0,8644.0,8646.0,3463.0,608741.0,609158.0
2026-07-08 13:30:00,8645.0,8648.0,8640.0,8644.0,5732.0,609158.0,609553.0
2026-07-08 13:35:00,8644.0,8647.0,8639.0,8643.0,3620.0,609553.0,609686.0
2026-07-08 13:40:00,8643.0,8643.0,8626.0,8631.0,5521.0,609686.0,608976.0
2026-07-08 13:45:00,8631.0,8632.0,8622.0,8629.0,6367.0,608976.0,609275.0
2026-07-08 13:50:00,8629.0,8636.0,8629.0,8633.0,2945.0,609275.0,608731.0
2026-07-08 13:55:00,8633.0,8634.0,8626.0,8631.0,2054.0,608731.0,608961.0
2026-07-08 14:00:00,8631.0,8635.0,8621.0,8622.0,3651.0,608961.0,608994.0
2026-07-08 14:05:00,8622.0,8626.0,8620.0,8624.0,3309.0,608994.0,609029.0
2026-07-08 14:10:00,8624.0,8627.0,8621.0,8626.0,1919.0,609029.0,609232.0
2026-07-08 14:15:00,8626.0,8628.0,8624.0,8628.0,1700.0,609232.0,609589.0
2026-07-08 14:20:00,8628.0,8632.0,8622.0,8631.0,3038.0,609589.0,610150.0
2026-07-08 14:25:00,8631.0,8632.0,8627.0,8632.0,1990.0,610150.0,610886.0
2026-07-08 14:30:00,8632.0,8634.0,8623.0,8627.0,2873.0,610886.0,611020.0
2026-07-08 14:35:00,8627.0,8630.0,8622.0,8623.0,2627.0,611020.0,610837.0
2026-07-08 14:40:00,8623.0,8627.0,8623.0,8626.0,2228.0,610837.0,610610.0
2026-07-08 14:45:00,8626.0,8630.0,8616.0,8621.0,5945.0,610610.0,610878.0
2026-07-08 14:50:00,8621.0,8623.0,8616.0,8620.0,4301.0,610878.0,610564.0
2026-07-08 14:55:00,8620.0,8621.0,8615.0,8616.0,4765.0,610564.0,609524.0
2026-07-08 21:00:00,8642.0,8649.0,8630.0,8641.0,14472.0,609524.0,610803.0
2026-07-08 21:05:00,8641.0,8654.0,8638.0,8640.0,9388.0,610803.0,611857.0
2026-07-08 21:10:00,8640.0,8652.0,8639.0,8642.0,6018.0,611857.0,612728.0
2026-07-08 21:15:00,8642.0,8646.0,8639.0,8642.0,3903.0,612728.0,612041.0
2026-07-08 21:20:00,8642.0,8643.0,8632.0,8635.0,3395.0,612041.0,611824.0
2026-07-08 21:25:00,8635.0,8638.0,8631.0,8635.0,2578.0,611824.0,611394.0
2026-07-08 21:30:00,8635.0,8640.0,8626.0,8627.0,5090.0,611394.0,611703.0
2026-07-08 21:35:00,8627.0,8634.0,8623.0,8633.0,4143.0,611703.0,612034.0
2026-07-08 21:40:00,8633.0,8634.0,8619.0,8619.0,3356.0,612034.0,612791.0
2026-07-08 21:45:00,8619.0,8624.0,8617.0,8622.0,3426.0,612791.0,613220.0
2026-07-08 21:50:00,8622.0,8624.0,8616.0,8623.0,2351.0,613220.0,613175.0
2026-07-08 21:55:00,8623.0,8626.0,8620.0,8624.0,2955.0,613175.0,613512.0
2026-07-08 22:00:00,8624.0,8625.0,8617.0,8618.0,2291.0,613512.0,613127.0
2026-07-08 22:05:00,8618.0,8628.0,8617.0,8626.0,2487.0,613127.0,613617.0
2026-07-08 22:10:00,8626.0,8628.0,8623.0,8628.0,1314.0,613617.0,613589.0
2026-07-08 22:15:00,8628.0,8629.0,8619.0,8624.0,4614.0,613589.0,613019.0
2026-07-08 22:20:00,8624.0,8637.0,8622.0,8636.0,3426.0,613019.0,612750.0
2026-07-08 22:25:00,8636.0,8646.0,8634.0,8645.0,4970.0,612750.0,612438.0
2026-07-08 22:30:00,8645.0,8653.0,8643.0,8651.0,4221.0,612438.0,613104.0
2026-07-08 22:35:00,8651.0,8656.0,8642.0,8642.0,5117.0,613104.0,612610.0
2026-07-08 22:40:00,8642.0,8646.0,8639.0,8646.0,2347.0,612610.0,612480.0
2026-07-08 22:45:00,8646.0,8647.0,8640.0,8645.0,1657.0,612480.0,612141.0
2026-07-08 22:50:00,8645.0,8648.0,8644.0,8646.0,1449.0,612141.0,612052.0
2026-07-08 22:55:00,8646.0,8657.0,8645.0,8648.0,4276.0,612052.0,612355.0
2026-07-09 09:00:00,8633.0,8645.0,8629.0,8631.0,11019.0,612355.0,613682.0
2026-07-09 09:05:00,8631.0,8637.0,8628.0,8632.0,3170.0,613682.0,613662.0
2026-07-09 09:10:00,8632.0,8640.0,8630.0,8639.0,2788.0,613662.0,613866.0
2026-07-09 09:15:00,8639.0,8643.0,8635.0,8637.0,2743.0,613866.0,614425.0
2026-07-09 09:20:00,8637.0,8639.0,8629.0,8638.0,3020.0,614425.0,614531.0
2026-07-09 09:25:00,8638.0,8639.0,8628.0,8634.0,3634.0,614531.0,614563.0
2026-07-09 09:30:00,8634.0,8635.0,8627.0,8628.0,2634.0,614563.0,614234.0
2026-07-09 09:35:00,8628.0,8631.0,8625.0,8630.0,2859.0,614234.0,614668.0
2026-07-09 09:40:00,8630.0,8632.0,8628.0,8629.0,1063.0,614668.0,614908.0
2026-07-09 09:45:00,8629.0,8633.0,8626.0,8630.0,1797.0,614908.0,614763.0
2026-07-09 09:50:00,8630.0,8630.0,8625.0,8626.0,2382.0,614763.0,615056.0
2026-07-09 09:55:00,8626.0,8627.0,8623.0,8625.0,1740.0,615056.0,615397.0
2026-07-09 10:00:00,8625.0,8628.0,8621.0,8627.0,2275.0,615397.0,615366.0
2026-07-09 10:05:00,8627.0,8632.0,8626.0,8628.0,1946.0,615366.0,615588.0
2026-07-09 10:10:00,8628.0,8631.0,8623.0,8628.0,1015.0,615588.0,615382.0
2026-07-09 10:30:00,8628.0,8632.0,8622.0,8623.0,2693.0,615382.0,614778.0
2026-07-09 10:35:00,8623.0,8630.0,8622.0,8628.0,1954.0,614778.0,614644.0
2026-07-09 10:40:00,8628.0,8630.0,8623.0,8623.0,1555.0,614644.0,614683.0
2026-07-09 10:45:00,8623.0,8626.0,8619.0,8626.0,3134.0,614683.0,614058.0
2026-07-09 10:50:00,8626.0,8630.0,8620.0,8621.0,2406.0,614058.0,614017.0
2026-07-09 10:55:00,8621.0,8622.0,8615.0,8620.0,3611.0,614017.0,613949.0
2026-07-09 11:00:00,8620.0,8625.0,8596.0,8600.0,9304.0,613949.0,612368.0
2026-07-09 11:05:00,8600.0,8602.0,8591.0,8592.0,5122.0,612368.0,612426.0
2026-07-09 11:10:00,8592.0,8593.0,8583.0,8584.0,6220.0,612426.0,611764.0
2026-07-09 11:15:00,8584.0,8600.0,8580.0,8599.0,6120.0,611764.0,610968.0
2026-07-09 11:20:00,8599.0,8601.0,8597.0,8597.0,2003.0,610968.0,610856.0
2026-07-09 11:25:00,8597.0,8602.0,8597.0,8600.0,2067.0,610856.0,610656.0
2026-07-09 13:30:00,8611.0,8614.0,8592.0,8593.0,4815.0,610656.0,610486.0
2026-07-09 13:35:00,8593.0,8599.0,8591.0,8598.0,2737.0,610486.0,609819.0
2026-07-09 13:40:00,8598.0,8604.0,8596.0,8600.0,2043.0,609819.0,609532.0
2026-07-09 13:45:00,8600.0,8604.0,8594.0,8601.0,2483.0,609532.0,609281.0
2026-07-09 13:50:00,8601.0,8603.0,8595.0,8595.0,2448.0,609281.0,608991.0
2026-07-09 13:55:00,8595.0,8599.0,8595.0,8598.0,1784.0,608991.0,608984.0
2026-07-09 14:00:00,8598.0,8612.0,8598.0,8612.0,2987.0,608984.0,609133.0
2026-07-09 14:05:00,8612.0,8614.0,8606.0,8608.0,3201.0,609133.0,609008.0
2026-07-09 14:10:00,8608.0,8611.0,8606.0,8609.0,1797.0,609008.0,609016.0
2026-07-09 14:15:00,8609.0,8612.0,8604.0,8606.0,1797.0,609016.0,608919.0
2026-07-09 14:20:00,8606.0,8609.0,8603.0,8608.0,1372.0,608919.0,609113.0
2026-07-09 14:25:00,8608.0,8609.0,8601.0,8601.0,1261.0,609113.0,609155.0
2026-07-09 14:30:00,8601.0,8605.0,8598.0,8599.0,3395.0,609155.0,609363.0
2026-07-09 14:35:00,8599.0,8608.0,8594.0,8606.0,3526.0,609363.0,609357.0
2026-07-09 14:40:00,8606.0,8612.0,8605.0,8610.0,1569.0,609357.0,609356.0
2026-07-09 14:45:00,8610.0,8612.0,8606.0,8610.0,2726.0,609356.0,609089.0
2026-07-09 14:50:00,8610.0,8614.0,8608.0,8612.0,2127.0,609089.0,609074.0
2026-07-09 14:55:00,8612.0,8615.0,8606.0,8610.0,4382.0,609074.0,608488.0
2026-07-09 21:00:00,8594.0,8611.0,8594.0,8610.0,12885.0,608488.0,608738.0
2026-07-09 21:05:00,8610.0,8616.0,8598.0,8598.0,5849.0,608738.0,609721.0
2026-07-09 21:10:00,8598.0,8610.0,8598.0,8606.0,4149.0,609721.0,610573.0
2026-07-09 21:15:00,8606.0,8608.0,8592.0,8595.0,5446.0,610573.0,610838.0
2026-07-09 21:20:00,8595.0,8603.0,8593.0,8593.0,3470.0,610838.0,611345.0
2026-07-09 21:25:00,8593.0,8599.0,8592.0,8596.0,3431.0,611345.0,611406.0
2026-07-09 21:30:00,8596.0,8608.0,8594.0,8598.0,4478.0,611406.0,612244.0
2026-07-09 21:35:00,8598.0,8603.0,8598.0,8599.0,2212.0,612244.0,612076.0
2026-07-09 21:40:00,8599.0,8599.0,8586.0,8591.0,3988.0,612076.0,611966.0
2026-07-09 21:45:00,8591.0,8594.0,8588.0,8588.0,2581.0,611966.0,611398.0
2026-07-09 21:50:00,8588.0,8597.0,8587.0,8597.0,2053.0,611398.0,611036.0
2026-07-09 21:55:00,8597.0,8598.0,8590.0,8593.0,1980.0,611036.0,610707.0
2026-07-09 22:00:00,8593.0,8595.0,8588.0,8588.0,1668.0,610707.0,610749.0
2026-07-09 22:05:00,8588.0,8597.0,8588.0,8591.0,2064.0,610749.0,610501.0
2026-07-09 22:10:00,8591.0,8593.0,8585.0,8591.0,1793.0,610501.0,610310.0
2026-07-09 22:15:00,8591.0,8595.0,8590.0,8593.0,1223.0,610310.0,610537.0
2026-07-09 22:20:00,8593.0,8595.0,8587.0,8590.0,1404.0,610537.0,610492.0
2026-07-09 22:25:00,8590.0,8593.0,8589.0,8591.0,1420.0,610492.0,610740.0
2026-07-09 22:30:00,8591.0,8592.0,8585.0,8588.0,1476.0,610740.0,610804.0
2026-07-09 22:35:00,8588.0,8592.0,8584.0,8586.0,3027.0,610804.0,611274.0
2026-07-09 22:40:00,8586.0,8590.0,8585.0,8586.0,1790.0,611274.0,611171.0
2026-07-09 22:45:00,8586.0,8596.0,8585.0,8595.0,1354.0,611171.0,610988.0
2026-07-09 22:50:00,8595.0,8598.0,8587.0,8588.0,2514.0,610988.0,610764.0
2026-07-09 22:55:00,8588.0,8595.0,8588.0,8593.0,1741.0,610764.0,610369.0
2026-07-10 09:00:00,8582.0,8582.0,8563.0,8566.0,14941.0,610369.0,612894.0
2026-07-10 09:05:00,8566.0,8566.0,8551.0,8563.0,9976.0,612894.0,612062.0
2026-07-10 09:10:00,8563.0,8565.0,8556.0,8558.0,5344.0,612062.0,612780.0
2026-07-10 09:15:00,8558.0,8565.0,8557.0,8563.0,3417.0,612780.0,612587.0
2026-07-10 09:20:00,8563.0,8577.0,8562.0,8576.0,4150.0,612587.0,612021.0
2026-07-10 09:25:00,8576.0,8577.0,8572.0,8576.0,1960.0,612021.0,611853.0
2026-07-10 09:30:00,8576.0,8577.0,8570.0,8574.0,2808.0,611853.0,611311.0
2026-07-10 09:35:00,8574.0,8580.0,8573.0,8579.0,1879.0,611311.0,611183.0
2026-07-10 09:40:00,8579.0,8588.0,8579.0,8585.0,2675.0,611183.0,611113.0
2026-07-10 09:45:00,8585.0,8588.0,8581.0,8583.0,2658.0,611113.0,611111.0
2026-07-10 09:50:00,8583.0,8585.0,8572.0,8572.0,3590.0,611111.0,611313.0
2026-07-10 09:55:00,8572.0,8572.0,8564.0,8567.0,3991.0,611313.0,611343.0
2026-07-10 10:00:00,8567.0,8570.0,8563.0,8567.0,3986.0,611343.0,612317.0
2026-07-10 10:05:00,8567.0,8575.0,8564.0,8572.0,2971.0,612317.0,612096.0
2026-07-10 10:10:00,8572.0,8578.0,8572.0,8575.0,1860.0,612096.0,612006.0
2026-07-10 10:30:00,8575.0,8579.0,8568.0,8575.0,3726.0,612006.0,612041.0
2026-07-10 10:35:00,8575.0,8581.0,8572.0,8572.0,2866.0,612041.0,611715.0
2026-07-10 10:40:00,8572.0,8579.0,8568.0,8578.0,1546.0,611715.0,611739.0
2026-07-10 10:45:00,8578.0,8582.0,8575.0,8579.0,2630.0,611739.0,611162.0
2026-07-10 10:50:00,8579.0,8584.0,8578.0,8579.0,2172.0,611162.0,610847.0
2026-07-10 10:55:00,8579.0,8584.0,8575.0,8583.0,2066.0,610847.0,610722.0
2026-07-10 11:00:00,8583.0,8588.0,8577.0,8581.0,2423.0,610722.0,610823.0
2026-07-10 11:05:00,8581.0,8586.0,8571.0,8573.0,4633.0,610823.0,611458.0
2026-07-10 11:10:00,8573.0,8579.0,8571.0,8573.0,2188.0,611458.0,611299.0
2026-07-10 11:15:00,8573.0,8575.0,8565.0,8567.0,2340.0,611299.0,611547.0
2026-07-10 11:20:00,8567.0,8571.0,8562.0,8563.0,2355.0,611547.0,611552.0
2026-07-10 11:25:00,8563.0,8569.0,8563.0,8569.0,1731.0,611552.0,611408.0
2026-07-10 13:30:00,8563.0,8575.0,8555.0,8573.0,7213.0,611408.0,610327.0
2026-07-10 13:35:00,8573.0,8575.0,8567.0,8567.0,2441.0,610327.0,610212.0
2026-07-10 13:40:00,8567.0,8567.0,8555.0,8558.0,3814.0,610212.0,609932.0
2026-07-10 13:45:00,8558.0,8559.0,8546.0,8546.0,6111.0,609932.0,610008.0
2026-07-10 13:50:00,8546.0,8550.0,8540.0,8549.0,6052.0,610008.0,609743.0
2026-07-10 13:55:00,8549.0,8550.0,8534.0,8544.0,7860.0,609743.0,607339.0
2026-07-10 14:00:00,8544.0,8544.0,8535.0,8537.0,3758.0,607339.0,606890.0
2026-07-10 14:05:00,8537.0,8538.0,8528.0,8531.0,6830.0,606890.0,604923.0
2026-07-10 14:10:00,8531.0,8535.0,8527.0,8533.0,4225.0,604923.0,604725.0
2026-07-10 14:15:00,8533.0,8536.0,8527.0,8531.0,3445.0,604725.0,603806.0
2026-07-10 14:20:00,8531.0,8538.0,8530.0,8536.0,2986.0,603806.0,603045.0
2026-07-10 14:25:00,8536.0,8543.0,8536.0,8542.0,2642.0,603045.0,602791.0
2026-07-10 14:30:00,8542.0,8545.0,8537.0,8543.0,4570.0,602791.0,602345.0
2026-07-10 14:35:00,8543.0,8543.0,8530.0,8534.0,3768.0,602345.0,602166.0
2026-07-10 14:40:00,8534.0,8549.0,8534.0,8548.0,4164.0,602166.0,601934.0
2026-07-10 14:45:00,8548.0,8550.0,8544.0,8546.0,3355.0,601934.0,601347.0
2026-07-10 14:50:00,8546.0,8548.0,8542.0,8543.0,3858.0,601347.0,600784.0
2026-07-10 14:55:00,8543.0,8548.0,8541.0,8543.0,4775.0,600784.0,600233.0
2026-07-10 21:00:00,8566.0,8568.0,8544.0,8549.0,14608.0,600233.0,599774.0
2026-07-10 21:05:00,8549.0,8552.0,8542.0,8544.0,3353.0,599774.0,599420.0
2026-07-10 21:10:00,8544.0,8547.0,8538.0,8539.0,5618.0,599420.0,597455.0
2026-07-10 21:15:00,8539.0,8552.0,8539.0,8551.0,4877.0,597455.0,596891.0
2026-07-10 21:20:00,8551.0,8554.0,8550.0,8551.0,1891.0,596891.0,596820.0
2026-07-10 21:25:00,8551.0,8552.0,8545.0,8546.0,1614.0,596820.0,596865.0
2026-07-10 21:30:00,8546.0,8554.0,8546.0,8550.0,3009.0,596865.0,596524.0
2026-07-10 21:35:00,8550.0,8550.0,8533.0,8534.0,4460.0,596524.0,595803.0
2026-07-10 21:40:00,8534.0,8541.0,8534.0,8539.0,1887.0,595803.0,595656.0
2026-07-10 21:45:00,8539.0,8542.0,8538.0,8539.0,1321.0,595656.0,595532.0
2026-07-10 21:50:00,8539.0,8546.0,8537.0,8545.0,1380.0,595532.0,595400.0
2026-07-10 21:55:00,8545.0,8548.0,8541.0,8545.0,1502.0,595400.0,595251.0
2026-07-10 22:00:00,8545.0,8558.0,8545.0,8555.0,2527.0,595251.0,595208.0
2026-07-10 22:05:00,8555.0,8558.0,8551.0,8554.0,1797.0,595208.0,595055.0
2026-07-10 22:10:00,8554.0,8562.0,8553.0,8561.0,2402.0,595055.0,595054.0
2026-07-10 22:15:00,8561.0,8563.0,8554.0,8554.0,2261.0,595054.0,594783.0
2026-07-10 22:20:00,8554.0,8562.0,8554.0,8559.0,1593.0,594783.0,594725.0
2026-07-10 22:25:00,8559.0,8562.0,8556.0,8559.0,1092.0,594725.0,594686.0
2026-07-10 22:30:00,8559.0,8567.0,8557.0,8564.0,3788.0,594686.0,593989.0
2026-07-10 22:35:00,8564.0,8564.0,8558.0,8560.0,1017.0,593989.0,593943.0
2026-07-10 22:40:00,8560.0,8570.0,8560.0,8569.0,2305.0,593943.0,593737.0
2026-07-10 22:45:00,8569.0,8571.0,8564.0,8570.0,2620.0,593737.0,593127.0
2026-07-10 22:50:00,8570.0,8570.0,8564.0,8566.0,1926.0,593127.0,592960.0
2026-07-10 22:55:00,8566.0,8570.0,8564.0,8568.0,2345.0,592960.0,592317.0
2026-07-13 09:00:00,8600.0,8619.0,8597.0,8599.0,16607.0,592317.0,592844.0
2026-07-13 09:05:00,8599.0,8602.0,8593.0,8602.0,6023.0,592844.0,592436.0
2026-07-13 09:10:00,8602.0,8612.0,8600.0,8605.0,8488.0,592436.0,591649.0
2026-07-13 09:15:00,8605.0,8607.0,8601.0,8601.0,3702.0,591649.0,591433.0
2026-07-13 09:20:00,8601.0,8612.0,8601.0,8610.0,4828.0,591433.0,591609.0
2026-07-13 09:25:00,8610.0,8610.0,8597.0,8601.0,3619.0,591609.0,591798.0
2026-07-13 09:30:00,8601.0,8606.0,8599.0,8600.0,2524.0,591798.0,591594.0
2026-07-13 09:35:00,8600.0,8609.0,8594.0,8595.0,4914.0,591594.0,591899.0
2026-07-13 09:40:00,8595.0,8599.0,8589.0,8590.0,2950.0,591899.0,591898.0
2026-07-13 09:45:00,8590.0,8600.0,8589.0,8600.0,2180.0,591898.0,591415.0
2026-07-13 09:50:00,8600.0,8600.0,8591.0,8591.0,2155.0,591415.0,591801.0
2026-07-13 09:55:00,8591.0,8596.0,8587.0,8587.0,2845.0,591801.0,591618.0
2026-07-13 10:00:00,8587.0,8592.0,8584.0,8591.0,3002.0,591618.0,591382.0
2026-07-13 10:05:00,8591.0,8594.0,8586.0,8590.0,1915.0,591382.0,591374.0
2026-07-13 10:10:00,8590.0,8593.0,8586.0,8588.0,1664.0,591374.0,591207.0
2026-07-13 10:30:00,8588.0,8589.0,8576.0,8589.0,6495.0,591207.0,590576.0
2026-07-13 10:35:00,8589.0,8593.0,8585.0,8591.0,2431.0,590576.0,590474.0
2026-07-13 10:40:00,8591.0,8593.0,8590.0,8592.0,1231.0,590474.0,590286.0
2026-07-13 10:45:00,8592.0,8593.0,8581.0,8585.0,1821.0,590286.0,590111.0
2026-07-13 10:50:00,8585.0,8593.0,8584.0,8589.0,1441.0,590111.0,589846.0
2026-07-13 10:55:00,8589.0,8589.0,8582.0,8586.0,1456.0,589846.0,589907.0
2026-07-13 11:00:00,8586.0,8586.0,8577.0,8578.0,2275.0,589907.0,589540.0
2026-07-13 11:05:00,8578.0,8579.0,8574.0,8577.0,1578.0,589540.0,589234.0
2026-07-13 11:10:00,8577.0,8577.0,8566.0,8571.0,2870.0,589234.0,588923.0
2026-07-13 11:15:00,8571.0,8574.0,8569.0,8572.0,1935.0,588923.0,588642.0
2026-07-13 11:20:00,8572.0,8577.0,8570.0,8575.0,2101.0,588642.0,588062.0
2026-07-13 11:25:00,8575.0,8580.0,8570.0,8570.0,2366.0,588062.0,587708.0
2026-07-13 13:30:00,8576.0,8585.0,8570.0,8574.0,3988.0,587708.0,587698.0
2026-07-13 13:35:00,8574.0,8577.0,8571.0,8576.0,1901.0,587698.0,587644.0
2026-07-13 13:40:00,8576.0,8578.0,8567.0,8577.0,1937.0,587644.0,587579.0
2026-07-13 13:45:00,8577.0,8578.0,8567.0,8571.0,2454.0,587579.0,587065.0
2026-07-13 13:50:00,8571.0,8575.0,8569.0,8573.0,1164.0,587065.0,586762.0
2026-07-13 13:55:00,8573.0,8573.0,8568.0,8571.0,1725.0,586762.0,586558.0
2026-07-13 14:00:00,8571.0,8573.0,8568.0,8568.0,1333.0,586558.0,586617.0
2026-07-13 14:05:00,8568.0,8569.0,8561.0,8567.0,2785.0,586617.0,585993.0
2026-07-13 14:10:00,8567.0,8568.0,8555.0,8557.0,3244.0,585993.0,585983.0
2026-07-13 14:15:00,8557.0,8563.0,8554.0,8560.0,1806.0,585983.0,585937.0
2026-07-13 14:20:00,8560.0,8561.0,8551.0,8557.0,3531.0,585937.0,585496.0
2026-07-13 14:25:00,8557.0,8560.0,8553.0,8560.0,1878.0,585496.0,585698.0
2026-07-13 14:30:00,8560.0,8560.0,8553.0,8558.0,1740.0,585698.0,585374.0
2026-07-13 14:35:00,8558.0,8561.0,8555.0,8560.0,1822.0,585374.0,584995.0
2026-07-13 14:40:00,8560.0,8561.0,8555.0,8559.0,2124.0,584995.0,584394.0
2026-07-13 14:45:00,8559.0,8566.0,8557.0,8564.0,2193.0,584394.0,584126.0
2026-07-13 14:50:00,8564.0,8569.0,8563.0,8569.0,2406.0,584126.0,583959.0
2026-07-13 14:55:00,8569.0,8569.0,8566.0,8568.0,2883.0,583959.0,583124.0
2026-07-13 21:00:00,8600.0,8600.0,8580.0,8588.0,16404.0,583124.0,583621.0
2026-07-13 21:05:00,8588.0,8592.0,8579.0,8583.0,5612.0,583621.0,583328.0
2026-07-13 21:10:00,8583.0,8587.0,8580.0,8581.0,3060.0,583328.0,583285.0
2026-07-13 21:15:00,8581.0,8583.0,8577.0,8583.0,2323.0,583285.0,583425.0
2026-07-13 21:20:00,8583.0,8586.0,8581.0,8584.0,2110.0,583425.0,583454.0
2026-07-13 21:25:00,8584.0,8585.0,8580.0,8582.0,2008.0,583454.0,583442.0
2026-07-13 21:30:00,8582.0,8590.0,8580.0,8580.0,3902.0,583442.0,583446.0
2026-07-13 21:35:00,8580.0,8588.0,8579.0,8587.0,2307.0,583446.0,583413.0
2026-07-13 21:40:00,8587.0,8590.0,8583.0,8585.0,2640.0,583413.0,583520.0
2026-07-13 21:45:00,8585.0,8587.0,8577.0,8579.0,2852.0,583520.0,583400.0
2026-07-13 21:50:00,8579.0,8582.0,8567.0,8569.0,3603.0,583400.0,583247.0
2026-07-13 21:55:00,8569.0,8575.0,8566.0,8566.0,2034.0,583247.0,583451.0
2026-07-13 22:00:00,8566.0,8567.0,8557.0,8558.0,4111.0,583451.0,583434.0
2026-07-13 22:05:00,8558.0,8573.0,8557.0,8573.0,2704.0,583434.0,583114.0
2026-07-13 22:10:00,8573.0,8578.0,8570.0,8571.0,1912.0,583114.0,583047.0
2026-07-13 22:15:00,8571.0,8579.0,8565.0,8578.0,4019.0,583047.0,582910.0
2026-07-13 22:20:00,8578.0,8585.0,8574.0,8581.0,3005.0,582910.0,582823.0
2026-07-13 22:25:00,8581.0,8593.0,8579.0,8590.0,4089.0,582823.0,582989.0
2026-07-13 22:30:00,8590.0,8593.0,8586.0,8588.0,2267.0,582989.0,583015.0
2026-07-13 22:35:00,8588.0,8593.0,8585.0,8585.0,2012.0,583015.0,582906.0
2026-07-13 22:40:00,8585.0,8586.0,8581.0,8584.0,1490.0,582906.0,582544.0
2026-07-13 22:45:00,8584.0,8584.0,8580.0,8582.0,1133.0,582544.0,582203.0
2026-07-13 22:50:00,8582.0,8589.0,8581.0,8586.0,1361.0,582203.0,582001.0
2026-07-13 22:55:00,8586.0,8588.0,8584.0,8587.0,1372.0,582001.0,581595.0
2026-07-14 09:00:00,8606.0,8612.0,8597.0,8611.0,13861.0,581595.0,582451.0
2026-07-14 09:05:00,8611.0,8614.0,8595.0,8596.0,5458.0,582451.0,582666.0
2026-07-14 09:10:00,8596.0,8599.0,8593.0,8596.0,4639.0,582666.0,582945.0
2026-07-14 09:15:00,8596.0,8599.0,8593.0,8595.0,3570.0,582945.0,583641.0
2026-07-14 09:20:00,8595.0,8598.0,8589.0,8594.0,3941.0,583641.0,584118.0
2026-07-14 09:25:00,8594.0,8605.0,8593.0,8603.0,2783.0,584118.0,584533.0
2026-07-14 09:30:00,8603.0,8604.0,8590.0,8590.0,3519.0,584533.0,584077.0
2026-07-14 09:35:00,8590.0,8598.0,8589.0,8594.0,1568.0,584077.0,584080.0
2026-07-14 09:40:00,8594.0,8596.0,8590.0,8592.0,1942.0,584080.0,584063.0
2026-07-14 09:45:00,8592.0,8593.0,8583.0,8583.0,2530.0,584063.0,583377.0
2026-07-14 09:50:00,8583.0,8587.0,8578.0,8579.0,2926.0,583377.0,583032.0
2026-07-14 09:55:00,8579.0,8593.0,8578.0,8590.0,3198.0,583032.0,582892.0
2026-07-14 10:00:00,8590.0,8592.0,8583.0,8590.0,2370.0,582892.0,582614.0
2026-07-14 10:05:00,8590.0,8592.0,8583.0,8584.0,1552.0,582614.0,582558.0
2026-07-14 10:10:00,8584.0,8589.0,8581.0,8589.0,1686.0,582558.0,582300.0
2026-07-14 10:30:00,8588.0,8593.0,8587.0,8587.0,3176.0,582300.0,581957.0
2026-07-14 10:35:00,8587.0,8598.0,8584.0,8597.0,2230.0,581957.0,581797.0
2026-07-14 10:40:00,8597.0,8605.0,8596.0,8604.0,3875.0,581797.0,582094.0
2026-07-14 10:45:00,8604.0,8605.0,8594.0,8597.0,2201.0,582094.0,581968.0
2026-07-14 10:50:00,8597.0,8600.0,8594.0,8600.0,1777.0,581968.0,582022.0
2026-07-14 10:55:00,8600.0,8602.0,8585.0,8585.0,2732.0,582022.0,581878.0
2026-07-14 11:00:00,8585.0,8590.0,8583.0,8583.0,3035.0,581878.0,581336.0
2026-07-14 11:05:00,8583.0,8594.0,8583.0,8591.0,2140.0,581336.0,580919.0
2026-07-14 11:10:00,8591.0,8593.0,8582.0,8585.0,1871.0,580919.0,580821.0
2026-07-14 11:15:00,8585.0,8599.0,8585.0,8595.0,2087.0,580821.0,580766.0
2026-07-14 11:20:00,8595.0,8597.0,8591.0,8592.0,1107.0,580766.0,580456.0
2026-07-14 11:25:00,8592.0,8597.0,8590.0,8591.0,1366.0,580456.0,580321.0
2026-07-14 13:30:00,8596.0,8599.0,8590.0,8594.0,2968.0,580321.0,580355.0
2026-07-14 13:35:00,8594.0,8594.0,8583.0,8586.0,2069.0,580355.0,579985.0
2026-07-14 13:40:00,8586.0,8589.0,8580.0,8580.0,2249.0,579985.0,579939.0
2026-07-14 13:45:00,8580.0,8584.0,8572.0,8583.0,3720.0,579939.0,579129.0
2026-07-14 13:50:00,8583.0,8589.0,8581.0,8587.0,1755.0,579129.0,579118.0
2026-07-14 13:55:00,8587.0,8592.0,8587.0,8589.0,1609.0,579118.0,579499.0
2026-07-14 14:00:00,8589.0,8601.0,8589.0,8599.0,3772.0,579499.0,579502.0
2026-07-14 14:05:00,8599.0,8605.0,8598.0,8600.0,3744.0,579502.0,579673.0
2026-07-14 14:10:00,8600.0,8603.0,8596.0,8603.0,2308.0,579673.0,579972.0
2026-07-14 14:15:00,8603.0,8609.0,8599.0,8602.0,3534.0,579972.0,580365.0
2026-07-14 14:20:00,8602.0,8609.0,8601.0,8608.0,5191.0,580365.0,580306.0
2026-07-14 14:25:00,8608.0,8612.0,8606.0,8607.0,4070.0,580306.0,581192.0
2026-07-14 14:30:00,8607.0,8608.0,8603.0,8603.0,2270.0,581192.0,581073.0
2026-07-14 14:35:00,8603.0,8610.0,8601.0,8610.0,1944.0,581073.0,581237.0
2026-07-14 14:40:00,8610.0,8612.0,8604.0,8607.0,1863.0,581237.0,581078.0
2026-07-14 14:45:00,8607.0,8610.0,8601.0,8606.0,4297.0,581078.0,580571.0
2026-07-14 14:50:00,8606.0,8609.0,8601.0,8602.0,4124.0,580571.0,579624.0
2026-07-14 14:55:00,8602.0,8608.0,8599.0,8608.0,5507.0,579624.0,577068.0
2026-07-14 21:00:00,8598.0,8607.0,8594.0,8602.0,13261.0,577068.0,576262.0
2026-07-14 21:05:00,8602.0,8608.0,8599.0,8607.0,4560.0,576262.0,576471.0
2026-07-14 21:10:00,8607.0,8609.0,8600.0,8601.0,3044.0,576471.0,576360.0
2026-07-14 21:15:00,8601.0,8606.0,8597.0,8604.0,3992.0,576360.0,575872.0
2026-07-14 21:20:00,8604.0,8605.0,8593.0,8595.0,2823.0,575872.0,575373.0
2026-07-14 21:25:00,8595.0,8598.0,8592.0,8596.0,2244.0,575373.0,575350.0
2026-07-14 21:30:00,8596.0,8615.0,8594.0,8614.0,5260.0,575350.0,576485.0
2026-07-14 21:35:00,8614.0,8622.0,8607.0,8608.0,6251.0,576485.0,577414.0
2026-07-14 21:40:00,8608.0,8617.0,8606.0,8607.0,2828.0,577414.0,577247.0
2026-07-14 21:45:00,8607.0,8617.0,8603.0,8615.0,2991.0,577247.0,576942.0
2026-07-14 21:50:00,8615.0,8624.0,8612.0,8616.0,4824.0,576942.0,577793.0
2026-07-14 21:55:00,8616.0,8618.0,8612.0,8613.0,1921.0,577793.0,577728.0
2026-07-14 22:00:00,8613.0,8614.0,8605.0,8609.0,2812.0,577728.0,577186.0
2026-07-14 22:05:00,8609.0,8611.0,8604.0,8608.0,2574.0,577186.0,576956.0
2026-07-14 22:10:00,8608.0,8615.0,8605.0,8610.0,1559.0,576956.0,577062.0
2026-07-14 22:15:00,8610.0,8613.0,8599.0,8604.0,3252.0,577062.0,576401.0
2026-07-14 22:20:00,8604.0,8607.0,8601.0,8602.0,1424.0,576401.0,576315.0
2026-07-14 22:25:00,8602.0,8604.0,8588.0,8592.0,3852.0,576315.0,575254.0
2026-07-14 22:30:00,8592.0,8597.0,8589.0,8595.0,2824.0,575254.0,575253.0
2026-07-14 22:35:00,8595.0,8601.0,8593.0,8595.0,1731.0,575253.0,575211.0
2026-07-14 22:40:00,8595.0,8601.0,8594.0,8600.0,1373.0,575211.0,575258.0
2026-07-14 22:45:00,8600.0,8605.0,8598.0,8604.0,2008.0,575258.0,574885.0
2026-07-14 22:50:00,8604.0,8604.0,8598.0,8600.0,880.0,574885.0,574669.0
2026-07-14 22:55:00,8600.0,8605.0,8599.0,8603.0,1684.0,574669.0,574407.0
2026-07-15 09:00:00,8613.0,8621.0,8612.0,8617.0,8805.0,574407.0,575565.0
2026-07-15 09:05:00,8617.0,8620.0,8604.0,8606.0,5408.0,575565.0,576750.0
2026-07-15 09:10:00,8606.0,8609.0,8603.0,8607.0,4142.0,576750.0,577178.0
2026-07-15 09:15:00,8607.0,8608.0,8599.0,8600.0,2094.0,577178.0,577026.0
2026-07-15 09:20:00,8600.0,8600.0,8590.0,8598.0,4905.0,577026.0,576640.0
2026-07-15 09:25:00,8598.0,8598.0,8591.0,8594.0,3089.0,576640.0,575840.0
2026-07-15 09:30:00,8594.0,8602.0,8594.0,8601.0,2485.0,575840.0,575601.0
2026-07-15 09:35:00,8601.0,8606.0,8599.0,8605.0,1893.0,575601.0,575723.0
2026-07-15 09:40:00,8605.0,8605.0,8598.0,8599.0,2133.0,575723.0,576089.0
2026-07-15 09:45:00,8599.0,8606.0,8597.0,8602.0,1593.0,576089.0,576042.0
2026-07-15 09:50:00,8602.0,8603.0,8597.0,8599.0,1300.0,576042.0,576018.0
2026-07-15 09:55:00,8599.0,8601.0,8592.0,8594.0,3120.0,576018.0,575840.0
2026-07-15 10:00:00,8594.0,8600.0,8591.0,8599.0,2089.0,575840.0,575371.0
2026-07-15 10:05:00,8599.0,8600.0,8584.0,8588.0,4148.0,575371.0,574851.0
2026-07-15 10:10:00,8588.0,8597.0,8585.0,8597.0,1980.0,574851.0,574688.0
2026-07-15 10:30:00,8597.0,8601.0,8593.0,8598.0,3188.0,574688.0,574418.0
2026-07-15 10:35:00,8598.0,8603.0,8597.0,8602.0,2578.0,574418.0,574523.0
2026-07-15 10:40:00,8602.0,8602.0,8593.0,8597.0,3519.0,574523.0,573456.0
2026-07-15 10:45:00,8597.0,8604.0,8596.0,8597.0,2474.0,573456.0,573335.0
2026-07-15 10:50:00,8597.0,8608.0,8594.0,8600.0,2980.0,573335.0,573259.0
2026-07-15 10:55:00,8600.0,8606.0,8596.0,8604.0,1340.0,573259.0,573196.0
2026-07-15 11:00:00,8604.0,8610.0,8600.0,8601.0,2616.0,573196.0,573415.0
2026-07-15 11:05:00,8601.0,8605.0,8598.0,8602.0,1205.0,573415.0,573091.0
2026-07-15 11:10:00,8602.0,8607.0,8602.0,8603.0,956.0,573091.0,573201.0
2026-07-15 11:15:00,8603.0,8604.0,8594.0,8598.0,1806.0,573201.0,573206.0
2026-07-15 11:20:00,8598.0,8603.0,8595.0,8601.0,2512.0,573206.0,573401.0
2026-07-15 11:25:00,8601.0,8603.0,8597.0,8599.0,1377.0,573401.0,573255.0
2026-07-15 13:30:00,8600.0,8603.0,8596.0,8600.0,1904.0,573255.0,572650.0
2026-07-15 13:35:00,8600.0,8601.0,8591.0,8591.0,2076.0,572650.0,572432.0
2026-07-15 13:40:00,8591.0,8596.0,8587.0,8594.0,2891.0,572432.0,572391.0
2026-07-15 13:45:00,8594.0,8600.0,8594.0,8596.0,2165.0,572391.0,572042.0
2026-07-15 13:50:00,8596.0,8599.0,8591.0,8592.0,1947.0,572042.0,572075.0
2026-07-15 13:55:00,8592.0,8596.0,8588.0,8591.0,2348.0,572075.0,571942.0
2026-07-15 14:00:00,8591.0,8593.0,8581.0,8585.0,4096.0,571942.0,572091.0
2026-07-15 14:05:00,8585.0,8592.0,8580.0,8580.0,3426.0,572091.0,572430.0
2026-07-15 14:10:00,8580.0,8582.0,8576.0,8579.0,4031.0,572430.0,571956.0
2026-07-15 14:15:00,8579.0,8585.0,8574.0,8582.0,3266.0,571956.0,571573.0
2026-07-15 14:20:00,8582.0,8583.0,8578.0,8583.0,2419.0,571573.0,570996.0
2026-07-15 14:25:00,8583.0,8587.0,8580.0,8584.0,2190.0,570996.0,570439.0
2026-07-15 14:30:00,8584.0,8587.0,8581.0,8587.0,2894.0,570439.0,569603.0
2026-07-15 14:35:00,8587.0,8593.0,8585.0,8591.0,2852.0,569603.0,569129.0
2026-07-15 14:40:00,8591.0,8596.0,8587.0,8591.0,2969.0,569129.0,568461.0
2026-07-15 14:45:00,8591.0,8595.0,8588.0,8595.0,3613.0,568461.0,568632.0
2026-07-15 14:50:00,8595.0,8598.0,8592.0,8597.0,2756.0,568632.0,568398.0
2026-07-15 14:55:00,8597.0,8600.0,8596.0,8598.0,3752.0,568398.0,567780.0
2026-07-15 21:00:00,8598.0,8603.0,8589.0,8593.0,9871.0,567780.0,569073.0
2026-07-15 21:05:00,8593.0,8601.0,8593.0,8600.0,4524.0,569073.0,569438.0
2026-07-15 21:10:00,8600.0,8609.0,8596.0,8596.0,5520.0,569438.0,570377.0
2026-07-15 21:15:00,8596.0,8604.0,8596.0,8597.0,2627.0,570377.0,570616.0
2026-07-15 21:20:00,8597.0,8600.0,8594.0,8594.0,1719.0,570616.0,570861.0
2026-07-15 21:25:00,8594.0,8600.0,8592.0,8594.0,2466.0,570861.0,571046.0
2026-07-15 21:30:00,8594.0,8594.0,8583.0,8583.0,5563.0,571046.0,570977.0
2026-07-15 21:35:00,8583.0,8586.0,8580.0,8585.0,3022.0,570977.0,570655.0
2026-07-15 21:40:00,8585.0,8588.0,8579.0,8588.0,2802.0,570655.0,570379.0
2026-07-15 21:45:00,8588.0,8591.0,8582.0,8583.0,3098.0,570379.0,570424.0
2026-07-15 21:50:00,8583.0,8589.0,8581.0,8586.0,1387.0,570424.0,570372.0
2026-07-15 21:55:00,8586.0,8593.0,8582.0,8591.0,4582.0,570372.0,569395.0
2026-07-15 22:00:00,8591.0,8592.0,8585.0,8589.0,2723.0,569395.0,568968.0
2026-07-15 22:05:00,8589.0,8591.0,8586.0,8587.0,1233.0,568968.0,568870.0
2026-07-15 22:10:00,8587.0,8595.0,8587.0,8592.0,2035.0,568870.0,568489.0
2026-07-15 22:15:00,8592.0,8594.0,8589.0,8589.0,1404.0,568489.0,568371.0
2026-07-15 22:20:00,8589.0,8591.0,8577.0,8579.0,4044.0,568371.0,568902.0
2026-07-15 22:25:00,8579.0,8589.0,8576.0,8587.0,4684.0,568902.0,568883.0
2026-07-15 22:30:00,8587.0,8591.0,8584.0,8589.0,3544.0,568883.0,568536.0
2026-07-15 22:35:00,8589.0,8594.0,8588.0,8593.0,2130.0,568536.0,568695.0
2026-07-15 22:40:00,8593.0,8598.0,8592.0,8596.0,2142.0,568695.0,568809.0
2026-07-15 22:45:00,8596.0,8597.0,8587.0,8589.0,2126.0,568809.0,568307.0
2026-07-15 22:50:00,8589.0,8590.0,8580.0,8584.0,2748.0,568307.0,567661.0
2026-07-15 22:55:00,8584.0,8591.0,8583.0,8589.0,2510.0,567661.0,567023.0
2026-07-16 09:00:00,8600.0,8615.0,8599.0,8610.0,11304.0,567023.0,568182.0
2026-07-16 09:05:00,8610.0,8623.0,8604.0,8622.0,9317.0,568182.0,570346.0
2026-07-16 09:10:00,8622.0,8625.0,8610.0,8611.0,5778.0,570346.0,570210.0
2026-07-16 09:15:00,8611.0,8613.0,8601.0,8602.0,4441.0,570210.0,569827.0
2026-07-16 09:20:00,8602.0,8603.0,8598.0,8601.0,3949.0,569827.0,569201.0
2026-07-16 09:25:00,8601.0,8604.0,8594.0,8597.0,2862.0,569201.0,568518.0
2026-07-16 09:30:00,8597.0,8598.0,8585.0,8586.0,3891.0,568518.0,568510.0
2026-07-16 09:35:00,8586.0,8586.0,8580.0,8581.0,5123.0,568510.0,567600.0
2026-07-16 09:40:00,8581.0,8582.0,8568.0,8579.0,8438.0,567600.0,565038.0
2026-07-16 09:45:00,8579.0,8586.0,8575.0,8585.0,2772.0,565038.0,564563.0
2026-07-16 09:50:00,8585.0,8585.0,8578.0,8579.0,1896.0,564563.0,564266.0
2026-07-16 09:55:00,8579.0,8580.0,8575.0,8576.0,1568.0,564266.0,564081.0
2026-07-16 10:00:00,8576.0,8576.0,8564.0,8565.0,4277.0,564081.0,563562.0
2026-07-16 10:05:00,8565.0,8569.0,8563.0,8568.0,3359.0,563562.0,563290.0
2026-07-16 10:10:00,8568.0,8571.0,8565.0,8571.0,2314.0,563290.0,562779.0
2026-07-16 10:30:00,8571.0,8574.0,8569.0,8571.0,2670.0,562779.0,562215.0
2026-07-16 10:35:00,8571.0,8576.0,8569.0,8570.0,2107.0,562215.0,562107.0
2026-07-16 10:40:00,8570.0,8574.0,8568.0,8571.0,1388.0,562107.0,562000.0
2026-07-16 10:45:00,8571.0,8575.0,8568.0,8572.0,1861.0,562000.0,561927.0
2026-07-16 10:50:00,8572.0,8575.0,8565.0,8569.0,1662.0,561927.0,561928.0
2026-07-16 10:55:00,8569.0,8572.0,8565.0,8569.0,1486.0,561928.0,561648.0
2026-07-16 11:00:00,8569.0,8573.0,8567.0,8571.0,1379.0,561648.0,561581.0
2026-07-16 11:05:00,8571.0,8576.0,8570.0,8574.0,1311.0,561581.0,561432.0
2026-07-16 11:10:00,8574.0,8576.0,8571.0,8574.0,1331.0,561432.0,561303.0
2026-07-16 11:15:00,8574.0,8575.0,8569.0,8572.0,1140.0,561303.0,561202.0
2026-07-16 11:20:00,8572.0,8575.0,8570.0,8570.0,887.0,561202.0,561075.0
2026-07-16 11:25:00,8570.0,8572.0,8566.0,8568.0,1279.0,561075.0,561002.0
2026-07-16 13:30:00,8568.0,8569.0,8559.0,8567.0,4079.0,561002.0,560576.0
2026-07-16 13:35:00,8567.0,8567.0,8560.0,8561.0,1260.0,560576.0,560442.0
2026-07-16 13:40:00,8561.0,8564.0,8560.0,8562.0,1471.0,560442.0,560378.0
2026-07-16 13:45:00,8562.0,8571.0,8560.0,8565.0,1920.0,560378.0,559846.0
2026-07-16 13:50:00,8565.0,8568.0,8563.0,8566.0,1911.0,559846.0,559186.0
2026-07-16 13:55:00,8566.0,8570.0,8556.0,8558.0,4562.0,559186.0,558160.0
2026-07-16 14:00:00,8558.0,8558.0,8552.0,8555.0,3697.0,558160.0,557372.0
2026-07-16 14:05:00,8555.0,8565.0,8554.0,8565.0,2719.0,557372.0,556336.0
2026-07-16 14:10:00,8565.0,8567.0,8561.0,8561.0,2047.0,556336.0,555946.0
2026-07-16 14:15:00,8561.0,8564.0,8557.0,8559.0,2418.0,555946.0,555402.0
2026-07-16 14:20:00,8559.0,8567.0,8558.0,8563.0,2334.0,555402.0,555277.0
2026-07-16 14:25:00,8563.0,8569.0,8563.0,8568.0,2305.0,555277.0,554696.0
2026-07-16 14:30:00,8568.0,8571.0,8562.0,8564.0,2869.0,554696.0,554017.0
2026-07-16 14:35:00,8564.0,8567.0,8560.0,8561.0,2050.0,554017.0,554292.0
2026-07-16 14:40:00,8561.0,8565.0,8560.0,8564.0,1604.0,554292.0,554066.0
2026-07-16 14:45:00,8564.0,8567.0,8562.0,8564.0,1622.0,554066.0,553668.0
2026-07-16 14:50:00,8564.0,8569.0,8563.0,8568.0,2354.0,553668.0,553150.0
2026-07-16 14:55:00,8568.0,8570.0,8564.0,8570.0,4872.0,553150.0,551958.0
2026-07-16 21:00:00,8590.0,8590.0,8562.0,8563.0,12088.0,551958.0,551118.0
2026-07-16 21:05:00,8563.0,8563.0,8554.0,8557.0,5763.0,551118.0,551004.0
2026-07-16 21:10:00,8557.0,8564.0,8555.0,8556.0,4201.0,551004.0,550408.0
2026-07-16 21:15:00,8556.0,8567.0,8554.0,8566.0,3648.0,550408.0,549701.0
2026-07-16 21:20:00,8566.0,8570.0,8561.0,8563.0,2641.0,549701.0,549412.0
2026-07-16 21:25:00,8563.0,8566.0,8560.0,8562.0,1789.0,549412.0,549305.0
2026-07-16 21:30:00,8562.0,8568.0,8560.0,8568.0,2984.0,549305.0,548869.0
2026-07-16 21:35:00,8568.0,8568.0,8554.0,8555.0,3378.0,548869.0,548352.0
2026-07-16 21:40:00,8555.0,8558.0,8546.0,8555.0,5724.0,548352.0,548308.0
2026-07-16 21:45:00,8555.0,8562.0,8554.0,8555.0,2896.0,548308.0,547994.0
2026-07-16 21:50:00,8555.0,8560.0,8553.0,8554.0,2062.0,547994.0,547513.0
2026-07-16 21:55:00,8554.0,8561.0,8550.0,8559.0,2305.0,547513.0,547261.0
2026-07-16 22:00:00,8559.0,8562.0,8552.0,8556.0,2601.0,547261.0,546576.0
2026-07-16 22:05:00,8556.0,8560.0,8555.0,8559.0,1996.0,546576.0,546285.0
2026-07-16 22:10:00,8559.0,8563.0,8557.0,8561.0,1261.0,546285.0,546480.0
2026-07-16 22:15:00,8561.0,8575.0,8560.0,8574.0,3559.0,546480.0,546151.0
2026-07-16 22:20:00,8574.0,8577.0,8571.0,8572.0,3232.0,546151.0,546294.0
2026-07-16 22:25:00,8572.0,8575.0,8567.0,8568.0,1685.0,546294.0,546098.0
2026-07-16 22:30:00,8568.0,8569.0,8558.0,8559.0,2636.0,546098.0,545638.0
2026-07-16 22:35:00,8559.0,8563.0,8554.0,8560.0,1986.0,545638.0,545085.0
2026-07-16 22:40:00,8560.0,8563.0,8555.0,8561.0,1119.0,545085.0,544914.0
2026-07-16 22:45:00,8561.0,8563.0,8556.0,8556.0,1029.0,544914.0,544769.0
2026-07-16 22:50:00,8556.0,8558.0,8554.0,8558.0,1368.0,544769.0,544758.0
2026-07-16 22:55:00,8558.0,8558.0,8553.0,8555.0,1702.0,544758.0,544196.0
2026-07-17 09:00:00,8570.0,8587.0,8570.0,8574.0,14948.0,544196.0,544518.0
2026-07-17 09:05:00,8574.0,8583.0,8573.0,8582.0,2748.0,544518.0,544515.0
2026-07-17 09:10:00,8582.0,8588.0,8579.0,8580.0,2712.0,544515.0,544809.0
2026-07-17 09:15:00,8580.0,8588.0,8579.0,8582.0,3315.0,544809.0,544473.0
2026-07-17 09:20:00,8582.0,8585.0,8568.0,8569.0,2717.0,544473.0,544245.0
2026-07-17 09:25:00,8569.0,8569.0,8560.0,8567.0,3956.0,544245.0,544658.0
2026-07-17 09:30:00,8567.0,8569.0,8545.0,8545.0,5007.0,544658.0,544430.0
2026-07-17 09:35:00,8545.0,8550.0,8544.0,8545.0,5549.0,544430.0,544383.0
2026-07-17 09:40:00,8545.0,8551.0,8540.0,8550.0,4529.0,544383.0,543658.0
2026-07-17 09:45:00,8550.0,8554.0,8546.0,8554.0,2369.0,543658.0,543332.0
2026-07-17 09:50:00,8554.0,8559.0,8552.0,8553.0,1487.0,543332.0,543115.0
2026-07-17 09:55:00,8553.0,8556.0,8552.0,8555.0,1542.0,543115.0,542976.0
2026-07-17 10:00:00,8555.0,8567.0,8553.0,8566.0,3480.0,542976.0,542321.0
2026-07-17 10:05:00,8566.0,8568.0,8561.0,8562.0,2250.0,542321.0,542283.0
2026-07-17 10:10:00,8562.0,8569.0,8561.0,8567.0,1518.0,542283.0,542347.0
2026-07-17 10:30:00,8568.0,8568.0,8551.0,8551.0,2523.0,542347.0,542293.0
2026-07-17 10:35:00,8551.0,8553.0,8542.0,8545.0,4377.0,542293.0,542712.0
2026-07-17 10:40:00,8545.0,8549.0,8542.0,8543.0,3203.0,542712.0,542545.0
2026-07-17 10:45:00,8543.0,8547.0,8534.0,8535.0,6290.0,542545.0,541787.0
2026-07-17 10:50:00,8535.0,8536.0,8531.0,8534.0,4764.0,541787.0,540876.0
2026-07-17 10:55:00,8534.0,8539.0,8534.0,8537.0,3236.0,540876.0,539572.0
2026-07-17 11:00:00,8537.0,8538.0,8531.0,8538.0,2544.0,539572.0,539307.0
2026-07-17 11:05:00,8538.0,8540.0,8534.0,8536.0,1804.0,539307.0,538905.0
2026-07-17 11:10:00,8536.0,8541.0,8536.0,8537.0,1370.0,538905.0,538504.0
2026-07-17 11:15:00,8537.0,8540.0,8530.0,8538.0,2201.0,538504.0,538257.0
2026-07-17 11:20:00,8538.0,8539.0,8535.0,8537.0,1882.0,538257.0,538038.0
2026-07-17 11:25:00,8537.0,8539.0,8534.0,8539.0,1623.0,538038.0,537675.0
2026-07-17 13:30:00,8536.0,8536.0,8518.0,8522.0,10448.0,537675.0,536017.0
2026-07-17 13:35:00,8522.0,8522.0,8514.0,8518.0,4510.0,536017.0,535396.0
2026-07-17 13:40:00,8518.0,8520.0,8511.0,8518.0,4765.0,535396.0,534799.0
2026-07-17 13:45:00,8518.0,8523.0,8515.0,8518.0,3985.0,534799.0,534012.0
2026-07-17 13:50:00,8518.0,8520.0,8515.0,8519.0,1919.0,534012.0,533490.0
2026-07-17 13:55:00,8519.0,8519.0,8514.0,8516.0,2208.0,533490.0,533138.0
2026-07-17 14:00:00,8516.0,8519.0,8513.0,8518.0,3006.0,533138.0,532526.0
2026-07-17 14:05:00,8518.0,8519.0,8511.0,8515.0,3012.0,532526.0,532042.0
2026-07-17 14:10:00,8515.0,8519.0,8511.0,8518.0,1925.0,532042.0,531728.0
2026-07-17 14:15:00,8518.0,8524.0,8515.0,8524.0,2574.0,531728.0,530960.0
2026-07-17 14:20:00,8524.0,8525.0,8517.0,8518.0,3370.0,530960.0,530450.0
2026-07-17 14:25:00,8518.0,8527.0,8517.0,8526.0,2880.0,530450.0,529347.0
2026-07-17 14:30:00,8526.0,8531.0,8523.0,8528.0,2492.0,529347.0,529476.0
2026-07-17 14:35:00,8528.0,8536.0,8526.0,8534.0,3376.0,529476.0,529336.0
2026-07-17 14:40:00,8534.0,8536.0,8530.0,8532.0,2173.0,529336.0,529146.0
2026-07-17 14:45:00,8532.0,8536.0,8530.0,8533.0,2562.0,529146.0,528764.0
2026-07-17 14:50:00,8533.0,8533.0,8527.0,8530.0,2698.0,528764.0,528157.0
2026-07-17 14:55:00,8530.0,8536.0,8529.0,8535.0,3703.0,528157.0,526645.0
2026-07-17 21:00:00,8545.0,8566.0,8545.0,8559.0,16893.0,526645.0,523703.0
2026-07-17 21:05:00,8559.0,8563.0,8551.0,8551.0,5547.0,523703.0,522705.0
2026-07-17 21:10:00,8551.0,8552.0,8549.0,8549.0,3345.0,522705.0,522284.0
2026-07-17 21:15:00,8549.0,8553.0,8546.0,8549.0,4093.0,522284.0,521995.0
2026-07-17 21:20:00,8549.0,8559.0,8549.0,8558.0,4170.0,521995.0,521289.0
2026-07-17 21:25:00,8558.0,8559.0,8553.0,8557.0,1855.0,521289.0,520996.0
2026-07-17 21:30:00,8557.0,8564.0,8556.0,8557.0,4399.0,520996.0,521230.0
2026-07-17 21:35:00,8557.0,8559.0,8553.0,8557.0,3000.0,521230.0,521089.0
2026-07-17 21:40:00,8557.0,8568.0,8556.0,8567.0,3575.0,521089.0,522134.0
2026-07-17 21:45:00,8567.0,8573.0,8566.0,8567.0,3430.0,522134.0,521926.0
2026-07-17 21:50:00,8567.0,8572.0,8567.0,8571.0,2034.0,521926.0,521875.0
2026-07-17 21:55:00,8571.0,8578.0,8569.0,8576.0,3578.0,521875.0,521853.0
2026-07-17 22:00:00,8576.0,8582.0,8575.0,8578.0,6315.0,521853.0,521472.0
2026-07-17 22:05:00,8578.0,8578.0,8562.0,8564.0,4010.0,521472.0,520756.0
2026-07-17 22:10:00,8564.0,8565.0,8558.0,8561.0,2381.0,520756.0,520491.0
2026-07-17 22:15:00,8561.0,8566.0,8560.0,8565.0,2036.0,520491.0,520251.0
2026-07-17 22:20:00,8565.0,8566.0,8563.0,8564.0,1549.0,520251.0,520253.0
2026-07-17 22:25:00,8564.0,8565.0,8559.0,8559.0,2859.0,520253.0,519753.0
2026-07-17 22:30:00,8559.0,8563.0,8557.0,8559.0,1948.0,519753.0,519454.0
2026-07-17 22:35:00,8559.0,8569.0,8557.0,8569.0,1847.0,519454.0,519274.0
2026-07-17 22:40:00,8569.0,8569.0,8565.0,8567.0,1189.0,519274.0,519049.0
2026-07-17 22:45:00,8567.0,8573.0,8564.0,8570.0,1868.0,519049.0,519144.0
2026-07-17 22:50:00,8570.0,8575.0,8569.0,8574.0,1451.0,519144.0,518958.0
2026-07-17 22:55:00,8574.0,8579.0,8574.0,8577.0,2967.0,518958.0,519001.0
2026-07-20 09:00:00,8595.0,8608.0,8579.0,8608.0,17155.0,519001.0,520460.0
2026-07-20 09:05:00,8608.0,8624.0,8607.0,8617.0,13979.0,520460.0,523346.0
2026-07-20 09:10:00,8617.0,8620.0,8609.0,8615.0,6387.0,523346.0,523243.0
2026-07-20 09:15:00,8615.0,8622.0,8612.0,8621.0,6694.0,523243.0,524314.0
2026-07-20 09:20:00,8621.0,8624.0,8614.0,8616.0,4759.0,524314.0,524307.0
2026-07-20 09:25:00,8616.0,8617.0,8606.0,8608.0,5202.0,524307.0,524636.0
2026-07-20 09:30:00,8608.0,8611.0,8605.0,8609.0,2764.0,524636.0,524626.0
2026-07-20 09:35:00,8609.0,8620.0,8609.0,8617.0,3342.0,524626.0,524983.0
2026-07-20 09:40:00,8617.0,8620.0,8613.0,8614.0,2308.0,524983.0,524731.0
2026-07-20 09:45:00,8614.0,8619.0,8612.0,8617.0,1686.0,524731.0,524755.0
2026-07-20 09:50:00,8617.0,8624.0,8616.0,8618.0,3724.0,524755.0,525047.0
2026-07-20 09:55:00,8618.0,8629.0,8615.0,8625.0,4575.0,525047.0,525611.0
2026-07-20 10:00:00,8625.0,8630.0,8622.0,8627.0,4270.0,525611.0,526458.0
2026-07-20 10:05:00,8627.0,8630.0,8623.0,8629.0,3476.0,526458.0,527108.0
2026-07-20 10:10:00,8629.0,8631.0,8614.0,8615.0,4118.0,527108.0,527251.0
2026-07-20 10:30:00,8611.0,8614.0,8606.0,8612.0,4166.0,527251.0,526505.0
2026-07-20 10:35:00,8612.0,8613.0,8608.0,8609.0,2046.0,526505.0,526087.0
2026-07-20 10:40:00,8609.0,8616.0,8605.0,8606.0,3040.0,526087.0,525582.0
2026-07-20 10:45:00,8606.0,8608.0,8598.0,8602.0,3584.0,525582.0,525070.0
2026-07-20 10:50:00,8602.0,8602.0,8590.0,8591.0,3631.0,525070.0,525099.0
2026-07-20 10:55:00,8591.0,8593.0,8579.0,8580.0,6997.0,525099.0,523389.0
2026-07-20 11:00:00,8580.0,8586.0,8576.0,8586.0,7176.0,523389.0,521913.0
2026-07-20 11:05:00,8586.0,8591.0,8580.0,8589.0,3131.0,521913.0,521410.0
2026-07-20 11:10:00,8589.0,8591.0,8586.0,8588.0,2378.0,521410.0,520936.0
2026-07-20 11:15:00,8588.0,8592.0,8584.0,8585.0,7194.0,520936.0,518993.0
2026-07-20 11:20:00,8585.0,8593.0,8584.0,8593.0,2441.0,518993.0,518197.0
2026-07-20 11:25:00,8593.0,8595.0,8590.0,8593.0,2618.0,518197.0,517250.0
2026-07-20 13:30:00,8593.0,8593.0,8585.0,8588.0,4168.0,517250.0,516301.0
2026-07-20 13:35:00,8588.0,8593.0,8586.0,8590.0,2852.0,516301.0,516305.0
2026-07-20 13:40:00,8590.0,8592.0,8587.0,8588.0,1739.0,516305.0,516218.0
2026-07-20 13:45:00,8588.0,8589.0,8583.0,8584.0,1995.0,516218.0,515830.0
2026-07-20 13:50:00,8584.0,8586.0,8581.0,8583.0,1875.0,515830.0,515408.0
2026-07-20 13:55:00,8583.0,8584.0,8578.0,8580.0,2188.0,515408.0,515055.0
2026-07-20 14:00:00,8580.0,8593.0,8580.0,8592.0,2338.0,515055.0,514831.0
2026-07-20 14:05:00,8592.0,8594.0,8589.0,8590.0,2404.0,514831.0,514701.0
2026-07-20 14:10:00,8590.0,8595.0,8589.0,8591.0,1674.0,514701.0,514393.0
2026-07-20 14:15:00,8591.0,8595.0,8590.0,8594.0,1531.0,514393.0,514131.0
2026-07-20 14:20:00,8594.0,8600.0,8593.0,8593.0,2911.0,514131.0,513926.0
2026-07-20 14:25:00,8593.0,8595.0,8587.0,8587.0,1980.0,513926.0,513650.0
2026-07-20 14:30:00,8587.0,8590.0,8583.0,8584.0,3721.0,513650.0,512965.0
2026-07-20 14:35:00,8584.0,8593.0,8584.0,8590.0,3328.0,512965.0,512161.0
2026-07-20 14:40:00,8590.0,8592.0,8584.0,8589.0,1957.0,512161.0,511522.0
2026-07-20 14:45:00,8589.0,8600.0,8589.0,8599.0,4202.0,511522.0,511435.0
2026-07-20 14:50:00,8599.0,8600.0,8592.0,8593.0,4218.0,511435.0,510525.0
2026-07-20 14:55:00,8593.0,8600.0,8593.0,8599.0,4663.0,510525.0,509318.0
2026-07-20 21:00:00,8608.0,8608.0,8588.0,8590.0,15833.0,509318.0,507412.0
2026-07-20 21:05:00,8590.0,8592.0,8580.0,8581.0,8460.0,507412.0,506874.0
2026-07-20 21:10:00,8581.0,8595.0,8580.0,8589.0,3692.0,506874.0,506757.0
2026-07-20 21:15:00,8589.0,8590.0,8581.0,8584.0,3388.0,506757.0,506410.0
2026-07-20 21:20:00,8584.0,8588.0,8573.0,8574.0,4149.0,506410.0,505711.0
2026-07-20 21:25:00,8574.0,8582.0,8573.0,8580.0,4169.0,505711.0,506259.0
2026-07-20 21:30:00,8580.0,8586.0,8569.0,8569.0,4539.0,506259.0,506378.0
2026-07-20 21:35:00,8569.0,8576.0,8563.0,8566.0,6281.0,506378.0,505979.0
2026-07-20 21:40:00,8566.0,8574.0,8565.0,8573.0,3773.0,505979.0,505217.0
2026-07-20 21:45:00,8573.0,8575.0,8568.0,8574.0,2485.0,505217.0,505188.0
2026-07-20 21:50:00,8574.0,8581.0,8573.0,8579.0,2170.0,505188.0,505149.0
2026-07-20 21:55:00,8579.0,8580.0,8569.0,8570.0,1470.0,505149.0,504956.0
2026-07-20 22:00:00,8570.0,8586.0,8569.0,8586.0,3547.0,504956.0,504739.0
2026-07-20 22:05:00,8586.0,8589.0,8580.0,8581.0,3018.0,504739.0,504336.0
2026-07-20 22:10:00,8581.0,8586.0,8575.0,8579.0,2866.0,504336.0,503856.0
2026-07-20 22:15:00,8579.0,8581.0,8575.0,8579.0,1343.0,503856.0,503829.0
2026-07-20 22:20:00,8579.0,8581.0,8577.0,8581.0,936.0,503829.0,503993.0
2026-07-20 22:25:00,8581.0,8585.0,8581.0,8583.0,1221.0,503993.0,504267.0
2026-07-20 22:30:00,8583.0,8583.0,8572.0,8573.0,2075.0,504267.0,504159.0
2026-07-20 22:35:00,8573.0,8575.0,8570.0,8571.0,1477.0,504159.0,504096.0
2026-07-20 22:40:00,8571.0,8575.0,8570.0,8575.0,873.0,504096.0,504140.0
2026-07-20 22:45:00,8575.0,8583.0,8574.0,8578.0,1811.0,504140.0,503922.0
2026-07-20 22:50:00,8578.0,8581.0,8577.0,8579.0,928.0,503922.0,503905.0
2026-07-20 22:55:00,8579.0,8583.0,8578.0,8580.0,1826.0,503905.0,503486.0
2026-07-21 09:00:00,8584.0,8587.0,8568.0,8568.0,7793.0,503486.0,503821.0
2026-07-21 09:05:00,8568.0,8570.0,8560.0,8564.0,5681.0,503821.0,503908.0
2026-07-21 09:10:00,8564.0,8566.0,8550.0,8561.0,8099.0,503908.0,503471.0
2026-07-21 09:15:00,8561.0,8562.0,8556.0,8557.0,3308.0,503471.0,502964.0
2026-07-21 09:20:00,8557.0,8559.0,8550.0,8559.0,3329.0,502964.0,503028.0
2026-07-21 09:25:00,8559.0,8561.0,8555.0,8556.0,1880.0,503028.0,502892.0
2026-07-21 09:30:00,8556.0,8565.0,8555.0,8563.0,3329.0,502892.0,502530.0
2026-07-21 09:35:00,8563.0,8568.0,8562.0,8562.0,2079.0,502530.0,502214.0
2026-07-21 09:40:00,8562.0,8565.0,8556.0,8557.0,1198.0,502214.0,502234.0
2026-07-21 09:45:00,8557.0,8563.0,8556.0,8559.0,1595.0,502234.0,502017.0
2026-07-21 09:50:00,8559.0,8564.0,8558.0,8562.0,2305.0,502017.0,502039.0
2026-07-21 09:55:00,8562.0,8566.0,8558.0,8559.0,1632.0,502039.0,502073.0
2026-07-21 10:00:00,8559.0,8564.0,8559.0,8561.0,1846.0,502073.0,501999.0
2026-07-21 10:05:00,8561.0,8561.0,8551.0,8551.0,2436.0,501999.0,501805.0
2026-07-21 10:10:00,8551.0,8553.0,8548.0,8552.0,3431.0,501805.0,501430.0
2026-07-21 10:30:00,8555.0,8559.0,8548.0,8550.0,3882.0,501430.0,500786.0
2026-07-21 10:35:00,8550.0,8554.0,8547.0,8552.0,1956.0,500786.0,500849.0
2026-07-21 10:40:00,8552.0,8559.0,8551.0,8558.0,2447.0,500849.0,500253.0
2026-07-21 10:45:00,8558.0,8562.0,8556.0,8558.0,1764.0,500253.0,499929.0
2026-07-21 10:50:00,8558.0,8559.0,8550.0,8550.0,2244.0,499929.0,500381.0
2026-07-21 10:55:00,8550.0,8556.0,8543.0,8543.0,3177.0,500381.0,499945.0
2026-07-21 11:00:00,8543.0,8545.0,8540.0,8541.0,4179.0,499945.0,499305.0
2026-07-21 11:05:00,8541.0,8547.0,8540.0,8545.0,2807.0,499305.0,499072.0
2026-07-21 11:10:00,8545.0,8554.0,8545.0,8552.0,2866.0,499072.0,498506.0
2026-07-21 11:15:00,8552.0,8554.0,8545.0,8545.0,2526.0,498506.0,498327.0
2026-07-21 11:20:00,8545.0,8547.0,8540.0,8544.0,2403.0,498327.0,498194.0
2026-07-21 11:25:00,8544.0,8551.0,8543.0,8550.0,2224.0,498194.0,497557.0
2026-07-21 13:30:00,8553.0,8554.0,8544.0,8548.0,3794.0,497557.0,497204.0
2026-07-21 13:35:00,8548.0,8554.0,8546.0,8552.0,2887.0,497204.0,496816.0
2026-07-21 13:40:00,8552.0,8557.0,8552.0,8554.0,3042.0,496816.0,495687.0
2026-07-21 13:45:00,8554.0,8555.0,8549.0,8554.0,3892.0,495687.0,494842.0
2026-07-21 13:50:00,8554.0,8558.0,8553.0,8554.0,2242.0,494842.0,494833.0
2026-07-21 13:55:00,8554.0,8558.0,8552.0,8557.0,1713.0,494833.0,494901.0
2026-07-21 14:00:00,8557.0,8562.0,8554.0,8560.0,3094.0,494901.0,494590.0
2026-07-21 14:05:00,8560.0,8560.0,8552.0,8555.0,1681.0,494590.0,494263.0
2026-07-21 14:10:00,8555.0,8558.0,8552.0,8554.0,1319.0,494263.0,494248.0
2026-07-21 14:15:00,8554.0,8558.0,8551.0,8554.0,2655.0,494248.0,493710.0
2026-07-21 14:20:00,8554.0,8555.0,8550.0,8553.0,1787.0,493710.0,493394.0
2026-07-21 14:25:00,8553.0,8553.0,8541.0,8541.0,3108.0,493394.0,493069.0
2026-07-21 14:30:00,8541.0,8545.0,8538.0,8543.0,5568.0,493069.0,492074.0
2026-07-21 14:35:00,8543.0,8546.0,8527.0,8528.0,7988.0,492074.0,491741.0
2026-07-21 14:40:00,8528.0,8538.0,8524.0,8536.0,8460.0,491741.0,489582.0
2026-07-21 14:45:00,8536.0,8539.0,8528.0,8528.0,4177.0,489582.0,489786.0
2026-07-21 14:50:00,8528.0,8533.0,8526.0,8532.0,3656.0,489786.0,489129.0
2026-07-21 14:55:00,8532.0,8544.0,8531.0,8542.0,5054.0,489129.0,487550.0
2026-07-21 21:00:00,8542.0,8550.0,8532.0,8538.0,14008.0,487550.0,486931.0
2026-07-21 21:05:00,8538.0,8540.0,8528.0,8533.0,6013.0,486931.0,486038.0
2026-07-21 21:10:00,8533.0,8536.0,8530.0,8530.0,2701.0,486038.0,485949.0
2026-07-21 21:15:00,8530.0,8535.0,8527.0,8533.0,5025.0,485949.0,486038.0
2026-07-21 21:20:00,8533.0,8534.0,8521.0,8525.0,5060.0,486038.0,485216.0
2026-07-21 21:25:00,8525.0,8534.0,8525.0,8532.0,2832.0,485216.0,484721.0
2026-07-21 21:30:00,8532.0,8535.0,8523.0,8526.0,3932.0,484721.0,484026.0
2026-07-21 21:35:00,8526.0,8530.0,8521.0,8523.0,2363.0,484026.0,484197.0
2026-07-21 21:40:00,8523.0,8530.0,8522.0,8525.0,2754.0,484197.0,484223.0
2026-07-21 21:45:00,8525.0,8533.0,8524.0,8533.0,1859.0,484223.0,484118.0
2026-07-21 21:50:00,8533.0,8533.0,8524.0,8525.0,1599.0,484118.0,483958.0
2026-07-21 21:55:00,8525.0,8534.0,8524.0,8533.0,2046.0,483958.0,483808.0
2026-07-21 22:00:00,8533.0,8535.0,8520.0,8522.0,2824.0,483808.0,483255.0
2026-07-21 22:05:00,8522.0,8524.0,8520.0,8522.0,1966.0,483255.0,483147.0
2026-07-21 22:10:00,8522.0,8525.0,8517.0,8519.0,3079.0,483147.0,483311.0
2026-07-21 22:15:00,8519.0,8522.0,8515.0,8518.0,2733.0,483311.0,482823.0
2026-07-21 22:20:00,8518.0,8521.0,8514.0,8517.0,2776.0,482823.0,482042.0
2026-07-21 22:25:00,8517.0,8521.0,8514.0,8514.0,1886.0,482042.0,481989.0
2026-07-21 22:30:00,8514.0,8518.0,8513.0,8515.0,2696.0,481989.0,481187.0
2026-07-21 22:35:00,8515.0,8516.0,8492.0,8493.0,15318.0,481187.0,477526.0
2026-07-21 22:40:00,8493.0,8498.0,8490.0,8492.0,4418.0,477526.0,476894.0
2026-07-21 22:45:00,8492.0,8492.0,8485.0,8487.0,7632.0,476894.0,475882.0
2026-07-21 22:50:00,8487.0,8490.0,8485.0,8490.0,4243.0,475882.0,476139.0
2026-07-21 22:55:00,8490.0,8499.0,8488.0,8498.0,4513.0,476139.0,475469.0
2026-07-22 09:00:00,8505.0,8517.0,8501.0,8515.0,11729.0,475469.0,472774.0
2026-07-22 09:05:00,8515.0,8516.0,8503.0,8506.0,7530.0,472774.0,471765.0
2026-07-22 09:10:00,8506.0,8519.0,8502.0,8518.0,6151.0,471765.0,470795.0
2026-07-22 09:15:00,8518.0,8520.0,8502.0,8503.0,5669.0,470795.0,470466.0
2026-07-22 09:20:00,8503.0,8508.0,8498.0,8508.0,5895.0,470466.0,470012.0
2026-07-22 09:25:00,8508.0,8512.0,8503.0,8506.0,3661.0,470012.0,469828.0
2026-07-22 09:30:00,8506.0,8513.0,8504.0,8510.0,2588.0,469828.0,469851.0
2026-07-22 09:35:00,8510.0,8512.0,8506.0,8509.0,1916.0,469851.0,469605.0
2026-07-22 09:40:00,8509.0,8513.0,8505.0,8505.0,2207.0,469605.0,469593.0
2026-07-22 09:45:00,8505.0,8508.0,8496.0,8496.0,3380.0,469593.0,469152.0
2026-07-22 09:50:00,8496.0,8501.0,8494.0,8499.0,2287.0,469152.0,468833.0
2026-07-22 09:55:00,8499.0,8500.0,8495.0,8496.0,1525.0,468833.0,468390.0
2026-07-22 10:00:00,8496.0,8500.0,8495.0,8497.0,1925.0,468390.0,467986.0
2026-07-22 10:05:00,8497.0,8499.0,8490.0,8491.0,1971.0,467986.0,467920.0
2026-07-22 10:10:00,8491.0,8492.0,8486.0,8491.0,3433.0,467920.0,467457.0
2026-07-22 10:30:00,8491.0,8492.0,8476.0,8476.0,7219.0,467457.0,466469.0
2026-07-22 10:35:00,8476.0,8477.0,8466.0,8468.0,8058.0,466469.0,465957.0
2026-07-22 10:40:00,8468.0,8473.0,8466.0,8473.0,5996.0,465957.0,465234.0
2026-07-22 10:45:00,8473.0,8473.0,8460.0,8463.0,5987.0,465234.0,464544.0
2026-07-22 10:50:00,8463.0,8464.0,8454.0,8457.0,7234.0,464544.0,464081.0
2026-07-22 10:55:00,8457.0,8459.0,8452.0,8453.0,6330.0,464081.0,463434.0
2026-07-22 11:00:00,8453.0,8453.0,8445.0,8447.0,10668.0,463434.0,463863.0
2026-07-22 11:05:00,8447.0,8454.0,8446.0,8450.0,6277.0,463863.0,463622.0
2026-07-22 11:10:00,8450.0,8455.0,8448.0,8454.0,3919.0,463622.0,463163.0
2026-07-22 11:15:00,8454.0,8458.0,8452.0,8458.0,3269.0,463163.0,462485.0
